# 1st column: wave-vector q/pi
# 2nd column: frequency omega/t
# 3rd column: S(q,omega)

 0  0  0.143713 0.143713 i
 0  0.006  0.129008 0.129008 i
 0  0.012  0.0777406 0.0777406 i
 0  0.018  0.0313222 0.0313222 i
 0  0.024  0.0431348 0.0431348 i
 0  0.03  0.0999758 0.0999758 i
 0  0.036  0.160908 0.160908 i
 0  0.042  0.190351 0.190351 i
 0  0.048  0.167836 0.167836 i
 0  0.054  0.0984061 0.0984061 i
 0  0.06  0.046434 0.046434 i
 0  0.066  0.0199949 0.0199949 i
 0  0.072  0.00169544 0.00169544 i
 0  0.078  0.0109795 0.0109795 i
 0  0.084  0.04892 0.04892 i
 0  0.09  0.0955641 0.0955641 i
 0  0.096  0.108353 0.108353 i
 0  0.102  0.0856741 0.0856741 i
 0  0.108  0.0587834 0.0587834 i
 0  0.114  0.037642 0.037642 i
 0  0.12  0.00929615 0.00929615 i
 0  0.126  0.0238167 0.0238167 i
 0  0.132  0.0531554 0.0531554 i
 0  0.138  0.0902408 0.0902408 i
 0  0.144  0.128545 0.128545 i
 0  0.15  0.181119 0.181119 i
 0  0.156  0.199818 0.199818 i
 0  0.162  0.192534 0.192534 i
 0  0.168  0.160131 0.160131 i
 0  0.174  0.126096 0.126096 i
 0  0.18  0.0851715 0.0851715 i
 0  0.186  0.0588963 0.0588963 i
 0  0.192  0.0322432 0.0322432 i
 0  0.198  0.00556723 0.00556723 i
 0  0.204  0.0363521 0.0363521 i
 0  0.21  0.0516538 0.0516538 i
 0  0.216  0.0646424 0.0646424 i
 0  0.222  0.0657242 0.0657242 i
 0  0.228  0.0795209 0.0795209 i
 0  0.234  0.106285 0.106285 i
 0  0.24  0.118134 0.118134 i
 0  0.246  0.107389 0.107389 i
 0  0.252  0.103746 0.103746 i
 0  0.258  0.105966 0.105966 i
 0  0.264  0.101549 0.101549 i
 0  0.27  0.0903897 0.0903897 i
 0  0.276  0.0870721 0.0870721 i
 0  0.282  0.0767419 0.0767419 i
 0  0.288  0.0633272 0.0633272 i
 0  0.294  0.0428054 0.0428054 i
 0  0.3  0.0290587 0.0290587 i
 0  0.306  0.0147006 0.0147006 i
 0  0.312  0.00813125 0.00813125 i
 0  0.318  0.0267649 0.0267649 i
 0  0.324  0.0390506 0.0390506 i
 0  0.33  0.056855 0.056855 i
 0  0.336  0.0548286 0.0548286 i
 0  0.342  0.0455281 0.0455281 i
 0  0.348  0.0395576 0.0395576 i
 0  0.354  0.0324476 0.0324476 i
 0  0.36  0.010742 0.010742 i
 0.0166667  0  0.337169 0.337169 i
 0.0166667  0.006  0.310083 0.310083 i
 0.0166667  0.012  0.225271 0.225271 i
 0.0166667  0.018  0.146656 0.146656 i
 0.0166667  0.024  0.143148 0.143148 i
 0.0166667  0.03  0.197034 0.197034 i
 0.0166667  0.036  0.259796 0.259796 i
 0.0166667  0.042  0.28814 0.28814 i
 0.0166667  0.048  0.25184 0.25184 i
 0.0166667  0.054  0.155137 0.155137 i
 0.0166667  0.06  0.0859632 0.0859632 i
 0.0166667  0.066  0.0544455 0.0544455 i
 0.0166667  0.072  0.0346147 0.0346147 i
 0.0166667  0.078  0.047306 0.047306 i
 0.0166667  0.084  0.0932336 0.0932336 i
 0.0166667  0.09  0.142742 0.142742 i
 0.0166667  0.096  0.151155 0.151155 i
 0.0166667  0.102  0.118799 0.118799 i
 0.0166667  0.108  0.0864902 0.0864902 i
 0.0166667  0.114  0.064765 0.064765 i
 0.0166667  0.12  0.0269982 0.0269982 i
 0.0166667  0.126  0.0201867 0.0201867 i
 0.0166667  0.132  0.0586183 0.0586183 i
 0.0166667  0.138  0.0996967 0.0996967 i
 0.0166667  0.144  0.133816 0.133816 i
 0.0166667  0.15  0.188251 0.188251 i
 0.0166667  0.156  0.21425 0.21425 i
 0.0166667  0.162  0.209873 0.209873 i
 0.0166667  0.168  0.171142 0.171142 i
 0.0166667  0.174  0.122457 0.122457 i
 0.0166667  0.18  0.0642578 0.0642578 i
 0.0166667  0.186  0.032997 0.032997 i
 0.0166667  0.192  0.0018764 0.0018764 i
 0.0166667  0.198  0.0436669 0.0436669 i
 0.0166667  0.204  0.0793805 0.0793805 i
 0.0166667  0.21  0.0914188 0.0914188 i
 0.0166667  0.216  0.0999927 0.0999927 i
 0.0166667  0.222  0.0912161 0.0912161 i
 0.0166667  0.228  0.100001 0.100001 i
 0.0166667  0.234  0.12741 0.12741 i
 0.0166667  0.24  0.133983 0.133983 i
 0.0166667  0.246  0.107317 0.107317 i
 0.0166667  0.252  0.0951952 0.0951952 i
 0.0166667  0.258  0.0955223 0.0955223 i
 0.0166667  0.264  0.0863724 0.0863724 i
 0.0166667  0.27  0.0697923 0.0697923 i
 0.0166667  0.276  0.0611224 0.0611224 i
 0.0166667  0.282  0.0518225 0.0518225 i
 0.0166667  0.288  0.0430704 0.0430704 i
 0.0166667  0.294  0.0213566 0.0213566 i
 0.0166667  0.3  0.00659673 0.00659673 i
 0.0166667  0.306  0.00805126 0.00805126 i
 0.0166667  0.312  0.0275622 0.0275622 i
 0.0166667  0.318  0.0446864 0.0446864 i
 0.0166667  0.324  0.0622556 0.0622556 i
 0.0166667  0.33  0.0910924 0.0910924 i
 0.0166667  0.336  0.0865077 0.0865077 i
 0.0166667  0.342  0.0715765 0.0715765 i
 0.0166667  0.348  0.0595213 0.0595213 i
 0.0166667  0.354  0.0463176 0.0463176 i
 0.0166667  0.36  0.0191652 0.0191652 i
 0.0333333  0  0.619418 0.619418 i
 0.0333333  0.006  0.579328 0.579328 i
 0.0333333  0.012  0.468236 0.468236 i
 0.0333333  0.018  0.360805 0.360805 i
 0.0333333  0.024  0.312035 0.312035 i
 0.0333333  0.03  0.307352 0.307352 i
 0.0333333  0.036  0.319069 0.319069 i
 0.0333333  0.042  0.320423 0.320423 i
 0.0333333  0.048  0.277623 0.277623 i
 0.0333333  0.054  0.186233 0.186233 i
 0.0333333  0.06  0.126504 0.126504 i
 0.0333333  0.066  0.106525 0.106525 i
 0.0333333  0.072  0.0996815 0.0996815 i
 0.0333333  0.078  0.113497 0.113497 i
 0.0333333  0.084  0.142936 0.142936 i
 0.0333333  0.09  0.16287 0.16287 i
 0.0333333  0.096  0.156719 0.156719 i
 0.0333333  0.102  0.124665 0.124665 i
 0.0333333  0.108  0.0994571 0.0994571 i
 0.0333333  0.114  0.0868344 0.0868344 i
 0.0333333  0.12  0.0511768 0.0511768 i
 0.0333333  0.126  0.00420183 0.00420183 i
 0.0333333  0.132  0.0276019 0.0276019 i
 0.0333333  0.138  0.0489548 0.0489548 i
 0.0333333  0.144  0.0497337 0.0497337 i
 0.0333333  0.15  0.0714434 0.0714434 i
 0.0333333  0.156  0.0949315 0.0949315 i
 0.0333333  0.162  0.0999168 0.0999168 i
 0.0333333  0.168  0.076828 0.076828 i
 0.0333333  0.174  0.0324336 0.0324336 i
 0.0333333  0.18  0.0204841 0.0204841 i
 0.0333333  0.186  0.0365125 0.0365125 i
 0.0333333  0.192  0.0494323 0.0494323 i
 0.0333333  0.198  0.0756109 0.0756109 i
 0.0333333  0.204  0.0960572 0.0960572 i
 0.0333333  0.21  0.0958147 0.0958147 i
 0.0333333  0.216  0.0913017 0.0913017 i
 0.0333333  0.222  0.0697373 0.0697373 i
 0.0333333  0.228  0.0645417 0.0645417 i
 0.0333333  0.234  0.0790367 0.0790367 i
 0.0333333  0.24  0.0744101 0.0744101 i
 0.0333333  0.246  0.0335185 0.0335185 i
 0.0333333  0.252  0.00960417 0.00960417 i
 0.0333333  0.258  0.00365665 0.00365665 i
 0.0333333  0.264  0.00599119 0.00599119 i
 0.0333333  0.27  0.0205998 0.0205998 i
 0.0333333  0.276  0.0325498 0.0325498 i
 0.0333333  0.282  0.0295143 0.0295143 i
 0.0333333  0.288  0.017603 0.017603 i
 0.0333333  0.294  0.0221678 0.0221678 i
 0.0333333  0.3  0.0247512 0.0247512 i
 0.0333333  0.306  0.0314351 0.0314351 i
 0.0333333  0.312  0.0358541 0.0358541 i
 0.0333333  0.318  0.0404504 0.0404504 i
 0.0333333  0.324  0.0558447 0.0558447 i
 0.0333333  0.33  0.0916746 0.0916746 i
 0.0333333  0.336  0.0860869 0.0860869 i
 0.0333333  0.342  0.069455 0.069455 i
 0.0333333  0.348  0.0542723 0.0542723 i
 0.0333333  0.354  0.040345 0.040345 i
 0.0333333  0.36  0.022307 0.022307 i
 0.05  0  0.986188 0.986188 i
 0.05  0.006  0.930812 0.930812 i
 0.05  0.012  0.788802 0.788802 i
 0.05  0.018  0.644025 0.644025 i
 0.05  0.024  0.527056 0.527056 i
 0.05  0.03  0.431302 0.431302 i
 0.05  0.036  0.36329 0.36329 i
 0.05  0.042  0.32507 0.32507 i
 0.05  0.048  0.280262 0.280262 i
 0.05  0.054  0.208462 0.208462 i
 0.05  0.06  0.168219 0.168219 i
 0.05  0.066  0.164496 0.164496 i
 0.05  0.072  0.175543 0.175543 i
 0.05  0.078  0.190438 0.190438 i
 0.05  0.084  0.19218 0.19218 i
 0.05  0.09  0.174083 0.174083 i
 0.05  0.096  0.154212 0.154212 i
 0.05  0.102  0.127116 0.127116 i
 0.05  0.108  0.109669 0.109669 i
 0.05  0.114  0.103593 0.103593 i
 0.05  0.12  0.0727175 0.0727175 i
 0.05  0.126  0.0333275 0.0333275 i
 0.05  0.132  0.0151584 0.0151584 i
 0.05  0.138  0.0190711 0.0190711 i
 0.05  0.144  0.0534652 0.0534652 i
 0.05  0.15  0.0666439 0.0666439 i
 0.05  0.156  0.0507633 0.0507633 i
 0.05  0.162  0.0370494 0.0370494 i
 0.05  0.168  0.0342733 0.0342733 i
 0.05  0.174  0.0603144 0.0603144 i
 0.05  0.18  0.0926634 0.0926634 i
 0.05  0.186  0.0835908 0.0835908 i
 0.05  0.192  0.0672939 0.0672939 i
 0.05  0.198  0.0654326 0.0654326 i
 0.05  0.204  0.0673893 0.0673893 i
 0.05  0.21  0.0572377 0.0572377 i
 0.05  0.216  0.0414407 0.0414407 i
 0.05  0.222  0.0137691 0.0137691 i
 0.05  0.228  0.00080553 0.00080553 i
 0.05  0.234  0.00773992 0.00773992 i
 0.05  0.24  0.00047046 0.00047046 i
 0.05  0.246  0.0435151 0.0435151 i
 0.05  0.252  0.0761614 0.0761614 i
 0.05  0.258  0.0884293 0.0884293 i
 0.05  0.264  0.0916639 0.0916639 i
 0.05  0.27  0.097839 0.097839 i
 0.05  0.276  0.106479 0.106479 i
 0.05  0.282  0.086139 0.086139 i
 0.05  0.288  0.0494838 0.0494838 i
 0.05  0.294  0.0297247 0.0297247 i
 0.05  0.3  0.0134272 0.0134272 i
 0.05  0.306  0.0117764 0.0117764 i
 0.05  0.312  0.00761858 0.00761858 i
 0.05  0.318  0.00329742 0.00329742 i
 0.05  0.324  0.0141708 0.0141708 i
 0.05  0.33  0.0565667 0.0565667 i
 0.05  0.336  0.0542148 0.0542148 i
 0.05  0.342  0.0392501 0.0392501 i
 0.05  0.348  0.0261867 0.0261867 i
 0.05  0.354  0.0193723 0.0193723 i
 0.05  0.36  0.0176384 0.0176384 i
 0.0666667  0  1.39116 1.39116 i
 0.0666667  0.006  1.32013 1.32013 i
 0.0666667  0.012  1.13945 1.13945 i
 0.0666667  0.018  0.944772 0.944772 i
 0.0666667  0.024  0.747932 0.747932 i
 0.0666667  0.03  0.553215 0.553215 i
 0.0666667  0.036  0.400576 0.400576 i
 0.0666667  0.042  0.320962 0.320962 i
 0.0666667  0.048  0.275393 0.275393 i
 0.0666667  0.054  0.224127 0.224127 i
 0.0666667  0.06  0.200724 0.200724 i
 0.0666667  0.066  0.207158 0.207158 i
 0.0666667  0.072  0.229452 0.229452 i
 0.0666667  0.078  0.242613 0.242613 i
 0.0666667  0.084  0.218161 0.218161 i
 0.0666667  0.09  0.174156 0.174156 i
 0.0666667  0.096  0.149041 0.149041 i
 0.0666667  0.102  0.128419 0.128419 i
 0.0666667  0.108  0.114722 0.114722 i
 0.0666667  0.114  0.109626 0.109626 i
 0.0666667  0.12  0.0835616 0.0835616 i
 0.0666667  0.126  0.0556753 0.0556753 i
 0.0666667  0.132  0.0517998 0.0517998 i
 0.0666667  0.138  0.0740266 0.0740266 i
 0.0666667  0.144  0.125545 0.125545 i
 0.0666667  0.15  0.152352 0.152352 i
 0.0666667  0.156  0.143665 0.143665 i
 0.0666667  0.162  0.126179 0.126179 i
 0.0666667  0.168  0.0990422 0.0990422 i
 0.0666667  0.174  0.100554 0.100554 i
 0.0666667  0.18  0.10773 0.10773 i
 0.0666667  0.186  0.0779369 0.0779369 i
 0.0666667  0.192  0.0396479 0.0396479 i
 0.0666667  0.198  0.022127 0.022127 i
 0.0666667  0.204  0.0161973 0.0161973 i
 0.0666667  0.21  0.00212874 0.00212874 i
 0.0666667  0.216  0.0187309 0.0187309 i
 0.0666667  0.222  0.0439233 0.0439233 i
 0.0666667  0.228  0.0525501 0.0525501 i
 0.0666667  0.234  0.0400199 0.0400199 i
 0.0666667  0.24  0.0377979 0.0377979 i
 0.0666667  0.246  0.0719211 0.0719211 i
 0.0666667  0.252  0.104836 0.104836 i
 0.0666667  0.258  0.117433 0.117433 i
 0.0666667  0.264  0.109979 0.109979 i
 0.0666667  0.27  0.105154 0.105154 i
 0.0666667  0.276  0.104191 0.104191 i
 0.0666667  0.282  0.0713408 0.0713408 i
 0.0666667  0.288  0.0206249 0.0206249 i
 0.0666667  0.294  0.014677 0.014677 i
 0.0666667  0.3  0.0451085 0.0451085 i
 0.0666667  0.306  0.052197 0.052197 i
 0.0666667  0.312  0.0535261 0.0535261 i
 0.0666667  0.318  0.0557342 0.0557342 i
 0.0666667  0.324  0.0446633 0.0446633 i
 0.0666667  0.33  0.00462874 0.00462874 i
 0.0666667  0.336  0.00983493 0.00983493 i
 0.0666667  0.342  0.00180342 0.00180342 i
 0.0666667  0.348  0.00975684 0.00975684 i
 0.0666667  0.354  0.00587792 0.00587792 i
 0.0666667  0.36  0.00685625 0.00685625 i
 0.0833333  0  1.78365 1.78365 i
 0.0833333  0.006  1.70091 1.70091 i
 0.0833333  0.012  1.48001 1.48001 i
 0.0833333  0.018  1.22705 1.22705 i
 0.0833333  0.024  0.948934 0.948934 i
 0.0833333  0.03  0.663254 0.663254 i
 0.0833333  0.036  0.434724 0.434724 i
 0.0833333  0.042  0.315024 0.315024 i
 0.0833333  0.048  0.265224 0.265224 i
 0.0833333  0.054  0.229236 0.229236 i
 0.0833333  0.06  0.215315 0.215315 i
 0.0833333  0.066  0.22164 0.22164 i
 0.0833333  0.072  0.241746 0.241746 i
 0.0833333  0.078  0.245739 0.245739 i
 0.0833333  0.084  0.205148 0.205148 i
 0.0833333  0.09  0.155065 0.155065 i
 0.0833333  0.096  0.133302 0.133302 i
 0.0833333  0.102  0.119462 0.119462 i
 0.0833333  0.108  0.108723 0.108723 i
 0.0833333  0.114  0.104807 0.104807 i
 0.0833333  0.12  0.0858029 0.0858029 i
 0.0833333  0.126  0.0715424 0.0715424 i
 0.0833333  0.132  0.0795341 0.0795341 i
 0.0833333  0.138  0.111541 0.111541 i
 0.0833333  0.144  0.161274 0.161274 i
 0.0833333  0.15  0.179665 0.179665 i
 0.0833333  0.156  0.172581 0.172581 i
 0.0833333  0.162  0.154755 0.154755 i
 0.0833333  0.168  0.112939 0.112939 i
 0.0833333  0.174  0.095434 0.095434 i
 0.0833333  0.18  0.0860553 0.0860553 i
 0.0833333  0.186  0.0505962 0.0505962 i
 0.0833333  0.192  0.0111538 0.0111538 i
 0.0833333  0.198  0.000854143 0.000854143 i
 0.0833333  0.204  0.00386389 0.00386389 i
 0.0833333  0.21  0.0202102 0.0202102 i
 0.0833333  0.216  0.041859 0.041859 i
 0.0833333  0.222  0.0637088 0.0637088 i
 0.0833333  0.228  0.065213 0.065213 i
 0.0833333  0.234  0.0430103 0.0430103 i
 0.0833333  0.24  0.0299394 0.0299394 i
 0.0833333  0.246  0.0519848 0.0519848 i
 0.0833333  0.252  0.0785292 0.0785292 i
 0.0833333  0.258  0.083292 0.083292 i
 0.0833333  0.264  0.0675517 0.0675517 i
 0.0833333  0.27  0.0550718 0.0550718 i
 0.0833333  0.276  0.0452473 0.0452473 i
 0.0833333  0.282  0.0120859 0.0120859 i
 0.0833333  0.288  0.0342807 0.0342807 i
 0.0833333  0.294  0.0654723 0.0654723 i
 0.0833333  0.3  0.0954747 0.0954747 i
 0.0833333  0.306  0.106555 0.106555 i
 0.0833333  0.312  0.104103 0.104103 i
 0.0833333  0.318  0.098021 0.098021 i
 0.0833333  0.324  0.0795073 0.0795073 i
 0.0833333  0.33  0.025536 0.025536 i
 0.0833333  0.336  0.0132663 0.0132663 i
 0.0833333  0.342  0.0231721 0.0231721 i
 0.0833333  0.348  0.0294658 0.0294658 i
 0.0833333  0.354  0.0212128 0.0212128 i
 0.0833333  0.36  0.00298378 0.00298378 i
 0.1  0  2.12058 2.12058 i
 0.1  0.006  2.03505 2.03505 i
 0.1  0.012  1.78421 1.78421 i
 0.1  0.018  1.47387 1.47387 i
 0.1  0.024  1.12178 1.12178 i
 0.1  0.03  0.761889 0.761889 i
 0.1  0.036  0.472529 0.472529 i
 0.1  0.042  0.314436 0.314436 i
 0.1  0.048  0.253671 0.253671 i
 0.1  0.054  0.225805 0.225805 i
 0.1  0.06  0.214742 0.214742 i
 0.1  0.066  0.213367 0.213367 i
 0.1  0.072  0.220317 0.220317 i
 0.1  0.078  0.209393 0.209393 i
 0.1  0.084  0.166376 0.166376 i
 0.1  0.09  0.12703 0.12703 i
 0.1  0.096  0.113291 0.113291 i
 0.1  0.102  0.10482 0.10482 i
 0.1  0.108  0.0979124 0.0979124 i
 0.1  0.114  0.0971618 0.0971618 i
 0.1  0.12  0.0871899 0.0871899 i
 0.1  0.126  0.0851495 0.0851495 i
 0.1  0.132  0.100403 0.100403 i
 0.1  0.138  0.135173 0.135173 i
 0.1  0.144  0.171821 0.171821 i
 0.1  0.15  0.170559 0.170559 i
 0.1  0.156  0.157206 0.157206 i
 0.1  0.162  0.139472 0.139472 i
 0.1  0.168  0.0968268 0.0968268 i
 0.1  0.174  0.0756141 0.0756141 i
 0.1  0.18  0.0667849 0.0667849 i
 0.1  0.186  0.0404759 0.0404759 i
 0.1  0.192  0.0179054 0.0179054 i
 0.1  0.198  0.0225111 0.0225111 i
 0.1  0.204  0.0235136 0.0235136 i
 0.1  0.21  0.0053914 0.0053914 i
 0.1  0.216  0.0129512 0.0129512 i
 0.1  0.222  0.0356584 0.0356584 i
 0.1  0.228  0.0378561 0.0378561 i
 0.1  0.234  0.0126036 0.0126036 i
 0.1  0.24  0.00346584 0.00346584 i
 0.1  0.246  0.0143517 0.0143517 i
 0.1  0.252  0.0339175 0.0339175 i
 0.1  0.258  0.0268897 0.0268897 i
 0.1  0.264  0.00816233 0.00816233 i
 0.1  0.27  0.00530552 0.00530552 i
 0.1  0.276  0.0168352 0.0168352 i
 0.1  0.282  0.0386149 0.0386149 i
 0.1  0.288  0.0661133 0.0661133 i
 0.1  0.294  0.076752 0.076752 i
 0.1  0.3  0.0926785 0.0926785 i
 0.1  0.306  0.10607 0.10607 i
 0.1  0.312  0.104992 0.104992 i
 0.1  0.318  0.0917602 0.0917602 i
 0.1  0.324  0.0649025 0.0649025 i
 0.1  0.33  0.0120531 0.0120531 i
 0.1  0.336  0.000894341 0.000894341 i
 0.1  0.342  0.0109251 0.0109251 i
 0.1  0.348  0.0215823 0.0215823 i
 0.1  0.354  0.019799 0.019799 i
 0.1  0.36  0.00701198 0.00701198 i
 0.116667  0  2.37277 2.37277 i
 0.116667  0.006  2.29675 2.29675 i
 0.116667  0.012  2.03818 2.03818 i
 0.116667  0.018  1.68164 1.68164 i
 0.116667  0.024  1.26764 1.26764 i
 0.116667  0.03  0.851351 0.851351 i
 0.116667  0.036  0.516046 0.516046 i
 0.116667  0.042  0.322054 0.322054 i
 0.116667  0.048  0.24535 0.24535 i
 0.116667  0.054  0.221426 0.221426 i
 0.116667  0.06  0.211196 0.211196 i
 0.116667  0.066  0.2017 0.2017 i
 0.116667  0.072  0.195255 0.195255 i
 0.116667  0.078  0.172705 0.172705 i
 0.116667  0.084  0.136472 0.136472 i
 0.116667  0.09  0.112114 0.112114 i
 0.116667  0.096  0.104363 0.104363 i
 0.116667  0.102  0.0974229 0.0974229 i
 0.116667  0.108  0.0927101 0.0927101 i
 0.116667  0.114  0.0929827 0.0929827 i
 0.116667  0.12  0.0910808 0.0910808 i
 0.116667  0.126  0.0966523 0.0966523 i
 0.116667  0.132  0.114096 0.114096 i
 0.116667  0.138  0.145516 0.145516 i
 0.116667  0.144  0.164675 0.164675 i
 0.116667  0.15  0.143187 0.143187 i
 0.116667  0.156  0.11907 0.11907 i
 0.116667  0.162  0.10128 0.10128 i
 0.116667  0.168  0.0691622 0.0691622 i
 0.116667  0.174  0.0586378 0.0586378 i
 0.116667  0.18  0.0630428 0.0630428 i
 0.116667  0.186  0.0494034 0.0494034 i
 0.116667  0.192  0.0441866 0.0441866 i
 0.116667  0.198  0.0579771 0.0579771 i
 0.116667  0.204  0.0569369 0.0569369 i
 0.116667  0.21  0.0405853 0.0405853 i
 0.116667  0.216  0.0294757 0.0294757 i
 0.116667  0.222  0.00491658 0.00491658 i
 0.116667  0.228  0.00464884 0.00464884 i
 0.116667  0.234  0.017063 0.017063 i
 0.116667  0.24  0.0304057 0.0304057 i
 0.116667  0.246  0.0109447 0.0109447 i
 0.116667  0.252  0.0033461 0.0033461 i
 0.116667  0.258  0.0132834 0.0132834 i
 0.116667  0.264  0.0323135 0.0323135 i
 0.116667  0.27  0.0419499 0.0419499 i
 0.116667  0.276  0.0491402 0.0491402 i
 0.116667  0.282  0.0563998 0.0563998 i
 0.116667  0.288  0.062547 0.062547 i
 0.116667  0.294  0.0520443 0.0520443 i
 0.116667  0.3  0.0534373 0.0534373 i
 0.116667  0.306  0.0661575 0.0661575 i
 0.116667  0.312  0.0660378 0.0660378 i
 0.116667  0.318  0.0489052 0.0489052 i
 0.116667  0.324  0.0213604 0.0213604 i
 0.116667  0.33  0.0242959 0.0242959 i
 0.116667  0.336  0.0312348 0.0312348 i
 0.116667  0.342  0.0158017 0.0158017 i
 0.116667  0.348  0.000129647 0.000129647 i
 0.116667  0.354  0.00925877 0.00925877 i
 0.116667  0.36  0.00826313 0.00826313 i
 0.133333  0  2.53622 2.53622 i
 0.133333  0.006  2.48164 2.48164 i
 0.133333  0.012  2.24186 2.24186 i
 0.133333  0.018  1.85598 1.85598 i
 0.133333  0.024  1.39215 1.39215 i
 0.133333  0.03  0.933285 0.933285 i
 0.133333  0.036  0.563636 0.563636 i
 0.133333  0.042  0.338276 0.338276 i
 0.133333  0.048  0.245276 0.245276 i
 0.133333  0.054  0.224875 0.224875 i
 0.133333  0.06  0.217037 0.217037 i
 0.133333  0.066  0.204329 0.204329 i
 0.133333  0.072  0.193569 0.193569 i
 0.133333  0.078  0.170289 0.170289 i
 0.133333  0.084  0.140688 0.140688 i
 0.133333  0.09  0.121654 0.121654 i
 0.133333  0.096  0.111275 0.111275 i
 0.133333  0.102  0.100337 0.100337 i
 0.133333  0.108  0.0939154 0.0939154 i
 0.133333  0.114  0.0910403 0.0910403 i
 0.133333  0.12  0.0943815 0.0943815 i
 0.133333  0.126  0.102226 0.102226 i
 0.133333  0.132  0.118155 0.118155 i
 0.133333  0.138  0.141934 0.141934 i
 0.133333  0.144  0.144289 0.144289 i
 0.133333  0.15  0.107402 0.107402 i
 0.133333  0.156  0.0745777 0.0745777 i
 0.133333  0.162  0.0580256 0.0580256 i
 0.133333  0.168  0.039739 0.039739 i
 0.133333  0.174  0.0437068 0.0437068 i
 0.133333  0.18  0.0614002 0.0614002 i
 0.133333  0.186  0.0532379 0.0532379 i
 0.133333  0.192  0.0518623 0.0518623 i
 0.133333  0.198  0.0604768 0.0604768 i
 0.133333  0.204  0.0546953 0.0546953 i
 0.133333  0.21  0.0434054 0.0434054 i
 0.133333  0.216  0.0380679 0.0380679 i
 0.133333  0.222  0.0151777 0.0151777 i
 0.133333  0.228  0.00227258 0.00227258 i
 0.133333  0.234  0.0221003 0.0221003 i
 0.133333  0.24  0.0334441 0.0334441 i
 0.133333  0.246  0.0145678 0.0145678 i
 0.133333  0.252  0.00645445 0.00645445 i
 0.133333  0.258  0.0280003 0.0280003 i
 0.133333  0.264  0.0463958 0.0463958 i
 0.133333  0.27  0.0517773 0.0517773 i
 0.133333  0.276  0.0554944 0.0554944 i
 0.133333  0.282  0.0540427 0.0540427 i
 0.133333  0.288  0.0462664 0.0462664 i
 0.133333  0.294  0.027303 0.027303 i
 0.133333  0.3  0.026674 0.026674 i
 0.133333  0.306  0.0384503 0.0384503 i
 0.133333  0.312  0.0335295 0.0335295 i
 0.133333  0.318  0.0138567 0.0138567 i
 0.133333  0.324  0.00687926 0.00687926 i
 0.133333  0.33  0.0448472 0.0448472 i
 0.133333  0.336  0.0459621 0.0459621 i
 0.133333  0.342  0.0292789 0.0292789 i
 0.133333  0.348  0.0130999 0.0130999 i
 0.133333  0.354  0.00234752 0.00234752 i
 0.133333  0.36  0.0127259 0.0127259 i
 0.15  0  2.62539 2.62539 i
 0.15  0.006  2.6003 2.6003 i
 0.15  0.012  2.40179 2.40179 i
 0.15  0.018  2.00487 2.00487 i
 0.15  0.024  1.50184 1.50184 i
 0.15  0.03  1.0096 1.0096 i
 0.15  0.036  0.614424 0.614424 i
 0.15  0.042  0.364252 0.364252 i
 0.15  0.048  0.257225 0.257225 i
 0.15  0.054  0.240159 0.240159 i
 0.15  0.06  0.235298 0.235298 i
 0.15  0.066  0.223152 0.223152 i
 0.15  0.072  0.215884 0.215884 i
 0.15  0.078  0.199815 0.199815 i
 0.15  0.084  0.171118 0.171118 i
 0.15  0.09  0.144942 0.144942 i
 0.15  0.096  0.123501 0.123501 i
 0.15  0.102  0.104609 0.104609 i
 0.15  0.108  0.094365 0.094365 i
 0.15  0.114  0.0879065 0.0879065 i
 0.15  0.12  0.094312 0.094312 i
 0.15  0.126  0.100815 0.100815 i
 0.15  0.132  0.1135 0.1135 i
 0.15  0.138  0.130124 0.130124 i
 0.15  0.144  0.122273 0.122273 i
 0.15  0.15  0.0770486 0.0770486 i
 0.15  0.156  0.0418209 0.0418209 i
 0.15  0.162  0.0284798 0.0284798 i
 0.15  0.168  0.0191828 0.0191828 i
 0.15  0.174  0.0309242 0.0309242 i
 0.15  0.18  0.0532004 0.0532004 i
 0.15  0.186  0.0431839 0.0431839 i
 0.15  0.192  0.0344542 0.0344542 i
 0.15  0.198  0.0322657 0.0322657 i
 0.15  0.204  0.0250205 0.0250205 i
 0.15  0.21  0.0170706 0.0170706 i
 0.15  0.216  0.0103385 0.0103385 i
 0.15  0.222  0.00823653 0.00823653 i
 0.15  0.228  0.0138472 0.0138472 i
 0.15  0.234  0.0103488 0.0103488 i
 0.15  0.24  0.020339 0.020339 i
 0.15  0.246  0.00538772 0.00538772 i
 0.15  0.252  0.00412635 0.00412635 i
 0.15  0.258  0.025999 0.025999 i
 0.15  0.264  0.0406474 0.0406474 i
 0.15  0.27  0.0450197 0.0450197 i
 0.15  0.276  0.0513525 0.0513525 i
 0.15  0.282  0.0489894 0.0489894 i
 0.15  0.288  0.0362084 0.0362084 i
 0.15  0.294  0.0201787 0.0201787 i
 0.15  0.3  0.0293231 0.0293231 i
 0.15  0.306  0.0454106 0.0454106 i
 0.15  0.312  0.0349855 0.0349855 i
 0.15  0.318  0.0135412 0.0135412 i
 0.15  0.324  0.000500701 0.000500701 i
 0.15  0.33  0.0363646 0.0363646 i
 0.15  0.336  0.0388145 0.0388145 i
 0.15  0.342  0.024537 0.024537 i
 0.15  0.348  0.0118689 0.0118689 i
 0.15  0.354  0.00390837 0.00390837 i
 0.15  0.36  0.0209313 0.0209313 i
 0.166667  0  2.6511 2.6511 i
 0.166667  0.006  2.65873 2.65873 i
 0.166667  0.012  2.51708 2.51708 i
 0.166667  0.018  2.12956 2.12956 i
 0.166667  0.024  1.60042 1.60042 i
 0.166667  0.03  1.08306 1.08306 i
 0.166667  0.036  0.671057 0.671057 i
 0.166667  0.042  0.403457 0.403457 i
 0.166667  0.048  0.283256 0.283256 i
 0.166667  0.054  0.265494 0.265494 i
 0.166667  0.06  0.259575 0.259575 i
 0.166667  0.066  0.245681 0.245681 i
 0.166667  0.072  0.239405 0.239405 i
 0.166667  0.078  0.227043 0.227043 i
 0.166667  0.084  0.196278 0.196278 i
 0.166667  0.09  0.161817 0.161817 i
 0.166667  0.096  0.12967 0.12967 i
 0.166667  0.102  0.10343 0.10343 i
 0.166667  0.108  0.0906959 0.0906959 i
 0.166667  0.114  0.0839711 0.0839711 i
 0.166667  0.12  0.092501 0.092501 i
 0.166667  0.126  0.096535 0.096535 i
 0.166667  0.132  0.105357 0.105357 i
 0.166667  0.138  0.119777 0.119777 i
 0.166667  0.144  0.112339 0.112339 i
 0.166667  0.15  0.06645 0.06645 i
 0.166667  0.156  0.0340939 0.0340939 i
 0.166667  0.162  0.0251496 0.0251496 i
 0.166667  0.168  0.0180925 0.0180925 i
 0.166667  0.174  0.0292451 0.0292451 i
 0.166667  0.18  0.0490888 0.0490888 i
 0.166667  0.186  0.0373041 0.0373041 i
 0.166667  0.192  0.0215745 0.0215745 i
 0.166667  0.198  0.0131384 0.0131384 i
 0.166667  0.204  0.00598558 0.00598558 i
 0.166667  0.21  0.00304079 0.00304079 i
 0.166667  0.216  0.0148955 0.0148955 i
 0.166667  0.222  0.0299859 0.0299859 i
 0.166667  0.228  0.0232128 0.0232128 i
 0.166667  0.234  0.00743072 0.00743072 i
 0.166667  0.24  0.0119275 0.0119275 i
 0.166667  0.246  0.00282858 0.00282858 i
 0.166667  0.252  0.00335504 0.00335504 i
 0.166667  0.258  0.0133033 0.0133033 i
 0.166667  0.264  0.0203314 0.0203314 i
 0.166667  0.27  0.0284779 0.0284779 i
 0.166667  0.276  0.0422132 0.0422132 i
 0.166667  0.282  0.0421845 0.0421845 i
 0.166667  0.288  0.0295887 0.0295887 i
 0.166667  0.294  0.0172491 0.0172491 i
 0.166667  0.3  0.0355533 0.0355533 i
 0.166667  0.306  0.0609212 0.0609212 i
 0.166667  0.312  0.0516043 0.0516043 i
 0.166667  0.318  0.0304057 0.0304057 i
 0.166667  0.324  0.0192497 0.0192497 i
 0.166667  0.33  0.0189383 0.0189383 i
 0.166667  0.336  0.0282813 0.0282813 i
 0.166667  0.342  0.0164402 0.0164402 i
 0.166667  0.348  0.00466311 0.00466311 i
 0.166667  0.354  0.0103032 0.0103032 i
 0.166667  0.36  0.0278184 0.0278184 i
 0.183333  0  2.61168 2.61168 i
 0.183333  0.006  2.65122 2.65122 i
 0.183333  0.012  2.57629 2.57629 i
 0.183333  0.018  2.22312 2.22312 i
 0.183333  0.024  1.68872 1.68872 i
 0.183333  0.03  1.15799 1.15799 i
 0.183333  0.036  0.738935 0.738935 i
 0.183333  0.042  0.460073 0.460073 i
 0.183333  0.048  0.324456 0.324456 i
 0.183333  0.054  0.298053 0.298053 i
 0.183333  0.06  0.283487 0.283487 i
 0.183333  0.066  0.261003 0.261003 i
 0.183333  0.072  0.2453 0.2453 i
 0.183333  0.078  0.224996 0.224996 i
 0.183333  0.084  0.194391 0.194391 i
 0.183333  0.09  0.16196 0.16196 i
 0.183333  0.096  0.127522 0.127522 i
 0.183333  0.102  0.0980945 0.0980945 i
 0.183333  0.108  0.0851279 0.0851279 i
 0.183333  0.114  0.0805135 0.0805135 i
 0.183333  0.12  0.0911609 0.0911609 i
 0.183333  0.126  0.0937598 0.0937598 i
 0.183333  0.132  0.098626 0.098626 i
 0.183333  0.138  0.115025 0.115025 i
 0.183333  0.144  0.115478 0.115478 i
 0.183333  0.15  0.0748658 0.0748658 i
 0.183333  0.156  0.046645 0.046645 i
 0.183333  0.162  0.0425501 0.0425501 i
 0.183333  0.168  0.0360634 0.0360634 i
 0.183333  0.174  0.0448682 0.0448682 i
 0.183333  0.18  0.062465 0.062465 i
 0.183333  0.186  0.0528664 0.0528664 i
 0.183333  0.192  0.0356585 0.0356585 i
 0.183333  0.198  0.0257064 0.0257064 i
 0.183333  0.204  0.0144692 0.0144692 i
 0.183333  0.21  0.00254568 0.00254568 i
 0.183333  0.216  0.00893954 0.00893954 i
 0.183333  0.222  0.0220375 0.0220375 i
 0.183333  0.228  0.00941996 0.00941996 i
 0.183333  0.234  0.0227816 0.0227816 i
 0.183333  0.24  0.0183956 0.0183956 i
 0.183333  0.246  0.00316715 0.00316715 i
 0.183333  0.252  0.0131694 0.0131694 i
 0.183333  0.258  0.00674436 0.00674436 i
 0.183333  0.264  0.00617199 0.00617199 i
 0.183333  0.27  0.0089614 0.0089614 i
 0.183333  0.276  0.0288223 0.0288223 i
 0.183333  0.282  0.029581 0.029581 i
 0.183333  0.288  0.0200609 0.0200609 i
 0.183333  0.294  0.00695917 0.00695917 i
 0.183333  0.3  0.0252634 0.0252634 i
 0.183333  0.306  0.0562135 0.0562135 i
 0.183333  0.312  0.0517413 0.0517413 i
 0.183333  0.318  0.0323821 0.0323821 i
 0.183333  0.324  0.024037 0.024037 i
 0.183333  0.33  0.0137826 0.0137826 i
 0.183333  0.336  0.0264437 0.0264437 i
 0.183333  0.342  0.0126543 0.0126543 i
 0.183333  0.348  0.00330401 0.00330401 i
 0.183333  0.354  0.0185323 0.0185323 i
 0.183333  0.36  0.0302126 0.0302126 i
 0.2  0  2.50691 2.50691 i
 0.2  0.006  2.57432 2.57432 i
 0.2  0.012  2.57018 2.57018 i
 0.2  0.018  2.27857 2.27857 i
 0.2  0.024  1.76857 1.76857 i
 0.2  0.03  1.24165 1.24165 i
 0.2  0.036  0.824577 0.824577 i
 0.2  0.042  0.537379 0.537379 i
 0.2  0.048  0.382605 0.382605 i
 0.2  0.054  0.339261 0.339261 i
 0.2  0.06  0.309251 0.309251 i
 0.2  0.066  0.272849 0.272849 i
 0.2  0.072  0.240274 0.240274 i
 0.2  0.078  0.203898 0.203898 i
 0.2  0.084  0.175167 0.175167 i
 0.2  0.09  0.152043 0.152043 i
 0.2  0.096  0.121612 0.121612 i
 0.2  0.102  0.0926265 0.0926265 i
 0.2  0.108  0.0800521 0.0800521 i
 0.2  0.114  0.0768539 0.0768539 i
 0.2  0.12  0.0902651 0.0902651 i
 0.2  0.126  0.0933451 0.0933451 i
 0.2  0.132  0.0949155 0.0949155 i
 0.2  0.138  0.111818 0.111818 i
 0.2  0.144  0.118305 0.118305 i
 0.2  0.15  0.0850501 0.0850501 i
 0.2  0.156  0.0594532 0.0594532 i
 0.2  0.162  0.0605581 0.0605581 i
 0.2  0.168  0.0589671 0.0589671 i
 0.2  0.174  0.0702499 0.0702499 i
 0.2  0.18  0.0893785 0.0893785 i
 0.2  0.186  0.0818262 0.0818262 i
 0.2  0.192  0.0636921 0.0636921 i
 0.2  0.198  0.0511212 0.0511212 i
 0.2  0.204  0.0325242 0.0325242 i
 0.2  0.21  0.0186032 0.0186032 i
 0.2  0.216  0.0147034 0.0147034 i
 0.2  0.222  0.00377905 0.00377905 i
 0.2  0.228  0.0101404 0.0101404 i
 0.2  0.234  0.0368406 0.0368406 i
 0.2  0.24  0.0285703 0.0285703 i
 0.2  0.246  0.00129036 0.00129036 i
 0.2  0.252  0.0197709 0.0197709 i
 0.2  0.258  0.021625 0.021625 i
 0.2  0.264  0.0202908 0.0202908 i
 0.2  0.27  0.000140305 0.000140305 i
 0.2  0.276  0.0194538 0.0194538 i
 0.2  0.282  0.0186306 0.0186306 i
 0.2  0.288  0.015214 0.015214 i
 0.2  0.294  0.0018767 0.0018767 i
 0.2  0.3  0.0157042 0.0157042 i
 0.2  0.306  0.0417673 0.0417673 i
 0.2  0.312  0.0364276 0.0364276 i
 0.2  0.318  0.0175316 0.0175316 i
 0.2  0.324  0.0139103 0.0139103 i
 0.2  0.33  0.0180085 0.0180085 i
 0.2  0.336  0.0250439 0.0250439 i
 0.2  0.342  0.00590068 0.00590068 i
 0.2  0.348  0.0146651 0.0146651 i
 0.2  0.354  0.0286977 0.0286977 i
 0.2  0.36  0.0300424 0.0300424 i
 0.216667  0  2.35073 2.35073 i
 0.216667  0.006  2.43933 2.43933 i
 0.216667  0.012  2.50265 2.50265 i
 0.216667  0.018  2.29531 2.29531 i
 0.216667  0.024  1.84405 1.84405 i
 0.216667  0.03  1.34339 1.34339 i
 0.216667  0.036  0.934674 0.934674 i
 0.216667  0.042  0.638175 0.638175 i
 0.216667  0.048  0.460872 0.460872 i
 0.216667  0.054  0.394588 0.394588 i
 0.216667  0.06  0.345698 0.345698 i
 0.216667  0.066  0.295194 0.295194 i
 0.216667  0.072  0.248071 0.248071 i
 0.216667  0.078  0.198144 0.198144 i
 0.216667  0.084  0.167705 0.167705 i
 0.216667  0.09  0.147909 0.147909 i
 0.216667  0.096  0.119448 0.119448 i
 0.216667  0.102  0.0919045 0.0919045 i
 0.216667  0.108  0.0796236 0.0796236 i
 0.216667  0.114  0.0760372 0.0760372 i
 0.216667  0.12  0.0915657 0.0915657 i
 0.216667  0.126  0.0953763 0.0953763 i
 0.216667  0.132  0.0946795 0.0946795 i
 0.216667  0.138  0.105926 0.105926 i
 0.216667  0.144  0.109218 0.109218 i
 0.216667  0.15  0.0818295 0.0818295 i
 0.216667  0.156  0.0572213 0.0572213 i
 0.216667  0.162  0.0631574 0.0631574 i
 0.216667  0.168  0.0711372 0.0711372 i
 0.216667  0.174  0.0894635 0.0894635 i
 0.216667  0.18  0.110913 0.110913 i
 0.216667  0.186  0.100257 0.100257 i
 0.216667  0.192  0.0769545 0.0769545 i
 0.216667  0.198  0.0582224 0.0582224 i
 0.216667  0.204  0.0356764 0.0356764 i
 0.216667  0.21  0.0202301 0.0202301 i
 0.216667  0.216  0.0226766 0.0226766 i
 0.216667  0.222  0.0143747 0.0143747 i
 0.216667  0.228  0.00782296 0.00782296 i
 0.216667  0.234  0.0251878 0.0251878 i
 0.216667  0.24  0.0240346 0.0240346 i
 0.216667  0.246  0.0032675 0.0032675 i
 0.216667  0.252  0.0159545 0.0159545 i
 0.216667  0.258  0.0152123 0.0152123 i
 0.216667  0.264  0.0065259 0.0065259 i
 0.216667  0.27  0.0127914 0.0127914 i
 0.216667  0.276  0.0244088 0.0244088 i
 0.216667  0.282  0.0214046 0.0214046 i
 0.216667  0.288  0.0255051 0.0255051 i
 0.216667  0.294  0.017655 0.017655 i
 0.216667  0.3  0.0320208 0.0320208 i
 0.216667  0.306  0.0479063 0.0479063 i
 0.216667  0.312  0.0344887 0.0344887 i
 0.216667  0.318  0.0126779 0.0126779 i
 0.216667  0.324  0.0102769 0.0102769 i
 0.216667  0.33  0.016578 0.016578 i
 0.216667  0.336  0.0150887 0.0150887 i
 0.216667  0.342  0.00641847 0.00641847 i
 0.216667  0.348  0.0266398 0.0266398 i
 0.216667  0.354  0.036995 0.036995 i
 0.216667  0.36  0.0287936 0.0287936 i
 0.233333  0  2.1643 2.1643 i
 0.233333  0.006  2.26612 2.26612 i
 0.233333  0.012  2.3867 2.3867 i
 0.233333  0.018  2.27618 2.27618 i
 0.233333  0.024  1.91704 1.91704 i
 0.233333  0.03  1.47076 1.47076 i
 0.233333  0.036  1.07656 1.07656 i
 0.233333  0.042  0.767242 0.767242 i
 0.233333  0.048  0.563466 0.563466 i
 0.233333  0.054  0.468983 0.468983 i
 0.233333  0.06  0.398977 0.398977 i
 0.233333  0.066  0.336568 0.336568 i
 0.233333  0.072  0.282268 0.282268 i
 0.233333  0.078  0.227205 0.227205 i
 0.233333  0.084  0.189288 0.189288 i
 0.233333  0.09  0.160295 0.160295 i
 0.233333  0.096  0.12841 0.12841 i
 0.233333  0.102  0.102416 0.102416 i
 0.233333  0.108  0.0918692 0.0918692 i
 0.233333  0.114  0.0868306 0.0868306 i
 0.233333  0.12  0.100039 0.100039 i
 0.233333  0.126  0.101666 0.101666 i
 0.233333  0.132  0.098877 0.098877 i
 0.233333  0.138  0.0992011 0.0992011 i
 0.233333  0.144  0.0908375 0.0908375 i
 0.233333  0.15  0.0661248 0.0661248 i
 0.233333  0.156  0.0414888 0.0414888 i
 0.233333  0.162  0.0501781 0.0501781 i
 0.233333  0.168  0.0673519 0.0673519 i
 0.233333  0.174  0.0914854 0.0914854 i
 0.233333  0.18  0.111464 0.111464 i
 0.233333  0.186  0.0945989 0.0945989 i
 0.233333  0.192  0.065779 0.065779 i
 0.233333  0.198  0.0407559 0.0407559 i
 0.233333  0.204  0.0196905 0.0196905 i
 0.233333  0.21  0.0030088 0.0030088 i
 0.233333  0.216  0.00405665 0.00405665 i
 0.233333  0.222  0.00293524 0.00293524 i
 0.233333  0.228  0.01856 0.01856 i
 0.233333  0.234  0.00992878 0.00992878 i
 0.233333  0.24  0.0020879 0.0020879 i
 0.233333  0.246  0.000248775 0.000248775 i
 0.233333  0.252  0.00191522 0.00191522 i
 0.233333  0.258  0.0111625 0.0111625 i
 0.233333  0.264  0.0268297 0.0268297 i
 0.233333  0.27  0.0396747 0.0396747 i
 0.233333  0.276  0.0414608 0.0414608 i
 0.233333  0.282  0.0370127 0.0370127 i
 0.233333  0.288  0.0453271 0.0453271 i
 0.233333  0.294  0.0450418 0.0450418 i
 0.233333  0.3  0.0655587 0.0655587 i
 0.233333  0.306  0.0777631 0.0777631 i
 0.233333  0.312  0.0589659 0.0589659 i
 0.233333  0.318  0.0325143 0.0325143 i
 0.233333  0.324  0.0228934 0.0228934 i
 0.233333  0.33  0.0068707 0.0068707 i
 0.233333  0.336  0.0043762 0.0043762 i
 0.233333  0.342  0.01226 0.01226 i
 0.233333  0.348  0.0271217 0.0271217 i
 0.233333  0.354  0.0342558 0.0342558 i
 0.233333  0.36  0.0232325 0.0232325 i
 0.25  0  1.96278 1.96278 i
 0.25  0.006  2.07035 2.07035 i
 0.25  0.012  2.23443 2.23443 i
 0.25  0.018  2.22195 2.22195 i
 0.25  0.024  1.98227 1.98227 i
 0.25  0.03  1.62438 1.62438 i
 0.25  0.036  1.25748 1.25748 i
 0.25  0.042  0.931908 0.931908 i
 0.25  0.048  0.694423 0.694423 i
 0.25  0.054  0.563571 0.563571 i
 0.25  0.06  0.467389 0.467389 i
 0.25  0.066  0.392099 0.392099 i
 0.25  0.072  0.333179 0.333179 i
 0.25  0.078  0.276941 0.276941 i
 0.25  0.084  0.229435 0.229435 i
 0.25  0.09  0.185356 0.185356 i
 0.25  0.096  0.148424 0.148424 i
 0.25  0.102  0.124745 0.124745 i
 0.25  0.108  0.118073 0.118073 i
 0.25  0.114  0.111038 0.111038 i
 0.25  0.12  0.11578 0.11578 i
 0.25  0.126  0.112128 0.112128 i
 0.25  0.132  0.106709 0.106709 i
 0.25  0.138  0.0959143 0.0959143 i
 0.25  0.144  0.0739637 0.0739637 i
 0.25  0.15  0.0480474 0.0480474 i
 0.25  0.156  0.0219665 0.0219665 i
 0.25  0.162  0.0305025 0.0305025 i
 0.25  0.168  0.0523209 0.0523209 i
 0.25  0.174  0.0767127 0.0767127 i
 0.25  0.18  0.0911478 0.0911478 i
 0.25  0.186  0.0719529 0.0719529 i
 0.25  0.192  0.0452472 0.0452472 i
 0.25  0.198  0.019165 0.019165 i
 0.25  0.204  0.000304921 0.000304921 i
 0.25  0.21  0.0152252 0.0152252 i
 0.25  0.216  0.0198773 0.0198773 i
 0.25  0.222  0.0285044 0.0285044 i
 0.25  0.228  0.0432738 0.0432738 i
 0.25  0.234  0.0398151 0.0398151 i
 0.25  0.24  0.0201897 0.0201897 i
 0.25  0.246  0.00336261 0.00336261 i
 0.25  0.252  0.0123435 0.0123435 i
 0.25  0.258  0.0344477 0.0344477 i
 0.25  0.264  0.0511685 0.0511685 i
 0.25  0.27  0.0594706 0.0594706 i
 0.25  0.276  0.0567165 0.0567165 i
 0.25  0.282  0.0521463 0.0521463 i
 0.25  0.288  0.0581068 0.0581068 i
 0.25  0.294  0.0597193 0.0597193 i
 0.25  0.3  0.0838344 0.0838344 i
 0.25  0.306  0.102693 0.102693 i
 0.25  0.312  0.089884 0.089884 i
 0.25  0.318  0.0605078 0.0605078 i
 0.25  0.324  0.0394012 0.0394012 i
 0.25  0.33  0.0011341 0.0011341 i
 0.25  0.336  0.00434198 0.00434198 i
 0.25  0.342  0.00386221 0.00386221 i
 0.25  0.348  0.0115011 0.0115011 i
 0.25  0.354  0.0169279 0.0169279 i
 0.25  0.36  0.0107515 0.0107515 i
 0.266667  0  1.7543 1.7543 i
 0.266667  0.006  1.86154 1.86154 i
 0.266667  0.012  2.0546 2.0546 i
 0.266667  0.018  2.1312 2.1312 i
 0.266667  0.024  2.02658 2.02658 i
 0.266667  0.03  1.79227 1.79227 i
 0.266667  0.036  1.47702 1.47702 i
 0.266667  0.042  1.13578 1.13578 i
 0.266667  0.048  0.854652 0.854652 i
 0.266667  0.054  0.675922 0.675922 i
 0.266667  0.06  0.54499 0.54499 i
 0.266667  0.066  0.450999 0.450999 i
 0.266667  0.072  0.381945 0.381945 i
 0.266667  0.078  0.320027 0.320027 i
 0.266667  0.084  0.264632 0.264632 i
 0.266667  0.09  0.209306 0.209306 i
 0.266667  0.096  0.169168 0.169168 i
 0.266667  0.102  0.147734 0.147734 i
 0.266667  0.108  0.144086 0.144086 i
 0.266667  0.114  0.134462 0.134462 i
 0.266667  0.12  0.129343 0.129343 i
 0.266667  0.126  0.122195 0.122195 i
 0.266667  0.132  0.114878 0.114878 i
 0.266667  0.138  0.0969208 0.0969208 i
 0.266667  0.144  0.0647487 0.0647487 i
 0.266667  0.15  0.0331329 0.0331329 i
 0.266667  0.156  0.00340471 0.00340471 i
 0.266667  0.162  0.0103808 0.0103808 i
 0.266667  0.168  0.0334505 0.0334505 i
 0.266667  0.174  0.0543838 0.0543838 i
 0.266667  0.18  0.0634775 0.0634775 i
 0.266667  0.186  0.0486433 0.0486433 i
 0.266667  0.192  0.0328554 0.0328554 i
 0.266667  0.198  0.0133974 0.0133974 i
 0.266667  0.204  0.00525565 0.00525565 i
 0.266667  0.21  0.016675 0.016675 i
 0.266667  0.216  0.0246418 0.0246418 i
 0.266667  0.222  0.0378557 0.0378557 i
 0.266667  0.228  0.0442108 0.0442108 i
 0.266667  0.234  0.0410157 0.0410157 i
 0.266667  0.24  0.0257662 0.0257662 i
 0.266667  0.246  0.00345072 0.00345072 i
 0.266667  0.252  0.0165068 0.0165068 i
 0.266667  0.258  0.0340817 0.0340817 i
 0.266667  0.264  0.046712 0.046712 i
 0.266667  0.27  0.0586441 0.0586441 i
 0.266667  0.276  0.0614324 0.0614324 i
 0.266667  0.282  0.0591166 0.0591166 i
 0.266667  0.288  0.0584381 0.0584381 i
 0.266667  0.294  0.0550095 0.0550095 i
 0.266667  0.3  0.0757928 0.0757928 i
 0.266667  0.306  0.103427 0.103427 i
 0.266667  0.312  0.104462 0.104462 i
 0.266667  0.318  0.0752541 0.0752541 i
 0.266667  0.324  0.0468343 0.0468343 i
 0.266667  0.33  0.00363069 0.00363069 i
 0.266667  0.336  0.00945796 0.00945796 i
 0.266667  0.342  0.00614393 0.00614393 i
 0.266667  0.348  0.00633452 0.00633452 i
 0.266667  0.354  0.00507852 0.00507852 i
 0.266667  0.36  0.00356699 0.00356699 i
 0.283333  0  1.54637 1.54637 i
 0.283333  0.006  1.64837 1.64837 i
 0.283333  0.012  1.85581 1.85581 i
 0.283333  0.018  2.00346 2.00346 i
 0.283333  0.024  2.03126 2.03126 i
 0.283333  0.03  1.94464 1.94464 i
 0.283333  0.036  1.7134 1.7134 i
 0.283333  0.042  1.36712 1.36712 i
 0.283333  0.048  1.03728 1.03728 i
 0.283333  0.054  0.800929 0.800929 i
 0.283333  0.06  0.627216 0.627216 i
 0.283333  0.066  0.507819 0.507819 i
 0.283333  0.072  0.421156 0.421156 i
 0.283333  0.078  0.346382 0.346382 i
 0.283333  0.084  0.283951 0.283951 i
 0.283333  0.09  0.223863 0.223863 i
 0.283333  0.096  0.181899 0.181899 i
 0.283333  0.102  0.160557 0.160557 i
 0.283333  0.108  0.155414 0.155414 i
 0.283333  0.114  0.143067 0.143067 i
 0.283333  0.12  0.133658 0.133658 i
 0.283333  0.126  0.129103 0.129103 i
 0.283333  0.132  0.122436 0.122436 i
 0.283333  0.138  0.101345 0.101345 i
 0.283333  0.144  0.0631208 0.0631208 i
 0.283333  0.15  0.0220534 0.0220534 i
 0.283333  0.156  0.0132142 0.0132142 i
 0.283333  0.162  0.00708569 0.00708569 i
 0.283333  0.168  0.0178621 0.0178621 i
 0.283333  0.174  0.0370822 0.0370822 i
 0.283333  0.18  0.0452499 0.0452499 i
 0.283333  0.186  0.0362633 0.0362633 i
 0.283333  0.192  0.0316826 0.0316826 i
 0.283333  0.198  0.022602 0.022602 i
 0.283333  0.204  0.00455371 0.00455371 i
 0.283333  0.21  0.00323676 0.00323676 i
 0.283333  0.216  0.010911 0.010911 i
 0.283333  0.222  0.0294682 0.0294682 i
 0.283333  0.228  0.0269966 0.0269966 i
 0.283333  0.234  0.019712 0.019712 i
 0.283333  0.24  0.0161549 0.0161549 i
 0.283333  0.246  0.00225464 0.00225464 i
 0.283333  0.252  0.00975921 0.00975921 i
 0.283333  0.258  0.0145418 0.0145418 i
 0.283333  0.264  0.0223451 0.0223451 i
 0.283333  0.27  0.0441194 0.0441194 i
 0.283333  0.276  0.0606542 0.0606542 i
 0.283333  0.282  0.063681 0.063681 i
 0.283333  0.288  0.0575797 0.0575797 i
 0.283333  0.294  0.0480913 0.0480913 i
 0.283333  0.3  0.0639016 0.0639016 i
 0.283333  0.306  0.0934534 0.0934534 i
 0.283333  0.312  0.104825 0.104825 i
 0.283333  0.318  0.0769097 0.0769097 i
 0.283333  0.324  0.0474854 0.0474854 i
 0.283333  0.33  0.00735808 0.00735808 i
 0.283333  0.336  0.00477536 0.00477536 i
 0.283333  0.342  0.00146947 0.00146947 i
 0.283333  0.348  0.0103901 0.0103901 i
 0.283333  0.354  0.0180528 0.0180528 i
 0.283333  0.36  0.0107241 0.0107241 i
 0.3  0  1.3461 1.3461 i
 0.3  0.006  1.439 1.439 i
 0.3  0.012  1.64652 1.64652 i
 0.3  0.018  1.84031 1.84031 i
 0.3  0.024  1.97687 1.97687 i
 0.3  0.03  2.03742 2.03742 i
 0.3  0.036  1.91857 1.91857 i
 0.3  0.042  1.59378 1.59378 i
 0.3  0.048  1.22562 1.22562 i
 0.3  0.054  0.930606 0.930606 i
 0.3  0.06  0.711508 0.711508 i
 0.3  0.066  0.563933 0.563933 i
 0.3  0.072  0.457394 0.457394 i
 0.3  0.078  0.36748 0.36748 i
 0.3  0.084  0.29609 0.29609 i
 0.3  0.09  0.234807 0.234807 i
 0.3  0.096  0.19172 0.19172 i
 0.3  0.102  0.168496 0.168496 i
 0.3  0.108  0.158678 0.158678 i
 0.3  0.114  0.144973 0.144973 i
 0.3  0.12  0.137484 0.137484 i
 0.3  0.126  0.138417 0.138417 i
 0.3  0.132  0.134016 0.134016 i
 0.3  0.138  0.111357 0.111357 i
 0.3  0.144  0.0701866 0.0701866 i
 0.3  0.15  0.0196438 0.0196438 i
 0.3  0.156  0.0217725 0.0217725 i
 0.3  0.162  0.0160506 0.0160506 i
 0.3  0.168  0.0127736 0.0127736 i
 0.3  0.174  0.0348637 0.0348637 i
 0.3  0.18  0.0467871 0.0467871 i
 0.3  0.186  0.0383055 0.0383055 i
 0.3  0.192  0.0358911 0.0358911 i
 0.3  0.198  0.0321739 0.0321739 i
 0.3  0.204  0.0154822 0.0154822 i
 0.3  0.21  0.00717032 0.00717032 i
 0.3  0.216  0.000513676 0.000513676 i
 0.3  0.222  0.0201388 0.0201388 i
 0.3  0.228  0.0133988 0.0133988 i
 0.3  0.234  0.000459599 0.000459599 i
 0.3  0.24  0.00546154 0.00546154 i
 0.3  0.246  0.00323647 0.00323647 i
 0.3  0.252  0.000497954 0.000497954 i
 0.3  0.258  0.00230344 0.00230344 i
 0.3  0.264  0.00284907 0.00284907 i
 0.3  0.27  0.0321994 0.0321994 i
 0.3  0.276  0.0622612 0.0622612 i
 0.3  0.282  0.0715805 0.0715805 i
 0.3  0.288  0.0643534 0.0643534 i
 0.3  0.294  0.0518999 0.0518999 i
 0.3  0.3  0.067194 0.067194 i
 0.3  0.306  0.0925035 0.0925035 i
 0.3  0.312  0.103436 0.103436 i
 0.3  0.318  0.0749592 0.0749592 i
 0.3  0.324  0.0467535 0.0467535 i
 0.3  0.33  0.0137924 0.0137924 i
 0.3  0.336  0.00912229 0.00912229 i
 0.3  0.342  0.0120591 0.0120591 i
 0.3  0.348  0.00420145 0.00420145 i
 0.3  0.354  0.0198534 0.0198534 i
 0.3  0.36  0.00877847 0.00877847 i
 0.316667  0  1.15647 1.15647 i
 0.316667  0.006  1.23769 1.23769 i
 0.316667  0.012  1.43308 1.43308 i
 0.316667  0.018  1.64644 1.64644 i
 0.316667  0.024  1.85303 1.85303 i
 0.316667  0.03  2.03203 2.03203 i
 0.316667  0.036  2.03749 2.03749 i
 0.316667  0.042  1.7752 1.7752 i
 0.316667  0.048  1.3983 1.3983 i
 0.316667  0.054  1.05512 1.05512 i
 0.316667  0.06  0.794874 0.794874 i
 0.316667  0.066  0.62116 0.62116 i
 0.316667  0.072  0.498044 0.498044 i
 0.316667  0.078  0.396253 0.396253 i
 0.316667  0.084  0.314098 0.314098 i
 0.316667  0.09  0.25283 0.25283 i
 0.316667  0.096  0.210071 0.210071 i
 0.316667  0.102  0.185523 0.185523 i
 0.316667  0.108  0.173025 0.173025 i
 0.316667  0.114  0.160636 0.160636 i
 0.316667  0.12  0.1556 0.1556 i
 0.316667  0.126  0.157339 0.157339 i
 0.316667  0.132  0.153815 0.153815 i
 0.316667  0.138  0.130047 0.130047 i
 0.316667  0.144  0.0894028 0.0894028 i
 0.316667  0.15  0.034512 0.034512 i
 0.316667  0.156  0.0127907 0.0127907 i
 0.316667  0.162  0.00962473 0.00962473 i
 0.316667  0.168  0.0224276 0.0224276 i
 0.316667  0.174  0.0493347 0.0493347 i
 0.316667  0.18  0.0663561 0.0663561 i
 0.316667  0.186  0.0527289 0.0527289 i
 0.316667  0.192  0.0431945 0.0431945 i
 0.316667  0.198  0.0349972 0.0349972 i
 0.316667  0.204  0.0162564 0.0162564 i
 0.316667  0.21  0.00357731 0.00357731 i
 0.316667  0.216  0.00329864 0.00329864 i
 0.316667  0.222  0.0203478 0.0203478 i
 0.316667  0.228  0.0128911 0.0128911 i
 0.316667  0.234  0.00408775 0.00408775 i
 0.316667  0.24  0.000121575 0.000121575 i
 0.316667  0.246  0.00229853 0.00229853 i
 0.316667  0.252  0.00130423 0.00130423 i
 0.316667  0.258  0.00219905 0.00219905 i
 0.316667  0.264  0.00233448 0.00233448 i
 0.316667  0.27  0.0304261 0.0304261 i
 0.316667  0.276  0.0639673 0.0639673 i
 0.316667  0.282  0.075535 0.075535 i
 0.316667  0.288  0.0704152 0.0704152 i
 0.316667  0.294  0.0561892 0.0561892 i
 0.316667  0.3  0.0732641 0.0732641 i
 0.316667  0.306  0.0949686 0.0949686 i
 0.316667  0.312  0.0966542 0.0966542 i
 0.316667  0.318  0.0651065 0.0651065 i
 0.316667  0.324  0.0389528 0.0389528 i
 0.316667  0.33  0.0125558 0.0125558 i
 0.316667  0.336  0.0142287 0.0142287 i
 0.316667  0.342  0.0133127 0.0133127 i
 0.316667  0.348  0.00416416 0.00416416 i
 0.316667  0.354  0.0190352 0.0190352 i
 0.316667  0.36  0.00502451 0.00502451 i
 0.333333  0  0.978269 0.978269 i
 0.333333  0.006  1.04671 1.04671 i
 0.333333  0.012  1.22185 1.22185 i
 0.333333  0.018  1.43313 1.43313 i
 0.333333  0.024  1.66936 1.66936 i
 0.333333  0.03  1.92162 1.92162 i
 0.333333  0.036  2.04267 2.04267 i
 0.333333  0.042  1.88476 1.88476 i
 0.333333  0.048  1.53865 1.53865 i
 0.333333  0.054  1.16624 1.16624 i
 0.333333  0.06  0.874068 0.874068 i
 0.333333  0.066  0.678905 0.678905 i
 0.333333  0.072  0.543562 0.543562 i
 0.333333  0.078  0.433523 0.433523 i
 0.333333  0.084  0.341261 0.341261 i
 0.333333  0.09  0.280414 0.280414 i
 0.333333  0.096  0.238217 0.238217 i
 0.333333  0.102  0.213235 0.213235 i
 0.333333  0.108  0.200744 0.200744 i
 0.333333  0.114  0.190813 0.190813 i
 0.333333  0.12  0.185375 0.185375 i
 0.333333  0.126  0.181907 0.181907 i
 0.333333  0.132  0.177472 0.177472 i
 0.333333  0.138  0.15469 0.15469 i
 0.333333  0.144  0.118903 0.118903 i
 0.333333  0.15  0.0668585 0.0668585 i
 0.333333  0.156  0.0141056 0.0141056 i
 0.333333  0.162  0.0115051 0.0115051 i
 0.333333  0.168  0.0433787 0.0433787 i
 0.333333  0.174  0.072164 0.072164 i
 0.333333  0.18  0.0917739 0.0917739 i
 0.333333  0.186  0.0731948 0.0731948 i
 0.333333  0.192  0.0553127 0.0553127 i
 0.333333  0.198  0.0388802 0.0388802 i
 0.333333  0.204  0.0143422 0.0143422 i
 0.333333  0.21  0.00311035 0.00311035 i
 0.333333  0.216  0.0124001 0.0124001 i
 0.333333  0.222  0.023427 0.023427 i
 0.333333  0.228  0.01435 0.01435 i
 0.333333  0.234  0.0041985 0.0041985 i
 0.333333  0.24  0.00679141 0.00679141 i
 0.333333  0.246  0.00854346 0.00854346 i
 0.333333  0.252  0.00861278 0.00861278 i
 0.333333  0.258  0.0110615 0.0110615 i
 0.333333  0.264  0.0155008 0.0155008 i
 0.333333  0.27  0.0342688 0.0342688 i
 0.333333  0.276  0.057136 0.057136 i
 0.333333  0.282  0.0634184 0.0634184 i
 0.333333  0.288  0.0616559 0.0616559 i
 0.333333  0.294  0.0452799 0.0452799 i
 0.333333  0.3  0.0608112 0.0608112 i
 0.333333  0.306  0.0822893 0.0822893 i
 0.333333  0.312  0.0729601 0.0729601 i
 0.333333  0.318  0.0384958 0.0384958 i
 0.333333  0.324  0.0185958 0.0185958 i
 0.333333  0.33  0.00183724 0.00183724 i
 0.333333  0.336  0.00134703 0.00134703 i
 0.333333  0.342  0.00309903 0.00309903 i
 0.333333  0.348  0.0138948 0.0138948 i
 0.333333  0.354  0.0198552 0.0198552 i
 0.333333  0.36  0.00558553 0.00558553 i
 0.35  0  0.815465 0.815465 i
 0.35  0.006  0.87128 0.87128 i
 0.35  0.012  1.02272 1.02272 i
 0.35  0.018  1.21924 1.21924 i
 0.35  0.024  1.45581 1.45581 i
 0.35  0.03  1.73895 1.73895 i
 0.35  0.036  1.95214 1.95214 i
 0.35  0.042  1.92161 1.92161 i
 0.35  0.048  1.63913 1.63913 i
 0.35  0.054  1.25946 1.25946 i
 0.35  0.06  0.948133 0.948133 i
 0.35  0.066  0.738143 0.738143 i
 0.35  0.072  0.594145 0.594145 i
 0.35  0.078  0.476899 0.476899 i
 0.35  0.084  0.375871 0.375871 i
 0.35  0.09  0.314011 0.314011 i
 0.35  0.096  0.2688 0.2688 i
 0.35  0.102  0.240755 0.240755 i
 0.35  0.108  0.224581 0.224581 i
 0.35  0.114  0.213343 0.213343 i
 0.35  0.12  0.206695 0.206695 i
 0.35  0.126  0.199327 0.199327 i
 0.35  0.132  0.195591 0.195591 i
 0.35  0.138  0.177073 0.177073 i
 0.35  0.144  0.148313 0.148313 i
 0.35  0.15  0.10271 0.10271 i
 0.35  0.156  0.0458741 0.0458741 i
 0.35  0.162  0.0376286 0.0376286 i
 0.35  0.168  0.0665019 0.0665019 i
 0.35  0.174  0.0921711 0.0921711 i
 0.35  0.18  0.109969 0.109969 i
 0.35  0.186  0.090911 0.090911 i
 0.35  0.192  0.0699355 0.0699355 i
 0.35  0.198  0.0518354 0.0518354 i
 0.35  0.204  0.0249697 0.0249697 i
 0.35  0.21  0.00605298 0.00605298 i
 0.35  0.216  0.00841088 0.00841088 i
 0.35  0.222  0.0180018 0.0180018 i
 0.35  0.228  0.00460446 0.00460446 i
 0.35  0.234  0.0142179 0.0142179 i
 0.35  0.24  0.020246 0.020246 i
 0.35  0.246  0.0270278 0.0270278 i
 0.35  0.252  0.0254085 0.0254085 i
 0.35  0.258  0.0258949 0.0258949 i
 0.35  0.264  0.0296052 0.0296052 i
 0.35  0.27  0.0367912 0.0367912 i
 0.35  0.276  0.0401218 0.0401218 i
 0.35  0.282  0.0363001 0.0363001 i
 0.35  0.288  0.0389171 0.0389171 i
 0.35  0.294  0.0241444 0.0241444 i
 0.35  0.3  0.0360983 0.0360983 i
 0.35  0.306  0.0573046 0.0573046 i
 0.35  0.312  0.0409593 0.0409593 i
 0.35  0.318  0.00693442 0.00693442 i
 0.35  0.324  0.00206255 0.00206255 i
 0.35  0.33  0.0163689 0.0163689 i
 0.35  0.336  0.0150184 0.0150184 i
 0.35  0.342  0.0184559 0.0184559 i
 0.35  0.348  0.018961 0.018961 i
 0.35  0.354  0.0166712 0.0166712 i
 0.35  0.36  0.00767426 0.00767426 i
 0.366667  0  0.674545 0.674545 i
 0.366667  0.006  0.71877 0.71877 i
 0.366667  0.012  0.846782 0.846782 i
 0.366667  0.018  1.02443 1.02443 i
 0.366667  0.024  1.24731 1.24731 i
 0.366667  0.03  1.53444 1.53444 i
 0.366667  0.036  1.81108 1.81108 i
 0.366667  0.042  1.90049 1.90049 i
 0.366667  0.048  1.69675 1.69675 i
 0.366667  0.054  1.33184 1.33184 i
 0.366667  0.06  1.0182 1.0182 i
 0.366667  0.066  0.80415 0.80415 i
 0.366667  0.072  0.657742 0.657742 i
 0.366667  0.078  0.534994 0.534994 i
 0.366667  0.084  0.424553 0.424553 i
 0.366667  0.09  0.356631 0.356631 i
 0.366667  0.096  0.302389 0.302389 i
 0.366667  0.102  0.265855 0.265855 i
 0.366667  0.108  0.238099 0.238099 i
 0.366667  0.114  0.218346 0.218346 i
 0.366667  0.12  0.210649 0.210649 i
 0.366667  0.126  0.20613 0.20613 i
 0.366667  0.132  0.206544 0.206544 i
 0.366667  0.138  0.192683 0.192683 i
 0.366667  0.144  0.1678 0.1678 i
 0.366667  0.15  0.126266 0.126266 i
 0.366667  0.156  0.0692152 0.0692152 i
 0.366667  0.162  0.060414 0.060414 i
 0.366667  0.168  0.0858862 0.0858862 i
 0.366667  0.174  0.105568 0.105568 i
 0.366667  0.18  0.117696 0.117696 i
 0.366667  0.186  0.100549 0.100549 i
 0.366667  0.192  0.0803603 0.0803603 i
 0.366667  0.198  0.0680392 0.0680392 i
 0.366667  0.204  0.0471125 0.0471125 i
 0.366667  0.21  0.0322675 0.0322675 i
 0.366667  0.216  0.0124858 0.0124858 i
 0.366667  0.222  0.00261202 0.00261202 i
 0.366667  0.228  0.0138944 0.0138944 i
 0.366667  0.234  0.0319217 0.0319217 i
 0.366667  0.24  0.0320035 0.0320035 i
 0.366667  0.246  0.0382408 0.0382408 i
 0.366667  0.252  0.0379589 0.0379589 i
 0.366667  0.258  0.0345672 0.0345672 i
 0.366667  0.264  0.0365182 0.0365182 i
 0.366667  0.27  0.0349734 0.0349734 i
 0.366667  0.276  0.0212417 0.0212417 i
 0.366667  0.282  0.0106997 0.0106997 i
 0.366667  0.288  0.0190097 0.0190097 i
 0.366667  0.294  0.0137661 0.0137661 i
 0.366667  0.3  0.026936 0.026936 i
 0.366667  0.306  0.0447514 0.0447514 i
 0.366667  0.312  0.0264208 0.0264208 i
 0.366667  0.318  0.00417546 0.00417546 i
 0.366667  0.324  0.00363893 0.00363893 i
 0.366667  0.33  0.0139863 0.0139863 i
 0.366667  0.336  0.0158524 0.0158524 i
 0.366667  0.342  0.0162824 0.0162824 i
 0.366667  0.348  0.00956978 0.00956978 i
 0.366667  0.354  0.00579033 0.00579033 i
 0.366667  0.36  0.00580598 0.00580598 i
 0.383333  0  0.558708 0.558708 i
 0.383333  0.006  0.593008 0.593008 i
 0.383333  0.012  0.699997 0.699997 i
 0.383333  0.018  0.859415 0.859415 i
 0.383333  0.024  1.06513 1.06513 i
 0.383333  0.03  1.3438 1.3438 i
 0.383333  0.036  1.65593 1.65593 i
 0.383333  0.042  1.83301 1.83301 i
 0.383333  0.048  1.70687 1.70687 i
 0.383333  0.054  1.37824 1.37824 i
 0.383333  0.06  1.08341 1.08341 i
 0.383333  0.066  0.881739 0.881739 i
 0.383333  0.072  0.745307 0.745307 i
 0.383333  0.078  0.62417 0.62417 i
 0.383333  0.084  0.502444 0.502444 i
 0.383333  0.09  0.41936 0.41936 i
 0.383333  0.096  0.350126 0.350126 i
 0.383333  0.102  0.30091 0.30091 i
 0.383333  0.108  0.258608 0.258608 i
 0.383333  0.114  0.226514 0.226514 i
 0.383333  0.12  0.214912 0.214912 i
 0.383333  0.126  0.215917 0.215917 i
 0.383333  0.132  0.220446 0.220446 i
 0.383333  0.138  0.206747 0.206747 i
 0.383333  0.144  0.179579 0.179579 i
 0.383333  0.15  0.138046 0.138046 i
 0.383333  0.156  0.0865477 0.0865477 i
 0.383333  0.162  0.0823387 0.0823387 i
 0.383333  0.168  0.104225 0.104225 i
 0.383333  0.174  0.118248 0.118248 i
 0.383333  0.18  0.122992 0.122992 i
 0.383333  0.186  0.105277 0.105277 i
 0.383333  0.192  0.0849787 0.0849787 i
 0.383333  0.198  0.0766761 0.0766761 i
 0.383333  0.204  0.0641442 0.0641442 i
 0.383333  0.21  0.0573502 0.0573502 i
 0.383333  0.216  0.0371431 0.0371431 i
 0.383333  0.222  0.0157252 0.0157252 i
 0.383333  0.228  0.0284426 0.0284426 i
 0.383333  0.234  0.0431924 0.0431924 i
 0.383333  0.24  0.0322692 0.0322692 i
 0.383333  0.246  0.0331472 0.0331472 i
 0.383333  0.252  0.0389667 0.0389667 i
 0.383333  0.258  0.0353631 0.0353631 i
 0.383333  0.264  0.0344489 0.0344489 i
 0.383333  0.27  0.0282284 0.0282284 i
 0.383333  0.276  0.00904194 0.00904194 i
 0.383333  0.282  0.0022439 0.0022439 i
 0.383333  0.288  0.0162056 0.0162056 i
 0.383333  0.294  0.0238639 0.0238639 i
 0.383333  0.3  0.0436705 0.0436705 i
 0.383333  0.306  0.0563148 0.0563148 i
 0.383333  0.312  0.0377384 0.0377384 i
 0.383333  0.318  0.00943437 0.00943437 i
 0.383333  0.324  0.0129236 0.0129236 i
 0.383333  0.33  0.00292721 0.00292721 i
 0.383333  0.336  0.00231324 0.00231324 i
 0.383333  0.342  0.0030522 0.0030522 i
 0.383333  0.348  0.00448368 0.00448368 i
 0.383333  0.354  0.00507538 0.00507538 i
 0.383333  0.36  0.00190951 0.00190951 i
 0.4  0  0.465895 0.465895 i
 0.4  0.006  0.492131 0.492131 i
 0.4  0.012  0.580949 0.580949 i
 0.4  0.018  0.723644 0.723644 i
 0.4  0.024  0.911894 0.911894 i
 0.4  0.03  1.17538 1.17538 i
 0.4  0.036  1.49692 1.49692 i
 0.4  0.042  1.72166 1.72166 i
 0.4  0.048  1.6645 1.6645 i
 0.4  0.054  1.39183 1.39183 i
 0.4  0.06  1.13773 1.13773 i
 0.4  0.066  0.967673 0.967673 i
 0.4  0.072  0.857502 0.857502 i
 0.4  0.078  0.74999 0.74999 i
 0.4  0.084  0.617228 0.617228 i
 0.4  0.09  0.507728 0.507728 i
 0.4  0.096  0.417315 0.417315 i
 0.4  0.102  0.353174 0.353174 i
 0.4  0.108  0.299327 0.299327 i
 0.4  0.114  0.258045 0.258045 i
 0.4  0.12  0.239781 0.239781 i
 0.4  0.126  0.242524 0.242524 i
 0.4  0.132  0.247154 0.247154 i
 0.4  0.138  0.229074 0.229074 i
 0.4  0.144  0.197924 0.197924 i
 0.4  0.15  0.157257 0.157257 i
 0.4  0.156  0.114673 0.114673 i
 0.4  0.162  0.11259 0.11259 i
 0.4  0.168  0.127916 0.127916 i
 0.4  0.174  0.137473 0.137473 i
 0.4  0.18  0.135534 0.135534 i
 0.4  0.186  0.113248 0.113248 i
 0.4  0.192  0.091078 0.091078 i
 0.4  0.198  0.0799484 0.0799484 i
 0.4  0.204  0.069973 0.069973 i
 0.4  0.21  0.0689379 0.0689379 i
 0.4  0.216  0.0535698 0.0535698 i
 0.4  0.222  0.0322719 0.0322719 i
 0.4  0.228  0.03383 0.03383 i
 0.4  0.234  0.0427998 0.0427998 i
 0.4  0.24  0.0271921 0.0271921 i
 0.4  0.246  0.0242597 0.0242597 i
 0.4  0.252  0.0340473 0.0340473 i
 0.4  0.258  0.0316497 0.0316497 i
 0.4  0.264  0.0264818 0.0264818 i
 0.4  0.27  0.0177263 0.0177263 i
 0.4  0.276  0.00533306 0.00533306 i
 0.4  0.282  0.0123551 0.0123551 i
 0.4  0.288  0.0297273 0.0297273 i
 0.4  0.294  0.0428497 0.0428497 i
 0.4  0.3  0.0656855 0.0656855 i
 0.4  0.306  0.0741321 0.0741321 i
 0.4  0.312  0.053551 0.053551 i
 0.4  0.318  0.023802 0.023802 i
 0.4  0.324  0.0258834 0.0258834 i
 0.4  0.33  0.0158383 0.0158383 i
 0.4  0.336  0.00913845 0.00913845 i
 0.4  0.342  0.00520062 0.00520062 i
 0.4  0.348  0.00858499 0.00858499 i
 0.4  0.354  0.00545237 0.00545237 i
 0.4  0.36  0.00361285 0.00361285 i
 0.416667  0  0.392102 0.392102 i
 0.416667  0.006  0.411816 0.411816 i
 0.416667  0.012  0.484659 0.484659 i
 0.416667  0.018  0.611324 0.611324 i
 0.416667  0.024  0.781314 0.781314 i
 0.416667  0.03  1.02301 1.02301 i
 0.416667  0.036  1.33075 1.33075 i
 0.416667  0.042  1.57 1.57 i
 0.416667  0.048  1.57179 1.57179 i
 0.416667  0.054  1.36861 1.36861 i
 0.416667  0.06  1.17201 1.17201 i
 0.416667  0.066  1.04935 1.04935 i
 0.416667  0.072  0.978757 0.978757 i
 0.416667  0.078  0.895707 0.895707 i
 0.416667  0.084  0.755919 0.755919 i
 0.416667  0.09  0.611952 0.611952 i
 0.416667  0.096  0.494692 0.494692 i
 0.416667  0.102  0.412991 0.412991 i
 0.416667  0.108  0.34711 0.34711 i
 0.416667  0.114  0.300956 0.300956 i
 0.416667  0.12  0.279604 0.279604 i
 0.416667  0.126  0.281356 0.281356 i
 0.416667  0.132  0.284375 0.284375 i
 0.416667  0.138  0.26471 0.26471 i
 0.416667  0.144  0.236863 0.236863 i
 0.416667  0.15  0.203529 0.203529 i
 0.416667  0.156  0.165936 0.165936 i
 0.416667  0.162  0.154315 0.154315 i
 0.416667  0.168  0.158242 0.158242 i
 0.416667  0.174  0.163097 0.163097 i
 0.416667  0.18  0.156458 0.156458 i
 0.416667  0.186  0.128069 0.128069 i
 0.416667  0.192  0.104569 0.104569 i
 0.416667  0.198  0.0896756 0.0896756 i
 0.416667  0.204  0.0777538 0.0777538 i
 0.416667  0.21  0.0750684 0.0750684 i
 0.416667  0.216  0.0635544 0.0635544 i
 0.416667  0.222  0.0481738 0.0481738 i
 0.416667  0.228  0.0376884 0.0376884 i
 0.416667  0.234  0.041192 0.041192 i
 0.416667  0.24  0.0334986 0.0334986 i
 0.416667  0.246  0.0322545 0.0322545 i
 0.416667  0.252  0.036315 0.036315 i
 0.416667  0.258  0.0307365 0.0307365 i
 0.416667  0.264  0.0199073 0.0199073 i
 0.416667  0.27  0.00863625 0.00863625 i
 0.416667  0.276  0.00835579 0.00835579 i
 0.416667  0.282  0.0316776 0.0316776 i
 0.416667  0.288  0.0499416 0.0499416 i
 0.416667  0.294  0.0564433 0.0564433 i
 0.416667  0.3  0.0718223 0.0718223 i
 0.416667  0.306  0.0776953 0.0776953 i
 0.416667  0.312  0.0541563 0.0541563 i
 0.416667  0.318  0.0223982 0.0223982 i
 0.416667  0.324  0.0239241 0.0239241 i
 0.416667  0.33  0.0162531 0.0162531 i
 0.416667  0.336  0.0107068 0.0107068 i
 0.416667  0.342  0.0055889 0.0055889 i
 0.416667  0.348  0.00302386 0.00302386 i
 0.416667  0.354  0.00425112 0.00425112 i
 0.416667  0.36  0.0133182 0.0133182 i
 0.433333  0  0.333786 0.333786 i
 0.433333  0.006  0.348105 0.348105 i
 0.433333  0.012  0.406678 0.406678 i
 0.433333  0.018  0.517742 0.517742 i
 0.433333  0.024  0.668783 0.668783 i
 0.433333  0.03  0.883392 0.883392 i
 0.433333  0.036  1.16074 1.16074 i
 0.433333  0.042  1.39272 1.39272 i
 0.433333  0.048  1.44157 1.44157 i
 0.433333  0.054  1.31105 1.31105 i
 0.433333  0.06  1.17926 1.17926 i
 0.433333  0.066  1.11175 1.11175 i
 0.433333  0.072  1.08593 1.08593 i
 0.433333  0.078  1.03134 1.03134 i
 0.433333  0.084  0.89032 0.89032 i
 0.433333  0.09  0.713603 0.713603 i
 0.433333  0.096  0.569904 0.569904 i
 0.433333  0.102  0.469033 0.469033 i
 0.433333  0.108  0.384238 0.384238 i
 0.433333  0.114  0.331445 0.331445 i
 0.433333  0.12  0.313032 0.313032 i
 0.433333  0.126  0.315981 0.315981 i
 0.433333  0.132  0.322007 0.322007 i
 0.433333  0.138  0.311209 0.311209 i
 0.433333  0.144  0.29753 0.29753 i
 0.433333  0.15  0.275871 0.275871 i
 0.433333  0.156  0.232376 0.232376 i
 0.433333  0.162  0.198987 0.198987 i
 0.433333  0.168  0.189572 0.189572 i
 0.433333  0.174  0.188666 0.188666 i
 0.433333  0.18  0.178926 0.178926 i
 0.433333  0.186  0.145233 0.145233 i
 0.433333  0.192  0.120212 0.120212 i
 0.433333  0.198  0.106221 0.106221 i
 0.433333  0.204  0.0956209 0.0956209 i
 0.433333  0.21  0.087886 0.087886 i
 0.433333  0.216  0.0753699 0.0753699 i
 0.433333  0.222  0.064869 0.064869 i
 0.433333  0.228  0.0485809 0.0485809 i
 0.433333  0.234  0.0489715 0.0489715 i
 0.433333  0.24  0.0544718 0.0544718 i
 0.433333  0.246  0.0570821 0.0570821 i
 0.433333  0.252  0.0490922 0.0490922 i
 0.433333  0.258  0.0375232 0.0375232 i
 0.433333  0.264  0.0213057 0.0213057 i
 0.433333  0.27  0.00763814 0.00763814 i
 0.433333  0.276  0.016581 0.016581 i
 0.433333  0.282  0.0502358 0.0502358 i
 0.433333  0.288  0.0691975 0.0691975 i
 0.433333  0.294  0.064761 0.064761 i
 0.433333  0.3  0.0681577 0.0681577 i
 0.433333  0.306  0.0727622 0.0727622 i
 0.433333  0.312  0.0494233 0.0494233 i
 0.433333  0.318  0.0201749 0.0201749 i
 0.433333  0.324  0.0219774 0.0219774 i
 0.433333  0.33  0.0157249 0.0157249 i
 0.433333  0.336  0.0103086 0.0103086 i
 0.433333  0.342  0.00642431 0.00642431 i
 0.433333  0.348  0.00166555 0.00166555 i
 0.433333  0.354  0.0142146 0.0142146 i
 0.433333  0.36  0.0241214 0.0241214 i
 0.45  0  0.287492 0.287492 i
 0.45  0.006  0.29746 0.29746 i
 0.45  0.012  0.34375 0.34375 i
 0.45  0.018  0.440243 0.440243 i
 0.45  0.024  0.573038 0.573038 i
 0.45  0.03  0.759558 0.759558 i
 0.45  0.036  1.00003 1.00003 i
 0.45  0.042  1.21184 1.21184 i
 0.45  0.048  1.29222 1.29222 i
 0.45  0.054  1.22691 1.22691 i
 0.45  0.06  1.15826 1.15826 i
 0.45  0.066  1.14573 1.14573 i
 0.45  0.072  1.16246 1.16246 i
 0.45  0.078  1.13323 1.13323 i
 0.45  0.084  0.995395 0.995395 i
 0.45  0.09  0.798499 0.798499 i
 0.45  0.096  0.638624 0.638624 i
 0.45  0.102  0.522883 0.522883 i
 0.45  0.108  0.417284 0.417284 i
 0.45  0.114  0.353016 0.353016 i
 0.45  0.12  0.334834 0.334834 i
 0.45  0.126  0.33993 0.33993 i
 0.45  0.132  0.355352 0.355352 i
 0.45  0.138  0.362777 0.362777 i
 0.45  0.144  0.366717 0.366717 i
 0.45  0.15  0.350973 0.350973 i
 0.45  0.156  0.291185 0.291185 i
 0.45  0.162  0.234819 0.234819 i
 0.45  0.168  0.21613 0.21613 i
 0.45  0.174  0.210089 0.210089 i
 0.45  0.18  0.197893 0.197893 i
 0.45  0.186  0.159776 0.159776 i
 0.45  0.192  0.129286 0.129286 i
 0.45  0.198  0.116118 0.116118 i
 0.45  0.204  0.111612 0.111612 i
 0.45  0.21  0.105182 0.105182 i
 0.45  0.216  0.0912676 0.0912676 i
 0.45  0.222  0.0804354 0.0804354 i
 0.45  0.228  0.0649988 0.0649988 i
 0.45  0.234  0.062542 0.062542 i
 0.45  0.24  0.0720396 0.0720396 i
 0.45  0.246  0.0741978 0.0741978 i
 0.45  0.252  0.0596051 0.0596051 i
 0.45  0.258  0.0474764 0.0474764 i
 0.45  0.264  0.0293672 0.0293672 i
 0.45  0.27  0.0153122 0.0153122 i
 0.45  0.276  0.026251 0.026251 i
 0.45  0.282  0.060852 0.060852 i
 0.45  0.288  0.082567 0.082567 i
 0.45  0.294  0.0745819 0.0745819 i
 0.45  0.3  0.0739173 0.0739173 i
 0.45  0.306  0.0795309 0.0795309 i
 0.45  0.312  0.0607774 0.0607774 i
 0.45  0.318  0.0377813 0.0377813 i
 0.45  0.324  0.0361913 0.0361913 i
 0.45  0.33  0.025736 0.025736 i
 0.45  0.336  0.0156995 0.0156995 i
 0.45  0.342  0.0100087 0.0100087 i
 0.45  0.348  0.00190336 0.00190336 i
 0.45  0.354  0.0174723 0.0174723 i
 0.45  0.36  0.0275095 0.0275095 i
 0.466667  0  0.250141 0.250141 i
 0.466667  0.006  0.256865 0.256865 i
 0.466667  0.012  0.293128 0.293128 i
 0.466667  0.018  0.376402 0.376402 i
 0.466667  0.024  0.492452 0.492452 i
 0.466667  0.03  0.653521 0.653521 i
 0.466667  0.036  0.859395 0.859395 i
 0.466667  0.042  1.0441 1.0441 i
 0.466667  0.048  1.139 1.139 i
 0.466667  0.054  1.12548 1.12548 i
 0.466667  0.06  1.11285 1.11285 i
 0.466667  0.066  1.15028 1.15028 i
 0.466667  0.072  1.20401 1.20401 i
 0.466667  0.078  1.19396 1.19396 i
 0.466667  0.084  1.06145 1.06145 i
 0.466667  0.09  0.8609 0.8609 i
 0.466667  0.096  0.699357 0.699357 i
 0.466667  0.102  0.578333 0.578333 i
 0.466667  0.108  0.462672 0.462672 i
 0.466667  0.114  0.388349 0.388349 i
 0.466667  0.12  0.35935 0.35935 i
 0.466667  0.126  0.362348 0.362348 i
 0.466667  0.132  0.388595 0.388595 i
 0.466667  0.138  0.414411 0.414411 i
 0.466667  0.144  0.427714 0.427714 i
 0.466667  0.15  0.404122 0.404122 i
 0.466667  0.156  0.327037 0.327037 i
 0.466667  0.162  0.25949 0.25949 i
 0.466667  0.168  0.23846 0.23846 i
 0.466667  0.174  0.230354 0.230354 i
 0.466667  0.18  0.216319 0.216319 i
 0.466667  0.186  0.174615 0.174615 i
 0.466667  0.192  0.13524 0.13524 i
 0.466667  0.198  0.116438 0.116438 i
 0.466667  0.204  0.116394 0.116394 i
 0.466667  0.21  0.119251 0.119251 i
 0.466667  0.216  0.108114 0.108114 i
 0.466667  0.222  0.0932852 0.0932852 i
 0.466667  0.228  0.0794567 0.0794567 i
 0.466667  0.234  0.0715109 0.0715109 i
 0.466667  0.24  0.0703027 0.0703027 i
 0.466667  0.246  0.0660694 0.0660694 i
 0.466667  0.252  0.0560521 0.0560521 i
 0.466667  0.258  0.051524 0.051524 i
 0.466667  0.264  0.0364104 0.0364104 i
 0.466667  0.27  0.0244918 0.0244918 i
 0.466667  0.276  0.0303801 0.0303801 i
 0.466667  0.282  0.0586937 0.0586937 i
 0.466667  0.288  0.0845496 0.0845496 i
 0.466667  0.294  0.0833934 0.0833934 i
 0.466667  0.3  0.0900636 0.0900636 i
 0.466667  0.306  0.0999774 0.0999774 i
 0.466667  0.312  0.0861914 0.0861914 i
 0.466667  0.318  0.0668408 0.0668408 i
 0.466667  0.324  0.0574146 0.0574146 i
 0.466667  0.33  0.04019 0.04019 i
 0.466667  0.336  0.0238008 0.0238008 i
 0.466667  0.342  0.0110902 0.0110902 i
 0.466667  0.348  0.00160469 0.00160469 i
 0.466667  0.354  0.0137529 0.0137529 i
 0.466667  0.36  0.021183 0.021183 i
 0.483333  0  0.220112 0.220112 i
 0.483333  0.006  0.224502 0.224502 i
 0.483333  0.012  0.25247 0.25247 i
 0.483333  0.018  0.323378 0.323378 i
 0.483333  0.024  0.423665 0.423665 i
 0.483333  0.03  0.562107 0.562107 i
 0.483333  0.036  0.738327 0.738327 i
 0.483333  0.042  0.893933 0.893933 i
 0.483333  0.048  0.989879 0.989879 i
 0.483333  0.054  1.01445 1.01445 i
 0.483333  0.06  1.04839 1.04839 i
 0.483333  0.066  1.12804 1.12804 i
 0.483333  0.072  1.21238 1.21238 i
 0.483333  0.078  1.21558 1.21558 i
 0.483333  0.084  1.09003 1.09003 i
 0.483333  0.09  0.898825 0.898825 i
 0.483333  0.096  0.745279 0.745279 i
 0.483333  0.102  0.62617 0.62617 i
 0.483333  0.108  0.513168 0.513168 i
 0.483333  0.114  0.437658 0.437658 i
 0.483333  0.12  0.394022 0.394022 i
 0.483333  0.126  0.392562 0.392562 i
 0.483333  0.132  0.426356 0.426356 i
 0.483333  0.138  0.463125 0.463125 i
 0.483333  0.144  0.473614 0.473614 i
 0.483333  0.15  0.432163 0.432163 i
 0.483333  0.156  0.347573 0.347573 i
 0.483333  0.162  0.282666 0.282666 i
 0.483333  0.168  0.261979 0.261979 i
 0.483333  0.174  0.254429 0.254429 i
 0.483333  0.18  0.239768 0.239768 i
 0.483333  0.186  0.196737 0.196737 i
 0.483333  0.192  0.152116 0.152116 i
 0.483333  0.198  0.125987 0.125987 i
 0.483333  0.204  0.125275 0.125275 i
 0.483333  0.21  0.134805 0.134805 i
 0.483333  0.216  0.126485 0.126485 i
 0.483333  0.222  0.106708 0.106708 i
 0.483333  0.228  0.0905052 0.0905052 i
 0.483333  0.234  0.0766178 0.0766178 i
 0.483333  0.24  0.0606333 0.0606333 i
 0.483333  0.246  0.048698 0.048698 i
 0.483333  0.252  0.0464789 0.0464789 i
 0.483333  0.258  0.0492524 0.0492524 i
 0.483333  0.264  0.0387249 0.0387249 i
 0.483333  0.27  0.0288129 0.0288129 i
 0.483333  0.276  0.0258604 0.0258604 i
 0.483333  0.282  0.0453498 0.0453498 i
 0.483333  0.288  0.0737933 0.0737933 i
 0.483333  0.294  0.0822702 0.0822702 i
 0.483333  0.3  0.0980018 0.0980018 i
 0.483333  0.306  0.113736 0.113736 i
 0.483333  0.312  0.102113 0.102113 i
 0.483333  0.318  0.0816359 0.0816359 i
 0.483333  0.324  0.0660429 0.0660429 i
 0.483333  0.33  0.0476915 0.0476915 i
 0.483333  0.336  0.029951 0.029951 i
 0.483333  0.342  0.010669 0.010669 i
 0.483333  0.348  0.0012215 0.0012215 i
 0.483333  0.354  0.00274876 0.00274876 i
 0.483333  0.36  0.00809232 0.00809232 i
 0.5  0  0.1963 0.1963 i
 0.5  0.006  0.198913 0.198913 i
 0.5  0.012  0.219604 0.219604 i
 0.5  0.018  0.278572 0.278572 i
 0.5  0.024  0.363598 0.363598 i
 0.5  0.03  0.480601 0.480601 i
 0.5  0.036  0.629428 0.629428 i
 0.5  0.042  0.757653 0.757653 i
 0.5  0.048  0.847563 0.847563 i
 0.5  0.054  0.899233 0.899233 i
 0.5  0.06  0.968964 0.968964 i
 0.5  0.066  1.08064 1.08064 i
 0.5  0.072  1.1877 1.1877 i
 0.5  0.078  1.19862 1.19862 i
 0.5  0.084  1.08258 1.08258 i
 0.5  0.09  0.909685 0.909685 i
 0.5  0.096  0.768219 0.768219 i
 0.5  0.102  0.652447 0.652447 i
 0.5  0.108  0.544179 0.544179 i
 0.5  0.114  0.475351 0.475351 i
 0.5  0.12  0.428938 0.428938 i
 0.5  0.126  0.428867 0.428867 i
 0.5  0.132  0.467396 0.467396 i
 0.5  0.138  0.50798 0.50798 i
 0.5  0.144  0.510589 0.510589 i
 0.5  0.15  0.454363 0.454363 i
 0.5  0.156  0.374502 0.374502 i
 0.5  0.162  0.315593 0.315593 i
 0.5  0.168  0.290203 0.290203 i
 0.5  0.174  0.281431 0.281431 i
 0.5  0.18  0.266694 0.266694 i
 0.5  0.186  0.225496 0.225496 i
 0.5  0.192  0.184533 0.184533 i
 0.5  0.198  0.159897 0.159897 i
 0.5  0.204  0.15805 0.15805 i
 0.5  0.21  0.163674 0.163674 i
 0.5  0.216  0.152389 0.152389 i
 0.5  0.222  0.127956 0.127956 i
 0.5  0.228  0.106836 0.106836 i
 0.5  0.234  0.0923241 0.0923241 i
 0.5  0.24  0.0725591 0.0725591 i
 0.5  0.246  0.0554713 0.0554713 i
 0.5  0.252  0.0510433 0.0510433 i
 0.5  0.258  0.0503783 0.0503783 i
 0.5  0.264  0.0408662 0.0408662 i
 0.5  0.27  0.0299085 0.0299085 i
 0.5  0.276  0.0195863 0.0195863 i
 0.5  0.282  0.0326103 0.0326103 i
 0.5  0.288  0.0605699 0.0605699 i
 0.5  0.294  0.0727868 0.0727868 i
 0.5  0.3  0.0882182 0.0882182 i
 0.5  0.306  0.107093 0.107093 i
 0.5  0.312  0.0977438 0.0977438 i
 0.5  0.318  0.0782255 0.0782255 i
 0.5  0.324  0.0645248 0.0645248 i
 0.5  0.33  0.0520573 0.0520573 i
 0.5  0.336  0.0379095 0.0379095 i
 0.5  0.342  0.0181211 0.0181211 i
 0.5  0.348  0.0149834 0.0149834 i
 0.5  0.354  0.0175342 0.0175342 i
 0.5  0.36  0.00807137 0.00807137 i
 0.516667  0  0.176471 0.176471 i
 0.516667  0.006  0.177751 0.177751 i
 0.516667  0.012  0.192254 0.192254 i
 0.516667  0.018  0.240148 0.240148 i
 0.516667  0.024  0.311071 0.311071 i
 0.516667  0.03  0.407529 0.407529 i
 0.516667  0.036  0.528498 0.528498 i
 0.516667  0.042  0.63232 0.63232 i
 0.516667  0.048  0.713778 0.713778 i
 0.516667  0.054  0.783995 0.783995 i
 0.516667  0.06  0.877957 0.877957 i
 0.516667  0.066  1.00954 1.00954 i
 0.516667  0.072  1.12944 1.12944 i
 0.516667  0.078  1.14229 1.14229 i
 0.516667  0.084  1.03795 1.03795 i
 0.516667  0.09  0.891084 0.891084 i
 0.516667  0.096  0.766446 0.766446 i
 0.516667  0.102  0.656287 0.656287 i
 0.516667  0.108  0.55084 0.55084 i
 0.516667  0.114  0.491136 0.491136 i
 0.516667  0.12  0.456366 0.456366 i
 0.516667  0.126  0.464558 0.464558 i
 0.516667  0.132  0.507228 0.507228 i
 0.516667  0.138  0.549277 0.549277 i
 0.516667  0.144  0.548384 0.548384 i
 0.516667  0.15  0.490681 0.490681 i
 0.516667  0.156  0.420071 0.420071 i
 0.516667  0.162  0.359776 0.359776 i
 0.516667  0.168  0.321391 0.321391 i
 0.516667  0.174  0.305014 0.305014 i
 0.516667  0.18  0.28843 0.28843 i
 0.516667  0.186  0.250611 0.250611 i
 0.516667  0.192  0.218684 0.218684 i
 0.516667  0.198  0.205469 0.205469 i
 0.516667  0.204  0.207843 0.207843 i
 0.516667  0.21  0.206749 0.206749 i
 0.516667  0.216  0.191076 0.191076 i
 0.516667  0.222  0.164153 0.164153 i
 0.516667  0.228  0.139844 0.139844 i
 0.516667  0.234  0.130433 0.130433 i
 0.516667  0.24  0.119662 0.119662 i
 0.516667  0.246  0.0974413 0.0974413 i
 0.516667  0.252  0.0762577 0.0762577 i
 0.516667  0.258  0.0607835 0.0607835 i
 0.516667  0.264  0.0479345 0.0479345 i
 0.516667  0.27  0.033762 0.033762 i
 0.516667  0.276  0.0224998 0.0224998 i
 0.516667  0.282  0.0352601 0.0352601 i
 0.516667  0.288  0.0618473 0.0618473 i
 0.516667  0.294  0.0704319 0.0704319 i
 0.516667  0.3  0.075688 0.075688 i
 0.516667  0.306  0.092209 0.092209 i
 0.516667  0.312  0.0892963 0.0892963 i
 0.516667  0.318  0.0791351 0.0791351 i
 0.516667  0.324  0.0742893 0.0742893 i
 0.516667  0.33  0.0663069 0.0663069 i
 0.516667  0.336  0.0526797 0.0526797 i
 0.516667  0.342  0.0363169 0.0363169 i
 0.516667  0.348  0.0392025 0.0392025 i
 0.516667  0.354  0.0430952 0.0430952 i
 0.516667  0.36  0.0234842 0.0234842 i
 0.533333  0  0.158485 0.158485 i
 0.533333  0.006  0.158994 0.158994 i
 0.533333  0.012  0.168915 0.168915 i
 0.533333  0.018  0.207279 0.207279 i
 0.533333  0.024  0.266215 0.266215 i
 0.533333  0.03  0.344599 0.344599 i
 0.533333  0.036  0.43847 0.43847 i
 0.533333  0.042  0.520314 0.520314 i
 0.533333  0.048  0.591897 0.591897 i
 0.533333  0.054  0.673327 0.673327 i
 0.533333  0.06  0.780631 0.780631 i
 0.533333  0.066  0.920405 0.920405 i
 0.533333  0.072  1.04386 1.04386 i
 0.533333  0.078  1.05422 1.05422 i
 0.533333  0.084  0.960985 0.960985 i
 0.533333  0.09  0.844657 0.844657 i
 0.533333  0.096  0.743176 0.743176 i
 0.533333  0.102  0.646745 0.646745 i
 0.533333  0.108  0.552183 0.552183 i
 0.533333  0.114  0.503296 0.503296 i
 0.533333  0.12  0.481099 0.481099 i
 0.533333  0.126  0.495353 0.495353 i
 0.533333  0.132  0.541834 0.541834 i
 0.533333  0.138  0.586567 0.586567 i
 0.533333  0.144  0.589461 0.589461 i
 0.533333  0.15  0.542633 0.542633 i
 0.533333  0.156  0.476244 0.476244 i
 0.533333  0.162  0.407424 0.407424 i
 0.533333  0.168  0.352337 0.352337 i
 0.533333  0.174  0.322324 0.322324 i
 0.533333  0.18  0.30074 0.30074 i
 0.533333  0.186  0.265345 0.265345 i
 0.533333  0.192  0.240757 0.240757 i
 0.533333  0.198  0.240493 0.240493 i
 0.533333  0.204  0.252936 0.252936 i
 0.533333  0.21  0.256259 0.256259 i
 0.533333  0.216  0.24444 0.24444 i
 0.533333  0.222  0.219465 0.219465 i
 0.533333  0.228  0.19437 0.19437 i
 0.533333  0.234  0.18701 0.18701 i
 0.533333  0.24  0.184016 0.184016 i
 0.533333  0.246  0.151809 0.151809 i
 0.533333  0.252  0.108025 0.108025 i
 0.533333  0.258  0.0757374 0.0757374 i
 0.533333  0.264  0.0599473 0.0599473 i
 0.533333  0.27  0.043932 0.043932 i
 0.533333  0.276  0.0383827 0.0383827 i
 0.533333  0.282  0.0575366 0.0575366 i
 0.533333  0.288  0.0851592 0.0851592 i
 0.533333  0.294  0.0873836 0.0873836 i
 0.533333  0.3  0.0814119 0.0814119 i
 0.533333  0.306  0.0917729 0.0917729 i
 0.533333  0.312  0.0963846 0.0963846 i
 0.533333  0.318  0.0983537 0.0983537 i
 0.533333  0.324  0.101249 0.101249 i
 0.533333  0.33  0.0895459 0.0895459 i
 0.533333  0.336  0.0691455 0.0691455 i
 0.533333  0.342  0.0547034 0.0547034 i
 0.533333  0.348  0.0597832 0.0597832 i
 0.533333  0.354  0.0618607 0.0618607 i
 0.533333  0.36  0.0332257 0.0332257 i
 0.55  0  0.142647 0.142647 i
 0.55  0.006  0.142931 0.142931 i
 0.55  0.012  0.149794 0.149794 i
 0.55  0.018  0.180068 0.180068 i
 0.55  0.024  0.229078 0.229078 i
 0.55  0.03  0.29327 0.29327 i
 0.55  0.036  0.364824 0.364824 i
 0.55  0.042  0.42692 0.42692 i
 0.55  0.048  0.48653 0.48653 i
 0.55  0.054  0.572631 0.572631 i
 0.55  0.06  0.684715 0.684715 i
 0.55  0.066  0.824067 0.824067 i
 0.55  0.072  0.945703 0.945703 i
 0.55  0.078  0.952888 0.952888 i
 0.55  0.084  0.867368 0.867368 i
 0.55  0.09  0.778014 0.778014 i
 0.55  0.096  0.700753 0.700753 i
 0.55  0.102  0.62484 0.62484 i
 0.55  0.108  0.55385 0.55385 i
 0.55  0.114  0.519163 0.519163 i
 0.55  0.12  0.501926 0.501926 i
 0.55  0.126  0.516109 0.516109 i
 0.55  0.132  0.567276 0.567276 i
 0.55  0.138  0.618239 0.618239 i
 0.55  0.144  0.629538 0.629538 i
 0.55  0.15  0.59759 0.59759 i
 0.55  0.156  0.528178 0.528178 i
 0.55  0.162  0.451708 0.451708 i
 0.55  0.168  0.383369 0.383369 i
 0.55  0.174  0.339763 0.339763 i
 0.55  0.18  0.312109 0.312109 i
 0.55  0.186  0.277552 0.277552 i
 0.55  0.192  0.25744 0.25744 i
 0.55  0.198  0.267568 0.267568 i
 0.55  0.204  0.293456 0.293456 i
 0.55  0.21  0.313226 0.313226 i
 0.55  0.216  0.312977 0.312977 i
 0.55  0.222  0.293138 0.293138 i
 0.55  0.228  0.266039 0.266039 i
 0.55  0.234  0.248436 0.248436 i
 0.55  0.24  0.238142 0.238142 i
 0.55  0.246  0.192126 0.192126 i
 0.55  0.252  0.133885 0.133885 i
 0.55  0.258  0.0925259 0.0925259 i
 0.55  0.264  0.0780447 0.0780447 i
 0.55  0.27  0.0624754 0.0624754 i
 0.55  0.276  0.0631102 0.0631102 i
 0.55  0.282  0.0903906 0.0903906 i
 0.55  0.288  0.120914 0.120914 i
 0.55  0.294  0.118413 0.118413 i
 0.55  0.3  0.108149 0.108149 i
 0.55  0.306  0.113724 0.113724 i
 0.55  0.312  0.119151 0.119151 i
 0.55  0.318  0.123434 0.123434 i
 0.55  0.324  0.125836 0.125836 i
 0.55  0.33  0.105712 0.105712 i
 0.55  0.336  0.0773944 0.0773944 i
 0.55  0.342  0.062831 0.062831 i
 0.55  0.348  0.0654283 0.0654283 i
 0.55  0.354  0.0648772 0.0648772 i
 0.55  0.36  0.0339727 0.0339727 i
 0.566667  0  0.130579 0.130579 i
 0.566667  0.006  0.130969 0.130969 i
 0.566667  0.012  0.135651 0.135651 i
 0.566667  0.018  0.158637 0.158637 i
 0.566667  0.024  0.198899 0.198899 i
 0.566667  0.03  0.2525 0.2525 i
 0.566667  0.036  0.309071 0.309071 i
 0.566667  0.042  0.354859 0.354859 i
 0.566667  0.048  0.400919 0.400919 i
 0.566667  0.054  0.486255 0.486255 i
 0.566667  0.06  0.597049 0.597049 i
 0.566667  0.066  0.730763 0.730763 i
 0.566667  0.072  0.84887 0.84887 i
 0.566667  0.078  0.854967 0.854967 i
 0.566667  0.084  0.773844 0.773844 i
 0.566667  0.09  0.701073 0.701073 i
 0.566667  0.096  0.64103 0.64103 i
 0.566667  0.102  0.582058 0.582058 i
 0.566667  0.108  0.533561 0.533561 i
 0.566667  0.114  0.51252 0.51252 i
 0.566667  0.12  0.500893 0.500893 i
 0.566667  0.126  0.518944 0.518944 i
 0.566667  0.132  0.58029 0.58029 i
 0.566667  0.138  0.64408 0.64408 i
 0.566667  0.144  0.666375 0.666375 i
 0.566667  0.15  0.646622 0.646622 i
 0.566667  0.156  0.572162 0.572162 i
 0.566667  0.162  0.492483 0.492483 i
 0.566667  0.168  0.416718 0.416718 i
 0.566667  0.174  0.366252 0.366252 i
 0.566667  0.18  0.335666 0.335666 i
 0.566667  0.186  0.301485 0.301485 i
 0.566667  0.192  0.287227 0.287227 i
 0.566667  0.198  0.309171 0.309171 i
 0.566667  0.204  0.349965 0.349965 i
 0.566667  0.21  0.385441 0.385441 i
 0.566667  0.216  0.393326 0.393326 i
 0.566667  0.222  0.377389 0.377389 i
 0.566667  0.228  0.34449 0.34449 i
 0.566667  0.234  0.305843 0.305843 i
 0.566667  0.24  0.274505 0.274505 i
 0.566667  0.246  0.21816 0.21816 i
 0.566667  0.252  0.160894 0.160894 i
 0.566667  0.258  0.120473 0.120473 i
 0.566667  0.264  0.10901 0.10901 i
 0.566667  0.27  0.0932577 0.0932577 i
 0.566667  0.276  0.0937342 0.0937342 i
 0.566667  0.282  0.123431 0.123431 i
 0.566667  0.288  0.153639 0.153639 i
 0.566667  0.294  0.148901 0.148901 i
 0.566667  0.3  0.142004 0.142004 i
 0.566667  0.306  0.148195 0.148195 i
 0.566667  0.312  0.146236 0.146236 i
 0.566667  0.318  0.139785 0.139785 i
 0.566667  0.324  0.134031 0.134031 i
 0.566667  0.33  0.108351 0.108351 i
 0.566667  0.336  0.0778551 0.0778551 i
 0.566667  0.342  0.0637499 0.0637499 i
 0.566667  0.348  0.0612783 0.0612783 i
 0.566667  0.354  0.0563205 0.0563205 i
 0.566667  0.36  0.0278387 0.0278387 i
 0.583333  0  0.121885 0.121885 i
 0.583333  0.006  0.122574 0.122574 i
 0.583333  0.012  0.12568 0.12568 i
 0.583333  0.018  0.142086 0.142086 i
 0.583333  0.024  0.174335 0.174335 i
 0.583333  0.03  0.219474 0.219474 i
 0.583333  0.036  0.266928 0.266928 i
 0.583333  0.042  0.301269 0.301269 i
 0.583333  0.048  0.334535 0.334535 i
 0.583333  0.054  0.414999 0.414999 i
 0.583333  0.06  0.519718 0.519718 i
 0.583333  0.066  0.643993 0.643993 i
 0.583333  0.072  0.756691 0.756691 i
 0.583333  0.078  0.762241 0.762241 i
 0.583333  0.084  0.684506 0.684506 i
 0.583333  0.09  0.619374 0.619374 i
 0.583333  0.096  0.569042 0.569042 i
 0.583333  0.102  0.518001 0.518001 i
 0.583333  0.108  0.477322 0.477322 i
 0.583333  0.114  0.463065 0.463065 i
 0.583333  0.12  0.467012 0.467012 i
 0.583333  0.126  0.502393 0.502393 i
 0.583333  0.132  0.581711 0.581711 i
 0.583333  0.138  0.665672 0.665672 i
 0.583333  0.144  0.701366 0.701366 i
 0.583333  0.15  0.689466 0.689466 i
 0.583333  0.156  0.612903 0.612903 i
 0.583333  0.162  0.529669 0.529669 i
 0.583333  0.168  0.449441 0.449441 i
 0.583333  0.174  0.400332 0.400332 i
 0.583333  0.18  0.372196 0.372196 i
 0.583333  0.186  0.339146 0.339146 i
 0.583333  0.192  0.333778 0.333778 i
 0.583333  0.198  0.370058 0.370058 i
 0.583333  0.204  0.424514 0.424514 i
 0.583333  0.21  0.466337 0.466337 i
 0.583333  0.216  0.473624 0.473624 i
 0.583333  0.222  0.45888 0.45888 i
 0.583333  0.228  0.418479 0.418479 i
 0.583333  0.234  0.359287 0.359287 i
 0.583333  0.24  0.30652 0.30652 i
 0.583333  0.246  0.247965 0.247965 i
 0.583333  0.252  0.202027 0.202027 i
 0.583333  0.258  0.167275 0.167275 i
 0.583333  0.264  0.154643 0.154643 i
 0.583333  0.27  0.136497 0.136497 i
 0.583333  0.276  0.131108 0.131108 i
 0.583333  0.282  0.154692 0.154692 i
 0.583333  0.288  0.177698 0.177698 i
 0.583333  0.294  0.172527 0.172527 i
 0.583333  0.3  0.1721 0.1721 i
 0.583333  0.306  0.182998 0.182998 i
 0.583333  0.312  0.173311 0.173311 i
 0.583333  0.318  0.153576 0.153576 i
 0.583333  0.324  0.138964 0.138964 i
 0.583333  0.33  0.111977 0.111977 i
 0.583333  0.336  0.0820922 0.0820922 i
 0.583333  0.342  0.0676222 0.0676222 i
 0.583333  0.348  0.0598397 0.0598397 i
 0.583333  0.354  0.0480099 0.0480099 i
 0.583333  0.36  0.0213948 0.0213948 i
 0.6  0  0.114033 0.114033 i
 0.6  0.006  0.115225 0.115225 i
 0.6  0.012  0.117641 0.117641 i
 0.6  0.018  0.128802 0.128802 i
 0.6  0.024  0.154179 0.154179 i
 0.6  0.03  0.191609 0.191609 i
 0.6  0.036  0.23187 0.23187 i
 0.6  0.042  0.259601 0.259601 i
 0.6  0.048  0.283319 0.283319 i
 0.6  0.054  0.35614 0.35614 i
 0.6  0.06  0.45054 0.45054 i
 0.6  0.066  0.561536 0.561536 i
 0.6  0.072  0.664387 0.664387 i
 0.6  0.078  0.666077 0.666077 i
 0.6  0.084  0.592266 0.592266 i
 0.6  0.09  0.532772 0.532772 i
 0.6  0.096  0.491991 0.491991 i
 0.6  0.102  0.447404 0.447404 i
 0.6  0.108  0.407528 0.407528 i
 0.6  0.114  0.395173 0.395173 i
 0.6  0.12  0.418118 0.418118 i
 0.6  0.126  0.476633 0.476633 i
 0.6  0.132  0.574989 0.574989 i
 0.6  0.138  0.680257 0.680257 i
 0.6  0.144  0.729349 0.729349 i
 0.6  0.15  0.721122 0.721122 i
 0.6  0.156  0.645138 0.645138 i
 0.6  0.162  0.554374 0.554374 i
 0.6  0.168  0.47076 0.47076 i
 0.6  0.174  0.427008 0.427008 i
 0.6  0.18  0.405121 0.405121 i
 0.6  0.186  0.375435 0.375435 i
 0.6  0.192  0.379509 0.379509 i
 0.6  0.198  0.426699 0.426699 i
 0.6  0.204  0.490051 0.490051 i
 0.6  0.21  0.533776 0.533776 i
 0.6  0.216  0.539489 0.539489 i
 0.6  0.222  0.526671 0.526671 i
 0.6  0.228  0.481399 0.481399 i
 0.6  0.234  0.41133 0.41133 i
 0.6  0.24  0.346371 0.346371 i
 0.6  0.246  0.289321 0.289321 i
 0.6  0.252  0.252874 0.252874 i
 0.6  0.258  0.220887 0.220887 i
 0.6  0.264  0.20072 0.20072 i
 0.6  0.27  0.18076 0.18076 i
 0.6  0.276  0.171444 0.171444 i
 0.6  0.282  0.185645 0.185645 i
 0.6  0.288  0.198399 0.198399 i
 0.6  0.294  0.194897 0.194897 i
 0.6  0.3  0.199467 0.199467 i
 0.6  0.306  0.21358 0.21358 i
 0.6  0.312  0.202958 0.202958 i
 0.6  0.318  0.177287 0.177287 i
 0.6  0.324  0.158603 0.158603 i
 0.6  0.33  0.130546 0.130546 i
 0.6  0.336  0.096997 0.096997 i
 0.6  0.342  0.0773775 0.0773775 i
 0.6  0.348  0.0645693 0.0645693 i
 0.6  0.354  0.0466708 0.0466708 i
 0.6  0.36  0.0205224 0.0205224 i
 0.616667  0  0.105554 0.105554 i
 0.616667  0.006  0.107384 0.107384 i
 0.616667  0.012  0.110033 0.110033 i
 0.616667  0.018  0.117708 0.117708 i
 0.616667  0.024  0.13778 0.13778 i
 0.616667  0.03  0.16764 0.16764 i
 0.616667  0.036  0.199833 0.199833 i
 0.616667  0.042  0.224214 0.224214 i
 0.616667  0.048  0.242581 0.242581 i
 0.616667  0.054  0.306345 0.306345 i
 0.616667  0.06  0.387414 0.387414 i
 0.616667  0.066  0.482107 0.482107 i
 0.616667  0.072  0.570456 0.570456 i
 0.616667  0.078  0.564245 0.564245 i
 0.616667  0.084  0.494294 0.494294 i
 0.616667  0.09  0.442182 0.442182 i
 0.616667  0.096  0.415384 0.415384 i
 0.616667  0.102  0.384211 0.384211 i
 0.616667  0.108  0.354373 0.354373 i
 0.616667  0.114  0.347704 0.347704 i
 0.616667  0.12  0.380317 0.380317 i
 0.616667  0.126  0.451194 0.451194 i
 0.616667  0.132  0.558194 0.558194 i
 0.616667  0.138  0.675366 0.675366 i
 0.616667  0.144  0.732444 0.732444 i
 0.616667  0.15  0.723485 0.723485 i
 0.616667  0.156  0.648657 0.648657 i
 0.616667  0.162  0.552614 0.552614 i
 0.616667  0.168  0.46964 0.46964 i
 0.616667  0.174  0.430307 0.430307 i
 0.616667  0.18  0.415477 0.415477 i
 0.616667  0.186  0.39375 0.39375 i
 0.616667  0.192  0.407289 0.407289 i
 0.616667  0.198  0.459809 0.459809 i
 0.616667  0.204  0.527887 0.527887 i
 0.616667  0.21  0.577559 0.577559 i
 0.616667  0.216  0.58868 0.58868 i
 0.616667  0.222  0.580615 0.580615 i
 0.616667  0.228  0.535347 0.535347 i
 0.616667  0.234  0.463226 0.463226 i
 0.616667  0.24  0.392617 0.392617 i
 0.616667  0.246  0.332341 0.332341 i
 0.616667  0.252  0.295696 0.295696 i
 0.616667  0.258  0.259372 0.259372 i
 0.616667  0.264  0.228372 0.228372 i
 0.616667  0.27  0.209405 0.209405 i
 0.616667  0.276  0.202887 0.202887 i
 0.616667  0.282  0.212263 0.212263 i
 0.616667  0.288  0.220861 0.220861 i
 0.616667  0.294  0.221777 0.221777 i
 0.616667  0.3  0.228256 0.228256 i
 0.616667  0.306  0.240672 0.240672 i
 0.616667  0.312  0.234192 0.234192 i
 0.616667  0.318  0.207252 0.207252 i
 0.616667  0.324  0.187601 0.187601 i
 0.616667  0.33  0.156798 0.156798 i
 0.616667  0.336  0.116478 0.116478 i
 0.616667  0.342  0.0887103 0.0887103 i
 0.616667  0.348  0.07081 0.07081 i
 0.616667  0.354  0.0512728 0.0512728 i
 0.616667  0.36  0.0269643 0.0269643 i
 0.633333  0  0.097296 0.097296 i
 0.633333  0.006  0.0996964 0.0996964 i
 0.633333  0.012  0.102993 0.102993 i
 0.633333  0.018  0.108631 0.108631 i
 0.633333  0.024  0.124803 0.124803 i
 0.633333  0.03  0.14743 0.14743 i
 0.633333  0.036  0.171022 0.171022 i
 0.633333  0.042  0.193392 0.193392 i
 0.633333  0.048  0.209788 0.209788 i
 0.633333  0.054  0.264295 0.264295 i
 0.633333  0.06  0.331141 0.331141 i
 0.633333  0.066  0.408866 0.408866 i
 0.633333  0.072  0.481609 0.481609 i
 0.633333  0.078  0.467277 0.467277 i
 0.633333  0.084  0.399783 0.399783 i
 0.633333  0.09  0.354654 0.354654 i
 0.633333  0.096  0.342388 0.342388 i
 0.633333  0.102  0.327375 0.327375 i
 0.633333  0.108  0.315134 0.315134 i
 0.633333  0.114  0.319688 0.319688 i
 0.633333  0.12  0.353173 0.353173 i
 0.633333  0.126  0.421443 0.421443 i
 0.633333  0.132  0.52207 0.52207 i
 0.633333  0.138  0.635898 0.635898 i
 0.633333  0.144  0.692336 0.692336 i
 0.633333  0.15  0.679661 0.679661 i
 0.633333  0.156  0.60825 0.60825 i
 0.633333  0.162  0.519684 0.519684 i
 0.633333  0.168  0.445442 0.445442 i
 0.633333  0.174  0.408847 0.408847 i
 0.633333  0.18  0.400789 0.400789 i
 0.633333  0.186  0.392424 0.392424 i
 0.633333  0.192  0.418131 0.418131 i
 0.633333  0.198  0.477763 0.477763 i
 0.633333  0.204  0.552427 0.552427 i
 0.633333  0.21  0.613219 0.613219 i
 0.633333  0.216  0.633677 0.633677 i
 0.633333  0.222  0.629939 0.629939 i
 0.633333  0.228  0.588892 0.588892 i
 0.633333  0.234  0.516939 0.516939 i
 0.633333  0.24  0.439125 0.439125 i
 0.633333  0.246  0.368352 0.368352 i
 0.633333  0.252  0.324679 0.324679 i
 0.633333  0.258  0.278821 0.278821 i
 0.633333  0.264  0.237605 0.237605 i
 0.633333  0.27  0.219041 0.219041 i
 0.633333  0.276  0.217562 0.217562 i
 0.633333  0.282  0.228625 0.228625 i
 0.633333  0.288  0.244227 0.244227 i
 0.633333  0.294  0.251142 0.251142 i
 0.633333  0.3  0.257555 0.257555 i
 0.633333  0.306  0.267029 0.267029 i
 0.633333  0.312  0.264526 0.264526 i
 0.633333  0.318  0.233131 0.233131 i
 0.633333  0.324  0.209978 0.209978 i
 0.633333  0.33  0.175884 0.175884 i
 0.633333  0.336  0.13333 0.13333 i
 0.633333  0.342  0.10184 0.10184 i
 0.633333  0.348  0.079368 0.079368 i
 0.633333  0.354  0.0608725 0.0608725 i
 0.633333  0.36  0.0391739 0.0391739 i
 0.65  0  0.0903015 0.0903015 i
 0.65  0.006  0.0931122 0.0931122 i
 0.65  0.012  0.0970621 0.0970621 i
 0.65  0.018  0.101654 0.101654 i
 0.65  0.024  0.115102 0.115102 i
 0.65  0.03  0.131793 0.131793 i
 0.65  0.036  0.148498 0.148498 i
 0.65  0.042  0.168736 0.168736 i
 0.65  0.048  0.184846 0.184846 i
 0.65  0.054  0.230433 0.230433 i
 0.65  0.06  0.283722 0.283722 i
 0.65  0.066  0.345828 0.345828 i
 0.65  0.072  0.405291 0.405291 i
 0.65  0.078  0.386257 0.386257 i
 0.65  0.084  0.319545 0.319545 i
 0.65  0.09  0.27846 0.27846 i
 0.65  0.096  0.275585 0.275585 i
 0.65  0.102  0.269494 0.269494 i
 0.65  0.108  0.266411 0.266411 i
 0.65  0.114  0.279014 0.279014 i
 0.65  0.12  0.315318 0.315318 i
 0.65  0.126  0.376414 0.376414 i
 0.65  0.132  0.4615 0.4615 i
 0.65  0.138  0.560272 0.560272 i
 0.65  0.144  0.610368 0.610368 i
 0.65  0.15  0.595283 0.595283 i
 0.65  0.156  0.533784 0.533784 i
 0.65  0.162  0.466995 0.466995 i
 0.65  0.168  0.409065 0.409065 i
 0.65  0.174  0.377206 0.377206 i
 0.65  0.18  0.376696 0.376696 i
 0.65  0.186  0.383296 0.383296 i
 0.65  0.192  0.423057 0.423057 i
 0.65  0.198  0.496785 0.496785 i
 0.65  0.204  0.58375 0.58375 i
 0.65  0.21  0.6569 0.6569 i
 0.65  0.216  0.683703 0.683703 i
 0.65  0.222  0.680972 0.680972 i
 0.65  0.228  0.646669 0.646669 i
 0.65  0.234  0.573091 0.573091 i
 0.65  0.24  0.484139 0.484139 i
 0.65  0.246  0.40132 0.40132 i
 0.65  0.252  0.351966 0.351966 i
 0.65  0.258  0.296893 0.296893 i
 0.65  0.264  0.248433 0.248433 i
 0.65  0.27  0.225452 0.225452 i
 0.65  0.276  0.224062 0.224062 i
 0.65  0.282  0.238313 0.238313 i
 0.65  0.288  0.267079 0.267079 i
 0.65  0.294  0.278681 0.278681 i
 0.65  0.3  0.28505 0.28505 i
 0.65  0.306  0.297549 0.297549 i
 0.65  0.312  0.298918 0.298918 i
 0.65  0.318  0.260623 0.260623 i
 0.65  0.324  0.23 0.23 i
 0.65  0.33  0.191459 0.191459 i
 0.65  0.336  0.152269 0.152269 i
 0.65  0.342  0.124133 0.124133 i
 0.65  0.348  0.0988694 0.0988694 i
 0.65  0.354  0.0788353 0.0788353 i
 0.65  0.36  0.0552266 0.0552266 i
 0.666667  0  0.0844869 0.0844869 i
 0.666667  0.006  0.0876607 0.0876607 i
 0.666667  0.012  0.0923891 0.0923891 i
 0.666667  0.018  0.096925 0.096925 i
 0.666667  0.024  0.109222 0.109222 i
 0.666667  0.03  0.122673 0.122673 i
 0.666667  0.036  0.135584 0.135584 i
 0.666667  0.042  0.152382 0.152382 i
 0.666667  0.048  0.168297 0.168297 i
 0.666667  0.054  0.204941 0.204941 i
 0.666667  0.06  0.245245 0.245245 i
 0.666667  0.066  0.293051 0.293051 i
 0.666667  0.072  0.341149 0.341149 i
 0.666667  0.078  0.320107 0.320107 i
 0.666667  0.084  0.253779 0.253779 i
 0.666667  0.09  0.215465 0.215465 i
 0.666667  0.096  0.217356 0.217356 i
 0.666667  0.102  0.213129 0.213129 i
 0.666667  0.108  0.207423 0.207423 i
 0.666667  0.114  0.218729 0.218729 i
 0.666667  0.12  0.261207 0.261207 i
 0.666667  0.126  0.317752 0.317752 i
 0.666667  0.132  0.386413 0.386413 i
 0.666667  0.138  0.466617 0.466617 i
 0.666667  0.144  0.51066 0.51066 i
 0.666667  0.15  0.498191 0.498191 i
 0.666667  0.156  0.452728 0.452728 i
 0.666667  0.162  0.411225 0.411225 i
 0.666667  0.168  0.372371 0.372371 i
 0.666667  0.174  0.351392 0.351392 i
 0.666667  0.18  0.360163 0.360163 i
 0.666667  0.186  0.377242 0.377242 i
 0.666667  0.192  0.42652 0.42652 i
 0.666667  0.198  0.513931 0.513931 i
 0.666667  0.204  0.61395 0.61395 i
 0.666667  0.21  0.697461 0.697461 i
 0.666667  0.216  0.727568 0.727568 i
 0.666667  0.222  0.725912 0.725912 i
 0.666667  0.228  0.698891 0.698891 i
 0.666667  0.234  0.62257 0.62257 i
 0.666667  0.24  0.523608 0.523608 i
 0.666667  0.246  0.434183 0.434183 i
 0.666667  0.252  0.383807 0.383807 i
 0.666667  0.258  0.323855 0.323855 i
 0.666667  0.264  0.27401 0.27401 i
 0.666667  0.27  0.245794 0.245794 i
 0.666667  0.276  0.240646 0.240646 i
 0.666667  0.282  0.254451 0.254451 i
 0.666667  0.288  0.29211 0.29211 i
 0.666667  0.294  0.305231 0.305231 i
 0.666667  0.3  0.312659 0.312659 i
 0.666667  0.306  0.336006 0.336006 i
 0.666667  0.312  0.344466 0.344466 i
 0.666667  0.318  0.304494 0.304494 i
 0.666667  0.324  0.267423 0.267423 i
 0.666667  0.33  0.221252 0.221252 i
 0.666667  0.336  0.182942 0.182942 i
 0.666667  0.342  0.158705 0.158705 i
 0.666667  0.348  0.132867 0.132867 i
 0.666667  0.354  0.107768 0.107768 i
 0.666667  0.36  0.0749721 0.0749721 i
 0.683333  0  0.0798547 0.0798547 i
 0.683333  0.006  0.0834436 0.0834436 i
 0.683333  0.012  0.0892609 0.0892609 i
 0.683333  0.018  0.0949053 0.0949053 i
 0.683333  0.024  0.108269 0.108269 i
 0.683333  0.03  0.12206 0.12206 i
 0.683333  0.036  0.133327 0.133327 i
 0.683333  0.042  0.144379 0.144379 i
 0.683333  0.048  0.15937 0.15937 i
 0.683333  0.054  0.186518 0.186518 i
 0.683333  0.06  0.213611 0.213611 i
 0.683333  0.066  0.247329 0.247329 i
 0.683333  0.072  0.283286 0.283286 i
 0.683333  0.078  0.259932 0.259932 i
 0.683333  0.084  0.195904 0.195904 i
 0.683333  0.09  0.162726 0.162726 i
 0.683333  0.096  0.169235 0.169235 i
 0.683333  0.102  0.168847 0.168847 i
 0.683333  0.108  0.162673 0.162673 i
 0.683333  0.114  0.168629 0.168629 i
 0.683333  0.12  0.210379 0.210379 i
 0.683333  0.126  0.260829 0.260829 i
 0.683333  0.132  0.315303 0.315303 i
 0.683333  0.138  0.379097 0.379097 i
 0.683333  0.144  0.420493 0.420493 i
 0.683333  0.15  0.41477 0.41477 i
 0.683333  0.156  0.383559 0.383559 i
 0.683333  0.162  0.358649 0.358649 i
 0.683333  0.168  0.337626 0.337626 i
 0.683333  0.174  0.334121 0.334121 i
 0.683333  0.18  0.353138 0.353138 i
 0.683333  0.186  0.374268 0.374268 i
 0.683333  0.192  0.4248 0.4248 i
 0.683333  0.198  0.514692 0.514692 i
 0.683333  0.204  0.619523 0.619523 i
 0.683333  0.21  0.707609 0.707609 i
 0.683333  0.216  0.741086 0.741086 i
 0.683333  0.222  0.745323 0.745323 i
 0.683333  0.228  0.723419 0.723419 i
 0.683333  0.234  0.645289 0.645289 i
 0.683333  0.24  0.54317 0.54317 i
 0.683333  0.246  0.454362 0.454362 i
 0.683333  0.252  0.404062 0.404062 i
 0.683333  0.258  0.344314 0.344314 i
 0.683333  0.264  0.30267 0.30267 i
 0.683333  0.27  0.278957 0.278957 i
 0.683333  0.276  0.275277 0.275277 i
 0.683333  0.282  0.285157 0.285157 i
 0.683333  0.288  0.3214 0.3214 i
 0.683333  0.294  0.333947 0.333947 i
 0.683333  0.3  0.343258 0.343258 i
 0.683333  0.306  0.378747 0.378747 i
 0.683333  0.312  0.395872 0.395872 i
 0.683333  0.318  0.360766 0.360766 i
 0.683333  0.324  0.322698 0.322698 i
 0.683333  0.33  0.267492 0.267492 i
 0.683333  0.336  0.22279 0.22279 i
 0.683333  0.342  0.196694 0.196694 i
 0.683333  0.348  0.171978 0.171978 i
 0.683333  0.354  0.143889 0.143889 i
 0.683333  0.36  0.0994341 0.0994341 i
 0.7  0  0.0770111 0.0770111 i
 0.7  0.006  0.0810004 0.0810004 i
 0.7  0.012  0.0880067 0.0880067 i
 0.7  0.018  0.0956139 0.0956139 i
 0.7  0.024  0.112017 0.112017 i
 0.7  0.03  0.128998 0.128998 i
 0.7  0.036  0.138526 0.138526 i
 0.7  0.042  0.141578 0.141578 i
 0.7  0.048  0.155287 0.155287 i
 0.7  0.054  0.172798 0.172798 i
 0.7  0.06  0.186819 0.186819 i
 0.7  0.066  0.206871 0.206871 i
 0.7  0.072  0.229414 0.229414 i
 0.7  0.078  0.203011 0.203011 i
 0.7  0.084  0.145249 0.145249 i
 0.7  0.09  0.120207 0.120207 i
 0.7  0.096  0.13174 0.13174 i
 0.7  0.102  0.13912 0.13912 i
 0.7  0.108  0.141622 0.141622 i
 0.7  0.114  0.146476 0.146476 i
 0.7  0.12  0.177413 0.177413 i
 0.7  0.126  0.216754 0.216754 i
 0.7  0.132  0.258539 0.258539 i
 0.7  0.138  0.30922 0.30922 i
 0.7  0.144  0.349854 0.349854 i
 0.7  0.15  0.350748 0.350748 i
 0.7  0.156  0.32356 0.32356 i
 0.7  0.162  0.304317 0.304317 i
 0.7  0.168  0.298993 0.298993 i
 0.7  0.174  0.315052 0.315052 i
 0.7  0.18  0.34319 0.34319 i
 0.7  0.186  0.365921 0.365921 i
 0.7  0.192  0.414388 0.414388 i
 0.7  0.198  0.496705 0.496705 i
 0.7  0.204  0.595332 0.595332 i
 0.7  0.21  0.677406 0.677406 i
 0.7  0.216  0.711796 0.711796 i
 0.7  0.222  0.723976 0.723976 i
 0.7  0.228  0.702656 0.702656 i
 0.7  0.234  0.625122 0.625122 i
 0.7  0.24  0.528059 0.528059 i
 0.7  0.246  0.444681 0.444681 i
 0.7  0.252  0.392877 0.392877 i
 0.7  0.258  0.338623 0.338623 i
 0.7  0.264  0.314593 0.314593 i
 0.7  0.27  0.308954 0.308954 i
 0.7  0.276  0.316946 0.316946 i
 0.7  0.282  0.323105 0.323105 i
 0.7  0.288  0.350266 0.350266 i
 0.7  0.294  0.362477 0.362477 i
 0.7  0.3  0.373875 0.373875 i
 0.7  0.306  0.415263 0.415263 i
 0.7  0.312  0.436552 0.436552 i
 0.7  0.318  0.405091 0.405091 i
 0.7  0.324  0.369019 0.369019 i
 0.7  0.33  0.30857 0.30857 i
 0.7  0.336  0.256093 0.256093 i
 0.7  0.342  0.22515 0.22515 i
 0.7  0.348  0.202563 0.202563 i
 0.7  0.354  0.178176 0.178176 i
 0.7  0.36  0.12693 0.12693 i
 0.716667  0  0.0755994 0.0755994 i
 0.716667  0.006  0.0798712 0.0798712 i
 0.716667  0.012  0.0877938 0.0877938 i
 0.716667  0.018  0.0973555 0.0973555 i
 0.716667  0.024  0.117175 0.117175 i
 0.716667  0.03  0.137834 0.137834 i
 0.716667  0.036  0.144075 0.144075 i
 0.716667  0.042  0.138783 0.138783 i
 0.716667  0.048  0.152252 0.152252 i
 0.716667  0.054  0.161504 0.161504 i
 0.716667  0.06  0.164533 0.164533 i
 0.716667  0.066  0.173439 0.173439 i
 0.716667  0.072  0.184214 0.184214 i
 0.716667  0.078  0.156807 0.156807 i
 0.716667  0.084  0.109245 0.109245 i
 0.716667  0.09  0.0919276 0.0919276 i
 0.716667  0.096  0.104353 0.104353 i
 0.716667  0.102  0.114708 0.114708 i
 0.716667  0.108  0.124177 0.124177 i
 0.716667  0.114  0.132338 0.132338 i
 0.716667  0.12  0.153854 0.153854 i
 0.716667  0.126  0.183003 0.183003 i
 0.716667  0.132  0.213296 0.213296 i
 0.716667  0.138  0.252917 0.252917 i
 0.716667  0.144  0.291348 0.291348 i
 0.716667  0.15  0.296305 0.296305 i
 0.716667  0.156  0.263804 0.263804 i
 0.716667  0.162  0.246181 0.246181 i
 0.716667  0.168  0.253739 0.253739 i
 0.716667  0.174  0.284448 0.284448 i
 0.716667  0.18  0.318496 0.318496 i
 0.716667  0.186  0.344262 0.344262 i
 0.716667  0.192  0.393982 0.393982 i
 0.716667  0.198  0.469803 0.469803 i
 0.716667  0.204  0.557214 0.557214 i
 0.716667  0.21  0.624097 0.624097 i
 0.716667  0.216  0.652353 0.652353 i
 0.716667  0.222  0.66603 0.66603 i
 0.716667  0.228  0.641001 0.641001 i
 0.716667  0.234  0.567624 0.567624 i
 0.716667  0.24  0.481799 0.481799 i
 0.716667  0.246  0.406475 0.406475 i
 0.716667  0.252  0.355016 0.355016 i
 0.716667  0.258  0.312304 0.312304 i
 0.716667  0.264  0.307894 0.307894 i
 0.716667  0.27  0.323647 0.323647 i
 0.716667  0.276  0.34694 0.34694 i
 0.716667  0.282  0.35253 0.35253 i
 0.716667  0.288  0.370186 0.370186 i
 0.716667  0.294  0.38281 0.38281 i
 0.716667  0.3  0.3964 0.3964 i
 0.716667  0.306  0.437288 0.437288 i
 0.716667  0.312  0.456859 0.456859 i
 0.716667  0.318  0.423057 0.423057 i
 0.716667  0.324  0.386123 0.386123 i
 0.716667  0.33  0.326165 0.326165 i
 0.716667  0.336  0.272013 0.272013 i
 0.716667  0.342  0.239621 0.239621 i
 0.716667  0.348  0.218996 0.218996 i
 0.716667  0.354  0.201589 0.201589 i
 0.716667  0.36  0.15007 0.15007 i
 0.733333  0  0.0737771 0.0737771 i
 0.733333  0.006  0.0782018 0.0782018 i
 0.733333  0.012  0.0866237 0.0866237 i
 0.733333  0.018  0.0972883 0.0972883 i
 0.733333  0.024  0.118918 0.118918 i
 0.733333  0.03  0.141232 0.141232 i
 0.733333  0.036  0.143094 0.143094 i
 0.733333  0.042  0.132042 0.132042 i
 0.733333  0.048  0.147667 0.147667 i
 0.733333  0.054  0.151434 0.151434 i
 0.733333  0.06  0.147348 0.147348 i
 0.733333  0.066  0.14956 0.14956 i
 0.733333  0.072  0.153218 0.153218 i
 0.733333  0.078  0.129086 0.129086 i
 0.733333  0.084  0.0931227 0.0931227 i
 0.733333  0.09  0.0794408 0.0794408 i
 0.733333  0.096  0.086057 0.086057 i
 0.733333  0.102  0.0899602 0.0899602 i
 0.733333  0.108  0.095671 0.095671 i
 0.733333  0.114  0.10613 0.10613 i
 0.733333  0.12  0.128333 0.128333 i
 0.733333  0.126  0.153598 0.153598 i
 0.733333  0.132  0.173798 0.173798 i
 0.733333  0.138  0.20257 0.20257 i
 0.733333  0.144  0.235151 0.235151 i
 0.733333  0.15  0.243472 0.243472 i
 0.733333  0.156  0.207489 0.207489 i
 0.733333  0.162  0.194103 0.194103 i
 0.733333  0.168  0.209091 0.209091 i
 0.733333  0.174  0.244702 0.244702 i
 0.733333  0.18  0.280597 0.280597 i
 0.733333  0.186  0.309307 0.309307 i
 0.733333  0.192  0.362183 0.362183 i
 0.733333  0.198  0.438504 0.438504 i
 0.733333  0.204  0.517811 0.517811 i
 0.733333  0.21  0.571125 0.571125 i
 0.733333  0.216  0.58908 0.58908 i
 0.733333  0.222  0.594791 0.594791 i
 0.733333  0.228  0.565147 0.565147 i
 0.733333  0.234  0.499287 0.499287 i
 0.733333  0.24  0.427771 0.427771 i
 0.733333  0.246  0.362049 0.362049 i
 0.733333  0.252  0.317007 0.317007 i
 0.733333  0.258  0.289313 0.289313 i
 0.733333  0.264  0.296388 0.296388 i
 0.733333  0.27  0.322484 0.322484 i
 0.733333  0.276  0.354051 0.354051 i
 0.733333  0.282  0.363585 0.363585 i
 0.733333  0.288  0.377276 0.377276 i
 0.733333  0.294  0.389638 0.389638 i
 0.733333  0.3  0.405352 0.405352 i
 0.733333  0.306  0.445049 0.445049 i
 0.733333  0.312  0.463133 0.463133 i
 0.733333  0.318  0.426529 0.426529 i
 0.733333  0.324  0.384887 0.384887 i
 0.733333  0.33  0.327998 0.327998 i
 0.733333  0.336  0.276896 0.276896 i
 0.733333  0.342  0.245668 0.245668 i
 0.733333  0.348  0.224675 0.224675 i
 0.733333  0.354  0.209799 0.209799 i
 0.733333  0.36  0.160222 0.160222 i
 0.75  0  0.0702034 0.0702034 i
 0.75  0.006  0.0746582 0.0746582 i
 0.75  0.012  0.0831956 0.0831956 i
 0.75  0.018  0.0938322 0.0938322 i
 0.75  0.024  0.114778 0.114778 i
 0.75  0.03  0.135901 0.135901 i
 0.75  0.036  0.134012 0.134012 i
 0.75  0.042  0.121552 0.121552 i
 0.75  0.048  0.141624 0.141624 i
 0.75  0.054  0.142551 0.142551 i
 0.75  0.06  0.135066 0.135066 i
 0.75  0.066  0.134714 0.134714 i
 0.75  0.072  0.135681 0.135681 i
 0.75  0.078  0.11818 0.11818 i
 0.75  0.084  0.0924122 0.0924122 i
 0.75  0.09  0.0782247 0.0782247 i
 0.75  0.096  0.0763181 0.0763181 i
 0.75  0.102  0.0721876 0.0721876 i
 0.75  0.108  0.0712204 0.0712204 i
 0.75  0.114  0.0807717 0.0807717 i
 0.75  0.12  0.105564 0.105564 i
 0.75  0.126  0.127831 0.127831 i
 0.75  0.132  0.138587 0.138587 i
 0.75  0.138  0.155416 0.155416 i
 0.75  0.144  0.178315 0.178315 i
 0.75  0.15  0.192301 0.192301 i
 0.75  0.156  0.165782 0.165782 i
 0.75  0.162  0.160262 0.160262 i
 0.75  0.168  0.175676 0.175676 i
 0.75  0.174  0.20745 0.20745 i
 0.75  0.18  0.242317 0.242317 i
 0.75  0.186  0.270141 0.270141 i
 0.75  0.192  0.321292 0.321292 i
 0.75  0.198  0.400068 0.400068 i
 0.75  0.204  0.477923 0.477923 i
 0.75  0.21  0.528623 0.528623 i
 0.75  0.216  0.540328 0.540328 i
 0.75  0.222  0.536015 0.536015 i
 0.75  0.228  0.505233 0.505233 i
 0.75  0.234  0.447197 0.447197 i
 0.75  0.24  0.38899 0.38899 i
 0.75  0.246  0.332328 0.332328 i
 0.75  0.252  0.297235 0.297235 i
 0.75  0.258  0.280261 0.280261 i
 0.75  0.264  0.286201 0.286201 i
 0.75  0.27  0.308399 0.308399 i
 0.75  0.276  0.338839 0.338839 i
 0.75  0.282  0.357335 0.357335 i
 0.75  0.288  0.37508 0.37508 i
 0.75  0.294  0.386266 0.386266 i
 0.75  0.3  0.402904 0.402904 i
 0.75  0.306  0.443753 0.443753 i
 0.75  0.312  0.465841 0.465841 i
 0.75  0.318  0.433124 0.433124 i
 0.75  0.324  0.387882 0.387882 i
 0.75  0.33  0.334333 0.334333 i
 0.75  0.336  0.284812 0.284812 i
 0.75  0.342  0.250517 0.250517 i
 0.75  0.348  0.225501 0.225501 i
 0.75  0.354  0.206503 0.206503 i
 0.75  0.36  0.157616 0.157616 i
 0.766667  0  0.0653795 0.0653795 i
 0.766667  0.006  0.0696994 0.0696994 i
 0.766667  0.012  0.077998 0.077998 i
 0.766667  0.018  0.0878131 0.0878131 i
 0.766667  0.024  0.106258 0.106258 i
 0.766667  0.03  0.12454 0.12454 i
 0.766667  0.036  0.120971 0.120971 i
 0.766667  0.042  0.110722 0.110722 i
 0.766667  0.048  0.135705 0.135705 i
 0.766667  0.054  0.134813 0.134813 i
 0.766667  0.06  0.125815 0.125815 i
 0.766667  0.066  0.124848 0.124848 i
 0.766667  0.072  0.124698 0.124698 i
 0.766667  0.078  0.114331 0.114331 i
 0.766667  0.084  0.0966072 0.0966072 i
 0.766667  0.09  0.0809036 0.0809036 i
 0.766667  0.096  0.0735598 0.0735598 i
 0.766667  0.102  0.0682034 0.0682034 i
 0.766667  0.108  0.0677723 0.0677723 i
 0.766667  0.114  0.0748406 0.0748406 i
 0.766667  0.12  0.0916869 0.0916869 i
 0.766667  0.126  0.103818 0.103818 i
 0.766667  0.132  0.105591 0.105591 i
 0.766667  0.138  0.110139 0.110139 i
 0.766667  0.144  0.121388 0.121388 i
 0.766667  0.15  0.143077 0.143077 i
 0.766667  0.156  0.13887 0.13887 i
 0.766667  0.162  0.142614 0.142614 i
 0.766667  0.168  0.154861 0.154861 i
 0.766667  0.174  0.180358 0.180358 i
 0.766667  0.18  0.214227 0.214227 i
 0.766667  0.186  0.238135 0.238135 i
 0.766667  0.192  0.281489 0.281489 i
 0.766667  0.198  0.357905 0.357905 i
 0.766667  0.204  0.438574 0.438574 i
 0.766667  0.21  0.494102 0.494102 i
 0.766667  0.216  0.50636 0.50636 i
 0.766667  0.222  0.499698 0.499698 i
 0.766667  0.228  0.473615 0.473615 i
 0.766667  0.234  0.419966 0.419966 i
 0.766667  0.24  0.36953 0.36953 i
 0.766667  0.246  0.318369 0.318369 i
 0.766667  0.252  0.289648 0.289648 i
 0.766667  0.258  0.272936 0.272936 i
 0.766667  0.264  0.269458 0.269458 i
 0.766667  0.27  0.283052 0.283052 i
 0.766667  0.276  0.310203 0.310203 i
 0.766667  0.282  0.340568 0.340568 i
 0.766667  0.288  0.369365 0.369365 i
 0.766667  0.294  0.381073 0.381073 i
 0.766667  0.3  0.396122 0.396122 i
 0.766667  0.306  0.43757 0.43757 i
 0.766667  0.312  0.466823 0.466823 i
 0.766667  0.318  0.443022 0.443022 i
 0.766667  0.324  0.399013 0.399013 i
 0.766667  0.33  0.350562 0.350562 i
 0.766667  0.336  0.30039 0.30039 i
 0.766667  0.342  0.25723 0.25723 i
 0.766667  0.348  0.226748 0.226748 i
 0.766667  0.354  0.203084 0.203084 i
 0.766667  0.36  0.154386 0.154386 i
 0.783333  0  0.0602884 0.0602884 i
 0.783333  0.006  0.0643119 0.0643119 i
 0.783333  0.012  0.0721073 0.0721073 i
 0.783333  0.018  0.0808506 0.0808506 i
 0.783333  0.024  0.096235 0.096235 i
 0.783333  0.03  0.111686 0.111686 i
 0.783333  0.036  0.108585 0.108585 i
 0.783333  0.042  0.10192 0.10192 i
 0.783333  0.048  0.130175 0.130175 i
 0.783333  0.054  0.126994 0.126994 i
 0.783333  0.06  0.116887 0.116887 i
 0.783333  0.066  0.115514 0.115514 i
 0.783333  0.072  0.11356 0.11356 i
 0.783333  0.078  0.108509 0.108509 i
 0.783333  0.084  0.0972218 0.0972218 i
 0.783333  0.09  0.0812629 0.0812629 i
 0.783333  0.096  0.0718852 0.0718852 i
 0.783333  0.102  0.0684323 0.0684323 i
 0.783333  0.108  0.071137 0.071137 i
 0.783333  0.114  0.0748632 0.0748632 i
 0.783333  0.12  0.0763773 0.0763773 i
 0.783333  0.126  0.0740407 0.0740407 i
 0.783333  0.132  0.0687959 0.0687959 i
 0.783333  0.138  0.0633519 0.0633519 i
 0.783333  0.144  0.0642267 0.0642267 i
 0.783333  0.15  0.0917415 0.0917415 i
 0.783333  0.156  0.110967 0.110967 i
 0.783333  0.162  0.123678 0.123678 i
 0.783333  0.168  0.135648 0.135648 i
 0.783333  0.174  0.159231 0.159231 i
 0.783333  0.18  0.194725 0.194725 i
 0.783333  0.186  0.217037 0.217037 i
 0.783333  0.192  0.25352 0.25352 i
 0.783333  0.198  0.322582 0.322582 i
 0.783333  0.204  0.404569 0.404569 i
 0.783333  0.21  0.461676 0.461676 i
 0.783333  0.216  0.476717 0.476717 i
 0.783333  0.222  0.476851 0.476851 i
 0.783333  0.228  0.459388 0.459388 i
 0.783333  0.234  0.406625 0.406625 i
 0.783333  0.24  0.356603 0.356603 i
 0.783333  0.246  0.306552 0.306552 i
 0.783333  0.252  0.278128 0.278128 i
 0.783333  0.258  0.255054 0.255054 i
 0.783333  0.264  0.242738 0.242738 i
 0.783333  0.27  0.253071 0.253071 i
 0.783333  0.276  0.281695 0.281695 i
 0.783333  0.282  0.320567 0.320567 i
 0.783333  0.288  0.362463 0.362463 i
 0.783333  0.294  0.378815 0.378815 i
 0.783333  0.3  0.390239 0.390239 i
 0.783333  0.306  0.428847 0.428847 i
 0.783333  0.312  0.462835 0.462835 i
 0.783333  0.318  0.4456 0.4456 i
 0.783333  0.324  0.405545 0.405545 i
 0.783333  0.33  0.36416 0.36416 i
 0.783333  0.336  0.315655 0.315655 i
 0.783333  0.342  0.265757 0.265757 i
 0.783333  0.348  0.233294 0.233294 i
 0.783333  0.354  0.211158 0.211158 i
 0.783333  0.36  0.16332 0.16332 i
 0.8  0  0.0549738 0.0549738 i
 0.8  0.006  0.0586484 0.0586484 i
 0.8  0.012  0.0658644 0.0658644 i
 0.8  0.018  0.07352 0.07352 i
 0.8  0.024  0.085829 0.085829 i
 0.8  0.03  0.0988619 0.0988619 i
 0.8  0.036  0.0972377 0.0972377 i
 0.8  0.042  0.0939065 0.0939065 i
 0.8  0.048  0.12314 0.12314 i
 0.8  0.054  0.117335 0.117335 i
 0.8  0.06  0.106789 0.106789 i
 0.8  0.066  0.105367 0.105367 i
 0.8  0.072  0.101284 0.101284 i
 0.8  0.078  0.0990929 0.0990929 i
 0.8  0.084  0.0922791 0.0922791 i
 0.8  0.09  0.0763314 0.0763314 i
 0.8  0.096  0.0638665 0.0638665 i
 0.8  0.102  0.0566265 0.0566265 i
 0.8  0.108  0.0552 0.0552 i
 0.8  0.114  0.054863 0.054863 i
 0.8  0.12  0.0483784 0.0483784 i
 0.8  0.126  0.0373096 0.0373096 i
 0.8  0.132  0.0273812 0.0273812 i
 0.8  0.138  0.015587 0.015587 i
 0.8  0.144  0.00983374 0.00983374 i
 0.8  0.15  0.0375013 0.0375013 i
 0.8  0.156  0.0685272 0.0685272 i
 0.8  0.162  0.0886539 0.0886539 i
 0.8  0.168  0.106342 0.106342 i
 0.8  0.174  0.134694 0.134694 i
 0.8  0.18  0.174403 0.174403 i
 0.8  0.186  0.200273 0.200273 i
 0.8  0.192  0.236748 0.236748 i
 0.8  0.198  0.297824 0.297824 i
 0.8  0.204  0.374891 0.374891 i
 0.8  0.21  0.426937 0.426937 i
 0.8  0.216  0.443351 0.443351 i
 0.8  0.222  0.451598 0.451598 i
 0.8  0.228  0.44041 0.44041 i
 0.8  0.234  0.388935 0.388935 i
 0.8  0.24  0.335563 0.335563 i
 0.8  0.246  0.285292 0.285292 i
 0.8  0.252  0.256186 0.256186 i
 0.8  0.258  0.230891 0.230891 i
 0.8  0.264  0.217234 0.217234 i
 0.8  0.27  0.231133 0.231133 i
 0.8  0.276  0.265244 0.265244 i
 0.8  0.282  0.303007 0.303007 i
 0.8  0.288  0.352344 0.352344 i
 0.8  0.294  0.375605 0.375605 i
 0.8  0.3  0.384149 0.384149 i
 0.8  0.306  0.419239 0.419239 i
 0.8  0.312  0.454 0.454 i
 0.8  0.318  0.43779 0.43779 i
 0.8  0.324  0.400677 0.400677 i
 0.8  0.33  0.364434 0.364434 i
 0.8  0.336  0.321414 0.321414 i
 0.8  0.342  0.275145 0.275145 i
 0.8  0.348  0.247257 0.247257 i
 0.8  0.354  0.23254 0.23254 i
 0.8  0.36  0.184268 0.184268 i
 0.816667  0  0.049378 0.049378 i
 0.816667  0.006  0.0527478 0.0527478 i
 0.816667  0.012  0.0593933 0.0593933 i
 0.816667  0.018  0.0657392 0.0657392 i
 0.816667  0.024  0.0746257 0.0746257 i
 0.816667  0.03  0.0848268 0.0848268 i
 0.816667  0.036  0.0843991 0.0843991 i
 0.816667  0.042  0.0840067 0.0840067 i
 0.816667  0.048  0.112799 0.112799 i
 0.816667  0.054  0.105458 0.105458 i
 0.816667  0.06  0.0963515 0.0963515 i
 0.816667  0.066  0.0964014 0.0964014 i
 0.816667  0.072  0.0918605 0.0918605 i
 0.816667  0.078  0.0910958 0.0910958 i
 0.816667  0.084  0.0859334 0.0859334 i
 0.816667  0.09  0.0684087 0.0684087 i
 0.816667  0.096  0.0500797 0.0500797 i
 0.816667  0.102  0.0340018 0.0340018 i
 0.816667  0.108  0.0240218 0.0240218 i
 0.816667  0.114  0.0214174 0.0214174 i
 0.816667  0.12  0.0196069 0.0196069 i
 0.816667  0.126  0.00841163 0.00841163 i
 0.816667  0.132  0.00641727 0.00641727 i
 0.816667  0.138  0.0227454 0.0227454 i
 0.816667  0.144  0.0316435 0.0316435 i
 0.816667  0.15  0.00949685 0.00949685 i
 0.816667  0.156  0.0187376 0.0187376 i
 0.816667  0.162  0.0424029 0.0424029 i
 0.816667  0.168  0.0683033 0.0683033 i
 0.816667  0.174  0.105085 0.105085 i
 0.816667  0.18  0.148818 0.148818 i
 0.816667  0.186  0.179402 0.179402 i
 0.816667  0.192  0.219989 0.219989 i
 0.816667  0.198  0.275704 0.275704 i
 0.816667  0.204  0.341958 0.341958 i
 0.816667  0.21  0.3878 0.3878 i
 0.816667  0.216  0.404701 0.404701 i
 0.816667  0.222  0.413545 0.413545 i
 0.816667  0.228  0.399858 0.399858 i
 0.816667  0.234  0.353167 0.353167 i
 0.816667  0.24  0.299752 0.299752 i
 0.816667  0.246  0.252626 0.252626 i
 0.816667  0.252  0.227451 0.227451 i
 0.816667  0.258  0.208994 0.208994 i
 0.816667  0.264  0.202544 0.202544 i
 0.816667  0.27  0.222666 0.222666 i
 0.816667  0.276  0.261035 0.261035 i
 0.816667  0.282  0.288951 0.288951 i
 0.816667  0.288  0.334949 0.334949 i
 0.816667  0.294  0.362128 0.362128 i
 0.816667  0.3  0.371433 0.371433 i
 0.816667  0.306  0.407588 0.407588 i
 0.816667  0.312  0.44108 0.44108 i
 0.816667  0.318  0.423065 0.423065 i
 0.816667  0.324  0.388756 0.388756 i
 0.816667  0.33  0.354178 0.354178 i
 0.816667  0.336  0.317017 0.317017 i
 0.816667  0.342  0.28365 0.28365 i
 0.816667  0.348  0.265128 0.265128 i
 0.816667  0.354  0.257956 0.257956 i
 0.816667  0.36  0.205345 0.205345 i
 0.833333  0  0.0443985 0.0443985 i
 0.833333  0.006  0.0474985 0.0474985 i
 0.833333  0.012  0.0535031 0.0535031 i
 0.833333  0.018  0.0580912 0.0580912 i
 0.833333  0.024  0.0629464 0.0629464 i
 0.833333  0.03  0.0693532 0.0693532 i
 0.833333  0.036  0.06933 0.06933 i
 0.833333  0.042  0.0716925 0.0716925 i
 0.833333  0.048  0.0993562 0.0993562 i
 0.833333  0.054  0.0925283 0.0925283 i
 0.833333  0.06  0.0870624 0.0870624 i
 0.833333  0.066  0.0903708 0.0903708 i
 0.833333  0.072  0.0881328 0.0881328 i
 0.833333  0.078  0.0891176 0.0891176 i
 0.833333  0.084  0.0837931 0.0837931 i
 0.833333  0.09  0.0639064 0.0639064 i
 0.833333  0.096  0.0409183 0.0409183 i
 0.833333  0.102  0.0200888 0.0200888 i
 0.833333  0.108  0.00805001 0.00805001 i
 0.833333  0.114  0.00716227 0.00716227 i
 0.833333  0.12  0.0126147 0.0126147 i
 0.833333  0.126  0.00334287 0.00334287 i
 0.833333  0.132  0.0177811 0.0177811 i
 0.833333  0.138  0.038662 0.038662 i
 0.833333  0.144  0.0492669 0.0492669 i
 0.833333  0.15  0.0345045 0.0345045 i
 0.833333  0.156  0.0160191 0.0160191 i
 0.833333  0.162  0.00520946 0.00520946 i
 0.833333  0.168  0.0356237 0.0356237 i
 0.833333  0.174  0.0794913 0.0794913 i
 0.833333  0.18  0.124022 0.124022 i
 0.833333  0.186  0.1539 0.1539 i
 0.833333  0.192  0.194824 0.194824 i
 0.833333  0.198  0.2477 0.2477 i
 0.833333  0.204  0.301953 0.301953 i
 0.833333  0.21  0.343351 0.343351 i
 0.833333  0.216  0.359382 0.359382 i
 0.833333  0.222  0.360155 0.360155 i
 0.833333  0.228  0.33566 0.33566 i
 0.833333  0.234  0.296222 0.296222 i
 0.833333  0.24  0.251067 0.251067 i
 0.833333  0.246  0.212996 0.212996 i
 0.833333  0.252  0.195687 0.195687 i
 0.833333  0.258  0.186488 0.186488 i
 0.833333  0.264  0.190533 0.190533 i
 0.833333  0.27  0.216088 0.216088 i
 0.833333  0.276  0.254622 0.254622 i
 0.833333  0.282  0.272725 0.272725 i
 0.833333  0.288  0.307707 0.307707 i
 0.833333  0.294  0.33283 0.33283 i
 0.833333  0.3  0.346662 0.346662 i
 0.833333  0.306  0.388805 0.388805 i
 0.833333  0.312  0.419048 0.419048 i
 0.833333  0.318  0.398992 0.398992 i
 0.833333  0.324  0.371959 0.371959 i
 0.833333  0.33  0.341665 0.341665 i
 0.833333  0.336  0.308816 0.308816 i
 0.833333  0.342  0.289268 0.289268 i
 0.833333  0.348  0.280408 0.280408 i
 0.833333  0.354  0.276778 0.276778 i
 0.833333  0.36  0.216904 0.216904 i
 0.85  0  0.0408682 0.0408682 i
 0.85  0.006  0.0437144 0.0437144 i
 0.85  0.012  0.049048 0.049048 i
 0.85  0.018  0.0516564 0.0516564 i
 0.85  0.024  0.0523813 0.0523813 i
 0.85  0.03  0.0546823 0.0546823 i
 0.85  0.036  0.0544767 0.0544767 i
 0.85  0.042  0.0586935 0.0586935 i
 0.85  0.048  0.0838639 0.0838639 i
 0.85  0.054  0.0790058 0.0790058 i
 0.85  0.06  0.0782809 0.0782809 i
 0.85  0.066  0.0853853 0.0853853 i
 0.85  0.072  0.0869783 0.0869783 i
 0.85  0.078  0.0907528 0.0907528 i
 0.85  0.084  0.0861961 0.0861961 i
 0.85  0.09  0.0658602 0.0658602 i
 0.85  0.096  0.0431463 0.0431463 i
 0.85  0.102  0.0255146 0.0255146 i
 0.85  0.108  0.0189095 0.0189095 i
 0.85  0.114  0.0209128 0.0209128 i
 0.85  0.12  0.0262509 0.0262509 i
 0.85  0.126  0.0166151 0.0166151 i
 0.85  0.132  0.00784021 0.00784021 i
 0.85  0.138  0.0311508 0.0311508 i
 0.85  0.144  0.0429528 0.0429528 i
 0.85  0.15  0.0332633 0.0332633 i
 0.85  0.156  0.0219128 0.0219128 i
 0.85  0.162  0.00794443 0.00794443 i
 0.85  0.168  0.0206777 0.0206777 i
 0.85  0.174  0.0671049 0.0671049 i
 0.85  0.18  0.108644 0.108644 i
 0.85  0.186  0.130672 0.130672 i
 0.85  0.192  0.164124 0.164124 i
 0.85  0.198  0.213552 0.213552 i
 0.85  0.204  0.257735 0.257735 i
 0.85  0.21  0.292233 0.292233 i
 0.85  0.216  0.303428 0.303428 i
 0.85  0.222  0.29522 0.29522 i
 0.85  0.228  0.260947 0.260947 i
 0.85  0.234  0.22818 0.22818 i
 0.85  0.24  0.198217 0.198217 i
 0.85  0.246  0.17345 0.17345 i
 0.85  0.252  0.163093 0.163093 i
 0.85  0.258  0.156801 0.156801 i
 0.85  0.264  0.166484 0.166484 i
 0.85  0.27  0.194425 0.194425 i
 0.85  0.276  0.229959 0.229959 i
 0.85  0.282  0.246933 0.246933 i
 0.85  0.288  0.273164 0.273164 i
 0.85  0.294  0.293059 0.293059 i
 0.85  0.3  0.311911 0.311911 i
 0.85  0.306  0.359008 0.359008 i
 0.85  0.312  0.38198 0.38198 i
 0.85  0.318  0.359403 0.359403 i
 0.85  0.324  0.345718 0.345718 i
 0.85  0.33  0.329069 0.329069 i
 0.85  0.336  0.301491 0.301491 i
 0.85  0.342  0.290401 0.290401 i
 0.85  0.348  0.288456 0.288456 i
 0.85  0.354  0.285063 0.285063 i
 0.85  0.36  0.219125 0.219125 i
 0.866667  0  0.0382357 0.0382357 i
 0.866667  0.006  0.0409183 0.0409183 i
 0.866667  0.012  0.0458612 0.0458612 i
 0.866667  0.018  0.0468268 0.0468268 i
 0.866667  0.024  0.0441269 0.0441269 i
 0.866667  0.03  0.0430543 0.0430543 i
 0.866667  0.036  0.042269 0.042269 i
 0.866667  0.042  0.046166 0.046166 i
 0.866667  0.048  0.066129 0.066129 i
 0.866667  0.054  0.0634125 0.0634125 i
 0.866667  0.06  0.0673264 0.0673264 i
 0.866667  0.066  0.0772929 0.0772929 i
 0.866667  0.072  0.0818574 0.0818574 i
 0.866667  0.078  0.0881897 0.0881897 i
 0.866667  0.084  0.0867327 0.0867327 i
 0.866667  0.09  0.0687969 0.0687969 i
 0.866667  0.096  0.0493809 0.0493809 i
 0.866667  0.102  0.037053 0.037053 i
 0.866667  0.108  0.0337711 0.0337711 i
 0.866667  0.114  0.0347585 0.0347585 i
 0.866667  0.12  0.0346163 0.0346163 i
 0.866667  0.126  0.0254189 0.0254189 i
 0.866667  0.132  0.00572065 0.00572065 i
 0.866667  0.138  0.0139554 0.0139554 i
 0.866667  0.144  0.0255878 0.0255878 i
 0.866667  0.15  0.0177267 0.0177267 i
 0.866667  0.156  0.00784743 0.00784743 i
 0.866667  0.162  0.0012272 0.0012272 i
 0.866667  0.168  0.0219466 0.0219466 i
 0.866667  0.174  0.0661529 0.0661529 i
 0.866667  0.18  0.103195 0.103195 i
 0.866667  0.186  0.115541 0.115541 i
 0.866667  0.192  0.137806 0.137806 i
 0.866667  0.198  0.179547 0.179547 i
 0.866667  0.204  0.213887 0.213887 i
 0.866667  0.21  0.23642 0.23642 i
 0.866667  0.216  0.240101 0.240101 i
 0.866667  0.222  0.230953 0.230953 i
 0.866667  0.228  0.197464 0.197464 i
 0.866667  0.234  0.16907 0.16907 i
 0.866667  0.24  0.153897 0.153897 i
 0.866667  0.246  0.141515 0.141515 i
 0.866667  0.252  0.134532 0.134532 i
 0.866667  0.258  0.125342 0.125342 i
 0.866667  0.264  0.131271 0.131271 i
 0.866667  0.27  0.155547 0.155547 i
 0.866667  0.276  0.18641 0.18641 i
 0.866667  0.282  0.211723 0.211723 i
 0.866667  0.288  0.239395 0.239395 i
 0.866667  0.294  0.256208 0.256208 i
 0.866667  0.3  0.276365 0.276365 i
 0.866667  0.306  0.321493 0.321493 i
 0.866667  0.312  0.333567 0.333567 i
 0.866667  0.318  0.307375 0.307375 i
 0.866667  0.324  0.307908 0.307908 i
 0.866667  0.33  0.310829 0.310829 i
 0.866667  0.336  0.291319 0.291319 i
 0.866667  0.342  0.283712 0.283712 i
 0.866667  0.348  0.285785 0.285785 i
 0.866667  0.354  0.282159 0.282159 i
 0.866667  0.36  0.214902 0.214902 i
 0.883333  0  0.035377 0.035377 i
 0.883333  0.006  0.0380597 0.0380597 i
 0.883333  0.012  0.0431373 0.0431373 i
 0.883333  0.018  0.0430897 0.0430897 i
 0.883333  0.024  0.0378306 0.0378306 i
 0.883333  0.03  0.034229 0.034229 i
 0.883333  0.036  0.0322665 0.0322665 i
 0.883333  0.042  0.0333863 0.0333863 i
 0.883333  0.048  0.0452489 0.0452489 i
 0.883333  0.054  0.0444279 0.0444279 i
 0.883333  0.06  0.052856 0.052856 i
 0.883333  0.066  0.0645129 0.0645129 i
 0.883333  0.072  0.0700147 0.0700147 i
 0.883333  0.078  0.0769319 0.0769319 i
 0.883333  0.084  0.0795004 0.0795004 i
 0.883333  0.09  0.0654137 0.0654137 i
 0.883333  0.096  0.0484551 0.0484551 i
 0.883333  0.102  0.0382108 0.0382108 i
 0.883333  0.108  0.0320667 0.0320667 i
 0.883333  0.114  0.0280399 0.0280399 i
 0.883333  0.12  0.0241426 0.0241426 i
 0.883333  0.126  0.0184083 0.0184083 i
 0.883333  0.132  0.00871553 0.00871553 i
 0.883333  0.138  0.00206401 0.00206401 i
 0.883333  0.144  0.0121283 0.0121283 i
 0.883333  0.15  0.00549779 0.00549779 i
 0.883333  0.156  0.00494941 0.00494941 i
 0.883333  0.162  0.00876476 0.00876476 i
 0.883333  0.168  0.0268063 0.0268063 i
 0.883333  0.174  0.0654105 0.0654105 i
 0.883333  0.18  0.099446 0.099446 i
 0.883333  0.186  0.10756 0.10756 i
 0.883333  0.192  0.123407 0.123407 i
 0.883333  0.198  0.154121 0.154121 i
 0.883333  0.204  0.176937 0.176937 i
 0.883333  0.21  0.18739 0.18739 i
 0.883333  0.216  0.187093 0.187093 i
 0.883333  0.222  0.185629 0.185629 i
 0.883333  0.228  0.162265 0.162265 i
 0.883333  0.234  0.135767 0.135767 i
 0.883333  0.24  0.126862 0.126862 i
 0.883333  0.246  0.120724 0.120724 i
 0.883333  0.252  0.115113 0.115113 i
 0.883333  0.258  0.104855 0.104855 i
 0.883333  0.264  0.100979 0.100979 i
 0.883333  0.27  0.114447 0.114447 i
 0.883333  0.276  0.139589 0.139589 i
 0.883333  0.282  0.176533 0.176533 i
 0.883333  0.288  0.214178 0.214178 i
 0.883333  0.294  0.231863 0.231863 i
 0.883333  0.3  0.247968 0.247968 i
 0.883333  0.306  0.28432 0.28432 i
 0.883333  0.312  0.285921 0.285921 i
 0.883333  0.318  0.255346 0.255346 i
 0.883333  0.324  0.263097 0.263097 i
 0.883333  0.33  0.279839 0.279839 i
 0.883333  0.336  0.268331 0.268331 i
 0.883333  0.342  0.262587 0.262587 i
 0.883333  0.348  0.266781 0.266781 i
 0.883333  0.354  0.264155 0.264155 i
 0.883333  0.36  0.201612 0.201612 i
 0.9  0  0.032173 0.032173 i
 0.9  0.006  0.0349571 0.0349571 i
 0.9  0.012  0.0405282 0.0405282 i
 0.9  0.018  0.0398468 0.0398468 i
 0.9  0.024  0.0322699 0.0322699 i
 0.9  0.03  0.0260695 0.0260695 i
 0.9  0.036  0.0221154 0.0221154 i
 0.9  0.042  0.0193237 0.0193237 i
 0.9  0.048  0.0217334 0.0217334 i
 0.9  0.054  0.023235 0.023235 i
 0.9  0.06  0.0367567 0.0367567 i
 0.9  0.066  0.0497573 0.0497573 i
 0.9  0.072  0.0549621 0.0549621 i
 0.9  0.078  0.0604264 0.0604264 i
 0.9  0.084  0.0657821 0.0657821 i
 0.9  0.09  0.0562174 0.0562174 i
 0.9  0.096  0.0415241 0.0415241 i
 0.9  0.102  0.0326897 0.0326897 i
 0.9  0.108  0.0244515 0.0244515 i
 0.9  0.114  0.0169963 0.0169963 i
 0.9  0.12  0.0126775 0.0126775 i
 0.9  0.126  0.00924773 0.00924773 i
 0.9  0.132  0.00503399 0.00503399 i
 0.9  0.138  0.00146318 0.00146318 i
 0.9  0.144  0.00821532 0.00821532 i
 0.9  0.15  0.0051974 0.0051974 i
 0.9  0.156  0.00406665 0.00406665 i
 0.9  0.162  0.00999532 0.00999532 i
 0.9  0.168  0.0241009 0.0241009 i
 0.9  0.174  0.0553055 0.0553055 i
 0.9  0.18  0.0888843 0.0888843 i
 0.9  0.186  0.100259 0.100259 i
 0.9  0.192  0.119043 0.119043 i
 0.9  0.198  0.141967 0.141967 i
 0.9  0.204  0.154403 0.154403 i
 0.9  0.21  0.158401 0.158401 i
 0.9  0.216  0.160789 0.160789 i
 0.9  0.222  0.167594 0.167594 i
 0.9  0.228  0.153379 0.153379 i
 0.9  0.234  0.126772 0.126772 i
 0.9  0.24  0.113588 0.113588 i
 0.9  0.246  0.107256 0.107256 i
 0.9  0.252  0.10418 0.10418 i
 0.9  0.258  0.097814 0.097814 i
 0.9  0.264  0.085633 0.085633 i
 0.9  0.27  0.0859493 0.0859493 i
 0.9  0.276  0.105578 0.105578 i
 0.9  0.282  0.150975 0.150975 i
 0.9  0.288  0.197916 0.197916 i
 0.9  0.294  0.217365 0.217365 i
 0.9  0.3  0.226541 0.226541 i
 0.9  0.306  0.25261 0.25261 i
 0.9  0.312  0.248191 0.248191 i
 0.9  0.318  0.213233 0.213233 i
 0.9  0.324  0.218606 0.218606 i
 0.9  0.33  0.236808 0.236808 i
 0.9  0.336  0.228712 0.228712 i
 0.9  0.342  0.223903 0.223903 i
 0.9  0.348  0.228521 0.228521 i
 0.9  0.354  0.228163 0.228163 i
 0.9  0.36  0.175815 0.175815 i
 0.916667  0  0.0291951 0.0291951 i
 0.916667  0.006  0.0320401 0.0320401 i
 0.916667  0.012  0.0380739 0.0380739 i
 0.916667  0.018  0.0367493 0.0367493 i
 0.916667  0.024  0.0265152 0.0265152 i
 0.916667  0.03  0.0168786 0.0168786 i
 0.916667  0.036  0.0103681 0.0103681 i
 0.916667  0.042  0.00427909 0.00427909 i
 0.916667  0.048  0.00222726 0.00222726 i
 0.916667  0.054  0.00249382 0.00249382 i
 0.916667  0.06  0.0216417 0.0216417 i
 0.916667  0.066  0.0361382 0.0361382 i
 0.916667  0.072  0.0409723 0.0409723 i
 0.916667  0.078  0.0442022 0.0442022 i
 0.916667  0.084  0.0502422 0.0502422 i
 0.916667  0.09  0.0465264 0.0465264 i
 0.916667  0.096  0.0374258 0.0374258 i
 0.916667  0.102  0.0336554 0.0336554 i
 0.916667  0.108  0.0297393 0.0297393 i
 0.916667  0.114  0.0247539 0.0247539 i
 0.916667  0.12  0.0214545 0.0214545 i
 0.916667  0.126  0.0159184 0.0159184 i
 0.916667  0.132  0.00764458 0.00764458 i
 0.916667  0.138  0.00355544 0.00355544 i
 0.916667  0.144  0.00978207 0.00978207 i
 0.916667  0.15  0.0126634 0.0126634 i
 0.916667  0.156  0.00557807 0.00557807 i
 0.916667  0.162  0.00320067 0.00320067 i
 0.916667  0.168  0.0122681 0.0122681 i
 0.916667  0.174  0.0356076 0.0356076 i
 0.916667  0.18  0.0695139 0.0695139 i
 0.916667  0.186  0.0859008 0.0859008 i
 0.916667  0.192  0.111699 0.111699 i
 0.916667  0.198  0.134401 0.134401 i
 0.916667  0.204  0.141424 0.141424 i
 0.916667  0.21  0.14332 0.14332 i
 0.916667  0.216  0.150611 0.150611 i
 0.916667  0.222  0.160224 0.160224 i
 0.916667  0.228  0.148578 0.148578 i
 0.916667  0.234  0.121994 0.121994 i
 0.916667  0.24  0.100881 0.100881 i
 0.916667  0.246  0.0943884 0.0943884 i
 0.916667  0.252  0.097306 0.097306 i
 0.916667  0.258  0.0943465 0.0943465 i
 0.916667  0.264  0.0787798 0.0787798 i
 0.916667  0.27  0.0715937 0.0715937 i
 0.916667  0.276  0.08798 0.08798 i
 0.916667  0.282  0.135938 0.135938 i
 0.916667  0.288  0.184002 0.184002 i
 0.916667  0.294  0.202641 0.202641 i
 0.916667  0.3  0.206782 0.206782 i
 0.916667  0.306  0.226341 0.226341 i
 0.916667  0.312  0.221711 0.221711 i
 0.916667  0.318  0.185151 0.185151 i
 0.916667  0.324  0.184481 0.184481 i
 0.916667  0.33  0.196875 0.196875 i
 0.916667  0.336  0.186088 0.186088 i
 0.916667  0.342  0.178433 0.178433 i
 0.916667  0.348  0.181001 0.181001 i
 0.916667  0.354  0.183098 0.183098 i
 0.916667  0.36  0.14358 0.14358 i
 0.933333  0  0.0264762 0.0264762 i
 0.933333  0.006  0.0292973 0.0292973 i
 0.933333  0.012  0.035625 0.035625 i
 0.933333  0.018  0.0336393 0.0336393 i
 0.933333  0.024  0.0205684 0.0205684 i
 0.933333  0.03  0.00692818 0.00692818 i
 0.933333  0.036  0.00212296 0.00212296 i
 0.933333  0.042  0.0103378 0.0103378 i
 0.933333  0.048  0.0246054 0.0246054 i
 0.933333  0.054  0.0163544 0.0163544 i
 0.933333  0.06  0.00795902 0.00795902 i
 0.933333  0.066  0.0238354 0.0238354 i
 0.933333  0.072  0.0284138 0.0284138 i
 0.933333  0.078  0.029442 0.029442 i
 0.933333  0.084  0.0341952 0.0341952 i
 0.933333  0.09  0.0368045 0.0368045 i
 0.933333  0.096  0.0359969 0.0359969 i
 0.933333  0.102  0.03916 0.03916 i
 0.933333  0.108  0.04172 0.04172 i
 0.933333  0.114  0.0433335 0.0433335 i
 0.933333  0.12  0.0435239 0.0435239 i
 0.933333  0.126  0.0361477 0.0361477 i
 0.933333  0.132  0.0207869 0.0207869 i
 0.933333  0.138  0.0103807 0.0103807 i
 0.933333  0.144  0.0100516 0.0100516 i
 0.933333  0.15  0.0182206 0.0182206 i
 0.933333  0.156  0.0113733 0.0113733 i
 0.933333  0.162  0.00370732 0.00370732 i
 0.933333  0.168  0.00233042 0.00233042 i
 0.933333  0.174  0.0141216 0.0141216 i
 0.933333  0.18  0.0463939 0.0463939 i
 0.933333  0.186  0.0612905 0.0612905 i
 0.933333  0.192  0.0868946 0.0868946 i
 0.933333  0.198  0.111716 0.111716 i
 0.933333  0.204  0.116621 0.116621 i
 0.933333  0.21  0.1155 0.1155 i
 0.933333  0.216  0.124205 0.124205 i
 0.933333  0.222  0.134915 0.134915 i
 0.933333  0.228  0.12561 0.12561 i
 0.933333  0.234  0.102933 0.102933 i
 0.933333  0.24  0.0802328 0.0802328 i
 0.933333  0.246  0.0808944 0.0808944 i
 0.933333  0.252  0.0934146 0.0934146 i
 0.933333  0.258  0.0875543 0.0875543 i
 0.933333  0.264  0.0703547 0.0703547 i
 0.933333  0.27  0.0644911 0.0644911 i
 0.933333  0.276  0.0803204 0.0803204 i
 0.933333  0.282  0.1254 0.1254 i
 0.933333  0.288  0.167351 0.167351 i
 0.933333  0.294  0.183143 0.183143 i
 0.933333  0.3  0.187595 0.187595 i
 0.933333  0.306  0.206296 0.206296 i
 0.933333  0.312  0.206548 0.206548 i
 0.933333  0.318  0.176066 0.176066 i
 0.933333  0.324  0.174262 0.174262 i
 0.933333  0.33  0.182449 0.182449 i
 0.933333  0.336  0.164884 0.164884 i
 0.933333  0.342  0.148644 0.148644 i
 0.933333  0.348  0.146386 0.146386 i
 0.933333  0.354  0.149655 0.149655 i
 0.933333  0.36  0.120251 0.120251 i
 0.95  0  0.0237351 0.0237351 i
 0.95  0.006  0.0265217 0.0265217 i
 0.95  0.012  0.0331328 0.0331328 i
 0.95  0.018  0.0308136 0.0308136 i
 0.95  0.024  0.0155006 0.0155006 i
 0.95  0.03  0.0016178 0.0016178 i
 0.95  0.036  0.0127154 0.0127154 i
 0.95  0.042  0.022622 0.022622 i
 0.95  0.048  0.0439109 0.0439109 i
 0.95  0.054  0.0328134 0.0328134 i
 0.95  0.06  0.00454053 0.00454053 i
 0.95  0.066  0.0124929 0.0124929 i
 0.95  0.072  0.0169951 0.0169951 i
 0.95  0.078  0.016329 0.016329 i
 0.95  0.084  0.0183582 0.0183582 i
 0.95  0.09  0.0243854 0.0243854 i
 0.95  0.096  0.0292791 0.0292791 i
 0.95  0.102  0.0362183 0.0362183 i
 0.95  0.108  0.0407191 0.0407191 i
 0.95  0.114  0.0477796 0.0477796 i
 0.95  0.12  0.0550136 0.0550136 i
 0.95  0.126  0.0522116 0.0522116 i
 0.95  0.132  0.0367349 0.0367349 i
 0.95  0.138  0.0221077 0.0221077 i
 0.95  0.144  0.00454745 0.00454745 i
 0.95  0.15  0.0151273 0.0151273 i
 0.95  0.156  0.00681797 0.00681797 i
 0.95  0.162  0.00491975 0.00491975 i
 0.95  0.168  0.011505 0.011505 i
 0.95  0.174  0.000646047 0.000646047 i
 0.95  0.18  0.0284886 0.0284886 i
 0.95  0.186  0.033413 0.033413 i
 0.95  0.192  0.0467591 0.0467591 i
 0.95  0.198  0.0673952 0.0673952 i
 0.95  0.204  0.068674 0.068674 i
 0.95  0.21  0.0619962 0.0619962 i
 0.95  0.216  0.0684475 0.0684475 i
 0.95  0.222  0.0855074 0.0855074 i
 0.95  0.228  0.0863244 0.0863244 i
 0.95  0.234  0.0727661 0.0727661 i
 0.95  0.24  0.0576364 0.0576364 i
 0.95  0.246  0.071503 0.071503 i
 0.95  0.252  0.0937578 0.0937578 i
 0.95  0.258  0.0805276 0.0805276 i
 0.95  0.264  0.0603877 0.0603877 i
 0.95  0.27  0.0598747 0.0598747 i
 0.95  0.276  0.0753767 0.0753767 i
 0.95  0.282  0.1143 0.1143 i
 0.95  0.288  0.149911 0.149911 i
 0.95  0.294  0.164403 0.164403 i
 0.95  0.3  0.174206 0.174206 i
 0.95  0.306  0.196453 0.196453 i
 0.95  0.312  0.204215 0.204215 i
 0.95  0.318  0.188323 0.188323 i
 0.95  0.324  0.19197 0.19197 i
 0.95  0.33  0.199949 0.199949 i
 0.95  0.336  0.175387 0.175387 i
 0.95  0.342  0.148449 0.148449 i
 0.95  0.348  0.140352 0.140352 i
 0.95  0.354  0.143224 0.143224 i
 0.95  0.36  0.116924 0.116924 i
 0.966667  0  0.0215956 0.0215956 i
 0.966667  0.006  0.0243894 0.0243894 i
 0.966667  0.012  0.0313694 0.0313694 i
 0.966667  0.018  0.0292829 0.0292829 i
 0.966667  0.024  0.0129898 0.0129898 i
 0.966667  0.03  0.00609701 0.00609701 i
 0.966667  0.036  0.0185662 0.0185662 i
 0.966667  0.042  0.0305049 0.0305049 i
 0.966667  0.048  0.0581464 0.0581464 i
 0.966667  0.054  0.0451641 0.0451641 i
 0.966667  0.06  0.0137853 0.0137853 i
 0.966667  0.066  0.00491912 0.00491912 i
 0.966667  0.072  0.0107116 0.0107116 i
 0.966667  0.078  0.0104032 0.0104032 i
 0.966667  0.084  0.00973615 0.00973615 i
 0.966667  0.09  0.0139716 0.0139716 i
 0.966667  0.096  0.0191679 0.0191679 i
 0.966667  0.102  0.0263235 0.0263235 i
 0.966667  0.108  0.0288852 0.0288852 i
 0.966667  0.114  0.0365692 0.0365692 i
 0.966667  0.12  0.0490719 0.0490719 i
 0.966667  0.126  0.0546225 0.0546225 i
 0.966667  0.132  0.0474639 0.0474639 i
 0.966667  0.138  0.0362161 0.0362161 i
 0.966667  0.144  0.0083147 0.0083147 i
 0.966667  0.15  0.00253213 0.00253213 i
 0.966667  0.156  0.00472335 0.00472335 i
 0.966667  0.162  3.2473e-05 3.2473e-05 i
 0.966667  0.168  0.0100166 0.0100166 i
 0.966667  0.174  0.00149474 0.00149474 i
 0.966667  0.18  0.0241649 0.0241649 i
 0.966667  0.186  0.0177097 0.0177097 i
 0.966667  0.192  0.0154774 0.0154774 i
 0.966667  0.198  0.0261915 0.0261915 i
 0.966667  0.204  0.0225958 0.0225958 i
 0.966667  0.21  0.0105017 0.0105017 i
 0.966667  0.216  0.0140773 0.0140773 i
 0.966667  0.222  0.0412847 0.0412847 i
 0.966667  0.228  0.0565598 0.0565598 i
 0.966667  0.234  0.0529417 0.0529417 i
 0.966667  0.24  0.0468489 0.0468489 i
 0.966667  0.246  0.0691315 0.0691315 i
 0.966667  0.252  0.0948378 0.0948378 i
 0.966667  0.258  0.0767069 0.0767069 i
 0.966667  0.264  0.0552986 0.0552986 i
 0.966667  0.27  0.0570442 0.0570442 i
 0.966667  0.276  0.0695356 0.0695356 i
 0.966667  0.282  0.102386 0.102386 i
 0.966667  0.288  0.137066 0.137066 i
 0.966667  0.294  0.15412 0.15412 i
 0.966667  0.3  0.171009 0.171009 i
 0.966667  0.306  0.198711 0.198711 i
 0.966667  0.312  0.212049 0.212049 i
 0.966667  0.318  0.21071 0.21071 i
 0.966667  0.324  0.218911 0.218911 i
 0.966667  0.33  0.226791 0.226791 i
 0.966667  0.336  0.199468 0.199468 i
 0.966667  0.342  0.167738 0.167738 i
 0.966667  0.348  0.156314 0.156314 i
 0.966667  0.354  0.159284 0.159284 i
 0.966667  0.36  0.13021 0.13021 i
 0.983333  0  0.0193916 0.0193916 i
 0.983333  0.006  0.0220137 0.0220137 i
 0.983333  0.012  0.0288098 0.0288098 i
 0.983333  0.018  0.027375 0.027375 i
 0.983333  0.024  0.012309 0.012309 i
 0.983333  0.03  0.00588728 0.00588728 i
 0.983333  0.036  0.0181652 0.0181652 i
 0.983333  0.042  0.0311614 0.0311614 i
 0.983333  0.048  0.0612022 0.0612022 i
 0.983333  0.054  0.0480382 0.0480382 i
 0.983333  0.06  0.0164977 0.0164977 i
 0.983333  0.066  0.00299971 0.00299971 i
 0.983333  0.072  0.0109955 0.0109955 i
 0.983333  0.078  0.0131893 0.0131893 i
 0.983333  0.084  0.0113799 0.0113799 i
 0.983333  0.09  0.0109268 0.0109268 i
 0.983333  0.096  0.0134915 0.0134915 i
 0.983333  0.102  0.0200938 0.0200938 i
 0.983333  0.108  0.0215064 0.0215064 i
 0.983333  0.114  0.0259116 0.0259116 i
 0.983333  0.12  0.0364305 0.0364305 i
 0.983333  0.126  0.0462362 0.0462362 i
 0.983333  0.132  0.048313 0.048313 i
 0.983333  0.138  0.0452845 0.0452845 i
 0.983333  0.144  0.0221153 0.0221153 i
 0.983333  0.15  0.0119844 0.0119844 i
 0.983333  0.156  0.0142512 0.0142512 i
 0.983333  0.162  0.00633556 0.00633556 i
 0.983333  0.168  0.00102731 0.00102731 i
 0.983333  0.174  0.0114769 0.0114769 i
 0.983333  0.18  0.0295048 0.0295048 i
 0.983333  0.186  0.0183703 0.0183703 i
 0.983333  0.192  0.00885593 0.00885593 i
 0.983333  0.198  0.0115694 0.0115694 i
 0.983333  0.204  0.00601528 0.00601528 i
 0.983333  0.21  0.00787925 0.00787925 i
 0.983333  0.216  0.00612169 0.00612169 i
 0.983333  0.222  0.0255801 0.0255801 i
 0.983333  0.228  0.0484512 0.0484512 i
 0.983333  0.234  0.050124 0.050124 i
 0.983333  0.24  0.0472579 0.0472579 i
 0.983333  0.246  0.0660356 0.0660356 i
 0.983333  0.252  0.0861463 0.0861463 i
 0.983333  0.258  0.0696908 0.0696908 i
 0.983333  0.264  0.0526269 0.0526269 i
 0.983333  0.27  0.0520986 0.0520986 i
 0.983333  0.276  0.0591036 0.0591036 i
 0.983333  0.282  0.0865633 0.0865633 i
 0.983333  0.288  0.12212 0.12212 i
 0.983333  0.294  0.142233 0.142233 i
 0.983333  0.3  0.162808 0.162808 i
 0.983333  0.306  0.19294 0.19294 i
 0.983333  0.312  0.206297 0.206297 i
 0.983333  0.318  0.210635 0.210635 i
 0.983333  0.324  0.216723 0.216723 i
 0.983333  0.33  0.221914 0.221914 i
 0.983333  0.336  0.198539 0.198539 i
 0.983333  0.342  0.172208 0.172208 i
 0.983333  0.348  0.162006 0.162006 i
 0.983333  0.354  0.166516 0.166516 i
 0.983333  0.36  0.135991 0.135991 i
 1  0  0.0129679 0.0129679 i
 1  0.006  0.0147687 0.0147687 i
 1  0.012  0.0195188 0.0195188 i
 1  0.018  0.0187892 0.0187892 i
 1  0.024  0.00872209 0.00872209 i
 1  0.03  0.00363143 0.00363143 i
 1  0.036  0.0121875 0.0121875 i
 1  0.042  0.0218199 0.0218199 i
 1  0.048  0.0437882 0.0437882 i
 1  0.054  0.0345532 0.0345532 i
 1  0.06  0.0122952 0.0122952 i
 1  0.066  0.00180213 0.00180213 i
 1  0.072  0.00829058 0.00829058 i
 1  0.078  0.0107326 0.0107326 i
 1  0.084  0.00890528 0.00890528 i
 1  0.09  0.00602354 0.00602354 i
 1  0.096  0.00579197 0.00579197 i
 1  0.102  0.00996862 0.00996862 i
 1  0.108  0.010934 0.010934 i
 1  0.114  0.0126924 0.0126924 i
 1  0.12  0.0191052 0.0191052 i
 1  0.126  0.027632 0.027632 i
 1  0.132  0.0330148 0.0330148 i
 1  0.138  0.0347205 0.0347205 i
 1  0.144  0.0207333 0.0207333 i
 1  0.15  0.0139183 0.0139183 i
 1  0.156  0.0132303 0.0132303 i
 1  0.162  0.00682097 0.00682097 i
 1  0.168  0.00326399 0.00326399 i
 1  0.174  0.0127708 0.0127708 i
 1  0.18  0.0239983 0.0239983 i
 1  0.186  0.0149149 0.0149149 i
 1  0.192  0.0058578 0.0058578 i
 1  0.198  0.00396969 0.00396969 i
 1  0.204  0.00118299 0.00118299 i
 1  0.21  0.0107081 0.0107081 i
 1  0.216  0.00912588 0.00912588 i
 1  0.222  0.0154107 0.0154107 i
 1  0.228  0.0344253 0.0344253 i
 1  0.234  0.037277 0.037277 i
 1  0.24  0.0358852 0.0358852 i
 1  0.246  0.0467422 0.0467422 i
 1  0.252  0.0582088 0.0582088 i
 1  0.258  0.0482699 0.0482699 i
 1  0.264  0.0380261 0.0380261 i
 1  0.27  0.0358695 0.0358695 i
 1  0.276  0.038411 0.038411 i
 1  0.282  0.0560403 0.0560403 i
 1  0.288  0.0822602 0.0822602 i
 1  0.294  0.0979769 0.0979769 i
 1  0.3  0.113563 0.113563 i
 1  0.306  0.135662 0.135662 i
 1  0.312  0.144887 0.144887 i
 1  0.318  0.149681 0.149681 i
 1  0.324  0.152679 0.152679 i
 1  0.33  0.154622 0.154622 i
 1  0.336  0.139753 0.139753 i
 1  0.342  0.123966 0.123966 i
 1  0.348  0.117521 0.117521 i
 1  0.354  0.121237 0.121237 i
 1  0.36  0.0986341 0.0986341 i

