# dynamical spin structure factor of two-orbital Hubbard-Kanamori model
# t00=0.5 t11/t00=1.0 U=16 Jh=U/4 L=60 n=2.80
# k, omega, S(k,omega)

0 0 0.00163896
0 0.004 0.000494024
0 0.008 -0.000888474
0 0.012 -0.00212624
0 0.016 -0.00259265
0 0.02 -0.00197607
0 0.024 -0.0011536
0 0.028 0.000370362
0 0.032 0.00221067
0 0.036 0.00273627
0 0.04 -0.000244914
0 0.044 -0.00868513
0 0.048 -0.0197968
0 0.052 -0.0274583
0 0.056 -0.0255549
0 0.06 -0.0190294
0 0.064 -0.00965903
0 0.068 -0.00119241
0 0.072 0.0106082
0 0.076 0.0260613
0 0.08 0.0303732
0 0.084 0.0221211
0 0.088 0.0203776
0 0.092 0.0190991
0 0.096 0.0160154
0 0.1 0.0109359
0 0.104 0.00580398
0 0.108 0.000410562
0 0.112 -0.00487931
0 0.116 -0.00845041
0 0.12 -0.0158235
0 0.124 -0.0197778
0 0.128 -0.0191871
0 0.132 -0.00744231
0 0.136 0.00126259
0 0.14 0.0102779
0 0.144 0.0160085
0 0.148 0.0317363
0 0.152 0.0269762
0 0.156 0.0246676
0 0.16 0.0370249
0 0.164 0.027782
0 0.168 0.0155855
0 0.172 0.0111852
0 0.176 0.00702894
0 0.18 0.00450056
0 0.184 0.00053288
0 0.188 0.00342662
0 0.192 -0.0113876
0 0.196 -0.00925735
0 0.2 -0.00118238
0 0.204 0.0045342
0 0.208 -0.00757608
0 0.212 -0.00860208
0 0.216 -0.00987531
0 0.22 -0.00563036
0 0.224 -0.0159853
0 0.228 -0.0105362
0 0.232 -0.0143387
0 0.236 -0.00120208
0 0.24 0.00341138
0 0.244 0.00171992
0 0.248 0.00470861
0 0.252 0.00333706
0 0.256 0.00859091
0 0.26 0.0120794
0 0.264 0.0162566
0 0.268 0.0286684
0 0.272 0.0251213
0 0.276 0.0247636
0 0.28 0.0286631
0 0.284 0.0127963
0 0.288 0.0193779
0 0.292 0.0133627
0 0.296 0.0159551
0 0.3 0.0254115
0 0.304 0.0109329
0 0.308 0.00901577
0 0.312 0.0182063
0 0.316 0.00906766
0 0.32 -0.00343378
0 0.324 0.0118487
0 0.328 0.00369518
0 0.332 0.0165156
0 0.336 0.0101517
0 0.34 0.00143237
0 0.344 -0.00434852
0 0.348 0.0037348
0 0.352 -0.0262106
0 0.356 -0.0118401
0 0.36 -0.0232507
0 0.364 -0.0218892
0 0.368 -0.0231568
0 0.372 -0.0231062
0 0.376 -0.0319451
0 0.38 -0.0429725
0 0.384 -0.0182824
0 0.388 -0.0122677
0 0.392 -0.0114089
0 0.396 0.00281408
0 0.4 0.00741231
0 0.404 0.0122789
0 0.408 0.00212637
0 0.412 0.0110042
0 0.416 -0.00207259
0 0.42 0.0154465
0 0.424 0.000537563
0 0.428 0.00123136
0 0.432 0.000402471
0 0.436 -0.0132252
0 0.44 0.00394679
0 0.444 0.014871
0 0.448 0.0112094
0 0.452 0.00300924
0 0.456 0.0304521
0 0.46 0.00554875
0 0.464 0.00255597
0 0.468 0.0107191
0 0.472 0.0123436
0 0.476 -0.00517085
0 0.48 0.021871
0 0.484 0.00469345
0 0.488 -0.000733281
0 0.492 0.020274
0 0.496 -0.00636902
0 0.5 0.0113501
0 0.504 0.0143604
0 0.508 -0.000764
0 0.512 0.0241429
0 0.516 0.0149126
0 0.52 0.00814114
0 0.524 0.00939701
0 0.528 0.0131243
0 0.532 -0.00917407
0 0.536 0.0130565
0 0.54 0.00351835
0 0.544 -0.00887159
0 0.548 -0.00525941
0 0.552 -0.0080412
0 0.556 -0.0161359
0 0.56 0.000798266
0 0.564 -0.0107579
0 0.568 0.00996849
0 0.572 -0.00283209
0 0.576 -0.00408158
0 0.58 0.0098002
0 0.584 0.000789015
0 0.588 0.00270094
0 0.592 0.00880717
0 0.596 0.000945112
0 0.6 -0.0057012
0 0.604 -0.000801535
0 0.608 -0.00308224
0 0.612 -0.00602249
0 0.616 -0.0104688
0 0.62 -0.00442171
0 0.624 -0.00994858
0 0.628 -0.0109947
0 0.632 -0.0220298
0 0.636 -0.0283595
0 0.64 -0.00263702
0 0.644 -0.00774096
0 0.648 -0.0108947
0 0.652 -0.0101793
0 0.656 -0.0363723
0 0.66 -0.0114123
0 0.664 -0.0112618
0 0.668 -0.00428477
0 0.672 -0.0145254
0 0.676 -0.0203679
0 0.68 -0.00670592
0 0.684 0.00795365
0 0.688 -0.00909365
0 0.692 -0.00724314
0 0.696 -0.00190511
0 0.7 0.0186402
0 0.704 0.0133717
0 0.708 0.0100773
0 0.712 0.0108432
0 0.716 0.00401929
0 0.72 0.0142618
0 0.724 0.0192899
0 0.728 0.00395827
0 0.732 0.0204095
0 0.736 0.00309446
0 0.74 0.0149835
0 0.744 0.0180131
0 0.748 0.0106167
0 0.752 0.0181896
0 0.756 0.00173865
0 0.76 -0.00643796
0 0.764 0.00515105
0 0.768 -0.00878152
0 0.772 0.00426123
0 0.776 0.00454109
0 0.78 0.00426123
0 0.784 0.00926725
0 0.788 0.0101354
0 0.792 -0.00206793
0 0.796 0.013965
0 0.8 0.01025
0.0166667 0 0.0458116
0.0166667 0.004 0.0461735
0.0166667 0.008 0.0450862
0.0166667 0.012 0.0427509
0.0166667 0.016 0.0400434
0.0166667 0.02 0.0376768
0.0166667 0.024 0.0352828
0.0166667 0.028 0.033495
0.0166667 0.032 0.0318663
0.0166667 0.036 0.0288836
0.0166667 0.04 0.0226973
0.0166667 0.044 0.0121575
0.0166667 0.048 0.000318084
0.0166667 0.052 -0.00806123
0.0166667 0.056 -0.00790825
0.0166667 0.06 -0.00352174
0.0166667 0.064 0.00359722
0.0166667 0.068 0.00989723
0.0166667 0.072 0.0183537
0.0166667 0.076 0.0291276
0.0166667 0.08 0.0307858
0.0166667 0.084 0.0227688
0.0166667 0.088 0.0203762
0.0166667 0.092 0.019705
0.0166667 0.096 0.0181661
0.0166667 0.1 0.0146676
0.0166667 0.104 0.0116335
0.0166667 0.108 0.00719683
0.0166667 0.112 0.00244571
0.0166667 0.116 -0.00017428
0.0166667 0.12 -0.00663655
0.0166667 0.124 -0.0110421
0.0166667 0.128 -0.0100188
0.0166667 0.132 -0.000424949
0.0166667 0.136 0.00636513
0.0166667 0.14 0.012557
0.0166667 0.144 0.0194025
0.0166667 0.148 0.0289597
0.0166667 0.152 0.0246232
0.0166667 0.156 0.0236972
0.0166667 0.16 0.0262451
0.0166667 0.164 0.0183353
0.0166667 0.168 0.0120542
0.0166667 0.172 0.00988635
0.0166667 0.176 0.00563568
0.0166667 0.18 0.0025211
0.0166667 0.184 -0.00108777
0.0166667 0.188 0.00120237
0.0166667 0.192 -0.0101459
0.0166667 0.196 -0.00854017
0.0166667 0.2 -0.00196253
0.0166667 0.204 0.00425451
0.0166667 0.208 -0.00578411
0.0166667 0.212 -0.00686403
0.0166667 0.216 -0.00740023
0.0166667 0.22 -0.00303343
0.0166667 0.224 -0.0107432
0.0166667 0.228 -0.00800419
0.0166667 0.232 -0.00948387
0.0166667 0.236 0.0012658
0.0166667 0.24 0.00647582
0.0166667 0.244 0.00575482
0.0166667 0.248 0.00651178
0.0166667 0.252 0.00571439
0.0166667 0.256 0.00920116
0.0166667 0.26 0.0114924
0.0166667 0.264 0.0172492
0.0166667 0.268 0.0193975
0.0166667 0.272 0.0190991
0.0166667 0.276 0.0153954
0.0166667 0.28 0.0201697
0.0166667 0.284 0.0101433
0.0166667 0.288 0.0149957
0.0166667 0.292 0.0104394
0.0166667 0.296 0.0137665
0.0166667 0.3 0.0190742
0.0166667 0.304 0.00826766
0.0166667 0.308 0.00810056
0.0166667 0.312 0.0152446
0.0166667 0.316 0.00705651
0.0166667 0.32 -0.00401726
0.0166667 0.324 0.00755897
0.0166667 0.328 0.00374237
0.0166667 0.332 0.0126482
0.0166667 0.336 0.00795347
0.0166667 0.34 0.00296214
0.0166667 0.344 -0.00742159
0.0166667 0.348 0.00565742
0.0166667 0.352 -0.0215546
0.0166667 0.356 -0.01374
0.0166667 0.36 -0.0210536
0.0166667 0.364 -0.0189242
0.0166667 0.368 -0.0192612
0.0166667 0.372 -0.0193833
0.0166667 0.376 -0.0203066
0.0166667 0.38 -0.0299433
0.0166667 0.384 -0.0135907
0.0166667 0.388 -0.00530849
0.0166667 0.392 -0.00441474
0.0166667 0.396 0.00338984
0.0166667 0.4 0.00413654
0.0166667 0.404 0.0127011
0.0166667 0.408 0.00276475
0.0166667 0.412 0.0110053
0.0166667 0.416 0.0003957
0.0166667 0.42 0.0121
0.0166667 0.424 0.00644586
0.0166667 0.428 0.00287334
0.0166667 0.432 0.000146923
0.0166667 0.436 -0.00445928
0.0166667 0.44 0.00551129
0.0166667 0.444 0.0138218
0.0166667 0.448 0.00741201
0.0166667 0.452 -0.00118331
0.0166667 0.456 0.0304599
0.0166667 0.46 0.0099786
0.0166667 0.464 0.00204645
0.0166667 0.468 0.011906
0.0166667 0.472 0.00744518
0.0166667 0.476 0.00285406
0.0166667 0.48 0.0161246
0.0166667 0.484 0.00699773
0.0166667 0.488 0.00191391
0.0166667 0.492 0.0139383
0.0166667 0.496 -0.00368425
0.0166667 0.5 0.0046034
0.0166667 0.504 0.0112508
0.0166667 0.508 0.00222924
0.0166667 0.512 0.018394
0.0166667 0.516 0.00938212
0.0166667 0.52 -0.00129247
0.0166667 0.524 0.000701639
0.0166667 0.528 0.00461542
0.0166667 0.532 -0.00847775
0.0166667 0.536 0.00110525
0.0166667 0.54 -0.000602185
0.0166667 0.544 -0.00306643
0.0166667 0.548 -0.00621823
0.0166667 0.552 -0.00939358
0.0166667 0.556 -0.0149569
0.0166667 0.56 -0.00107224
0.0166667 0.564 -0.00479432
0.0166667 0.568 0.00901983
0.0166667 0.572 -0.00307965
0.0166667 0.576 -0.00329524
0.0166667 0.58 0.00130077
0.0166667 0.584 0.00109903
0.0166667 0.588 0.000121088
0.0166667 0.592 0.00264647
0.0166667 0.596 -0.00501709
0.0166667 0.6 -0.0058982
0.0166667 0.604 -0.0040411
0.0166667 0.608 -0.00369849
0.0166667 0.612 0.00237165
0.0166667 0.616 -0.00704791
0.0166667 0.62 -0.0065448
0.0166667 0.624 -0.00893543
0.0166667 0.628 -0.00627189
0.0166667 0.632 -0.0138738
0.0166667 0.636 -0.0161289
0.0166667 0.64 -0.0018904
0.0166667 0.644 -0.00738332
0.0166667 0.648 -0.0060003
0.0166667 0.652 -0.00412155
0.0166667 0.656 -0.0260885
0.0166667 0.66 -0.00982602
0.0166667 0.664 -0.0132954
0.0166667 0.668 -0.00118596
0.0166667 0.672 -0.0133302
0.0166667 0.676 -0.0125017
0.0166667 0.68 -0.00598421
0.0166667 0.684 0.00570089
0.0166667 0.688 -0.0029086
0.0166667 0.692 -0.00449072
0.0166667 0.696 0.00185553
0.0166667 0.7 0.0223403
0.0166667 0.704 0.0167336
0.0166667 0.708 0.011552
0.0166667 0.712 0.0155047
0.0166667 0.716 0.00676742
0.0166667 0.72 0.0117932
0.0166667 0.724 0.0153571
0.0166667 0.728 0.00775518
0.0166667 0.732 0.0139316
0.0166667 0.736 0.00551525
0.0166667 0.74 0.0153253
0.0166667 0.744 0.016804
0.0166667 0.748 0.0132918
0.0166667 0.752 0.0138816
0.0166667 0.756 0.00425098
0.0166667 0.76 -0.0034682
0.0166667 0.764 0.00747941
0.0166667 0.768 -0.00416058
0.0166667 0.772 0.00251586
0.0166667 0.776 0.00199739
0.0166667 0.78 0.00251586
0.0166667 0.784 0.00680604
0.0166667 0.788 0.00387313
0.0166667 0.792 -0.00272495
0.0166667 0.796 0.0117411
0.0166667 0.8 0.00914653
0.0333333 0 0.149033
0.0333333 0.004 0.153661
0.0333333 0.008 0.154045
0.0333333 0.012 0.149882
0.0333333 0.016 0.142396
0.0333333 0.02 0.132869
0.0333333 0.024 0.122247
0.0333333 0.028 0.111809
0.0333333 0.032 0.101486
0.0333333 0.036 0.0902863
0.0333333 0.04 0.0771457
0.0333333 0.044 0.0624702
0.0333333 0.048 0.0494899
0.0333333 0.052 0.0395162
0.0333333 0.056 0.0352607
0.0333333 0.06 0.0341306
0.0333333 0.064 0.0352216
0.0333333 0.068 0.0350123
0.0333333 0.072 0.0351276
0.0333333 0.076 0.0362358
0.0333333 0.08 0.0331516
0.0333333 0.084 0.0261902
0.0333333 0.088 0.0225395
0.0333333 0.092 0.0226448
0.0333333 0.096 0.023706
0.0333333 0.1 0.0231933
0.0333333 0.104 0.0241967
0.0333333 0.108 0.0221095
0.0333333 0.112 0.0192997
0.0333333 0.116 0.0187335
0.0333333 0.12 0.0146266
0.0333333 0.124 0.00937492
0.0333333 0.128 0.0105572
0.0333333 0.132 0.0155053
0.0333333 0.136 0.0189261
0.0333333 0.14 0.019918
0.0333333 0.144 0.0275291
0.0333333 0.148 0.0248141
0.0333333 0.152 0.0214927
0.0333333 0.156 0.0227094
0.0333333 0.16 0.00680509
0.0333333 0.164 0.00239749
0.0333333 0.168 0.00559939
0.0333333 0.172 0.00727209
0.0333333 0.176 0.00238228
0.0333333 0.18 -0.00125029
0.0333333 0.184 -0.00406206
0.0333333 0.188 -0.00406137
0.0333333 0.192 -0.00727824
0.0333333 0.196 -0.00728104
0.0333333 0.2 -0.00382334
0.0333333 0.204 0.00264273
0.0333333 0.208 -0.00176723
0.0333333 0.212 -0.00264913
0.0333333 0.216 -0.00181915
0.0333333 0.22 0.00293389
0.0333333 0.224 -0.000209463
0.0333333 0.228 -0.00210055
0.0333333 0.232 0.000665099
0.0333333 0.236 0.00611751
0.0333333 0.24 0.0112139
0.0333333 0.244 0.0126257
0.0333333 0.248 0.0092672
0.0333333 0.252 0.00992721
0.0333333 0.256 0.00817575
0.0333333 0.26 0.00917019
0.0333333 0.264 0.0149106
0.0333333 0.268 0.00197283
0.0333333 0.272 0.00606852
0.0333333 0.276 -0.00199541
0.0333333 0.28 0.00377693
0.0333333 0.284 0.00320598
0.0333333 0.288 0.0049923
0.0333333 0.292 0.00320273
0.0333333 0.296 0.00738122
0.0333333 0.3 0.00663842
0.0333333 0.304 0.00281716
0.0333333 0.308 0.00405365
0.0333333 0.312 0.00721616
0.0333333 0.316 0.00275902
0.0333333 0.32 -0.00498103
0.0333333 0.324 -0.00148543
0.0333333 0.328 0.00265531
0.0333333 0.332 0.00376636
0.0333333 0.336 0.00388601
0.0333333 0.34 0.00383499
0.0333333 0.344 -0.0136838
0.0333333 0.348 0.00845575
0.0333333 0.352 -0.0109454
0.0333333 0.356 -0.0147774
0.0333333 0.36 -0.0137067
0.0333333 0.364 -0.0117551
0.0333333 0.368 -0.00951534
0.0333333 0.372 -0.00899571
0.0333333 0.376 0.00315673
0.0333333 0.38 -0.00154907
0.0333333 0.384 -0.00442202
0.0333333 0.388 0.00671464
0.0333333 0.392 0.0100928
0.0333333 0.396 0.00368722
0.0333333 0.4 -0.00166638
0.0333333 0.404 0.0109432
0.0333333 0.408 0.0040426
0.0333333 0.412 0.010074
0.0333333 0.416 0.0043122
0.0333333 0.42 0.00529678
0.0333333 0.424 0.0145554
0.0333333 0.428 0.00377311
0.0333333 0.432 2.7885e-05
0.0333333 0.436 0.0114233
0.0333333 0.44 0.00711056
0.0333333 0.444 0.0105443
0.0333333 0.448 0.00135632
0.0333333 0.452 -0.00646091
0.0333333 0.456 0.0259751
0.0333333 0.46 0.015018
0.0333333 0.464 0.00241398
0.0333333 0.468 0.0116662
0.0333333 0.472 -0.000271478
0.0333333 0.476 0.0128045
0.0333333 0.48 0.00688618
0.0333333 0.484 0.0104788
0.0333333 0.488 0.00783786
0.0333333 0.492 0.00100939
0.0333333 0.496 0.00358169
0.0333333 0.5 -0.00664079
0.0333333 0.504 0.007237
0.0333333 0.508 0.00812101
0.0333333 0.512 0.00566109
0.0333333 0.516 0.000859565
0.0333333 0.52 -0.0158622
0.0333333 0.524 -0.0143163
0.0333333 0.528 -0.00901359
0.0333333 0.532 -0.00535028
0.0333333 0.536 -0.0185658
0.0333333 0.54 -0.00688027
0.0333333 0.544 0.00602713
0.0333333 0.548 -0.0049592
0.0333333 0.552 -0.00890773
0.0333333 0.556 -0.0121496
0.0333333 0.56 -0.0022041
0.0333333 0.564 0.00426212
0.0333333 0.568 0.00483723
0.0333333 0.572 -0.00127632
0.0333333 0.576 0.000339848
0.0333333 0.58 -0.0113224
0.0333333 0.584 0.00199089
0.0333333 0.588 -0.00190562
0.0333333 0.592 -0.00330214
0.0333333 0.596 -0.0154482
0.0333333 0.6 -0.00713616
0.0333333 0.604 -0.0066395
0.0333333 0.608 -0.00358442
0.0333333 0.612 0.0149905
0.0333333 0.616 0.000402768
0.0333333 0.62 -0.00895883
0.0333333 0.624 -0.00742768
0.0333333 0.628 0.00375157
0.0333333 0.632 0.00072488
0.0333333 0.636 0.00712602
0.0333333 0.64 0.00109431
0.0333333 0.644 -0.00502024
0.0333333 0.648 0.0013534
0.0333333 0.652 0.00692554
0.0333333 0.656 -0.00730717
0.0333333 0.66 -0.00687547
0.0333333 0.664 -0.0143368
0.0333333 0.668 0.00476873
0.0333333 0.672 -0.00942747
0.0333333 0.676 0.000899418
0.0333333 0.68 -0.00361775
0.0333333 0.684 0.00123996
0.0333333 0.688 0.00726273
0.0333333 0.692 0.000512094
0.0333333 0.696 0.00784566
0.0333333 0.7 0.027024
0.0333333 0.704 0.0211835
0.0333333 0.708 0.0146606
0.0333333 0.712 0.0231531
0.0333333 0.716 0.0092848
0.0333333 0.72 0.00431386
0.0333333 0.724 0.00583291
0.0333333 0.728 0.0123554
0.0333333 0.732 0.00262033
0.0333333 0.736 0.00850787
0.0333333 0.74 0.0143366
0.0333333 0.744 0.0128241
0.0333333 0.748 0.0173967
0.0333333 0.752 0.00517083
0.0333333 0.756 0.00746901
0.0333333 0.76 0.000942173
0.0333333 0.764 0.00900398
0.0333333 0.768 0.00213709
0.0333333 0.772 0.000187682
0.0333333 0.776 -0.00153227
0.0333333 0.78 0.000187682
0.0333333 0.784 0.000854803
0.0333333 0.788 -0.00630317
0.0333333 0.792 -0.00307073
0.0333333 0.796 0.00635606
0.0333333 0.8 0.00484339
0.05 0 0.252207
0.05 0.004 0.263056
0.05 0.008 0.267074
0.05 0.012 0.26325
0.05 0.016 0.25253
0.05 0.02 0.235874
0.05 0.024 0.215666
0.05 0.028 0.194488
0.05 0.032 0.173833
0.05 0.036 0.153943
0.05 0.04 0.134718
0.05 0.044 0.117418
0.05 0.048 0.104327
0.05 0.052 0.0928554
0.05 0.056 0.0832893
0.05 0.06 0.0750949
0.05 0.064 0.0678458
0.05 0.068 0.0579674
0.05 0.072 0.0483856
0.05 0.076 0.0416513
0.05 0.08 0.0367475
0.05 0.084 0.0325471
0.05 0.088 0.0291198
0.05 0.092 0.0293374
0.05 0.096 0.0312835
0.05 0.1 0.0325988
0.05 0.104 0.0358974
0.05 0.108 0.0361895
0.05 0.112 0.0361508
0.05 0.116 0.0368144
0.05 0.12 0.0351987
0.05 0.124 0.0294239
0.05 0.128 0.0288953
0.05 0.132 0.02979
0.05 0.136 0.0320031
0.05 0.14 0.0306135
0.05 0.144 0.0350253
0.05 0.148 0.0252752
0.05 0.152 0.0226806
0.05 0.156 0.0234841
0.05 0.16 0.000474315
0.05 0.164 -0.000297312
0.05 0.168 0.00325426
0.05 0.172 0.00571329
0.05 0.176 -0.000471073
0.05 0.18 -0.00269741
0.05 0.184 -0.00469052
0.05 0.188 -0.00903378
0.05 0.192 -0.00408561
0.05 0.196 -0.00634
0.05 0.2 -0.00509925
0.05 0.204 -0.000687179
0.05 0.208 0.00209564
0.05 0.212 0.00227219
0.05 0.216 0.00364391
0.05 0.22 0.00868593
0.05 0.224 0.00745665
0.05 0.228 0.00463301
0.05 0.232 0.00851217
0.05 0.236 0.00943143
0.05 0.24 0.0113647
0.05 0.244 0.0142614
0.05 0.248 0.00943066
0.05 0.252 0.0114108
0.05 0.256 0.00277761
0.05 0.26 0.00485458
0.05 0.264 0.00301637
0.05 0.268 -0.00690753
0.05 0.272 -0.00411216
0.05 0.276 -0.00909309
0.05 0.28 -0.0050054
0.05 0.284 -0.00420201
0.05 0.288 -0.00373851
0.05 0.292 -0.00393727
0.05 0.296 -0.000961495
0.05 0.3 -0.000522091
0.05 0.304 -0.000688049
0.05 0.308 -0.00246126
0.05 0.312 -0.00247633
0.05 0.316 -0.000359282
0.05 0.32 -0.00460593
0.05 0.324 -0.00784082
0.05 0.328 -0.00108685
0.05 0.332 -0.00493237
0.05 0.336 0.00194989
0.05 0.34 -0.000906867
0.05 0.344 -0.0176825
0.05 0.348 0.00724843
0.05 0.352 -0.00120604
0.05 0.356 -0.00815221
0.05 0.36 -0.00202097
0.05 0.364 -0.0043839
0.05 0.368 0.0010075
0.05 0.372 0.00399954
0.05 0.376 0.0169313
0.05 0.38 0.0202201
0.05 0.384 0.000797699
0.05 0.388 0.00817373
0.05 0.392 0.0191233
0.05 0.396 0.00195984
0.05 0.4 -0.00330506
0.05 0.404 0.00368013
0.05 0.408 0.00462305
0.05 0.412 0.00731526
0.05 0.416 0.0046329
0.05 0.42 0.00128451
0.05 0.424 0.010651
0.05 0.428 0.00081702
0.05 0.432 0.00138213
0.05 0.436 0.0179862
0.05 0.44 0.00654909
0.05 0.444 0.00629116
0.05 0.448 0.00168347
0.05 0.452 -0.000469454
0.05 0.456 0.0138502
0.05 0.46 0.0105642
0.05 0.464 0.00687852
0.05 0.468 0.00681877
0.05 0.472 0.00122746
0.05 0.476 0.00660799
0.05 0.48 0.0064674
0.05 0.484 0.0107822
0.05 0.488 0.0127208
0.05 0.492 -0.00673852
0.05 0.496 0.0125561
0.05 0.5 -0.00702175
0.05 0.504 0.00970967
0.05 0.508 0.0112873
0.05 0.512 -0.00518694
0.05 0.516 0.000862944
0.05 0.52 -0.0140251
0.05 0.524 -0.0169276
0.05 0.528 -0.00931493
0.05 0.532 0.000808604
0.05 0.536 -0.0186993
0.05 0.54 -0.00623623
0.05 0.544 0.00669497
0.05 0.548 0.00263582
0.05 0.552 -0.00221345
0.05 0.556 -0.00866161
0.05 0.56 0.00295645
0.05 0.564 0.00411523
0.05 0.568 -0.00243719
0.05 0.572 0.00468046
0.05 0.576 0.005942
0.05 0.58 -0.00971774
0.05 0.584 0.00217587
0.05 0.588 0.00236163
0.05 0.592 0.00627114
0.05 0.596 -0.018289
0.05 0.6 -0.00967231
0.05 0.604 0.00097881
0.05 0.608 0.000616283
0.05 0.612 0.012634
0.05 0.616 0.00596007
0.05 0.62 -0.00628554
0.05 0.624 -0.0073851
0.05 0.628 0.0094032
0.05 0.632 0.00587131
0.05 0.636 0.0179504
0.05 0.64 0.00583803
0.05 0.644 -0.000272488
0.05 0.648 -0.000526474
0.05 0.652 0.0109762
0.05 0.656 -0.000798856
0.05 0.66 -0.00492579
0.05 0.664 -0.00913918
0.05 0.668 0.00738004
0.05 0.672 -0.00376119
0.05 0.676 0.0044617
0.05 0.68 -0.000661412
0.05 0.684 -0.00119687
0.05 0.688 0.00784231
0.05 0.692 0.00253377
0.05 0.696 0.00725296
0.05 0.7 0.0225064
0.05 0.704 0.0181279
0.05 0.708 0.016793
0.05 0.712 0.0231216
0.05 0.716 0.00439558
0.05 0.72 -0.00527061
0.05 0.724 -0.00335242
0.05 0.728 0.00816523
0.05 0.732 -0.00152731
0.05 0.736 0.00617383
0.05 0.74 0.00934153
0.05 0.744 0.00611548
0.05 0.748 0.0156747
0.05 0.752 -0.000704997
0.05 0.756 0.00569013
0.05 0.76 -0.000242539
0.05 0.764 0.00256465
0.05 0.768 -0.000859355
0.05 0.772 0.00121009
0.05 0.776 -0.000844915
0.05 0.78 0.00121009
0.05 0.784 -0.00448762
0.05 0.788 -0.00735063
0.05 0.792 -0.00138673
0.05 0.796 0.000853973
0.05 0.8 -0.00252309
0.0666667 0 0.317455
0.0666667 0.004 0.335202
0.0666667 0.008 0.345072
0.0666667 0.012 0.345333
0.0666667 0.016 0.335817
0.0666667 0.02 0.316139
0.0666667 0.024 0.289308
0.0666667 0.028 0.259179
0.0666667 0.032 0.229467
0.0666667 0.036 0.202345
0.0666667 0.04 0.179131
0.0666667 0.044 0.160994
0.0666667 0.048 0.148098
0.0666667 0.052 0.135394
0.0666667 0.056 0.121009
0.0666667 0.06 0.105761
0.0666667 0.064 0.0894844
0.0666667 0.068 0.0701403
0.0666667 0.072 0.0525771
0.0666667 0.076 0.0406875
0.0666667 0.08 0.0369229
0.0666667 0.084 0.0375463
0.0666667 0.088 0.0376193
0.0666667 0.092 0.0386232
0.0666667 0.096 0.0405921
0.0666667 0.1 0.0427333
0.0666667 0.104 0.0460458
0.0666667 0.108 0.047317
0.0666667 0.112 0.048326
0.0666667 0.116 0.0477212
0.0666667 0.12 0.0469375
0.0666667 0.124 0.0409453
0.0666667 0.128 0.0375615
0.0666667 0.132 0.0356544
0.0666667 0.136 0.0383247
0.0666667 0.14 0.0373602
0.0666667 0.144 0.0360221
0.0666667 0.148 0.0284629
0.0666667 0.152 0.0256942
0.0666667 0.156 0.0231929
0.0666667 0.16 0.0105322
0.0666667 0.164 0.0106323
0.0666667 0.168 0.00632034
0.0666667 0.172 0.0060778
0.0666667 0.176 -0.000703165
0.0666667 0.18 -0.000126439
0.0666667 0.184 -0.00126556
0.0666667 0.188 -0.0105024
0.0666667 0.192 -0.000631618
0.0666667 0.196 -0.00436136
0.0666667 0.2 -0.0035206
0.0666667 0.204 -0.00332278
0.0666667 0.208 0.0051224
0.0666667 0.212 0.0070473
0.0666667 0.216 0.0078854
0.0666667 0.22 0.0123274
0.0666667 0.224 0.0117395
0.0666667 0.228 0.0117525
0.0666667 0.232 0.0120192
0.0666667 0.236 0.0109994
0.0666667 0.24 0.00837752
0.0666667 0.244 0.0107386
0.0666667 0.248 0.00807917
0.0666667 0.252 0.00990514
0.0666667 0.256 -0.00273481
0.0666667 0.26 -0.000113815
0.0666667 0.264 -0.0120992
0.0666667 0.268 -0.00575731
0.0666667 0.272 -0.00629065
0.0666667 0.276 -0.00244343
0.0666667 0.28 -0.0026968
0.0666667 0.284 -0.00652186
0.0666667 0.288 -0.00573339
0.0666667 0.292 -0.00568121
0.0666667 0.296 -0.00584951
0.0666667 0.3 0.000387518
0.0666667 0.304 -0.000256779
0.0666667 0.308 -0.00515643
0.0666667 0.312 -0.00817254
0.0666667 0.316 -0.000761922
0.0666667 0.32 -0.00155302
0.0666667 0.324 -0.00782319
0.0666667 0.328 -0.0059975
0.0666667 0.332 -0.010608
0.0666667 0.336 0.00243218
0.0666667 0.34 -0.00852947
0.0666667 0.344 -0.0171111
0.0666667 0.348 0.0019169
0.0666667 0.352 0.00335635
0.0666667 0.356 0.00356209
0.0666667 0.36 0.00771279
0.0666667 0.364 -0.000150248
0.0666667 0.368 0.00660868
0.0666667 0.372 0.0121842
0.0666667 0.376 0.0123843
0.0666667 0.38 0.0221713
0.0666667 0.384 0.00013816
0.0666667 0.388 -0.00382178
0.0666667 0.392 0.0156697
0.0666667 0.396 -0.000268196
0.0666667 0.4 3.73221e-05
0.0666667 0.404 -0.0052069
0.0666667 0.408 0.00408054
0.0666667 0.412 0.00418285
0.0666667 0.416 0.00257764
0.0666667 0.42 0.0028122
0.0666667 0.424 -0.00205027
0.0666667 0.428 0.00105085
0.0666667 0.432 0.00499295
0.0666667 0.436 0.0147013
0.0666667 0.44 0.00941154
0.0666667 0.444 0.00490549
0.0666667 0.448 0.00881692
0.0666667 0.452 0.0178517
0.0666667 0.456 0.00406222
0.0666667 0.46 0.00355704
0.0666667 0.464 0.0156475
0.0666667 0.468 0.00401824
0.0666667 0.472 0.0137675
0.0666667 0.476 -0.0057801
0.0666667 0.48 0.0140903
0.0666667 0.484 0.0102969
0.0666667 0.488 0.0133446
0.0666667 0.492 -0.00378199
0.0666667 0.496 0.0183455
0.0666667 0.5 0.00606591
0.0666667 0.504 0.0157888
0.0666667 0.508 0.00947564
0.0666667 0.512 -0.0096363
0.0666667 0.516 0.00663466
0.0666667 0.52 0.00336273
0.0666667 0.524 -0.00411779
0.0666667 0.528 0.002789
0.0666667 0.532 0.00695143
0.0666667 0.536 0.0032897
0.0666667 0.54 -0.00032502
0.0666667 0.544 0.0023787
0.0666667 0.548 0.0108451
0.0666667 0.552 0.00434761
0.0666667 0.556 -0.00464571
0.0666667 0.56 0.0104117
0.0666667 0.564 -0.00195432
0.0666667 0.568 -0.00759381
0.0666667 0.572 0.00983687
0.0666667 0.576 0.00727633
0.0666667 0.58 0.00144831
0.0666667 0.584 -0.000927547
0.0666667 0.588 0.00582093
0.0666667 0.592 0.0207985
0.0666667 0.596 -0.0125737
0.0666667 0.6 -0.0115915
0.0666667 0.604 0.013886
0.0666667 0.608 0.00869302
0.0666667 0.612 -0.00321037
0.0666667 0.616 0.00621583
0.0666667 0.62 -0.000826628
0.0666667 0.624 -0.0071821
0.0666667 0.628 0.00385673
0.0666667 0.632 0.00083099
0.0666667 0.636 0.0105603
0.0666667 0.64 0.00847498
0.0666667 0.644 0.00314793
0.0666667 0.648 -0.0107978
0.0666667 0.652 0.00616118
0.0666667 0.656 -0.00997821
0.0666667 0.66 -0.00319742
0.0666667 0.664 -0.00378762
0.0666667 0.668 0.00452286
0.0666667 0.672 -0.00010426
0.0666667 0.676 -0.000426535
0.0666667 0.68 0.000130788
0.0666667 0.684 5.87736e-05
0.0666667 0.688 -0.00129031
0.0666667 0.692 0.000924475
0.0666667 0.696 -0.0003857
0.0666667 0.7 0.00998875
0.0666667 0.704 0.00899263
0.0666667 0.708 0.0164622
0.0666667 0.712 0.0140745
0.0666667 0.716 -0.00326823
0.0666667 0.72 -0.00957514
0.0666667 0.724 -0.0060384
0.0666667 0.728 -0.00177022
0.0666667 0.732 0.00107588
0.0666667 0.736 0.00118843
0.0666667 0.74 0.00227881
0.0666667 0.744 -0.00112639
0.0666667 0.748 0.00668685
0.0666667 0.752 -0.00148283
0.0666667 0.756 0.00166411
0.0666667 0.76 -0.00610118
0.0666667 0.764 -0.00772986
0.0666667 0.768 -0.0105442
0.0666667 0.772 0.00455554
0.0666667 0.776 0.00178412
0.0666667 0.78 0.00455554
0.0666667 0.784 -0.00445005
0.0666667 0.788 -0.000643632
0.0666667 0.792 0.000892735
0.0666667 0.796 -0.00192912
0.0666667 0.8 -0.00774057
0.0833333 0 0.344408
0.0833333 0.004 0.368389
0.0833333 0.008 0.385151
0.0833333 0.012 0.392424
0.0833333 0.016 0.388643
0.0833333 0.02 0.371947
0.0833333 0.024 0.344616
0.0833333 0.028 0.310593
0.0833333 0.032 0.274862
0.0833333 0.036 0.241576
0.0833333 0.04 0.214241
0.0833333 0.044 0.194091
0.0833333 0.048 0.179134
0.0833333 0.052 0.164468
0.0833333 0.056 0.146288
0.0833333 0.06 0.125274
0.0833333 0.064 0.101745
0.0833333 0.068 0.0766749
0.0833333 0.072 0.0543857
0.0833333 0.076 0.0375217
0.0833333 0.08 0.0339105
0.0833333 0.084 0.0395465
0.0833333 0.088 0.0446071
0.0833333 0.092 0.0475363
0.0833333 0.096 0.0510768
0.0833333 0.1 0.054458
0.0833333 0.104 0.0575462
0.0833333 0.108 0.0580462
0.0833333 0.112 0.0567778
0.0833333 0.116 0.0525728
0.0833333 0.12 0.0503439
0.0833333 0.124 0.0443368
0.0833333 0.128 0.0394675
0.0833333 0.132 0.034281
0.0833333 0.136 0.0352511
0.0833333 0.14 0.0328801
0.0833333 0.144 0.0285213
0.0833333 0.148 0.02703
0.0833333 0.152 0.0245852
0.0833333 0.156 0.0185995
0.0833333 0.16 0.0209521
0.0833333 0.164 0.0187322
0.0833333 0.168 0.0102506
0.0833333 0.172 0.00723335
0.0833333 0.176 0.0023645
0.0833333 0.18 0.00444058
0.0833333 0.184 0.00426447
0.0833333 0.188 -0.0072405
0.0833333 0.192 0.00352922
0.0833333 0.196 0.0005043
0.0833333 0.2 0.0014679
0.0833333 0.204 -0.00174683
0.0833333 0.208 0.00836801
0.0833333 0.212 0.0113912
0.0833333 0.216 0.011705
0.0833333 0.22 0.0147873
0.0833333 0.224 0.017338
0.0833333 0.228 0.0189734
0.0833333 0.232 0.0144283
0.0833333 0.236 0.0127485
0.0833333 0.24 0.00775136
0.0833333 0.244 0.00813521
0.0833333 0.248 0.00803811
0.0833333 0.252 0.00821279
0.0833333 0.256 -0.00212514
0.0833333 0.26 -0.00430509
0.0833333 0.264 -0.0167954
0.0833333 0.268 -0.00533015
0.0833333 0.272 -0.00316849
0.0833333 0.276 0.00537966
0.0833333 0.28 0.00205849
0.0833333 0.284 -0.00182021
0.0833333 0.288 -0.000481556
0.0833333 0.292 -0.000285584
0.0833333 0.296 -0.00294608
0.0833333 0.3 0.00305547
0.0833333 0.304 0.00240357
0.0833333 0.308 0.000112428
0.0833333 0.312 -0.00642256
0.0833333 0.316 -0.000352667
0.0833333 0.32 0.00408088
0.0833333 0.324 -0.00378681
0.0833333 0.328 -0.00808334
0.0833333 0.332 -0.0133304
0.0833333 0.336 0.00275404
0.0833333 0.34 -0.0111793
0.0833333 0.344 -0.0134516
0.0833333 0.348 -0.00234488
0.0833333 0.352 0.00333498
0.0833333 0.356 0.00918708
0.0833333 0.36 0.00731073
0.0833333 0.364 0.000765454
0.0833333 0.368 0.00469595
0.0833333 0.372 0.0110699
0.0833333 0.376 -7.31853e-06
0.0833333 0.38 0.00983161
0.0833333 0.384 -0.00140728
0.0833333 0.388 -0.0154485
0.0833333 0.392 0.00433374
0.0833333 0.396 0.000464093
0.0833333 0.4 0.00340145
0.0833333 0.404 -0.00840339
0.0833333 0.408 0.00387665
0.0833333 0.412 0.00281726
0.0833333 0.416 0.00356223
0.0833333 0.42 0.0066808
0.0833333 0.424 -0.00657238
0.0833333 0.428 0.0108372
0.0833333 0.432 0.0101773
0.0833333 0.436 0.0134629
0.0833333 0.44 0.0195501
0.0833333 0.444 0.00924667
0.0833333 0.448 0.0152616
0.0833333 0.452 0.0358834
0.0833333 0.456 0.00869346
0.0833333 0.46 0.00808732
0.0833333 0.464 0.0247724
0.0833333 0.468 0.0109109
0.0833333 0.472 0.0264988
0.0833333 0.476 -0.00132827
0.0833333 0.48 0.0182387
0.0833333 0.484 0.0139982
0.0833333 0.488 0.00950008
0.0833333 0.492 0.00485566
0.0833333 0.496 0.0167451
0.0833333 0.5 0.020226
0.0833333 0.504 0.0154387
0.0833333 0.508 0.00444931
0.0833333 0.512 -0.0104419
0.0833333 0.516 0.00668293
0.0833333 0.52 0.0155083
0.0833333 0.524 0.0102433
0.0833333 0.528 0.0102186
0.0833333 0.532 0.00850389
0.0833333 0.536 0.0217268
0.0833333 0.54 0.000757615
0.0833333 0.544 0.00548205
0.0833333 0.548 0.0114683
0.0833333 0.552 0.00255215
0.0833333 0.556 -0.0010528
0.0833333 0.56 0.0112511
0.0833333 0.564 -0.00228323
0.0833333 0.568 -0.00660213
0.0833333 0.572 0.00751306
0.0833333 0.576 0.00154358
0.0833333 0.58 0.0027318
0.0833333 0.584 -0.00707682
0.0833333 0.588 -0.000402422
0.0833333 0.592 0.0191813
0.0833333 0.596 -0.00718264
0.0833333 0.6 -0.010732
0.0833333 0.604 0.0175048
0.0833333 0.608 0.0151191
0.0833333 0.612 -0.014371
0.0833333 0.616 0.00375014
0.0833333 0.62 0.000753932
0.0833333 0.624 -0.00264597
0.0833333 0.628 -0.00834852
0.0833333 0.632 -0.0017797
0.0833333 0.636 -0.000669027
0.0833333 0.64 0.00639232
0.0833333 0.644 0.00261798
0.0833333 0.648 -0.0156549
0.0833333 0.652 0.00102866
0.0833333 0.656 -0.0179375
0.0833333 0.66 -8.20659e-05
0.0833333 0.664 -0.00663016
0.0833333 0.668 -1.72517e-05
0.0833333 0.672 -0.00128726
0.0833333 0.676 -0.000367953
0.0833333 0.68 -0.0014113
0.0833333 0.684 0.00311592
0.0833333 0.688 -0.0068162
0.0833333 0.692 -0.00128841
0.0833333 0.696 -0.0063306
0.0833333 0.7 0.00246092
0.0833333 0.704 0.00413384
0.0833333 0.708 0.014252
0.0833333 0.712 0.00495581
0.0833333 0.716 -0.00325268
0.0833333 0.72 -0.00451149
0.0833333 0.724 -0.000852638
0.0833333 0.728 -0.0057885
0.0833333 0.732 0.00313916
0.0833333 0.736 0.00184606
0.0833333 0.74 -0.0013618
0.0833333 0.744 -0.00524443
0.0833333 0.748 -0.0020337
0.0833333 0.752 0.000168008
0.0833333 0.756 0.00258904
0.0833333 0.76 -0.00821385
0.0833333 0.764 -0.0107085
0.0833333 0.768 -0.01447
0.0833333 0.772 0.00699665
0.0833333 0.776 0.00170894
0.0833333 0.78 0.00699665
0.0833333 0.784 0.00207033
0.0833333 0.788 0.00151171
0.0833333 0.792 0.00227272
0.0833333 0.796 -0.00128187
0.0833333 0.8 -0.0042943
0.1 0 0.34713
0.1 0.004 0.375746
0.1 0.008 0.398866
0.1 0.012 0.414007
0.1 0.016 0.418661
0.1 0.02 0.410236
0.1 0.024 0.389298
0.1 0.028 0.35824
0.1 0.032 0.321284
0.1 0.036 0.283583
0.1 0.04 0.251034
0.1 0.044 0.225886
0.1 0.048 0.205116
0.1 0.052 0.1863
0.1 0.056 0.164936
0.1 0.06 0.140428
0.1 0.064 0.114121
0.1 0.068 0.0882649
0.1 0.072 0.0649879
0.1 0.076 0.0443826
0.1 0.08 0.0380236
0.1 0.084 0.0449106
0.1 0.088 0.0515915
0.1 0.092 0.054907
0.1 0.096 0.0604826
0.1 0.1 0.0647755
0.1 0.104 0.0680333
0.1 0.108 0.0671064
0.1 0.112 0.0623113
0.1 0.116 0.054388
0.1 0.12 0.0498885
0.1 0.124 0.0448183
0.1 0.128 0.0407051
0.1 0.132 0.0310055
0.1 0.136 0.0268772
0.1 0.14 0.0192579
0.1 0.144 0.0170494
0.1 0.148 0.0197304
0.1 0.152 0.0204209
0.1 0.156 0.0129647
0.1 0.16 0.0207867
0.1 0.164 0.0164743
0.1 0.168 0.0122166
0.1 0.172 0.00813756
0.1 0.176 0.00744716
0.1 0.18 0.00827331
0.1 0.184 0.00837501
0.1 0.188 -0.000579053
0.1 0.192 0.00753943
0.1 0.196 0.00721671
0.1 0.2 0.00727499
0.1 0.204 0.00466416
0.1 0.208 0.0122737
0.1 0.212 0.0145259
0.1 0.216 0.0150673
0.1 0.22 0.0176243
0.1 0.224 0.023866
0.1 0.228 0.023603
0.1 0.232 0.0171175
0.1 0.236 0.0140868
0.1 0.24 0.00912979
0.1 0.244 0.00829271
0.1 0.248 0.00841006
0.1 0.252 0.00698217
0.1 0.256 0.00366859
0.1 0.26 -0.00707502
0.1 0.264 -0.00791435
0.1 0.268 -0.00859732
0.1 0.272 -9.35299e-05
0.1 0.276 0.00490536
0.1 0.28 0.00334167
0.1 0.284 0.0048179
0.1 0.288 0.0076277
0.1 0.292 0.00774277
0.1 0.296 0.0054787
0.1 0.3 0.00275464
0.1 0.304 0.00499101
0.1 0.308 0.00760586
0.1 0.312 -0.000472697
0.1 0.316 -0.00124093
0.1 0.32 0.0103763
0.1 0.324 0.00054753
0.1 0.328 -0.00478573
0.1 0.332 -0.0129699
0.1 0.336 0.00211713
0.1 0.34 -0.0068237
0.1 0.344 -0.00801
0.1 0.348 -0.000997985
0.1 0.352 0.00184665
0.1 0.356 0.00235662
0.1 0.36 -0.00381152
0.1 0.364 0.000615004
0.1 0.368 -0.0019006
0.1 0.372 0.00449468
0.1 0.376 -0.00577633
0.1 0.38 -0.00186287
0.1 0.384 0.000245434
0.1 0.388 -0.0130399
0.1 0.392 -0.00482489
0.1 0.396 0.00469501
0.1 0.4 0.00381718
0.1 0.404 -0.00486876
0.1 0.408 0.00536259
0.1 0.412 0.00276012
0.1 0.416 0.00835982
0.1 0.42 0.00771939
0.1 0.424 0.00341119
0.1 0.428 0.02159
0.1 0.432 0.0147345
0.1 0.436 0.0173207
0.1 0.44 0.0279804
0.1 0.444 0.0166721
0.1 0.448 0.0159798
0.1 0.452 0.0411477
0.1 0.456 0.0228068
0.1 0.46 0.0217403
0.1 0.464 0.0290259
0.1 0.468 0.0217293
0.1 0.472 0.0283672
0.1 0.476 0.0174089
0.1 0.48 0.0133556
0.1 0.484 0.0195725
0.1 0.488 0.00348598
0.1 0.492 0.010314
0.1 0.496 0.00800071
0.1 0.5 0.0225428
0.1 0.504 0.00560317
0.1 0.508 -0.00170116
0.1 0.512 -0.0120568
0.1 0.516 9.14086e-05
0.1 0.52 0.0110825
0.1 0.524 0.0148198
0.1 0.528 0.00501048
0.1 0.532 0.00459178
0.1 0.536 0.014813
0.1 0.54 -0.00671778
0.1 0.544 0.0157405
0.1 0.548 0.00699912
0.1 0.552 -0.00356105
0.1 0.556 -0.000333392
0.1 0.56 0.00513389
0.1 0.564 0.00308211
0.1 0.568 -0.00293186
0.1 0.572 -0.000163342
0.1 0.576 -0.00374442
0.1 0.58 -0.00917507
0.1 0.584 -0.0106449
0.1 0.588 -0.00961708
0.1 0.592 0.0054534
0.1 0.596 -0.00662934
0.1 0.6 -0.00760779
0.1 0.604 0.00834604
0.1 0.608 0.0135276
0.1 0.612 -0.0119577
0.1 0.616 0.00405909
0.1 0.62 -0.00118535
0.1 0.624 0.00712795
0.1 0.628 -0.0142023
0.1 0.632 0.0035445
0.1 0.636 -0.00323835
0.1 0.64 0.00307901
0.1 0.644 0.002423
0.1 0.648 -0.00551038
0.1 0.652 0.0018574
0.1 0.656 -0.0101599
0.1 0.66 0.00270915
0.1 0.664 -0.0129548
0.1 0.668 -0.00179318
0.1 0.672 -0.00411837
0.1 0.676 0.0078483
0.1 0.68 -0.0009248
0.1 0.684 0.00514277
0.1 0.688 -0.000305631
0.1 0.692 -0.00270314
0.1 0.696 -0.00411174
0.1 0.7 0.00823597
0.1 0.704 0.00892858
0.1 0.708 0.0118378
0.1 0.712 0.00332111
0.1 0.716 0.00454648
0.1 0.72 0.00387128
0.1 0.724 0.00718121
0.1 0.728 -0.00075592
0.1 0.732 0.00435128
0.1 0.736 0.00880947
0.1 0.74 0.000205612
0.1 0.744 -0.00472086
0.1 0.748 -0.00274923
0.1 0.752 0.00140282
0.1 0.756 0.00826115
0.1 0.76 -0.00236639
0.1 0.764 -0.00375228
0.1 0.768 -0.00840657
0.1 0.772 0.00854505
0.1 0.776 0.00095181
0.1 0.78 0.00854505
0.1 0.784 0.0101394
0.1 0.788 -0.00452183
0.1 0.792 0.00428909
0.1 0.796 0.000934475
0.1 0.8 0.00627272
0.116667 0 0.332737
0.116667 0.004 0.363957
0.116667 0.008 0.391768
0.116667 0.012 0.413797
0.116667 0.016 0.427393
0.116667 0.02 0.430077
0.116667 0.024 0.420735
0.116667 0.028 0.399263
0.116667 0.032 0.367562
0.116667 0.036 0.330168
0.116667 0.04 0.294219
0.116667 0.044 0.263233
0.116667 0.048 0.23446
0.116667 0.052 0.208653
0.116667 0.056 0.183397
0.116667 0.06 0.157165
0.116667 0.064 0.132302
0.116667 0.068 0.109388
0.116667 0.072 0.0883588
0.116667 0.076 0.0682425
0.116667 0.08 0.0578653
0.116667 0.084 0.0595165
0.116667 0.088 0.062135
0.116667 0.092 0.0623011
0.116667 0.096 0.0667021
0.116667 0.1 0.0696539
0.116667 0.104 0.0719302
0.116667 0.108 0.0703202
0.116667 0.112 0.063961
0.116667 0.116 0.0545278
0.116667 0.12 0.0489161
0.116667 0.124 0.0463609
0.116667 0.128 0.0431025
0.116667 0.132 0.0294003
0.116667 0.136 0.0203576
0.116667 0.14 0.00792578
0.116667 0.144 0.00979308
0.116667 0.148 0.0148896
0.116667 0.152 0.0207182
0.116667 0.156 0.0137903
0.116667 0.16 0.0179511
0.116667 0.164 0.0149003
0.116667 0.168 0.0147312
0.116667 0.172 0.0096189
0.116667 0.176 0.0125858
0.116667 0.18 0.0110725
0.116667 0.184 0.00946112
0.116667 0.188 0.00682701
0.116667 0.192 0.00976999
0.116667 0.196 0.0124191
0.116667 0.2 0.0105455
0.116667 0.204 0.0128492
0.116667 0.208 0.0155719
0.116667 0.212 0.0159703
0.116667 0.216 0.0168434
0.116667 0.22 0.0203337
0.116667 0.224 0.0254013
0.116667 0.228 0.0234736
0.116667 0.232 0.0176421
0.116667 0.236 0.0129008
0.116667 0.24 0.00774957
0.116667 0.244 0.00757251
0.116667 0.248 0.00709949
0.116667 0.252 0.0047574
0.116667 0.256 0.00827947
0.116667 0.26 -0.00663232
0.116667 0.264 0.00278784
0.116667 0.268 -0.00683136
0.116667 0.272 0.000833422
0.116667 0.276 0.000925501
0.116667 0.28 0.00398564
0.116667 0.284 0.00666093
0.116667 0.288 0.0124248
0.116667 0.292 0.0114143
0.116667 0.296 0.0119927
0.116667 0.3 0.00133877
0.116667 0.304 0.00690638
0.116667 0.308 0.00912187
0.116667 0.312 0.00273203
0.116667 0.316 -0.00160475
0.116667 0.32 0.0143804
0.116667 0.324 0.00480936
0.116667 0.328 0.00253359
0.116667 0.332 -0.00820922
0.116667 0.336 0.00239111
0.116667 0.34 -0.00216202
0.116667 0.344 -0.00019668
0.116667 0.348 0.00512855
0.116667 0.352 0.00123768
0.116667 0.356 -0.0097571
0.116667 0.36 -0.0151203
0.116667 0.364 0.000589786
0.116667 0.368 -0.00673469
0.116667 0.372 0.000104711
0.116667 0.376 -0.00204912
0.116667 0.38 -0.00506426
0.116667 0.384 0.00413417
0.116667 0.388 0.000475877
0.116667 0.392 -0.00626867
0.116667 0.396 0.00869692
0.116667 0.4 0.00389337
0.116667 0.404 -0.000384811
0.116667 0.408 0.00683397
0.116667 0.412 0.00147958
0.116667 0.416 0.0114659
0.116667 0.42 0.00459045
0.116667 0.424 0.0142559
0.116667 0.428 0.0194755
0.116667 0.432 0.0161051
0.116667 0.436 0.0161404
0.116667 0.44 0.0231215
0.116667 0.444 0.0207272
0.116667 0.448 0.0135045
0.116667 0.452 0.0331446
0.116667 0.456 0.0286421
0.116667 0.46 0.027229
0.116667 0.464 0.0255386
0.116667 0.468 0.0227301
0.116667 0.472 0.0193938
0.116667 0.476 0.0238525
0.116667 0.48 0.00541348
0.116667 0.484 0.0185472
0.116667 0.488 -0.00143663
0.116667 0.492 0.00874978
0.116667 0.496 -0.00274425
0.116667 0.5 0.0112752
0.116667 0.504 -0.00543981
0.116667 0.508 -0.00772666
0.116667 0.512 -0.0144627
0.116667 0.516 -0.00242677
0.116667 0.52 0.00116703
0.116667 0.524 0.0121253
0.116667 0.528 -0.00275688
0.116667 0.532 -0.00112609
0.116667 0.536 -0.00955663
0.116667 0.54 -0.0147843
0.116667 0.544 0.0181323
0.116667 0.548 0.00643833
0.116667 0.552 -0.00359058
0.116667 0.556 -0.00349294
0.116667 0.56 0.00136492
0.116667 0.564 0.00362687
0.116667 0.568 -0.00158525
0.116667 0.572 -0.00348841
0.116667 0.576 -0.000870008
0.116667 0.58 -0.0168606
0.116667 0.584 -0.00601158
0.116667 0.588 -0.00765254
0.116667 0.592 0.0040034
0.116667 0.596 -0.00616393
0.116667 0.6 -0.00464395
0.116667 0.604 0.000166802
0.116667 0.608 0.0035031
0.116667 0.612 -0.00408551
0.116667 0.616 0.00881469
0.116667 0.62 0.00170922
0.116667 0.624 0.0169508
0.116667 0.628 -0.00700658
0.116667 0.632 0.00833328
0.116667 0.636 -0.000338685
0.116667 0.64 0.0043306
0.116667 0.644 0.00852601
0.116667 0.648 0.0123791
0.116667 0.652 0.00606136
0.116667 0.656 0.00774542
0.116667 0.66 0.00201168
0.116667 0.664 -0.0106418
0.116667 0.668 -0.0012785
0.116667 0.672 -0.001526
0.116667 0.676 0.0130335
0.116667 0.68 0.00465653
0.116667 0.684 0.00490595
0.116667 0.688 0.0106091
0.116667 0.692 -0.00416074
0.116667 0.696 0.00211691
0.116667 0.7 0.0189714
0.116667 0.704 0.0163638
0.116667 0.708 0.0104234
0.116667 0.712 0.00753549
0.116667 0.716 0.00941433
0.116667 0.72 0.00604948
0.116667 0.724 0.0114668
0.116667 0.728 0.00410875
0.116667 0.732 0.00790185
0.116667 0.736 0.0121609
0.116667 0.74 0.00194554
0.116667 0.744 -0.00222719
0.116667 0.748 0.00206161
0.116667 0.752 0.000781879
0.116667 0.756 0.0105752
0.116667 0.76 0.00493469
0.116667 0.764 0.00364577
0.116667 0.768 -0.00123867
0.116667 0.772 0.0105646
0.116667 0.776 0.00430786
0.116667 0.78 0.0105646
0.116667 0.784 0.0128979
0.116667 0.788 -0.00837524
0.116667 0.792 0.0076335
0.116667 0.796 0.00203956
0.116667 0.8 0.0129007
0.133333 0 0.303927
0.133333 0.004 0.335612
0.133333 0.008 0.365893
0.133333 0.012 0.392711
0.133333 0.016 0.413922
0.133333 0.02 0.42766
0.133333 0.024 0.431916
0.133333 0.028 0.424319
0.133333 0.032 0.404247
0.133333 0.036 0.374284
0.133333 0.04 0.340774
0.133333 0.044 0.307424
0.133333 0.048 0.27234
0.133333 0.052 0.238262
0.133333 0.056 0.207432
0.133333 0.06 0.178959
0.133333 0.064 0.155103
0.133333 0.068 0.135934
0.133333 0.072 0.11821
0.133333 0.076 0.101403
0.133333 0.08 0.0872722
0.133333 0.084 0.0789632
0.133333 0.088 0.074929
0.133333 0.092 0.070701
0.133333 0.096 0.0705653
0.133333 0.1 0.0705897
0.133333 0.104 0.0702047
0.133333 0.108 0.068873
0.133333 0.112 0.0630698
0.133333 0.116 0.0544514
0.133333 0.12 0.0491944
0.133333 0.124 0.0495077
0.133333 0.128 0.0450608
0.133333 0.132 0.0296837
0.133333 0.136 0.0193876
0.133333 0.14 0.00838081
0.133333 0.144 0.0116599
0.133333 0.148 0.0196663
0.133333 0.152 0.0282888
0.133333 0.156 0.0233751
0.133333 0.16 0.0246093
0.133333 0.164 0.0245022
0.133333 0.168 0.0205537
0.133333 0.172 0.0133953
0.133333 0.176 0.016924
0.133333 0.18 0.0142019
0.133333 0.184 0.00914011
0.133333 0.188 0.0131589
0.133333 0.192 0.010328
0.133333 0.196 0.0146948
0.133333 0.2 0.0111073
0.133333 0.204 0.0193062
0.133333 0.208 0.0169255
0.133333 0.212 0.0168648
0.133333 0.216 0.0173447
0.133333 0.22 0.0206312
0.133333 0.224 0.0206436
0.133333 0.228 0.0208782
0.133333 0.232 0.0153603
0.133333 0.236 0.0105029
0.133333 0.24 0.00469888
0.133333 0.244 0.00524864
0.133333 0.248 0.00662596
0.133333 0.252 0.00252954
0.133333 0.256 0.00930409
0.133333 0.26 -0.000383724
0.133333 0.264 0.004119
0.133333 0.268 0.00302673
0.133333 0.272 0.000971218
0.133333 0.276 0.00203405
0.133333 0.28 0.00651859
0.133333 0.284 0.00383535
0.133333 0.288 0.0106609
0.133333 0.292 0.00861368
0.133333 0.296 0.0117791
0.133333 0.3 0.000929911
0.133333 0.304 0.00843987
0.133333 0.308 0.0065138
0.133333 0.312 0.00137287
0.133333 0.316 0.0026482
0.133333 0.32 0.0143489
0.133333 0.324 0.010443
0.133333 0.328 0.0101827
0.133333 0.332 0.000597477
0.133333 0.336 0.00468054
0.133333 0.34 -0.00264667
0.133333 0.344 0.00940993
0.133333 0.348 0.0115121
0.133333 0.352 0.00186904
0.133333 0.356 -0.0144947
0.133333 0.36 -0.0144551
0.133333 0.364 -0.000674528
0.133333 0.368 -0.00494911
0.133333 0.372 0.000201019
0.133333 0.376 0.00388633
0.133333 0.38 -0.00354093
0.133333 0.384 0.00770767
0.133333 0.388 0.0107419
0.133333 0.392 -0.00205995
0.133333 0.396 0.00883503
0.133333 0.4 0.00639216
0.133333 0.404 0.00146515
0.133333 0.408 0.00504621
0.133333 0.412 -0.0017896
0.133333 0.416 0.00934365
0.133333 0.42 0.00106316
0.133333 0.424 0.0115376
0.133333 0.428 0.00685172
0.133333 0.432 0.0135463
0.133333 0.436 0.00546855
0.133333 0.44 0.0100378
0.133333 0.444 0.017818
0.133333 0.448 0.0120823
0.133333 0.452 0.0198613
0.133333 0.456 0.0191821
0.133333 0.46 0.0176281
0.133333 0.464 0.0153729
0.133333 0.468 0.0120484
0.133333 0.472 0.00831269
0.133333 0.476 0.00849953
0.133333 0.48 0.00103823
0.133333 0.484 0.00833904
0.133333 0.488 -0.00268952
0.133333 0.492 0.00305231
0.133333 0.496 -0.00970298
0.133333 0.5 -0.0052024
0.133333 0.504 -0.00900901
0.133333 0.508 -0.010952
0.133333 0.512 -0.0144331
0.133333 0.516 0.00245779
0.133333 0.52 0.000200512
0.133333 0.524 0.00939042
0.133333 0.528 -0.00250322
0.133333 0.532 -0.00520374
0.133333 0.536 -0.0253333
0.133333 0.54 -0.0151581
0.133333 0.544 0.00533922
0.133333 0.548 0.00968483
0.133333 0.552 0.00200538
0.133333 0.556 -0.0079571
0.133333 0.56 0.00514584
0.133333 0.564 -0.00221761
0.133333 0.568 -7.33705e-05
0.133333 0.572 0.00196943
0.133333 0.576 0.0054164
0.133333 0.58 -0.00923652
0.133333 0.584 0.00477352
0.133333 0.588 0.00425507
0.133333 0.592 0.0190448
0.133333 0.596 -0.00180845
0.133333 0.6 -0.0028876
0.133333 0.604 0.00585631
0.133333 0.608 -0.00803358
0.133333 0.612 0.00117544
0.133333 0.616 0.0136155
0.133333 0.62 0.01269
0.133333 0.624 0.0205868
0.133333 0.628 0.00507187
0.133333 0.632 0.00630341
0.133333 0.636 -0.000316871
0.133333 0.64 0.010653
0.133333 0.644 0.0182917
0.133333 0.648 0.0218791
0.133333 0.652 0.00864271
0.133333 0.656 0.019247
0.133333 0.66 -0.00146108
0.133333 0.664 0.000766055
0.133333 0.668 -0.00245692
0.133333 0.672 0.00854316
0.133333 0.676 0.00822783
0.133333 0.68 0.0117969
0.133333 0.684 0.0034107
0.133333 0.688 0.0130081
0.133333 0.692 -0.00508507
0.133333 0.696 0.00375247
0.133333 0.7 0.0195849
0.133333 0.704 0.0162852
0.133333 0.708 0.0099147
0.133333 0.712 0.0117078
0.133333 0.716 0.00574837
0.133333 0.72 0.00122683
0.133333 0.724 0.0100907
0.133333 0.728 0.00191453
0.133333 0.732 0.0091674
0.133333 0.736 0.00594136
0.133333 0.74 -0.000869653
0.133333 0.744 -0.00127743
0.133333 0.748 0.00322406
0.133333 0.752 -0.00173666
0.133333 0.756 0.00572407
0.133333 0.76 0.00538219
0.133333 0.764 0.00334985
0.133333 0.768 -0.000882749
0.133333 0.772 0.0112002
0.133333 0.776 0.00934255
0.133333 0.78 0.0112002
0.133333 0.784 0.00883701
0.133333 0.788 -0.00201599
0.133333 0.792 0.00839898
0.133333 0.796 0.00119511
0.133333 0.8 0.00768537
0.15 0 0.267501
0.15 0.004 0.297659
0.15 0.008 0.328067
0.15 0.012 0.357042
0.15 0.016 0.383263
0.15 0.02 0.405674
0.15 0.024 0.422203
0.15 0.028 0.429197
0.15 0.032 0.424318
0.15 0.036 0.407869
0.15 0.04 0.383778
0.15 0.044 0.354473
0.15 0.048 0.318774
0.15 0.052 0.279408
0.15 0.056 0.243
0.15 0.06 0.210406
0.15 0.064 0.182396
0.15 0.068 0.163251
0.15 0.072 0.146018
0.15 0.076 0.130273
0.15 0.08 0.112385
0.15 0.084 0.0945774
0.15 0.088 0.0852392
0.15 0.092 0.078589
0.15 0.096 0.0751425
0.15 0.1 0.0735629
0.15 0.104 0.0706953
0.15 0.108 0.0696232
0.15 0.112 0.0643328
0.15 0.116 0.0568013
0.15 0.12 0.0519021
0.15 0.124 0.0530822
0.15 0.128 0.0463925
0.15 0.132 0.0311073
0.15 0.136 0.021855
0.15 0.14 0.0189803
0.15 0.144 0.0205128
0.15 0.148 0.0301356
0.15 0.152 0.0370851
0.15 0.156 0.0354994
0.15 0.16 0.0382385
0.15 0.164 0.0383155
0.15 0.168 0.0277206
0.15 0.172 0.0196397
0.15 0.176 0.02084
0.15 0.18 0.01775
0.15 0.184 0.0102429
0.15 0.188 0.018259
0.15 0.192 0.0114672
0.15 0.196 0.0161128
0.15 0.2 0.0119844
0.15 0.204 0.0227514
0.15 0.208 0.0166313
0.15 0.212 0.0186301
0.15 0.216 0.0186784
0.15 0.22 0.0177058
0.15 0.224 0.0161029
0.15 0.228 0.0193855
0.15 0.232 0.0140413
0.15 0.236 0.010913
0.15 0.24 0.00683162
0.15 0.244 0.00578449
0.15 0.248 0.0108452
0.15 0.252 0.0036426
0.15 0.256 0.0101969
0.15 0.26 0.00984869
0.15 0.264 -0.00113284
0.15 0.268 0.0102007
0.15 0.272 0.00168671
0.15 0.276 0.00706007
0.15 0.28 0.00724205
0.15 0.284 0.00285534
0.15 0.288 0.00506179
0.15 0.292 0.00419216
0.15 0.296 0.00682774
0.15 0.3 -0.000789544
0.15 0.304 0.00948168
0.15 0.308 0.00831936
0.15 0.312 0.00142073
0.15 0.316 0.0115082
0.15 0.32 0.0116985
0.15 0.324 0.0160537
0.15 0.328 0.0153606
0.15 0.332 0.00962157
0.15 0.336 0.00761987
0.15 0.34 -0.0044338
0.15 0.344 0.016921
0.15 0.348 0.0147455
0.15 0.352 0.0027617
0.15 0.356 -0.0083634
0.15 0.36 -0.00119245
0.15 0.364 -0.00365127
0.15 0.368 0.00251738
0.15 0.372 0.000796154
0.15 0.376 0.00643661
0.15 0.38 -0.00247237
0.15 0.384 0.0102761
0.15 0.388 0.0110976
0.15 0.392 0.00306169
0.15 0.396 0.00554699
0.15 0.4 0.0089684
0.15 0.404 0.00348137
0.15 0.408 0.000544689
0.15 0.412 -0.00469891
0.15 0.416 0.00521295
0.15 0.42 0.00134336
0.15 0.424 -0.000693584
0.15 0.428 -0.000392609
0.15 0.432 0.0094386
0.15 0.436 -0.00330323
0.15 0.44 0.00576795
0.15 0.444 0.010229
0.15 0.448 0.0113054
0.15 0.452 0.00733946
0.15 0.456 0.00645266
0.15 0.46 0.0052516
0.15 0.464 0.00271143
0.15 0.468 0.00311637
0.15 0.472 0.00211812
0.15 0.476 -0.00609186
0.15 0.48 -0.000283387
0.15 0.484 -0.00295493
0.15 0.488 -0.000101622
0.15 0.492 -0.00224458
0.15 0.496 -0.0110748
0.15 0.5 -0.0158051
0.15 0.504 -0.00579569
0.15 0.508 -0.00800304
0.15 0.512 -0.011274
0.15 0.516 0.0039738
0.15 0.52 0.00629931
0.15 0.524 0.00736055
0.15 0.528 0.00262425
0.15 0.532 -0.00760178
0.15 0.536 -0.0196105
0.15 0.54 -0.00977417
0.15 0.544 -0.00970706
0.15 0.548 0.00751471
0.15 0.552 0.0029342
0.15 0.556 -0.0105716
0.15 0.56 0.00977942
0.15 0.564 -0.00367615
0.15 0.568 0.00694664
0.15 0.572 0.00928563
0.15 0.576 0.00518892
0.15 0.58 0.00365628
0.15 0.584 0.0136681
0.15 0.588 0.00951467
0.15 0.592 0.025337
0.15 0.596 0.00237893
0.15 0.6 -0.000987584
0.15 0.604 0.0202769
0.15 0.608 -0.013217
0.15 0.612 0.0060504
0.15 0.616 0.0129854
0.15 0.62 0.0222919
0.15 0.624 0.0176869
0.15 0.628 0.0096612
0.15 0.632 0.00417306
0.15 0.636 -0.00204549
0.15 0.64 0.017097
0.15 0.644 0.0220349
0.15 0.648 0.0160898
0.15 0.652 0.0087662
0.15 0.656 0.0181625
0.15 0.66 -0.00332387
0.15 0.664 0.00873345
0.15 0.668 -0.00604972
0.15 0.672 0.0186898
0.15 0.676 0.00109792
0.15 0.68 0.014846
0.15 0.684 0.00312091
0.15 0.688 0.00568754
0.15 0.692 -0.00333042
0.15 0.696 -0.000236378
0.15 0.7 0.00815062
0.15 0.704 0.00858603
0.15 0.708 0.00948469
0.15 0.712 0.0139312
0.15 0.716 0.000352695
0.15 0.72 -0.00255096
0.15 0.724 0.00611506
0.15 0.728 -0.00193721
0.15 0.732 0.00184472
0.15 0.736 -0.00119409
0.15 0.74 -0.00492683
0.15 0.744 -0.00144726
0.15 0.748 -0.00150975
0.15 0.752 -0.00315863
0.15 0.756 -5.54851e-05
0.15 0.76 0.000517259
0.15 0.764 -0.00120896
0.15 0.768 -0.00383278
0.15 0.772 0.00797171
0.15 0.776 0.00885454
0.15 0.78 0.00797171
0.15 0.784 0.00333448
0.15 0.788 0.0080536
0.15 0.792 0.00332885
0.15 0.796 7.18573e-05
0.15 0.8 -0.00229843
0.166667 0 0.231062
0.166667 0.004 0.258186
0.166667 0.008 0.286684
0.166667 0.012 0.315251
0.166667 0.016 0.343413
0.166667 0.02 0.370899
0.166667 0.024 0.396033
0.166667 0.028 0.415035
0.166667 0.032 0.424889
0.166667 0.036 0.424209
0.166667 0.04 0.414107
0.166667 0.044 0.395146
0.166667 0.048 0.366591
0.166667 0.052 0.329862
0.166667 0.056 0.292519
0.166667 0.06 0.256568
0.166667 0.064 0.220618
0.166667 0.068 0.194281
0.166667 0.072 0.171067
0.166667 0.076 0.151296
0.166667 0.08 0.129333
0.166667 0.084 0.106252
0.166667 0.088 0.0929641
0.166667 0.092 0.0854303
0.166667 0.096 0.0826357
0.166667 0.1 0.0813526
0.166667 0.104 0.0775615
0.166667 0.108 0.0759566
0.166667 0.112 0.0705248
0.166667 0.116 0.0626852
0.166667 0.12 0.0568391
0.166667 0.124 0.056252
0.166667 0.128 0.0488182
0.166667 0.132 0.033737
0.166667 0.136 0.024208
0.166667 0.14 0.0305235
0.166667 0.144 0.0310424
0.166667 0.148 0.0369264
0.166667 0.152 0.0413523
0.166667 0.156 0.0428529
0.166667 0.16 0.0463311
0.166667 0.164 0.0426208
0.166667 0.168 0.0326172
0.166667 0.172 0.0263468
0.166667 0.176 0.0243602
0.166667 0.18 0.0203359
0.166667 0.184 0.0138313
0.166667 0.188 0.0221633
0.166667 0.192 0.0146939
0.166667 0.196 0.0185507
0.166667 0.2 0.0148726
0.166667 0.204 0.0234289
0.166667 0.208 0.0160129
0.166667 0.212 0.0203317
0.166667 0.216 0.0214268
0.166667 0.22 0.01416
0.166667 0.224 0.0162637
0.166667 0.228 0.0180046
0.166667 0.232 0.0161083
0.166667 0.236 0.0143065
0.166667 0.24 0.0147019
0.166667 0.244 0.0105789
0.166667 0.248 0.0166966
0.166667 0.252 0.00813974
0.166667 0.256 0.0129792
0.166667 0.26 0.0160278
0.166667 0.264 -0.00229751
0.166667 0.268 0.00621859
0.166667 0.272 0.00268828
0.166667 0.276 0.0084903
0.166667 0.28 0.00355206
0.166667 0.284 0.00726317
0.166667 0.288 0.00182683
0.166667 0.292 0.00376029
0.166667 0.296 0.00190356
0.166667 0.3 -0.00501113
0.166667 0.304 0.0100224
0.166667 0.308 0.015231
0.166667 0.312 0.00782278
0.166667 0.316 0.0191752
0.166667 0.32 0.00985218
0.166667 0.324 0.0176145
0.166667 0.328 0.0176125
0.166667 0.332 0.0146117
0.166667 0.336 0.00949283
0.166667 0.34 -0.000766956
0.166667 0.344 0.0185611
0.166667 0.348 0.0147249
0.166667 0.352 0.00297151
0.166667 0.356 0.000866452
0.166667 0.36 0.0128353
0.166667 0.364 -0.00432942
0.166667 0.368 0.00980789
0.166667 0.372 -0.000668887
0.166667 0.376 0.00676197
0.166667 0.38 -0.000115141
0.166667 0.384 0.01173
0.166667 0.388 0.00912191
0.166667 0.392 0.00675871
0.166667 0.396 0.00175648
0.166667 0.4 0.00771728
0.166667 0.404 0.00842871
0.166667 0.408 -0.00159199
0.166667 0.412 -0.00479912
0.166667 0.416 0.00273573
0.166667 0.42 0.00476501
0.166667 0.424 -0.00761214
0.166667 0.428 0.00259496
0.166667 0.432 0.00745818
0.166667 0.436 0.000459363
0.166667 0.44 0.0137476
0.166667 0.444 0.002526
0.166667 0.448 0.00830874
0.166667 0.452 -0.00254623
0.166667 0.456 0.00344622
0.166667 0.46 0.00169143
0.166667 0.464 -0.00732575
0.166667 0.468 0.0049699
0.166667 0.472 0.000772392
0.166667 0.476 -0.000846899
0.166667 0.48 -0.000757772
0.166667 0.484 -0.00700581
0.166667 0.488 0.00348168
0.166667 0.492 -0.00545696
0.166667 0.496 -0.00911008
0.166667 0.5 -0.0138186
0.166667 0.504 -0.00219567
0.166667 0.508 1.64588e-05
0.166667 0.512 -0.0078163
0.166667 0.516 -0.00439205
0.166667 0.52 0.00800755
0.166667 0.524 0.00355378
0.166667 0.528 0.00459673
0.166667 0.532 -0.00904603
0.166667 0.536 -0.00470157
0.166667 0.54 -0.00584321
0.166667 0.544 -0.0112257
0.166667 0.548 -0.00154997
0.166667 0.552 -0.00262165
0.166667 0.556 -0.0113488
0.166667 0.56 0.00678425
0.166667 0.564 0.00393438
0.166667 0.568 0.0160224
0.166667 0.572 0.00982538
0.166667 0.576 0.000525742
0.166667 0.58 0.00858299
0.166667 0.584 0.0164453
0.166667 0.588 0.000858964
0.166667 0.592 0.00919099
0.166667 0.596 0.0012027
0.166667 0.6 0.0025139
0.166667 0.604 0.0273718
0.166667 0.608 -0.0104155
0.166667 0.612 0.013308
0.166667 0.616 0.00624518
0.166667 0.62 0.0200212
0.166667 0.624 0.0131759
0.166667 0.628 0.00589072
0.166667 0.632 0.00881636
0.166667 0.636 0.0013867
0.166667 0.64 0.0200626
0.166667 0.644 0.0166486
0.166667 0.648 0.00344944
0.166667 0.652 0.0075204
0.166667 0.656 0.0131017
0.166667 0.66 -0.00122877
0.166667 0.664 0.00678035
0.166667 0.668 -0.00678102
0.166667 0.672 0.0194253
0.166667 0.676 0.00066048
0.166667 0.68 0.0138604
0.166667 0.684 0.00583699
0.166667 0.688 -0.000689777
0.166667 0.692 0.000729144
0.166667 0.696 -0.00220675
0.166667 0.7 -0.00142659
0.166667 0.704 0.00284724
0.166667 0.708 0.0089909
0.166667 0.712 0.016159
0.166667 0.716 0.000760069
0.166667 0.72 -6.91616e-05
0.166667 0.724 0.00255034
0.166667 0.728 0.000774096
0.166667 0.732 -0.00739734
0.166667 0.736 0.00186217
0.166667 0.74 -0.00331442
0.166667 0.744 0.000489869
0.166667 0.748 -0.00431417
0.166667 0.752 0.000807066
0.166667 0.756 -0.000170728
0.166667 0.76 -0.00177833
0.166667 0.764 -0.00200095
0.166667 0.768 -0.00298763
0.166667 0.772 0.0033538
0.166667 0.776 0.00261928
0.166667 0.78 0.0033538
0.166667 0.784 0.00198945
0.166667 0.788 0.0108345
0.166667 0.792 -0.00338453
0.166667 0.796 0.000504847
0.166667 0.8 -0.00287802
0.183333 0 0.196625
0.183333 0.004 0.219931
0.183333 0.008 0.245165
0.183333 0.012 0.271412
0.183333 0.016 0.29887
0.183333 0.02 0.327764
0.183333 0.024 0.35699
0.183333 0.028 0.383583
0.183333 0.032 0.404704
0.183333 0.036 0.418185
0.183333 0.04 0.422862
0.183333 0.044 0.417855
0.183333 0.048 0.403
0.183333 0.052 0.37853
0.183333 0.056 0.348905
0.183333 0.06 0.315767
0.183333 0.064 0.275652
0.183333 0.068 0.237952
0.183333 0.072 0.20234
0.183333 0.076 0.173798
0.183333 0.08 0.147298
0.183333 0.084 0.122052
0.183333 0.088 0.104233
0.183333 0.092 0.095192
0.183333 0.096 0.0934715
0.183333 0.1 0.091181
0.183333 0.104 0.0865667
0.183333 0.108 0.0838813
0.183333 0.112 0.0787907
0.183333 0.116 0.0698729
0.183333 0.12 0.0622329
0.183333 0.124 0.059158
0.183333 0.128 0.0526411
0.183333 0.132 0.0379342
0.183333 0.136 0.0266076
0.183333 0.14 0.0369951
0.183333 0.144 0.0410017
0.183333 0.148 0.0386375
0.183333 0.152 0.0434488
0.183333 0.156 0.0451121
0.183333 0.16 0.0454764
0.183333 0.164 0.0375659
0.183333 0.168 0.0355058
0.183333 0.172 0.0312989
0.183333 0.176 0.0264732
0.183333 0.18 0.0219807
0.183333 0.184 0.0184504
0.183333 0.188 0.0238215
0.183333 0.192 0.0187147
0.183333 0.196 0.0205421
0.183333 0.2 0.0173911
0.183333 0.204 0.0215277
0.183333 0.208 0.0159178
0.183333 0.212 0.0195886
0.183333 0.216 0.0230931
0.183333 0.22 0.0131886
0.183333 0.224 0.0171937
0.183333 0.228 0.0138951
0.183333 0.232 0.0180724
0.183333 0.236 0.0158857
0.183333 0.24 0.019715
0.183333 0.244 0.0140596
0.183333 0.248 0.0170266
0.183333 0.252 0.0114211
0.183333 0.256 0.0146076
0.183333 0.26 0.0122778
0.183333 0.264 0.00443833
0.183333 0.268 -0.000931793
0.183333 0.272 0.00325064
0.183333 0.276 0.00486124
0.183333 0.28 5.29001e-05
0.183333 0.284 0.0130387
0.183333 0.288 0.00369666
0.183333 0.292 0.00724575
0.183333 0.296 -0.000463245
0.183333 0.3 -0.00653057
0.183333 0.304 0.0108268
0.183333 0.308 0.0189449
0.183333 0.312 0.0163939
0.183333 0.316 0.0206616
0.183333 0.32 0.0104419
0.183333 0.324 0.0139797
0.183333 0.328 0.0180693
0.183333 0.332 0.0153338
0.183333 0.336 0.0100881
0.183333 0.34 0.00664539
0.183333 0.344 0.0151987
0.183333 0.348 0.013284
0.183333 0.352 0.00282696
0.183333 0.356 0.00620192
0.183333 0.36 0.0164837
0.183333 0.364 0.00233994
0.183333 0.368 0.0116162
0.183333 0.372 -0.00131843
0.183333 0.376 0.00759811
0.183333 0.38 0.00657574
0.183333 0.384 0.0111053
0.183333 0.388 0.0126755
0.183333 0.392 0.00903785
0.183333 0.396 -0.00101101
0.183333 0.4 0.00388524
0.183333 0.404 0.0131895
0.183333 0.408 0.00145174
0.183333 0.412 -0.0021701
0.183333 0.416 -0.000136762
0.183333 0.42 0.00641748
0.183333 0.424 -0.00438924
0.183333 0.428 0.00396974
0.183333 0.432 0.00876624
0.183333 0.436 0.00949276
0.183333 0.44 0.0179128
0.183333 0.444 -0.00211342
0.183333 0.448 0.00347358
0.183333 0.452 -0.00717818
0.183333 0.456 0.00797007
0.183333 0.46 0.00295806
0.183333 0.464 -0.0109671
0.183333 0.468 0.00976306
0.183333 0.472 0.000791921
0.183333 0.476 0.0107354
0.183333 0.48 0.00116144
0.183333 0.484 -0.00551903
0.183333 0.488 0.00449756
0.183333 0.492 -0.00690215
0.183333 0.496 -0.00644021
0.183333 0.5 -0.00198694
0.183333 0.504 -0.0013996
0.183333 0.508 0.00641572
0.183333 0.512 -0.00562455
0.183333 0.516 -0.0116521
0.183333 0.52 0.00227048
0.183333 0.524 0.000205146
0.183333 0.528 0.00389867
0.183333 0.532 -0.00792892
0.183333 0.536 -7.15271e-05
0.183333 0.54 -0.00517065
0.183333 0.544 -0.00145024
0.183333 0.548 -0.00656331
0.183333 0.552 -0.00389737
0.183333 0.556 -0.0118098
0.183333 0.56 -0.00134003
0.183333 0.564 0.0112247
0.183333 0.568 0.0176104
0.183333 0.572 0.00467208
0.183333 0.576 0.00331566
0.183333 0.58 0.0075773
0.183333 0.584 0.0162232
0.183333 0.588 -0.0088618
0.183333 0.592 -0.00585114
0.183333 0.596 -0.00268579
0.183333 0.6 0.00685708
0.183333 0.604 0.0206388
0.183333 0.608 -0.00414539
0.183333 0.612 0.0192531
0.183333 0.616 -0.00211234
0.183333 0.62 0.00959743
0.183333 0.624 0.0101204
0.183333 0.628 0.00282846
0.183333 0.632 0.0144863
0.183333 0.636 0.00901471
0.183333 0.64 0.0206096
0.183333 0.644 0.0113757
0.183333 0.648 -0.00362771
0.183333 0.652 0.00503458
0.183333 0.656 0.0121122
0.183333 0.66 0.00301911
0.183333 0.664 0.00329167
0.183333 0.668 0.000241486
0.183333 0.672 0.0104388
0.183333 0.676 0.00355661
0.183333 0.68 0.0134809
0.183333 0.684 0.010131
0.183333 0.688 0.0011882
0.183333 0.692 0.00328756
0.183333 0.696 0.00323599
0.183333 0.7 0.00169228
0.183333 0.704 0.00572052
0.183333 0.708 0.00926738
0.183333 0.712 0.0184679
0.183333 0.716 0.00407881
0.183333 0.72 0.00471516
0.183333 0.724 -0.000524449
0.183333 0.728 0.00777306
0.183333 0.732 -0.00536822
0.183333 0.736 0.0105332
0.183333 0.74 0.00325096
0.183333 0.744 0.00473717
0.183333 0.748 0.000291134
0.183333 0.752 0.00893004
0.183333 0.756 0.0027743
0.183333 0.76 -0.00036609
0.183333 0.764 0.00160606
0.183333 0.768 0.00024326
0.183333 0.772 0.0023859
0.183333 0.776 -0.00163039
0.183333 0.78 0.0023859
0.183333 0.784 0.0042724
0.183333 0.788 0.0064449
0.183333 0.792 -0.00437725
0.183333 0.796 0.00216898
0.183333 0.8 0.00727591
0.2 0 0.163403
0.2 0.004 0.18275
0.2 0.008 0.204116
0.2 0.012 0.22699
0.2 0.016 0.25197
0.2 0.02 0.279355
0.2 0.024 0.308654
0.2 0.028 0.338237
0.2 0.032 0.366014
0.2 0.036 0.389734
0.2 0.04 0.406745
0.2 0.044 0.415372
0.2 0.048 0.416433
0.2 0.052 0.410108
0.2 0.056 0.396026
0.2 0.06 0.374793
0.2 0.064 0.341275
0.2 0.068 0.298426
0.2 0.072 0.25032
0.2 0.076 0.209382
0.2 0.08 0.176474
0.2 0.084 0.1478
0.2 0.088 0.124614
0.2 0.092 0.113236
0.2 0.096 0.108152
0.2 0.1 0.100986
0.2 0.104 0.0933836
0.2 0.108 0.0894016
0.2 0.112 0.0847321
0.2 0.116 0.0756001
0.2 0.12 0.0671763
0.2 0.124 0.062616
0.2 0.128 0.0562922
0.2 0.132 0.0437137
0.2 0.136 0.0321104
0.2 0.14 0.0404539
0.2 0.144 0.0514762
0.2 0.148 0.0433163
0.2 0.152 0.0485496
0.2 0.156 0.0477348
0.2 0.16 0.0450836
0.2 0.164 0.0364023
0.2 0.168 0.0392427
0.2 0.172 0.0341693
0.2 0.176 0.0268245
0.2 0.18 0.0248724
0.2 0.184 0.0222897
0.2 0.188 0.0226072
0.2 0.192 0.0214413
0.2 0.196 0.0197682
0.2 0.2 0.0165818
0.2 0.204 0.0174951
0.2 0.208 0.0165691
0.2 0.212 0.0167189
0.2 0.216 0.0218593
0.2 0.22 0.0143994
0.2 0.224 0.0146196
0.2 0.228 0.0100009
0.2 0.232 0.0157935
0.2 0.236 0.0137219
0.2 0.24 0.0176901
0.2 0.244 0.0124047
0.2 0.248 0.0124595
0.2 0.252 0.0108286
0.2 0.256 0.0124281
0.2 0.26 0.00383885
0.2 0.264 0.0129596
0.2 0.268 0.00103915
0.2 0.272 0.00335813
0.2 0.276 0.00175258
0.2 0.28 0.00111484
0.2 0.284 0.0152674
0.2 0.288 0.00655431
0.2 0.292 0.0105267
0.2 0.296 0.000566009
0.2 0.3 -0.000284812
0.2 0.304 0.0123717
0.2 0.308 0.0165784
0.2 0.312 0.0194104
0.2 0.316 0.0174743
0.2 0.32 0.0114589
0.2 0.324 0.00914565
0.2 0.328 0.0179348
0.2 0.332 0.0153162
0.2 0.336 0.00993295
0.2 0.34 0.00912877
0.2 0.344 0.0110179
0.2 0.348 0.0122063
0.2 0.352 0.00375722
0.2 0.356 0.00950789
0.2 0.36 0.0107834
0.2 0.364 0.0142429
0.2 0.368 0.00811011
0.2 0.372 0.0019943
0.2 0.376 0.00860609
0.2 0.38 0.0129265
0.2 0.384 0.00847063
0.2 0.388 0.0173361
0.2 0.392 0.0100134
0.2 0.396 -0.00296648
0.2 0.4 0.00263671
0.2 0.404 0.0127355
0.2 0.408 0.00568204
0.2 0.412 0.00178041
0.2 0.416 -0.00585167
0.2 0.42 0.00347531
0.2 0.424 0.000816748
0.2 0.428 -0.00127822
0.2 0.432 0.0108375
0.2 0.436 0.00967785
0.2 0.44 0.00868159
0.2 0.444 -0.00146844
0.2 0.448 0.000285977
0.2 0.452 -0.00377231
0.2 0.456 0.0104551
0.2 0.46 0.00170416
0.2 0.464 -0.00719482
0.2 0.468 0.00686767
0.2 0.472 0.000641773
0.2 0.476 0.00665404
0.2 0.48 0.00605466
0.2 0.484 -0.00521188
0.2 0.488 0.00235257
0.2 0.492 -0.00556644
0.2 0.496 -0.00370711
0.2 0.5 0.00891531
0.2 0.504 -0.0019501
0.2 0.508 0.00668849
0.2 0.512 -0.0030182
0.2 0.516 -0.00520395
0.2 0.52 -0.00391639
0.2 0.524 0.00132262
0.2 0.528 0.00560399
0.2 0.532 -0.00288316
0.2 0.536 -0.00914238
0.2 0.54 -0.00425401
0.2 0.544 0.00583575
0.2 0.548 -0.00130279
0.2 0.552 0.00437773
0.2 0.556 -0.0110787
0.2 0.56 -0.00464862
0.2 0.564 0.0109865
0.2 0.568 0.0113933
0.2 0.572 0.00202605
0.2 0.576 0.0151458
0.2 0.58 0.00929088
0.2 0.584 0.015597
0.2 0.588 -0.00606647
0.2 0.592 0.00603849
0.2 0.596 -0.00240597
0.2 0.6 0.00943947
0.2 0.604 0.00947944
0.2 0.608 0.000919342
0.2 0.612 0.0217487
0.2 0.616 -0.0065652
0.2 0.62 0.00412593
0.2 0.624 0.00673152
0.2 0.628 0.00441982
0.2 0.632 0.0140044
0.2 0.636 0.0113773
0.2 0.64 0.0207802
0.2 0.644 0.0151693
0.2 0.648 -0.00181952
0.2 0.652 0.00333469
0.2 0.656 0.0117633
0.2 0.66 0.00748589
0.2 0.664 0.00669941
0.2 0.668 0.0115395
0.2 0.672 0.00147923
0.2 0.676 0.00162016
0.2 0.68 0.0151129
0.2 0.684 0.0117667
0.2 0.688 0.00659242
0.2 0.692 0.00178394
0.2 0.696 0.0118322
0.2 0.7 0.0111609
0.2 0.704 0.0130919
0.2 0.708 0.0104126
0.2 0.712 0.0181438
0.2 0.716 0.00314767
0.2 0.72 0.00530418
0.2 0.724 -0.0037539
0.2 0.728 0.00925244
0.2 0.732 0.00577119
0.2 0.736 0.0101483
0.2 0.74 0.00616667
0.2 0.744 0.00719916
0.2 0.748 0.00708045
0.2 0.752 0.0133521
0.2 0.756 0.00222434
0.2 0.76 -0.00189645
0.2 0.764 0.00335923
0.2 0.768 -0.0017127
0.2 0.772 0.00513451
0.2 0.776 -3.68738e-05
0.2 0.78 0.00513451
0.2 0.784 0.00556539
0.2 0.788 0.00369687
0.2 0.792 0.000799099
0.2 0.796 0.00348531
0.2 0.8 0.0134563
0.216667 0 0.133337
0.216667 0.004 0.148936
0.216667 0.008 0.166349
0.216667 0.012 0.185456
0.216667 0.016 0.206966
0.216667 0.02 0.231022
0.216667 0.024 0.257626
0.216667 0.028 0.286492
0.216667 0.032 0.316497
0.216667 0.036 0.345683
0.216667 0.04 0.370558
0.216667 0.044 0.389058
0.216667 0.048 0.403049
0.216667 0.052 0.413929
0.216667 0.056 0.417687
0.216667 0.06 0.414498
0.216667 0.064 0.398538
0.216667 0.068 0.365695
0.216667 0.072 0.315398
0.216667 0.076 0.26255
0.216667 0.08 0.220932
0.216667 0.084 0.185034
0.216667 0.088 0.155586
0.216667 0.092 0.14075
0.216667 0.096 0.128454
0.216667 0.1 0.114341
0.216667 0.104 0.101855
0.216667 0.108 0.0955509
0.216667 0.112 0.0891195
0.216667 0.116 0.0805435
0.216667 0.12 0.0733252
0.216667 0.124 0.0675192
0.216667 0.128 0.0595497
0.216667 0.132 0.0510452
0.216667 0.136 0.0417348
0.216667 0.14 0.0463945
0.216667 0.144 0.0620782
0.216667 0.148 0.0556372
0.216667 0.152 0.0555547
0.216667 0.156 0.0541104
0.216667 0.16 0.0517031
0.216667 0.164 0.0457727
0.216667 0.168 0.043947
0.216667 0.172 0.0365179
0.216667 0.176 0.0273056
0.216667 0.18 0.029934
0.216667 0.184 0.0256057
0.216667 0.188 0.0205291
0.216667 0.192 0.0230402
0.216667 0.196 0.0173977
0.216667 0.2 0.0140305
0.216667 0.204 0.0131565
0.216667 0.208 0.0181038
0.216667 0.212 0.0154737
0.216667 0.216 0.0202445
0.216667 0.22 0.015033
0.216667 0.224 0.0123111
0.216667 0.228 0.0124211
0.216667 0.232 0.0117463
0.216667 0.236 0.0131616
0.216667 0.24 0.0162102
0.216667 0.244 0.0108116
0.216667 0.248 0.0115612
0.216667 0.252 0.00993663
0.216667 0.256 0.00924107
0.216667 0.26 0.00216744
0.216667 0.264 0.0166071
0.216667 0.268 0.0095033
0.216667 0.272 0.00329364
0.216667 0.276 0.00178058
0.216667 0.28 0.00260006
0.216667 0.284 0.0149168
0.216667 0.288 0.00498957
0.216667 0.292 0.0117094
0.216667 0.296 0.00561507
0.216667 0.3 0.00937961
0.216667 0.304 0.0136735
0.216667 0.308 0.0154073
0.216667 0.312 0.0170252
0.216667 0.316 0.0141035
0.216667 0.32 0.0100626
0.216667 0.324 0.00691571
0.216667 0.328 0.0173154
0.216667 0.332 0.0168388
0.216667 0.336 0.00928888
0.216667 0.34 0.00413904
0.216667 0.344 0.00815889
0.216667 0.348 0.012286
0.216667 0.352 0.00641182
0.216667 0.356 0.0146106
0.216667 0.36 0.00561184
0.216667 0.364 0.0208209
0.216667 0.368 0.00438098
0.216667 0.372 0.00743856
0.216667 0.376 0.00818641
0.216667 0.38 0.0110174
0.216667 0.384 0.00598921
0.216667 0.388 0.0138789
0.216667 0.392 0.00995189
0.216667 0.396 -0.00378203
0.216667 0.4 0.00528481
0.216667 0.404 0.00727732
0.216667 0.408 0.00609175
0.216667 0.412 0.00643572
0.216667 0.416 -0.00961198
0.216667 0.42 -0.000708661
0.216667 0.424 0.00216952
0.216667 0.428 -0.000281748
0.216667 0.432 0.0109645
0.216667 0.436 0.00255308
0.216667 0.44 -0.000606132
0.216667 0.444 0.00556777
0.216667 0.448 0.000172873
0.216667 0.452 0.00406352
0.216667 0.456 0.00959241
0.216667 0.46 0.00146604
0.216667 0.464 0.00193325
0.216667 0.468 0.000293634
0.216667 0.472 0.00170919
0.216667 0.476 -0.00583516
0.216667 0.48 0.00928321
0.216667 0.484 -0.00634258
0.216667 0.488 -0.000135061
0.216667 0.492 0.000779492
0.216667 0.496 -0.000545255
0.216667 0.5 0.0107203
0.216667 0.504 -0.00224941
0.216667 0.508 0.00521417
0.216667 0.512 0.000572469
0.216667 0.516 0.0084895
0.216667 0.52 -0.00547313
0.216667 0.524 0.00463451
0.216667 0.528 0.00830106
0.216667 0.532 0.00285392
0.216667 0.536 -0.0173811
0.216667 0.54 -0.00210236
0.216667 0.544 0.005935
0.216667 0.548 0.00558094
0.216667 0.552 0.0123085
0.216667 0.556 -0.00702871
0.216667 0.56 0.000292667
0.216667 0.564 0.00983704
0.216667 0.568 0.00849188
0.216667 0.572 0.00560174
0.216667 0.576 0.022151
0.216667 0.58 0.0131124
0.216667 0.584 0.0112848
0.216667 0.588 0.00505292
0.216667 0.592 0.0308229
0.216667 0.596 0.00286947
0.216667 0.6 0.00863983
0.216667 0.604 0.00564263
0.216667 0.608 0.00362698
0.216667 0.612 0.0239428
0.216667 0.616 -0.00473468
0.216667 0.62 0.00723776
0.216667 0.624 0.00163445
0.216667 0.628 0.00498631
0.216667 0.632 0.0133135
0.216667 0.636 0.00427756
0.216667 0.64 0.0201107
0.216667 0.644 0.022829
0.216667 0.648 0.00307258
0.216667 0.652 0.00628145
0.216667 0.656 0.0054981
0.216667 0.66 0.0124058
0.216667 0.664 0.0119045
0.216667 0.668 0.0172734
0.216667 0.672 0.000936301
0.216667 0.676 -0.00357585
0.216667 0.68 0.0150819
0.216667 0.684 0.0084388
0.216667 0.688 0.00709151
0.216667 0.692 -0.00171133
0.216667 0.696 0.0152736
0.216667 0.7 0.0138036
0.216667 0.704 0.016325
0.216667 0.708 0.0107714
0.216667 0.712 0.0146058
0.216667 0.716 -0.0015369
0.216667 0.72 0.00139809
0.216667 0.724 -0.00615489
0.216667 0.728 0.00149774
0.216667 0.732 0.00815436
0.216667 0.736 -0.00138917
0.216667 0.74 0.00143136
0.216667 0.744 0.00524173
0.216667 0.748 0.00827225
0.216667 0.752 0.00967373
0.216667 0.756 -0.00182987
0.216667 0.76 -0.00775872
0.216667 0.764 0.000178194
0.216667 0.768 -0.0102964
0.216667 0.772 0.00654739
0.216667 0.776 0.00225645
0.216667 0.78 0.00654739
0.216667 0.784 0.00382932
0.216667 0.788 0.00566171
0.216667 0.792 0.00587197
0.216667 0.796 0.00409091
0.216667 0.8 0.00588199
0.233333 0 0.109173
0.233333 0.004 0.121403
0.233333 0.008 0.13511
0.233333 0.012 0.150464
0.233333 0.016 0.168115
0.233333 0.02 0.188074
0.233333 0.024 0.210583
0.233333 0.028 0.236324
0.233333 0.032 0.265039
0.233333 0.036 0.295209
0.233333 0.04 0.323015
0.233333 0.044 0.346264
0.233333 0.048 0.367246
0.233333 0.052 0.389259
0.233333 0.056 0.407223
0.233333 0.06 0.421572
0.233333 0.064 0.427737
0.233333 0.068 0.417869
0.233333 0.072 0.382505
0.233333 0.076 0.327869
0.233333 0.08 0.280348
0.233333 0.084 0.236409
0.233333 0.088 0.198289
0.233333 0.092 0.175831
0.233333 0.096 0.156675
0.233333 0.1 0.137219
0.233333 0.104 0.120532
0.233333 0.108 0.109562
0.233333 0.112 0.0985619
0.233333 0.116 0.0892853
0.233333 0.12 0.0830408
0.233333 0.124 0.0744861
0.233333 0.128 0.0646549
0.233333 0.132 0.0597308
0.233333 0.136 0.0529732
0.233333 0.14 0.0569909
0.233333 0.144 0.0696998
0.233333 0.148 0.0691276
0.233333 0.152 0.0590242
0.233333 0.156 0.0613705
0.233333 0.16 0.059598
0.233333 0.164 0.0568576
0.233333 0.168 0.0472567
0.233333 0.172 0.0401082
0.233333 0.176 0.0306264
0.233333 0.18 0.0346792
0.233333 0.184 0.030346
0.233333 0.188 0.0209449
0.233333 0.192 0.0253542
0.233333 0.196 0.017416
0.233333 0.2 0.0148816
0.233333 0.204 0.0112738
0.233333 0.208 0.0202822
0.233333 0.212 0.0180421
0.233333 0.216 0.0221236
0.233333 0.22 0.0155098
0.233333 0.224 0.0155832
0.233333 0.228 0.0191784
0.233333 0.232 0.0119439
0.233333 0.236 0.0189702
0.233333 0.24 0.0213023
0.233333 0.244 0.0157321
0.233333 0.248 0.0165413
0.233333 0.252 0.012926
0.233333 0.256 0.009666
0.233333 0.26 0.0105304
0.233333 0.264 0.0149592
0.233333 0.268 0.0122928
0.233333 0.272 0.00320562
0.233333 0.276 0.00164939
0.233333 0.28 -0.00122533
0.233333 0.284 0.0150611
0.233333 0.288 0.000259056
0.233333 0.292 0.0124189
0.233333 0.296 0.0122006
0.233333 0.3 0.0131922
0.233333 0.304 0.0134529
0.233333 0.308 0.0192703
0.233333 0.312 0.0162224
0.233333 0.316 0.0113881
0.233333 0.32 0.00641226
0.233333 0.324 0.00576919
0.233333 0.328 0.0151592
0.233333 0.332 0.017505
0.233333 0.336 0.00849475
0.233333 0.34 0.000240366
0.233333 0.344 0.00535166
0.233333 0.348 0.012996
0.233333 0.352 0.0094501
0.233333 0.356 0.0179745
0.233333 0.36 0.0073866
0.233333 0.364 0.0137085
0.233333 0.368 0.00503967
0.233333 0.372 0.0108884
0.233333 0.376 0.00621233
0.233333 0.38 0.00264679
0.233333 0.384 0.0051704
0.233333 0.388 0.00345166
0.233333 0.392 0.0104294
0.233333 0.396 -0.00264652
0.233333 0.4 0.0072733
0.233333 0.404 0.00201719
0.233333 0.408 0.00455584
0.233333 0.412 0.0114496
0.233333 0.416 -0.00434534
0.233333 0.42 -0.000571509
0.233333 0.424 0.00351278
0.233333 0.428 0.013799
0.233333 0.432 0.0100053
0.233333 0.436 0.00253905
0.233333 0.44 0.00458476
0.233333 0.444 0.015624
0.233333 0.448 0.000690928
0.233333 0.452 0.00742131
0.233333 0.456 0.0111404
0.233333 0.46 0.00766045
0.233333 0.464 0.0120858
0.233333 0.468 0.00130351
0.233333 0.472 0.00563444
0.233333 0.476 -0.00132482
0.233333 0.48 0.00730766
0.233333 0.484 -0.00333312
0.233333 0.488 -0.000565232
0.233333 0.492 0.0112926
0.233333 0.496 0.0029369
0.233333 0.5 0.00684009
0.233333 0.504 -0.00215104
0.233333 0.508 0.00947195
0.233333 0.512 0.00191078
0.233333 0.516 0.0129315
0.233333 0.52 -0.00340902
0.233333 0.524 0.00378047
0.233333 0.528 0.00659934
0.233333 0.532 0.00361843
0.233333 0.536 -0.0108976
0.233333 0.54 -0.00103506
0.233333 0.544 0.00524096
0.233333 0.548 0.00558102
0.233333 0.552 0.0106278
0.233333 0.556 -0.000859099
0.233333 0.56 0.00674599
0.233333 0.564 0.0147588
0.233333 0.568 0.0140228
0.233333 0.572 0.0107873
0.233333 0.576 0.0151486
0.233333 0.58 0.0133464
0.233333 0.584 0.00174806
0.233333 0.588 0.0117809
0.233333 0.592 0.0344608
0.233333 0.596 0.00688498
0.233333 0.6 0.00624769
0.233333 0.604 0.0098775
0.233333 0.608 0.00472341
0.233333 0.612 0.0246005
0.233333 0.616 0.00114163
0.233333 0.62 0.00884996
0.233333 0.624 -0.00182609
0.233333 0.628 0.00123439
0.233333 0.632 0.0203165
0.233333 0.636 -0.00415367
0.233333 0.64 0.0173807
0.233333 0.644 0.0212748
0.233333 0.648 0.00565177
0.233333 0.652 0.012135
0.233333 0.656 -0.00363335
0.233333 0.66 0.0170204
0.233333 0.664 0.00924381
0.233333 0.668 0.0124859
0.233333 0.672 0.0062225
0.233333 0.676 -0.00350856
0.233333 0.68 0.0110241
0.233333 0.684 0.00338637
0.233333 0.688 0.00218691
0.233333 0.692 -0.00342415
0.233333 0.696 0.0110224
0.233333 0.7 0.00845759
0.233333 0.704 0.0130322
0.233333 0.708 0.0092815
0.233333 0.712 0.0112518
0.233333 0.716 -0.00319894
0.233333 0.72 -0.00153982
0.233333 0.724 -0.00629578
0.233333 0.728 -0.00880966
0.233333 0.732 -0.0055804
0.233333 0.736 -0.00984168
0.233333 0.74 -0.00426738
0.233333 0.744 0.00142303
0.233333 0.748 0.00403166
0.233333 0.752 0.00396064
0.233333 0.756 -0.00396795
0.233333 0.76 -0.00950429
0.233333 0.764 -0.00394782
0.233333 0.768 -0.0173333
0.233333 0.772 0.00424117
0.233333 0.776 0.000416509
0.233333 0.78 0.00424117
0.233333 0.784 0.001381
0.233333 0.788 0.00689779
0.233333 0.792 0.00792528
0.233333 0.796 0.00480722
0.233333 0.8 -0.00521748
0.25 0 0.0899979
0.25 0.004 0.0993843
0.25 0.008 0.109897
0.25 0.012 0.121851
0.25 0.016 0.135786
0.25 0.02 0.151669
0.25 0.024 0.169761
0.25 0.028 0.191244
0.25 0.032 0.216497
0.25 0.036 0.24444
0.25 0.04 0.271336
0.25 0.044 0.295154
0.25 0.048 0.317654
0.25 0.052 0.343793
0.25 0.056 0.369534
0.25 0.06 0.395509
0.25 0.064 0.420237
0.25 0.068 0.434752
0.25 0.072 0.427726
0.25 0.076 0.389378
0.25 0.08 0.347439
0.25 0.084 0.301705
0.25 0.088 0.254067
0.25 0.092 0.218787
0.25 0.096 0.194206
0.25 0.1 0.171933
0.25 0.104 0.153516
0.25 0.108 0.135919
0.25 0.112 0.119757
0.25 0.116 0.10758
0.25 0.12 0.0976051
0.25 0.124 0.0847287
0.25 0.128 0.0739274
0.25 0.132 0.0692236
0.25 0.136 0.0638204
0.25 0.14 0.0694177
0.25 0.144 0.0731518
0.25 0.148 0.0755477
0.25 0.152 0.0588888
0.25 0.156 0.0649539
0.25 0.16 0.0612362
0.25 0.164 0.0589817
0.25 0.168 0.0495051
0.25 0.172 0.0454193
0.25 0.176 0.0374331
0.25 0.18 0.0368885
0.25 0.184 0.0373078
0.25 0.188 0.0248124
0.25 0.192 0.0287558
0.25 0.196 0.0217856
0.25 0.2 0.0213778
0.25 0.204 0.0137584
0.25 0.208 0.0223667
0.25 0.212 0.0216754
0.25 0.216 0.0267937
0.25 0.22 0.0198093
0.25 0.224 0.0212054
0.25 0.228 0.0208644
0.25 0.232 0.0167169
0.25 0.236 0.0265716
0.25 0.24 0.0255945
0.25 0.244 0.0234869
0.25 0.248 0.0190421
0.25 0.252 0.0176582
0.25 0.256 0.0130407
0.25 0.26 0.0197597
0.25 0.264 0.0115358
0.25 0.268 0.008342
0.25 0.272 0.00364942
0.25 0.276 0.000275041
0.25 0.28 -0.00610594
0.25 0.284 0.0142279
0.25 0.288 -0.000813293
0.25 0.292 0.0133334
0.25 0.296 0.0138431
0.25 0.3 0.0104872
0.25 0.304 0.0123132
0.25 0.308 0.0209629
0.25 0.312 0.0186083
0.25 0.316 0.00724903
0.25 0.32 0.00339314
0.25 0.324 0.00231806
0.25 0.328 0.0107444
0.25 0.332 0.0129214
0.25 0.336 0.00805614
0.25 0.34 0.00544155
0.25 0.344 0.00189713
0.25 0.348 0.0128024
0.25 0.352 0.011143
0.25 0.356 0.0132253
0.25 0.36 0.0131387
0.25 0.364 -0.00237371
0.25 0.368 0.00977289
0.25 0.372 0.011349
0.25 0.376 0.00325457
0.25 0.38 -0.000667457
0.25 0.384 0.00496758
0.25 0.388 -0.00292812
0.25 0.392 0.0130845
0.25 0.396 -0.000172591
0.25 0.4 0.00555083
0.25 0.404 0.000889569
0.25 0.408 0.00697665
0.25 0.412 0.0154386
0.25 0.416 0.00804539
0.25 0.42 0.00461307
0.25 0.424 0.0087906
0.25 0.428 0.0240596
0.25 0.432 0.0110862
0.25 0.436 0.0124906
0.25 0.44 0.0152303
0.25 0.444 0.0213211
0.25 0.448 -0.000218625
0.25 0.452 0.00376461
0.25 0.456 0.0154587
0.25 0.46 0.01428
0.25 0.464 0.0190209
0.25 0.468 0.00926659
0.25 0.472 0.0117376
0.25 0.476 0.0202342
0.25 0.48 0.00410808
0.25 0.484 0.00404985
0.25 0.488 0.000377735
0.25 0.492 0.019849
0.25 0.496 0.00641259
0.25 0.5 0.00622243
0.25 0.504 -0.00105076
0.25 0.508 0.0185195
0.25 0.512 -0.00132982
0.25 0.516 0.00680455
0.25 0.52 0.00121018
0.25 0.524 -0.00195165
0.25 0.528 0.00176703
0.25 0.532 -0.00137023
0.25 0.536 0.00674089
0.25 0.54 -0.000580065
0.25 0.544 0.0063565
0.25 0.548 0.00458474
0.25 0.552 0.00535653
0.25 0.556 0.00306176
0.25 0.56 0.00839591
0.25 0.564 0.0190011
0.25 0.568 0.0175184
0.25 0.572 0.0122916
0.25 0.576 0.00399217
0.25 0.58 0.0113329
0.25 0.584 -0.00498936
0.25 0.588 0.0117169
0.25 0.592 0.0153072
0.25 0.596 0.0054001
0.25 0.6 0.00587447
0.25 0.604 0.0144319
0.25 0.608 0.00502653
0.25 0.612 0.0170388
0.25 0.616 0.00651448
0.25 0.62 0.00210966
0.25 0.624 -0.000168495
0.25 0.628 -0.000441548
0.25 0.632 0.0266449
0.25 0.636 -0.00367929
0.25 0.64 0.0137748
0.25 0.644 0.00862693
0.25 0.648 0.00666714
0.25 0.652 0.0124386
0.25 0.656 -0.00621873
0.25 0.66 0.0180811
0.25 0.664 0.000124396
0.25 0.668 0.00331792
0.25 0.672 0.00821284
0.25 0.676 0.00298392
0.25 0.68 0.00591432
0.25 0.684 0.00177192
0.25 0.688 -0.00177346
0.25 0.692 -0.00265202
0.25 0.696 0.00374373
0.25 0.7 0.00564536
0.25 0.704 0.00851857
0.25 0.708 0.00817943
0.25 0.712 0.0106711
0.25 0.716 0.000242258
0.25 0.72 0.00045965
0.25 0.724 -0.00411611
0.25 0.728 -0.0133931
0.25 0.732 -0.0195976
0.25 0.736 -0.00668539
0.25 0.74 -0.00371816
0.25 0.744 -0.000691686
0.25 0.748 -1.43253e-05
0.25 0.752 0.00404656
0.25 0.756 -0.00256521
0.25 0.76 -0.00212352
0.25 0.764 -0.00409976
0.25 0.768 -0.0152502
0.25 0.772 0.00179778
0.25 0.776 -0.00251717
0.25 0.78 0.00179778
0.25 0.784 0.000734207
0.25 0.788 0.0049462
0.25 0.792 0.0105055
0.25 0.796 0.00550694
0.25 0.8 -0.00434823
0.266667 0 0.0731209
0.266667 0.004 0.0802808
0.266667 0.008 0.0882686
0.266667 0.012 0.0974116
0.266667 0.016 0.108155
0.266667 0.02 0.120434
0.266667 0.024 0.134467
0.266667 0.028 0.15155
0.266667 0.032 0.172505
0.266667 0.036 0.196617
0.266667 0.04 0.220544
0.266667 0.044 0.242575
0.266667 0.048 0.263432
0.266667 0.052 0.288595
0.266667 0.056 0.315924
0.266667 0.06 0.346085
0.266667 0.064 0.380542
0.266667 0.068 0.410993
0.266667 0.072 0.433196
0.266667 0.076 0.424743
0.266667 0.08 0.402597
0.266667 0.084 0.366565
0.266667 0.088 0.316695
0.266667 0.092 0.270065
0.266667 0.096 0.239278
0.266667 0.1 0.214993
0.266667 0.104 0.196852
0.266667 0.108 0.173771
0.266667 0.112 0.153955
0.266667 0.116 0.139048
0.266667 0.12 0.119172
0.266667 0.124 0.101748
0.266667 0.128 0.0892847
0.266667 0.132 0.0809075
0.266667 0.136 0.0764293
0.266667 0.14 0.0796486
0.266667 0.144 0.0758775
0.266667 0.148 0.0770864
0.266667 0.152 0.0619468
0.266667 0.156 0.0658522
0.266667 0.16 0.0593164
0.266667 0.164 0.0546067
0.266667 0.168 0.0539736
0.266667 0.172 0.0515158
0.266667 0.176 0.0458774
0.266667 0.18 0.0389532
0.266667 0.184 0.0445429
0.266667 0.188 0.0301427
0.266667 0.192 0.031519
0.266667 0.196 0.0284624
0.266667 0.2 0.0297331
0.266667 0.204 0.0204283
0.266667 0.208 0.0243165
0.266667 0.212 0.0228216
0.266667 0.216 0.0294393
0.266667 0.22 0.028258
0.266667 0.224 0.0225246
0.266667 0.228 0.0161361
0.266667 0.232 0.0204306
0.266667 0.236 0.0275206
0.266667 0.24 0.0206261
0.266667 0.244 0.0248815
0.266667 0.248 0.0155215
0.266667 0.252 0.0190125
0.266667 0.256 0.0137543
0.266667 0.26 0.02052
0.266667 0.264 0.00981996
0.266667 0.268 0.00857254
0.266667 0.272 0.00585594
0.266667 0.276 0.00204377
0.266667 0.28 -0.00266383
0.266667 0.284 0.00967331
0.266667 0.288 0.00457585
0.266667 0.292 0.0126022
0.266667 0.296 0.00798323
0.266667 0.3 0.0105222
0.266667 0.304 0.012386
0.266667 0.308 0.0150229
0.266667 0.312 0.0175549
0.266667 0.316 0.00241871
0.266667 0.32 0.00301268
0.266667 0.324 -0.00181653
0.266667 0.328 0.00532787
0.266667 0.332 0.00250385
0.266667 0.336 0.00792131
0.266667 0.34 0.0154086
0.266667 0.344 -0.000234183
0.266667 0.348 0.0106453
0.266667 0.352 0.0116291
0.266667 0.356 0.0029779
0.266667 0.36 0.0156256
0.266667 0.364 -0.013074
0.266667 0.368 0.0143341
0.266667 0.372 0.0107075
0.266667 0.376 -6.10032e-05
0.266667 0.38 0.00613461
0.266667 0.384 0.00441895
0.266667 0.388 0.000838571
0.266667 0.392 0.0169658
0.266667 0.396 0.00252205
0.266667 0.4 0.00390694
0.266667 0.404 0.00317785
0.266667 0.408 0.0136003
0.266667 0.412 0.0171693
0.266667 0.416 0.0181214
0.266667 0.42 0.0102685
0.266667 0.424 0.0146801
0.266667 0.428 0.0147935
0.266667 0.432 0.0149568
0.266667 0.436 0.0177865
0.266667 0.44 0.0134242
0.266667 0.444 0.0193345
0.266667 0.448 -0.000346193
0.266667 0.452 0.00211934
0.266667 0.456 0.0163618
0.266667 0.46 0.0129598
0.266667 0.464 0.0215001
0.266667 0.468 0.0128082
0.266667 0.472 0.0167821
0.266667 0.476 0.0290086
0.266667 0.48 0.00515371
0.266667 0.484 0.00810501
0.266667 0.488 0.00141724
0.266667 0.492 0.0198755
0.266667 0.496 0.00973421
0.266667 0.5 0.00980125
0.266667 0.504 0.00214073
0.266667 0.508 0.0230105
0.266667 0.512 -0.00581128
0.266667 0.516 0.00440279
0.266667 0.52 0.0085105
0.266667 0.524 -0.00614251
0.266667 0.528 0.000492388
0.266667 0.532 -0.00616389
0.266667 0.536 0.018034
0.266667 0.54 0.00219098
0.266667 0.544 0.00504238
0.266667 0.548 0.0109466
0.266667 0.552 0.00643404
0.266667 0.556 0.00261623
0.266667 0.56 0.00724006
0.266667 0.564 0.01352
0.266667 0.568 0.00895357
0.266667 0.572 0.0108736
0.266667 0.576 0.00347613
0.266667 0.58 0.0113123
0.266667 0.584 0.00013766
0.266667 0.588 0.0118417
0.266667 0.592 0.00545664
0.266667 0.596 0.00147024
0.266667 0.6 0.00785697
0.266667 0.604 0.0141365
0.266667 0.608 0.0063563
0.266667 0.612 0.00446687
0.266667 0.616 0.00915399
0.266667 0.62 -0.00550859
0.266667 0.624 0.00379477
0.266667 0.628 0.00562503
0.266667 0.632 0.0186074
0.266667 0.636 0.00545202
0.266667 0.64 0.0122417
0.266667 0.644 -0.00168155
0.266667 0.648 0.00981885
0.266667 0.652 0.00462415
0.266667 0.656 -0.000544451
0.266667 0.66 0.0144702
0.266667 0.664 -0.00557411
0.266667 0.668 -0.000579452
0.266667 0.672 0.003634
0.266667 0.676 0.00806443
0.266667 0.68 0.00402017
0.266667 0.684 0.00350628
0.266667 0.688 -0.00156703
0.266667 0.692 -0.00171419
0.266667 0.696 -0.00115989
0.266667 0.7 0.0103643
0.266667 0.704 0.0079216
0.266667 0.708 0.0107232
0.266667 0.712 0.0109413
0.266667 0.716 0.00367861
0.266667 0.72 0.0051678
0.266667 0.724 -0.000539864
0.266667 0.728 -0.01032
0.266667 0.732 -0.0168357
0.266667 0.736 -0.00142402
0.266667 0.74 0.000593598
0.266667 0.744 -0.00147359
0.266667 0.748 -0.000867723
0.266667 0.752 0.00785766
0.266667 0.756 -0.00111739
0.266667 0.76 0.00660355
0.266667 0.764 -0.000158951
0.266667 0.768 -0.00657081
0.266667 0.772 0.00292095
0.266667 0.776 -0.00151141
0.266667 0.78 0.00292095
0.266667 0.784 0.00199561
0.266667 0.788 0.00528393
0.266667 0.792 0.0151115
0.266667 0.796 0.00513206
0.266667 0.8 0.00636833
0.283333 0 0.0585664
0.283333 0.004 0.0640491
0.283333 0.008 0.0701261
0.283333 0.012 0.0770607
0.283333 0.016 0.0852243
0.283333 0.02 0.0945355
0.283333 0.024 0.105187
0.283333 0.028 0.1183
0.283333 0.032 0.134968
0.283333 0.036 0.154766
0.283333 0.04 0.174998
0.283333 0.044 0.1942
0.283333 0.048 0.212215
0.283333 0.052 0.233581
0.283333 0.056 0.257859
0.283333 0.06 0.286228
0.283333 0.064 0.321063
0.283333 0.068 0.357422
0.283333 0.072 0.398286
0.283333 0.076 0.418622
0.283333 0.08 0.42226
0.283333 0.084 0.405578
0.283333 0.088 0.368061
0.283333 0.092 0.3209
0.283333 0.096 0.283935
0.283333 0.1 0.258159
0.283333 0.104 0.241132
0.283333 0.108 0.217515
0.283333 0.112 0.195957
0.283333 0.116 0.182197
0.283333 0.12 0.152083
0.283333 0.124 0.13085
0.283333 0.128 0.114938
0.283333 0.132 0.101356
0.283333 0.136 0.0959431
0.283333 0.14 0.0881205
0.283333 0.144 0.0823284
0.283333 0.148 0.0823055
0.283333 0.152 0.0717376
0.283333 0.156 0.0700462
0.283333 0.16 0.0613062
0.283333 0.164 0.0551964
0.283333 0.168 0.0610932
0.283333 0.172 0.0571758
0.283333 0.176 0.0537307
0.283333 0.18 0.0451359
0.283333 0.184 0.0494154
0.283333 0.188 0.0357261
0.283333 0.192 0.0327691
0.283333 0.196 0.0346109
0.283333 0.2 0.0348904
0.283333 0.204 0.0291322
0.283333 0.208 0.0271966
0.283333 0.212 0.0226826
0.283333 0.216 0.0280543
0.283333 0.22 0.0343567
0.283333 0.224 0.0217832
0.283333 0.228 0.0161056
0.283333 0.232 0.0211222
0.283333 0.236 0.0225402
0.283333 0.24 0.0139802
0.283333 0.244 0.0203246
0.283333 0.248 0.015528
0.283333 0.252 0.0175823
0.283333 0.256 0.0101045
0.283333 0.26 0.0152489
0.283333 0.264 0.0125214
0.283333 0.268 0.0160977
0.283333 0.272 0.0107615
0.283333 0.276 0.00853229
0.283333 0.28 0.00810286
0.283333 0.284 0.00530851
0.283333 0.288 0.0108786
0.283333 0.292 0.0101364
0.283333 0.296 0.00279726
0.283333 0.3 0.0179928
0.283333 0.304 0.0143702
0.283333 0.308 0.00846796
0.283333 0.312 0.0103852
0.283333 0.316 0.000681434
0.283333 0.32 0.00463206
0.283333 0.324 -0.00125812
0.283333 0.328 0.0014651
0.283333 0.332 -0.00835022
0.283333 0.336 0.00764581
0.283333 0.34 0.0188853
0.283333 0.344 0.000471054
0.283333 0.348 0.00744447
0.283333 0.352 0.0121398
0.283333 0.356 -0.00193771
0.283333 0.36 0.0109319
0.283333 0.364 -0.00926261
0.283333 0.368 0.0150622
0.283333 0.372 0.00973202
0.283333 0.376 -0.00137822
0.283333 0.38 0.0130703
0.283333 0.384 0.00506848
0.283333 0.388 0.00901517
0.283333 0.392 0.0186904
0.283333 0.396 0.00655318
0.283333 0.4 0.00749128
0.283333 0.404 0.0058722
0.283333 0.408 0.0179866
0.283333 0.412 0.0174579
0.283333 0.416 0.0218459
0.283333 0.42 0.0130257
0.283333 0.424 0.0170832
0.283333 0.428 0.000955082
0.283333 0.432 0.0185176
0.283333 0.436 0.010097
0.283333 0.44 0.00280803
0.283333 0.444 0.0151814
0.283333 0.448 0.00428709
0.283333 0.452 0.0109333
0.283333 0.456 0.0125128
0.283333 0.46 0.0084669
0.283333 0.464 0.0214107
0.283333 0.468 0.00874493
0.283333 0.472 0.0174466
0.283333 0.476 0.0107416
0.283333 0.48 0.00823355
0.283333 0.484 0.00466343
0.283333 0.488 0.00381618
0.283333 0.492 0.0116389
0.283333 0.496 0.0120776
0.283333 0.5 0.0102388
0.283333 0.504 0.00715291
0.283333 0.508 0.0178071
0.283333 0.512 -0.00629077
0.283333 0.516 0.0108677
0.283333 0.52 0.0148893
0.283333 0.524 -0.00379736
0.283333 0.528 0.00374816
0.283333 0.532 -0.00516758
0.283333 0.536 0.0117184
0.283333 0.54 0.00561887
0.283333 0.544 0.00217357
0.283333 0.548 0.0189727
0.283333 0.552 0.0103467
0.283333 0.556 0.000306003
0.283333 0.56 0.0083778
0.283333 0.564 0.00440446
0.283333 0.568 -0.00370148
0.283333 0.572 0.0105827
0.283333 0.576 0.0129146
0.283333 0.58 0.00985354
0.283333 0.584 0.0126734
0.283333 0.588 0.0141831
0.283333 0.592 0.0192043
0.283333 0.596 0.000307112
0.283333 0.6 0.00768382
0.283333 0.604 0.0109266
0.283333 0.608 0.0110142
0.283333 0.612 0.00189434
0.283333 0.616 0.0106969
0.283333 0.62 -0.00449562
0.283333 0.624 0.00414269
0.283333 0.628 0.0132627
0.283333 0.632 0.00222749
0.283333 0.636 0.0144623
0.283333 0.64 0.0138897
0.283333 0.644 0.000802604
0.283333 0.648 0.0158991
0.283333 0.652 -0.000822533
0.283333 0.656 0.00450248
0.283333 0.66 0.010387
0.283333 0.664 -0.00426259
0.283333 0.668 0.00250134
0.283333 0.672 -0.0012355
0.283333 0.676 0.00778457
0.283333 0.68 0.00552165
0.283333 0.684 0.0029575
0.283333 0.688 -0.000699979
0.283333 0.692 -0.0018563
0.283333 0.696 -0.00255812
0.283333 0.7 0.015318
0.283333 0.704 0.0105121
0.283333 0.708 0.0158273
0.283333 0.712 0.0093531
0.283333 0.716 0.00340181
0.283333 0.72 0.00672895
0.283333 0.724 0.00312152
0.283333 0.728 -0.00295064
0.283333 0.732 -0.00243829
0.283333 0.736 -0.00446929
0.283333 0.74 0.00213383
0.283333 0.744 -0.0030162
0.283333 0.748 0.000912821
0.283333 0.752 0.00764836
0.283333 0.756 -0.000985378
0.283333 0.76 0.00764057
0.283333 0.764 0.00454797
0.283333 0.768 -0.000281512
0.283333 0.772 0.00615377
0.283333 0.776 0.00247641
0.283333 0.78 0.00615377
0.283333 0.784 0.00475006
0.283333 0.788 0.0113395
0.283333 0.792 0.016593
0.283333 0.796 0.00418606
0.283333 0.8 0.0117292
0.3 0 0.0479769
0.3 0.004 0.0521772
0.3 0.008 0.0567921
0.3 0.012 0.0619936
0.3 0.016 0.0680844
0.3 0.02 0.0750571
0.3 0.024 0.0830526
0.3 0.028 0.092844
0.3 0.032 0.105584
0.3 0.036 0.121117
0.3 0.04 0.137588
0.3 0.044 0.153644
0.3 0.048 0.168598
0.3 0.052 0.185047
0.3 0.056 0.203644
0.3 0.06 0.226675
0.3 0.064 0.255891
0.3 0.068 0.29125
0.3 0.072 0.337533
0.3 0.076 0.37488
0.3 0.08 0.398619
0.3 0.084 0.402743
0.3 0.088 0.388054
0.3 0.092 0.352448
0.3 0.096 0.314557
0.3 0.1 0.290216
0.3 0.104 0.275063
0.3 0.108 0.25706
0.3 0.112 0.236572
0.3 0.116 0.228817
0.3 0.12 0.19769
0.3 0.124 0.174416
0.3 0.128 0.156248
0.3 0.132 0.139871
0.3 0.136 0.127101
0.3 0.14 0.102712
0.3 0.144 0.0949117
0.3 0.148 0.0927539
0.3 0.152 0.0822928
0.3 0.156 0.0792781
0.3 0.16 0.067016
0.3 0.164 0.06559
0.3 0.168 0.0668976
0.3 0.172 0.0621548
0.3 0.176 0.0597108
0.3 0.18 0.0548513
0.3 0.184 0.0517796
0.3 0.188 0.043094
0.3 0.192 0.0345582
0.3 0.196 0.0399465
0.3 0.2 0.0367769
0.3 0.204 0.0370044
0.3 0.208 0.0310488
0.3 0.212 0.0251888
0.3 0.216 0.0264188
0.3 0.22 0.0332555
0.3 0.224 0.0271045
0.3 0.228 0.0262223
0.3 0.232 0.0241961
0.3 0.236 0.0218461
0.3 0.24 0.0196389
0.3 0.244 0.020862
0.3 0.248 0.0254929
0.3 0.252 0.0195622
0.3 0.256 0.00965776
0.3 0.26 0.0142589
0.3 0.264 0.0202925
0.3 0.268 0.0207755
0.3 0.272 0.017941
0.3 0.276 0.0140389
0.3 0.28 0.0148762
0.3 0.284 0.00858896
0.3 0.288 0.0123317
0.3 0.292 0.00968046
0.3 0.296 0.00858029
0.3 0.3 0.0250543
0.3 0.304 0.0161542
0.3 0.308 0.00976899
0.3 0.312 0.00510546
0.3 0.316 0.00339296
0.3 0.32 0.00678644
0.3 0.324 0.00483922
0.3 0.328 0.000324375
0.3 0.332 -0.0124395
0.3 0.336 0.00738115
0.3 0.34 0.0123879
0.3 0.344 0.00274437
0.3 0.348 0.00556612
0.3 0.352 0.012403
0.3 0.356 0.00321202
0.3 0.36 0.00106417
0.3 0.364 0.00443911
0.3 0.368 0.0116764
0.3 0.372 0.00774098
0.3 0.376 0.00254106
0.3 0.38 0.00895768
0.3 0.384 0.00837257
0.3 0.388 0.0132788
0.3 0.392 0.0159696
0.3 0.396 0.0137196
0.3 0.4 0.0145271
0.3 0.404 0.00747317
0.3 0.408 0.0165269
0.3 0.412 0.0179109
0.3 0.416 0.0238988
0.3 0.42 0.0145199
0.3 0.424 0.0176316
0.3 0.428 0.0077838
0.3 0.432 0.0183893
0.3 0.436 0.00223592
0.3 0.44 0.00282879
0.3 0.444 0.0149456
0.3 0.448 0.0132617
0.3 0.452 0.0246671
0.3 0.456 0.0109791
0.3 0.46 0.0106397
0.3 0.464 0.0200989
0.3 0.468 0.00667131
0.3 0.472 0.0137043
0.3 0.476 -0.00893453
0.3 0.48 0.00730073
0.3 0.484 0.000569865
0.3 0.488 0.00901741
0.3 0.492 0.00255201
0.3 0.496 0.0117959
0.3 0.5 0.00545438
0.3 0.504 0.0124075
0.3 0.508 0.0088637
0.3 0.512 -0.00247094
0.3 0.516 0.0135767
0.3 0.52 0.0151461
0.3 0.524 0.00374797
0.3 0.528 0.00572344
0.3 0.532 0.000793175
0.3 0.536 -0.00329817
0.3 0.54 0.00454103
0.3 0.544 0.0051427
0.3 0.548 0.0188381
0.3 0.552 0.00703561
0.3 0.556 -0.000779605
0.3 0.56 0.0122413
0.3 0.564 0.00461243
0.3 0.568 -0.00449744
0.3 0.572 0.0126997
0.3 0.576 0.0197289
0.3 0.58 0.00202779
0.3 0.584 0.0187068
0.3 0.588 0.0139481
0.3 0.592 0.0322466
0.3 0.596 0.00266806
0.3 0.6 0.00249369
0.3 0.604 0.00938482
0.3 0.608 0.0178306
0.3 0.612 0.0122155
0.3 0.616 0.0124127
0.3 0.62 0.00163094
0.3 0.624 0.00110118
0.3 0.628 0.0119802
0.3 0.632 -0.00287042
0.3 0.636 0.0174849
0.3 0.64 0.0162457
0.3 0.644 0.00898455
0.3 0.648 0.021201
0.3 0.652 0.00526837
0.3 0.656 0.00235583
0.3 0.66 0.0103327
0.3 0.664 -0.00155524
0.3 0.668 0.00618839
0.3 0.672 -5.35646e-06
0.3 0.676 0.00755954
0.3 0.68 0.0070647
0.3 0.684 -0.00271551
0.3 0.688 -0.00281528
0.3 0.692 -0.0013421
0.3 0.696 -0.00279563
0.3 0.7 0.0136981
0.3 0.704 0.0123373
0.3 0.708 0.0179897
0.3 0.712 0.00781808
0.3 0.716 0.00181612
0.3 0.72 0.00250625
0.3 0.724 0.00479556
0.3 0.728 0.00435243
0.3 0.732 0.00599581
0.3 0.736 -0.00988714
0.3 0.74 0.00126953
0.3 0.744 -0.00441378
0.3 0.748 0.00393122
0.3 0.752 0.00289398
0.3 0.756 0.000579832
0.3 0.76 0.0046868
0.3 0.764 0.00731073
0.3 0.768 -0.000721995
0.3 0.772 0.00763291
0.3 0.776 0.00544651
0.3 0.78 0.00763291
0.3 0.784 0.00913322
0.3 0.788 0.0172716
0.3 0.792 0.0112716
0.3 0.796 0.00498564
0.3 0.8 0.00759855
0.316667 0 0.0406305
0.316667 0.004 0.0438528
0.316667 0.008 0.0473545
0.316667 0.012 0.0512227
0.316667 0.016 0.0556894
0.316667 0.02 0.0608715
0.316667 0.024 0.0668234
0.316667 0.028 0.0739705
0.316667 0.032 0.0833489
0.316667 0.036 0.0950664
0.316667 0.04 0.108173
0.316667 0.044 0.121381
0.316667 0.048 0.133569
0.316667 0.052 0.145291
0.316667 0.056 0.15776
0.316667 0.06 0.1741
0.316667 0.064 0.195991
0.316667 0.068 0.225912
0.316667 0.072 0.268742
0.316667 0.076 0.31212
0.316667 0.08 0.345848
0.316667 0.084 0.36428
0.316667 0.088 0.36993
0.316667 0.092 0.350233
0.316667 0.096 0.319472
0.316667 0.1 0.300962
0.316667 0.104 0.289216
0.316667 0.108 0.280603
0.316667 0.112 0.266197
0.316667 0.116 0.266442
0.316667 0.12 0.247381
0.316667 0.124 0.226414
0.316667 0.128 0.211756
0.316667 0.132 0.198424
0.316667 0.136 0.172062
0.316667 0.14 0.134742
0.316667 0.144 0.117169
0.316667 0.148 0.103185
0.316667 0.152 0.0874177
0.316667 0.156 0.0863701
0.316667 0.16 0.0703758
0.316667 0.164 0.0783246
0.316667 0.168 0.069254
0.316667 0.172 0.0672328
0.316667 0.176 0.0634154
0.316667 0.18 0.0627287
0.316667 0.184 0.0540079
0.316667 0.188 0.0533343
0.316667 0.192 0.0400281
0.316667 0.196 0.0461611
0.316667 0.2 0.0397352
0.316667 0.204 0.0424542
0.316667 0.208 0.0336352
0.316667 0.212 0.0305999
0.316667 0.216 0.028329
0.316667 0.22 0.0297976
0.316667 0.224 0.0376969
0.316667 0.228 0.0349738
0.316667 0.232 0.0333854
0.316667 0.236 0.0308385
0.316667 0.24 0.0346026
0.316667 0.244 0.0311254
0.316667 0.248 0.0354253
0.316667 0.252 0.0274296
0.316667 0.256 0.0208389
0.316667 0.26 0.0228732
0.316667 0.264 0.0292797
0.316667 0.268 0.0181148
0.316667 0.272 0.0258534
0.316667 0.276 0.0149513
0.316667 0.28 0.0139693
0.316667 0.284 0.0185702
0.316667 0.288 0.0120198
0.316667 0.292 0.0136657
0.316667 0.296 0.0223313
0.316667 0.3 0.0234292
0.316667 0.304 0.0155841
0.316667 0.308 0.0153869
0.316667 0.312 0.00891948
0.316667 0.316 0.00808003
0.316667 0.32 0.00920196
0.316667 0.324 0.0108167
0.316667 0.328 0.000746636
0.316667 0.332 -0.00726971
0.316667 0.336 0.00762021
0.316667 0.34 0.00315516
0.316667 0.344 0.00521508
0.316667 0.348 0.00643151
0.316667 0.352 0.0109333
0.316667 0.356 0.0104572
0.316667 0.36 -0.00784107
0.316667 0.364 0.016509
0.316667 0.368 0.00645288
0.316667 0.372 0.00577609
0.316667 0.376 0.0108334
0.316667 0.38 -0.00183784
0.316667 0.384 0.0124548
0.316667 0.388 0.0129183
0.316667 0.392 0.0102668
0.316667 0.396 0.0215007
0.316667 0.4 0.0178804
0.316667 0.404 0.00941947
0.316667 0.408 0.0134176
0.316667 0.412 0.0180403
0.316667 0.416 0.0264275
0.316667 0.42 0.0173211
0.316667 0.424 0.0185692
0.316667 0.428 0.028102
0.316667 0.432 0.0144519
0.316667 0.436 0.00810324
0.316667 0.44 0.0157653
0.316667 0.444 0.0151688
0.316667 0.448 0.0201377
0.316667 0.452 0.0298778
0.316667 0.456 0.0160077
0.316667 0.46 0.0156608
0.316667 0.464 0.0160849
0.316667 0.468 0.0121295
0.316667 0.472 0.00928154
0.316667 0.476 -0.0022938
0.316667 0.48 0.00343881
0.316667 0.484 0.00409022
0.316667 0.488 0.0140928
0.316667 0.492 -0.00056389
0.316667 0.496 0.00838556
0.316667 0.5 0.00312629
0.316667 0.504 0.0161996
0.316667 0.508 0.00463375
0.316667 0.512 0.00181106
0.316667 0.516 0.00383854
0.316667 0.52 0.0110195
0.316667 0.524 0.0125916
0.316667 0.528 0.00454613
0.316667 0.532 0.00754895
0.316667 0.536 -0.00801064
0.316667 0.54 0.000794752
0.316667 0.544 0.0141079
0.316667 0.548 0.0155895
0.316667 0.552 -0.00120753
0.316667 0.556 -0.000768366
0.316667 0.56 0.0160955
0.316667 0.564 0.0130406
0.316667 0.568 0.00719189
0.316667 0.572 0.0153091
0.316667 0.576 0.0183266
0.316667 0.58 -0.00570939
0.316667 0.584 0.0148462
0.316667 0.588 0.0104564
0.316667 0.592 0.0236155
0.316667 0.596 0.00577974
0.316667 0.6 -0.00253497
0.316667 0.604 0.0117294
0.316667 0.608 0.0212431
0.316667 0.612 0.0160728
0.316667 0.616 0.0120089
0.316667 0.62 0.00305639
0.316667 0.624 0.00159433
0.316667 0.628 0.00267917
0.316667 0.632 0.00592395
0.316667 0.636 0.0159034
0.316667 0.64 0.0159723
0.316667 0.644 0.009363
0.316667 0.648 0.0208775
0.316667 0.652 0.0150761
0.316667 0.656 -0.0021571
0.316667 0.66 0.0128694
0.316667 0.664 -0.0012348
0.316667 0.668 0.00590855
0.316667 0.672 0.00505766
0.316667 0.676 0.0118088
0.316667 0.68 0.00632808
0.316667 0.684 -0.00824814
0.316667 0.688 -0.00583099
0.316667 0.692 0.001755
0.316667 0.696 -0.00413877
0.316667 0.7 0.00956766
0.316667 0.704 0.011617
0.316667 0.708 0.0143077
0.316667 0.712 0.0107624
0.316667 0.716 0.00168212
0.316667 0.72 -0.00331231
0.316667 0.724 0.00315272
0.316667 0.728 0.00828313
0.316667 0.732 0.00370875
0.316667 0.736 -0.00654636
0.316667 0.74 0.00305804
0.316667 0.744 -0.00302435
0.316667 0.748 0.00533831
0.316667 0.752 0.00043656
0.316667 0.756 0.00443721
0.316667 0.76 0.00684466
0.316667 0.764 0.00765653
0.316667 0.768 -0.00357478
0.316667 0.772 0.00665018
0.316667 0.776 0.00734508
0.316667 0.78 0.00665018
0.316667 0.784 0.0136935
0.316667 0.788 0.0166684
0.316667 0.792 0.00445707
0.316667 0.796 0.00839706
0.316667 0.8 0.00544961
0.333333 0 0.0341559
0.333333 0.004 0.036682
0.333333 0.008 0.0393868
0.333333 0.012 0.0423018
0.333333 0.016 0.0455871
0.333333 0.02 0.0494152
0.333333 0.024 0.0537888
0.333333 0.028 0.0589212
0.333333 0.032 0.0656804
0.333333 0.036 0.0743926
0.333333 0.04 0.084891
0.333333 0.044 0.0959405
0.333333 0.048 0.105941
0.333333 0.052 0.113989
0.333333 0.056 0.12144
0.333333 0.06 0.131318
0.333333 0.064 0.146534
0.333333 0.068 0.168464
0.333333 0.072 0.203723
0.333333 0.076 0.247199
0.333333 0.08 0.284205
0.333333 0.084 0.308515
0.333333 0.088 0.32401
0.333333 0.092 0.317493
0.333333 0.096 0.297835
0.333333 0.1 0.287185
0.333333 0.104 0.280615
0.333333 0.108 0.281604
0.333333 0.112 0.278325
0.333333 0.116 0.284953
0.333333 0.12 0.284804
0.333333 0.124 0.272795
0.333333 0.128 0.267859
0.333333 0.132 0.264047
0.333333 0.136 0.228247
0.333333 0.14 0.188509
0.333333 0.144 0.155725
0.333333 0.148 0.116281
0.333333 0.152 0.0942249
0.333333 0.156 0.0855072
0.333333 0.16 0.0723309
0.333333 0.164 0.0840562
0.333333 0.168 0.0717656
0.333333 0.172 0.0731996
0.333333 0.176 0.0663569
0.333333 0.18 0.0665959
0.333333 0.184 0.0581803
0.333333 0.188 0.0641373
0.333333 0.192 0.0501275
0.333333 0.196 0.0544286
0.333333 0.2 0.0465094
0.333333 0.204 0.0465889
0.333333 0.208 0.033756
0.333333 0.212 0.0353683
0.333333 0.216 0.0319504
0.333333 0.22 0.0319091
0.333333 0.224 0.0432779
0.333333 0.228 0.0324251
0.333333 0.232 0.0434491
0.333333 0.236 0.0422192
0.333333 0.24 0.0418151
0.333333 0.244 0.0404418
0.333333 0.248 0.0350656
0.333333 0.252 0.0359276
0.333333 0.256 0.0395215
0.333333 0.26 0.0364348
0.333333 0.264 0.0338765
0.333333 0.268 0.0189974
0.333333 0.272 0.0329861
0.333333 0.276 0.017628
0.333333 0.28 0.016413
0.333333 0.284 0.024958
0.333333 0.288 0.0176432
0.333333 0.292 0.0188463
0.333333 0.296 0.029823
0.333333 0.3 0.0182969
0.333333 0.304 0.0140857
0.333333 0.308 0.0177994
0.333333 0.312 0.0167579
0.333333 0.316 0.0130546
0.333333 0.32 0.0124644
0.333333 0.324 0.0129019
0.333333 0.328 0.00169399
0.333333 0.332 0.00253161
0.333333 0.336 0.00815659
0.333333 0.34 -0.0020561
0.333333 0.344 0.00860419
0.333333 0.348 0.00896072
0.333333 0.352 0.00821671
0.333333 0.356 0.0105313
0.333333 0.36 -0.00934835
0.333333 0.364 0.0204034
0.333333 0.368 0.00228973
0.333333 0.372 0.00661214
0.333333 0.376 0.0171973
0.333333 0.38 -0.00493972
0.333333 0.384 0.0141477
0.333333 0.388 0.0131555
0.333333 0.392 0.0055441
0.333333 0.396 0.0236784
0.333333 0.4 0.0144004
0.333333 0.404 0.014248
0.333333 0.408 0.0136686
0.333333 0.412 0.0159072
0.333333 0.416 0.023937
0.333333 0.42 0.0200004
0.333333 0.424 0.0171656
0.333333 0.428 0.0298447
0.333333 0.432 0.00930128
0.333333 0.436 0.0193532
0.333333 0.44 0.0224849
0.333333 0.444 0.00864024
0.333333 0.448 0.0188069
0.333333 0.452 0.0231631
0.333333 0.456 0.0211551
0.333333 0.46 0.0118173
0.333333 0.464 0.00874051
0.333333 0.468 0.0175908
0.333333 0.472 0.00772917
0.333333 0.476 0.018707
0.333333 0.48 0.00404207
0.333333 0.484 0.011973
0.333333 0.488 0.0135162
0.333333 0.492 0.00244273
0.333333 0.496 0.00378842
0.333333 0.5 0.00791433
0.333333 0.504 0.0165991
0.333333 0.508 0.00565537
0.333333 0.512 0.00477432
0.333333 0.516 -0.00736114
0.333333 0.52 0.00999629
0.333333 0.524 0.0195444
0.333333 0.528 0.00518332
0.333333 0.532 0.0134829
0.333333 0.536 0.00331868
0.333333 0.54 0.0039526
0.333333 0.544 0.019223
0.333333 0.548 0.0206639
0.333333 0.552 -0.00223497
0.333333 0.556 -0.00139316
0.333333 0.56 0.0191309
0.333333 0.564 0.0171042
0.333333 0.568 0.0164676
0.333333 0.572 0.0170084
0.333333 0.576 0.0147304
0.333333 0.58 -0.00216829
0.333333 0.584 0.0131421
0.333333 0.588 0.00914258
0.333333 0.592 0.00939445
0.333333 0.596 0.00838317
0.333333 0.6 0.000452365
0.333333 0.604 0.0170448
0.333333 0.608 0.017657
0.333333 0.612 0.00130044
0.333333 0.616 0.00819411
0.333333 0.62 -0.000187944
0.333333 0.624 0.00857099
0.333333 0.628 -0.00271643
0.333333 0.632 0.0110754
0.333333 0.636 0.0127286
0.333333 0.64 0.0131826
0.333333 0.644 0.00241992
0.333333 0.648 0.0139267
0.333333 0.652 0.0143099
0.333333 0.656 -0.00112739
0.333333 0.66 0.0131197
0.333333 0.664 -0.000217937
0.333333 0.668 0.00384982
0.333333 0.672 0.00711497
0.333333 0.676 0.0156395
0.333333 0.68 0.00445221
0.333333 0.684 -0.00680003
0.333333 0.688 -0.00497809
0.333333 0.692 0.00636685
0.333333 0.696 -0.00624857
0.333333 0.7 0.00971718
0.333333 0.704 0.00983775
0.333333 0.708 0.00905225
0.333333 0.712 0.0178168
0.333333 0.716 0.00125745
0.333333 0.72 -0.00438711
0.333333 0.724 0.000582926
0.333333 0.728 0.00795139
0.333333 0.732 0.00117654
0.333333 0.736 0.00262938
0.333333 0.74 0.00706375
0.333333 0.744 0.000875164
0.333333 0.748 0.00221255
0.333333 0.752 0.00310682
0.333333 0.756 0.00764348
0.333333 0.76 0.0123654
0.333333 0.764 0.00698679
0.333333 0.768 -0.00298368
0.333333 0.772 0.00615752
0.333333 0.776 0.0106355
0.333333 0.78 0.00615752
0.333333 0.784 0.0154129
0.333333 0.788 0.0129841
0.333333 0.792 0.00433413
0.333333 0.796 0.012261
0.333333 0.8 0.0114295
0.35 0 0.0282289
0.35 0.004 0.0302772
0.35 0.008 0.0324234
0.35 0.012 0.0346742
0.35 0.016 0.0371261
0.35 0.02 0.039921
0.35 0.024 0.043078
0.35 0.028 0.0467249
0.35 0.032 0.0515719
0.35 0.036 0.0580994
0.35 0.04 0.0666812
0.35 0.044 0.0760847
0.35 0.048 0.0844019
0.35 0.052 0.0900164
0.35 0.056 0.093927
0.35 0.06 0.0984996
0.35 0.064 0.107812
0.35 0.068 0.122195
0.35 0.072 0.148084
0.35 0.076 0.187012
0.35 0.08 0.224112
0.35 0.084 0.249215
0.35 0.088 0.267228
0.35 0.092 0.270126
0.35 0.096 0.259561
0.35 0.1 0.254987
0.35 0.104 0.254367
0.35 0.108 0.263144
0.35 0.112 0.271796
0.35 0.116 0.281996
0.35 0.12 0.297611
0.35 0.124 0.299345
0.35 0.128 0.30581
0.35 0.132 0.314839
0.35 0.136 0.285499
0.35 0.14 0.253332
0.35 0.144 0.212226
0.35 0.148 0.145988
0.35 0.152 0.120024
0.35 0.156 0.0859263
0.35 0.16 0.0834222
0.35 0.164 0.0843909
0.35 0.168 0.079082
0.35 0.172 0.0807735
0.35 0.176 0.0733082
0.35 0.18 0.0716069
0.35 0.184 0.0651148
0.35 0.188 0.0726157
0.35 0.192 0.0627757
0.35 0.196 0.0642913
0.35 0.2 0.055427
0.35 0.204 0.0522248
0.35 0.208 0.035056
0.35 0.212 0.0384289
0.35 0.216 0.0331855
0.35 0.22 0.0385499
0.35 0.224 0.0406578
0.35 0.228 0.0297837
0.35 0.232 0.0471537
0.35 0.236 0.0464279
0.35 0.24 0.0372665
0.35 0.244 0.0383544
0.35 0.248 0.0333819
0.35 0.252 0.039756
0.35 0.256 0.0510898
0.35 0.26 0.046707
0.35 0.264 0.0343558
0.35 0.268 0.0314686
0.35 0.272 0.0385716
0.35 0.276 0.0291722
0.35 0.28 0.030915
0.35 0.284 0.0226443
0.35 0.288 0.0293478
0.35 0.292 0.0209695
0.35 0.296 0.0258401
0.35 0.3 0.0215547
0.35 0.304 0.0158693
0.35 0.308 0.0194808
0.35 0.312 0.0194434
0.35 0.316 0.0191226
0.35 0.32 0.0167956
0.35 0.324 0.0148172
0.35 0.328 0.00430248
0.35 0.332 0.00958808
0.35 0.336 0.00877823
0.35 0.34 -0.0039802
0.35 0.344 0.0126395
0.35 0.348 0.010716
0.35 0.352 0.00731656
0.35 0.356 0.00508598
0.35 0.36 -0.00178551
0.35 0.364 0.0177814
0.35 0.368 0.00174889
0.35 0.372 0.0106515
0.35 0.376 0.0168646
0.35 0.38 0.00470516
0.35 0.384 0.0130248
0.35 0.388 0.0175049
0.35 0.392 0.00491396
0.35 0.396 0.0184837
0.35 0.4 0.00876744
0.35 0.404 0.0216648
0.35 0.408 0.0159101
0.35 0.412 0.0119438
0.35 0.416 0.0141847
0.35 0.42 0.0190429
0.35 0.424 0.0111455
0.35 0.428 0.00750934
0.35 0.432 0.00568278
0.35 0.436 0.0180154
0.35 0.44 0.0140702
0.35 0.444 -0.000853892
0.35 0.448 0.0110795
0.35 0.452 0.014924
0.35 0.456 0.0183906
0.35 0.46 0.00225333
0.35 0.464 0.00264582
0.35 0.468 0.0160095
0.35 0.472 0.00859539
0.35 0.476 0.0231873
0.35 0.48 0.010959
0.35 0.484 0.0132777
0.35 0.488 0.00649348
0.35 0.492 0.00742059
0.35 0.496 0.000380174
0.35 0.5 0.013155
0.35 0.504 0.0124231
0.35 0.508 0.00687093
0.35 0.512 0.0073222
0.35 0.516 -0.0052507
0.35 0.52 0.0134845
0.35 0.524 0.0212605
0.35 0.528 0.00912298
0.35 0.532 0.0187026
0.35 0.536 0.0161883
0.35 0.54 0.016038
0.35 0.544 0.016424
0.35 0.548 0.0288051
0.35 0.552 0.00606868
0.35 0.556 -0.00270017
0.35 0.56 0.0209669
0.35 0.564 0.0144018
0.35 0.568 0.0157468
0.35 0.572 0.0179993
0.35 0.576 0.0143968
0.35 0.58 0.0106819
0.35 0.584 0.0211944
0.35 0.588 0.0112512
0.35 0.592 0.0135785
0.35 0.596 0.0117588
0.35 0.6 0.00996147
0.35 0.604 0.0225197
0.35 0.608 0.011118
0.35 0.612 -0.0129195
0.35 0.616 0.00577327
0.35 0.62 -0.000137668
0.35 0.624 0.0149497
0.35 0.628 0.0023976
0.35 0.632 0.00522954
0.35 0.636 0.0086816
0.35 0.64 0.0117236
0.35 0.644 0.00109441
0.35 0.648 0.0054157
0.35 0.652 0.00450678
0.35 0.656 0.00399713
0.35 0.66 0.0100819
0.35 0.664 0.00370019
0.35 0.668 0.00344769
0.35 0.672 0.00486209
0.35 0.676 0.0122066
0.35 0.68 0.00419828
0.35 0.684 7.29792e-05
0.35 0.688 0.000501039
0.35 0.692 0.00958889
0.35 0.696 -0.00643898
0.35 0.7 0.0121802
0.35 0.704 0.00925084
0.35 0.708 0.008582
0.35 0.712 0.0227068
0.35 0.716 -0.00111807
0.35 0.72 -0.00026009
0.35 0.724 0.00151968
0.35 0.728 0.00565294
0.35 0.732 0.00478844
0.35 0.736 0.00622251
0.35 0.74 0.00799747
0.35 0.744 0.00450354
0.35 0.748 -0.0023728
0.35 0.752 0.00716392
0.35 0.756 0.00905107
0.35 0.76 0.0117676
0.35 0.764 0.00734846
0.35 0.768 0.000785515
0.35 0.772 0.00873622
0.35 0.776 0.0145254
0.35 0.78 0.00873622
0.35 0.784 0.0140587
0.35 0.788 0.0140097
0.35 0.792 0.0112545
0.35 0.796 0.0143538
0.35 0.8 0.0166698
0.366667 0 0.0242593
0.366667 0.004 0.0259363
0.366667 0.008 0.0276449
0.366667 0.012 0.0293797
0.366667 0.016 0.0311907
0.366667 0.02 0.03319
0.366667 0.024 0.0354295
0.366667 0.028 0.0379929
0.366667 0.032 0.0414062
0.366667 0.036 0.046265
0.366667 0.04 0.0532524
0.366667 0.044 0.0611134
0.366667 0.048 0.0680071
0.366667 0.052 0.0721916
0.366667 0.056 0.0737727
0.366667 0.06 0.0746111
0.366667 0.064 0.0786455
0.366667 0.068 0.0882438
0.366667 0.072 0.104746
0.366667 0.076 0.134281
0.366667 0.08 0.168169
0.366667 0.084 0.19249
0.366667 0.088 0.211751
0.366667 0.092 0.220997
0.366667 0.096 0.216271
0.366667 0.1 0.215114
0.366667 0.104 0.219551
0.366667 0.108 0.23381
0.366667 0.112 0.250435
0.366667 0.116 0.262359
0.366667 0.12 0.285752
0.366667 0.124 0.300288
0.366667 0.128 0.315257
0.366667 0.132 0.335538
0.366667 0.136 0.327366
0.366667 0.14 0.307897
0.366667 0.144 0.273204
0.366667 0.148 0.197955
0.366667 0.152 0.171672
0.366667 0.156 0.106825
0.366667 0.16 0.111121
0.366667 0.164 0.0921031
0.366667 0.168 0.0920947
0.366667 0.172 0.0920895
0.366667 0.176 0.0896559
0.366667 0.18 0.0840644
0.366667 0.184 0.0767473
0.366667 0.188 0.0802287
0.366667 0.192 0.0751195
0.366667 0.196 0.0742563
0.366667 0.2 0.0642397
0.366667 0.204 0.0610901
0.366667 0.208 0.0431552
0.366667 0.212 0.0431402
0.366667 0.216 0.0329185
0.366667 0.22 0.0423124
0.366667 0.224 0.0396288
0.366667 0.228 0.0432736
0.366667 0.232 0.0460129
0.366667 0.236 0.0445583
0.366667 0.24 0.0364049
0.366667 0.244 0.0323343
0.366667 0.248 0.0441571
0.366667 0.252 0.0412369
0.366667 0.256 0.0492984
0.366667 0.26 0.0496433
0.366667 0.264 0.0378144
0.366667 0.268 0.0453085
0.366667 0.272 0.0425498
0.366667 0.276 0.0443565
0.366667 0.28 0.0491314
0.366667 0.284 0.0199156
0.366667 0.288 0.0381566
0.366667 0.292 0.02189
0.366667 0.296 0.0226925
0.366667 0.3 0.0338785
0.366667 0.304 0.0227666
0.366667 0.308 0.0263706
0.366667 0.312 0.0183724
0.366667 0.316 0.0256825
0.366667 0.32 0.0217328
0.366667 0.324 0.0210861
0.366667 0.328 0.00998003
0.366667 0.332 0.0111575
0.366667 0.336 0.0107469
0.366667 0.34 -0.00429946
0.366667 0.344 0.0137242
0.366667 0.348 0.0105938
0.366667 0.352 0.0102283
0.366667 0.356 0.00241213
0.366667 0.36 0.00934957
0.366667 0.364 0.0134428
0.366667 0.368 0.0063958
0.366667 0.372 0.0145503
0.366667 0.376 0.0130141
0.366667 0.38 0.0181524
0.366667 0.384 0.0109955
0.366667 0.388 0.0244581
0.366667 0.392 0.0086967
0.366667 0.396 0.0126167
0.366667 0.4 0.00728282
0.366667 0.404 0.0269545
0.366667 0.408 0.0157179
0.366667 0.412 0.00951116
0.366667 0.416 0.00519887
0.366667 0.42 0.0141133
0.366667 0.424 0.00494265
0.366667 0.428 -0.00645987
0.366667 0.432 0.00513585
0.366667 0.436 0.00578783
0.366667 0.44 0.005575
0.366667 0.444 0.000188808
0.366667 0.448 0.00554122
0.366667 0.452 0.0141593
0.366667 0.456 0.0107686
0.366667 0.46 0.00379447
0.366667 0.464 0.00369994
0.366667 0.468 0.0125295
0.366667 0.472 0.0088924
0.366667 0.476 0.0107245
0.366667 0.48 0.0172514
0.366667 0.484 0.00501926
0.366667 0.488 -0.000733134
0.366667 0.492 0.0113268
0.366667 0.496 -0.00163276
0.366667 0.5 0.0119091
0.366667 0.504 0.00648126
0.366667 0.508 0.00597541
0.366667 0.512 0.0083368
0.366667 0.516 0.00742398
0.366667 0.52 0.014079
0.366667 0.524 0.0161583
0.366667 0.528 0.00999789
0.366667 0.532 0.0210482
0.366667 0.536 0.0152957
0.366667 0.54 0.0238769
0.366667 0.544 0.0141499
0.366667 0.548 0.0239581
0.366667 0.552 0.0127354
0.366667 0.556 -0.00304178
0.366667 0.56 0.0185472
0.366667 0.564 0.015567
0.366667 0.568 0.0143067
0.366667 0.572 0.0182761
0.366667 0.576 0.0156864
0.366667 0.58 0.0197408
0.366667 0.584 0.0288559
0.366667 0.588 0.0110138
0.366667 0.592 0.0273433
0.366667 0.596 0.0162648
0.366667 0.6 0.0149085
0.366667 0.604 0.0249453
0.366667 0.608 0.00891741
0.366667 0.612 -0.00339996
0.366667 0.616 0.00999235
0.366667 0.62 0.00396982
0.366667 0.624 0.0127914
0.366667 0.628 0.0110874
0.366667 0.632 0.00234687
0.366667 0.636 0.00518775
0.366667 0.64 0.0143823
0.366667 0.644 0.00998638
0.366667 0.648 0.00244992
0.366667 0.652 0.000625378
0.366667 0.656 0.00502916
0.366667 0.66 0.0073231
0.366667 0.664 0.00698479
0.366667 0.668 0.00410447
0.366667 0.672 0.00357273
0.366667 0.676 0.00362636
0.366667 0.68 0.00664681
0.366667 0.684 0.00382033
0.366667 0.688 0.00634415
0.366667 0.692 0.0105319
0.366667 0.696 -0.00281819
0.366667 0.7 0.0110051
0.366667 0.704 0.0110806
0.366667 0.708 0.0132981
0.366667 0.712 0.0214712
0.366667 0.716 -0.00187741
0.366667 0.72 0.00325351
0.366667 0.724 0.00567672
0.366667 0.728 0.00419714
0.366667 0.732 0.00872045
0.366667 0.736 0.00362646
0.366667 0.74 0.00597459
0.366667 0.744 0.00711865
0.366667 0.748 -0.000375335
0.366667 0.752 0.0110655
0.366667 0.756 0.0111379
0.366667 0.76 0.00512249
0.366667 0.764 0.00909229
0.366667 0.768 0.00320963
0.366667 0.772 0.0136783
0.366667 0.776 0.0163389
0.366667 0.78 0.0136783
0.366667 0.784 0.0136282
0.366667 0.788 0.0194233
0.366667 0.792 0.0183688
0.366667 0.796 0.0150607
0.366667 0.8 0.0146217
0.383333 0 0.0219824
0.383333 0.004 0.0233326
0.383333 0.008 0.0246784
0.383333 0.012 0.0259934
0.383333 0.016 0.0273005
0.383333 0.02 0.0287062
0.383333 0.024 0.0302742
0.383333 0.028 0.0320572
0.383333 0.032 0.0343593
0.383333 0.036 0.0378806
0.383333 0.04 0.0434411
0.383333 0.044 0.0498364
0.383333 0.048 0.0555432
0.383333 0.052 0.0590476
0.383333 0.056 0.0593998
0.383333 0.06 0.0581151
0.383333 0.064 0.0582346
0.383333 0.068 0.0651563
0.383333 0.072 0.0744359
0.383333 0.076 0.0928787
0.383333 0.08 0.120021
0.383333 0.084 0.142768
0.383333 0.088 0.162683
0.383333 0.092 0.174282
0.383333 0.096 0.17453
0.383333 0.1 0.17625
0.383333 0.104 0.183706
0.383333 0.108 0.200413
0.383333 0.112 0.220431
0.383333 0.116 0.233112
0.383333 0.12 0.257776
0.383333 0.124 0.279925
0.383333 0.128 0.299542
0.383333 0.132 0.326242
0.383333 0.136 0.339752
0.383333 0.14 0.33443
0.383333 0.144 0.314461
0.383333 0.148 0.253153
0.383333 0.152 0.231545
0.383333 0.156 0.154204
0.383333 0.16 0.150128
0.383333 0.164 0.117992
0.383333 0.168 0.110668
0.383333 0.172 0.110793
0.383333 0.176 0.115575
0.383333 0.18 0.104486
0.383333 0.184 0.0969616
0.383333 0.188 0.0925197
0.383333 0.192 0.0868107
0.383333 0.196 0.0835009
0.383333 0.2 0.0745256
0.383333 0.204 0.0727355
0.383333 0.208 0.0585991
0.383333 0.212 0.0517526
0.383333 0.216 0.0370016
0.383333 0.22 0.0432162
0.383333 0.224 0.0470322
0.383333 0.228 0.065054
0.383333 0.232 0.0476892
0.383333 0.236 0.0449613
0.383333 0.24 0.0479172
0.383333 0.244 0.0388286
0.383333 0.248 0.0592378
0.383333 0.252 0.0464993
0.383333 0.256 0.0452634
0.383333 0.26 0.047273
0.383333 0.264 0.0479427
0.383333 0.268 0.0476094
0.383333 0.272 0.0453938
0.383333 0.276 0.0513098
0.383333 0.28 0.0574374
0.383333 0.284 0.026223
0.383333 0.288 0.0386987
0.383333 0.292 0.0270899
0.383333 0.296 0.0318836
0.383333 0.3 0.0428874
0.383333 0.304 0.0310524
0.383333 0.308 0.0336136
0.383333 0.312 0.0221287
0.383333 0.316 0.0298105
0.383333 0.32 0.0262686
0.383333 0.324 0.02867
0.383333 0.328 0.0175116
0.383333 0.332 0.0120387
0.383333 0.336 0.0155623
0.383333 0.34 0.000948867
0.383333 0.344 0.00987729
0.383333 0.348 0.0102734
0.383333 0.352 0.0155726
0.383333 0.356 0.00577274
0.383333 0.36 0.0164779
0.383333 0.364 0.0111351
0.383333 0.368 0.0157719
0.383333 0.372 0.0157513
0.383333 0.376 0.0127869
0.383333 0.38 0.0263421
0.383333 0.384 0.00950925
0.383333 0.388 0.0290416
0.383333 0.392 0.0148733
0.383333 0.396 0.0132612
0.383333 0.4 0.0108925
0.383333 0.404 0.0257184
0.383333 0.408 0.0124822
0.383333 0.412 0.0102486
0.383333 0.416 0.00380934
0.383333 0.42 0.00852316
0.383333 0.424 0.00403322
0.383333 0.428 0.00684828
0.383333 0.432 0.00738996
0.383333 0.436 0.0016371
0.383333 0.44 0.0100732
0.383333 0.444 0.0155389
0.383333 0.448 0.007625
0.383333 0.452 0.0176056
0.383333 0.456 0.00867091
0.383333 0.46 0.0199223
0.383333 0.464 0.0104309
0.383333 0.468 0.0142783
0.383333 0.472 0.00770643
0.383333 0.476 0.00849896
0.383333 0.48 0.0176873
0.383333 0.484 -0.00333601
0.383333 0.488 -0.00180216
0.383333 0.492 0.0129659
0.383333 0.496 -0.00317197
0.383333 0.5 0.00844438
0.383333 0.504 0.0048451
0.383333 0.508 0.00411755
0.383333 0.512 0.00535494
0.383333 0.516 0.0162777
0.383333 0.52 0.00818487
0.383333 0.524 0.00882483
0.383333 0.528 0.00467659
0.383333 0.532 0.0183545
0.383333 0.536 0.00432024
0.383333 0.54 0.0160894
0.383333 0.544 0.0180641
0.383333 0.548 0.00841722
0.383333 0.552 0.0120817
0.383333 0.556 -0.00102747
0.383333 0.56 0.011244
0.383333 0.564 0.0238097
0.383333 0.568 0.0208298
0.383333 0.572 0.0176787
0.383333 0.576 0.0162936
0.383333 0.58 0.020398
0.383333 0.584 0.024561
0.383333 0.588 0.00649901
0.383333 0.592 0.0251994
0.383333 0.596 0.0193901
0.383333 0.6 0.00940818
0.383333 0.604 0.0233074
0.383333 0.608 0.0123814
0.383333 0.612 0.0181373
0.383333 0.616 0.0167536
0.383333 0.62 0.00505587
0.383333 0.624 0.00513062
0.383333 0.628 0.0136212
0.383333 0.632 0.0114076
0.383333 0.636 0.00605776
0.383333 0.64 0.0194996
0.383333 0.644 0.0183702
0.383333 0.648 0.00639206
0.383333 0.652 0.00738477
0.383333 0.656 0.000231001
0.383333 0.66 0.00703298
0.383333 0.664 0.00719378
0.383333 0.668 0.00416191
0.383333 0.672 0.00636409
0.383333 0.676 -0.00151899
0.383333 0.68 0.010249
0.383333 0.684 0.000673263
0.383333 0.688 0.00852779
0.383333 0.692 0.0110734
0.383333 0.696 0.00282157
0.383333 0.7 0.00816806
0.383333 0.704 0.0150684
0.383333 0.708 0.0176817
0.383333 0.712 0.0186775
0.383333 0.716 0.00308526
0.383333 0.72 0.00267654
0.383333 0.724 0.00649687
0.383333 0.728 0.00358858
0.383333 0.732 0.00744592
0.383333 0.736 0.00432625
0.383333 0.74 0.00735681
0.383333 0.744 0.0104855
0.383333 0.748 0.0091596
0.383333 0.752 0.0173298
0.383333 0.756 0.0141725
0.383333 0.76 0.00300357
0.383333 0.764 0.00987194
0.383333 0.768 0.00306259
0.383333 0.772 0.0180067
0.383333 0.776 0.0171398
0.383333 0.78 0.0180067
0.383333 0.784 0.0165847
0.383333 0.788 0.0221473
0.383333 0.792 0.0212559
0.383333 0.796 0.0156254
0.383333 0.8 0.013275
0.4 0 0.0194343
0.4 0.004 0.0205176
0.4 0.008 0.0216016
0.4 0.012 0.02263
0.4 0.016 0.0236107
0.4 0.02 0.0246035
0.4 0.024 0.0256971
0.4 0.028 0.0269405
0.4 0.032 0.0284525
0.4 0.036 0.0310222
0.4 0.04 0.035463
0.4 0.044 0.0407434
0.4 0.048 0.0456332
0.4 0.052 0.0489439
0.4 0.056 0.0491103
0.4 0.06 0.0470223
0.4 0.064 0.0451884
0.4 0.068 0.0496041
0.4 0.072 0.0546307
0.4 0.076 0.0644072
0.4 0.08 0.0836175
0.4 0.084 0.103656
0.4 0.088 0.121835
0.4 0.092 0.132548
0.4 0.096 0.137603
0.4 0.1 0.14271
0.4 0.104 0.15121
0.4 0.108 0.166263
0.4 0.112 0.187591
0.4 0.116 0.2001
0.4 0.12 0.222151
0.4 0.124 0.247296
0.4 0.128 0.268789
0.4 0.132 0.296583
0.4 0.136 0.32028
0.4 0.14 0.328681
0.4 0.144 0.319607
0.4 0.148 0.281878
0.4 0.152 0.269639
0.4 0.156 0.208482
0.4 0.16 0.187551
0.4 0.164 0.157643
0.4 0.168 0.136659
0.4 0.172 0.138301
0.4 0.176 0.14473
0.4 0.18 0.129879
0.4 0.184 0.127209
0.4 0.188 0.113885
0.4 0.192 0.10162
0.4 0.196 0.094221
0.4 0.2 0.0901841
0.4 0.204 0.0866743
0.4 0.208 0.0762897
0.4 0.212 0.062457
0.4 0.216 0.0491255
0.4 0.22 0.0501326
0.4 0.224 0.0557139
0.4 0.228 0.0717025
0.4 0.232 0.0541978
0.4 0.236 0.050383
0.4 0.24 0.0587344
0.4 0.244 0.0583443
0.4 0.248 0.0583402
0.4 0.252 0.056024
0.4 0.256 0.0502914
0.4 0.26 0.0449587
0.4 0.264 0.057885
0.4 0.268 0.0445273
0.4 0.272 0.0480509
0.4 0.276 0.0490437
0.4 0.28 0.0565341
0.4 0.284 0.0380163
0.4 0.288 0.0376941
0.4 0.292 0.0364726
0.4 0.296 0.0460942
0.4 0.3 0.0402362
0.4 0.304 0.0352507
0.4 0.308 0.0325234
0.4 0.312 0.0311004
0.4 0.316 0.0312661
0.4 0.32 0.0291497
0.4 0.324 0.0311309
0.4 0.328 0.0243332
0.4 0.332 0.0190087
0.4 0.336 0.0222046
0.4 0.34 0.0151689
0.4 0.344 0.00609731
0.4 0.348 0.0127004
0.4 0.352 0.0211443
0.4 0.356 0.0124584
0.4 0.36 0.0183337
0.4 0.364 0.0131559
0.4 0.368 0.0271134
0.4 0.372 0.0165009
0.4 0.376 0.018468
0.4 0.38 0.0291056
0.4 0.384 0.00999261
0.4 0.388 0.0264475
0.4 0.392 0.0206523
0.4 0.396 0.0186174
0.4 0.4 0.0156102
0.4 0.404 0.0200754
0.4 0.408 0.0090718
0.4 0.412 0.0112288
0.4 0.416 0.00469845
0.4 0.42 0.00517518
0.4 0.424 0.00638342
0.4 0.428 0.0218054
0.4 0.432 0.00977427
0.4 0.436 0.0106994
0.4 0.44 0.0186045
0.4 0.444 0.0306088
0.4 0.448 0.0131118
0.4 0.452 0.0179403
0.4 0.456 0.0145211
0.4 0.46 0.0323887
0.4 0.464 0.0144644
0.4 0.468 0.0174416
0.4 0.472 0.00720339
0.4 0.476 0.0224313
0.4 0.48 0.0154517
0.4 0.484 -0.00268268
0.4 0.488 0.00295943
0.4 0.492 0.0112353
0.4 0.496 -0.00322496
0.4 0.5 0.00985321
0.4 0.504 0.00922186
0.4 0.508 0.00169254
0.4 0.512 0.000918562
0.4 0.516 0.0156538
0.4 0.52 0.00327306
0.4 0.524 0.00675476
0.4 0.528 0.00124077
0.4 0.532 0.0137394
0.4 0.536 -0.000906094
0.4 0.54 0.00173738
0.4 0.544 0.021017
0.4 0.548 0.00395345
0.4 0.552 0.0113693
0.4 0.556 0.00367645
0.4 0.56 0.00683501
0.4 0.564 0.0281393
0.4 0.568 0.0286897
0.4 0.572 0.0177908
0.4 0.576 0.0177264
0.4 0.58 0.0203972
0.4 0.584 0.0150867
0.4 0.588 0.00480447
0.4 0.592 0.00903062
0.4 0.596 0.0182729
0.4 0.6 0.00181837
0.4 0.604 0.0207053
0.4 0.608 0.0159662
0.4 0.612 0.0217487
0.4 0.616 0.0162532
0.4 0.62 0.00274479
0.4 0.624 0.00226912
0.4 0.628 0.0098826
0.4 0.632 0.0205022
0.4 0.636 0.0125602
0.4 0.64 0.0241016
0.4 0.644 0.0176423
0.4 0.648 0.0108474
0.4 0.652 0.0136912
0.4 0.656 -0.00256666
0.4 0.66 0.00786592
0.4 0.664 0.0083325
0.4 0.668 0.00508192
0.4 0.672 0.00956008
0.4 0.676 0.000596832
0.4 0.68 0.0129996
0.4 0.684 -0.0030029
0.4 0.688 0.00751072
0.4 0.692 0.0123432
0.4 0.696 0.00679091
0.4 0.7 0.0110353
0.4 0.704 0.019129
0.4 0.708 0.0176287
0.4 0.712 0.0216581
0.4 0.716 0.010845
0.4 0.72 0.00190321
0.4 0.724 3.64913e-05
0.4 0.728 0.00301986
0.4 0.732 0.00500688
0.4 0.736 0.0100936
0.4 0.74 0.0134793
0.4 0.744 0.0147251
0.4 0.748 0.0154445
0.4 0.752 0.024123
0.4 0.756 0.0142223
0.4 0.76 0.00882127
0.4 0.764 0.00789608
0.4 0.768 0.00423135
0.4 0.772 0.0197583
0.4 0.776 0.0199303
0.4 0.78 0.0197583
0.4 0.784 0.0193887
0.4 0.788 0.0206919
0.4 0.792 0.0218536
0.4 0.796 0.0157748
0.4 0.8 0.0198678
0.416667 0 0.0161512
0.416667 0.004 0.0170382
0.416667 0.008 0.0179519
0.416667 0.012 0.0188163
0.416667 0.016 0.0196254
0.416667 0.02 0.0203425
0.416667 0.024 0.0211183
0.416667 0.028 0.021998
0.416667 0.032 0.0230056
0.416667 0.036 0.0249828
0.416667 0.04 0.0286174
0.416667 0.044 0.0331591
0.416667 0.048 0.0375468
0.416667 0.052 0.0407928
0.416667 0.056 0.041386
0.416667 0.06 0.0393322
0.416667 0.064 0.0369321
0.416667 0.068 0.0388466
0.416667 0.072 0.0413384
0.416667 0.076 0.0453403
0.416667 0.08 0.0577842
0.416667 0.084 0.0746267
0.416667 0.088 0.0902431
0.416667 0.092 0.100796
0.416667 0.096 0.10885
0.416667 0.1 0.115956
0.416667 0.104 0.124218
0.416667 0.108 0.134206
0.416667 0.112 0.156063
0.416667 0.116 0.167649
0.416667 0.12 0.184379
0.416667 0.124 0.210384
0.416667 0.128 0.23124
0.416667 0.132 0.255439
0.416667 0.136 0.27835
0.416667 0.14 0.297083
0.416667 0.144 0.292189
0.416667 0.148 0.27302
0.416667 0.152 0.26985
0.416667 0.156 0.241155
0.416667 0.16 0.212733
0.416667 0.164 0.192612
0.416667 0.168 0.16876
0.416667 0.172 0.16971
0.416667 0.176 0.170531
0.416667 0.18 0.159197
0.416667 0.184 0.161871
0.416667 0.188 0.143724
0.416667 0.192 0.125008
0.416667 0.196 0.111762
0.416667 0.2 0.11219
0.416667 0.204 0.104142
0.416667 0.208 0.0933302
0.416667 0.212 0.0743804
0.416667 0.216 0.0671425
0.416667 0.22 0.0662292
0.416667 0.224 0.0578632
0.416667 0.228 0.0608586
0.416667 0.232 0.0596913
0.416667 0.236 0.0557702
0.416667 0.24 0.0561231
0.416667 0.244 0.0718261
0.416667 0.248 0.0435297
0.416667 0.252 0.0630046
0.416667 0.256 0.0577516
0.416667 0.26 0.0471312
0.416667 0.264 0.0592739
0.416667 0.268 0.0517835
0.416667 0.272 0.0516329
0.416667 0.276 0.0490664
0.416667 0.28 0.0574191
0.416667 0.284 0.0452034
0.416667 0.288 0.0443892
0.416667 0.292 0.0432207
0.416667 0.296 0.0502394
0.416667 0.3 0.0323225
0.416667 0.304 0.0351971
0.416667 0.308 0.0277479
0.416667 0.312 0.0367139
0.416667 0.316 0.0337268
0.416667 0.32 0.0301081
0.416667 0.324 0.0291505
0.416667 0.328 0.0303657
0.416667 0.332 0.032056
0.416667 0.336 0.0279825
0.416667 0.34 0.0319956
0.416667 0.344 0.00955166
0.416667 0.348 0.0187668
0.416667 0.352 0.026609
0.416667 0.356 0.0208935
0.416667 0.36 0.0204877
0.416667 0.364 0.0199655
0.416667 0.368 0.0365978
0.416667 0.372 0.0209474
0.416667 0.376 0.0264107
0.416667 0.38 0.0289484
0.416667 0.384 0.0150547
0.416667 0.388 0.0172651
0.416667 0.392 0.02411
0.416667 0.396 0.0212338
0.416667 0.4 0.0175116
0.416667 0.404 0.0164348
0.416667 0.408 0.00739066
0.416667 0.412 0.00921256
0.416667 0.416 0.000594233
0.416667 0.42 0.00467289
0.416667 0.424 0.00611944
0.416667 0.428 0.0110844
0.416667 0.432 0.00895736
0.416667 0.436 0.0160019
0.416667 0.44 0.0179783
0.416667 0.444 0.0303528
0.416667 0.448 0.0143241
0.416667 0.452 0.015831
0.416667 0.456 0.0191413
0.416667 0.46 0.027251
0.416667 0.464 0.0123238
0.416667 0.468 0.0151447
0.416667 0.472 0.0091378
0.416667 0.476 0.0267032
0.416667 0.48 0.0154144
0.416667 0.484 0.00480488
0.416667 0.488 0.00864483
0.416667 0.492 0.00668926
0.416667 0.496 0.000794002
0.416667 0.5 0.0128643
0.416667 0.504 0.0130175
0.416667 0.508 -0.000431396
0.416667 0.512 0.00203206
0.416667 0.516 0.0118537
0.416667 0.52 0.00653798
0.416667 0.524 0.010572
0.416667 0.528 0.00826466
0.416667 0.532 0.0126849
0.416667 0.536 0.00538766
0.416667 0.54 -0.000333793
0.416667 0.544 0.0168351
0.416667 0.548 0.0179544
0.416667 0.552 0.0159781
0.416667 0.556 0.0101387
0.416667 0.56 0.0137304
0.416667 0.564 0.0227994
0.416667 0.568 0.0272328
0.416667 0.572 0.0209457
0.416667 0.576 0.021041
0.416667 0.58 0.0230461
0.416667 0.584 0.0146484
0.416667 0.588 0.0107764
0.416667 0.592 0.00531937
0.416667 0.596 0.013396
0.416667 0.6 0.0036784
0.416667 0.604 0.0216275
0.416667 0.608 0.0152593
0.416667 0.612 0.00773986
0.416667 0.616 0.00779738
0.416667 0.62 0.00537298
0.416667 0.624 0.00706895
0.416667 0.628 0.00650485
0.416667 0.632 0.0180167
0.416667 0.636 0.0195585
0.416667 0.64 0.0282169
0.416667 0.644 0.0139725
0.416667 0.648 0.0100861
0.416667 0.652 0.0130844
0.416667 0.656 0.00243483
0.416667 0.66 0.00917886
0.416667 0.664 0.0139009
0.416667 0.668 0.00871854
0.416667 0.672 0.00892516
0.416667 0.676 0.00590502
0.416667 0.68 0.0144163
0.416667 0.684 3.82029e-05
0.416667 0.688 0.00669804
0.416667 0.692 0.0127717
0.416667 0.696 0.00850435
0.416667 0.7 0.0188477
0.416667 0.704 0.0204403
0.416667 0.708 0.0146947
0.416667 0.712 0.0297059
0.416667 0.716 0.0143913
0.416667 0.72 0.0056078
0.416667 0.724 -0.00767076
0.416667 0.728 0.00487733
0.416667 0.732 0.00717536
0.416667 0.736 0.012388
0.416667 0.74 0.0166525
0.416667 0.744 0.0172824
0.416667 0.748 0.0100723
0.416667 0.752 0.024852
0.416667 0.756 0.0101312
0.416667 0.76 0.013337
0.416667 0.764 0.00573035
0.416667 0.768 0.0094467
0.416667 0.772 0.0198517
0.416667 0.776 0.0226235
0.416667 0.78 0.0198517
0.416667 0.784 0.017738
0.416667 0.788 0.0211085
0.416667 0.792 0.0233414
0.416667 0.796 0.0151076
0.416667 0.8 0.0261168
0.433333 0 0.0136244
0.433333 0.004 0.0143519
0.433333 0.008 0.015121
0.433333 0.012 0.0158573
0.433333 0.016 0.0165356
0.433333 0.02 0.0170594
0.433333 0.024 0.0176309
0.433333 0.028 0.018251
0.433333 0.032 0.0189008
0.433333 0.036 0.0204218
0.433333 0.04 0.023322
0.433333 0.044 0.0272235
0.433333 0.048 0.031211
0.433333 0.052 0.0343196
0.433333 0.056 0.0354142
0.433333 0.06 0.0338656
0.433333 0.064 0.0313138
0.433333 0.068 0.0318858
0.433333 0.072 0.0322781
0.433333 0.076 0.0316502
0.433333 0.08 0.0384146
0.433333 0.084 0.0526422
0.433333 0.088 0.0677707
0.433333 0.092 0.0808427
0.433333 0.096 0.089645
0.433333 0.1 0.0957167
0.433333 0.104 0.102693
0.433333 0.108 0.107447
0.433333 0.112 0.128326
0.433333 0.116 0.138873
0.433333 0.12 0.149299
0.433333 0.124 0.174351
0.433333 0.128 0.191662
0.433333 0.132 0.208466
0.433333 0.136 0.226372
0.433333 0.14 0.248141
0.433333 0.144 0.247927
0.433333 0.148 0.240693
0.433333 0.152 0.240742
0.433333 0.156 0.240577
0.433333 0.16 0.219454
0.433333 0.164 0.206285
0.433333 0.168 0.196757
0.433333 0.172 0.195326
0.433333 0.176 0.191566
0.433333 0.18 0.191024
0.433333 0.184 0.190954
0.433333 0.188 0.176653
0.433333 0.192 0.15809
0.433333 0.196 0.139558
0.433333 0.2 0.136829
0.433333 0.204 0.125864
0.433333 0.208 0.113374
0.433333 0.212 0.0911048
0.433333 0.216 0.0871591
0.433333 0.22 0.083016
0.433333 0.224 0.0602855
0.433333 0.228 0.0560392
0.433333 0.232 0.0609691
0.433333 0.236 0.058392
0.433333 0.24 0.0495699
0.433333 0.244 0.065972
0.433333 0.248 0.0393547
0.433333 0.252 0.0614877
0.433333 0.256 0.0550295
0.433333 0.26 0.0537375
0.433333 0.264 0.0559323
0.433333 0.268 0.068449
0.433333 0.272 0.0567181
0.433333 0.276 0.0578845
0.433333 0.28 0.0617692
0.433333 0.284 0.0474049
0.433333 0.288 0.0560137
0.433333 0.292 0.0437167
0.433333 0.296 0.0446575
0.433333 0.3 0.030476
0.433333 0.304 0.0371453
0.433333 0.308 0.0314234
0.433333 0.312 0.036355
0.433333 0.316 0.0381023
0.433333 0.32 0.030942
0.433333 0.324 0.030026
0.433333 0.328 0.0377649
0.433333 0.332 0.0429593
0.433333 0.336 0.0323768
0.433333 0.34 0.0398655
0.433333 0.344 0.0197592
0.433333 0.348 0.0259001
0.433333 0.352 0.0318789
0.433333 0.356 0.0310044
0.433333 0.36 0.0266256
0.433333 0.364 0.0293467
0.433333 0.368 0.0412951
0.433333 0.372 0.029195
0.433333 0.376 0.0332234
0.433333 0.38 0.0257691
0.433333 0.384 0.0251248
0.433333 0.388 0.00943213
0.433333 0.392 0.0255479
0.433333 0.396 0.0193374
0.433333 0.4 0.0160181
0.433333 0.404 0.0164839
0.433333 0.408 0.0080043
0.433333 0.412 0.00609421
0.433333 0.416 -0.00286177
0.433333 0.42 0.00686292
0.433333 0.424 0.00340374
0.433333 0.428 -0.00754925
0.433333 0.432 0.00530644
0.433333 0.436 0.00761233
0.433333 0.44 0.0123718
0.433333 0.444 0.0186519
0.433333 0.448 0.0111855
0.433333 0.452 0.0171253
0.433333 0.456 0.0157919
0.433333 0.46 0.0142912
0.433333 0.464 0.0115766
0.433333 0.468 0.0115862
0.433333 0.472 0.0128276
0.433333 0.476 0.0106903
0.433333 0.48 0.0171751
0.433333 0.484 0.0113374
0.433333 0.488 0.0123187
0.433333 0.492 0.00344357
0.433333 0.496 0.00902992
0.433333 0.5 0.0103808
0.433333 0.504 0.0101226
0.433333 0.508 0.00183252
0.433333 0.512 0.0104126
0.433333 0.516 0.0103029
0.433333 0.52 0.0131284
0.433333 0.524 0.0132007
0.433333 0.528 0.0207156
0.433333 0.532 0.014539
0.433333 0.536 0.0135778
0.433333 0.54 0.0115418
0.433333 0.544 0.0126587
0.433333 0.548 0.0299992
0.433333 0.552 0.0199367
0.433333 0.556 0.0157966
0.433333 0.56 0.0269426
0.433333 0.564 0.0183116
0.433333 0.568 0.0192108
0.433333 0.572 0.0264255
0.433333 0.576 0.0241985
0.433333 0.58 0.0216523
0.433333 0.584 0.0207462
0.433333 0.588 0.0174236
0.433333 0.592 0.0214383
0.433333 0.596 0.00886512
0.433333 0.6 0.0141366
0.433333 0.604 0.0261011
0.433333 0.608 0.0116122
0.433333 0.612 0.00541909
0.433333 0.616 0.00274226
0.433333 0.62 0.0143287
0.433333 0.624 0.0112499
0.433333 0.628 0.00652404
0.433333 0.632 0.010724
0.433333 0.636 0.0203183
0.433333 0.64 0.032634
0.433333 0.644 0.0157861
0.433333 0.648 0.00733808
0.433333 0.652 0.0135407
0.433333 0.656 0.010606
0.433333 0.66 0.0130387
0.433333 0.664 0.019326
0.433333 0.668 0.0130391
0.433333 0.672 0.00671241
0.433333 0.676 0.00986688
0.433333 0.68 0.0145665
0.433333 0.684 0.00740009
0.433333 0.688 0.00799328
0.433333 0.692 0.0113807
0.433333 0.696 0.0113107
0.433333 0.7 0.0216173
0.433333 0.704 0.018538
0.433333 0.708 0.0128766
0.433333 0.712 0.0336153
0.433333 0.716 0.0126674
0.433333 0.72 0.0112397
0.433333 0.724 -0.00727569
0.433333 0.728 0.0117951
0.433333 0.732 0.0121829
0.433333 0.736 0.00848977
0.433333 0.74 0.0115306
0.433333 0.744 0.0169878
0.433333 0.748 8.08802e-06
0.433333 0.752 0.0197642
0.433333 0.756 0.00740265
0.433333 0.76 0.0111695
0.433333 0.764 0.00802853
0.433333 0.768 0.0156456
0.433333 0.772 0.0202916
0.433333 0.776 0.0196137
0.433333 0.78 0.0202916
0.433333 0.784 0.0140711
0.433333 0.788 0.0256274
0.433333 0.792 0.0258186
0.433333 0.796 0.014866
0.433333 0.8 0.0221063
0.45 0 0.0124346
0.45 0.004 0.0130177
0.45 0.008 0.0136382
0.45 0.012 0.0142352
0.45 0.016 0.0147629
0.45 0.02 0.0151422
0.45 0.024 0.015572
0.45 0.028 0.0159964
0.45 0.032 0.0163584
0.45 0.036 0.017428
0.45 0.04 0.0195577
0.45 0.044 0.0227763
0.45 0.048 0.0264026
0.45 0.052 0.0294361
0.45 0.056 0.0309805
0.45 0.06 0.0302537
0.45 0.064 0.0277627
0.45 0.068 0.0280966
0.45 0.072 0.0269684
0.45 0.076 0.0230173
0.45 0.08 0.0245181
0.45 0.084 0.0367091
0.45 0.088 0.052559
0.45 0.092 0.0675976
0.45 0.096 0.0764274
0.45 0.1 0.0801598
0.45 0.104 0.0847151
0.45 0.108 0.0871791
0.45 0.112 0.10544
0.45 0.116 0.115015
0.45 0.12 0.121157
0.45 0.124 0.142322
0.45 0.128 0.153863
0.45 0.132 0.161516
0.45 0.136 0.172791
0.45 0.14 0.189551
0.45 0.144 0.198813
0.45 0.148 0.202689
0.45 0.152 0.201131
0.45 0.156 0.216192
0.45 0.16 0.204694
0.45 0.164 0.197708
0.45 0.168 0.207529
0.45 0.172 0.207389
0.45 0.176 0.208355
0.45 0.18 0.217533
0.45 0.184 0.208337
0.45 0.188 0.204521
0.45 0.192 0.193514
0.45 0.196 0.172747
0.45 0.2 0.159443
0.45 0.204 0.148541
0.45 0.208 0.139597
0.45 0.212 0.114844
0.45 0.216 0.107831
0.45 0.22 0.094102
0.45 0.224 0.0746837
0.45 0.228 0.0698559
0.45 0.232 0.0636591
0.45 0.236 0.0629123
0.45 0.24 0.0554102
0.45 0.244 0.0519328
0.45 0.248 0.054803
0.45 0.252 0.053992
0.45 0.256 0.0482678
0.45 0.26 0.0605905
0.45 0.264 0.0602845
0.45 0.268 0.077605
0.45 0.272 0.0628409
0.45 0.276 0.0681146
0.45 0.28 0.0606035
0.45 0.284 0.0530797
0.45 0.288 0.0604517
0.45 0.292 0.0435579
0.45 0.296 0.0435115
0.45 0.3 0.036881
0.45 0.304 0.0460995
0.45 0.308 0.042186
0.45 0.312 0.037653
0.45 0.316 0.0395643
0.45 0.32 0.0338986
0.45 0.324 0.0363055
0.45 0.328 0.0460137
0.45 0.332 0.0442596
0.45 0.336 0.0369718
0.45 0.34 0.036101
0.45 0.344 0.0289333
0.45 0.348 0.0310691
0.45 0.352 0.0351278
0.45 0.356 0.0394293
0.45 0.36 0.0334106
0.45 0.364 0.0382826
0.45 0.368 0.0409291
0.45 0.372 0.0371059
0.45 0.376 0.0381034
0.45 0.38 0.0221622
0.45 0.384 0.0350921
0.45 0.388 0.0105078
0.45 0.392 0.0275986
0.45 0.396 0.0188986
0.45 0.4 0.0141172
0.45 0.404 0.0154548
0.45 0.408 0.011644
0.45 0.412 0.0067719
0.45 0.416 0.00496526
0.45 0.42 0.0111683
0.45 0.424 0.00393333
0.45 0.428 0.000211706
0.45 0.432 0.0041101
0.45 0.436 0.000715962
0.45 0.44 0.0129275
0.45 0.444 0.0109606
0.45 0.448 0.0115574
0.45 0.452 0.0221306
0.45 0.456 0.0107654
0.45 0.46 0.0104347
0.45 0.464 0.0200096
0.45 0.468 0.0158413
0.45 0.472 0.0171262
0.45 0.476 0.00123207
0.45 0.48 0.0188913
0.45 0.484 0.0149688
0.45 0.488 0.0145735
0.45 0.492 0.00527286
0.45 0.496 0.0175838
0.45 0.5 0.00655982
0.45 0.504 0.0050199
0.45 0.508 0.0103066
0.45 0.512 0.0187589
0.45 0.516 0.0105233
0.45 0.52 0.0135805
0.45 0.524 0.0111117
0.45 0.528 0.0250457
0.45 0.532 0.0134727
0.45 0.536 0.0150286
0.45 0.54 0.0195717
0.45 0.544 0.0162577
0.45 0.548 0.0235219
0.45 0.552 0.018099
0.45 0.556 0.0179445
0.45 0.56 0.0316037
0.45 0.564 0.0239972
0.45 0.568 0.0163982
0.45 0.572 0.0300822
0.45 0.576 0.0256907
0.45 0.58 0.0148992
0.45 0.584 0.019098
0.45 0.588 0.0154569
0.45 0.592 0.0344391
0.45 0.596 0.00853822
0.45 0.6 0.0222692
0.45 0.604 0.0285916
0.45 0.608 0.00835518
0.45 0.612 0.022987
0.45 0.616 0.00872462
0.45 0.62 0.0194714
0.45 0.624 0.00875957
0.45 0.628 0.00796275
0.45 0.632 0.00865732
0.45 0.636 0.0143773
0.45 0.64 0.0342702
0.45 0.644 0.0189079
0.45 0.648 0.00984254
0.45 0.652 0.0206588
0.45 0.656 0.0140634
0.45 0.66 0.0202071
0.45 0.664 0.0181502
0.45 0.668 0.0147403
0.45 0.672 0.00881755
0.45 0.676 0.012603
0.45 0.68 0.0128043
0.45 0.684 0.01072
0.45 0.688 0.0101699
0.45 0.692 0.0109087
0.45 0.696 0.0169816
0.45 0.7 0.0150527
0.45 0.704 0.0162906
0.45 0.708 0.0138689
0.45 0.712 0.0274772
0.45 0.716 0.0115398
0.45 0.72 0.0125226
0.45 0.724 0.00159252
0.45 0.728 0.0197403
0.45 0.732 0.0147429
0.45 0.736 0.00656625
0.45 0.74 0.00397366
0.45 0.744 0.0161723
0.45 0.748 -0.00155195
0.45 0.752 0.0185114
0.45 0.756 0.0110991
0.45 0.76 0.0102366
0.45 0.764 0.0152145
0.45 0.768 0.0179721
0.45 0.772 0.0211127
0.45 0.776 0.0119845
0.45 0.78 0.0211127
0.45 0.784 0.0145462
0.45 0.788 0.0284248
0.45 0.792 0.0277183
0.45 0.796 0.0157799
0.45 0.8 0.0148718
0.466667 0 0.0113872
0.466667 0.004 0.0118648
0.466667 0.008 0.0123703
0.466667 0.012 0.0128539
0.466667 0.016 0.0132578
0.466667 0.02 0.0135333
0.466667 0.024 0.0138466
0.466667 0.028 0.014138
0.466667 0.032 0.0143318
0.466667 0.036 0.0150426
0.466667 0.04 0.0165275
0.466667 0.044 0.0191331
0.466667 0.048 0.0225095
0.466667 0.052 0.0256881
0.466667 0.056 0.0277614
0.466667 0.06 0.0279812
0.466667 0.064 0.0260329
0.466667 0.068 0.0259637
0.466667 0.072 0.0243782
0.466667 0.076 0.0198416
0.466667 0.08 0.0173589
0.466667 0.084 0.0273147
0.466667 0.088 0.0419085
0.466667 0.092 0.0550972
0.466667 0.096 0.064089
0.466667 0.1 0.0671588
0.466667 0.104 0.0690382
0.466667 0.108 0.072052
0.466667 0.112 0.0871446
0.466667 0.116 0.0953414
0.466667 0.12 0.100726
0.466667 0.124 0.115667
0.466667 0.128 0.121046
0.466667 0.132 0.120592
0.466667 0.136 0.122855
0.466667 0.14 0.131055
0.466667 0.144 0.148591
0.466667 0.148 0.163602
0.466667 0.152 0.161583
0.466667 0.156 0.182048
0.466667 0.16 0.172061
0.466667 0.164 0.17815
0.466667 0.168 0.197717
0.466667 0.172 0.204604
0.466667 0.176 0.217183
0.466667 0.18 0.22758
0.466667 0.184 0.215339
0.466667 0.188 0.219349
0.466667 0.192 0.219074
0.466667 0.196 0.199242
0.466667 0.2 0.178074
0.466667 0.204 0.165807
0.466667 0.208 0.166056
0.466667 0.212 0.139814
0.466667 0.216 0.128428
0.466667 0.22 0.105394
0.466667 0.224 0.098058
0.466667 0.228 0.0863408
0.466667 0.232 0.0744188
0.466667 0.236 0.0737895
0.466667 0.24 0.0708254
0.466667 0.244 0.0506531
0.466667 0.248 0.0702171
0.466667 0.252 0.0502001
0.466667 0.256 0.0567367
0.466667 0.26 0.0642451
0.466667 0.264 0.0749011
0.466667 0.268 0.0732861
0.466667 0.272 0.0688792
0.466667 0.276 0.0715284
0.466667 0.28 0.0531705
0.466667 0.284 0.0637041
0.466667 0.288 0.0539751
0.466667 0.292 0.0497495
0.466667 0.296 0.0516759
0.466667 0.3 0.0451152
0.466667 0.304 0.0584731
0.466667 0.308 0.0473083
0.466667 0.312 0.0446689
0.466667 0.316 0.0358515
0.466667 0.32 0.0385656
0.466667 0.324 0.0418382
0.466667 0.328 0.0502257
0.466667 0.332 0.0381567
0.466667 0.336 0.0407661
0.466667 0.34 0.030342
0.466667 0.344 0.0327452
0.466667 0.348 0.0351088
0.466667 0.352 0.0353578
0.466667 0.356 0.0426568
0.466667 0.36 0.0366773
0.466667 0.364 0.0460167
0.466667 0.368 0.038739
0.466667 0.372 0.0422238
0.466667 0.376 0.0397217
0.466667 0.38 0.0252709
0.466667 0.384 0.0390256
0.466667 0.388 0.0178501
0.466667 0.392 0.0329198
0.466667 0.396 0.0237743
0.466667 0.4 0.0163225
0.466667 0.404 0.0113902
0.466667 0.408 0.017249
0.466667 0.412 0.0120859
0.466667 0.416 0.0200498
0.466667 0.42 0.0152167
0.466667 0.424 0.00970848
0.466667 0.428 0.0275784
0.466667 0.432 0.00973273
0.466667 0.436 0.0112273
0.466667 0.44 0.0183087
0.466667 0.444 0.012942
0.466667 0.448 0.0199894
0.466667 0.452 0.0253622
0.466667 0.456 0.0141038
0.466667 0.46 0.0163907
0.466667 0.464 0.0324559
0.466667 0.468 0.0252985
0.466667 0.472 0.0218183
0.466667 0.476 0.0179461
0.466667 0.48 0.0222382
0.466667 0.484 0.019482
0.466667 0.488 0.0161081
0.466667 0.492 0.0104869
0.466667 0.496 0.0223353
0.466667 0.5 0.0114838
0.466667 0.504 0.00712001
0.466667 0.508 0.0183542
0.466667 0.512 0.0206248
0.466667 0.516 0.0121836
0.466667 0.52 0.00832616
0.466667 0.524 0.00966715
0.466667 0.528 0.0169856
0.466667 0.532 0.00939566
0.466667 0.536 0.0131283
0.466667 0.54 0.0132561
0.466667 0.544 0.0211839
0.466667 0.548 0.0116268
0.466667 0.552 0.0162961
0.466667 0.556 0.0168463
0.466667 0.56 0.0239065
0.466667 0.564 0.0324097
0.466667 0.568 0.0222805
0.466667 0.572 0.0293593
0.466667 0.576 0.0261714
0.466667 0.58 0.0128915
0.466667 0.584 0.0109402
0.466667 0.588 0.00817129
0.466667 0.592 0.0287276
0.466667 0.596 0.0119256
0.466667 0.6 0.0223222
0.466667 0.604 0.0249133
0.466667 0.608 0.00698736
0.466667 0.612 0.0341039
0.466667 0.616 0.0185486
0.466667 0.62 0.0162657
0.466667 0.624 0.00574181
0.466667 0.628 0.0100412
0.466667 0.632 0.00936913
0.466667 0.636 0.00819511
0.466667 0.64 0.0293019
0.466667 0.644 0.0156989
0.466667 0.648 0.0167861
0.466667 0.652 0.0262557
0.466667 0.656 0.0129486
0.466667 0.66 0.0273481
0.466667 0.664 0.0129655
0.466667 0.668 0.0144792
0.466667 0.672 0.0165104
0.466667 0.676 0.0153761
0.466667 0.68 0.00970646
0.466667 0.684 0.00782243
0.466667 0.688 0.0114888
0.466667 0.692 0.0144721
0.466667 0.696 0.0218213
0.466667 0.7 0.00800959
0.466667 0.704 0.0159696
0.466667 0.708 0.0163919
0.466667 0.712 0.0172823
0.466667 0.716 0.013561
0.466667 0.72 0.00906497
0.466667 0.724 0.0103391
0.466667 0.728 0.0202993
0.466667 0.732 0.0142497
0.466667 0.736 0.0109097
0.466667 0.74 0.00305029
0.466667 0.744 0.0172385
0.466667 0.748 0.00734203
0.466667 0.752 0.0256462
0.466667 0.756 0.0187983
0.466667 0.76 0.0173243
0.466667 0.764 0.0223583
0.466667 0.768 0.0164734
0.466667 0.772 0.0207784
0.466667 0.776 0.00910773
0.466667 0.78 0.0207784
0.466667 0.784 0.0193211
0.466667 0.788 0.0261216
0.466667 0.792 0.0279964
0.466667 0.796 0.0160348
0.466667 0.8 0.0174184
0.483333 0 0.0098368
0.483333 0.004 0.010264
0.483333 0.008 0.010712
0.483333 0.012 0.0111377
0.483333 0.016 0.0114813
0.483333 0.02 0.01169
0.483333 0.024 0.0119081
0.483333 0.028 0.0121233
0.483333 0.032 0.0122826
0.483333 0.036 0.0127778
0.483333 0.04 0.0138211
0.483333 0.044 0.015928
0.483333 0.048 0.0190973
0.483333 0.052 0.0224898
0.483333 0.056 0.0250733
0.483333 0.06 0.0260278
0.483333 0.064 0.0249068
0.483333 0.068 0.0239275
0.483333 0.072 0.0225445
0.483333 0.076 0.0195929
0.483333 0.08 0.0153842
0.483333 0.084 0.0226812
0.483333 0.088 0.0337165
0.483333 0.092 0.0431917
0.483333 0.096 0.0518283
0.483333 0.1 0.0559528
0.483333 0.104 0.0567841
0.483333 0.108 0.0605341
0.483333 0.112 0.0722347
0.483333 0.116 0.0785813
0.483333 0.12 0.0851877
0.483333 0.124 0.0938831
0.483333 0.128 0.0943694
0.483333 0.132 0.0879715
0.483333 0.136 0.0817043
0.483333 0.14 0.083906
0.483333 0.144 0.100536
0.483333 0.148 0.122548
0.483333 0.152 0.123182
0.483333 0.156 0.145402
0.483333 0.16 0.134467
0.483333 0.164 0.15656
0.483333 0.168 0.176374
0.483333 0.172 0.190446
0.483333 0.176 0.211957
0.483333 0.18 0.217626
0.483333 0.184 0.215335
0.483333 0.188 0.217803
0.483333 0.192 0.226653
0.483333 0.196 0.209264
0.483333 0.2 0.192086
0.483333 0.204 0.173443
0.483333 0.208 0.180944
0.483333 0.212 0.156319
0.483333 0.216 0.145046
0.483333 0.22 0.123188
0.483333 0.224 0.11543
0.483333 0.228 0.0912924
0.483333 0.232 0.0913458
0.483333 0.236 0.0877947
0.483333 0.24 0.0809549
0.483333 0.244 0.0662708
0.483333 0.248 0.0715045
0.483333 0.252 0.0582645
0.483333 0.256 0.0810757
0.483333 0.26 0.065901
0.483333 0.264 0.0861987
0.483333 0.268 0.0695889
0.483333 0.272 0.0741801
0.483333 0.276 0.0714359
0.483333 0.28 0.0523213
0.483333 0.284 0.0707428
0.483333 0.288 0.0486217
0.483333 0.292 0.0603739
0.483333 0.296 0.0584401
0.483333 0.3 0.0501707
0.483333 0.304 0.0654361
0.483333 0.308 0.04578
0.483333 0.312 0.0505473
0.483333 0.316 0.0339585
0.483333 0.32 0.0422031
0.483333 0.324 0.0418033
0.483333 0.328 0.0470593
0.483333 0.332 0.0336399
0.483333 0.336 0.039817
0.483333 0.34 0.0320244
0.483333 0.344 0.0350124
0.483333 0.348 0.0419664
0.483333 0.352 0.035412
0.483333 0.356 0.0444664
0.483333 0.36 0.0386329
0.483333 0.364 0.0531674
0.483333 0.368 0.0397697
0.483333 0.372 0.0467981
0.483333 0.376 0.0370805
0.483333 0.38 0.0366374
0.483333 0.384 0.0379597
0.483333 0.388 0.0228777
0.483333 0.392 0.0407216
0.483333 0.396 0.0297809
0.483333 0.4 0.0243695
0.483333 0.404 0.00986255
0.483333 0.408 0.0211525
0.483333 0.412 0.0176572
0.483333 0.416 0.0264201
0.483333 0.42 0.0163169
0.483333 0.424 0.0167537
0.483333 0.428 0.0366819
0.483333 0.432 0.0193693
0.483333 0.436 0.0286411
0.483333 0.44 0.020497
0.483333 0.444 0.0174309
0.483333 0.448 0.0309293
0.483333 0.452 0.0249099
0.483333 0.456 0.0243845
0.483333 0.46 0.022013
0.483333 0.464 0.0359179
0.483333 0.468 0.028801
0.483333 0.472 0.0259561
0.483333 0.476 0.0374195
0.483333 0.48 0.0284038
0.483333 0.484 0.0254164
0.483333 0.488 0.0163952
0.483333 0.492 0.0148624
0.483333 0.496 0.0231835
0.483333 0.5 0.0220202
0.483333 0.504 0.0161672
0.483333 0.508 0.0184133
0.483333 0.512 0.0188682
0.483333 0.516 0.0164609
0.483333 0.52 0.00618891
0.483333 0.524 0.0132648
0.483333 0.528 0.0067034
0.483333 0.532 0.0100182
0.483333 0.536 0.0143515
0.483333 0.54 0.00406576
0.483333 0.544 0.0183342
0.483333 0.548 0.015174
0.483333 0.552 0.0203078
0.483333 0.556 0.0158222
0.483333 0.56 0.0184549
0.483333 0.564 0.0326242
0.483333 0.568 0.0294452
0.483333 0.572 0.0269398
0.483333 0.576 0.0257275
0.483333 0.58 0.0205599
0.483333 0.584 0.014102
0.483333 0.588 0.00763154
0.483333 0.592 0.0186018
0.483333 0.596 0.0147199
0.483333 0.6 0.019041
0.483333 0.604 0.0187877
0.483333 0.608 0.00857488
0.483333 0.612 0.0237389
0.483333 0.616 0.0207777
0.483333 0.62 0.0147975
0.483333 0.624 0.0109921
0.483333 0.628 0.0141534
0.483333 0.632 0.00957897
0.483333 0.636 0.00848343
0.483333 0.64 0.0208621
0.483333 0.644 0.0113653
0.483333 0.648 0.019316
0.483333 0.652 0.0231966
0.483333 0.656 0.01418
0.483333 0.66 0.0303223
0.483333 0.664 0.0124194
0.483333 0.668 0.0154113
0.483333 0.672 0.0245759
0.483333 0.676 0.0166738
0.483333 0.68 0.00866137
0.483333 0.684 0.00514984
0.483333 0.688 0.0124668
0.483333 0.692 0.0200978
0.483333 0.696 0.0209026
0.483333 0.7 0.00995622
0.483333 0.704 0.0158004
0.483333 0.708 0.0183316
0.483333 0.712 0.0144222
0.483333 0.716 0.0134886
0.483333 0.72 0.00698095
0.483333 0.724 0.0129968
0.483333 0.728 0.0121996
0.483333 0.732 0.0136864
0.483333 0.736 0.0142341
0.483333 0.74 0.00877096
0.483333 0.744 0.0192312
0.483333 0.748 0.0176466
0.483333 0.752 0.0321449
0.483333 0.756 0.0244952
0.483333 0.76 0.0252498
0.483333 0.764 0.0251566
0.483333 0.768 0.0158264
0.483333 0.772 0.0194771
0.483333 0.776 0.015764
0.483333 0.78 0.0194771
0.483333 0.784 0.021976
0.483333 0.788 0.024033
0.483333 0.792 0.0262006
0.483333 0.796 0.0145028
0.483333 0.8 0.0262777
0.5 0 0.00864665
0.5 0.004 0.00905016
0.5 0.008 0.00946468
0.5 0.012 0.00985516
0.5 0.016 0.0101622
0.5 0.02 0.0103325
0.5 0.024 0.0104885
0.5 0.028 0.0106583
0.5 0.032 0.0108132
0.5 0.036 0.0111092
0.5 0.04 0.0117412
0.5 0.044 0.0133382
0.5 0.048 0.0161631
0.5 0.052 0.0195847
0.5 0.056 0.0224124
0.5 0.06 0.0237133
0.5 0.064 0.0231787
0.5 0.068 0.0217078
0.5 0.072 0.0205204
0.5 0.076 0.0192463
0.5 0.08 0.0147948
0.5 0.084 0.0194647
0.5 0.088 0.0271408
0.5 0.092 0.0349987
0.5 0.096 0.0424879
0.5 0.1 0.0468666
0.5 0.104 0.0490326
0.5 0.108 0.0521305
0.5 0.112 0.0594471
0.5 0.116 0.0643781
0.5 0.12 0.0718269
0.5 0.124 0.0756364
0.5 0.128 0.073289
0.5 0.132 0.062029
0.5 0.136 0.0532161
0.5 0.14 0.0542476
0.5 0.144 0.062255
0.5 0.148 0.0857429
0.5 0.152 0.0878803
0.5 0.156 0.110551
0.5 0.16 0.106521
0.5 0.164 0.13352
0.5 0.168 0.154472
0.5 0.172 0.169451
0.5 0.176 0.192471
0.5 0.18 0.19519
0.5 0.184 0.207639
0.5 0.188 0.203875
0.5 0.192 0.217051
0.5 0.196 0.202721
0.5 0.2 0.198531
0.5 0.204 0.172213
0.5 0.208 0.178405
0.5 0.212 0.160459
0.5 0.216 0.152056
0.5 0.22 0.139707
0.5 0.224 0.120287
0.5 0.228 0.096973
0.5 0.232 0.106311
0.5 0.236 0.0980331
0.5 0.24 0.0848731
0.5 0.244 0.0844055
0.5 0.248 0.0726571
0.5 0.252 0.0768079
0.5 0.256 0.0971601
0.5 0.26 0.0695054
0.5 0.264 0.0821021
0.5 0.268 0.0777337
0.5 0.272 0.079166
0.5 0.276 0.0746908
0.5 0.28 0.0648837
0.5 0.284 0.0708788
0.5 0.288 0.0570076
0.5 0.292 0.0672188
0.5 0.296 0.057519
0.5 0.3 0.0524525
0.5 0.304 0.0637418
0.5 0.308 0.0502747
0.5 0.312 0.0496901
0.5 0.316 0.0416696
0.5 0.32 0.0440679
0.5 0.324 0.0404713
0.5 0.328 0.0408798
0.5 0.332 0.0355665
0.5 0.336 0.0345252
0.5 0.34 0.0395481
0.5 0.344 0.0398782
0.5 0.348 0.0523764
0.5 0.352 0.0390132
0.5 0.356 0.0515022
0.5 0.36 0.0442274
0.5 0.364 0.058167
0.5 0.368 0.0462917
0.5 0.372 0.0531141
0.5 0.376 0.0348175
0.5 0.38 0.0466981
0.5 0.384 0.0382576
0.5 0.388 0.0256788
0.5 0.392 0.0462749
0.5 0.396 0.0314152
0.5 0.4 0.0340323
0.5 0.404 0.0149226
0.5 0.408 0.0224593
0.5 0.412 0.0206025
0.5 0.416 0.0197993
0.5 0.42 0.0154188
0.5 0.424 0.0219165
0.5 0.428 0.020458
0.5 0.432 0.0259952
0.5 0.436 0.031875
0.5 0.44 0.0206863
0.5 0.444 0.0202418
0.5 0.448 0.0359725
0.5 0.452 0.0250526
0.5 0.456 0.0310327
0.5 0.46 0.0252662
0.5 0.464 0.0273519
0.5 0.468 0.0256483
0.5 0.472 0.0276313
0.5 0.476 0.0317023
0.5 0.48 0.0338752
0.5 0.484 0.0281955
0.5 0.488 0.0160108
0.5 0.492 0.0185365
0.5 0.496 0.0230585
0.5 0.5 0.0234428
0.5 0.504 0.0218084
0.5 0.508 0.0146065
0.5 0.512 0.019207
0.5 0.516 0.021347
0.5 0.52 0.0110676
0.5 0.524 0.0171732
0.5 0.528 0.0054532
0.5 0.532 0.0178271
0.5 0.536 0.0173421
0.5 0.54 0.0062919
0.5 0.544 0.014053
0.5 0.548 0.0300727
0.5 0.552 0.0242476
0.5 0.556 0.0169466
0.5 0.56 0.027602
0.5 0.564 0.0283607
0.5 0.568 0.0325429
0.5 0.572 0.0275079
0.5 0.576 0.0242298
0.5 0.58 0.0282413
0.5 0.584 0.0316776
0.5 0.588 0.0170917
0.5 0.592 0.0216206
0.5 0.596 0.0139887
0.5 0.6 0.0182734
0.5 0.604 0.0181763
0.5 0.608 0.0142309
0.5 0.612 0.0129817
0.5 0.616 0.0152206
0.5 0.62 0.0224534
0.5 0.624 0.0212283
0.5 0.628 0.0190653
0.5 0.632 0.0149341
0.5 0.636 0.0162149
0.5 0.64 0.0174015
0.5 0.644 0.0166092
0.5 0.648 0.0142913
0.5 0.652 0.0186603
0.5 0.656 0.020669
0.5 0.66 0.0282659
0.5 0.664 0.0179943
0.5 0.668 0.0178274
0.5 0.672 0.0278082
0.5 0.676 0.0151514
0.5 0.68 0.0118213
0.5 0.684 0.00768227
0.5 0.688 0.0148188
0.5 0.692 0.0224358
0.5 0.696 0.0150159
0.5 0.7 0.0176289
0.5 0.704 0.0133052
0.5 0.708 0.0185706
0.5 0.712 0.0223028
0.5 0.716 0.00796143
0.5 0.72 0.00991932
0.5 0.724 0.0117461
0.5 0.728 0.00489212
0.5 0.732 0.0136379
0.5 0.736 0.0105944
0.5 0.74 0.0138697
0.5 0.744 0.0194345
0.5 0.748 0.023307
0.5 0.752 0.0285385
0.5 0.756 0.0260062
0.5 0.76 0.024392
0.5 0.764 0.0242984
0.5 0.768 0.0187492
0.5 0.772 0.0193409
0.5 0.776 0.0238156
0.5 0.78 0.0193409
0.5 0.784 0.01976
0.5 0.788 0.0265192
0.5 0.792 0.0231439
0.5 0.796 0.0141105
0.5 0.8 0.0271949
0.516667 0 0.00827455
0.516667 0.004 0.00865029
0.516667 0.008 0.0090256
0.516667 0.012 0.00937269
0.516667 0.016 0.00963186
0.516667 0.02 0.00978661
0.516667 0.024 0.00991192
0.516667 0.028 0.0100538
0.516667 0.032 0.0101585
0.516667 0.036 0.0101915
0.516667 0.04 0.0103462
0.516667 0.044 0.0113977
0.516667 0.048 0.0137501
0.516667 0.052 0.0170127
0.516667 0.056 0.0198397
0.516667 0.06 0.0212918
0.516667 0.064 0.0210468
0.516667 0.068 0.0199364
0.516667 0.072 0.0189139
0.516667 0.076 0.0187368
0.516667 0.08 0.0142882
0.516667 0.084 0.0166033
0.516667 0.088 0.0220758
0.516667 0.092 0.0304781
0.516667 0.096 0.0366567
0.516667 0.1 0.039746
0.516667 0.104 0.0439278
0.516667 0.108 0.0461661
0.516667 0.112 0.0483184
0.516667 0.116 0.053111
0.516667 0.12 0.0602592
0.516667 0.124 0.0603337
0.516667 0.128 0.057201
0.516667 0.132 0.0417948
0.516667 0.136 0.0368251
0.516667 0.14 0.0387501
0.516667 0.144 0.0399914
0.516667 0.148 0.0613714
0.516667 0.152 0.0612969
0.516667 0.156 0.0831175
0.516667 0.16 0.0922982
0.516667 0.164 0.109096
0.516667 0.168 0.135535
0.516667 0.172 0.146275
0.516667 0.176 0.1665
0.516667 0.18 0.169995
0.516667 0.184 0.189477
0.516667 0.188 0.185252
0.516667 0.192 0.196311
0.516667 0.196 0.186124
0.516667 0.2 0.192689
0.516667 0.204 0.164888
0.516667 0.208 0.16345
0.516667 0.212 0.155632
0.516667 0.216 0.147305
0.516667 0.22 0.141738
0.516667 0.224 0.120116
0.516667 0.228 0.117321
0.516667 0.232 0.114129
0.516667 0.236 0.102468
0.516667 0.24 0.0947981
0.516667 0.244 0.093896
0.516667 0.248 0.0885043
0.516667 0.252 0.0954204
0.516667 0.256 0.0904261
0.516667 0.26 0.0775381
0.516667 0.264 0.0700719
0.516667 0.268 0.0891195
0.516667 0.272 0.0844981
0.516667 0.276 0.079299
0.516667 0.28 0.0790833
0.516667 0.284 0.072584
0.516667 0.288 0.0747397
0.516667 0.292 0.0673137
0.516667 0.296 0.05824
0.516667 0.3 0.0544046
0.516667 0.304 0.0597455
0.516667 0.308 0.0630194
0.516667 0.312 0.047785
0.516667 0.316 0.0549616
0.516667 0.32 0.0471554
0.516667 0.324 0.0441996
0.516667 0.328 0.0405148
0.516667 0.332 0.0406969
0.516667 0.336 0.0332968
0.516667 0.34 0.0451696
0.516667 0.344 0.0456145
0.516667 0.348 0.0605353
0.516667 0.352 0.0455214
0.516667 0.356 0.0608787
0.516667 0.36 0.0530143
0.516667 0.364 0.0581534
0.516667 0.368 0.0548202
0.516667 0.372 0.0584789
0.516667 0.376 0.0408786
0.516667 0.38 0.0468978
0.516667 0.384 0.0423229
0.516667 0.388 0.0354203
0.516667 0.392 0.0456466
0.516667 0.396 0.0296677
0.516667 0.4 0.0388444
0.516667 0.404 0.0215661
0.516667 0.408 0.0261739
0.516667 0.412 0.0235525
0.516667 0.416 0.0145589
0.516667 0.42 0.0169273
0.516667 0.424 0.0260452
0.516667 0.428 0.0132598
0.516667 0.432 0.0275894
0.516667 0.436 0.0228781
0.516667 0.44 0.0251178
0.516667 0.444 0.0264093
0.516667 0.448 0.0343189
0.516667 0.452 0.0286454
0.516667 0.456 0.0307091
0.516667 0.46 0.031932
0.516667 0.464 0.0189438
0.516667 0.468 0.0274904
0.516667 0.472 0.0276048
0.516667 0.476 0.0173547
0.516667 0.48 0.0358694
0.516667 0.484 0.0261487
0.516667 0.488 0.0175114
0.516667 0.492 0.0242552
0.516667 0.496 0.023587
0.516667 0.5 0.0132398
0.516667 0.504 0.0189788
0.516667 0.508 0.0178462
0.516667 0.512 0.0204266
0.516667 0.516 0.0230575
0.516667 0.52 0.0186192
0.516667 0.524 0.0157102
0.516667 0.528 0.0131426
0.516667 0.532 0.0233578
0.516667 0.536 0.0174536
0.516667 0.54 0.0157724
0.516667 0.544 0.0204658
0.516667 0.548 0.0357535
0.516667 0.552 0.0207108
0.516667 0.556 0.0184366
0.516667 0.56 0.0425579
0.516667 0.564 0.0295294
0.516667 0.568 0.0341108
0.516667 0.572 0.0320447
0.516667 0.576 0.0243198
0.516667 0.58 0.0277948
0.516667 0.584 0.0414099
0.516667 0.588 0.0265573
0.516667 0.592 0.0311372
0.516667 0.596 0.0119227
0.516667 0.6 0.0197142
0.516667 0.604 0.0248414
0.516667 0.608 0.0215027
0.516667 0.612 0.0208315
0.516667 0.616 0.0105618
0.516667 0.62 0.0293671
0.516667 0.624 0.0248656
0.516667 0.628 0.0211961
0.516667 0.632 0.0248087
0.516667 0.636 0.0258778
0.516667 0.64 0.0215092
0.516667 0.644 0.0278375
0.516667 0.648 0.0103511
0.516667 0.652 0.0214459
0.516667 0.656 0.0271385
0.516667 0.66 0.0233787
0.516667 0.664 0.0220956
0.516667 0.668 0.0196833
0.516667 0.672 0.0267991
0.516667 0.676 0.0138999
0.516667 0.68 0.0154727
0.516667 0.684 0.0125552
0.516667 0.688 0.0182443
0.516667 0.692 0.0202376
0.516667 0.696 0.010763
0.516667 0.7 0.0210426
0.516667 0.704 0.0109779
0.516667 0.708 0.0178673
0.516667 0.712 0.0331417
0.516667 0.716 0.00344553
0.516667 0.72 0.0144009
0.516667 0.724 0.0105311
0.516667 0.728 0.00693162
0.516667 0.732 0.01245
0.516667 0.736 0.00585348
0.516667 0.74 0.0149016
0.516667 0.744 0.0171875
0.516667 0.748 0.0257145
0.516667 0.752 0.0191443
0.516667 0.756 0.0247712
0.516667 0.76 0.0183975
0.516667 0.764 0.0228923
0.516667 0.768 0.0223825
0.516667 0.772 0.0206682
0.516667 0.776 0.0234567
0.516667 0.78 0.0206682
0.516667 0.784 0.0181936
0.516667 0.788 0.0287641
0.516667 0.792 0.0217026
0.516667 0.796 0.0178355
0.516667 0.8 0.0191219
0.533333 0 0.00784037
0.533333 0.004 0.00819042
0.533333 0.008 0.00853618
0.533333 0.012 0.00884939
0.533333 0.016 0.0090769
0.533333 0.02 0.00923476
0.533333 0.024 0.00934613
0.533333 0.028 0.00948753
0.533333 0.032 0.00954466
0.533333 0.036 0.00936543
0.533333 0.04 0.00915675
0.533333 0.044 0.00979004
0.533333 0.048 0.0117431
0.533333 0.052 0.0147928
0.533333 0.056 0.0176019
0.533333 0.06 0.0192664
0.533333 0.064 0.0194054
0.533333 0.068 0.0188348
0.533333 0.072 0.0181572
0.533333 0.076 0.0191672
0.533333 0.08 0.0151607
0.533333 0.084 0.0152267
0.533333 0.088 0.0182103
0.533333 0.092 0.0263876
0.533333 0.096 0.0312122
0.533333 0.1 0.0336998
0.533333 0.104 0.0384389
0.533333 0.108 0.0412841
0.533333 0.112 0.039112
0.533333 0.116 0.0447898
0.533333 0.12 0.0508706
0.533333 0.124 0.048224
0.533333 0.128 0.0456432
0.533333 0.132 0.0287688
0.533333 0.136 0.0282259
0.533333 0.14 0.0293219
0.533333 0.144 0.031738
0.533333 0.148 0.0475922
0.533333 0.152 0.0454433
0.533333 0.156 0.0655256
0.533333 0.16 0.0837422
0.533333 0.164 0.0890915
0.533333 0.168 0.117361
0.533333 0.172 0.125611
0.533333 0.176 0.141942
0.533333 0.18 0.146107
0.533333 0.184 0.162601
0.533333 0.188 0.166355
0.533333 0.192 0.169864
0.533333 0.196 0.164744
0.533333 0.2 0.173312
0.533333 0.204 0.152291
0.533333 0.208 0.144851
0.533333 0.212 0.145389
0.533333 0.216 0.134004
0.533333 0.22 0.129661
0.533333 0.224 0.120781
0.533333 0.228 0.13698
0.533333 0.232 0.115316
0.533333 0.236 0.104455
0.533333 0.24 0.111228
0.533333 0.244 0.0984809
0.533333 0.248 0.107022
0.533333 0.252 0.104385
0.533333 0.256 0.0785255
0.533333 0.26 0.0901726
0.533333 0.264 0.0694445
0.533333 0.268 0.0906391
0.533333 0.272 0.089852
0.533333 0.276 0.07993
0.533333 0.28 0.0813801
0.533333 0.284 0.0815335
0.533333 0.288 0.0853606
0.533333 0.292 0.0663841
0.533333 0.296 0.0682731
0.533333 0.3 0.0582245
0.533333 0.304 0.0606588
0.533333 0.308 0.0697343
0.533333 0.312 0.0519007
0.533333 0.316 0.0618256
0.533333 0.32 0.0536221
0.533333 0.324 0.0513129
0.533333 0.328 0.0491062
0.533333 0.332 0.0451595
0.533333 0.336 0.0435645
0.533333 0.34 0.0465357
0.533333 0.344 0.0499939
0.533333 0.348 0.0602593
0.533333 0.352 0.0510968
0.533333 0.356 0.062416
0.533333 0.36 0.0601288
0.533333 0.364 0.0545343
0.533333 0.368 0.0597341
0.533333 0.372 0.0585232
0.533333 0.376 0.0549122
0.533333 0.38 0.0423453
0.533333 0.384 0.046377
0.533333 0.388 0.0518719
0.533333 0.392 0.0410249
0.533333 0.396 0.0290593
0.533333 0.4 0.0382957
0.533333 0.404 0.0241833
0.533333 0.408 0.0354436
0.533333 0.412 0.0295761
0.533333 0.416 0.0222316
0.533333 0.42 0.0230356
0.533333 0.424 0.030043
0.533333 0.428 0.0329276
0.533333 0.432 0.0294267
0.533333 0.436 0.0228593
0.533333 0.44 0.0321959
0.533333 0.444 0.0385009
0.533333 0.448 0.0321688
0.533333 0.452 0.0329833
0.533333 0.456 0.0322722
0.533333 0.46 0.041788
0.533333 0.464 0.0233034
0.533333 0.468 0.0386628
0.533333 0.472 0.0307437
0.533333 0.476 0.0280253
0.533333 0.48 0.0379697
0.533333 0.484 0.024724
0.533333 0.488 0.0227376
0.533333 0.492 0.0293953
0.533333 0.496 0.0236025
0.533333 0.5 0.00780597
0.533333 0.504 0.0148674
0.533333 0.508 0.0277949
0.533333 0.512 0.0183522
0.533333 0.516 0.0220091
0.533333 0.52 0.0248331
0.533333 0.524 0.0130017
0.533333 0.528 0.0212556
0.533333 0.532 0.0193925
0.533333 0.536 0.0162937
0.533333 0.54 0.0192676
0.533333 0.544 0.0332335
0.533333 0.548 0.0271642
0.533333 0.552 0.0152705
0.533333 0.556 0.0180703
0.533333 0.56 0.0461198
0.533333 0.564 0.0339939
0.533333 0.568 0.0368539
0.533333 0.572 0.0372567
0.533333 0.576 0.0285172
0.533333 0.58 0.0261432
0.533333 0.584 0.0290489
0.533333 0.588 0.0277896
0.533333 0.592 0.0316412
0.533333 0.596 0.0130897
0.533333 0.6 0.0205469
0.533333 0.604 0.0311427
0.533333 0.608 0.0245046
0.533333 0.612 0.0321015
0.533333 0.616 0.011096
0.533333 0.62 0.0240194
0.533333 0.624 0.0196119
0.533333 0.628 0.0204789
0.533333 0.632 0.0255352
0.533333 0.636 0.0294344
0.533333 0.64 0.0262273
0.533333 0.644 0.0307497
0.533333 0.648 0.0155094
0.533333 0.652 0.0269615
0.533333 0.656 0.0273237
0.533333 0.66 0.0191291
0.533333 0.664 0.0210355
0.533333 0.668 0.0215174
0.533333 0.672 0.0262846
0.533333 0.676 0.0175641
0.533333 0.68 0.0144662
0.533333 0.684 0.0154163
0.533333 0.688 0.020222
0.533333 0.692 0.0183171
0.533333 0.696 0.0135665
0.533333 0.7 0.0184464
0.533333 0.704 0.014444
0.533333 0.708 0.0184073
0.533333 0.712 0.0379391
0.533333 0.716 0.00740881
0.533333 0.72 0.0154969
0.533333 0.724 0.0097134
0.533333 0.728 0.0155257
0.533333 0.732 0.0107284
0.533333 0.736 0.00779533
0.533333 0.74 0.0150132
0.533333 0.744 0.0148558
0.533333 0.748 0.026486
0.533333 0.752 0.0147746
0.533333 0.756 0.0219964
0.533333 0.76 0.0170632
0.533333 0.764 0.022402
0.533333 0.768 0.0222476
0.533333 0.772 0.0211805
0.533333 0.776 0.0180662
0.533333 0.78 0.0211805
0.533333 0.784 0.022257
0.533333 0.788 0.0255745
0.533333 0.792 0.023953
0.533333 0.796 0.0227082
0.533333 0.8 0.0147319
0.55 0 0.00679887
0.55 0.004 0.00713775
0.55 0.008 0.00747662
0.55 0.012 0.00778048
0.55 0.016 0.00801248
0.55 0.02 0.00818052
0.55 0.024 0.00828659
0.55 0.028 0.00845262
0.55 0.032 0.00851653
0.55 0.036 0.00828157
0.55 0.04 0.00797723
0.55 0.044 0.00840871
0.55 0.048 0.0101108
0.55 0.052 0.0128592
0.55 0.056 0.0156652
0.55 0.06 0.0175593
0.55 0.064 0.0182967
0.55 0.068 0.0179267
0.55 0.072 0.0176178
0.55 0.076 0.0197254
0.55 0.08 0.0172399
0.55 0.084 0.0152243
0.55 0.088 0.0148903
0.55 0.092 0.0212162
0.55 0.096 0.0243089
0.55 0.1 0.0282086
0.55 0.104 0.032269
0.55 0.108 0.0367148
0.55 0.112 0.0319615
0.55 0.116 0.0386341
0.55 0.12 0.0431128
0.55 0.124 0.0391792
0.55 0.128 0.0375462
0.55 0.132 0.0232298
0.55 0.136 0.023562
0.55 0.14 0.0218347
0.55 0.144 0.0294338
0.55 0.148 0.0358468
0.55 0.152 0.0357552
0.55 0.156 0.0539065
0.55 0.16 0.0719558
0.55 0.164 0.0786393
0.55 0.168 0.0986497
0.55 0.172 0.10977
0.55 0.176 0.120128
0.55 0.18 0.124474
0.55 0.184 0.134347
0.55 0.188 0.146495
0.55 0.192 0.141569
0.55 0.196 0.140593
0.55 0.2 0.145838
0.55 0.204 0.133977
0.55 0.208 0.126664
0.55 0.212 0.129917
0.55 0.216 0.117277
0.55 0.22 0.116097
0.55 0.224 0.117241
0.55 0.228 0.130328
0.55 0.232 0.111575
0.55 0.236 0.106197
0.55 0.24 0.118527
0.55 0.244 0.10489
0.55 0.248 0.109886
0.55 0.252 0.104014
0.55 0.256 0.0854975
0.55 0.26 0.106016
0.55 0.264 0.0877204
0.55 0.268 0.0855138
0.55 0.272 0.0942119
0.55 0.276 0.080222
0.55 0.28 0.0767784
0.55 0.284 0.0899431
0.55 0.288 0.0818101
0.55 0.292 0.0700772
0.55 0.296 0.0780446
0.55 0.3 0.0654139
0.55 0.304 0.0649924
0.55 0.308 0.0645285
0.55 0.312 0.0584828
0.55 0.316 0.0585714
0.55 0.32 0.0604569
0.55 0.324 0.0552072
0.55 0.328 0.0598215
0.55 0.332 0.0503036
0.55 0.336 0.0608792
0.55 0.34 0.0483372
0.55 0.344 0.0557518
0.55 0.348 0.0537863
0.55 0.352 0.0547087
0.55 0.356 0.0561789
0.55 0.36 0.0641369
0.55 0.364 0.0538686
0.55 0.368 0.060267
0.55 0.372 0.0546967
0.55 0.376 0.0649428
0.55 0.38 0.0442675
0.55 0.384 0.04803
0.55 0.388 0.0586649
0.55 0.392 0.0390889
0.55 0.396 0.0304633
0.55 0.4 0.0388179
0.55 0.404 0.0270273
0.55 0.408 0.0437363
0.55 0.412 0.0364174
0.55 0.416 0.0357169
0.55 0.42 0.0306269
0.55 0.424 0.0334151
0.55 0.428 0.0517295
0.55 0.432 0.0356471
0.55 0.436 0.0376178
0.55 0.44 0.0368857
0.55 0.444 0.0497262
0.55 0.448 0.0340615
0.55 0.452 0.0356213
0.55 0.456 0.0423916
0.55 0.46 0.0482913
0.55 0.464 0.0390255
0.55 0.468 0.048371
0.55 0.472 0.0404683
0.55 0.476 0.0552428
0.55 0.48 0.0442041
0.55 0.484 0.029432
0.55 0.488 0.0304489
0.55 0.492 0.0278147
0.55 0.496 0.0220943
0.55 0.5 0.0178063
0.55 0.504 0.0169198
0.55 0.508 0.0318519
0.55 0.512 0.0160506
0.55 0.516 0.0214303
0.55 0.52 0.0293846
0.55 0.524 0.0173815
0.55 0.528 0.0237354
0.55 0.532 0.0148095
0.55 0.536 0.019459
0.55 0.54 0.0162863
0.55 0.544 0.0371151
0.55 0.548 0.0190037
0.55 0.552 0.0189066
0.55 0.556 0.0173522
0.55 0.56 0.0379025
0.55 0.564 0.0328012
0.55 0.568 0.0387855
0.55 0.572 0.0398895
0.55 0.576 0.0335758
0.55 0.58 0.0321364
0.55 0.584 0.0131549
0.55 0.588 0.0249892
0.55 0.592 0.0256528
0.55 0.596 0.0186206
0.55 0.6 0.0200556
0.55 0.604 0.0296039
0.55 0.608 0.0213643
0.55 0.612 0.0267357
0.55 0.616 0.0139035
0.55 0.62 0.0139049
0.55 0.624 0.0164367
0.55 0.628 0.020419
0.55 0.632 0.0139757
0.55 0.636 0.0233854
0.55 0.64 0.0255059
0.55 0.644 0.0237715
0.55 0.648 0.0254318
0.55 0.652 0.0270005
0.55 0.656 0.0214566
0.55 0.66 0.0194372
0.55 0.664 0.0214245
0.55 0.668 0.0256169
0.55 0.672 0.0290504
0.55 0.676 0.0253881
0.55 0.68 0.0112551
0.55 0.684 0.0177093
0.55 0.688 0.0197338
0.55 0.692 0.0207236
0.55 0.696 0.0219031
0.55 0.7 0.0172357
0.55 0.704 0.0243872
0.55 0.708 0.0214283
0.55 0.712 0.035986
0.55 0.716 0.0154244
0.55 0.72 0.0134813
0.55 0.724 0.00911938
0.55 0.728 0.0219566
0.55 0.732 0.0112819
0.55 0.736 0.013626
0.55 0.74 0.0164787
0.55 0.744 0.0153833
0.55 0.748 0.0251011
0.55 0.752 0.0172271
0.55 0.756 0.0193225
0.55 0.76 0.0201297
0.55 0.764 0.0226759
0.55 0.768 0.0182619
0.55 0.772 0.0206228
0.55 0.776 0.0185908
0.55 0.78 0.0206228
0.55 0.784 0.0284459
0.55 0.788 0.0217867
0.55 0.792 0.0274242
0.55 0.796 0.0230437
0.55 0.8 0.018481
0.566667 0 0.00588579
0.566667 0.004 0.0062121
0.566667 0.008 0.00653981
0.566667 0.012 0.00683265
0.566667 0.016 0.0070653
0.566667 0.02 0.0072357
0.566667 0.024 0.00734443
0.566667 0.028 0.00752883
0.566667 0.032 0.00760696
0.566667 0.036 0.00739784
0.566667 0.04 0.00714467
0.566667 0.044 0.00748555
0.566667 0.048 0.00895231
0.566667 0.052 0.011208
0.566667 0.056 0.0138629
0.566667 0.06 0.0158018
0.566667 0.064 0.0170405
0.566667 0.068 0.0168037
0.566667 0.072 0.0167226
0.566667 0.076 0.0189642
0.566667 0.08 0.0183925
0.566667 0.084 0.0149344
0.566667 0.088 0.0118727
0.566667 0.092 0.0165162
0.566667 0.096 0.0182013
0.566667 0.1 0.0234967
0.566667 0.104 0.0275417
0.566667 0.108 0.0326683
0.566667 0.112 0.0264775
0.566667 0.116 0.0336368
0.566667 0.12 0.0362415
0.566667 0.124 0.0322839
0.566667 0.128 0.0316839
0.566667 0.132 0.0218492
0.566667 0.136 0.0215508
0.566667 0.14 0.0183899
0.566667 0.144 0.0270913
0.566667 0.148 0.0242024
0.566667 0.152 0.027988
0.566667 0.156 0.0439443
0.566667 0.16 0.0570057
0.566667 0.164 0.0739599
0.566667 0.168 0.0812085
0.566667 0.172 0.0967751
0.566667 0.176 0.0990373
0.566667 0.18 0.107482
0.566667 0.184 0.111286
0.566667 0.188 0.124621
0.566667 0.192 0.11554
0.566667 0.196 0.116154
0.566667 0.2 0.11873
0.566667 0.204 0.111715
0.566667 0.208 0.108001
0.566667 0.212 0.11021
0.566667 0.216 0.100276
0.566667 0.22 0.106723
0.566667 0.224 0.104003
0.566667 0.228 0.101222
0.566667 0.232 0.10331
0.566667 0.236 0.105599
0.566667 0.24 0.109069
0.566667 0.244 0.110012
0.566667 0.248 0.103395
0.566667 0.252 0.102339
0.566667 0.256 0.107108
0.566667 0.26 0.120299
0.566667 0.264 0.112137
0.566667 0.268 0.0868546
0.566667 0.272 0.0972806
0.566667 0.276 0.0875779
0.566667 0.28 0.0802451
0.566667 0.284 0.0894992
0.566667 0.288 0.0752022
0.566667 0.292 0.0765344
0.566667 0.296 0.0753805
0.566667 0.3 0.0741952
0.566667 0.304 0.0657843
0.566667 0.308 0.0610628
0.566667 0.312 0.0606166
0.566667 0.316 0.0543744
0.566667 0.32 0.0628857
0.566667 0.324 0.0550489
0.566667 0.328 0.0636961
0.566667 0.332 0.0572569
0.566667 0.336 0.0728161
0.566667 0.34 0.054095
0.566667 0.344 0.0645939
0.566667 0.348 0.0506285
0.566667 0.352 0.0590337
0.566667 0.356 0.0562623
0.566667 0.36 0.0681393
0.566667 0.364 0.0601395
0.566667 0.368 0.0613822
0.566667 0.372 0.0540608
0.566667 0.376 0.0620121
0.566667 0.38 0.0534773
0.566667 0.384 0.0496811
0.566667 0.388 0.0460629
0.566667 0.392 0.0428966
0.566667 0.396 0.0318499
0.566667 0.4 0.0439217
0.566667 0.404 0.0368545
0.566667 0.408 0.0424445
0.566667 0.412 0.0397873
0.566667 0.416 0.0426197
0.566667 0.42 0.0357885
0.566667 0.424 0.0375504
0.566667 0.428 0.0440894
0.566667 0.432 0.0426619
0.566667 0.436 0.0488683
0.566667 0.44 0.0417602
0.566667 0.444 0.053787
0.566667 0.448 0.0391456
0.566667 0.452 0.0392401
0.566667 0.456 0.0540693
0.566667 0.46 0.0502565
0.566667 0.464 0.0543162
0.566667 0.468 0.0485475
0.566667 0.472 0.0527824
0.566667 0.476 0.0612971
0.566667 0.48 0.0510679
0.566667 0.484 0.0378606
0.566667 0.488 0.0374265
0.566667 0.492 0.0216119
0.566667 0.496 0.0210256
0.566667 0.5 0.0310039
0.566667 0.504 0.0223961
0.566667 0.508 0.0260597
0.566667 0.512 0.0207127
0.566667 0.516 0.0214616
0.566667 0.52 0.0307661
0.566667 0.524 0.028227
0.566667 0.528 0.0220807
0.566667 0.532 0.0225431
0.566667 0.536 0.0274978
0.566667 0.54 0.0173311
0.566667 0.544 0.0317517
0.566667 0.548 0.0219972
0.566667 0.552 0.0304629
0.566667 0.556 0.0196241
0.566667 0.56 0.0328943
0.566667 0.564 0.0283324
0.566667 0.568 0.0385788
0.566667 0.572 0.0397676
0.566667 0.576 0.0341489
0.566667 0.58 0.0404767
0.566667 0.584 0.0176317
0.566667 0.588 0.0257686
0.566667 0.592 0.0266044
0.566667 0.596 0.0250769
0.566667 0.6 0.0181925
0.566667 0.604 0.0232188
0.566667 0.608 0.0181462
0.566667 0.612 0.0149193
0.566667 0.616 0.0166569
0.566667 0.62 0.0145771
0.566667 0.624 0.0227093
0.566667 0.628 0.021191
0.566667 0.632 0.00914779
0.566667 0.636 0.013873
0.566667 0.64 0.0227067
0.566667 0.644 0.0214991
0.566667 0.648 0.0310477
0.566667 0.652 0.0251368
0.566667 0.656 0.0152209
0.566667 0.66 0.0261585
0.566667 0.664 0.0289539
0.566667 0.668 0.0303197
0.566667 0.672 0.0327389
0.566667 0.676 0.0309694
0.566667 0.68 0.0142158
0.566667 0.684 0.0228085
0.566667 0.688 0.0194615
0.566667 0.692 0.0253619
0.566667 0.696 0.0286474
0.566667 0.7 0.0214705
0.566667 0.704 0.0343639
0.566667 0.708 0.0252301
0.566667 0.712 0.0331506
0.566667 0.716 0.0163107
0.566667 0.72 0.0126906
0.566667 0.724 0.0104835
0.566667 0.728 0.0229636
0.566667 0.732 0.0148595
0.566667 0.736 0.0156805
0.566667 0.74 0.0168142
0.566667 0.744 0.0191183
0.566667 0.748 0.0231949
0.566667 0.752 0.0204407
0.566667 0.756 0.019962
0.566667 0.76 0.0204664
0.566667 0.764 0.0235259
0.566667 0.768 0.0151595
0.566667 0.772 0.0223479
0.566667 0.776 0.0254708
0.566667 0.78 0.0223479
0.566667 0.784 0.0305172
0.566667 0.788 0.0244386
0.566667 0.792 0.0277697
0.566667 0.796 0.0193999
0.566667 0.8 0.0221009
0.583333 0 0.00563701
0.583333 0.004 0.00593062
0.583333 0.008 0.00621909
0.583333 0.012 0.00647772
0.583333 0.016 0.00667287
0.583333 0.02 0.00683368
0.583333 0.024 0.00694486
0.583333 0.028 0.00711842
0.583333 0.032 0.00717086
0.583333 0.036 0.00697317
0.583333 0.04 0.0067554
0.583333 0.044 0.00702199
0.583333 0.048 0.00819886
0.583333 0.052 0.00989747
0.583333 0.056 0.0122499
0.583333 0.06 0.0140466
0.583333 0.064 0.0154527
0.583333 0.068 0.0155104
0.583333 0.072 0.0156777
0.583333 0.076 0.0173339
0.583333 0.08 0.0179035
0.583333 0.084 0.0139926
0.583333 0.088 0.00963695
0.583333 0.092 0.0135551
0.583333 0.096 0.0153324
0.583333 0.1 0.0197441
0.583333 0.104 0.0248404
0.583333 0.108 0.0290857
0.583333 0.112 0.022321
0.583333 0.116 0.0291932
0.583333 0.12 0.0303251
0.583333 0.124 0.0268284
0.583333 0.128 0.0276442
0.583333 0.132 0.0210755
0.583333 0.136 0.0216764
0.583333 0.14 0.0210862
0.583333 0.144 0.0245036
0.583333 0.148 0.0183903
0.583333 0.152 0.0234432
0.583333 0.156 0.0360658
0.583333 0.16 0.0454535
0.583333 0.164 0.0667044
0.583333 0.168 0.0675803
0.583333 0.172 0.0832189
0.583333 0.176 0.0798377
0.583333 0.18 0.096089
0.583333 0.184 0.093995
0.583333 0.188 0.102724
0.583333 0.192 0.0950085
0.583333 0.196 0.0954806
0.583333 0.2 0.0969066
0.583333 0.204 0.0898717
0.583333 0.208 0.0880384
0.583333 0.212 0.0906406
0.583333 0.216 0.0838896
0.583333 0.22 0.0944543
0.583333 0.224 0.0854454
0.583333 0.228 0.0777464
0.583333 0.232 0.0917847
0.583333 0.236 0.100015
0.583333 0.24 0.095141
0.583333 0.244 0.106717
0.583333 0.248 0.104755
0.583333 0.252 0.103649
0.583333 0.256 0.11957
0.583333 0.26 0.124646
0.583333 0.264 0.125306
0.583333 0.268 0.0970814
0.583333 0.272 0.0993409
0.583333 0.276 0.097948
0.583333 0.28 0.0933669
0.583333 0.284 0.0862483
0.583333 0.288 0.0791872
0.583333 0.292 0.0801313
0.583333 0.296 0.0669475
0.583333 0.3 0.0788041
0.583333 0.304 0.0617544
0.583333 0.308 0.0684853
0.583333 0.312 0.0608823
0.583333 0.316 0.0575339
0.583333 0.32 0.0611369
0.583333 0.324 0.0564613
0.583333 0.328 0.0603382
0.583333 0.332 0.0605431
0.583333 0.336 0.0737177
0.583333 0.34 0.0612504
0.583333 0.344 0.0704882
0.583333 0.348 0.0564029
0.583333 0.352 0.0648775
0.583333 0.356 0.0697353
0.583333 0.36 0.0731264
0.583333 0.364 0.0687322
0.583333 0.368 0.0664968
0.583333 0.372 0.0600921
0.583333 0.376 0.0539049
0.583333 0.38 0.0604121
0.583333 0.384 0.0523108
0.583333 0.388 0.0307262
0.583333 0.392 0.0477764
0.583333 0.396 0.0340135
0.583333 0.4 0.0474361
0.583333 0.404 0.0490837
0.583333 0.408 0.0348
0.583333 0.412 0.0404854
0.583333 0.416 0.0434628
0.583333 0.42 0.0391657
0.583333 0.424 0.0447118
0.583333 0.428 0.0299692
0.583333 0.432 0.0446392
0.583333 0.436 0.0444962
0.583333 0.44 0.0512662
0.583333 0.444 0.0533591
0.583333 0.448 0.0449019
0.583333 0.452 0.0468139
0.583333 0.456 0.0559546
0.583333 0.46 0.0531418
0.583333 0.464 0.060594
0.583333 0.468 0.0469191
0.583333 0.472 0.0593857
0.583333 0.476 0.0441767
0.583333 0.48 0.0526784
0.583333 0.484 0.0426352
0.583333 0.488 0.0414813
0.583333 0.492 0.0219727
0.583333 0.496 0.0239615
0.583333 0.5 0.0315587
0.583333 0.504 0.0257622
0.583333 0.508 0.0234826
0.583333 0.512 0.0308516
0.583333 0.516 0.0209066
0.583333 0.52 0.026952
0.583333 0.524 0.0367333
0.583333 0.528 0.0217749
0.583333 0.532 0.0375704
0.583333 0.536 0.0350172
0.583333 0.54 0.0245709
0.583333 0.544 0.032555
0.583333 0.548 0.0316604
0.583333 0.552 0.0386573
0.583333 0.556 0.0250673
0.583333 0.56 0.0372583
0.583333 0.564 0.031217
0.583333 0.568 0.0388694
0.583333 0.572 0.0391628
0.583333 0.576 0.0319288
0.583333 0.58 0.0408925
0.583333 0.584 0.0344023
0.583333 0.588 0.0289134
0.583333 0.592 0.0347004
0.583333 0.596 0.0290494
0.583333 0.6 0.014728
0.583333 0.604 0.0222074
0.583333 0.608 0.0211518
0.583333 0.612 0.0155847
0.583333 0.616 0.0201844
0.583333 0.62 0.023984
0.583333 0.624 0.0303781
0.583333 0.628 0.0188917
0.583333 0.632 0.0226716
0.583333 0.636 0.0118795
0.583333 0.64 0.0244157
0.583333 0.644 0.0308422
0.583333 0.648 0.0323306
0.583333 0.652 0.0292921
0.583333 0.656 0.0139818
0.583333 0.66 0.0355144
0.583333 0.664 0.0381991
0.583333 0.668 0.0311002
0.583333 0.672 0.0329669
0.583333 0.676 0.0305393
0.583333 0.68 0.0251815
0.583333 0.684 0.0286994
0.583333 0.688 0.0225237
0.583333 0.692 0.0274839
0.583333 0.696 0.0279538
0.583333 0.7 0.0265536
0.583333 0.704 0.0384163
0.583333 0.708 0.0269386
0.583333 0.712 0.0337335
0.583333 0.716 0.00946149
0.583333 0.72 0.0156042
0.583333 0.724 0.0137733
0.583333 0.728 0.0212944
0.583333 0.732 0.019067
0.583333 0.736 0.0141438
0.583333 0.74 0.0139469
0.583333 0.744 0.0227594
0.583333 0.748 0.023328
0.583333 0.752 0.0224817
0.583333 0.756 0.0243516
0.583333 0.76 0.0186513
0.583333 0.764 0.0245258
0.583333 0.768 0.0169096
0.583333 0.772 0.0275348
0.583333 0.776 0.0279392
0.583333 0.78 0.0275348
0.583333 0.784 0.0290242
0.583333 0.788 0.0294738
0.583333 0.792 0.0256616
0.583333 0.796 0.0183637
0.583333 0.8 0.0224569
0.6 0 0.00539857
0.6 0.004 0.00565062
0.6 0.008 0.00589008
0.6 0.012 0.00611105
0.6 0.016 0.00626021
0.6 0.02 0.00640632
0.6 0.024 0.00650634
0.6 0.028 0.0066539
0.6 0.032 0.00668871
0.6 0.036 0.00653549
0.6 0.04 0.00638733
0.6 0.044 0.00662731
0.6 0.048 0.00756683
0.6 0.052 0.00890551
0.6 0.056 0.0109921
0.6 0.06 0.0126378
0.6 0.064 0.0139649
0.6 0.068 0.0142074
0.6 0.072 0.0146799
0.6 0.076 0.0160528
0.6 0.08 0.0171078
0.6 0.084 0.0136287
0.6 0.088 0.00857874
0.6 0.092 0.0114903
0.6 0.096 0.0143238
0.6 0.1 0.0166251
0.6 0.104 0.0221106
0.6 0.108 0.0252664
0.6 0.112 0.0195474
0.6 0.116 0.025091
0.6 0.12 0.0255714
0.6 0.124 0.0228735
0.6 0.128 0.0252946
0.6 0.132 0.0207552
0.6 0.136 0.0223019
0.6 0.14 0.0261699
0.6 0.144 0.0235215
0.6 0.148 0.019771
0.6 0.152 0.0243828
0.6 0.156 0.0316658
0.6 0.16 0.0413164
0.6 0.164 0.0551363
0.6 0.168 0.058596
0.6 0.172 0.0689741
0.6 0.176 0.0662116
0.6 0.18 0.0857814
0.6 0.184 0.0790368
0.6 0.188 0.0830707
0.6 0.192 0.0792969
0.6 0.196 0.0804842
0.6 0.2 0.0798183
0.6 0.204 0.0718921
0.6 0.208 0.0686555
0.6 0.212 0.0747365
0.6 0.216 0.0687058
0.6 0.22 0.0748069
0.6 0.224 0.0697242
0.6 0.228 0.0712353
0.6 0.232 0.079921
0.6 0.236 0.0904072
0.6 0.24 0.0898682
0.6 0.244 0.0962018
0.6 0.248 0.110199
0.6 0.252 0.103463
0.6 0.256 0.113741
0.6 0.26 0.11432
0.6 0.264 0.122248
0.6 0.268 0.105845
0.6 0.272 0.09923
0.6 0.276 0.0988572
0.6 0.28 0.102905
0.6 0.284 0.0904955
0.6 0.288 0.0915609
0.6 0.292 0.079205
0.6 0.296 0.0691705
0.6 0.3 0.0758971
0.6 0.304 0.059623
0.6 0.308 0.0750975
0.6 0.312 0.0658269
0.6 0.316 0.064643
0.6 0.32 0.0600314
0.6 0.324 0.0615608
0.6 0.328 0.0578541
0.6 0.332 0.054562
0.6 0.336 0.0695919
0.6 0.34 0.0650007
0.6 0.344 0.0669246
0.6 0.348 0.065862
0.6 0.352 0.0688355
0.6 0.356 0.0822725
0.6 0.36 0.0761421
0.6 0.364 0.0722193
0.6 0.368 0.0722489
0.6 0.372 0.0674231
0.6 0.376 0.0558142
0.6 0.38 0.0600849
0.6 0.384 0.0524884
0.6 0.388 0.0361138
0.6 0.392 0.047859
0.6 0.396 0.0399311
0.6 0.4 0.0421126
0.6 0.404 0.0529754
0.6 0.408 0.0329594
0.6 0.412 0.0432578
0.6 0.416 0.0462225
0.6 0.42 0.0438862
0.6 0.424 0.0520519
0.6 0.428 0.0411694
0.6 0.432 0.0428235
0.6 0.436 0.0373339
0.6 0.44 0.0606458
0.6 0.444 0.0534523
0.6 0.448 0.0501913
0.6 0.452 0.0551752
0.6 0.456 0.0485199
0.6 0.46 0.0587821
0.6 0.464 0.0585191
0.6 0.468 0.0528249
0.6 0.472 0.0571836
0.6 0.476 0.0409694
0.6 0.48 0.0513552
0.6 0.484 0.041284
0.6 0.488 0.0432751
0.6 0.492 0.0331506
0.6 0.496 0.0319689
0.6 0.5 0.0251089
0.6 0.504 0.0288379
0.6 0.508 0.0327805
0.6 0.512 0.0362499
0.6 0.516 0.0227008
0.6 0.52 0.022124
0.6 0.524 0.0384893
0.6 0.528 0.0259771
0.6 0.532 0.0415296
0.6 0.536 0.0375378
0.6 0.54 0.0292274
0.6 0.544 0.043829
0.6 0.548 0.0395451
0.6 0.552 0.0392976
0.6 0.556 0.0304856
0.6 0.56 0.0413208
0.6 0.564 0.0409912
0.6 0.568 0.0410319
0.6 0.572 0.0409265
0.6 0.576 0.0334245
0.6 0.58 0.0348213
0.6 0.584 0.0376673
0.6 0.588 0.0287378
0.6 0.592 0.0387958
0.6 0.596 0.0306708
0.6 0.6 0.0123851
0.6 0.604 0.0305941
0.6 0.608 0.0281363
0.6 0.612 0.0216122
0.6 0.616 0.0238663
0.6 0.62 0.0258825
0.6 0.624 0.0280164
0.6 0.628 0.0140162
0.6 0.632 0.0366877
0.6 0.636 0.0206118
0.6 0.64 0.0306622
0.6 0.644 0.0396104
0.6 0.648 0.0354659
0.6 0.652 0.0365481
0.6 0.656 0.0193345
0.6 0.66 0.0404008
0.6 0.664 0.0407588
0.6 0.668 0.0288096
0.6 0.672 0.0292714
0.6 0.676 0.028313
0.6 0.68 0.0354222
0.6 0.684 0.0306236
0.6 0.688 0.0279858
0.6 0.692 0.0259147
0.6 0.696 0.0213599
0.6 0.7 0.0276507
0.6 0.704 0.0374052
0.6 0.708 0.0263231
0.6 0.712 0.0366124
0.6 0.716 0.0068109
0.6 0.72 0.0197563
0.6 0.724 0.0160047
0.6 0.728 0.0186423
0.6 0.732 0.021534
0.6 0.736 0.0154026
0.6 0.74 0.0107409
0.6 0.744 0.0222856
0.6 0.748 0.0238574
0.6 0.752 0.0259356
0.6 0.756 0.0274302
0.6 0.76 0.0210503
0.6 0.764 0.0252088
0.6 0.768 0.0220305
0.6 0.772 0.0316929
0.6 0.776 0.0230004
0.6 0.78 0.0316929
0.6 0.784 0.0290261
0.6 0.788 0.0276523
0.6 0.792 0.0267105
0.6 0.796 0.0223662
0.6 0.8 0.0256526
0.616667 0 0.00461173
0.616667 0.004 0.00483275
0.616667 0.008 0.00503839
0.616667 0.012 0.00523856
0.616667 0.016 0.00537218
0.616667 0.02 0.0055036
0.616667 0.024 0.00557809
0.616667 0.028 0.00570788
0.616667 0.032 0.00578629
0.616667 0.036 0.00576631
0.616667 0.04 0.00580107
0.616667 0.044 0.00606243
0.616667 0.048 0.00687877
0.616667 0.052 0.00809188
0.616667 0.056 0.0100213
0.616667 0.06 0.0115737
0.616667 0.064 0.0127549
0.616667 0.068 0.0129292
0.616667 0.072 0.0134865
0.616667 0.076 0.014933
0.616667 0.08 0.0165259
0.616667 0.084 0.0139796
0.616667 0.088 0.00827272
0.616667 0.092 0.00917836
0.616667 0.096 0.0121353
0.616667 0.1 0.0136583
0.616667 0.104 0.0178772
0.616667 0.108 0.0210254
0.616667 0.112 0.0178429
0.616667 0.116 0.0210438
0.616667 0.12 0.0215078
0.616667 0.124 0.0203261
0.616667 0.128 0.0235779
0.616667 0.132 0.0221203
0.616667 0.136 0.0216605
0.616667 0.14 0.0267239
0.616667 0.144 0.0234091
0.616667 0.148 0.0211829
0.616667 0.152 0.027979
0.616667 0.156 0.0284546
0.616667 0.16 0.0420195
0.616667 0.164 0.0454718
0.616667 0.168 0.0525335
0.616667 0.172 0.0570351
0.616667 0.176 0.0583877
0.616667 0.18 0.070913
0.616667 0.184 0.0642061
0.616667 0.188 0.0648745
0.616667 0.192 0.0646269
0.616667 0.196 0.0688162
0.616667 0.2 0.0652228
0.616667 0.204 0.0578829
0.616667 0.208 0.053009
0.616667 0.212 0.0615205
0.616667 0.216 0.0559675
0.616667 0.22 0.0557254
0.616667 0.224 0.0586861
0.616667 0.228 0.0660934
0.616667 0.232 0.0696324
0.616667 0.236 0.0804692
0.616667 0.24 0.0896945
0.616667 0.244 0.0866675
0.616667 0.248 0.10312
0.616667 0.252 0.0969916
0.616667 0.256 0.101445
0.616667 0.26 0.0961235
0.616667 0.264 0.109702
0.616667 0.268 0.105669
0.616667 0.272 0.0942035
0.616667 0.276 0.0891368
0.616667 0.28 0.100991
0.616667 0.284 0.0975394
0.616667 0.288 0.097611
0.616667 0.292 0.0766934
0.616667 0.296 0.0813839
0.616667 0.3 0.0703706
0.616667 0.304 0.0639155
0.616667 0.308 0.0696406
0.616667 0.312 0.071875
0.616667 0.316 0.0675336
0.616667 0.32 0.0615083
0.616667 0.324 0.0647968
0.616667 0.328 0.0616074
0.616667 0.332 0.0450201
0.616667 0.336 0.0671405
0.616667 0.34 0.0635512
0.616667 0.344 0.0584751
0.616667 0.348 0.0693661
0.616667 0.352 0.0682039
0.616667 0.356 0.0767552
0.616667 0.36 0.076182
0.616667 0.364 0.0709114
0.616667 0.368 0.0733165
0.616667 0.372 0.068928
0.616667 0.376 0.0688415
0.616667 0.38 0.0577241
0.616667 0.384 0.0492448
0.616667 0.388 0.0576595
0.616667 0.392 0.0446857
0.616667 0.396 0.0486238
0.616667 0.4 0.0325302
0.616667 0.404 0.0492096
0.616667 0.408 0.0403424
0.616667 0.412 0.0486459
0.616667 0.416 0.0507628
0.616667 0.42 0.0495215
0.616667 0.424 0.0523495
0.616667 0.428 0.0672655
0.616667 0.432 0.0442861
0.616667 0.436 0.0435481
0.616667 0.44 0.0624356
0.616667 0.444 0.0537509
0.616667 0.448 0.0545603
0.616667 0.452 0.0581348
0.616667 0.456 0.0434523
0.616667 0.46 0.0620472
0.616667 0.464 0.0537735
0.616667 0.468 0.0604087
0.616667 0.472 0.0519615
0.616667 0.476 0.0622619
0.616667 0.48 0.0547192
0.616667 0.484 0.0395517
0.616667 0.488 0.0453806
0.616667 0.492 0.0442217
0.616667 0.496 0.0416674
0.616667 0.5 0.0288351
0.616667 0.504 0.0353641
0.616667 0.508 0.0412398
0.616667 0.512 0.0330629
0.616667 0.516 0.0301344
0.616667 0.52 0.0239903
0.616667 0.524 0.0373915
0.616667 0.528 0.0324938
0.616667 0.532 0.0305359
0.616667 0.536 0.0354195
0.616667 0.54 0.0283925
0.616667 0.544 0.0508561
0.616667 0.548 0.042352
0.616667 0.552 0.0388257
0.616667 0.556 0.0338715
0.616667 0.56 0.0392133
0.616667 0.564 0.0457185
0.616667 0.568 0.0422313
0.616667 0.572 0.0464978
0.616667 0.576 0.0381752
0.616667 0.58 0.0304253
0.616667 0.584 0.0262342
0.616667 0.588 0.0269001
0.616667 0.592 0.0375732
0.616667 0.596 0.031915
0.616667 0.6 0.0159595
0.616667 0.604 0.0401787
0.616667 0.608 0.0320036
0.616667 0.612 0.0169533
0.616667 0.616 0.0253681
0.616667 0.62 0.017168
0.616667 0.624 0.0181054
0.616667 0.628 0.0136607
0.616667 0.632 0.0323657
0.616667 0.636 0.0312559
0.616667 0.64 0.0366085
0.616667 0.644 0.036659
0.616667 0.648 0.0400394
0.616667 0.652 0.0388954
0.616667 0.656 0.0289399
0.616667 0.66 0.0389522
0.616667 0.664 0.0381786
0.616667 0.668 0.0306024
0.616667 0.672 0.0268338
0.616667 0.676 0.0304596
0.616667 0.68 0.03776
0.616667 0.684 0.0292343
0.616667 0.688 0.031831
0.616667 0.692 0.0236619
0.616667 0.696 0.0166086
0.616667 0.7 0.0266879
0.616667 0.704 0.0355832
0.616667 0.708 0.0261708
0.616667 0.712 0.0380181
0.616667 0.716 0.0145155
0.616667 0.72 0.0204064
0.616667 0.724 0.0167053
0.616667 0.728 0.014861
0.616667 0.732 0.0218944
0.616667 0.736 0.0206309
0.616667 0.74 0.0115731
0.616667 0.744 0.0179669
0.616667 0.748 0.0217893
0.616667 0.752 0.0291211
0.616667 0.756 0.0251147
0.616667 0.76 0.0260146
0.616667 0.764 0.0266921
0.616667 0.768 0.0257102
0.616667 0.772 0.0310886
0.616667 0.776 0.022113
0.616667 0.78 0.0310886
0.616667 0.784 0.0309727
0.616667 0.788 0.0212559
0.616667 0.792 0.0327205
0.616667 0.796 0.0262294
0.616667 0.8 0.0311722
0.633333 0 0.00383134
0.633333 0.004 0.00402683
0.633333 0.008 0.00420644
0.633333 0.012 0.00438721
0.633333 0.016 0.00452063
0.633333 0.02 0.00463631
0.633333 0.024 0.00468414
0.633333 0.028 0.00480348
0.633333 0.032 0.00494301
0.633333 0.036 0.00505475
0.633333 0.04 0.00525713
0.633333 0.044 0.00548214
0.633333 0.048 0.00618024
0.633333 0.052 0.00730189
0.633333 0.056 0.00906949
0.633333 0.06 0.0104954
0.633333 0.064 0.0115653
0.633333 0.068 0.011686
0.633333 0.072 0.0121075
0.633333 0.076 0.0133534
0.633333 0.08 0.0151076
0.633333 0.084 0.0135306
0.633333 0.088 0.00791164
0.633333 0.092 0.006681
0.633333 0.096 0.00838945
0.633333 0.1 0.0105254
0.633333 0.104 0.013216
0.633333 0.108 0.0169144
0.633333 0.112 0.0159474
0.633333 0.116 0.0165163
0.633333 0.12 0.0174642
0.633333 0.124 0.018077
0.633333 0.128 0.0209499
0.633333 0.132 0.023857
0.633333 0.136 0.0197414
0.633333 0.14 0.0206416
0.633333 0.144 0.0212424
0.633333 0.148 0.0172405
0.633333 0.152 0.0287553
0.633333 0.156 0.023857
0.633333 0.16 0.0418764
0.633333 0.164 0.0419494
0.633333 0.168 0.0461843
0.633333 0.172 0.0487884
0.633333 0.176 0.0519751
0.633333 0.18 0.0521949
0.633333 0.184 0.0502465
0.633333 0.188 0.0465285
0.633333 0.192 0.0487783
0.633333 0.196 0.0569251
0.633333 0.2 0.0526736
0.633333 0.204 0.0462631
0.633333 0.208 0.0428976
0.633333 0.212 0.0486745
0.633333 0.216 0.0467037
0.633333 0.22 0.0463062
0.633333 0.224 0.0495478
0.633333 0.228 0.0517946
0.633333 0.232 0.0606074
0.633333 0.236 0.0727658
0.633333 0.24 0.0844218
0.633333 0.244 0.0820277
0.633333 0.248 0.0862693
0.633333 0.252 0.0879463
0.633333 0.256 0.0921948
0.633333 0.26 0.0837405
0.633333 0.264 0.0952696
0.633333 0.268 0.0989141
0.633333 0.272 0.0836963
0.633333 0.276 0.0828166
0.633333 0.28 0.093448
0.633333 0.284 0.093037
0.633333 0.288 0.0894187
0.633333 0.292 0.0748287
0.633333 0.296 0.0850182
0.633333 0.3 0.0695471
0.633333 0.304 0.0695566
0.633333 0.308 0.0613629
0.633333 0.312 0.0694639
0.633333 0.316 0.0647149
0.633333 0.32 0.0615287
0.633333 0.324 0.0610403
0.633333 0.328 0.0662492
0.633333 0.332 0.0452174
0.633333 0.336 0.0647683
0.633333 0.34 0.0585701
0.633333 0.344 0.0564335
0.633333 0.348 0.0643304
0.633333 0.352 0.0648219
0.633333 0.356 0.0595516
0.633333 0.36 0.0761468
0.633333 0.364 0.0725293
0.633333 0.368 0.0703972
0.633333 0.372 0.0654712
0.633333 0.376 0.0776456
0.633333 0.38 0.0587018
0.633333 0.384 0.0476996
0.633333 0.388 0.0673507
0.633333 0.392 0.0450312
0.633333 0.396 0.0547886
0.633333 0.4 0.0315405
0.633333 0.404 0.0491939
0.633333 0.408 0.046833
0.633333 0.412 0.0512309
0.633333 0.416 0.0506181
0.633333 0.42 0.051823
0.633333 0.424 0.0440123
0.633333 0.428 0.0710255
0.633333 0.432 0.0517308
0.633333 0.436 0.0579886
0.633333 0.44 0.0587459
0.633333 0.444 0.053496
0.633333 0.448 0.0580076
0.633333 0.452 0.0553183
0.633333 0.456 0.0483662
0.633333 0.46 0.0586297
0.633333 0.464 0.0514207
0.633333 0.468 0.0584684
0.633333 0.472 0.0514485
0.633333 0.476 0.0729493
0.633333 0.48 0.0629463
0.633333 0.484 0.0439589
0.633333 0.488 0.0490514
0.633333 0.492 0.0446139
0.633333 0.496 0.0480878
0.633333 0.5 0.043136
0.633333 0.504 0.0412596
0.633333 0.508 0.0337701
0.633333 0.512 0.0301794
0.633333 0.516 0.0391025
0.633333 0.52 0.0319014
0.633333 0.524 0.0372128
0.633333 0.528 0.036594
0.633333 0.532 0.0231093
0.633333 0.536 0.0326658
0.633333 0.54 0.0302523
0.633333 0.544 0.0457415
0.633333 0.548 0.0406574
0.633333 0.552 0.0413088
0.633333 0.556 0.0365069
0.633333 0.56 0.0398492
0.633333 0.564 0.0421448
0.633333 0.568 0.0410218
0.633333 0.572 0.0536296
0.633333 0.576 0.0385971
0.633333 0.58 0.0283124
0.633333 0.584 0.0233752
0.633333 0.588 0.0305299
0.633333 0.592 0.0407708
0.633333 0.596 0.0335346
0.633333 0.6 0.0252829
0.633333 0.604 0.0403651
0.633333 0.608 0.0310233
0.633333 0.612 0.0110582
0.633333 0.616 0.0254162
0.633333 0.62 0.0128422
0.633333 0.624 0.0127161
0.633333 0.628 0.0206361
0.633333 0.632 0.0218884
0.633333 0.636 0.0352672
0.633333 0.64 0.0404788
0.633333 0.644 0.0295218
0.633333 0.648 0.039977
0.633333 0.652 0.0381436
0.633333 0.656 0.0380614
0.633333 0.66 0.0378956
0.633333 0.664 0.038217
0.633333 0.668 0.0392625
0.633333 0.672 0.0310654
0.633333 0.676 0.0361114
0.633333 0.68 0.0362092
0.633333 0.684 0.0297628
0.633333 0.688 0.0323069
0.633333 0.692 0.0242714
0.633333 0.696 0.019
0.633333 0.7 0.0279227
0.633333 0.704 0.0344101
0.633333 0.708 0.0285202
0.633333 0.712 0.0356917
0.633333 0.716 0.0227436
0.633333 0.72 0.0163653
0.633333 0.724 0.0195142
0.633333 0.728 0.01242
0.633333 0.732 0.020835
0.633333 0.736 0.0242342
0.633333 0.74 0.0165711
0.633333 0.744 0.0151128
0.633333 0.748 0.0194579
0.633333 0.752 0.0278019
0.633333 0.756 0.0209475
0.633333 0.76 0.0259799
0.633333 0.764 0.030717
0.633333 0.768 0.0260553
0.633333 0.772 0.0292581
0.633333 0.776 0.0322101
0.633333 0.78 0.0292581
0.633333 0.784 0.0310464
0.633333 0.788 0.0220686
0.633333 0.792 0.0374522
0.633333 0.796 0.0265599
0.633333 0.8 0.0308514
0.65 0 0.00362363
0.65 0.004 0.00378613
0.65 0.008 0.00393407
0.65 0.012 0.00408062
0.65 0.016 0.00419712
0.65 0.02 0.00429508
0.65 0.024 0.00432312
0.65 0.028 0.00442802
0.65 0.032 0.00458145
0.65 0.036 0.00471996
0.65 0.04 0.00491682
0.65 0.044 0.00501105
0.65 0.048 0.00550872
0.65 0.052 0.00646166
0.65 0.056 0.00800475
0.65 0.06 0.00923152
0.65 0.064 0.0102704
0.65 0.068 0.0104605
0.65 0.072 0.0109385
0.65 0.076 0.0119538
0.65 0.08 0.012567
0.65 0.084 0.0115521
0.65 0.088 0.0071304
0.65 0.092 0.00445795
0.65 0.096 0.00511408
0.65 0.1 0.00713354
0.65 0.104 0.00961628
0.65 0.108 0.0129453
0.65 0.112 0.0127603
0.65 0.116 0.0113272
0.65 0.12 0.0132128
0.65 0.124 0.0148176
0.65 0.128 0.0169437
0.65 0.132 0.0229224
0.65 0.136 0.0179294
0.65 0.14 0.0132381
0.65 0.144 0.0158019
0.65 0.148 0.011505
0.65 0.152 0.0250682
0.65 0.156 0.0198301
0.65 0.16 0.0372811
0.65 0.164 0.0406261
0.65 0.168 0.0379885
0.65 0.172 0.0419658
0.65 0.176 0.0435625
0.65 0.18 0.0357522
0.65 0.184 0.0386529
0.65 0.188 0.0298462
0.65 0.192 0.0335302
0.65 0.196 0.0438736
0.65 0.2 0.0427953
0.65 0.204 0.0365447
0.65 0.208 0.0370192
0.65 0.212 0.0370431
0.65 0.216 0.040587
0.65 0.22 0.0437809
0.65 0.224 0.0420068
0.65 0.228 0.040108
0.65 0.232 0.0526538
0.65 0.236 0.0667821
0.65 0.24 0.0741141
0.65 0.244 0.078611
0.65 0.248 0.078457
0.65 0.252 0.0836673
0.65 0.256 0.0830641
0.65 0.26 0.0830328
0.65 0.264 0.0825089
0.65 0.268 0.089776
0.65 0.272 0.0721871
0.65 0.276 0.0880144
0.65 0.28 0.0862284
0.65 0.284 0.0763251
0.65 0.288 0.0748579
0.65 0.292 0.0726708
0.65 0.296 0.0715718
0.65 0.3 0.0722259
0.65 0.304 0.0685733
0.65 0.308 0.0620543
0.65 0.312 0.0599733
0.65 0.316 0.0600858
0.65 0.32 0.0563078
0.65 0.324 0.0531416
0.65 0.328 0.0623595
0.65 0.332 0.0582131
0.65 0.336 0.0587417
0.65 0.34 0.0531791
0.65 0.344 0.0629836
0.65 0.348 0.0575319
0.65 0.352 0.0620434
0.65 0.356 0.0534289
0.65 0.36 0.076817
0.65 0.364 0.0802535
0.65 0.368 0.0694063
0.65 0.372 0.0641289
0.65 0.376 0.0718466
0.65 0.38 0.0612507
0.65 0.384 0.0508818
0.65 0.388 0.0549921
0.65 0.392 0.0505571
0.65 0.396 0.0556696
0.65 0.4 0.0425303
0.65 0.404 0.055351
0.65 0.408 0.0451
0.65 0.412 0.0479148
0.65 0.416 0.0455423
0.65 0.42 0.0488392
0.65 0.424 0.035704
0.65 0.428 0.0477412
0.65 0.432 0.0594329
0.65 0.436 0.0645908
0.65 0.44 0.0561305
0.65 0.444 0.0565553
0.65 0.448 0.0614847
0.65 0.452 0.0538205
0.65 0.456 0.0589173
0.65 0.46 0.0511998
0.65 0.464 0.0530174
0.65 0.468 0.0502123
0.65 0.472 0.0565211
0.65 0.476 0.0545247
0.65 0.48 0.0676546
0.65 0.484 0.0533546
0.65 0.488 0.0518968
0.65 0.492 0.0398925
0.65 0.496 0.0495573
0.65 0.5 0.0509948
0.65 0.504 0.0402922
0.65 0.508 0.0196135
0.65 0.512 0.0358857
0.65 0.516 0.0421024
0.65 0.52 0.0363159
0.65 0.524 0.0369947
0.65 0.528 0.0368235
0.65 0.532 0.0334325
0.65 0.536 0.0344085
0.65 0.54 0.0388203
0.65 0.544 0.0422881
0.65 0.548 0.0390681
0.65 0.552 0.043526
0.65 0.556 0.0401386
0.65 0.56 0.0504752
0.65 0.564 0.0411261
0.65 0.568 0.0409694
0.65 0.572 0.0568739
0.65 0.576 0.033986
0.65 0.58 0.0252799
0.65 0.584 0.0360018
0.65 0.588 0.0396892
0.65 0.592 0.0498616
0.65 0.596 0.0349581
0.65 0.6 0.033555
0.65 0.604 0.0315648
0.65 0.608 0.0296409
0.65 0.612 0.0227193
0.65 0.616 0.027548
0.65 0.62 0.0209537
0.65 0.624 0.0153898
0.65 0.628 0.027274
0.65 0.632 0.0268181
0.65 0.636 0.0361717
0.65 0.64 0.0444434
0.65 0.644 0.0312858
0.65 0.648 0.036342
0.65 0.652 0.0416468
0.65 0.656 0.0429674
0.65 0.66 0.0441261
0.65 0.664 0.0418206
0.65 0.668 0.0473469
0.65 0.672 0.0411518
0.65 0.676 0.0393767
0.65 0.68 0.0382429
0.65 0.684 0.033298
0.65 0.688 0.0320745
0.65 0.692 0.0290461
0.65 0.696 0.0249741
0.65 0.7 0.0315631
0.65 0.704 0.0331764
0.65 0.708 0.0323389
0.65 0.712 0.0308538
0.65 0.716 0.0207912
0.65 0.72 0.0127393
0.65 0.724 0.0249605
0.65 0.728 0.0146864
0.65 0.732 0.0193784
0.65 0.736 0.0231518
0.65 0.74 0.0215159
0.65 0.744 0.0178348
0.65 0.748 0.0213657
0.65 0.752 0.0247912
0.65 0.756 0.0211449
0.65 0.76 0.0227434
0.65 0.764 0.0358507
0.65 0.768 0.0258884
0.65 0.772 0.0317601
0.65 0.776 0.0421565
0.65 0.78 0.0317601
0.65 0.784 0.0299595
0.65 0.788 0.0319701
0.65 0.792 0.0347354
0.65 0.796 0.0277312
0.65 0.8 0.0274816
0.666667 0 0.00353491
0.666667 0.004 0.00366574
0.666667 0.008 0.00378963
0.666667 0.012 0.00390438
0.666667 0.016 0.00399589
0.666667 0.02 0.00407518
0.666667 0.024 0.00408469
0.666667 0.028 0.00417598
0.666667 0.032 0.00431651
0.666667 0.036 0.0044306
0.666667 0.04 0.00452677
0.666667 0.044 0.0045122
0.666667 0.048 0.00480428
0.666667 0.052 0.00559488
0.666667 0.056 0.00692389
0.666667 0.06 0.00795583
0.666667 0.064 0.0089977
0.666667 0.068 0.00913707
0.666667 0.072 0.00991875
0.666667 0.076 0.0114463
0.666667 0.08 0.0100883
0.666667 0.084 0.00905665
0.666667 0.088 0.00600366
0.666667 0.092 0.00251761
0.666667 0.096 0.00322593
0.666667 0.1 0.00377463
0.666667 0.104 0.0067869
0.666667 0.108 0.00843892
0.666667 0.112 0.00891234
0.666667 0.116 0.00640515
0.666667 0.12 0.00882144
0.666667 0.124 0.0105123
0.666667 0.128 0.012371
0.666667 0.132 0.0186044
0.666667 0.136 0.0168584
0.666667 0.14 0.0105088
0.666667 0.144 0.00943608
0.666667 0.148 0.00950498
0.666667 0.152 0.0196122
0.666667 0.156 0.0195407
0.666667 0.16 0.028855
0.666667 0.164 0.0350527
0.666667 0.168 0.0301381
0.666667 0.172 0.0342713
0.666667 0.176 0.0346713
0.666667 0.18 0.0254904
0.666667 0.184 0.0298292
0.666667 0.188 0.0191978
0.666667 0.192 0.0222088
0.666667 0.196 0.0314228
0.666667 0.2 0.0351431
0.666667 0.204 0.029503
0.666667 0.208 0.0315868
0.666667 0.212 0.0293446
0.666667 0.216 0.0360526
0.666667 0.22 0.0389031
0.666667 0.224 0.0380327
0.666667 0.228 0.0423194
0.666667 0.232 0.0471716
0.666667 0.236 0.0605698
0.666667 0.24 0.066101
0.666667 0.244 0.0726224
0.666667 0.248 0.0816331
0.666667 0.252 0.0838577
0.666667 0.256 0.0722093
0.666667 0.26 0.0860908
0.666667 0.264 0.0730089
0.666667 0.268 0.0790769
0.666667 0.272 0.0655682
0.666667 0.276 0.0932618
0.666667 0.28 0.0764072
0.666667 0.284 0.0633403
0.666667 0.288 0.0659631
0.666667 0.292 0.0687469
0.666667 0.296 0.0556651
0.666667 0.3 0.0697528
0.666667 0.304 0.0610622
0.666667 0.308 0.0635244
0.666667 0.312 0.0552189
0.666667 0.316 0.0548031
0.666667 0.32 0.048311
0.666667 0.324 0.0482013
0.666667 0.328 0.0500587
0.666667 0.332 0.0701048
0.666667 0.336 0.0524602
0.666667 0.34 0.0506672
0.666667 0.344 0.0681566
0.666667 0.348 0.0569089
0.666667 0.352 0.0609251
0.666667 0.356 0.065624
0.666667 0.36 0.0745848
0.666667 0.364 0.0861978
0.666667 0.368 0.0730417
0.666667 0.372 0.067578
0.666667 0.376 0.0601786
0.666667 0.38 0.0619467
0.666667 0.384 0.0537982
0.666667 0.388 0.0436446
0.666667 0.392 0.0548983
0.666667 0.396 0.0540723
0.666667 0.4 0.052907
0.666667 0.404 0.0561283
0.666667 0.408 0.0415613
0.666667 0.412 0.04322
0.666667 0.416 0.040743
0.666667 0.42 0.0440765
0.666667 0.424 0.036352
0.666667 0.428 0.0322651
0.666667 0.432 0.0608547
0.666667 0.436 0.0606131
0.666667 0.44 0.054263
0.666667 0.444 0.0636887
0.666667 0.448 0.0646901
0.666667 0.452 0.0595587
0.666667 0.456 0.0665006
0.666667 0.46 0.0474679
0.666667 0.464 0.0557279
0.666667 0.468 0.0489253
0.666667 0.472 0.0607156
0.666667 0.476 0.0390553
0.666667 0.48 0.0648102
0.666667 0.484 0.0600474
0.666667 0.488 0.050289
0.666667 0.492 0.041244
0.666667 0.496 0.048925
0.666667 0.5 0.0446478
0.666667 0.504 0.0363245
0.666667 0.508 0.0210866
0.666667 0.512 0.0456682
0.666667 0.516 0.03929
0.666667 0.52 0.0338806
0.666667 0.524 0.0360999
0.666667 0.528 0.036661
0.666667 0.532 0.0499822
0.666667 0.536 0.0424058
0.666667 0.54 0.0460142
0.666667 0.544 0.0527377
0.666667 0.548 0.0451581
0.666667 0.552 0.0445516
0.666667 0.556 0.0443824
0.666667 0.56 0.0620752
0.666667 0.564 0.0489527
0.666667 0.568 0.0449029
0.666667 0.572 0.0532187
0.666667 0.576 0.0343553
0.666667 0.58 0.025707
0.666667 0.584 0.0437734
0.666667 0.588 0.0457663
0.666667 0.592 0.0540971
0.666667 0.596 0.0355707
0.666667 0.6 0.0361687
0.666667 0.604 0.0251347
0.666667 0.608 0.0300385
0.666667 0.612 0.0418119
0.666667 0.616 0.0327208
0.666667 0.62 0.0308046
0.666667 0.624 0.0183109
0.666667 0.628 0.0271607
0.666667 0.632 0.0410608
0.666667 0.636 0.0419537
0.666667 0.64 0.0498513
0.666667 0.644 0.04077
0.666667 0.648 0.0376902
0.666667 0.652 0.0480569
0.666667 0.656 0.0444395
0.666667 0.66 0.0553211
0.666667 0.664 0.0435791
0.666667 0.668 0.0473031
0.666667 0.672 0.0510643
0.666667 0.676 0.0396254
0.666667 0.68 0.0434147
0.666667 0.684 0.0352738
0.666667 0.688 0.0343952
0.666667 0.692 0.0357368
0.666667 0.696 0.0272632
0.666667 0.7 0.0355671
0.666667 0.704 0.0329418
0.666667 0.708 0.0356533
0.666667 0.712 0.027834
0.666667 0.716 0.0142522
0.666667 0.72 0.015453
0.666667 0.724 0.0271922
0.666667 0.728 0.0197722
0.666667 0.732 0.0191011
0.666667 0.736 0.0208748
0.666667 0.74 0.0225943
0.666667 0.744 0.0234474
0.666667 0.748 0.0259536
0.666667 0.752 0.0272307
0.666667 0.756 0.0253219
0.666667 0.76 0.0261117
0.666667 0.764 0.0376796
0.666667 0.768 0.0275242
0.666667 0.772 0.0370309
0.666667 0.776 0.0396984
0.666667 0.78 0.0370309
0.666667 0.784 0.0337224
0.666667 0.788 0.0387554
0.666667 0.792 0.0276261
0.666667 0.796 0.0335151
0.666667 0.8 0.0341912
0.683333 0 0.00302819
0.683333 0.004 0.00314395
0.683333 0.008 0.00326475
0.683333 0.012 0.00336953
0.683333 0.016 0.00345087
0.683333 0.02 0.00350963
0.683333 0.024 0.00349715
0.683333 0.028 0.00358503
0.683333 0.032 0.00373302
0.683333 0.036 0.0038698
0.683333 0.04 0.00394034
0.683333 0.044 0.00392074
0.683333 0.048 0.00408856
0.683333 0.052 0.00477878
0.683333 0.056 0.00593925
0.683333 0.06 0.0068383
0.683333 0.064 0.00778842
0.683333 0.068 0.0077148
0.683333 0.072 0.00851861
0.683333 0.076 0.0110325
0.683333 0.08 0.00833123
0.683333 0.084 0.00694094
0.683333 0.088 0.00458057
0.683333 0.092 0.000794917
0.683333 0.096 0.00161982
0.683333 0.1 0.00102965
0.683333 0.104 0.00378232
0.683333 0.108 0.00365125
0.683333 0.112 0.00630795
0.683333 0.116 0.00338731
0.683333 0.12 0.00460335
0.683333 0.124 0.00639707
0.683333 0.128 0.00805079
0.683333 0.132 0.0132937
0.683333 0.136 0.0155032
0.683333 0.14 0.011634
0.683333 0.144 0.00563373
0.683333 0.148 0.010235
0.683333 0.152 0.0147186
0.683333 0.156 0.0211911
0.683333 0.16 0.0201759
0.683333 0.164 0.0248771
0.683333 0.168 0.0258566
0.683333 0.172 0.0270323
0.683333 0.176 0.0287767
0.683333 0.18 0.0202909
0.683333 0.184 0.0234234
0.683333 0.188 0.0164094
0.683333 0.192 0.0162665
0.683333 0.196 0.0217156
0.683333 0.2 0.0284568
0.683333 0.204 0.025354
0.683333 0.208 0.0240168
0.683333 0.212 0.0259521
0.683333 0.216 0.0317149
0.683333 0.22 0.0295243
0.683333 0.224 0.0373397
0.683333 0.228 0.0496283
0.683333 0.232 0.0450974
0.683333 0.236 0.0537305
0.683333 0.24 0.0621047
0.683333 0.244 0.065224
0.683333 0.248 0.0781123
0.683333 0.252 0.0806288
0.683333 0.256 0.0651278
0.683333 0.26 0.0822511
0.683333 0.264 0.0672302
0.683333 0.268 0.0685647
0.683333 0.272 0.0643807
0.683333 0.276 0.0837092
0.683333 0.28 0.0622474
0.683333 0.284 0.0631521
0.683333 0.288 0.0640749
0.683333 0.292 0.0634468
0.683333 0.296 0.0532487
0.683333 0.3 0.0589198
0.683333 0.304 0.0543619
0.683333 0.308 0.0527307
0.683333 0.312 0.0581408
0.683333 0.316 0.0474935
0.683333 0.32 0.0429429
0.683333 0.324 0.0491199
0.683333 0.328 0.0410673
0.683333 0.332 0.0667099
0.683333 0.336 0.0523196
0.683333 0.34 0.0526077
0.683333 0.344 0.064249
0.683333 0.348 0.063555
0.683333 0.352 0.0614508
0.683333 0.356 0.0782836
0.683333 0.36 0.0684304
0.683333 0.364 0.0810045
0.683333 0.368 0.0771114
0.683333 0.372 0.0705538
0.683333 0.376 0.0568375
0.683333 0.38 0.0617119
0.683333 0.384 0.0519686
0.683333 0.388 0.0537506
0.683333 0.392 0.0530664
0.683333 0.396 0.0529644
0.683333 0.4 0.0500887
0.683333 0.404 0.0458328
0.683333 0.408 0.044213
0.683333 0.412 0.0426274
0.683333 0.416 0.036641
0.683333 0.42 0.0420016
0.683333 0.424 0.0432396
0.683333 0.428 0.0443224
0.683333 0.432 0.0565104
0.683333 0.436 0.0560573
0.683333 0.44 0.0506891
0.683333 0.444 0.0661323
0.683333 0.448 0.0643214
0.683333 0.452 0.0690292
0.683333 0.456 0.0677644
0.683333 0.46 0.0534889
0.683333 0.464 0.0551747
0.683333 0.468 0.0566424
0.683333 0.472 0.057878
0.683333 0.476 0.0539636
0.683333 0.48 0.0603286
0.683333 0.484 0.0590393
0.683333 0.488 0.0447823
0.683333 0.492 0.0458783
0.683333 0.496 0.0492763
0.683333 0.5 0.035773
0.683333 0.504 0.0392634
0.683333 0.508 0.0390859
0.683333 0.512 0.0498326
0.683333 0.516 0.0376197
0.683333 0.52 0.0338813
0.683333 0.524 0.0368521
0.683333 0.528 0.0394304
0.683333 0.532 0.0525452
0.683333 0.536 0.0503846
0.683333 0.54 0.0452979
0.683333 0.544 0.0651761
0.683333 0.548 0.0588634
0.683333 0.552 0.0491959
0.683333 0.556 0.0477444
0.683333 0.56 0.0624405
0.683333 0.564 0.0570765
0.683333 0.568 0.0497772
0.683333 0.572 0.0470871
0.683333 0.576 0.0451398
0.683333 0.58 0.034776
0.683333 0.584 0.0357924
0.683333 0.588 0.0440957
0.683333 0.592 0.0489981
0.683333 0.596 0.0347287
0.683333 0.6 0.0368017
0.683333 0.604 0.0300736
0.683333 0.608 0.0291701
0.683333 0.612 0.0426584
0.683333 0.616 0.0381741
0.683333 0.62 0.0325533
0.683333 0.624 0.0174536
0.683333 0.628 0.0267769
0.683333 0.632 0.0441816
0.683333 0.636 0.0497522
0.683333 0.64 0.0559533
0.683333 0.644 0.0476322
0.683333 0.648 0.0458073
0.683333 0.652 0.0506652
0.683333 0.656 0.0467582
0.683333 0.66 0.0627039
0.683333 0.664 0.0435085
0.683333 0.668 0.0430027
0.683333 0.672 0.0568839
0.683333 0.676 0.0430392
0.683333 0.68 0.0466217
0.683333 0.684 0.0337729
0.683333 0.688 0.0391754
0.683333 0.692 0.0391261
0.683333 0.696 0.0253959
0.683333 0.7 0.040145
0.683333 0.704 0.0354209
0.683333 0.708 0.038179
0.683333 0.712 0.0309004
0.683333 0.716 0.0164638
0.683333 0.72 0.0224641
0.683333 0.724 0.0226945
0.683333 0.728 0.0221347
0.683333 0.732 0.0208892
0.683333 0.736 0.0210901
0.683333 0.74 0.0198936
0.683333 0.744 0.0260838
0.683333 0.748 0.0278938
0.683333 0.752 0.0340489
0.683333 0.756 0.0278932
0.683333 0.76 0.0356887
0.683333 0.764 0.0347635
0.683333 0.768 0.0288786
0.683333 0.772 0.0388991
0.683333 0.776 0.0323475
0.683333 0.78 0.0388991
0.683333 0.784 0.0435944
0.683333 0.788 0.0354445
0.683333 0.792 0.0248111
0.683333 0.796 0.0390101
0.683333 0.8 0.0490707
0.7 0 0.0025061
0.7 0.004 0.00261615
0.7 0.008 0.00273569
0.7 0.012 0.00283941
0.7 0.016 0.00291399
0.7 0.02 0.00294971
0.7 0.024 0.00291976
0.7 0.028 0.0030049
0.7 0.032 0.00315224
0.7 0.036 0.00331954
0.7 0.04 0.0034141
0.7 0.044 0.00341037
0.7 0.048 0.00348617
0.7 0.052 0.00406271
0.7 0.056 0.00505592
0.7 0.06 0.00587026
0.7 0.064 0.00663195
0.7 0.068 0.00649792
0.7 0.072 0.0068216
0.7 0.076 0.00974221
0.7 0.08 0.0066837
0.7 0.084 0.00489274
0.7 0.088 0.00290463
0.7 0.092 -0.000642558
0.7 0.096 -0.000586053
0.7 0.1 -0.000883563
0.7 0.104 0.000882275
0.7 0.108 0.000199484
0.7 0.112 0.00592479
0.7 0.116 0.00298272
0.7 0.12 0.00138671
0.7 0.124 0.00351294
0.7 0.128 0.00426381
0.7 0.132 0.00929979
0.7 0.136 0.0127016
0.7 0.14 0.0107723
0.7 0.144 0.00531151
0.7 0.148 0.00940828
0.7 0.152 0.0106165
0.7 0.156 0.019819
0.7 0.16 0.0145469
0.7 0.164 0.0161881
0.7 0.168 0.024809
0.7 0.172 0.0234903
0.7 0.176 0.0263724
0.7 0.18 0.0181614
0.7 0.184 0.0190758
0.7 0.188 0.0184781
0.7 0.192 0.014591
0.7 0.196 0.0156525
0.7 0.2 0.0222842
0.7 0.204 0.0229888
0.7 0.208 0.0163777
0.7 0.212 0.0245787
0.7 0.216 0.0276389
0.7 0.22 0.021872
0.7 0.224 0.0377234
0.7 0.228 0.0483034
0.7 0.232 0.0449677
0.7 0.236 0.0482456
0.7 0.24 0.0578486
0.7 0.244 0.0592632
0.7 0.248 0.0625574
0.7 0.252 0.0699978
0.7 0.256 0.0634151
0.7 0.26 0.0707993
0.7 0.264 0.0634548
0.7 0.268 0.0621327
0.7 0.272 0.063237
0.7 0.276 0.0627623
0.7 0.28 0.0513923
0.7 0.284 0.0655514
0.7 0.288 0.060876
0.7 0.292 0.0581247
0.7 0.296 0.0593309
0.7 0.3 0.0471852
0.7 0.304 0.052246
0.7 0.308 0.0369774
0.7 0.312 0.0571538
0.7 0.316 0.0404535
0.7 0.32 0.0413787
0.7 0.324 0.0526941
0.7 0.328 0.0445409
0.7 0.332 0.0517703
0.7 0.336 0.0567848
0.7 0.34 0.0563164
0.7 0.344 0.0552454
0.7 0.348 0.0716797
0.7 0.352 0.0641804
0.7 0.356 0.0749634
0.7 0.36 0.0636226
0.7 0.364 0.0672774
0.7 0.368 0.076486
0.7 0.372 0.0684954
0.7 0.376 0.0611514
0.7 0.38 0.062572
0.7 0.384 0.0503175
0.7 0.388 0.0707704
0.7 0.392 0.0489445
0.7 0.396 0.0511114
0.7 0.4 0.0383398
0.7 0.404 0.0358168
0.7 0.408 0.0484417
0.7 0.412 0.0441803
0.7 0.416 0.0308192
0.7 0.42 0.042679
0.7 0.424 0.0453642
0.7 0.428 0.0602923
0.7 0.432 0.0518494
0.7 0.436 0.0555631
0.7 0.44 0.0498325
0.7 0.444 0.056966
0.7 0.448 0.058564
0.7 0.452 0.0721203
0.7 0.456 0.0646284
0.7 0.46 0.0660859
0.7 0.464 0.0514861
0.7 0.468 0.0615422
0.7 0.472 0.0494402
0.7 0.476 0.0747292
0.7 0.48 0.059802
0.7 0.484 0.0538198
0.7 0.488 0.0409666
0.7 0.492 0.0425699
0.7 0.496 0.0495786
0.7 0.5 0.0353802
0.7 0.504 0.0492154
0.7 0.508 0.0507455
0.7 0.512 0.0477098
0.7 0.516 0.0394491
0.7 0.52 0.0432748
0.7 0.524 0.039594
0.7 0.528 0.0437093
0.7 0.532 0.0413487
0.7 0.536 0.0487057
0.7 0.54 0.0426026
0.7 0.544 0.0610616
0.7 0.548 0.0680191
0.7 0.552 0.0579191
0.7 0.556 0.0495057
0.7 0.56 0.0549784
0.7 0.564 0.0569339
0.7 0.568 0.0514974
0.7 0.572 0.0464267
0.7 0.576 0.0575523
0.7 0.58 0.0451152
0.7 0.584 0.029833
0.7 0.588 0.0404121
0.7 0.592 0.0445359
0.7 0.596 0.031999
0.7 0.6 0.0403312
0.7 0.604 0.0429558
0.7 0.608 0.0252957
0.7 0.612 0.0288883
0.7 0.616 0.0411838
0.7 0.62 0.0316549
0.7 0.624 0.0189342
0.7 0.628 0.035371
0.7 0.632 0.0382824
0.7 0.636 0.0493531
0.7 0.64 0.0612899
0.7 0.644 0.0491141
0.7 0.648 0.0521123
0.7 0.652 0.0506972
0.7 0.656 0.0522519
0.7 0.66 0.061716
0.7 0.664 0.0475076
0.7 0.668 0.0443227
0.7 0.672 0.0603024
0.7 0.676 0.0515555
0.7 0.68 0.0478624
0.7 0.684 0.0330857
0.7 0.688 0.0439914
0.7 0.692 0.0361296
0.7 0.696 0.0259436
0.7 0.7 0.046252
0.7 0.704 0.0392917
0.7 0.708 0.0406295
0.7 0.712 0.0393395
0.7 0.716 0.0271929
0.7 0.72 0.0247842
0.7 0.724 0.0172135
0.7 0.728 0.0208677
0.7 0.732 0.0229887
0.7 0.736 0.0225694
0.7 0.74 0.0167487
0.7 0.744 0.024842
0.7 0.748 0.0270263
0.7 0.752 0.0368665
0.7 0.756 0.027224
0.7 0.76 0.039066
0.7 0.764 0.0314396
0.7 0.768 0.0276907
0.7 0.772 0.0368909
0.7 0.776 0.0357354
0.7 0.78 0.0368909
0.7 0.784 0.0519925
0.7 0.788 0.0313063
0.7 0.792 0.0293993
0.7 0.796 0.0382587
0.7 0.8 0.0523654
0.716667 0 0.00249133
0.716667 0.004 0.0025885
0.716667 0.008 0.00268513
0.716667 0.012 0.00277821
0.716667 0.016 0.00282905
0.716667 0.02 0.00284445
0.716667 0.024 0.00281286
0.716667 0.028 0.00287984
0.716667 0.032 0.00296548
0.716667 0.036 0.00308062
0.716667 0.04 0.00311395
0.716667 0.044 0.00305294
0.716667 0.048 0.00300724
0.716667 0.052 0.00342156
0.716667 0.056 0.0042629
0.716667 0.06 0.00503279
0.716667 0.064 0.00569435
0.716667 0.068 0.00577368
0.716667 0.072 0.00563168
0.716667 0.076 0.00813102
0.716667 0.08 0.00484105
0.716667 0.084 0.00258216
0.716667 0.088 0.00126565
0.716667 0.092 -0.00196474
0.716667 0.096 -0.00288389
0.716667 0.1 -0.00240256
0.716667 0.104 -0.000953325
0.716667 0.108 -0.000910253
0.716667 0.112 0.00683905
0.716667 0.116 0.00401125
0.716667 0.12 -1.13077e-05
0.716667 0.124 0.00180205
0.716667 0.128 0.00144634
0.716667 0.132 0.0069368
0.716667 0.136 0.00897216
0.716667 0.14 0.00564148
0.716667 0.144 0.00607181
0.716667 0.148 0.00722144
0.716667 0.152 0.00773473
0.716667 0.156 0.0143605
0.716667 0.16 0.0120758
0.716667 0.164 0.014329
0.716667 0.168 0.0235788
0.716667 0.172 0.0242007
0.716667 0.176 0.0247935
0.716667 0.18 0.0187124
0.716667 0.184 0.0163407
0.716667 0.188 0.0205642
0.716667 0.192 0.0147376
0.716667 0.196 0.0125047
0.716667 0.2 0.0170242
0.716667 0.204 0.0210727
0.716667 0.208 0.0133745
0.716667 0.212 0.0234332
0.716667 0.216 0.0249464
0.716667 0.22 0.0205024
0.716667 0.224 0.0382091
0.716667 0.228 0.040061
0.716667 0.232 0.0443666
0.716667 0.236 0.0459367
0.716667 0.24 0.0515628
0.716667 0.244 0.0551912
0.716667 0.248 0.0510249
0.716667 0.252 0.0573146
0.716667 0.256 0.0607347
0.716667 0.26 0.059114
0.716667 0.264 0.0594008
0.716667 0.268 0.0595548
0.716667 0.272 0.0579222
0.716667 0.276 0.0467674
0.716667 0.28 0.0502573
0.716667 0.284 0.0587116
0.716667 0.288 0.0512256
0.716667 0.292 0.0534658
0.716667 0.296 0.057757
0.716667 0.3 0.0419953
0.716667 0.304 0.0503714
0.716667 0.308 0.0325483
0.716667 0.312 0.0450494
0.716667 0.316 0.03848
0.716667 0.32 0.0403549
0.716667 0.324 0.0540835
0.716667 0.328 0.0545599
0.716667 0.332 0.0411551
0.716667 0.336 0.0573735
0.716667 0.34 0.0560112
0.716667 0.344 0.048727
0.716667 0.348 0.0743583
0.716667 0.352 0.0677296
0.716667 0.356 0.0631751
0.716667 0.36 0.0637497
0.716667 0.364 0.0577681
0.716667 0.368 0.071487
0.716667 0.372 0.0648478
0.716667 0.376 0.0609095
0.716667 0.38 0.0630572
0.716667 0.384 0.0551079
0.716667 0.388 0.0669319
0.716667 0.392 0.0492746
0.716667 0.396 0.0466561
0.716667 0.4 0.0325004
0.716667 0.404 0.0370021
0.716667 0.408 0.0451702
0.716667 0.412 0.0418324
0.716667 0.416 0.0279545
0.716667 0.42 0.0430916
0.716667 0.424 0.0385563
0.716667 0.428 0.0530384
0.716667 0.432 0.0501705
0.716667 0.436 0.0551114
0.716667 0.44 0.0552321
0.716667 0.444 0.0448126
0.716667 0.448 0.0523236
0.716667 0.452 0.0637939
0.716667 0.456 0.0598385
0.716667 0.46 0.0724232
0.716667 0.464 0.0503665
0.716667 0.468 0.0575956
0.716667 0.472 0.043793
0.716667 0.476 0.0682484
0.716667 0.48 0.0605689
0.716667 0.484 0.0512077
0.716667 0.488 0.0429644
0.716667 0.492 0.0336793
0.716667 0.496 0.0466456
0.716667 0.5 0.038759
0.716667 0.504 0.0549847
0.716667 0.508 0.0444022
0.716667 0.512 0.0464774
0.716667 0.516 0.0405299
0.716667 0.52 0.0538215
0.716667 0.524 0.0407074
0.716667 0.528 0.0459512
0.716667 0.532 0.0346552
0.716667 0.536 0.0378697
0.716667 0.54 0.0453361
0.716667 0.544 0.0453902
0.716667 0.548 0.0649356
0.716667 0.552 0.0624733
0.716667 0.556 0.0498558
0.716667 0.56 0.0522413
0.716667 0.564 0.0530763
0.716667 0.568 0.0513594
0.716667 0.572 0.0531723
0.716667 0.576 0.0610618
0.716667 0.58 0.0452314
0.716667 0.584 0.0404146
0.716667 0.588 0.0413233
0.716667 0.592 0.048794
0.716667 0.596 0.0288899
0.716667 0.6 0.0438703
0.716667 0.604 0.0525471
0.716667 0.608 0.0219852
0.716667 0.612 0.0285792
0.716667 0.616 0.0405775
0.716667 0.62 0.0342946
0.716667 0.624 0.0264474
0.716667 0.628 0.0476562
0.716667 0.632 0.0402009
0.716667 0.636 0.0416938
0.716667 0.64 0.0631979
0.716667 0.644 0.0499719
0.716667 0.648 0.0519887
0.716667 0.652 0.053988
0.716667 0.656 0.058561
0.716667 0.66 0.0563183
0.716667 0.664 0.0551514
0.716667 0.668 0.0526407
0.716667 0.672 0.0640273
0.716667 0.676 0.0574394
0.716667 0.68 0.0505336
0.716667 0.684 0.0364828
0.716667 0.688 0.047336
0.716667 0.692 0.0314168
0.716667 0.696 0.0317607
0.716667 0.7 0.0518766
0.716667 0.704 0.0418728
0.716667 0.708 0.0428478
0.716667 0.712 0.0464746
0.716667 0.716 0.0324946
0.716667 0.72 0.0191763
0.716667 0.724 0.0180767
0.716667 0.728 0.0207497
0.716667 0.732 0.022178
0.716667 0.736 0.0226571
0.716667 0.74 0.0165795
0.716667 0.744 0.0241824
0.716667 0.748 0.0275581
0.716667 0.752 0.0345832
0.716667 0.756 0.0274494
0.716667 0.76 0.0325306
0.716667 0.764 0.0323341
0.716667 0.768 0.0267937
0.716667 0.772 0.0369019
0.716667 0.776 0.0470319
0.716667 0.78 0.0369019
0.716667 0.784 0.0524696
0.716667 0.788 0.0364028
0.716667 0.792 0.0361626
0.716667 0.796 0.0352826
0.716667 0.8 0.0389807
0.733333 0 0.00257905
0.733333 0.004 0.00265966
0.733333 0.008 0.0027239
0.733333 0.012 0.0028061
0.733333 0.016 0.00283234
0.733333 0.02 0.00283752
0.733333 0.024 0.00282014
0.733333 0.028 0.00285797
0.733333 0.032 0.00284998
0.733333 0.036 0.0028726
0.733333 0.04 0.00279062
0.733333 0.044 0.00264747
0.733333 0.048 0.00251547
0.733333 0.052 0.00281529
0.733333 0.056 0.00359353
0.733333 0.06 0.00436965
0.733333 0.064 0.00508896
0.733333 0.068 0.00539761
0.733333 0.072 0.00521509
0.733333 0.076 0.00709094
0.733333 0.08 0.00345647
0.733333 0.084 0.000532895
0.733333 0.088 7.52465e-07
0.733333 0.092 -0.00333011
0.733333 0.096 -0.00454052
0.733333 0.1 -0.0038581
0.733333 0.104 -0.00155765
0.733333 0.108 -0.00054817
0.733333 0.112 0.0076626
0.733333 0.116 0.00464951
0.733333 0.12 0.000210785
0.733333 0.124 0.000767561
0.733333 0.128 0.000340245
0.733333 0.132 0.00580343
0.733333 0.136 0.00614208
0.733333 0.14 0.000942566
0.733333 0.144 0.00522888
0.733333 0.148 0.00745278
0.733333 0.152 0.00709213
0.733333 0.156 0.00859532
0.733333 0.16 0.0098521
0.733333 0.164 0.017868
0.733333 0.168 0.0206226
0.733333 0.172 0.0255714
0.733333 0.176 0.0219431
0.733333 0.18 0.0207904
0.733333 0.184 0.0144962
0.733333 0.188 0.0197967
0.733333 0.192 0.0142725
0.733333 0.196 0.0104676
0.733333 0.2 0.0128047
0.733333 0.204 0.0191849
0.733333 0.208 0.0161086
0.733333 0.212 0.0225038
0.733333 0.216 0.024103
0.733333 0.22 0.0229022
0.733333 0.224 0.0385336
0.733333 0.228 0.0351122
0.733333 0.232 0.0423587
0.733333 0.236 0.0455295
0.733333 0.24 0.0451903
0.733333 0.244 0.0516863
0.733333 0.248 0.052055
0.733333 0.252 0.0491408
0.733333 0.256 0.0541853
0.733333 0.26 0.0518673
0.733333 0.264 0.054694
0.733333 0.268 0.0550127
0.733333 0.272 0.0504215
0.733333 0.276 0.0427331
0.733333 0.28 0.0524452
0.733333 0.284 0.0468995
0.733333 0.288 0.0394231
0.733333 0.292 0.0493286
0.733333 0.296 0.0450019
0.733333 0.3 0.0408842
0.733333 0.304 0.0439294
0.733333 0.308 0.0374643
0.733333 0.312 0.0315537
0.733333 0.316 0.0411352
0.733333 0.32 0.0381954
0.733333 0.324 0.0505634
0.733333 0.328 0.0568826
0.733333 0.332 0.0415917
0.733333 0.336 0.0510441
0.733333 0.34 0.04887
0.733333 0.344 0.0459778
0.733333 0.348 0.0689282
0.733333 0.352 0.0675991
0.733333 0.356 0.0609293
0.733333 0.36 0.0638382
0.733333 0.364 0.0595611
0.733333 0.368 0.0660265
0.733333 0.372 0.0654345
0.733333 0.376 0.0526455
0.733333 0.38 0.0603814
0.733333 0.384 0.0611695
0.733333 0.388 0.0435307
0.733333 0.392 0.0534482
0.733333 0.396 0.0416206
0.733333 0.4 0.0376778
0.733333 0.404 0.0429074
0.733333 0.408 0.0372619
0.733333 0.412 0.0353331
0.733333 0.416 0.0349885
0.733333 0.42 0.0423329
0.733333 0.424 0.0322216
0.733333 0.428 0.0336871
0.733333 0.432 0.0506257
0.733333 0.436 0.053486
0.733333 0.44 0.0599342
0.733333 0.444 0.0449334
0.733333 0.448 0.0524092
0.733333 0.452 0.0513649
0.733333 0.456 0.055725
0.733333 0.46 0.0642816
0.733333 0.464 0.0551419
0.733333 0.468 0.0531315
0.733333 0.472 0.0477685
0.733333 0.476 0.0487841
0.733333 0.48 0.0588466
0.733333 0.484 0.0519328
0.733333 0.488 0.0478778
0.733333 0.492 0.0342693
0.733333 0.496 0.041119
0.733333 0.5 0.0379174
0.733333 0.504 0.0502813
0.733333 0.508 0.0361406
0.733333 0.512 0.0490139
0.733333 0.516 0.0395696
0.733333 0.52 0.053693
0.733333 0.524 0.0385155
0.733333 0.528 0.0454921
0.733333 0.532 0.0414316
0.733333 0.536 0.0317279
0.733333 0.54 0.0491667
0.733333 0.544 0.040161
0.733333 0.548 0.0600816
0.733333 0.552 0.0571612
0.733333 0.556 0.0495006
0.733333 0.56 0.0566449
0.733333 0.564 0.0531963
0.733333 0.568 0.0529894
0.733333 0.572 0.0608812
0.733333 0.576 0.0570493
0.733333 0.58 0.0382119
0.733333 0.584 0.0520966
0.733333 0.588 0.0448324
0.733333 0.592 0.0548783
0.733333 0.596 0.0288904
0.733333 0.6 0.0410996
0.733333 0.604 0.0524084
0.733333 0.608 0.0231365
0.733333 0.612 0.0457919
0.733333 0.616 0.0363263
0.733333 0.62 0.0339721
0.733333 0.624 0.0330337
0.733333 0.628 0.0497419
0.733333 0.632 0.0469059
0.733333 0.636 0.0407506
0.733333 0.64 0.0593709
0.733333 0.644 0.0520067
0.733333 0.648 0.0519128
0.733333 0.652 0.0585067
0.733333 0.656 0.0624463
0.733333 0.66 0.053476
0.733333 0.664 0.0581809
0.733333 0.668 0.0593773
0.733333 0.672 0.0669902
0.733333 0.676 0.0548019
0.733333 0.68 0.0532338
0.733333 0.684 0.0411879
0.733333 0.688 0.0491045
0.733333 0.692 0.0335314
0.733333 0.696 0.0374667
0.733333 0.7 0.0540046
0.733333 0.704 0.0438562
0.733333 0.708 0.0441409
0.733333 0.712 0.0463599
0.733333 0.716 0.0262148
0.733333 0.72 0.0147639
0.733333 0.724 0.0237809
0.733333 0.728 0.0240537
0.733333 0.732 0.0179161
0.733333 0.736 0.0223432
0.733333 0.74 0.0201313
0.733333 0.744 0.0261904
0.733333 0.748 0.030313
0.733333 0.752 0.0354203
0.733333 0.756 0.0315429
0.733333 0.76 0.028551
0.733333 0.764 0.0369919
0.733333 0.768 0.0301834
0.733333 0.772 0.0412288
0.733333 0.776 0.0489488
0.733333 0.78 0.0412288
0.733333 0.784 0.0487838
0.733333 0.788 0.0459249
0.733333 0.792 0.0399397
0.733333 0.796 0.0384068
0.733333 0.8 0.030855
0.75 0 0.00214954
0.75 0.004 0.00222243
0.75 0.008 0.00227136
0.75 0.012 0.00235546
0.75 0.016 0.00238242
0.75 0.02 0.00238702
0.75 0.024 0.00238928
0.75 0.028 0.00240482
0.75 0.032 0.00234283
0.75 0.036 0.00234132
0.75 0.04 0.002233
0.75 0.044 0.00206608
0.75 0.048 0.00196392
0.75 0.052 0.0022709
0.75 0.056 0.00306176
0.75 0.06 0.00387059
0.75 0.064 0.00460047
0.75 0.068 0.00501361
0.75 0.072 0.00492504
0.75 0.076 0.00621665
0.75 0.08 0.00289204
0.75 0.084 -0.000642807
0.75 0.088 -0.000786239
0.75 0.092 -0.00425907
0.75 0.096 -0.00543054
0.75 0.1 -0.00477696
0.75 0.104 -0.00134938
0.75 0.108 7.66938e-05
0.75 0.112 0.00810504
0.75 0.116 0.00451007
0.75 0.12 0.00114781
0.75 0.124 0.000430772
0.75 0.128 0.00102101
0.75 0.132 0.0058828
0.75 0.136 0.0052595
0.75 0.14 0.00203882
0.75 0.144 0.00321646
0.75 0.148 0.0106253
0.75 0.152 0.0078357
0.75 0.156 0.00515169
0.75 0.16 0.00549419
0.75 0.164 0.0197388
0.75 0.168 0.0176553
0.75 0.172 0.0231123
0.75 0.176 0.0183261
0.75 0.18 0.0214597
0.75 0.184 0.0127634
0.75 0.188 0.0161083
0.75 0.192 0.0120295
0.75 0.196 0.00824151
0.75 0.2 0.00947462
0.75 0.204 0.0176479
0.75 0.208 0.0198984
0.75 0.212 0.0220159
0.75 0.216 0.0240558
0.75 0.22 0.0240203
0.75 0.224 0.0373159
0.75 0.228 0.0350437
0.75 0.232 0.0395156
0.75 0.236 0.0434831
0.75 0.24 0.0396606
0.75 0.244 0.04744
0.75 0.248 0.0524846
0.75 0.252 0.0448676
0.75 0.256 0.048558
0.75 0.26 0.047242
0.75 0.264 0.0495627
0.75 0.268 0.0452674
0.75 0.272 0.044964
0.75 0.276 0.0425531
0.75 0.28 0.0473529
0.75 0.284 0.0405259
0.75 0.288 0.0322997
0.75 0.292 0.0451043
0.75 0.296 0.0326034
0.75 0.3 0.0372346
0.75 0.304 0.0352521
0.75 0.308 0.0376513
0.75 0.312 0.0284915
0.75 0.316 0.0419635
0.75 0.32 0.037089
0.75 0.324 0.0425197
0.75 0.328 0.0469251
0.75 0.332 0.0438832
0.75 0.336 0.0445679
0.75 0.34 0.0391554
0.75 0.344 0.044801
0.75 0.348 0.0582955
0.75 0.352 0.0613065
0.75 0.356 0.0693921
0.75 0.36 0.057541
0.75 0.364 0.0651748
0.75 0.368 0.061457
0.75 0.372 0.0681704
0.75 0.376 0.0467033
0.75 0.38 0.054275
0.75 0.384 0.0578005
0.75 0.388 0.028872
0.75 0.392 0.0546828
0.75 0.396 0.0392061
0.75 0.4 0.0436847
0.75 0.404 0.0415298
0.75 0.408 0.0356384
0.75 0.412 0.0308515
0.75 0.416 0.046358
0.75 0.42 0.0424927
0.75 0.424 0.0376474
0.75 0.428 0.0320419
0.75 0.432 0.0513746
0.75 0.436 0.0538625
0.75 0.44 0.0572194
0.75 0.444 0.0580763
0.75 0.448 0.0573881
0.75 0.452 0.0473312
0.75 0.456 0.0545052
0.75 0.46 0.0524207
0.75 0.464 0.0606497
0.75 0.468 0.0554227
0.75 0.472 0.0584959
0.75 0.476 0.0491323
0.75 0.48 0.0577785
0.75 0.484 0.0502044
0.75 0.488 0.0494274
0.75 0.492 0.0469417
0.75 0.496 0.0382482
0.75 0.5 0.0364872
0.75 0.504 0.0420389
0.75 0.508 0.0421541
0.75 0.512 0.0510287
0.75 0.516 0.0406437
0.75 0.52 0.045874
0.75 0.524 0.0368067
0.75 0.528 0.043825
0.75 0.532 0.0515779
0.75 0.536 0.040565
0.75 0.54 0.0458826
0.75 0.544 0.0511269
0.75 0.548 0.0656314
0.75 0.552 0.0480123
0.75 0.556 0.0495586
0.75 0.56 0.0604477
0.75 0.564 0.0549269
0.75 0.568 0.0555858
0.75 0.572 0.0629764
0.75 0.576 0.052378
0.75 0.58 0.0368917
0.75 0.584 0.0453223
0.75 0.588 0.0449881
0.75 0.592 0.0523477
0.75 0.596 0.0338731
0.75 0.6 0.0332813
0.75 0.604 0.0466501
0.75 0.608 0.027935
0.75 0.612 0.0536165
0.75 0.616 0.0314135
0.75 0.62 0.0253763
0.75 0.624 0.0327039
0.75 0.628 0.0415675
0.75 0.632 0.0421268
0.75 0.636 0.0521628
0.75 0.64 0.0531399
0.75 0.644 0.0545967
0.75 0.648 0.0566819
0.75 0.652 0.0589386
0.75 0.656 0.06396
0.75 0.66 0.056599
0.75 0.664 0.054603
0.75 0.668 0.0589286
0.75 0.672 0.0665044
0.75 0.676 0.0505608
0.75 0.68 0.0520176
0.75 0.684 0.044084
0.75 0.688 0.0491394
0.75 0.692 0.0432091
0.75 0.696 0.0386274
0.75 0.7 0.0531539
0.75 0.704 0.0481408
0.75 0.708 0.0446982
0.75 0.712 0.0412688
0.75 0.716 0.0191729
0.75 0.72 0.0209496
0.75 0.724 0.0277077
0.75 0.728 0.027043
0.75 0.732 0.0141012
0.75 0.736 0.0246014
0.75 0.74 0.0252355
0.75 0.744 0.0274254
0.75 0.748 0.0336181
0.75 0.752 0.0413782
0.75 0.756 0.0377224
0.75 0.76 0.0352752
0.75 0.764 0.0425037
0.75 0.768 0.0354021
0.75 0.772 0.0450337
0.75 0.776 0.0393863
0.75 0.78 0.0450337
0.75 0.784 0.0490527
0.75 0.788 0.0496447
0.75 0.792 0.0420221
0.75 0.796 0.0460572
0.75 0.8 0.0421349
0.766667 0 0.00149348
0.766667 0.004 0.00155951
0.766667 0.008 0.00160672
0.766667 0.012 0.00168931
0.766667 0.016 0.00172782
0.766667 0.02 0.00173211
0.766667 0.024 0.00175006
0.766667 0.028 0.00175385
0.766667 0.032 0.00167875
0.766667 0.036 0.00170629
0.766667 0.04 0.00164651
0.766667 0.044 0.00148191
0.766667 0.048 0.00147136
0.766667 0.052 0.00184175
0.766667 0.056 0.00263037
0.766667 0.06 0.00346822
0.766667 0.064 0.00401637
0.766667 0.068 0.00458017
0.766667 0.072 0.0043967
0.766667 0.076 0.00486606
0.766667 0.08 0.00271615
0.766667 0.084 -0.000849065
0.766667 0.088 -0.00100021
0.766667 0.092 -0.00405501
0.766667 0.096 -0.00552486
0.766667 0.1 -0.00447515
0.766667 0.104 -0.000395407
0.766667 0.108 0.00112245
0.766667 0.112 0.00860505
0.766667 0.116 0.00480544
0.766667 0.12 0.00251957
0.766667 0.124 0.0011575
0.766667 0.128 0.002462
0.766667 0.132 0.0067485
0.766667 0.136 0.00555457
0.766667 0.14 0.00799604
0.766667 0.144 0.00336265
0.766667 0.148 0.0129423
0.766667 0.152 0.00732995
0.766667 0.156 0.00261334
0.766667 0.16 0.000181525
0.766667 0.164 0.0144809
0.766667 0.168 0.0154921
0.766667 0.172 0.0157225
0.766667 0.176 0.0153393
0.766667 0.18 0.0189779
0.766667 0.184 0.0105168
0.766667 0.188 0.0110603
0.766667 0.192 0.00867712
0.766667 0.196 0.00616571
0.766667 0.2 0.00732777
0.766667 0.204 0.0166332
0.766667 0.208 0.0198898
0.766667 0.212 0.021501
0.766667 0.216 0.0234406
0.766667 0.22 0.022296
0.766667 0.224 0.0337178
0.766667 0.228 0.0340963
0.766667 0.232 0.0364644
0.766667 0.236 0.0380813
0.766667 0.24 0.0348835
0.766667 0.244 0.041328
0.766667 0.248 0.0418245
0.766667 0.252 0.0400099
0.766667 0.256 0.0459809
0.766667 0.26 0.042208
0.766667 0.264 0.0426554
0.766667 0.268 0.034714
0.766667 0.272 0.0415482
0.766667 0.276 0.0379849
0.766667 0.28 0.0360255
0.766667 0.284 0.0381173
0.766667 0.288 0.0306057
0.766667 0.292 0.0399979
0.766667 0.296 0.0295511
0.766667 0.3 0.0313485
0.766667 0.304 0.0303264
0.766667 0.308 0.0330649
0.766667 0.312 0.0319836
0.766667 0.316 0.0369556
0.766667 0.32 0.0386862
0.766667 0.324 0.0335444
0.766667 0.328 0.0348028
0.766667 0.332 0.0383142
0.766667 0.336 0.0439882
0.766667 0.34 0.0341933
0.766667 0.344 0.0452344
0.766667 0.348 0.04781
0.766667 0.352 0.0526999
0.766667 0.356 0.0716243
0.766667 0.36 0.0477551
0.766667 0.364 0.0626503
0.766667 0.368 0.0553942
0.766667 0.372 0.0642459
0.766667 0.376 0.0500118
0.766667 0.38 0.0464978
0.766667 0.384 0.0461756
0.766667 0.388 0.0365351
0.766667 0.392 0.0501733
0.766667 0.396 0.0386293
0.766667 0.4 0.0408912
0.766667 0.404 0.0347435
0.766667 0.408 0.0410763
0.766667 0.412 0.0315299
0.766667 0.416 0.0477485
0.766667 0.42 0.0442361
0.766667 0.424 0.0517922
0.766667 0.428 0.0507835
0.766667 0.432 0.0514287
0.766667 0.436 0.0548515
0.766667 0.44 0.0532572
0.766667 0.444 0.0695995
0.766667 0.448 0.0588129
0.766667 0.452 0.0543743
0.766667 0.456 0.0567757
0.766667 0.46 0.0548348
0.766667 0.464 0.0599674
0.766667 0.468 0.0589238
0.766667 0.472 0.0652979
0.766667 0.476 0.0631164
0.766667 0.48 0.0615598
0.766667 0.484 0.0435172
0.766667 0.488 0.0458903
0.766667 0.492 0.0549936
0.766667 0.496 0.0408669
0.766667 0.5 0.0415879
0.766667 0.504 0.0387861
0.766667 0.508 0.0529985
0.766667 0.512 0.049525
0.766667 0.516 0.0444949
0.766667 0.52 0.0432445
0.766667 0.524 0.0394934
0.766667 0.528 0.0408024
0.766667 0.532 0.0541362
0.766667 0.536 0.0557686
0.766667 0.54 0.0383165
0.766667 0.544 0.060112
0.766667 0.548 0.0734392
0.766667 0.552 0.0452855
0.766667 0.556 0.0505136
0.766667 0.56 0.0614739
0.766667 0.564 0.0524773
0.766667 0.568 0.0554837
0.766667 0.572 0.0597868
0.766667 0.576 0.0478195
0.766667 0.58 0.0425029
0.766667 0.584 0.0302668
0.766667 0.588 0.0410822
0.766667 0.592 0.0436968
0.766667 0.596 0.0414011
0.766667 0.6 0.0289645
0.766667 0.604 0.0436954
0.766667 0.608 0.0332444
0.766667 0.612 0.0406649
0.766667 0.616 0.0313467
0.766667 0.62 0.0186175
0.766667 0.624 0.031853
0.766667 0.628 0.0385685
0.766667 0.632 0.0312876
0.766667 0.636 0.0623798
0.766667 0.64 0.0522681
0.766667 0.644 0.0598855
0.766667 0.648 0.0601562
0.766667 0.652 0.0594264
0.766667 0.656 0.0646975
0.766667 0.66 0.0639207
0.766667 0.664 0.0535167
0.766667 0.668 0.0556288
0.766667 0.672 0.0628298
0.766667 0.676 0.0549154
0.766667 0.68 0.0491896
0.766667 0.684 0.0470081
0.766667 0.688 0.0476877
0.766667 0.692 0.0507625
0.766667 0.696 0.0389249
0.766667 0.7 0.052362
0.766667 0.704 0.0539955
0.766667 0.708 0.0454327
0.766667 0.712 0.0392713
0.766667 0.716 0.0219864
0.766667 0.72 0.0326562
0.766667 0.724 0.0285445
0.766667 0.728 0.0266173
0.766667 0.732 0.0153868
0.766667 0.736 0.0287531
0.766667 0.74 0.0291482
0.766667 0.744 0.0254069
0.766667 0.748 0.0391448
0.766667 0.752 0.0431766
0.766667 0.756 0.0426701
0.766667 0.76 0.0429087
0.766667 0.764 0.0480574
0.766667 0.768 0.0363605
0.766667 0.772 0.0447853
0.766667 0.776 0.0361876
0.766667 0.78 0.0447853
0.766667 0.784 0.05431
0.766667 0.788 0.0485253
0.766667 0.792 0.0463258
0.766667 0.796 0.0485969
0.766667 0.8 0.0548474
0.783333 0 0.00127389
0.783333 0.004 0.00131588
0.783333 0.008 0.0013514
0.783333 0.012 0.00140765
0.783333 0.016 0.00143395
0.783333 0.02 0.00142933
0.783333 0.024 0.00145572
0.783333 0.028 0.00144794
0.783333 0.032 0.0013502
0.783333 0.036 0.0013611
0.783333 0.04 0.00128074
0.783333 0.044 0.00107211
0.783333 0.048 0.00110889
0.783333 0.052 0.00149874
0.783333 0.056 0.00225966
0.783333 0.06 0.00314552
0.783333 0.064 0.00350602
0.783333 0.068 0.00432241
0.783333 0.072 0.00409451
0.783333 0.076 0.00362654
0.783333 0.08 0.00267845
0.783333 0.084 -0.000132709
0.783333 0.088 -0.000344365
0.783333 0.092 -0.00279949
0.783333 0.096 -0.00468065
0.783333 0.1 -0.00304903
0.783333 0.104 0.00127074
0.783333 0.108 0.00321025
0.783333 0.112 0.00911763
0.783333 0.116 0.00637767
0.783333 0.12 0.0046601
0.783333 0.124 0.00275057
0.783333 0.128 0.00350169
0.783333 0.132 0.00720652
0.783333 0.136 0.00571073
0.783333 0.14 0.0132709
0.783333 0.144 0.00783531
0.783333 0.148 0.011814
0.783333 0.152 0.00479398
0.783333 0.156 -0.00058136
0.783333 0.16 -0.00258921
0.783333 0.164 0.00450306
0.783333 0.168 0.0120439
0.783333 0.172 0.00683371
0.783333 0.176 0.0129177
0.783333 0.18 0.0144643
0.783333 0.184 0.0074669
0.783333 0.188 0.00662802
0.783333 0.192 0.00549369
0.783333 0.196 0.00501271
0.783333 0.2 0.00660312
0.783333 0.204 0.0157382
0.783333 0.208 0.017055
0.783333 0.212 0.0206074
0.783333 0.216 0.0222709
0.783333 0.22 0.0204047
0.783333 0.224 0.0293307
0.783333 0.228 0.0306033
0.783333 0.232 0.0334855
0.783333 0.236 0.0314542
0.783333 0.24 0.0321207
0.783333 0.244 0.0333551
0.783333 0.248 0.0299418
0.783333 0.252 0.0340683
0.783333 0.256 0.0420158
0.783333 0.26 0.0363128
0.783333 0.264 0.0334822
0.783333 0.268 0.0290184
0.783333 0.272 0.0367976
0.783333 0.276 0.0305118
0.783333 0.28 0.0286813
0.783333 0.284 0.031004
0.783333 0.288 0.0298667
0.783333 0.292 0.0340975
0.783333 0.296 0.0328369
0.783333 0.3 0.0290153
0.783333 0.304 0.0302227
0.783333 0.308 0.0344306
0.783333 0.312 0.0303157
0.783333 0.316 0.02946
0.783333 0.32 0.0407593
0.783333 0.324 0.0286461
0.783333 0.328 0.0309398
0.783333 0.332 0.0285461
0.783333 0.336 0.0457976
0.783333 0.34 0.0364192
0.783333 0.344 0.0461844
0.783333 0.348 0.0406114
0.783333 0.352 0.0474453
0.783333 0.356 0.0572146
0.783333 0.36 0.0429201
0.783333 0.364 0.0510527
0.783333 0.368 0.0465638
0.783333 0.372 0.0505477
0.783333 0.376 0.0546582
0.783333 0.38 0.0392569
0.783333 0.384 0.039392
0.783333 0.388 0.0479014
0.783333 0.392 0.0444704
0.783333 0.396 0.0364466
0.783333 0.4 0.0337654
0.783333 0.404 0.0324739
0.783333 0.408 0.042341
0.783333 0.412 0.0334382
0.783333 0.416 0.0375737
0.783333 0.42 0.0444179
0.783333 0.424 0.0583435
0.783333 0.428 0.0638561
0.783333 0.432 0.050209
0.783333 0.436 0.0515523
0.783333 0.44 0.0558527
0.783333 0.444 0.0702113
0.783333 0.448 0.0541166
0.783333 0.452 0.0612716
0.783333 0.456 0.0607002
0.783333 0.46 0.0690015
0.783333 0.464 0.0551243
0.783333 0.468 0.0563911
0.783333 0.472 0.0611113
0.783333 0.476 0.0626136
0.783333 0.48 0.0664556
0.783333 0.484 0.0380811
0.783333 0.488 0.0412911
0.783333 0.492 0.0478513
0.783333 0.496 0.0442462
0.783333 0.5 0.0491875
0.783333 0.504 0.0389711
0.783333 0.508 0.0506901
0.783333 0.512 0.0468437
0.783333 0.516 0.0463677
0.783333 0.52 0.0479507
0.783333 0.524 0.0449161
0.783333 0.528 0.0356158
0.783333 0.532 0.0512739
0.783333 0.536 0.0600017
0.783333 0.54 0.0362076
0.783333 0.544 0.0536819
0.783333 0.548 0.0676246
0.783333 0.552 0.0511462
0.783333 0.556 0.0511876
0.783333 0.56 0.0652957
0.783333 0.564 0.0491302
0.783333 0.568 0.0530125
0.783333 0.572 0.0555582
0.783333 0.576 0.0423559
0.783333 0.58 0.0443661
0.783333 0.584 0.030387
0.783333 0.588 0.0372038
0.783333 0.592 0.0401287
0.783333 0.596 0.0473374
0.783333 0.6 0.0324052
0.783333 0.604 0.0466476
0.783333 0.608 0.0377578
0.783333 0.612 0.0292786
0.783333 0.616 0.0371925
0.783333 0.62 0.0244244
0.783333 0.624 0.0392269
0.783333 0.628 0.0471263
0.783333 0.632 0.0350816
0.783333 0.636 0.0583512
0.783333 0.64 0.0581498
0.783333 0.644 0.0670924
0.783333 0.648 0.0569006
0.783333 0.652 0.0665367
0.783333 0.656 0.0642842
0.783333 0.66 0.0704767
0.783333 0.664 0.060294
0.783333 0.668 0.055828
0.783333 0.672 0.0588227
0.783333 0.676 0.0646625
0.783333 0.68 0.0512095
0.783333 0.684 0.0515892
0.783333 0.688 0.0470233
0.783333 0.692 0.0489576
0.783333 0.696 0.0429517
0.783333 0.7 0.0525589
0.783333 0.704 0.0568649
0.783333 0.708 0.0468919
0.783333 0.712 0.0436957
0.783333 0.716 0.0292349
0.783333 0.72 0.0362818
0.783333 0.724 0.0295714
0.783333 0.728 0.0251494
0.783333 0.732 0.0220146
0.783333 0.736 0.0298914
0.783333 0.74 0.0309815
0.783333 0.744 0.0236413
0.783333 0.748 0.0475147
0.783333 0.752 0.0368678
0.783333 0.756 0.0441253
0.783333 0.76 0.0409803
0.783333 0.764 0.0533589
0.783333 0.768 0.0338025
0.783333 0.772 0.0438945
0.783333 0.776 0.0472848
0.783333 0.78 0.0438945
0.783333 0.784 0.058426
0.783333 0.788 0.0505204
0.783333 0.792 0.0527297
0.783333 0.796 0.0444769
0.783333 0.8 0.0496017
0.8 0 0.00135151
0.8 0.004 0.00135673
0.8 0.008 0.00136875
0.8 0.012 0.00138554
0.8 0.016 0.00137669
0.8 0.02 0.00135231
0.8 0.024 0.00137819
0.8 0.028 0.00135633
0.8 0.032 0.00122892
0.8 0.036 0.001185
0.8 0.04 0.00100903
0.8 0.044 0.000740488
0.8 0.048 0.000785624
0.8 0.052 0.00114366
0.8 0.056 0.00192583
0.8 0.06 0.0029053
0.8 0.064 0.0032931
0.8 0.068 0.00424795
0.8 0.072 0.00426455
0.8 0.076 0.00323725
0.8 0.08 0.00297253
0.8 0.084 0.00136633
0.8 0.088 0.00126429
0.8 0.092 -0.00115743
0.8 0.096 -0.00306472
0.8 0.1 -0.00118852
0.8 0.104 0.00299366
0.8 0.108 0.00572013
0.8 0.112 0.00905238
0.8 0.116 0.00835597
0.8 0.12 0.00709772
0.8 0.124 0.00421122
0.8 0.128 0.00380005
0.8 0.132 0.00647345
0.8 0.136 0.00547862
0.8 0.14 0.0145511
0.8 0.144 0.0142181
0.8 0.148 0.00874458
0.8 0.152 0.00259904
0.8 0.156 -0.002904
0.8 0.16 -0.001071
0.8 0.164 -0.00214051
0.8 0.168 0.00627847
0.8 0.172 0.00130323
0.8 0.176 0.00968434
0.8 0.18 0.00967765
0.8 0.184 0.00414881
0.8 0.188 0.00405251
0.8 0.192 0.00273931
0.8 0.196 0.00409604
0.8 0.2 0.00646735
0.8 0.204 0.0143997
0.8 0.208 0.0162687
0.8 0.212 0.0196577
0.8 0.216 0.0217953
0.8 0.22 0.0216171
0.8 0.224 0.0259192
0.8 0.228 0.0272329
0.8 0.232 0.0308736
0.8 0.236 0.0267191
0.8 0.24 0.03151
0.8 0.244 0.0261975
0.8 0.248 0.0280147
0.8 0.252 0.0303811
0.8 0.256 0.0353106
0.8 0.26 0.0301177
0.8 0.264 0.0258254
0.8 0.268 0.0275906
0.8 0.272 0.0301865
0.8 0.276 0.0246013
0.8 0.28 0.0284733
0.8 0.284 0.0204867
0.8 0.288 0.0271987
0.8 0.292 0.0292462
0.8 0.296 0.0349862
0.8 0.3 0.0309444
0.8 0.304 0.030097
0.8 0.308 0.0388501
0.8 0.312 0.0230433
0.8 0.316 0.0250131
0.8 0.32 0.0400341
0.8 0.324 0.029698
0.8 0.328 0.0328682
0.8 0.332 0.0251234
0.8 0.336 0.0430555
0.8 0.34 0.0411414
0.8 0.344 0.0421287
0.8 0.348 0.0361027
0.8 0.352 0.0458549
0.8 0.356 0.0371372
0.8 0.36 0.0443214
0.8 0.364 0.0408021
0.8 0.368 0.0382679
0.8 0.372 0.0360254
0.8 0.376 0.050218
0.8 0.38 0.0350401
0.8 0.384 0.0429749
0.8 0.388 0.0421223
0.8 0.392 0.0419204
0.8 0.396 0.0321261
0.8 0.4 0.0334075
0.8 0.404 0.0343494
0.8 0.408 0.034204
0.8 0.412 0.0332165
0.8 0.416 0.0309238
0.8 0.42 0.0400425
0.8 0.424 0.0475604
0.8 0.428 0.0562971
0.8 0.432 0.0483123
0.8 0.436 0.0458038
0.8 0.44 0.0596356
0.8 0.444 0.0656327
0.8 0.448 0.0508598
0.8 0.452 0.0571903
0.8 0.456 0.0638988
0.8 0.46 0.0726306
0.8 0.464 0.0544916
0.8 0.468 0.052101
0.8 0.472 0.0503956
0.8 0.476 0.0521639
0.8 0.48 0.0654725
0.8 0.484 0.0401556
0.8 0.488 0.0394582
0.8 0.492 0.0373088
0.8 0.496 0.0414705
0.8 0.5 0.0492834
0.8 0.504 0.0365199
0.8 0.508 0.038236
0.8 0.512 0.045381
0.8 0.516 0.0450223
0.8 0.52 0.0486599
0.8 0.524 0.0480113
0.8 0.528 0.0304967
0.8 0.532 0.0493505
0.8 0.536 0.0498267
0.8 0.54 0.0404101
0.8 0.544 0.0430246
0.8 0.548 0.0532339
0.8 0.552 0.059187
0.8 0.556 0.0504503
0.8 0.56 0.071843
0.8 0.564 0.0522551
0.8 0.568 0.0524233
0.8 0.572 0.0524905
0.8 0.576 0.041148
0.8 0.58 0.0405956
0.8 0.584 0.0445033
0.8 0.588 0.0361785
0.8 0.592 0.045144
0.8 0.596 0.0501941
0.8 0.6 0.0384241
0.8 0.604 0.0511471
0.8 0.608 0.0412316
0.8 0.612 0.0361491
0.8 0.616 0.042435
0.8 0.62 0.0351078
0.8 0.624 0.0500924
0.8 0.628 0.0533312
0.8 0.632 0.0506076
0.8 0.636 0.0479549
0.8 0.64 0.0622113
0.8 0.644 0.0682696
0.8 0.648 0.0536334
0.8 0.652 0.0734718
0.8 0.656 0.0620893
0.8 0.66 0.0720459
0.8 0.664 0.0672873
0.8 0.668 0.059549
0.8 0.672 0.0566681
0.8 0.676 0.067597
0.8 0.68 0.058263
0.8 0.684 0.0537082
0.8 0.688 0.050069
0.8 0.692 0.0432174
0.8 0.696 0.047538
0.8 0.7 0.0525751
0.8 0.704 0.0550475
0.8 0.708 0.0491784
0.8 0.712 0.0487093
0.8 0.716 0.029382
0.8 0.72 0.0291902
0.8 0.724 0.030361
0.8 0.728 0.0257978
0.8 0.732 0.0292143
0.8 0.736 0.0256853
0.8 0.74 0.0317025
0.8 0.744 0.0265492
0.8 0.748 0.0510182
0.8 0.752 0.0333967
0.8 0.756 0.0411663
0.8 0.76 0.036361
0.8 0.764 0.0558843
0.8 0.768 0.0351737
0.8 0.772 0.0466825
0.8 0.776 0.0570475
0.8 0.78 0.0466825
0.8 0.784 0.0576547
0.8 0.788 0.0555899
0.8 0.792 0.0572624
0.8 0.796 0.0435657
0.8 0.8 0.039256
0.816667 0 0.00110466
0.816667 0.004 0.00108148
0.816667 0.008 0.00107557
0.816667 0.012 0.00106624
0.816667 0.016 0.00102714
0.816667 0.02 0.000974307
0.816667 0.024 0.000986043
0.816667 0.028 0.000952997
0.816667 0.032 0.0008342
0.816667 0.036 0.000793098
0.816667 0.04 0.000585131
0.816667 0.044 0.000320732
0.816667 0.048 0.000409017
0.816667 0.052 0.000737052
0.816667 0.056 0.0015959
0.816667 0.06 0.00267444
0.816667 0.064 0.00320331
0.816667 0.068 0.00412202
0.816667 0.072 0.00435995
0.816667 0.076 0.003192
0.816667 0.08 0.00339031
0.816667 0.084 0.00299386
0.816667 0.088 0.0033191
0.816667 0.092 0.000705383
0.816667 0.096 -0.000920847
0.816667 0.1 0.000781961
0.816667 0.104 0.00416798
0.816667 0.108 0.00732552
0.816667 0.112 0.00815778
0.816667 0.116 0.00925171
0.816667 0.12 0.0084439
0.816667 0.124 0.00457083
0.816667 0.128 0.0035396
0.816667 0.132 0.00477117
0.816667 0.136 0.0053782
0.816667 0.14 0.0130462
0.816667 0.144 0.0172558
0.816667 0.148 0.00629663
0.816667 0.152 0.00272884
0.816667 0.156 -0.00231355
0.816667 0.16 0.00275752
0.816667 0.164 -0.00108113
0.816667 0.168 0.00112074
0.816667 0.172 0.000811921
0.816667 0.176 0.005084
0.816667 0.18 0.00529941
0.816667 0.184 0.00212531
0.816667 0.188 0.00298451
0.816667 0.192 0.000271438
0.816667 0.196 0.0021308
0.816667 0.2 0.00577203
0.816667 0.204 0.0126098
0.816667 0.208 0.0193604
0.816667 0.212 0.0191777
0.816667 0.216 0.0227028
0.816667 0.22 0.0256705
0.816667 0.224 0.0228886
0.816667 0.228 0.0244156
0.816667 0.232 0.0286249
0.816667 0.236 0.0242523
0.816667 0.24 0.0297621
0.816667 0.244 0.0232009
0.816667 0.248 0.0293834
0.816667 0.252 0.029753
0.816667 0.256 0.0307196
0.816667 0.26 0.0240841
0.816667 0.264 0.0244092
0.816667 0.268 0.0259607
0.816667 0.272 0.0254378
0.816667 0.276 0.0203916
0.816667 0.28 0.0277258
0.816667 0.284 0.0165925
0.816667 0.288 0.0237593
0.816667 0.292 0.0272975
0.816667 0.296 0.032482
0.816667 0.3 0.0306608
0.816667 0.304 0.0264096
0.816667 0.308 0.0333049
0.816667 0.312 0.0199108
0.816667 0.316 0.0249492
0.816667 0.32 0.0362206
0.816667 0.324 0.0328512
0.816667 0.328 0.0310647
0.816667 0.332 0.0300131
0.816667 0.336 0.0357383
0.816667 0.34 0.0421749
0.816667 0.344 0.0308227
0.816667 0.348 0.0327199
0.816667 0.352 0.0439727
0.816667 0.356 0.0296179
0.816667 0.36 0.0445652
0.816667 0.364 0.0393471
0.816667 0.368 0.0353383
0.816667 0.372 0.03188
0.816667 0.376 0.0395812
0.816667 0.38 0.0343063
0.816667 0.384 0.0462803
0.816667 0.388 0.0254237
0.816667 0.392 0.0406158
0.816667 0.396 0.028657
0.816667 0.4 0.0409951
0.816667 0.404 0.0319364
0.816667 0.408 0.0259777
0.816667 0.412 0.0340957
0.816667 0.416 0.036047
0.816667 0.42 0.0331071
0.816667 0.424 0.030328
0.816667 0.428 0.0430282
0.816667 0.432 0.0483035
0.816667 0.436 0.0448738
0.816667 0.44 0.0574628
0.816667 0.444 0.0626264
0.816667 0.448 0.0543864
0.816667 0.452 0.0467504
0.816667 0.456 0.0648646
0.816667 0.46 0.0584125
0.816667 0.464 0.059606
0.816667 0.468 0.0542145
0.816667 0.472 0.0432287
0.816667 0.476 0.0575586
0.816667 0.48 0.0593916
0.816667 0.484 0.0454272
0.816667 0.488 0.040535
0.816667 0.492 0.037262
0.816667 0.496 0.0329681
0.816667 0.5 0.0413998
0.816667 0.504 0.0316946
0.816667 0.508 0.0333653
0.816667 0.512 0.0442459
0.816667 0.516 0.0451359
0.816667 0.52 0.0401191
0.816667 0.524 0.0460636
0.816667 0.528 0.0291048
0.816667 0.532 0.0475477
0.816667 0.536 0.0387597
0.816667 0.54 0.0425533
0.816667 0.544 0.045965
0.816667 0.548 0.0502516
0.816667 0.552 0.0628094
0.816667 0.556 0.0498451
0.816667 0.56 0.0727289
0.816667 0.564 0.0600442
0.816667 0.568 0.0551076
0.816667 0.572 0.0512115
0.816667 0.576 0.0475748
0.816667 0.58 0.0417966
0.816667 0.584 0.0514212
0.816667 0.588 0.0384537
0.816667 0.592 0.0511302
0.816667 0.596 0.0511405
0.816667 0.6 0.0407352
0.816667 0.604 0.0519982
0.816667 0.608 0.0424741
0.816667 0.612 0.0465363
0.816667 0.616 0.0421998
0.816667 0.62 0.036684
0.816667 0.624 0.0520602
0.816667 0.628 0.0450967
0.816667 0.632 0.0542328
0.816667 0.636 0.0479372
0.816667 0.64 0.0589847
0.816667 0.644 0.0609233
0.816667 0.648 0.0587054
0.816667 0.652 0.068855
0.816667 0.656 0.0608848
0.816667 0.66 0.0694259
0.816667 0.664 0.0671056
0.816667 0.668 0.0635524
0.816667 0.672 0.057377
0.816667 0.676 0.0628969
0.816667 0.68 0.0640547
0.816667 0.684 0.0495119
0.816667 0.688 0.0564325
0.816667 0.692 0.0433575
0.816667 0.696 0.047277
0.816667 0.7 0.05302
0.816667 0.704 0.052452
0.816667 0.708 0.0522864
0.816667 0.712 0.0476239
0.816667 0.716 0.0234508
0.816667 0.72 0.0234281
0.816667 0.724 0.0277031
0.816667 0.728 0.0275297
0.816667 0.732 0.0320049
0.816667 0.736 0.0216125
0.816667 0.74 0.0322662
0.816667 0.744 0.0325736
0.816667 0.748 0.0423937
0.816667 0.752 0.0420073
0.816667 0.756 0.0361814
0.816667 0.76 0.0406885
0.816667 0.764 0.0543193
0.816667 0.768 0.0418719
0.816667 0.772 0.0518837
0.816667 0.776 0.0533402
0.816667 0.78 0.0518837
0.816667 0.784 0.0546928
0.816667 0.788 0.0570244
0.816667 0.792 0.0574732
0.816667 0.796 0.0511227
0.816667 0.8 0.045657
0.833333 0 0.00058223
0.833333 0.004 0.000542238
0.833333 0.008 0.000524172
0.833333 0.012 0.000500722
0.833333 0.016 0.000439254
0.833333 0.02 0.000352507
0.833333 0.024 0.000331139
0.833333 0.028 0.000284321
0.833333 0.032 0.000198694
0.833333 0.036 0.000211713
0.833333 0.04 5.826e-05
0.833333 0.044 -0.000151136
0.833333 0.048 5.53281e-06
0.833333 0.052 0.00033007
0.833333 0.056 0.00123938
0.833333 0.06 0.00237051
0.833333 0.064 0.00294171
0.833333 0.068 0.00391293
0.833333 0.072 0.00403908
0.833333 0.076 0.00282656
0.833333 0.08 0.00334938
0.833333 0.084 0.00399121
0.833333 0.088 0.00518064
0.833333 0.092 0.00316861
0.833333 0.096 0.0019451
0.833333 0.1 0.00305678
0.833333 0.104 0.00511779
0.833333 0.108 0.00777924
0.833333 0.112 0.00682789
0.833333 0.116 0.00880793
0.833333 0.12 0.00814905
0.833333 0.124 0.00379241
0.833333 0.128 0.00269853
0.833333 0.132 0.00246974
0.833333 0.136 0.0052663
0.833333 0.14 0.0107843
0.833333 0.144 0.0144792
0.833333 0.148 0.00492238
0.833333 0.152 0.00388463
0.833333 0.156 0.000148399
0.833333 0.16 0.00539531
0.833333 0.164 0.00337017
0.833333 0.168 -0.000279147
0.833333 0.172 0.00249807
0.833333 0.176 0.000680958
0.833333 0.18 0.00201996
0.833333 0.184 0.00297144
0.833333 0.188 0.00218775
0.833333 0.192 -0.000633379
0.833333 0.196 -0.000140711
0.833333 0.2 0.00484271
0.833333 0.204 0.0111095
0.833333 0.208 0.0227928
0.833333 0.212 0.0194471
0.833333 0.216 0.0240429
0.833333 0.22 0.0283234
0.833333 0.224 0.0191273
0.833333 0.228 0.0212015
0.833333 0.232 0.0261187
0.833333 0.236 0.022103
0.833333 0.24 0.0247693
0.833333 0.244 0.0238897
0.833333 0.248 0.023577
0.833333 0.252 0.0287482
0.833333 0.256 0.0294316
0.833333 0.26 0.0197668
0.833333 0.264 0.0279
0.833333 0.268 0.0225669
0.833333 0.272 0.0249317
0.833333 0.276 0.0169631
0.833333 0.28 0.0211936
0.833333 0.284 0.0209631
0.833333 0.288 0.0210302
0.833333 0.292 0.0270442
0.833333 0.296 0.0259178
0.833333 0.3 0.0239133
0.833333 0.304 0.0216069
0.833333 0.308 0.0208225
0.833333 0.312 0.0236186
0.833333 0.316 0.0269817
0.833333 0.32 0.0313534
0.833333 0.324 0.0325418
0.833333 0.328 0.0236528
0.833333 0.332 0.0342147
0.833333 0.336 0.0292168
0.833333 0.34 0.0378884
0.833333 0.344 0.0203075
0.833333 0.348 0.030414
0.833333 0.352 0.0401675
0.833333 0.356 0.0371652
0.833333 0.36 0.0390444
0.833333 0.364 0.0421734
0.833333 0.368 0.0380151
0.833333 0.372 0.0375632
0.833333 0.376 0.0331579
0.833333 0.38 0.0325458
0.833333 0.384 0.038809
0.833333 0.388 0.0186943
0.833333 0.392 0.0362907
0.833333 0.396 0.0275903
0.833333 0.4 0.0455431
0.833333 0.404 0.0255361
0.833333 0.408 0.0271662
0.833333 0.412 0.0396137
0.833333 0.416 0.0406663
0.833333 0.42 0.0289609
0.833333 0.424 0.0255683
0.833333 0.428 0.0429909
0.833333 0.432 0.0516806
0.833333 0.436 0.0490871
0.833333 0.44 0.0559546
0.833333 0.444 0.058072
0.833333 0.448 0.0587975
0.833333 0.452 0.0442939
0.833333 0.456 0.0624208
0.833333 0.46 0.0473693
0.833333 0.464 0.0619496
0.833333 0.468 0.0602105
0.833333 0.472 0.043039
0.833333 0.476 0.0719571
0.833333 0.48 0.0554014
0.833333 0.484 0.0440648
0.833333 0.488 0.0433742
0.833333 0.492 0.0414711
0.833333 0.496 0.0267339
0.833333 0.5 0.0340826
0.833333 0.504 0.0294643
0.833333 0.508 0.0398293
0.833333 0.512 0.0428072
0.833333 0.516 0.0474003
0.833333 0.52 0.0329851
0.833333 0.524 0.0408732
0.833333 0.528 0.0314735
0.833333 0.532 0.0431679
0.833333 0.536 0.0385639
0.833333 0.54 0.0397878
0.833333 0.544 0.0599154
0.833333 0.548 0.0604482
0.833333 0.552 0.0605346
0.833333 0.556 0.0519815
0.833333 0.56 0.0650428
0.833333 0.564 0.0637066
0.833333 0.568 0.0578453
0.833333 0.572 0.0536774
0.833333 0.576 0.0534787
0.833333 0.58 0.0511425
0.833333 0.584 0.0459093
0.833333 0.588 0.0436189
0.833333 0.592 0.0510575
0.833333 0.596 0.0508443
0.833333 0.6 0.0402777
0.833333 0.604 0.0499202
0.833333 0.608 0.0411251
0.833333 0.612 0.0437315
0.833333 0.616 0.0413119
0.833333 0.62 0.0323595
0.833333 0.624 0.0446798
0.833333 0.628 0.0324177
0.833333 0.632 0.0441056
0.833333 0.636 0.0578452
0.833333 0.64 0.0557171
0.833333 0.644 0.0572498
0.833333 0.648 0.0676258
0.833333 0.652 0.0591377
0.833333 0.656 0.0641916
0.833333 0.66 0.0679965
0.833333 0.664 0.0654379
0.833333 0.668 0.0673897
0.833333 0.672 0.0615353
0.833333 0.676 0.0634393
0.833333 0.68 0.0659446
0.833333 0.684 0.0436174
0.833333 0.688 0.0616644
0.833333 0.692 0.0498441
0.833333 0.696 0.0444212
0.833333 0.7 0.0557749
0.833333 0.704 0.0527914
0.833333 0.708 0.0555887
0.833333 0.712 0.042345
0.833333 0.716 0.0228626
0.833333 0.72 0.0278923
0.833333 0.724 0.0237826
0.833333 0.728 0.0283308
0.833333 0.732 0.0303106
0.833333 0.736 0.0252716
0.833333 0.74 0.0324907
0.833333 0.744 0.0366621
0.833333 0.748 0.0294337
0.833333 0.752 0.0542713
0.833333 0.756 0.0349272
0.833333 0.76 0.050177
0.833333 0.764 0.0521618
0.833333 0.768 0.0453829
0.833333 0.772 0.055967
0.833333 0.776 0.0486856
0.833333 0.78 0.055967
0.833333 0.784 0.053409
0.833333 0.788 0.0545808
0.833333 0.792 0.0550663
0.833333 0.796 0.0589662
0.833333 0.8 0.0603318
0.85 0 0.000381512
0.85 0.004 0.000321335
0.85 0.008 0.000280204
0.85 0.012 0.000233602
0.85 0.016 0.000137378
0.85 0.02 1.47504e-05
0.85 0.024 -5.80277e-05
0.85 0.028 -0.00013511
0.85 0.032 -0.000230969
0.85 0.036 -0.000226935
0.85 0.04 -0.000371844
0.85 0.044 -0.000557464
0.85 0.048 -0.000386314
0.85 0.052 -5.16887e-05
0.85 0.056 0.000852396
0.85 0.06 0.00200729
0.85 0.064 0.00258372
0.85 0.068 0.00384666
0.85 0.072 0.00381381
0.85 0.076 0.00269238
0.85 0.08 0.00290982
0.85 0.084 0.00440181
0.85 0.088 0.00669762
0.85 0.092 0.00611686
0.85 0.096 0.00552705
0.85 0.1 0.00563316
0.85 0.104 0.00639628
0.85 0.108 0.00792431
0.85 0.112 0.0055521
0.85 0.116 0.00799727
0.85 0.12 0.00719408
0.85 0.124 0.00268681
0.85 0.128 0.00115464
0.85 0.132 -0.000279031
0.85 0.136 0.00417541
0.85 0.14 0.00776251
0.85 0.144 0.00894399
0.85 0.148 0.00353896
0.85 0.152 0.00363914
0.85 0.156 0.00157228
0.85 0.16 0.00530943
0.85 0.164 0.0045864
0.85 0.168 0.00095199
0.85 0.172 0.00265416
0.85 0.176 -0.00102918
0.85 0.18 0.000925365
0.85 0.184 0.00668622
0.85 0.188 0.00152049
0.85 0.192 0.00197794
0.85 0.196 -0.000146653
0.85 0.2 0.00523354
0.85 0.204 0.0107226
0.85 0.208 0.0225614
0.85 0.212 0.0203211
0.85 0.216 0.0241997
0.85 0.22 0.026234
0.85 0.224 0.0155437
0.85 0.228 0.0189084
0.85 0.232 0.0229215
0.85 0.236 0.0193315
0.85 0.24 0.0197986
0.85 0.244 0.0239687
0.85 0.248 0.0154484
0.85 0.252 0.0245726
0.85 0.256 0.0262119
0.85 0.26 0.0187478
0.85 0.264 0.0292304
0.85 0.268 0.0191897
0.85 0.272 0.0259728
0.85 0.276 0.0160165
0.85 0.28 0.0139147
0.85 0.284 0.0237269
0.85 0.288 0.0181822
0.85 0.292 0.0247389
0.85 0.296 0.0184716
0.85 0.3 0.014798
0.85 0.304 0.0203274
0.85 0.308 0.0181949
0.85 0.312 0.0261519
0.85 0.316 0.028862
0.85 0.32 0.0267079
0.85 0.324 0.0279081
0.85 0.328 0.0184117
0.85 0.332 0.0300971
0.85 0.336 0.0252226
0.85 0.34 0.0312043
0.85 0.344 0.0200382
0.85 0.348 0.0292632
0.85 0.352 0.0361717
0.85 0.356 0.0442886
0.85 0.36 0.031836
0.85 0.364 0.0403817
0.85 0.368 0.0403578
0.85 0.372 0.0412441
0.85 0.376 0.0319627
0.85 0.38 0.0246649
0.85 0.384 0.0259957
0.85 0.388 0.0270983
0.85 0.392 0.0289233
0.85 0.396 0.0268387
0.85 0.4 0.0381939
0.85 0.404 0.0238114
0.85 0.408 0.0336921
0.85 0.412 0.0454077
0.85 0.416 0.032276
0.85 0.42 0.0299137
0.85 0.424 0.0354959
0.85 0.428 0.0519258
0.85 0.432 0.055149
0.85 0.436 0.0509288
0.85 0.44 0.0614231
0.85 0.444 0.0492001
0.85 0.448 0.0566417
0.85 0.452 0.0539273
0.85 0.456 0.0565571
0.85 0.46 0.0540768
0.85 0.464 0.0553342
0.85 0.468 0.060421
0.85 0.472 0.0442643
0.85 0.476 0.0644733
0.85 0.48 0.0556648
0.85 0.484 0.0357341
0.85 0.488 0.0472871
0.85 0.492 0.0368082
0.85 0.496 0.0284688
0.85 0.5 0.0309739
0.85 0.504 0.0305972
0.85 0.508 0.0442205
0.85 0.512 0.0427234
0.85 0.516 0.0451959
0.85 0.52 0.037712
0.85 0.524 0.0369198
0.85 0.528 0.0345584
0.85 0.532 0.0403001
0.85 0.536 0.0467457
0.85 0.54 0.0389048
0.85 0.544 0.0656671
0.85 0.548 0.0640745
0.85 0.552 0.0557343
0.85 0.556 0.0558942
0.85 0.56 0.0573156
0.85 0.564 0.0612191
0.85 0.568 0.0586136
0.85 0.572 0.06043
0.85 0.576 0.0501801
0.85 0.58 0.0574113
0.85 0.584 0.0434919
0.85 0.588 0.0486176
0.85 0.592 0.0462091
0.85 0.596 0.048685
0.85 0.6 0.0418274
0.85 0.604 0.0500502
0.85 0.608 0.0395434
0.85 0.612 0.0370526
0.85 0.616 0.0458615
0.85 0.62 0.0361005
0.85 0.624 0.0409663
0.85 0.628 0.0322924
0.85 0.632 0.0436373
0.85 0.636 0.0612479
0.85 0.64 0.0602582
0.85 0.644 0.0671316
0.85 0.648 0.070583
0.85 0.652 0.0625903
0.85 0.656 0.0698978
0.85 0.66 0.0711408
0.85 0.664 0.0702627
0.85 0.668 0.0718207
0.85 0.672 0.0675671
0.85 0.676 0.0739351
0.85 0.68 0.0670864
0.85 0.684 0.0440673
0.85 0.688 0.0621699
0.85 0.692 0.0555422
0.85 0.696 0.0452048
0.85 0.7 0.0592694
0.85 0.704 0.0546019
0.85 0.708 0.0576105
0.85 0.712 0.0406836
0.85 0.716 0.0311342
0.85 0.72 0.0362141
0.85 0.724 0.0248423
0.85 0.728 0.0296636
0.85 0.732 0.0289198
0.85 0.736 0.035167
0.85 0.74 0.0317232
0.85 0.744 0.0377474
0.85 0.748 0.0276452
0.85 0.752 0.0568302
0.85 0.756 0.0397398
0.85 0.76 0.0533714
0.85 0.764 0.0530009
0.85 0.768 0.0413458
0.85 0.772 0.0588807
0.85 0.776 0.0576663
0.85 0.78 0.0588807
0.85 0.784 0.0544899
0.85 0.788 0.0544503
0.85 0.792 0.0534752
0.85 0.796 0.0587799
0.85 0.8 0.0598959
0.866667 0 0.000555866
0.866667 0.004 0.000471308
0.866667 0.008 0.000397824
0.866667 0.012 0.000319217
0.866667 0.016 0.000179194
0.866667 0.02 2.22036e-05
0.866667 0.024 -0.000110517
0.866667 0.028 -0.000232668
0.866667 0.032 -0.000394241
0.866667 0.036 -0.000492145
0.866667 0.04 -0.000717136
0.866667 0.044 -0.000927791
0.866667 0.048 -0.000809166
0.866667 0.052 -0.000471567
0.866667 0.056 0.000426574
0.866667 0.06 0.00161369
0.866667 0.064 0.00237132
0.866667 0.068 0.00395782
0.866667 0.072 0.0041249
0.866667 0.076 0.00348332
0.866667 0.08 0.0027745
0.866667 0.084 0.00481637
0.866667 0.088 0.00797531
0.866667 0.092 0.00867003
0.866667 0.096 0.00876621
0.866667 0.1 0.00802859
0.866667 0.104 0.00764524
0.866667 0.108 0.00813427
0.866667 0.112 0.00444203
0.866667 0.116 0.00736989
0.866667 0.12 0.00643893
0.866667 0.124 0.00195244
0.866667 0.128 -0.000719385
0.866667 0.132 -0.00282897
0.866667 0.136 0.00160764
0.866667 0.14 0.00327667
0.866667 0.144 0.00509848
0.866667 0.148 0.00136666
0.866667 0.152 0.00197048
0.866667 0.156 0.00119689
0.866667 0.16 0.00390249
0.866667 0.164 0.0024733
0.866667 0.168 0.00150618
0.866667 0.172 0.00123427
0.866667 0.176 0.000941861
0.866667 0.18 0.00193797
0.866667 0.184 0.0113997
0.866667 0.188 0.00260578
0.866667 0.192 0.00766347
0.866667 0.196 0.0031721
0.866667 0.2 0.00743314
0.866667 0.204 0.0114804
0.866667 0.208 0.0191849
0.866667 0.212 0.0209842
0.866667 0.216 0.0226319
0.866667 0.22 0.0217325
0.866667 0.224 0.0135558
0.866667 0.228 0.0182375
0.866667 0.232 0.0195462
0.866667 0.236 0.0172001
0.866667 0.24 0.0185968
0.866667 0.244 0.0208661
0.866667 0.248 0.0152534
0.866667 0.252 0.018444
0.866667 0.256 0.0199593
0.866667 0.26 0.0195352
0.866667 0.264 0.0241401
0.866667 0.268 0.016565
0.866667 0.272 0.0244926
0.866667 0.276 0.0177097
0.866667 0.28 0.0123319
0.866667 0.284 0.0192358
0.866667 0.288 0.0144863
0.866667 0.292 0.0189875
0.866667 0.296 0.0152265
0.866667 0.3 0.0103089
0.866667 0.304 0.0231457
0.866667 0.308 0.0263391
0.866667 0.312 0.0229966
0.866667 0.316 0.029144
0.866667 0.32 0.0225082
0.866667 0.324 0.0232699
0.866667 0.328 0.0209698
0.866667 0.332 0.0209872
0.866667 0.336 0.0211906
0.866667 0.34 0.0254709
0.866667 0.344 0.0274436
0.866667 0.348 0.0276831
0.866667 0.352 0.0325749
0.866667 0.356 0.0376813
0.866667 0.36 0.0281395
0.866667 0.364 0.0328634
0.866667 0.368 0.03613
0.866667 0.372 0.0348644
0.866667 0.376 0.0277914
0.866667 0.38 0.0142536
0.866667 0.384 0.0205381
0.866667 0.388 0.0359553
0.866667 0.392 0.0225054
0.866667 0.396 0.0243267
0.866667 0.4 0.0234989
0.866667 0.404 0.0277736
0.866667 0.408 0.0354733
0.866667 0.412 0.0439248
0.866667 0.416 0.0204393
0.866667 0.42 0.0327895
0.866667 0.424 0.0433758
0.866667 0.428 0.0523165
0.866667 0.432 0.0534695
0.866667 0.436 0.0480789
0.866667 0.44 0.0621291
0.866667 0.444 0.0437907
0.866667 0.448 0.0511964
0.866667 0.452 0.0637321
0.866667 0.456 0.0506917
0.866667 0.46 0.0607316
0.866667 0.464 0.0447744
0.866667 0.468 0.0529997
0.866667 0.472 0.0421397
0.866667 0.476 0.0388154
0.866667 0.48 0.055048
0.866667 0.484 0.031196
0.866667 0.488 0.0500587
0.866667 0.492 0.0276853
0.866667 0.496 0.0351978
0.866667 0.5 0.0279309
0.866667 0.504 0.0310306
0.866667 0.508 0.039785
0.866667 0.512 0.0445085
0.866667 0.516 0.0361211
0.866667 0.52 0.0479438
0.866667 0.524 0.0374707
0.866667 0.528 0.0374656
0.866667 0.532 0.0440871
0.866667 0.536 0.0534778
0.866667 0.54 0.0438774
0.866667 0.544 0.0552832
0.866667 0.548 0.05339
0.866667 0.552 0.0537249
0.866667 0.556 0.0572293
0.866667 0.56 0.0572966
0.866667 0.564 0.0593658
0.866667 0.568 0.0594811
0.866667 0.572 0.0666
0.866667 0.576 0.0443696
0.866667 0.58 0.0536371
0.866667 0.584 0.050079
0.866667 0.588 0.0482956
0.866667 0.592 0.0415879
0.866667 0.596 0.0446166
0.866667 0.6 0.0457475
0.866667 0.604 0.0540995
0.866667 0.608 0.0400785
0.866667 0.612 0.0411491
0.866667 0.616 0.0512952
0.866667 0.62 0.0476977
0.866667 0.624 0.0473977
0.866667 0.628 0.0427282
0.866667 0.632 0.057869
0.866667 0.636 0.0516923
0.866667 0.64 0.0663732
0.866667 0.644 0.0794595
0.866667 0.648 0.0683918
0.866667 0.652 0.0798374
0.866667 0.656 0.0713997
0.866667 0.66 0.0761223
0.866667 0.664 0.0766435
0.866667 0.668 0.0751304
0.866667 0.672 0.0712791
0.866667 0.676 0.0810275
0.866667 0.68 0.0681714
0.866667 0.684 0.0506538
0.866667 0.688 0.0599825
0.866667 0.692 0.0575777
0.866667 0.696 0.0492196
0.866667 0.7 0.0589652
0.866667 0.704 0.0546701
0.866667 0.708 0.0574026
0.866667 0.712 0.0458534
0.866667 0.716 0.0387471
0.866667 0.72 0.0377044
0.866667 0.724 0.031101
0.866667 0.728 0.0336476
0.866667 0.732 0.0321084
0.866667 0.736 0.0405187
0.866667 0.74 0.0300524
0.866667 0.744 0.0391596
0.866667 0.748 0.0376693
0.866667 0.752 0.0523964
0.866667 0.756 0.0448431
0.866667 0.76 0.0513118
0.866667 0.764 0.0545966
0.866667 0.768 0.0388558
0.866667 0.772 0.062461
0.866667 0.776 0.069512
0.866667 0.78 0.062461
0.866667 0.784 0.0572461
0.866667 0.788 0.0573968
0.866667 0.792 0.0545025
0.866667 0.796 0.0549909
0.866667 0.8 0.048721
0.883333 0 0.000566028
0.883333 0.004 0.000469954
0.883333 0.008 0.00037726
0.883333 0.012 0.000278549
0.883333 0.016 0.000113513
0.883333 0.02 -7.26082e-05
0.883333 0.024 -0.000259616
0.883333 0.028 -0.000421562
0.883333 0.032 -0.000643218
0.883333 0.036 -0.000838386
0.883333 0.04 -0.0011166
0.883333 0.044 -0.00134903
0.883333 0.048 -0.0012914
0.883333 0.052 -0.000982074
0.883333 0.056 -7.61865e-05
0.883333 0.06 0.00112337
0.883333 0.064 0.00221938
0.883333 0.068 0.00396894
0.883333 0.072 0.00459571
0.883333 0.076 0.00463708
0.883333 0.08 0.00316598
0.883333 0.084 0.00528366
0.883333 0.088 0.00878101
0.883333 0.092 0.0101361
0.883333 0.096 0.0105075
0.883333 0.1 0.00977938
0.883333 0.104 0.00811094
0.883333 0.108 0.0079089
0.883333 0.112 0.00329602
0.883333 0.116 0.0062395
0.883333 0.12 0.00538183
0.883333 0.124 0.00143781
0.883333 0.128 -0.00212199
0.883333 0.132 -0.00422555
0.883333 0.136 -0.00182151
0.883333 0.14 -0.00226001
0.883333 0.144 0.00289504
0.883333 0.148 -0.00153933
0.883333 0.152 0.000850134
0.883333 0.156 0.00141444
0.883333 0.16 0.00344147
0.883333 0.164 0.00215725
0.883333 0.168 0.00108666
0.883333 0.172 0.00147364
0.883333 0.176 0.00509993
0.883333 0.18 0.00396483
0.883333 0.184 0.0149112
0.883333 0.188 0.00681162
0.883333 0.192 0.0130109
0.883333 0.196 0.00796731
0.883333 0.2 0.0100205
0.883333 0.204 0.0125806
0.883333 0.208 0.0165734
0.883333 0.212 0.0202711
0.883333 0.216 0.0202759
0.883333 0.22 0.020029
0.883333 0.224 0.0127283
0.883333 0.228 0.0167628
0.883333 0.232 0.016691
0.883333 0.236 0.0169639
0.883333 0.24 0.018978
0.883333 0.244 0.0166743
0.883333 0.248 0.019904
0.883333 0.252 0.0132958
0.883333 0.256 0.0166053
0.883333 0.26 0.0184273
0.883333 0.264 0.0160118
0.883333 0.268 0.0136735
0.883333 0.272 0.0202753
0.883333 0.276 0.0177667
0.883333 0.28 0.0146535
0.883333 0.284 0.0137497
0.883333 0.288 0.0119088
0.883333 0.292 0.0135237
0.883333 0.296 0.0184241
0.883333 0.3 0.0124214
0.883333 0.304 0.0260504
0.883333 0.308 0.0278321
0.883333 0.312 0.0198513
0.883333 0.316 0.0268346
0.883333 0.32 0.019719
0.883333 0.324 0.0223187
0.883333 0.328 0.0275368
0.883333 0.332 0.0166712
0.883333 0.336 0.0180518
0.883333 0.34 0.0218851
0.883333 0.344 0.031601
0.883333 0.348 0.024669
0.883333 0.352 0.0283208
0.883333 0.356 0.0229219
0.883333 0.36 0.0270114
0.883333 0.364 0.0264319
0.883333 0.368 0.0262675
0.883333 0.372 0.0243571
0.883333 0.376 0.0195101
0.883333 0.38 0.0127155
0.883333 0.384 0.0239438
0.883333 0.388 0.0328267
0.883333 0.392 0.0199163
0.883333 0.396 0.0211023
0.883333 0.4 0.013972
0.883333 0.404 0.0294964
0.883333 0.408 0.0314471
0.883333 0.412 0.0360289
0.883333 0.416 0.0237683
0.883333 0.42 0.0335937
0.883333 0.424 0.0384364
0.883333 0.428 0.0407903
0.883333 0.432 0.0468691
0.883333 0.436 0.0471306
0.883333 0.44 0.0479403
0.883333 0.444 0.0492844
0.883333 0.448 0.0503949
0.883333 0.452 0.0628664
0.883333 0.456 0.0498046
0.883333 0.46 0.048232
0.883333 0.464 0.0385671
0.883333 0.468 0.0453557
0.883333 0.472 0.0396117
0.883333 0.476 0.0321914
0.883333 0.48 0.0511383
0.883333 0.484 0.0360739
0.883333 0.488 0.0479389
0.883333 0.492 0.0284446
0.883333 0.496 0.0404444
0.883333 0.5 0.0242393
0.883333 0.504 0.0288489
0.883333 0.508 0.0352697
0.883333 0.512 0.0458728
0.883333 0.516 0.0285322
0.883333 0.52 0.0492857
0.883333 0.524 0.0404644
0.883333 0.528 0.0416368
0.883333 0.532 0.0505162
0.883333 0.536 0.0524847
0.883333 0.54 0.0491088
0.883333 0.544 0.0439173
0.883333 0.548 0.0458161
0.883333 0.552 0.0568298
0.883333 0.556 0.0545642
0.883333 0.56 0.0620078
0.883333 0.564 0.0618503
0.883333 0.568 0.0617946
0.883333 0.572 0.0661336
0.883333 0.576 0.0486711
0.883333 0.58 0.0478348
0.883333 0.584 0.0524624
0.883333 0.588 0.0428603
0.883333 0.592 0.0394873
0.883333 0.596 0.0397079
0.883333 0.6 0.0474974
0.883333 0.604 0.0567985
0.883333 0.608 0.0416533
0.883333 0.612 0.0490658
0.883333 0.616 0.0488506
0.883333 0.62 0.0533312
0.883333 0.624 0.0537027
0.883333 0.628 0.047718
0.883333 0.632 0.0631616
0.883333 0.636 0.0422347
0.883333 0.64 0.063341
0.883333 0.644 0.0773222
0.883333 0.648 0.0683174
0.883333 0.652 0.0907035
0.883333 0.656 0.0669201
0.883333 0.66 0.0790781
0.883333 0.664 0.0752823
0.883333 0.668 0.0760265
0.883333 0.672 0.0709132
0.883333 0.676 0.0744258
0.883333 0.68 0.0659848
0.883333 0.684 0.0555623
0.883333 0.688 0.0606502
0.883333 0.692 0.0588484
0.883333 0.696 0.0512157
0.883333 0.7 0.054432
0.883333 0.704 0.0535344
0.883333 0.708 0.0559249
0.883333 0.712 0.0530131
0.883333 0.716 0.0380172
0.883333 0.72 0.032922
0.883333 0.724 0.0358248
0.883333 0.728 0.0382877
0.883333 0.732 0.0385976
0.883333 0.736 0.0354753
0.883333 0.74 0.0287221
0.883333 0.744 0.0421795
0.883333 0.748 0.0438405
0.883333 0.752 0.0538021
0.883333 0.756 0.0442197
0.883333 0.76 0.0531256
0.883333 0.764 0.0531377
0.883333 0.768 0.0470663
0.883333 0.772 0.0661002
0.883333 0.776 0.065259
0.883333 0.78 0.0661002
0.883333 0.784 0.0615348
0.883333 0.788 0.0582924
0.883333 0.792 0.0574478
0.883333 0.796 0.0557142
0.883333 0.8 0.0511834
0.9 0 0.000284189
0.9 0.004 0.000192839
0.9 0.008 0.000101379
0.9 0.012 -1.27373e-06
0.9 0.016 -0.000167545
0.9 0.02 -0.000372114
0.9 0.024 -0.000597351
0.9 0.028 -0.00078035
0.9 0.032 -0.00102554
0.9 0.036 -0.00126165
0.9 0.04 -0.00151555
0.9 0.044 -0.0017522
0.9 0.048 -0.0017525
0.9 0.052 -0.001524
0.9 0.056 -0.000667585
0.9 0.06 0.000472274
0.9 0.064 0.00184251
0.9 0.068 0.00371143
0.9 0.072 0.00476966
0.9 0.076 0.00527825
0.9 0.08 0.00358345
0.9 0.084 0.0053026
0.9 0.088 0.0087152
0.9 0.092 0.0106358
0.9 0.096 0.0111187
0.9 0.1 0.010815
0.9 0.104 0.00792256
0.9 0.108 0.00699846
0.9 0.112 0.00191537
0.9 0.116 0.00380403
0.9 0.12 0.0033005
0.9 0.124 0.000467436
0.9 0.128 -0.00262477
0.9 0.132 -0.00458042
0.9 0.136 -0.00520718
0.9 0.14 -0.00772792
0.9 0.144 -0.00152415
0.9 0.148 -0.00442538
0.9 0.152 0.00120973
0.9 0.156 0.00452954
0.9 0.16 0.00452752
0.9 0.164 0.0054921
0.9 0.168 0.00251086
0.9 0.172 0.00529174
0.9 0.176 0.00906188
0.9 0.18 0.00715373
0.9 0.184 0.0164058
0.9 0.188 0.0128249
0.9 0.192 0.0151739
0.9 0.196 0.0121459
0.9 0.2 0.011602
0.9 0.204 0.0132656
0.9 0.208 0.017029
0.9 0.212 0.0178198
0.9 0.216 0.0182187
0.9 0.22 0.0217475
0.9 0.224 0.0120071
0.9 0.228 0.0136971
0.9 0.232 0.0141905
0.9 0.236 0.017899
0.9 0.24 0.0161891
0.9 0.244 0.0140613
0.9 0.248 0.0188517
0.9 0.252 0.0103675
0.9 0.256 0.0175369
0.9 0.26 0.014268
0.9 0.264 0.0104896
0.9 0.268 0.0108056
0.9 0.272 0.0162237
0.9 0.276 0.0133537
0.9 0.28 0.0150564
0.9 0.284 0.0134743
0.9 0.288 0.012756
0.9 0.292 0.0128801
0.9 0.296 0.0227054
0.9 0.3 0.0177395
0.9 0.304 0.0254259
0.9 0.308 0.0178396
0.9 0.312 0.0217439
0.9 0.316 0.022821
0.9 0.32 0.0196115
0.9 0.324 0.0240708
0.9 0.328 0.0311639
0.9 0.332 0.0218149
0.9 0.336 0.0211435
0.9 0.34 0.0201915
0.9 0.344 0.0288554
0.9 0.348 0.0227294
0.9 0.352 0.0247035
0.9 0.356 0.0166032
0.9 0.36 0.0250382
0.9 0.364 0.0256469
0.9 0.368 0.0188297
0.9 0.372 0.0214127
0.9 0.376 0.0166727
0.9 0.38 0.0248171
0.9 0.384 0.02624
0.9 0.388 0.0217866
0.9 0.392 0.0204178
0.9 0.396 0.0193431
0.9 0.4 0.0160102
0.9 0.404 0.027308
0.9 0.408 0.0288796
0.9 0.412 0.030769
0.9 0.416 0.0410587
0.9 0.42 0.0324318
0.9 0.424 0.0312544
0.9 0.428 0.0318077
0.9 0.432 0.0418869
0.9 0.436 0.0512711
0.9 0.44 0.0363406
0.9 0.444 0.0588757
0.9 0.448 0.052912
0.9 0.452 0.0560246
0.9 0.456 0.054102
0.9 0.46 0.0327665
0.9 0.464 0.0371953
0.9 0.468 0.0416186
0.9 0.472 0.0415729
0.9 0.476 0.0517633
0.9 0.48 0.048777
0.9 0.484 0.0412732
0.9 0.488 0.0402589
0.9 0.492 0.0374269
0.9 0.496 0.0423334
0.9 0.5 0.0261379
0.9 0.504 0.0265801
0.9 0.508 0.0372487
0.9 0.512 0.0451089
0.9 0.516 0.0298757
0.9 0.52 0.0396439
0.9 0.524 0.0395858
0.9 0.528 0.0458203
0.9 0.532 0.0505712
0.9 0.536 0.0435098
0.9 0.54 0.0491045
0.9 0.544 0.0491492
0.9 0.548 0.0545203
0.9 0.552 0.061159
0.9 0.556 0.0521201
0.9 0.56 0.0643645
0.9 0.564 0.0639453
0.9 0.568 0.0625507
0.9 0.572 0.0600928
0.9 0.576 0.059597
0.9 0.58 0.0478504
0.9 0.584 0.0438678
0.9 0.588 0.0404444
0.9 0.592 0.0397687
0.9 0.596 0.0353275
0.9 0.6 0.0444218
0.9 0.604 0.0526439
0.9 0.608 0.0414292
0.9 0.612 0.0465259
0.9 0.616 0.0405935
0.9 0.62 0.0494413
0.9 0.624 0.0484345
0.9 0.628 0.0431404
0.9 0.632 0.0499063
0.9 0.636 0.0453801
0.9 0.64 0.0551939
0.9 0.644 0.065777
0.9 0.648 0.0689378
0.9 0.652 0.0849583
0.9 0.656 0.0632586
0.9 0.66 0.0809087
0.9 0.664 0.0701457
0.9 0.668 0.0773196
0.9 0.672 0.0709818
0.9 0.676 0.065348
0.9 0.68 0.0617952
0.9 0.684 0.0553895
0.9 0.688 0.0661588
0.9 0.692 0.0597456
0.9 0.696 0.0516703
0.9 0.7 0.0516799
0.9 0.704 0.0542127
0.9 0.708 0.0552852
0.9 0.712 0.0564097
0.9 0.716 0.0337877
0.9 0.72 0.030811
0.9 0.724 0.0356132
0.9 0.728 0.0396044
0.9 0.732 0.0426832
0.9 0.736 0.0281414
0.9 0.74 0.0294094
0.9 0.744 0.0438646
0.9 0.748 0.0380209
0.9 0.752 0.0616615
0.9 0.756 0.0413865
0.9 0.76 0.0568507
0.9 0.764 0.0509787
0.9 0.768 0.0593625
0.9 0.772 0.0679023
0.9 0.776 0.0511713
0.9 0.78 0.0679023
0.9 0.784 0.0661346
0.9 0.788 0.057351
0.9 0.792 0.0604756
0.9 0.796 0.0583896
0.9 0.8 0.0669144
0.916667 0 0.00017384
0.916667 0.004 8.58764e-05
0.916667 0.008 -1.28658e-06
0.916667 0.012 -0.000108063
0.916667 0.016 -0.000275943
0.916667 0.02 -0.000482508
0.916667 0.024 -0.000726148
0.916667 0.028 -0.000915878
0.916667 0.032 -0.00118234
0.916667 0.036 -0.00146462
0.916667 0.04 -0.00171518
0.916667 0.044 -0.00197365
0.916667 0.048 -0.00207906
0.916667 0.052 -0.00198146
0.916667 0.056 -0.00127944
0.916667 0.06 -0.000264601
0.916667 0.064 0.0012315
0.916667 0.068 0.00331091
0.916667 0.072 0.00479944
0.916667 0.076 0.00552831
0.916667 0.08 0.00375168
0.916667 0.084 0.00487086
0.916667 0.088 0.00788397
0.916667 0.092 0.0106204
0.916667 0.096 0.0118649
0.916667 0.1 0.0112839
0.916667 0.104 0.00779009
0.916667 0.108 0.00581919
0.916667 0.112 0.000391629
0.916667 0.116 0.00050276
0.916667 0.12 0.000629326
0.916667 0.124 -0.00119985
0.916667 0.128 -0.00267473
0.916667 0.132 -0.00516036
0.916667 0.136 -0.00810971
0.916667 0.14 -0.0120038
0.916667 0.144 -0.00907415
0.916667 0.148 -0.00606676
0.916667 0.152 0.00214079
0.916667 0.156 0.0094929
0.916667 0.16 0.00574778
0.916667 0.164 0.00897803
0.916667 0.168 0.00711778
0.916667 0.172 0.0108156
0.916667 0.176 0.01184
0.916667 0.18 0.0125959
0.916667 0.184 0.0166355
0.916667 0.188 0.017109
0.916667 0.192 0.0148008
0.916667 0.196 0.0157019
0.916667 0.2 0.0125279
0.916667 0.204 0.013539
0.916667 0.208 0.0187741
0.916667 0.212 0.0145935
0.916667 0.216 0.0163185
0.916667 0.22 0.0219333
0.916667 0.224 0.0117363
0.916667 0.228 0.0123766
0.916667 0.232 0.0116154
0.916667 0.236 0.0181349
0.916667 0.24 0.0106782
0.916667 0.244 0.011946
0.916667 0.248 0.0117737
0.916667 0.252 0.00900739
0.916667 0.256 0.015759
0.916667 0.26 0.00962813
0.916667 0.264 0.00836451
0.916667 0.268 0.00974511
0.916667 0.272 0.0137342
0.916667 0.276 0.00835256
0.916667 0.28 0.0128071
0.916667 0.284 0.0144928
0.916667 0.288 0.0155389
0.916667 0.292 0.0160091
0.916667 0.296 0.0204491
0.916667 0.3 0.0221536
0.916667 0.304 0.0218353
0.916667 0.308 0.0124028
0.916667 0.312 0.0245187
0.916667 0.316 0.0200823
0.916667 0.32 0.0213514
0.916667 0.324 0.0252226
0.916667 0.328 0.0303168
0.916667 0.332 0.0309788
0.916667 0.336 0.0306322
0.916667 0.34 0.0200846
0.916667 0.344 0.0258532
0.916667 0.348 0.0253307
0.916667 0.352 0.0247652
0.916667 0.356 0.0240547
0.916667 0.36 0.0225729
0.916667 0.364 0.0275104
0.916667 0.368 0.020278
0.916667 0.372 0.0275973
0.916667 0.376 0.022553
0.916667 0.38 0.0395118
0.916667 0.384 0.0218005
0.916667 0.388 0.0149257
0.916667 0.392 0.0213732
0.916667 0.396 0.01923
0.916667 0.4 0.0241034
0.916667 0.404 0.0280678
0.916667 0.408 0.0308047
0.916667 0.412 0.0321582
0.916667 0.416 0.0518791
0.916667 0.42 0.0320339
0.916667 0.424 0.0355265
0.916667 0.428 0.0356556
0.916667 0.432 0.0427158
0.916667 0.436 0.0539861
0.916667 0.44 0.048827
0.916667 0.444 0.0603913
0.916667 0.448 0.0506345
0.916667 0.452 0.0539684
0.916667 0.456 0.057103
0.916667 0.46 0.0397358
0.916667 0.464 0.0363131
0.916667 0.468 0.0383114
0.916667 0.472 0.0460407
0.916667 0.476 0.0621848
0.916667 0.48 0.0511892
0.916667 0.484 0.0361775
0.916667 0.488 0.0318187
0.916667 0.492 0.0388545
0.916667 0.496 0.0433301
0.916667 0.5 0.0353294
0.916667 0.504 0.026674
0.916667 0.508 0.0393854
0.916667 0.512 0.0428843
0.916667 0.516 0.0350786
0.916667 0.52 0.031016
0.916667 0.524 0.0328521
0.916667 0.528 0.0460016
0.916667 0.532 0.0433177
0.916667 0.536 0.0319166
0.916667 0.54 0.0469729
0.916667 0.544 0.0660122
0.916667 0.548 0.0669247
0.916667 0.552 0.061219
0.916667 0.556 0.053352
0.916667 0.56 0.0625917
0.916667 0.564 0.0612296
0.916667 0.568 0.0587632
0.916667 0.572 0.0559399
0.916667 0.576 0.0612376
0.916667 0.58 0.0488792
0.916667 0.584 0.0363157
0.916667 0.588 0.0455302
0.916667 0.592 0.042468
0.916667 0.596 0.0336483
0.916667 0.6 0.0394016
0.916667 0.604 0.044709
0.916667 0.608 0.03888
0.916667 0.612 0.0370164
0.916667 0.616 0.036167
0.916667 0.62 0.0466129
0.916667 0.624 0.0362478
0.916667 0.628 0.0405288
0.916667 0.632 0.0397009
0.916667 0.636 0.0561542
0.916667 0.64 0.0554415
0.916667 0.644 0.0641161
0.916667 0.648 0.063842
0.916667 0.652 0.0763252
0.916667 0.656 0.0669024
0.916667 0.66 0.0836365
0.916667 0.664 0.0724235
0.916667 0.668 0.0814295
0.916667 0.672 0.0765857
0.916667 0.676 0.0697231
0.916667 0.68 0.0621867
0.916667 0.684 0.0551039
0.916667 0.688 0.0718425
0.916667 0.692 0.0579075
0.916667 0.696 0.0558157
0.916667 0.7 0.0552102
0.916667 0.704 0.0570786
0.916667 0.708 0.0567291
0.916667 0.712 0.05595
0.916667 0.716 0.0345341
0.916667 0.72 0.0346066
0.916667 0.724 0.0340935
0.916667 0.728 0.0372742
0.916667 0.732 0.0406143
0.916667 0.736 0.0293549
0.916667 0.74 0.0327601
0.916667 0.744 0.0423574
0.916667 0.748 0.0307058
0.916667 0.752 0.0637328
0.916667 0.756 0.0435988
0.916667 0.76 0.0532079
0.916667 0.764 0.0531809
0.916667 0.768 0.0622758
0.916667 0.772 0.0681892
0.916667 0.776 0.0496636
0.916667 0.78 0.0681892
0.916667 0.784 0.0683752
0.916667 0.788 0.0604269
0.916667 0.792 0.0625023
0.916667 0.796 0.0556551
0.916667 0.8 0.0707686
0.933333 0 0.000377393
0.933333 0.004 0.000283732
0.933333 0.008 0.000193835
0.933333 0.012 7.93374e-05
0.933333 0.016 -9.71367e-05
0.933333 0.02 -0.000288481
0.933333 0.024 -0.000529949
0.933333 0.028 -0.000717049
0.933333 0.032 -0.00101486
0.933333 0.036 -0.0013773
0.933333 0.04 -0.00168871
0.933333 0.044 -0.00198035
0.933333 0.048 -0.00223976
0.933333 0.052 -0.00230003
0.933333 0.056 -0.0018145
0.933333 0.06 -0.000951731
0.933333 0.064 0.000629542
0.933333 0.068 0.00285136
0.933333 0.072 0.0048386
0.933333 0.076 0.00570717
0.933333 0.08 0.00398567
0.933333 0.084 0.00467477
0.933333 0.088 0.0068919
0.933333 0.092 0.0102703
0.933333 0.096 0.0127749
0.933333 0.1 0.0113224
0.933333 0.104 0.00765228
0.933333 0.108 0.0045687
0.933333 0.112 -0.00087235
0.933333 0.116 -0.00231732
0.933333 0.12 -0.00171428
0.933333 0.124 -0.00303029
0.933333 0.128 -0.00313586
0.933333 0.132 -0.00663082
0.933333 0.136 -0.0102684
0.933333 0.14 -0.0138255
0.933333 0.144 -0.0148074
0.933333 0.148 -0.0056628
0.933333 0.152 0.00274407
0.933333 0.156 0.0126581
0.933333 0.16 0.00577059
0.933333 0.164 0.0102295
0.933333 0.168 0.0127459
0.933333 0.172 0.0149769
0.933333 0.176 0.0142112
0.933333 0.18 0.0191007
0.933333 0.184 0.0167418
0.933333 0.188 0.0172989
0.933333 0.192 0.0145412
0.933333 0.196 0.0193503
0.933333 0.2 0.0139952
0.933333 0.204 0.0139089
0.933333 0.208 0.0184606
0.933333 0.212 0.0118765
0.933333 0.216 0.0135484
0.933333 0.22 0.0174259
0.933333 0.224 0.012518
0.933333 0.228 0.0140292
0.933333 0.232 0.00952559
0.933333 0.236 0.0166456
0.933333 0.24 0.00742837
0.933333 0.244 0.00785537
0.933333 0.248 0.00708758
0.933333 0.252 0.00821163
0.933333 0.256 0.00838177
0.933333 0.26 0.00654684
0.933333 0.264 0.00636786
0.933333 0.268 0.0105242
0.933333 0.272 0.0113436
0.933333 0.276 0.00836365
0.933333 0.28 0.0117412
0.933333 0.284 0.0106591
0.933333 0.288 0.0159113
0.933333 0.292 0.0170085
0.933333 0.296 0.0123921
0.933333 0.3 0.0235554
0.933333 0.304 0.0185491
0.933333 0.308 0.0189262
0.933333 0.312 0.0222701
0.933333 0.316 0.0203244
0.933333 0.32 0.0220453
0.933333 0.324 0.0244779
0.933333 0.328 0.0282619
0.933333 0.332 0.034853
0.933333 0.336 0.0373756
0.933333 0.34 0.0213102
0.933333 0.344 0.0269631
0.933333 0.348 0.0313549
0.933333 0.352 0.0276817
0.933333 0.356 0.0323436
0.933333 0.36 0.0222695
0.933333 0.364 0.0270189
0.933333 0.368 0.0279916
0.933333 0.372 0.0322834
0.933333 0.376 0.0251467
0.933333 0.38 0.0409737
0.933333 0.384 0.0161933
0.933333 0.388 0.0176013
0.933333 0.392 0.0207951
0.933333 0.396 0.0194718
0.933333 0.4 0.0284007
0.933333 0.404 0.0322513
0.933333 0.408 0.0321819
0.933333 0.412 0.0330371
0.933333 0.416 0.0448314
0.933333 0.42 0.0330205
0.933333 0.424 0.0446811
0.933333 0.428 0.0447681
0.933333 0.432 0.0451322
0.933333 0.436 0.0497261
0.933333 0.44 0.0692166
0.933333 0.444 0.0545771
0.933333 0.448 0.0432832
0.933333 0.452 0.0561998
0.933333 0.456 0.052899
0.933333 0.46 0.0559485
0.933333 0.464 0.0364832
0.933333 0.468 0.033733
0.933333 0.472 0.0461069
0.933333 0.476 0.0471557
0.933333 0.48 0.0531039
0.933333 0.484 0.025182
0.933333 0.488 0.0280762
0.933333 0.492 0.029517
0.933333 0.496 0.0442625
0.933333 0.5 0.0424182
0.933333 0.504 0.0286121
0.933333 0.508 0.0351414
0.933333 0.512 0.0397453
0.933333 0.516 0.0342065
0.933333 0.52 0.0321947
0.933333 0.524 0.0278845
0.933333 0.528 0.0414709
0.933333 0.532 0.0375688
0.933333 0.536 0.0275969
0.933333 0.54 0.0480914
0.933333 0.544 0.0718978
0.933333 0.548 0.0657642
0.933333 0.552 0.0576675
0.933333 0.556 0.0549866
0.933333 0.56 0.0586999
0.933333 0.564 0.0568179
0.933333 0.568 0.0528469
0.933333 0.572 0.0577536
0.933333 0.576 0.0507408
0.933333 0.58 0.0446976
0.933333 0.584 0.0391537
0.933333 0.588 0.0493256
0.933333 0.592 0.0471152
0.933333 0.596 0.0375473
0.933333 0.6 0.0370724
0.933333 0.604 0.0422998
0.933333 0.608 0.0359988
0.933333 0.612 0.0331895
0.933333 0.616 0.0360962
0.933333 0.62 0.0480437
0.933333 0.624 0.0312573
0.933333 0.628 0.0455337
0.933333 0.632 0.0462349
0.933333 0.636 0.0618967
0.933333 0.64 0.0643881
0.933333 0.644 0.073425
0.933333 0.648 0.0576424
0.933333 0.652 0.0781853
0.933333 0.656 0.0748729
0.933333 0.66 0.0841448
0.933333 0.664 0.0800449
0.933333 0.668 0.0844524
0.933333 0.672 0.0851162
0.933333 0.676 0.081883
0.933333 0.68 0.0685159
0.933333 0.684 0.0587574
0.933333 0.688 0.0718738
0.933333 0.692 0.0560349
0.933333 0.696 0.0622749
0.933333 0.7 0.0611392
0.933333 0.704 0.059423
0.933333 0.708 0.059768
0.933333 0.712 0.0550919
0.933333 0.716 0.0396006
0.933333 0.72 0.0386059
0.933333 0.724 0.0339485
0.933333 0.728 0.0347664
0.933333 0.732 0.0348617
0.933333 0.736 0.0369442
0.933333 0.74 0.0373933
0.933333 0.744 0.0404449
0.933333 0.748 0.0329908
0.933333 0.752 0.0561401
0.933333 0.756 0.0488223
0.933333 0.76 0.0462806
0.933333 0.764 0.0577616
0.933333 0.768 0.0560104
0.933333 0.772 0.0686405
0.933333 0.776 0.0620836
0.933333 0.78 0.0686405
0.933333 0.784 0.0673818
0.933333 0.788 0.0669566
0.933333 0.792 0.0640213
0.933333 0.796 0.0508183
0.933333 0.8 0.0585395
0.95 0 0.000442673
0.95 0.004 0.000347897
0.95 0.008 0.00025919
0.95 0.012 0.000149188
0.95 0.016 -1.95147e-05
0.95 0.02 -0.000184348
0.95 0.024 -0.000403473
0.95 0.028 -0.000573557
0.95 0.032 -0.00086687
0.95 0.036 -0.00127097
0.95 0.04 -0.00160427
0.95 0.044 -0.00188704
0.95 0.048 -0.00227904
0.95 0.052 -0.00250117
0.95 0.056 -0.0022263
0.95 0.06 -0.00153701
0.95 0.064 0.000146703
0.95 0.068 0.00222784
0.95 0.072 0.00453817
0.95 0.076 0.00533505
0.95 0.08 0.00448216
0.95 0.084 0.00507235
0.95 0.088 0.00611494
0.95 0.092 0.00955725
0.95 0.096 0.0126399
0.95 0.1 0.0110397
0.95 0.104 0.00679807
0.95 0.108 0.00292107
0.95 0.112 -0.0016131
0.95 0.116 -0.00394564
0.95 0.12 -0.00363352
0.95 0.124 -0.0044484
0.95 0.128 -0.0043769
0.95 0.132 -0.00827449
0.95 0.136 -0.0113309
0.95 0.14 -0.0126658
0.95 0.144 -0.0139942
0.95 0.148 -0.00373134
0.95 0.152 0.00304764
0.95 0.156 0.0118232
0.95 0.16 0.00552724
0.95 0.164 0.0113198
0.95 0.168 0.0165589
0.95 0.172 0.0169791
0.95 0.176 0.0170623
0.95 0.18 0.0230168
0.95 0.184 0.0171702
0.95 0.188 0.0149608
0.95 0.192 0.0157969
0.95 0.196 0.0224209
0.95 0.2 0.0162879
0.95 0.204 0.0146615
0.95 0.208 0.0152806
0.95 0.212 0.0102316
0.95 0.216 0.00973611
0.95 0.22 0.0112841
0.95 0.224 0.0136247
0.95 0.228 0.0146116
0.95 0.232 0.00898935
0.95 0.236 0.0138479
0.95 0.24 0.00838683
0.95 0.244 0.00294235
0.95 0.248 0.0072594
0.95 0.252 0.00720707
0.95 0.256 0.00235657
0.95 0.26 0.00406982
0.95 0.264 0.00286429
0.95 0.268 0.0107411
0.95 0.272 0.00781397
0.95 0.276 0.0127434
0.95 0.28 0.0130402
0.95 0.284 0.00464672
0.95 0.288 0.0124345
0.95 0.292 0.012845
0.95 0.296 0.0071837
0.95 0.3 0.0220231
0.95 0.304 0.0174303
0.95 0.308 0.0231644
0.95 0.312 0.0167172
0.95 0.316 0.0214719
0.95 0.32 0.0201079
0.95 0.324 0.0230734
0.95 0.328 0.0272605
0.95 0.332 0.0302328
0.95 0.336 0.0337182
0.95 0.34 0.0231708
0.95 0.344 0.0281901
0.95 0.348 0.0351827
0.95 0.352 0.0284618
0.95 0.356 0.0287363
0.95 0.36 0.0243614
0.95 0.364 0.0240385
0.95 0.368 0.0332675
0.95 0.372 0.0273981
0.95 0.376 0.0147495
0.95 0.38 0.0269021
0.95 0.384 0.0159451
0.95 0.388 0.0246801
0.95 0.392 0.0188419
0.95 0.396 0.0196614
0.95 0.4 0.0254599
0.95 0.404 0.0311806
0.95 0.408 0.0286486
0.95 0.412 0.0264106
0.95 0.416 0.0299104
0.95 0.42 0.0333046
0.95 0.424 0.0414894
0.95 0.428 0.0461721
0.95 0.432 0.0425694
0.95 0.436 0.0425375
0.95 0.44 0.0621374
0.95 0.444 0.0518133
0.95 0.448 0.039635
0.95 0.452 0.0532833
0.95 0.456 0.0438548
0.95 0.46 0.0478796
0.95 0.464 0.0417765
0.95 0.468 0.0327999
0.95 0.472 0.0399343
0.95 0.476 0.034805
0.95 0.48 0.0484226
0.95 0.484 0.0217417
0.95 0.488 0.0292001
0.95 0.492 0.023671
0.95 0.496 0.0430356
0.95 0.5 0.0383176
0.95 0.504 0.030761
0.95 0.508 0.0285407
0.95 0.512 0.0356318
0.95 0.516 0.0272704
0.95 0.52 0.0385144
0.95 0.524 0.0327334
0.95 0.528 0.0361192
0.95 0.532 0.0398903
0.95 0.536 0.0362349
0.95 0.54 0.0511277
0.95 0.544 0.0562086
0.95 0.548 0.0550388
0.95 0.552 0.0557312
0.95 0.556 0.0518466
0.95 0.56 0.0541162
0.95 0.564 0.0561276
0.95 0.568 0.0500336
0.95 0.572 0.0615992
0.95 0.576 0.0429242
0.95 0.58 0.0397716
0.95 0.584 0.0444254
0.95 0.588 0.0411918
0.95 0.592 0.0512607
0.95 0.596 0.0467135
0.95 0.6 0.0386183
0.95 0.604 0.0483908
0.95 0.608 0.0341657
0.95 0.612 0.0352244
0.95 0.616 0.03199
0.95 0.62 0.0436033
0.95 0.624 0.0374225
0.95 0.628 0.049592
0.95 0.632 0.0531244
0.95 0.636 0.0596692
0.95 0.64 0.0680786
0.95 0.644 0.0752541
0.95 0.648 0.0616027
0.95 0.652 0.0840057
0.95 0.656 0.0790012
0.95 0.66 0.0787081
0.95 0.664 0.0799004
0.95 0.668 0.0808141
0.95 0.672 0.0889921
0.95 0.676 0.0828395
0.95 0.68 0.0738398
0.95 0.684 0.0633686
0.95 0.688 0.0670623
0.95 0.692 0.0600382
0.95 0.696 0.0630589
0.95 0.7 0.0625696
0.95 0.704 0.0597699
0.95 0.708 0.0628302
0.95 0.712 0.0552667
0.95 0.716 0.042032
0.95 0.72 0.037984
0.95 0.724 0.0332961
0.95 0.728 0.0345495
0.95 0.732 0.0312574
0.95 0.736 0.0400934
0.95 0.74 0.040766
0.95 0.744 0.0414761
0.95 0.748 0.0408778
0.95 0.752 0.0497552
0.95 0.756 0.0488178
0.95 0.76 0.0504714
0.95 0.764 0.0576082
0.95 0.768 0.0529202
0.95 0.772 0.0695143
0.95 0.776 0.0676378
0.95 0.78 0.0695143
0.95 0.784 0.06553
0.95 0.788 0.0691665
0.95 0.792 0.0660779
0.95 0.796 0.0544133
0.95 0.8 0.0551527
0.966667 0 0.00017327
0.966667 0.004 8.85355e-05
0.966667 0.008 1.00456e-05
0.966667 0.012 -8.12455e-05
0.966667 0.016 -0.000218168
0.966667 0.02 -0.000352524
0.966667 0.024 -0.000534339
0.966667 0.028 -0.00067277
0.966667 0.032 -0.000907074
0.966667 0.036 -0.00127917
0.966667 0.04 -0.00154672
0.966667 0.044 -0.00177745
0.966667 0.048 -0.00224719
0.966667 0.052 -0.00261108
0.966667 0.056 -0.00251438
0.966667 0.06 -0.00201613
0.966667 0.064 -0.000278384
0.966667 0.068 0.00148853
0.966667 0.072 0.00376972
0.966667 0.076 0.00413729
0.966667 0.08 0.00493856
0.966667 0.084 0.00557637
0.966667 0.088 0.00537214
0.966667 0.092 0.00854526
0.966667 0.096 0.0112812
0.966667 0.1 0.0105196
0.966667 0.104 0.00535464
0.966667 0.108 0.000930451
0.966667 0.112 -0.00216904
0.966667 0.116 -0.00498762
0.966667 0.12 -0.00557598
0.966667 0.124 -0.00559014
0.966667 0.128 -0.00591892
0.966667 0.132 -0.00940722
0.966667 0.136 -0.0113432
0.966667 0.14 -0.0102799
0.966667 0.144 -0.00891731
0.966667 0.148 -0.00161056
0.966667 0.152 0.00299458
0.966667 0.156 0.00877886
0.966667 0.16 0.00769822
0.966667 0.164 0.0140975
0.966667 0.168 0.0179318
0.966667 0.172 0.0181525
0.966667 0.176 0.020046
0.966667 0.18 0.022586
0.966667 0.184 0.0176085
0.966667 0.188 0.0143696
0.966667 0.192 0.018021
0.966667 0.196 0.0236246
0.966667 0.2 0.0186992
0.966667 0.204 0.0156102
0.966667 0.208 0.0119081
0.966667 0.212 0.00972399
0.966667 0.216 0.0063879
0.966667 0.22 0.00797521
0.966667 0.224 0.0143552
0.966667 0.228 0.0119766
0.966667 0.232 0.00990114
0.966667 0.236 0.0107524
0.966667 0.24 0.0101039
0.966667 0.244 0.00156404
0.966667 0.248 0.00702056
0.966667 0.252 0.00538744
0.966667 0.256 0.00212554
0.966667 0.26 0.00114536
0.966667 0.264 -0.000367505
0.966667 0.268 0.00885711
0.966667 0.272 0.0043421
0.966667 0.276 0.0156161
0.966667 0.28 0.0135236
0.966667 0.284 0.00425454
0.966667 0.288 0.00921338
0.966667 0.292 0.00772068
0.966667 0.296 0.00943295
0.966667 0.3 0.0196523
0.966667 0.304 0.017255
0.966667 0.308 0.0160082
0.966667 0.312 0.0137067
0.966667 0.316 0.0201896
0.966667 0.32 0.017331
0.966667 0.324 0.0222083
0.966667 0.328 0.0268483
0.966667 0.332 0.0228798
0.966667 0.336 0.0246057
0.966667 0.34 0.0246982
0.966667 0.344 0.0260931
0.966667 0.348 0.0331301
0.966667 0.352 0.024895
0.966667 0.356 0.019097
0.966667 0.36 0.027004
0.966667 0.364 0.0223796
0.966667 0.368 0.0309072
0.966667 0.372 0.0186645
0.966667 0.376 0.00247614
0.966667 0.38 0.0105385
0.966667 0.384 0.018838
0.966667 0.388 0.0273003
0.966667 0.392 0.0178434
0.966667 0.396 0.0204469
0.966667 0.4 0.0203488
0.966667 0.404 0.0233292
0.966667 0.408 0.0228473
0.966667 0.412 0.0174495
0.966667 0.416 0.0204141
0.966667 0.42 0.031803
0.966667 0.424 0.0260783
0.966667 0.428 0.039393
0.966667 0.432 0.0357148
0.966667 0.436 0.0386925
0.966667 0.44 0.0321167
0.966667 0.444 0.0528595
0.966667 0.448 0.0431111
0.966667 0.452 0.0436447
0.966667 0.456 0.0382904
0.966667 0.46 0.0223125
0.966667 0.464 0.050117
0.966667 0.468 0.0390319
0.966667 0.472 0.034166
0.966667 0.476 0.0442716
0.966667 0.48 0.040663
0.966667 0.484 0.028949
0.966667 0.488 0.0309008
0.966667 0.492 0.028301
0.966667 0.496 0.0390961
0.966667 0.5 0.0272237
0.966667 0.504 0.0322792
0.966667 0.508 0.0252574
0.966667 0.512 0.0328985
0.966667 0.516 0.0237138
0.966667 0.52 0.040511
0.966667 0.524 0.0429561
0.966667 0.528 0.0321613
0.966667 0.532 0.0467432
0.966667 0.536 0.0494969
0.966667 0.54 0.0509192
0.966667 0.544 0.0357862
0.966667 0.548 0.0503538
0.966667 0.552 0.0558308
0.966667 0.556 0.0456199
0.966667 0.56 0.0514539
0.966667 0.564 0.0588903
0.966667 0.568 0.0516011
0.966667 0.572 0.0620188
0.966667 0.576 0.0462862
0.966667 0.58 0.0406696
0.966667 0.584 0.0435445
0.966667 0.588 0.0267797
0.966667 0.592 0.0521584
0.966667 0.596 0.0547141
0.966667 0.6 0.0414291
0.966667 0.604 0.0536907
0.966667 0.608 0.0329108
0.966667 0.612 0.0349644
0.966667 0.616 0.0242742
0.966667 0.62 0.0305385
0.966667 0.624 0.0440835
0.966667 0.628 0.0467943
0.966667 0.632 0.0478345
0.966667 0.636 0.0560061
0.966667 0.64 0.0616063
0.966667 0.644 0.0645233
0.966667 0.648 0.0725479
0.966667 0.652 0.0826504
0.966667 0.656 0.077158
0.966667 0.66 0.0723427
0.966667 0.664 0.0709186
0.966667 0.668 0.0728588
0.966667 0.672 0.0864231
0.966667 0.676 0.0709534
0.966667 0.68 0.07394
0.966667 0.684 0.0649504
0.966667 0.688 0.0649788
0.966667 0.692 0.0677475
0.966667 0.696 0.0569121
0.966667 0.7 0.0595406
0.966667 0.704 0.059816
0.966667 0.708 0.064308
0.966667 0.712 0.0550039
0.966667 0.716 0.0403425
0.966667 0.72 0.0350835
0.966667 0.724 0.0325058
0.966667 0.728 0.0359419
0.966667 0.732 0.032779
0.966667 0.736 0.0370488
0.966667 0.74 0.0413928
0.966667 0.744 0.0442654
0.966667 0.748 0.0453214
0.966667 0.752 0.0521435
0.966667 0.756 0.0447089
0.966667 0.76 0.064972
0.966667 0.764 0.0524773
0.966667 0.768 0.0566658
0.966667 0.772 0.0702951
0.966667 0.776 0.0601734
0.966667 0.78 0.0702951
0.966667 0.784 0.0651544
0.966667 0.788 0.0660326
0.966667 0.792 0.0686021
0.966667 0.796 0.0661927
0.966667 0.8 0.069395
0.983333 0 3.33944e-06
0.983333 0.004 -7.51643e-05
0.983333 0.008 -0.000149002
0.983333 0.012 -0.000228977
0.983333 0.016 -0.000337941
0.983333 0.02 -0.000442768
0.983333 0.024 -0.000584249
0.983333 0.028 -0.00069073
0.983333 0.032 -0.000865884
0.983333 0.036 -0.00121092
0.983333 0.04 -0.00143742
0.983333 0.044 -0.00164183
0.983333 0.048 -0.00217999
0.983333 0.052 -0.00263682
0.983333 0.056 -0.00268255
0.983333 0.06 -0.0023437
0.983333 0.064 -0.000635175
0.983333 0.068 0.000959072
0.983333 0.072 0.00311771
0.983333 0.076 0.00298447
0.983333 0.08 0.00505176
0.983333 0.084 0.00559228
0.983333 0.088 0.00442187
0.983333 0.092 0.00744951
0.983333 0.096 0.0101579
0.983333 0.1 0.00983322
0.983333 0.104 0.00444529
0.983333 0.108 -0.000630761
0.983333 0.112 -0.00311144
0.983333 0.116 -0.00634401
0.983333 0.12 -0.00748496
0.983333 0.124 -0.00694004
0.983333 0.128 -0.00700676
0.983333 0.132 -0.0103714
0.983333 0.136 -0.0109768
0.983333 0.14 -0.00955982
0.983333 0.144 -0.0061181
0.983333 0.148 -0.000167968
0.983333 0.152 0.00208189
0.983333 0.156 0.00706124
0.983333 0.16 0.0135092
0.983333 0.164 0.0167119
0.983333 0.168 0.0180189
0.983333 0.172 0.0195256
0.983333 0.176 0.0221283
0.983333 0.18 0.0201157
0.983333 0.184 0.0176596
0.983333 0.188 0.0180734
0.983333 0.192 0.0202252
0.983333 0.196 0.0230158
0.983333 0.2 0.0206045
0.983333 0.204 0.016419
0.983333 0.208 0.0112841
0.983333 0.212 0.0103361
0.983333 0.216 0.0051833
0.983333 0.22 0.00774371
0.983333 0.224 0.0153877
0.983333 0.228 0.0101764
0.983333 0.232 0.010884
0.983333 0.236 0.00814336
0.983333 0.24 0.00909877
0.983333 0.244 0.0057967
0.983333 0.248 0.00360194
0.983333 0.252 0.00274164
0.983333 0.256 0.00202687
0.983333 0.26 -0.00105391
0.983333 0.264 -0.00139652
0.983333 0.268 0.00609447
0.983333 0.272 0.002843
0.983333 0.276 0.0135543
0.983333 0.28 0.0107782
0.983333 0.284 0.0114009
0.983333 0.288 0.0109382
0.983333 0.292 0.00764452
0.983333 0.296 0.0144596
0.983333 0.3 0.0190752
0.983333 0.304 0.0159798
0.983333 0.308 0.00976698
0.983333 0.312 0.0147615
0.983333 0.316 0.0159864
0.983333 0.32 0.0165169
0.983333 0.324 0.0217378
0.983333 0.328 0.026297
0.983333 0.332 0.020314
0.983333 0.336 0.0214599
0.983333 0.34 0.0253565
0.983333 0.344 0.0240223
0.983333 0.348 0.0272926
0.983333 0.352 0.0205206
0.983333 0.356 0.019192
0.983333 0.36 0.0293603
0.983333 0.364 0.0241805
0.983333 0.368 0.0235053
0.983333 0.372 0.0174679
0.983333 0.376 0.00752302
0.983333 0.38 0.00476376
0.983333 0.384 0.0183869
0.983333 0.388 0.0214175
0.983333 0.392 0.0199724
0.983333 0.396 0.0219707
0.983333 0.4 0.0192997
0.983333 0.404 0.0193165
0.983333 0.408 0.0199814
0.983333 0.412 0.017025
0.983333 0.416 0.0167363
0.983333 0.42 0.0300356
0.983333 0.424 0.0166454
0.983333 0.428 0.0344937
0.983333 0.432 0.0312496
0.983333 0.436 0.0377478
0.983333 0.44 0.0225991
0.983333 0.444 0.0474149
0.983333 0.448 0.0466397
0.983333 0.452 0.0365722
0.983333 0.456 0.0409887
0.983333 0.46 0.0229246
0.983333 0.464 0.0536651
0.983333 0.468 0.0483313
0.983333 0.472 0.0356566
0.983333 0.476 0.0532466
0.983333 0.48 0.0388252
0.983333 0.484 0.0365361
0.983333 0.488 0.0300655
0.983333 0.492 0.0325217
0.983333 0.496 0.0351949
0.983333 0.5 0.0210751
0.983333 0.504 0.0328952
0.983333 0.508 0.0231787
0.983333 0.512 0.0352751
0.983333 0.516 0.0291142
0.983333 0.52 0.0358934
0.983333 0.524 0.0460407
0.983333 0.528 0.0275155
0.983333 0.532 0.0505841
0.983333 0.536 0.0523997
0.983333 0.54 0.0465434
0.983333 0.544 0.0340683
0.983333 0.548 0.0554903
0.983333 0.552 0.0525784
0.983333 0.556 0.0431866
0.983333 0.56 0.0546839
0.983333 0.564 0.0605585
0.983333 0.568 0.0540526
0.983333 0.572 0.0588872
0.983333 0.576 0.0514067
0.983333 0.58 0.044718
0.983333 0.584 0.0418672
0.983333 0.588 0.0225683
0.983333 0.592 0.0496261
0.983333 0.596 0.054459
0.983333 0.6 0.0427378
0.983333 0.604 0.0476625
0.983333 0.608 0.031542
0.983333 0.612 0.0321088
0.983333 0.616 0.0245091
0.983333 0.62 0.0216109
0.983333 0.624 0.0408582
0.983333 0.628 0.0438392
0.983333 0.632 0.0452357
0.983333 0.636 0.0553502
0.983333 0.64 0.0567138
0.983333 0.644 0.0588981
0.983333 0.648 0.0736815
0.983333 0.652 0.0770072
0.983333 0.656 0.0747286
0.983333 0.66 0.0747819
0.983333 0.664 0.0675036
0.983333 0.668 0.0690591
0.983333 0.672 0.0834248
0.983333 0.676 0.0644778
0.983333 0.68 0.073313
0.983333 0.684 0.0646367
0.983333 0.688 0.0712554
0.983333 0.692 0.0693845
0.983333 0.696 0.0525313
0.983333 0.7 0.0582842
0.983333 0.704 0.0615584
0.983333 0.708 0.0635706
0.983333 0.712 0.053193
0.983333 0.716 0.0398808
0.983333 0.72 0.0345833
0.983333 0.724 0.0362716
0.983333 0.728 0.0373222
0.983333 0.732 0.0374285
0.983333 0.736 0.0371911
0.983333 0.74 0.0399748
0.983333 0.744 0.0449696
0.983333 0.748 0.0463732
0.983333 0.752 0.0569975
0.983333 0.756 0.0471719
0.983333 0.76 0.07141
0.983333 0.764 0.0503246
0.983333 0.768 0.0573735
0.983333 0.772 0.0714553
0.983333 0.776 0.0581728
0.983333 0.78 0.0714553
0.983333 0.784 0.0658
0.983333 0.788 0.0664177
0.983333 0.792 0.0704188
0.983333 0.796 0.0736965
0.983333 0.8 0.077304
1 0 0.000202571
1 0.004 0.000117037
1 0.008 3.43334e-05
1 0.012 -5.24866e-05
1 0.016 -0.000157432
1 0.02 -0.000239158
1 0.024 -0.000350767
1 0.028 -0.00043881
1 0.032 -0.000599665
1 0.036 -0.000978194
1 0.04 -0.00126039
1 0.044 -0.00149362
1 0.048 -0.00211497
1 0.052 -0.00260844
1 0.056 -0.00274921
1 0.06 -0.00249338
1 0.064 -0.000840963
1 0.068 0.000811152
1 0.072 0.00302092
1 0.076 0.00266231
1 0.08 0.00492151
1 0.084 0.00520156
1 0.088 0.00348216
1 0.092 0.00657507
1 0.096 0.0101685
1 0.1 0.00917977
1 0.104 0.00454603
1 0.108 -0.00126811
1 0.112 -0.00431898
1 0.116 -0.00789733
1 0.12 -0.00882742
1 0.124 -0.00835843
1 0.128 -0.00740253
1 0.132 -0.0114569
1 0.136 -0.0108155
1 0.14 -0.0110062
1 0.144 -0.00766773
1 0.148 0.000559305
1 0.152 0.00055536
1 0.156 0.00765537
1 0.16 0.0203382
1 0.164 0.0172281
1 0.168 0.0178893
1 0.172 0.0208284
1 0.176 0.0229573
1 0.18 0.0185279
1 0.184 0.017389
1 0.188 0.0238399
1 0.192 0.0218273
1 0.196 0.0219156
1 0.2 0.0218212
1 0.204 0.0169123
1 0.208 0.0130958
1 0.212 0.0115331
1 0.216 0.0058718
1 0.22 0.00818982
1 0.224 0.0170639
1 0.228 0.0120632
1 0.232 0.0110749
1 0.236 0.0064398
1 0.24 0.00616475
1 0.244 0.0123311
1 0.248 -0.000262868
1 0.252 0.000224902
1 0.256 -0.00235602
1 0.26 -0.00146843
1 0.264 -0.000699133
1 0.268 0.0042997
1 0.272 0.00327212
1 0.276 0.00902248
1 0.28 0.00654889
1 0.284 0.0202568
1 0.288 0.0164075
1 0.292 0.0122463
1 0.296 0.0167454
1 0.3 0.0205564
1 0.304 0.013696
1 0.308 0.014414
1 0.312 0.0169199
1 0.316 0.0114953
1 0.32 0.0178225
1 0.324 0.021249
1 0.328 0.0258096
1 0.332 0.0231082
1 0.336 0.0264788
1 0.34 0.0253564
1 0.344 0.0251399
1 0.348 0.0222013
1 0.352 0.0188118
1 0.356 0.0307868
1 0.36 0.031423
1 0.364 0.0275812
1 0.368 0.0168416
1 0.372 0.0246634
1 0.376 0.0280989
1 0.38 0.00880108
1 0.384 0.0138851
1 0.388 0.0115546
1 0.392 0.0241033
1 0.396 0.0234402
1 0.4 0.0223757
1 0.404 0.0242688
1 0.408 0.0208384
1 0.412 0.0254133
1 0.416 0.0137198
1 0.42 0.0294585
1 0.424 0.0211196
1 0.428 0.0360915
1 0.432 0.0318971
1 0.436 0.0364768
1 0.44 0.0471807
1 0.444 0.0339102
1 0.448 0.0451146
1 0.452 0.0371695
1 0.456 0.0481578
1 0.46 0.0586102
1 0.464 0.050376
1 0.468 0.0546271
1 0.472 0.0425746
1 0.476 0.0429755
1 0.48 0.044095
1 0.484 0.0373866
1 0.488 0.027604
1 0.492 0.0283399
1 0.496 0.0335653
1 0.5 0.023364
1 0.504 0.0327369
1 0.508 0.0191736
1 0.512 0.0416509
1 0.516 0.0386178
1 0.52 0.0296371
1 0.524 0.0394112
1 0.528 0.021604
1 0.532 0.0496325
1 0.536 0.0432812
1 0.54 0.0417355
1 0.544 0.050316
1 0.548 0.062302
1 0.552 0.0450896
1 0.556 0.0462723
1 0.56 0.0625398
1 0.564 0.0594304
1 0.568 0.0546781
1 0.572 0.055656
1 0.576 0.049602
1 0.58 0.0462163
1 0.584 0.0455976
1 0.588 0.0316474
1 0.592 0.0461692
1 0.596 0.0474502
1 0.6 0.0423377
1 0.604 0.0334363
1 0.608 0.030302
1 0.612 0.0314585
1 0.616 0.035203
1 0.62 0.024203
1 0.624 0.0305831
1 0.628 0.0464979
1 0.632 0.0566505
1 0.636 0.056428
1 0.64 0.0608371
1 0.644 0.0675784
1 0.648 0.061196
1 0.652 0.0750319
1 0.656 0.0753874
1 0.66 0.0855532
1 0.664 0.0754619
1 0.668 0.0719188
1 0.672 0.0840883
1 0.676 0.0715447
1 0.68 0.0758949
1 0.684 0.0650927
1 0.688 0.0820946
1 0.692 0.0627262
1 0.696 0.0547465
1 0.7 0.0611689
1 0.704 0.0643541
1 0.708 0.0616689
1 0.712 0.0508478
1 0.716 0.0430421
1 0.72 0.0368284
1 0.724 0.044593
1 0.728 0.0380857
1 0.732 0.0415201
1 0.736 0.0441639
1 0.74 0.0382942
1 0.744 0.0429041
1 0.748 0.0482566
1 0.752 0.0571683
1 0.756 0.0581384
1 0.76 0.0629026
1 0.764 0.0543508
1 0.768 0.050394
1 0.772 0.0732206
1 0.776 0.0706138
1 0.78 0.0732206
1 0.784 0.066058
1 0.788 0.0736738
1 0.792 0.0709512
1 0.796 0.0712776
1 0.8 0.0653111
  
