# Stoner continuum of generlized Kondo-Heisenberg model
# t=0.5 U=10 Jh=10 L=200 n=1.33 S=1/2
# k, continuum

0.34 1.0364926517965694
0.35 1.0920190005209065
0.36 1.1484414168698547
0.37 1.2057042187304388
0.38 1.2637508946306442
0.39 1.3225241595094173
0.4 1.381966011250105
0.41 1.4420177879215414
0.42 1.5026202256702903
0.43 1.563713517206915
0.44 1.6252373708285508
0.45 1.6871310699195383
0.46 1.7493335328713915
0.47 1.8117833733629713
0.48 1.8744189609413733
0.49 1.9371784818437434
0.5 2.
0.51 2.0628215181562566
0.52 2.125581039058627
0.53 2.1882166266370287
0.54 2.2506664671286085
0.55 2.3128689300804615
0.56 2.374762629171449
0.57 2.4362864827930855
0.58 2.4973797743297093
0.59 2.5579822120784588
0.6 2.618033988749895
0.61 2.6774758404905827
0.62 2.736249105369356
0.63 2.794295781269561
0.64 2.8515585831301458
0.65 2.9079809994790935
0.66 2.9635073482034304
0.67 3.0180828315007426
0.68 3.071653589957993
0.69 3.1241667557042616
0.7 3.1755705045849467
0.71 3.225814107305953
0.72 3.2748479794973795
0.73 3.3226237306473037
0.74 3.3690942118573775
0.75 3.414213562373095
0.76 3.4579372548428235
0.77 3.500222139260919
0.78 3.541026485551579
0.79 3.5803100247513813
0.8 3.618033988749895
0.81 3.6541611485491234
0.82 3.6886558510040306
0.83 3.7214840540078873
0.84 3.752613360087727
0.85 3.7820130483767356
0.86 3.809654104932039
0.87 3.835509251367962
0.88 3.8595529717765027
0.89 3.881761537908451
0.9 3.9021130325903073
0.91 3.9205873713538866
0.92 3.937166322257262
0.93 3.951833523877495
0.94 3.9645745014573777
0.95 3.9753766811902755
0.96 3.984229402628956
0.97 3.99112392920616
0.98 3.9960534568565436
0.99 3.9990131207314636
1 4.
1.01 3.9990131207314636
1.02 3.9960534568565436
1.03 3.99112392920616
1.04 3.984229402628956
1.05 3.9753766811902755
1.06 3.9645745014573777
1.07 3.951833523877495
1.08 3.937166322257262
1.09 3.9205873713538866
1.1 3.9021130325903073
1.11 3.881761537908451
1.12 3.8595529717765027
1.13 3.835509251367962
1.14 3.809654104932039
1.15 3.7820130483767356
1.16 3.752613360087727
1.17 3.7214840540078873
1.18 3.6886558510040306
1.19 3.6541611485491234
1.2 3.618033988749895
1.21 3.5803100247513813
1.22 3.541026485551579
1.23 3.500222139260919
1.24 3.4579372548428235
1.25 3.414213562373095
1.26 3.3690942118573775
1.27 3.3226237306473037
1.28 3.2748479794973795
1.29 3.225814107305953
1.3 3.1755705045849467
1.31 3.1241667557042616
1.32 3.071653589957993
1.33 3.0180828315007426
1.34 2.9635073482034304
1.35 2.9079809994790935
1.36 2.8515585831301458
1.37 2.794295781269561
1.38 2.736249105369356
1.39 2.6774758404905827
1.4 2.618033988749895
1.41 2.5579822120784588
1.42 2.4973797743297093
1.43 2.4362864827930855
1.44 2.374762629171449
1.45 2.3128689300804615
1.46 2.2506664671286085
1.47 2.1882166266370287
1.48 2.125581039058627
1.49 2.0628215181562566
1.5 2.
1.51 1.9371784818437434
1.52 1.8744189609413733
1.53 1.8117833733629713
1.54 1.7493335328713915
1.55 1.6871310699195383
1.56 1.6252373708285508
1.57 1.563713517206915
1.58 1.5026202256702903
1.59 1.4420177879215414
1.6 1.381966011250105
1.61 1.3225241595094173
1.62 1.2637508946306442
1.63 1.2057042187304388
1.64 1.1484414168698547
1.65 1.0920190005209065
1.66 1.0364926517965694
0.35 1.036245931979435
0.36 1.0917722807037722
0.37 1.1481946970527204
0.38 1.2054574989133044
0.39 1.26350417481351
0.4 1.3222774396922832
0.41 1.381719291432971
0.42 1.4417710681044071
0.43 1.5023735058531562
0.44 1.5634667973897807
0.45 1.6249906510114167
0.46 1.686884350102404
0.47 1.7490868130542574
0.48 1.8115366535458373
0.49 1.874172241124239
0.5 1.9369317620266093
0.51 1.999753280182866
0.52 2.0625747983391225
0.53 2.1253343192414924
0.54 2.1879699068198946
0.55 2.2504197473114744
0.56 2.3126222102633274
0.57 2.374515909354315
0.58 2.436039762975951
0.59 2.497133054512575
0.6 2.5577354922613242
0.61 2.617787268932761
0.62 2.6772291206734486
0.63 2.7360023855522217
0.64 2.794049061452427
0.65 2.8513118633130112
0.66 2.9077342796619594
0.67 2.9632606283862963
0.68 3.017836111683608
0.69 3.071406870140859
0.7 3.123920035887127
0.71 3.175323784767812
0.72 3.2255673874888187
0.73 3.274601259680245
0.74 3.322377010830169
0.75 3.368847492040243
0.76 3.4139668425559604
0.77 3.457690535025689
0.78 3.4999754194437847
0.79 3.5407797657344444
0.8 3.5800633049342467
0.81 3.6177872689327604
0.82 3.6539144287319894
0.83 3.688409131186896
0.84 3.7212373341907528
0.85 3.752366640270593
0.86 3.7817663285596015
0.87 3.8094073851149046
0.88 3.835262531550828
0.89 3.8593062519593686
0.9 3.8815148180913166
0.91 3.9018663127731728
0.92 3.920340651536752
0.93 3.9369196024401276
0.94 3.9515868040603603
0.95 3.964327781640243
0.96 3.975129961373141
0.97 3.9839826828118214
0.98 3.9908772093890255
0.99 3.995806737039409
1 3.998766400914329
1.01 3.9997532801828655
1.02 3.998766400914329
1.03 3.995806737039409
1.04 3.9908772093890255
1.05 3.9839826828118214
1.06 3.975129961373141
1.07 3.964327781640243
1.08 3.9515868040603603
1.09 3.9369196024401276
1.1 3.920340651536752
1.11 3.9018663127731728
1.12 3.8815148180913166
1.13 3.8593062519593686
1.14 3.835262531550828
1.15 3.8094073851149046
1.16 3.7817663285596015
1.17 3.752366640270593
1.18 3.7212373341907528
1.19 3.688409131186896
1.2 3.6539144287319894
1.21 3.6177872689327604
1.22 3.5800633049342467
1.23 3.5407797657344444
1.24 3.4999754194437847
1.25 3.457690535025689
1.26 3.4139668425559604
1.27 3.368847492040243
1.28 3.322377010830169
1.29 3.274601259680245
1.3 3.2255673874888187
1.31 3.175323784767812
1.32 3.123920035887127
1.33 3.071406870140859
1.34 3.017836111683608
1.35 2.9632606283862963
1.36 2.9077342796619594
1.37 2.8513118633130112
1.38 2.794049061452427
1.39 2.7360023855522217
1.4 2.6772291206734486
1.41 2.617787268932761
1.42 2.5577354922613242
1.43 2.497133054512575
1.44 2.436039762975951
1.45 2.374515909354315
1.46 2.3126222102633274
1.47 2.2504197473114744
1.48 2.1879699068198946
1.49 2.1253343192414924
1.5 2.0625747983391225
1.51 1.999753280182866
1.52 1.9369317620266093
1.53 1.874172241124239
1.54 1.8115366535458373
1.55 1.7490868130542574
1.56 1.686884350102404
1.57 1.6249906510114167
1.58 1.5634667973897807
1.59 1.5023735058531562
1.6 1.4417710681044071
1.61 1.381719291432971
1.62 1.3222774396922832
1.63 1.26350417481351
1.64 1.2054574989133044
1.65 1.1481946970527204
1.66 1.0917722807037722
1.67 1.036245931979435
0.36 1.035506016010705
0.37 1.0910323647350422
0.38 1.1474547810839903
0.39 1.2047175829445744
0.4 1.26276425884478
0.41 1.3215375237235532
0.42 1.380979375464241
0.43 1.4410311521356771
0.44 1.5016335898844262
0.45 1.5627268814210507
0.46 1.6242507350426867
0.47 1.686144434133674
0.48 1.7483468970855274
0.49 1.8107967375771072
0.5 1.873432325155509
0.51 1.9361918460578793
0.52 1.999013364214136
0.53 2.0618348823703925
0.54 2.1245944032727624
0.55 2.1872299908511645
0.56 2.2496798313427444
0.57 2.3118822942945974
0.58 2.373775993385585
0.59 2.435299847007221
0.6 2.496393138543845
0.61 2.556995576292594
0.62 2.617047352964031
0.63 2.6764892047047186
0.64 2.7352624695834917
0.65 2.793309145483697
0.66 2.850571947344281
0.67 2.9069943636932294
0.68 2.9625207124175663
0.69 3.017096195714878
0.7 3.070666954172129
0.71 3.123180119918397
0.72 3.174583868799082
0.73 3.2248274715200886
0.74 3.273861343711515
0.75 3.321637094861439
0.76 3.368107576071513
0.77 3.4132269265872304
0.78 3.456950619056959
0.79 3.4992355034750546
0.8 3.5400398497657144
0.81 3.5793233889655167
0.82 3.6170473529640303
0.83 3.6531745127632593
0.84 3.687669215218166
0.85 3.7204974182220227
0.86 3.751626724301863
0.87 3.7810264125908715
0.88 3.8086674691461746
0.89 3.834522615582098
0.9 3.8585663359906386
0.91 3.8807749021225866
0.92 3.9011263968044427
0.93 3.919600735568022
0.94 3.9361796864713976
0.95 3.9508468880916303
0.96 3.963587865671513
0.97 3.974390045404411
0.98 3.9832427668430914
0.99 3.9901372934202954
1 3.995066821070679
1.01 3.998026484945599
1.02 3.9990133642141354
1.03 3.998026484945599
1.04 3.995066821070679
1.05 3.9901372934202954
1.06 3.9832427668430914
1.07 3.974390045404411
1.08 3.963587865671513
1.09 3.9508468880916303
1.1 3.9361796864713976
1.11 3.919600735568022
1.12 3.9011263968044427
1.13 3.8807749021225866
1.14 3.8585663359906386
1.15 3.834522615582098
1.16 3.8086674691461746
1.17 3.7810264125908715
1.18 3.751626724301863
1.19 3.7204974182220227
1.2 3.687669215218166
1.21 3.6531745127632593
1.22 3.6170473529640303
1.23 3.5793233889655167
1.24 3.5400398497657144
1.25 3.4992355034750546
1.26 3.456950619056959
1.27 3.4132269265872304
1.28 3.368107576071513
1.29 3.321637094861439
1.3 3.273861343711515
1.31 3.2248274715200886
1.32 3.174583868799082
1.33 3.123180119918397
1.34 3.070666954172129
1.35 3.017096195714878
1.36 2.9625207124175663
1.37 2.9069943636932294
1.38 2.850571947344281
1.39 2.793309145483697
1.4 2.7352624695834917
1.41 2.6764892047047186
1.42 2.617047352964031
1.43 2.556995576292594
1.44 2.496393138543845
1.45 2.435299847007221
1.46 2.373775993385585
1.47 2.3118822942945974
1.48 2.2496798313427444
1.49 2.1872299908511645
1.5 2.1245944032727624
1.51 2.0618348823703925
1.52 1.999013364214136
1.53 1.9361918460578793
1.54 1.873432325155509
1.55 1.8107967375771072
1.56 1.7483468970855274
1.57 1.686144434133674
1.58 1.6242507350426867
1.59 1.5627268814210507
1.6 1.5016335898844262
1.61 1.4410311521356771
1.62 1.380979375464241
1.63 1.3215375237235532
1.64 1.26276425884478
1.65 1.2047175829445744
1.66 1.1474547810839903
1.67 1.0910323647350422
1.68 1.035506016010705
0.37 1.0342736340981094
0.38 1.0897999828224463
0.39 1.1462223991713945
0.4 1.2034852010319788
0.41 1.2615318769321842
0.42 1.3203051418109573
0.43 1.379746993551645
0.44 1.4397987702230814
0.45 1.5004012079718305
0.46 1.5614944995084548
0.47 1.6230183531300908
0.48 1.6849120522210783
0.49 1.7471145151729315
0.5 1.8095643556645113
0.51 1.8721999432429133
0.52 1.9349594641452834
0.53 1.99778098230154
0.54 2.0606025004577964
0.55 2.1233620213601667
0.56 2.1859976089385684
0.57 2.2484474494301487
0.58 2.3106499123820017
0.59 2.372543611472989
0.6 2.4340674650946252
0.61 2.4951607566312495
0.62 2.5557631943799985
0.63 2.615814971051435
0.64 2.6752568227921225
0.65 2.734030087670896
0.66 2.7920767635711012
0.67 2.8493395654316855
0.68 2.9057619817806337
0.69 2.9612883305049706
0.7 3.0158638138022824
0.71 3.0694345722595333
0.72 3.1219477380058014
0.73 3.1733514868864865
0.74 3.223595089607493
0.75 3.2726289617989193
0.76 3.3204047129488434
0.77 3.3668751941589172
0.78 3.4119945446746347
0.79 3.4557182371443633
0.8 3.498003121562459
0.81 3.5388074678531187
0.82 3.578091007052921
0.83 3.6158149710514347
0.84 3.6519421308506637
0.85 3.6864368333055704
0.86 3.719265036309427
0.87 3.750394342389267
0.88 3.779794030678276
0.89 3.807435087233579
0.9 3.8332902336695023
0.91 3.857333954078043
0.92 3.879542520209991
0.93 3.899894014891847
0.94 3.9183683536554264
0.95 3.934947304558802
0.96 3.9496145061790346
0.97 3.9623554837589174
0.98 3.9731576634918153
0.99 3.9820103849304957
1 3.9889049115076998
1.01 3.9938344391580833
1.02 3.9967941030330034
1.03 3.9977809823015398
1.04 3.9967941030330034
1.05 3.9938344391580833
1.06 3.9889049115076998
1.07 3.9820103849304957
1.08 3.9731576634918153
1.09 3.9623554837589174
1.1 3.9496145061790346
1.11 3.934947304558802
1.12 3.9183683536554264
1.13 3.899894014891847
1.14 3.879542520209991
1.15 3.857333954078043
1.16 3.8332902336695023
1.17 3.807435087233579
1.18 3.779794030678276
1.19 3.750394342389267
1.2 3.719265036309427
1.21 3.6864368333055704
1.22 3.6519421308506637
1.23 3.6158149710514347
1.24 3.578091007052921
1.25 3.5388074678531187
1.26 3.498003121562459
1.27 3.4557182371443633
1.28 3.4119945446746347
1.29 3.3668751941589172
1.3 3.3204047129488434
1.31 3.2726289617989193
1.32 3.223595089607493
1.33 3.1733514868864865
1.34 3.1219477380058014
1.35 3.0694345722595333
1.36 3.0158638138022824
1.37 2.9612883305049706
1.38 2.9057619817806337
1.39 2.8493395654316855
1.4 2.7920767635711012
1.41 2.734030087670896
1.42 2.6752568227921225
1.43 2.615814971051435
1.44 2.5557631943799985
1.45 2.4951607566312495
1.46 2.4340674650946252
1.47 2.372543611472989
1.48 2.3106499123820017
1.49 2.2484474494301487
1.5 2.1859976089385684
1.51 2.1233620213601667
1.52 2.0606025004577964
1.53 1.99778098230154
1.54 1.9349594641452834
1.55 1.8721999432429133
1.56 1.8095643556645113
1.57 1.7471145151729315
1.58 1.6849120522210783
1.59 1.6230183531300908
1.6 1.5614944995084548
1.61 1.5004012079718305
1.62 1.4397987702230814
1.63 1.379746993551645
1.64 1.3203051418109573
1.65 1.2615318769321842
1.66 1.2034852010319788
1.67 1.1462223991713945
1.68 1.0897999828224463
1.69 1.0342736340981094
0.38 1.0325500024538083
0.39 1.0880763511781453
0.4 1.1444987675270935
0.41 1.2017615693876778
0.42 1.2598082452878832
0.43 1.3185815101666563
0.44 1.378023361907344
0.45 1.4380751385787804
0.46 1.4986775763275295
0.47 1.5597708678641538
0.48 1.6212947214857898
0.49 1.6831884205767773
0.5 1.7453908835286305
0.51 1.8078407240202103
0.52 1.8704763115986123
0.53 1.9332358325009824
0.54 1.996057350657239
0.55 2.058878868813496
0.56 2.1216383897158657
0.57 2.184273977294268
0.58 2.2467238177858473
0.59 2.3089262807377007
0.6 2.3708199798286884
0.61 2.4323438334503242
0.62 2.4934371249869485
0.63 2.5540395627356975
0.64 2.6140913394071337
0.65 2.673533191147822
0.66 2.7323064560265946
0.67 2.7903531319268002
0.68 2.8476159337873845
0.69 2.9040383501363327
0.7 2.9595646988606696
0.71 3.0141401821579814
0.72 3.0677109406152323
0.73 3.1202241063615004
0.74 3.1716278552421855
0.75 3.221871457963192
0.76 3.2709053301546183
0.77 3.3186810813045424
0.78 3.3651515625146162
0.79 3.4102709130303337
0.8 3.4539946055000623
0.81 3.496279489918158
0.82 3.5370838362088177
0.83 3.57636737540862
0.84 3.6140913394071337
0.85 3.6502184992063627
0.86 3.6847132016612694
0.87 3.717541404665126
0.88 3.748670710744966
0.89 3.778070399033975
0.9 3.805711455589278
0.91 3.8315666020252013
0.92 3.855610322433742
0.93 3.87781888856569
0.94 3.898170383247546
0.95 3.9166447220111253
0.96 3.933223672914501
0.97 3.9478908745347336
0.98 3.9606318521146164
0.99 3.9714340318475143
1 3.9802867532861947
1.01 3.9871812798633988
1.02 3.9921108075137823
1.03 3.9950704713887024
1.04 3.9960573506572388
1.05 3.9950704713887024
1.06 3.9921108075137823
1.07 3.9871812798633988
1.08 3.9802867532861947
1.09 3.9714340318475143
1.1 3.9606318521146164
1.11 3.9478908745347336
1.12 3.933223672914501
1.13 3.9166447220111253
1.14 3.898170383247546
1.15 3.87781888856569
1.16 3.855610322433742
1.17 3.8315666020252013
1.18 3.805711455589278
1.19 3.778070399033975
1.2 3.748670710744966
1.21 3.717541404665126
1.22 3.6847132016612694
1.23 3.6502184992063627
1.24 3.6140913394071337
1.25 3.57636737540862
1.26 3.5370838362088177
1.27 3.496279489918158
1.28 3.4539946055000623
1.29 3.4102709130303337
1.3 3.3651515625146162
1.31 3.3186810813045424
1.32 3.2709053301546183
1.33 3.221871457963192
1.34 3.1716278552421855
1.35 3.1202241063615004
1.36 3.0677109406152323
1.37 3.0141401821579814
1.38 2.9595646988606696
1.39 2.9040383501363327
1.4 2.8476159337873845
1.41 2.7903531319268002
1.42 2.7323064560265946
1.43 2.673533191147822
1.44 2.6140913394071337
1.45 2.5540395627356975
1.46 2.4934371249869485
1.47 2.4323438334503242
1.48 2.3708199798286884
1.49 2.3089262807377007
1.5 2.2467238177858473
1.51 2.184273977294268
1.52 2.1216383897158657
1.53 2.058878868813496
1.54 1.996057350657239
1.55 1.9332358325009824
1.56 1.8704763115986123
1.57 1.8078407240202103
1.58 1.7453908835286305
1.59 1.6831884205767773
1.6 1.6212947214857898
1.61 1.5597708678641538
1.62 1.4986775763275295
1.63 1.4380751385787804
1.64 1.378023361907344
1.65 1.3185815101666563
1.66 1.2598082452878832
1.67 1.2017615693876778
1.68 1.1444987675270935
1.69 1.0880763511781453
1.7 1.0325500024538083
0.39 1.0303368220941382
0.4 1.0858631708184752
0.41 1.1422855871674233
0.42 1.1995483890280076
0.43 1.257595064928213
0.44 1.3163683298069861
0.45 1.375810181547674
0.46 1.4358619582191103
0.47 1.4964643959678594
0.48 1.5575576875044836
0.49 1.6190815411261197
0.5 1.6809752402171072
0.51 1.7431777031689604
0.52 1.8056275436605402
0.53 1.8682631312389422
0.54 1.9310226521413123
0.55 1.9938441702975689
0.56 2.0566656884538252
0.57 2.1194252093561956
0.58 2.1820607969345973
0.59 2.2445106374261776
0.6 2.3067131003780306
0.61 2.368606799469018
0.62 2.430130653090654
0.63 2.4912239446272784
0.64 2.5518263823760274
0.65 2.611878159047464
0.66 2.6713200107881514
0.67 2.730093275666925
0.68 2.78813995156713
0.69 2.8454027534277144
0.7 2.9018251697766626
0.71 2.9573515185009995
0.72 3.0119270017983113
0.73 3.065497760255562
0.74 3.1180109260018303
0.75 3.1694146748825154
0.76 3.219658277603522
0.77 3.268692149794948
0.78 3.3164679009448723
0.79 3.362938382154946
0.8 3.4080577326706636
0.81 3.451781425140392
0.82 3.494066309558488
0.83 3.5348706558491476
0.84 3.57415419504895
0.85 3.6118781590474636
0.86 3.6480053188466925
0.87 3.6825000213015993
0.88 3.715328224305456
0.89 3.746457530385296
0.9 3.7758572186743047
0.91 3.803498275229608
0.92 3.829353421665531
0.93 3.853397142074072
0.94 3.87560570820602
0.95 3.895957202887876
0.96 3.9144315416514552
0.97 3.931010492554831
0.98 3.9456776941750635
0.99 3.9584186717549463
1 3.969220851487844
1.01 3.9780735729265246
1.02 3.9849680995037287
1.03 3.9898976271541122
1.04 3.9928572910290323
1.05 3.9938441702975687
1.06 3.9928572910290323
1.07 3.9898976271541122
1.08 3.9849680995037287
1.09 3.9780735729265246
1.1 3.969220851487844
1.11 3.9584186717549463
1.12 3.9456776941750635
1.13 3.931010492554831
1.14 3.9144315416514552
1.15 3.895957202887876
1.16 3.87560570820602
1.17 3.853397142074072
1.18 3.829353421665531
1.19 3.803498275229608
1.2 3.7758572186743047
1.21 3.746457530385296
1.22 3.715328224305456
1.23 3.6825000213015993
1.24 3.6480053188466925
1.25 3.6118781590474636
1.26 3.57415419504895
1.27 3.5348706558491476
1.28 3.494066309558488
1.29 3.451781425140392
1.3 3.4080577326706636
1.31 3.362938382154946
1.32 3.3164679009448723
1.33 3.268692149794948
1.34 3.219658277603522
1.35 3.1694146748825154
1.36 3.1180109260018303
1.37 3.065497760255562
1.38 3.0119270017983113
1.39 2.9573515185009995
1.4 2.9018251697766626
1.41 2.8454027534277144
1.42 2.78813995156713
1.43 2.730093275666925
1.44 2.6713200107881514
1.45 2.611878159047464
1.46 2.5518263823760274
1.47 2.4912239446272784
1.48 2.430130653090654
1.49 2.368606799469018
1.5 2.3067131003780306
1.51 2.2445106374261776
1.52 2.1820607969345973
1.53 2.1194252093561956
1.54 2.0566656884538252
1.55 1.9938441702975689
1.56 1.9310226521413123
1.57 1.8682631312389422
1.58 1.8056275436605402
1.59 1.7431777031689604
1.6 1.6809752402171072
1.61 1.6190815411261197
1.62 1.5575576875044836
1.63 1.4964643959678594
1.64 1.4358619582191103
1.65 1.375810181547674
1.66 1.3163683298069861
1.67 1.257595064928213
1.68 1.1995483890280076
1.69 1.1422855871674233
1.7 1.0858631708184752
1.71 1.0303368220941382
0.4 1.0276362771609138
0.41 1.083162625885251
0.42 1.139585042234199
0.43 1.1968478440947832
0.44 1.2548945199949886
0.45 1.3136677848737617
0.46 1.3731096366144495
0.47 1.4331614132858859
0.48 1.4937638510346347
0.49 1.5548571425712594
0.5 1.6163809961928952
0.51 1.6782746952838827
0.52 1.740477158235736
0.53 1.8029269987273158
0.54 1.8655625863057177
0.55 1.9283221072080878
0.56 1.9911436253643444
0.57 2.053965143520601
0.58 2.1167246644229714
0.59 2.179360252001373
0.6 2.241810092492953
0.61 2.304012555444806
0.62 2.3659062545357936
0.63 2.42743010815743
0.64 2.4885233996940537
0.65 2.549125837442803
0.66 2.6091776141142393
0.67 2.668619465854927
0.68 2.7273927307337003
0.69 2.7854394066339054
0.7 2.84270220849449
0.71 2.899124624843438
0.72 2.954650973567775
0.73 3.009226456865087
0.74 3.0627972153223375
0.75 3.115310381068606
0.76 3.166714129949291
0.77 3.2169577326702976
0.78 3.265991604861724
0.79 3.313767356011648
0.8 3.360237837221722
0.81 3.4053571877374393
0.82 3.449080880207168
0.83 3.4913657646252636
0.84 3.5321701109159234
0.85 3.5714536501157257
0.86 3.6091776141142393
0.87 3.645304773913468
0.88 3.679799476368375
0.89 3.7126276793722317
0.9 3.7437569854520714
0.91 3.77315667374108
0.92 3.8007977302963836
0.93 3.8266528767323065
0.94 3.850696597140847
0.95 3.8729051632727955
0.96 3.8932566579546517
0.97 3.911730996718231
0.98 3.9283099476216066
0.99 3.9429771492418393
1 3.955718126821722
1.01 3.96652030655462
1.02 3.9753730279933004
1.03 3.9822675545705044
1.04 3.987197082220888
1.05 3.990156746095808
1.06 3.9911436253643444
1.07 3.990156746095808
1.08 3.987197082220888
1.09 3.9822675545705044
1.1 3.9753730279933004
1.11 3.96652030655462
1.12 3.955718126821722
1.13 3.9429771492418393
1.14 3.9283099476216066
1.15 3.911730996718231
1.16 3.8932566579546517
1.17 3.8729051632727955
1.18 3.850696597140847
1.19 3.8266528767323065
1.2 3.8007977302963836
1.21 3.77315667374108
1.22 3.7437569854520714
1.23 3.7126276793722317
1.24 3.679799476368375
1.25 3.645304773913468
1.26 3.6091776141142393
1.27 3.5714536501157257
1.28 3.5321701109159234
1.29 3.4913657646252636
1.3 3.449080880207168
1.31 3.4053571877374393
1.32 3.360237837221722
1.33 3.313767356011648
1.34 3.265991604861724
1.35 3.2169577326702976
1.36 3.166714129949291
1.37 3.115310381068606
1.38 3.0627972153223375
1.39 3.009226456865087
1.4 2.954650973567775
1.41 2.899124624843438
1.42 2.84270220849449
1.43 2.7854394066339054
1.44 2.7273927307337003
1.45 2.668619465854927
1.46 2.6091776141142393
1.47 2.549125837442803
1.48 2.4885233996940537
1.49 2.42743010815743
1.5 2.3659062545357936
1.51 2.304012555444806
1.52 2.241810092492953
1.53 2.179360252001373
1.54 2.1167246644229714
1.55 2.053965143520601
1.56 1.9911436253643444
1.57 1.9283221072080878
1.58 1.8655625863057177
1.59 1.8029269987273158
1.6 1.740477158235736
1.61 1.6782746952838827
1.62 1.6163809961928952
1.63 1.5548571425712594
1.64 1.4937638510346347
1.65 1.4331614132858859
1.66 1.3731096366144495
1.67 1.3136677848737617
1.68 1.2548945199949886
1.69 1.1968478440947832
1.7 1.139585042234199
1.71 1.083162625885251
1.72 1.0276362771609138
0.41 1.024451032765943
0.42 1.0799773814902802
0.43 1.1363997978392284
0.44 1.1936625996998125
0.45 1.2517092756000179
0.46 1.310482540478791
0.47 1.3699243922194788
0.48 1.4299761688909152
0.49 1.490578606639664
0.5 1.5516718981762887
0.51 1.6131957517979245
0.52 1.675089450888912
0.53 1.7372919138407652
0.54 1.799741754332345
0.55 1.862377341910747
0.56 1.9251368628131171
0.57 1.9879583809693737
0.58 2.0507798991256303
0.59 2.113539420028
0.6 2.1761750076064024
0.61 2.2386248480979822
0.62 2.3008273110498356
0.63 2.362721010140823
0.64 2.4242448637624587
0.65 2.4853381552990834
0.66 2.545940593047832
0.67 2.6059923697192686
0.68 2.6654342214599565
0.69 2.7242074863387296
0.7 2.782254162238935
0.71 2.839516964099519
0.72 2.8959393804484677
0.73 2.9514657291728046
0.74 3.006041212470116
0.75 3.0596119709273673
0.76 3.112125136673635
0.77 3.16352888555432
0.78 3.2137724882753265
0.79 3.2628063604667528
0.8 3.310582111616677
0.81 3.3570525928267507
0.82 3.402171943342468
0.83 3.445895635812197
0.84 3.4881805202302925
0.85 3.5289848665209522
0.86 3.5682684057207545
0.87 3.605992369719268
0.88 3.6421195295184976
0.89 3.676614231973404
0.9 3.7094424349772606
0.91 3.740571741057101
0.92 3.7699714293461097
0.93 3.7976124859014124
0.94 3.823467632337336
0.95 3.847511352745877
0.96 3.8697199188778244
0.97 3.8900714135596806
0.98 3.90854575232326
0.99 3.9251247032266354
1 3.939791904846868
1.01 3.952532882426751
1.02 3.963335062159649
1.03 3.9721877835983292
1.04 3.9790823101755333
1.05 3.984011837825917
1.06 3.986971501700837
1.07 3.9879583809693733
1.08 3.986971501700837
1.09 3.984011837825917
1.1 3.9790823101755333
1.11 3.9721877835983292
1.12 3.963335062159649
1.13 3.952532882426751
1.14 3.939791904846868
1.15 3.9251247032266354
1.16 3.90854575232326
1.17 3.8900714135596806
1.18 3.8697199188778244
1.19 3.847511352745877
1.2 3.823467632337336
1.21 3.7976124859014124
1.22 3.7699714293461097
1.23 3.740571741057101
1.24 3.7094424349772606
1.25 3.676614231973404
1.26 3.6421195295184976
1.27 3.605992369719268
1.28 3.5682684057207545
1.29 3.5289848665209522
1.3 3.4881805202302925
1.31 3.445895635812197
1.32 3.402171943342468
1.33 3.3570525928267507
1.34 3.310582111616677
1.35 3.2628063604667528
1.36 3.2137724882753265
1.37 3.16352888555432
1.38 3.112125136673635
1.39 3.0596119709273673
1.4 3.006041212470116
1.41 2.9514657291728046
1.42 2.8959393804484677
1.43 2.839516964099519
1.44 2.782254162238935
1.45 2.7242074863387296
1.46 2.6654342214599565
1.47 2.6059923697192686
1.48 2.545940593047832
1.49 2.4853381552990834
1.5 2.4242448637624587
1.51 2.362721010140823
1.52 2.3008273110498356
1.53 2.2386248480979822
1.54 2.1761750076064024
1.55 2.113539420028
1.56 2.0507798991256303
1.57 1.9879583809693737
1.58 1.9251368628131171
1.59 1.862377341910747
1.6 1.799741754332345
1.61 1.7372919138407652
1.62 1.675089450888912
1.63 1.6131957517979245
1.64 1.5516718981762887
1.65 1.490578606639664
1.66 1.4299761688909152
1.67 1.3699243922194788
1.68 1.310482540478791
1.69 1.2517092756000179
1.7 1.1936625996998125
1.71 1.1363997978392284
1.72 1.0799773814902802
1.73 1.024451032765943
0.42 1.020784232360885
0.43 1.076310581085222
0.44 1.1327329974341702
0.45 1.1899957992947543
0.46 1.2480424751949597
0.47 1.3068157400737328
0.48 1.3662575918144206
0.49 1.426309368485857
0.5 1.4869118062346058
0.51 1.5480050977712305
0.52 1.6095289513928663
0.53 1.6714226504838539
0.54 1.733625113435707
0.55 1.7960749539272869
0.56 1.8587105415056888
0.57 1.921470062408059
0.58 1.9842915805643155
0.59 2.047113098720572
0.6 2.1098726196229425
0.61 2.172508207201344
0.62 2.234958047692924
0.63 2.297160510644777
0.64 2.3590542097357647
0.65 2.420578063357401
0.66 2.481671354894025
0.67 2.5422737926427743
0.68 2.6023255693142104
0.69 2.6617674210548983
0.7 2.7205406859336714
0.71 2.7785873618338766
0.72 2.8358501636944613
0.73 2.892272580043409
0.74 2.947798928767746
0.75 3.002374412065058
0.76 3.0559451705223086
0.77 3.108458336268577
0.78 3.1598620851492623
0.79 3.2101056878702687
0.8 3.259139560061695
0.81 3.306915311211619
0.82 3.353385792421693
0.83 3.3985051429374105
0.84 3.442228835407139
0.85 3.4845137198252347
0.86 3.5253180661158945
0.87 3.564601605315697
0.88 3.6023255693142104
0.89 3.638452729113439
0.9 3.672947431568346
0.91 3.705775634572203
0.92 3.7369049406520425
0.93 3.766304628941051
0.94 3.7939456854963547
0.95 3.8198008319322776
0.96 3.8438445523408182
0.97 3.8660531184727667
0.98 3.886404613154623
0.99 3.904878951918202
1 3.9214579028215777
1.01 3.9361251044418104
1.02 3.948866082021693
1.03 3.959668261754591
1.04 3.9685209831932715
1.05 3.9754155097704755
1.06 3.980345037420859
1.07 3.983304701295779
1.08 3.9842915805643155
1.09 3.983304701295779
1.1 3.980345037420859
1.11 3.9754155097704755
1.12 3.9685209831932715
1.13 3.959668261754591
1.14 3.948866082021693
1.15 3.9361251044418104
1.16 3.9214579028215777
1.17 3.904878951918202
1.18 3.886404613154623
1.19 3.8660531184727667
1.2 3.8438445523408182
1.21 3.8198008319322776
1.22 3.7939456854963547
1.23 3.766304628941051
1.24 3.7369049406520425
1.25 3.705775634572203
1.26 3.672947431568346
1.27 3.638452729113439
1.28 3.6023255693142104
1.29 3.564601605315697
1.3 3.5253180661158945
1.31 3.4845137198252347
1.32 3.442228835407139
1.33 3.3985051429374105
1.34 3.353385792421693
1.35 3.306915311211619
1.36 3.259139560061695
1.37 3.2101056878702687
1.38 3.1598620851492623
1.39 3.108458336268577
1.4 3.0559451705223086
1.41 3.002374412065058
1.42 2.947798928767746
1.43 2.892272580043409
1.44 2.8358501636944613
1.45 2.7785873618338766
1.46 2.7205406859336714
1.47 2.6617674210548983
1.48 2.6023255693142104
1.49 2.5422737926427743
1.5 2.481671354894025
1.51 2.420578063357401
1.52 2.3590542097357647
1.53 2.297160510644777
1.54 2.234958047692924
1.55 2.172508207201344
1.56 2.1098726196229425
1.57 2.047113098720572
1.58 1.9842915805643155
1.59 1.921470062408059
1.6 1.8587105415056888
1.61 1.7960749539272869
1.62 1.733625113435707
1.63 1.6714226504838539
1.64 1.6095289513928663
1.65 1.5480050977712305
1.66 1.4869118062346058
1.67 1.426309368485857
1.68 1.3662575918144206
1.69 1.3068157400737328
1.7 1.2480424751949597
1.71 1.1899957992947543
1.72 1.1327329974341702
1.73 1.076310581085222
1.74 1.020784232360885
0.43 1.016639494635041
0.44 1.072165843359378
0.45 1.128588259708326
0.46 1.1858510615689104
0.47 1.2438977374691156
0.48 1.3026710023478887
0.49 1.3621128540885765
0.5 1.422164630760013
0.51 1.482767068508762
0.52 1.5438603600453864
0.53 1.6053842136670222
0.54 1.66727791275801
0.55 1.729480375709863
0.56 1.7919302162014428
0.57 1.854565803779845
0.58 1.9173253246822148
0.59 1.9801468428384714
0.6 2.042968360994728
0.61 2.1057278818970984
0.62 2.1683634694755
0.63 2.23081330996708
0.64 2.2930157729189333
0.65 2.3549094720099206
0.66 2.416433325631557
0.67 2.477526617168181
0.68 2.53812905491693
0.69 2.5981808315883663
0.7 2.657622683329054
0.71 2.7163959482078273
0.72 2.774442624108033
0.73 2.831705425968617
0.74 2.8881278423175654
0.75 2.9436541910419023
0.76 2.998229674339214
0.77 3.051800432796465
0.78 3.104313598542733
0.79 3.155717347423418
0.8 3.2059609501444246
0.81 3.254994822335851
0.82 3.302770573485775
0.83 3.349241054695849
0.84 3.3943604052115663
0.85 3.438084097681295
0.86 3.4803689820993906
0.87 3.5211733283900504
0.88 3.5604568675898527
0.89 3.5981808315883663
0.9 3.6343079913875953
0.91 3.668802693842502
0.92 3.7016308968463587
0.93 3.732760202926199
0.94 3.7621598912152074
0.95 3.7898009477705106
0.96 3.815656094206434
0.97 3.8396998146149746
0.98 3.8619083807469226
0.99 3.8822598754287787
1 3.900734214192358
1.01 3.9173131650957336
1.02 3.9319803667159663
1.03 3.944721344295849
1.04 3.955523524028747
1.05 3.9643762454674274
1.06 3.9712707720446314
1.07 3.976200299695015
1.08 3.979159963569935
1.09 3.9801468428384714
1.1 3.979159963569935
1.11 3.976200299695015
1.12 3.9712707720446314
1.13 3.9643762454674274
1.14 3.955523524028747
1.15 3.944721344295849
1.16 3.9319803667159663
1.17 3.9173131650957336
1.18 3.900734214192358
1.19 3.8822598754287787
1.2 3.8619083807469226
1.21 3.8396998146149746
1.22 3.815656094206434
1.23 3.7898009477705106
1.24 3.7621598912152074
1.25 3.732760202926199
1.26 3.7016308968463587
1.27 3.668802693842502
1.28 3.6343079913875953
1.29 3.5981808315883663
1.3 3.5604568675898527
1.31 3.5211733283900504
1.32 3.4803689820993906
1.33 3.438084097681295
1.34 3.3943604052115663
1.35 3.349241054695849
1.36 3.302770573485775
1.37 3.254994822335851
1.38 3.2059609501444246
1.39 3.155717347423418
1.4 3.104313598542733
1.41 3.051800432796465
1.42 2.998229674339214
1.43 2.9436541910419023
1.44 2.8881278423175654
1.45 2.831705425968617
1.46 2.774442624108033
1.47 2.7163959482078273
1.48 2.657622683329054
1.49 2.5981808315883663
1.5 2.53812905491693
1.51 2.477526617168181
1.52 2.416433325631557
1.53 2.3549094720099206
1.54 2.2930157729189333
1.55 2.23081330996708
1.56 2.1683634694755
1.57 2.1057278818970984
1.58 2.042968360994728
1.59 1.9801468428384714
1.6 1.9173253246822148
1.61 1.854565803779845
1.62 1.7919302162014428
1.63 1.729480375709863
1.64 1.66727791275801
1.65 1.6053842136670222
1.66 1.5438603600453864
1.67 1.482767068508762
1.68 1.422164630760013
1.69 1.3621128540885765
1.7 1.3026710023478887
1.71 1.2438977374691156
1.72 1.1858510615689104
1.73 1.128588259708326
1.74 1.072165843359378
1.75 1.016639494635041
0.44 1.0120209099441462
0.45 1.0675472586684833
0.46 1.1239696750174315
0.47 1.1812324768780156
0.48 1.239279152778221
0.49 1.298052417656994
0.5 1.357494269397682
0.51 1.4175460460691183
0.52 1.4781484838178671
0.53 1.5392417753544918
0.54 1.6007656289761276
0.55 1.6626593280671151
0.56 1.7248617910189683
0.57 1.7873116315105482
0.58 1.84994721908895
0.59 1.9127067399913202
0.6 1.9755282581475768
0.61 2.0383497763038334
0.62 2.1011092972062038
0.63 2.1637448847846055
0.64 2.2261947252761853
0.65 2.2883971882280383
0.66 2.350290887319026
0.67 2.4118147409406623
0.68 2.472908032477286
0.69 2.5335104702260356
0.7 2.5935622468974717
0.71 2.6530040986381596
0.72 2.7117773635169327
0.73 2.769824039417138
0.74 2.8270868412777226
0.75 2.8835092576266703
0.76 2.9390356063510072
0.77 2.9936110896483195
0.78 3.04718184810557
0.79 3.0996950138518384
0.8 3.1510987627325235
0.81 3.20134236545353
0.82 3.2503762376449563
0.83 3.2981519887948805
0.84 3.3446224700049543
0.85 3.3897418205206717
0.86 3.4334655129904004
0.87 3.475750397408496
0.88 3.5165547436991558
0.89 3.555838282898958
0.9 3.5935622468974717
0.91 3.6296894066967003
0.92 3.6641841091516074
0.93 3.697012312155464
0.94 3.7281416182353038
0.95 3.7575413065243124
0.96 3.785182363079616
0.97 3.811037509515539
0.98 3.8350812299240795
0.99 3.857289796056028
1 3.877641290737884
1.01 3.8961156295014634
1.02 3.912694580404839
1.03 3.9273617820250717
1.04 3.9401027596049545
1.05 3.9509049393378524
1.06 3.959757660776533
1.07 3.966652187353737
1.08 3.9715817150041204
1.09 3.9745413788790405
1.1 3.975528258147577
1.11 3.9745413788790405
1.12 3.9715817150041204
1.13 3.966652187353737
1.14 3.959757660776533
1.15 3.9509049393378524
1.16 3.9401027596049545
1.17 3.9273617820250717
1.18 3.912694580404839
1.19 3.8961156295014634
1.2 3.877641290737884
1.21 3.857289796056028
1.22 3.8350812299240795
1.23 3.811037509515539
1.24 3.785182363079616
1.25 3.7575413065243124
1.26 3.7281416182353038
1.27 3.697012312155464
1.28 3.6641841091516074
1.29 3.6296894066967003
1.3 3.5935622468974717
1.31 3.555838282898958
1.32 3.5165547436991558
1.33 3.475750397408496
1.34 3.4334655129904004
1.35 3.3897418205206717
1.36 3.3446224700049543
1.37 3.2981519887948805
1.38 3.2503762376449563
1.39 3.20134236545353
1.4 3.1510987627325235
1.41 3.0996950138518384
1.42 3.04718184810557
1.43 2.9936110896483195
1.44 2.9390356063510072
1.45 2.8835092576266703
1.46 2.8270868412777226
1.47 2.769824039417138
1.48 2.7117773635169327
1.49 2.6530040986381596
1.5 2.5935622468974717
1.51 2.5335104702260356
1.52 2.472908032477286
1.53 2.4118147409406623
1.54 2.350290887319026
1.55 2.2883971882280383
1.56 2.2261947252761853
1.57 2.1637448847846055
1.58 2.1011092972062038
1.59 2.0383497763038334
1.6 1.9755282581475768
1.61 1.9127067399913202
1.62 1.84994721908895
1.63 1.7873116315105482
1.64 1.7248617910189683
1.65 1.6626593280671151
1.66 1.6007656289761276
1.67 1.5392417753544918
1.68 1.4781484838178671
1.69 1.4175460460691183
1.7 1.357494269397682
1.71 1.298052417656994
1.72 1.239279152778221
1.73 1.1812324768780156
1.74 1.1239696750174315
1.75 1.0675472586684833
1.76 1.0120209099441462
0.45 1.0069330362736821
0.46 1.0624593849980193
0.47 1.1188818013469675
0.48 1.1761446032075515
0.49 1.234191279107757
0.5 1.29296454398653
0.51 1.3524063957272179
0.52 1.4124581723986542
0.53 1.473060610147403
0.54 1.5341539016840278
0.55 1.5956777553056636
0.56 1.657571454396651
0.57 1.7197739173485043
0.58 1.7822237578400841
0.59 1.844859345418486
0.6 1.9076188663208562
0.61 1.9704403844771128
0.62 2.0332619026333694
0.63 2.0960214235357393
0.64 2.1586570111141414
0.65 2.2211068516057213
0.66 2.2833093145575747
0.67 2.345203013648562
0.68 2.406726867270198
0.69 2.4678201588068225
0.7 2.528422596555571
0.71 2.5884743732270077
0.72 2.6479162249676955
0.73 2.7066894898464686
0.74 2.7647361657466742
0.75 2.821998967607258
0.76 2.8784213839562067
0.77 2.9339477326805437
0.78 2.988523215977855
0.79 3.0420939744351063
0.8 3.094607140181374
0.81 3.146010889062059
0.82 3.1962544917830655
0.83 3.245288363974492
0.84 3.293064115124416
0.85 3.33953459633449
0.86 3.3846539468502073
0.87 3.428377639319936
0.88 3.4706625237380315
0.89 3.5114668700286913
0.9 3.5507504092284936
0.91 3.5884743732270072
0.92 3.6246015330262367
0.93 3.659096235481143
0.94 3.6919244384849996
0.95 3.72305374456484
0.96 3.752453432853849
0.97 3.7800944894091515
0.98 3.8059496358450753
0.99 3.829993356253616
1 3.8522019223855635
1.01 3.8725534170674196
1.02 3.891027755830999
1.03 3.9076067067343745
1.04 3.922273908354607
1.05 3.93501488593449
1.06 3.945817065667388
1.07 3.9546697871060683
1.08 3.9615643136832723
1.09 3.966493841333656
1.1 3.969453505208576
1.11 3.9704403844771123
1.12 3.969453505208576
1.13 3.966493841333656
1.14 3.9615643136832723
1.15 3.9546697871060683
1.16 3.945817065667388
1.17 3.93501488593449
1.18 3.922273908354607
1.19 3.9076067067343745
1.2 3.891027755830999
1.21 3.8725534170674196
1.22 3.8522019223855635
1.23 3.829993356253616
1.24 3.8059496358450753
1.25 3.7800944894091515
1.26 3.752453432853849
1.27 3.72305374456484
1.28 3.6919244384849996
1.29 3.659096235481143
1.3 3.6246015330262367
1.31 3.5884743732270072
1.32 3.5507504092284936
1.33 3.5114668700286913
1.34 3.4706625237380315
1.35 3.428377639319936
1.36 3.3846539468502073
1.37 3.33953459633449
1.38 3.293064115124416
1.39 3.245288363974492
1.4 3.1962544917830655
1.41 3.146010889062059
1.42 3.094607140181374
1.43 3.0420939744351063
1.44 2.988523215977855
1.45 2.9339477326805437
1.46 2.8784213839562067
1.47 2.821998967607258
1.48 2.7647361657466742
1.49 2.7066894898464686
1.5 2.6479162249676955
1.51 2.5884743732270077
1.52 2.528422596555571
1.53 2.4678201588068225
1.54 2.406726867270198
1.55 2.345203013648562
1.56 2.2833093145575747
1.57 2.2211068516057213
1.58 2.1586570111141414
1.59 2.0960214235357393
1.6 2.0332619026333694
1.61 1.9704403844771128
1.62 1.9076188663208562
1.63 1.844859345418486
1.64 1.7822237578400841
1.65 1.7197739173485043
1.66 1.657571454396651
1.67 1.5956777553056636
1.68 1.5341539016840278
1.69 1.473060610147403
1.7 1.4124581723986542
1.71 1.3524063957272179
1.72 1.29296454398653
1.73 1.234191279107757
1.74 1.1761446032075515
1.75 1.1188818013469675
1.76 1.0624593849980193
1.77 1.0069330362736821
0.46 1.001380894740695
0.47 1.0569072434650322
0.48 1.1133296598139804
0.49 1.1705924616745644
0.5 1.22863913757477
0.51 1.2874124024535432
0.52 1.346854254194231
0.53 1.4069060308656671
0.54 1.4675084686144162
0.55 1.5286017601510407
0.56 1.5901256137726767
0.57 1.652019312863664
0.58 1.7142217758155174
0.59 1.7766716163070972
0.6 1.839307203885499
0.61 1.9020667247878693
0.62 1.964888242944126
0.63 2.0277097611003825
0.64 2.0904692820027524
0.65 2.1531048695811545
0.66 2.2155547100727344
0.67 2.2777571730245874
0.68 2.339650872115575
0.69 2.401174725737211
0.7 2.462268017273835
0.71 2.5228704550225842
0.72 2.582922231694021
0.73 2.6423640834347086
0.74 2.7011373483134817
0.75 2.759184024213687
0.76 2.816446826074271
0.77 2.8728692424232194
0.78 2.9283955911475563
0.79 2.982971074444868
0.8 3.036541832902119
0.81 3.089054998648387
0.82 3.140458747529072
0.83 3.1907023502500786
0.84 3.239736222441505
0.85 3.287511973591429
0.86 3.333982454801503
0.87 3.3791018053172204
0.88 3.422825497786949
0.89 3.4651103822050446
0.9 3.5059147284957044
0.91 3.5451982676955067
0.92 3.5829222316940204
0.93 3.6190493914932493
0.94 3.653544093948156
0.95 3.6863722969520127
0.96 3.717501603031853
0.97 3.7469012913208615
0.98 3.7745423478761646
0.99 3.800397494312088
1 3.8244412147206286
1.01 3.8466497808525766
1.02 3.8670012755344327
1.03 3.885475614298012
1.04 3.9020545652013876
1.05 3.9167217668216203
1.06 3.929462744401503
1.07 3.940264924134401
1.08 3.9491176455730814
1.09 3.9560121721502854
1.1 3.960941699800669
1.11 3.963901363675589
1.12 3.9648882429441255
1.13 3.963901363675589
1.14 3.960941699800669
1.15 3.9560121721502854
1.16 3.9491176455730814
1.17 3.940264924134401
1.18 3.929462744401503
1.19 3.9167217668216203
1.2 3.9020545652013876
1.21 3.885475614298012
1.22 3.8670012755344327
1.23 3.8466497808525766
1.24 3.8244412147206286
1.25 3.800397494312088
1.26 3.7745423478761646
1.27 3.7469012913208615
1.28 3.717501603031853
1.29 3.6863722969520127
1.3 3.653544093948156
1.31 3.6190493914932493
1.32 3.5829222316940204
1.33 3.5451982676955067
1.34 3.5059147284957044
1.35 3.4651103822050446
1.36 3.422825497786949
1.37 3.3791018053172204
1.38 3.333982454801503
1.39 3.287511973591429
1.4 3.239736222441505
1.41 3.1907023502500786
1.42 3.140458747529072
1.43 3.089054998648387
1.44 3.036541832902119
1.45 2.982971074444868
1.46 2.9283955911475563
1.47 2.8728692424232194
1.48 2.816446826074271
1.49 2.759184024213687
1.5 2.7011373483134817
1.51 2.6423640834347086
1.52 2.582922231694021
1.53 2.5228704550225842
1.54 2.462268017273835
1.55 2.401174725737211
1.56 2.339650872115575
1.57 2.2777571730245874
1.58 2.2155547100727344
1.59 2.1531048695811545
1.6 2.0904692820027524
1.61 2.0277097611003825
1.62 1.964888242944126
1.63 1.9020667247878693
1.64 1.839307203885499
1.65 1.7766716163070972
1.66 1.7142217758155174
1.67 1.652019312863664
1.68 1.5901256137726767
1.69 1.5286017601510407
1.7 1.4675084686144162
1.71 1.4069060308656671
1.72 1.346854254194231
1.73 1.2874124024535432
1.74 1.22863913757477
1.75 1.1705924616745644
1.76 1.1133296598139804
1.77 1.0569072434650322
1.78 1.001380894740695
0.47 0.99536996463856
0.48 1.050896313362897
0.49 1.1073187297118452
0.5 1.1645815315724293
0.51 1.222628207472635
0.52 1.281401472351408
0.53 1.3408433240920958
0.54 1.400895100763532
0.55 1.461497538512281
0.56 1.5225908300489055
0.57 1.5841146836705415
0.58 1.6460083827615288
0.59 1.7082108457133822
0.6 1.770660686204962
0.61 1.8332962737833638
0.62 1.8960557946857342
0.63 1.9588773128419907
0.64 2.0216988309982473
0.65 2.0844583519006172
0.66 2.1470939394790194
0.67 2.2095437799705993
0.68 2.271746242922452
0.69 2.33363994201344
0.7 2.3951637956350758
0.71 2.4562570871717
0.72 2.516859524920449
0.73 2.5769113015918856
0.74 2.6363531533325735
0.75 2.6951264182113466
0.76 2.7531730941115518
0.77 2.810435895972136
0.78 2.8668583123210842
0.79 2.922384661045421
0.8 2.976960144342733
0.81 3.030530902799984
0.82 3.083044068546252
0.83 3.134447817426937
0.84 3.1846914201479435
0.85 3.23372529233937
0.86 3.281501043489294
0.87 3.3279715246993677
0.88 3.373090875215085
0.89 3.416814567684814
0.9 3.4590994521029095
0.91 3.4999037983935692
0.92 3.5391873375933716
0.93 3.576911301591885
0.94 3.613038461391114
0.95 3.647533163846021
0.96 3.6803613668498776
0.97 3.7114906729297177
0.98 3.7408903612187263
0.99 3.7685314177740294
1 3.794386564209953
1.01 3.8184302846184934
1.02 3.8406388507504414
1.03 3.8609903454322976
1.04 3.879464684195877
1.05 3.8960436350992524
1.06 3.910710836719485
1.07 3.923451814299368
1.08 3.934253994032266
1.09 3.9431067154709463
1.1 3.9500012420481503
1.11 3.954930769698534
1.12 3.957890433573454
1.13 3.9588773128419903
1.14 3.957890433573454
1.15 3.954930769698534
1.16 3.9500012420481503
1.17 3.9431067154709463
1.18 3.934253994032266
1.19 3.923451814299368
1.2 3.910710836719485
1.21 3.8960436350992524
1.22 3.879464684195877
1.23 3.8609903454322976
1.24 3.8406388507504414
1.25 3.8184302846184934
1.26 3.794386564209953
1.27 3.7685314177740294
1.28 3.7408903612187263
1.29 3.7114906729297177
1.3 3.6803613668498776
1.31 3.647533163846021
1.32 3.613038461391114
1.33 3.576911301591885
1.34 3.5391873375933716
1.35 3.4999037983935692
1.36 3.4590994521029095
1.37 3.416814567684814
1.38 3.373090875215085
1.39 3.3279715246993677
1.4 3.281501043489294
1.41 3.23372529233937
1.42 3.1846914201479435
1.43 3.134447817426937
1.44 3.083044068546252
1.45 3.030530902799984
1.46 2.976960144342733
1.47 2.922384661045421
1.48 2.8668583123210842
1.49 2.810435895972136
1.5 2.7531730941115518
1.51 2.6951264182113466
1.52 2.6363531533325735
1.53 2.5769113015918856
1.54 2.516859524920449
1.55 2.4562570871717
1.56 2.3951637956350758
1.57 2.33363994201344
1.58 2.271746242922452
1.59 2.2095437799705993
1.6 2.1470939394790194
1.61 2.0844583519006172
1.62 2.0216988309982473
1.63 1.9588773128419907
1.64 1.8960557946857342
1.65 1.8332962737833638
1.66 1.770660686204962
1.67 1.7082108457133822
1.68 1.6460083827615288
1.69 1.5841146836705415
1.7 1.5225908300489055
1.71 1.461497538512281
1.72 1.400895100763532
1.73 1.3408433240920958
1.74 1.281401472351408
1.75 1.222628207472635
1.76 1.1645815315724293
1.77 1.1073187297118452
1.78 1.050896313362897
1.79 0.99536996463856
0.48 0.9889061780295791
0.49 1.044432526753916
0.5 1.1008549431028642
0.51 1.1581177449634485
0.52 1.216164420863654
0.53 1.274937685742427
0.54 1.3343795374831149
0.55 1.3944313141545512
0.56 1.4550337519033003
0.57 1.5161270434399245
0.58 1.5776508970615606
0.59 1.639544596152548
0.6 1.7017470591044013
0.61 1.7641968995959811
0.62 1.826832487174383
0.63 1.8895920080767532
0.64 1.9524135262330098
0.65 2.015235044389266
0.66 2.0779945652916365
0.67 2.140630152870038
0.68 2.2030799933616185
0.69 2.2652824563134715
0.7 2.3271761554044588
0.71 2.388700009026095
0.72 2.4497933005627193
0.73 2.5103957383114683
0.74 2.570447514982905
0.75 2.6298893667235923
0.76 2.688662631602366
0.77 2.746709307502571
0.78 2.8039721093631553
0.79 2.8603945257121035
0.8 2.9159208744364404
0.81 2.970496357733752
0.82 3.024067116191003
0.83 3.076580281937271
0.84 3.1279840308179563
0.85 3.1782276335389628
0.86 3.227261505730389
0.87 3.275037256880313
0.88 3.321507738090387
0.89 3.3666270886061045
0.9 3.410350781075833
0.91 3.4526356654939288
0.92 3.4934400117845885
0.93 3.532723550984391
0.94 3.5704475149829045
0.95 3.6065746747821334
0.96 3.64106937723704
0.97 3.673897580240897
0.98 3.705026886320737
0.99 3.7344265746097456
1 3.7620676311650487
1.01 3.787922777600972
1.02 3.8119664980095127
1.03 3.8341750641414607
1.04 3.854526558823317
1.05 3.873000897586896
1.06 3.8895798484902717
1.07 3.9042470501105044
1.08 3.9169880276903872
1.09 3.927790207423285
1.1 3.9366429288619655
1.11 3.9435374554391696
1.12 3.948466983089553
1.13 3.951426646964473
1.14 3.9524135262330096
1.15 3.951426646964473
1.16 3.948466983089553
1.17 3.9435374554391696
1.18 3.9366429288619655
1.19 3.927790207423285
1.2 3.9169880276903872
1.21 3.9042470501105044
1.22 3.8895798484902717
1.23 3.873000897586896
1.24 3.854526558823317
1.25 3.8341750641414607
1.26 3.8119664980095127
1.27 3.787922777600972
1.28 3.7620676311650487
1.29 3.7344265746097456
1.3 3.705026886320737
1.31 3.673897580240897
1.32 3.64106937723704
1.33 3.6065746747821334
1.34 3.5704475149829045
1.35 3.532723550984391
1.36 3.4934400117845885
1.37 3.4526356654939288
1.38 3.410350781075833
1.39 3.3666270886061045
1.4 3.321507738090387
1.41 3.275037256880313
1.42 3.227261505730389
1.43 3.1782276335389628
1.44 3.1279840308179563
1.45 3.076580281937271
1.46 3.024067116191003
1.47 2.970496357733752
1.48 2.9159208744364404
1.49 2.8603945257121035
1.5 2.8039721093631553
1.51 2.746709307502571
1.52 2.688662631602366
1.53 2.6298893667235923
1.54 2.570447514982905
1.55 2.5103957383114683
1.56 2.4497933005627193
1.57 2.388700009026095
1.58 2.3271761554044588
1.59 2.2652824563134715
1.6 2.2030799933616185
1.61 2.140630152870038
1.62 2.0779945652916365
1.63 2.015235044389266
1.64 1.9524135262330098
1.65 1.8895920080767532
1.66 1.826832487174383
1.67 1.7641968995959811
1.68 1.7017470591044013
1.69 1.639544596152548
1.7 1.5776508970615606
1.71 1.5161270434399245
1.72 1.4550337519033003
1.73 1.3944313141545512
1.74 1.3343795374831149
1.75 1.274937685742427
1.76 1.216164420863654
1.77 1.1581177449634485
1.78 1.1008549431028642
1.79 1.044432526753916
1.8 0.9889061780295791
0.49 0.9819959138907534
0.5 1.0375222626150904
0.51 1.0939446789640386
0.52 1.1512074808246227
0.53 1.2092541567248283
0.54 1.2680274216036014
0.55 1.3274692733442892
0.56 1.3875210500157253
0.57 1.4481234877644744
0.58 1.5092167793010989
0.59 1.570740632922735
0.6 1.6326343320137222
0.61 1.6948367949655756
0.62 1.7572866354571555
0.63 1.8199222230355572
0.64 1.8826817439379275
0.65 1.9455032620941841
0.66 2.0083247802504407
0.67 2.0710843011528106
0.68 2.1337198887312128
0.69 2.1961697292227926
0.7 2.2583721921746456
0.71 2.3202658912656333
0.72 2.381789744887269
0.73 2.4428830364238934
0.74 2.5034854741726424
0.75 2.563537250844079
0.76 2.622979102584767
0.77 2.68175236746354
0.78 2.739799043363745
0.79 2.7970618452243294
0.8 2.8534842615732776
0.81 2.9090106102976145
0.82 2.9635860935949263
0.83 3.017156852052177
0.84 3.0696700177984453
0.85 3.1210737666791304
0.86 3.171317369400137
0.87 3.220351241591563
0.88 3.2681269927414873
0.89 3.314597473951561
0.9 3.3597168244672786
0.91 3.403440516937007
0.92 3.445725401355103
0.93 3.4865297476457626
0.94 3.525813286845565
0.95 3.5635372508440786
0.96 3.5996644106433076
0.97 3.6341591130982143
0.98 3.666987316102071
0.99 3.698116622181911
1 3.7275163104709197
1.01 3.755157367026223
1.02 3.781012513462146
1.03 3.805056233870687
1.04 3.827264800002635
1.05 3.847616294684491
1.06 3.8660906334480702
1.07 3.882669584351446
1.08 3.8973367859716785
1.09 3.9100777635515613
1.1 3.920879943284459
1.11 3.9297326647231396
1.12 3.9366271913003437
1.13 3.9415567189507272
1.14 3.9445163828256473
1.15 3.9455032620941837
1.16 3.9445163828256473
1.17 3.9415567189507272
1.18 3.9366271913003437
1.19 3.9297326647231396
1.2 3.920879943284459
1.21 3.9100777635515613
1.22 3.8973367859716785
1.23 3.882669584351446
1.24 3.8660906334480702
1.25 3.847616294684491
1.26 3.827264800002635
1.27 3.805056233870687
1.28 3.781012513462146
1.29 3.755157367026223
1.3 3.7275163104709197
1.31 3.698116622181911
1.32 3.666987316102071
1.33 3.6341591130982143
1.34 3.5996644106433076
1.35 3.5635372508440786
1.36 3.525813286845565
1.37 3.4865297476457626
1.38 3.445725401355103
1.39 3.403440516937007
1.4 3.3597168244672786
1.41 3.314597473951561
1.42 3.2681269927414873
1.43 3.220351241591563
1.44 3.171317369400137
1.45 3.1210737666791304
1.46 3.0696700177984453
1.47 3.017156852052177
1.48 2.9635860935949263
1.49 2.9090106102976145
1.5 2.8534842615732776
1.51 2.7970618452243294
1.52 2.739799043363745
1.53 2.68175236746354
1.54 2.622979102584767
1.55 2.563537250844079
1.56 2.5034854741726424
1.57 2.4428830364238934
1.58 2.381789744887269
1.59 2.3202658912656333
1.6 2.2583721921746456
1.61 2.1961697292227926
1.62 2.1337198887312128
1.63 2.0710843011528106
1.64 2.0083247802504407
1.65 1.9455032620941841
1.66 1.8826817439379275
1.67 1.8199222230355572
1.68 1.7572866354571555
1.69 1.6948367949655756
1.7 1.6326343320137222
1.71 1.570740632922735
1.72 1.5092167793010989
1.73 1.4481234877644744
1.74 1.3875210500157253
1.75 1.3274692733442892
1.76 1.2680274216036014
1.77 1.2092541567248283
1.78 1.1512074808246227
1.79 1.0939446789640386
1.8 1.0375222626150904
1.81 0.9819959138907534
0.5 0.9746459918185012
0.51 1.0301723405428382
0.52 1.0865947568917864
0.53 1.1438575587523707
0.54 1.201904234652576
0.55 1.260677499531349
0.56 1.3201193512720368
0.57 1.3801711279434734
0.58 1.4407735656922223
0.59 1.5018668572288467
0.6 1.5633907108504825
0.61 1.6252844099414703
0.62 1.6874868728933232
0.63 1.749936713384903
0.64 1.8125723009633052
0.65 1.8753318218656752
0.66 1.9381533400219317
0.67 2.0009748581781883
0.68 2.0637343790805587
0.69 2.1263699666589604
0.7 2.1888198071505403
0.71 2.2510222701023936
0.72 2.312915969193381
0.73 2.374439822815017
0.74 2.4355331143516414
0.75 2.4961355521003905
0.76 2.5561873287718266
0.77 2.6156291805125145
0.78 2.6744024453912876
0.79 2.732449121291493
0.8 2.7897119231520775
0.81 2.8461343395010257
0.82 2.9016606882253626
0.83 2.9562361715226744
0.84 3.0098069299799253
0.85 3.0623200957261933
0.86 3.1137238446068785
0.87 3.163967447327885
0.88 3.2130013195193112
0.89 3.2607770706692354
0.9 3.307247551879309
0.91 3.3523669023950267
0.92 3.3960905948647553
0.93 3.438375479282851
0.94 3.4791798255735107
0.95 3.518463364773313
0.96 3.5561873287718266
0.97 3.5923144885710556
0.98 3.6268091910259623
0.99 3.659637394029819
1 3.690766700109659
1.01 3.7201663883986678
1.02 3.747807444953971
1.03 3.7736625913898942
1.04 3.797706311798435
1.05 3.819914877930383
1.06 3.840266372612239
1.07 3.8587407113758183
1.08 3.875319662279194
1.09 3.8899868638994266
1.1 3.9027278414793094
1.11 3.9135300212122073
1.12 3.9223827426508877
1.13 3.9292772692280917
1.14 3.9342067968784753
1.15 3.9371664607533954
1.16 3.9381533400219317
1.17 3.9371664607533954
1.18 3.9342067968784753
1.19 3.9292772692280917
1.2 3.9223827426508877
1.21 3.9135300212122073
1.22 3.9027278414793094
1.23 3.8899868638994266
1.24 3.875319662279194
1.25 3.8587407113758183
1.26 3.840266372612239
1.27 3.819914877930383
1.28 3.797706311798435
1.29 3.7736625913898942
1.3 3.747807444953971
1.31 3.7201663883986678
1.32 3.690766700109659
1.33 3.659637394029819
1.34 3.6268091910259623
1.35 3.5923144885710556
1.36 3.5561873287718266
1.37 3.518463364773313
1.38 3.4791798255735107
1.39 3.438375479282851
1.4 3.3960905948647553
1.41 3.3523669023950267
1.42 3.307247551879309
1.43 3.2607770706692354
1.44 3.2130013195193112
1.45 3.163967447327885
1.46 3.1137238446068785
1.47 3.0623200957261933
1.48 3.0098069299799253
1.49 2.9562361715226744
1.5 2.9016606882253626
1.51 2.8461343395010257
1.52 2.7897119231520775
1.53 2.732449121291493
1.54 2.6744024453912876
1.55 2.6156291805125145
1.56 2.5561873287718266
1.57 2.4961355521003905
1.58 2.4355331143516414
1.59 2.374439822815017
1.6 2.312915969193381
1.61 2.2510222701023936
1.62 2.1888198071505403
1.63 2.1263699666589604
1.64 2.0637343790805587
1.65 2.0009748581781883
1.66 1.9381533400219317
1.67 1.8753318218656752
1.68 1.8125723009633052
1.69 1.749936713384903
1.7 1.6874868728933232
1.71 1.6252844099414703
1.72 1.5633907108504825
1.73 1.5018668572288467
1.74 1.4407735656922223
1.75 1.3801711279434734
1.76 1.3201193512720368
1.77 1.260677499531349
1.78 1.201904234652576
1.79 1.1438575587523707
1.8 1.0865947568917864
1.81 1.0301723405428382
1.82 0.9746459918185012
0.51 0.9668636652985412
0.52 1.022390014022878
0.53 1.0788124303718263
0.54 1.1360752322324106
0.55 1.194121908132616
0.56 1.252895173011389
0.57 1.312337024752077
0.58 1.3723888014235133
0.59 1.4329912391722623
0.6 1.4940845307088866
0.61 1.5556083843305226
0.62 1.6175020834215101
0.63 1.6797045463733633
0.64 1.7421543868649432
0.65 1.804789974443345
0.66 1.8675494953457152
0.67 1.9303710135019718
0.68 1.9931925316582284
0.69 2.0559520525605985
0.7 2.1185876401390002
0.71 2.1810374806305806
0.72 2.2432399435824335
0.73 2.305133642673421
0.74 2.366657496295057
0.75 2.4277507878316813
0.76 2.4883532255804304
0.77 2.548405002251867
0.78 2.6078468539925543
0.79 2.666620118871328
0.8 2.724666794771533
0.81 2.7819295966321174
0.82 2.8383520129810655
0.83 2.8938783617054025
0.84 2.9484538450027142
0.85 3.002024603459965
0.86 3.054537769206233
0.87 3.1059415180869183
0.88 3.156185120807925
0.89 3.205218992999351
0.9 3.2529947441492753
0.91 3.299465225359349
0.92 3.3445845758750665
0.93 3.388308268344795
0.94 3.430593152762891
0.95 3.4713974990535506
0.96 3.510681038253353
0.97 3.5484050022518665
0.98 3.5845321620510955
0.99 3.619026864506002
1 3.651855067509859
1.01 3.682984373589699
1.02 3.7123840618787076
1.03 3.7400251184340108
1.04 3.765880264869934
1.05 3.7899239852784747
1.06 3.8121325514104227
1.07 3.832484046092279
1.08 3.850958384855858
1.09 3.8675373357592338
1.1 3.8822045373794665
1.11 3.8949455149593493
1.12 3.905747694692247
1.13 3.9146004161309276
1.14 3.9214949427081316
1.15 3.926424470358515
1.16 3.9293841342334352
1.17 3.9303710135019716
1.18 3.9293841342334352
1.19 3.926424470358515
1.2 3.9214949427081316
1.21 3.9146004161309276
1.22 3.905747694692247
1.23 3.8949455149593493
1.24 3.8822045373794665
1.25 3.8675373357592338
1.26 3.850958384855858
1.27 3.832484046092279
1.28 3.8121325514104227
1.29 3.7899239852784747
1.3 3.765880264869934
1.31 3.7400251184340108
1.32 3.7123840618787076
1.33 3.682984373589699
1.34 3.651855067509859
1.35 3.619026864506002
1.36 3.5845321620510955
1.37 3.5484050022518665
1.38 3.510681038253353
1.39 3.4713974990535506
1.4 3.430593152762891
1.41 3.388308268344795
1.42 3.3445845758750665
1.43 3.299465225359349
1.44 3.2529947441492753
1.45 3.205218992999351
1.46 3.156185120807925
1.47 3.1059415180869183
1.48 3.054537769206233
1.49 3.002024603459965
1.5 2.9484538450027142
1.51 2.8938783617054025
1.52 2.8383520129810655
1.53 2.7819295966321174
1.54 2.724666794771533
1.55 2.666620118871328
1.56 2.6078468539925543
1.57 2.548405002251867
1.58 2.4883532255804304
1.59 2.4277507878316813
1.6 2.366657496295057
1.61 2.305133642673421
1.62 2.2432399435824335
1.63 2.1810374806305806
1.64 2.1185876401390002
1.65 2.0559520525605985
1.66 1.9931925316582284
1.67 1.9303710135019718
1.68 1.8675494953457152
1.69 1.804789974443345
1.7 1.7421543868649432
1.71 1.6797045463733633
1.72 1.6175020834215101
1.73 1.5556083843305226
1.74 1.4940845307088866
1.75 1.4329912391722623
1.76 1.3723888014235133
1.77 1.312337024752077
1.78 1.252895173011389
1.79 1.194121908132616
1.8 1.1360752322324106
1.81 1.0788124303718263
1.82 1.022390014022878
1.83 0.9668636652985412
0.52 0.9586566145475769
0.53 1.014182963271914
0.54 1.070605379620862
0.55 1.1278681814814462
0.56 1.1859148573816518
0.57 1.244688122260425
0.58 1.3041299740011127
0.59 1.3641817506725489
0.6 1.424784188421298
0.61 1.4858774799579224
0.62 1.5474013335795584
0.63 1.6092950326705457
0.64 1.6714974956223991
0.65 1.733947336113979
0.66 1.7965829236923807
0.67 1.859342444594751
0.68 1.9221639627510076
0.69 1.9849854809072642
0.7 2.047745001809634
0.71 2.1103805893880363
0.72 2.172830429879616
0.73 2.235032892831469
0.74 2.296926591922457
0.75 2.3584504455440927
0.76 2.419543737080717
0.77 2.480146174829466
0.78 2.5401979515009026
0.79 2.5996398032415904
0.8 2.6584130681203635
0.81 2.7164597440205687
0.82 2.773722545881153
0.83 2.830144962230101
0.84 2.885671310954438
0.85 2.94024679425175
0.86 2.9938175527090007
0.87 3.046330718455269
0.88 3.097734467335954
0.89 3.1479780700569604
0.9 3.1970119422483867
0.91 3.244787693398311
0.92 3.2912581746083847
0.93 3.336377525124102
0.94 3.3801012175938308
0.95 3.4223861020119264
0.96 3.463190448302586
0.97 3.5024739875023885
0.98 3.540197951500902
0.99 3.576325111300131
1 3.610819813755038
1.01 3.6436480167588945
1.02 3.6747773228387346
1.03 3.7041770111277432
1.04 3.7318180676830464
1.05 3.7576732141189697
1.06 3.7817169345275103
1.07 3.8039255006594583
1.08 3.8242769953413145
1.09 3.842751334104894
1.1 3.8593302850082694
1.11 3.873997486628502
1.12 3.886738464208385
1.13 3.8975406439412827
1.14 3.906393365379963
1.15 3.913287891957167
1.16 3.9182174196075508
1.17 3.921177083482471
1.18 3.922163962751007
1.19 3.921177083482471
1.2 3.9182174196075508
1.21 3.913287891957167
1.22 3.906393365379963
1.23 3.8975406439412827
1.24 3.886738464208385
1.25 3.873997486628502
1.26 3.8593302850082694
1.27 3.842751334104894
1.28 3.8242769953413145
1.29 3.8039255006594583
1.3 3.7817169345275103
1.31 3.7576732141189697
1.32 3.7318180676830464
1.33 3.7041770111277432
1.34 3.6747773228387346
1.35 3.6436480167588945
1.36 3.610819813755038
1.37 3.576325111300131
1.38 3.540197951500902
1.39 3.5024739875023885
1.4 3.463190448302586
1.41 3.4223861020119264
1.42 3.3801012175938308
1.43 3.336377525124102
1.44 3.2912581746083847
1.45 3.244787693398311
1.46 3.1970119422483867
1.47 3.1479780700569604
1.48 3.097734467335954
1.49 3.046330718455269
1.5 2.9938175527090007
1.51 2.94024679425175
1.52 2.885671310954438
1.53 2.830144962230101
1.54 2.773722545881153
1.55 2.7164597440205687
1.56 2.6584130681203635
1.57 2.5996398032415904
1.58 2.5401979515009026
1.59 2.480146174829466
1.6 2.419543737080717
1.61 2.3584504455440927
1.62 2.296926591922457
1.63 2.235032892831469
1.64 2.172830429879616
1.65 2.1103805893880363
1.66 2.047745001809634
1.67 1.9849854809072642
1.68 1.9221639627510076
1.69 1.859342444594751
1.7 1.7965829236923807
1.71 1.733947336113979
1.72 1.6714974956223991
1.73 1.6092950326705457
1.74 1.5474013335795584
1.75 1.4858774799579224
1.76 1.424784188421298
1.77 1.3641817506725489
1.78 1.3041299740011127
1.79 1.244688122260425
1.8 1.1859148573816518
1.81 1.1278681814814462
1.82 1.070605379620862
1.83 1.014182963271914
1.84 0.9586566145475769
0.53 0.9500329389338503
0.54 1.0055592876581874
0.55 1.0619817040071355
0.56 1.1192445058677198
0.57 1.177291181767925
0.58 1.2360644466466981
0.59 1.295506298387386
0.6 1.3555580750588225
0.61 1.4161605128075714
0.62 1.4772538043441958
0.63 1.5387776579658317
0.64 1.6006713570568194
0.65 1.6628738200086723
0.66 1.7253236605002522
0.67 1.7879592480786544
0.68 1.8507187689810243
0.69 1.9135402871372809
0.7 1.9763618052935374
0.71 2.039121326195908
0.72 2.1017569137743095
0.73 2.1642067542658894
0.74 2.2264092172177428
0.75 2.28830291630873
0.76 2.3498267699303663
0.77 2.4109200614669906
0.78 2.4715224992157396
0.79 2.5315742758871758
0.8 2.5910161276278636
0.81 2.6497893925066367
0.82 2.7078360684068423
0.83 2.7650988702674266
0.84 2.821521286616375
0.85 2.8770476353407117
0.86 2.9316231186380235
0.87 2.9851938770952744
0.88 3.0377070428415425
0.89 3.0891107917222276
0.9 3.139354394443234
0.91 3.1883882666346604
0.92 3.2361640177845845
0.93 3.2826344989946583
0.94 3.327753849510376
0.95 3.3714775419801044
0.96 3.4137624263982
0.97 3.45456677268886
0.98 3.493850311888662
0.99 3.5315742758871758
1 3.5677014356864047
1.01 3.6021961381413115
1.02 3.635024341145168
1.03 3.6661536472250082
1.04 3.695553335514017
1.05 3.72319439206932
1.06 3.7490495385052434
1.07 3.773093258913784
1.08 3.795301825045732
1.09 3.815653319727588
1.1 3.8341276584911674
1.11 3.850706609394543
1.12 3.8653738110147757
1.13 3.8781147885946585
1.14 3.8889169683275564
1.15 3.897769689766237
1.16 3.904664216343441
1.17 3.9095937439938244
1.18 3.9125534078687445
1.19 3.913540287137281
1.2 3.9125534078687445
1.21 3.9095937439938244
1.22 3.904664216343441
1.23 3.897769689766237
1.24 3.8889169683275564
1.25 3.8781147885946585
1.26 3.8653738110147757
1.27 3.850706609394543
1.28 3.8341276584911674
1.29 3.815653319727588
1.3 3.795301825045732
1.31 3.773093258913784
1.32 3.7490495385052434
1.33 3.72319439206932
1.34 3.695553335514017
1.35 3.6661536472250082
1.36 3.635024341145168
1.37 3.6021961381413115
1.38 3.5677014356864047
1.39 3.5315742758871758
1.4 3.493850311888662
1.41 3.45456677268886
1.42 3.4137624263982
1.43 3.3714775419801044
1.44 3.327753849510376
1.45 3.2826344989946583
1.46 3.2361640177845845
1.47 3.1883882666346604
1.48 3.139354394443234
1.49 3.0891107917222276
1.5 3.0377070428415425
1.51 2.9851938770952744
1.52 2.9316231186380235
1.53 2.8770476353407117
1.54 2.821521286616375
1.55 2.7650988702674266
1.56 2.7078360684068423
1.57 2.6497893925066367
1.58 2.5910161276278636
1.59 2.5315742758871758
1.6 2.4715224992157396
1.61 2.4109200614669906
1.62 2.3498267699303663
1.63 2.28830291630873
1.64 2.2264092172177428
1.65 2.1642067542658894
1.66 2.1017569137743095
1.67 2.039121326195908
1.68 1.9763618052935374
1.69 1.9135402871372809
1.7 1.8507187689810243
1.71 1.7879592480786544
1.72 1.7253236605002522
1.73 1.6628738200086723
1.74 1.6006713570568194
1.75 1.5387776579658317
1.76 1.4772538043441958
1.77 1.4161605128075714
1.78 1.3555580750588225
1.79 1.295506298387386
1.8 1.2360644466466981
1.81 1.177291181767925
1.82 1.1192445058677198
1.83 1.0619817040071355
1.84 1.0055592876581874
1.85 0.9500329389338503
0.54 0.9410011489840431
0.55 0.9965274977083801
0.56 1.0529499140573284
0.57 1.1102127159179125
0.58 1.1682593918181179
0.59 1.227032656696891
0.6 1.2864745084375788
0.61 1.3465262851090152
0.62 1.407128722857764
0.63 1.4682220143943887
0.64 1.5297458680160245
0.65 1.591639567107012
0.66 1.6538420300588652
0.67 1.716291870550445
0.68 1.778927458128847
0.69 1.8416869790312171
0.7 1.9045084971874737
0.71 1.9673300153437303
0.72 2.0300895362461002
0.73 2.0927251238245024
0.74 2.1551749643160822
0.75 2.2173774272679356
0.76 2.279271126358923
0.77 2.3407949799805587
0.78 2.4018882715171834
0.79 2.462490709265932
0.8 2.5225424859373686
0.81 2.5819843376780565
0.82 2.6407576025568296
0.83 2.698804278457035
0.84 2.756067080317619
0.85 2.8124894966665677
0.86 2.8680158453909046
0.87 2.922591328688216
0.88 2.9761620871454673
0.89 3.028675252891735
0.9 3.08007900177242
0.91 3.1303226044934265
0.92 3.1793564766848528
0.93 3.227132227834777
0.94 3.2736027090448507
0.95 3.318722059560568
0.96 3.362445752030297
0.97 3.4047306364483925
0.98 3.4455349827390522
0.99 3.4848185219388546
1 3.522542485937368
1.01 3.5586696457365976
1.02 3.593164348191504
1.03 3.6259925511953606
1.04 3.657121857275201
1.05 3.6865215455642097
1.06 3.7141626021195124
1.07 3.7400177485554362
1.08 3.764061468963977
1.09 3.7862700350959244
1.1 3.8066215297777806
1.11 3.82509586854136
1.12 3.8416748194447354
1.13 3.856342021064968
1.14 3.869082998644851
1.15 3.879885178377749
1.16 3.8887378998164293
1.17 3.8956324263936333
1.18 3.900561954044017
1.19 3.903521617918937
1.2 3.9045084971874733
1.21 3.903521617918937
1.22 3.900561954044017
1.23 3.8956324263936333
1.24 3.8887378998164293
1.25 3.879885178377749
1.26 3.869082998644851
1.27 3.856342021064968
1.28 3.8416748194447354
1.29 3.82509586854136
1.3 3.8066215297777806
1.31 3.7862700350959244
1.32 3.764061468963977
1.33 3.7400177485554362
1.34 3.7141626021195124
1.35 3.6865215455642097
1.36 3.657121857275201
1.37 3.6259925511953606
1.38 3.593164348191504
1.39 3.5586696457365976
1.4 3.522542485937368
1.41 3.4848185219388546
1.42 3.4455349827390522
1.43 3.4047306364483925
1.44 3.362445752030297
1.45 3.318722059560568
1.46 3.2736027090448507
1.47 3.227132227834777
1.48 3.1793564766848528
1.49 3.1303226044934265
1.5 3.08007900177242
1.51 3.028675252891735
1.52 2.9761620871454673
1.53 2.922591328688216
1.54 2.8680158453909046
1.55 2.8124894966665677
1.56 2.756067080317619
1.57 2.698804278457035
1.58 2.6407576025568296
1.59 2.5819843376780565
1.6 2.5225424859373686
1.61 2.462490709265932
1.62 2.4018882715171834
1.63 2.3407949799805587
1.64 2.279271126358923
1.65 2.2173774272679356
1.66 2.1551749643160822
1.67 2.0927251238245024
1.68 2.0300895362461002
1.69 1.9673300153437303
1.7 1.9045084971874737
1.71 1.8416869790312171
1.72 1.778927458128847
1.73 1.716291870550445
1.74 1.6538420300588652
1.75 1.591639567107012
1.76 1.5297458680160245
1.77 1.4682220143943887
1.78 1.407128722857764
1.79 1.3465262851090152
1.8 1.2864745084375788
1.81 1.227032656696891
1.82 1.1682593918181179
1.83 1.1102127159179125
1.84 1.0529499140573284
1.85 0.9965274977083801
1.86 0.9410011489840431
0.55 0.9315701579844146
0.56 0.9870965067087516
0.57 1.0435189230576998
0.58 1.100781724918284
0.59 1.1588284008184893
0.6 1.2176016656972624
0.61 1.2770435174379502
0.62 1.3370952941093868
0.63 1.3976977318581356
0.64 1.45879102339476
0.65 1.520314877016396
0.66 1.5822085761073836
0.67 1.6444110390592366
0.68 1.7068608795508164
0.69 1.7694964671292186
0.7 1.8322559880315885
0.71 1.895077506187845
0.72 1.9578990243441017
0.73 2.020658545246472
0.74 2.0832941328248737
0.75 2.1457439733164536
0.76 2.207946436268307
0.77 2.2698401353592943
0.78 2.3313639889809306
0.79 2.392457280517555
0.8 2.453059718266304
0.81 2.51311149493774
0.82 2.572553346678428
0.83 2.631326611557201
0.84 2.6893732874574066
0.85 2.746636089317991
0.86 2.803058505666939
0.87 2.858584854391276
0.88 2.9131603376885877
0.89 2.9667310961458386
0.9 3.0192442618921067
0.91 3.070648010772792
0.92 3.1208916134937983
0.93 3.1699254856852246
0.94 3.2177012368351487
0.95 3.2641717180452225
0.96 3.30929106856094
0.97 3.3530147610306686
0.98 3.3952996454487643
0.99 3.436103991739424
1 3.4753875309392264
1.01 3.51311149493774
1.02 3.549238654736969
1.03 3.5837333571918757
1.04 3.6165615601957324
1.05 3.6476908662755725
1.06 3.677090554564581
1.07 3.7047316111198842
1.08 3.7305867575558076
1.09 3.7546304779643482
1.1 3.7768390440962962
1.11 3.7971905387781524
1.12 3.8156648775417317
1.13 3.8322438284451072
1.14 3.84691103006534
1.15 3.8596520076452228
1.16 3.8704541873781206
1.17 3.879306908816801
1.18 3.886201435394005
1.19 3.8911309630443887
1.2 3.8940906269193087
1.21 3.895077506187845
1.22 3.8940906269193087
1.23 3.8911309630443887
1.24 3.886201435394005
1.25 3.879306908816801
1.26 3.8704541873781206
1.27 3.8596520076452228
1.28 3.84691103006534
1.29 3.8322438284451072
1.3 3.8156648775417317
1.31 3.7971905387781524
1.32 3.7768390440962962
1.33 3.7546304779643482
1.34 3.7305867575558076
1.35 3.7047316111198842
1.36 3.677090554564581
1.37 3.6476908662755725
1.38 3.6165615601957324
1.39 3.5837333571918757
1.4 3.549238654736969
1.41 3.51311149493774
1.42 3.4753875309392264
1.43 3.436103991739424
1.44 3.3952996454487643
1.45 3.3530147610306686
1.46 3.30929106856094
1.47 3.2641717180452225
1.48 3.2177012368351487
1.49 3.1699254856852246
1.5 3.1208916134937983
1.51 3.070648010772792
1.52 3.0192442618921067
1.53 2.9667310961458386
1.54 2.9131603376885877
1.55 2.858584854391276
1.56 2.803058505666939
1.57 2.746636089317991
1.58 2.6893732874574066
1.59 2.631326611557201
1.6 2.572553346678428
1.61 2.51311149493774
1.62 2.453059718266304
1.63 2.392457280517555
1.64 2.3313639889809306
1.65 2.2698401353592943
1.66 2.207946436268307
1.67 2.1457439733164536
1.68 2.0832941328248737
1.69 2.020658545246472
1.7 1.9578990243441017
1.71 1.895077506187845
1.72 1.8322559880315885
1.73 1.7694964671292186
1.74 1.7068608795508164
1.75 1.6444110390592366
1.76 1.5822085761073836
1.77 1.520314877016396
1.78 1.45879102339476
1.79 1.3976977318581356
1.8 1.3370952941093868
1.81 1.2770435174379502
1.82 1.2176016656972624
1.83 1.1588284008184893
1.84 1.100781724918284
1.85 1.0435189230576998
1.86 0.9870965067087516
1.87 0.9315701579844146
0.56 0.921749273184464
0.57 0.977275621908801
0.58 1.0336980382577492
0.59 1.0909608401183335
0.6 1.1490075160185387
0.61 1.2077807808973118
0.62 1.2672226326379996
0.63 1.3272744093094362
0.64 1.387876847058185
0.65 1.4489701385948095
0.66 1.5104939922164453
0.67 1.572387691307433
0.68 1.634590154259286
0.69 1.6970399947508659
0.7 1.759675582329268
0.71 1.822435103231638
0.72 1.8852566213878945
0.73 1.948078139544151
0.74 2.0108376604465215
0.75 2.073473248024923
0.76 2.135923088516503
0.77 2.1981255514683564
0.78 2.2600192505593437
0.79 2.32154310418098
0.8 2.382636395717604
0.81 2.4432388334663533
0.82 2.5032906101377894
0.83 2.5627324618784773
0.84 2.6215057267572504
0.85 2.679552402657456
0.86 2.7368152045180403
0.87 2.7932376208669885
0.88 2.8487639695913254
0.89 2.903339452888637
0.9 2.956910211345888
0.91 3.009423377092156
0.92 3.0608271259728412
0.93 3.1110707286938477
0.94 3.160104600885274
0.95 3.207880352035198
0.96 3.254350833245272
0.97 3.2994701837609894
0.98 3.343193876230718
0.99 3.3854787606488137
1 3.4262831069394735
1.01 3.465566646139276
1.02 3.5032906101377894
1.03 3.5394177699370184
1.04 3.573912472391925
1.05 3.606740675395782
1.06 3.637869981475622
1.07 3.6672696697646305
1.08 3.6949107263199337
1.09 3.720765872755857
1.1 3.7448095931643977
1.11 3.7670181592963456
1.12 3.787369653978202
1.13 3.805843992741781
1.14 3.8224229436451567
1.15 3.8370901452653894
1.16 3.849831122845272
1.17 3.86063330257817
1.18 3.8694860240168505
1.19 3.8763805505940545
1.2 3.881310078244438
1.21 3.884269742119358
1.22 3.8852566213878945
1.23 3.884269742119358
1.24 3.881310078244438
1.25 3.8763805505940545
1.26 3.8694860240168505
1.27 3.86063330257817
1.28 3.849831122845272
1.29 3.8370901452653894
1.3 3.8224229436451567
1.31 3.805843992741781
1.32 3.787369653978202
1.33 3.7670181592963456
1.34 3.7448095931643977
1.35 3.720765872755857
1.36 3.6949107263199337
1.37 3.6672696697646305
1.38 3.637869981475622
1.39 3.606740675395782
1.4 3.573912472391925
1.41 3.5394177699370184
1.42 3.5032906101377894
1.43 3.465566646139276
1.44 3.4262831069394735
1.45 3.3854787606488137
1.46 3.343193876230718
1.47 3.2994701837609894
1.48 3.254350833245272
1.49 3.207880352035198
1.5 3.160104600885274
1.51 3.1110707286938477
1.52 3.0608271259728412
1.53 3.009423377092156
1.54 2.956910211345888
1.55 2.903339452888637
1.56 2.8487639695913254
1.57 2.7932376208669885
1.58 2.7368152045180403
1.59 2.679552402657456
1.6 2.6215057267572504
1.61 2.5627324618784773
1.62 2.5032906101377894
1.63 2.4432388334663533
1.64 2.382636395717604
1.65 2.32154310418098
1.66 2.2600192505593437
1.67 2.1981255514683564
1.68 2.135923088516503
1.69 2.073473248024923
1.7 2.0108376604465215
1.71 1.948078139544151
1.72 1.8852566213878945
1.73 1.822435103231638
1.74 1.759675582329268
1.75 1.6970399947508659
1.76 1.634590154259286
1.77 1.572387691307433
1.78 1.5104939922164453
1.79 1.4489701385948095
1.8 1.387876847058185
1.81 1.3272744093094362
1.82 1.2672226326379996
1.83 1.2077807808973118
1.84 1.1490075160185387
1.85 1.0909608401183335
1.86 1.0336980382577492
1.87 0.977275621908801
1.88 0.921749273184464
0.57 0.9115481866117991
0.58 0.9670745353361362
0.59 1.0234969516850843
0.6 1.0807597535456686
0.61 1.138806429445874
0.62 1.197579694324647
0.63 1.257021546065335
0.64 1.3170733227367712
0.65 1.3776757604855203
0.66 1.4387690520221446
0.67 1.5002929056437806
0.68 1.5621866047347681
0.69 1.6243890676866213
0.7 1.6868389081782011
0.71 1.749474495756603
0.72 1.8122340166589732
0.73 1.8750555348152298
0.74 1.9378770529714864
0.75 2.0006365738738565
0.76 2.0632721614522582
0.77 2.1257220019438385
0.78 2.1879244648956915
0.79 2.2498181639866788
0.8 2.311342017608315
0.81 2.3724353091449393
0.82 2.4330377468936883
0.83 2.493089523565125
0.84 2.5525313753058123
0.85 2.611304640184586
0.86 2.669351316084791
0.87 2.7266141179453753
0.88 2.7830365342943235
0.89 2.8385628830186604
0.9 2.893138366315972
0.91 2.946709124773223
0.92 2.999222290519491
0.93 3.0506260394001763
0.94 3.1008696421211828
0.95 3.149903514312609
0.96 3.1976792654625332
0.97 3.244149746672607
0.98 3.2892690971883245
0.99 3.332992789658053
1 3.3752776740761488
1.01 3.4160820203668085
1.02 3.455365559566611
1.03 3.4930895235651245
1.04 3.5292166833643535
1.05 3.56371138581926
1.06 3.596539588823117
1.07 3.627668894902957
1.08 3.6570685831919656
1.09 3.6847096397472687
1.1 3.710564786183192
1.11 3.7346085065917327
1.12 3.7568170727236807
1.13 3.777168567405537
1.14 3.795642906169116
1.15 3.8122218570724917
1.16 3.8268890586927244
1.17 3.8396300362726072
1.18 3.850432216005505
1.19 3.8592849374441855
1.2 3.8661794640213896
1.21 3.871108991671773
1.22 3.874068655546693
1.23 3.8750555348152296
1.24 3.874068655546693
1.25 3.871108991671773
1.26 3.8661794640213896
1.27 3.8592849374441855
1.28 3.850432216005505
1.29 3.8396300362726072
1.3 3.8268890586927244
1.31 3.8122218570724917
1.32 3.795642906169116
1.33 3.777168567405537
1.34 3.7568170727236807
1.35 3.7346085065917327
1.36 3.710564786183192
1.37 3.6847096397472687
1.38 3.6570685831919656
1.39 3.627668894902957
1.4 3.596539588823117
1.41 3.56371138581926
1.42 3.5292166833643535
1.43 3.4930895235651245
1.44 3.455365559566611
1.45 3.4160820203668085
1.46 3.3752776740761488
1.47 3.332992789658053
1.48 3.2892690971883245
1.49 3.244149746672607
1.5 3.1976792654625332
1.51 3.149903514312609
1.52 3.1008696421211828
1.53 3.0506260394001763
1.54 2.999222290519491
1.55 2.946709124773223
1.56 2.893138366315972
1.57 2.8385628830186604
1.58 2.7830365342943235
1.59 2.7266141179453753
1.6 2.669351316084791
1.61 2.611304640184586
1.62 2.5525313753058123
1.63 2.493089523565125
1.64 2.4330377468936883
1.65 2.3724353091449393
1.66 2.311342017608315
1.67 2.2498181639866788
1.68 2.1879244648956915
1.69 2.1257220019438385
1.7 2.0632721614522582
1.71 2.0006365738738565
1.72 1.9378770529714864
1.73 1.8750555348152298
1.74 1.8122340166589732
1.75 1.749474495756603
1.76 1.6868389081782011
1.77 1.6243890676866213
1.78 1.5621866047347681
1.79 1.5002929056437806
1.8 1.4387690520221446
1.81 1.3776757604855203
1.82 1.3170733227367712
1.83 1.257021546065335
1.84 1.197579694324647
1.85 1.138806429445874
1.86 1.0807597535456686
1.87 1.0234969516850843
1.88 0.9670745353361362
1.89 0.9115481866117991
0.58 0.9009769655072751
0.59 0.9565033142316122
0.6 1.0129257305805603
0.61 1.0701885324411444
0.62 1.12823520834135
0.63 1.1870084732201232
0.64 1.246450324960811
0.65 1.3065021016322471
0.66 1.3671045393809962
0.67 1.4281978309176206
0.68 1.4897216845392567
0.69 1.551615383630244
0.7 1.6138178465820974
0.71 1.6762676870736772
0.72 1.738903274652079
0.73 1.8016627955544493
0.74 1.8644843137107059
0.75 1.9273058318669625
0.76 1.9900653527693324
0.77 2.0527009403477345
0.78 2.1151507808393144
0.79 2.1773532437911673
0.8 2.239246942882155
0.81 2.300770796503791
0.82 2.361864088040415
0.83 2.422466525789164
0.84 2.482518302460601
0.85 2.5419601542012886
0.86 2.6007334190800617
0.87 2.658780094980267
0.88 2.716042896840851
0.89 2.7724653131897994
0.9 2.8279916619141363
0.91 2.882567145211448
0.92 2.936137903668699
0.93 2.988651069414967
0.94 3.040054818295652
0.95 3.0902984210166586
0.96 3.139332293208085
0.97 3.187108044358009
0.98 3.233578525568083
0.99 3.2786978760838004
1 3.322421568553529
1.01 3.3647064529716246
1.02 3.4055107992622844
1.03 3.4447943384620867
1.04 3.4825183024606003
1.05 3.5186454622598293
1.06 3.553140164714736
1.07 3.5859683677185927
1.08 3.617097673798433
1.09 3.6464973620874415
1.1 3.6741384186427446
1.11 3.699993565078668
1.12 3.7240372854872086
1.13 3.7462458516191566
1.14 3.7665973463010127
1.15 3.785071685064592
1.16 3.8016506359679676
1.17 3.8163178375882003
1.18 3.829058815168083
1.19 3.839860994900981
1.2 3.8487137163396614
1.21 3.8556082429168654
1.22 3.860537770567249
1.23 3.863497434442169
1.24 3.8644843137107054
1.25 3.863497434442169
1.26 3.860537770567249
1.27 3.8556082429168654
1.28 3.8487137163396614
1.29 3.839860994900981
1.3 3.829058815168083
1.31 3.8163178375882003
1.32 3.8016506359679676
1.33 3.785071685064592
1.34 3.7665973463010127
1.35 3.7462458516191566
1.36 3.7240372854872086
1.37 3.699993565078668
1.38 3.6741384186427446
1.39 3.6464973620874415
1.4 3.617097673798433
1.41 3.5859683677185927
1.42 3.553140164714736
1.43 3.5186454622598293
1.44 3.4825183024606003
1.45 3.4447943384620867
1.46 3.4055107992622844
1.47 3.3647064529716246
1.48 3.322421568553529
1.49 3.2786978760838004
1.5 3.233578525568083
1.51 3.187108044358009
1.52 3.139332293208085
1.53 3.0902984210166586
1.54 3.040054818295652
1.55 2.988651069414967
1.56 2.936137903668699
1.57 2.882567145211448
1.58 2.8279916619141363
1.59 2.7724653131897994
1.6 2.716042896840851
1.61 2.658780094980267
1.62 2.6007334190800617
1.63 2.5419601542012886
1.64 2.482518302460601
1.65 2.422466525789164
1.66 2.361864088040415
1.67 2.300770796503791
1.68 2.239246942882155
1.69 2.1773532437911673
1.7 2.1151507808393144
1.71 2.0527009403477345
1.72 1.9900653527693324
1.73 1.9273058318669625
1.74 1.8644843137107059
1.75 1.8016627955544493
1.76 1.738903274652079
1.77 1.6762676870736772
1.78 1.6138178465820974
1.79 1.551615383630244
1.8 1.4897216845392567
1.81 1.4281978309176206
1.82 1.3671045393809962
1.83 1.3065021016322471
1.84 1.246450324960811
1.85 1.1870084732201232
1.86 1.12823520834135
1.87 1.0701885324411444
1.88 1.0129257305805603
1.89 0.9565033142316122
1.9 0.9009769655072751
0.59 0.8900460423898431
0.6 0.9455723911141801
0.61 1.0019948074631282
0.62 1.0592576093237125
0.63 1.117304285223918
0.64 1.176077550102691
0.65 1.2355194018433788
0.66 1.2955711785148152
0.67 1.3561736162635643
0.68 1.4172669078001885
0.69 1.4787907614218245
0.7 1.540684460512812
0.71 1.6028869234646652
0.72 1.665336763956245
0.73 1.727972351534647
0.74 1.7907318724370171
0.75 1.8535533905932737
0.76 1.9163749087495303
0.77 1.9791344296519005
0.78 2.041770017230302
0.79 2.1042198577218825
0.8 2.1664223206737354
0.81 2.2283160197647227
0.82 2.289839873386359
0.83 2.350933164922983
0.84 2.4115356026717323
0.85 2.471587379343169
0.86 2.5310292310838562
0.87 2.58980249596263
0.88 2.647849171862835
0.89 2.7051119737234193
0.9 2.7615343900723675
0.91 2.8170607387967044
0.92 2.871636222094016
0.93 2.925206980551267
0.94 2.977720146297535
0.95 3.0291238951782202
0.96 3.0793674978992267
0.97 3.128401370090653
0.98 3.176177121240577
0.99 3.222647602450651
1 3.2677669529663684
1.01 3.311490645436097
1.02 3.3537755298541927
1.03 3.3945798761448525
1.04 3.433863415344655
1.05 3.4715873793431684
1.06 3.5077145391423974
1.07 3.542209241597304
1.08 3.575037444601161
1.09 3.606166750681001
1.1 3.6355664389700095
1.11 3.6632074955253127
1.12 3.689062641961236
1.13 3.7131063623697766
1.14 3.7353149285017246
1.15 3.755666423183581
1.16 3.77414076194716
1.17 3.7907197128505357
1.18 3.8053869144707684
1.19 3.818127892050651
1.2 3.828930071783549
1.21 3.8377827932222295
1.22 3.8446773197994335
1.23 3.849606847449817
1.24 3.852566511324737
1.25 3.8535533905932735
1.26 3.852566511324737
1.27 3.849606847449817
1.28 3.8446773197994335
1.29 3.8377827932222295
1.3 3.828930071783549
1.31 3.818127892050651
1.32 3.8053869144707684
1.33 3.7907197128505357
1.34 3.77414076194716
1.35 3.755666423183581
1.36 3.7353149285017246
1.37 3.7131063623697766
1.38 3.689062641961236
1.39 3.6632074955253127
1.4 3.6355664389700095
1.41 3.606166750681001
1.42 3.575037444601161
1.43 3.542209241597304
1.44 3.5077145391423974
1.45 3.4715873793431684
1.46 3.433863415344655
1.47 3.3945798761448525
1.48 3.3537755298541927
1.49 3.311490645436097
1.5 3.2677669529663684
1.51 3.222647602450651
1.52 3.176177121240577
1.53 3.128401370090653
1.54 3.0793674978992267
1.55 3.0291238951782202
1.56 2.977720146297535
1.57 2.925206980551267
1.58 2.871636222094016
1.59 2.8170607387967044
1.6 2.7615343900723675
1.61 2.7051119737234193
1.62 2.647849171862835
1.63 2.58980249596263
1.64 2.5310292310838562
1.65 2.471587379343169
1.66 2.4115356026717323
1.67 2.350933164922983
1.68 2.289839873386359
1.69 2.2283160197647227
1.7 2.1664223206737354
1.71 2.1042198577218825
1.72 2.041770017230302
1.73 1.9791344296519005
1.74 1.9163749087495303
1.75 1.8535533905932737
1.76 1.7907318724370171
1.77 1.727972351534647
1.78 1.665336763956245
1.79 1.6028869234646652
1.8 1.540684460512812
1.81 1.4787907614218245
1.82 1.4172669078001885
1.83 1.3561736162635643
1.84 1.2955711785148152
1.85 1.2355194018433788
1.86 1.176077550102691
1.87 1.117304285223918
1.88 1.0592576093237125
1.89 1.0019948074631282
1.9 0.9455723911141801
1.91 0.8900460423898431
0.6 0.8787662047609137
0.61 0.9342925534852508
0.62 0.9907149698341989
0.63 1.0479777716947831
0.64 1.1060244475949885
0.65 1.1647977124737616
0.66 1.2242395642144495
0.67 1.2842913408858858
0.68 1.3448937786346349
0.69 1.4059870701712591
0.7 1.4675109237928952
0.71 1.5294046228838827
0.72 1.5916070858357358
0.73 1.6540569263273157
0.74 1.7166925139057176
0.75 1.7794520348080878
0.76 1.8422735529643444
0.77 1.905095071120601
0.78 1.967854592022971
0.79 2.0304901796013732
0.8 2.0929400200929527
0.81 2.155142483044806
0.82 2.217036182135794
0.83 2.2785600357574296
0.84 2.339653327294054
0.85 2.400255765042803
0.86 2.460307541714239
0.87 2.5197493934549273
0.88 2.5785226583337
0.89 2.6365693342339056
0.9 2.69383213609449
0.91 2.750254552443438
0.92 2.805780901167775
0.93 2.8603563844650868
0.94 2.9139271429223377
0.95 2.9664403086686058
0.96 3.017844057549291
0.97 3.0680876602702973
0.98 3.1171215324617236
0.99 3.164897283611648
1 3.2113677648217216
1.01 3.256487115337439
1.02 3.3002108078071677
1.03 3.3424956922252633
1.04 3.383300038515923
1.05 3.4225835777157254
1.06 3.460307541714239
1.07 3.496434701513468
1.08 3.5309294039683747
1.09 3.5637576069722314
1.1 3.5948869130520715
1.11 3.62428660134108
1.12 3.6519276578963833
1.13 3.6777828043323066
1.14 3.7018265247408473
1.15 3.7240350908727953
1.16 3.7443865855546514
1.17 3.7628609243182307
1.18 3.7794398752216063
1.19 3.794107076841839
1.2 3.806848054421722
1.21 3.8176502341546197
1.22 3.8265029555933
1.23 3.833397482170504
1.24 3.8383270098208877
1.25 3.841286673695808
1.26 3.842273552964344
1.27 3.841286673695808
1.28 3.8383270098208877
1.29 3.833397482170504
1.3 3.8265029555933
1.31 3.8176502341546197
1.32 3.806848054421722
1.33 3.794107076841839
1.34 3.7794398752216063
1.35 3.7628609243182307
1.36 3.7443865855546514
1.37 3.7240350908727953
1.38 3.7018265247408473
1.39 3.6777828043323066
1.4 3.6519276578963833
1.41 3.62428660134108
1.42 3.5948869130520715
1.43 3.5637576069722314
1.44 3.5309294039683747
1.45 3.496434701513468
1.46 3.460307541714239
1.47 3.4225835777157254
1.48 3.383300038515923
1.49 3.3424956922252633
1.5 3.3002108078071677
1.51 3.256487115337439
1.52 3.2113677648217216
1.53 3.164897283611648
1.54 3.1171215324617236
1.55 3.0680876602702973
1.56 3.017844057549291
1.57 2.9664403086686058
1.58 2.9139271429223377
1.59 2.8603563844650868
1.6 2.805780901167775
1.61 2.750254552443438
1.62 2.69383213609449
1.63 2.6365693342339056
1.64 2.5785226583337
1.65 2.5197493934549273
1.66 2.460307541714239
1.67 2.400255765042803
1.68 2.339653327294054
1.69 2.2785600357574296
1.7 2.217036182135794
1.71 2.155142483044806
1.72 2.0929400200929527
1.73 2.0304901796013732
1.74 1.967854592022971
1.75 1.905095071120601
1.76 1.8422735529643444
1.77 1.7794520348080878
1.78 1.7166925139057176
1.79 1.6540569263273157
1.8 1.5916070858357358
1.81 1.5294046228838827
1.82 1.4675109237928952
1.83 1.4059870701712591
1.84 1.3448937786346349
1.85 1.2842913408858858
1.86 1.2242395642144495
1.87 1.1647977124737616
1.88 1.1060244475949885
1.89 1.0479777716947831
1.9 0.9907149698341989
1.91 0.9342925534852508
1.92 0.8787662047609137
0.61 0.8671485844583953
0.62 0.9226749331827323
0.63 0.9790973495316805
0.64 1.0363601513922647
0.65 1.09440682729247
0.66 1.1531800921712432
0.67 1.212621943911931
0.68 1.2726737205833674
0.69 1.3332761583321164
0.7 1.3943694498687407
0.71 1.4558933034903767
0.72 1.5177870025813642
0.73 1.5799894655332174
0.74 1.6424393060247973
0.75 1.7050748936031992
0.76 1.7678344145055693
0.77 1.830655932661826
0.78 1.8934774508180825
0.79 1.9562369717204526
0.8 2.0188725592988543
0.81 2.0813223997904347
0.82 2.1435248627422876
0.83 2.205418561833275
0.84 2.266942415454911
0.85 2.3280357069915354
0.86 2.3886381447402845
0.87 2.448689921411721
0.88 2.5081317731524084
0.89 2.566905038031182
0.9 2.624951713931387
0.91 2.6822145157919715
0.92 2.7386369321409196
0.93 2.7941632808652566
0.94 2.8487387641625683
0.95 2.9023095226198192
0.96 2.9548226883660873
0.97 3.0062264372467724
0.98 3.056470039967779
0.99 3.105503912159205
1 3.1532796633091293
1.01 3.199750144519203
1.02 3.2448694950349206
1.03 3.2885931875046492
1.04 3.330878071922745
1.05 3.3716824182134046
1.06 3.410965957413207
1.07 3.4486899214117206
1.08 3.4848170812109496
1.09 3.5193117836658563
1.1 3.552139986669713
1.11 3.583269292749553
1.12 3.6126689810385617
1.13 3.640310037593865
1.14 3.666165184029788
1.15 3.690208904438329
1.16 3.712417470570277
1.17 3.732768965252133
1.18 3.7512433040157123
1.19 3.767822254919088
1.2 3.7824894565393206
1.21 3.7952304341192034
1.22 3.8060326138521012
1.23 3.8148853352907817
1.24 3.8217798618679857
1.25 3.8267093895183693
1.26 3.8296690533932893
1.27 3.8306559326618257
1.28 3.8296690533932893
1.29 3.8267093895183693
1.3 3.8217798618679857
1.31 3.8148853352907817
1.32 3.8060326138521012
1.33 3.7952304341192034
1.34 3.7824894565393206
1.35 3.767822254919088
1.36 3.7512433040157123
1.37 3.732768965252133
1.38 3.712417470570277
1.39 3.690208904438329
1.4 3.666165184029788
1.41 3.640310037593865
1.42 3.6126689810385617
1.43 3.583269292749553
1.44 3.552139986669713
1.45 3.5193117836658563
1.46 3.4848170812109496
1.47 3.4486899214117206
1.48 3.410965957413207
1.49 3.3716824182134046
1.5 3.330878071922745
1.51 3.2885931875046492
1.52 3.2448694950349206
1.53 3.199750144519203
1.54 3.1532796633091293
1.55 3.105503912159205
1.56 3.056470039967779
1.57 3.0062264372467724
1.58 2.9548226883660873
1.59 2.9023095226198192
1.6 2.8487387641625683
1.61 2.7941632808652566
1.62 2.7386369321409196
1.63 2.6822145157919715
1.64 2.624951713931387
1.65 2.566905038031182
1.66 2.5081317731524084
1.67 2.448689921411721
1.68 2.3886381447402845
1.69 2.3280357069915354
1.7 2.266942415454911
1.71 2.205418561833275
1.72 2.1435248627422876
1.73 2.0813223997904347
1.74 2.0188725592988543
1.75 1.9562369717204526
1.76 1.8934774508180825
1.77 1.830655932661826
1.78 1.7678344145055693
1.79 1.7050748936031992
1.8 1.6424393060247973
1.81 1.5799894655332174
1.82 1.5177870025813642
1.83 1.4558933034903767
1.84 1.3943694498687407
1.85 1.3332761583321164
1.86 1.2726737205833674
1.87 1.212621943911931
1.88 1.1531800921712432
1.89 1.09440682729247
1.9 1.0363601513922647
1.91 0.9790973495316805
1.92 0.9226749331827323
1.93 0.8671485844583953
0.62 0.8552046466709142
0.63 0.9107309953952513
0.64 0.9671534117441994
0.65 1.0244162136047836
0.66 1.082462889504989
0.67 1.1412361543837621
0.68 1.20067800612445
0.69 1.2607297827958863
0.7 1.3213322205446354
0.71 1.3824255120812596
0.72 1.4439493657028957
0.73 1.5058430647938832
0.74 1.5680455277457364
0.75 1.6304953682373162
0.76 1.6931309558157182
0.77 1.7558904767180883
0.78 1.8187119948743449
0.79 1.8815335130306015
0.8 1.9442930339329716
0.81 2.0069286215113733
0.82 2.0693784620029536
0.83 2.1315809249548066
0.84 2.193474624045794
0.85 2.25499847766743
0.86 2.3160917692040544
0.87 2.3766942069528034
0.88 2.43674598362424
0.89 2.4961878353649274
0.9 2.554961100243701
0.91 2.613007776143906
0.92 2.6702705780044904
0.93 2.7266929943534386
0.94 2.7822193430777755
0.95 2.8367948263750873
0.96 2.890365584832338
0.97 2.9428787505786063
0.98 2.9942824994592914
0.99 3.044526102180298
1 3.093559974371724
1.01 3.1413357255216483
1.02 3.187806206731722
1.03 3.2329255572474396
1.04 3.276649249717168
1.05 3.318934134135264
1.06 3.3597384804259236
1.07 3.399022019625726
1.08 3.4367459836242396
1.09 3.4728731434234685
1.1 3.5073678458783752
1.11 3.540196048882232
1.12 3.571325354962072
1.13 3.6007250432510807
1.14 3.628366099806384
1.15 3.654221246242307
1.16 3.678264966650848
1.17 3.700473532782796
1.18 3.720825027464652
1.19 3.7392993662282312
1.2 3.755878317131607
1.21 3.7705455187518395
1.22 3.7832864963317223
1.23 3.79408867606462
1.24 3.8029413975033006
1.25 3.8098359240805046
1.26 3.814765451730888
1.27 3.8177251156058083
1.28 3.8187119948743447
1.29 3.8177251156058083
1.3 3.814765451730888
1.31 3.8098359240805046
1.32 3.8029413975033006
1.33 3.79408867606462
1.34 3.7832864963317223
1.35 3.7705455187518395
1.36 3.755878317131607
1.37 3.7392993662282312
1.38 3.720825027464652
1.39 3.700473532782796
1.4 3.678264966650848
1.41 3.654221246242307
1.42 3.628366099806384
1.43 3.6007250432510807
1.44 3.571325354962072
1.45 3.540196048882232
1.46 3.5073678458783752
1.47 3.4728731434234685
1.48 3.4367459836242396
1.49 3.399022019625726
1.5 3.3597384804259236
1.51 3.318934134135264
1.52 3.276649249717168
1.53 3.2329255572474396
1.54 3.187806206731722
1.55 3.1413357255216483
1.56 3.093559974371724
1.57 3.044526102180298
1.58 2.9942824994592914
1.59 2.9428787505786063
1.6 2.890365584832338
1.61 2.8367948263750873
1.62 2.7822193430777755
1.63 2.7266929943534386
1.64 2.6702705780044904
1.65 2.613007776143906
1.66 2.554961100243701
1.67 2.4961878353649274
1.68 2.43674598362424
1.69 2.3766942069528034
1.7 2.3160917692040544
1.71 2.25499847766743
1.72 2.193474624045794
1.73 2.1315809249548066
1.74 2.0693784620029536
1.75 2.0069286215113733
1.76 1.9442930339329716
1.77 1.8815335130306015
1.78 1.8187119948743449
1.79 1.7558904767180883
1.8 1.6931309558157182
1.81 1.6304953682373162
1.82 1.5680455277457364
1.83 1.5058430647938832
1.84 1.4439493657028957
1.85 1.3824255120812596
1.86 1.3213322205446354
1.87 1.2607297827958863
1.88 1.20067800612445
1.89 1.1412361543837621
1.9 1.082462889504989
1.91 1.0244162136047836
1.92 0.9671534117441994
1.93 0.9107309953952513
1.94 0.8552046466709142
0.63 0.8429461786230577
0.64 0.8984725273473947
0.65 0.9548949436963429
0.66 1.012157745556927
0.67 1.0702044214571325
0.68 1.1289776863359056
0.69 1.1884195380765934
0.7 1.2484713147480297
0.71 1.3090737524967788
0.72 1.370167044033403
0.73 1.431690897655039
0.74 1.4935845967460266
0.75 1.5557870596978798
0.76 1.6182369001894596
0.77 1.6808724877678616
0.78 1.7436320086702317
0.79 1.8064535268264883
0.8 1.8692750449827449
0.81 1.932034565885115
0.82 1.994670153463517
0.83 2.057119993955097
0.84 2.11932245690695
0.85 2.1812161559979373
0.86 2.2427400096195735
0.87 2.3038333011561978
0.88 2.364435738904947
0.89 2.4244875155763834
0.9 2.483929367317071
0.91 2.5427026321958444
0.92 2.6007493080960495
0.93 2.658012109956634
0.94 2.714434526305582
0.95 2.769960875029919
0.96 2.8245363583272307
0.97 2.8781071167844816
0.98 2.9306202825307497
0.99 2.982024031411435
1 3.0322676341324413
1.01 3.0813015063238676
1.02 3.1290772574737917
1.03 3.1755477386838655
1.04 3.220667089199583
1.05 3.2643907816693116
1.06 3.3066756660874073
1.07 3.347480012378067
1.08 3.3867635515778693
1.09 3.424487515576383
1.1 3.460614675375612
1.11 3.4951093778305187
1.12 3.5279375808343754
1.13 3.5590668869142155
1.14 3.588466575203224
1.15 3.6161076317585272
1.16 3.6419627781944506
1.17 3.666006498602991
1.18 3.688215064734939
1.19 3.7085665594167954
1.2 3.7270408981803747
1.21 3.7436198490837502
1.22 3.758287050703983
1.23 3.7710280282838657
1.24 3.7818302080167636
1.25 3.790682929455444
1.26 3.797577456032648
1.27 3.8025069836830316
1.28 3.8054666475579517
1.29 3.806453526826488
1.3 3.8054666475579517
1.31 3.8025069836830316
1.32 3.797577456032648
1.33 3.790682929455444
1.34 3.7818302080167636
1.35 3.7710280282838657
1.36 3.758287050703983
1.37 3.7436198490837502
1.38 3.7270408981803747
1.39 3.7085665594167954
1.4 3.688215064734939
1.41 3.666006498602991
1.42 3.6419627781944506
1.43 3.6161076317585272
1.44 3.588466575203224
1.45 3.5590668869142155
1.46 3.5279375808343754
1.47 3.4951093778305187
1.48 3.460614675375612
1.49 3.424487515576383
1.5 3.3867635515778693
1.51 3.347480012378067
1.52 3.3066756660874073
1.53 3.2643907816693116
1.54 3.220667089199583
1.55 3.1755477386838655
1.56 3.1290772574737917
1.57 3.0813015063238676
1.58 3.0322676341324413
1.59 2.982024031411435
1.6 2.9306202825307497
1.61 2.8781071167844816
1.62 2.8245363583272307
1.63 2.769960875029919
1.64 2.714434526305582
1.65 2.658012109956634
1.66 2.6007493080960495
1.67 2.5427026321958444
1.68 2.483929367317071
1.69 2.4244875155763834
1.7 2.364435738904947
1.71 2.3038333011561978
1.72 2.2427400096195735
1.73 2.1812161559979373
1.74 2.11932245690695
1.75 2.057119993955097
1.76 1.994670153463517
1.77 1.932034565885115
1.78 1.8692750449827449
1.79 1.8064535268264883
1.8 1.7436320086702317
1.81 1.6808724877678616
1.82 1.6182369001894596
1.83 1.5557870596978798
1.84 1.4935845967460266
1.85 1.431690897655039
1.86 1.370167044033403
1.87 1.3090737524967788
1.88 1.2484713147480297
1.89 1.1884195380765934
1.9 1.1289776863359056
1.91 1.0702044214571325
1.92 1.012157745556927
1.93 0.9548949436963429
1.94 0.8984725273473947
1.95 0.8429461786230577
0.64 0.830385277942806
0.65 0.8859116266671431
0.66 0.9423340430160912
0.67 0.9995968448766754
0.68 1.0576435207768808
0.69 1.116416785655654
0.7 1.1758586373963418
0.71 1.2359104140677781
0.72 1.296512851816527
0.73 1.3576061433531517
0.74 1.4191299969747875
0.75 1.481023696065775
0.76 1.5432261590176282
0.77 1.605675999509208
0.78 1.66831158708761
0.79 1.73107110798998
0.8 1.7938926261462367
0.81 1.8567141443024933
0.82 1.9194736652048634
0.83 1.9821092527832653
0.84 2.044559093274845
0.85 2.106761556226698
0.86 2.168655255317686
0.87 2.230179108939322
0.88 2.291272400475946
0.89 2.3518748382246955
0.9 2.4119266148961316
0.91 2.4713684666368194
0.92 2.5301417315155925
0.93 2.5881884074157977
0.94 2.6454512092763824
0.95 2.70187362562533
0.96 2.757399974349667
0.97 2.8119754576469793
0.98 2.8655462161042298
0.99 2.9180593818504983
1 2.9694631307311834
1.01 3.01970673345219
1.02 3.068740605643616
1.03 3.1165163567935403
1.04 3.162986838003614
1.05 3.2081061885193316
1.06 3.2518298809890602
1.07 3.294114765407156
1.08 3.3349191116978156
1.09 3.374202650897618
1.1 3.4119266148961316
1.11 3.44805377469536
1.12 3.4825484771502673
1.13 3.515376680154124
1.14 3.5465059862339636
1.15 3.5759056745229723
1.16 3.603546731078276
1.17 3.6294018775141987
1.18 3.6534455979227394
1.19 3.675654164054688
1.2 3.696005658736544
1.21 3.7144799975001233
1.22 3.731058948403499
1.23 3.7457261500237315
1.24 3.7584671276036143
1.25 3.769269307336512
1.26 3.7781220287751927
1.27 3.7850165553523967
1.28 3.7899460830027802
1.29 3.7929057468777003
1.3 3.7938926261462367
1.31 3.7929057468777003
1.32 3.7899460830027802
1.33 3.7850165553523967
1.34 3.7781220287751927
1.35 3.769269307336512
1.36 3.7584671276036143
1.37 3.7457261500237315
1.38 3.731058948403499
1.39 3.7144799975001233
1.4 3.696005658736544
1.41 3.675654164054688
1.42 3.6534455979227394
1.43 3.6294018775141987
1.44 3.603546731078276
1.45 3.5759056745229723
1.46 3.5465059862339636
1.47 3.515376680154124
1.48 3.4825484771502673
1.49 3.44805377469536
1.5 3.4119266148961316
1.51 3.374202650897618
1.52 3.3349191116978156
1.53 3.294114765407156
1.54 3.2518298809890602
1.55 3.2081061885193316
1.56 3.162986838003614
1.57 3.1165163567935403
1.58 3.068740605643616
1.59 3.01970673345219
1.6 2.9694631307311834
1.61 2.9180593818504983
1.62 2.8655462161042298
1.63 2.8119754576469793
1.64 2.757399974349667
1.65 2.70187362562533
1.66 2.6454512092763824
1.67 2.5881884074157977
1.68 2.5301417315155925
1.69 2.4713684666368194
1.7 2.4119266148961316
1.71 2.3518748382246955
1.72 2.291272400475946
1.73 2.230179108939322
1.74 2.168655255317686
1.75 2.106761556226698
1.76 2.044559093274845
1.77 1.9821092527832653
1.78 1.9194736652048634
1.79 1.8567141443024933
1.8 1.7938926261462367
1.81 1.73107110798998
1.82 1.66831158708761
1.83 1.605675999509208
1.84 1.5432261590176282
1.85 1.481023696065775
1.86 1.4191299969747875
1.87 1.3576061433531517
1.88 1.296512851816527
1.89 1.2359104140677781
1.9 1.1758586373963418
1.91 1.116416785655654
1.92 1.0576435207768808
1.93 0.9995968448766754
1.94 0.9423340430160912
1.95 0.8859116266671431
1.96 0.830385277942806
0.65 0.8175343407226348
0.66 0.8730606894469718
0.67 0.92948310579592
0.68 0.9867459076565042
0.69 1.0447925835567096
0.7 1.1035658484354827
0.71 1.1630077001761705
0.72 1.2230594768476069
0.73 1.283661914596356
0.74 1.3447552061329802
0.75 1.4062790597546162
0.76 1.4681727588456037
0.77 1.5303752217974569
0.78 1.5928250622890368
0.79 1.6554606498674387
0.8 1.7182201707698088
0.81 1.7810416889260654
0.82 1.843863207082322
0.83 1.9066227279846921
0.84 1.969258315563094
0.85 2.031708156054674
0.86 2.093910619006527
0.87 2.1558043180975144
0.88 2.2173281717191506
0.89 2.278421463255775
0.9 2.339023901004524
0.91 2.3990756776759605
0.92 2.458517529416648
0.93 2.5172907942954215
0.94 2.5753374701956266
0.95 2.632600272056211
0.96 2.689022688405159
0.97 2.744549037129496
0.98 2.799124520426808
0.99 2.8526952788840587
1 2.905208444630327
1.01 2.956612193511012
1.02 3.0068557962320184
1.03 3.0558896684234447
1.04 3.103665419573369
1.05 3.1501359007834426
1.06 3.19525525129916
1.07 3.2389789437688887
1.08 3.2812638281869844
1.09 3.322068174477644
1.1 3.3613517136774465
1.11 3.39907567767596
1.12 3.435202837475189
1.13 3.4696975399300958
1.14 3.5025257429339525
1.15 3.5336550490137926
1.16 3.563054737302801
1.17 3.5906957938581043
1.18 3.6165509402940277
1.19 3.6405946607025683
1.2 3.6628032268345163
1.21 3.6831547215163725
1.22 3.7016290602799518
1.23 3.7182080111833273
1.24 3.73287521280356
1.25 3.745616190383443
1.26 3.7564183701163407
1.27 3.765271091555021
1.28 3.772165618132225
1.29 3.7770951457826087
1.3 3.780054809657529
1.31 3.781041688926065
1.32 3.780054809657529
1.33 3.7770951457826087
1.34 3.772165618132225
1.35 3.765271091555021
1.36 3.7564183701163407
1.37 3.745616190383443
1.38 3.73287521280356
1.39 3.7182080111833273
1.4 3.7016290602799518
1.41 3.6831547215163725
1.42 3.6628032268345163
1.43 3.6405946607025683
1.44 3.6165509402940277
1.45 3.5906957938581043
1.46 3.563054737302801
1.47 3.5336550490137926
1.48 3.5025257429339525
1.49 3.4696975399300958
1.5 3.435202837475189
1.51 3.39907567767596
1.52 3.3613517136774465
1.53 3.322068174477644
1.54 3.2812638281869844
1.55 3.2389789437688887
1.56 3.19525525129916
1.57 3.1501359007834426
1.58 3.103665419573369
1.59 3.0558896684234447
1.6 3.0068557962320184
1.61 2.956612193511012
1.62 2.905208444630327
1.63 2.8526952788840587
1.64 2.799124520426808
1.65 2.744549037129496
1.66 2.689022688405159
1.67 2.632600272056211
1.68 2.5753374701956266
1.69 2.5172907942954215
1.7 2.458517529416648
1.71 2.3990756776759605
1.72 2.339023901004524
1.73 2.278421463255775
1.74 2.2173281717191506
1.75 2.1558043180975144
1.76 2.093910619006527
1.77 2.031708156054674
1.78 1.969258315563094
1.79 1.9066227279846921
1.8 1.843863207082322
1.81 1.7810416889260654
1.82 1.7182201707698088
1.83 1.6554606498674387
1.84 1.5928250622890368
1.85 1.5303752217974569
1.86 1.4681727588456037
1.87 1.4062790597546162
1.88 1.3447552061329802
1.89 1.283661914596356
1.9 1.2230594768476069
1.91 1.1630077001761705
1.92 1.1035658484354827
1.93 1.0447925835567096
1.94 0.9867459076565042
1.95 0.92948310579592
1.96 0.8730606894469718
1.97 0.8175343407226348
0.66 0.8044060492860677
0.67 0.8599323980104048
0.68 0.916354814359353
0.69 0.9736176162199371
0.7 1.0316642921201424
0.71 1.0904375569989155
0.72 1.1498794087396034
0.73 1.20993118541104
0.74 1.2705336231597888
0.75 1.3316269146964133
0.76 1.393150768318049
0.77 1.4550444674090368
0.78 1.5172469303608898
0.79 1.5796967708524696
0.8 1.6423323584308718
0.81 1.7050918793332417
0.82 1.7679133974894983
0.83 1.8307349156457549
0.84 1.8934944365481252
0.85 1.956130024126527
0.86 2.018579864618107
0.87 2.08078232756996
0.88 2.1426760266609475
0.89 2.2041998802825837
0.9 2.265293171819208
0.91 2.325895609567957
0.92 2.385947386239393
0.93 2.445389237980081
0.94 2.504162502858854
0.95 2.5622091787590597
0.96 2.619471980619644
0.97 2.675894396968592
0.98 2.731420745692929
0.99 2.785996228990241
1 2.839566987447492
1.01 2.89208015319376
1.02 2.943483902074445
1.03 2.9937275047954515
1.04 3.0427613769868778
1.05 3.090537128136802
1.06 3.1370076093468757
1.07 3.182126959862593
1.08 3.225850652332322
1.09 3.2681355367504175
1.1 3.3089398830410772
1.11 3.3482234222408795
1.12 3.385947386239393
1.13 3.422074546038622
1.14 3.456569248493529
1.15 3.4893974514973856
1.16 3.5205267575772257
1.17 3.5499264458662343
1.18 3.5775675024215374
1.19 3.6034226488574608
1.2 3.6274663692660014
1.21 3.6496749353979494
1.22 3.6700264300798056
1.23 3.688500768843385
1.24 3.7050797197467604
1.25 3.719746921366993
1.26 3.732487898946876
1.27 3.743290078679774
1.28 3.7521428001184542
1.29 3.7590373266956583
1.3 3.763966854346042
1.31 3.766926518220962
1.32 3.7679133974894983
1.33 3.766926518220962
1.34 3.763966854346042
1.35 3.7590373266956583
1.36 3.7521428001184542
1.37 3.743290078679774
1.38 3.732487898946876
1.39 3.719746921366993
1.4 3.7050797197467604
1.41 3.688500768843385
1.42 3.6700264300798056
1.43 3.6496749353979494
1.44 3.6274663692660014
1.45 3.6034226488574608
1.46 3.5775675024215374
1.47 3.5499264458662343
1.48 3.5205267575772257
1.49 3.4893974514973856
1.5 3.456569248493529
1.51 3.422074546038622
1.52 3.385947386239393
1.53 3.3482234222408795
1.54 3.3089398830410772
1.55 3.2681355367504175
1.56 3.225850652332322
1.57 3.182126959862593
1.58 3.1370076093468757
1.59 3.090537128136802
1.6 3.0427613769868778
1.61 2.9937275047954515
1.62 2.943483902074445
1.63 2.89208015319376
1.64 2.839566987447492
1.65 2.785996228990241
1.66 2.731420745692929
1.67 2.675894396968592
1.68 2.619471980619644
1.69 2.5622091787590597
1.7 2.504162502858854
1.71 2.445389237980081
1.72 2.385947386239393
1.73 2.325895609567957
1.74 2.265293171819208
1.75 2.2041998802825837
1.76 2.1426760266609475
1.77 2.08078232756996
1.78 2.018579864618107
1.79 1.956130024126527
1.8 1.8934944365481252
1.81 1.8307349156457549
1.82 1.7679133974894983
1.83 1.7050918793332417
1.84 1.6423323584308718
1.85 1.5796967708524696
1.86 1.5172469303608898
1.87 1.4550444674090368
1.88 1.393150768318049
1.89 1.3316269146964133
1.9 1.2705336231597888
1.91 1.20993118541104
1.92 1.1498794087396034
1.93 1.0904375569989155
1.94 1.0316642921201424
1.95 0.9736176162199371
1.96 0.916354814359353
1.97 0.8599323980104048
1.98 0.8044060492860677
0.67 0.791013359671755
0.68 0.846539708396092
0.69 0.9029621247450402
0.7 0.9602249266056244
0.71 1.0182716025058298
0.72 1.077044867384603
0.73 1.1364867191252908
0.74 1.196538495796727
0.75 1.2571409335454762
0.76 1.3182342250821004
0.77 1.3797580787037365
0.78 1.441651777794724
0.79 1.5038542407465771
0.8 1.566304081238157
0.81 1.628939668816559
0.82 1.691699189718929
0.83 1.7545207078751857
0.84 1.8173422260314422
0.85 1.8801017469338124
0.86 1.9427373345122143
0.87 2.005187175003794
0.88 2.0673896379556473
0.89 2.129283337046635
0.9 2.190807190668271
0.91 2.251900482204895
0.92 2.312502919953644
0.93 2.3725546966250803
0.94 2.4319965483657686
0.95 2.4907698132445413
0.96 2.548816489144747
0.97 2.606079291005331
0.98 2.6625017073542794
0.99 2.7180280560786163
1 2.772603539375928
1.01 2.826174297833179
1.02 2.878687463579447
1.03 2.930091212460132
1.04 2.9803348151811386
1.05 3.029368687372565
1.06 3.077144438522489
1.07 3.123614919732563
1.08 3.1687342702482804
1.09 3.212457962718009
1.1 3.2547428471361046
1.11 3.2955471934267644
1.12 3.3348307326265667
1.13 3.3725546966250803
1.14 3.4086818564243093
1.15 3.443176558879216
1.16 3.4760047618830727
1.17 3.507134067962913
1.18 3.5365337562519215
1.19 3.5641748128072246
1.2 3.590029959243148
1.21 3.6140736796516886
1.22 3.6362822457836366
1.23 3.6566337404654927
1.24 3.675108079229072
1.25 3.6916870301324476
1.26 3.7063542317526803
1.27 3.719095209332563
1.28 3.729897389065461
1.29 3.7387501105041414
1.3 3.7456446370813454
1.31 3.750574164731729
1.32 3.753533828606649
1.33 3.7545207078751854
1.34 3.753533828606649
1.35 3.750574164731729
1.36 3.7456446370813454
1.37 3.7387501105041414
1.38 3.729897389065461
1.39 3.719095209332563
1.4 3.7063542317526803
1.41 3.6916870301324476
1.42 3.675108079229072
1.43 3.6566337404654927
1.44 3.6362822457836366
1.45 3.6140736796516886
1.46 3.590029959243148
1.47 3.5641748128072246
1.48 3.5365337562519215
1.49 3.507134067962913
1.5 3.4760047618830727
1.51 3.443176558879216
1.52 3.4086818564243093
1.53 3.3725546966250803
1.54 3.3348307326265667
1.55 3.2955471934267644
1.56 3.2547428471361046
1.57 3.212457962718009
1.58 3.1687342702482804
1.59 3.123614919732563
1.6 3.077144438522489
1.61 3.029368687372565
1.62 2.9803348151811386
1.63 2.930091212460132
1.64 2.878687463579447
1.65 2.826174297833179
1.66 2.772603539375928
1.67 2.7180280560786163
1.68 2.6625017073542794
1.69 2.606079291005331
1.7 2.548816489144747
1.71 2.4907698132445413
1.72 2.4319965483657686
1.73 2.3725546966250803
1.74 2.312502919953644
1.75 2.251900482204895
1.76 2.190807190668271
1.77 2.129283337046635
1.78 2.0673896379556473
1.79 2.005187175003794
1.8 1.9427373345122143
1.81 1.8801017469338124
1.82 1.8173422260314422
1.83 1.7545207078751857
1.84 1.691699189718929
1.85 1.628939668816559
1.86 1.566304081238157
1.87 1.5038542407465771
1.88 1.441651777794724
1.89 1.3797580787037365
1.9 1.3182342250821004
1.91 1.2571409335454762
1.92 1.196538495796727
1.93 1.1364867191252908
1.94 1.077044867384603
1.95 1.0182716025058298
1.96 0.9602249266056244
1.97 0.9029621247450402
1.98 0.846539708396092
1.99 0.791013359671755
0.68 0.7773694888474271
0.69 0.8328958375717641
0.7 0.8893182539207123
0.71 0.9465810557812965
0.72 1.0046277316815018
0.73 1.0634009965602749
0.74 1.1228428483009627
0.75 1.1828946249723993
0.76 1.2434970627211481
0.77 1.3045903542577726
0.78 1.3661142078794084
0.79 1.4280079069703961
0.8 1.490210369922249
0.81 1.552660210413829
0.82 1.615295797992231
0.83 1.678055318894601
0.84 1.7408768370508576
0.85 1.8036983552071142
0.86 1.8664578761094845
0.87 1.9290934636878863
0.88 1.9915433041794661
0.89 2.0537457671313195
0.9 2.115639466222307
0.91 2.177163319843943
0.92 2.2382566113805673
0.93 2.2988590491293164
0.94 2.3589108258007525
0.95 2.4183526775414403
0.96 2.4771259424202134
0.97 2.535172618320419
0.98 2.5924354201810034
0.99 2.6488578365299515
1 2.7043841852542885
1.01 2.7589596685516002
1.02 2.812530427008851
1.03 2.865043592755119
1.04 2.9164473416358043
1.05 2.966690944356811
1.06 3.015724816548237
1.07 3.0635005676981613
1.08 3.109971048908235
1.09 3.1550903994239525
1.1 3.198814091893681
1.11 3.241098976311777
1.12 3.2819033226024366
1.13 3.321186861802239
1.14 3.3589108258007525
1.15 3.3950379855999815
1.16 3.429532688054888
1.17 3.462360891058745
1.18 3.493490197138585
1.19 3.5228898854275936
1.2 3.5505309419828968
1.21 3.57638608841882
1.22 3.6004298088273607
1.23 3.6226383749593087
1.24 3.642989869641165
1.25 3.661464208404744
1.26 3.6780431593081198
1.27 3.6927103609283525
1.28 3.7054513385082353
1.29 3.716253518241133
1.3 3.7251062396798136
1.31 3.7320007662570176
1.32 3.736930293907401
1.33 3.7398899577823213
1.34 3.7408768370508576
1.35 3.7398899577823213
1.36 3.736930293907401
1.37 3.7320007662570176
1.38 3.7251062396798136
1.39 3.716253518241133
1.4 3.7054513385082353
1.41 3.6927103609283525
1.42 3.6780431593081198
1.43 3.661464208404744
1.44 3.642989869641165
1.45 3.6226383749593087
1.46 3.6004298088273607
1.47 3.57638608841882
1.48 3.5505309419828968
1.49 3.5228898854275936
1.5 3.493490197138585
1.51 3.462360891058745
1.52 3.429532688054888
1.53 3.3950379855999815
1.54 3.3589108258007525
1.55 3.321186861802239
1.56 3.2819033226024366
1.57 3.241098976311777
1.58 3.198814091893681
1.59 3.1550903994239525
1.6 3.109971048908235
1.61 3.0635005676981613
1.62 3.015724816548237
1.63 2.966690944356811
1.64 2.9164473416358043
1.65 2.865043592755119
1.66 2.812530427008851
1.67 2.7589596685516002
1.68 2.7043841852542885
1.69 2.6488578365299515
1.7 2.5924354201810034
1.71 2.535172618320419
1.72 2.4771259424202134
1.73 2.4183526775414403
1.74 2.3589108258007525
1.75 2.2988590491293164
1.76 2.2382566113805673
1.77 2.177163319843943
1.78 2.115639466222307
1.79 2.0537457671313195
1.8 1.9915433041794661
1.81 1.9290934636878863
1.82 1.8664578761094845
1.83 1.8036983552071142
1.84 1.7408768370508576
1.85 1.678055318894601
1.86 1.615295797992231
1.87 1.552660210413829
1.88 1.490210369922249
1.89 1.4280079069703961
1.9 1.3661142078794084
1.91 1.3045903542577726
1.92 1.2434970627211481
1.93 1.1828946249723993
1.94 1.1228428483009627
1.95 1.0634009965602749
1.96 1.0046277316815018
1.97 0.9465810557812965
1.98 0.8893182539207123
1.99 0.8328958375717641
0 0.7773694888474271
0.69 0.7634879016663427
0.7 0.8190142503906798
0.71 0.8754366667396279
0.72 0.9326994686002121
0.73 0.9907461445004175
0.74 1.0495194093791906
0.75 1.1089612611198785
0.76 1.1690130377913148
0.77 1.2296154755400637
0.78 1.2907087670766884
0.79 1.3522326206983242
0.8 1.4141263197893117
0.81 1.4763287827411649
0.82 1.5387786232327447
0.83 1.6014142108111467
0.84 1.6641737317135168
0.85 1.7269952498697734
0.86 1.78981676802603
0.87 1.8525762889284
0.88 1.915211876506802
0.89 1.977661716998382
0.9 2.039864179950235
0.91 2.1017578790412226
0.92 2.163281732662859
0.93 2.2243750241994826
0.94 2.284977461948232
0.95 2.3450292386196683
0.96 2.404471090360356
0.97 2.463244355239129
0.98 2.5212910311393344
0.99 2.578553832999919
1 2.634976249348867
1.01 2.690502598073204
1.02 2.745078081370516
1.03 2.7986488398277665
1.04 2.851162005574035
1.05 2.90256575445472
1.06 2.9528093571757266
1.07 3.001843229367153
1.08 3.049618980517077
1.09 3.096089461727151
1.1 3.1412088122428683
1.11 3.184932504712597
1.12 3.2272173891306926
1.13 3.2680217354213523
1.14 3.3073052746211546
1.15 3.3450292386196683
1.16 3.381156398418897
1.17 3.415651100873804
1.18 3.4484793038776607
1.19 3.4796086099575003
1.2 3.509008298246509
1.21 3.5366493548018125
1.22 3.5625045012377354
1.23 3.586548221646276
1.24 3.6087567877782245
1.25 3.6291082824600807
1.26 3.64758262122366
1.27 3.6641615721270355
1.28 3.6788287737472682
1.29 3.691569751327151
1.3 3.702371931060049
1.31 3.7112246524987293
1.32 3.7181191790759334
1.33 3.723048706726317
1.34 3.726008370601237
1.35 3.7269952498697734
1.36 3.726008370601237
1.37 3.723048706726317
1.38 3.7181191790759334
1.39 3.7112246524987293
1.4 3.702371931060049
1.41 3.691569751327151
1.42 3.6788287737472682
1.43 3.6641615721270355
1.44 3.64758262122366
1.45 3.6291082824600807
1.46 3.6087567877782245
1.47 3.586548221646276
1.48 3.5625045012377354
1.49 3.5366493548018125
1.5 3.509008298246509
1.51 3.4796086099575003
1.52 3.4484793038776607
1.53 3.415651100873804
1.54 3.381156398418897
1.55 3.3450292386196683
1.56 3.3073052746211546
1.57 3.2680217354213523
1.58 3.2272173891306926
1.59 3.184932504712597
1.6 3.1412088122428683
1.61 3.096089461727151
1.62 3.049618980517077
1.63 3.001843229367153
1.64 2.9528093571757266
1.65 2.90256575445472
1.66 2.851162005574035
1.67 2.7986488398277665
1.68 2.745078081370516
1.69 2.690502598073204
1.7 2.634976249348867
1.71 2.578553832999919
1.72 2.5212910311393344
1.73 2.463244355239129
1.74 2.404471090360356
1.75 2.3450292386196683
1.76 2.284977461948232
1.77 2.2243750241994826
1.78 2.163281732662859
1.79 2.1017578790412226
1.8 2.039864179950235
1.81 1.977661716998382
1.82 1.915211876506802
1.83 1.8525762889284
1.84 1.78981676802603
1.85 1.7269952498697734
1.86 1.6641737317135168
1.87 1.6014142108111467
1.88 1.5387786232327447
1.89 1.4763287827411649
1.9 1.4141263197893117
1.91 1.3522326206983242
1.92 1.2907087670766884
1.93 1.2296154755400637
1.94 1.1690130377913148
1.95 1.1089612611198785
1.96 1.0495194093791906
1.97 0.9907461445004175
1.98 0.9326994686002121
1.99 0.8754366667396279
0 0.8190142503906798
0.01 0.7634879016663427
0.7 0.7493822975791058
0.71 0.8049086463034428
0.72 0.861331062652391
0.73 0.9185938645129752
0.74 0.9766405404131806
0.75 1.0354138052919537
0.76 1.0948556570326415
0.77 1.154907433704078
0.78 1.2155098714528267
0.79 1.2766031629894514
0.8 1.3381270166110872
0.81 1.4000207157020748
0.82 1.462223178653928
0.83 1.5246730191455078
0.84 1.5873086067239097
0.85 1.6500681276262799
0.86 1.7128896457825364
0.87 1.775711163938793
0.88 1.8384706848411632
0.89 1.901106272419565
0.9 1.963556112911145
0.91 2.025758575862998
0.92 2.0876522749539856
0.93 2.149176128575622
0.94 2.2102694201122457
0.95 2.270871857860995
0.96 2.3309236345324313
0.97 2.390365486273119
0.98 2.4491387511518923
0.99 2.5071854270520975
1 2.564448228912682
1.01 2.62087064526163
1.02 2.676396993985967
1.03 2.730972477283279
1.04 2.7845432357405295
1.05 2.837056401486798
1.06 2.888460150367483
1.07 2.9387037530884896
1.08 2.987737625279916
1.09 3.03551337642984
1.1 3.081983857639914
1.11 3.1271032081556314
1.12 3.17082690062536
1.13 3.2131117850434556
1.14 3.2539161313341154
1.15 3.2931996705339177
1.16 3.3309236345324313
1.17 3.36705079433166
1.18 3.401545496786567
1.19 3.4343736997904237
1.2 3.4655030058702634
1.21 3.494902694159272
1.22 3.5225437507145756
1.23 3.5483988971504985
1.24 3.572442617559039
1.25 3.5946511836909876
1.26 3.6150026783728437
1.27 3.633477017136423
1.28 3.6500559680397986
1.29 3.6647231696600313
1.3 3.677464147239914
1.31 3.688266326972812
1.32 3.6971190484114924
1.33 3.7040135749886964
1.34 3.70894310263908
1.35 3.711902766514
1.36 3.7128896457825364
1.37 3.711902766514
1.38 3.70894310263908
1.39 3.7040135749886964
1.4 3.6971190484114924
1.41 3.688266326972812
1.42 3.677464147239914
1.43 3.6647231696600313
1.44 3.6500559680397986
1.45 3.633477017136423
1.46 3.6150026783728437
1.47 3.5946511836909876
1.48 3.572442617559039
1.49 3.5483988971504985
1.5 3.5225437507145756
1.51 3.494902694159272
1.52 3.4655030058702634
1.53 3.4343736997904237
1.54 3.401545496786567
1.55 3.36705079433166
1.56 3.3309236345324313
1.57 3.2931996705339177
1.58 3.2539161313341154
1.59 3.2131117850434556
1.6 3.17082690062536
1.61 3.1271032081556314
1.62 3.081983857639914
1.63 3.03551337642984
1.64 2.987737625279916
1.65 2.9387037530884896
1.66 2.888460150367483
1.67 2.837056401486798
1.68 2.7845432357405295
1.69 2.730972477283279
1.7 2.676396993985967
1.71 2.62087064526163
1.72 2.564448228912682
1.73 2.5071854270520975
1.74 2.4491387511518923
1.75 2.390365486273119
1.76 2.3309236345324313
1.77 2.270871857860995
1.78 2.2102694201122457
1.79 2.149176128575622
1.8 2.0876522749539856
1.81 2.025758575862998
1.82 1.963556112911145
1.83 1.901106272419565
1.84 1.8384706848411632
1.85 1.775711163938793
1.86 1.7128896457825364
1.87 1.6500681276262799
1.88 1.5873086067239097
1.89 1.5246730191455078
1.9 1.462223178653928
1.91 1.4000207157020748
1.92 1.3381270166110872
1.93 1.2766031629894514
1.94 1.2155098714528267
1.95 1.154907433704078
1.96 1.0948556570326415
1.97 1.0354138052919537
1.98 0.9766405404131806
1.99 0.9185938645129752
0 0.861331062652391
0.01 0.8049086463034428
0.02 0.7493822975791058
0.71 0.7350665971139597
0.72 0.7905929458382968
0.73 0.8470153621872449
0.74 0.9042781640478291
0.75 0.9623248399480345
0.76 1.0210981048268075
0.77 1.0805399565674954
0.78 1.140591733238932
0.79 1.2011941709876808
0.8 1.2622874625243052
0.81 1.323811316145941
0.82 1.3857050152369288
0.83 1.4479074781887817
0.84 1.5103573186803616
0.85 1.5729929062587638
0.86 1.6357524271611337
0.87 1.6985739453173903
0.88 1.7613954634736468
0.89 1.8241549843760172
0.9 1.886790571954419
0.91 1.9492404124459988
0.92 2.011442875397852
0.93 2.0733365744888395
0.94 2.1348604281104757
0.95 2.1959537196471
0.96 2.256556157395849
0.97 2.316607934067285
0.98 2.376049785807973
0.99 2.434823050686746
1 2.4928697265869517
1.01 2.550132528447536
1.02 2.606554944796484
1.03 2.662081293520821
1.04 2.716656776818133
1.05 2.770227535275384
1.06 2.822740701021652
1.07 2.874144449902337
1.08 2.9243880526233434
1.09 2.9734219248147697
1.1 3.021197675964694
1.11 3.0676681571747677
1.12 3.112787507690485
1.13 3.156511200160214
1.14 3.1987960845783094
1.15 3.239600430868969
1.16 3.2788839700687715
1.17 3.316607934067285
1.18 3.352735093866514
1.19 3.387229796321421
1.2 3.4200579993252775
1.21 3.4511873054051176
1.22 3.4805869936941263
1.23 3.5082280502494294
1.24 3.5340831966853528
1.25 3.5581269170938934
1.26 3.5803354832258414
1.27 3.6006869779076975
1.28 3.619161316671277
1.29 3.6357402675746524
1.3 3.650407469194885
1.31 3.663148446774768
1.32 3.673950626507666
1.33 3.6828033479463462
1.34 3.6896978745235502
1.35 3.694627402173934
1.36 3.697587066048854
1.37 3.6985739453173903
1.38 3.697587066048854
1.39 3.694627402173934
1.4 3.6896978745235502
1.41 3.6828033479463462
1.42 3.673950626507666
1.43 3.663148446774768
1.44 3.650407469194885
1.45 3.6357402675746524
1.46 3.619161316671277
1.47 3.6006869779076975
1.48 3.5803354832258414
1.49 3.5581269170938934
1.5 3.5340831966853528
1.51 3.5082280502494294
1.52 3.4805869936941263
1.53 3.4511873054051176
1.54 3.4200579993252775
1.55 3.387229796321421
1.56 3.352735093866514
1.57 3.316607934067285
1.58 3.2788839700687715
1.59 3.239600430868969
1.6 3.1987960845783094
1.61 3.156511200160214
1.62 3.112787507690485
1.63 3.0676681571747677
1.64 3.021197675964694
1.65 2.9734219248147697
1.66 2.9243880526233434
1.67 2.874144449902337
1.68 2.822740701021652
1.69 2.770227535275384
1.7 2.716656776818133
1.71 2.662081293520821
1.72 2.606554944796484
1.73 2.550132528447536
1.74 2.4928697265869517
1.75 2.434823050686746
1.76 2.376049785807973
1.77 2.316607934067285
1.78 2.256556157395849
1.79 2.1959537196471
1.8 2.1348604281104757
1.81 2.0733365744888395
1.82 2.011442875397852
1.83 1.9492404124459988
1.84 1.886790571954419
1.85 1.8241549843760172
1.86 1.7613954634736468
1.87 1.6985739453173903
1.88 1.6357524271611337
1.89 1.5729929062587638
1.9 1.5103573186803616
1.91 1.4479074781887817
1.92 1.3857050152369288
1.93 1.323811316145941
1.94 1.2622874625243052
1.95 1.2011941709876808
1.96 1.140591733238932
1.97 1.0805399565674954
1.98 1.0210981048268075
1.99 0.9623248399480345
0 0.9042781640478291
0.01 0.8470153621872449
0.02 0.7905929458382968
0.03 0.7350665971139597
0.72 0.7205549281389083
0.73 0.7760812768632454
0.74 0.8325036932121935
0.75 0.8897664950727777
0.76 0.9478131709729831
0.77 1.0065864358517562
0.78 1.066028287592444
0.79 1.1260800642638804
0.8 1.1866825020126295
0.81 1.2477757935492537
0.82 1.3092996471708898
0.83 1.3711933462618773
0.84 1.4333958092137304
0.85 1.4958456497053103
0.86 1.5584812372837122
0.87 1.6212407581860824
0.88 1.684062276342339
0.89 1.7468837944985955
0.9 1.8096433154009657
0.91 1.8722789029793676
0.92 1.9347287434709475
0.93 1.9969312064228006
0.94 2.058824905513788
0.95 2.120348759135424
0.96 2.1814420506720484
0.97 2.2420444884207975
0.98 2.302096265092234
0.99 2.3615381168329215
1 2.420311381711695
1.01 2.4783580576119
1.02 2.5356208594724845
1.03 2.5920432758214327
1.04 2.6475696245457696
1.05 2.7021451078430814
1.06 2.7557158663003323
1.07 2.8082290320466003
1.08 2.8596327809272855
1.09 2.909876383648292
1.1 2.9589102558397182
1.11 3.0066860069896424
1.12 3.053156488199716
1.13 3.0982758387154337
1.14 3.1419995311851623
1.15 3.184284415603258
1.16 3.2250887618939177
1.17 3.26437230109372
1.18 3.3020962650922336
1.19 3.3382234248914626
1.2 3.3727181273463693
1.21 3.405546330350226
1.22 3.436675636430066
1.23 3.4660753247190748
1.24 3.493716381274378
1.25 3.5195715277103012
1.26 3.543615248118842
1.27 3.56582381425079
1.28 3.586175308932646
1.29 3.6046496476962253
1.3 3.621228598599601
1.31 3.6358958002198336
1.32 3.6486367777997164
1.33 3.6594389575326143
1.34 3.6682916789712947
1.35 3.6751862055484987
1.36 3.6801157331988823
1.37 3.6830753970738024
1.38 3.6840622763423387
1.39 3.6830753970738024
1.4 3.6801157331988823
1.41 3.6751862055484987
1.42 3.6682916789712947
1.43 3.6594389575326143
1.44 3.6486367777997164
1.45 3.6358958002198336
1.46 3.621228598599601
1.47 3.6046496476962253
1.48 3.586175308932646
1.49 3.56582381425079
1.5 3.543615248118842
1.51 3.5195715277103012
1.52 3.493716381274378
1.53 3.4660753247190748
1.54 3.436675636430066
1.55 3.405546330350226
1.56 3.3727181273463693
1.57 3.3382234248914626
1.58 3.3020962650922336
1.59 3.26437230109372
1.6 3.2250887618939177
1.61 3.184284415603258
1.62 3.1419995311851623
1.63 3.0982758387154337
1.64 3.053156488199716
1.65 3.0066860069896424
1.66 2.9589102558397182
1.67 2.909876383648292
1.68 2.8596327809272855
1.69 2.8082290320466003
1.7 2.7557158663003323
1.71 2.7021451078430814
1.72 2.6475696245457696
1.73 2.5920432758214327
1.74 2.5356208594724845
1.75 2.4783580576119
1.76 2.420311381711695
1.77 2.3615381168329215
1.78 2.302096265092234
1.79 2.2420444884207975
1.8 2.1814420506720484
1.81 2.120348759135424
1.82 2.058824905513788
1.83 1.9969312064228006
1.84 1.9347287434709475
1.85 1.8722789029793676
1.86 1.8096433154009657
1.87 1.7468837944985955
1.88 1.684062276342339
1.89 1.6212407581860824
1.9 1.5584812372837122
1.91 1.4958456497053103
1.92 1.4333958092137304
1.93 1.3711933462618773
1.94 1.3092996471708898
1.95 1.2477757935492537
1.96 1.1866825020126295
1.97 1.1260800642638804
1.98 1.066028287592444
1.99 1.0065864358517562
0 0.9478131709729831
0.01 0.8897664950727777
0.02 0.8325036932121935
0.03 0.7760812768632454
0.04 0.7205549281389083
0.73 0.7058616119192151
0.74 0.7613879606435522
0.75 0.8178103769925004
0.76 0.8750731788530846
0.77 0.93311985475329
0.78 0.9918931196320631
0.79 1.051334971372751
0.8 1.1113867480441872
0.81 1.171989185792936
0.82 1.2330824773295608
0.83 1.2946063309511966
0.84 1.3565000300421841
0.85 1.4187024929940373
0.86 1.4811523334856171
0.87 1.543787921064019
0.88 1.6065474419663892
0.89 1.6693689601226458
0.9 1.7321904782789024
0.91 1.7949499991812725
0.92 1.8575855867596744
0.93 1.9200354272512543
0.94 1.9822378902031075
0.95 2.044131589294095
0.96 2.1056554429157313
0.97 2.166748734452355
0.98 2.2273511722011046
0.99 2.2874029488725407
1 2.3468448006132285
1.01 2.4056180654920016
1.02 2.463664741392207
1.03 2.5209275432527916
1.04 2.5773499596017393
1.05 2.632876308326076
1.06 2.6874517916233884
1.07 2.741022550080639
1.08 2.7935357158269074
1.09 2.8449394647075925
1.1 2.895183067428599
1.11 2.9442169396200253
1.12 2.9919926907699494
1.13 3.0384631719800232
1.14 3.0835825224957407
1.15 3.1273062149654693
1.16 3.169591099383565
1.17 3.2103954456742247
1.18 3.249678984874027
1.19 3.2874029488725407
1.2 3.3235301086717692
1.21 3.3580248111266764
1.22 3.390853014130533
1.23 3.4219823202103727
1.24 3.4513820084993814
1.25 3.479023065054685
1.26 3.504878211490608
1.27 3.5289219318991485
1.28 3.551130498031097
1.29 3.571481992712953
1.3 3.5899563314765324
1.31 3.606535282379908
1.32 3.6212024840001407
1.33 3.6339434615800235
1.34 3.6447456413129213
1.35 3.6535983627516018
1.36 3.660492889328806
1.37 3.6654224169791894
1.38 3.6683820808541094
1.39 3.669368960122646
1.4 3.6683820808541094
1.41 3.6654224169791894
1.42 3.660492889328806
1.43 3.6535983627516018
1.44 3.6447456413129213
1.45 3.6339434615800235
1.46 3.6212024840001407
1.47 3.606535282379908
1.48 3.5899563314765324
1.49 3.571481992712953
1.5 3.551130498031097
1.51 3.5289219318991485
1.52 3.504878211490608
1.53 3.479023065054685
1.54 3.4513820084993814
1.55 3.4219823202103727
1.56 3.390853014130533
1.57 3.3580248111266764
1.58 3.3235301086717692
1.59 3.2874029488725407
1.6 3.249678984874027
1.61 3.2103954456742247
1.62 3.169591099383565
1.63 3.1273062149654693
1.64 3.0835825224957407
1.65 3.0384631719800232
1.66 2.9919926907699494
1.67 2.9442169396200253
1.68 2.895183067428599
1.69 2.8449394647075925
1.7 2.7935357158269074
1.71 2.741022550080639
1.72 2.6874517916233884
1.73 2.632876308326076
1.74 2.5773499596017393
1.75 2.5209275432527916
1.76 2.463664741392207
1.77 2.4056180654920016
1.78 2.3468448006132285
1.79 2.2874029488725407
1.8 2.2273511722011046
1.81 2.166748734452355
1.82 2.1056554429157313
1.83 2.044131589294095
1.84 1.9822378902031075
1.85 1.9200354272512543
1.86 1.8575855867596744
1.87 1.7949499991812725
1.88 1.7321904782789024
1.89 1.6693689601226458
1.9 1.6065474419663892
1.91 1.543787921064019
1.92 1.4811523334856171
1.93 1.4187024929940373
1.94 1.3565000300421841
1.95 1.2946063309511966
1.96 1.2330824773295608
1.97 1.171989185792936
1.98 1.1113867480441872
1.99 1.051334971372751
0 0.9918931196320631
0.01 0.93311985475329
0.02 0.8750731788530846
0.03 0.8178103769925004
0.04 0.7613879606435522
0.05 0.7058616119192151
0.74 0.6910011489840431
0.75 0.7465274977083801
0.76 0.8029499140573283
0.77 0.8602127159179125
0.78 0.9182593918181179
0.79 0.977032656696891
0.8 1.0364745084375788
0.81 1.0965262851090152
0.82 1.157128722857764
0.83 1.2182220143943887
0.84 1.2797458680160245
0.85 1.341639567107012
0.86 1.4038420300588652
0.87 1.466291870550445
0.88 1.528927458128847
0.89 1.5916869790312171
0.9 1.6545084971874737
0.91 1.7173300153437303
0.92 1.7800895362461004
0.93 1.8427251238245024
0.94 1.9051749643160822
0.95 1.9673774272679354
0.96 2.029271126358923
0.97 2.0907949799805587
0.98 2.1518882715171834
0.99 2.212490709265932
1 2.2725424859373686
1.01 2.3319843376780565
1.02 2.3907576025568296
1.03 2.448804278457035
1.04 2.506067080317619
1.05 2.5624894966665677
1.06 2.6180158453909046
1.07 2.672591328688216
1.08 2.7261620871454673
1.09 2.778675252891735
1.1 2.83007900177242
1.11 2.8803226044934265
1.12 2.9293564766848528
1.13 2.977132227834777
1.14 3.0236027090448507
1.15 3.068722059560568
1.16 3.112445752030297
1.17 3.1547306364483925
1.18 3.1955349827390522
1.19 3.2348185219388546
1.2 3.272542485937368
1.21 3.3086696457365976
1.22 3.343164348191504
1.23 3.3759925511953606
1.24 3.407121857275201
1.25 3.4365215455642097
1.26 3.4641626021195124
1.27 3.4900177485554362
1.28 3.514061468963977
1.29 3.5362700350959244
1.3 3.5566215297777806
1.31 3.57509586854136
1.32 3.5916748194447354
1.33 3.606342021064968
1.34 3.619082998644851
1.35 3.629885178377749
1.36 3.6387378998164293
1.37 3.6456324263936333
1.38 3.650561954044017
1.39 3.653521617918937
1.4 3.6545084971874733
1.41 3.653521617918937
1.42 3.650561954044017
1.43 3.6456324263936333
1.44 3.6387378998164293
1.45 3.629885178377749
1.46 3.619082998644851
1.47 3.606342021064968
1.48 3.5916748194447354
1.49 3.57509586854136
1.5 3.5566215297777806
1.51 3.5362700350959244
1.52 3.514061468963977
1.53 3.4900177485554362
1.54 3.4641626021195124
1.55 3.4365215455642097
1.56 3.407121857275201
1.57 3.3759925511953606
1.58 3.343164348191504
1.59 3.3086696457365976
1.6 3.272542485937368
1.61 3.2348185219388546
1.62 3.1955349827390522
1.63 3.1547306364483925
1.64 3.112445752030297
1.65 3.068722059560568
1.66 3.0236027090448507
1.67 2.977132227834777
1.68 2.9293564766848528
1.69 2.8803226044934265
1.7 2.83007900177242
1.71 2.778675252891735
1.72 2.7261620871454673
1.73 2.672591328688216
1.74 2.6180158453909046
1.75 2.5624894966665677
1.76 2.506067080317619
1.77 2.448804278457035
1.78 2.3907576025568296
1.79 2.3319843376780565
1.8 2.2725424859373686
1.81 2.212490709265932
1.82 2.1518882715171834
1.83 2.0907949799805587
1.84 2.029271126358923
1.85 1.9673774272679354
1.86 1.9051749643160822
1.87 1.8427251238245024
1.88 1.7800895362461004
1.89 1.7173300153437303
1.9 1.6545084971874737
1.91 1.5916869790312171
1.92 1.528927458128847
1.93 1.466291870550445
1.94 1.4038420300588652
1.95 1.341639567107012
1.96 1.2797458680160245
1.97 1.2182220143943887
1.98 1.157128722857764
1.99 1.0965262851090152
0 1.0364745084375788
0.01 0.977032656696891
0.02 0.9182593918181179
0.03 0.8602127159179125
0.04 0.8029499140573283
0.05 0.7465274977083801
0.06 0.6910011489840431
0.75 0.675988204816184
0.76 0.7315145535405211
0.77 0.7879369698894693
0.78 0.8451997717500535
0.79 0.9032464476502589
0.8 0.962019712529032
0.81 1.0214615642697198
0.82 1.0815133409411561
0.83 1.142115778689905
0.84 1.2032090702265297
0.85 1.2647329238481655
0.86 1.326626622939153
0.87 1.3888290858910062
0.88 1.451278926382586
0.89 1.513914513960988
0.9 1.576674034863358
0.91 1.6394955530196147
0.92 1.7023170711758713
0.93 1.7650765920782414
0.94 1.8277121796566433
0.95 1.8901620201482232
0.96 1.9523644831000764
0.97 2.014258182191064
0.98 2.0757820358126997
0.99 2.1368753273493244
1 2.197477765098073
1.01 2.2575295417695096
1.02 2.3169713935101974
1.03 2.3757446583889705
1.04 2.433791334289176
1.05 2.49105413614976
1.06 2.5474765524987086
1.07 2.6030029012230456
1.08 2.657578384520357
1.09 2.7111491429776082
1.1 2.763662308723876
1.11 2.815066057604561
1.12 2.8653096603255674
1.13 2.9143435325169937
1.14 2.962119283666918
1.15 3.0085897648769917
1.16 3.053709115392709
1.17 3.097432807862438
1.18 3.1397176922805334
1.19 3.180522038571193
1.2 3.2198055777709955
1.21 3.257529541769509
1.22 3.2936567015687386
1.23 3.328151404023645
1.24 3.3609796070275015
1.25 3.392108913107342
1.26 3.4215086013963507
1.27 3.4491496579516534
1.28 3.475004804387577
1.29 3.499048524796118
1.3 3.5212570909280654
1.31 3.5416085856099215
1.32 3.560082924373501
1.33 3.5766618752768764
1.34 3.591329076897109
1.35 3.604070054476992
1.36 3.61487223420989
1.37 3.6237249556485702
1.38 3.6306194822257742
1.39 3.635549009876158
1.4 3.638508673751078
1.41 3.6394955530196142
1.42 3.638508673751078
1.43 3.635549009876158
1.44 3.6306194822257742
1.45 3.6237249556485702
1.46 3.61487223420989
1.47 3.604070054476992
1.48 3.591329076897109
1.49 3.5766618752768764
1.5 3.560082924373501
1.51 3.5416085856099215
1.52 3.5212570909280654
1.53 3.499048524796118
1.54 3.475004804387577
1.55 3.4491496579516534
1.56 3.4215086013963507
1.57 3.392108913107342
1.58 3.3609796070275015
1.59 3.328151404023645
1.6 3.2936567015687386
1.61 3.257529541769509
1.62 3.2198055777709955
1.63 3.180522038571193
1.64 3.1397176922805334
1.65 3.097432807862438
1.66 3.053709115392709
1.67 3.0085897648769917
1.68 2.962119283666918
1.69 2.9143435325169937
1.7 2.8653096603255674
1.71 2.815066057604561
1.72 2.763662308723876
1.73 2.7111491429776082
1.74 2.657578384520357
1.75 2.6030029012230456
1.76 2.5474765524987086
1.77 2.49105413614976
1.78 2.433791334289176
1.79 2.3757446583889705
1.8 2.3169713935101974
1.81 2.2575295417695096
1.82 2.197477765098073
1.83 2.1368753273493244
1.84 2.0757820358126997
1.85 2.014258182191064
1.86 1.9523644831000764
1.87 1.8901620201482232
1.88 1.8277121796566433
1.89 1.7650765920782414
1.9 1.7023170711758713
1.91 1.6394955530196147
1.92 1.576674034863358
1.93 1.513914513960988
1.94 1.451278926382586
1.95 1.3888290858910062
1.96 1.326626622939153
1.97 1.2647329238481655
1.98 1.2032090702265297
1.99 1.142115778689905
0 1.0815133409411561
0.01 1.0214615642697198
0.02 0.962019712529032
0.03 0.9032464476502589
0.04 0.8451997717500535
0.05 0.7879369698894693
0.06 0.7315145535405211
0.07 0.675988204816184
0.76 0.6608375953789969
0.77 0.7163639441033339
0.78 0.7727863604522821
0.79 0.8300491623128663
0.8 0.8880958382130717
0.81 0.9468691030918448
0.82 1.0063109548325326
0.83 1.066362731503969
0.84 1.1269651692527178
0.85 1.1880584607893425
0.86 1.2495823144109783
0.87 1.3114760135019659
0.88 1.373678476453819
0.89 1.4361283169453989
0.9 1.4987639045238008
0.91 1.561523425426171
0.92 1.6243449435824275
0.93 1.6871664617386841
0.94 1.7499259826410543
0.95 1.8125615702194562
0.96 1.875011410711036
0.97 1.9372138736628892
0.98 1.9991075727538767
0.99 2.0606314263755126
1 2.1217247179121372
1.01 2.182327155660886
1.02 2.2423789323323224
1.03 2.3018207840730103
1.04 2.3605940489517834
1.05 2.418640724851989
1.06 2.475903526712573
1.07 2.5323259430615215
1.08 2.5878522917858584
1.09 2.6424277750831697
1.1 2.695998533540421
1.11 2.7485116992866887
1.12 2.799915448167374
1.13 2.8501590508883803
1.14 2.8991929230798066
1.15 2.9469686742297307
1.16 2.9934391554398045
1.17 3.038558505955522
1.18 3.0822821984252506
1.19 3.1245670828433463
1.2 3.165371429134006
1.21 3.2046549683338084
1.22 3.242378932332322
1.23 3.2785060921315514
1.24 3.3130007945864577
1.25 3.3458289975903144
1.26 3.376958303670155
1.27 3.4063579919591636
1.28 3.4339990485144662
1.29 3.45985419495039
1.3 3.4838979153589307
1.31 3.5061064814908782
1.32 3.5264579761727344
1.33 3.5449323149363137
1.34 3.5615112658396892
1.35 3.576178467459922
1.36 3.5889194450398048
1.37 3.5997216247727026
1.38 3.608574346211383
1.39 3.615468872788587
1.4 3.6203984004389707
1.41 3.6233580643138907
1.42 3.624344943582427
1.43 3.6233580643138907
1.44 3.6203984004389707
1.45 3.615468872788587
1.46 3.608574346211383
1.47 3.5997216247727026
1.48 3.5889194450398048
1.49 3.576178467459922
1.5 3.5615112658396892
1.51 3.5449323149363137
1.52 3.5264579761727344
1.53 3.5061064814908782
1.54 3.4838979153589307
1.55 3.45985419495039
1.56 3.4339990485144662
1.57 3.4063579919591636
1.58 3.376958303670155
1.59 3.3458289975903144
1.6 3.3130007945864577
1.61 3.2785060921315514
1.62 3.242378932332322
1.63 3.2046549683338084
1.64 3.165371429134006
1.65 3.1245670828433463
1.66 3.0822821984252506
1.67 3.038558505955522
1.68 2.9934391554398045
1.69 2.9469686742297307
1.7 2.8991929230798066
1.71 2.8501590508883803
1.72 2.799915448167374
1.73 2.7485116992866887
1.74 2.695998533540421
1.75 2.6424277750831697
1.76 2.5878522917858584
1.77 2.5323259430615215
1.78 2.475903526712573
1.79 2.418640724851989
1.8 2.3605940489517834
1.81 2.3018207840730103
1.82 2.2423789323323224
1.83 2.182327155660886
1.84 2.1217247179121372
1.85 2.0606314263755126
1.86 1.9991075727538767
1.87 1.9372138736628892
1.88 1.875011410711036
1.89 1.8125615702194562
1.9 1.7499259826410543
1.91 1.6871664617386841
1.92 1.6243449435824275
1.93 1.561523425426171
1.94 1.4987639045238008
1.95 1.4361283169453989
1.96 1.373678476453819
1.97 1.3114760135019659
1.98 1.2495823144109783
1.99 1.1880584607893425
0 1.1269651692527178
0.01 1.066362731503969
0.02 1.0063109548325326
0.03 0.9468691030918448
0.04 0.8880958382130717
0.05 0.8300491623128663
0.06 0.7727863604522821
0.07 0.7163639441033339
0.08 0.6608375953789969
0.77 0.6455642724948407
0.78 0.7010906212191778
0.79 0.7575130375681259
0.8 0.8147758394287101
0.81 0.8728225153289155
0.82 0.9315957802076886
0.83 0.9910376319483765
0.84 1.0510894086198128
0.85 1.1116918463685619
0.86 1.1727851379051861
0.87 1.2343089915268222
0.88 1.2962026906178097
0.89 1.3584051535696628
0.9 1.4208549940612427
0.91 1.4834905816396446
0.92 1.5462501025420148
0.93 1.6090716206982714
0.94 1.671893138854528
0.95 1.734652659756898
0.96 1.7972882473353
0.97 1.8597380878268799
0.98 1.921940550778733
0.99 1.9838342498697206
1 2.0453581034913566
1.01 2.106451395027981
1.02 2.16705383277673
1.03 2.2271056094481665
1.04 2.286547461188854
1.05 2.3453207260676274
1.06 2.4033674019678326
1.07 2.460630203828417
1.08 2.517052620177365
1.09 2.572578968901702
1.1 2.627154452199014
1.11 2.6807252106562647
1.12 2.7332383764025328
1.13 2.784642125283218
1.14 2.8348857280042243
1.15 2.8839196001956506
1.16 2.931695351345575
1.17 2.9781658325556486
1.18 3.023285183071366
1.19 3.0670088755410947
1.2 3.1092937599591903
1.21 3.15009810624985
1.22 3.1893816454496524
1.23 3.227105609448166
1.24 3.263232769247395
1.25 3.2977274717023017
1.26 3.3305556747061584
1.27 3.3616849807859985
1.28 3.391084669075007
1.29 3.4187257256303103
1.3 3.4445808720662336
1.31 3.4686245924747743
1.32 3.4908331586067223
1.33 3.5111846532885784
1.34 3.5296589920521577
1.35 3.5462379429555333
1.36 3.560905144575766
1.37 3.573646122155649
1.38 3.5844483018885467
1.39 3.593301023327227
1.4 3.600195549904431
1.41 3.6051250775548147
1.42 3.608084741429735
1.43 3.609071620698271
1.44 3.608084741429735
1.45 3.6051250775548147
1.46 3.600195549904431
1.47 3.593301023327227
1.48 3.5844483018885467
1.49 3.573646122155649
1.5 3.560905144575766
1.51 3.5462379429555333
1.52 3.5296589920521577
1.53 3.5111846532885784
1.54 3.4908331586067223
1.55 3.4686245924747743
1.56 3.4445808720662336
1.57 3.4187257256303103
1.58 3.391084669075007
1.59 3.3616849807859985
1.6 3.3305556747061584
1.61 3.2977274717023017
1.62 3.263232769247395
1.63 3.227105609448166
1.64 3.1893816454496524
1.65 3.15009810624985
1.66 3.1092937599591903
1.67 3.0670088755410947
1.68 3.023285183071366
1.69 2.9781658325556486
1.7 2.931695351345575
1.71 2.8839196001956506
1.72 2.8348857280042243
1.73 2.784642125283218
1.74 2.7332383764025328
1.75 2.6807252106562647
1.76 2.627154452199014
1.77 2.572578968901702
1.78 2.517052620177365
1.79 2.460630203828417
1.8 2.4033674019678326
1.81 2.3453207260676274
1.82 2.286547461188854
1.83 2.2271056094481665
1.84 2.16705383277673
1.85 2.106451395027981
1.86 2.0453581034913566
1.87 1.9838342498697206
1.88 1.921940550778733
1.89 1.8597380878268799
1.9 1.7972882473353
1.91 1.734652659756898
1.92 1.671893138854528
1.93 1.6090716206982714
1.94 1.5462501025420148
1.95 1.4834905816396446
1.96 1.4208549940612427
1.97 1.3584051535696628
1.98 1.2962026906178097
1.99 1.2343089915268222
0 1.1727851379051861
0.01 1.1116918463685619
0.02 1.0510894086198128
0.03 0.9910376319483765
0.04 0.9315957802076886
0.05 0.8728225153289155
0.06 0.8147758394287101
0.07 0.7575130375681259
0.08 0.7010906212191778
0.09 0.6455642724948407
0.78 0.6301833090894318
0.79 0.6857096578137688
0.8 0.742132074162717
0.81 0.7993948760233012
0.82 0.8574415519235066
0.83 0.9162148168022797
0.84 0.9756566685429675
0.85 1.0357084452144039
0.86 1.0963108829631527
0.87 1.1574041744997774
0.88 1.2189280281214132
0.89 1.2808217272124007
0.9 1.343024190164254
0.91 1.4054740306558338
0.92 1.4681096182342357
0.93 1.5308691391366058
0.94 1.5936906572928624
0.95 1.656512175449119
0.96 1.7192716963514891
0.97 1.781907283929891
0.98 1.844357124421471
0.99 1.906559587373324
1 1.9684532864643116
1.01 2.029977140085948
1.02 2.0910704316225717
1.03 2.151672869371321
1.04 2.2117246460427573
1.05 2.271166497783445
1.06 2.3299397626622183
1.07 2.3879864385624234
1.08 2.445249240423008
1.09 2.501671656771956
1.1 2.557198005496293
1.11 2.611773488793605
1.12 2.6653442472508555
1.13 2.717857412997124
1.14 2.769261161877809
1.15 2.8195047645988156
1.16 2.868538636790242
1.17 2.916314387940166
1.18 2.96278486915024
1.19 3.0079042196659573
1.2 3.051627912135686
1.21 3.0939127965537816
1.22 3.1347171428444414
1.23 3.1740006820442437
1.24 3.2117246460427573
1.25 3.247851805841986
1.26 3.282346508296893
1.27 3.3151747113007497
1.28 3.3463040173805894
1.29 3.375703705669598
1.3 3.4033447622249016
1.31 3.4291999086608245
1.32 3.453243629069365
1.33 3.4754521952013135
1.34 3.4958036898831697
1.35 3.514278028646749
1.36 3.5308569795501246
1.37 3.5455241811703573
1.38 3.55826515875024
1.39 3.569067338483138
1.4 3.5779200599218184
1.41 3.5848145864990224
1.42 3.589744114149406
1.43 3.592703778024326
1.44 3.5936906572928624
1.45 3.592703778024326
1.46 3.589744114149406
1.47 3.5848145864990224
1.48 3.5779200599218184
1.49 3.569067338483138
1.5 3.55826515875024
1.51 3.5455241811703573
1.52 3.5308569795501246
1.53 3.514278028646749
1.54 3.4958036898831697
1.55 3.4754521952013135
1.56 3.453243629069365
1.57 3.4291999086608245
1.58 3.4033447622249016
1.59 3.375703705669598
1.6 3.3463040173805894
1.61 3.3151747113007497
1.62 3.282346508296893
1.63 3.247851805841986
1.64 3.2117246460427573
1.65 3.1740006820442437
1.66 3.1347171428444414
1.67 3.0939127965537816
1.68 3.051627912135686
1.69 3.0079042196659573
1.7 2.96278486915024
1.71 2.916314387940166
1.72 2.868538636790242
1.73 2.8195047645988156
1.74 2.769261161877809
1.75 2.717857412997124
1.76 2.6653442472508555
1.77 2.611773488793605
1.78 2.557198005496293
1.79 2.501671656771956
1.8 2.445249240423008
1.81 2.3879864385624234
1.82 2.3299397626622183
1.83 2.271166497783445
1.84 2.2117246460427573
1.85 2.151672869371321
1.86 2.0910704316225717
1.87 2.029977140085948
1.88 1.9684532864643116
1.89 1.906559587373324
1.9 1.844357124421471
1.91 1.781907283929891
1.92 1.7192716963514891
1.93 1.656512175449119
1.94 1.5936906572928624
1.95 1.5308691391366058
1.96 1.4681096182342357
1.97 1.4054740306558338
1.98 1.343024190164254
1.99 1.2808217272124007
0 1.2189280281214132
0.01 1.1574041744997774
0.02 1.0963108829631527
0.03 1.0357084452144039
0.04 0.9756566685429675
0.05 0.9162148168022797
0.06 0.8574415519235066
0.07 0.7993948760233012
0.08 0.742132074162717
0.09 0.6857096578137688
0.1 0.6301833090894318
0.79 0.6147098843166849
0.8 0.670236233041022
0.81 0.7266586493899702
0.82 0.7839214512505543
0.83 0.8419681271507597
0.84 0.9007413920295329
0.85 0.9601832437702207
0.86 1.020235020441657
0.87 1.0808374581904059
0.88 1.1419307497270306
0.89 1.2034546033486664
0.9 1.265348302439654
0.91 1.327550765391507
0.92 1.390000605883087
0.93 1.4526361934614889
0.94 1.515395714363859
0.95 1.5782172325201156
0.96 1.6410387506763722
0.97 1.7037982715787423
0.98 1.7664338591571442
0.99 1.828883699648724
1 1.8910861626005773
1.01 1.9529798616915648
1.02 2.014503715313201
1.03 2.075597006849825
1.04 2.1361994445985744
1.05 2.1962512212700105
1.06 2.2556930730106983
1.07 2.3144663378894714
1.08 2.3725130137896766
1.09 2.4297758156502614
1.1 2.486198231999209
1.11 2.541724580723546
1.12 2.5963000640208582
1.13 2.6498708224781087
1.14 2.702383988224377
1.15 2.7537877371050623
1.16 2.804031339826069
1.17 2.853065212017495
1.18 2.9008409631674192
1.19 2.947311444377493
1.2 2.9924307948932105
1.21 3.036154487362939
1.22 3.0784393717810348
1.23 3.1192437180716945
1.24 3.158527257271497
1.25 3.1962512212700105
1.26 3.232378381069239
1.27 3.266873083524146
1.28 3.299701286528003
1.29 3.3308305926078425
1.3 3.360230280896851
1.31 3.3878713374521547
1.32 3.4137264838880776
1.33 3.4377702042966183
1.34 3.4599787704285667
1.35 3.480330265110423
1.36 3.498804603874002
1.37 3.5153835547773777
1.38 3.5300507563976105
1.39 3.5427917339774933
1.4 3.553593913710391
1.41 3.5624466351490716
1.42 3.5693411617262756
1.43 3.574270689376659
1.44 3.5772303532515792
1.45 3.5782172325201156
1.46 3.5772303532515792
1.47 3.574270689376659
1.48 3.5693411617262756
1.49 3.5624466351490716
1.5 3.553593913710391
1.51 3.5427917339774933
1.52 3.5300507563976105
1.53 3.5153835547773777
1.54 3.498804603874002
1.55 3.480330265110423
1.56 3.4599787704285667
1.57 3.4377702042966183
1.58 3.4137264838880776
1.59 3.3878713374521547
1.6 3.360230280896851
1.61 3.3308305926078425
1.62 3.299701286528003
1.63 3.266873083524146
1.64 3.232378381069239
1.65 3.1962512212700105
1.66 3.158527257271497
1.67 3.1192437180716945
1.68 3.0784393717810348
1.69 3.036154487362939
1.7 2.9924307948932105
1.71 2.947311444377493
1.72 2.9008409631674192
1.73 2.853065212017495
1.74 2.804031339826069
1.75 2.7537877371050623
1.76 2.702383988224377
1.77 2.6498708224781087
1.78 2.5963000640208582
1.79 2.541724580723546
1.8 2.486198231999209
1.81 2.4297758156502614
1.82 2.3725130137896766
1.83 2.3144663378894714
1.84 2.2556930730106983
1.85 2.1962512212700105
1.86 2.1361994445985744
1.87 2.075597006849825
1.88 2.014503715313201
1.89 1.9529798616915648
1.9 1.8910861626005773
1.91 1.828883699648724
1.92 1.7664338591571442
1.93 1.7037982715787423
1.94 1.6410387506763722
1.95 1.5782172325201156
1.96 1.515395714363859
1.97 1.4526361934614889
1.98 1.390000605883087
1.99 1.327550765391507
0 1.265348302439654
0.01 1.2034546033486664
0.02 1.1419307497270306
0.03 1.0808374581904059
0.04 1.020235020441657
0.05 0.9601832437702207
0.06 0.9007413920295329
0.07 0.8419681271507597
0.08 0.7839214512505543
0.09 0.7266586493899702
0.1 0.670236233041022
0.11 0.6147098843166849
0.8 0.5991592685787216
0.81 0.6546856173030586
0.82 0.7111080336520068
0.83 0.768370835512591
0.84 0.8264175114127964
0.85 0.8851907762915695
0.86 0.9446326280322573
0.87 1.0046844047036938
0.88 1.0652868424524427
0.89 1.1263801339890671
0.9 1.187903987610703
0.91 1.2497976867016907
0.92 1.3120001496535436
0.93 1.3744499901451235
0.94 1.4370855777235256
0.95 1.4998450986258955
0.96 1.5626666167821521
0.97 1.6254881349384087
0.98 1.688247655840779
0.99 1.7508832434191808
1 1.8133330839107606
1.01 1.875535546862614
1.02 1.9374292459536013
1.03 1.9989530995752376
1.04 2.060046391111862
1.05 2.120648828860611
1.06 2.180700605532047
1.07 2.240142457272735
1.08 2.298915722151508
1.09 2.3569623980517136
1.1 2.414225199912298
1.11 2.470647616261246
1.12 2.526173964985583
1.13 2.5807494482828948
1.14 2.6343202067401457
1.15 2.6868333724864137
1.16 2.738237121367099
1.17 2.7884807240881053
1.18 2.8375145962795316
1.19 2.885290347429456
1.2 2.9317608286395296
1.21 2.976880179155247
1.22 3.0206038716249757
1.23 3.0628887560430713
1.24 3.103693102333731
1.25 3.1429766415335334
1.26 3.180700605532047
1.27 3.216827765331276
1.28 3.2513224677861827
1.29 3.2841506707900394
1.3 3.3152799768698795
1.31 3.344679665158888
1.32 3.3723207217141913
1.33 3.3981758681501146
1.34 3.4222195885586553
1.35 3.4444281546906033
1.36 3.4647796493724594
1.37 3.4832539881360387
1.38 3.4998329390394143
1.39 3.514500140659647
1.4 3.52724111823953
1.41 3.5380432979724277
1.42 3.546896019411108
1.43 3.553790545988312
1.44 3.5587200736386957
1.45 3.5616797375136158
1.46 3.562666616782152
1.47 3.5616797375136158
1.48 3.5587200736386957
1.49 3.553790545988312
1.5 3.546896019411108
1.51 3.5380432979724277
1.52 3.52724111823953
1.53 3.514500140659647
1.54 3.4998329390394143
1.55 3.4832539881360387
1.56 3.4647796493724594
1.57 3.4444281546906033
1.58 3.4222195885586553
1.59 3.3981758681501146
1.6 3.3723207217141913
1.61 3.344679665158888
1.62 3.3152799768698795
1.63 3.2841506707900394
1.64 3.2513224677861827
1.65 3.216827765331276
1.66 3.180700605532047
1.67 3.1429766415335334
1.68 3.103693102333731
1.69 3.0628887560430713
1.7 3.0206038716249757
1.71 2.976880179155247
1.72 2.9317608286395296
1.73 2.885290347429456
1.74 2.8375145962795316
1.75 2.7884807240881053
1.76 2.738237121367099
1.77 2.6868333724864137
1.78 2.6343202067401457
1.79 2.5807494482828948
1.8 2.526173964985583
1.81 2.470647616261246
1.82 2.414225199912298
1.83 2.3569623980517136
1.84 2.298915722151508
1.85 2.240142457272735
1.86 2.180700605532047
1.87 2.120648828860611
1.88 2.060046391111862
1.89 1.9989530995752376
1.9 1.9374292459536013
1.91 1.875535546862614
1.92 1.8133330839107606
1.93 1.7508832434191808
1.94 1.688247655840779
1.95 1.6254881349384087
1.96 1.5626666167821521
1.97 1.4998450986258955
1.98 1.4370855777235256
1.99 1.3744499901451235
0 1.3120001496535436
0.01 1.2497976867016907
0.02 1.187903987610703
0.03 1.1263801339890671
0.04 1.0652868424524427
0.05 1.0046844047036938
0.06 0.9446326280322573
0.07 0.8851907762915695
0.08 0.8264175114127964
0.09 0.768370835512591
0.1 0.7111080336520068
0.11 0.6546856173030586
0.12 0.5991592685787216
0.81 0.5835468084558266
0.82 0.6390731571801637
0.83 0.6954955735291118
0.84 0.752758375389696
0.85 0.8108050512899014
0.86 0.8695783161686745
0.87 0.9290201679093624
0.88 0.9890719445807987
0.89 1.0496743823295476
0.9 1.1107676738661723
0.91 1.172291527487808
0.92 1.2341852265787956
0.93 1.2963876895306488
0.94 1.3588375300222286
0.95 1.4214731176006306
0.96 1.4842326385030007
0.97 1.5470541566592573
0.98 1.6098756748155139
0.99 1.672635195717884
1 1.735270783296286
1.01 1.7977206237878658
1.02 1.859923086739719
1.03 1.9218167858307065
1.04 1.9833406394523425
1.05 2.0444339309889665
1.06 2.105036368737716
1.07 2.165088145409152
1.08 2.22452999714984
1.09 2.283303262028613
1.1 2.3413499379288183
1.11 2.398612739789403
1.12 2.4550351561383508
1.13 2.5105615048626877
1.14 2.56513698816
1.15 2.6187077466172504
1.16 2.671220912363519
1.17 2.722624661244204
1.18 2.7728682639652105
1.19 2.8219021361566368
1.2 2.869677887306561
1.21 2.9161483685166347
1.22 2.961267719032352
1.23 3.004991411502081
1.24 3.0472762959201765
1.25 3.0880806422108362
1.26 3.1273641814106385
1.27 3.165088145409152
1.28 3.2012153052083807
1.29 3.235710007663288
1.3 3.2685382106671446
1.31 3.299667516746984
1.32 3.329067205035993
1.33 3.3567082615912964
1.34 3.3825634080272193
1.35 3.40660712843576
1.36 3.4288156945677084
1.37 3.4491671892495646
1.38 3.467641528013144
1.39 3.4842204789165194
1.4 3.498887680536752
1.41 3.511628658116635
1.42 3.522430837849533
1.43 3.5312835592882132
1.44 3.5381780858654173
1.45 3.543107613515801
1.46 3.546067277390721
1.47 3.5470541566592573
1.48 3.546067277390721
1.49 3.543107613515801
1.5 3.5381780858654173
1.51 3.5312835592882132
1.52 3.522430837849533
1.53 3.511628658116635
1.54 3.498887680536752
1.55 3.4842204789165194
1.56 3.467641528013144
1.57 3.4491671892495646
1.58 3.4288156945677084
1.59 3.40660712843576
1.6 3.3825634080272193
1.61 3.3567082615912964
1.62 3.329067205035993
1.63 3.299667516746984
1.64 3.2685382106671446
1.65 3.235710007663288
1.66 3.2012153052083807
1.67 3.165088145409152
1.68 3.1273641814106385
1.69 3.0880806422108362
1.7 3.0472762959201765
1.71 3.004991411502081
1.72 2.961267719032352
1.73 2.9161483685166347
1.74 2.869677887306561
1.75 2.8219021361566368
1.76 2.7728682639652105
1.77 2.722624661244204
1.78 2.671220912363519
1.79 2.6187077466172504
1.8 2.56513698816
1.81 2.5105615048626877
1.82 2.4550351561383508
1.83 2.398612739789403
1.84 2.3413499379288183
1.85 2.283303262028613
1.86 2.22452999714984
1.87 2.165088145409152
1.88 2.105036368737716
1.89 2.0444339309889665
1.9 1.9833406394523425
1.91 1.9218167858307065
1.92 1.859923086739719
1.93 1.7977206237878658
1.94 1.735270783296286
1.95 1.672635195717884
1.96 1.6098756748155139
1.97 1.5470541566592573
1.98 1.4842326385030007
1.99 1.4214731176006306
0 1.3588375300222286
0.01 1.2963876895306488
0.02 1.2341852265787956
0.03 1.172291527487808
0.04 1.1107676738661723
0.05 1.0496743823295476
0.06 0.9890719445807987
0.07 0.9290201679093624
0.08 0.8695783161686745
0.09 0.8108050512899014
0.1 0.752758375389696
0.11 0.6954955735291118
0.12 0.6390731571801637
0.13 0.5835468084558266
0.82 0.5678879115612261
0.83 0.6234142602855631
0.84 0.6798366766345113
0.85 0.7370994784950955
0.86 0.7951461543953009
0.87 0.853919419274074
0.88 0.9133612710147618
0.89 0.9734130476861982
0.9 1.034015485434947
0.91 1.0951087769715717
0.92 1.1566326305932075
0.93 1.218526329684195
0.94 1.2807287926360482
0.95 1.343178633127628
0.96 1.40581422070603
0.97 1.4685737416084002
0.98 1.5313952597646567
0.99 1.5942167779209133
1 1.6569762988232835
1.01 1.7196118864016854
1.02 1.7820617268932653
1.03 1.8442641898451184
1.04 1.906157888936106
1.05 1.967681742557742
1.06 2.028775034094366
1.07 2.0893774718431155
1.08 2.1494292485145516
1.09 2.2088711002552395
1.1 2.2676443651340126
1.11 2.3256910410342178
1.12 2.3829538428948025
1.13 2.4393762592437502
1.14 2.494902607968087
1.15 2.5494780912653994
1.16 2.60304884972265
1.17 2.6555620154689183
1.18 2.7069657643496035
1.19 2.75720936707061
1.2 2.8062432392620362
1.21 2.8540189904119604
1.22 2.900489471622034
1.23 2.9456088221377517
1.24 2.9893325146074803
1.25 3.031617399025576
1.26 3.0724217453162357
1.27 3.111705284516038
1.28 3.1494292485145516
1.29 3.18555640831378
1.3 3.2200511107686873
1.31 3.252879313772544
1.32 3.2840086198523837
1.33 3.3134083081413923
1.34 3.341049364696696
1.35 3.366904511132619
1.36 3.3909482315411594
1.37 3.413156797673108
1.38 3.433508292354964
1.39 3.4519826311185433
1.4 3.468561582021919
1.41 3.4832287836421516
1.42 3.4959697612220344
1.43 3.5067719409549323
1.44 3.5156246623936127
1.45 3.5225191889708167
1.46 3.5274487166212003
1.47 3.5304083804961204
1.48 3.5313952597646567
1.49 3.5304083804961204
1.5 3.5274487166212003
1.51 3.5225191889708167
1.52 3.5156246623936127
1.53 3.5067719409549323
1.54 3.4959697612220344
1.55 3.4832287836421516
1.56 3.468561582021919
1.57 3.4519826311185433
1.58 3.433508292354964
1.59 3.413156797673108
1.6 3.3909482315411594
1.61 3.366904511132619
1.62 3.341049364696696
1.63 3.3134083081413923
1.64 3.2840086198523837
1.65 3.252879313772544
1.66 3.2200511107686873
1.67 3.18555640831378
1.68 3.1494292485145516
1.69 3.111705284516038
1.7 3.0724217453162357
1.71 3.031617399025576
1.72 2.9893325146074803
1.73 2.9456088221377517
1.74 2.900489471622034
1.75 2.8540189904119604
1.76 2.8062432392620362
1.77 2.75720936707061
1.78 2.7069657643496035
1.79 2.6555620154689183
1.8 2.60304884972265
1.81 2.5494780912653994
1.82 2.494902607968087
1.83 2.4393762592437502
1.84 2.3829538428948025
1.85 2.3256910410342178
1.86 2.2676443651340126
1.87 2.2088711002552395
1.88 2.1494292485145516
1.89 2.0893774718431155
1.9 2.028775034094366
1.91 1.967681742557742
1.92 1.906157888936106
1.93 1.8442641898451184
1.94 1.7820617268932653
1.95 1.7196118864016854
1.96 1.6569762988232835
1.97 1.5942167779209133
1.98 1.5313952597646567
1.99 1.4685737416084002
0 1.40581422070603
0.01 1.343178633127628
0.02 1.2807287926360482
0.03 1.218526329684195
0.04 1.1566326305932075
0.05 1.0951087769715717
0.06 1.034015485434947
0.07 0.9734130476861982
0.08 0.9133612710147618
0.09 0.853919419274074
0.1 0.7951461543953009
0.11 0.7370994784950955
0.12 0.6798366766345113
0.13 0.6234142602855631
0.14 0.5678879115612261
0.83 0.5521980313356336
0.84 0.6077243800599706
0.85 0.6641467964089188
0.86 0.721409598269503
0.87 0.7794562741697084
0.88 0.8382295390484815
0.89 0.8976713907891694
0.9 0.9577231674606057
0.91 1.0183256052093546
0.92 1.0794188967459792
0.93 1.140942750367615
0.94 1.2028364494586026
0.95 1.2650389124104557
0.96 1.3274887529020356
0.97 1.3901243404804375
0.98 1.4528838613828077
0.99 1.5157053795390643
1 1.5785268976953208
1.01 1.641286418597691
1.02 1.703922006176093
1.03 1.7663718466676728
1.04 1.828574309619526
1.05 1.8904680087105135
1.06 1.9519918623321495
1.07 2.013085153868774
1.08 2.0736875916175226
1.09 2.133739368288959
1.1 2.193181220029647
1.11 2.25195448490842
1.12 2.3100011608086257
1.13 2.3672639626692096
1.14 2.423686379018158
1.15 2.479212727742495
1.16 2.5337882110398064
1.17 2.587358969497058
1.18 2.6398721352433254
1.19 2.6912758841240105
1.2 2.741519486845017
1.21 2.7905533590364433
1.22 2.8383291101863675
1.23 2.8847995913964413
1.24 2.9299189419121587
1.25 2.9736426343818874
1.26 3.015927518799983
1.27 3.0567318650906428
1.28 3.096015404290445
1.29 3.1337393682889587
1.3 3.169866528088188
1.31 3.2043612305430944
1.32 3.237189433546951
1.33 3.2683187396267916
1.34 3.2977184279158003
1.35 3.325359484471103
1.36 3.3512146309070268
1.37 3.3752583513155674
1.38 3.397466917447515
1.39 3.417818412129371
1.4 3.4362927508929504
1.41 3.452871701796326
1.42 3.4675389034165587
1.43 3.4802798809964415
1.44 3.4910820607293394
1.45 3.49993478216802
1.46 3.506829308745224
1.47 3.5117588363956074
1.48 3.5147185002705275
1.49 3.515705379539064
1.5 3.5147185002705275
1.51 3.5117588363956074
1.52 3.506829308745224
1.53 3.49993478216802
1.54 3.4910820607293394
1.55 3.4802798809964415
1.56 3.4675389034165587
1.57 3.452871701796326
1.58 3.4362927508929504
1.59 3.417818412129371
1.6 3.397466917447515
1.61 3.3752583513155674
1.62 3.3512146309070268
1.63 3.325359484471103
1.64 3.2977184279158003
1.65 3.2683187396267916
1.66 3.237189433546951
1.67 3.2043612305430944
1.68 3.169866528088188
1.69 3.1337393682889587
1.7 3.096015404290445
1.71 3.0567318650906428
1.72 3.015927518799983
1.73 2.9736426343818874
1.74 2.9299189419121587
1.75 2.8847995913964413
1.76 2.8383291101863675
1.77 2.7905533590364433
1.78 2.741519486845017
1.79 2.6912758841240105
1.8 2.6398721352433254
1.81 2.587358969497058
1.82 2.5337882110398064
1.83 2.479212727742495
1.84 2.423686379018158
1.85 2.3672639626692096
1.86 2.3100011608086257
1.87 2.25195448490842
1.88 2.193181220029647
1.89 2.133739368288959
1.9 2.0736875916175226
1.91 2.013085153868774
1.92 1.9519918623321495
1.93 1.8904680087105135
1.94 1.828574309619526
1.95 1.7663718466676728
1.96 1.703922006176093
1.97 1.641286418597691
1.98 1.5785268976953208
1.99 1.5157053795390643
0 1.4528838613828077
0.01 1.3901243404804375
0.02 1.3274887529020356
0.03 1.2650389124104557
0.04 1.2028364494586026
0.05 1.140942750367615
0.06 1.0794188967459792
0.07 1.0183256052093546
0.08 0.9577231674606057
0.09 0.8976713907891694
0.1 0.8382295390484815
0.11 0.7794562741697084
0.12 0.721409598269503
0.13 0.6641467964089188
0.14 0.6077243800599706
0.15 0.5521980313356336
0.84 0.5364926517965695
0.85 0.5920190005209065
0.86 0.6484414168698547
0.87 0.7057042187304389
0.88 0.7637508946306443
0.89 0.8225241595094174
0.9 0.8819660112501052
0.91 0.9420177879215416
0.92 1.0026202256702905
0.93 1.063713517206915
0.94 1.1252373708285508
0.95 1.1871310699195385
0.96 1.2493335328713915
0.97 1.3117833733629713
0.98 1.3744189609413735
0.99 1.4371784818437434
1 1.5
1.01 1.5628215181562566
1.02 1.625581039058627
1.03 1.6882166266370287
1.04 1.7506664671286085
1.05 1.812868930080462
1.06 1.8747626291714492
1.07 1.9362864827930855
1.08 1.9973797743297097
1.09 2.0579822120784588
1.1 2.118033988749895
1.11 2.1774758404905827
1.12 2.236249105369356
1.13 2.2942957812695615
1.14 2.3515585831301458
1.15 2.407980999479094
1.16 2.463507348203431
1.17 2.5180828315007426
1.18 2.5716535899579935
1.19 2.6241667557042616
1.2 2.6755705045849467
1.21 2.725814107305953
1.22 2.7748479794973795
1.23 2.8226237306473037
1.24 2.8690942118573775
1.25 2.914213562373095
1.26 2.9579372548428235
1.27 3.000222139260919
1.28 3.041026485551579
1.29 3.0803100247513813
1.3 3.118033988749895
1.31 3.154161148549124
1.32 3.1886558510040306
1.33 3.2214840540078873
1.34 3.2526133600877274
1.35 3.282013048376736
1.36 3.309654104932039
1.37 3.3355092513679625
1.38 3.359552971776503
1.39 3.381761537908451
1.4 3.4021130325903073
1.41 3.4205873713538866
1.42 3.437166322257262
1.43 3.451833523877495
1.44 3.4645745014573777
1.45 3.4753766811902755
1.46 3.484229402628956
1.47 3.49112392920616
1.48 3.4960534568565436
1.49 3.4990131207314636
1.5 3.5
1.51 3.4990131207314636
1.52 3.4960534568565436
1.53 3.49112392920616
1.54 3.484229402628956
1.55 3.4753766811902755
1.56 3.4645745014573777
1.57 3.451833523877495
1.58 3.437166322257262
1.59 3.4205873713538866
1.6 3.4021130325903073
1.61 3.381761537908451
1.62 3.359552971776503
1.63 3.3355092513679625
1.64 3.309654104932039
1.65 3.282013048376736
1.66 3.2526133600877274
1.67 3.2214840540078873
1.68 3.1886558510040306
1.69 3.154161148549124
1.7 3.118033988749895
1.71 3.0803100247513813
1.72 3.041026485551579
1.73 3.000222139260919
1.74 2.9579372548428235
1.75 2.914213562373095
1.76 2.8690942118573775
1.77 2.8226237306473037
1.78 2.7748479794973795
1.79 2.725814107305953
1.8 2.6755705045849467
1.81 2.6241667557042616
1.82 2.5716535899579935
1.83 2.5180828315007426
1.84 2.463507348203431
1.85 2.407980999479094
1.86 2.3515585831301458
1.87 2.2942957812695615
1.88 2.236249105369356
1.89 2.1774758404905827
1.9 2.118033988749895
1.91 2.0579822120784588
1.92 1.9973797743297097
1.93 1.9362864827930855
1.94 1.8747626291714492
1.95 1.812868930080462
1.96 1.7506664671286085
1.97 1.6882166266370287
1.98 1.625581039058627
1.99 1.5628215181562566
0 1.5
0.01 1.4371784818437434
0.02 1.3744189609413735
0.03 1.3117833733629713
0.04 1.2493335328713915
0.05 1.1871310699195385
0.06 1.1252373708285508
0.07 1.063713517206915
0.08 1.0026202256702905
0.09 0.9420177879215416
0.1 0.8819660112501052
0.11 0.8225241595094174
0.12 0.7637508946306443
0.13 0.7057042187304389
0.14 0.6484414168698547
0.15 0.5920190005209065
0.16 0.5364926517965695
0.85 0.5207872722575053
0.86 0.5763136209818424
0.87 0.6327360373307905
0.88 0.6899988391913747
0.89 0.7480455150915801
0.9 0.8068187799703532
0.91 0.8662606317110411
0.92 0.9263124083824774
0.93 0.9869148461312264
0.94 1.0480081376678507
0.95 1.1095319912894868
0.96 1.1714256903804743
0.97 1.2336281533323274
0.98 1.2960779938239073
0.99 1.3587135814023092
1 1.4214731023046794
1.01 1.484294620460936
1.02 1.5471161386171925
1.03 1.6098756595195627
1.04 1.6725112470979646
1.05 1.7349610875895445
1.06 1.7971635505413976
1.07 1.8590572496323852
1.08 1.9205811032540212
1.09 1.9816743947906454
1.1 2.0422768325393945
1.11 2.102328609210831
1.12 2.1617704609515185
1.13 2.220543725830292
1.14 2.278590401730497
1.15 2.3358532035910815
1.16 2.3922756199400297
1.17 2.4478019686643666
1.18 2.5023774519616784
1.19 2.5559482104189293
1.2 2.6084613761651974
1.21 2.6598651250458825
1.22 2.710108727766889
1.23 2.7591425999583152
1.24 2.8069183511082394
1.25 2.853388832318313
1.26 2.8985081828340307
1.27 2.9422318753037593
1.28 2.984516759721855
1.29 3.0253211060125147
1.3 3.064604645212317
1.31 3.1023286092108306
1.32 3.1384557690100596
1.33 3.1729504714649663
1.34 3.205778674468823
1.35 3.236907980548663
1.36 3.2663076688376718
1.37 3.293948725392975
1.38 3.3198038718288982
1.39 3.343847592237439
1.4 3.366056158369387
1.41 3.386407653051243
1.42 3.4048819918148223
1.43 3.421460942718198
1.44 3.4361281443384306
1.45 3.4488691219183134
1.46 3.4596713016512113
1.47 3.4685240230898917
1.48 3.4754185496670957
1.49 3.4803480773174793
1.5 3.4833077411923994
1.51 3.4842946204609357
1.52 3.4833077411923994
1.53 3.4803480773174793
1.54 3.4754185496670957
1.55 3.4685240230898917
1.56 3.4596713016512113
1.57 3.4488691219183134
1.58 3.4361281443384306
1.59 3.421460942718198
1.6 3.4048819918148223
1.61 3.386407653051243
1.62 3.366056158369387
1.63 3.343847592237439
1.64 3.3198038718288982
1.65 3.293948725392975
1.66 3.2663076688376718
1.67 3.236907980548663
1.68 3.205778674468823
1.69 3.1729504714649663
1.7 3.1384557690100596
1.71 3.1023286092108306
1.72 3.064604645212317
1.73 3.0253211060125147
1.74 2.984516759721855
1.75 2.9422318753037593
1.76 2.8985081828340307
1.77 2.853388832318313
1.78 2.8069183511082394
1.79 2.7591425999583152
1.8 2.710108727766889
1.81 2.6598651250458825
1.82 2.6084613761651974
1.83 2.5559482104189293
1.84 2.5023774519616784
1.85 2.4478019686643666
1.86 2.3922756199400297
1.87 2.3358532035910815
1.88 2.278590401730497
1.89 2.220543725830292
1.9 2.1617704609515185
1.91 2.102328609210831
1.92 2.0422768325393945
1.93 1.9816743947906454
1.94 1.9205811032540212
1.95 1.8590572496323852
1.96 1.7971635505413976
1.97 1.7349610875895445
1.98 1.6725112470979646
1.99 1.6098756595195627
0 1.5471161386171925
0.01 1.484294620460936
0.02 1.4214731023046794
0.03 1.3587135814023092
0.04 1.2960779938239073
0.05 1.2336281533323274
0.06 1.1714256903804743
0.07 1.1095319912894868
0.08 1.0480081376678507
0.09 0.9869148461312264
0.1 0.9263124083824774
0.11 0.8662606317110411
0.12 0.8068187799703532
0.13 0.7480455150915801
0.14 0.6899988391913747
0.15 0.6327360373307905
0.16 0.5763136209818424
0.17 0.5207872722575053
0.86 0.5050973920319127
0.87 0.5606237407562498
0.88 0.617046157105198
0.89 0.6743089589657821
0.9 0.7323556348659875
0.91 0.7911288997447606
0.92 0.8505707514854485
0.93 0.9106225281568848
0.94 0.9712249659056338
0.95 1.0323182574422582
0.96 1.093842111063894
0.97 1.1557358101548818
0.98 1.2179382731067347
0.99 1.2803881135983146
1 1.3430237011767168
1.01 1.4057832220790867
1.02 1.4686047402353433
1.03 1.5314262583915998
1.04 1.5941857792939702
1.05 1.656821366872372
1.06 1.7192712073639518
1.07 1.7814736703158052
1.08 1.8433673694067925
1.09 1.9048912230284287
1.1 1.965984514565053
1.11 2.026586952313802
1.12 2.086638728985238
1.13 2.146080580725926
1.14 2.204853845604699
1.15 2.2629005215049047
1.16 2.320163323365489
1.17 2.376585739714437
1.18 2.432112088438774
1.19 2.486687571736086
1.2 2.540258330193337
1.21 2.592771495939605
1.22 2.64417524482029
1.23 2.6944188475412965
1.24 2.7434527197327228
1.25 2.791228470882647
1.26 2.8376989520927207
1.27 2.882818302608438
1.28 2.926541995078167
1.29 2.9688268794962624
1.3 3.009631225786922
1.31 3.0489147649867245
1.32 3.086638728985238
1.33 3.122765888784467
1.34 3.157260591239374
1.35 3.1900887942432306
1.36 3.2212181003230707
1.37 3.2506177886120793
1.38 3.2782588451673824
1.39 3.3041139916033058
1.4 3.3281577120118464
1.41 3.3503662781437944
1.42 3.3707177728256505
1.43 3.38919211158923
1.44 3.4057710624926054
1.45 3.420438264112838
1.46 3.433179241692721
1.47 3.443981421425619
1.48 3.4528341428642992
1.49 3.4597286694415033
1.5 3.464658197091887
1.51 3.467617860966807
1.52 3.4686047402353433
1.53 3.467617860966807
1.54 3.464658197091887
1.55 3.4597286694415033
1.56 3.4528341428642992
1.57 3.443981421425619
1.58 3.433179241692721
1.59 3.420438264112838
1.6 3.4057710624926054
1.61 3.38919211158923
1.62 3.3707177728256505
1.63 3.3503662781437944
1.64 3.3281577120118464
1.65 3.3041139916033058
1.66 3.2782588451673824
1.67 3.2506177886120793
1.68 3.2212181003230707
1.69 3.1900887942432306
1.7 3.157260591239374
1.71 3.122765888784467
1.72 3.086638728985238
1.73 3.0489147649867245
1.74 3.009631225786922
1.75 2.9688268794962624
1.76 2.926541995078167
1.77 2.882818302608438
1.78 2.8376989520927207
1.79 2.791228470882647
1.8 2.7434527197327228
1.81 2.6944188475412965
1.82 2.64417524482029
1.83 2.592771495939605
1.84 2.540258330193337
1.85 2.486687571736086
1.86 2.432112088438774
1.87 2.376585739714437
1.88 2.320163323365489
1.89 2.2629005215049047
1.9 2.204853845604699
1.91 2.146080580725926
1.92 2.086638728985238
1.93 2.026586952313802
1.94 1.965984514565053
1.95 1.9048912230284287
1.96 1.8433673694067925
1.97 1.7814736703158052
1.98 1.7192712073639518
1.99 1.656821366872372
0 1.5941857792939702
0.01 1.5314262583915998
0.02 1.4686047402353433
0.03 1.4057832220790867
0.04 1.3430237011767168
0.05 1.2803881135983146
0.06 1.2179382731067347
0.07 1.1557358101548818
0.08 1.093842111063894
0.09 1.0323182574422582
0.1 0.9712249659056338
0.11 0.9106225281568848
0.12 0.8505707514854485
0.13 0.7911288997447606
0.14 0.7323556348659875
0.15 0.6743089589657821
0.16 0.617046157105198
0.17 0.5606237407562498
0.18 0.5050973920319127
0.87 0.4894384951373123
0.88 0.5449648438616493
0.89 0.6013872602105975
0.9 0.6586500620711817
0.91 0.7166967379713871
0.92 0.7754700028501602
0.93 0.834911854590848
0.94 0.8949636312622844
0.95 0.9555660690110334
0.96 1.0166593605476577
0.97 1.0781832141692937
0.98 1.1400769132602813
0.99 1.2022793762121344
1 1.2647292167037143
1.01 1.3273648042821162
1.02 1.3901243251844864
1.03 1.452945843340743
1.04 1.5157673614969995
1.05 1.5785268823993697
1.06 1.6411624699777716
1.07 1.7036123104693515
1.08 1.7658147734212046
1.09 1.8277084725121922
1.1 1.8892323261338282
1.11 1.9503256176704524
1.12 2.0109280554192015
1.13 2.0709798320906376
1.14 2.130421683831326
1.15 2.1891949487100986
1.16 2.247241624610304
1.17 2.3045044264708885
1.18 2.3609268428198367
1.19 2.4164531915441736
1.2 2.4710286748414854
1.21 2.5245994332987363
1.22 2.5771125990450043
1.23 2.6285163479256894
1.24 2.678759950646696
1.25 2.727793822838122
1.26 2.7755695739880464
1.27 2.82204005519812
1.28 2.8671594057138376
1.29 2.9108830981835663
1.3 2.953167982601662
1.31 2.9939723288923217
1.32 3.033255868092124
1.33 3.0709798320906376
1.34 3.1071069918898666
1.35 3.1416016943447733
1.36 3.17442989734863
1.37 3.20555920342847
1.38 3.2349588917174787
1.39 3.262599948272782
1.4 3.2884550947087052
1.41 3.312498815117246
1.42 3.334707381249194
1.43 3.35505887593105
1.44 3.3735332146946293
1.45 3.390112165598005
1.46 3.4047793672182376
1.47 3.4175203447981204
1.48 3.4283225245310183
1.49 3.4371752459696987
1.5 3.4440697725469027
1.51 3.4489993001972863
1.52 3.4519589640722064
1.53 3.4529458433407427
1.54 3.4519589640722064
1.55 3.4489993001972863
1.56 3.4440697725469027
1.57 3.4371752459696987
1.58 3.4283225245310183
1.59 3.4175203447981204
1.6 3.4047793672182376
1.61 3.390112165598005
1.62 3.3735332146946293
1.63 3.35505887593105
1.64 3.334707381249194
1.65 3.312498815117246
1.66 3.2884550947087052
1.67 3.262599948272782
1.68 3.2349588917174787
1.69 3.20555920342847
1.7 3.17442989734863
1.71 3.1416016943447733
1.72 3.1071069918898666
1.73 3.0709798320906376
1.74 3.033255868092124
1.75 2.9939723288923217
1.76 2.953167982601662
1.77 2.9108830981835663
1.78 2.8671594057138376
1.79 2.82204005519812
1.8 2.7755695739880464
1.81 2.727793822838122
1.82 2.678759950646696
1.83 2.6285163479256894
1.84 2.5771125990450043
1.85 2.5245994332987363
1.86 2.4710286748414854
1.87 2.4164531915441736
1.88 2.3609268428198367
1.89 2.3045044264708885
1.9 2.247241624610304
1.91 2.1891949487100986
1.92 2.130421683831326
1.93 2.0709798320906376
1.94 2.0109280554192015
1.95 1.9503256176704524
1.96 1.8892323261338282
1.97 1.8277084725121922
1.98 1.7658147734212046
1.99 1.7036123104693515
0 1.6411624699777716
0.01 1.5785268823993697
0.02 1.5157673614969995
0.03 1.452945843340743
0.04 1.3901243251844864
0.05 1.3273648042821162
0.06 1.2647292167037143
0.07 1.2022793762121344
0.08 1.1400769132602813
0.09 1.0781832141692937
0.1 1.0166593605476577
0.11 0.9555660690110334
0.12 0.8949636312622844
0.13 0.834911854590848
0.14 0.7754700028501602
0.15 0.7166967379713871
0.16 0.6586500620711817
0.17 0.6013872602105975
0.18 0.5449648438616493
0.19 0.4894384951373123
0.88 0.47382603501441733
0.89 0.5293523837387544
0.9 0.5857748000877026
0.91 0.6430376019482867
0.92 0.7010842778484921
0.93 0.7598575427272652
0.94 0.8192993944679531
0.95 0.8793511711393894
0.96 0.9399536088881384
0.97 1.0010469004247629
0.98 1.0625707540463987
0.99 1.1244644531373864
1 1.1866669160892394
1.01 1.2491167565808192
1.02 1.3117523441592214
1.03 1.3745118650615913
1.04 1.4373333832178479
1.05 1.5001549013741045
1.06 1.5629144222764748
1.07 1.6255500098548765
1.08 1.6879998503464564
1.09 1.7502023132983098
1.1 1.812096012389297
1.11 1.8736198660109333
1.12 1.9347131575475576
1.13 1.9953155952963066
1.14 2.0553673719677428
1.15 2.1148092237084306
1.16 2.1735824885872037
1.17 2.2316291644874093
1.18 2.2888919663479936
1.19 2.345314382696942
1.2 2.4008407314212787
1.21 2.4554162147185905
1.22 2.5089869731758414
1.23 2.5615001389221095
1.24 2.6129038878027946
1.25 2.663147490523801
1.26 2.7121813627152274
1.27 2.7599571138651515
1.28 2.8064275950752253
1.29 2.851546945590943
1.3 2.8952706380606714
1.31 2.937555522478767
1.32 2.978359868769427
1.33 3.017643407969229
1.34 3.0553673719677428
1.35 3.0914945317669718
1.36 3.1259892342218785
1.37 3.158817437225735
1.38 3.1899467433055753
1.39 3.219346431594584
1.4 3.246987488149887
1.41 3.2728426345858104
1.42 3.296886354994351
1.43 3.319094921126299
1.44 3.339446415808155
1.45 3.3579207545717344
1.46 3.37449970547511
1.47 3.3891669070953427
1.48 3.4019078846752255
1.49 3.4127100644081234
1.5 3.421562785846804
1.51 3.428457312424008
1.52 3.4333868400743914
1.53 3.4363465039493115
1.54 3.437333383217848
1.55 3.4363465039493115
1.56 3.4333868400743914
1.57 3.428457312424008
1.58 3.421562785846804
1.59 3.4127100644081234
1.6 3.4019078846752255
1.61 3.3891669070953427
1.62 3.37449970547511
1.63 3.3579207545717344
1.64 3.339446415808155
1.65 3.319094921126299
1.66 3.296886354994351
1.67 3.2728426345858104
1.68 3.246987488149887
1.69 3.219346431594584
1.7 3.1899467433055753
1.71 3.158817437225735
1.72 3.1259892342218785
1.73 3.0914945317669718
1.74 3.0553673719677428
1.75 3.017643407969229
1.76 2.978359868769427
1.77 2.937555522478767
1.78 2.8952706380606714
1.79 2.851546945590943
1.8 2.8064275950752253
1.81 2.7599571138651515
1.82 2.7121813627152274
1.83 2.663147490523801
1.84 2.6129038878027946
1.85 2.5615001389221095
1.86 2.5089869731758414
1.87 2.4554162147185905
1.88 2.4008407314212787
1.89 2.345314382696942
1.9 2.2888919663479936
1.91 2.2316291644874093
1.92 2.1735824885872037
1.93 2.1148092237084306
1.94 2.0553673719677428
1.95 1.9953155952963066
1.96 1.9347131575475576
1.97 1.8736198660109333
1.98 1.812096012389297
1.99 1.7502023132983098
0 1.6879998503464564
0.01 1.6255500098548765
0.02 1.5629144222764748
0.03 1.5001549013741045
0.04 1.4373333832178479
0.05 1.3745118650615913
0.06 1.3117523441592214
0.07 1.2491167565808192
0.08 1.1866669160892394
0.09 1.1244644531373864
0.1 1.0625707540463987
0.11 1.0010469004247629
0.12 0.9399536088881384
0.13 0.8793511711393894
0.14 0.8192993944679531
0.15 0.7598575427272652
0.16 0.7010842778484921
0.17 0.6430376019482867
0.18 0.5857748000877026
0.19 0.5293523837387544
0.2 0.47382603501441733
0.89 0.458275419276454
0.9 0.513801768000791
0.91 0.5702241843497392
0.92 0.6274869862103234
0.93 0.6855336621105288
0.94 0.7443069269893019
0.95 0.8037487787299897
0.96 0.8638005554014261
0.97 0.924402993150175
0.98 0.9854962846867995
0.99 1.0470201383084354
1 1.108913837399423
1.01 1.1711163003512761
1.02 1.233566140842856
1.03 1.296201728421258
1.04 1.358961249323628
1.05 1.4217827674798846
1.06 1.4846042856361412
1.07 1.5473638065385114
1.08 1.6099993941169133
1.09 1.6724492346084932
1.1 1.7346516975603463
1.11 1.7965453966513338
1.12 1.8580692502729699
1.13 1.9191625418095941
1.14 1.9797649795583432
1.15 2.0398167562297793
1.16 2.0992586079704676
1.17 2.1580318728492403
1.18 2.216078548749446
1.19 2.27334135061003
1.2 2.3297637669589784
1.21 2.3852901156833153
1.22 2.439865598980627
1.23 2.493436357437878
1.24 2.545949523184146
1.25 2.597353272064831
1.26 2.6475968747858376
1.27 2.696630746977264
1.28 2.744406498127188
1.29 2.790876979337262
1.3 2.8359963298529793
1.31 2.879720022322708
1.32 2.9220049067408036
1.33 2.9628092530314634
1.34 3.0020927922312657
1.35 3.0398167562297793
1.36 3.0759439160290083
1.37 3.110438618483915
1.38 3.1432668214877717
1.39 3.174396127567612
1.4 3.2037958158566204
1.41 3.2314368724119236
1.42 3.257292018847847
1.43 3.2813357392563876
1.44 3.3035443053883355
1.45 3.3238958000701917
1.46 3.342370138833771
1.47 3.3589490897371466
1.48 3.3736162913573793
1.49 3.386357268937262
1.5 3.39715944867016
1.51 3.4060121701088404
1.52 3.4129066966860444
1.53 3.417836224336428
1.54 3.420795888211348
1.55 3.4217827674798844
1.56 3.420795888211348
1.57 3.417836224336428
1.58 3.4129066966860444
1.59 3.4060121701088404
1.6 3.39715944867016
1.61 3.386357268937262
1.62 3.3736162913573793
1.63 3.3589490897371466
1.64 3.342370138833771
1.65 3.3238958000701917
1.66 3.3035443053883355
1.67 3.2813357392563876
1.68 3.257292018847847
1.69 3.2314368724119236
1.7 3.2037958158566204
1.71 3.174396127567612
1.72 3.1432668214877717
1.73 3.110438618483915
1.74 3.0759439160290083
1.75 3.0398167562297793
1.76 3.0020927922312657
1.77 2.9628092530314634
1.78 2.9220049067408036
1.79 2.879720022322708
1.8 2.8359963298529793
1.81 2.790876979337262
1.82 2.744406498127188
1.83 2.696630746977264
1.84 2.6475968747858376
1.85 2.597353272064831
1.86 2.545949523184146
1.87 2.493436357437878
1.88 2.439865598980627
1.89 2.3852901156833153
1.9 2.3297637669589784
1.91 2.27334135061003
1.92 2.216078548749446
1.93 2.1580318728492403
1.94 2.0992586079704676
1.95 2.0398167562297793
1.96 1.9797649795583432
1.97 1.9191625418095941
1.98 1.8580692502729699
1.99 1.7965453966513338
0 1.7346516975603463
0.01 1.6724492346084932
0.02 1.6099993941169133
0.03 1.5473638065385114
0.04 1.4846042856361412
0.05 1.4217827674798846
0.06 1.358961249323628
0.07 1.296201728421258
0.08 1.233566140842856
0.09 1.1711163003512761
0.1 1.108913837399423
0.11 1.0470201383084354
0.12 0.9854962846867995
0.13 0.924402993150175
0.14 0.8638005554014261
0.15 0.8037487787299897
0.16 0.7443069269893019
0.17 0.6855336621105288
0.18 0.6274869862103234
0.19 0.5702241843497392
0.2 0.513801768000791
0.21 0.458275419276454
0.9 0.44280199450370716
0.91 0.4983283432280442
0.92 0.5547507595769924
0.93 0.6120135614375766
0.94 0.670060237337782
0.95 0.7288335022165551
0.96 0.7882753539572429
0.97 0.8483271306286793
0.98 0.9089295683774282
0.99 0.9700228599140527
1 1.0315467135356886
1.01 1.0934404126266761
1.02 1.1556428755785293
1.03 1.2180927160701092
1.04 1.280728303648511
1.05 1.3434878245508812
1.06 1.4063093427071378
1.07 1.4691308608633944
1.08 1.5318903817657645
1.09 1.5945259693441665
1.1 1.6569758098357463
1.11 1.7191782727875995
1.12 1.781071971878587
1.13 1.842595825500223
1.14 1.9036891170368473
1.15 1.9642915547855964
1.16 2.0243433314570325
1.17 2.0837851831977208
1.18 2.1425584480764934
1.19 2.200605123976699
1.2 2.2578679258372834
1.21 2.3142903421862315
1.22 2.3698166909105685
1.23 2.4243921742078802
1.24 2.477962932665131
1.25 2.530476098411399
1.26 2.5818798472920843
1.27 2.632123450013091
1.28 2.681157322204517
1.29 2.7289330733544412
1.3 2.775403554564515
1.31 2.8205229050802325
1.32 2.864246597549961
1.33 2.9065314819680568
1.34 2.9473358282587165
1.35 2.986619367458519
1.36 3.0243433314570325
1.37 3.0604704912562615
1.38 3.094965193711168
1.39 3.127793396715025
1.4 3.158922702794865
1.41 3.1883223910838736
1.42 3.2159634476391767
1.43 3.2418185940751
1.44 3.2658623144836407
1.45 3.2880708806155887
1.46 3.308422375297445
1.47 3.326896714061024
1.48 3.3434756649643997
1.49 3.3581428665846325
1.5 3.3708838441645153
1.51 3.381686023897413
1.52 3.3905387453360936
1.53 3.3974332719132976
1.54 3.402362799563681
1.55 3.4053224634386012
1.56 3.4063093427071376
1.57 3.4053224634386012
1.58 3.402362799563681
1.59 3.3974332719132976
1.6 3.3905387453360936
1.61 3.381686023897413
1.62 3.3708838441645153
1.63 3.3581428665846325
1.64 3.3434756649643997
1.65 3.326896714061024
1.66 3.308422375297445
1.67 3.2880708806155887
1.68 3.2658623144836407
1.69 3.2418185940751
1.7 3.2159634476391767
1.71 3.1883223910838736
1.72 3.158922702794865
1.73 3.127793396715025
1.74 3.094965193711168
1.75 3.0604704912562615
1.76 3.0243433314570325
1.77 2.986619367458519
1.78 2.9473358282587165
1.79 2.9065314819680568
1.8 2.864246597549961
1.81 2.8205229050802325
1.82 2.775403554564515
1.83 2.7289330733544412
1.84 2.681157322204517
1.85 2.632123450013091
1.86 2.5818798472920843
1.87 2.530476098411399
1.88 2.477962932665131
1.89 2.4243921742078802
1.9 2.3698166909105685
1.91 2.3142903421862315
1.92 2.2578679258372834
1.93 2.200605123976699
1.94 2.1425584480764934
1.95 2.0837851831977208
1.96 2.0243433314570325
1.97 1.9642915547855964
1.98 1.9036891170368473
1.99 1.842595825500223
0 1.781071971878587
0.01 1.7191782727875995
0.02 1.6569758098357463
0.03 1.5945259693441665
0.04 1.5318903817657645
0.05 1.4691308608633944
0.06 1.4063093427071378
0.07 1.3434878245508812
0.08 1.280728303648511
0.09 1.2180927160701092
0.1 1.1556428755785293
0.11 1.0934404126266761
0.12 1.0315467135356886
0.13 0.9700228599140527
0.14 0.9089295683774282
0.15 0.8483271306286793
0.16 0.7882753539572429
0.17 0.7288335022165551
0.18 0.670060237337782
0.19 0.6120135614375766
0.2 0.5547507595769924
0.21 0.4983283432280442
0.22 0.44280199450370716
0.91 0.4274210310982982
0.92 0.48294737982263525
0.93 0.5393697961715834
0.94 0.5966325980321676
0.95 0.654679273932373
0.96 0.7134525388111461
0.97 0.772894390551834
0.98 0.8329461672232703
0.99 0.8935486049720193
1 0.9546418965086437
1.01 1.0161657501302797
1.02 1.0780594492212672
1.03 1.1402619121731203
1.04 1.2027117526647002
1.05 1.2653473402431021
1.06 1.3281068611454723
1.07 1.3909283793017289
1.08 1.4537498974579854
1.09 1.5165094183603556
1.1 1.5791450059387575
1.11 1.6415948464303374
1.12 1.7037973093821905
1.13 1.765691008473178
1.14 1.827214862094814
1.15 1.8883081536314383
1.16 1.9489105913801874
1.17 2.0089623680516238
1.18 2.0684042197923116
1.19 2.1271774846710847
1.2 2.1852241605712903
1.21 2.242486962431874
1.22 2.298909378780823
1.23 2.3544357275051597
1.24 2.409011210802471
1.25 2.4625819692597224
1.26 2.51509513500599
1.27 2.566498883886675
1.28 2.6167424866076816
1.29 2.665776358799108
1.3 2.713552109949032
1.31 2.760022591159106
1.32 2.8051419416748233
1.33 2.848865634144552
1.34 2.8911505185626476
1.35 2.9319548648533074
1.36 2.9712384040531097
1.37 3.0089623680516233
1.38 3.0450895278508527
1.39 3.079584230305759
1.4 3.1124124333096157
1.41 3.1435417393894562
1.42 3.172941427678465
1.43 3.2005824842337676
1.44 3.2264376306696914
1.45 3.250481351078232
1.46 3.2726899172101795
1.47 3.2930414118920357
1.48 3.311515750655615
1.49 3.3280947015589906
1.5 3.3427619031792233
1.51 3.355502880759106
1.52 3.366305060492004
1.53 3.3751577819306844
1.54 3.3820523085078884
1.55 3.386981836158272
1.56 3.389941500033192
1.57 3.3909283793017284
1.58 3.389941500033192
1.59 3.386981836158272
1.6 3.3820523085078884
1.61 3.3751577819306844
1.62 3.366305060492004
1.63 3.355502880759106
1.64 3.3427619031792233
1.65 3.3280947015589906
1.66 3.311515750655615
1.67 3.2930414118920357
1.68 3.2726899172101795
1.69 3.250481351078232
1.7 3.2264376306696914
1.71 3.2005824842337676
1.72 3.172941427678465
1.73 3.1435417393894562
1.74 3.1124124333096157
1.75 3.079584230305759
1.76 3.0450895278508527
1.77 3.0089623680516233
1.78 2.9712384040531097
1.79 2.9319548648533074
1.8 2.8911505185626476
1.81 2.848865634144552
1.82 2.8051419416748233
1.83 2.760022591159106
1.84 2.713552109949032
1.85 2.665776358799108
1.86 2.6167424866076816
1.87 2.566498883886675
1.88 2.51509513500599
1.89 2.4625819692597224
1.9 2.409011210802471
1.91 2.3544357275051597
1.92 2.298909378780823
1.93 2.242486962431874
1.94 2.1852241605712903
1.95 2.1271774846710847
1.96 2.0684042197923116
1.97 2.0089623680516238
1.98 1.9489105913801874
1.99 1.8883081536314383
0 1.827214862094814
0.01 1.765691008473178
0.02 1.7037973093821905
0.03 1.6415948464303374
0.04 1.5791450059387575
0.05 1.5165094183603556
0.06 1.4537498974579854
0.07 1.3909283793017289
0.08 1.3281068611454723
0.09 1.2653473402431021
0.1 1.2027117526647002
0.11 1.1402619121731203
0.12 1.0780594492212672
0.13 1.0161657501302797
0.14 0.9546418965086437
0.15 0.8935486049720193
0.16 0.8329461672232703
0.17 0.772894390551834
0.18 0.7134525388111461
0.19 0.654679273932373
0.2 0.5966325980321676
0.21 0.5393697961715834
0.22 0.48294737982263525
0.23 0.4274210310982982
0.92 0.41214770821414204
0.93 0.4676740569384791
0.94 0.5240964732874273
0.95 0.5813592751480114
0.96 0.6394059510482168
0.97 0.69817921592699
0.98 0.7576210676676778
0.99 0.8176728443391141
1 0.8782752820878631
1.01 0.9393685736244876
1.02 1.0008924272461235
1.03 1.062786126337111
1.04 1.1249885892889642
1.05 1.187438429780544
1.06 1.250074017358946
1.07 1.312833538261316
1.08 1.3756550564175727
1.09 1.4384765745738293
1.1 1.5012360954761994
1.11 1.5638716830546013
1.12 1.6263215235461812
1.13 1.6885239864980344
1.14 1.7504176855890219
1.15 1.811941539210658
1.16 1.8730348307472822
1.17 1.9336372684960312
1.18 1.9936890451674676
1.19 2.053130896908155
1.2 2.1119041617869287
1.21 2.169950837687134
1.22 2.2272136395477182
1.23 2.2836360558966664
1.24 2.3391624046210033
1.25 2.393737887918315
1.26 2.447308646375566
1.27 2.499821812121834
1.28 2.551225561002519
1.29 2.6014691637235257
1.3 2.650503035914952
1.31 2.698278787064876
1.32 2.74474926827495
1.33 2.7898686187906674
1.34 2.833592311260396
1.35 2.8758771956784916
1.36 2.9166815419691514
1.37 2.9559650811689537
1.38 2.9936890451674674
1.39 3.0298162049666963
1.4 3.064310907421603
1.41 3.0971391104254598
1.42 3.1282684165053
1.43 3.1576681047943085
1.44 3.1853091613496116
1.45 3.211164307785535
1.46 3.2352080281940756
1.47 3.2574165943260236
1.48 3.2777680890078797
1.49 3.296242427771459
1.5 3.3128213786748346
1.51 3.3274885802950673
1.52 3.34022955787495
1.53 3.351031737607848
1.54 3.3598844590465284
1.55 3.3667789856237325
1.56 3.371708513274116
1.57 3.374668177149036
1.58 3.3756550564175725
1.59 3.374668177149036
1.6 3.371708513274116
1.61 3.3667789856237325
1.62 3.3598844590465284
1.63 3.351031737607848
1.64 3.34022955787495
1.65 3.3274885802950673
1.66 3.3128213786748346
1.67 3.296242427771459
1.68 3.2777680890078797
1.69 3.2574165943260236
1.7 3.2352080281940756
1.71 3.211164307785535
1.72 3.1853091613496116
1.73 3.1576681047943085
1.74 3.1282684165053
1.75 3.0971391104254598
1.76 3.064310907421603
1.77 3.0298162049666963
1.78 2.9936890451674674
1.79 2.9559650811689537
1.8 2.9166815419691514
1.81 2.8758771956784916
1.82 2.833592311260396
1.83 2.7898686187906674
1.84 2.74474926827495
1.85 2.698278787064876
1.86 2.650503035914952
1.87 2.6014691637235257
1.88 2.551225561002519
1.89 2.499821812121834
1.9 2.447308646375566
1.91 2.393737887918315
1.92 2.3391624046210033
1.93 2.2836360558966664
1.94 2.2272136395477182
1.95 2.169950837687134
1.96 2.1119041617869287
1.97 2.053130896908155
1.98 1.9936890451674676
1.99 1.9336372684960312
0 1.8730348307472822
0.01 1.811941539210658
0.02 1.7504176855890219
0.03 1.6885239864980344
0.04 1.6263215235461812
0.05 1.5638716830546013
0.06 1.5012360954761994
0.07 1.4384765745738293
0.08 1.3756550564175727
0.09 1.312833538261316
0.1 1.250074017358946
0.11 1.187438429780544
0.12 1.1249885892889642
0.13 1.062786126337111
0.14 1.0008924272461235
0.15 0.9393685736244876
0.16 0.8782752820878631
0.17 0.8176728443391141
0.18 0.7576210676676778
0.19 0.69817921592699
0.2 0.6394059510482168
0.21 0.5813592751480114
0.22 0.5240964732874273
0.23 0.4676740569384791
0.24 0.41214770821414204
0.93 0.39699709877695477
0.94 0.4525234475012918
0.95 0.50894586385024
0.96 0.5662086657108242
0.97 0.6242553416110296
0.98 0.6830286064898027
0.99 0.7424704582304905
1 0.8025222349019269
1.01 0.8631246726506758
1.02 0.9242179641873003
1.03 0.9857418178089362
1.04 1.0476355168999238
1.05 1.1098379798517768
1.06 1.1722878203433567
1.07 1.2349234079217588
1.08 1.2976829288241287
1.09 1.3605044469803853
1.1 1.423325965136642
1.11 1.4860854860390122
1.12 1.548721073617414
1.13 1.6111709141089938
1.14 1.6733733770608472
1.15 1.7352670761518345
1.16 1.7967909297734708
1.17 1.857884221310095
1.18 1.918486659058844
1.19 1.9785384357302802
1.2 2.037980287470968
1.21 2.096753552349741
1.22 2.1548002282499468
1.23 2.212063030110531
1.24 2.2684854464594792
1.25 2.324011795183816
1.26 2.378587278481128
1.27 2.432158036938379
1.28 2.484671202684647
1.29 2.536074951565332
1.3 2.5863185542863385
1.31 2.635352426477765
1.32 2.683128177627689
1.33 2.7295986588377628
1.34 2.7747180093534802
1.35 2.818441701823209
1.36 2.8607265862413045
1.37 2.9015309325319643
1.38 2.9408144717317666
1.39 2.97853843573028
1.4 3.014665595529509
1.41 3.049160297984416
1.42 3.0819885009882726
1.43 3.1131178070681127
1.44 3.1425174953571213
1.45 3.1701585519124245
1.46 3.196013698348348
1.47 3.2200574187568884
1.48 3.2422659848888364
1.49 3.2626174795706926
1.5 3.281091818334272
1.51 3.2976707692376475
1.52 3.31233797085788
1.53 3.325078948437763
1.54 3.335881128170661
1.55 3.3447338496093413
1.56 3.3516283761865453
1.57 3.356557903836929
1.58 3.359517567711849
1.59 3.3605044469803853
1.6 3.359517567711849
1.61 3.356557903836929
1.62 3.3516283761865453
1.63 3.3447338496093413
1.64 3.335881128170661
1.65 3.325078948437763
1.66 3.31233797085788
1.67 3.2976707692376475
1.68 3.281091818334272
1.69 3.2626174795706926
1.7 3.2422659848888364
1.71 3.2200574187568884
1.72 3.196013698348348
1.73 3.1701585519124245
1.74 3.1425174953571213
1.75 3.1131178070681127
1.76 3.0819885009882726
1.77 3.049160297984416
1.78 3.014665595529509
1.79 2.97853843573028
1.8 2.9408144717317666
1.81 2.9015309325319643
1.82 2.8607265862413045
1.83 2.818441701823209
1.84 2.7747180093534802
1.85 2.7295986588377628
1.86 2.683128177627689
1.87 2.635352426477765
1.88 2.5863185542863385
1.89 2.536074951565332
1.9 2.484671202684647
1.91 2.432158036938379
1.92 2.378587278481128
1.93 2.324011795183816
1.94 2.2684854464594792
1.95 2.212063030110531
1.96 2.1548002282499468
1.97 2.096753552349741
1.98 2.037980287470968
1.99 1.9785384357302802
0 1.918486659058844
0.01 1.857884221310095
0.02 1.7967909297734708
0.03 1.7352670761518345
0.04 1.6733733770608472
0.05 1.6111709141089938
0.06 1.548721073617414
0.07 1.4860854860390122
0.08 1.423325965136642
0.09 1.3605044469803853
0.1 1.2976829288241287
0.11 1.2349234079217588
0.12 1.1722878203433567
0.13 1.1098379798517768
0.14 1.0476355168999238
0.15 0.9857418178089362
0.16 0.9242179641873003
0.17 0.8631246726506758
0.18 0.8025222349019269
0.19 0.7424704582304905
0.2 0.6830286064898027
0.21 0.6242553416110296
0.22 0.5662086657108242
0.23 0.50894586385024
0.24 0.4525234475012918
0.25 0.39699709877695477
0.94 0.38198415460909574
0.95 0.4375105033334328
0.96 0.49393291968238096
0.97 0.5511957215429651
0.98 0.6092423974431705
0.99 0.6680156623219436
1 0.7274575140626315
1.01 0.7875092907340678
1.02 0.8481117284828168
1.03 0.9092050200194413
1.04 0.9707288736410772
1.05 1.0326225727320648
1.06 1.0948250356839178
1.07 1.1572748761754976
1.08 1.2199104637538998
1.09 1.2826699846562697
1.1 1.3454915028125263
1.11 1.4083130209687829
1.12 1.4710725418711532
1.13 1.533708129449555
1.14 1.5961579699411348
1.15 1.6583604328929882
1.16 1.7202541319839755
1.17 1.7817779856056117
1.18 1.842871277142236
1.19 1.903473714890985
1.2 1.9635254915624212
1.21 2.022967343303109
1.22 2.081740608181882
1.23 2.1397872840820877
1.24 2.197050085942672
1.25 2.25347250229162
1.26 2.308998851015957
1.27 2.363574334313269
1.28 2.41714509277052
1.29 2.469658258516788
1.3 2.521062007397473
1.31 2.5713056101184795
1.32 2.6203394823099058
1.33 2.66811523345983
1.34 2.7145857146699037
1.35 2.759705065185621
1.36 2.80342875765535
1.37 2.8457136420734455
1.38 2.8865179883641052
1.39 2.9258015275639075
1.4 2.963525491562421
1.41 2.99965265136165
1.42 3.034147353816557
1.43 3.0669755568204136
1.44 3.0981048629002537
1.45 3.1275045511892623
1.46 3.1551456077445654
1.47 3.1810007541804888
1.48 3.2050444745890294
1.49 3.2272530407209774
1.5 3.2476045354028336
1.51 3.266078874166413
1.52 3.2826578250697884
1.53 3.297325026690021
1.54 3.310066004269904
1.55 3.320868184002802
1.56 3.3297209054414822
1.57 3.3366154320186863
1.58 3.34154495966907
1.59 3.34450462354399
1.6 3.3454915028125263
1.61 3.34450462354399
1.62 3.34154495966907
1.63 3.3366154320186863
1.64 3.3297209054414822
1.65 3.320868184002802
1.66 3.310066004269904
1.67 3.297325026690021
1.68 3.2826578250697884
1.69 3.266078874166413
1.7 3.2476045354028336
1.71 3.2272530407209774
1.72 3.2050444745890294
1.73 3.1810007541804888
1.74 3.1551456077445654
1.75 3.1275045511892623
1.76 3.0981048629002537
1.77 3.0669755568204136
1.78 3.034147353816557
1.79 2.99965265136165
1.8 2.963525491562421
1.81 2.9258015275639075
1.82 2.8865179883641052
1.83 2.8457136420734455
1.84 2.80342875765535
1.85 2.759705065185621
1.86 2.7145857146699037
1.87 2.66811523345983
1.88 2.6203394823099058
1.89 2.5713056101184795
1.9 2.521062007397473
1.91 2.469658258516788
1.92 2.41714509277052
1.93 2.363574334313269
1.94 2.308998851015957
1.95 2.25347250229162
1.96 2.197050085942672
1.97 2.1397872840820877
1.98 2.081740608181882
1.99 2.022967343303109
0 1.9635254915624212
0.01 1.903473714890985
0.02 1.842871277142236
0.03 1.7817779856056117
0.04 1.7202541319839755
0.05 1.6583604328929882
0.06 1.5961579699411348
0.07 1.533708129449555
0.08 1.4710725418711532
0.09 1.4083130209687829
0.1 1.3454915028125263
0.11 1.2826699846562697
0.12 1.2199104637538998
0.13 1.1572748761754976
0.14 1.0948250356839178
0.15 1.0326225727320648
0.16 0.9707288736410772
0.17 0.9092050200194413
0.18 0.8481117284828168
0.19 0.7875092907340678
0.2 0.7274575140626315
0.21 0.6680156623219436
0.22 0.6092423974431705
0.23 0.5511957215429651
0.24 0.49393291968238096
0.25 0.4375105033334328
0.26 0.38198415460909574
0.95 0.3671236916739238
0.96 0.4226500403982608
0.97 0.479072456747209
0.98 0.5363352586077932
0.99 0.5943819345079986
1 0.6531551993867717
1.01 0.7125970511274595
1.02 0.7726488277988959
1.03 0.8332512655476448
1.04 0.8943445570842693
1.05 0.9558684107059052
1.06 1.0177621097968927
1.07 1.079964572748746
1.08 1.1424144132403258
1.09 1.2050500008187277
1.1 1.2678095217210978
1.11 1.3306310398773544
1.12 1.393452558033611
1.13 1.4562120789359811
1.14 1.518847666514383
1.15 1.581297507005963
1.16 1.643499969957816
1.17 1.7053936690488036
1.18 1.7669175226704397
1.19 1.828010814207064
1.2 1.888613251955813
1.21 1.9486650286272493
1.22 2.0081068803679374
1.23 2.06688014524671
1.24 2.1249268211469157
1.25 2.1821896230075
1.26 2.238612039356448
1.27 2.294138388080785
1.28 2.348713871378097
1.29 2.4022846298353477
1.3 2.454797795581616
1.31 2.506201544462301
1.32 2.5564451471833074
1.33 2.6054790193747337
1.34 2.653254770524658
1.35 2.6997252517347317
1.36 2.744844602250449
1.37 2.7885682947201778
1.38 2.8308531791382734
1.39 2.871657525428933
1.4 2.9109410646287355
1.41 2.948665028627249
1.42 2.984792188426478
1.43 3.019286890881385
1.44 3.0521150938852415
1.45 3.0832443999650816
1.46 3.1126440882540902
1.47 3.1402851448093934
1.48 3.1661402912453167
1.49 3.1901840116538573
1.5 3.2123925777858053
1.51 3.2327440724676615
1.52 3.251218411231241
1.53 3.2677973621346164
1.54 3.282464563754849
1.55 3.295205541334732
1.56 3.3060077210676297
1.57 3.31486044250631
1.58 3.321754969083514
1.59 3.3266844967338978
1.6 3.329644160608818
1.61 3.330631039877354
1.62 3.329644160608818
1.63 3.3266844967338978
1.64 3.321754969083514
1.65 3.31486044250631
1.66 3.3060077210676297
1.67 3.295205541334732
1.68 3.282464563754849
1.69 3.2677973621346164
1.7 3.251218411231241
1.71 3.2327440724676615
1.72 3.2123925777858053
1.73 3.1901840116538573
1.74 3.1661402912453167
1.75 3.1402851448093934
1.76 3.1126440882540902
1.77 3.0832443999650816
1.78 3.0521150938852415
1.79 3.019286890881385
1.8 2.984792188426478
1.81 2.948665028627249
1.82 2.9109410646287355
1.83 2.871657525428933
1.84 2.8308531791382734
1.85 2.7885682947201778
1.86 2.744844602250449
1.87 2.6997252517347317
1.88 2.653254770524658
1.89 2.6054790193747337
1.9 2.5564451471833074
1.91 2.506201544462301
1.92 2.454797795581616
1.93 2.4022846298353477
1.94 2.348713871378097
1.95 2.294138388080785
1.96 2.238612039356448
1.97 2.1821896230075
1.98 2.1249268211469157
1.99 2.06688014524671
0 2.0081068803679374
0.01 1.9486650286272493
0.02 1.888613251955813
0.03 1.828010814207064
0.04 1.7669175226704397
0.05 1.7053936690488036
0.06 1.643499969957816
0.07 1.581297507005963
0.08 1.518847666514383
0.09 1.4562120789359811
0.1 1.393452558033611
0.11 1.3306310398773544
0.12 1.2678095217210978
0.13 1.2050500008187277
0.14 1.1424144132403258
0.15 1.079964572748746
0.16 1.0177621097968927
0.17 0.9558684107059052
0.18 0.8943445570842693
0.19 0.8332512655476448
0.2 0.7726488277988959
0.21 0.7125970511274595
0.22 0.6531551993867717
0.23 0.5943819345079986
0.24 0.5363352586077932
0.25 0.479072456747209
0.26 0.4226500403982608
0.27 0.3671236916739238
0.96 0.3524303754542305
0.97 0.40795672417856754
0.98 0.4643791405275157
0.99 0.5216419423880999
1 0.5796886182883053
1.01 0.6384618831670784
1.02 0.6979037349077662
1.03 0.7579555115792026
1.04 0.8185579493279516
1.05 0.879651240864576
1.06 0.941175094486212
1.07 1.0030687935771994
1.08 1.0652712565290527
1.09 1.1277210970206326
1.1 1.1903566845990343
1.11 1.2531162055014047
1.12 1.3159377236576613
1.13 1.3787592418139178
1.14 1.4415187627162878
1.15 1.50415435029469
1.16 1.5666041907862698
1.17 1.6288066537381227
1.18 1.6907003528291105
1.19 1.7522242064507463
1.2 1.8133174979873705
1.21 1.8739199357361196
1.22 1.9339717124075562
1.23 1.993413564148244
1.24 2.052186829027017
1.25 2.1102335049272223
1.26 2.1674963067878066
1.27 2.2239187231367548
1.28 2.2794450718610917
1.29 2.3340205551584035
1.3 2.3875913136156544
1.31 2.4401044793619224
1.32 2.4915082282426075
1.33 2.541751830963614
1.34 2.5907857031550403
1.35 2.6385614543049645
1.36 2.6850319355150383
1.37 2.7301512860307557
1.38 2.7738749785004844
1.39 2.81615986291858
1.4 2.8569642092092398
1.41 2.896247748409042
1.42 2.9339717124075557
1.43 2.9700988722067847
1.44 3.0045935746616914
1.45 3.037421777665548
1.46 3.068551083745388
1.47 3.097950772034397
1.48 3.1255918285897
1.49 3.1514469750256233
1.5 3.175490695434164
1.51 3.197699261566112
1.52 3.218050756247968
1.53 3.2365250950115474
1.54 3.253104045914923
1.55 3.2677712475351557
1.56 3.2805122251150385
1.57 3.2913144048479364
1.58 3.300167126286617
1.59 3.307061652863821
1.6 3.3119911805142044
1.61 3.3149508443891245
1.62 3.315937723657661
1.63 3.3149508443891245
1.64 3.3119911805142044
1.65 3.307061652863821
1.66 3.300167126286617
1.67 3.2913144048479364
1.68 3.2805122251150385
1.69 3.2677712475351557
1.7 3.253104045914923
1.71 3.2365250950115474
1.72 3.218050756247968
1.73 3.197699261566112
1.74 3.175490695434164
1.75 3.1514469750256233
1.76 3.1255918285897
1.77 3.097950772034397
1.78 3.068551083745388
1.79 3.037421777665548
1.8 3.0045935746616914
1.81 2.9700988722067847
1.82 2.9339717124075557
1.83 2.896247748409042
1.84 2.8569642092092398
1.85 2.81615986291858
1.86 2.7738749785004844
1.87 2.7301512860307557
1.88 2.6850319355150383
1.89 2.6385614543049645
1.9 2.5907857031550403
1.91 2.541751830963614
1.92 2.4915082282426075
1.93 2.4401044793619224
1.94 2.3875913136156544
1.95 2.3340205551584035
1.96 2.2794450718610917
1.97 2.2239187231367548
1.98 2.1674963067878066
1.99 2.1102335049272223
0 2.052186829027017
0.01 1.993413564148244
0.02 1.9339717124075562
0.03 1.8739199357361196
0.04 1.8133174979873705
0.05 1.7522242064507463
0.06 1.6907003528291105
0.07 1.6288066537381227
0.08 1.5666041907862698
0.09 1.50415435029469
0.1 1.4415187627162878
0.11 1.3787592418139178
0.12 1.3159377236576613
0.13 1.2531162055014047
0.14 1.1903566845990343
0.15 1.1277210970206326
0.16 1.0652712565290527
0.17 1.0030687935771994
0.18 0.941175094486212
0.19 0.879651240864576
0.2 0.8185579493279516
0.21 0.7579555115792026
0.22 0.6979037349077662
0.23 0.6384618831670784
0.24 0.5796886182883053
0.25 0.5216419423880999
0.26 0.4643791405275157
0.27 0.40795672417856754
0.28 0.3524303754542305
0.97 0.3379187064791792
0.98 0.39344505520351625
0.99 0.4498674715524644
1 0.5071302734130486
1.01 0.565176949313254
1.02 0.6239502141920271
1.03 0.683392065932715
1.04 0.7434438426041513
1.05 0.8040462803529003
1.06 0.8651395718895247
1.07 0.9266634255111607
1.08 0.9885571246021482
1.09 1.0507595875540012
1.1 1.113209428045581
1.11 1.1758450156239832
1.12 1.2386045365263532
1.13 1.3014260546826097
1.14 1.3642475728388663
1.15 1.4270070937412367
1.16 1.4896426813196384
1.17 1.5520925218112183
1.18 1.6142949847630716
1.19 1.676188683854059
1.2 1.7377125374756952
1.21 1.7988058290123194
1.22 1.8594082667610685
1.23 1.9194600434325046
1.24 1.9789018951731925
1.25 2.0376751600519656
1.26 2.095721835952171
1.27 2.1529846378127555
1.28 2.2094070541617037
1.29 2.2649334028860406
1.3 2.3195088861833524
1.31 2.3730796446406033
1.32 2.4255928103868714
1.33 2.4769965592675565
1.34 2.527240161988563
1.35 2.5762740341799892
1.36 2.6240497853299134
1.37 2.670520266539987
1.38 2.7156396170557047
1.39 2.7593633095254333
1.4 2.801648193943529
1.41 2.8424525402341887
1.42 2.881736079433991
1.43 2.9194600434325046
1.44 2.9555872032317336
1.45 2.9900819056866403
1.46 3.022910108690497
1.47 3.054039414770337
1.48 3.0834391030593458
1.49 3.111080159614649
1.5 3.1369353060505722
1.51 3.160979026459113
1.52 3.183187592591061
1.53 3.203539087272917
1.54 3.2220134260364963
1.55 3.238592376939872
1.56 3.2532595785601046
1.57 3.2660005561399874
1.58 3.2768027358728853
1.59 3.2856554573115657
1.6 3.2925499838887697
1.61 3.2974795115391533
1.62 3.3004391754140734
1.63 3.3014260546826097
1.64 3.3004391754140734
1.65 3.2974795115391533
1.66 3.2925499838887697
1.67 3.2856554573115657
1.68 3.2768027358728853
1.69 3.2660005561399874
1.7 3.2532595785601046
1.71 3.238592376939872
1.72 3.2220134260364963
1.73 3.203539087272917
1.74 3.183187592591061
1.75 3.160979026459113
1.76 3.1369353060505722
1.77 3.111080159614649
1.78 3.0834391030593458
1.79 3.054039414770337
1.8 3.022910108690497
1.81 2.9900819056866403
1.82 2.9555872032317336
1.83 2.9194600434325046
1.84 2.881736079433991
1.85 2.8424525402341887
1.86 2.801648193943529
1.87 2.7593633095254333
1.88 2.7156396170557047
1.89 2.670520266539987
1.9 2.6240497853299134
1.91 2.5762740341799892
1.92 2.527240161988563
1.93 2.4769965592675565
1.94 2.4255928103868714
1.95 2.3730796446406033
1.96 2.3195088861833524
1.97 2.2649334028860406
1.98 2.2094070541617037
1.99 2.1529846378127555
0 2.095721835952171
0.01 2.0376751600519656
0.02 1.9789018951731925
0.03 1.9194600434325046
0.04 1.8594082667610685
0.05 1.7988058290123194
0.06 1.7377125374756952
0.07 1.676188683854059
0.08 1.6142949847630716
0.09 1.5520925218112183
0.1 1.4896426813196384
0.11 1.4270070937412367
0.12 1.3642475728388663
0.13 1.3014260546826097
0.14 1.2386045365263532
0.15 1.1758450156239832
0.16 1.113209428045581
0.17 1.0507595875540012
0.18 0.9885571246021482
0.19 0.9266634255111607
0.2 0.8651395718895247
0.21 0.8040462803529003
0.22 0.7434438426041513
0.23 0.683392065932715
0.24 0.6239502141920271
0.25 0.565176949313254
0.26 0.5071302734130486
0.27 0.4498674715524644
0.28 0.39344505520351625
0.29 0.3379187064791792
0.98 0.32360300601403313
0.99 0.3791293547383702
1 0.43555177108731835
1.01 0.49281457294790254
1.02 0.5508612488481079
1.03 0.609634513726881
1.04 0.6690763654675689
1.05 0.7291281421390052
1.06 0.7897305798877542
1.07 0.8508238714243787
1.08 0.9123477250460146
1.09 0.9742414241370021
1.1 1.0364438870888553
1.11 1.0988937275804351
1.12 1.161529315158837
1.13 1.2242888360612072
1.14 1.2871103542174638
1.15 1.3499318723737204
1.16 1.4126913932760905
1.17 1.4753269808544924
1.18 1.5377768213460723
1.19 1.5999792842979255
1.2 1.661872983388913
1.21 1.723396837010549
1.22 1.7844901285471733
1.23 1.8450925662959223
1.24 1.9051443429673587
1.25 1.9645861947080465
1.26 2.0233594595868194
1.27 2.081406135487025
1.28 2.1386689373476093
1.29 2.1950913536965575
1.3 2.2506177024208944
1.31 2.305193185718206
1.32 2.358763944175457
1.33 2.411277109921725
1.34 2.4626808588024103
1.35 2.5129244615234168
1.36 2.561958333714843
1.37 2.609734084864767
1.38 2.656204566074841
1.39 2.7013239165905585
1.4 2.745047609060287
1.41 2.7873324934783827
1.42 2.8281368397690425
1.43 2.867420378968845
1.44 2.9051443429673585
1.45 2.9412715027665874
1.46 2.975766205221494
1.47 3.008594408225351
1.48 3.039723714305191
1.49 3.0691234025941996
1.5 3.0967644591495027
1.51 3.122619605585426
1.52 3.1466633259939667
1.53 3.1688718921259147
1.54 3.189223386807771
1.55 3.20769772557135
1.56 3.2242766764747257
1.57 3.2389438780949584
1.58 3.2516848556748412
1.59 3.262487035407739
1.6 3.2713397568464195
1.61 3.2782342834236236
1.62 3.283163811074007
1.63 3.286123474948927
1.64 3.2871103542174636
1.65 3.286123474948927
1.66 3.283163811074007
1.67 3.2782342834236236
1.68 3.2713397568464195
1.69 3.262487035407739
1.7 3.2516848556748412
1.71 3.2389438780949584
1.72 3.2242766764747257
1.73 3.20769772557135
1.74 3.189223386807771
1.75 3.1688718921259147
1.76 3.1466633259939667
1.77 3.122619605585426
1.78 3.0967644591495027
1.79 3.0691234025941996
1.8 3.039723714305191
1.81 3.008594408225351
1.82 2.975766205221494
1.83 2.9412715027665874
1.84 2.9051443429673585
1.85 2.867420378968845
1.86 2.8281368397690425
1.87 2.7873324934783827
1.88 2.745047609060287
1.89 2.7013239165905585
1.9 2.656204566074841
1.91 2.609734084864767
1.92 2.561958333714843
1.93 2.5129244615234168
1.94 2.4626808588024103
1.95 2.411277109921725
1.96 2.358763944175457
1.97 2.305193185718206
1.98 2.2506177024208944
1.99 2.1950913536965575
0 2.1386689373476093
0.01 2.081406135487025
0.02 2.0233594595868194
0.03 1.9645861947080465
0.04 1.9051443429673587
0.05 1.8450925662959223
0.06 1.7844901285471733
0.07 1.723396837010549
0.08 1.661872983388913
0.09 1.5999792842979255
0.1 1.5377768213460723
0.11 1.4753269808544924
0.12 1.4126913932760905
0.13 1.3499318723737204
0.14 1.2871103542174638
0.15 1.2242888360612072
0.16 1.161529315158837
0.17 1.0988937275804351
0.18 1.0364438870888553
0.19 0.9742414241370021
0.2 0.9123477250460146
0.21 0.8508238714243787
0.22 0.7897305798877542
0.23 0.7291281421390052
0.24 0.6690763654675689
0.25 0.609634513726881
0.26 0.5508612488481079
0.27 0.49281457294790254
0.28 0.43555177108731835
0.29 0.3791293547383702
0.3 0.32360300601403313
0.99 0.3094974019267961
1 0.3650237506511331
1.01 0.4214461670000813
1.02 0.4787089688606655
1.03 0.5367556447608709
1.04 0.595528909639644
1.05 0.6549707613803318
1.06 0.7150225380517682
1.07 0.7756249758005171
1.08 0.8367182673371416
1.09 0.8982421209587775
1.1 0.960135820049765
1.11 1.022338283001618
1.12 1.084788123493198
1.13 1.1474237110716001
1.14 1.21018323197397
1.15 1.2730047501302266
1.16 1.3358262682864832
1.17 1.3985857891888536
1.18 1.4612213767672553
1.19 1.5236712172588351
1.2 1.5858736802106885
1.21 1.6477673793016758
1.22 1.709291232923312
1.23 1.7703845244599363
1.24 1.8309869622086854
1.25 1.8910387388801215
1.26 1.9504805906208094
1.27 2.0092538554995825
1.28 2.067300531399788
1.29 2.1245633332603724
1.3 2.1809857496093206
1.31 2.2365120983336575
1.32 2.2910875816309693
1.33 2.34465834008822
1.34 2.3971715058344882
1.35 2.4485752547151733
1.36 2.49881885743618
1.37 2.547852729627606
1.38 2.5956284807775303
1.39 2.642098961987604
1.4 2.6872183125033215
1.41 2.73094200497305
1.42 2.773226889391146
1.43 2.8140312356818056
1.44 2.853314774881608
1.45 2.8910387388801215
1.46 2.9271658986793505
1.47 2.961660601134257
1.48 2.994488804138114
1.49 3.025618110217954
1.5 3.0550177985069626
1.51 3.082658855062266
1.52 3.108514001498189
1.53 3.1325577219067298
1.54 3.1547662880386778
1.55 3.175117782720534
1.56 3.193592121484113
1.57 3.2101710723874888
1.58 3.2248382740077215
1.59 3.2375792515876043
1.6 3.248381431320502
1.61 3.2572341527591826
1.62 3.2641286793363866
1.63 3.26905820698677
1.64 3.2720178708616903
1.65 3.2730047501302266
1.66 3.2720178708616903
1.67 3.26905820698677
1.68 3.2641286793363866
1.69 3.2572341527591826
1.7 3.248381431320502
1.71 3.2375792515876043
1.72 3.2248382740077215
1.73 3.2101710723874888
1.74 3.193592121484113
1.75 3.175117782720534
1.76 3.1547662880386778
1.77 3.1325577219067298
1.78 3.108514001498189
1.79 3.082658855062266
1.8 3.0550177985069626
1.81 3.025618110217954
1.82 2.994488804138114
1.83 2.961660601134257
1.84 2.9271658986793505
1.85 2.8910387388801215
1.86 2.853314774881608
1.87 2.8140312356818056
1.88 2.773226889391146
1.89 2.73094200497305
1.9 2.6872183125033215
1.91 2.642098961987604
1.92 2.5956284807775303
1.93 2.547852729627606
1.94 2.49881885743618
1.95 2.4485752547151733
1.96 2.3971715058344882
1.97 2.34465834008822
1.98 2.2910875816309693
1.99 2.2365120983336575
0 2.1809857496093206
0.01 2.1245633332603724
0.02 2.067300531399788
0.03 2.0092538554995825
0.04 1.9504805906208094
0.05 1.8910387388801215
0.06 1.8309869622086854
0.07 1.7703845244599363
0.08 1.709291232923312
0.09 1.6477673793016758
0.1 1.5858736802106885
0.11 1.5236712172588351
0.12 1.4612213767672553
0.13 1.3985857891888536
0.14 1.3358262682864832
0.15 1.2730047501302266
0.16 1.21018323197397
0.17 1.1474237110716001
0.18 1.084788123493198
0.19 1.022338283001618
0.2 0.960135820049765
0.21 0.8982421209587775
0.22 0.8367182673371416
0.23 0.7756249758005171
0.24 0.7150225380517682
0.25 0.6549707613803318
0.26 0.595528909639644
0.27 0.5367556447608709
0.28 0.4787089688606655
0.29 0.4214461670000813
0.3 0.3650237506511331
0.31 0.3094974019267961
1 0.29561581474571186
1.01 0.3511421634700489
1.02 0.4075645798189971
1.03 0.46482738167958126
1.04 0.5228740575797867
1.05 0.5816473224585598
1.06 0.6410891741992476
1.07 0.701140950870684
1.08 0.7617433886194329
1.09 0.8228366801560574
1.1 0.8843605337776933
1.11 0.9462542328686808
1.12 1.0084566958205339
1.13 1.0709065363121137
1.14 1.133542123890516
1.15 1.1963016447928858
1.16 1.2591231629491424
1.17 1.321944681105399
1.18 1.3847042020077693
1.19 1.447339789586171
1.2 1.509789630077751
1.21 1.5719920930296043
1.22 1.6338857921205916
1.23 1.6954096457422279
1.24 1.756502937278852
1.25 1.8171053750276012
1.26 1.8771571516990373
1.27 1.9365990034397251
1.28 1.9953722683184982
1.29 2.053418944218704
1.3 2.110681746079288
1.31 2.1671041624282363
1.32 2.2226305111525733
1.33 2.277205994449885
1.34 2.330776752907136
1.35 2.383289918653404
1.36 2.434693667534089
1.37 2.4849372702550956
1.38 2.533971142446522
1.39 2.581746893596446
1.4 2.62821737480652
1.41 2.6733367253222373
1.42 2.717060417791966
1.43 2.7593453022100616
1.44 2.8001496485007213
1.45 2.8394331877005237
1.46 2.8771571516990373
1.47 2.9132843114982663
1.48 2.947779013953173
1.49 2.9806072169570297
1.5 3.01173652303687
1.51 3.0411362113258784
1.52 3.0687772678811815
1.53 3.094632414317105
1.54 3.1186761347256455
1.55 3.1408847008575935
1.56 3.1612361955394497
1.57 3.179710534303029
1.58 3.1962894852064045
1.59 3.2109566868266373
1.6 3.22369766440652
1.61 3.234499844139418
1.62 3.2433525655780984
1.63 3.2502470921553024
1.64 3.255176619805686
1.65 3.258136283680606
1.66 3.2591231629491424
1.67 3.258136283680606
1.68 3.255176619805686
1.69 3.2502470921553024
1.7 3.2433525655780984
1.71 3.234499844139418
1.72 3.22369766440652
1.73 3.2109566868266373
1.74 3.1962894852064045
1.75 3.179710534303029
1.76 3.1612361955394497
1.77 3.1408847008575935
1.78 3.1186761347256455
1.79 3.094632414317105
1.8 3.0687772678811815
1.81 3.0411362113258784
1.82 3.01173652303687
1.83 2.9806072169570297
1.84 2.947779013953173
1.85 2.9132843114982663
1.86 2.8771571516990373
1.87 2.8394331877005237
1.88 2.8001496485007213
1.89 2.7593453022100616
1.9 2.717060417791966
1.91 2.6733367253222373
1.92 2.62821737480652
1.93 2.581746893596446
1.94 2.533971142446522
1.95 2.4849372702550956
1.96 2.434693667534089
1.97 2.383289918653404
1.98 2.330776752907136
1.99 2.277205994449885
0 2.2226305111525733
0.01 2.1671041624282363
0.02 2.110681746079288
0.03 2.053418944218704
0.04 1.9953722683184982
0.05 1.9365990034397251
0.06 1.8771571516990373
0.07 1.8171053750276012
0.08 1.756502937278852
0.09 1.6954096457422279
0.1 1.6338857921205916
0.11 1.5719920930296043
0.12 1.509789630077751
0.13 1.447339789586171
0.14 1.3847042020077693
0.15 1.321944681105399
0.16 1.2591231629491424
0.17 1.1963016447928858
0.18 1.133542123890516
0.19 1.0709065363121137
0.2 1.0084566958205339
0.21 0.9462542328686808
0.22 0.8843605337776933
0.23 0.8228366801560574
0.24 0.7617433886194329
0.25 0.701140950870684
0.26 0.6410891741992476
0.27 0.5816473224585598
0.28 0.5228740575797867
0.29 0.46482738167958126
0.3 0.4075645798189971
0.31 0.3511421634700489
0.32 0.29561581474571186
1.01 0.2819719439213839
1.02 0.33749829264572095
1.03 0.39392070899466913
1.04 0.4511835108552533
1.05 0.5092301867554587
1.06 0.5680034516342318
1.07 0.6274453033749197
1.08 0.687497080046356
1.09 0.748099517795105
1.1 0.8091928093317294
1.11 0.8707166629533654
1.12 0.9326103620443529
1.13 0.994812824996206
1.14 1.057262665487786
1.15 1.1198982530661878
1.16 1.182657773968558
1.17 1.2454792921248146
1.18 1.3083008102810711
1.19 1.3710603311834413
1.2 1.4336959187618432
1.21 1.496145759253423
1.22 1.5583482222052762
1.23 1.6202419212962638
1.24 1.6817657749178998
1.25 1.742859066454524
1.26 1.8034615042032731
1.27 1.8635132808747095
1.28 1.9229551326153973
1.29 1.9817283974941704
1.3 2.0397750733943756
1.31 2.0970378752549603
1.32 2.153460291603908
1.33 2.208986640328245
1.34 2.263562123625557
1.35 2.3171328820828077
1.36 2.369646047829076
1.37 2.4210497967097613
1.38 2.4712933994307678
1.39 2.520327271622194
1.4 2.568103022772118
1.41 2.614573503982192
1.42 2.6596928544979095
1.43 2.703416546967638
1.44 2.7457014313857337
1.45 2.7865057776763935
1.46 2.825789316876196
1.47 2.8635132808747095
1.48 2.899640440673938
1.49 2.934135143128845
1.5 2.966963346132702
1.51 2.9980926522125415
1.52 3.02749234050155
1.53 3.0551333970568537
1.54 3.0809885434927766
1.55 3.1050322639013173
1.56 3.1272408300332657
1.57 3.147592324715122
1.58 3.166066663478701
1.59 3.1826456143820767
1.6 3.1973128160023094
1.61 3.2100537935821922
1.62 3.22085597331509
1.63 3.2297086947537705
1.64 3.2366032213309746
1.65 3.241532748981358
1.66 3.244492412856278
1.67 3.2454792921248146
1.68 3.244492412856278
1.69 3.241532748981358
1.7 3.2366032213309746
1.71 3.2297086947537705
1.72 3.22085597331509
1.73 3.2100537935821922
1.74 3.1973128160023094
1.75 3.1826456143820767
1.76 3.166066663478701
1.77 3.147592324715122
1.78 3.1272408300332657
1.79 3.1050322639013173
1.8 3.0809885434927766
1.81 3.0551333970568537
1.82 3.02749234050155
1.83 2.9980926522125415
1.84 2.966963346132702
1.85 2.934135143128845
1.86 2.899640440673938
1.87 2.8635132808747095
1.88 2.825789316876196
1.89 2.7865057776763935
1.9 2.7457014313857337
1.91 2.703416546967638
1.92 2.6596928544979095
1.93 2.614573503982192
1.94 2.568103022772118
1.95 2.520327271622194
1.96 2.4712933994307678
1.97 2.4210497967097613
1.98 2.369646047829076
1.99 2.3171328820828077
0 2.263562123625557
0.01 2.208986640328245
0.02 2.153460291603908
0.03 2.0970378752549603
0.04 2.0397750733943756
0.05 1.9817283974941704
0.06 1.9229551326153973
0.07 1.8635132808747095
0.08 1.8034615042032731
0.09 1.742859066454524
0.1 1.6817657749178998
0.11 1.6202419212962638
0.12 1.5583482222052762
0.13 1.496145759253423
0.14 1.4336959187618432
0.15 1.3710603311834413
0.16 1.3083008102810711
0.17 1.2454792921248146
0.18 1.182657773968558
0.19 1.1198982530661878
0.2 1.057262665487786
0.21 0.994812824996206
0.22 0.9326103620443529
0.23 0.8707166629533654
0.24 0.8091928093317294
0.25 0.748099517795105
0.26 0.687497080046356
0.27 0.6274453033749197
0.28 0.5680034516342318
0.29 0.5092301867554587
0.3 0.4511835108552533
0.31 0.39392070899466913
0.32 0.33749829264572095
0.33 0.2819719439213839
1.02 0.2685792543070713
1.03 0.32410560303140834
1.04 0.3805280193803565
1.05 0.4377908212409407
1.06 0.4958374971411461
1.07 0.5546107620199192
1.08 0.614052613760607
1.09 0.6741043904320434
1.1 0.7347068281807924
1.11 0.7958001197174168
1.12 0.8573239733390527
1.13 0.9192176724300403
1.14 0.9814201353818934
1.15 1.0438699758734733
1.16 1.1065055634518752
1.17 1.1692650843542454
1.18 1.232086602510502
1.19 1.2949081206667585
1.2 1.3576676415691287
1.21 1.4203032291475306
1.22 1.4827530696391105
1.23 1.5449555325909636
1.24 1.6068492316819512
1.25 1.6683730853035872
1.26 1.7294663768402114
1.27 1.7900688145889605
1.28 1.8501205912603969
1.29 1.9095624430010847
1.3 1.9683357078798578
1.31 2.026382383780063
1.32 2.0836451856406475
1.33 2.1400676019895957
1.34 2.1955939507139326
1.35 2.2501694340112444
1.36 2.3037401924684953
1.37 2.3562533582147633
1.38 2.4076571070954484
1.39 2.457900709816455
1.4 2.506934582007881
1.41 2.5547103331578054
1.42 2.601180814367879
1.43 2.6463001648835967
1.44 2.6900238573533253
1.45 2.732308741771421
1.46 2.7731130880620807
1.47 2.812396627261883
1.48 2.8501205912603966
1.49 2.8862477510596256
1.5 2.9207424535145323
1.51 2.953570656518389
1.52 2.984699962598229
1.53 3.0140996508872377
1.54 3.041740707442541
1.55 3.0675958538784642
1.56 3.091639574287005
1.57 3.113848140418953
1.58 3.134199635100809
1.59 3.1526739738643883
1.6 3.169252924767764
1.61 3.1839201263879966
1.62 3.1966611039678794
1.63 3.2074632837007773
1.64 3.2163160051394577
1.65 3.2232105317166617
1.66 3.2281400593670453
1.67 3.2310997232419654
1.68 3.2320866025105017
1.69 3.2310997232419654
1.7 3.2281400593670453
1.71 3.2232105317166617
1.72 3.2163160051394577
1.73 3.2074632837007773
1.74 3.1966611039678794
1.75 3.1839201263879966
1.76 3.169252924767764
1.77 3.1526739738643883
1.78 3.134199635100809
1.79 3.113848140418953
1.8 3.091639574287005
1.81 3.0675958538784642
1.82 3.041740707442541
1.83 3.0140996508872377
1.84 2.984699962598229
1.85 2.953570656518389
1.86 2.9207424535145323
1.87 2.8862477510596256
1.88 2.8501205912603966
1.89 2.812396627261883
1.9 2.7731130880620807
1.91 2.732308741771421
1.92 2.6900238573533253
1.93 2.6463001648835967
1.94 2.601180814367879
1.95 2.5547103331578054
1.96 2.506934582007881
1.97 2.457900709816455
1.98 2.4076571070954484
1.99 2.3562533582147633
0 2.3037401924684953
0.01 2.2501694340112444
0.02 2.1955939507139326
0.03 2.1400676019895957
0.04 2.0836451856406475
0.05 2.026382383780063
0.06 1.9683357078798578
0.07 1.9095624430010847
0.08 1.8501205912603969
0.09 1.7900688145889605
0.1 1.7294663768402114
0.11 1.6683730853035872
0.12 1.6068492316819512
0.13 1.5449555325909636
0.14 1.4827530696391105
0.15 1.4203032291475306
0.16 1.3576676415691287
0.17 1.2949081206667585
0.18 1.232086602510502
0.19 1.1692650843542454
0.2 1.1065055634518752
0.21 1.0438699758734733
0.22 0.9814201353818934
0.23 0.9192176724300403
0.24 0.8573239733390527
0.25 0.7958001197174168
0.26 0.7347068281807924
0.27 0.6741043904320434
0.28 0.614052613760607
0.29 0.5546107620199192
0.3 0.4958374971411461
0.31 0.4377908212409407
0.32 0.3805280193803565
0.33 0.32410560303140834
0.34 0.2685792543070713
1.03 0.2554509628705043
1.04 0.3109773115948413
1.05 0.3673997279437895
1.06 0.4246625298043737
1.07 0.4827092057045791
1.08 0.5414824705833522
1.09 0.60092432232404
1.1 0.6609760989954764
1.11 0.7215785367442253
1.12 0.7826718282808498
1.13 0.8441956819024857
1.14 0.9060893809934732
1.15 0.9682918439453264
1.16 1.0307416844369062
1.17 1.0933772720153083
1.18 1.1561367929176782
1.19 1.2189583110739348
1.2 1.2817798292301914
1.21 1.3445393501325618
1.22 1.4071749377109635
1.23 1.4696247782025433
1.24 1.5318272411543967
1.25 1.593720940245384
1.26 1.6552447938670203
1.27 1.7163380854036445
1.28 1.7769405231523936
1.29 1.8369922998238297
1.3 1.8964341515645176
1.31 1.9552074164432907
1.32 2.0132540923434963
1.33 2.0705168942040806
1.34 2.1269393105530288
1.35 2.1824656592773657
1.36 2.2370411425746775
1.37 2.2906119010319284
1.38 2.3431250667781964
1.39 2.3945288156588815
1.4 2.444772418379888
1.41 2.4938062905713143
1.42 2.5415820417212385
1.43 2.5880525229313123
1.44 2.6331718734470297
1.45 2.6768955659167584
1.46 2.719180450334854
1.47 2.7599847966255138
1.48 2.799268335825316
1.49 2.8369922998238297
1.5 2.8731194596230587
1.51 2.9076141620779654
1.52 2.940442365081822
1.53 2.971571671161662
1.54 3.000971359450671
1.55 3.028612416005974
1.56 3.0544675624418973
1.57 3.078511282850438
1.58 3.100719848982386
1.59 3.121071343664242
1.6 3.1395456824278214
1.61 3.156124633331197
1.62 3.1707918349514297
1.63 3.1835328125313125
1.64 3.1943349922642104
1.65 3.203187713702891
1.66 3.210082240280095
1.67 3.2150117679304784
1.68 3.2179714318053985
1.69 3.218958311073935
1.7 3.2179714318053985
1.71 3.2150117679304784
1.72 3.210082240280095
1.73 3.203187713702891
1.74 3.1943349922642104
1.75 3.1835328125313125
1.76 3.1707918349514297
1.77 3.156124633331197
1.78 3.1395456824278214
1.79 3.121071343664242
1.8 3.100719848982386
1.81 3.078511282850438
1.82 3.0544675624418973
1.83 3.028612416005974
1.84 3.000971359450671
1.85 2.971571671161662
1.86 2.940442365081822
1.87 2.9076141620779654
1.88 2.8731194596230587
1.89 2.8369922998238297
1.9 2.799268335825316
1.91 2.7599847966255138
1.92 2.719180450334854
1.93 2.6768955659167584
1.94 2.6331718734470297
1.95 2.5880525229313123
1.96 2.5415820417212385
1.97 2.4938062905713143
1.98 2.444772418379888
1.99 2.3945288156588815
0 2.3431250667781964
0.01 2.2906119010319284
0.02 2.2370411425746775
0.03 2.1824656592773657
0.04 2.1269393105530288
0.05 2.0705168942040806
0.06 2.0132540923434963
0.07 1.9552074164432907
0.08 1.8964341515645176
0.09 1.8369922998238297
0.1 1.7769405231523936
0.11 1.7163380854036445
0.12 1.6552447938670203
0.13 1.593720940245384
0.14 1.5318272411543967
0.15 1.4696247782025433
0.16 1.4071749377109635
0.17 1.3445393501325618
0.18 1.2817798292301914
0.19 1.2189583110739348
0.2 1.1561367929176782
0.21 1.0933772720153083
0.22 1.0307416844369062
0.23 0.9682918439453264
0.24 0.9060893809934732
0.25 0.8441956819024857
0.26 0.7826718282808498
0.27 0.7215785367442253
0.28 0.6609760989954764
0.29 0.60092432232404
0.3 0.5414824705833522
0.31 0.4827092057045791
0.32 0.4246625298043737
0.33 0.3673997279437895
0.34 0.3109773115948413
0.35 0.2554509628705043
1.04 0.242600025650333
1.05 0.29812637437467004
1.06 0.3545487907236182
1.07 0.4118115925842024
1.08 0.4698582684844078
1.09 0.5286315333631809
1.1 0.5880733851038688
1.11 0.6481251617753051
1.12 0.7087275995240541
1.13 0.7698208910606785
1.14 0.8313447446823145
1.15 0.893238443773302
1.16 0.9554409067251551
1.17 1.0178907472167351
1.18 1.0805263347951368
1.19 1.1432858556975072
1.2 1.2061073738537638
1.21 1.2689288920100203
1.22 1.3316884129123903
1.23 1.3943240004907924
1.24 1.4567738409823723
1.25 1.5189763039342252
1.26 1.580870003025213
1.27 1.6423938566468488
1.28 1.703487148183473
1.29 1.764089585932222
1.3 1.8241413626036587
1.31 1.8835832143443465
1.32 1.9423564792231196
1.33 2.000403155123325
1.34 2.057665956983909
1.35 2.1140883733328573
1.36 2.169614722057194
1.37 2.224190205354506
1.38 2.277760963811757
1.39 2.330274129558025
1.4 2.38167787843871
1.41 2.4319214811597165
1.42 2.480955353351143
1.43 2.528731104501067
1.44 2.5752015857111408
1.45 2.6203209362268582
1.46 2.664044628696587
1.47 2.7063295131146825
1.48 2.7471338594053423
1.49 2.7864173986051446
1.5 2.8241413626036582
1.51 2.860268522402887
1.52 2.894763224857794
1.53 2.9275914278616506
1.54 2.9587207339414907
1.55 2.9881204222304993
1.56 3.0157614787858025
1.57 3.041616625221726
1.58 3.0656603456302665
1.59 3.0878689117622145
1.6 3.1082204064440706
1.61 3.12669474520765
1.62 3.1432736961110255
1.63 3.157940897731258
1.64 3.170681875311141
1.65 3.181484055044039
1.66 3.1903367764827193
1.67 3.1972313030599233
1.68 3.202160830710307
1.69 3.205120494585227
1.7 3.2061073738537633
1.71 3.205120494585227
1.72 3.202160830710307
1.73 3.1972313030599233
1.74 3.1903367764827193
1.75 3.181484055044039
1.76 3.170681875311141
1.77 3.157940897731258
1.78 3.1432736961110255
1.79 3.12669474520765
1.8 3.1082204064440706
1.81 3.0878689117622145
1.82 3.0656603456302665
1.83 3.041616625221726
1.84 3.0157614787858025
1.85 2.9881204222304993
1.86 2.9587207339414907
1.87 2.9275914278616506
1.88 2.894763224857794
1.89 2.860268522402887
1.9 2.8241413626036582
1.91 2.7864173986051446
1.92 2.7471338594053423
1.93 2.7063295131146825
1.94 2.664044628696587
1.95 2.6203209362268582
1.96 2.5752015857111408
1.97 2.528731104501067
1.98 2.480955353351143
1.99 2.4319214811597165
0 2.38167787843871
0.01 2.330274129558025
0.02 2.277760963811757
0.03 2.224190205354506
0.04 2.169614722057194
0.05 2.1140883733328573
0.06 2.057665956983909
0.07 2.000403155123325
0.08 1.9423564792231196
0.09 1.8835832143443465
0.1 1.8241413626036587
0.11 1.764089585932222
0.12 1.703487148183473
0.13 1.6423938566468488
0.14 1.580870003025213
0.15 1.5189763039342252
0.16 1.4567738409823723
0.17 1.3943240004907924
0.18 1.3316884129123903
0.19 1.2689288920100203
0.2 1.2061073738537638
0.21 1.1432858556975072
0.22 1.0805263347951368
0.23 1.0178907472167351
0.24 0.9554409067251551
0.25 0.893238443773302
0.26 0.8313447446823145
0.27 0.7698208910606785
0.28 0.7087275995240541
0.29 0.6481251617753051
0.3 0.5880733851038688
0.31 0.5286315333631809
0.32 0.4698582684844078
0.33 0.4118115925842024
0.34 0.3545487907236182
0.35 0.29812637437467004
0.36 0.242600025650333
1.05 0.2300391249700814
1.06 0.2855654736944184
1.07 0.3419878900433666
1.08 0.3992506919039508
1.09 0.4572973678041562
1.1 0.5160706326829293
1.11 0.5755124844236171
1.12 0.6355642610950535
1.13 0.6961666988438024
1.14 0.7572599903804269
1.15 0.8187838440020628
1.16 0.8806775430930504
1.17 0.9428800060449035
1.18 1.0053298465364833
1.19 1.0679654341148854
1.2 1.1307249550172553
1.21 1.193546473173512
1.22 1.2563679913297685
1.23 1.3191275122321389
1.24 1.3817630998105406
1.25 1.4442129403021204
1.26 1.5064154032539738
1.27 1.5683091023449611
1.28 1.6298329559665974
1.29 1.6909262475032216
1.3 1.7515286852519707
1.31 1.8115804619234068
1.32 1.8710223136640947
1.33 1.9297955785428678
1.34 1.9878422544430734
1.35 2.0451050563036577
1.36 2.101527472652606
1.37 2.157053821376943
1.38 2.2116293046742546
1.39 2.2652000631315055
1.4 2.3177132288777735
1.41 2.3691169777584586
1.42 2.419360580479465
1.43 2.4683944526708914
1.44 2.5161702038208156
1.45 2.5626406850308894
1.46 2.607760035546607
1.47 2.6514837280163355
1.48 2.693768612434431
1.49 2.734572958725091
1.5 2.773856497924893
1.51 2.811580461923407
1.52 2.847707621722636
1.53 2.8822023241775425
1.54 2.915030527181399
1.55 2.9461598332612393
1.56 2.975559521550248
1.57 3.003200578105551
1.58 3.0290557245414744
1.59 3.053099444950015
1.6 3.075308011081963
1.61 3.095659505763819
1.62 3.1141338445273985
1.63 3.130712795430774
1.64 3.145379997051007
1.65 3.1581209746308896
1.66 3.1689231543637875
1.67 3.177775875802468
1.68 3.184670402379672
1.69 3.1895999300300555
1.7 3.1925595939049756
1.71 3.193546473173512
1.72 3.1925595939049756
1.73 3.1895999300300555
1.74 3.184670402379672
1.75 3.177775875802468
1.76 3.1689231543637875
1.77 3.1581209746308896
1.78 3.145379997051007
1.79 3.130712795430774
1.8 3.1141338445273985
1.81 3.095659505763819
1.82 3.075308011081963
1.83 3.053099444950015
1.84 3.0290557245414744
1.85 3.003200578105551
1.86 2.975559521550248
1.87 2.9461598332612393
1.88 2.915030527181399
1.89 2.8822023241775425
1.9 2.847707621722636
1.91 2.811580461923407
1.92 2.773856497924893
1.93 2.734572958725091
1.94 2.693768612434431
1.95 2.6514837280163355
1.96 2.607760035546607
1.97 2.5626406850308894
1.98 2.5161702038208156
1.99 2.4683944526708914
0 2.419360580479465
0.01 2.3691169777584586
0.02 2.3177132288777735
0.03 2.2652000631315055
0.04 2.2116293046742546
0.05 2.157053821376943
0.06 2.101527472652606
0.07 2.0451050563036577
0.08 1.9878422544430734
0.09 1.9297955785428678
0.1 1.8710223136640947
0.11 1.8115804619234068
0.12 1.7515286852519707
0.13 1.6909262475032216
0.14 1.6298329559665974
0.15 1.5683091023449611
0.16 1.5064154032539738
0.17 1.4442129403021204
0.18 1.3817630998105406
0.19 1.3191275122321389
0.2 1.2563679913297685
0.21 1.193546473173512
0.22 1.1307249550172553
0.23 1.0679654341148854
0.24 1.0053298465364833
0.25 0.9428800060449035
0.26 0.8806775430930504
0.27 0.8187838440020628
0.28 0.7572599903804269
0.29 0.6961666988438024
0.3 0.6355642610950535
0.31 0.5755124844236171
0.32 0.5160706326829293
0.33 0.4572973678041562
0.34 0.3992506919039508
0.35 0.3419878900433666
0.36 0.2855654736944184
0.37 0.2300391249700814
1.06 0.2177806569222247
1.07 0.27330700564656174
1.08 0.3297294219955099
1.09 0.3869922238560941
1.1 0.4450388997562995
1.11 0.5038121646350726
1.12 0.5632540163757604
1.13 0.6233057930471968
1.14 0.6839082307959458
1.15 0.7450015223325702
1.16 0.8065253759542061
1.17 0.8684190750451937
1.18 0.9306215379970468
1.19 0.9930713784886267
1.2 1.0557069660670286
1.21 1.1184664869693988
1.22 1.1812880051256553
1.23 1.244109523281912
1.24 1.306869044184282
1.25 1.369504631762684
1.26 1.4319544722542639
1.27 1.494156935206117
1.28 1.5560506342971046
1.29 1.6175744879187406
1.3 1.6786677794553648
1.31 1.739270217204114
1.32 1.7993219938755503
1.33 1.858763845616238
1.34 1.9175371104950112
1.35 1.9755837863952166
1.36 2.0328465882558007
1.37 2.0892690046047493
1.38 2.144795353329086
1.39 2.1993708366263975
1.4 2.252941595083649
1.41 2.3054547608299165
1.42 2.3568585097106016
1.43 2.407102112431608
1.44 2.4561359846230344
1.45 2.5039117357729586
1.46 2.5503822169830324
1.47 2.59550156749875
1.48 2.6392252599684785
1.49 2.681510144386574
1.5 2.722314490677234
1.51 2.761598029877036
1.52 2.79932199387555
1.53 2.8354491536747792
1.54 2.8699438561296855
1.55 2.902772059133542
1.56 2.9339013652133827
1.57 2.9633010535023914
1.58 2.990942110057694
1.59 3.016797256493618
1.6 3.0408409769021585
1.61 3.063049543034106
1.62 3.083401037715962
1.63 3.1018753764795415
1.64 3.118454327382917
1.65 3.1331215290031498
1.66 3.1458625065830326
1.67 3.1566646863159304
1.68 3.165517407754611
1.69 3.172411934331815
1.7 3.1773414619821985
1.71 3.1803011258571185
1.72 3.181288005125655
1.73 3.1803011258571185
1.74 3.1773414619821985
1.75 3.172411934331815
1.76 3.165517407754611
1.77 3.1566646863159304
1.78 3.1458625065830326
1.79 3.1331215290031498
1.8 3.118454327382917
1.81 3.1018753764795415
1.82 3.083401037715962
1.83 3.063049543034106
1.84 3.0408409769021585
1.85 3.016797256493618
1.86 2.990942110057694
1.87 2.9633010535023914
1.88 2.9339013652133827
1.89 2.902772059133542
1.9 2.8699438561296855
1.91 2.8354491536747792
1.92 2.79932199387555
1.93 2.761598029877036
1.94 2.722314490677234
1.95 2.681510144386574
1.96 2.6392252599684785
1.97 2.59550156749875
1.98 2.5503822169830324
1.99 2.5039117357729586
0 2.4561359846230344
0.01 2.407102112431608
0.02 2.3568585097106016
0.03 2.3054547608299165
0.04 2.252941595083649
0.05 2.1993708366263975
0.06 2.144795353329086
0.07 2.0892690046047493
0.08 2.0328465882558007
0.09 1.9755837863952166
0.1 1.9175371104950112
0.11 1.858763845616238
0.12 1.7993219938755503
0.13 1.739270217204114
0.14 1.6786677794553648
0.15 1.6175744879187406
0.16 1.5560506342971046
0.17 1.494156935206117
0.18 1.4319544722542639
0.19 1.369504631762684
0.2 1.306869044184282
0.21 1.244109523281912
0.22 1.1812880051256553
0.23 1.1184664869693988
0.24 1.0557069660670286
0.25 0.9930713784886267
0.26 0.9306215379970468
0.27 0.8684190750451937
0.28 0.8065253759542061
0.29 0.7450015223325702
0.3 0.6839082307959458
0.31 0.6233057930471968
0.32 0.5632540163757604
0.33 0.5038121646350726
0.34 0.4450388997562995
0.35 0.3869922238560941
0.36 0.3297294219955099
0.37 0.27330700564656174
0.38 0.2177806569222247
1.07 0.20583671913474366
1.08 0.2613630678590807
1.09 0.3177854842080289
1.1 0.37504828606861307
1.11 0.43309496196881847
1.12 0.49186822684759157
1.13 0.5513100785882794
1.14 0.6113618552597158
1.15 0.6719642930084647
1.16 0.7330575845450892
1.17 0.7945814381667251
1.18 0.8564751372577126
1.19 0.9186776002095658
1.2 0.9811274407011457
1.21 1.0437630282795476
1.22 1.1065225491819177
1.23 1.1693440673381743
1.24 1.232165585494431
1.25 1.294925106396801
1.26 1.357560693975203
1.27 1.4200105344667828
1.28 1.482212997418636
1.29 1.5441066965096235
1.3 1.6056305501312595
1.31 1.6667238416678838
1.32 1.7273262794166329
1.33 1.7873780560880692
1.34 1.846819907828757
1.35 1.9055931727075301
1.36 1.9636398486077355
1.37 2.0209026504683196
1.38 2.0773250668172683
1.39 2.132851415541605
1.4 2.1874268988389165
1.41 2.240997657296168
1.42 2.2935108230424355
1.43 2.3449145719231206
1.44 2.395158174644127
1.45 2.4441920468355534
1.46 2.4919677979854775
1.47 2.5384382791955513
1.48 2.583557629711269
1.49 2.6272813221809974
1.5 2.669566206599093
1.51 2.710370552889753
1.52 2.749654092089555
1.53 2.7873780560880688
1.54 2.823505215887298
1.55 2.8579999183422045
1.56 2.890828121346061
1.57 2.9219574274259017
1.58 2.9513571157149103
1.59 2.978998172270213
1.6 3.004853318706137
1.61 3.0288970391146774
1.62 3.051105605246625
1.63 3.071457099928481
1.64 3.0899314386920604
1.65 3.106510389595436
1.66 3.1211775912156687
1.67 3.1339185687955515
1.68 3.1447207485284494
1.69 3.15357346996713
1.7 3.160467996544334
1.71 3.1653975241947174
1.72 3.1683571880696375
1.73 3.169344067338174
1.74 3.1683571880696375
1.75 3.1653975241947174
1.76 3.160467996544334
1.77 3.15357346996713
1.78 3.1447207485284494
1.79 3.1339185687955515
1.8 3.1211775912156687
1.81 3.106510389595436
1.82 3.0899314386920604
1.83 3.071457099928481
1.84 3.051105605246625
1.85 3.0288970391146774
1.86 3.004853318706137
1.87 2.978998172270213
1.88 2.9513571157149103
1.89 2.9219574274259017
1.9 2.890828121346061
1.91 2.8579999183422045
1.92 2.823505215887298
1.93 2.7873780560880688
1.94 2.749654092089555
1.95 2.710370552889753
1.96 2.669566206599093
1.97 2.6272813221809974
1.98 2.583557629711269
1.99 2.5384382791955513
0 2.4919677979854775
0.01 2.4441920468355534
0.02 2.395158174644127
0.03 2.3449145719231206
0.04 2.2935108230424355
0.05 2.240997657296168
0.06 2.1874268988389165
0.07 2.132851415541605
0.08 2.0773250668172683
0.09 2.0209026504683196
0.1 1.9636398486077355
0.11 1.9055931727075301
0.12 1.846819907828757
0.13 1.7873780560880692
0.14 1.7273262794166329
0.15 1.6667238416678838
0.16 1.6056305501312595
0.17 1.5441066965096235
0.18 1.482212997418636
0.19 1.4200105344667828
0.2 1.357560693975203
0.21 1.294925106396801
0.22 1.232165585494431
0.23 1.1693440673381743
0.24 1.1065225491819177
0.25 1.0437630282795476
0.26 0.9811274407011457
0.27 0.9186776002095658
0.28 0.8564751372577126
0.29 0.7945814381667251
0.3 0.7330575845450892
0.31 0.6719642930084647
0.32 0.6113618552597158
0.33 0.5513100785882794
0.34 0.49186822684759157
0.35 0.43309496196881847
0.36 0.37504828606861307
0.37 0.3177854842080289
0.38 0.2613630678590807
0.39 0.20583671913474366
1.08 0.1942190988322252
1.09 0.24974544755656225
1.1 0.30616786390551043
1.11 0.3634306657660946
1.12 0.4214773416663
1.13 0.4802506065450731
1.14 0.539692458285761
1.15 0.5997442349571973
1.16 0.6603466727059463
1.17 0.7214399642425707
1.18 0.7829638178642067
1.19 0.8448575169551942
1.2 0.9070599799070473
1.21 0.9695098203986272
1.22 1.0321454079770291
1.23 1.0949049288793993
1.24 1.1577264470356559
1.25 1.2205479651919124
1.26 1.2833074860942826
1.27 1.3459430736726845
1.28 1.4083929141642644
1.29 1.4705953771161175
1.3 1.532489076207105
1.31 1.594012929828741
1.32 1.6551062213653653
1.33 1.7157086591141144
1.34 1.7757604357855508
1.35 1.8352022875262386
1.36 1.8939755524050117
1.37 1.952022228305217
1.38 2.0092850301658016
1.39 2.0657074465147494
1.4 2.1212337952390863
1.41 2.1758092785363985
1.42 2.229380036993649
1.43 2.2818932027399175
1.44 2.3332969516206026
1.45 2.383540554341609
1.46 2.4325744265330353
1.47 2.4803501776829595
1.48 2.5268206588930333
1.49 2.571940009408751
1.5 2.6156637018784794
1.51 2.657948586296575
1.52 2.698752932587235
1.53 2.738036471787037
1.54 2.7757604357855508
1.55 2.8118875955847793
1.56 2.8463822980396865
1.57 2.879210501043543
1.58 2.910339807123383
1.59 2.9397394954123914
1.6 2.967380551967695
1.61 2.993235698403618
1.62 3.0172794188121586
1.63 3.039487984944107
1.64 3.059839479625963
1.65 3.0783138183895424
1.66 3.094892769292918
1.67 3.1095599709131507
1.68 3.1223009484930335
1.69 3.1331031282259314
1.7 3.141955849664612
1.71 3.148850376241816
1.72 3.1537799038921994
1.73 3.1567395677671195
1.74 3.157726447035656
1.75 3.1567395677671195
1.76 3.1537799038921994
1.77 3.148850376241816
1.78 3.141955849664612
1.79 3.1331031282259314
1.8 3.1223009484930335
1.81 3.1095599709131507
1.82 3.094892769292918
1.83 3.0783138183895424
1.84 3.059839479625963
1.85 3.039487984944107
1.86 3.0172794188121586
1.87 2.993235698403618
1.88 2.967380551967695
1.89 2.9397394954123914
1.9 2.910339807123383
1.91 2.879210501043543
1.92 2.8463822980396865
1.93 2.8118875955847793
1.94 2.7757604357855508
1.95 2.738036471787037
1.96 2.698752932587235
1.97 2.657948586296575
1.98 2.6156637018784794
1.99 2.571940009408751
0 2.5268206588930333
0.01 2.4803501776829595
0.02 2.4325744265330353
0.03 2.383540554341609
0.04 2.3332969516206026
0.05 2.2818932027399175
0.06 2.229380036993649
0.07 2.1758092785363985
0.08 2.1212337952390863
0.09 2.0657074465147494
0.1 2.0092850301658016
0.11 1.952022228305217
0.12 1.8939755524050117
0.13 1.8352022875262386
0.14 1.7757604357855508
0.15 1.7157086591141144
0.16 1.6551062213653653
0.17 1.594012929828741
0.18 1.532489076207105
0.19 1.4705953771161175
0.2 1.4083929141642644
0.21 1.3459430736726845
0.22 1.2833074860942826
0.23 1.2205479651919124
0.24 1.1577264470356559
0.25 1.0949049288793993
0.26 1.0321454079770291
0.27 0.9695098203986272
0.28 0.9070599799070473
0.29 0.8448575169551942
0.3 0.7829638178642067
0.31 0.7214399642425707
0.32 0.6603466727059463
0.33 0.5997442349571973
0.34 0.539692458285761
0.35 0.4802506065450731
0.36 0.4214773416663
0.37 0.3634306657660946
0.38 0.30616786390551043
0.39 0.24974544755656225
0.4 0.1942190988322252
1.09 0.18293926120329584
1.1 0.23846560992763288
1.11 0.29488802627658106
1.12 0.35215082813716525
1.13 0.41019750403737065
1.14 0.46897076891614375
1.15 0.5284126206568316
1.16 0.5884643973282679
1.17 0.6490668350770169
1.18 0.7101601266136414
1.19 0.7716839802352773
1.2 0.8335776793262648
1.21 0.895780142278118
1.22 0.9582299827696978
1.23 1.0208655703480998
1.24 1.08362509125047
1.25 1.1464466094067265
1.26 1.209268127562983
1.27 1.2720276484653532
1.28 1.3346632360437551
1.29 1.397113076535335
1.3 1.4593155394871882
1.31 1.5212092385781757
1.32 1.5827330921998117
1.33 1.643826383736436
1.34 1.704428821485185
1.35 1.7644805981566214
1.36 1.8239224498973092
1.37 1.8826957147760823
1.38 1.9407423906762877
1.39 1.998005192536872
1.4 2.0544276088858204
1.41 2.1099539576101574
1.42 2.1645294409074687
1.43 2.21810019936472
1.44 2.2706133651109877
1.45 2.3220171139916728
1.46 2.3722607167126792
1.47 2.4212945889041055
1.48 2.4690703400540297
1.49 2.5155408212641035
1.5 2.560660171779821
1.51 2.6043838642495496
1.52 2.6466687486676452
1.53 2.687473094958305
1.54 2.7267566341581073
1.55 2.764480598156621
1.56 2.8006077579558504
1.57 2.8351024604107566
1.58 2.8679306634146133
1.59 2.899059969494454
1.6 2.9284596577834625
1.61 2.956100714338765
1.62 2.981955860774689
1.63 3.0059995811832296
1.64 3.028208147315177
1.65 3.0485596419970333
1.66 3.0670339807606126
1.67 3.083612931663988
1.68 3.098280133284221
1.69 3.1110211108641037
1.7 3.1218232905970016
1.71 3.130676012035682
1.72 3.137570538612886
1.73 3.1425000662632696
1.74 3.1454597301381897
1.75 3.146446609406726
1.76 3.1454597301381897
1.77 3.1425000662632696
1.78 3.137570538612886
1.79 3.130676012035682
1.8 3.1218232905970016
1.81 3.1110211108641037
1.82 3.098280133284221
1.83 3.083612931663988
1.84 3.0670339807606126
1.85 3.0485596419970333
1.86 3.028208147315177
1.87 3.0059995811832296
1.88 2.981955860774689
1.89 2.956100714338765
1.9 2.9284596577834625
1.91 2.899059969494454
1.92 2.8679306634146133
1.93 2.8351024604107566
1.94 2.8006077579558504
1.95 2.764480598156621
1.96 2.7267566341581073
1.97 2.687473094958305
1.98 2.6466687486676452
1.99 2.6043838642495496
0 2.560660171779821
0.01 2.5155408212641035
0.02 2.4690703400540297
0.03 2.4212945889041055
0.04 2.3722607167126792
0.05 2.3220171139916728
0.06 2.2706133651109877
0.07 2.21810019936472
0.08 2.1645294409074687
0.09 2.1099539576101574
0.1 2.0544276088858204
0.11 1.998005192536872
0.12 1.9407423906762877
0.13 1.8826957147760823
0.14 1.8239224498973092
0.15 1.7644805981566214
0.16 1.704428821485185
0.17 1.643826383736436
0.18 1.5827330921998117
0.19 1.5212092385781757
0.2 1.4593155394871882
0.21 1.397113076535335
0.22 1.3346632360437551
0.23 1.2720276484653532
0.24 1.209268127562983
0.25 1.1464466094067265
0.26 1.08362509125047
0.27 1.0208655703480998
0.28 0.9582299827696978
0.29 0.895780142278118
0.3 0.8335776793262648
0.31 0.7716839802352773
0.32 0.7101601266136414
0.33 0.6490668350770169
0.34 0.5884643973282679
0.35 0.5284126206568316
0.36 0.46897076891614375
0.37 0.41019750403737065
0.38 0.35215082813716525
0.39 0.29488802627658106
0.4 0.23846560992763288
0.41 0.18293926120329584
1.1 0.1720083380858638
1.11 0.22753468681020084
1.12 0.283957103159149
1.13 0.3412199050197332
1.14 0.3992665809199386
1.15 0.4580398457987117
1.16 0.5174816975393995
1.17 0.5775334742108359
1.18 0.6381359119595849
1.19 0.6992292034962093
1.2 0.7607530571178452
1.21 0.8226467562088328
1.22 0.8848492191606859
1.23 0.9472990596522658
1.24 1.0099346472306676
1.25 1.072694168133038
1.26 1.1355156862892946
1.27 1.1983372044455511
1.28 1.261096725347921
1.29 1.3237323129263232
1.3 1.386182153417903
1.31 1.448384616369756
1.32 1.5102783154607438
1.33 1.5718021690823796
1.34 1.6328954606190038
1.35 1.6934978983677529
1.36 1.7535496750391895
1.37 1.8129915267798773
1.38 1.8717647916586504
1.39 1.9298114675588556
1.4 1.9870742694194399
1.41 2.043496685768388
1.42 2.099023034492725
1.43 2.1535985177900367
1.44 2.2071692762472876
1.45 2.2596824419935557
1.46 2.311086190874241
1.47 2.3613297935952473
1.48 2.4103636657866736
1.49 2.4581394169365978
1.5 2.5046098981466716
1.51 2.549729248662389
1.52 2.5934529411321177
1.53 2.6357378255502133
1.54 2.676542171840873
1.55 2.7158257110406754
1.56 2.753549675039189
1.57 2.789676834838418
1.58 2.8241715372933247
1.59 2.8569997402971814
1.6 2.8881290463770215
1.61 2.91752873466603
1.62 2.9451697912213333
1.63 2.9710249376572566
1.64 2.9950686580657973
1.65 3.0172772241977452
1.66 3.0376287188796014
1.67 3.0561030576431807
1.68 3.0726820085465563
1.69 3.087349210166789
1.7 3.1000901877466718
1.71 3.1108923674795697
1.72 3.11974508891825
1.73 3.126639615495454
1.74 3.1315691431458377
1.75 3.1345288070207578
1.76 3.135515686289294
1.77 3.1345288070207578
1.78 3.1315691431458377
1.79 3.126639615495454
1.8 3.11974508891825
1.81 3.1108923674795697
1.82 3.1000901877466718
1.83 3.087349210166789
1.84 3.0726820085465563
1.85 3.0561030576431807
1.86 3.0376287188796014
1.87 3.0172772241977452
1.88 2.9950686580657973
1.89 2.9710249376572566
1.9 2.9451697912213333
1.91 2.91752873466603
1.92 2.8881290463770215
1.93 2.8569997402971814
1.94 2.8241715372933247
1.95 2.789676834838418
1.96 2.753549675039189
1.97 2.7158257110406754
1.98 2.676542171840873
1.99 2.6357378255502133
0 2.5934529411321177
0.01 2.549729248662389
0.02 2.5046098981466716
0.03 2.4581394169365978
0.04 2.4103636657866736
0.05 2.3613297935952473
0.06 2.311086190874241
0.07 2.2596824419935557
0.08 2.2071692762472876
0.09 2.1535985177900367
0.1 2.099023034492725
0.11 2.043496685768388
0.12 1.9870742694194399
0.13 1.9298114675588556
0.14 1.8717647916586504
0.15 1.8129915267798773
0.16 1.7535496750391895
0.17 1.6934978983677529
0.18 1.6328954606190038
0.19 1.5718021690823796
0.2 1.5102783154607438
0.21 1.448384616369756
0.22 1.386182153417903
0.23 1.3237323129263232
0.24 1.261096725347921
0.25 1.1983372044455511
0.26 1.1355156862892946
0.27 1.072694168133038
0.28 1.0099346472306676
0.29 0.9472990596522658
0.3 0.8848492191606859
0.31 0.8226467562088328
0.32 0.7607530571178452
0.33 0.6992292034962093
0.34 0.6381359119595849
0.35 0.5775334742108359
0.36 0.5174816975393995
0.37 0.4580398457987117
0.38 0.3992665809199386
0.39 0.3412199050197332
0.4 0.283957103159149
0.41 0.22753468681020084
0.42 0.1720083380858638
1.11 0.16143711698133978
1.12 0.21696346570567682
1.13 0.273385882054625
1.14 0.3306486839152092
1.15 0.3886953598154146
1.16 0.4474686246941877
1.17 0.5069104764348755
1.18 0.5669622531063119
1.19 0.6275646908550608
1.2 0.6886579823916853
1.21 0.7501818360133212
1.22 0.8120755351043087
1.23 0.8742779980561619
1.24 0.9367278385477418
1.25 0.9993634261261437
1.26 1.0621229470285138
1.27 1.1249444651847704
1.28 1.187765983341027
1.29 1.2505255042433971
1.3 1.313161091821799
1.31 1.375610932313379
1.32 1.437813395265232
1.33 1.4997070943562196
1.34 1.5612309479778557
1.35 1.62232423951448
1.36 1.682926677263229
1.37 1.7429784539346653
1.38 1.8024203056753532
1.39 1.8611935705541263
1.4 1.9192402464543317
1.41 1.976503048314916
1.42 2.0329254646638644
1.43 2.0884518133882013
1.44 2.1430272966855126
1.45 2.196598055142764
1.46 2.2491112208890316
1.47 2.3005149697697167
1.48 2.350758572490723
1.49 2.3997924446821495
1.5 2.4475681958320736
1.51 2.4940386770421474
1.52 2.539158027557865
1.53 2.5828817200275935
1.54 2.625166604445689
1.55 2.665970950736349
1.56 2.7052544899361513
1.57 2.742978453934665
1.58 2.7791056137338943
1.59 2.8136003161888006
1.6 2.8464285191926573
1.61 2.877557825272498
1.62 2.9069575135615064
1.63 2.934598570116809
1.64 2.960453716552733
1.65 2.9844974369612736
1.66 3.006706003093221
1.67 3.0270574977750773
1.68 3.0455318365386566
1.69 3.062110787442032
1.7 3.076777989062265
1.71 3.0895189666421476
1.72 3.1003211463750455
1.73 3.109173867813726
1.74 3.11606839439093
1.75 3.1209979220413135
1.76 3.1239575859162336
1.77 3.12494446518477
1.78 3.1239575859162336
1.79 3.1209979220413135
1.8 3.11606839439093
1.81 3.109173867813726
1.82 3.1003211463750455
1.83 3.0895189666421476
1.84 3.076777989062265
1.85 3.062110787442032
1.86 3.0455318365386566
1.87 3.0270574977750773
1.88 3.006706003093221
1.89 2.9844974369612736
1.9 2.960453716552733
1.91 2.934598570116809
1.92 2.9069575135615064
1.93 2.877557825272498
1.94 2.8464285191926573
1.95 2.8136003161888006
1.96 2.7791056137338943
1.97 2.742978453934665
1.98 2.7052544899361513
1.99 2.665970950736349
0 2.625166604445689
0.01 2.5828817200275935
0.02 2.539158027557865
0.03 2.4940386770421474
0.04 2.4475681958320736
0.05 2.3997924446821495
0.06 2.350758572490723
0.07 2.3005149697697167
0.08 2.2491112208890316
0.09 2.196598055142764
0.1 2.1430272966855126
0.11 2.0884518133882013
0.12 2.0329254646638644
0.13 1.976503048314916
0.14 1.9192402464543317
0.15 1.8611935705541263
0.16 1.8024203056753532
0.17 1.7429784539346653
0.18 1.682926677263229
0.19 1.62232423951448
0.2 1.5612309479778557
0.21 1.4997070943562196
0.22 1.437813395265232
0.23 1.375610932313379
0.24 1.313161091821799
0.25 1.2505255042433971
0.26 1.187765983341027
0.27 1.1249444651847704
0.28 1.0621229470285138
0.29 0.9993634261261437
0.3 0.9367278385477418
0.31 0.8742779980561619
0.32 0.8120755351043087
0.33 0.7501818360133212
0.34 0.6886579823916853
0.35 0.6275646908550608
0.36 0.5669622531063119
0.37 0.5069104764348755
0.38 0.4474686246941877
0.39 0.3886953598154146
0.4 0.3306486839152092
0.41 0.273385882054625
0.42 0.21696346570567682
0.43 0.16143711698133978
1.12 0.15123603040867495
1.13 0.206762379133012
1.14 0.26318479548196017
1.15 0.32044759734254435
1.16 0.37849427324274976
1.17 0.43726753812152286
1.18 0.4967093898622107
1.19 0.556761166533647
1.2 0.617363604282396
1.21 0.6784568958190205
1.22 0.7399807494406564
1.23 0.8018744485316439
1.24 0.8640769114834971
1.25 0.926526751975077
1.26 0.9891623395534789
1.27 1.051921860455849
1.28 1.1147433786121055
1.29 1.177564896768362
1.3 1.2403244176707324
1.31 1.3029600052491341
1.32 1.365409845740714
1.33 1.4276123086925674
1.34 1.4895060077835547
1.35 1.551029861405191
1.36 1.6121231529418152
1.37 1.6727255906905643
1.38 1.7327773673620004
1.39 1.7922192191026882
1.4 1.8509924839814613
1.41 1.909039159881667
1.42 1.9663019617422512
1.43 2.0227243780911994
1.44 2.0782507268155364
1.45 2.132826210112848
1.46 2.186396968570099
1.47 2.238910134316367
1.48 2.290313883197052
1.49 2.3405574859180587
1.5 2.389591358109485
1.51 2.437367109259409
1.52 2.483837590469483
1.53 2.5289569409852004
1.54 2.572680633454929
1.55 2.6149655178730247
1.56 2.6557698641636844
1.57 2.6950534033634868
1.58 2.7327773673620004
1.59 2.7689045271612294
1.6 2.803399229616136
1.61 2.8362274326199928
1.62 2.867356738699833
1.63 2.8967564269888415
1.64 2.9243974835441446
1.65 2.950252629980068
1.66 2.9742963503886086
1.67 2.9965049165205566
1.68 3.0168564112024128
1.69 3.035330749965992
1.7 3.0519097008693676
1.71 3.0665769024896004
1.72 3.079317880069483
1.73 3.090120059802381
1.74 3.0989727812410615
1.75 3.1058673078182655
1.76 3.110796835468649
1.77 3.113756499343569
1.78 3.1147433786121055
1.79 3.113756499343569
1.8 3.110796835468649
1.81 3.1058673078182655
1.82 3.0989727812410615
1.83 3.090120059802381
1.84 3.079317880069483
1.85 3.0665769024896004
1.86 3.0519097008693676
1.87 3.035330749965992
1.88 3.0168564112024128
1.89 2.9965049165205566
1.9 2.9742963503886086
1.91 2.950252629980068
1.92 2.9243974835441446
1.93 2.8967564269888415
1.94 2.867356738699833
1.95 2.8362274326199928
1.96 2.803399229616136
1.97 2.7689045271612294
1.98 2.7327773673620004
1.99 2.6950534033634868
0 2.6557698641636844
0.01 2.6149655178730247
0.02 2.572680633454929
0.03 2.5289569409852004
0.04 2.483837590469483
0.05 2.437367109259409
0.06 2.389591358109485
0.07 2.3405574859180587
0.08 2.290313883197052
0.09 2.238910134316367
0.1 2.186396968570099
0.11 2.132826210112848
0.12 2.0782507268155364
0.13 2.0227243780911994
0.14 1.9663019617422512
0.15 1.909039159881667
0.16 1.8509924839814613
0.17 1.7922192191026882
0.18 1.7327773673620004
0.19 1.6727255906905643
0.2 1.6121231529418152
0.21 1.551029861405191
0.22 1.4895060077835547
0.23 1.4276123086925674
0.24 1.365409845740714
0.25 1.3029600052491341
0.26 1.2403244176707324
0.27 1.177564896768362
0.28 1.1147433786121055
0.29 1.051921860455849
0.3 0.9891623395534789
0.31 0.926526751975077
0.32 0.8640769114834971
0.33 0.8018744485316439
0.34 0.7399807494406564
0.35 0.6784568958190205
0.36 0.617363604282396
0.37 0.556761166533647
0.38 0.4967093898622107
0.39 0.43726753812152286
0.4 0.37849427324274976
0.41 0.32044759734254435
0.42 0.26318479548196017
0.43 0.206762379133012
0.44 0.15123603040867495
1.13 0.14141514560872437
1.14 0.1969414943330614
1.15 0.2533639106820096
1.16 0.3106267125425938
1.17 0.3686733884427992
1.18 0.4274466533215723
1.19 0.4868885050622601
1.2 0.5469402817336965
1.21 0.6075427194824454
1.22 0.6686360110190699
1.23 0.7301598646407058
1.24 0.7920535637316933
1.25 0.8542560266835465
1.26 0.9167058671751264
1.27 0.9793414547535283
1.28 1.0421009756558983
1.29 1.104922493812155
1.3 1.1677440119684115
1.31 1.2305035328707818
1.32 1.2931391204491836
1.33 1.3555889609407634
1.34 1.4177914238926168
1.35 1.479685122983604
1.36 1.5412089766052404
1.37 1.6023022681418646
1.38 1.6629047058906137
1.39 1.7229564825620498
1.4 1.7823983343027376
1.41 1.8411715991815107
1.42 1.8992182750817164
1.43 1.9564810769423007
1.44 2.012903493291249
1.45 2.0684298420155858
1.46 2.1230053253128975
1.47 2.1765760837701484
1.48 2.2290892495164165
1.49 2.2804929983971016
1.5 2.330736601118108
1.51 2.3797704733095344
1.52 2.4275462244594586
1.53 2.4740167056695324
1.54 2.51913605618525
1.55 2.5628597486549785
1.56 2.605144633073074
1.57 2.645948979363734
1.58 2.685232518563536
1.59 2.72295648256205
1.6 2.759083642361279
1.61 2.7935783448161855
1.62 2.826406547820042
1.63 2.8575358538998823
1.64 2.886935542188891
1.65 2.914576598744194
1.66 2.9404317451801174
1.67 2.964475465588658
1.68 2.986684031720606
1.69 3.007035526402462
1.7 3.0255098651660415
1.71 3.042088816069417
1.72 3.0567560176896498
1.73 3.0694969952695326
1.74 3.0802991750024304
1.75 3.089151896441111
1.76 3.096046423018315
1.77 3.1009759506686985
1.78 3.1039356145436185
1.79 3.104922493812155
1.8 3.1039356145436185
1.81 3.1009759506686985
1.82 3.096046423018315
1.83 3.089151896441111
1.84 3.0802991750024304
1.85 3.0694969952695326
1.86 3.0567560176896498
1.87 3.042088816069417
1.88 3.0255098651660415
1.89 3.007035526402462
1.9 2.986684031720606
1.91 2.964475465588658
1.92 2.9404317451801174
1.93 2.914576598744194
1.94 2.886935542188891
1.95 2.8575358538998823
1.96 2.826406547820042
1.97 2.7935783448161855
1.98 2.759083642361279
1.99 2.72295648256205
0 2.685232518563536
0.01 2.645948979363734
0.02 2.605144633073074
0.03 2.5628597486549785
0.04 2.51913605618525
0.05 2.4740167056695324
0.06 2.4275462244594586
0.07 2.3797704733095344
0.08 2.330736601118108
0.09 2.2804929983971016
0.1 2.2290892495164165
0.11 2.1765760837701484
0.12 2.1230053253128975
0.13 2.0684298420155858
0.14 2.012903493291249
0.15 1.9564810769423007
0.16 1.8992182750817164
0.17 1.8411715991815107
0.18 1.7823983343027376
0.19 1.7229564825620498
0.2 1.6629047058906137
0.21 1.6023022681418646
0.22 1.5412089766052404
0.23 1.479685122983604
0.24 1.4177914238926168
0.25 1.3555889609407634
0.26 1.2931391204491836
0.27 1.2305035328707818
0.28 1.1677440119684115
0.29 1.104922493812155
0.3 1.0421009756558983
0.31 0.9793414547535283
0.32 0.9167058671751264
0.33 0.8542560266835465
0.34 0.7920535637316933
0.35 0.7301598646407058
0.36 0.6686360110190699
0.37 0.6075427194824454
0.38 0.5469402817336965
0.39 0.4868885050622601
0.4 0.4274466533215723
0.41 0.3686733884427992
0.42 0.3106267125425938
0.43 0.2533639106820096
0.44 0.1969414943330614
0.45 0.14141514560872437
1.14 0.13198415460909585
1.15 0.1875105033334329
1.16 0.24393291968238107
1.17 0.30119572154296526
1.18 0.35924239744317066
1.19 0.41801566232194376
1.2 0.4774575140626316
1.21 0.537509290734068
1.22 0.5981117284828169
1.23 0.6592050200194414
1.24 0.7207288736410773
1.25 0.7826225727320648
1.26 0.844825035683918
1.27 0.9072748761754978
1.28 0.9699104637538998
1.29 1.03266998465627
1.3 1.0954915028125265
1.31 1.158313020968783
1.32 1.2210725418711532
1.33 1.2837081294495551
1.34 1.346157969941135
1.35 1.4083604328929882
1.36 1.4702541319839757
1.37 1.5317779856056117
1.38 1.592871277142236
1.39 1.653473714890985
1.4 1.7135254915624214
1.41 1.7729673433031092
1.42 1.8317406081818823
1.43 1.8897872840820877
1.44 1.947050085942672
1.45 2.00347250229162
1.46 2.058998851015957
1.47 2.113574334313269
1.48 2.16714509277052
1.49 2.219658258516788
1.5 2.271062007397473
1.51 2.3213056101184795
1.52 2.3703394823099058
1.53 2.41811523345983
1.54 2.4645857146699037
1.55 2.509705065185621
1.56 2.55342875765535
1.57 2.5957136420734455
1.58 2.6365179883641052
1.59 2.6758015275639075
1.6 2.713525491562421
1.61 2.74965265136165
1.62 2.784147353816557
1.63 2.8169755568204136
1.64 2.8481048629002537
1.65 2.8775045511892623
1.66 2.9051456077445654
1.67 2.9310007541804888
1.68 2.9550444745890294
1.69 2.9772530407209774
1.7 2.9976045354028336
1.71 3.016078874166413
1.72 3.0326578250697884
1.73 3.047325026690021
1.74 3.060066004269904
1.75 3.070868184002802
1.76 3.0797209054414822
1.77 3.0866154320186863
1.78 3.09154495966907
1.79 3.09450462354399
1.8 3.0954915028125263
1.81 3.09450462354399
1.82 3.09154495966907
1.83 3.0866154320186863
1.84 3.0797209054414822
1.85 3.070868184002802
1.86 3.060066004269904
1.87 3.047325026690021
1.88 3.0326578250697884
1.89 3.016078874166413
1.9 2.9976045354028336
1.91 2.9772530407209774
1.92 2.9550444745890294
1.93 2.9310007541804888
1.94 2.9051456077445654
1.95 2.8775045511892623
1.96 2.8481048629002537
1.97 2.8169755568204136
1.98 2.784147353816557
1.99 2.74965265136165
0 2.713525491562421
0.01 2.6758015275639075
0.02 2.6365179883641052
0.03 2.5957136420734455
0.04 2.55342875765535
0.05 2.509705065185621
0.06 2.4645857146699037
0.07 2.41811523345983
0.08 2.3703394823099058
0.09 2.3213056101184795
0.1 2.271062007397473
0.11 2.219658258516788
0.12 2.16714509277052
0.13 2.113574334313269
0.14 2.058998851015957
0.15 2.00347250229162
0.16 1.947050085942672
0.17 1.8897872840820877
0.18 1.8317406081818823
0.19 1.7729673433031092
0.2 1.7135254915624214
0.21 1.653473714890985
0.22 1.592871277142236
0.23 1.5317779856056117
0.24 1.4702541319839757
0.25 1.4083604328929882
0.26 1.346157969941135
0.27 1.2837081294495551
0.28 1.2210725418711532
0.29 1.158313020968783
0.3 1.0954915028125265
0.31 1.03266998465627
0.32 0.9699104637538998
0.33 0.9072748761754978
0.34 0.844825035683918
0.35 0.7826225727320648
0.36 0.7207288736410773
0.37 0.6592050200194414
0.38 0.5981117284828169
0.39 0.537509290734068
0.4 0.4774575140626316
0.41 0.41801566232194376
0.42 0.35924239744317066
0.43 0.30119572154296526
0.44 0.24393291968238107
0.45 0.1875105033334329
0.46 0.13198415460909585
1.15 0.12295236465928872
1.16 0.17847871338362575
1.17 0.23490112973257393
1.18 0.2921639315931581
1.19 0.3502106074933635
1.2 0.4089838723721366
1.21 0.46842572411282446
1.22 0.5284775007842608
1.23 0.5890799385330098
1.24 0.6501732300696342
1.25 0.7116970836912702
1.26 0.7735907827822577
1.27 0.8357932457341108
1.28 0.8982430862256907
1.29 0.9608786738040926
1.3 1.0236381947064628
1.31 1.0864597128627194
1.32 1.149281231018976
1.33 1.212040751921346
1.34 1.274676339499748
1.35 1.3371261799913279
1.36 1.399328642943181
1.37 1.4612223420341686
1.38 1.5227461956558046
1.39 1.5838394871924288
1.4 1.644441924941178
1.41 1.7044937016126143
1.42 1.763935553353302
1.43 1.8227088182320752
1.44 1.8807554941322806
1.45 1.938018295992865
1.46 1.994440712341813
1.47 2.04996706106615
1.48 2.1045425443634618
1.49 2.1581133028207127
1.5 2.2106264685669808
1.51 2.262030217447666
1.52 2.3122738201686723
1.53 2.3613076923600986
1.54 2.409083443510023
1.55 2.4555539247200966
1.56 2.500673275235814
1.57 2.5443969677055427
1.58 2.5866818521236383
1.59 2.627486198414298
1.6 2.6667697376141004
1.61 2.704493701612614
1.62 2.740620861411843
1.63 2.7751155638667497
1.64 2.8079437668706064
1.65 2.8390730729504465
1.66 2.868472761239455
1.67 2.8961138177947583
1.68 2.9219689642306816
1.69 2.9460126846392223
1.7 2.9682212507711703
1.71 2.9885727454530264
1.72 3.0070470842166057
1.73 3.0236260351199813
1.74 3.038293236740214
1.75 3.051034214320097
1.76 3.0618363940529947
1.77 3.070689115491675
1.78 3.077583642068879
1.79 3.0825131697192627
1.8 3.085472833594183
1.81 3.086459712862719
1.82 3.085472833594183
1.83 3.0825131697192627
1.84 3.077583642068879
1.85 3.070689115491675
1.86 3.0618363940529947
1.87 3.051034214320097
1.88 3.038293236740214
1.89 3.0236260351199813
1.9 3.0070470842166057
1.91 2.9885727454530264
1.92 2.9682212507711703
1.93 2.9460126846392223
1.94 2.9219689642306816
1.95 2.8961138177947583
1.96 2.868472761239455
1.97 2.8390730729504465
1.98 2.8079437668706064
1.99 2.7751155638667497
0 2.740620861411843
0.01 2.704493701612614
0.02 2.6667697376141004
0.03 2.627486198414298
0.04 2.5866818521236383
0.05 2.5443969677055427
0.06 2.500673275235814
0.07 2.4555539247200966
0.08 2.409083443510023
0.09 2.3613076923600986
0.1 2.3122738201686723
0.11 2.262030217447666
0.12 2.2106264685669808
0.13 2.1581133028207127
0.14 2.1045425443634618
0.15 2.04996706106615
0.16 1.994440712341813
0.17 1.938018295992865
0.18 1.8807554941322806
0.19 1.8227088182320752
0.2 1.763935553353302
0.21 1.7044937016126143
0.22 1.644441924941178
0.23 1.5838394871924288
0.24 1.5227461956558046
0.25 1.4612223420341686
0.26 1.399328642943181
0.27 1.3371261799913279
0.28 1.274676339499748
0.29 1.212040751921346
0.3 1.149281231018976
0.31 1.0864597128627194
0.32 1.0236381947064628
0.33 0.9608786738040926
0.34 0.8982430862256907
0.35 0.8357932457341108
0.36 0.7735907827822577
0.37 0.7116970836912702
0.38 0.6501732300696342
0.39 0.5890799385330098
0.4 0.5284775007842608
0.41 0.46842572411282446
0.42 0.4089838723721366
0.43 0.3502106074933635
0.44 0.2921639315931581
0.45 0.23490112973257393
0.46 0.17847871338362575
0.47 0.12295236465928872
1.16 0.11432868904556204
1.17 0.16985503776989908
1.18 0.22627745411884725
1.19 0.28354025597943144
1.2 0.34158693187963685
1.21 0.40036019675840995
1.22 0.4598020484990978
1.23 0.5198538251705341
1.24 0.5804562629192831
1.25 0.6415495544559076
1.26 0.7030734080775435
1.27 0.764967107168531
1.28 0.8271695701203842
1.29 0.889619410611964
1.3 0.952254998190366
1.31 1.0150145190927362
1.32 1.0778360372489928
1.33 1.1406575554052494
1.34 1.2034170763076193
1.35 1.2660526638860214
1.36 1.3285025043776013
1.37 1.3907049673294543
1.38 1.452598666420442
1.39 1.5141225200420778
1.4 1.575215811578702
1.41 1.6358182493274511
1.42 1.6958700259988877
1.43 1.7553118777395755
1.44 1.8140851426183486
1.45 1.8721318185185538
1.46 1.9293946203791381
1.47 1.9858170367280863
1.48 2.041343385452423
1.49 2.095918868749735
1.5 2.149489627206986
1.51 2.202002792953254
1.52 2.253406541833939
1.53 2.3036501445549455
1.54 2.352684016746372
1.55 2.400459767896296
1.56 2.44693024910637
1.57 2.4920495996220873
1.58 2.535773292091816
1.59 2.5780581765099115
1.6 2.6188625228005713
1.61 2.6581460620003736
1.62 2.6958700259988873
1.63 2.7319971857981162
1.64 2.766491888253023
1.65 2.7993200912568796
1.66 2.8304493973367197
1.67 2.8598490856257284
1.68 2.8874901421810315
1.69 2.913345288616955
1.7 2.9373890090254955
1.71 2.9595975751574435
1.72 2.9799490698392996
1.73 2.998423408602879
1.74 3.0150023595062545
1.75 3.029669561126487
1.76 3.04241053870637
1.77 3.053212718439268
1.78 3.0620654398779483
1.79 3.0689599664551523
1.8 3.073889494105536
1.81 3.076849157980456
1.82 3.0778360372489924
1.83 3.076849157980456
1.84 3.073889494105536
1.85 3.0689599664551523
1.86 3.0620654398779483
1.87 3.053212718439268
1.88 3.04241053870637
1.89 3.029669561126487
1.9 3.0150023595062545
1.91 2.998423408602879
1.92 2.9799490698392996
1.93 2.9595975751574435
1.94 2.9373890090254955
1.95 2.913345288616955
1.96 2.8874901421810315
1.97 2.8598490856257284
1.98 2.8304493973367197
1.99 2.7993200912568796
0 2.766491888253023
0.01 2.7319971857981162
0.02 2.6958700259988873
0.03 2.6581460620003736
0.04 2.6188625228005713
0.05 2.5780581765099115
0.06 2.535773292091816
0.07 2.4920495996220873
0.08 2.44693024910637
0.09 2.400459767896296
0.1 2.352684016746372
0.11 2.3036501445549455
0.12 2.253406541833939
0.13 2.202002792953254
0.14 2.149489627206986
0.15 2.095918868749735
0.16 2.041343385452423
0.17 1.9858170367280863
0.18 1.9293946203791381
0.19 1.8721318185185538
0.2 1.8140851426183486
0.21 1.7553118777395755
0.22 1.6958700259988877
0.23 1.6358182493274511
0.24 1.575215811578702
0.25 1.5141225200420778
0.26 1.452598666420442
0.27 1.3907049673294543
0.28 1.3285025043776013
0.29 1.2660526638860214
0.3 1.2034170763076193
0.31 1.1406575554052494
0.32 1.0778360372489928
0.33 1.0150145190927362
0.34 0.952254998190366
0.35 0.889619410611964
0.36 0.8271695701203842
0.37 0.764967107168531
0.38 0.7030734080775435
0.39 0.6415495544559076
0.4 0.5804562629192831
0.41 0.5198538251705341
0.42 0.4598020484990978
0.43 0.40036019675840995
0.44 0.34158693187963685
0.45 0.28354025597943144
0.46 0.22627745411884725
0.47 0.16985503776989908
0.48 0.11432868904556204
1.17 0.10612163829459775
1.18 0.1616479870189348
1.19 0.21807040336788297
1.2 0.27533320522846716
1.21 0.33337988112867256
1.22 0.39215314600744566
1.23 0.4515949977481335
1.24 0.5116467744195698
1.25 0.5722492121683188
1.26 0.6333425037049433
1.27 0.6948663573265792
1.28 0.7567600564175667
1.29 0.8189625193694199
1.3 0.8814123598609998
1.31 0.9440479474394017
1.32 1.0068074683417718
1.33 1.0696289864980284
1.34 1.132450504654285
1.35 1.1952100255566551
1.36 1.257845613135057
1.37 1.320295453626637
1.38 1.38249791657849
1.39 1.4443916156694776
1.4 1.5059154692911136
1.41 1.5670087608277379
1.42 1.627611198576487
1.43 1.6876629752479233
1.44 1.7471048269886111
1.45 1.8058780918673842
1.46 1.8639247677675896
1.47 1.921187569628174
1.48 1.9776099859771221
1.49 2.0331363347014593
1.5 2.0877118179987706
1.51 2.141282576456022
1.52 2.1937957422022896
1.53 2.2451994910829747
1.54 2.295443093803981
1.55 2.3444769659954074
1.56 2.3922527171453316
1.57 2.4387231983554054
1.58 2.483842548871123
1.59 2.5275662413408515
1.6 2.569851125758947
1.61 2.610655472049607
1.62 2.6499390112494092
1.63 2.687662975247923
1.64 2.7237901350471523
1.65 2.7582848375020586
1.66 2.7911130405059152
1.67 2.822242346585756
1.68 2.8516420348747644
1.69 2.879283091430067
1.7 2.905138237865991
1.71 2.9291819582745315
1.72 2.951390524406479
1.73 2.9717420190883352
1.74 2.9902163578519145
1.75 3.00679530875529
1.76 3.021462510375523
1.77 3.0342034879554056
1.78 3.0450056676883035
1.79 3.053858389126984
1.8 3.060752915704188
1.81 3.0656824433545715
1.82 3.0686421072294916
1.83 3.069628986498028
1.84 3.0686421072294916
1.85 3.0656824433545715
1.86 3.060752915704188
1.87 3.053858389126984
1.88 3.0450056676883035
1.89 3.0342034879554056
1.9 3.021462510375523
1.91 3.00679530875529
1.92 2.9902163578519145
1.93 2.9717420190883352
1.94 2.951390524406479
1.95 2.9291819582745315
1.96 2.905138237865991
1.97 2.879283091430067
1.98 2.8516420348747644
1.99 2.822242346585756
0 2.7911130405059152
0.01 2.7582848375020586
0.02 2.7237901350471523
0.03 2.687662975247923
0.04 2.6499390112494092
0.05 2.610655472049607
0.06 2.569851125758947
0.07 2.5275662413408515
0.08 2.483842548871123
0.09 2.4387231983554054
0.1 2.3922527171453316
0.11 2.3444769659954074
0.12 2.295443093803981
0.13 2.2451994910829747
0.14 2.1937957422022896
0.15 2.141282576456022
0.16 2.0877118179987706
0.17 2.0331363347014593
0.18 1.9776099859771221
0.19 1.921187569628174
0.2 1.8639247677675896
0.21 1.8058780918673842
0.22 1.7471048269886111
0.23 1.6876629752479233
0.24 1.627611198576487
0.25 1.5670087608277379
0.26 1.5059154692911136
0.27 1.4443916156694776
0.28 1.38249791657849
0.29 1.320295453626637
0.3 1.257845613135057
0.31 1.1952100255566551
0.32 1.132450504654285
0.33 1.0696289864980284
0.34 1.0068074683417718
0.35 0.9440479474394017
0.36 0.8814123598609998
0.37 0.8189625193694199
0.38 0.7567600564175667
0.39 0.6948663573265792
0.4 0.6333425037049433
0.41 0.5722492121683188
0.42 0.5116467744195698
0.43 0.4515949977481335
0.44 0.39215314600744566
0.45 0.33337988112867256
0.46 0.27533320522846716
0.47 0.21807040336788297
0.48 0.1616479870189348
0.49 0.10612163829459775
1.18 0.09833931177463784
1.19 0.15386566049897488
1.2 0.21028807684792306
1.21 0.26755087870850724
1.22 0.32559755460871265
1.23 0.38437081948748575
1.24 0.4438126712281736
1.25 0.5038644478996099
1.26 0.5644668856483589
1.27 0.6255601771849834
1.28 0.6870840308066193
1.29 0.7489777298976068
1.3 0.81118019284946
1.31 0.8736300333410398
1.32 0.9362656209194418
1.33 0.9990251418218119
1.34 1.0618466599780685
1.35 1.124668178134325
1.36 1.1874276990366952
1.37 1.2500632866150971
1.38 1.312513127106677
1.39 1.3747155900585302
1.4 1.4366092891495177
1.41 1.4981331427711537
1.42 1.559226434307778
1.43 1.619828872056527
1.44 1.6798806487279634
1.45 1.7393225004686512
1.46 1.7980957653474243
1.47 1.8561424412476297
1.48 1.913405243108214
1.49 1.9698276594571622
1.5 2.025354008181499
1.51 2.079929491478811
1.52 2.133500249936062
1.53 2.18601341568233
1.54 2.237417164563015
1.55 2.2876607672840215
1.56 2.3366946394754478
1.57 2.384470390625372
1.58 2.4309408718354457
1.59 2.476060222351163
1.6 2.519783914820892
1.61 2.5620687992389874
1.62 2.602873145529647
1.63 2.6421566847294495
1.64 2.679880648727963
1.65 2.716007808527192
1.66 2.750502510982099
1.67 2.7833307139859556
1.68 2.8144600200657957
1.69 2.8438597083548043
1.7 2.8715007649101074
1.71 2.8973559113460308
1.72 2.9213996317545714
1.73 2.9436081978865194
1.74 2.9639596925683755
1.75 2.982434031331955
1.76 2.9990129822353304
1.77 3.013680183855563
1.78 3.026421161435446
1.79 3.037223341168344
1.8 3.0460760626070242
1.81 3.0529705891842283
1.82 3.057900116834612
1.83 3.060859780709532
1.84 3.0618466599780683
1.85 3.060859780709532
1.86 3.057900116834612
1.87 3.0529705891842283
1.88 3.0460760626070242
1.89 3.037223341168344
1.9 3.026421161435446
1.91 3.013680183855563
1.92 2.9990129822353304
1.93 2.982434031331955
1.94 2.9639596925683755
1.95 2.9436081978865194
1.96 2.9213996317545714
1.97 2.8973559113460308
1.98 2.8715007649101074
1.99 2.8438597083548043
0 2.8144600200657957
0.01 2.7833307139859556
0.02 2.750502510982099
0.03 2.716007808527192
0.04 2.679880648727963
0.05 2.6421566847294495
0.06 2.602873145529647
0.07 2.5620687992389874
0.08 2.519783914820892
0.09 2.476060222351163
0.1 2.4309408718354457
0.11 2.384470390625372
0.12 2.3366946394754478
0.13 2.2876607672840215
0.14 2.237417164563015
0.15 2.18601341568233
0.16 2.133500249936062
0.17 2.079929491478811
0.18 2.025354008181499
0.19 1.9698276594571622
0.2 1.913405243108214
0.21 1.8561424412476297
0.22 1.7980957653474243
0.23 1.7393225004686512
0.24 1.6798806487279634
0.25 1.619828872056527
0.26 1.559226434307778
0.27 1.4981331427711537
0.28 1.4366092891495177
0.29 1.3747155900585302
0.3 1.312513127106677
0.31 1.2500632866150971
0.32 1.1874276990366952
0.33 1.124668178134325
0.34 1.0618466599780685
0.35 0.9990251418218119
0.36 0.9362656209194418
0.37 0.8736300333410398
0.38 0.81118019284946
0.39 0.7489777298976068
0.4 0.6870840308066193
0.41 0.6255601771849834
0.42 0.5644668856483589
0.43 0.5038644478996099
0.44 0.4438126712281736
0.45 0.38437081948748575
0.46 0.32559755460871265
0.47 0.26755087870850724
0.48 0.21028807684792306
0.49 0.15386566049897488
0.5 0.09833931177463784
1.19 0.09098938970238568
1.2 0.14651573842672272
1.21 0.2029381547756709
1.22 0.2602009566362551
1.23 0.3182476325364605
1.24 0.3770208974152336
1.25 0.4364627491559214
1.26 0.4965145258273578
1.27 0.5571169635761067
1.28 0.6182102551127312
1.29 0.6797341087343671
1.3 0.7416278078253546
1.31 0.8038302707772078
1.32 0.8662801112687877
1.33 0.9289156988471896
1.34 0.9916752197495597
1.35 1.0544967379058163
1.36 1.117318256062073
1.37 1.180077776964443
1.38 1.242713364542845
1.39 1.3051632050344248
1.4 1.367365667986278
1.41 1.4292593670772655
1.42 1.4907832206989016
1.43 1.5518765122355258
1.44 1.6124789499842749
1.45 1.6725307266557112
1.46 1.731972578396399
1.47 1.7907458432751722
1.48 1.8487925191753776
1.49 1.9060553210359619
1.5 1.96247773738491
1.51 2.018004086109247
1.52 2.0725795694065585
1.53 2.12615032786381
1.54 2.1786634936100775
1.55 2.2300672424907626
1.56 2.280310845211769
1.57 2.3293447174031954
1.58 2.3771204685531195
1.59 2.4235909497631933
1.6 2.468710300278911
1.61 2.5124339927486394
1.62 2.554718877166735
1.63 2.595523223457395
1.64 2.634806762657197
1.65 2.672530726655711
1.66 2.70865788645494
1.67 2.7431525889098465
1.68 2.775980791913703
1.69 2.8071100979935437
1.7 2.8365097862825523
1.71 2.864150842837855
1.72 2.890005989273779
1.73 2.9140497096823195
1.74 2.936258275814267
1.75 2.956609770496123
1.76 2.9750841092597025
1.77 2.991663060163078
1.78 3.0063302617833108
1.79 3.0190712393631935
1.8 3.0298734190960914
1.81 3.038726140534772
1.82 3.045620667111976
1.83 3.0505501947623594
1.84 3.0535098586372795
1.85 3.054496737905816
1.86 3.0535098586372795
1.87 3.0505501947623594
1.88 3.045620667111976
1.89 3.038726140534772
1.9 3.0298734190960914
1.91 3.0190712393631935
1.92 3.0063302617833108
1.93 2.991663060163078
1.94 2.9750841092597025
1.95 2.956609770496123
1.96 2.936258275814267
1.97 2.9140497096823195
1.98 2.890005989273779
1.99 2.864150842837855
0 2.8365097862825523
0.01 2.8071100979935437
0.02 2.775980791913703
0.03 2.7431525889098465
0.04 2.70865788645494
0.05 2.672530726655711
0.06 2.634806762657197
0.07 2.595523223457395
0.08 2.554718877166735
0.09 2.5124339927486394
0.1 2.468710300278911
0.11 2.4235909497631933
0.12 2.3771204685531195
0.13 2.3293447174031954
0.14 2.280310845211769
0.15 2.2300672424907626
0.16 2.1786634936100775
0.17 2.12615032786381
0.18 2.0725795694065585
0.19 2.018004086109247
0.2 1.96247773738491
0.21 1.9060553210359619
0.22 1.8487925191753776
0.23 1.7907458432751722
0.24 1.731972578396399
0.25 1.6725307266557112
0.26 1.6124789499842749
0.27 1.5518765122355258
0.28 1.4907832206989016
0.29 1.4292593670772655
0.3 1.367365667986278
0.31 1.3051632050344248
0.32 1.242713364542845
0.33 1.180077776964443
0.34 1.117318256062073
0.35 1.0544967379058163
0.36 0.9916752197495597
0.37 0.9289156988471896
0.38 0.8662801112687877
0.39 0.8038302707772078
0.4 0.7416278078253546
0.41 0.6797341087343671
0.42 0.6182102551127312
0.43 0.5571169635761067
0.44 0.4965145258273578
0.45 0.4364627491559214
0.46 0.3770208974152336
0.47 0.3182476325364605
0.48 0.2602009566362551
0.49 0.2029381547756709
0.5 0.14651573842672272
0.51 0.09098938970238568
1.2 0.08407912556355979
1.21 0.13960547428789682
1.22 0.196027890636845
1.23 0.2532906924974292
1.24 0.3113373683976346
1.25 0.3701106332764077
1.26 0.42955248501709553
1.27 0.4896042616885319
1.28 0.5502066994372808
1.29 0.6112999909739053
1.3 0.6728238445955412
1.31 0.7347175436865288
1.32 0.7969200066383819
1.33 0.8593698471299618
1.34 0.9220054347083637
1.35 0.9847649556107338
1.36 1.0475864737669904
1.37 1.110407991923247
1.38 1.1731675128256172
1.39 1.235803100404019
1.4 1.298252940895599
1.41 1.3604554038474521
1.42 1.4223491029384396
1.43 1.4838729565600757
1.44 1.5449662480967
1.45 1.605568685845449
1.46 1.6656204625168853
1.47 1.7250623142575732
1.48 1.7838355791363463
1.49 1.8418822550365517
1.5 1.899145056897136
1.51 1.9555674732460842
1.52 2.0110938219704213
1.53 2.0656693052677326
1.54 2.119240063724984
1.55 2.1717532294712516
1.56 2.2231569783519367
1.57 2.273400581072943
1.58 2.3224344532643695
1.59 2.3702102044142936
1.6 2.4166806856243674
1.61 2.461800036140085
1.62 2.5055237286098135
1.63 2.547808613027909
1.64 2.588612959318569
1.65 2.6278964985183713
1.66 2.665620462516885
1.67 2.7017476223161143
1.68 2.7362423247710206
1.69 2.7690705277748773
1.7 2.800199833854718
1.71 2.8295995221437265
1.72 2.857240578699029
1.73 2.883095725134953
1.74 2.9071394455434936
1.75 2.929348011675441
1.76 2.9496995063572973
1.77 2.9681738451208766
1.78 2.984752796024252
1.79 2.999419997644485
1.8 3.0121609752243677
1.81 3.0229631549572655
1.82 3.031815876395946
1.83 3.03871040297315
1.84 3.0436399306235336
1.85 3.0465995944984536
1.86 3.04758647376699
1.87 3.0465995944984536
1.88 3.0436399306235336
1.89 3.03871040297315
1.9 3.031815876395946
1.91 3.0229631549572655
1.92 3.0121609752243677
1.93 2.999419997644485
1.94 2.984752796024252
1.95 2.9681738451208766
1.96 2.9496995063572973
1.97 2.929348011675441
1.98 2.9071394455434936
1.99 2.883095725134953
0 2.857240578699029
0.01 2.8295995221437265
0.02 2.800199833854718
0.03 2.7690705277748773
0.04 2.7362423247710206
0.05 2.7017476223161143
0.06 2.665620462516885
0.07 2.6278964985183713
0.08 2.588612959318569
0.09 2.547808613027909
0.1 2.5055237286098135
0.11 2.461800036140085
0.12 2.4166806856243674
0.13 2.3702102044142936
0.14 2.3224344532643695
0.15 2.273400581072943
0.16 2.2231569783519367
0.17 2.1717532294712516
0.18 2.119240063724984
0.19 2.0656693052677326
0.2 2.0110938219704213
0.21 1.9555674732460842
0.22 1.899145056897136
0.23 1.8418822550365517
0.24 1.7838355791363463
0.25 1.7250623142575732
0.26 1.6656204625168853
0.27 1.605568685845449
0.28 1.5449662480967
0.29 1.4838729565600757
0.3 1.4223491029384396
0.31 1.3604554038474521
0.32 1.298252940895599
0.33 1.235803100404019
0.34 1.1731675128256172
0.35 1.110407991923247
0.36 1.0475864737669904
0.37 0.9847649556107338
0.38 0.9220054347083637
0.39 0.8593698471299618
0.4 0.7969200066383819
0.41 0.7347175436865288
0.42 0.6728238445955412
0.43 0.6112999909739053
0.44 0.5502066994372808
0.45 0.4896042616885319
0.46 0.42955248501709553
0.47 0.3701106332764077
0.48 0.3113373683976346
0.49 0.2532906924974292
0.5 0.196027890636845
0.51 0.13960547428789682
0.52 0.08407912556355979
1.21 0.07761533895457906
1.22 0.1331416876789161
1.23 0.18956410402786428
1.24 0.24682690588844847
1.25 0.30487358178865387
1.26 0.36364684666742697
1.27 0.4230886984081148
1.28 0.48314047507955116
1.29 0.5437429128283001
1.3 0.6048362043649246
1.31 0.6663600579865605
1.32 0.728253757077548
1.33 0.7904562200294012
1.34 0.8529060605209811
1.35 0.915541648099383
1.36 0.9783011690017531
1.37 1.0411226871580097
1.38 1.1039442053142663
1.39 1.1667037262166364
1.4 1.2293393137950384
1.41 1.2917891542866182
1.42 1.3539916172384714
1.43 1.415885316329459
1.44 1.477409169951095
1.45 1.5385024614877192
1.46 1.5991048992364683
1.47 1.6591566759079046
1.48 1.7185985276485924
1.49 1.7773717925273655
1.5 1.835418468427571
1.51 1.8926812702881552
1.52 1.9491036866371034
1.53 2.0046300353614406
1.54 2.059205518658752
1.55 2.1127762771160032
1.56 2.165289442862271
1.57 2.216693191742956
1.58 2.2669367944639625
1.59 2.3159706666553888
1.6 2.363746417805313
1.61 2.4102168990153867
1.62 2.455336249531104
1.63 2.499059942000833
1.64 2.5413448264189284
1.65 2.582149172709588
1.66 2.6214327119093905
1.67 2.659156675907904
1.68 2.6952838357071336
1.69 2.72977853816204
1.7 2.7626067411658966
1.71 2.793736047245737
1.72 2.8231357355347457
1.73 2.8507767920900484
1.74 2.876631938525972
1.75 2.900675658934513
1.76 2.9228842250664604
1.77 2.9432357197483165
1.78 2.961710058511896
1.79 2.9782890094152714
1.8 2.992956211035504
1.81 3.005697188615387
1.82 3.016499368348285
1.83 3.0253520897869652
1.84 3.0322466163641693
1.85 3.037176144014553
1.86 3.040135807889473
1.87 3.0411226871580093
1.88 3.040135807889473
1.89 3.037176144014553
1.9 3.0322466163641693
1.91 3.0253520897869652
1.92 3.016499368348285
1.93 3.005697188615387
1.94 2.992956211035504
1.95 2.9782890094152714
1.96 2.961710058511896
1.97 2.9432357197483165
1.98 2.9228842250664604
1.99 2.900675658934513
0 2.876631938525972
0.01 2.8507767920900484
0.02 2.8231357355347457
0.03 2.793736047245737
0.04 2.7626067411658966
0.05 2.72977853816204
0.06 2.6952838357071336
0.07 2.659156675907904
0.08 2.6214327119093905
0.09 2.582149172709588
0.1 2.5413448264189284
0.11 2.499059942000833
0.12 2.455336249531104
0.13 2.4102168990153867
0.14 2.363746417805313
0.15 2.3159706666553888
0.16 2.2669367944639625
0.17 2.216693191742956
0.18 2.165289442862271
0.19 2.1127762771160032
0.2 2.059205518658752
0.21 2.0046300353614406
0.22 1.9491036866371034
0.23 1.8926812702881552
0.24 1.835418468427571
0.25 1.7773717925273655
0.26 1.7185985276485924
0.27 1.6591566759079046
0.28 1.5991048992364683
0.29 1.5385024614877192
0.3 1.477409169951095
0.31 1.415885316329459
0.32 1.3539916172384714
0.33 1.2917891542866182
0.34 1.2293393137950384
0.35 1.1667037262166364
0.36 1.1039442053142663
0.37 1.0411226871580097
0.38 0.9783011690017531
0.39 0.915541648099383
0.4 0.8529060605209811
0.41 0.7904562200294012
0.42 0.728253757077548
0.43 0.6663600579865605
0.44 0.6048362043649246
0.45 0.5437429128283001
0.46 0.48314047507955116
0.47 0.4230886984081148
0.48 0.36364684666742697
0.49 0.30487358178865387
0.5 0.24682690588844847
0.51 0.18956410402786428
0.52 0.1331416876789161
0.53 0.07761533895457906
1.22 0.0716044088524439
1.23 0.12713075757678094
1.24 0.18355317392572912
1.25 0.2408159757863133
1.26 0.2988626516865187
1.27 0.3576359165652918
1.28 0.41707776830597965
1.29 0.477129544977416
1.3 0.537731982726165
1.31 0.5988252742627894
1.32 0.6603491278844253
1.33 0.7222428269754129
1.34 0.784445289927266
1.35 0.8468951304188459
1.36 0.9095307179972478
1.37 0.972290238899618
1.38 1.0351117570558745
1.39 1.0979332752121311
1.4 1.1606927961145013
1.41 1.2233283836929032
1.42 1.285778224184483
1.43 1.3479806871363362
1.44 1.4098743862273238
1.45 1.4713982398489598
1.46 1.532491531385584
1.47 1.593093969134333
1.48 1.6531457458057695
1.49 1.7125875975464573
1.5 1.7713608624252304
1.51 1.8294075383254358
1.52 1.88667034018602
1.53 1.9430927565349683
1.54 1.9986191052593052
1.55 2.053194588556617
1.56 2.1067653470138676
1.57 2.159278512760136
1.58 2.2106822616408213
1.59 2.2609258643618277
1.6 2.309959736553254
1.61 2.357735487703178
1.62 2.404205968913252
1.63 2.4493253194289695
1.64 2.493049011898698
1.65 2.5353338963167937
1.66 2.5761382426074535
1.67 2.615421781807256
1.68 2.6531457458057695
1.69 2.689272905604998
1.7 2.723767608059905
1.71 2.756595811063762
1.72 2.7877251171436015
1.73 2.81712480543261
1.74 2.8447658619879137
1.75 2.8706210084238366
1.76 2.8946647288323772
1.77 2.9168732949643257
1.78 2.937224789646182
1.79 2.955699128409761
1.8 2.9722780793131367
1.81 2.9869452809333694
1.82 2.999686258513252
1.83 3.01048843824615
1.84 3.0193411596848305
1.85 3.0262356862620345
1.86 3.031165213912418
1.87 3.034124877787338
1.88 3.0351117570558745
1.89 3.034124877787338
1.9 3.031165213912418
1.91 3.0262356862620345
1.92 3.0193411596848305
1.93 3.01048843824615
1.94 2.999686258513252
1.95 2.9869452809333694
1.96 2.9722780793131367
1.97 2.955699128409761
1.98 2.937224789646182
1.99 2.9168732949643257
0 2.8946647288323772
0.01 2.8706210084238366
0.02 2.8447658619879137
0.03 2.81712480543261
0.04 2.7877251171436015
0.05 2.756595811063762
0.06 2.723767608059905
0.07 2.689272905604998
0.08 2.6531457458057695
0.09 2.615421781807256
0.1 2.5761382426074535
0.11 2.5353338963167937
0.12 2.493049011898698
0.13 2.4493253194289695
0.14 2.404205968913252
0.15 2.357735487703178
0.16 2.309959736553254
0.17 2.2609258643618277
0.18 2.2106822616408213
0.19 2.159278512760136
0.2 2.1067653470138676
0.21 2.053194588556617
0.22 1.9986191052593052
0.23 1.9430927565349683
0.24 1.88667034018602
0.25 1.8294075383254358
0.26 1.7713608624252304
0.27 1.7125875975464573
0.28 1.6531457458057695
0.29 1.593093969134333
0.3 1.532491531385584
0.31 1.4713982398489598
0.32 1.4098743862273238
0.33 1.3479806871363362
0.34 1.285778224184483
0.35 1.2233283836929032
0.36 1.1606927961145013
0.37 1.0979332752121311
0.38 1.0351117570558745
0.39 0.972290238899618
0.4 0.9095307179972478
0.41 0.8468951304188459
0.42 0.784445289927266
0.43 0.7222428269754129
0.44 0.6603491278844253
0.45 0.5988252742627894
0.46 0.537731982726165
0.47 0.477129544977416
0.48 0.41707776830597965
0.49 0.3576359165652918
0.5 0.2988626516865187
0.51 0.2408159757863133
0.52 0.18355317392572912
0.53 0.12713075757678094
0.54 0.0716044088524439
1.23 0.06605226731945679
1.24 0.12157861604379383
1.25 0.178001032392742
1.26 0.2352638342533262
1.27 0.2933105101535316
1.28 0.3520837750323047
1.29 0.41152562677299254
1.3 0.4715774034444289
1.31 0.5321798411931778
1.32 0.5932731327298023
1.33 0.6547969863514382
1.34 0.7166906854424258
1.35 0.7788931483942789
1.36 0.8413429888858588
1.37 0.9039785764642607
1.38 0.9667380973666309
1.39 1.0295596155228874
1.4 1.092381133679144
1.41 1.1551406545815142
1.42 1.217776242159916
1.43 1.280226082651496
1.44 1.3424285456033491
1.45 1.4043222446943366
1.46 1.4658460983159727
1.47 1.526939389852597
1.48 1.587541827601346
1.49 1.6475936042727823
1.5 1.7070354560134702
1.51 1.7658087208922433
1.52 1.8238553967924487
1.53 1.881118198653033
1.54 1.9375406150019812
1.55 1.993066963726318
1.56 2.04764244702363
1.57 2.1012132054808808
1.58 2.153726371227149
1.59 2.205130120107834
1.6 2.2553737228288404
1.61 2.3044075950202667
1.62 2.352183346170191
1.63 2.3986538273802647
1.64 2.443773177895982
1.65 2.4874968703657108
1.66 2.5297817547838064
1.67 2.570586101074466
1.68 2.6098696402742685
1.69 2.647593604272782
1.7 2.683720764072011
1.71 2.718215466526918
1.72 2.7510436695307745
1.73 2.7821729756106146
1.74 2.8115726638996232
1.75 2.8392137204549264
1.76 2.8650688668908497
1.77 2.8891125872993904
1.78 2.9113211534313383
1.79 2.9316726481131945
1.8 2.950146986876774
1.81 2.9667259377801494
1.82 2.981393139400382
1.83 2.994134116980265
1.84 3.0049362967131628
1.85 3.013789018151843
1.86 3.020683544729047
1.87 3.025613072379431
1.88 3.028572736254351
1.89 3.029559615522887
1.9 3.028572736254351
1.91 3.025613072379431
1.92 3.020683544729047
1.93 3.013789018151843
1.94 3.0049362967131628
1.95 2.994134116980265
1.96 2.981393139400382
1.97 2.9667259377801494
1.98 2.950146986876774
1.99 2.9316726481131945
0 2.9113211534313383
0.01 2.8891125872993904
0.02 2.8650688668908497
0.03 2.8392137204549264
0.04 2.8115726638996232
0.05 2.7821729756106146
0.06 2.7510436695307745
0.07 2.718215466526918
0.08 2.683720764072011
0.09 2.647593604272782
0.1 2.6098696402742685
0.11 2.570586101074466
0.12 2.5297817547838064
0.13 2.4874968703657108
0.14 2.443773177895982
0.15 2.3986538273802647
0.16 2.352183346170191
0.17 2.3044075950202667
0.18 2.2553737228288404
0.19 2.205130120107834
0.2 2.153726371227149
0.21 2.1012132054808808
0.22 2.04764244702363
0.23 1.993066963726318
0.24 1.9375406150019812
0.25 1.881118198653033
0.26 1.8238553967924487
0.27 1.7658087208922433
0.28 1.7070354560134702
0.29 1.6475936042727823
0.3 1.587541827601346
0.31 1.526939389852597
0.32 1.4658460983159727
0.33 1.4043222446943366
0.34 1.3424285456033491
0.35 1.280226082651496
0.36 1.217776242159916
0.37 1.1551406545815142
0.38 1.092381133679144
0.39 1.0295596155228874
0.4 0.9667380973666309
0.41 0.9039785764642607
0.42 0.8413429888858588
0.43 0.7788931483942789
0.44 0.7166906854424258
0.45 0.6547969863514382
0.46 0.5932731327298023
0.47 0.5321798411931778
0.48 0.4715774034444289
0.49 0.41152562677299254
0.5 0.3520837750323047
0.51 0.2933105101535316
0.52 0.2352638342533262
0.53 0.178001032392742
0.54 0.12157861604379383
0.55 0.06605226731945679
1.24 0.060964393648992754
1.25 0.11649074237332979
1.26 0.17291315872227797
1.27 0.23017596058286216
1.28 0.28822263648306756
1.29 0.34699590136184066
1.3 0.4064377531025285
1.31 0.46648952977396485
1.32 0.5270919675227138
1.33 0.5881852590593383
1.34 0.6497091126809742
1.35 0.7116028117719617
1.36 0.7738052747238149
1.37 0.8362551152153948
1.38 0.8988907027937967
1.39 0.9616502236961668
1.4 1.0244717418524234
1.41 1.08729326000868
1.42 1.1500527809110501
1.43 1.212688368489452
1.44 1.275138208981032
1.45 1.337340671932885
1.46 1.3992343710238726
1.47 1.4607582246455086
1.48 1.5218515161821329
1.49 1.582453953930882
1.5 1.6425057306023183
1.51 1.7019475823430061
1.52 1.7607208472217792
1.53 1.8187675231219846
1.54 1.876030324982569
1.55 1.9324527413315171
1.56 1.987979090055854
1.57 2.042554573353166
1.58 2.0961253318104167
1.59 2.148638497556685
1.6 2.20004224643737
1.61 2.2502858491583764
1.62 2.2993197213498027
1.63 2.347095472499727
1.64 2.3935659537098006
1.65 2.438685304225518
1.66 2.4824089966952467
1.67 2.5246938811133424
1.68 2.565498227404002
1.69 2.6047817666038044
1.7 2.642505730602318
1.71 2.678632890401547
1.72 2.7131275928564538
1.73 2.7459557958603105
1.74 2.7770851019401506
1.75 2.806484790229159
1.76 2.8341258467844623
1.77 2.8599809932203857
1.78 2.8840247136289263
1.79 2.9062332797608743
1.8 2.9265847744427305
1.81 2.9450591132063098
1.82 2.9616380641096853
1.83 2.976305265729918
1.84 2.989046243309801
1.85 2.9998484230426987
1.86 3.008701144481379
1.87 3.015595671058583
1.88 3.0205251987089667
1.89 3.023484862583887
1.9 3.024471741852423
1.91 3.023484862583887
1.92 3.0205251987089667
1.93 3.015595671058583
1.94 3.008701144481379
1.95 2.9998484230426987
1.96 2.989046243309801
1.97 2.976305265729918
1.98 2.9616380641096853
1.99 2.9450591132063098
0 2.9265847744427305
0.01 2.9062332797608743
0.02 2.8840247136289263
0.03 2.8599809932203857
0.04 2.8341258467844623
0.05 2.806484790229159
0.06 2.7770851019401506
0.07 2.7459557958603105
0.08 2.7131275928564538
0.09 2.678632890401547
0.1 2.642505730602318
0.11 2.6047817666038044
0.12 2.565498227404002
0.13 2.5246938811133424
0.14 2.4824089966952467
0.15 2.438685304225518
0.16 2.3935659537098006
0.17 2.347095472499727
0.18 2.2993197213498027
0.19 2.2502858491583764
0.2 2.20004224643737
0.21 2.148638497556685
0.22 2.0961253318104167
0.23 2.042554573353166
0.24 1.987979090055854
0.25 1.9324527413315171
0.26 1.876030324982569
0.27 1.8187675231219846
0.28 1.7607208472217792
0.29 1.7019475823430061
0.3 1.6425057306023183
0.31 1.582453953930882
0.32 1.5218515161821329
0.33 1.4607582246455086
0.34 1.3992343710238726
0.35 1.337340671932885
0.36 1.275138208981032
0.37 1.212688368489452
0.38 1.1500527809110501
0.39 1.08729326000868
0.4 1.0244717418524234
0.41 0.9616502236961668
0.42 0.8988907027937967
0.43 0.8362551152153948
0.44 0.7738052747238149
0.45 0.7116028117719617
0.46 0.6497091126809742
0.47 0.5881852590593383
0.48 0.5270919675227138
0.49 0.46648952977396485
0.5 0.4064377531025285
0.51 0.34699590136184066
0.52 0.28822263648306756
0.53 0.23017596058286216
0.54 0.17291315872227797
0.55 0.11649074237332979
0.56 0.060964393648992754
1.25 0.05634580895809804
1.26 0.11187215768243508
1.27 0.16829457403138326
1.28 0.22555737589196745
1.29 0.28360405179217285
1.3 0.34237731667094595
1.31 0.4018191684116338
1.32 0.46187094508307014
1.33 0.5224733828318191
1.34 0.5835666743684436
1.35 0.6450905279900795
1.36 0.706984227081067
1.37 0.7691866900329202
1.38 0.8316365305245
1.39 0.894272118102902
1.4 0.9570316390052721
1.41 1.0198531571615286
1.42 1.0826746753177852
1.43 1.1454341962201555
1.44 1.2080697837985572
1.45 1.270519624290137
1.46 1.3327220872419905
1.47 1.3946157863329778
1.48 1.456139639954614
1.49 1.5172329314912383
1.5 1.5778353692399874
1.51 1.6378871459114235
1.52 1.6973289976521113
1.53 1.7561022625308844
1.54 1.81414893843109
1.55 1.8714117402916743
1.56 1.9278341566406225
1.57 1.9833605053649594
1.58 2.037935988662271
1.59 2.091506747119522
1.6 2.14401991286579
1.61 2.1954236617464753
1.62 2.2456672644674818
1.63 2.294701136658908
1.64 2.3424768878088322
1.65 2.388947369018906
1.66 2.4340667195346235
1.67 2.477790412004352
1.68 2.5200752964224478
1.69 2.5608796427131075
1.7 2.60016318191291
1.71 2.6378871459114235
1.72 2.6740143057106525
1.73 2.708509008165559
1.74 2.741337211169416
1.75 2.772466517249256
1.76 2.8018662055382646
1.77 2.8295072620935677
1.78 2.855362408529491
1.79 2.8794061289380317
1.8 2.9016146950699797
1.81 2.921966189751836
1.82 2.940440528515415
1.83 2.9570194794187907
1.84 2.9716866810390234
1.85 2.9844276586189062
1.86 2.995229838351804
1.87 3.0040825597904846
1.88 3.0109770863676886
1.89 3.015906614018072
1.9 3.0188662778929922
1.91 3.0198531571615286
1.92 3.0188662778929922
1.93 3.015906614018072
1.94 3.0109770863676886
1.95 3.0040825597904846
1.96 2.995229838351804
1.97 2.9844276586189062
1.98 2.9716866810390234
1.99 2.9570194794187907
0 2.940440528515415
0.01 2.921966189751836
0.02 2.9016146950699797
0.03 2.8794061289380317
0.04 2.855362408529491
0.05 2.8295072620935677
0.06 2.8018662055382646
0.07 2.772466517249256
0.08 2.741337211169416
0.09 2.708509008165559
0.1 2.6740143057106525
0.11 2.6378871459114235
0.12 2.60016318191291
0.13 2.5608796427131075
0.14 2.5200752964224478
0.15 2.477790412004352
0.16 2.4340667195346235
0.17 2.388947369018906
0.18 2.3424768878088322
0.19 2.294701136658908
0.2 2.2456672644674818
0.21 2.1954236617464753
0.22 2.14401991286579
0.23 2.091506747119522
0.24 2.037935988662271
0.25 1.9833605053649594
0.26 1.9278341566406225
0.27 1.8714117402916743
0.28 1.81414893843109
0.29 1.7561022625308844
0.3 1.6973289976521113
0.31 1.6378871459114235
0.32 1.5778353692399874
0.33 1.5172329314912383
0.34 1.456139639954614
0.35 1.3946157863329778
0.36 1.3327220872419905
0.37 1.270519624290137
0.38 1.2080697837985572
0.39 1.1454341962201555
0.4 1.0826746753177852
0.41 1.0198531571615286
0.42 0.9570316390052721
0.43 0.894272118102902
0.44 0.8316365305245
0.45 0.7691866900329202
0.46 0.706984227081067
0.47 0.6450905279900795
0.48 0.5835666743684436
0.49 0.5224733828318191
0.5 0.46187094508307014
0.51 0.4018191684116338
0.52 0.34237731667094595
0.53 0.28360405179217285
0.54 0.22555737589196745
0.55 0.16829457403138326
0.56 0.11187215768243508
0.57 0.05634580895809804
1.26 0.05220107123225404
1.27 0.10772741995659108
1.28 0.16414983630553925
1.29 0.22141263816612344
1.3 0.27945931406632885
1.31 0.33823257894510195
1.32 0.3976744306857898
1.33 0.45772620735722613
1.34 0.5183286451059751
1.35 0.5794219366425996
1.36 0.6409457902642355
1.37 0.702839489355223
1.38 0.7650419523070762
1.39 0.827491792798656
1.4 0.890127380377058
1.41 0.9528869012794281
1.42 1.0157084194356847
1.43 1.0785299375919413
1.44 1.1412894584943114
1.45 1.2039250460727133
1.46 1.2663748865642932
1.47 1.3285773495161464
1.48 1.3904710486071339
1.49 1.45199490222877
1.5 1.5130881937653942
1.51 1.5736906315141432
1.52 1.6337424081855796
1.53 1.6931842599262674
1.54 1.7519575248050405
1.55 1.810004200705246
1.56 1.8672670025658302
1.57 1.9236894189147784
1.58 1.9792157676391153
1.59 2.033791250936427
1.6 2.087362009393678
1.61 2.139875175139946
1.62 2.191278924020631
1.63 2.2415225267416377
1.64 2.290556398933064
1.65 2.338332150082988
1.66 2.384802631293062
1.67 2.4299219818087794
1.68 2.473645674278508
1.69 2.5159305586966036
1.7 2.5567349049872634
1.71 2.5960184441870657
1.72 2.6337424081855794
1.73 2.6698695679848083
1.74 2.704364270439715
1.75 2.7371924734435717
1.76 2.768321779523412
1.77 2.7977214678124205
1.78 2.8253625243677236
1.79 2.851217670803647
1.8 2.8752613912121876
1.81 2.8974699573441356
1.82 2.9178214520259917
1.83 2.936295790789571
1.84 2.9528747416929466
1.85 2.9675419433131793
1.86 2.980282920893062
1.87 2.99108510062596
1.88 2.9999378220646404
1.89 3.0068323486418445
1.9 3.011761876292228
1.91 3.014721540167148
1.92 3.0157084194356845
1.93 3.014721540167148
1.94 3.011761876292228
1.95 3.0068323486418445
1.96 2.9999378220646404
1.97 2.99108510062596
1.98 2.980282920893062
1.99 2.9675419433131793
0 2.9528747416929466
0.01 2.936295790789571
0.02 2.9178214520259917
0.03 2.8974699573441356
0.04 2.8752613912121876
0.05 2.851217670803647
0.06 2.8253625243677236
0.07 2.7977214678124205
0.08 2.768321779523412
0.09 2.7371924734435717
0.1 2.704364270439715
0.11 2.6698695679848083
0.12 2.6337424081855794
0.13 2.5960184441870657
0.14 2.5567349049872634
0.15 2.5159305586966036
0.16 2.473645674278508
0.17 2.4299219818087794
0.18 2.384802631293062
0.19 2.338332150082988
0.2 2.290556398933064
0.21 2.2415225267416377
0.22 2.191278924020631
0.23 2.139875175139946
0.24 2.087362009393678
0.25 2.033791250936427
0.26 1.9792157676391153
0.27 1.9236894189147784
0.28 1.8672670025658302
0.29 1.810004200705246
0.3 1.7519575248050405
0.31 1.6931842599262674
0.32 1.6337424081855796
0.33 1.5736906315141432
0.34 1.5130881937653942
0.35 1.45199490222877
0.36 1.3904710486071339
0.37 1.3285773495161464
0.38 1.2663748865642932
0.39 1.2039250460727133
0.4 1.1412894584943114
0.41 1.0785299375919413
0.42 1.0157084194356847
0.43 0.9528869012794281
0.44 0.890127380377058
0.45 0.827491792798656
0.46 0.7650419523070762
0.47 0.702839489355223
0.48 0.6409457902642355
0.49 0.5794219366425996
0.5 0.5183286451059751
0.51 0.45772620735722613
0.52 0.3976744306857898
0.53 0.33823257894510195
0.54 0.27945931406632885
0.55 0.22141263816612344
0.56 0.16414983630553925
0.57 0.10772741995659108
0.58 0.05220107123225404
1.27 0.04853427082719586
1.28 0.1040606195515329
1.29 0.16048303590048107
1.3 0.21774583776106526
1.31 0.27579251366127067
1.32 0.33456577854004377
1.33 0.3940076302807316
1.34 0.45405940695216795
1.35 0.5146618447009169
1.36 0.5757551362375414
1.37 0.6372789898591773
1.38 0.6991726889501648
1.39 0.761375151902018
1.4 0.8238249923935979
1.41 0.8864605799719998
1.42 0.9492201008743699
1.43 1.0120416190306265
1.44 1.074863137186883
1.45 1.1376226580892532
1.46 1.2002582456676552
1.47 1.262708086159235
1.48 1.3249105491110882
1.49 1.3868042482020757
1.5 1.4483281018237117
1.51 1.509421393360336
1.52 1.570023831109085
1.53 1.6300756077805214
1.54 1.6895174595212092
1.55 1.7482907243999823
1.56 1.8063374003001877
1.57 1.863600202160772
1.58 1.9200226185097202
1.59 1.9755489672340572
1.6 2.030124450531369
1.61 2.08369520898862
1.62 2.136208374734888
1.63 2.187612123615573
1.64 2.2378557263365795
1.65 2.2868895985280058
1.66 2.33466534967793
1.67 2.3811358308880037
1.68 2.426255181403721
1.69 2.46997887387345
1.7 2.5122637582915455
1.71 2.5530681045822052
1.72 2.5923516437820076
1.73 2.630075607780521
1.74 2.66620276757975
1.75 2.700697470034657
1.76 2.7335256730385136
1.77 2.7646549791183537
1.78 2.7940546674073623
1.79 2.8216957239626654
1.8 2.847550870398589
1.81 2.8715945908071294
1.82 2.8938031569390774
1.83 2.9141546516209336
1.84 2.932628990384513
1.85 2.9492079412878884
1.86 2.963875142908121
1.87 2.976616120488004
1.88 2.987418300220902
1.89 2.9962710216595823
1.9 3.0031655482367863
1.91 3.00809507588717
1.92 3.01105473976209
1.93 3.0120416190306263
1.94 3.01105473976209
1.95 3.00809507588717
1.96 3.0031655482367863
1.97 2.9962710216595823
1.98 2.987418300220902
1.99 2.976616120488004
0 2.963875142908121
0.01 2.9492079412878884
0.02 2.932628990384513
0.03 2.9141546516209336
0.04 2.8938031569390774
0.05 2.8715945908071294
0.06 2.847550870398589
0.07 2.8216957239626654
0.08 2.7940546674073623
0.09 2.7646549791183537
0.1 2.7335256730385136
0.11 2.700697470034657
0.12 2.66620276757975
0.13 2.630075607780521
0.14 2.5923516437820076
0.15 2.5530681045822052
0.16 2.5122637582915455
0.17 2.46997887387345
0.18 2.426255181403721
0.19 2.3811358308880037
0.2 2.33466534967793
0.21 2.2868895985280058
0.22 2.2378557263365795
0.23 2.187612123615573
0.24 2.136208374734888
0.25 2.08369520898862
0.26 2.030124450531369
0.27 1.9755489672340572
0.28 1.9200226185097202
0.29 1.863600202160772
0.3 1.8063374003001877
0.31 1.7482907243999823
0.32 1.6895174595212092
0.33 1.6300756077805214
0.34 1.570023831109085
0.35 1.509421393360336
0.36 1.4483281018237117
0.37 1.3868042482020757
0.38 1.3249105491110882
0.39 1.262708086159235
0.4 1.2002582456676552
0.41 1.1376226580892532
0.42 1.074863137186883
0.43 1.0120416190306265
0.44 0.9492201008743699
0.45 0.8864605799719998
0.46 0.8238249923935979
0.47 0.761375151902018
0.48 0.6991726889501648
0.49 0.6372789898591773
0.5 0.5757551362375414
0.51 0.5146618447009169
0.52 0.45405940695216795
0.53 0.3940076302807316
0.54 0.33456577854004377
0.55 0.27579251366127067
0.56 0.21774583776106526
0.57 0.16048303590048107
0.58 0.1040606195515329
0.59 0.04853427082719586
1.28 0.04534902643222516
1.29 0.1008753751565622
1.3 0.15729779150551038
1.31 0.21456059336609457
1.32 0.27260726926629997
1.33 0.33138053414507307
1.34 0.3908223858857609
1.35 0.45087416255719726
1.36 0.5114766003059462
1.37 0.5725698918425707
1.38 0.6340937454642066
1.39 0.6959874445551941
1.4 0.7581899075070473
1.41 0.8206397479986272
1.42 0.8832753355770291
1.43 0.9460348564793992
1.44 1.0088563746356558
1.45 1.0716778927919124
1.46 1.1344374136942825
1.47 1.1970730012726845
1.48 1.2595228417642643
1.49 1.3217253047161175
1.5 1.383619003807105
1.51 1.445142857428741
1.52 1.5062361489653653
1.53 1.5668385867141144
1.54 1.6268903633855507
1.55 1.6863322151262385
1.56 1.7451054800050116
1.57 1.803152155905217
1.58 1.8604149577658013
1.59 1.9168373741147495
1.6 1.9723637228390865
1.61 2.026939206136398
1.62 2.080509964593649
1.63 2.133023130339917
1.64 2.1844268792206023
1.65 2.2346704819416088
1.66 2.283704354133035
1.67 2.3314801052829592
1.68 2.377950586493033
1.69 2.4230699370087505
1.7 2.466793629478479
1.71 2.5090785138965748
1.72 2.5498828601872345
1.73 2.589166399387037
1.74 2.6268903633855505
1.75 2.6630175231847795
1.76 2.697512225639686
1.77 2.730340428643543
1.78 2.761469734723383
1.79 2.7908694230123916
1.8 2.8185104795676947
1.81 2.844365626003618
1.82 2.8684093464121587
1.83 2.8906179125441067
1.84 2.910969407225963
1.85 2.929443745989542
1.86 2.9460226968929177
1.87 2.9606898985131505
1.88 2.9734308760930332
1.89 2.984233055825931
1.9 2.9930857772646116
1.91 2.9999803038418156
1.92 3.004909831492199
1.93 3.0078694953671192
1.94 3.0088563746356556
1.95 3.0078694953671192
1.96 3.004909831492199
1.97 2.9999803038418156
1.98 2.9930857772646116
1.99 2.984233055825931
0 2.9734308760930332
0.01 2.9606898985131505
0.02 2.9460226968929177
0.03 2.929443745989542
0.04 2.910969407225963
0.05 2.8906179125441067
0.06 2.8684093464121587
0.07 2.844365626003618
0.08 2.8185104795676947
0.09 2.7908694230123916
0.1 2.761469734723383
0.11 2.730340428643543
0.12 2.697512225639686
0.13 2.6630175231847795
0.14 2.6268903633855505
0.15 2.589166399387037
0.16 2.5498828601872345
0.17 2.5090785138965748
0.18 2.466793629478479
0.19 2.4230699370087505
0.2 2.377950586493033
0.21 2.3314801052829592
0.22 2.283704354133035
0.23 2.2346704819416088
0.24 2.1844268792206023
0.25 2.133023130339917
0.26 2.080509964593649
0.27 2.026939206136398
0.28 1.9723637228390865
0.29 1.9168373741147495
0.3 1.8604149577658013
0.31 1.803152155905217
0.32 1.7451054800050116
0.33 1.6863322151262385
0.34 1.6268903633855507
0.35 1.5668385867141144
0.36 1.5062361489653653
0.37 1.445142857428741
0.38 1.383619003807105
0.39 1.3217253047161175
0.4 1.2595228417642643
0.41 1.1970730012726845
0.42 1.1344374136942825
0.43 1.0716778927919124
0.44 1.0088563746356558
0.45 0.9460348564793992
0.46 0.8832753355770291
0.47 0.8206397479986272
0.48 0.7581899075070473
0.49 0.6959874445551941
0.5 0.6340937454642066
0.51 0.5725698918425707
0.52 0.5114766003059462
0.53 0.45087416255719726
0.54 0.3908223858857609
0.55 0.33138053414507307
0.56 0.27260726926629997
0.57 0.21456059336609457
0.58 0.15729779150551038
0.59 0.1008753751565622
0.6 0.04534902643222516
1.29 0.04264848149900069
1.3 0.09817483022333773
1.31 0.1545972465722859
1.32 0.2118600484328701
1.33 0.2699067243330755
1.34 0.3286799892118486
1.35 0.38812184095253643
1.36 0.4481736176239728
1.37 0.5087760553727217
1.38 0.5698693469093462
1.39 0.6313932005309821
1.4 0.6932868996219697
1.41 0.7554893625738228
1.42 0.8179392030654027
1.43 0.8805747906438046
1.44 0.9433343115461748
1.45 1.0061558297024313
1.46 1.068977347858688
1.47 1.131736868761058
1.48 1.19437245633946
1.49 1.2568222968310399
1.5 1.319024759782893
1.51 1.3809184588738805
1.52 1.4424423124955166
1.53 1.5035356040321408
1.54 1.5641380417808899
1.55 1.6241898184523262
1.56 1.683631670193014
1.57 1.7424049350717872
1.58 1.8004516109719926
1.59 1.8577144128325769
1.6 1.914136829181525
1.61 1.969663177905862
1.62 2.0242386612031735
1.63 2.077809419660425
1.64 2.1303225854066925
1.65 2.1817263342873776
1.66 2.231969937008384
1.67 2.2810038091998104
1.68 2.3287795603497345
1.69 2.3752500415598083
1.7 2.420369392075526
1.71 2.4640930845452544
1.72 2.50637796896335
1.73 2.54718231525401
1.74 2.586465854453812
1.75 2.624189818452326
1.76 2.660316978251555
1.77 2.6948116807064615
1.78 2.727639883710318
1.79 2.7587691897901587
1.8 2.7881688780791674
1.81 2.81580993463447
1.82 2.841665081070394
1.83 2.8657088014789345
1.84 2.887917367610882
1.85 2.908268862292738
1.86 2.9267432010563175
1.87 2.943322151959693
1.88 2.9579893535799258
1.89 2.9707303311598086
1.9 2.9815325108927064
1.91 2.990385232331387
1.92 2.997279758908591
1.93 3.0022092865589745
1.94 3.0051689504338945
1.95 3.006155829702431
1.96 3.0051689504338945
1.97 3.0022092865589745
1.98 2.997279758908591
1.99 2.990385232331387
0 2.9815325108927064
0.01 2.9707303311598086
0.02 2.9579893535799258
0.03 2.943322151959693
0.04 2.9267432010563175
0.05 2.908268862292738
0.06 2.887917367610882
0.07 2.8657088014789345
0.08 2.841665081070394
0.09 2.81580993463447
0.1 2.7881688780791674
0.11 2.7587691897901587
0.12 2.727639883710318
0.13 2.6948116807064615
0.14 2.660316978251555
0.15 2.624189818452326
0.16 2.586465854453812
0.17 2.54718231525401
0.18 2.50637796896335
0.19 2.4640930845452544
0.2 2.420369392075526
0.21 2.3752500415598083
0.22 2.3287795603497345
0.23 2.2810038091998104
0.24 2.231969937008384
0.25 2.1817263342873776
0.26 2.1303225854066925
0.27 2.077809419660425
0.28 2.0242386612031735
0.29 1.969663177905862
0.3 1.914136829181525
0.31 1.8577144128325769
0.32 1.8004516109719926
0.33 1.7424049350717872
0.34 1.683631670193014
0.35 1.6241898184523262
0.36 1.5641380417808899
0.37 1.5035356040321408
0.38 1.4424423124955166
0.39 1.3809184588738805
0.4 1.319024759782893
0.41 1.2568222968310399
0.42 1.19437245633946
0.43 1.131736868761058
0.44 1.068977347858688
0.45 1.0061558297024313
0.46 0.9433343115461748
0.47 0.8805747906438046
0.48 0.8179392030654027
0.49 0.7554893625738228
0.5 0.6932868996219697
0.51 0.6313932005309821
0.52 0.5698693469093462
0.53 0.5087760553727217
0.54 0.4481736176239728
0.55 0.38812184095253643
0.56 0.3286799892118486
0.57 0.2699067243330755
0.58 0.2118600484328701
0.59 0.1545972465722859
0.6 0.09817483022333773
0.61 0.04264848149900069
1.3 0.04043530113933058
1.31 0.09596164986366762
1.32 0.1523840662126158
1.33 0.2096468680732
1.34 0.2676935439734054
1.35 0.3264668088521785
1.36 0.3859086605928663
1.37 0.4459604372643027
1.38 0.5065628750130516
1.39 0.5676561665496761
1.4 0.629180020171312
1.41 0.6910737192622995
1.42 0.7532761822141527
1.43 0.8157260227057326
1.44 0.8783616102841345
1.45 0.9411211311865046
1.46 1.0039426493427612
1.47 1.0667641674990178
1.48 1.129523688401388
1.49 1.1921592759797899
1.5 1.2546091164713697
1.51 1.316811579423223
1.52 1.3787052785142104
1.53 1.4402291321358465
1.54 1.5013224236724707
1.55 1.5619248614212198
1.56 1.6219766380926561
1.57 1.681418489833344
1.58 1.740191754712117
1.59 1.7982384306123225
1.6 1.8555012324729068
1.61 1.911923648821855
1.62 1.9674499975461919
1.63 2.022025480843504
1.64 2.0755962393007543
1.65 2.128109405047023
1.66 2.179513153927708
1.67 2.2297567566487144
1.68 2.2787906288401407
1.69 2.326566379990065
1.7 2.3730368612001387
1.71 2.418156211715856
1.72 2.4618799041855848
1.73 2.5041647886036804
1.74 2.54496913489434
1.75 2.5842526740941425
1.76 2.621976638092656
1.77 2.6581037978918847
1.78 2.692598500346792
1.79 2.7254267033506485
1.8 2.756556009430488
1.81 2.785955697719497
1.82 2.8135967542748004
1.83 2.8394519007107233
1.84 2.863495621119264
1.85 2.8857041872512124
1.86 2.9060556819330685
1.87 2.924530020696648
1.88 2.9411089716000234
1.89 2.955776173220256
1.9 2.968517150800139
1.91 2.9793193305330368
1.92 2.988172051971717
1.93 2.995066578548921
1.94 2.999996106199305
1.95 3.002955770074225
1.96 3.0039426493427612
1.97 3.002955770074225
1.98 2.999996106199305
1.99 2.995066578548921
0 2.988172051971717
0.01 2.9793193305330368
0.02 2.968517150800139
0.03 2.955776173220256
0.04 2.9411089716000234
0.05 2.924530020696648
0.06 2.9060556819330685
0.07 2.8857041872512124
0.08 2.863495621119264
0.09 2.8394519007107233
0.1 2.8135967542748004
0.11 2.785955697719497
0.12 2.756556009430488
0.13 2.7254267033506485
0.14 2.692598500346792
0.15 2.6581037978918847
0.16 2.621976638092656
0.17 2.5842526740941425
0.18 2.54496913489434
0.19 2.5041647886036804
0.2 2.4618799041855848
0.21 2.418156211715856
0.22 2.3730368612001387
0.23 2.326566379990065
0.24 2.2787906288401407
0.25 2.2297567566487144
0.26 2.179513153927708
0.27 2.128109405047023
0.28 2.0755962393007543
0.29 2.022025480843504
0.3 1.9674499975461919
0.31 1.911923648821855
0.32 1.8555012324729068
0.33 1.7982384306123225
0.34 1.740191754712117
0.35 1.681418489833344
0.36 1.6219766380926561
0.37 1.5619248614212198
0.38 1.5013224236724707
0.39 1.4402291321358465
0.4 1.3787052785142104
0.41 1.316811579423223
0.42 1.2546091164713697
0.43 1.1921592759797899
0.44 1.129523688401388
0.45 1.0667641674990178
0.46 1.0039426493427612
0.47 0.9411211311865046
0.48 0.8783616102841345
0.49 0.8157260227057326
0.5 0.7532761822141527
0.51 0.6910737192622995
0.52 0.629180020171312
0.53 0.5676561665496761
0.54 0.5065628750130516
0.55 0.4459604372643027
0.56 0.3859086605928663
0.57 0.3264668088521785
0.58 0.2676935439734054
0.59 0.2096468680732
0.6 0.1523840662126158
0.61 0.09596164986366762
0.62 0.04043530113933058
1.31 0.03871166949502958
1.32 0.09423801821936661
1.33 0.1506604345683148
1.34 0.20792323642889898
1.35 0.2659699123291044
1.36 0.3247431772078775
1.37 0.3841850289485653
1.38 0.4442368056200017
1.39 0.5048392433687506
1.4 0.5659325349053751
1.41 0.627456388527011
1.42 0.6893500876179985
1.43 0.7515525505698517
1.44 0.8140023910614316
1.45 0.8766379786398335
1.46 0.9393974995422036
1.47 1.0022190176984602
1.48 1.0650405358547168
1.49 1.127800056757087
1.5 1.1904356443354889
1.51 1.2528854848270687
1.52 1.315087947778922
1.53 1.3769816468699094
1.54 1.4385055004915455
1.55 1.4995987920281697
1.56 1.5602012297769188
1.57 1.6202530064483551
1.58 1.679694858189043
1.59 1.738468123067816
1.6 1.7965147989680215
1.61 1.8537776008286058
1.62 1.910200017177554
1.63 1.9657263659018909
1.64 2.0203018491992024
1.65 2.0738726076564538
1.66 2.1263857734027214
1.67 2.1777895222834065
1.68 2.228033125004413
1.69 2.2770669971958393
1.7 2.3248427483457634
1.71 2.3713132295558372
1.72 2.4164325800715547
1.73 2.4601562725412833
1.74 2.502441156959379
1.75 2.5432455032500387
1.76 2.582529042449841
1.77 2.6202530064483547
1.78 2.656380166247584
1.79 2.6908748687024904
1.8 2.723703071706347
1.81 2.7548323777861876
1.82 2.7842320660751962
1.83 2.811873122630499
1.84 2.8377282690664227
1.85 2.8617719894749634
1.86 2.883980555606911
1.87 2.904332050288767
1.88 2.9228063890523464
1.89 2.939385339955722
1.9 2.9540525415759546
1.91 2.9667935191558374
1.92 2.9775956988887353
1.93 2.9864484203274158
1.94 2.9933429469046198
1.95 2.9982724745550033
1.96 3.0012321384299234
1.97 3.00221901769846
1.98 3.0012321384299234
1.99 2.9982724745550033
0 2.9933429469046198
0.01 2.9864484203274158
0.02 2.9775956988887353
0.03 2.9667935191558374
0.04 2.9540525415759546
0.05 2.939385339955722
0.06 2.9228063890523464
0.07 2.904332050288767
0.08 2.883980555606911
0.09 2.8617719894749634
0.1 2.8377282690664227
0.11 2.811873122630499
0.12 2.7842320660751962
0.13 2.7548323777861876
0.14 2.723703071706347
0.15 2.6908748687024904
0.16 2.656380166247584
0.17 2.6202530064483547
0.18 2.582529042449841
0.19 2.5432455032500387
0.2 2.502441156959379
0.21 2.4601562725412833
0.22 2.4164325800715547
0.23 2.3713132295558372
0.24 2.3248427483457634
0.25 2.2770669971958393
0.26 2.228033125004413
0.27 2.1777895222834065
0.28 2.1263857734027214
0.29 2.0738726076564538
0.3 2.0203018491992024
0.31 1.9657263659018909
0.32 1.910200017177554
0.33 1.8537776008286058
0.34 1.7965147989680215
0.35 1.738468123067816
0.36 1.679694858189043
0.37 1.6202530064483551
0.38 1.5602012297769188
0.39 1.4995987920281697
0.4 1.4385055004915455
0.41 1.3769816468699094
0.42 1.315087947778922
0.43 1.2528854848270687
0.44 1.1904356443354889
0.45 1.127800056757087
0.46 1.0650405358547168
0.47 1.0022190176984602
0.48 0.9393974995422036
0.49 0.8766379786398335
0.5 0.8140023910614316
0.51 0.7515525505698517
0.52 0.6893500876179985
0.53 0.627456388527011
0.54 0.5659325349053751
0.55 0.5048392433687506
0.56 0.4442368056200017
0.57 0.3841850289485653
0.58 0.3247431772078775
0.59 0.2659699123291044
0.6 0.20792323642889898
0.61 0.1506604345683148
0.62 0.09423801821936661
0.63 0.03871166949502958
1.32 0.037479287582433796
1.33 0.09300563630677083
1.34 0.149428052655719
1.35 0.2066908545163032
1.36 0.2647375304165086
1.37 0.3235107952952817
1.38 0.38295264703596954
1.39 0.4430044237074059
1.4 0.5036068614561549
1.41 0.5647001529927793
1.42 0.6262240066144152
1.43 0.6881177057054028
1.44 0.7503201686572559
1.45 0.8127700091488358
1.46 0.8754055967272377
1.47 0.9381651176296079
1.48 1.0009866357858646
1.49 1.0638081539421211
1.5 1.126567674844491
1.51 1.1892032624228932
1.52 1.251653102914473
1.53 1.313855565866326
1.54 1.3757492649573138
1.55 1.4372731185789496
1.56 1.4983664101155738
1.57 1.5589688478643229
1.58 1.6190206245357595
1.59 1.6784624762764473
1.6 1.7372357411552204
1.61 1.7952824170554256
1.62 1.8525452189160099
1.63 1.908967635264958
1.64 1.964493983989295
1.65 2.0190694672866067
1.66 2.0726402257438576
1.67 2.1251533914901257
1.68 2.176557140370811
1.69 2.2268007430918173
1.7 2.2758346152832436
1.71 2.3236103664331678
1.72 2.3700808476432416
1.73 2.415200198158959
1.74 2.4589238906286877
1.75 2.5012087750467833
1.76 2.542013121337443
1.77 2.5812966605372454
1.78 2.619020624535759
1.79 2.655147784334988
1.8 2.6896424867898947
1.81 2.7224706897937514
1.82 2.7535999958735915
1.83 2.7829996841626
1.84 2.8106407407179033
1.85 2.8364958871538266
1.86 2.8605396075623672
1.87 2.8827481736943152
1.88 2.9030996683761714
1.89 2.9215740071397507
1.9 2.9381529580431263
1.91 2.952820159663359
1.92 2.9655611372432418
1.93 2.9763633169761397
1.94 2.98521603841482
1.95 2.992110564992024
1.96 2.9970400926424077
1.97 2.9999997565173278
1.98 3.000986635785864
1.99 2.9999997565173278
0 2.9970400926424077
0.01 2.992110564992024
0.02 2.98521603841482
0.03 2.9763633169761397
0.04 2.9655611372432418
0.05 2.952820159663359
0.06 2.9381529580431263
0.07 2.9215740071397507
0.08 2.9030996683761714
0.09 2.8827481736943152
0.1 2.8605396075623672
0.11 2.8364958871538266
0.12 2.8106407407179033
0.13 2.7829996841626
0.14 2.7535999958735915
0.15 2.7224706897937514
0.16 2.6896424867898947
0.17 2.655147784334988
0.18 2.619020624535759
0.19 2.5812966605372454
0.2 2.542013121337443
0.21 2.5012087750467833
0.22 2.4589238906286877
0.23 2.415200198158959
0.24 2.3700808476432416
0.25 2.3236103664331678
0.26 2.2758346152832436
0.27 2.2268007430918173
0.28 2.176557140370811
0.29 2.1251533914901257
0.3 2.0726402257438576
0.31 2.0190694672866067
0.32 1.964493983989295
0.33 1.908967635264958
0.34 1.8525452189160099
0.35 1.7952824170554256
0.36 1.7372357411552204
0.37 1.6784624762764473
0.38 1.6190206245357595
0.39 1.5589688478643229
0.4 1.4983664101155738
0.41 1.4372731185789496
0.42 1.3757492649573138
0.43 1.313855565866326
0.44 1.251653102914473
0.45 1.1892032624228932
0.46 1.126567674844491
0.47 1.0638081539421211
0.48 1.0009866357858646
0.49 0.9381651176296079
0.5 0.8754055967272377
0.51 0.8127700091488358
0.52 0.7503201686572559
0.53 0.6881177057054028
0.54 0.6262240066144152
0.55 0.5647001529927793
0.56 0.5036068614561549
0.57 0.4430044237074059
0.58 0.38295264703596954
0.59 0.3235107952952817
0.6 0.2647375304165086
0.61 0.2066908545163032
0.62 0.149428052655719
0.63 0.09300563630677083
0.64 0.037479287582433796
1.33 0.036739371613703775
1.34 0.09226572033804081
1.35 0.148688136686989
1.36 0.20595093854757318
1.37 0.2639976144477786
1.38 0.3227708793265517
1.39 0.3822127310672395
1.4 0.44226450773867587
1.41 0.5028669454874248
1.42 0.5639602370240493
1.43 0.6254840906456852
1.44 0.6873777897366727
1.45 0.7495802526885259
1.46 0.8120300931801058
1.47 0.8746656807585077
1.48 0.9374252016608778
1.49 1.0002467198171345
1.5 1.0630682379733911
1.51 1.125827758875761
1.52 1.1884633464541632
1.53 1.250913186945743
1.54 1.313115649897596
1.55 1.3750093489885837
1.56 1.4365332026102196
1.57 1.4976264941468438
1.58 1.5582289318955929
1.59 1.6182807085670294
1.6 1.6777225603077173
1.61 1.7364958251864904
1.62 1.7945425010866956
1.63 1.8518053029472799
1.64 1.908227719296228
1.65 1.963754068020565
1.66 2.0183295513178767
1.67 2.0719003097751276
1.68 2.1244134755213957
1.69 2.175817224402081
1.7 2.2260608271230873
1.71 2.2750946993145136
1.72 2.3228704504644377
1.73 2.3693409316745115
1.74 2.414460282190229
1.75 2.4581839746599576
1.76 2.5004688590780533
1.77 2.541273205368713
1.78 2.5805567445685154
1.79 2.618280708567029
1.8 2.654407868366258
1.81 2.6889025708211647
1.82 2.7217307738250214
1.83 2.7528600799048615
1.84 2.78225976819387
1.85 2.8099008247491732
1.86 2.8357559711850966
1.87 2.8597996915936372
1.88 2.882008257725585
1.89 2.9023597524074414
1.9 2.9208340911710207
1.91 2.9374130420743962
1.92 2.952080243694629
1.93 2.9648212212745118
1.94 2.9756234010074096
1.95 2.98447612244609
1.96 2.991370649023294
1.97 2.9963001766736777
1.98 2.9992598405485977
1.99 3.000246719817134
0 2.9992598405485977
0.01 2.9963001766736777
0.02 2.991370649023294
0.03 2.98447612244609
0.04 2.9756234010074096
0.05 2.9648212212745118
0.06 2.952080243694629
0.07 2.9374130420743962
0.08 2.9208340911710207
0.09 2.9023597524074414
0.1 2.882008257725585
0.11 2.8597996915936372
0.12 2.8357559711850966
0.13 2.8099008247491732
0.14 2.78225976819387
0.15 2.7528600799048615
0.16 2.7217307738250214
0.17 2.6889025708211647
0.18 2.654407868366258
0.19 2.618280708567029
0.2 2.5805567445685154
0.21 2.541273205368713
0.22 2.5004688590780533
0.23 2.4581839746599576
0.24 2.414460282190229
0.25 2.3693409316745115
0.26 2.3228704504644377
0.27 2.2750946993145136
0.28 2.2260608271230873
0.29 2.175817224402081
0.3 2.1244134755213957
0.31 2.0719003097751276
0.32 2.0183295513178767
0.33 1.963754068020565
0.34 1.908227719296228
0.35 1.8518053029472799
0.36 1.7945425010866956
0.37 1.7364958251864904
0.38 1.6777225603077173
0.39 1.6182807085670294
0.4 1.5582289318955929
0.41 1.4976264941468438
0.42 1.4365332026102196
0.43 1.3750093489885837
0.44 1.313115649897596
0.45 1.250913186945743
0.46 1.1884633464541632
0.47 1.125827758875761
0.48 1.0630682379733911
0.49 1.0002467198171345
0.5 0.9374252016608778
0.51 0.8746656807585077
0.52 0.8120300931801058
0.53 0.7495802526885259
0.54 0.6873777897366727
0.55 0.6254840906456852
0.56 0.5639602370240493
0.57 0.5028669454874248
0.58 0.44226450773867587
0.59 0.3822127310672395
0.6 0.3227708793265517
0.61 0.2639976144477786
0.62 0.20595093854757318
0.63 0.148688136686989
0.64 0.09226572033804081
0.65 0.036739371613703775
1.34 0.036492651796569575
1.35 0.09201900052090661
1.36 0.1484414168698548
1.37 0.20570421873043898
1.38 0.2637508946306444
1.39 0.3225241595094175
1.4 0.3819660112501053
1.41 0.44201778792154167
1.42 0.5026202256702906
1.43 0.5637135172069151
1.44 0.625237370828551
1.45 0.6871310699195385
1.46 0.7493335328713917
1.47 0.8117833733629716
1.48 0.8744189609413735
1.49 0.9371784818437436
1.5 1.0000000000000002
1.51 1.0628215181562568
1.52 1.125581039058627
1.53 1.1882166266370289
1.54 1.2506664671286087
1.55 1.312868930080462
1.56 1.3747626291714494
1.57 1.4362864827930855
1.58 1.4973797743297097
1.59 1.5579822120784588
1.6 1.6180339887498951
1.61 1.677475840490583
1.62 1.736249105369356
1.63 1.7942957812695615
1.64 1.8515585831301458
1.65 1.907980999479094
1.66 1.9635073482034309
1.67 2.0180828315007426
1.68 2.0716535899579935
1.69 2.1241667557042616
1.7 2.1755705045849467
1.71 2.225814107305953
1.72 2.2748479794973795
1.73 2.3226237306473037
1.74 2.3690942118573775
1.75 2.414213562373095
1.76 2.4579372548428235
1.77 2.500222139260919
1.78 2.541026485551579
1.79 2.5803100247513813
1.8 2.618033988749895
1.81 2.654161148549124
1.82 2.6886558510040306
1.83 2.7214840540078873
1.84 2.7526133600877274
1.85 2.782013048376736
1.86 2.809654104932039
1.87 2.8355092513679625
1.88 2.859552971776503
1.89 2.881761537908451
1.9 2.9021130325903073
1.91 2.9205873713538866
1.92 2.937166322257262
1.93 2.951833523877495
1.94 2.9645745014573777
1.95 2.9753766811902755
1.96 2.984229402628956
1.97 2.99112392920616
1.98 2.9960534568565436
1.99 2.9990131207314636
0 3.
0.01 2.9990131207314636
0.02 2.9960534568565436
0.03 2.99112392920616
0.04 2.984229402628956
0.05 2.9753766811902755
0.06 2.9645745014573777
0.07 2.951833523877495
0.08 2.937166322257262
0.09 2.9205873713538866
0.1 2.9021130325903073
0.11 2.881761537908451
0.12 2.859552971776503
0.13 2.8355092513679625
0.14 2.809654104932039
0.15 2.782013048376736
0.16 2.7526133600877274
0.17 2.7214840540078873
0.18 2.6886558510040306
0.19 2.654161148549124
0.2 2.618033988749895
0.21 2.5803100247513813
0.22 2.541026485551579
0.23 2.500222139260919
0.24 2.4579372548428235
0.25 2.414213562373095
0.26 2.3690942118573775
0.27 2.3226237306473037
0.28 2.2748479794973795
0.29 2.225814107305953
0.3 2.1755705045849467
0.31 2.1241667557042616
0.32 2.0716535899579935
0.33 2.0180828315007426
0.34 1.9635073482034309
0.35 1.907980999479094
0.36 1.8515585831301458
0.37 1.7942957812695615
0.38 1.736249105369356
0.39 1.677475840490583
0.4 1.6180339887498951
0.41 1.5579822120784588
0.42 1.4973797743297097
0.43 1.4362864827930855
0.44 1.3747626291714494
0.45 1.312868930080462
0.46 1.2506664671286087
0.47 1.1882166266370289
0.48 1.125581039058627
0.49 1.0628215181562568
0.5 1.0000000000000002
0.51 0.9371784818437436
0.52 0.8744189609413735
0.53 0.8117833733629716
0.54 0.7493335328713917
0.55 0.6871310699195385
0.56 0.625237370828551
0.57 0.5637135172069151
0.58 0.5026202256702906
0.59 0.44201778792154167
0.6 0.3819660112501053
0.61 0.3225241595094175
0.62 0.2637508946306444
0.63 0.20570421873043898
0.64 0.1484414168698548
0.65 0.09201900052090661
0.66 0.036492651796569575
1.35 0.036739371613703775
1.36 0.09226572033804081
1.37 0.148688136686989
1.38 0.20595093854757318
1.39 0.2639976144477786
1.4 0.3227708793265517
1.41 0.3822127310672395
1.42 0.44226450773867587
1.43 0.5028669454874248
1.44 0.5639602370240493
1.45 0.6254840906456852
1.46 0.6873777897366727
1.47 0.7495802526885259
1.48 0.8120300931801058
1.49 0.8746656807585077
1.5 0.9374252016608778
1.51 1.0002467198171345
1.52 1.0630682379733911
1.53 1.125827758875761
1.54 1.1884633464541632
1.55 1.250913186945743
1.56 1.313115649897596
1.57 1.3750093489885837
1.58 1.4365332026102196
1.59 1.4976264941468438
1.6 1.5582289318955929
1.61 1.6182807085670294
1.62 1.6777225603077173
1.63 1.7364958251864904
1.64 1.7945425010866956
1.65 1.8518053029472799
1.66 1.908227719296228
1.67 1.963754068020565
1.68 2.0183295513178767
1.69 2.0719003097751276
1.7 2.1244134755213957
1.71 2.175817224402081
1.72 2.2260608271230873
1.73 2.2750946993145136
1.74 2.3228704504644377
1.75 2.3693409316745115
1.76 2.414460282190229
1.77 2.4581839746599576
1.78 2.5004688590780533
1.79 2.541273205368713
1.8 2.5805567445685154
1.81 2.618280708567029
1.82 2.654407868366258
1.83 2.6889025708211647
1.84 2.7217307738250214
1.85 2.7528600799048615
1.86 2.78225976819387
1.87 2.8099008247491732
1.88 2.8357559711850966
1.89 2.8597996915936372
1.9 2.882008257725585
1.91 2.9023597524074414
1.92 2.9208340911710207
1.93 2.9374130420743962
1.94 2.952080243694629
1.95 2.9648212212745118
1.96 2.9756234010074096
1.97 2.98447612244609
1.98 2.991370649023294
1.99 2.9963001766736777
0 2.9992598405485977
0.01 3.000246719817134
0.02 2.9992598405485977
0.03 2.9963001766736777
0.04 2.991370649023294
0.05 2.98447612244609
0.06 2.9756234010074096
0.07 2.9648212212745118
0.08 2.952080243694629
0.09 2.9374130420743962
0.1 2.9208340911710207
0.11 2.9023597524074414
0.12 2.882008257725585
0.13 2.8597996915936372
0.14 2.8357559711850966
0.15 2.8099008247491732
0.16 2.78225976819387
0.17 2.7528600799048615
0.18 2.7217307738250214
0.19 2.6889025708211647
0.2 2.654407868366258
0.21 2.618280708567029
0.22 2.5805567445685154
0.23 2.541273205368713
0.24 2.5004688590780533
0.25 2.4581839746599576
0.26 2.414460282190229
0.27 2.3693409316745115
0.28 2.3228704504644377
0.29 2.2750946993145136
0.3 2.2260608271230873
0.31 2.175817224402081
0.32 2.1244134755213957
0.33 2.0719003097751276
0.34 2.0183295513178767
0.35 1.963754068020565
0.36 1.908227719296228
0.37 1.8518053029472799
0.38 1.7945425010866956
0.39 1.7364958251864904
0.4 1.6777225603077173
0.41 1.6182807085670294
0.42 1.5582289318955929
0.43 1.4976264941468438
0.44 1.4365332026102196
0.45 1.3750093489885837
0.46 1.313115649897596
0.47 1.250913186945743
0.48 1.1884633464541632
0.49 1.125827758875761
0.5 1.0630682379733911
0.51 1.0002467198171345
0.52 0.9374252016608778
0.53 0.8746656807585077
0.54 0.8120300931801058
0.55 0.7495802526885259
0.56 0.6873777897366727
0.57 0.6254840906456852
0.58 0.5639602370240493
0.59 0.5028669454874248
0.6 0.44226450773867587
0.61 0.3822127310672395
0.62 0.3227708793265517
0.63 0.2639976144477786
0.64 0.20595093854757318
0.65 0.148688136686989
0.66 0.09226572033804081
0.67 0.036739371613703775
1.36 0.037479287582433796
1.37 0.09300563630677083
1.38 0.149428052655719
1.39 0.2066908545163032
1.4 0.2647375304165086
1.41 0.3235107952952817
1.42 0.38295264703596954
1.43 0.4430044237074059
1.44 0.5036068614561549
1.45 0.5647001529927793
1.46 0.6262240066144152
1.47 0.6881177057054028
1.48 0.7503201686572559
1.49 0.8127700091488358
1.5 0.8754055967272377
1.51 0.9381651176296079
1.52 1.0009866357858646
1.53 1.0638081539421211
1.54 1.126567674844491
1.55 1.1892032624228932
1.56 1.251653102914473
1.57 1.313855565866326
1.58 1.3757492649573138
1.59 1.4372731185789496
1.6 1.4983664101155738
1.61 1.5589688478643229
1.62 1.6190206245357595
1.63 1.6784624762764473
1.64 1.7372357411552204
1.65 1.7952824170554256
1.66 1.8525452189160099
1.67 1.908967635264958
1.68 1.964493983989295
1.69 2.0190694672866067
1.7 2.0726402257438576
1.71 2.1251533914901257
1.72 2.176557140370811
1.73 2.2268007430918173
1.74 2.2758346152832436
1.75 2.3236103664331678
1.76 2.3700808476432416
1.77 2.415200198158959
1.78 2.4589238906286877
1.79 2.5012087750467833
1.8 2.542013121337443
1.81 2.5812966605372454
1.82 2.619020624535759
1.83 2.655147784334988
1.84 2.6896424867898947
1.85 2.7224706897937514
1.86 2.7535999958735915
1.87 2.7829996841626
1.88 2.8106407407179033
1.89 2.8364958871538266
1.9 2.8605396075623672
1.91 2.8827481736943152
1.92 2.9030996683761714
1.93 2.9215740071397507
1.94 2.9381529580431263
1.95 2.952820159663359
1.96 2.9655611372432418
1.97 2.9763633169761397
1.98 2.98521603841482
1.99 2.992110564992024
0 2.9970400926424077
0.01 2.9999997565173278
0.02 3.000986635785864
0.03 2.9999997565173278
0.04 2.9970400926424077
0.05 2.992110564992024
0.06 2.98521603841482
0.07 2.9763633169761397
0.08 2.9655611372432418
0.09 2.952820159663359
0.1 2.9381529580431263
0.11 2.9215740071397507
0.12 2.9030996683761714
0.13 2.8827481736943152
0.14 2.8605396075623672
0.15 2.8364958871538266
0.16 2.8106407407179033
0.17 2.7829996841626
0.18 2.7535999958735915
0.19 2.7224706897937514
0.2 2.6896424867898947
0.21 2.655147784334988
0.22 2.619020624535759
0.23 2.5812966605372454
0.24 2.542013121337443
0.25 2.5012087750467833
0.26 2.4589238906286877
0.27 2.415200198158959
0.28 2.3700808476432416
0.29 2.3236103664331678
0.3 2.2758346152832436
0.31 2.2268007430918173
0.32 2.176557140370811
0.33 2.1251533914901257
0.34 2.0726402257438576
0.35 2.0190694672866067
0.36 1.964493983989295
0.37 1.908967635264958
0.38 1.8525452189160099
0.39 1.7952824170554256
0.4 1.7372357411552204
0.41 1.6784624762764473
0.42 1.6190206245357595
0.43 1.5589688478643229
0.44 1.4983664101155738
0.45 1.4372731185789496
0.46 1.3757492649573138
0.47 1.313855565866326
0.48 1.251653102914473
0.49 1.1892032624228932
0.5 1.126567674844491
0.51 1.0638081539421211
0.52 1.0009866357858646
0.53 0.9381651176296079
0.54 0.8754055967272377
0.55 0.8127700091488358
0.56 0.7503201686572559
0.57 0.6881177057054028
0.58 0.6262240066144152
0.59 0.5647001529927793
0.6 0.5036068614561549
0.61 0.4430044237074059
0.62 0.38295264703596954
0.63 0.3235107952952817
0.64 0.2647375304165086
0.65 0.2066908545163032
0.66 0.149428052655719
0.67 0.09300563630677083
0.68 0.037479287582433796
1.37 0.03871166949502958
1.38 0.09423801821936661
1.39 0.1506604345683148
1.4 0.20792323642889898
1.41 0.2659699123291044
1.42 0.3247431772078775
1.43 0.3841850289485653
1.44 0.4442368056200017
1.45 0.5048392433687506
1.46 0.5659325349053751
1.47 0.627456388527011
1.48 0.6893500876179985
1.49 0.7515525505698517
1.5 0.8140023910614316
1.51 0.8766379786398335
1.52 0.9393974995422036
1.53 1.0022190176984602
1.54 1.0650405358547168
1.55 1.127800056757087
1.56 1.1904356443354889
1.57 1.2528854848270687
1.58 1.315087947778922
1.59 1.3769816468699094
1.6 1.4385055004915455
1.61 1.4995987920281697
1.62 1.5602012297769188
1.63 1.6202530064483551
1.64 1.679694858189043
1.65 1.738468123067816
1.66 1.7965147989680215
1.67 1.8537776008286058
1.68 1.910200017177554
1.69 1.9657263659018909
1.7 2.0203018491992024
1.71 2.0738726076564538
1.72 2.1263857734027214
1.73 2.1777895222834065
1.74 2.228033125004413
1.75 2.2770669971958393
1.76 2.3248427483457634
1.77 2.3713132295558372
1.78 2.4164325800715547
1.79 2.4601562725412833
1.8 2.502441156959379
1.81 2.5432455032500387
1.82 2.582529042449841
1.83 2.6202530064483547
1.84 2.656380166247584
1.85 2.6908748687024904
1.86 2.723703071706347
1.87 2.7548323777861876
1.88 2.7842320660751962
1.89 2.811873122630499
1.9 2.8377282690664227
1.91 2.8617719894749634
1.92 2.883980555606911
1.93 2.904332050288767
1.94 2.9228063890523464
1.95 2.939385339955722
1.96 2.9540525415759546
1.97 2.9667935191558374
1.98 2.9775956988887353
1.99 2.9864484203274158
0 2.9933429469046198
0.01 2.9982724745550033
0.02 3.0012321384299234
0.03 3.00221901769846
0.04 3.0012321384299234
0.05 2.9982724745550033
0.06 2.9933429469046198
0.07 2.9864484203274158
0.08 2.9775956988887353
0.09 2.9667935191558374
0.1 2.9540525415759546
0.11 2.939385339955722
0.12 2.9228063890523464
0.13 2.904332050288767
0.14 2.883980555606911
0.15 2.8617719894749634
0.16 2.8377282690664227
0.17 2.811873122630499
0.18 2.7842320660751962
0.19 2.7548323777861876
0.2 2.723703071706347
0.21 2.6908748687024904
0.22 2.656380166247584
0.23 2.6202530064483547
0.24 2.582529042449841
0.25 2.5432455032500387
0.26 2.502441156959379
0.27 2.4601562725412833
0.28 2.4164325800715547
0.29 2.3713132295558372
0.3 2.3248427483457634
0.31 2.2770669971958393
0.32 2.228033125004413
0.33 2.1777895222834065
0.34 2.1263857734027214
0.35 2.0738726076564538
0.36 2.0203018491992024
0.37 1.9657263659018909
0.38 1.910200017177554
0.39 1.8537776008286058
0.4 1.7965147989680215
0.41 1.738468123067816
0.42 1.679694858189043
0.43 1.6202530064483551
0.44 1.5602012297769188
0.45 1.4995987920281697
0.46 1.4385055004915455
0.47 1.3769816468699094
0.48 1.315087947778922
0.49 1.2528854848270687
0.5 1.1904356443354889
0.51 1.127800056757087
0.52 1.0650405358547168
0.53 1.0022190176984602
0.54 0.9393974995422036
0.55 0.8766379786398335
0.56 0.8140023910614316
0.57 0.7515525505698517
0.58 0.6893500876179985
0.59 0.627456388527011
0.6 0.5659325349053751
0.61 0.5048392433687506
0.62 0.4442368056200017
0.63 0.3841850289485653
0.64 0.3247431772078775
0.65 0.2659699123291044
0.66 0.20792323642889898
0.67 0.1506604345683148
0.68 0.09423801821936661
0.69 0.03871166949502958
1.38 0.04043530113933058
1.39 0.09596164986366762
1.4 0.1523840662126158
1.41 0.2096468680732
1.42 0.2676935439734054
1.43 0.3264668088521785
1.44 0.3859086605928663
1.45 0.4459604372643027
1.46 0.5065628750130516
1.47 0.5676561665496761
1.48 0.629180020171312
1.49 0.6910737192622995
1.5 0.7532761822141527
1.51 0.8157260227057326
1.52 0.8783616102841345
1.53 0.9411211311865046
1.54 1.0039426493427612
1.55 1.0667641674990178
1.56 1.129523688401388
1.57 1.1921592759797899
1.58 1.2546091164713697
1.59 1.316811579423223
1.6 1.3787052785142104
1.61 1.4402291321358465
1.62 1.5013224236724707
1.63 1.5619248614212198
1.64 1.6219766380926561
1.65 1.681418489833344
1.66 1.740191754712117
1.67 1.7982384306123225
1.68 1.8555012324729068
1.69 1.911923648821855
1.7 1.9674499975461919
1.71 2.022025480843504
1.72 2.0755962393007543
1.73 2.128109405047023
1.74 2.179513153927708
1.75 2.2297567566487144
1.76 2.2787906288401407
1.77 2.326566379990065
1.78 2.3730368612001387
1.79 2.418156211715856
1.8 2.4618799041855848
1.81 2.5041647886036804
1.82 2.54496913489434
1.83 2.5842526740941425
1.84 2.621976638092656
1.85 2.6581037978918847
1.86 2.692598500346792
1.87 2.7254267033506485
1.88 2.756556009430488
1.89 2.785955697719497
1.9 2.8135967542748004
1.91 2.8394519007107233
1.92 2.863495621119264
1.93 2.8857041872512124
1.94 2.9060556819330685
1.95 2.924530020696648
1.96 2.9411089716000234
1.97 2.955776173220256
1.98 2.968517150800139
1.99 2.9793193305330368
0 2.988172051971717
0.01 2.995066578548921
0.02 2.999996106199305
0.03 3.002955770074225
0.04 3.0039426493427612
0.05 3.002955770074225
0.06 2.999996106199305
0.07 2.995066578548921
0.08 2.988172051971717
0.09 2.9793193305330368
0.1 2.968517150800139
0.11 2.955776173220256
0.12 2.9411089716000234
0.13 2.924530020696648
0.14 2.9060556819330685
0.15 2.8857041872512124
0.16 2.863495621119264
0.17 2.8394519007107233
0.18 2.8135967542748004
0.19 2.785955697719497
0.2 2.756556009430488
0.21 2.7254267033506485
0.22 2.692598500346792
0.23 2.6581037978918847
0.24 2.621976638092656
0.25 2.5842526740941425
0.26 2.54496913489434
0.27 2.5041647886036804
0.28 2.4618799041855848
0.29 2.418156211715856
0.3 2.3730368612001387
0.31 2.326566379990065
0.32 2.2787906288401407
0.33 2.2297567566487144
0.34 2.179513153927708
0.35 2.128109405047023
0.36 2.0755962393007543
0.37 2.022025480843504
0.38 1.9674499975461919
0.39 1.911923648821855
0.4 1.8555012324729068
0.41 1.7982384306123225
0.42 1.740191754712117
0.43 1.681418489833344
0.44 1.6219766380926561
0.45 1.5619248614212198
0.46 1.5013224236724707
0.47 1.4402291321358465
0.48 1.3787052785142104
0.49 1.316811579423223
0.5 1.2546091164713697
0.51 1.1921592759797899
0.52 1.129523688401388
0.53 1.0667641674990178
0.54 1.0039426493427612
0.55 0.9411211311865046
0.56 0.8783616102841345
0.57 0.8157260227057326
0.58 0.7532761822141527
0.59 0.6910737192622995
0.6 0.629180020171312
0.61 0.5676561665496761
0.62 0.5065628750130516
0.63 0.4459604372643027
0.64 0.3859086605928663
0.65 0.3264668088521785
0.66 0.2676935439734054
0.67 0.2096468680732
0.68 0.1523840662126158
0.69 0.09596164986366762
0.7 0.04043530113933058
1.39 0.04264848149900069
1.4 0.09817483022333773
1.41 0.1545972465722859
1.42 0.2118600484328701
1.43 0.2699067243330755
1.44 0.3286799892118486
1.45 0.38812184095253643
1.46 0.4481736176239728
1.47 0.5087760553727217
1.48 0.5698693469093462
1.49 0.6313932005309821
1.5 0.6932868996219697
1.51 0.7554893625738228
1.52 0.8179392030654027
1.53 0.8805747906438046
1.54 0.9433343115461748
1.55 1.0061558297024313
1.56 1.068977347858688
1.57 1.131736868761058
1.58 1.19437245633946
1.59 1.2568222968310399
1.6 1.319024759782893
1.61 1.3809184588738805
1.62 1.4424423124955166
1.63 1.5035356040321408
1.64 1.5641380417808899
1.65 1.6241898184523262
1.66 1.683631670193014
1.67 1.7424049350717872
1.68 1.8004516109719926
1.69 1.8577144128325769
1.7 1.914136829181525
1.71 1.969663177905862
1.72 2.0242386612031735
1.73 2.077809419660425
1.74 2.1303225854066925
1.75 2.1817263342873776
1.76 2.231969937008384
1.77 2.2810038091998104
1.78 2.3287795603497345
1.79 2.3752500415598083
1.8 2.420369392075526
1.81 2.4640930845452544
1.82 2.50637796896335
1.83 2.54718231525401
1.84 2.586465854453812
1.85 2.624189818452326
1.86 2.660316978251555
1.87 2.6948116807064615
1.88 2.727639883710318
1.89 2.7587691897901587
1.9 2.7881688780791674
1.91 2.81580993463447
1.92 2.841665081070394
1.93 2.8657088014789345
1.94 2.887917367610882
1.95 2.908268862292738
1.96 2.9267432010563175
1.97 2.943322151959693
1.98 2.9579893535799258
1.99 2.9707303311598086
0 2.9815325108927064
0.01 2.990385232331387
0.02 2.997279758908591
0.03 3.0022092865589745
0.04 3.0051689504338945
0.05 3.006155829702431
0.06 3.0051689504338945
0.07 3.0022092865589745
0.08 2.997279758908591
0.09 2.990385232331387
0.1 2.9815325108927064
0.11 2.9707303311598086
0.12 2.9579893535799258
0.13 2.943322151959693
0.14 2.9267432010563175
0.15 2.908268862292738
0.16 2.887917367610882
0.17 2.8657088014789345
0.18 2.841665081070394
0.19 2.81580993463447
0.2 2.7881688780791674
0.21 2.7587691897901587
0.22 2.727639883710318
0.23 2.6948116807064615
0.24 2.660316978251555
0.25 2.624189818452326
0.26 2.586465854453812
0.27 2.54718231525401
0.28 2.50637796896335
0.29 2.4640930845452544
0.3 2.420369392075526
0.31 2.3752500415598083
0.32 2.3287795603497345
0.33 2.2810038091998104
0.34 2.231969937008384
0.35 2.1817263342873776
0.36 2.1303225854066925
0.37 2.077809419660425
0.38 2.0242386612031735
0.39 1.969663177905862
0.4 1.914136829181525
0.41 1.8577144128325769
0.42 1.8004516109719926
0.43 1.7424049350717872
0.44 1.683631670193014
0.45 1.6241898184523262
0.46 1.5641380417808899
0.47 1.5035356040321408
0.48 1.4424423124955166
0.49 1.3809184588738805
0.5 1.319024759782893
0.51 1.2568222968310399
0.52 1.19437245633946
0.53 1.131736868761058
0.54 1.068977347858688
0.55 1.0061558297024313
0.56 0.9433343115461748
0.57 0.8805747906438046
0.58 0.8179392030654027
0.59 0.7554893625738228
0.6 0.6932868996219697
0.61 0.6313932005309821
0.62 0.5698693469093462
0.63 0.5087760553727217
0.64 0.4481736176239728
0.65 0.38812184095253643
0.66 0.3286799892118486
0.67 0.2699067243330755
0.68 0.2118600484328701
0.69 0.1545972465722859
0.7 0.09817483022333773
0.71 0.04264848149900069
1.4 0.04534902643222516
1.41 0.1008753751565622
1.42 0.15729779150551038
1.43 0.21456059336609457
1.44 0.27260726926629997
1.45 0.33138053414507307
1.46 0.3908223858857609
1.47 0.45087416255719726
1.48 0.5114766003059462
1.49 0.5725698918425707
1.5 0.6340937454642066
1.51 0.6959874445551941
1.52 0.7581899075070473
1.53 0.8206397479986272
1.54 0.8832753355770291
1.55 0.9460348564793992
1.56 1.0088563746356558
1.57 1.0716778927919124
1.58 1.1344374136942825
1.59 1.1970730012726845
1.6 1.2595228417642643
1.61 1.3217253047161175
1.62 1.383619003807105
1.63 1.445142857428741
1.64 1.5062361489653653
1.65 1.5668385867141144
1.66 1.6268903633855507
1.67 1.6863322151262385
1.68 1.7451054800050116
1.69 1.803152155905217
1.7 1.8604149577658013
1.71 1.9168373741147495
1.72 1.9723637228390865
1.73 2.026939206136398
1.74 2.080509964593649
1.75 2.133023130339917
1.76 2.1844268792206023
1.77 2.2346704819416088
1.78 2.283704354133035
1.79 2.3314801052829592
1.8 2.377950586493033
1.81 2.4230699370087505
1.82 2.466793629478479
1.83 2.5090785138965748
1.84 2.5498828601872345
1.85 2.589166399387037
1.86 2.6268903633855505
1.87 2.6630175231847795
1.88 2.697512225639686
1.89 2.730340428643543
1.9 2.761469734723383
1.91 2.7908694230123916
1.92 2.8185104795676947
1.93 2.844365626003618
1.94 2.8684093464121587
1.95 2.8906179125441067
1.96 2.910969407225963
1.97 2.929443745989542
1.98 2.9460226968929177
1.99 2.9606898985131505
0 2.9734308760930332
0.01 2.984233055825931
0.02 2.9930857772646116
0.03 2.9999803038418156
0.04 3.004909831492199
0.05 3.0078694953671192
0.06 3.0088563746356556
0.07 3.0078694953671192
0.08 3.004909831492199
0.09 2.9999803038418156
0.1 2.9930857772646116
0.11 2.984233055825931
0.12 2.9734308760930332
0.13 2.9606898985131505
0.14 2.9460226968929177
0.15 2.929443745989542
0.16 2.910969407225963
0.17 2.8906179125441067
0.18 2.8684093464121587
0.19 2.844365626003618
0.2 2.8185104795676947
0.21 2.7908694230123916
0.22 2.761469734723383
0.23 2.730340428643543
0.24 2.697512225639686
0.25 2.6630175231847795
0.26 2.6268903633855505
0.27 2.589166399387037
0.28 2.5498828601872345
0.29 2.5090785138965748
0.3 2.466793629478479
0.31 2.4230699370087505
0.32 2.377950586493033
0.33 2.3314801052829592
0.34 2.283704354133035
0.35 2.2346704819416088
0.36 2.1844268792206023
0.37 2.133023130339917
0.38 2.080509964593649
0.39 2.026939206136398
0.4 1.9723637228390865
0.41 1.9168373741147495
0.42 1.8604149577658013
0.43 1.803152155905217
0.44 1.7451054800050116
0.45 1.6863322151262385
0.46 1.6268903633855507
0.47 1.5668385867141144
0.48 1.5062361489653653
0.49 1.445142857428741
0.5 1.383619003807105
0.51 1.3217253047161175
0.52 1.2595228417642643
0.53 1.1970730012726845
0.54 1.1344374136942825
0.55 1.0716778927919124
0.56 1.0088563746356558
0.57 0.9460348564793992
0.58 0.8832753355770291
0.59 0.8206397479986272
0.6 0.7581899075070473
0.61 0.6959874445551941
0.62 0.6340937454642066
0.63 0.5725698918425707
0.64 0.5114766003059462
0.65 0.45087416255719726
0.66 0.3908223858857609
0.67 0.33138053414507307
0.68 0.27260726926629997
0.69 0.21456059336609457
0.7 0.15729779150551038
0.71 0.1008753751565622
0.72 0.04534902643222516
1.41 0.04853427082719586
1.42 0.1040606195515329
1.43 0.16048303590048107
1.44 0.21774583776106526
1.45 0.27579251366127067
1.46 0.33456577854004377
1.47 0.3940076302807316
1.48 0.45405940695216795
1.49 0.5146618447009169
1.5 0.5757551362375414
1.51 0.6372789898591773
1.52 0.6991726889501648
1.53 0.761375151902018
1.54 0.8238249923935979
1.55 0.8864605799719998
1.56 0.9492201008743699
1.57 1.0120416190306265
1.58 1.074863137186883
1.59 1.1376226580892532
1.6 1.2002582456676552
1.61 1.262708086159235
1.62 1.3249105491110882
1.63 1.3868042482020757
1.64 1.4483281018237117
1.65 1.509421393360336
1.66 1.570023831109085
1.67 1.6300756077805214
1.68 1.6895174595212092
1.69 1.7482907243999823
1.7 1.8063374003001877
1.71 1.863600202160772
1.72 1.9200226185097202
1.73 1.9755489672340572
1.74 2.030124450531369
1.75 2.08369520898862
1.76 2.136208374734888
1.77 2.187612123615573
1.78 2.2378557263365795
1.79 2.2868895985280058
1.8 2.33466534967793
1.81 2.3811358308880037
1.82 2.426255181403721
1.83 2.46997887387345
1.84 2.5122637582915455
1.85 2.5530681045822052
1.86 2.5923516437820076
1.87 2.630075607780521
1.88 2.66620276757975
1.89 2.700697470034657
1.9 2.7335256730385136
1.91 2.7646549791183537
1.92 2.7940546674073623
1.93 2.8216957239626654
1.94 2.847550870398589
1.95 2.8715945908071294
1.96 2.8938031569390774
1.97 2.9141546516209336
1.98 2.932628990384513
1.99 2.9492079412878884
0 2.963875142908121
0.01 2.976616120488004
0.02 2.987418300220902
0.03 2.9962710216595823
0.04 3.0031655482367863
0.05 3.00809507588717
0.06 3.01105473976209
0.07 3.0120416190306263
0.08 3.01105473976209
0.09 3.00809507588717
0.1 3.0031655482367863
0.11 2.9962710216595823
0.12 2.987418300220902
0.13 2.976616120488004
0.14 2.963875142908121
0.15 2.9492079412878884
0.16 2.932628990384513
0.17 2.9141546516209336
0.18 2.8938031569390774
0.19 2.8715945908071294
0.2 2.847550870398589
0.21 2.8216957239626654
0.22 2.7940546674073623
0.23 2.7646549791183537
0.24 2.7335256730385136
0.25 2.700697470034657
0.26 2.66620276757975
0.27 2.630075607780521
0.28 2.5923516437820076
0.29 2.5530681045822052
0.3 2.5122637582915455
0.31 2.46997887387345
0.32 2.426255181403721
0.33 2.3811358308880037
0.34 2.33466534967793
0.35 2.2868895985280058
0.36 2.2378557263365795
0.37 2.187612123615573
0.38 2.136208374734888
0.39 2.08369520898862
0.4 2.030124450531369
0.41 1.9755489672340572
0.42 1.9200226185097202
0.43 1.863600202160772
0.44 1.8063374003001877
0.45 1.7482907243999823
0.46 1.6895174595212092
0.47 1.6300756077805214
0.48 1.570023831109085
0.49 1.509421393360336
0.5 1.4483281018237117
0.51 1.3868042482020757
0.52 1.3249105491110882
0.53 1.262708086159235
0.54 1.2002582456676552
0.55 1.1376226580892532
0.56 1.074863137186883
0.57 1.0120416190306265
0.58 0.9492201008743699
0.59 0.8864605799719998
0.6 0.8238249923935979
0.61 0.761375151902018
0.62 0.6991726889501648
0.63 0.6372789898591773
0.64 0.5757551362375414
0.65 0.5146618447009169
0.66 0.45405940695216795
0.67 0.3940076302807316
0.68 0.33456577854004377
0.69 0.27579251366127067
0.7 0.21774583776106526
0.71 0.16048303590048107
0.72 0.1040606195515329
0.73 0.04853427082719586
1.42 0.05220107123225404
1.43 0.10772741995659108
1.44 0.16414983630553925
1.45 0.22141263816612344
1.46 0.27945931406632885
1.47 0.33823257894510195
1.48 0.3976744306857898
1.49 0.45772620735722613
1.5 0.5183286451059751
1.51 0.5794219366425996
1.52 0.6409457902642355
1.53 0.702839489355223
1.54 0.7650419523070762
1.55 0.827491792798656
1.56 0.890127380377058
1.57 0.9528869012794281
1.58 1.0157084194356847
1.59 1.0785299375919413
1.6 1.1412894584943114
1.61 1.2039250460727133
1.62 1.2663748865642932
1.63 1.3285773495161464
1.64 1.3904710486071339
1.65 1.45199490222877
1.66 1.5130881937653942
1.67 1.5736906315141432
1.68 1.6337424081855796
1.69 1.6931842599262674
1.7 1.7519575248050405
1.71 1.810004200705246
1.72 1.8672670025658302
1.73 1.9236894189147784
1.74 1.9792157676391153
1.75 2.033791250936427
1.76 2.087362009393678
1.77 2.139875175139946
1.78 2.191278924020631
1.79 2.2415225267416377
1.8 2.290556398933064
1.81 2.338332150082988
1.82 2.384802631293062
1.83 2.4299219818087794
1.84 2.473645674278508
1.85 2.5159305586966036
1.86 2.5567349049872634
1.87 2.5960184441870657
1.88 2.6337424081855794
1.89 2.6698695679848083
1.9 2.704364270439715
1.91 2.7371924734435717
1.92 2.768321779523412
1.93 2.7977214678124205
1.94 2.8253625243677236
1.95 2.851217670803647
1.96 2.8752613912121876
1.97 2.8974699573441356
1.98 2.9178214520259917
1.99 2.936295790789571
0 2.9528747416929466
0.01 2.9675419433131793
0.02 2.980282920893062
0.03 2.99108510062596
0.04 2.9999378220646404
0.05 3.0068323486418445
0.06 3.011761876292228
0.07 3.014721540167148
0.08 3.0157084194356845
0.09 3.014721540167148
0.1 3.011761876292228
0.11 3.0068323486418445
0.12 2.9999378220646404
0.13 2.99108510062596
0.14 2.980282920893062
0.15 2.9675419433131793
0.16 2.9528747416929466
0.17 2.936295790789571
0.18 2.9178214520259917
0.19 2.8974699573441356
0.2 2.8752613912121876
0.21 2.851217670803647
0.22 2.8253625243677236
0.23 2.7977214678124205
0.24 2.768321779523412
0.25 2.7371924734435717
0.26 2.704364270439715
0.27 2.6698695679848083
0.28 2.6337424081855794
0.29 2.5960184441870657
0.3 2.5567349049872634
0.31 2.5159305586966036
0.32 2.473645674278508
0.33 2.4299219818087794
0.34 2.384802631293062
0.35 2.338332150082988
0.36 2.290556398933064
0.37 2.2415225267416377
0.38 2.191278924020631
0.39 2.139875175139946
0.4 2.087362009393678
0.41 2.033791250936427
0.42 1.9792157676391153
0.43 1.9236894189147784
0.44 1.8672670025658302
0.45 1.810004200705246
0.46 1.7519575248050405
0.47 1.6931842599262674
0.48 1.6337424081855796
0.49 1.5736906315141432
0.5 1.5130881937653942
0.51 1.45199490222877
0.52 1.3904710486071339
0.53 1.3285773495161464
0.54 1.2663748865642932
0.55 1.2039250460727133
0.56 1.1412894584943114
0.57 1.0785299375919413
0.58 1.0157084194356847
0.59 0.9528869012794281
0.6 0.890127380377058
0.61 0.827491792798656
0.62 0.7650419523070762
0.63 0.702839489355223
0.64 0.6409457902642355
0.65 0.5794219366425996
0.66 0.5183286451059751
0.67 0.45772620735722613
0.68 0.3976744306857898
0.69 0.33823257894510195
0.7 0.27945931406632885
0.71 0.22141263816612344
0.72 0.16414983630553925
0.73 0.10772741995659108
0.74 0.05220107123225404
1.43 0.05634580895809804
1.44 0.11187215768243508
1.45 0.16829457403138326
1.46 0.22555737589196745
1.47 0.28360405179217285
1.48 0.34237731667094595
1.49 0.4018191684116338
1.5 0.46187094508307014
1.51 0.5224733828318191
1.52 0.5835666743684436
1.53 0.6450905279900795
1.54 0.706984227081067
1.55 0.7691866900329202
1.56 0.8316365305245
1.57 0.894272118102902
1.58 0.9570316390052721
1.59 1.0198531571615286
1.6 1.0826746753177852
1.61 1.1454341962201555
1.62 1.2080697837985572
1.63 1.270519624290137
1.64 1.3327220872419905
1.65 1.3946157863329778
1.66 1.456139639954614
1.67 1.5172329314912383
1.68 1.5778353692399874
1.69 1.6378871459114235
1.7 1.6973289976521113
1.71 1.7561022625308844
1.72 1.81414893843109
1.73 1.8714117402916743
1.74 1.9278341566406225
1.75 1.9833605053649594
1.76 2.037935988662271
1.77 2.091506747119522
1.78 2.14401991286579
1.79 2.1954236617464753
1.8 2.2456672644674818
1.81 2.294701136658908
1.82 2.3424768878088322
1.83 2.388947369018906
1.84 2.4340667195346235
1.85 2.477790412004352
1.86 2.5200752964224478
1.87 2.5608796427131075
1.88 2.60016318191291
1.89 2.6378871459114235
1.9 2.6740143057106525
1.91 2.708509008165559
1.92 2.741337211169416
1.93 2.772466517249256
1.94 2.8018662055382646
1.95 2.8295072620935677
1.96 2.855362408529491
1.97 2.8794061289380317
1.98 2.9016146950699797
1.99 2.921966189751836
0 2.940440528515415
0.01 2.9570194794187907
0.02 2.9716866810390234
0.03 2.9844276586189062
0.04 2.995229838351804
0.05 3.0040825597904846
0.06 3.0109770863676886
0.07 3.015906614018072
0.08 3.0188662778929922
0.09 3.0198531571615286
0.1 3.0188662778929922
0.11 3.015906614018072
0.12 3.0109770863676886
0.13 3.0040825597904846
0.14 2.995229838351804
0.15 2.9844276586189062
0.16 2.9716866810390234
0.17 2.9570194794187907
0.18 2.940440528515415
0.19 2.921966189751836
0.2 2.9016146950699797
0.21 2.8794061289380317
0.22 2.855362408529491
0.23 2.8295072620935677
0.24 2.8018662055382646
0.25 2.772466517249256
0.26 2.741337211169416
0.27 2.708509008165559
0.28 2.6740143057106525
0.29 2.6378871459114235
0.3 2.60016318191291
0.31 2.5608796427131075
0.32 2.5200752964224478
0.33 2.477790412004352
0.34 2.4340667195346235
0.35 2.388947369018906
0.36 2.3424768878088322
0.37 2.294701136658908
0.38 2.2456672644674818
0.39 2.1954236617464753
0.4 2.14401991286579
0.41 2.091506747119522
0.42 2.037935988662271
0.43 1.9833605053649594
0.44 1.9278341566406225
0.45 1.8714117402916743
0.46 1.81414893843109
0.47 1.7561022625308844
0.48 1.6973289976521113
0.49 1.6378871459114235
0.5 1.5778353692399874
0.51 1.5172329314912383
0.52 1.456139639954614
0.53 1.3946157863329778
0.54 1.3327220872419905
0.55 1.270519624290137
0.56 1.2080697837985572
0.57 1.1454341962201555
0.58 1.0826746753177852
0.59 1.0198531571615286
0.6 0.9570316390052721
0.61 0.894272118102902
0.62 0.8316365305245
0.63 0.7691866900329202
0.64 0.706984227081067
0.65 0.6450905279900795
0.66 0.5835666743684436
0.67 0.5224733828318191
0.68 0.46187094508307014
0.69 0.4018191684116338
0.7 0.34237731667094595
0.71 0.28360405179217285
0.72 0.22555737589196745
0.73 0.16829457403138326
0.74 0.11187215768243508
0.75 0.05634580895809804
1.44 0.060964393648992754
1.45 0.11649074237332979
1.46 0.17291315872227797
1.47 0.23017596058286216
1.48 0.28822263648306756
1.49 0.34699590136184066
1.5 0.4064377531025285
1.51 0.46648952977396485
1.52 0.5270919675227138
1.53 0.5881852590593383
1.54 0.6497091126809742
1.55 0.7116028117719617
1.56 0.7738052747238149
1.57 0.8362551152153948
1.58 0.8988907027937967
1.59 0.9616502236961668
1.6 1.0244717418524234
1.61 1.08729326000868
1.62 1.1500527809110501
1.63 1.212688368489452
1.64 1.275138208981032
1.65 1.337340671932885
1.66 1.3992343710238726
1.67 1.4607582246455086
1.68 1.5218515161821329
1.69 1.582453953930882
1.7 1.6425057306023183
1.71 1.7019475823430061
1.72 1.7607208472217792
1.73 1.8187675231219846
1.74 1.876030324982569
1.75 1.9324527413315171
1.76 1.987979090055854
1.77 2.042554573353166
1.78 2.0961253318104167
1.79 2.148638497556685
1.8 2.20004224643737
1.81 2.2502858491583764
1.82 2.2993197213498027
1.83 2.347095472499727
1.84 2.3935659537098006
1.85 2.438685304225518
1.86 2.4824089966952467
1.87 2.5246938811133424
1.88 2.565498227404002
1.89 2.6047817666038044
1.9 2.642505730602318
1.91 2.678632890401547
1.92 2.7131275928564538
1.93 2.7459557958603105
1.94 2.7770851019401506
1.95 2.806484790229159
1.96 2.8341258467844623
1.97 2.8599809932203857
1.98 2.8840247136289263
1.99 2.9062332797608743
0 2.9265847744427305
0.01 2.9450591132063098
0.02 2.9616380641096853
0.03 2.976305265729918
0.04 2.989046243309801
0.05 2.9998484230426987
0.06 3.008701144481379
0.07 3.015595671058583
0.08 3.0205251987089667
0.09 3.023484862583887
0.1 3.024471741852423
0.11 3.023484862583887
0.12 3.0205251987089667
0.13 3.015595671058583
0.14 3.008701144481379
0.15 2.9998484230426987
0.16 2.989046243309801
0.17 2.976305265729918
0.18 2.9616380641096853
0.19 2.9450591132063098
0.2 2.9265847744427305
0.21 2.9062332797608743
0.22 2.8840247136289263
0.23 2.8599809932203857
0.24 2.8341258467844623
0.25 2.806484790229159
0.26 2.7770851019401506
0.27 2.7459557958603105
0.28 2.7131275928564538
0.29 2.678632890401547
0.3 2.642505730602318
0.31 2.6047817666038044
0.32 2.565498227404002
0.33 2.5246938811133424
0.34 2.4824089966952467
0.35 2.438685304225518
0.36 2.3935659537098006
0.37 2.347095472499727
0.38 2.2993197213498027
0.39 2.2502858491583764
0.4 2.20004224643737
0.41 2.148638497556685
0.42 2.0961253318104167
0.43 2.042554573353166
0.44 1.987979090055854
0.45 1.9324527413315171
0.46 1.876030324982569
0.47 1.8187675231219846
0.48 1.7607208472217792
0.49 1.7019475823430061
0.5 1.6425057306023183
0.51 1.582453953930882
0.52 1.5218515161821329
0.53 1.4607582246455086
0.54 1.3992343710238726
0.55 1.337340671932885
0.56 1.275138208981032
0.57 1.212688368489452
0.58 1.1500527809110501
0.59 1.08729326000868
0.6 1.0244717418524234
0.61 0.9616502236961668
0.62 0.8988907027937967
0.63 0.8362551152153948
0.64 0.7738052747238149
0.65 0.7116028117719617
0.66 0.6497091126809742
0.67 0.5881852590593383
0.68 0.5270919675227138
0.69 0.46648952977396485
0.7 0.4064377531025285
0.71 0.34699590136184066
0.72 0.28822263648306756
0.73 0.23017596058286216
0.74 0.17291315872227797
0.75 0.11649074237332979
0.76 0.060964393648992754
1.45 0.06605226731945679
1.46 0.12157861604379383
1.47 0.178001032392742
1.48 0.2352638342533262
1.49 0.2933105101535316
1.5 0.3520837750323047
1.51 0.41152562677299254
1.52 0.4715774034444289
1.53 0.5321798411931778
1.54 0.5932731327298023
1.55 0.6547969863514382
1.56 0.7166906854424258
1.57 0.7788931483942789
1.58 0.8413429888858588
1.59 0.9039785764642607
1.6 0.9667380973666309
1.61 1.0295596155228874
1.62 1.092381133679144
1.63 1.1551406545815142
1.64 1.217776242159916
1.65 1.280226082651496
1.66 1.3424285456033491
1.67 1.4043222446943366
1.68 1.4658460983159727
1.69 1.526939389852597
1.7 1.587541827601346
1.71 1.6475936042727823
1.72 1.7070354560134702
1.73 1.7658087208922433
1.74 1.8238553967924487
1.75 1.881118198653033
1.76 1.9375406150019812
1.77 1.993066963726318
1.78 2.04764244702363
1.79 2.1012132054808808
1.8 2.153726371227149
1.81 2.205130120107834
1.82 2.2553737228288404
1.83 2.3044075950202667
1.84 2.352183346170191
1.85 2.3986538273802647
1.86 2.443773177895982
1.87 2.4874968703657108
1.88 2.5297817547838064
1.89 2.570586101074466
1.9 2.6098696402742685
1.91 2.647593604272782
1.92 2.683720764072011
1.93 2.718215466526918
1.94 2.7510436695307745
1.95 2.7821729756106146
1.96 2.8115726638996232
1.97 2.8392137204549264
1.98 2.8650688668908497
1.99 2.8891125872993904
0 2.9113211534313383
0.01 2.9316726481131945
0.02 2.950146986876774
0.03 2.9667259377801494
0.04 2.981393139400382
0.05 2.994134116980265
0.06 3.0049362967131628
0.07 3.013789018151843
0.08 3.020683544729047
0.09 3.025613072379431
0.1 3.028572736254351
0.11 3.029559615522887
0.12 3.028572736254351
0.13 3.025613072379431
0.14 3.020683544729047
0.15 3.013789018151843
0.16 3.0049362967131628
0.17 2.994134116980265
0.18 2.981393139400382
0.19 2.9667259377801494
0.2 2.950146986876774
0.21 2.9316726481131945
0.22 2.9113211534313383
0.23 2.8891125872993904
0.24 2.8650688668908497
0.25 2.8392137204549264
0.26 2.8115726638996232
0.27 2.7821729756106146
0.28 2.7510436695307745
0.29 2.718215466526918
0.3 2.683720764072011
0.31 2.647593604272782
0.32 2.6098696402742685
0.33 2.570586101074466
0.34 2.5297817547838064
0.35 2.4874968703657108
0.36 2.443773177895982
0.37 2.3986538273802647
0.38 2.352183346170191
0.39 2.3044075950202667
0.4 2.2553737228288404
0.41 2.205130120107834
0.42 2.153726371227149
0.43 2.1012132054808808
0.44 2.04764244702363
0.45 1.993066963726318
0.46 1.9375406150019812
0.47 1.881118198653033
0.48 1.8238553967924487
0.49 1.7658087208922433
0.5 1.7070354560134702
0.51 1.6475936042727823
0.52 1.587541827601346
0.53 1.526939389852597
0.54 1.4658460983159727
0.55 1.4043222446943366
0.56 1.3424285456033491
0.57 1.280226082651496
0.58 1.217776242159916
0.59 1.1551406545815142
0.6 1.092381133679144
0.61 1.0295596155228874
0.62 0.9667380973666309
0.63 0.9039785764642607
0.64 0.8413429888858588
0.65 0.7788931483942789
0.66 0.7166906854424258
0.67 0.6547969863514382
0.68 0.5932731327298023
0.69 0.5321798411931778
0.7 0.4715774034444289
0.71 0.41152562677299254
0.72 0.3520837750323047
0.73 0.2933105101535316
0.74 0.2352638342533262
0.75 0.178001032392742
0.76 0.12157861604379383
0.77 0.06605226731945679
1.46 0.0716044088524439
1.47 0.12713075757678094
1.48 0.18355317392572912
1.49 0.2408159757863133
1.5 0.2988626516865187
1.51 0.3576359165652918
1.52 0.41707776830597965
1.53 0.477129544977416
1.54 0.537731982726165
1.55 0.5988252742627894
1.56 0.6603491278844253
1.57 0.7222428269754129
1.58 0.784445289927266
1.59 0.8468951304188459
1.6 0.9095307179972478
1.61 0.972290238899618
1.62 1.0351117570558745
1.63 1.0979332752121311
1.64 1.1606927961145013
1.65 1.2233283836929032
1.66 1.285778224184483
1.67 1.3479806871363362
1.68 1.4098743862273238
1.69 1.4713982398489598
1.7 1.532491531385584
1.71 1.593093969134333
1.72 1.6531457458057695
1.73 1.7125875975464573
1.74 1.7713608624252304
1.75 1.8294075383254358
1.76 1.88667034018602
1.77 1.9430927565349683
1.78 1.9986191052593052
1.79 2.053194588556617
1.8 2.1067653470138676
1.81 2.159278512760136
1.82 2.2106822616408213
1.83 2.2609258643618277
1.84 2.309959736553254
1.85 2.357735487703178
1.86 2.404205968913252
1.87 2.4493253194289695
1.88 2.493049011898698
1.89 2.5353338963167937
1.9 2.5761382426074535
1.91 2.615421781807256
1.92 2.6531457458057695
1.93 2.689272905604998
1.94 2.723767608059905
1.95 2.756595811063762
1.96 2.7877251171436015
1.97 2.81712480543261
1.98 2.8447658619879137
1.99 2.8706210084238366
0 2.8946647288323772
0.01 2.9168732949643257
0.02 2.937224789646182
0.03 2.955699128409761
0.04 2.9722780793131367
0.05 2.9869452809333694
0.06 2.999686258513252
0.07 3.01048843824615
0.08 3.0193411596848305
0.09 3.0262356862620345
0.1 3.031165213912418
0.11 3.034124877787338
0.12 3.0351117570558745
0.13 3.034124877787338
0.14 3.031165213912418
0.15 3.0262356862620345
0.16 3.0193411596848305
0.17 3.01048843824615
0.18 2.999686258513252
0.19 2.9869452809333694
0.2 2.9722780793131367
0.21 2.955699128409761
0.22 2.937224789646182
0.23 2.9168732949643257
0.24 2.8946647288323772
0.25 2.8706210084238366
0.26 2.8447658619879137
0.27 2.81712480543261
0.28 2.7877251171436015
0.29 2.756595811063762
0.3 2.723767608059905
0.31 2.689272905604998
0.32 2.6531457458057695
0.33 2.615421781807256
0.34 2.5761382426074535
0.35 2.5353338963167937
0.36 2.493049011898698
0.37 2.4493253194289695
0.38 2.404205968913252
0.39 2.357735487703178
0.4 2.309959736553254
0.41 2.2609258643618277
0.42 2.2106822616408213
0.43 2.159278512760136
0.44 2.1067653470138676
0.45 2.053194588556617
0.46 1.9986191052593052
0.47 1.9430927565349683
0.48 1.88667034018602
0.49 1.8294075383254358
0.5 1.7713608624252304
0.51 1.7125875975464573
0.52 1.6531457458057695
0.53 1.593093969134333
0.54 1.532491531385584
0.55 1.4713982398489598
0.56 1.4098743862273238
0.57 1.3479806871363362
0.58 1.285778224184483
0.59 1.2233283836929032
0.6 1.1606927961145013
0.61 1.0979332752121311
0.62 1.0351117570558745
0.63 0.972290238899618
0.64 0.9095307179972478
0.65 0.8468951304188459
0.66 0.784445289927266
0.67 0.7222428269754129
0.68 0.6603491278844253
0.69 0.5988252742627894
0.7 0.537731982726165
0.71 0.477129544977416
0.72 0.41707776830597965
0.73 0.3576359165652918
0.74 0.2988626516865187
0.75 0.2408159757863133
0.76 0.18355317392572912
0.77 0.12713075757678094
0.78 0.0716044088524439
1.47 0.07761533895457906
1.48 0.1331416876789161
1.49 0.18956410402786428
1.5 0.24682690588844847
1.51 0.30487358178865387
1.52 0.36364684666742697
1.53 0.4230886984081148
1.54 0.48314047507955116
1.55 0.5437429128283001
1.56 0.6048362043649246
1.57 0.6663600579865605
1.58 0.728253757077548
1.59 0.7904562200294012
1.6 0.8529060605209811
1.61 0.915541648099383
1.62 0.9783011690017531
1.63 1.0411226871580097
1.64 1.1039442053142663
1.65 1.1667037262166364
1.66 1.2293393137950384
1.67 1.2917891542866182
1.68 1.3539916172384714
1.69 1.415885316329459
1.7 1.477409169951095
1.71 1.5385024614877192
1.72 1.5991048992364683
1.73 1.6591566759079046
1.74 1.7185985276485924
1.75 1.7773717925273655
1.76 1.835418468427571
1.77 1.8926812702881552
1.78 1.9491036866371034
1.79 2.0046300353614406
1.8 2.059205518658752
1.81 2.1127762771160032
1.82 2.165289442862271
1.83 2.216693191742956
1.84 2.2669367944639625
1.85 2.3159706666553888
1.86 2.363746417805313
1.87 2.4102168990153867
1.88 2.455336249531104
1.89 2.499059942000833
1.9 2.5413448264189284
1.91 2.582149172709588
1.92 2.6214327119093905
1.93 2.659156675907904
1.94 2.6952838357071336
1.95 2.72977853816204
1.96 2.7626067411658966
1.97 2.793736047245737
1.98 2.8231357355347457
1.99 2.8507767920900484
0 2.876631938525972
0.01 2.900675658934513
0.02 2.9228842250664604
0.03 2.9432357197483165
0.04 2.961710058511896
0.05 2.9782890094152714
0.06 2.992956211035504
0.07 3.005697188615387
0.08 3.016499368348285
0.09 3.0253520897869652
0.1 3.0322466163641693
0.11 3.037176144014553
0.12 3.040135807889473
0.13 3.0411226871580093
0.14 3.040135807889473
0.15 3.037176144014553
0.16 3.0322466163641693
0.17 3.0253520897869652
0.18 3.016499368348285
0.19 3.005697188615387
0.2 2.992956211035504
0.21 2.9782890094152714
0.22 2.961710058511896
0.23 2.9432357197483165
0.24 2.9228842250664604
0.25 2.900675658934513
0.26 2.876631938525972
0.27 2.8507767920900484
0.28 2.8231357355347457
0.29 2.793736047245737
0.3 2.7626067411658966
0.31 2.72977853816204
0.32 2.6952838357071336
0.33 2.659156675907904
0.34 2.6214327119093905
0.35 2.582149172709588
0.36 2.5413448264189284
0.37 2.499059942000833
0.38 2.455336249531104
0.39 2.4102168990153867
0.4 2.363746417805313
0.41 2.3159706666553888
0.42 2.2669367944639625
0.43 2.216693191742956
0.44 2.165289442862271
0.45 2.1127762771160032
0.46 2.059205518658752
0.47 2.0046300353614406
0.48 1.9491036866371034
0.49 1.8926812702881552
0.5 1.835418468427571
0.51 1.7773717925273655
0.52 1.7185985276485924
0.53 1.6591566759079046
0.54 1.5991048992364683
0.55 1.5385024614877192
0.56 1.477409169951095
0.57 1.415885316329459
0.58 1.3539916172384714
0.59 1.2917891542866182
0.6 1.2293393137950384
0.61 1.1667037262166364
0.62 1.1039442053142663
0.63 1.0411226871580097
0.64 0.9783011690017531
0.65 0.915541648099383
0.66 0.8529060605209811
0.67 0.7904562200294012
0.68 0.728253757077548
0.69 0.6663600579865605
0.7 0.6048362043649246
0.71 0.5437429128283001
0.72 0.48314047507955116
0.73 0.4230886984081148
0.74 0.36364684666742697
0.75 0.30487358178865387
0.76 0.24682690588844847
0.77 0.18956410402786428
0.78 0.1331416876789161
0.79 0.07761533895457906
1.48 0.08407912556355979
1.49 0.13960547428789682
1.5 0.196027890636845
1.51 0.2532906924974292
1.52 0.3113373683976346
1.53 0.3701106332764077
1.54 0.42955248501709553
1.55 0.4896042616885319
1.56 0.5502066994372808
1.57 0.6112999909739053
1.58 0.6728238445955412
1.59 0.7347175436865288
1.6 0.7969200066383819
1.61 0.8593698471299618
1.62 0.9220054347083637
1.63 0.9847649556107338
1.64 1.0475864737669904
1.65 1.110407991923247
1.66 1.1731675128256172
1.67 1.235803100404019
1.68 1.298252940895599
1.69 1.3604554038474521
1.7 1.4223491029384396
1.71 1.4838729565600757
1.72 1.5449662480967
1.73 1.605568685845449
1.74 1.6656204625168853
1.75 1.7250623142575732
1.76 1.7838355791363463
1.77 1.8418822550365517
1.78 1.899145056897136
1.79 1.9555674732460842
1.8 2.0110938219704213
1.81 2.0656693052677326
1.82 2.119240063724984
1.83 2.1717532294712516
1.84 2.2231569783519367
1.85 2.273400581072943
1.86 2.3224344532643695
1.87 2.3702102044142936
1.88 2.4166806856243674
1.89 2.461800036140085
1.9 2.5055237286098135
1.91 2.547808613027909
1.92 2.588612959318569
1.93 2.6278964985183713
1.94 2.665620462516885
1.95 2.7017476223161143
1.96 2.7362423247710206
1.97 2.7690705277748773
1.98 2.800199833854718
1.99 2.8295995221437265
0 2.857240578699029
0.01 2.883095725134953
0.02 2.9071394455434936
0.03 2.929348011675441
0.04 2.9496995063572973
0.05 2.9681738451208766
0.06 2.984752796024252
0.07 2.999419997644485
0.08 3.0121609752243677
0.09 3.0229631549572655
0.1 3.031815876395946
0.11 3.03871040297315
0.12 3.0436399306235336
0.13 3.0465995944984536
0.14 3.04758647376699
0.15 3.0465995944984536
0.16 3.0436399306235336
0.17 3.03871040297315
0.18 3.031815876395946
0.19 3.0229631549572655
0.2 3.0121609752243677
0.21 2.999419997644485
0.22 2.984752796024252
0.23 2.9681738451208766
0.24 2.9496995063572973
0.25 2.929348011675441
0.26 2.9071394455434936
0.27 2.883095725134953
0.28 2.857240578699029
0.29 2.8295995221437265
0.3 2.800199833854718
0.31 2.7690705277748773
0.32 2.7362423247710206
0.33 2.7017476223161143
0.34 2.665620462516885
0.35 2.6278964985183713
0.36 2.588612959318569
0.37 2.547808613027909
0.38 2.5055237286098135
0.39 2.461800036140085
0.4 2.4166806856243674
0.41 2.3702102044142936
0.42 2.3224344532643695
0.43 2.273400581072943
0.44 2.2231569783519367
0.45 2.1717532294712516
0.46 2.119240063724984
0.47 2.0656693052677326
0.48 2.0110938219704213
0.49 1.9555674732460842
0.5 1.899145056897136
0.51 1.8418822550365517
0.52 1.7838355791363463
0.53 1.7250623142575732
0.54 1.6656204625168853
0.55 1.605568685845449
0.56 1.5449662480967
0.57 1.4838729565600757
0.58 1.4223491029384396
0.59 1.3604554038474521
0.6 1.298252940895599
0.61 1.235803100404019
0.62 1.1731675128256172
0.63 1.110407991923247
0.64 1.0475864737669904
0.65 0.9847649556107338
0.66 0.9220054347083637
0.67 0.8593698471299618
0.68 0.7969200066383819
0.69 0.7347175436865288
0.7 0.6728238445955412
0.71 0.6112999909739053
0.72 0.5502066994372808
0.73 0.4896042616885319
0.74 0.42955248501709553
0.75 0.3701106332764077
0.76 0.3113373683976346
0.77 0.2532906924974292
0.78 0.196027890636845
0.79 0.13960547428789682
0.8 0.08407912556355979
1.49 0.09098938970238568
1.5 0.14651573842672272
1.51 0.2029381547756709
1.52 0.2602009566362551
1.53 0.3182476325364605
1.54 0.3770208974152336
1.55 0.4364627491559214
1.56 0.4965145258273578
1.57 0.5571169635761067
1.58 0.6182102551127312
1.59 0.6797341087343671
1.6 0.7416278078253546
1.61 0.8038302707772078
1.62 0.8662801112687877
1.63 0.9289156988471896
1.64 0.9916752197495597
1.65 1.0544967379058163
1.66 1.117318256062073
1.67 1.180077776964443
1.68 1.242713364542845
1.69 1.3051632050344248
1.7 1.367365667986278
1.71 1.4292593670772655
1.72 1.4907832206989016
1.73 1.5518765122355258
1.74 1.6124789499842749
1.75 1.6725307266557112
1.76 1.731972578396399
1.77 1.7907458432751722
1.78 1.8487925191753776
1.79 1.9060553210359619
1.8 1.96247773738491
1.81 2.018004086109247
1.82 2.0725795694065585
1.83 2.12615032786381
1.84 2.1786634936100775
1.85 2.2300672424907626
1.86 2.280310845211769
1.87 2.3293447174031954
1.88 2.3771204685531195
1.89 2.4235909497631933
1.9 2.468710300278911
1.91 2.5124339927486394
1.92 2.554718877166735
1.93 2.595523223457395
1.94 2.634806762657197
1.95 2.672530726655711
1.96 2.70865788645494
1.97 2.7431525889098465
1.98 2.775980791913703
1.99 2.8071100979935437
0 2.8365097862825523
0.01 2.864150842837855
0.02 2.890005989273779
0.03 2.9140497096823195
0.04 2.936258275814267
0.05 2.956609770496123
0.06 2.9750841092597025
0.07 2.991663060163078
0.08 3.0063302617833108
0.09 3.0190712393631935
0.1 3.0298734190960914
0.11 3.038726140534772
0.12 3.045620667111976
0.13 3.0505501947623594
0.14 3.0535098586372795
0.15 3.054496737905816
0.16 3.0535098586372795
0.17 3.0505501947623594
0.18 3.045620667111976
0.19 3.038726140534772
0.2 3.0298734190960914
0.21 3.0190712393631935
0.22 3.0063302617833108
0.23 2.991663060163078
0.24 2.9750841092597025
0.25 2.956609770496123
0.26 2.936258275814267
0.27 2.9140497096823195
0.28 2.890005989273779
0.29 2.864150842837855
0.3 2.8365097862825523
0.31 2.8071100979935437
0.32 2.775980791913703
0.33 2.7431525889098465
0.34 2.70865788645494
0.35 2.672530726655711
0.36 2.634806762657197
0.37 2.595523223457395
0.38 2.554718877166735
0.39 2.5124339927486394
0.4 2.468710300278911
0.41 2.4235909497631933
0.42 2.3771204685531195
0.43 2.3293447174031954
0.44 2.280310845211769
0.45 2.2300672424907626
0.46 2.1786634936100775
0.47 2.12615032786381
0.48 2.0725795694065585
0.49 2.018004086109247
0.5 1.96247773738491
0.51 1.9060553210359619
0.52 1.8487925191753776
0.53 1.7907458432751722
0.54 1.731972578396399
0.55 1.6725307266557112
0.56 1.6124789499842749
0.57 1.5518765122355258
0.58 1.4907832206989016
0.59 1.4292593670772655
0.6 1.367365667986278
0.61 1.3051632050344248
0.62 1.242713364542845
0.63 1.180077776964443
0.64 1.117318256062073
0.65 1.0544967379058163
0.66 0.9916752197495597
0.67 0.9289156988471896
0.68 0.8662801112687877
0.69 0.8038302707772078
0.7 0.7416278078253546
0.71 0.6797341087343671
0.72 0.6182102551127312
0.73 0.5571169635761067
0.74 0.4965145258273578
0.75 0.4364627491559214
0.76 0.3770208974152336
0.77 0.3182476325364605
0.78 0.2602009566362551
0.79 0.2029381547756709
0.8 0.14651573842672272
0.81 0.09098938970238568
1.5 0.09833931177463784
1.51 0.15386566049897488
1.52 0.21028807684792306
1.53 0.26755087870850724
1.54 0.32559755460871265
1.55 0.38437081948748575
1.56 0.4438126712281736
1.57 0.5038644478996099
1.58 0.5644668856483589
1.59 0.6255601771849834
1.6 0.6870840308066193
1.61 0.7489777298976068
1.62 0.81118019284946
1.63 0.8736300333410398
1.64 0.9362656209194418
1.65 0.9990251418218119
1.66 1.0618466599780685
1.67 1.124668178134325
1.68 1.1874276990366952
1.69 1.2500632866150971
1.7 1.312513127106677
1.71 1.3747155900585302
1.72 1.4366092891495177
1.73 1.4981331427711537
1.74 1.559226434307778
1.75 1.619828872056527
1.76 1.6798806487279634
1.77 1.7393225004686512
1.78 1.7980957653474243
1.79 1.8561424412476297
1.8 1.913405243108214
1.81 1.9698276594571622
1.82 2.025354008181499
1.83 2.079929491478811
1.84 2.133500249936062
1.85 2.18601341568233
1.86 2.237417164563015
1.87 2.2876607672840215
1.88 2.3366946394754478
1.89 2.384470390625372
1.9 2.4309408718354457
1.91 2.476060222351163
1.92 2.519783914820892
1.93 2.5620687992389874
1.94 2.602873145529647
1.95 2.6421566847294495
1.96 2.679880648727963
1.97 2.716007808527192
1.98 2.750502510982099
1.99 2.7833307139859556
0 2.8144600200657957
0.01 2.8438597083548043
0.02 2.8715007649101074
0.03 2.8973559113460308
0.04 2.9213996317545714
0.05 2.9436081978865194
0.06 2.9639596925683755
0.07 2.982434031331955
0.08 2.9990129822353304
0.09 3.013680183855563
0.1 3.026421161435446
0.11 3.037223341168344
0.12 3.0460760626070242
0.13 3.0529705891842283
0.14 3.057900116834612
0.15 3.060859780709532
0.16 3.0618466599780683
0.17 3.060859780709532
0.18 3.057900116834612
0.19 3.0529705891842283
0.2 3.0460760626070242
0.21 3.037223341168344
0.22 3.026421161435446
0.23 3.013680183855563
0.24 2.9990129822353304
0.25 2.982434031331955
0.26 2.9639596925683755
0.27 2.9436081978865194
0.28 2.9213996317545714
0.29 2.8973559113460308
0.3 2.8715007649101074
0.31 2.8438597083548043
0.32 2.8144600200657957
0.33 2.7833307139859556
0.34 2.750502510982099
0.35 2.716007808527192
0.36 2.679880648727963
0.37 2.6421566847294495
0.38 2.602873145529647
0.39 2.5620687992389874
0.4 2.519783914820892
0.41 2.476060222351163
0.42 2.4309408718354457
0.43 2.384470390625372
0.44 2.3366946394754478
0.45 2.2876607672840215
0.46 2.237417164563015
0.47 2.18601341568233
0.48 2.133500249936062
0.49 2.079929491478811
0.5 2.025354008181499
0.51 1.9698276594571622
0.52 1.913405243108214
0.53 1.8561424412476297
0.54 1.7980957653474243
0.55 1.7393225004686512
0.56 1.6798806487279634
0.57 1.619828872056527
0.58 1.559226434307778
0.59 1.4981331427711537
0.6 1.4366092891495177
0.61 1.3747155900585302
0.62 1.312513127106677
0.63 1.2500632866150971
0.64 1.1874276990366952
0.65 1.124668178134325
0.66 1.0618466599780685
0.67 0.9990251418218119
0.68 0.9362656209194418
0.69 0.8736300333410398
0.7 0.81118019284946
0.71 0.7489777298976068
0.72 0.6870840308066193
0.73 0.6255601771849834
0.74 0.5644668856483589
0.75 0.5038644478996099
0.76 0.4438126712281736
0.77 0.38437081948748575
0.78 0.32559755460871265
0.79 0.26755087870850724
0.8 0.21028807684792306
0.81 0.15386566049897488
0.82 0.09833931177463784
1.51 0.10612163829459775
1.52 0.1616479870189348
1.53 0.21807040336788297
1.54 0.27533320522846716
1.55 0.33337988112867256
1.56 0.39215314600744566
1.57 0.4515949977481335
1.58 0.5116467744195698
1.59 0.5722492121683188
1.6 0.6333425037049433
1.61 0.6948663573265792
1.62 0.7567600564175667
1.63 0.8189625193694199
1.64 0.8814123598609998
1.65 0.9440479474394017
1.66 1.0068074683417718
1.67 1.0696289864980284
1.68 1.132450504654285
1.69 1.1952100255566551
1.7 1.257845613135057
1.71 1.320295453626637
1.72 1.38249791657849
1.73 1.4443916156694776
1.74 1.5059154692911136
1.75 1.5670087608277379
1.76 1.627611198576487
1.77 1.6876629752479233
1.78 1.7471048269886111
1.79 1.8058780918673842
1.8 1.8639247677675896
1.81 1.921187569628174
1.82 1.9776099859771221
1.83 2.0331363347014593
1.84 2.0877118179987706
1.85 2.141282576456022
1.86 2.1937957422022896
1.87 2.2451994910829747
1.88 2.295443093803981
1.89 2.3444769659954074
1.9 2.3922527171453316
1.91 2.4387231983554054
1.92 2.483842548871123
1.93 2.5275662413408515
1.94 2.569851125758947
1.95 2.610655472049607
1.96 2.6499390112494092
1.97 2.687662975247923
1.98 2.7237901350471523
1.99 2.7582848375020586
0 2.7911130405059152
0.01 2.822242346585756
0.02 2.8516420348747644
0.03 2.879283091430067
0.04 2.905138237865991
0.05 2.9291819582745315
0.06 2.951390524406479
0.07 2.9717420190883352
0.08 2.9902163578519145
0.09 3.00679530875529
0.1 3.021462510375523
0.11 3.0342034879554056
0.12 3.0450056676883035
0.13 3.053858389126984
0.14 3.060752915704188
0.15 3.0656824433545715
0.16 3.0686421072294916
0.17 3.069628986498028
0.18 3.0686421072294916
0.19 3.0656824433545715
0.2 3.060752915704188
0.21 3.053858389126984
0.22 3.0450056676883035
0.23 3.0342034879554056
0.24 3.021462510375523
0.25 3.00679530875529
0.26 2.9902163578519145
0.27 2.9717420190883352
0.28 2.951390524406479
0.29 2.9291819582745315
0.3 2.905138237865991
0.31 2.879283091430067
0.32 2.8516420348747644
0.33 2.822242346585756
0.34 2.7911130405059152
0.35 2.7582848375020586
0.36 2.7237901350471523
0.37 2.687662975247923
0.38 2.6499390112494092
0.39 2.610655472049607
0.4 2.569851125758947
0.41 2.5275662413408515
0.42 2.483842548871123
0.43 2.4387231983554054
0.44 2.3922527171453316
0.45 2.3444769659954074
0.46 2.295443093803981
0.47 2.2451994910829747
0.48 2.1937957422022896
0.49 2.141282576456022
0.5 2.0877118179987706
0.51 2.0331363347014593
0.52 1.9776099859771221
0.53 1.921187569628174
0.54 1.8639247677675896
0.55 1.8058780918673842
0.56 1.7471048269886111
0.57 1.6876629752479233
0.58 1.627611198576487
0.59 1.5670087608277379
0.6 1.5059154692911136
0.61 1.4443916156694776
0.62 1.38249791657849
0.63 1.320295453626637
0.64 1.257845613135057
0.65 1.1952100255566551
0.66 1.132450504654285
0.67 1.0696289864980284
0.68 1.0068074683417718
0.69 0.9440479474394017
0.7 0.8814123598609998
0.71 0.8189625193694199
0.72 0.7567600564175667
0.73 0.6948663573265792
0.74 0.6333425037049433
0.75 0.5722492121683188
0.76 0.5116467744195698
0.77 0.4515949977481335
0.78 0.39215314600744566
0.79 0.33337988112867256
0.8 0.27533320522846716
0.81 0.21807040336788297
0.82 0.1616479870189348
0.83 0.10612163829459775
1.52 0.11432868904556204
1.53 0.16985503776989908
1.54 0.22627745411884725
1.55 0.28354025597943144
1.56 0.34158693187963685
1.57 0.40036019675840995
1.58 0.4598020484990978
1.59 0.5198538251705341
1.6 0.5804562629192831
1.61 0.6415495544559076
1.62 0.7030734080775435
1.63 0.764967107168531
1.64 0.8271695701203842
1.65 0.889619410611964
1.66 0.952254998190366
1.67 1.0150145190927362
1.68 1.0778360372489928
1.69 1.1406575554052494
1.7 1.2034170763076193
1.71 1.2660526638860214
1.72 1.3285025043776013
1.73 1.3907049673294543
1.74 1.452598666420442
1.75 1.5141225200420778
1.76 1.575215811578702
1.77 1.6358182493274511
1.78 1.6958700259988877
1.79 1.7553118777395755
1.8 1.8140851426183486
1.81 1.8721318185185538
1.82 1.9293946203791381
1.83 1.9858170367280863
1.84 2.041343385452423
1.85 2.095918868749735
1.86 2.149489627206986
1.87 2.202002792953254
1.88 2.253406541833939
1.89 2.3036501445549455
1.9 2.352684016746372
1.91 2.400459767896296
1.92 2.44693024910637
1.93 2.4920495996220873
1.94 2.535773292091816
1.95 2.5780581765099115
1.96 2.6188625228005713
1.97 2.6581460620003736
1.98 2.6958700259988873
1.99 2.7319971857981162
0 2.766491888253023
0.01 2.7993200912568796
0.02 2.8304493973367197
0.03 2.8598490856257284
0.04 2.8874901421810315
0.05 2.913345288616955
0.06 2.9373890090254955
0.07 2.9595975751574435
0.08 2.9799490698392996
0.09 2.998423408602879
0.1 3.0150023595062545
0.11 3.029669561126487
0.12 3.04241053870637
0.13 3.053212718439268
0.14 3.0620654398779483
0.15 3.0689599664551523
0.16 3.073889494105536
0.17 3.076849157980456
0.18 3.0778360372489924
0.19 3.076849157980456
0.2 3.073889494105536
0.21 3.0689599664551523
0.22 3.0620654398779483
0.23 3.053212718439268
0.24 3.04241053870637
0.25 3.029669561126487
0.26 3.0150023595062545
0.27 2.998423408602879
0.28 2.9799490698392996
0.29 2.9595975751574435
0.3 2.9373890090254955
0.31 2.913345288616955
0.32 2.8874901421810315
0.33 2.8598490856257284
0.34 2.8304493973367197
0.35 2.7993200912568796
0.36 2.766491888253023
0.37 2.7319971857981162
0.38 2.6958700259988873
0.39 2.6581460620003736
0.4 2.6188625228005713
0.41 2.5780581765099115
0.42 2.535773292091816
0.43 2.4920495996220873
0.44 2.44693024910637
0.45 2.400459767896296
0.46 2.352684016746372
0.47 2.3036501445549455
0.48 2.253406541833939
0.49 2.202002792953254
0.5 2.149489627206986
0.51 2.095918868749735
0.52 2.041343385452423
0.53 1.9858170367280863
0.54 1.9293946203791381
0.55 1.8721318185185538
0.56 1.8140851426183486
0.57 1.7553118777395755
0.58 1.6958700259988877
0.59 1.6358182493274511
0.6 1.575215811578702
0.61 1.5141225200420778
0.62 1.452598666420442
0.63 1.3907049673294543
0.64 1.3285025043776013
0.65 1.2660526638860214
0.66 1.2034170763076193
0.67 1.1406575554052494
0.68 1.0778360372489928
0.69 1.0150145190927362
0.7 0.952254998190366
0.71 0.889619410611964
0.72 0.8271695701203842
0.73 0.764967107168531
0.74 0.7030734080775435
0.75 0.6415495544559076
0.76 0.5804562629192831
0.77 0.5198538251705341
0.78 0.4598020484990978
0.79 0.40036019675840995
0.8 0.34158693187963685
0.81 0.28354025597943144
0.82 0.22627745411884725
0.83 0.16985503776989908
0.84 0.11432868904556204
1.53 0.12295236465928872
1.54 0.17847871338362575
1.55 0.23490112973257393
1.56 0.2921639315931581
1.57 0.3502106074933635
1.58 0.4089838723721366
1.59 0.46842572411282446
1.6 0.5284775007842608
1.61 0.5890799385330098
1.62 0.6501732300696342
1.63 0.7116970836912702
1.64 0.7735907827822577
1.65 0.8357932457341108
1.66 0.8982430862256907
1.67 0.9608786738040926
1.68 1.0236381947064628
1.69 1.0864597128627194
1.7 1.149281231018976
1.71 1.212040751921346
1.72 1.274676339499748
1.73 1.3371261799913279
1.74 1.399328642943181
1.75 1.4612223420341686
1.76 1.5227461956558046
1.77 1.5838394871924288
1.78 1.644441924941178
1.79 1.7044937016126143
1.8 1.763935553353302
1.81 1.8227088182320752
1.82 1.8807554941322806
1.83 1.938018295992865
1.84 1.994440712341813
1.85 2.04996706106615
1.86 2.1045425443634618
1.87 2.1581133028207127
1.88 2.2106264685669808
1.89 2.262030217447666
1.9 2.3122738201686723
1.91 2.3613076923600986
1.92 2.409083443510023
1.93 2.4555539247200966
1.94 2.500673275235814
1.95 2.5443969677055427
1.96 2.5866818521236383
1.97 2.627486198414298
1.98 2.6667697376141004
1.99 2.704493701612614
0 2.740620861411843
0.01 2.7751155638667497
0.02 2.8079437668706064
0.03 2.8390730729504465
0.04 2.868472761239455
0.05 2.8961138177947583
0.06 2.9219689642306816
0.07 2.9460126846392223
0.08 2.9682212507711703
0.09 2.9885727454530264
0.1 3.0070470842166057
0.11 3.0236260351199813
0.12 3.038293236740214
0.13 3.051034214320097
0.14 3.0618363940529947
0.15 3.070689115491675
0.16 3.077583642068879
0.17 3.0825131697192627
0.18 3.085472833594183
0.19 3.086459712862719
0.2 3.085472833594183
0.21 3.0825131697192627
0.22 3.077583642068879
0.23 3.070689115491675
0.24 3.0618363940529947
0.25 3.051034214320097
0.26 3.038293236740214
0.27 3.0236260351199813
0.28 3.0070470842166057
0.29 2.9885727454530264
0.3 2.9682212507711703
0.31 2.9460126846392223
0.32 2.9219689642306816
0.33 2.8961138177947583
0.34 2.868472761239455
0.35 2.8390730729504465
0.36 2.8079437668706064
0.37 2.7751155638667497
0.38 2.740620861411843
0.39 2.704493701612614
0.4 2.6667697376141004
0.41 2.627486198414298
0.42 2.5866818521236383
0.43 2.5443969677055427
0.44 2.500673275235814
0.45 2.4555539247200966
0.46 2.409083443510023
0.47 2.3613076923600986
0.48 2.3122738201686723
0.49 2.262030217447666
0.5 2.2106264685669808
0.51 2.1581133028207127
0.52 2.1045425443634618
0.53 2.04996706106615
0.54 1.994440712341813
0.55 1.938018295992865
0.56 1.8807554941322806
0.57 1.8227088182320752
0.58 1.763935553353302
0.59 1.7044937016126143
0.6 1.644441924941178
0.61 1.5838394871924288
0.62 1.5227461956558046
0.63 1.4612223420341686
0.64 1.399328642943181
0.65 1.3371261799913279
0.66 1.274676339499748
0.67 1.212040751921346
0.68 1.149281231018976
0.69 1.0864597128627194
0.7 1.0236381947064628
0.71 0.9608786738040926
0.72 0.8982430862256907
0.73 0.8357932457341108
0.74 0.7735907827822577
0.75 0.7116970836912702
0.76 0.6501732300696342
0.77 0.5890799385330098
0.78 0.5284775007842608
0.79 0.46842572411282446
0.8 0.4089838723721366
0.81 0.3502106074933635
0.82 0.2921639315931581
0.83 0.23490112973257393
0.84 0.17847871338362575
0.85 0.12295236465928872
1.54 0.13198415460909585
1.55 0.1875105033334329
1.56 0.24393291968238107
1.57 0.30119572154296526
1.58 0.35924239744317066
1.59 0.41801566232194376
1.6 0.4774575140626316
1.61 0.537509290734068
1.62 0.5981117284828169
1.63 0.6592050200194414
1.64 0.7207288736410773
1.65 0.7826225727320648
1.66 0.844825035683918
1.67 0.9072748761754978
1.68 0.9699104637538998
1.69 1.03266998465627
1.7 1.0954915028125265
1.71 1.158313020968783
1.72 1.2210725418711532
1.73 1.2837081294495551
1.74 1.346157969941135
1.75 1.4083604328929882
1.76 1.4702541319839757
1.77 1.5317779856056117
1.78 1.592871277142236
1.79 1.653473714890985
1.8 1.7135254915624214
1.81 1.7729673433031092
1.82 1.8317406081818823
1.83 1.8897872840820877
1.84 1.947050085942672
1.85 2.00347250229162
1.86 2.058998851015957
1.87 2.113574334313269
1.88 2.16714509277052
1.89 2.219658258516788
1.9 2.271062007397473
1.91 2.3213056101184795
1.92 2.3703394823099058
1.93 2.41811523345983
1.94 2.4645857146699037
1.95 2.509705065185621
1.96 2.55342875765535
1.97 2.5957136420734455
1.98 2.6365179883641052
1.99 2.6758015275639075
0 2.713525491562421
0.01 2.74965265136165
0.02 2.784147353816557
0.03 2.8169755568204136
0.04 2.8481048629002537
0.05 2.8775045511892623
0.06 2.9051456077445654
0.07 2.9310007541804888
0.08 2.9550444745890294
0.09 2.9772530407209774
0.1 2.9976045354028336
0.11 3.016078874166413
0.12 3.0326578250697884
0.13 3.047325026690021
0.14 3.060066004269904
0.15 3.070868184002802
0.16 3.0797209054414822
0.17 3.0866154320186863
0.18 3.09154495966907
0.19 3.09450462354399
0.2 3.0954915028125263
0.21 3.09450462354399
0.22 3.09154495966907
0.23 3.0866154320186863
0.24 3.0797209054414822
0.25 3.070868184002802
0.26 3.060066004269904
0.27 3.047325026690021
0.28 3.0326578250697884
0.29 3.016078874166413
0.3 2.9976045354028336
0.31 2.9772530407209774
0.32 2.9550444745890294
0.33 2.9310007541804888
0.34 2.9051456077445654
0.35 2.8775045511892623
0.36 2.8481048629002537
0.37 2.8169755568204136
0.38 2.784147353816557
0.39 2.74965265136165
0.4 2.713525491562421
0.41 2.6758015275639075
0.42 2.6365179883641052
0.43 2.5957136420734455
0.44 2.55342875765535
0.45 2.509705065185621
0.46 2.4645857146699037
0.47 2.41811523345983
0.48 2.3703394823099058
0.49 2.3213056101184795
0.5 2.271062007397473
0.51 2.219658258516788
0.52 2.16714509277052
0.53 2.113574334313269
0.54 2.058998851015957
0.55 2.00347250229162
0.56 1.947050085942672
0.57 1.8897872840820877
0.58 1.8317406081818823
0.59 1.7729673433031092
0.6 1.7135254915624214
0.61 1.653473714890985
0.62 1.592871277142236
0.63 1.5317779856056117
0.64 1.4702541319839757
0.65 1.4083604328929882
0.66 1.346157969941135
0.67 1.2837081294495551
0.68 1.2210725418711532
0.69 1.158313020968783
0.7 1.0954915028125265
0.71 1.03266998465627
0.72 0.9699104637538998
0.73 0.9072748761754978
0.74 0.844825035683918
0.75 0.7826225727320648
0.76 0.7207288736410773
0.77 0.6592050200194414
0.78 0.5981117284828169
0.79 0.537509290734068
0.8 0.4774575140626316
0.81 0.41801566232194376
0.82 0.35924239744317066
0.83 0.30119572154296526
0.84 0.24393291968238107
0.85 0.1875105033334329
0.86 0.13198415460909585
1.55 0.14141514560872437
1.56 0.1969414943330614
1.57 0.2533639106820096
1.58 0.3106267125425938
1.59 0.3686733884427992
1.6 0.4274466533215723
1.61 0.4868885050622601
1.62 0.5469402817336965
1.63 0.6075427194824454
1.64 0.6686360110190699
1.65 0.7301598646407058
1.66 0.7920535637316933
1.67 0.8542560266835465
1.68 0.9167058671751264
1.69 0.9793414547535283
1.7 1.0421009756558983
1.71 1.104922493812155
1.72 1.1677440119684115
1.73 1.2305035328707818
1.74 1.2931391204491836
1.75 1.3555889609407634
1.76 1.4177914238926168
1.77 1.479685122983604
1.78 1.5412089766052404
1.79 1.6023022681418646
1.8 1.6629047058906137
1.81 1.7229564825620498
1.82 1.7823983343027376
1.83 1.8411715991815107
1.84 1.8992182750817164
1.85 1.9564810769423007
1.86 2.012903493291249
1.87 2.0684298420155858
1.88 2.1230053253128975
1.89 2.1765760837701484
1.9 2.2290892495164165
1.91 2.2804929983971016
1.92 2.330736601118108
1.93 2.3797704733095344
1.94 2.4275462244594586
1.95 2.4740167056695324
1.96 2.51913605618525
1.97 2.5628597486549785
1.98 2.605144633073074
1.99 2.645948979363734
0 2.685232518563536
0.01 2.72295648256205
0.02 2.759083642361279
0.03 2.7935783448161855
0.04 2.826406547820042
0.05 2.8575358538998823
0.06 2.886935542188891
0.07 2.914576598744194
0.08 2.9404317451801174
0.09 2.964475465588658
0.1 2.986684031720606
0.11 3.007035526402462
0.12 3.0255098651660415
0.13 3.042088816069417
0.14 3.0567560176896498
0.15 3.0694969952695326
0.16 3.0802991750024304
0.17 3.089151896441111
0.18 3.096046423018315
0.19 3.1009759506686985
0.2 3.1039356145436185
0.21 3.104922493812155
0.22 3.1039356145436185
0.23 3.1009759506686985
0.24 3.096046423018315
0.25 3.089151896441111
0.26 3.0802991750024304
0.27 3.0694969952695326
0.28 3.0567560176896498
0.29 3.042088816069417
0.3 3.0255098651660415
0.31 3.007035526402462
0.32 2.986684031720606
0.33 2.964475465588658
0.34 2.9404317451801174
0.35 2.914576598744194
0.36 2.886935542188891
0.37 2.8575358538998823
0.38 2.826406547820042
0.39 2.7935783448161855
0.4 2.759083642361279
0.41 2.72295648256205
0.42 2.685232518563536
0.43 2.645948979363734
0.44 2.605144633073074
0.45 2.5628597486549785
0.46 2.51913605618525
0.47 2.4740167056695324
0.48 2.4275462244594586
0.49 2.3797704733095344
0.5 2.330736601118108
0.51 2.2804929983971016
0.52 2.2290892495164165
0.53 2.1765760837701484
0.54 2.1230053253128975
0.55 2.0684298420155858
0.56 2.012903493291249
0.57 1.9564810769423007
0.58 1.8992182750817164
0.59 1.8411715991815107
0.6 1.7823983343027376
0.61 1.7229564825620498
0.62 1.6629047058906137
0.63 1.6023022681418646
0.64 1.5412089766052404
0.65 1.479685122983604
0.66 1.4177914238926168
0.67 1.3555889609407634
0.68 1.2931391204491836
0.69 1.2305035328707818
0.7 1.1677440119684115
0.71 1.104922493812155
0.72 1.0421009756558983
0.73 0.9793414547535283
0.74 0.9167058671751264
0.75 0.8542560266835465
0.76 0.7920535637316933
0.77 0.7301598646407058
0.78 0.6686360110190699
0.79 0.6075427194824454
0.8 0.5469402817336965
0.81 0.4868885050622601
0.82 0.4274466533215723
0.83 0.3686733884427992
0.84 0.3106267125425938
0.85 0.2533639106820096
0.86 0.1969414943330614
0.87 0.14141514560872437
1.56 0.15123603040867495
1.57 0.206762379133012
1.58 0.26318479548196017
1.59 0.32044759734254435
1.6 0.37849427324274976
1.61 0.43726753812152286
1.62 0.4967093898622107
1.63 0.556761166533647
1.64 0.617363604282396
1.65 0.6784568958190205
1.66 0.7399807494406564
1.67 0.8018744485316439
1.68 0.8640769114834971
1.69 0.926526751975077
1.7 0.9891623395534789
1.71 1.051921860455849
1.72 1.1147433786121055
1.73 1.177564896768362
1.74 1.2403244176707324
1.75 1.3029600052491341
1.76 1.365409845740714
1.77 1.4276123086925674
1.78 1.4895060077835547
1.79 1.551029861405191
1.8 1.6121231529418152
1.81 1.6727255906905643
1.82 1.7327773673620004
1.83 1.7922192191026882
1.84 1.8509924839814613
1.85 1.909039159881667
1.86 1.9663019617422512
1.87 2.0227243780911994
1.88 2.0782507268155364
1.89 2.132826210112848
1.9 2.186396968570099
1.91 2.238910134316367
1.92 2.290313883197052
1.93 2.3405574859180587
1.94 2.389591358109485
1.95 2.437367109259409
1.96 2.483837590469483
1.97 2.5289569409852004
1.98 2.572680633454929
1.99 2.6149655178730247
0 2.6557698641636844
0.01 2.6950534033634868
0.02 2.7327773673620004
0.03 2.7689045271612294
0.04 2.803399229616136
0.05 2.8362274326199928
0.06 2.867356738699833
0.07 2.8967564269888415
0.08 2.9243974835441446
0.09 2.950252629980068
0.1 2.9742963503886086
0.11 2.9965049165205566
0.12 3.0168564112024128
0.13 3.035330749965992
0.14 3.0519097008693676
0.15 3.0665769024896004
0.16 3.079317880069483
0.17 3.090120059802381
0.18 3.0989727812410615
0.19 3.1058673078182655
0.2 3.110796835468649
0.21 3.113756499343569
0.22 3.1147433786121055
0.23 3.113756499343569
0.24 3.110796835468649
0.25 3.1058673078182655
0.26 3.0989727812410615
0.27 3.090120059802381
0.28 3.079317880069483
0.29 3.0665769024896004
0.3 3.0519097008693676
0.31 3.035330749965992
0.32 3.0168564112024128
0.33 2.9965049165205566
0.34 2.9742963503886086
0.35 2.950252629980068
0.36 2.9243974835441446
0.37 2.8967564269888415
0.38 2.867356738699833
0.39 2.8362274326199928
0.4 2.803399229616136
0.41 2.7689045271612294
0.42 2.7327773673620004
0.43 2.6950534033634868
0.44 2.6557698641636844
0.45 2.6149655178730247
0.46 2.572680633454929
0.47 2.5289569409852004
0.48 2.483837590469483
0.49 2.437367109259409
0.5 2.389591358109485
0.51 2.3405574859180587
0.52 2.290313883197052
0.53 2.238910134316367
0.54 2.186396968570099
0.55 2.132826210112848
0.56 2.0782507268155364
0.57 2.0227243780911994
0.58 1.9663019617422512
0.59 1.909039159881667
0.6 1.8509924839814613
0.61 1.7922192191026882
0.62 1.7327773673620004
0.63 1.6727255906905643
0.64 1.6121231529418152
0.65 1.551029861405191
0.66 1.4895060077835547
0.67 1.4276123086925674
0.68 1.365409845740714
0.69 1.3029600052491341
0.7 1.2403244176707324
0.71 1.177564896768362
0.72 1.1147433786121055
0.73 1.051921860455849
0.74 0.9891623395534789
0.75 0.926526751975077
0.76 0.8640769114834971
0.77 0.8018744485316439
0.78 0.7399807494406564
0.79 0.6784568958190205
0.8 0.617363604282396
0.81 0.556761166533647
0.82 0.4967093898622107
0.83 0.43726753812152286
0.84 0.37849427324274976
0.85 0.32044759734254435
0.86 0.26318479548196017
0.87 0.206762379133012
0.88 0.15123603040867495
1.57 0.16143711698133978
1.58 0.21696346570567682
1.59 0.273385882054625
1.6 0.3306486839152092
1.61 0.3886953598154146
1.62 0.4474686246941877
1.63 0.5069104764348755
1.64 0.5669622531063119
1.65 0.6275646908550608
1.66 0.6886579823916853
1.67 0.7501818360133212
1.68 0.8120755351043087
1.69 0.8742779980561619
1.7 0.9367278385477418
1.71 0.9993634261261437
1.72 1.0621229470285138
1.73 1.1249444651847704
1.74 1.187765983341027
1.75 1.2505255042433971
1.76 1.313161091821799
1.77 1.375610932313379
1.78 1.437813395265232
1.79 1.4997070943562196
1.8 1.5612309479778557
1.81 1.62232423951448
1.82 1.682926677263229
1.83 1.7429784539346653
1.84 1.8024203056753532
1.85 1.8611935705541263
1.86 1.9192402464543317
1.87 1.976503048314916
1.88 2.0329254646638644
1.89 2.0884518133882013
1.9 2.1430272966855126
1.91 2.196598055142764
1.92 2.2491112208890316
1.93 2.3005149697697167
1.94 2.350758572490723
1.95 2.3997924446821495
1.96 2.4475681958320736
1.97 2.4940386770421474
1.98 2.539158027557865
1.99 2.5828817200275935
0 2.625166604445689
0.01 2.665970950736349
0.02 2.7052544899361513
0.03 2.742978453934665
0.04 2.7791056137338943
0.05 2.8136003161888006
0.06 2.8464285191926573
0.07 2.877557825272498
0.08 2.9069575135615064
0.09 2.934598570116809
0.1 2.960453716552733
0.11 2.9844974369612736
0.12 3.006706003093221
0.13 3.0270574977750773
0.14 3.0455318365386566
0.15 3.062110787442032
0.16 3.076777989062265
0.17 3.0895189666421476
0.18 3.1003211463750455
0.19 3.109173867813726
0.2 3.11606839439093
0.21 3.1209979220413135
0.22 3.1239575859162336
0.23 3.12494446518477
0.24 3.1239575859162336
0.25 3.1209979220413135
0.26 3.11606839439093
0.27 3.109173867813726
0.28 3.1003211463750455
0.29 3.0895189666421476
0.3 3.076777989062265
0.31 3.062110787442032
0.32 3.0455318365386566
0.33 3.0270574977750773
0.34 3.006706003093221
0.35 2.9844974369612736
0.36 2.960453716552733
0.37 2.934598570116809
0.38 2.9069575135615064
0.39 2.877557825272498
0.4 2.8464285191926573
0.41 2.8136003161888006
0.42 2.7791056137338943
0.43 2.742978453934665
0.44 2.7052544899361513
0.45 2.665970950736349
0.46 2.625166604445689
0.47 2.5828817200275935
0.48 2.539158027557865
0.49 2.4940386770421474
0.5 2.4475681958320736
0.51 2.3997924446821495
0.52 2.350758572490723
0.53 2.3005149697697167
0.54 2.2491112208890316
0.55 2.196598055142764
0.56 2.1430272966855126
0.57 2.0884518133882013
0.58 2.0329254646638644
0.59 1.976503048314916
0.6 1.9192402464543317
0.61 1.8611935705541263
0.62 1.8024203056753532
0.63 1.7429784539346653
0.64 1.682926677263229
0.65 1.62232423951448
0.66 1.5612309479778557
0.67 1.4997070943562196
0.68 1.437813395265232
0.69 1.375610932313379
0.7 1.313161091821799
0.71 1.2505255042433971
0.72 1.187765983341027
0.73 1.1249444651847704
0.74 1.0621229470285138
0.75 0.9993634261261437
0.76 0.9367278385477418
0.77 0.8742779980561619
0.78 0.8120755351043087
0.79 0.7501818360133212
0.8 0.6886579823916853
0.81 0.6275646908550608
0.82 0.5669622531063119
0.83 0.5069104764348755
0.84 0.4474686246941877
0.85 0.3886953598154146
0.86 0.3306486839152092
0.87 0.273385882054625
0.88 0.21696346570567682
0.89 0.16143711698133978
1.58 0.1720083380858638
1.59 0.22753468681020084
1.6 0.283957103159149
1.61 0.3412199050197332
1.62 0.3992665809199386
1.63 0.4580398457987117
1.64 0.5174816975393995
1.65 0.5775334742108359
1.66 0.6381359119595849
1.67 0.6992292034962093
1.68 0.7607530571178452
1.69 0.8226467562088328
1.7 0.8848492191606859
1.71 0.9472990596522658
1.72 1.0099346472306676
1.73 1.072694168133038
1.74 1.1355156862892946
1.75 1.1983372044455511
1.76 1.261096725347921
1.77 1.3237323129263232
1.78 1.386182153417903
1.79 1.448384616369756
1.8 1.5102783154607438
1.81 1.5718021690823796
1.82 1.6328954606190038
1.83 1.6934978983677529
1.84 1.7535496750391895
1.85 1.8129915267798773
1.86 1.8717647916586504
1.87 1.9298114675588556
1.88 1.9870742694194399
1.89 2.043496685768388
1.9 2.099023034492725
1.91 2.1535985177900367
1.92 2.2071692762472876
1.93 2.2596824419935557
1.94 2.311086190874241
1.95 2.3613297935952473
1.96 2.4103636657866736
1.97 2.4581394169365978
1.98 2.5046098981466716
1.99 2.549729248662389
0 2.5934529411321177
0.01 2.6357378255502133
0.02 2.676542171840873
0.03 2.7158257110406754
0.04 2.753549675039189
0.05 2.789676834838418
0.06 2.8241715372933247
0.07 2.8569997402971814
0.08 2.8881290463770215
0.09 2.91752873466603
0.1 2.9451697912213333
0.11 2.9710249376572566
0.12 2.9950686580657973
0.13 3.0172772241977452
0.14 3.0376287188796014
0.15 3.0561030576431807
0.16 3.0726820085465563
0.17 3.087349210166789
0.18 3.1000901877466718
0.19 3.1108923674795697
0.2 3.11974508891825
0.21 3.126639615495454
0.22 3.1315691431458377
0.23 3.1345288070207578
0.24 3.135515686289294
0.25 3.1345288070207578
0.26 3.1315691431458377
0.27 3.126639615495454
0.28 3.11974508891825
0.29 3.1108923674795697
0.3 3.1000901877466718
0.31 3.087349210166789
0.32 3.0726820085465563
0.33 3.0561030576431807
0.34 3.0376287188796014
0.35 3.0172772241977452
0.36 2.9950686580657973
0.37 2.9710249376572566
0.38 2.9451697912213333
0.39 2.91752873466603
0.4 2.8881290463770215
0.41 2.8569997402971814
0.42 2.8241715372933247
0.43 2.789676834838418
0.44 2.753549675039189
0.45 2.7158257110406754
0.46 2.676542171840873
0.47 2.6357378255502133
0.48 2.5934529411321177
0.49 2.549729248662389
0.5 2.5046098981466716
0.51 2.4581394169365978
0.52 2.4103636657866736
0.53 2.3613297935952473
0.54 2.311086190874241
0.55 2.2596824419935557
0.56 2.2071692762472876
0.57 2.1535985177900367
0.58 2.099023034492725
0.59 2.043496685768388
0.6 1.9870742694194399
0.61 1.9298114675588556
0.62 1.8717647916586504
0.63 1.8129915267798773
0.64 1.7535496750391895
0.65 1.6934978983677529
0.66 1.6328954606190038
0.67 1.5718021690823796
0.68 1.5102783154607438
0.69 1.448384616369756
0.7 1.386182153417903
0.71 1.3237323129263232
0.72 1.261096725347921
0.73 1.1983372044455511
0.74 1.1355156862892946
0.75 1.072694168133038
0.76 1.0099346472306676
0.77 0.9472990596522658
0.78 0.8848492191606859
0.79 0.8226467562088328
0.8 0.7607530571178452
0.81 0.6992292034962093
0.82 0.6381359119595849
0.83 0.5775334742108359
0.84 0.5174816975393995
0.85 0.4580398457987117
0.86 0.3992665809199386
0.87 0.3412199050197332
0.88 0.283957103159149
0.89 0.22753468681020084
0.9 0.1720083380858638
1.59 0.18293926120329584
1.6 0.23846560992763288
1.61 0.29488802627658106
1.62 0.35215082813716525
1.63 0.41019750403737065
1.64 0.46897076891614375
1.65 0.5284126206568316
1.66 0.5884643973282679
1.67 0.6490668350770169
1.68 0.7101601266136414
1.69 0.7716839802352773
1.7 0.8335776793262648
1.71 0.895780142278118
1.72 0.9582299827696978
1.73 1.0208655703480998
1.74 1.08362509125047
1.75 1.1464466094067265
1.76 1.209268127562983
1.77 1.2720276484653532
1.78 1.3346632360437551
1.79 1.397113076535335
1.8 1.4593155394871882
1.81 1.5212092385781757
1.82 1.5827330921998117
1.83 1.643826383736436
1.84 1.704428821485185
1.85 1.7644805981566214
1.86 1.8239224498973092
1.87 1.8826957147760823
1.88 1.9407423906762877
1.89 1.998005192536872
1.9 2.0544276088858204
1.91 2.1099539576101574
1.92 2.1645294409074687
1.93 2.21810019936472
1.94 2.2706133651109877
1.95 2.3220171139916728
1.96 2.3722607167126792
1.97 2.4212945889041055
1.98 2.4690703400540297
1.99 2.5155408212641035
0 2.560660171779821
0.01 2.6043838642495496
0.02 2.6466687486676452
0.03 2.687473094958305
0.04 2.7267566341581073
0.05 2.764480598156621
0.06 2.8006077579558504
0.07 2.8351024604107566
0.08 2.8679306634146133
0.09 2.899059969494454
0.1 2.9284596577834625
0.11 2.956100714338765
0.12 2.981955860774689
0.13 3.0059995811832296
0.14 3.028208147315177
0.15 3.0485596419970333
0.16 3.0670339807606126
0.17 3.083612931663988
0.18 3.098280133284221
0.19 3.1110211108641037
0.2 3.1218232905970016
0.21 3.130676012035682
0.22 3.137570538612886
0.23 3.1425000662632696
0.24 3.1454597301381897
0.25 3.146446609406726
0.26 3.1454597301381897
0.27 3.1425000662632696
0.28 3.137570538612886
0.29 3.130676012035682
0.3 3.1218232905970016
0.31 3.1110211108641037
0.32 3.098280133284221
0.33 3.083612931663988
0.34 3.0670339807606126
0.35 3.0485596419970333
0.36 3.028208147315177
0.37 3.0059995811832296
0.38 2.981955860774689
0.39 2.956100714338765
0.4 2.9284596577834625
0.41 2.899059969494454
0.42 2.8679306634146133
0.43 2.8351024604107566
0.44 2.8006077579558504
0.45 2.764480598156621
0.46 2.7267566341581073
0.47 2.687473094958305
0.48 2.6466687486676452
0.49 2.6043838642495496
0.5 2.560660171779821
0.51 2.5155408212641035
0.52 2.4690703400540297
0.53 2.4212945889041055
0.54 2.3722607167126792
0.55 2.3220171139916728
0.56 2.2706133651109877
0.57 2.21810019936472
0.58 2.1645294409074687
0.59 2.1099539576101574
0.6 2.0544276088858204
0.61 1.998005192536872
0.62 1.9407423906762877
0.63 1.8826957147760823
0.64 1.8239224498973092
0.65 1.7644805981566214
0.66 1.704428821485185
0.67 1.643826383736436
0.68 1.5827330921998117
0.69 1.5212092385781757
0.7 1.4593155394871882
0.71 1.397113076535335
0.72 1.3346632360437551
0.73 1.2720276484653532
0.74 1.209268127562983
0.75 1.1464466094067265
0.76 1.08362509125047
0.77 1.0208655703480998
0.78 0.9582299827696978
0.79 0.895780142278118
0.8 0.8335776793262648
0.81 0.7716839802352773
0.82 0.7101601266136414
0.83 0.6490668350770169
0.84 0.5884643973282679
0.85 0.5284126206568316
0.86 0.46897076891614375
0.87 0.41019750403737065
0.88 0.35215082813716525
0.89 0.29488802627658106
0.9 0.23846560992763288
0.91 0.18293926120329584
1.6 0.1942190988322252
1.61 0.24974544755656225
1.62 0.30616786390551043
1.63 0.3634306657660946
1.64 0.4214773416663
1.65 0.4802506065450731
1.66 0.539692458285761
1.67 0.5997442349571973
1.68 0.6603466727059463
1.69 0.7214399642425707
1.7 0.7829638178642067
1.71 0.8448575169551942
1.72 0.9070599799070473
1.73 0.9695098203986272
1.74 1.0321454079770291
1.75 1.0949049288793993
1.76 1.1577264470356559
1.77 1.2205479651919124
1.78 1.2833074860942826
1.79 1.3459430736726845
1.8 1.4083929141642644
1.81 1.4705953771161175
1.82 1.532489076207105
1.83 1.594012929828741
1.84 1.6551062213653653
1.85 1.7157086591141144
1.86 1.7757604357855508
1.87 1.8352022875262386
1.88 1.8939755524050117
1.89 1.952022228305217
1.9 2.0092850301658016
1.91 2.0657074465147494
1.92 2.1212337952390863
1.93 2.1758092785363985
1.94 2.229380036993649
1.95 2.2818932027399175
1.96 2.3332969516206026
1.97 2.383540554341609
1.98 2.4325744265330353
1.99 2.4803501776829595
0 2.5268206588930333
0.01 2.571940009408751
0.02 2.6156637018784794
0.03 2.657948586296575
0.04 2.698752932587235
0.05 2.738036471787037
0.06 2.7757604357855508
0.07 2.8118875955847793
0.08 2.8463822980396865
0.09 2.879210501043543
0.1 2.910339807123383
0.11 2.9397394954123914
0.12 2.967380551967695
0.13 2.993235698403618
0.14 3.0172794188121586
0.15 3.039487984944107
0.16 3.059839479625963
0.17 3.0783138183895424
0.18 3.094892769292918
0.19 3.1095599709131507
0.2 3.1223009484930335
0.21 3.1331031282259314
0.22 3.141955849664612
0.23 3.148850376241816
0.24 3.1537799038921994
0.25 3.1567395677671195
0.26 3.157726447035656
0.27 3.1567395677671195
0.28 3.1537799038921994
0.29 3.148850376241816
0.3 3.141955849664612
0.31 3.1331031282259314
0.32 3.1223009484930335
0.33 3.1095599709131507
0.34 3.094892769292918
0.35 3.0783138183895424
0.36 3.059839479625963
0.37 3.039487984944107
0.38 3.0172794188121586
0.39 2.993235698403618
0.4 2.967380551967695
0.41 2.9397394954123914
0.42 2.910339807123383
0.43 2.879210501043543
0.44 2.8463822980396865
0.45 2.8118875955847793
0.46 2.7757604357855508
0.47 2.738036471787037
0.48 2.698752932587235
0.49 2.657948586296575
0.5 2.6156637018784794
0.51 2.571940009408751
0.52 2.5268206588930333
0.53 2.4803501776829595
0.54 2.4325744265330353
0.55 2.383540554341609
0.56 2.3332969516206026
0.57 2.2818932027399175
0.58 2.229380036993649
0.59 2.1758092785363985
0.6 2.1212337952390863
0.61 2.0657074465147494
0.62 2.0092850301658016
0.63 1.952022228305217
0.64 1.8939755524050117
0.65 1.8352022875262386
0.66 1.7757604357855508
0.67 1.7157086591141144
0.68 1.6551062213653653
0.69 1.594012929828741
0.7 1.532489076207105
0.71 1.4705953771161175
0.72 1.4083929141642644
0.73 1.3459430736726845
0.74 1.2833074860942826
0.75 1.2205479651919124
0.76 1.1577264470356559
0.77 1.0949049288793993
0.78 1.0321454079770291
0.79 0.9695098203986272
0.8 0.9070599799070473
0.81 0.8448575169551942
0.82 0.7829638178642067
0.83 0.7214399642425707
0.84 0.6603466727059463
0.85 0.5997442349571973
0.86 0.539692458285761
0.87 0.4802506065450731
0.88 0.4214773416663
0.89 0.3634306657660946
0.9 0.30616786390551043
0.91 0.24974544755656225
0.92 0.1942190988322252
1.61 0.20583671913474366
1.62 0.2613630678590807
1.63 0.3177854842080289
1.64 0.37504828606861307
1.65 0.43309496196881847
1.66 0.49186822684759157
1.67 0.5513100785882794
1.68 0.6113618552597158
1.69 0.6719642930084647
1.7 0.7330575845450892
1.71 0.7945814381667251
1.72 0.8564751372577126
1.73 0.9186776002095658
1.74 0.9811274407011457
1.75 1.0437630282795476
1.76 1.1065225491819177
1.77 1.1693440673381743
1.78 1.232165585494431
1.79 1.294925106396801
1.8 1.357560693975203
1.81 1.4200105344667828
1.82 1.482212997418636
1.83 1.5441066965096235
1.84 1.6056305501312595
1.85 1.6667238416678838
1.86 1.7273262794166329
1.87 1.7873780560880692
1.88 1.846819907828757
1.89 1.9055931727075301
1.9 1.9636398486077355
1.91 2.0209026504683196
1.92 2.0773250668172683
1.93 2.132851415541605
1.94 2.1874268988389165
1.95 2.240997657296168
1.96 2.2935108230424355
1.97 2.3449145719231206
1.98 2.395158174644127
1.99 2.4441920468355534
0 2.4919677979854775
0.01 2.5384382791955513
0.02 2.583557629711269
0.03 2.6272813221809974
0.04 2.669566206599093
0.05 2.710370552889753
0.06 2.749654092089555
0.07 2.7873780560880688
0.08 2.823505215887298
0.09 2.8579999183422045
0.1 2.890828121346061
0.11 2.9219574274259017
0.12 2.9513571157149103
0.13 2.978998172270213
0.14 3.004853318706137
0.15 3.0288970391146774
0.16 3.051105605246625
0.17 3.071457099928481
0.18 3.0899314386920604
0.19 3.106510389595436
0.2 3.1211775912156687
0.21 3.1339185687955515
0.22 3.1447207485284494
0.23 3.15357346996713
0.24 3.160467996544334
0.25 3.1653975241947174
0.26 3.1683571880696375
0.27 3.169344067338174
0.28 3.1683571880696375
0.29 3.1653975241947174
0.3 3.160467996544334
0.31 3.15357346996713
0.32 3.1447207485284494
0.33 3.1339185687955515
0.34 3.1211775912156687
0.35 3.106510389595436
0.36 3.0899314386920604
0.37 3.071457099928481
0.38 3.051105605246625
0.39 3.0288970391146774
0.4 3.004853318706137
0.41 2.978998172270213
0.42 2.9513571157149103
0.43 2.9219574274259017
0.44 2.890828121346061
0.45 2.8579999183422045
0.46 2.823505215887298
0.47 2.7873780560880688
0.48 2.749654092089555
0.49 2.710370552889753
0.5 2.669566206599093
0.51 2.6272813221809974
0.52 2.583557629711269
0.53 2.5384382791955513
0.54 2.4919677979854775
0.55 2.4441920468355534
0.56 2.395158174644127
0.57 2.3449145719231206
0.58 2.2935108230424355
0.59 2.240997657296168
0.6 2.1874268988389165
0.61 2.132851415541605
0.62 2.0773250668172683
0.63 2.0209026504683196
0.64 1.9636398486077355
0.65 1.9055931727075301
0.66 1.846819907828757
0.67 1.7873780560880692
0.68 1.7273262794166329
0.69 1.6667238416678838
0.7 1.6056305501312595
0.71 1.5441066965096235
0.72 1.482212997418636
0.73 1.4200105344667828
0.74 1.357560693975203
0.75 1.294925106396801
0.76 1.232165585494431
0.77 1.1693440673381743
0.78 1.1065225491819177
0.79 1.0437630282795476
0.8 0.9811274407011457
0.81 0.9186776002095658
0.82 0.8564751372577126
0.83 0.7945814381667251
0.84 0.7330575845450892
0.85 0.6719642930084647
0.86 0.6113618552597158
0.87 0.5513100785882794
0.88 0.49186822684759157
0.89 0.43309496196881847
0.9 0.37504828606861307
0.91 0.3177854842080289
0.92 0.2613630678590807
0.93 0.20583671913474366
1.62 0.2177806569222247
1.63 0.27330700564656174
1.64 0.3297294219955099
1.65 0.3869922238560941
1.66 0.4450388997562995
1.67 0.5038121646350726
1.68 0.5632540163757604
1.69 0.6233057930471968
1.7 0.6839082307959458
1.71 0.7450015223325702
1.72 0.8065253759542061
1.73 0.8684190750451937
1.74 0.9306215379970468
1.75 0.9930713784886267
1.76 1.0557069660670286
1.77 1.1184664869693988
1.78 1.1812880051256553
1.79 1.244109523281912
1.8 1.306869044184282
1.81 1.369504631762684
1.82 1.4319544722542639
1.83 1.494156935206117
1.84 1.5560506342971046
1.85 1.6175744879187406
1.86 1.6786677794553648
1.87 1.739270217204114
1.88 1.7993219938755503
1.89 1.858763845616238
1.9 1.9175371104950112
1.91 1.9755837863952166
1.92 2.0328465882558007
1.93 2.0892690046047493
1.94 2.144795353329086
1.95 2.1993708366263975
1.96 2.252941595083649
1.97 2.3054547608299165
1.98 2.3568585097106016
1.99 2.407102112431608
0 2.4561359846230344
0.01 2.5039117357729586
0.02 2.5503822169830324
0.03 2.59550156749875
0.04 2.6392252599684785
0.05 2.681510144386574
0.06 2.722314490677234
0.07 2.761598029877036
0.08 2.79932199387555
0.09 2.8354491536747792
0.1 2.8699438561296855
0.11 2.902772059133542
0.12 2.9339013652133827
0.13 2.9633010535023914
0.14 2.990942110057694
0.15 3.016797256493618
0.16 3.0408409769021585
0.17 3.063049543034106
0.18 3.083401037715962
0.19 3.1018753764795415
0.2 3.118454327382917
0.21 3.1331215290031498
0.22 3.1458625065830326
0.23 3.1566646863159304
0.24 3.165517407754611
0.25 3.172411934331815
0.26 3.1773414619821985
0.27 3.1803011258571185
0.28 3.181288005125655
0.29 3.1803011258571185
0.3 3.1773414619821985
0.31 3.172411934331815
0.32 3.165517407754611
0.33 3.1566646863159304
0.34 3.1458625065830326
0.35 3.1331215290031498
0.36 3.118454327382917
0.37 3.1018753764795415
0.38 3.083401037715962
0.39 3.063049543034106
0.4 3.0408409769021585
0.41 3.016797256493618
0.42 2.990942110057694
0.43 2.9633010535023914
0.44 2.9339013652133827
0.45 2.902772059133542
0.46 2.8699438561296855
0.47 2.8354491536747792
0.48 2.79932199387555
0.49 2.761598029877036
0.5 2.722314490677234
0.51 2.681510144386574
0.52 2.6392252599684785
0.53 2.59550156749875
0.54 2.5503822169830324
0.55 2.5039117357729586
0.56 2.4561359846230344
0.57 2.407102112431608
0.58 2.3568585097106016
0.59 2.3054547608299165
0.6 2.252941595083649
0.61 2.1993708366263975
0.62 2.144795353329086
0.63 2.0892690046047493
0.64 2.0328465882558007
0.65 1.9755837863952166
0.66 1.9175371104950112
0.67 1.858763845616238
0.68 1.7993219938755503
0.69 1.739270217204114
0.7 1.6786677794553648
0.71 1.6175744879187406
0.72 1.5560506342971046
0.73 1.494156935206117
0.74 1.4319544722542639
0.75 1.369504631762684
0.76 1.306869044184282
0.77 1.244109523281912
0.78 1.1812880051256553
0.79 1.1184664869693988
0.8 1.0557069660670286
0.81 0.9930713784886267
0.82 0.9306215379970468
0.83 0.8684190750451937
0.84 0.8065253759542061
0.85 0.7450015223325702
0.86 0.6839082307959458
0.87 0.6233057930471968
0.88 0.5632540163757604
0.89 0.5038121646350726
0.9 0.4450388997562995
0.91 0.3869922238560941
0.92 0.3297294219955099
0.93 0.27330700564656174
0.94 0.2177806569222247
1.63 0.2300391249700814
1.64 0.2855654736944184
1.65 0.3419878900433666
1.66 0.3992506919039508
1.67 0.4572973678041562
1.68 0.5160706326829293
1.69 0.5755124844236171
1.7 0.6355642610950535
1.71 0.6961666988438024
1.72 0.7572599903804269
1.73 0.8187838440020628
1.74 0.8806775430930504
1.75 0.9428800060449035
1.76 1.0053298465364833
1.77 1.0679654341148854
1.78 1.1307249550172553
1.79 1.193546473173512
1.8 1.2563679913297685
1.81 1.3191275122321389
1.82 1.3817630998105406
1.83 1.4442129403021204
1.84 1.5064154032539738
1.85 1.5683091023449611
1.86 1.6298329559665974
1.87 1.6909262475032216
1.88 1.7515286852519707
1.89 1.8115804619234068
1.9 1.8710223136640947
1.91 1.9297955785428678
1.92 1.9878422544430734
1.93 2.0451050563036577
1.94 2.101527472652606
1.95 2.157053821376943
1.96 2.2116293046742546
1.97 2.2652000631315055
1.98 2.3177132288777735
1.99 2.3691169777584586
0 2.419360580479465
0.01 2.4683944526708914
0.02 2.5161702038208156
0.03 2.5626406850308894
0.04 2.607760035546607
0.05 2.6514837280163355
0.06 2.693768612434431
0.07 2.734572958725091
0.08 2.773856497924893
0.09 2.811580461923407
0.1 2.847707621722636
0.11 2.8822023241775425
0.12 2.915030527181399
0.13 2.9461598332612393
0.14 2.975559521550248
0.15 3.003200578105551
0.16 3.0290557245414744
0.17 3.053099444950015
0.18 3.075308011081963
0.19 3.095659505763819
0.2 3.1141338445273985
0.21 3.130712795430774
0.22 3.145379997051007
0.23 3.1581209746308896
0.24 3.1689231543637875
0.25 3.177775875802468
0.26 3.184670402379672
0.27 3.1895999300300555
0.28 3.1925595939049756
0.29 3.193546473173512
0.3 3.1925595939049756
0.31 3.1895999300300555
0.32 3.184670402379672
0.33 3.177775875802468
0.34 3.1689231543637875
0.35 3.1581209746308896
0.36 3.145379997051007
0.37 3.130712795430774
0.38 3.1141338445273985
0.39 3.095659505763819
0.4 3.075308011081963
0.41 3.053099444950015
0.42 3.0290557245414744
0.43 3.003200578105551
0.44 2.975559521550248
0.45 2.9461598332612393
0.46 2.915030527181399
0.47 2.8822023241775425
0.48 2.847707621722636
0.49 2.811580461923407
0.5 2.773856497924893
0.51 2.734572958725091
0.52 2.693768612434431
0.53 2.6514837280163355
0.54 2.607760035546607
0.55 2.5626406850308894
0.56 2.5161702038208156
0.57 2.4683944526708914
0.58 2.419360580479465
0.59 2.3691169777584586
0.6 2.3177132288777735
0.61 2.2652000631315055
0.62 2.2116293046742546
0.63 2.157053821376943
0.64 2.101527472652606
0.65 2.0451050563036577
0.66 1.9878422544430734
0.67 1.9297955785428678
0.68 1.8710223136640947
0.69 1.8115804619234068
0.7 1.7515286852519707
0.71 1.6909262475032216
0.72 1.6298329559665974
0.73 1.5683091023449611
0.74 1.5064154032539738
0.75 1.4442129403021204
0.76 1.3817630998105406
0.77 1.3191275122321389
0.78 1.2563679913297685
0.79 1.193546473173512
0.8 1.1307249550172553
0.81 1.0679654341148854
0.82 1.0053298465364833
0.83 0.9428800060449035
0.84 0.8806775430930504
0.85 0.8187838440020628
0.86 0.7572599903804269
0.87 0.6961666988438024
0.88 0.6355642610950535
0.89 0.5755124844236171
0.9 0.5160706326829293
0.91 0.4572973678041562
0.92 0.3992506919039508
0.93 0.3419878900433666
0.94 0.2855654736944184
0.95 0.2300391249700814
1.64 0.242600025650333
1.65 0.29812637437467004
1.66 0.3545487907236182
1.67 0.4118115925842024
1.68 0.4698582684844078
1.69 0.5286315333631809
1.7 0.5880733851038688
1.71 0.6481251617753051
1.72 0.7087275995240541
1.73 0.7698208910606785
1.74 0.8313447446823145
1.75 0.893238443773302
1.76 0.9554409067251551
1.77 1.0178907472167351
1.78 1.0805263347951368
1.79 1.1432858556975072
1.8 1.2061073738537638
1.81 1.2689288920100203
1.82 1.3316884129123903
1.83 1.3943240004907924
1.84 1.4567738409823723
1.85 1.5189763039342252
1.86 1.580870003025213
1.87 1.6423938566468488
1.88 1.703487148183473
1.89 1.764089585932222
1.9 1.8241413626036587
1.91 1.8835832143443465
1.92 1.9423564792231196
1.93 2.000403155123325
1.94 2.057665956983909
1.95 2.1140883733328573
1.96 2.169614722057194
1.97 2.224190205354506
1.98 2.277760963811757
1.99 2.330274129558025
0 2.38167787843871
0.01 2.4319214811597165
0.02 2.480955353351143
0.03 2.528731104501067
0.04 2.5752015857111408
0.05 2.6203209362268582
0.06 2.664044628696587
0.07 2.7063295131146825
0.08 2.7471338594053423
0.09 2.7864173986051446
0.1 2.8241413626036582
0.11 2.860268522402887
0.12 2.894763224857794
0.13 2.9275914278616506
0.14 2.9587207339414907
0.15 2.9881204222304993
0.16 3.0157614787858025
0.17 3.041616625221726
0.18 3.0656603456302665
0.19 3.0878689117622145
0.2 3.1082204064440706
0.21 3.12669474520765
0.22 3.1432736961110255
0.23 3.157940897731258
0.24 3.170681875311141
0.25 3.181484055044039
0.26 3.1903367764827193
0.27 3.1972313030599233
0.28 3.202160830710307
0.29 3.205120494585227
0.3 3.2061073738537633
0.31 3.205120494585227
0.32 3.202160830710307
0.33 3.1972313030599233
0.34 3.1903367764827193
0.35 3.181484055044039
0.36 3.170681875311141
0.37 3.157940897731258
0.38 3.1432736961110255
0.39 3.12669474520765
0.4 3.1082204064440706
0.41 3.0878689117622145
0.42 3.0656603456302665
0.43 3.041616625221726
0.44 3.0157614787858025
0.45 2.9881204222304993
0.46 2.9587207339414907
0.47 2.9275914278616506
0.48 2.894763224857794
0.49 2.860268522402887
0.5 2.8241413626036582
0.51 2.7864173986051446
0.52 2.7471338594053423
0.53 2.7063295131146825
0.54 2.664044628696587
0.55 2.6203209362268582
0.56 2.5752015857111408
0.57 2.528731104501067
0.58 2.480955353351143
0.59 2.4319214811597165
0.6 2.38167787843871
0.61 2.330274129558025
0.62 2.277760963811757
0.63 2.224190205354506
0.64 2.169614722057194
0.65 2.1140883733328573
0.66 2.057665956983909
0.67 2.000403155123325
0.68 1.9423564792231196
0.69 1.8835832143443465
0.7 1.8241413626036587
0.71 1.764089585932222
0.72 1.703487148183473
0.73 1.6423938566468488
0.74 1.580870003025213
0.75 1.5189763039342252
0.76 1.4567738409823723
0.77 1.3943240004907924
0.78 1.3316884129123903
0.79 1.2689288920100203
0.8 1.2061073738537638
0.81 1.1432858556975072
0.82 1.0805263347951368
0.83 1.0178907472167351
0.84 0.9554409067251551
0.85 0.893238443773302
0.86 0.8313447446823145
0.87 0.7698208910606785
0.88 0.7087275995240541
0.89 0.6481251617753051
0.9 0.5880733851038688
0.91 0.5286315333631809
0.92 0.4698582684844078
0.93 0.4118115925842024
0.94 0.3545487907236182
0.95 0.29812637437467004
0.96 0.242600025650333
1.65 0.2554509628705043
1.66 0.3109773115948413
1.67 0.3673997279437895
1.68 0.4246625298043737
1.69 0.4827092057045791
1.7 0.5414824705833522
1.71 0.60092432232404
1.72 0.6609760989954764
1.73 0.7215785367442253
1.74 0.7826718282808498
1.75 0.8441956819024857
1.76 0.9060893809934732
1.77 0.9682918439453264
1.78 1.0307416844369062
1.79 1.0933772720153083
1.8 1.1561367929176782
1.81 1.2189583110739348
1.82 1.2817798292301914
1.83 1.3445393501325618
1.84 1.4071749377109635
1.85 1.4696247782025433
1.86 1.5318272411543967
1.87 1.593720940245384
1.88 1.6552447938670203
1.89 1.7163380854036445
1.9 1.7769405231523936
1.91 1.8369922998238297
1.92 1.8964341515645176
1.93 1.9552074164432907
1.94 2.0132540923434963
1.95 2.0705168942040806
1.96 2.1269393105530288
1.97 2.1824656592773657
1.98 2.2370411425746775
1.99 2.2906119010319284
0 2.3431250667781964
0.01 2.3945288156588815
0.02 2.444772418379888
0.03 2.4938062905713143
0.04 2.5415820417212385
0.05 2.5880525229313123
0.06 2.6331718734470297
0.07 2.6768955659167584
0.08 2.719180450334854
0.09 2.7599847966255138
0.1 2.799268335825316
0.11 2.8369922998238297
0.12 2.8731194596230587
0.13 2.9076141620779654
0.14 2.940442365081822
0.15 2.971571671161662
0.16 3.000971359450671
0.17 3.028612416005974
0.18 3.0544675624418973
0.19 3.078511282850438
0.2 3.100719848982386
0.21 3.121071343664242
0.22 3.1395456824278214
0.23 3.156124633331197
0.24 3.1707918349514297
0.25 3.1835328125313125
0.26 3.1943349922642104
0.27 3.203187713702891
0.28 3.210082240280095
0.29 3.2150117679304784
0.3 3.2179714318053985
0.31 3.218958311073935
0.32 3.2179714318053985
0.33 3.2150117679304784
0.34 3.210082240280095
0.35 3.203187713702891
0.36 3.1943349922642104
0.37 3.1835328125313125
0.38 3.1707918349514297
0.39 3.156124633331197
0.4 3.1395456824278214
0.41 3.121071343664242
0.42 3.100719848982386
0.43 3.078511282850438
0.44 3.0544675624418973
0.45 3.028612416005974
0.46 3.000971359450671
0.47 2.971571671161662
0.48 2.940442365081822
0.49 2.9076141620779654
0.5 2.8731194596230587
0.51 2.8369922998238297
0.52 2.799268335825316
0.53 2.7599847966255138
0.54 2.719180450334854
0.55 2.6768955659167584
0.56 2.6331718734470297
0.57 2.5880525229313123
0.58 2.5415820417212385
0.59 2.4938062905713143
0.6 2.444772418379888
0.61 2.3945288156588815
0.62 2.3431250667781964
0.63 2.2906119010319284
0.64 2.2370411425746775
0.65 2.1824656592773657
0.66 2.1269393105530288
0.67 2.0705168942040806
0.68 2.0132540923434963
0.69 1.9552074164432907
0.7 1.8964341515645176
0.71 1.8369922998238297
0.72 1.7769405231523936
0.73 1.7163380854036445
0.74 1.6552447938670203
0.75 1.593720940245384
0.76 1.5318272411543967
0.77 1.4696247782025433
0.78 1.4071749377109635
0.79 1.3445393501325618
0.8 1.2817798292301914
0.81 1.2189583110739348
0.82 1.1561367929176782
0.83 1.0933772720153083
0.84 1.0307416844369062
0.85 0.9682918439453264
0.86 0.9060893809934732
0.87 0.8441956819024857
0.88 0.7826718282808498
0.89 0.7215785367442253
0.9 0.6609760989954764
0.91 0.60092432232404
0.92 0.5414824705833522
0.93 0.4827092057045791
0.94 0.4246625298043737
0.95 0.3673997279437895
0.96 0.3109773115948413
0.97 0.2554509628705043
1.66 0.2685792543070713
1.67 0.32410560303140834
1.68 0.3805280193803565
1.69 0.4377908212409407
1.7 0.4958374971411461
1.71 0.5546107620199192
1.72 0.614052613760607
1.73 0.6741043904320434
1.74 0.7347068281807924
1.75 0.7958001197174168
1.76 0.8573239733390527
1.77 0.9192176724300403
1.78 0.9814201353818934
1.79 1.0438699758734733
1.8 1.1065055634518752
1.81 1.1692650843542454
1.82 1.232086602510502
1.83 1.2949081206667585
1.84 1.3576676415691287
1.85 1.4203032291475306
1.86 1.4827530696391105
1.87 1.5449555325909636
1.88 1.6068492316819512
1.89 1.6683730853035872
1.9 1.7294663768402114
1.91 1.7900688145889605
1.92 1.8501205912603969
1.93 1.9095624430010847
1.94 1.9683357078798578
1.95 2.026382383780063
1.96 2.0836451856406475
1.97 2.1400676019895957
1.98 2.1955939507139326
1.99 2.2501694340112444
0 2.3037401924684953
0.01 2.3562533582147633
0.02 2.4076571070954484
0.03 2.457900709816455
0.04 2.506934582007881
0.05 2.5547103331578054
0.06 2.601180814367879
0.07 2.6463001648835967
0.08 2.6900238573533253
0.09 2.732308741771421
0.1 2.7731130880620807
0.11 2.812396627261883
0.12 2.8501205912603966
0.13 2.8862477510596256
0.14 2.9207424535145323
0.15 2.953570656518389
0.16 2.984699962598229
0.17 3.0140996508872377
0.18 3.041740707442541
0.19 3.0675958538784642
0.2 3.091639574287005
0.21 3.113848140418953
0.22 3.134199635100809
0.23 3.1526739738643883
0.24 3.169252924767764
0.25 3.1839201263879966
0.26 3.1966611039678794
0.27 3.2074632837007773
0.28 3.2163160051394577
0.29 3.2232105317166617
0.3 3.2281400593670453
0.31 3.2310997232419654
0.32 3.2320866025105017
0.33 3.2310997232419654
0.34 3.2281400593670453
0.35 3.2232105317166617
0.36 3.2163160051394577
0.37 3.2074632837007773
0.38 3.1966611039678794
0.39 3.1839201263879966
0.4 3.169252924767764
0.41 3.1526739738643883
0.42 3.134199635100809
0.43 3.113848140418953
0.44 3.091639574287005
0.45 3.0675958538784642
0.46 3.041740707442541
0.47 3.0140996508872377
0.48 2.984699962598229
0.49 2.953570656518389
0.5 2.9207424535145323
0.51 2.8862477510596256
0.52 2.8501205912603966
0.53 2.812396627261883
0.54 2.7731130880620807
0.55 2.732308741771421
0.56 2.6900238573533253
0.57 2.6463001648835967
0.58 2.601180814367879
0.59 2.5547103331578054
0.6 2.506934582007881
0.61 2.457900709816455
0.62 2.4076571070954484
0.63 2.3562533582147633
0.64 2.3037401924684953
0.65 2.2501694340112444
0.66 2.1955939507139326
0.67 2.1400676019895957
0.68 2.0836451856406475
0.69 2.026382383780063
0.7 1.9683357078798578
0.71 1.9095624430010847
0.72 1.8501205912603969
0.73 1.7900688145889605
0.74 1.7294663768402114
0.75 1.6683730853035872
0.76 1.6068492316819512
0.77 1.5449555325909636
0.78 1.4827530696391105
0.79 1.4203032291475306
0.8 1.3576676415691287
0.81 1.2949081206667585
0.82 1.232086602510502
0.83 1.1692650843542454
0.84 1.1065055634518752
0.85 1.0438699758734733
0.86 0.9814201353818934
0.87 0.9192176724300403
0.88 0.8573239733390527
0.89 0.7958001197174168
0.9 0.7347068281807924
0.91 0.6741043904320434
0.92 0.614052613760607
0.93 0.5546107620199192
0.94 0.4958374971411461
0.95 0.4377908212409407
0.96 0.3805280193803565
0.97 0.32410560303140834
0.98 0.2685792543070713
1.67 0.2819719439213839
1.68 0.33749829264572095
1.69 0.39392070899466913
1.7 0.4511835108552533
1.71 0.5092301867554587
1.72 0.5680034516342318
1.73 0.6274453033749197
1.74 0.687497080046356
1.75 0.748099517795105
1.76 0.8091928093317294
1.77 0.8707166629533654
1.78 0.9326103620443529
1.79 0.994812824996206
1.8 1.057262665487786
1.81 1.1198982530661878
1.82 1.182657773968558
1.83 1.2454792921248146
1.84 1.3083008102810711
1.85 1.3710603311834413
1.86 1.4336959187618432
1.87 1.496145759253423
1.88 1.5583482222052762
1.89 1.6202419212962638
1.9 1.6817657749178998
1.91 1.742859066454524
1.92 1.8034615042032731
1.93 1.8635132808747095
1.94 1.9229551326153973
1.95 1.9817283974941704
1.96 2.0397750733943756
1.97 2.0970378752549603
1.98 2.153460291603908
1.99 2.208986640328245
0 2.263562123625557
0.01 2.3171328820828077
0.02 2.369646047829076
0.03 2.4210497967097613
0.04 2.4712933994307678
0.05 2.520327271622194
0.06 2.568103022772118
0.07 2.614573503982192
0.08 2.6596928544979095
0.09 2.703416546967638
0.1 2.7457014313857337
0.11 2.7865057776763935
0.12 2.825789316876196
0.13 2.8635132808747095
0.14 2.899640440673938
0.15 2.934135143128845
0.16 2.966963346132702
0.17 2.9980926522125415
0.18 3.02749234050155
0.19 3.0551333970568537
0.2 3.0809885434927766
0.21 3.1050322639013173
0.22 3.1272408300332657
0.23 3.147592324715122
0.24 3.166066663478701
0.25 3.1826456143820767
0.26 3.1973128160023094
0.27 3.2100537935821922
0.28 3.22085597331509
0.29 3.2297086947537705
0.3 3.2366032213309746
0.31 3.241532748981358
0.32 3.244492412856278
0.33 3.2454792921248146
0.34 3.244492412856278
0.35 3.241532748981358
0.36 3.2366032213309746
0.37 3.2297086947537705
0.38 3.22085597331509
0.39 3.2100537935821922
0.4 3.1973128160023094
0.41 3.1826456143820767
0.42 3.166066663478701
0.43 3.147592324715122
0.44 3.1272408300332657
0.45 3.1050322639013173
0.46 3.0809885434927766
0.47 3.0551333970568537
0.48 3.02749234050155
0.49 2.9980926522125415
0.5 2.966963346132702
0.51 2.934135143128845
0.52 2.899640440673938
0.53 2.8635132808747095
0.54 2.825789316876196
0.55 2.7865057776763935
0.56 2.7457014313857337
0.57 2.703416546967638
0.58 2.6596928544979095
0.59 2.614573503982192
0.6 2.568103022772118
0.61 2.520327271622194
0.62 2.4712933994307678
0.63 2.4210497967097613
0.64 2.369646047829076
0.65 2.3171328820828077
0.66 2.263562123625557
0.67 2.208986640328245
0.68 2.153460291603908
0.69 2.0970378752549603
0.7 2.0397750733943756
0.71 1.9817283974941704
0.72 1.9229551326153973
0.73 1.8635132808747095
0.74 1.8034615042032731
0.75 1.742859066454524
0.76 1.6817657749178998
0.77 1.6202419212962638
0.78 1.5583482222052762
0.79 1.496145759253423
0.8 1.4336959187618432
0.81 1.3710603311834413
0.82 1.3083008102810711
0.83 1.2454792921248146
0.84 1.182657773968558
0.85 1.1198982530661878
0.86 1.057262665487786
0.87 0.994812824996206
0.88 0.9326103620443529
0.89 0.8707166629533654
0.9 0.8091928093317294
0.91 0.748099517795105
0.92 0.687497080046356
0.93 0.6274453033749197
0.94 0.5680034516342318
0.95 0.5092301867554587
0.96 0.4511835108552533
0.97 0.39392070899466913
0.98 0.33749829264572095
0.99 0.2819719439213839
1.68 0.29561581474571186
1.69 0.3511421634700489
1.7 0.4075645798189971
1.71 0.46482738167958126
1.72 0.5228740575797867
1.73 0.5816473224585598
1.74 0.6410891741992476
1.75 0.701140950870684
1.76 0.7617433886194329
1.77 0.8228366801560574
1.78 0.8843605337776933
1.79 0.9462542328686808
1.8 1.0084566958205339
1.81 1.0709065363121137
1.82 1.133542123890516
1.83 1.1963016447928858
1.84 1.2591231629491424
1.85 1.321944681105399
1.86 1.3847042020077693
1.87 1.447339789586171
1.88 1.509789630077751
1.89 1.5719920930296043
1.9 1.6338857921205916
1.91 1.6954096457422279
1.92 1.756502937278852
1.93 1.8171053750276012
1.94 1.8771571516990373
1.95 1.9365990034397251
1.96 1.9953722683184982
1.97 2.053418944218704
1.98 2.110681746079288
1.99 2.1671041624282363
0 2.2226305111525733
0.01 2.277205994449885
0.02 2.330776752907136
0.03 2.383289918653404
0.04 2.434693667534089
0.05 2.4849372702550956
0.06 2.533971142446522
0.07 2.581746893596446
0.08 2.62821737480652
0.09 2.6733367253222373
0.1 2.717060417791966
0.11 2.7593453022100616
0.12 2.8001496485007213
0.13 2.8394331877005237
0.14 2.8771571516990373
0.15 2.9132843114982663
0.16 2.947779013953173
0.17 2.9806072169570297
0.18 3.01173652303687
0.19 3.0411362113258784
0.2 3.0687772678811815
0.21 3.094632414317105
0.22 3.1186761347256455
0.23 3.1408847008575935
0.24 3.1612361955394497
0.25 3.179710534303029
0.26 3.1962894852064045
0.27 3.2109566868266373
0.28 3.22369766440652
0.29 3.234499844139418
0.3 3.2433525655780984
0.31 3.2502470921553024
0.32 3.255176619805686
0.33 3.258136283680606
0.34 3.2591231629491424
0.35 3.258136283680606
0.36 3.255176619805686
0.37 3.2502470921553024
0.38 3.2433525655780984
0.39 3.234499844139418
0.4 3.22369766440652
0.41 3.2109566868266373
0.42 3.1962894852064045
0.43 3.179710534303029
0.44 3.1612361955394497
0.45 3.1408847008575935
0.46 3.1186761347256455
0.47 3.094632414317105
0.48 3.0687772678811815
0.49 3.0411362113258784
0.5 3.01173652303687
0.51 2.9806072169570297
0.52 2.947779013953173
0.53 2.9132843114982663
0.54 2.8771571516990373
0.55 2.8394331877005237
0.56 2.8001496485007213
0.57 2.7593453022100616
0.58 2.717060417791966
0.59 2.6733367253222373
0.6 2.62821737480652
0.61 2.581746893596446
0.62 2.533971142446522
0.63 2.4849372702550956
0.64 2.434693667534089
0.65 2.383289918653404
0.66 2.330776752907136
0.67 2.277205994449885
0.68 2.2226305111525733
0.69 2.1671041624282363
0.7 2.110681746079288
0.71 2.053418944218704
0.72 1.9953722683184982
0.73 1.9365990034397251
0.74 1.8771571516990373
0.75 1.8171053750276012
0.76 1.756502937278852
0.77 1.6954096457422279
0.78 1.6338857921205916
0.79 1.5719920930296043
0.8 1.509789630077751
0.81 1.447339789586171
0.82 1.3847042020077693
0.83 1.321944681105399
0.84 1.2591231629491424
0.85 1.1963016447928858
0.86 1.133542123890516
0.87 1.0709065363121137
0.88 1.0084566958205339
0.89 0.9462542328686808
0.9 0.8843605337776933
0.91 0.8228366801560574
0.92 0.7617433886194329
0.93 0.701140950870684
0.94 0.6410891741992476
0.95 0.5816473224585598
0.96 0.5228740575797867
0.97 0.46482738167958126
0.98 0.4075645798189971
0.99 0.3511421634700489
1 0.29561581474571186
1.69 0.3094974019267961
1.7 0.3650237506511331
1.71 0.4214461670000813
1.72 0.4787089688606655
1.73 0.5367556447608709
1.74 0.595528909639644
1.75 0.6549707613803318
1.76 0.7150225380517682
1.77 0.7756249758005171
1.78 0.8367182673371416
1.79 0.8982421209587775
1.8 0.960135820049765
1.81 1.022338283001618
1.82 1.084788123493198
1.83 1.1474237110716001
1.84 1.21018323197397
1.85 1.2730047501302266
1.86 1.3358262682864832
1.87 1.3985857891888536
1.88 1.4612213767672553
1.89 1.5236712172588351
1.9 1.5858736802106885
1.91 1.6477673793016758
1.92 1.709291232923312
1.93 1.7703845244599363
1.94 1.8309869622086854
1.95 1.8910387388801215
1.96 1.9504805906208094
1.97 2.0092538554995825
1.98 2.067300531399788
1.99 2.1245633332603724
0 2.1809857496093206
0.01 2.2365120983336575
0.02 2.2910875816309693
0.03 2.34465834008822
0.04 2.3971715058344882
0.05 2.4485752547151733
0.06 2.49881885743618
0.07 2.547852729627606
0.08 2.5956284807775303
0.09 2.642098961987604
0.1 2.6872183125033215
0.11 2.73094200497305
0.12 2.773226889391146
0.13 2.8140312356818056
0.14 2.853314774881608
0.15 2.8910387388801215
0.16 2.9271658986793505
0.17 2.961660601134257
0.18 2.994488804138114
0.19 3.025618110217954
0.2 3.0550177985069626
0.21 3.082658855062266
0.22 3.108514001498189
0.23 3.1325577219067298
0.24 3.1547662880386778
0.25 3.175117782720534
0.26 3.193592121484113
0.27 3.2101710723874888
0.28 3.2248382740077215
0.29 3.2375792515876043
0.3 3.248381431320502
0.31 3.2572341527591826
0.32 3.2641286793363866
0.33 3.26905820698677
0.34 3.2720178708616903
0.35 3.2730047501302266
0.36 3.2720178708616903
0.37 3.26905820698677
0.38 3.2641286793363866
0.39 3.2572341527591826
0.4 3.248381431320502
0.41 3.2375792515876043
0.42 3.2248382740077215
0.43 3.2101710723874888
0.44 3.193592121484113
0.45 3.175117782720534
0.46 3.1547662880386778
0.47 3.1325577219067298
0.48 3.108514001498189
0.49 3.082658855062266
0.5 3.0550177985069626
0.51 3.025618110217954
0.52 2.994488804138114
0.53 2.961660601134257
0.54 2.9271658986793505
0.55 2.8910387388801215
0.56 2.853314774881608
0.57 2.8140312356818056
0.58 2.773226889391146
0.59 2.73094200497305
0.6 2.6872183125033215
0.61 2.642098961987604
0.62 2.5956284807775303
0.63 2.547852729627606
0.64 2.49881885743618
0.65 2.4485752547151733
0.66 2.3971715058344882
0.67 2.34465834008822
0.68 2.2910875816309693
0.69 2.2365120983336575
0.7 2.1809857496093206
0.71 2.1245633332603724
0.72 2.067300531399788
0.73 2.0092538554995825
0.74 1.9504805906208094
0.75 1.8910387388801215
0.76 1.8309869622086854
0.77 1.7703845244599363
0.78 1.709291232923312
0.79 1.6477673793016758
0.8 1.5858736802106885
0.81 1.5236712172588351
0.82 1.4612213767672553
0.83 1.3985857891888536
0.84 1.3358262682864832
0.85 1.2730047501302266
0.86 1.21018323197397
0.87 1.1474237110716001
0.88 1.084788123493198
0.89 1.022338283001618
0.9 0.960135820049765
0.91 0.8982421209587775
0.92 0.8367182673371416
0.93 0.7756249758005171
0.94 0.7150225380517682
0.95 0.6549707613803318
0.96 0.595528909639644
0.97 0.5367556447608709
0.98 0.4787089688606655
0.99 0.4214461670000813
1 0.3650237506511331
1.01 0.3094974019267961
1.7 0.32360300601403313
1.71 0.3791293547383702
1.72 0.43555177108731835
1.73 0.49281457294790254
1.74 0.5508612488481079
1.75 0.609634513726881
1.76 0.6690763654675689
1.77 0.7291281421390052
1.78 0.7897305798877542
1.79 0.8508238714243787
1.8 0.9123477250460146
1.81 0.9742414241370021
1.82 1.0364438870888553
1.83 1.0988937275804351
1.84 1.161529315158837
1.85 1.2242888360612072
1.86 1.2871103542174638
1.87 1.3499318723737204
1.88 1.4126913932760905
1.89 1.4753269808544924
1.9 1.5377768213460723
1.91 1.5999792842979255
1.92 1.661872983388913
1.93 1.723396837010549
1.94 1.7844901285471733
1.95 1.8450925662959223
1.96 1.9051443429673587
1.97 1.9645861947080465
1.98 2.0233594595868194
1.99 2.081406135487025
0 2.1386689373476093
0.01 2.1950913536965575
0.02 2.2506177024208944
0.03 2.305193185718206
0.04 2.358763944175457
0.05 2.411277109921725
0.06 2.4626808588024103
0.07 2.5129244615234168
0.08 2.561958333714843
0.09 2.609734084864767
0.1 2.656204566074841
0.11 2.7013239165905585
0.12 2.745047609060287
0.13 2.7873324934783827
0.14 2.8281368397690425
0.15 2.867420378968845
0.16 2.9051443429673585
0.17 2.9412715027665874
0.18 2.975766205221494
0.19 3.008594408225351
0.2 3.039723714305191
0.21 3.0691234025941996
0.22 3.0967644591495027
0.23 3.122619605585426
0.24 3.1466633259939667
0.25 3.1688718921259147
0.26 3.189223386807771
0.27 3.20769772557135
0.28 3.2242766764747257
0.29 3.2389438780949584
0.3 3.2516848556748412
0.31 3.262487035407739
0.32 3.2713397568464195
0.33 3.2782342834236236
0.34 3.283163811074007
0.35 3.286123474948927
0.36 3.2871103542174636
0.37 3.286123474948927
0.38 3.283163811074007
0.39 3.2782342834236236
0.4 3.2713397568464195
0.41 3.262487035407739
0.42 3.2516848556748412
0.43 3.2389438780949584
0.44 3.2242766764747257
0.45 3.20769772557135
0.46 3.189223386807771
0.47 3.1688718921259147
0.48 3.1466633259939667
0.49 3.122619605585426
0.5 3.0967644591495027
0.51 3.0691234025941996
0.52 3.039723714305191
0.53 3.008594408225351
0.54 2.975766205221494
0.55 2.9412715027665874
0.56 2.9051443429673585
0.57 2.867420378968845
0.58 2.8281368397690425
0.59 2.7873324934783827
0.6 2.745047609060287
0.61 2.7013239165905585
0.62 2.656204566074841
0.63 2.609734084864767
0.64 2.561958333714843
0.65 2.5129244615234168
0.66 2.4626808588024103
0.67 2.411277109921725
0.68 2.358763944175457
0.69 2.305193185718206
0.7 2.2506177024208944
0.71 2.1950913536965575
0.72 2.1386689373476093
0.73 2.081406135487025
0.74 2.0233594595868194
0.75 1.9645861947080465
0.76 1.9051443429673587
0.77 1.8450925662959223
0.78 1.7844901285471733
0.79 1.723396837010549
0.8 1.661872983388913
0.81 1.5999792842979255
0.82 1.5377768213460723
0.83 1.4753269808544924
0.84 1.4126913932760905
0.85 1.3499318723737204
0.86 1.2871103542174638
0.87 1.2242888360612072
0.88 1.161529315158837
0.89 1.0988937275804351
0.9 1.0364438870888553
0.91 0.9742414241370021
0.92 0.9123477250460146
0.93 0.8508238714243787
0.94 0.7897305798877542
0.95 0.7291281421390052
0.96 0.6690763654675689
0.97 0.609634513726881
0.98 0.5508612488481079
0.99 0.49281457294790254
1 0.43555177108731835
1.01 0.3791293547383702
1.02 0.32360300601403313
1.71 0.3379187064791792
1.72 0.39344505520351625
1.73 0.4498674715524644
1.74 0.5071302734130486
1.75 0.565176949313254
1.76 0.6239502141920271
1.77 0.683392065932715
1.78 0.7434438426041513
1.79 0.8040462803529003
1.8 0.8651395718895247
1.81 0.9266634255111607
1.82 0.9885571246021482
1.83 1.0507595875540012
1.84 1.113209428045581
1.85 1.1758450156239832
1.86 1.2386045365263532
1.87 1.3014260546826097
1.88 1.3642475728388663
1.89 1.4270070937412367
1.9 1.4896426813196384
1.91 1.5520925218112183
1.92 1.6142949847630716
1.93 1.676188683854059
1.94 1.7377125374756952
1.95 1.7988058290123194
1.96 1.8594082667610685
1.97 1.9194600434325046
1.98 1.9789018951731925
1.99 2.0376751600519656
0 2.095721835952171
0.01 2.1529846378127555
0.02 2.2094070541617037
0.03 2.2649334028860406
0.04 2.3195088861833524
0.05 2.3730796446406033
0.06 2.4255928103868714
0.07 2.4769965592675565
0.08 2.527240161988563
0.09 2.5762740341799892
0.1 2.6240497853299134
0.11 2.670520266539987
0.12 2.7156396170557047
0.13 2.7593633095254333
0.14 2.801648193943529
0.15 2.8424525402341887
0.16 2.881736079433991
0.17 2.9194600434325046
0.18 2.9555872032317336
0.19 2.9900819056866403
0.2 3.022910108690497
0.21 3.054039414770337
0.22 3.0834391030593458
0.23 3.111080159614649
0.24 3.1369353060505722
0.25 3.160979026459113
0.26 3.183187592591061
0.27 3.203539087272917
0.28 3.2220134260364963
0.29 3.238592376939872
0.3 3.2532595785601046
0.31 3.2660005561399874
0.32 3.2768027358728853
0.33 3.2856554573115657
0.34 3.2925499838887697
0.35 3.2974795115391533
0.36 3.3004391754140734
0.37 3.3014260546826097
0.38 3.3004391754140734
0.39 3.2974795115391533
0.4 3.2925499838887697
0.41 3.2856554573115657
0.42 3.2768027358728853
0.43 3.2660005561399874
0.44 3.2532595785601046
0.45 3.238592376939872
0.46 3.2220134260364963
0.47 3.203539087272917
0.48 3.183187592591061
0.49 3.160979026459113
0.5 3.1369353060505722
0.51 3.111080159614649
0.52 3.0834391030593458
0.53 3.054039414770337
0.54 3.022910108690497
0.55 2.9900819056866403
0.56 2.9555872032317336
0.57 2.9194600434325046
0.58 2.881736079433991
0.59 2.8424525402341887
0.6 2.801648193943529
0.61 2.7593633095254333
0.62 2.7156396170557047
0.63 2.670520266539987
0.64 2.6240497853299134
0.65 2.5762740341799892
0.66 2.527240161988563
0.67 2.4769965592675565
0.68 2.4255928103868714
0.69 2.3730796446406033
0.7 2.3195088861833524
0.71 2.2649334028860406
0.72 2.2094070541617037
0.73 2.1529846378127555
0.74 2.095721835952171
0.75 2.0376751600519656
0.76 1.9789018951731925
0.77 1.9194600434325046
0.78 1.8594082667610685
0.79 1.7988058290123194
0.8 1.7377125374756952
0.81 1.676188683854059
0.82 1.6142949847630716
0.83 1.5520925218112183
0.84 1.4896426813196384
0.85 1.4270070937412367
0.86 1.3642475728388663
0.87 1.3014260546826097
0.88 1.2386045365263532
0.89 1.1758450156239832
0.9 1.113209428045581
0.91 1.0507595875540012
0.92 0.9885571246021482
0.93 0.9266634255111607
0.94 0.8651395718895247
0.95 0.8040462803529003
0.96 0.7434438426041513
0.97 0.683392065932715
0.98 0.6239502141920271
0.99 0.565176949313254
1 0.5071302734130486
1.01 0.4498674715524644
1.02 0.39344505520351625
1.03 0.3379187064791792
1.72 0.3524303754542305
1.73 0.40795672417856754
1.74 0.4643791405275157
1.75 0.5216419423880999
1.76 0.5796886182883053
1.77 0.6384618831670784
1.78 0.6979037349077662
1.79 0.7579555115792026
1.8 0.8185579493279516
1.81 0.879651240864576
1.82 0.941175094486212
1.83 1.0030687935771994
1.84 1.0652712565290527
1.85 1.1277210970206326
1.86 1.1903566845990343
1.87 1.2531162055014047
1.88 1.3159377236576613
1.89 1.3787592418139178
1.9 1.4415187627162878
1.91 1.50415435029469
1.92 1.5666041907862698
1.93 1.6288066537381227
1.94 1.6907003528291105
1.95 1.7522242064507463
1.96 1.8133174979873705
1.97 1.8739199357361196
1.98 1.9339717124075562
1.99 1.993413564148244
0 2.052186829027017
0.01 2.1102335049272223
0.02 2.1674963067878066
0.03 2.2239187231367548
0.04 2.2794450718610917
0.05 2.3340205551584035
0.06 2.3875913136156544
0.07 2.4401044793619224
0.08 2.4915082282426075
0.09 2.541751830963614
0.1 2.5907857031550403
0.11 2.6385614543049645
0.12 2.6850319355150383
0.13 2.7301512860307557
0.14 2.7738749785004844
0.15 2.81615986291858
0.16 2.8569642092092398
0.17 2.896247748409042
0.18 2.9339717124075557
0.19 2.9700988722067847
0.2 3.0045935746616914
0.21 3.037421777665548
0.22 3.068551083745388
0.23 3.097950772034397
0.24 3.1255918285897
0.25 3.1514469750256233
0.26 3.175490695434164
0.27 3.197699261566112
0.28 3.218050756247968
0.29 3.2365250950115474
0.3 3.253104045914923
0.31 3.2677712475351557
0.32 3.2805122251150385
0.33 3.2913144048479364
0.34 3.300167126286617
0.35 3.307061652863821
0.36 3.3119911805142044
0.37 3.3149508443891245
0.38 3.315937723657661
0.39 3.3149508443891245
0.4 3.3119911805142044
0.41 3.307061652863821
0.42 3.300167126286617
0.43 3.2913144048479364
0.44 3.2805122251150385
0.45 3.2677712475351557
0.46 3.253104045914923
0.47 3.2365250950115474
0.48 3.218050756247968
0.49 3.197699261566112
0.5 3.175490695434164
0.51 3.1514469750256233
0.52 3.1255918285897
0.53 3.097950772034397
0.54 3.068551083745388
0.55 3.037421777665548
0.56 3.0045935746616914
0.57 2.9700988722067847
0.58 2.9339717124075557
0.59 2.896247748409042
0.6 2.8569642092092398
0.61 2.81615986291858
0.62 2.7738749785004844
0.63 2.7301512860307557
0.64 2.6850319355150383
0.65 2.6385614543049645
0.66 2.5907857031550403
0.67 2.541751830963614
0.68 2.4915082282426075
0.69 2.4401044793619224
0.7 2.3875913136156544
0.71 2.3340205551584035
0.72 2.2794450718610917
0.73 2.2239187231367548
0.74 2.1674963067878066
0.75 2.1102335049272223
0.76 2.052186829027017
0.77 1.993413564148244
0.78 1.9339717124075562
0.79 1.8739199357361196
0.8 1.8133174979873705
0.81 1.7522242064507463
0.82 1.6907003528291105
0.83 1.6288066537381227
0.84 1.5666041907862698
0.85 1.50415435029469
0.86 1.4415187627162878
0.87 1.3787592418139178
0.88 1.3159377236576613
0.89 1.2531162055014047
0.9 1.1903566845990343
0.91 1.1277210970206326
0.92 1.0652712565290527
0.93 1.0030687935771994
0.94 0.941175094486212
0.95 0.879651240864576
0.96 0.8185579493279516
0.97 0.7579555115792026
0.98 0.6979037349077662
0.99 0.6384618831670784
1 0.5796886182883053
1.01 0.5216419423880999
1.02 0.4643791405275157
1.03 0.40795672417856754
1.04 0.3524303754542305
1.73 0.3671236916739238
1.74 0.4226500403982608
1.75 0.479072456747209
1.76 0.5363352586077932
1.77 0.5943819345079986
1.78 0.6531551993867717
1.79 0.7125970511274595
1.8 0.7726488277988959
1.81 0.8332512655476448
1.82 0.8943445570842693
1.83 0.9558684107059052
1.84 1.0177621097968927
1.85 1.079964572748746
1.86 1.1424144132403258
1.87 1.2050500008187277
1.88 1.2678095217210978
1.89 1.3306310398773544
1.9 1.393452558033611
1.91 1.4562120789359811
1.92 1.518847666514383
1.93 1.581297507005963
1.94 1.643499969957816
1.95 1.7053936690488036
1.96 1.7669175226704397
1.97 1.828010814207064
1.98 1.888613251955813
1.99 1.9486650286272493
0 2.0081068803679374
0.01 2.06688014524671
0.02 2.1249268211469157
0.03 2.1821896230075
0.04 2.238612039356448
0.05 2.294138388080785
0.06 2.348713871378097
0.07 2.4022846298353477
0.08 2.454797795581616
0.09 2.506201544462301
0.1 2.5564451471833074
0.11 2.6054790193747337
0.12 2.653254770524658
0.13 2.6997252517347317
0.14 2.744844602250449
0.15 2.7885682947201778
0.16 2.8308531791382734
0.17 2.871657525428933
0.18 2.9109410646287355
0.19 2.948665028627249
0.2 2.984792188426478
0.21 3.019286890881385
0.22 3.0521150938852415
0.23 3.0832443999650816
0.24 3.1126440882540902
0.25 3.1402851448093934
0.26 3.1661402912453167
0.27 3.1901840116538573
0.28 3.2123925777858053
0.29 3.2327440724676615
0.3 3.251218411231241
0.31 3.2677973621346164
0.32 3.282464563754849
0.33 3.295205541334732
0.34 3.3060077210676297
0.35 3.31486044250631
0.36 3.321754969083514
0.37 3.3266844967338978
0.38 3.329644160608818
0.39 3.330631039877354
0.4 3.329644160608818
0.41 3.3266844967338978
0.42 3.321754969083514
0.43 3.31486044250631
0.44 3.3060077210676297
0.45 3.295205541334732
0.46 3.282464563754849
0.47 3.2677973621346164
0.48 3.251218411231241
0.49 3.2327440724676615
0.5 3.2123925777858053
0.51 3.1901840116538573
0.52 3.1661402912453167
0.53 3.1402851448093934
0.54 3.1126440882540902
0.55 3.0832443999650816
0.56 3.0521150938852415
0.57 3.019286890881385
0.58 2.984792188426478
0.59 2.948665028627249
0.6 2.9109410646287355
0.61 2.871657525428933
0.62 2.8308531791382734
0.63 2.7885682947201778
0.64 2.744844602250449
0.65 2.6997252517347317
0.66 2.653254770524658
0.67 2.6054790193747337
0.68 2.5564451471833074
0.69 2.506201544462301
0.7 2.454797795581616
0.71 2.4022846298353477
0.72 2.348713871378097
0.73 2.294138388080785
0.74 2.238612039356448
0.75 2.1821896230075
0.76 2.1249268211469157
0.77 2.06688014524671
0.78 2.0081068803679374
0.79 1.9486650286272493
0.8 1.888613251955813
0.81 1.828010814207064
0.82 1.7669175226704397
0.83 1.7053936690488036
0.84 1.643499969957816
0.85 1.581297507005963
0.86 1.518847666514383
0.87 1.4562120789359811
0.88 1.393452558033611
0.89 1.3306310398773544
0.9 1.2678095217210978
0.91 1.2050500008187277
0.92 1.1424144132403258
0.93 1.079964572748746
0.94 1.0177621097968927
0.95 0.9558684107059052
0.96 0.8943445570842693
0.97 0.8332512655476448
0.98 0.7726488277988959
0.99 0.7125970511274595
1 0.6531551993867717
1.01 0.5943819345079986
1.02 0.5363352586077932
1.03 0.479072456747209
1.04 0.4226500403982608
1.05 0.3671236916739238
1.74 0.38198415460909574
1.75 0.4375105033334328
1.76 0.49393291968238096
1.77 0.5511957215429651
1.78 0.6092423974431705
1.79 0.6680156623219436
1.8 0.7274575140626315
1.81 0.7875092907340678
1.82 0.8481117284828168
1.83 0.9092050200194413
1.84 0.9707288736410772
1.85 1.0326225727320648
1.86 1.0948250356839178
1.87 1.1572748761754976
1.88 1.2199104637538998
1.89 1.2826699846562697
1.9 1.3454915028125263
1.91 1.4083130209687829
1.92 1.4710725418711532
1.93 1.533708129449555
1.94 1.5961579699411348
1.95 1.6583604328929882
1.96 1.7202541319839755
1.97 1.7817779856056117
1.98 1.842871277142236
1.99 1.903473714890985
0 1.9635254915624212
0.01 2.022967343303109
0.02 2.081740608181882
0.03 2.1397872840820877
0.04 2.197050085942672
0.05 2.25347250229162
0.06 2.308998851015957
0.07 2.363574334313269
0.08 2.41714509277052
0.09 2.469658258516788
0.1 2.521062007397473
0.11 2.5713056101184795
0.12 2.6203394823099058
0.13 2.66811523345983
0.14 2.7145857146699037
0.15 2.759705065185621
0.16 2.80342875765535
0.17 2.8457136420734455
0.18 2.8865179883641052
0.19 2.9258015275639075
0.2 2.963525491562421
0.21 2.99965265136165
0.22 3.034147353816557
0.23 3.0669755568204136
0.24 3.0981048629002537
0.25 3.1275045511892623
0.26 3.1551456077445654
0.27 3.1810007541804888
0.28 3.2050444745890294
0.29 3.2272530407209774
0.3 3.2476045354028336
0.31 3.266078874166413
0.32 3.2826578250697884
0.33 3.297325026690021
0.34 3.310066004269904
0.35 3.320868184002802
0.36 3.3297209054414822
0.37 3.3366154320186863
0.38 3.34154495966907
0.39 3.34450462354399
0.4 3.3454915028125263
0.41 3.34450462354399
0.42 3.34154495966907
0.43 3.3366154320186863
0.44 3.3297209054414822
0.45 3.320868184002802
0.46 3.310066004269904
0.47 3.297325026690021
0.48 3.2826578250697884
0.49 3.266078874166413
0.5 3.2476045354028336
0.51 3.2272530407209774
0.52 3.2050444745890294
0.53 3.1810007541804888
0.54 3.1551456077445654
0.55 3.1275045511892623
0.56 3.0981048629002537
0.57 3.0669755568204136
0.58 3.034147353816557
0.59 2.99965265136165
0.6 2.963525491562421
0.61 2.9258015275639075
0.62 2.8865179883641052
0.63 2.8457136420734455
0.64 2.80342875765535
0.65 2.759705065185621
0.66 2.7145857146699037
0.67 2.66811523345983
0.68 2.6203394823099058
0.69 2.5713056101184795
0.7 2.521062007397473
0.71 2.469658258516788
0.72 2.41714509277052
0.73 2.363574334313269
0.74 2.308998851015957
0.75 2.25347250229162
0.76 2.197050085942672
0.77 2.1397872840820877
0.78 2.081740608181882
0.79 2.022967343303109
0.8 1.9635254915624212
0.81 1.903473714890985
0.82 1.842871277142236
0.83 1.7817779856056117
0.84 1.7202541319839755
0.85 1.6583604328929882
0.86 1.5961579699411348
0.87 1.533708129449555
0.88 1.4710725418711532
0.89 1.4083130209687829
0.9 1.3454915028125263
0.91 1.2826699846562697
0.92 1.2199104637538998
0.93 1.1572748761754976
0.94 1.0948250356839178
0.95 1.0326225727320648
0.96 0.9707288736410772
0.97 0.9092050200194413
0.98 0.8481117284828168
0.99 0.7875092907340678
1 0.7274575140626315
1.01 0.6680156623219436
1.02 0.6092423974431705
1.03 0.5511957215429651
1.04 0.49393291968238096
1.05 0.4375105033334328
1.06 0.38198415460909574
1.75 0.39699709877695477
1.76 0.4525234475012918
1.77 0.50894586385024
1.78 0.5662086657108242
1.79 0.6242553416110296
1.8 0.6830286064898027
1.81 0.7424704582304905
1.82 0.8025222349019269
1.83 0.8631246726506758
1.84 0.9242179641873003
1.85 0.9857418178089362
1.86 1.0476355168999238
1.87 1.1098379798517768
1.88 1.1722878203433567
1.89 1.2349234079217588
1.9 1.2976829288241287
1.91 1.3605044469803853
1.92 1.423325965136642
1.93 1.4860854860390122
1.94 1.548721073617414
1.95 1.6111709141089938
1.96 1.6733733770608472
1.97 1.7352670761518345
1.98 1.7967909297734708
1.99 1.857884221310095
0 1.918486659058844
0.01 1.9785384357302802
0.02 2.037980287470968
0.03 2.096753552349741
0.04 2.1548002282499468
0.05 2.212063030110531
0.06 2.2684854464594792
0.07 2.324011795183816
0.08 2.378587278481128
0.09 2.432158036938379
0.1 2.484671202684647
0.11 2.536074951565332
0.12 2.5863185542863385
0.13 2.635352426477765
0.14 2.683128177627689
0.15 2.7295986588377628
0.16 2.7747180093534802
0.17 2.818441701823209
0.18 2.8607265862413045
0.19 2.9015309325319643
0.2 2.9408144717317666
0.21 2.97853843573028
0.22 3.014665595529509
0.23 3.049160297984416
0.24 3.0819885009882726
0.25 3.1131178070681127
0.26 3.1425174953571213
0.27 3.1701585519124245
0.28 3.196013698348348
0.29 3.2200574187568884
0.3 3.2422659848888364
0.31 3.2626174795706926
0.32 3.281091818334272
0.33 3.2976707692376475
0.34 3.31233797085788
0.35 3.325078948437763
0.36 3.335881128170661
0.37 3.3447338496093413
0.38 3.3516283761865453
0.39 3.356557903836929
0.4 3.359517567711849
0.41 3.3605044469803853
0.42 3.359517567711849
0.43 3.356557903836929
0.44 3.3516283761865453
0.45 3.3447338496093413
0.46 3.335881128170661
0.47 3.325078948437763
0.48 3.31233797085788
0.49 3.2976707692376475
0.5 3.281091818334272
0.51 3.2626174795706926
0.52 3.2422659848888364
0.53 3.2200574187568884
0.54 3.196013698348348
0.55 3.1701585519124245
0.56 3.1425174953571213
0.57 3.1131178070681127
0.58 3.0819885009882726
0.59 3.049160297984416
0.6 3.014665595529509
0.61 2.97853843573028
0.62 2.9408144717317666
0.63 2.9015309325319643
0.64 2.8607265862413045
0.65 2.818441701823209
0.66 2.7747180093534802
0.67 2.7295986588377628
0.68 2.683128177627689
0.69 2.635352426477765
0.7 2.5863185542863385
0.71 2.536074951565332
0.72 2.484671202684647
0.73 2.432158036938379
0.74 2.378587278481128
0.75 2.324011795183816
0.76 2.2684854464594792
0.77 2.212063030110531
0.78 2.1548002282499468
0.79 2.096753552349741
0.8 2.037980287470968
0.81 1.9785384357302802
0.82 1.918486659058844
0.83 1.857884221310095
0.84 1.7967909297734708
0.85 1.7352670761518345
0.86 1.6733733770608472
0.87 1.6111709141089938
0.88 1.548721073617414
0.89 1.4860854860390122
0.9 1.423325965136642
0.91 1.3605044469803853
0.92 1.2976829288241287
0.93 1.2349234079217588
0.94 1.1722878203433567
0.95 1.1098379798517768
0.96 1.0476355168999238
0.97 0.9857418178089362
0.98 0.9242179641873003
0.99 0.8631246726506758
1 0.8025222349019269
1.01 0.7424704582304905
1.02 0.6830286064898027
1.03 0.6242553416110296
1.04 0.5662086657108242
1.05 0.50894586385024
1.06 0.4525234475012918
1.07 0.39699709877695477
1.76 0.41214770821414204
1.77 0.4676740569384791
1.78 0.5240964732874273
1.79 0.5813592751480114
1.8 0.6394059510482168
1.81 0.69817921592699
1.82 0.7576210676676778
1.83 0.8176728443391141
1.84 0.8782752820878631
1.85 0.9393685736244876
1.86 1.0008924272461235
1.87 1.062786126337111
1.88 1.1249885892889642
1.89 1.187438429780544
1.9 1.250074017358946
1.91 1.312833538261316
1.92 1.3756550564175727
1.93 1.4384765745738293
1.94 1.5012360954761994
1.95 1.5638716830546013
1.96 1.6263215235461812
1.97 1.6885239864980344
1.98 1.7504176855890219
1.99 1.811941539210658
0 1.8730348307472822
0.01 1.9336372684960312
0.02 1.9936890451674676
0.03 2.053130896908155
0.04 2.1119041617869287
0.05 2.169950837687134
0.06 2.2272136395477182
0.07 2.2836360558966664
0.08 2.3391624046210033
0.09 2.393737887918315
0.1 2.447308646375566
0.11 2.499821812121834
0.12 2.551225561002519
0.13 2.6014691637235257
0.14 2.650503035914952
0.15 2.698278787064876
0.16 2.74474926827495
0.17 2.7898686187906674
0.18 2.833592311260396
0.19 2.8758771956784916
0.2 2.9166815419691514
0.21 2.9559650811689537
0.22 2.9936890451674674
0.23 3.0298162049666963
0.24 3.064310907421603
0.25 3.0971391104254598
0.26 3.1282684165053
0.27 3.1576681047943085
0.28 3.1853091613496116
0.29 3.211164307785535
0.3 3.2352080281940756
0.31 3.2574165943260236
0.32 3.2777680890078797
0.33 3.296242427771459
0.34 3.3128213786748346
0.35 3.3274885802950673
0.36 3.34022955787495
0.37 3.351031737607848
0.38 3.3598844590465284
0.39 3.3667789856237325
0.4 3.371708513274116
0.41 3.374668177149036
0.42 3.3756550564175725
0.43 3.374668177149036
0.44 3.371708513274116
0.45 3.3667789856237325
0.46 3.3598844590465284
0.47 3.351031737607848
0.48 3.34022955787495
0.49 3.3274885802950673
0.5 3.3128213786748346
0.51 3.296242427771459
0.52 3.2777680890078797
0.53 3.2574165943260236
0.54 3.2352080281940756
0.55 3.211164307785535
0.56 3.1853091613496116
0.57 3.1576681047943085
0.58 3.1282684165053
0.59 3.0971391104254598
0.6 3.064310907421603
0.61 3.0298162049666963
0.62 2.9936890451674674
0.63 2.9559650811689537
0.64 2.9166815419691514
0.65 2.8758771956784916
0.66 2.833592311260396
0.67 2.7898686187906674
0.68 2.74474926827495
0.69 2.698278787064876
0.7 2.650503035914952
0.71 2.6014691637235257
0.72 2.551225561002519
0.73 2.499821812121834
0.74 2.447308646375566
0.75 2.393737887918315
0.76 2.3391624046210033
0.77 2.2836360558966664
0.78 2.2272136395477182
0.79 2.169950837687134
0.8 2.1119041617869287
0.81 2.053130896908155
0.82 1.9936890451674676
0.83 1.9336372684960312
0.84 1.8730348307472822
0.85 1.811941539210658
0.86 1.7504176855890219
0.87 1.6885239864980344
0.88 1.6263215235461812
0.89 1.5638716830546013
0.9 1.5012360954761994
0.91 1.4384765745738293
0.92 1.3756550564175727
0.93 1.312833538261316
0.94 1.250074017358946
0.95 1.187438429780544
0.96 1.1249885892889642
0.97 1.062786126337111
0.98 1.0008924272461235
0.99 0.9393685736244876
1 0.8782752820878631
1.01 0.8176728443391141
1.02 0.7576210676676778
1.03 0.69817921592699
1.04 0.6394059510482168
1.05 0.5813592751480114
1.06 0.5240964732874273
1.07 0.4676740569384791
1.08 0.41214770821414204
1.77 0.4274210310982982
1.78 0.48294737982263525
1.79 0.5393697961715834
1.8 0.5966325980321676
1.81 0.654679273932373
1.82 0.7134525388111461
1.83 0.772894390551834
1.84 0.8329461672232703
1.85 0.8935486049720193
1.86 0.9546418965086437
1.87 1.0161657501302797
1.88 1.0780594492212672
1.89 1.1402619121731203
1.9 1.2027117526647002
1.91 1.2653473402431021
1.92 1.3281068611454723
1.93 1.3909283793017289
1.94 1.4537498974579854
1.95 1.5165094183603556
1.96 1.5791450059387575
1.97 1.6415948464303374
1.98 1.7037973093821905
1.99 1.765691008473178
0 1.827214862094814
0.01 1.8883081536314383
0.02 1.9489105913801874
0.03 2.0089623680516238
0.04 2.0684042197923116
0.05 2.1271774846710847
0.06 2.1852241605712903
0.07 2.242486962431874
0.08 2.298909378780823
0.09 2.3544357275051597
0.1 2.409011210802471
0.11 2.4625819692597224
0.12 2.51509513500599
0.13 2.566498883886675
0.14 2.6167424866076816
0.15 2.665776358799108
0.16 2.713552109949032
0.17 2.760022591159106
0.18 2.8051419416748233
0.19 2.848865634144552
0.2 2.8911505185626476
0.21 2.9319548648533074
0.22 2.9712384040531097
0.23 3.0089623680516233
0.24 3.0450895278508527
0.25 3.079584230305759
0.26 3.1124124333096157
0.27 3.1435417393894562
0.28 3.172941427678465
0.29 3.2005824842337676
0.3 3.2264376306696914
0.31 3.250481351078232
0.32 3.2726899172101795
0.33 3.2930414118920357
0.34 3.311515750655615
0.35 3.3280947015589906
0.36 3.3427619031792233
0.37 3.355502880759106
0.38 3.366305060492004
0.39 3.3751577819306844
0.4 3.3820523085078884
0.41 3.386981836158272
0.42 3.389941500033192
0.43 3.3909283793017284
0.44 3.389941500033192
0.45 3.386981836158272
0.46 3.3820523085078884
0.47 3.3751577819306844
0.48 3.366305060492004
0.49 3.355502880759106
0.5 3.3427619031792233
0.51 3.3280947015589906
0.52 3.311515750655615
0.53 3.2930414118920357
0.54 3.2726899172101795
0.55 3.250481351078232
0.56 3.2264376306696914
0.57 3.2005824842337676
0.58 3.172941427678465
0.59 3.1435417393894562
0.6 3.1124124333096157
0.61 3.079584230305759
0.62 3.0450895278508527
0.63 3.0089623680516233
0.64 2.9712384040531097
0.65 2.9319548648533074
0.66 2.8911505185626476
0.67 2.848865634144552
0.68 2.8051419416748233
0.69 2.760022591159106
0.7 2.713552109949032
0.71 2.665776358799108
0.72 2.6167424866076816
0.73 2.566498883886675
0.74 2.51509513500599
0.75 2.4625819692597224
0.76 2.409011210802471
0.77 2.3544357275051597
0.78 2.298909378780823
0.79 2.242486962431874
0.8 2.1852241605712903
0.81 2.1271774846710847
0.82 2.0684042197923116
0.83 2.0089623680516238
0.84 1.9489105913801874
0.85 1.8883081536314383
0.86 1.827214862094814
0.87 1.765691008473178
0.88 1.7037973093821905
0.89 1.6415948464303374
0.9 1.5791450059387575
0.91 1.5165094183603556
0.92 1.4537498974579854
0.93 1.3909283793017289
0.94 1.3281068611454723
0.95 1.2653473402431021
0.96 1.2027117526647002
0.97 1.1402619121731203
0.98 1.0780594492212672
0.99 1.0161657501302797
1 0.9546418965086437
1.01 0.8935486049720193
1.02 0.8329461672232703
1.03 0.772894390551834
1.04 0.7134525388111461
1.05 0.654679273932373
1.06 0.5966325980321676
1.07 0.5393697961715834
1.08 0.48294737982263525
1.09 0.4274210310982982
1.78 0.44280199450370716
1.79 0.4983283432280442
1.8 0.5547507595769924
1.81 0.6120135614375766
1.82 0.670060237337782
1.83 0.7288335022165551
1.84 0.7882753539572429
1.85 0.8483271306286793
1.86 0.9089295683774282
1.87 0.9700228599140527
1.88 1.0315467135356886
1.89 1.0934404126266761
1.9 1.1556428755785293
1.91 1.2180927160701092
1.92 1.280728303648511
1.93 1.3434878245508812
1.94 1.4063093427071378
1.95 1.4691308608633944
1.96 1.5318903817657645
1.97 1.5945259693441665
1.98 1.6569758098357463
1.99 1.7191782727875995
0 1.781071971878587
0.01 1.842595825500223
0.02 1.9036891170368473
0.03 1.9642915547855964
0.04 2.0243433314570325
0.05 2.0837851831977208
0.06 2.1425584480764934
0.07 2.200605123976699
0.08 2.2578679258372834
0.09 2.3142903421862315
0.1 2.3698166909105685
0.11 2.4243921742078802
0.12 2.477962932665131
0.13 2.530476098411399
0.14 2.5818798472920843
0.15 2.632123450013091
0.16 2.681157322204517
0.17 2.7289330733544412
0.18 2.775403554564515
0.19 2.8205229050802325
0.2 2.864246597549961
0.21 2.9065314819680568
0.22 2.9473358282587165
0.23 2.986619367458519
0.24 3.0243433314570325
0.25 3.0604704912562615
0.26 3.094965193711168
0.27 3.127793396715025
0.28 3.158922702794865
0.29 3.1883223910838736
0.3 3.2159634476391767
0.31 3.2418185940751
0.32 3.2658623144836407
0.33 3.2880708806155887
0.34 3.308422375297445
0.35 3.326896714061024
0.36 3.3434756649643997
0.37 3.3581428665846325
0.38 3.3708838441645153
0.39 3.381686023897413
0.4 3.3905387453360936
0.41 3.3974332719132976
0.42 3.402362799563681
0.43 3.4053224634386012
0.44 3.4063093427071376
0.45 3.4053224634386012
0.46 3.402362799563681
0.47 3.3974332719132976
0.48 3.3905387453360936
0.49 3.381686023897413
0.5 3.3708838441645153
0.51 3.3581428665846325
0.52 3.3434756649643997
0.53 3.326896714061024
0.54 3.308422375297445
0.55 3.2880708806155887
0.56 3.2658623144836407
0.57 3.2418185940751
0.58 3.2159634476391767
0.59 3.1883223910838736
0.6 3.158922702794865
0.61 3.127793396715025
0.62 3.094965193711168
0.63 3.0604704912562615
0.64 3.0243433314570325
0.65 2.986619367458519
0.66 2.9473358282587165
0.67 2.9065314819680568
0.68 2.864246597549961
0.69 2.8205229050802325
0.7 2.775403554564515
0.71 2.7289330733544412
0.72 2.681157322204517
0.73 2.632123450013091
0.74 2.5818798472920843
0.75 2.530476098411399
0.76 2.477962932665131
0.77 2.4243921742078802
0.78 2.3698166909105685
0.79 2.3142903421862315
0.8 2.2578679258372834
0.81 2.200605123976699
0.82 2.1425584480764934
0.83 2.0837851831977208
0.84 2.0243433314570325
0.85 1.9642915547855964
0.86 1.9036891170368473
0.87 1.842595825500223
0.88 1.781071971878587
0.89 1.7191782727875995
0.9 1.6569758098357463
0.91 1.5945259693441665
0.92 1.5318903817657645
0.93 1.4691308608633944
0.94 1.4063093427071378
0.95 1.3434878245508812
0.96 1.280728303648511
0.97 1.2180927160701092
0.98 1.1556428755785293
0.99 1.0934404126266761
1 1.0315467135356886
1.01 0.9700228599140527
1.02 0.9089295683774282
1.03 0.8483271306286793
1.04 0.7882753539572429
1.05 0.7288335022165551
1.06 0.670060237337782
1.07 0.6120135614375766
1.08 0.5547507595769924
1.09 0.4983283432280442
1.1 0.44280199450370716
1.79 0.458275419276454
1.8 0.513801768000791
1.81 0.5702241843497392
1.82 0.6274869862103234
1.83 0.6855336621105288
1.84 0.7443069269893019
1.85 0.8037487787299897
1.86 0.8638005554014261
1.87 0.924402993150175
1.88 0.9854962846867995
1.89 1.0470201383084354
1.9 1.108913837399423
1.91 1.1711163003512761
1.92 1.233566140842856
1.93 1.296201728421258
1.94 1.358961249323628
1.95 1.4217827674798846
1.96 1.4846042856361412
1.97 1.5473638065385114
1.98 1.6099993941169133
1.99 1.6724492346084932
0 1.7346516975603463
0.01 1.7965453966513338
0.02 1.8580692502729699
0.03 1.9191625418095941
0.04 1.9797649795583432
0.05 2.0398167562297793
0.06 2.0992586079704676
0.07 2.1580318728492403
0.08 2.216078548749446
0.09 2.27334135061003
0.1 2.3297637669589784
0.11 2.3852901156833153
0.12 2.439865598980627
0.13 2.493436357437878
0.14 2.545949523184146
0.15 2.597353272064831
0.16 2.6475968747858376
0.17 2.696630746977264
0.18 2.744406498127188
0.19 2.790876979337262
0.2 2.8359963298529793
0.21 2.879720022322708
0.22 2.9220049067408036
0.23 2.9628092530314634
0.24 3.0020927922312657
0.25 3.0398167562297793
0.26 3.0759439160290083
0.27 3.110438618483915
0.28 3.1432668214877717
0.29 3.174396127567612
0.3 3.2037958158566204
0.31 3.2314368724119236
0.32 3.257292018847847
0.33 3.2813357392563876
0.34 3.3035443053883355
0.35 3.3238958000701917
0.36 3.342370138833771
0.37 3.3589490897371466
0.38 3.3736162913573793
0.39 3.386357268937262
0.4 3.39715944867016
0.41 3.4060121701088404
0.42 3.4129066966860444
0.43 3.417836224336428
0.44 3.420795888211348
0.45 3.4217827674798844
0.46 3.420795888211348
0.47 3.417836224336428
0.48 3.4129066966860444
0.49 3.4060121701088404
0.5 3.39715944867016
0.51 3.386357268937262
0.52 3.3736162913573793
0.53 3.3589490897371466
0.54 3.342370138833771
0.55 3.3238958000701917
0.56 3.3035443053883355
0.57 3.2813357392563876
0.58 3.257292018847847
0.59 3.2314368724119236
0.6 3.2037958158566204
0.61 3.174396127567612
0.62 3.1432668214877717
0.63 3.110438618483915
0.64 3.0759439160290083
0.65 3.0398167562297793
0.66 3.0020927922312657
0.67 2.9628092530314634
0.68 2.9220049067408036
0.69 2.879720022322708
0.7 2.8359963298529793
0.71 2.790876979337262
0.72 2.744406498127188
0.73 2.696630746977264
0.74 2.6475968747858376
0.75 2.597353272064831
0.76 2.545949523184146
0.77 2.493436357437878
0.78 2.439865598980627
0.79 2.3852901156833153
0.8 2.3297637669589784
0.81 2.27334135061003
0.82 2.216078548749446
0.83 2.1580318728492403
0.84 2.0992586079704676
0.85 2.0398167562297793
0.86 1.9797649795583432
0.87 1.9191625418095941
0.88 1.8580692502729699
0.89 1.7965453966513338
0.9 1.7346516975603463
0.91 1.6724492346084932
0.92 1.6099993941169133
0.93 1.5473638065385114
0.94 1.4846042856361412
0.95 1.4217827674798846
0.96 1.358961249323628
0.97 1.296201728421258
0.98 1.233566140842856
0.99 1.1711163003512761
1 1.108913837399423
1.01 1.0470201383084354
1.02 0.9854962846867995
1.03 0.924402993150175
1.04 0.8638005554014261
1.05 0.8037487787299897
1.06 0.7443069269893019
1.07 0.6855336621105288
1.08 0.6274869862103234
1.09 0.5702241843497392
1.1 0.513801768000791
1.11 0.458275419276454
1.8 0.47382603501441733
1.81 0.5293523837387544
1.82 0.5857748000877026
1.83 0.6430376019482867
1.84 0.7010842778484921
1.85 0.7598575427272652
1.86 0.8192993944679531
1.87 0.8793511711393894
1.88 0.9399536088881384
1.89 1.0010469004247629
1.9 1.0625707540463987
1.91 1.1244644531373864
1.92 1.1866669160892394
1.93 1.2491167565808192
1.94 1.3117523441592214
1.95 1.3745118650615913
1.96 1.4373333832178479
1.97 1.5001549013741045
1.98 1.5629144222764748
1.99 1.6255500098548765
0 1.6879998503464564
0.01 1.7502023132983098
0.02 1.812096012389297
0.03 1.8736198660109333
0.04 1.9347131575475576
0.05 1.9953155952963066
0.06 2.0553673719677428
0.07 2.1148092237084306
0.08 2.1735824885872037
0.09 2.2316291644874093
0.1 2.2888919663479936
0.11 2.345314382696942
0.12 2.4008407314212787
0.13 2.4554162147185905
0.14 2.5089869731758414
0.15 2.5615001389221095
0.16 2.6129038878027946
0.17 2.663147490523801
0.18 2.7121813627152274
0.19 2.7599571138651515
0.2 2.8064275950752253
0.21 2.851546945590943
0.22 2.8952706380606714
0.23 2.937555522478767
0.24 2.978359868769427
0.25 3.017643407969229
0.26 3.0553673719677428
0.27 3.0914945317669718
0.28 3.1259892342218785
0.29 3.158817437225735
0.3 3.1899467433055753
0.31 3.219346431594584
0.32 3.246987488149887
0.33 3.2728426345858104
0.34 3.296886354994351
0.35 3.319094921126299
0.36 3.339446415808155
0.37 3.3579207545717344
0.38 3.37449970547511
0.39 3.3891669070953427
0.4 3.4019078846752255
0.41 3.4127100644081234
0.42 3.421562785846804
0.43 3.428457312424008
0.44 3.4333868400743914
0.45 3.4363465039493115
0.46 3.437333383217848
0.47 3.4363465039493115
0.48 3.4333868400743914
0.49 3.428457312424008
0.5 3.421562785846804
0.51 3.4127100644081234
0.52 3.4019078846752255
0.53 3.3891669070953427
0.54 3.37449970547511
0.55 3.3579207545717344
0.56 3.339446415808155
0.57 3.319094921126299
0.58 3.296886354994351
0.59 3.2728426345858104
0.6 3.246987488149887
0.61 3.219346431594584
0.62 3.1899467433055753
0.63 3.158817437225735
0.64 3.1259892342218785
0.65 3.0914945317669718
0.66 3.0553673719677428
0.67 3.017643407969229
0.68 2.978359868769427
0.69 2.937555522478767
0.7 2.8952706380606714
0.71 2.851546945590943
0.72 2.8064275950752253
0.73 2.7599571138651515
0.74 2.7121813627152274
0.75 2.663147490523801
0.76 2.6129038878027946
0.77 2.5615001389221095
0.78 2.5089869731758414
0.79 2.4554162147185905
0.8 2.4008407314212787
0.81 2.345314382696942
0.82 2.2888919663479936
0.83 2.2316291644874093
0.84 2.1735824885872037
0.85 2.1148092237084306
0.86 2.0553673719677428
0.87 1.9953155952963066
0.88 1.9347131575475576
0.89 1.8736198660109333
0.9 1.812096012389297
0.91 1.7502023132983098
0.92 1.6879998503464564
0.93 1.6255500098548765
0.94 1.5629144222764748
0.95 1.5001549013741045
0.96 1.4373333832178479
0.97 1.3745118650615913
0.98 1.3117523441592214
0.99 1.2491167565808192
1 1.1866669160892394
1.01 1.1244644531373864
1.02 1.0625707540463987
1.03 1.0010469004247629
1.04 0.9399536088881384
1.05 0.8793511711393894
1.06 0.8192993944679531
1.07 0.7598575427272652
1.08 0.7010842778484921
1.09 0.6430376019482867
1.1 0.5857748000877026
1.11 0.5293523837387544
1.12 0.47382603501441733
1.81 0.4894384951373123
1.82 0.5449648438616493
1.83 0.6013872602105975
1.84 0.6586500620711817
1.85 0.7166967379713871
1.86 0.7754700028501602
1.87 0.834911854590848
1.88 0.8949636312622844
1.89 0.9555660690110334
1.9 1.0166593605476577
1.91 1.0781832141692937
1.92 1.1400769132602813
1.93 1.2022793762121344
1.94 1.2647292167037143
1.95 1.3273648042821162
1.96 1.3901243251844864
1.97 1.452945843340743
1.98 1.5157673614969995
1.99 1.5785268823993697
0 1.6411624699777716
0.01 1.7036123104693515
0.02 1.7658147734212046
0.03 1.8277084725121922
0.04 1.8892323261338282
0.05 1.9503256176704524
0.06 2.0109280554192015
0.07 2.0709798320906376
0.08 2.130421683831326
0.09 2.1891949487100986
0.1 2.247241624610304
0.11 2.3045044264708885
0.12 2.3609268428198367
0.13 2.4164531915441736
0.14 2.4710286748414854
0.15 2.5245994332987363
0.16 2.5771125990450043
0.17 2.6285163479256894
0.18 2.678759950646696
0.19 2.727793822838122
0.2 2.7755695739880464
0.21 2.82204005519812
0.22 2.8671594057138376
0.23 2.9108830981835663
0.24 2.953167982601662
0.25 2.9939723288923217
0.26 3.033255868092124
0.27 3.0709798320906376
0.28 3.1071069918898666
0.29 3.1416016943447733
0.3 3.17442989734863
0.31 3.20555920342847
0.32 3.2349588917174787
0.33 3.262599948272782
0.34 3.2884550947087052
0.35 3.312498815117246
0.36 3.334707381249194
0.37 3.35505887593105
0.38 3.3735332146946293
0.39 3.390112165598005
0.4 3.4047793672182376
0.41 3.4175203447981204
0.42 3.4283225245310183
0.43 3.4371752459696987
0.44 3.4440697725469027
0.45 3.4489993001972863
0.46 3.4519589640722064
0.47 3.4529458433407427
0.48 3.4519589640722064
0.49 3.4489993001972863
0.5 3.4440697725469027
0.51 3.4371752459696987
0.52 3.4283225245310183
0.53 3.4175203447981204
0.54 3.4047793672182376
0.55 3.390112165598005
0.56 3.3735332146946293
0.57 3.35505887593105
0.58 3.334707381249194
0.59 3.312498815117246
0.6 3.2884550947087052
0.61 3.262599948272782
0.62 3.2349588917174787
0.63 3.20555920342847
0.64 3.17442989734863
0.65 3.1416016943447733
0.66 3.1071069918898666
0.67 3.0709798320906376
0.68 3.033255868092124
0.69 2.9939723288923217
0.7 2.953167982601662
0.71 2.9108830981835663
0.72 2.8671594057138376
0.73 2.82204005519812
0.74 2.7755695739880464
0.75 2.727793822838122
0.76 2.678759950646696
0.77 2.6285163479256894
0.78 2.5771125990450043
0.79 2.5245994332987363
0.8 2.4710286748414854
0.81 2.4164531915441736
0.82 2.3609268428198367
0.83 2.3045044264708885
0.84 2.247241624610304
0.85 2.1891949487100986
0.86 2.130421683831326
0.87 2.0709798320906376
0.88 2.0109280554192015
0.89 1.9503256176704524
0.9 1.8892323261338282
0.91 1.8277084725121922
0.92 1.7658147734212046
0.93 1.7036123104693515
0.94 1.6411624699777716
0.95 1.5785268823993697
0.96 1.5157673614969995
0.97 1.452945843340743
0.98 1.3901243251844864
0.99 1.3273648042821162
1 1.2647292167037143
1.01 1.2022793762121344
1.02 1.1400769132602813
1.03 1.0781832141692937
1.04 1.0166593605476577
1.05 0.9555660690110334
1.06 0.8949636312622844
1.07 0.834911854590848
1.08 0.7754700028501602
1.09 0.7166967379713871
1.1 0.6586500620711817
1.11 0.6013872602105975
1.12 0.5449648438616493
1.13 0.4894384951373123
1.82 0.5050973920319127
1.83 0.5606237407562498
1.84 0.617046157105198
1.85 0.6743089589657821
1.86 0.7323556348659875
1.87 0.7911288997447606
1.88 0.8505707514854485
1.89 0.9106225281568848
1.9 0.9712249659056338
1.91 1.0323182574422582
1.92 1.093842111063894
1.93 1.1557358101548818
1.94 1.2179382731067347
1.95 1.2803881135983146
1.96 1.3430237011767168
1.97 1.4057832220790867
1.98 1.4686047402353433
1.99 1.5314262583915998
0 1.5941857792939702
0.01 1.656821366872372
0.02 1.7192712073639518
0.03 1.7814736703158052
0.04 1.8433673694067925
0.05 1.9048912230284287
0.06 1.965984514565053
0.07 2.026586952313802
0.08 2.086638728985238
0.09 2.146080580725926
0.1 2.204853845604699
0.11 2.2629005215049047
0.12 2.320163323365489
0.13 2.376585739714437
0.14 2.432112088438774
0.15 2.486687571736086
0.16 2.540258330193337
0.17 2.592771495939605
0.18 2.64417524482029
0.19 2.6944188475412965
0.2 2.7434527197327228
0.21 2.791228470882647
0.22 2.8376989520927207
0.23 2.882818302608438
0.24 2.926541995078167
0.25 2.9688268794962624
0.26 3.009631225786922
0.27 3.0489147649867245
0.28 3.086638728985238
0.29 3.122765888784467
0.3 3.157260591239374
0.31 3.1900887942432306
0.32 3.2212181003230707
0.33 3.2506177886120793
0.34 3.2782588451673824
0.35 3.3041139916033058
0.36 3.3281577120118464
0.37 3.3503662781437944
0.38 3.3707177728256505
0.39 3.38919211158923
0.4 3.4057710624926054
0.41 3.420438264112838
0.42 3.433179241692721
0.43 3.443981421425619
0.44 3.4528341428642992
0.45 3.4597286694415033
0.46 3.464658197091887
0.47 3.467617860966807
0.48 3.4686047402353433
0.49 3.467617860966807
0.5 3.464658197091887
0.51 3.4597286694415033
0.52 3.4528341428642992
0.53 3.443981421425619
0.54 3.433179241692721
0.55 3.420438264112838
0.56 3.4057710624926054
0.57 3.38919211158923
0.58 3.3707177728256505
0.59 3.3503662781437944
0.6 3.3281577120118464
0.61 3.3041139916033058
0.62 3.2782588451673824
0.63 3.2506177886120793
0.64 3.2212181003230707
0.65 3.1900887942432306
0.66 3.157260591239374
0.67 3.122765888784467
0.68 3.086638728985238
0.69 3.0489147649867245
0.7 3.009631225786922
0.71 2.9688268794962624
0.72 2.926541995078167
0.73 2.882818302608438
0.74 2.8376989520927207
0.75 2.791228470882647
0.76 2.7434527197327228
0.77 2.6944188475412965
0.78 2.64417524482029
0.79 2.592771495939605
0.8 2.540258330193337
0.81 2.486687571736086
0.82 2.432112088438774
0.83 2.376585739714437
0.84 2.320163323365489
0.85 2.2629005215049047
0.86 2.204853845604699
0.87 2.146080580725926
0.88 2.086638728985238
0.89 2.026586952313802
0.9 1.965984514565053
0.91 1.9048912230284287
0.92 1.8433673694067925
0.93 1.7814736703158052
0.94 1.7192712073639518
0.95 1.656821366872372
0.96 1.5941857792939702
0.97 1.5314262583915998
0.98 1.4686047402353433
0.99 1.4057832220790867
1 1.3430237011767168
1.01 1.2803881135983146
1.02 1.2179382731067347
1.03 1.1557358101548818
1.04 1.093842111063894
1.05 1.0323182574422582
1.06 0.9712249659056338
1.07 0.9106225281568848
1.08 0.8505707514854485
1.09 0.7911288997447606
1.1 0.7323556348659875
1.11 0.6743089589657821
1.12 0.617046157105198
1.13 0.5606237407562498
1.14 0.5050973920319127
1.83 0.5207872722575053
1.84 0.5763136209818424
1.85 0.6327360373307905
1.86 0.6899988391913747
1.87 0.7480455150915801
1.88 0.8068187799703532
1.89 0.8662606317110411
1.9 0.9263124083824774
1.91 0.9869148461312264
1.92 1.0480081376678507
1.93 1.1095319912894868
1.94 1.1714256903804743
1.95 1.2336281533323274
1.96 1.2960779938239073
1.97 1.3587135814023092
1.98 1.4214731023046794
1.99 1.484294620460936
0 1.5471161386171925
0.01 1.6098756595195627
0.02 1.6725112470979646
0.03 1.7349610875895445
0.04 1.7971635505413976
0.05 1.8590572496323852
0.06 1.9205811032540212
0.07 1.9816743947906454
0.08 2.0422768325393945
0.09 2.102328609210831
0.1 2.1617704609515185
0.11 2.220543725830292
0.12 2.278590401730497
0.13 2.3358532035910815
0.14 2.3922756199400297
0.15 2.4478019686643666
0.16 2.5023774519616784
0.17 2.5559482104189293
0.18 2.6084613761651974
0.19 2.6598651250458825
0.2 2.710108727766889
0.21 2.7591425999583152
0.22 2.8069183511082394
0.23 2.853388832318313
0.24 2.8985081828340307
0.25 2.9422318753037593
0.26 2.984516759721855
0.27 3.0253211060125147
0.28 3.064604645212317
0.29 3.1023286092108306
0.3 3.1384557690100596
0.31 3.1729504714649663
0.32 3.205778674468823
0.33 3.236907980548663
0.34 3.2663076688376718
0.35 3.293948725392975
0.36 3.3198038718288982
0.37 3.343847592237439
0.38 3.366056158369387
0.39 3.386407653051243
0.4 3.4048819918148223
0.41 3.421460942718198
0.42 3.4361281443384306
0.43 3.4488691219183134
0.44 3.4596713016512113
0.45 3.4685240230898917
0.46 3.4754185496670957
0.47 3.4803480773174793
0.48 3.4833077411923994
0.49 3.4842946204609357
0.5 3.4833077411923994
0.51 3.4803480773174793
0.52 3.4754185496670957
0.53 3.4685240230898917
0.54 3.4596713016512113
0.55 3.4488691219183134
0.56 3.4361281443384306
0.57 3.421460942718198
0.58 3.4048819918148223
0.59 3.386407653051243
0.6 3.366056158369387
0.61 3.343847592237439
0.62 3.3198038718288982
0.63 3.293948725392975
0.64 3.2663076688376718
0.65 3.236907980548663
0.66 3.205778674468823
0.67 3.1729504714649663
0.68 3.1384557690100596
0.69 3.1023286092108306
0.7 3.064604645212317
0.71 3.0253211060125147
0.72 2.984516759721855
0.73 2.9422318753037593
0.74 2.8985081828340307
0.75 2.853388832318313
0.76 2.8069183511082394
0.77 2.7591425999583152
0.78 2.710108727766889
0.79 2.6598651250458825
0.8 2.6084613761651974
0.81 2.5559482104189293
0.82 2.5023774519616784
0.83 2.4478019686643666
0.84 2.3922756199400297
0.85 2.3358532035910815
0.86 2.278590401730497
0.87 2.220543725830292
0.88 2.1617704609515185
0.89 2.102328609210831
0.9 2.0422768325393945
0.91 1.9816743947906454
0.92 1.9205811032540212
0.93 1.8590572496323852
0.94 1.7971635505413976
0.95 1.7349610875895445
0.96 1.6725112470979646
0.97 1.6098756595195627
0.98 1.5471161386171925
0.99 1.484294620460936
1 1.4214731023046794
1.01 1.3587135814023092
1.02 1.2960779938239073
1.03 1.2336281533323274
1.04 1.1714256903804743
1.05 1.1095319912894868
1.06 1.0480081376678507
1.07 0.9869148461312264
1.08 0.9263124083824774
1.09 0.8662606317110411
1.1 0.8068187799703532
1.11 0.7480455150915801
1.12 0.6899988391913747
1.13 0.6327360373307905
1.14 0.5763136209818424
1.15 0.5207872722575053
1.84 0.5364926517965695
1.85 0.5920190005209065
1.86 0.6484414168698547
1.87 0.7057042187304389
1.88 0.7637508946306443
1.89 0.8225241595094174
1.9 0.8819660112501052
1.91 0.9420177879215416
1.92 1.0026202256702905
1.93 1.063713517206915
1.94 1.1252373708285508
1.95 1.1871310699195385
1.96 1.2493335328713915
1.97 1.3117833733629713
1.98 1.3744189609413735
1.99 1.4371784818437434
0 1.5
0.01 1.5628215181562566
0.02 1.625581039058627
0.03 1.6882166266370287
0.04 1.7506664671286085
0.05 1.812868930080462
0.06 1.8747626291714492
0.07 1.9362864827930855
0.08 1.9973797743297097
0.09 2.0579822120784588
0.1 2.118033988749895
0.11 2.1774758404905827
0.12 2.236249105369356
0.13 2.2942957812695615
0.14 2.3515585831301458
0.15 2.407980999479094
0.16 2.463507348203431
0.17 2.5180828315007426
0.18 2.5716535899579935
0.19 2.6241667557042616
0.2 2.6755705045849467
0.21 2.725814107305953
0.22 2.7748479794973795
0.23 2.8226237306473037
0.24 2.8690942118573775
0.25 2.914213562373095
0.26 2.9579372548428235
0.27 3.000222139260919
0.28 3.041026485551579
0.29 3.0803100247513813
0.3 3.118033988749895
0.31 3.154161148549124
0.32 3.1886558510040306
0.33 3.2214840540078873
0.34 3.2526133600877274
0.35 3.282013048376736
0.36 3.309654104932039
0.37 3.3355092513679625
0.38 3.359552971776503
0.39 3.381761537908451
0.4 3.4021130325903073
0.41 3.4205873713538866
0.42 3.437166322257262
0.43 3.451833523877495
0.44 3.4645745014573777
0.45 3.4753766811902755
0.46 3.484229402628956
0.47 3.49112392920616
0.48 3.4960534568565436
0.49 3.4990131207314636
0.5 3.5
0.51 3.4990131207314636
0.52 3.4960534568565436
0.53 3.49112392920616
0.54 3.484229402628956
0.55 3.4753766811902755
0.56 3.4645745014573777
0.57 3.451833523877495
0.58 3.437166322257262
0.59 3.4205873713538866
0.6 3.4021130325903073
0.61 3.381761537908451
0.62 3.359552971776503
0.63 3.3355092513679625
0.64 3.309654104932039
0.65 3.282013048376736
0.66 3.2526133600877274
0.67 3.2214840540078873
0.68 3.1886558510040306
0.69 3.154161148549124
0.7 3.118033988749895
0.71 3.0803100247513813
0.72 3.041026485551579
0.73 3.000222139260919
0.74 2.9579372548428235
0.75 2.914213562373095
0.76 2.8690942118573775
0.77 2.8226237306473037
0.78 2.7748479794973795
0.79 2.725814107305953
0.8 2.6755705045849467
0.81 2.6241667557042616
0.82 2.5716535899579935
0.83 2.5180828315007426
0.84 2.463507348203431
0.85 2.407980999479094
0.86 2.3515585831301458
0.87 2.2942957812695615
0.88 2.236249105369356
0.89 2.1774758404905827
0.9 2.118033988749895
0.91 2.0579822120784588
0.92 1.9973797743297097
0.93 1.9362864827930855
0.94 1.8747626291714492
0.95 1.812868930080462
0.96 1.7506664671286085
0.97 1.6882166266370287
0.98 1.625581039058627
0.99 1.5628215181562566
1 1.5
1.01 1.4371784818437434
1.02 1.3744189609413735
1.03 1.3117833733629713
1.04 1.2493335328713915
1.05 1.1871310699195385
1.06 1.1252373708285508
1.07 1.063713517206915
1.08 1.0026202256702905
1.09 0.9420177879215416
1.1 0.8819660112501052
1.11 0.8225241595094174
1.12 0.7637508946306443
1.13 0.7057042187304389
1.14 0.6484414168698547
1.15 0.5920190005209065
1.16 0.5364926517965695
1.85 0.5521980313356336
1.86 0.6077243800599706
1.87 0.6641467964089188
1.88 0.721409598269503
1.89 0.7794562741697084
1.9 0.8382295390484815
1.91 0.8976713907891694
1.92 0.9577231674606057
1.93 1.0183256052093546
1.94 1.0794188967459792
1.95 1.140942750367615
1.96 1.2028364494586026
1.97 1.2650389124104557
1.98 1.3274887529020356
1.99 1.3901243404804375
0 1.4528838613828077
0.01 1.5157053795390643
0.02 1.5785268976953208
0.03 1.641286418597691
0.04 1.703922006176093
0.05 1.7663718466676728
0.06 1.828574309619526
0.07 1.8904680087105135
0.08 1.9519918623321495
0.09 2.013085153868774
0.1 2.0736875916175226
0.11 2.133739368288959
0.12 2.193181220029647
0.13 2.25195448490842
0.14 2.3100011608086257
0.15 2.3672639626692096
0.16 2.423686379018158
0.17 2.479212727742495
0.18 2.5337882110398064
0.19 2.587358969497058
0.2 2.6398721352433254
0.21 2.6912758841240105
0.22 2.741519486845017
0.23 2.7905533590364433
0.24 2.8383291101863675
0.25 2.8847995913964413
0.26 2.9299189419121587
0.27 2.9736426343818874
0.28 3.015927518799983
0.29 3.0567318650906428
0.3 3.096015404290445
0.31 3.1337393682889587
0.32 3.169866528088188
0.33 3.2043612305430944
0.34 3.237189433546951
0.35 3.2683187396267916
0.36 3.2977184279158003
0.37 3.325359484471103
0.38 3.3512146309070268
0.39 3.3752583513155674
0.4 3.397466917447515
0.41 3.417818412129371
0.42 3.4362927508929504
0.43 3.452871701796326
0.44 3.4675389034165587
0.45 3.4802798809964415
0.46 3.4910820607293394
0.47 3.49993478216802
0.48 3.506829308745224
0.49 3.5117588363956074
0.5 3.5147185002705275
0.51 3.515705379539064
0.52 3.5147185002705275
0.53 3.5117588363956074
0.54 3.506829308745224
0.55 3.49993478216802
0.56 3.4910820607293394
0.57 3.4802798809964415
0.58 3.4675389034165587
0.59 3.452871701796326
0.6 3.4362927508929504
0.61 3.417818412129371
0.62 3.397466917447515
0.63 3.3752583513155674
0.64 3.3512146309070268
0.65 3.325359484471103
0.66 3.2977184279158003
0.67 3.2683187396267916
0.68 3.237189433546951
0.69 3.2043612305430944
0.7 3.169866528088188
0.71 3.1337393682889587
0.72 3.096015404290445
0.73 3.0567318650906428
0.74 3.015927518799983
0.75 2.9736426343818874
0.76 2.9299189419121587
0.77 2.8847995913964413
0.78 2.8383291101863675
0.79 2.7905533590364433
0.8 2.741519486845017
0.81 2.6912758841240105
0.82 2.6398721352433254
0.83 2.587358969497058
0.84 2.5337882110398064
0.85 2.479212727742495
0.86 2.423686379018158
0.87 2.3672639626692096
0.88 2.3100011608086257
0.89 2.25195448490842
0.9 2.193181220029647
0.91 2.133739368288959
0.92 2.0736875916175226
0.93 2.013085153868774
0.94 1.9519918623321495
0.95 1.8904680087105135
0.96 1.828574309619526
0.97 1.7663718466676728
0.98 1.703922006176093
0.99 1.641286418597691
1 1.5785268976953208
1.01 1.5157053795390643
1.02 1.4528838613828077
1.03 1.3901243404804375
1.04 1.3274887529020356
1.05 1.2650389124104557
1.06 1.2028364494586026
1.07 1.140942750367615
1.08 1.0794188967459792
1.09 1.0183256052093546
1.1 0.9577231674606057
1.11 0.8976713907891694
1.12 0.8382295390484815
1.13 0.7794562741697084
1.14 0.721409598269503
1.15 0.6641467964089188
1.16 0.6077243800599706
1.17 0.5521980313356336
1.86 0.5678879115612261
1.87 0.6234142602855631
1.88 0.6798366766345113
1.89 0.7370994784950955
1.9 0.7951461543953009
1.91 0.853919419274074
1.92 0.9133612710147618
1.93 0.9734130476861982
1.94 1.034015485434947
1.95 1.0951087769715717
1.96 1.1566326305932075
1.97 1.218526329684195
1.98 1.2807287926360482
1.99 1.343178633127628
0 1.40581422070603
0.01 1.4685737416084002
0.02 1.5313952597646567
0.03 1.5942167779209133
0.04 1.6569762988232835
0.05 1.7196118864016854
0.06 1.7820617268932653
0.07 1.8442641898451184
0.08 1.906157888936106
0.09 1.967681742557742
0.1 2.028775034094366
0.11 2.0893774718431155
0.12 2.1494292485145516
0.13 2.2088711002552395
0.14 2.2676443651340126
0.15 2.3256910410342178
0.16 2.3829538428948025
0.17 2.4393762592437502
0.18 2.494902607968087
0.19 2.5494780912653994
0.2 2.60304884972265
0.21 2.6555620154689183
0.22 2.7069657643496035
0.23 2.75720936707061
0.24 2.8062432392620362
0.25 2.8540189904119604
0.26 2.900489471622034
0.27 2.9456088221377517
0.28 2.9893325146074803
0.29 3.031617399025576
0.3 3.0724217453162357
0.31 3.111705284516038
0.32 3.1494292485145516
0.33 3.18555640831378
0.34 3.2200511107686873
0.35 3.252879313772544
0.36 3.2840086198523837
0.37 3.3134083081413923
0.38 3.341049364696696
0.39 3.366904511132619
0.4 3.3909482315411594
0.41 3.413156797673108
0.42 3.433508292354964
0.43 3.4519826311185433
0.44 3.468561582021919
0.45 3.4832287836421516
0.46 3.4959697612220344
0.47 3.5067719409549323
0.48 3.5156246623936127
0.49 3.5225191889708167
0.5 3.5274487166212003
0.51 3.5304083804961204
0.52 3.5313952597646567
0.53 3.5304083804961204
0.54 3.5274487166212003
0.55 3.5225191889708167
0.56 3.5156246623936127
0.57 3.5067719409549323
0.58 3.4959697612220344
0.59 3.4832287836421516
0.6 3.468561582021919
0.61 3.4519826311185433
0.62 3.433508292354964
0.63 3.413156797673108
0.64 3.3909482315411594
0.65 3.366904511132619
0.66 3.341049364696696
0.67 3.3134083081413923
0.68 3.2840086198523837
0.69 3.252879313772544
0.7 3.2200511107686873
0.71 3.18555640831378
0.72 3.1494292485145516
0.73 3.111705284516038
0.74 3.0724217453162357
0.75 3.031617399025576
0.76 2.9893325146074803
0.77 2.9456088221377517
0.78 2.900489471622034
0.79 2.8540189904119604
0.8 2.8062432392620362
0.81 2.75720936707061
0.82 2.7069657643496035
0.83 2.6555620154689183
0.84 2.60304884972265
0.85 2.5494780912653994
0.86 2.494902607968087
0.87 2.4393762592437502
0.88 2.3829538428948025
0.89 2.3256910410342178
0.9 2.2676443651340126
0.91 2.2088711002552395
0.92 2.1494292485145516
0.93 2.0893774718431155
0.94 2.028775034094366
0.95 1.967681742557742
0.96 1.906157888936106
0.97 1.8442641898451184
0.98 1.7820617268932653
0.99 1.7196118864016854
1 1.6569762988232835
1.01 1.5942167779209133
1.02 1.5313952597646567
1.03 1.4685737416084002
1.04 1.40581422070603
1.05 1.343178633127628
1.06 1.2807287926360482
1.07 1.218526329684195
1.08 1.1566326305932075
1.09 1.0951087769715717
1.1 1.034015485434947
1.11 0.9734130476861982
1.12 0.9133612710147618
1.13 0.853919419274074
1.14 0.7951461543953009
1.15 0.7370994784950955
1.16 0.6798366766345113
1.17 0.6234142602855631
1.18 0.5678879115612261
1.87 0.5835468084558266
1.88 0.6390731571801637
1.89 0.6954955735291118
1.9 0.752758375389696
1.91 0.8108050512899014
1.92 0.8695783161686745
1.93 0.9290201679093624
1.94 0.9890719445807987
1.95 1.0496743823295476
1.96 1.1107676738661723
1.97 1.172291527487808
1.98 1.2341852265787956
1.99 1.2963876895306488
0 1.3588375300222286
0.01 1.4214731176006306
0.02 1.4842326385030007
0.03 1.5470541566592573
0.04 1.6098756748155139
0.05 1.672635195717884
0.06 1.735270783296286
0.07 1.7977206237878658
0.08 1.859923086739719
0.09 1.9218167858307065
0.1 1.9833406394523425
0.11 2.0444339309889665
0.12 2.105036368737716
0.13 2.165088145409152
0.14 2.22452999714984
0.15 2.283303262028613
0.16 2.3413499379288183
0.17 2.398612739789403
0.18 2.4550351561383508
0.19 2.5105615048626877
0.2 2.56513698816
0.21 2.6187077466172504
0.22 2.671220912363519
0.23 2.722624661244204
0.24 2.7728682639652105
0.25 2.8219021361566368
0.26 2.869677887306561
0.27 2.9161483685166347
0.28 2.961267719032352
0.29 3.004991411502081
0.3 3.0472762959201765
0.31 3.0880806422108362
0.32 3.1273641814106385
0.33 3.165088145409152
0.34 3.2012153052083807
0.35 3.235710007663288
0.36 3.2685382106671446
0.37 3.299667516746984
0.38 3.329067205035993
0.39 3.3567082615912964
0.4 3.3825634080272193
0.41 3.40660712843576
0.42 3.4288156945677084
0.43 3.4491671892495646
0.44 3.467641528013144
0.45 3.4842204789165194
0.46 3.498887680536752
0.47 3.511628658116635
0.48 3.522430837849533
0.49 3.5312835592882132
0.5 3.5381780858654173
0.51 3.543107613515801
0.52 3.546067277390721
0.53 3.5470541566592573
0.54 3.546067277390721
0.55 3.543107613515801
0.56 3.5381780858654173
0.57 3.5312835592882132
0.58 3.522430837849533
0.59 3.511628658116635
0.6 3.498887680536752
0.61 3.4842204789165194
0.62 3.467641528013144
0.63 3.4491671892495646
0.64 3.4288156945677084
0.65 3.40660712843576
0.66 3.3825634080272193
0.67 3.3567082615912964
0.68 3.329067205035993
0.69 3.299667516746984
0.7 3.2685382106671446
0.71 3.235710007663288
0.72 3.2012153052083807
0.73 3.165088145409152
0.74 3.1273641814106385
0.75 3.0880806422108362
0.76 3.0472762959201765
0.77 3.004991411502081
0.78 2.961267719032352
0.79 2.9161483685166347
0.8 2.869677887306561
0.81 2.8219021361566368
0.82 2.7728682639652105
0.83 2.722624661244204
0.84 2.671220912363519
0.85 2.6187077466172504
0.86 2.56513698816
0.87 2.5105615048626877
0.88 2.4550351561383508
0.89 2.398612739789403
0.9 2.3413499379288183
0.91 2.283303262028613
0.92 2.22452999714984
0.93 2.165088145409152
0.94 2.105036368737716
0.95 2.0444339309889665
0.96 1.9833406394523425
0.97 1.9218167858307065
0.98 1.859923086739719
0.99 1.7977206237878658
1 1.735270783296286
1.01 1.672635195717884
1.02 1.6098756748155139
1.03 1.5470541566592573
1.04 1.4842326385030007
1.05 1.4214731176006306
1.06 1.3588375300222286
1.07 1.2963876895306488
1.08 1.2341852265787956
1.09 1.172291527487808
1.1 1.1107676738661723
1.11 1.0496743823295476
1.12 0.9890719445807987
1.13 0.9290201679093624
1.14 0.8695783161686745
1.15 0.8108050512899014
1.16 0.752758375389696
1.17 0.6954955735291118
1.18 0.6390731571801637
1.19 0.5835468084558266
1.88 0.5991592685787216
1.89 0.6546856173030586
1.9 0.7111080336520068
1.91 0.768370835512591
1.92 0.8264175114127964
1.93 0.8851907762915695
1.94 0.9446326280322573
1.95 1.0046844047036938
1.96 1.0652868424524427
1.97 1.1263801339890671
1.98 1.187903987610703
1.99 1.2497976867016907
0 1.3120001496535436
0.01 1.3744499901451235
0.02 1.4370855777235256
0.03 1.4998450986258955
0.04 1.5626666167821521
0.05 1.6254881349384087
0.06 1.688247655840779
0.07 1.7508832434191808
0.08 1.8133330839107606
0.09 1.875535546862614
0.1 1.9374292459536013
0.11 1.9989530995752376
0.12 2.060046391111862
0.13 2.120648828860611
0.14 2.180700605532047
0.15 2.240142457272735
0.16 2.298915722151508
0.17 2.3569623980517136
0.18 2.414225199912298
0.19 2.470647616261246
0.2 2.526173964985583
0.21 2.5807494482828948
0.22 2.6343202067401457
0.23 2.6868333724864137
0.24 2.738237121367099
0.25 2.7884807240881053
0.26 2.8375145962795316
0.27 2.885290347429456
0.28 2.9317608286395296
0.29 2.976880179155247
0.3 3.0206038716249757
0.31 3.0628887560430713
0.32 3.103693102333731
0.33 3.1429766415335334
0.34 3.180700605532047
0.35 3.216827765331276
0.36 3.2513224677861827
0.37 3.2841506707900394
0.38 3.3152799768698795
0.39 3.344679665158888
0.4 3.3723207217141913
0.41 3.3981758681501146
0.42 3.4222195885586553
0.43 3.4444281546906033
0.44 3.4647796493724594
0.45 3.4832539881360387
0.46 3.4998329390394143
0.47 3.514500140659647
0.48 3.52724111823953
0.49 3.5380432979724277
0.5 3.546896019411108
0.51 3.553790545988312
0.52 3.5587200736386957
0.53 3.5616797375136158
0.54 3.562666616782152
0.55 3.5616797375136158
0.56 3.5587200736386957
0.57 3.553790545988312
0.58 3.546896019411108
0.59 3.5380432979724277
0.6 3.52724111823953
0.61 3.514500140659647
0.62 3.4998329390394143
0.63 3.4832539881360387
0.64 3.4647796493724594
0.65 3.4444281546906033
0.66 3.4222195885586553
0.67 3.3981758681501146
0.68 3.3723207217141913
0.69 3.344679665158888
0.7 3.3152799768698795
0.71 3.2841506707900394
0.72 3.2513224677861827
0.73 3.216827765331276
0.74 3.180700605532047
0.75 3.1429766415335334
0.76 3.103693102333731
0.77 3.0628887560430713
0.78 3.0206038716249757
0.79 2.976880179155247
0.8 2.9317608286395296
0.81 2.885290347429456
0.82 2.8375145962795316
0.83 2.7884807240881053
0.84 2.738237121367099
0.85 2.6868333724864137
0.86 2.6343202067401457
0.87 2.5807494482828948
0.88 2.526173964985583
0.89 2.470647616261246
0.9 2.414225199912298
0.91 2.3569623980517136
0.92 2.298915722151508
0.93 2.240142457272735
0.94 2.180700605532047
0.95 2.120648828860611
0.96 2.060046391111862
0.97 1.9989530995752376
0.98 1.9374292459536013
0.99 1.875535546862614
1 1.8133330839107606
1.01 1.7508832434191808
1.02 1.688247655840779
1.03 1.6254881349384087
1.04 1.5626666167821521
1.05 1.4998450986258955
1.06 1.4370855777235256
1.07 1.3744499901451235
1.08 1.3120001496535436
1.09 1.2497976867016907
1.1 1.187903987610703
1.11 1.1263801339890671
1.12 1.0652868424524427
1.13 1.0046844047036938
1.14 0.9446326280322573
1.15 0.8851907762915695
1.16 0.8264175114127964
1.17 0.768370835512591
1.18 0.7111080336520068
1.19 0.6546856173030586
1.2 0.5991592685787216
1.89 0.6147098843166849
1.9 0.670236233041022
1.91 0.7266586493899702
1.92 0.7839214512505543
1.93 0.8419681271507597
1.94 0.9007413920295329
1.95 0.9601832437702207
1.96 1.020235020441657
1.97 1.0808374581904059
1.98 1.1419307497270306
1.99 1.2034546033486664
0 1.265348302439654
0.01 1.327550765391507
0.02 1.390000605883087
0.03 1.4526361934614889
0.04 1.515395714363859
0.05 1.5782172325201156
0.06 1.6410387506763722
0.07 1.7037982715787423
0.08 1.7664338591571442
0.09 1.828883699648724
0.1 1.8910861626005773
0.11 1.9529798616915648
0.12 2.014503715313201
0.13 2.075597006849825
0.14 2.1361994445985744
0.15 2.1962512212700105
0.16 2.2556930730106983
0.17 2.3144663378894714
0.18 2.3725130137896766
0.19 2.4297758156502614
0.2 2.486198231999209
0.21 2.541724580723546
0.22 2.5963000640208582
0.23 2.6498708224781087
0.24 2.702383988224377
0.25 2.7537877371050623
0.26 2.804031339826069
0.27 2.853065212017495
0.28 2.9008409631674192
0.29 2.947311444377493
0.3 2.9924307948932105
0.31 3.036154487362939
0.32 3.0784393717810348
0.33 3.1192437180716945
0.34 3.158527257271497
0.35 3.1962512212700105
0.36 3.232378381069239
0.37 3.266873083524146
0.38 3.299701286528003
0.39 3.3308305926078425
0.4 3.360230280896851
0.41 3.3878713374521547
0.42 3.4137264838880776
0.43 3.4377702042966183
0.44 3.4599787704285667
0.45 3.480330265110423
0.46 3.498804603874002
0.47 3.5153835547773777
0.48 3.5300507563976105
0.49 3.5427917339774933
0.5 3.553593913710391
0.51 3.5624466351490716
0.52 3.5693411617262756
0.53 3.574270689376659
0.54 3.5772303532515792
0.55 3.5782172325201156
0.56 3.5772303532515792
0.57 3.574270689376659
0.58 3.5693411617262756
0.59 3.5624466351490716
0.6 3.553593913710391
0.61 3.5427917339774933
0.62 3.5300507563976105
0.63 3.5153835547773777
0.64 3.498804603874002
0.65 3.480330265110423
0.66 3.4599787704285667
0.67 3.4377702042966183
0.68 3.4137264838880776
0.69 3.3878713374521547
0.7 3.360230280896851
0.71 3.3308305926078425
0.72 3.299701286528003
0.73 3.266873083524146
0.74 3.232378381069239
0.75 3.1962512212700105
0.76 3.158527257271497
0.77 3.1192437180716945
0.78 3.0784393717810348
0.79 3.036154487362939
0.8 2.9924307948932105
0.81 2.947311444377493
0.82 2.9008409631674192
0.83 2.853065212017495
0.84 2.804031339826069
0.85 2.7537877371050623
0.86 2.702383988224377
0.87 2.6498708224781087
0.88 2.5963000640208582
0.89 2.541724580723546
0.9 2.486198231999209
0.91 2.4297758156502614
0.92 2.3725130137896766
0.93 2.3144663378894714
0.94 2.2556930730106983
0.95 2.1962512212700105
0.96 2.1361994445985744
0.97 2.075597006849825
0.98 2.014503715313201
0.99 1.9529798616915648
1 1.8910861626005773
1.01 1.828883699648724
1.02 1.7664338591571442
1.03 1.7037982715787423
1.04 1.6410387506763722
1.05 1.5782172325201156
1.06 1.515395714363859
1.07 1.4526361934614889
1.08 1.390000605883087
1.09 1.327550765391507
1.1 1.265348302439654
1.11 1.2034546033486664
1.12 1.1419307497270306
1.13 1.0808374581904059
1.14 1.020235020441657
1.15 0.9601832437702207
1.16 0.9007413920295329
1.17 0.8419681271507597
1.18 0.7839214512505543
1.19 0.7266586493899702
1.2 0.670236233041022
1.21 0.6147098843166849
1.9 0.6301833090894318
1.91 0.6857096578137688
1.92 0.742132074162717
1.93 0.7993948760233012
1.94 0.8574415519235066
1.95 0.9162148168022797
1.96 0.9756566685429675
1.97 1.0357084452144039
1.98 1.0963108829631527
1.99 1.1574041744997774
0 1.2189280281214132
0.01 1.2808217272124007
0.02 1.343024190164254
0.03 1.4054740306558338
0.04 1.4681096182342357
0.05 1.5308691391366058
0.06 1.5936906572928624
0.07 1.656512175449119
0.08 1.7192716963514891
0.09 1.781907283929891
0.1 1.844357124421471
0.11 1.906559587373324
0.12 1.9684532864643116
0.13 2.029977140085948
0.14 2.0910704316225717
0.15 2.151672869371321
0.16 2.2117246460427573
0.17 2.271166497783445
0.18 2.3299397626622183
0.19 2.3879864385624234
0.2 2.445249240423008
0.21 2.501671656771956
0.22 2.557198005496293
0.23 2.611773488793605
0.24 2.6653442472508555
0.25 2.717857412997124
0.26 2.769261161877809
0.27 2.8195047645988156
0.28 2.868538636790242
0.29 2.916314387940166
0.3 2.96278486915024
0.31 3.0079042196659573
0.32 3.051627912135686
0.33 3.0939127965537816
0.34 3.1347171428444414
0.35 3.1740006820442437
0.36 3.2117246460427573
0.37 3.247851805841986
0.38 3.282346508296893
0.39 3.3151747113007497
0.4 3.3463040173805894
0.41 3.375703705669598
0.42 3.4033447622249016
0.43 3.4291999086608245
0.44 3.453243629069365
0.45 3.4754521952013135
0.46 3.4958036898831697
0.47 3.514278028646749
0.48 3.5308569795501246
0.49 3.5455241811703573
0.5 3.55826515875024
0.51 3.569067338483138
0.52 3.5779200599218184
0.53 3.5848145864990224
0.54 3.589744114149406
0.55 3.592703778024326
0.56 3.5936906572928624
0.57 3.592703778024326
0.58 3.589744114149406
0.59 3.5848145864990224
0.6 3.5779200599218184
0.61 3.569067338483138
0.62 3.55826515875024
0.63 3.5455241811703573
0.64 3.5308569795501246
0.65 3.514278028646749
0.66 3.4958036898831697
0.67 3.4754521952013135
0.68 3.453243629069365
0.69 3.4291999086608245
0.7 3.4033447622249016
0.71 3.375703705669598
0.72 3.3463040173805894
0.73 3.3151747113007497
0.74 3.282346508296893
0.75 3.247851805841986
0.76 3.2117246460427573
0.77 3.1740006820442437
0.78 3.1347171428444414
0.79 3.0939127965537816
0.8 3.051627912135686
0.81 3.0079042196659573
0.82 2.96278486915024
0.83 2.916314387940166
0.84 2.868538636790242
0.85 2.8195047645988156
0.86 2.769261161877809
0.87 2.717857412997124
0.88 2.6653442472508555
0.89 2.611773488793605
0.9 2.557198005496293
0.91 2.501671656771956
0.92 2.445249240423008
0.93 2.3879864385624234
0.94 2.3299397626622183
0.95 2.271166497783445
0.96 2.2117246460427573
0.97 2.151672869371321
0.98 2.0910704316225717
0.99 2.029977140085948
1 1.9684532864643116
1.01 1.906559587373324
1.02 1.844357124421471
1.03 1.781907283929891
1.04 1.7192716963514891
1.05 1.656512175449119
1.06 1.5936906572928624
1.07 1.5308691391366058
1.08 1.4681096182342357
1.09 1.4054740306558338
1.1 1.343024190164254
1.11 1.2808217272124007
1.12 1.2189280281214132
1.13 1.1574041744997774
1.14 1.0963108829631527
1.15 1.0357084452144039
1.16 0.9756566685429675
1.17 0.9162148168022797
1.18 0.8574415519235066
1.19 0.7993948760233012
1.2 0.742132074162717
1.21 0.6857096578137688
1.22 0.6301833090894318
1.91 0.6455642724948407
1.92 0.7010906212191778
1.93 0.7575130375681259
1.94 0.8147758394287101
1.95 0.8728225153289155
1.96 0.9315957802076886
1.97 0.9910376319483765
1.98 1.0510894086198128
1.99 1.1116918463685619
0 1.1727851379051861
0.01 1.2343089915268222
0.02 1.2962026906178097
0.03 1.3584051535696628
0.04 1.4208549940612427
0.05 1.4834905816396446
0.06 1.5462501025420148
0.07 1.6090716206982714
0.08 1.671893138854528
0.09 1.734652659756898
0.1 1.7972882473353
0.11 1.8597380878268799
0.12 1.921940550778733
0.13 1.9838342498697206
0.14 2.0453581034913566
0.15 2.106451395027981
0.16 2.16705383277673
0.17 2.2271056094481665
0.18 2.286547461188854
0.19 2.3453207260676274
0.2 2.4033674019678326
0.21 2.460630203828417
0.22 2.517052620177365
0.23 2.572578968901702
0.24 2.627154452199014
0.25 2.6807252106562647
0.26 2.7332383764025328
0.27 2.784642125283218
0.28 2.8348857280042243
0.29 2.8839196001956506
0.3 2.931695351345575
0.31 2.9781658325556486
0.32 3.023285183071366
0.33 3.0670088755410947
0.34 3.1092937599591903
0.35 3.15009810624985
0.36 3.1893816454496524
0.37 3.227105609448166
0.38 3.263232769247395
0.39 3.2977274717023017
0.4 3.3305556747061584
0.41 3.3616849807859985
0.42 3.391084669075007
0.43 3.4187257256303103
0.44 3.4445808720662336
0.45 3.4686245924747743
0.46 3.4908331586067223
0.47 3.5111846532885784
0.48 3.5296589920521577
0.49 3.5462379429555333
0.5 3.560905144575766
0.51 3.573646122155649
0.52 3.5844483018885467
0.53 3.593301023327227
0.54 3.600195549904431
0.55 3.6051250775548147
0.56 3.608084741429735
0.57 3.609071620698271
0.58 3.608084741429735
0.59 3.6051250775548147
0.6 3.600195549904431
0.61 3.593301023327227
0.62 3.5844483018885467
0.63 3.573646122155649
0.64 3.560905144575766
0.65 3.5462379429555333
0.66 3.5296589920521577
0.67 3.5111846532885784
0.68 3.4908331586067223
0.69 3.4686245924747743
0.7 3.4445808720662336
0.71 3.4187257256303103
0.72 3.391084669075007
0.73 3.3616849807859985
0.74 3.3305556747061584
0.75 3.2977274717023017
0.76 3.263232769247395
0.77 3.227105609448166
0.78 3.1893816454496524
0.79 3.15009810624985
0.8 3.1092937599591903
0.81 3.0670088755410947
0.82 3.023285183071366
0.83 2.9781658325556486
0.84 2.931695351345575
0.85 2.8839196001956506
0.86 2.8348857280042243
0.87 2.784642125283218
0.88 2.7332383764025328
0.89 2.6807252106562647
0.9 2.627154452199014
0.91 2.572578968901702
0.92 2.517052620177365
0.93 2.460630203828417
0.94 2.4033674019678326
0.95 2.3453207260676274
0.96 2.286547461188854
0.97 2.2271056094481665
0.98 2.16705383277673
0.99 2.106451395027981
1 2.0453581034913566
1.01 1.9838342498697206
1.02 1.921940550778733
1.03 1.8597380878268799
1.04 1.7972882473353
1.05 1.734652659756898
1.06 1.671893138854528
1.07 1.6090716206982714
1.08 1.5462501025420148
1.09 1.4834905816396446
1.1 1.4208549940612427
1.11 1.3584051535696628
1.12 1.2962026906178097
1.13 1.2343089915268222
1.14 1.1727851379051861
1.15 1.1116918463685619
1.16 1.0510894086198128
1.17 0.9910376319483765
1.18 0.9315957802076886
1.19 0.8728225153289155
1.2 0.8147758394287101
1.21 0.7575130375681259
1.22 0.7010906212191778
1.23 0.6455642724948407
1.92 0.6608375953789969
1.93 0.7163639441033339
1.94 0.7727863604522821
1.95 0.8300491623128663
1.96 0.8880958382130717
1.97 0.9468691030918448
1.98 1.0063109548325326
1.99 1.066362731503969
0 1.1269651692527178
0.01 1.1880584607893425
0.02 1.2495823144109783
0.03 1.3114760135019659
0.04 1.373678476453819
0.05 1.4361283169453989
0.06 1.4987639045238008
0.07 1.561523425426171
0.08 1.6243449435824275
0.09 1.6871664617386841
0.1 1.7499259826410543
0.11 1.8125615702194562
0.12 1.875011410711036
0.13 1.9372138736628892
0.14 1.9991075727538767
0.15 2.0606314263755126
0.16 2.1217247179121372
0.17 2.182327155660886
0.18 2.2423789323323224
0.19 2.3018207840730103
0.2 2.3605940489517834
0.21 2.418640724851989
0.22 2.475903526712573
0.23 2.5323259430615215
0.24 2.5878522917858584
0.25 2.6424277750831697
0.26 2.695998533540421
0.27 2.7485116992866887
0.28 2.799915448167374
0.29 2.8501590508883803
0.3 2.8991929230798066
0.31 2.9469686742297307
0.32 2.9934391554398045
0.33 3.038558505955522
0.34 3.0822821984252506
0.35 3.1245670828433463
0.36 3.165371429134006
0.37 3.2046549683338084
0.38 3.242378932332322
0.39 3.2785060921315514
0.4 3.3130007945864577
0.41 3.3458289975903144
0.42 3.376958303670155
0.43 3.4063579919591636
0.44 3.4339990485144662
0.45 3.45985419495039
0.46 3.4838979153589307
0.47 3.5061064814908782
0.48 3.5264579761727344
0.49 3.5449323149363137
0.5 3.5615112658396892
0.51 3.576178467459922
0.52 3.5889194450398048
0.53 3.5997216247727026
0.54 3.608574346211383
0.55 3.615468872788587
0.56 3.6203984004389707
0.57 3.6233580643138907
0.58 3.624344943582427
0.59 3.6233580643138907
0.6 3.6203984004389707
0.61 3.615468872788587
0.62 3.608574346211383
0.63 3.5997216247727026
0.64 3.5889194450398048
0.65 3.576178467459922
0.66 3.5615112658396892
0.67 3.5449323149363137
0.68 3.5264579761727344
0.69 3.5061064814908782
0.7 3.4838979153589307
0.71 3.45985419495039
0.72 3.4339990485144662
0.73 3.4063579919591636
0.74 3.376958303670155
0.75 3.3458289975903144
0.76 3.3130007945864577
0.77 3.2785060921315514
0.78 3.242378932332322
0.79 3.2046549683338084
0.8 3.165371429134006
0.81 3.1245670828433463
0.82 3.0822821984252506
0.83 3.038558505955522
0.84 2.9934391554398045
0.85 2.9469686742297307
0.86 2.8991929230798066
0.87 2.8501590508883803
0.88 2.799915448167374
0.89 2.7485116992866887
0.9 2.695998533540421
0.91 2.6424277750831697
0.92 2.5878522917858584
0.93 2.5323259430615215
0.94 2.475903526712573
0.95 2.418640724851989
0.96 2.3605940489517834
0.97 2.3018207840730103
0.98 2.2423789323323224
0.99 2.182327155660886
1 2.1217247179121372
1.01 2.0606314263755126
1.02 1.9991075727538767
1.03 1.9372138736628892
1.04 1.875011410711036
1.05 1.8125615702194562
1.06 1.7499259826410543
1.07 1.6871664617386841
1.08 1.6243449435824275
1.09 1.561523425426171
1.1 1.4987639045238008
1.11 1.4361283169453989
1.12 1.373678476453819
1.13 1.3114760135019659
1.14 1.2495823144109783
1.15 1.1880584607893425
1.16 1.1269651692527178
1.17 1.066362731503969
1.18 1.0063109548325326
1.19 0.9468691030918448
1.2 0.8880958382130717
1.21 0.8300491623128663
1.22 0.7727863604522821
1.23 0.7163639441033339
1.24 0.6608375953789969
1.93 0.675988204816184
1.94 0.7315145535405211
1.95 0.7879369698894693
1.96 0.8451997717500535
1.97 0.9032464476502589
1.98 0.962019712529032
1.99 1.0214615642697198
0 1.0815133409411561
0.01 1.142115778689905
0.02 1.2032090702265297
0.03 1.2647329238481655
0.04 1.326626622939153
0.05 1.3888290858910062
0.06 1.451278926382586
0.07 1.513914513960988
0.08 1.576674034863358
0.09 1.6394955530196147
0.1 1.7023170711758713
0.11 1.7650765920782414
0.12 1.8277121796566433
0.13 1.8901620201482232
0.14 1.9523644831000764
0.15 2.014258182191064
0.16 2.0757820358126997
0.17 2.1368753273493244
0.18 2.197477765098073
0.19 2.2575295417695096
0.2 2.3169713935101974
0.21 2.3757446583889705
0.22 2.433791334289176
0.23 2.49105413614976
0.24 2.5474765524987086
0.25 2.6030029012230456
0.26 2.657578384520357
0.27 2.7111491429776082
0.28 2.763662308723876
0.29 2.815066057604561
0.3 2.8653096603255674
0.31 2.9143435325169937
0.32 2.962119283666918
0.33 3.0085897648769917
0.34 3.053709115392709
0.35 3.097432807862438
0.36 3.1397176922805334
0.37 3.180522038571193
0.38 3.2198055777709955
0.39 3.257529541769509
0.4 3.2936567015687386
0.41 3.328151404023645
0.42 3.3609796070275015
0.43 3.392108913107342
0.44 3.4215086013963507
0.45 3.4491496579516534
0.46 3.475004804387577
0.47 3.499048524796118
0.48 3.5212570909280654
0.49 3.5416085856099215
0.5 3.560082924373501
0.51 3.5766618752768764
0.52 3.591329076897109
0.53 3.604070054476992
0.54 3.61487223420989
0.55 3.6237249556485702
0.56 3.6306194822257742
0.57 3.635549009876158
0.58 3.638508673751078
0.59 3.6394955530196142
0.6 3.638508673751078
0.61 3.635549009876158
0.62 3.6306194822257742
0.63 3.6237249556485702
0.64 3.61487223420989
0.65 3.604070054476992
0.66 3.591329076897109
0.67 3.5766618752768764
0.68 3.560082924373501
0.69 3.5416085856099215
0.7 3.5212570909280654
0.71 3.499048524796118
0.72 3.475004804387577
0.73 3.4491496579516534
0.74 3.4215086013963507
0.75 3.392108913107342
0.76 3.3609796070275015
0.77 3.328151404023645
0.78 3.2936567015687386
0.79 3.257529541769509
0.8 3.2198055777709955
0.81 3.180522038571193
0.82 3.1397176922805334
0.83 3.097432807862438
0.84 3.053709115392709
0.85 3.0085897648769917
0.86 2.962119283666918
0.87 2.9143435325169937
0.88 2.8653096603255674
0.89 2.815066057604561
0.9 2.763662308723876
0.91 2.7111491429776082
0.92 2.657578384520357
0.93 2.6030029012230456
0.94 2.5474765524987086
0.95 2.49105413614976
0.96 2.433791334289176
0.97 2.3757446583889705
0.98 2.3169713935101974
0.99 2.2575295417695096
1 2.197477765098073
1.01 2.1368753273493244
1.02 2.0757820358126997
1.03 2.014258182191064
1.04 1.9523644831000764
1.05 1.8901620201482232
1.06 1.8277121796566433
1.07 1.7650765920782414
1.08 1.7023170711758713
1.09 1.6394955530196147
1.1 1.576674034863358
1.11 1.513914513960988
1.12 1.451278926382586
1.13 1.3888290858910062
1.14 1.326626622939153
1.15 1.2647329238481655
1.16 1.2032090702265297
1.17 1.142115778689905
1.18 1.0815133409411561
1.19 1.0214615642697198
1.2 0.962019712529032
1.21 0.9032464476502589
1.22 0.8451997717500535
1.23 0.7879369698894693
1.24 0.7315145535405211
1.25 0.675988204816184
1.94 0.6910011489840431
1.95 0.7465274977083801
1.96 0.8029499140573283
1.97 0.8602127159179125
1.98 0.9182593918181179
1.99 0.977032656696891
0 1.0364745084375788
0.01 1.0965262851090152
0.02 1.157128722857764
0.03 1.2182220143943887
0.04 1.2797458680160245
0.05 1.341639567107012
0.06 1.4038420300588652
0.07 1.466291870550445
0.08 1.528927458128847
0.09 1.5916869790312171
0.1 1.6545084971874737
0.11 1.7173300153437303
0.12 1.7800895362461004
0.13 1.8427251238245024
0.14 1.9051749643160822
0.15 1.9673774272679354
0.16 2.029271126358923
0.17 2.0907949799805587
0.18 2.1518882715171834
0.19 2.212490709265932
0.2 2.2725424859373686
0.21 2.3319843376780565
0.22 2.3907576025568296
0.23 2.448804278457035
0.24 2.506067080317619
0.25 2.5624894966665677
0.26 2.6180158453909046
0.27 2.672591328688216
0.28 2.7261620871454673
0.29 2.778675252891735
0.3 2.83007900177242
0.31 2.8803226044934265
0.32 2.9293564766848528
0.33 2.977132227834777
0.34 3.0236027090448507
0.35 3.068722059560568
0.36 3.112445752030297
0.37 3.1547306364483925
0.38 3.1955349827390522
0.39 3.2348185219388546
0.4 3.272542485937368
0.41 3.3086696457365976
0.42 3.343164348191504
0.43 3.3759925511953606
0.44 3.407121857275201
0.45 3.4365215455642097
0.46 3.4641626021195124
0.47 3.4900177485554362
0.48 3.514061468963977
0.49 3.5362700350959244
0.5 3.5566215297777806
0.51 3.57509586854136
0.52 3.5916748194447354
0.53 3.606342021064968
0.54 3.619082998644851
0.55 3.629885178377749
0.56 3.6387378998164293
0.57 3.6456324263936333
0.58 3.650561954044017
0.59 3.653521617918937
0.6 3.6545084971874733
0.61 3.653521617918937
0.62 3.650561954044017
0.63 3.6456324263936333
0.64 3.6387378998164293
0.65 3.629885178377749
0.66 3.619082998644851
0.67 3.606342021064968
0.68 3.5916748194447354
0.69 3.57509586854136
0.7 3.5566215297777806
0.71 3.5362700350959244
0.72 3.514061468963977
0.73 3.4900177485554362
0.74 3.4641626021195124
0.75 3.4365215455642097
0.76 3.407121857275201
0.77 3.3759925511953606
0.78 3.343164348191504
0.79 3.3086696457365976
0.8 3.272542485937368
0.81 3.2348185219388546
0.82 3.1955349827390522
0.83 3.1547306364483925
0.84 3.112445752030297
0.85 3.068722059560568
0.86 3.0236027090448507
0.87 2.977132227834777
0.88 2.9293564766848528
0.89 2.8803226044934265
0.9 2.83007900177242
0.91 2.778675252891735
0.92 2.7261620871454673
0.93 2.672591328688216
0.94 2.6180158453909046
0.95 2.5624894966665677
0.96 2.506067080317619
0.97 2.448804278457035
0.98 2.3907576025568296
0.99 2.3319843376780565
1 2.2725424859373686
1.01 2.212490709265932
1.02 2.1518882715171834
1.03 2.0907949799805587
1.04 2.029271126358923
1.05 1.9673774272679354
1.06 1.9051749643160822
1.07 1.8427251238245024
1.08 1.7800895362461004
1.09 1.7173300153437303
1.1 1.6545084971874737
1.11 1.5916869790312171
1.12 1.528927458128847
1.13 1.466291870550445
1.14 1.4038420300588652
1.15 1.341639567107012
1.16 1.2797458680160245
1.17 1.2182220143943887
1.18 1.157128722857764
1.19 1.0965262851090152
1.2 1.0364745084375788
1.21 0.977032656696891
1.22 0.9182593918181179
1.23 0.8602127159179125
1.24 0.8029499140573283
1.25 0.7465274977083801
1.26 0.6910011489840431
1.95 0.7058616119192151
1.96 0.7613879606435522
1.97 0.8178103769925004
1.98 0.8750731788530846
1.99 0.93311985475329
0 0.9918931196320631
0.01 1.051334971372751
0.02 1.1113867480441872
0.03 1.171989185792936
0.04 1.2330824773295608
0.05 1.2946063309511966
0.06 1.3565000300421841
0.07 1.4187024929940373
0.08 1.4811523334856171
0.09 1.543787921064019
0.1 1.6065474419663892
0.11 1.6693689601226458
0.12 1.7321904782789024
0.13 1.7949499991812725
0.14 1.8575855867596744
0.15 1.9200354272512543
0.16 1.9822378902031075
0.17 2.044131589294095
0.18 2.1056554429157313
0.19 2.166748734452355
0.2 2.2273511722011046
0.21 2.2874029488725407
0.22 2.3468448006132285
0.23 2.4056180654920016
0.24 2.463664741392207
0.25 2.5209275432527916
0.26 2.5773499596017393
0.27 2.632876308326076
0.28 2.6874517916233884
0.29 2.741022550080639
0.3 2.7935357158269074
0.31 2.8449394647075925
0.32 2.895183067428599
0.33 2.9442169396200253
0.34 2.9919926907699494
0.35 3.0384631719800232
0.36 3.0835825224957407
0.37 3.1273062149654693
0.38 3.169591099383565
0.39 3.2103954456742247
0.4 3.249678984874027
0.41 3.2874029488725407
0.42 3.3235301086717692
0.43 3.3580248111266764
0.44 3.390853014130533
0.45 3.4219823202103727
0.46 3.4513820084993814
0.47 3.479023065054685
0.48 3.504878211490608
0.49 3.5289219318991485
0.5 3.551130498031097
0.51 3.571481992712953
0.52 3.5899563314765324
0.53 3.606535282379908
0.54 3.6212024840001407
0.55 3.6339434615800235
0.56 3.6447456413129213
0.57 3.6535983627516018
0.58 3.660492889328806
0.59 3.6654224169791894
0.6 3.6683820808541094
0.61 3.669368960122646
0.62 3.6683820808541094
0.63 3.6654224169791894
0.64 3.660492889328806
0.65 3.6535983627516018
0.66 3.6447456413129213
0.67 3.6339434615800235
0.68 3.6212024840001407
0.69 3.606535282379908
0.7 3.5899563314765324
0.71 3.571481992712953
0.72 3.551130498031097
0.73 3.5289219318991485
0.74 3.504878211490608
0.75 3.479023065054685
0.76 3.4513820084993814
0.77 3.4219823202103727
0.78 3.390853014130533
0.79 3.3580248111266764
0.8 3.3235301086717692
0.81 3.2874029488725407
0.82 3.249678984874027
0.83 3.2103954456742247
0.84 3.169591099383565
0.85 3.1273062149654693
0.86 3.0835825224957407
0.87 3.0384631719800232
0.88 2.9919926907699494
0.89 2.9442169396200253
0.9 2.895183067428599
0.91 2.8449394647075925
0.92 2.7935357158269074
0.93 2.741022550080639
0.94 2.6874517916233884
0.95 2.632876308326076
0.96 2.5773499596017393
0.97 2.5209275432527916
0.98 2.463664741392207
0.99 2.4056180654920016
1 2.3468448006132285
1.01 2.2874029488725407
1.02 2.2273511722011046
1.03 2.166748734452355
1.04 2.1056554429157313
1.05 2.044131589294095
1.06 1.9822378902031075
1.07 1.9200354272512543
1.08 1.8575855867596744
1.09 1.7949499991812725
1.1 1.7321904782789024
1.11 1.6693689601226458
1.12 1.6065474419663892
1.13 1.543787921064019
1.14 1.4811523334856171
1.15 1.4187024929940373
1.16 1.3565000300421841
1.17 1.2946063309511966
1.18 1.2330824773295608
1.19 1.171989185792936
1.2 1.1113867480441872
1.21 1.051334971372751
1.22 0.9918931196320631
1.23 0.93311985475329
1.24 0.8750731788530846
1.25 0.8178103769925004
1.26 0.7613879606435522
1.27 0.7058616119192151
1.96 0.7205549281389083
1.97 0.7760812768632454
1.98 0.8325036932121935
1.99 0.8897664950727777
0 0.9478131709729831
0.01 1.0065864358517562
0.02 1.066028287592444
0.03 1.1260800642638804
0.04 1.1866825020126295
0.05 1.2477757935492537
0.06 1.3092996471708898
0.07 1.3711933462618773
0.08 1.4333958092137304
0.09 1.4958456497053103
0.1 1.5584812372837122
0.11 1.6212407581860824
0.12 1.684062276342339
0.13 1.7468837944985955
0.14 1.8096433154009657
0.15 1.8722789029793676
0.16 1.9347287434709475
0.17 1.9969312064228006
0.18 2.058824905513788
0.19 2.120348759135424
0.2 2.1814420506720484
0.21 2.2420444884207975
0.22 2.302096265092234
0.23 2.3615381168329215
0.24 2.420311381711695
0.25 2.4783580576119
0.26 2.5356208594724845
0.27 2.5920432758214327
0.28 2.6475696245457696
0.29 2.7021451078430814
0.3 2.7557158663003323
0.31 2.8082290320466003
0.32 2.8596327809272855
0.33 2.909876383648292
0.34 2.9589102558397182
0.35 3.0066860069896424
0.36 3.053156488199716
0.37 3.0982758387154337
0.38 3.1419995311851623
0.39 3.184284415603258
0.4 3.2250887618939177
0.41 3.26437230109372
0.42 3.3020962650922336
0.43 3.3382234248914626
0.44 3.3727181273463693
0.45 3.405546330350226
0.46 3.436675636430066
0.47 3.4660753247190748
0.48 3.493716381274378
0.49 3.5195715277103012
0.5 3.543615248118842
0.51 3.56582381425079
0.52 3.586175308932646
0.53 3.6046496476962253
0.54 3.621228598599601
0.55 3.6358958002198336
0.56 3.6486367777997164
0.57 3.6594389575326143
0.58 3.6682916789712947
0.59 3.6751862055484987
0.6 3.6801157331988823
0.61 3.6830753970738024
0.62 3.6840622763423387
0.63 3.6830753970738024
0.64 3.6801157331988823
0.65 3.6751862055484987
0.66 3.6682916789712947
0.67 3.6594389575326143
0.68 3.6486367777997164
0.69 3.6358958002198336
0.7 3.621228598599601
0.71 3.6046496476962253
0.72 3.586175308932646
0.73 3.56582381425079
0.74 3.543615248118842
0.75 3.5195715277103012
0.76 3.493716381274378
0.77 3.4660753247190748
0.78 3.436675636430066
0.79 3.405546330350226
0.8 3.3727181273463693
0.81 3.3382234248914626
0.82 3.3020962650922336
0.83 3.26437230109372
0.84 3.2250887618939177
0.85 3.184284415603258
0.86 3.1419995311851623
0.87 3.0982758387154337
0.88 3.053156488199716
0.89 3.0066860069896424
0.9 2.9589102558397182
0.91 2.909876383648292
0.92 2.8596327809272855
0.93 2.8082290320466003
0.94 2.7557158663003323
0.95 2.7021451078430814
0.96 2.6475696245457696
0.97 2.5920432758214327
0.98 2.5356208594724845
0.99 2.4783580576119
1 2.420311381711695
1.01 2.3615381168329215
1.02 2.302096265092234
1.03 2.2420444884207975
1.04 2.1814420506720484
1.05 2.120348759135424
1.06 2.058824905513788
1.07 1.9969312064228006
1.08 1.9347287434709475
1.09 1.8722789029793676
1.1 1.8096433154009657
1.11 1.7468837944985955
1.12 1.684062276342339
1.13 1.6212407581860824
1.14 1.5584812372837122
1.15 1.4958456497053103
1.16 1.4333958092137304
1.17 1.3711933462618773
1.18 1.3092996471708898
1.19 1.2477757935492537
1.2 1.1866825020126295
1.21 1.1260800642638804
1.22 1.066028287592444
1.23 1.0065864358517562
1.24 0.9478131709729831
1.25 0.8897664950727777
1.26 0.8325036932121935
1.27 0.7760812768632454
1.28 0.7205549281389083
1.97 0.7350665971139597
1.98 0.7905929458382968
1.99 0.8470153621872449
0 0.9042781640478291
0.01 0.9623248399480345
0.02 1.0210981048268075
0.03 1.0805399565674954
0.04 1.140591733238932
0.05 1.2011941709876808
0.06 1.2622874625243052
0.07 1.323811316145941
0.08 1.3857050152369288
0.09 1.4479074781887817
0.1 1.5103573186803616
0.11 1.5729929062587638
0.12 1.6357524271611337
0.13 1.6985739453173903
0.14 1.7613954634736468
0.15 1.8241549843760172
0.16 1.886790571954419
0.17 1.9492404124459988
0.18 2.011442875397852
0.19 2.0733365744888395
0.2 2.1348604281104757
0.21 2.1959537196471
0.22 2.256556157395849
0.23 2.316607934067285
0.24 2.376049785807973
0.25 2.434823050686746
0.26 2.4928697265869517
0.27 2.550132528447536
0.28 2.606554944796484
0.29 2.662081293520821
0.3 2.716656776818133
0.31 2.770227535275384
0.32 2.822740701021652
0.33 2.874144449902337
0.34 2.9243880526233434
0.35 2.9734219248147697
0.36 3.021197675964694
0.37 3.0676681571747677
0.38 3.112787507690485
0.39 3.156511200160214
0.4 3.1987960845783094
0.41 3.239600430868969
0.42 3.2788839700687715
0.43 3.316607934067285
0.44 3.352735093866514
0.45 3.387229796321421
0.46 3.4200579993252775
0.47 3.4511873054051176
0.48 3.4805869936941263
0.49 3.5082280502494294
0.5 3.5340831966853528
0.51 3.5581269170938934
0.52 3.5803354832258414
0.53 3.6006869779076975
0.54 3.619161316671277
0.55 3.6357402675746524
0.56 3.650407469194885
0.57 3.663148446774768
0.58 3.673950626507666
0.59 3.6828033479463462
0.6 3.6896978745235502
0.61 3.694627402173934
0.62 3.697587066048854
0.63 3.6985739453173903
0.64 3.697587066048854
0.65 3.694627402173934
0.66 3.6896978745235502
0.67 3.6828033479463462
0.68 3.673950626507666
0.69 3.663148446774768
0.7 3.650407469194885
0.71 3.6357402675746524
0.72 3.619161316671277
0.73 3.6006869779076975
0.74 3.5803354832258414
0.75 3.5581269170938934
0.76 3.5340831966853528
0.77 3.5082280502494294
0.78 3.4805869936941263
0.79 3.4511873054051176
0.8 3.4200579993252775
0.81 3.387229796321421
0.82 3.352735093866514
0.83 3.316607934067285
0.84 3.2788839700687715
0.85 3.239600430868969
0.86 3.1987960845783094
0.87 3.156511200160214
0.88 3.112787507690485
0.89 3.0676681571747677
0.9 3.021197675964694
0.91 2.9734219248147697
0.92 2.9243880526233434
0.93 2.874144449902337
0.94 2.822740701021652
0.95 2.770227535275384
0.96 2.716656776818133
0.97 2.662081293520821
0.98 2.606554944796484
0.99 2.550132528447536
1 2.4928697265869517
1.01 2.434823050686746
1.02 2.376049785807973
1.03 2.316607934067285
1.04 2.256556157395849
1.05 2.1959537196471
1.06 2.1348604281104757
1.07 2.0733365744888395
1.08 2.011442875397852
1.09 1.9492404124459988
1.1 1.886790571954419
1.11 1.8241549843760172
1.12 1.7613954634736468
1.13 1.6985739453173903
1.14 1.6357524271611337
1.15 1.5729929062587638
1.16 1.5103573186803616
1.17 1.4479074781887817
1.18 1.3857050152369288
1.19 1.323811316145941
1.2 1.2622874625243052
1.21 1.2011941709876808
1.22 1.140591733238932
1.23 1.0805399565674954
1.24 1.0210981048268075
1.25 0.9623248399480345
1.26 0.9042781640478291
1.27 0.8470153621872449
1.28 0.7905929458382968
1.29 0.7350665971139597
1.98 0.7493822975791058
1.99 0.8049086463034428
0 0.861331062652391
0.01 0.9185938645129752
0.02 0.9766405404131806
0.03 1.0354138052919537
0.04 1.0948556570326415
0.05 1.154907433704078
0.06 1.2155098714528267
0.07 1.2766031629894514
0.08 1.3381270166110872
0.09 1.4000207157020748
0.1 1.462223178653928
0.11 1.5246730191455078
0.12 1.5873086067239097
0.13 1.6500681276262799
0.14 1.7128896457825364
0.15 1.775711163938793
0.16 1.8384706848411632
0.17 1.901106272419565
0.18 1.963556112911145
0.19 2.025758575862998
0.2 2.0876522749539856
0.21 2.149176128575622
0.22 2.2102694201122457
0.23 2.270871857860995
0.24 2.3309236345324313
0.25 2.390365486273119
0.26 2.4491387511518923
0.27 2.5071854270520975
0.28 2.564448228912682
0.29 2.62087064526163
0.3 2.676396993985967
0.31 2.730972477283279
0.32 2.7845432357405295
0.33 2.837056401486798
0.34 2.888460150367483
0.35 2.9387037530884896
0.36 2.987737625279916
0.37 3.03551337642984
0.38 3.081983857639914
0.39 3.1271032081556314
0.4 3.17082690062536
0.41 3.2131117850434556
0.42 3.2539161313341154
0.43 3.2931996705339177
0.44 3.3309236345324313
0.45 3.36705079433166
0.46 3.401545496786567
0.47 3.4343736997904237
0.48 3.4655030058702634
0.49 3.494902694159272
0.5 3.5225437507145756
0.51 3.5483988971504985
0.52 3.572442617559039
0.53 3.5946511836909876
0.54 3.6150026783728437
0.55 3.633477017136423
0.56 3.6500559680397986
0.57 3.6647231696600313
0.58 3.677464147239914
0.59 3.688266326972812
0.6 3.6971190484114924
0.61 3.7040135749886964
0.62 3.70894310263908
0.63 3.711902766514
0.64 3.7128896457825364
0.65 3.711902766514
0.66 3.70894310263908
0.67 3.7040135749886964
0.68 3.6971190484114924
0.69 3.688266326972812
0.7 3.677464147239914
0.71 3.6647231696600313
0.72 3.6500559680397986
0.73 3.633477017136423
0.74 3.6150026783728437
0.75 3.5946511836909876
0.76 3.572442617559039
0.77 3.5483988971504985
0.78 3.5225437507145756
0.79 3.494902694159272
0.8 3.4655030058702634
0.81 3.4343736997904237
0.82 3.401545496786567
0.83 3.36705079433166
0.84 3.3309236345324313
0.85 3.2931996705339177
0.86 3.2539161313341154
0.87 3.2131117850434556
0.88 3.17082690062536
0.89 3.1271032081556314
0.9 3.081983857639914
0.91 3.03551337642984
0.92 2.987737625279916
0.93 2.9387037530884896
0.94 2.888460150367483
0.95 2.837056401486798
0.96 2.7845432357405295
0.97 2.730972477283279
0.98 2.676396993985967
0.99 2.62087064526163
1 2.564448228912682
1.01 2.5071854270520975
1.02 2.4491387511518923
1.03 2.390365486273119
1.04 2.3309236345324313
1.05 2.270871857860995
1.06 2.2102694201122457
1.07 2.149176128575622
1.08 2.0876522749539856
1.09 2.025758575862998
1.1 1.963556112911145
1.11 1.901106272419565
1.12 1.8384706848411632
1.13 1.775711163938793
1.14 1.7128896457825364
1.15 1.6500681276262799
1.16 1.5873086067239097
1.17 1.5246730191455078
1.18 1.462223178653928
1.19 1.4000207157020748
1.2 1.3381270166110872
1.21 1.2766031629894514
1.22 1.2155098714528267
1.23 1.154907433704078
1.24 1.0948556570326415
1.25 1.0354138052919537
1.26 0.9766405404131806
1.27 0.9185938645129752
1.28 0.861331062652391
1.29 0.8049086463034428
1.3 0.7493822975791058
1.99 0.7634879016663427
0 0.8190142503906798
0.01 0.8754366667396279
0.02 0.9326994686002121
0.03 0.9907461445004175
0.04 1.0495194093791906
0.05 1.1089612611198785
0.06 1.1690130377913148
0.07 1.2296154755400637
0.08 1.2907087670766884
0.09 1.3522326206983242
0.1 1.4141263197893117
0.11 1.4763287827411649
0.12 1.5387786232327447
0.13 1.6014142108111467
0.14 1.6641737317135168
0.15 1.7269952498697734
0.16 1.78981676802603
0.17 1.8525762889284
0.18 1.915211876506802
0.19 1.977661716998382
0.2 2.039864179950235
0.21 2.1017578790412226
0.22 2.163281732662859
0.23 2.2243750241994826
0.24 2.284977461948232
0.25 2.3450292386196683
0.26 2.404471090360356
0.27 2.463244355239129
0.28 2.5212910311393344
0.29 2.578553832999919
0.3 2.634976249348867
0.31 2.690502598073204
0.32 2.745078081370516
0.33 2.7986488398277665
0.34 2.851162005574035
0.35 2.90256575445472
0.36 2.9528093571757266
0.37 3.001843229367153
0.38 3.049618980517077
0.39 3.096089461727151
0.4 3.1412088122428683
0.41 3.184932504712597
0.42 3.2272173891306926
0.43 3.2680217354213523
0.44 3.3073052746211546
0.45 3.3450292386196683
0.46 3.381156398418897
0.47 3.415651100873804
0.48 3.4484793038776607
0.49 3.4796086099575003
0.5 3.509008298246509
0.51 3.5366493548018125
0.52 3.5625045012377354
0.53 3.586548221646276
0.54 3.6087567877782245
0.55 3.6291082824600807
0.56 3.64758262122366
0.57 3.6641615721270355
0.58 3.6788287737472682
0.59 3.691569751327151
0.6 3.702371931060049
0.61 3.7112246524987293
0.62 3.7181191790759334
0.63 3.723048706726317
0.64 3.726008370601237
0.65 3.7269952498697734
0.66 3.726008370601237
0.67 3.723048706726317
0.68 3.7181191790759334
0.69 3.7112246524987293
0.7 3.702371931060049
0.71 3.691569751327151
0.72 3.6788287737472682
0.73 3.6641615721270355
0.74 3.64758262122366
0.75 3.6291082824600807
0.76 3.6087567877782245
0.77 3.586548221646276
0.78 3.5625045012377354
0.79 3.5366493548018125
0.8 3.509008298246509
0.81 3.4796086099575003
0.82 3.4484793038776607
0.83 3.415651100873804
0.84 3.381156398418897
0.85 3.3450292386196683
0.86 3.3073052746211546
0.87 3.2680217354213523
0.88 3.2272173891306926
0.89 3.184932504712597
0.9 3.1412088122428683
0.91 3.096089461727151
0.92 3.049618980517077
0.93 3.001843229367153
0.94 2.9528093571757266
0.95 2.90256575445472
0.96 2.851162005574035
0.97 2.7986488398277665
0.98 2.745078081370516
0.99 2.690502598073204
1 2.634976249348867
1.01 2.578553832999919
1.02 2.5212910311393344
1.03 2.463244355239129
1.04 2.404471090360356
1.05 2.3450292386196683
1.06 2.284977461948232
1.07 2.2243750241994826
1.08 2.163281732662859
1.09 2.1017578790412226
1.1 2.039864179950235
1.11 1.977661716998382
1.12 1.915211876506802
1.13 1.8525762889284
1.14 1.78981676802603
1.15 1.7269952498697734
1.16 1.6641737317135168
1.17 1.6014142108111467
1.18 1.5387786232327447
1.19 1.4763287827411649
1.2 1.4141263197893117
1.21 1.3522326206983242
1.22 1.2907087670766884
1.23 1.2296154755400637
1.24 1.1690130377913148
1.25 1.1089612611198785
1.26 1.0495194093791906
1.27 0.9907461445004175
1.28 0.9326994686002121
1.29 0.8754366667396279
1.3 0.8190142503906798
1.31 0.7634879016663427
0 0.7773694888474271
0.01 0.8328958375717641
0.02 0.8893182539207123
0.03 0.9465810557812965
0.04 1.0046277316815018
0.05 1.0634009965602749
0.06 1.1228428483009627
0.07 1.1828946249723993
0.08 1.2434970627211481
0.09 1.3045903542577726
0.1 1.3661142078794084
0.11 1.4280079069703961
0.12 1.490210369922249
0.13 1.552660210413829
0.14 1.615295797992231
0.15 1.678055318894601
0.16 1.7408768370508576
0.17 1.8036983552071142
0.18 1.8664578761094845
0.19 1.9290934636878863
0.2 1.9915433041794661
0.21 2.0537457671313195
0.22 2.115639466222307
0.23 2.177163319843943
0.24 2.2382566113805673
0.25 2.2988590491293164
0.26 2.3589108258007525
0.27 2.4183526775414403
0.28 2.4771259424202134
0.29 2.535172618320419
0.3 2.5924354201810034
0.31 2.6488578365299515
0.32 2.7043841852542885
0.33 2.7589596685516002
0.34 2.812530427008851
0.35 2.865043592755119
0.36 2.9164473416358043
0.37 2.966690944356811
0.38 3.015724816548237
0.39 3.0635005676981613
0.4 3.109971048908235
0.41 3.1550903994239525
0.42 3.198814091893681
0.43 3.241098976311777
0.44 3.2819033226024366
0.45 3.321186861802239
0.46 3.3589108258007525
0.47 3.3950379855999815
0.48 3.429532688054888
0.49 3.462360891058745
0.5 3.493490197138585
0.51 3.5228898854275936
0.52 3.5505309419828968
0.53 3.57638608841882
0.54 3.6004298088273607
0.55 3.6226383749593087
0.56 3.642989869641165
0.57 3.661464208404744
0.58 3.6780431593081198
0.59 3.6927103609283525
0.6 3.7054513385082353
0.61 3.716253518241133
0.62 3.7251062396798136
0.63 3.7320007662570176
0.64 3.736930293907401
0.65 3.7398899577823213
0.66 3.7408768370508576
0.67 3.7398899577823213
0.68 3.736930293907401
0.69 3.7320007662570176
0.7 3.7251062396798136
0.71 3.716253518241133
0.72 3.7054513385082353
0.73 3.6927103609283525
0.74 3.6780431593081198
0.75 3.661464208404744
0.76 3.642989869641165
0.77 3.6226383749593087
0.78 3.6004298088273607
0.79 3.57638608841882
0.8 3.5505309419828968
0.81 3.5228898854275936
0.82 3.493490197138585
0.83 3.462360891058745
0.84 3.429532688054888
0.85 3.3950379855999815
0.86 3.3589108258007525
0.87 3.321186861802239
0.88 3.2819033226024366
0.89 3.241098976311777
0.9 3.198814091893681
0.91 3.1550903994239525
0.92 3.109971048908235
0.93 3.0635005676981613
0.94 3.015724816548237
0.95 2.966690944356811
0.96 2.9164473416358043
0.97 2.865043592755119
0.98 2.812530427008851
0.99 2.7589596685516002
1 2.7043841852542885
1.01 2.6488578365299515
1.02 2.5924354201810034
1.03 2.535172618320419
1.04 2.4771259424202134
1.05 2.4183526775414403
1.06 2.3589108258007525
1.07 2.2988590491293164
1.08 2.2382566113805673
1.09 2.177163319843943
1.1 2.115639466222307
1.11 2.0537457671313195
1.12 1.9915433041794661
1.13 1.9290934636878863
1.14 1.8664578761094845
1.15 1.8036983552071142
1.16 1.7408768370508576
1.17 1.678055318894601
1.18 1.615295797992231
1.19 1.552660210413829
1.2 1.490210369922249
1.21 1.4280079069703961
1.22 1.3661142078794084
1.23 1.3045903542577726
1.24 1.2434970627211481
1.25 1.1828946249723993
1.26 1.1228428483009627
1.27 1.0634009965602749
1.28 1.0046277316815018
1.29 0.9465810557812965
1.3 0.8893182539207123
1.31 0.8328958375717641
1.32 0.7773694888474271
0.01 0.791013359671755
0.02 0.846539708396092
0.03 0.9029621247450402
0.04 0.9602249266056244
0.05 1.0182716025058298
0.06 1.077044867384603
0.07 1.1364867191252908
0.08 1.196538495796727
0.09 1.2571409335454762
0.1 1.3182342250821004
0.11 1.3797580787037365
0.12 1.441651777794724
0.13 1.5038542407465771
0.14 1.566304081238157
0.15 1.628939668816559
0.16 1.691699189718929
0.17 1.7545207078751857
0.18 1.8173422260314422
0.19 1.8801017469338124
0.2 1.9427373345122143
0.21 2.005187175003794
0.22 2.0673896379556473
0.23 2.129283337046635
0.24 2.190807190668271
0.25 2.251900482204895
0.26 2.312502919953644
0.27 2.3725546966250803
0.28 2.4319965483657686
0.29 2.4907698132445413
0.3 2.548816489144747
0.31 2.606079291005331
0.32 2.6625017073542794
0.33 2.7180280560786163
0.34 2.772603539375928
0.35 2.826174297833179
0.36 2.878687463579447
0.37 2.930091212460132
0.38 2.9803348151811386
0.39 3.029368687372565
0.4 3.077144438522489
0.41 3.123614919732563
0.42 3.1687342702482804
0.43 3.212457962718009
0.44 3.2547428471361046
0.45 3.2955471934267644
0.46 3.3348307326265667
0.47 3.3725546966250803
0.48 3.4086818564243093
0.49 3.443176558879216
0.5 3.4760047618830727
0.51 3.507134067962913
0.52 3.5365337562519215
0.53 3.5641748128072246
0.54 3.590029959243148
0.55 3.6140736796516886
0.56 3.6362822457836366
0.57 3.6566337404654927
0.58 3.675108079229072
0.59 3.6916870301324476
0.6 3.7063542317526803
0.61 3.719095209332563
0.62 3.729897389065461
0.63 3.7387501105041414
0.64 3.7456446370813454
0.65 3.750574164731729
0.66 3.753533828606649
0.67 3.7545207078751854
0.68 3.753533828606649
0.69 3.750574164731729
0.7 3.7456446370813454
0.71 3.7387501105041414
0.72 3.729897389065461
0.73 3.719095209332563
0.74 3.7063542317526803
0.75 3.6916870301324476
0.76 3.675108079229072
0.77 3.6566337404654927
0.78 3.6362822457836366
0.79 3.6140736796516886
0.8 3.590029959243148
0.81 3.5641748128072246
0.82 3.5365337562519215
0.83 3.507134067962913
0.84 3.4760047618830727
0.85 3.443176558879216
0.86 3.4086818564243093
0.87 3.3725546966250803
0.88 3.3348307326265667
0.89 3.2955471934267644
0.9 3.2547428471361046
0.91 3.212457962718009
0.92 3.1687342702482804
0.93 3.123614919732563
0.94 3.077144438522489
0.95 3.029368687372565
0.96 2.9803348151811386
0.97 2.930091212460132
0.98 2.878687463579447
0.99 2.826174297833179
1 2.772603539375928
1.01 2.7180280560786163
1.02 2.6625017073542794
1.03 2.606079291005331
1.04 2.548816489144747
1.05 2.4907698132445413
1.06 2.4319965483657686
1.07 2.3725546966250803
1.08 2.312502919953644
1.09 2.251900482204895
1.1 2.190807190668271
1.11 2.129283337046635
1.12 2.0673896379556473
1.13 2.005187175003794
1.14 1.9427373345122143
1.15 1.8801017469338124
1.16 1.8173422260314422
1.17 1.7545207078751857
1.18 1.691699189718929
1.19 1.628939668816559
1.2 1.566304081238157
1.21 1.5038542407465771
1.22 1.441651777794724
1.23 1.3797580787037365
1.24 1.3182342250821004
1.25 1.2571409335454762
1.26 1.196538495796727
1.27 1.1364867191252908
1.28 1.077044867384603
1.29 1.0182716025058298
1.3 0.9602249266056244
1.31 0.9029621247450402
1.32 0.846539708396092
1.33 0.791013359671755
0.02 0.8044060492860677
0.03 0.8599323980104048
0.04 0.916354814359353
0.05 0.9736176162199371
0.06 1.0316642921201424
0.07 1.0904375569989155
0.08 1.1498794087396034
0.09 1.20993118541104
0.1 1.2705336231597888
0.11 1.3316269146964133
0.12 1.393150768318049
0.13 1.4550444674090368
0.14 1.5172469303608898
0.15 1.5796967708524696
0.16 1.6423323584308718
0.17 1.7050918793332417
0.18 1.7679133974894983
0.19 1.8307349156457549
0.2 1.8934944365481252
0.21 1.956130024126527
0.22 2.018579864618107
0.23 2.08078232756996
0.24 2.1426760266609475
0.25 2.2041998802825837
0.26 2.265293171819208
0.27 2.325895609567957
0.28 2.385947386239393
0.29 2.445389237980081
0.3 2.504162502858854
0.31 2.5622091787590597
0.32 2.619471980619644
0.33 2.675894396968592
0.34 2.731420745692929
0.35 2.785996228990241
0.36 2.839566987447492
0.37 2.89208015319376
0.38 2.943483902074445
0.39 2.9937275047954515
0.4 3.0427613769868778
0.41 3.090537128136802
0.42 3.1370076093468757
0.43 3.182126959862593
0.44 3.225850652332322
0.45 3.2681355367504175
0.46 3.3089398830410772
0.47 3.3482234222408795
0.48 3.385947386239393
0.49 3.422074546038622
0.5 3.456569248493529
0.51 3.4893974514973856
0.52 3.5205267575772257
0.53 3.5499264458662343
0.54 3.5775675024215374
0.55 3.6034226488574608
0.56 3.6274663692660014
0.57 3.6496749353979494
0.58 3.6700264300798056
0.59 3.688500768843385
0.6 3.7050797197467604
0.61 3.719746921366993
0.62 3.732487898946876
0.63 3.743290078679774
0.64 3.7521428001184542
0.65 3.7590373266956583
0.66 3.763966854346042
0.67 3.766926518220962
0.68 3.7679133974894983
0.69 3.766926518220962
0.7 3.763966854346042
0.71 3.7590373266956583
0.72 3.7521428001184542
0.73 3.743290078679774
0.74 3.732487898946876
0.75 3.719746921366993
0.76 3.7050797197467604
0.77 3.688500768843385
0.78 3.6700264300798056
0.79 3.6496749353979494
0.8 3.6274663692660014
0.81 3.6034226488574608
0.82 3.5775675024215374
0.83 3.5499264458662343
0.84 3.5205267575772257
0.85 3.4893974514973856
0.86 3.456569248493529
0.87 3.422074546038622
0.88 3.385947386239393
0.89 3.3482234222408795
0.9 3.3089398830410772
0.91 3.2681355367504175
0.92 3.225850652332322
0.93 3.182126959862593
0.94 3.1370076093468757
0.95 3.090537128136802
0.96 3.0427613769868778
0.97 2.9937275047954515
0.98 2.943483902074445
0.99 2.89208015319376
1 2.839566987447492
1.01 2.785996228990241
1.02 2.731420745692929
1.03 2.675894396968592
1.04 2.619471980619644
1.05 2.5622091787590597
1.06 2.504162502858854
1.07 2.445389237980081
1.08 2.385947386239393
1.09 2.325895609567957
1.1 2.265293171819208
1.11 2.2041998802825837
1.12 2.1426760266609475
1.13 2.08078232756996
1.14 2.018579864618107
1.15 1.956130024126527
1.16 1.8934944365481252
1.17 1.8307349156457549
1.18 1.7679133974894983
1.19 1.7050918793332417
1.2 1.6423323584308718
1.21 1.5796967708524696
1.22 1.5172469303608898
1.23 1.4550444674090368
1.24 1.393150768318049
1.25 1.3316269146964133
1.26 1.2705336231597888
1.27 1.20993118541104
1.28 1.1498794087396034
1.29 1.0904375569989155
1.3 1.0316642921201424
1.31 0.9736176162199371
1.32 0.916354814359353
1.33 0.8599323980104048
1.34 0.8044060492860677
0.03 0.8175343407226348
0.04 0.8730606894469718
0.05 0.92948310579592
0.06 0.9867459076565042
0.07 1.0447925835567096
0.08 1.1035658484354827
0.09 1.1630077001761705
0.1 1.2230594768476069
0.11 1.283661914596356
0.12 1.3447552061329802
0.13 1.4062790597546162
0.14 1.4681727588456037
0.15 1.5303752217974569
0.16 1.5928250622890368
0.17 1.6554606498674387
0.18 1.7182201707698088
0.19 1.7810416889260654
0.2 1.843863207082322
0.21 1.9066227279846921
0.22 1.969258315563094
0.23 2.031708156054674
0.24 2.093910619006527
0.25 2.1558043180975144
0.26 2.2173281717191506
0.27 2.278421463255775
0.28 2.339023901004524
0.29 2.3990756776759605
0.3 2.458517529416648
0.31 2.5172907942954215
0.32 2.5753374701956266
0.33 2.632600272056211
0.34 2.689022688405159
0.35 2.744549037129496
0.36 2.799124520426808
0.37 2.8526952788840587
0.38 2.905208444630327
0.39 2.956612193511012
0.4 3.0068557962320184
0.41 3.0558896684234447
0.42 3.103665419573369
0.43 3.1501359007834426
0.44 3.19525525129916
0.45 3.2389789437688887
0.46 3.2812638281869844
0.47 3.322068174477644
0.48 3.3613517136774465
0.49 3.39907567767596
0.5 3.435202837475189
0.51 3.4696975399300958
0.52 3.5025257429339525
0.53 3.5336550490137926
0.54 3.563054737302801
0.55 3.5906957938581043
0.56 3.6165509402940277
0.57 3.6405946607025683
0.58 3.6628032268345163
0.59 3.6831547215163725
0.6 3.7016290602799518
0.61 3.7182080111833273
0.62 3.73287521280356
0.63 3.745616190383443
0.64 3.7564183701163407
0.65 3.765271091555021
0.66 3.772165618132225
0.67 3.7770951457826087
0.68 3.780054809657529
0.69 3.781041688926065
0.7 3.780054809657529
0.71 3.7770951457826087
0.72 3.772165618132225
0.73 3.765271091555021
0.74 3.7564183701163407
0.75 3.745616190383443
0.76 3.73287521280356
0.77 3.7182080111833273
0.78 3.7016290602799518
0.79 3.6831547215163725
0.8 3.6628032268345163
0.81 3.6405946607025683
0.82 3.6165509402940277
0.83 3.5906957938581043
0.84 3.563054737302801
0.85 3.5336550490137926
0.86 3.5025257429339525
0.87 3.4696975399300958
0.88 3.435202837475189
0.89 3.39907567767596
0.9 3.3613517136774465
0.91 3.322068174477644
0.92 3.2812638281869844
0.93 3.2389789437688887
0.94 3.19525525129916
0.95 3.1501359007834426
0.96 3.103665419573369
0.97 3.0558896684234447
0.98 3.0068557962320184
0.99 2.956612193511012
1 2.905208444630327
1.01 2.8526952788840587
1.02 2.799124520426808
1.03 2.744549037129496
1.04 2.689022688405159
1.05 2.632600272056211
1.06 2.5753374701956266
1.07 2.5172907942954215
1.08 2.458517529416648
1.09 2.3990756776759605
1.1 2.339023901004524
1.11 2.278421463255775
1.12 2.2173281717191506
1.13 2.1558043180975144
1.14 2.093910619006527
1.15 2.031708156054674
1.16 1.969258315563094
1.17 1.9066227279846921
1.18 1.843863207082322
1.19 1.7810416889260654
1.2 1.7182201707698088
1.21 1.6554606498674387
1.22 1.5928250622890368
1.23 1.5303752217974569
1.24 1.4681727588456037
1.25 1.4062790597546162
1.26 1.3447552061329802
1.27 1.283661914596356
1.28 1.2230594768476069
1.29 1.1630077001761705
1.3 1.1035658484354827
1.31 1.0447925835567096
1.32 0.9867459076565042
1.33 0.92948310579592
1.34 0.8730606894469718
1.35 0.8175343407226348
0.04 0.830385277942806
0.05 0.8859116266671431
0.06 0.9423340430160912
0.07 0.9995968448766754
0.08 1.0576435207768808
0.09 1.116416785655654
0.1 1.1758586373963418
0.11 1.2359104140677781
0.12 1.296512851816527
0.13 1.3576061433531517
0.14 1.4191299969747875
0.15 1.481023696065775
0.16 1.5432261590176282
0.17 1.605675999509208
0.18 1.66831158708761
0.19 1.73107110798998
0.2 1.7938926261462367
0.21 1.8567141443024933
0.22 1.9194736652048634
0.23 1.9821092527832653
0.24 2.044559093274845
0.25 2.106761556226698
0.26 2.168655255317686
0.27 2.230179108939322
0.28 2.291272400475946
0.29 2.3518748382246955
0.3 2.4119266148961316
0.31 2.4713684666368194
0.32 2.5301417315155925
0.33 2.5881884074157977
0.34 2.6454512092763824
0.35 2.70187362562533
0.36 2.757399974349667
0.37 2.8119754576469793
0.38 2.8655462161042298
0.39 2.9180593818504983
0.4 2.9694631307311834
0.41 3.01970673345219
0.42 3.068740605643616
0.43 3.1165163567935403
0.44 3.162986838003614
0.45 3.2081061885193316
0.46 3.2518298809890602
0.47 3.294114765407156
0.48 3.3349191116978156
0.49 3.374202650897618
0.5 3.4119266148961316
0.51 3.44805377469536
0.52 3.4825484771502673
0.53 3.515376680154124
0.54 3.5465059862339636
0.55 3.5759056745229723
0.56 3.603546731078276
0.57 3.6294018775141987
0.58 3.6534455979227394
0.59 3.675654164054688
0.6 3.696005658736544
0.61 3.7144799975001233
0.62 3.731058948403499
0.63 3.7457261500237315
0.64 3.7584671276036143
0.65 3.769269307336512
0.66 3.7781220287751927
0.67 3.7850165553523967
0.68 3.7899460830027802
0.69 3.7929057468777003
0.7 3.7938926261462367
0.71 3.7929057468777003
0.72 3.7899460830027802
0.73 3.7850165553523967
0.74 3.7781220287751927
0.75 3.769269307336512
0.76 3.7584671276036143
0.77 3.7457261500237315
0.78 3.731058948403499
0.79 3.7144799975001233
0.8 3.696005658736544
0.81 3.675654164054688
0.82 3.6534455979227394
0.83 3.6294018775141987
0.84 3.603546731078276
0.85 3.5759056745229723
0.86 3.5465059862339636
0.87 3.515376680154124
0.88 3.4825484771502673
0.89 3.44805377469536
0.9 3.4119266148961316
0.91 3.374202650897618
0.92 3.3349191116978156
0.93 3.294114765407156
0.94 3.2518298809890602
0.95 3.2081061885193316
0.96 3.162986838003614
0.97 3.1165163567935403
0.98 3.068740605643616
0.99 3.01970673345219
1 2.9694631307311834
1.01 2.9180593818504983
1.02 2.8655462161042298
1.03 2.8119754576469793
1.04 2.757399974349667
1.05 2.70187362562533
1.06 2.6454512092763824
1.07 2.5881884074157977
1.08 2.5301417315155925
1.09 2.4713684666368194
1.1 2.4119266148961316
1.11 2.3518748382246955
1.12 2.291272400475946
1.13 2.230179108939322
1.14 2.168655255317686
1.15 2.106761556226698
1.16 2.044559093274845
1.17 1.9821092527832653
1.18 1.9194736652048634
1.19 1.8567141443024933
1.2 1.7938926261462367
1.21 1.73107110798998
1.22 1.66831158708761
1.23 1.605675999509208
1.24 1.5432261590176282
1.25 1.481023696065775
1.26 1.4191299969747875
1.27 1.3576061433531517
1.28 1.296512851816527
1.29 1.2359104140677781
1.3 1.1758586373963418
1.31 1.116416785655654
1.32 1.0576435207768808
1.33 0.9995968448766754
1.34 0.9423340430160912
1.35 0.8859116266671431
1.36 0.830385277942806
0.05 0.8429461786230577
0.06 0.8984725273473947
0.07 0.9548949436963429
0.08 1.012157745556927
0.09 1.0702044214571325
0.1 1.1289776863359056
0.11 1.1884195380765934
0.12 1.2484713147480297
0.13 1.3090737524967788
0.14 1.370167044033403
0.15 1.431690897655039
0.16 1.4935845967460266
0.17 1.5557870596978798
0.18 1.6182369001894596
0.19 1.6808724877678616
0.2 1.7436320086702317
0.21 1.8064535268264883
0.22 1.8692750449827449
0.23 1.932034565885115
0.24 1.994670153463517
0.25 2.057119993955097
0.26 2.11932245690695
0.27 2.1812161559979373
0.28 2.2427400096195735
0.29 2.3038333011561978
0.3 2.364435738904947
0.31 2.4244875155763834
0.32 2.483929367317071
0.33 2.5427026321958444
0.34 2.6007493080960495
0.35 2.658012109956634
0.36 2.714434526305582
0.37 2.769960875029919
0.38 2.8245363583272307
0.39 2.8781071167844816
0.4 2.9306202825307497
0.41 2.982024031411435
0.42 3.0322676341324413
0.43 3.0813015063238676
0.44 3.1290772574737917
0.45 3.1755477386838655
0.46 3.220667089199583
0.47 3.2643907816693116
0.48 3.3066756660874073
0.49 3.347480012378067
0.5 3.3867635515778693
0.51 3.424487515576383
0.52 3.460614675375612
0.53 3.4951093778305187
0.54 3.5279375808343754
0.55 3.5590668869142155
0.56 3.588466575203224
0.57 3.6161076317585272
0.58 3.6419627781944506
0.59 3.666006498602991
0.6 3.688215064734939
0.61 3.7085665594167954
0.62 3.7270408981803747
0.63 3.7436198490837502
0.64 3.758287050703983
0.65 3.7710280282838657
0.66 3.7818302080167636
0.67 3.790682929455444
0.68 3.797577456032648
0.69 3.8025069836830316
0.7 3.8054666475579517
0.71 3.806453526826488
0.72 3.8054666475579517
0.73 3.8025069836830316
0.74 3.797577456032648
0.75 3.790682929455444
0.76 3.7818302080167636
0.77 3.7710280282838657
0.78 3.758287050703983
0.79 3.7436198490837502
0.8 3.7270408981803747
0.81 3.7085665594167954
0.82 3.688215064734939
0.83 3.666006498602991
0.84 3.6419627781944506
0.85 3.6161076317585272
0.86 3.588466575203224
0.87 3.5590668869142155
0.88 3.5279375808343754
0.89 3.4951093778305187
0.9 3.460614675375612
0.91 3.424487515576383
0.92 3.3867635515778693
0.93 3.347480012378067
0.94 3.3066756660874073
0.95 3.2643907816693116
0.96 3.220667089199583
0.97 3.1755477386838655
0.98 3.1290772574737917
0.99 3.0813015063238676
1 3.0322676341324413
1.01 2.982024031411435
1.02 2.9306202825307497
1.03 2.8781071167844816
1.04 2.8245363583272307
1.05 2.769960875029919
1.06 2.714434526305582
1.07 2.658012109956634
1.08 2.6007493080960495
1.09 2.5427026321958444
1.1 2.483929367317071
1.11 2.4244875155763834
1.12 2.364435738904947
1.13 2.3038333011561978
1.14 2.2427400096195735
1.15 2.1812161559979373
1.16 2.11932245690695
1.17 2.057119993955097
1.18 1.994670153463517
1.19 1.932034565885115
1.2 1.8692750449827449
1.21 1.8064535268264883
1.22 1.7436320086702317
1.23 1.6808724877678616
1.24 1.6182369001894596
1.25 1.5557870596978798
1.26 1.4935845967460266
1.27 1.431690897655039
1.28 1.370167044033403
1.29 1.3090737524967788
1.3 1.2484713147480297
1.31 1.1884195380765934
1.32 1.1289776863359056
1.33 1.0702044214571325
1.34 1.012157745556927
1.35 0.9548949436963429
1.36 0.8984725273473947
1.37 0.8429461786230577
0.06 0.8552046466709142
0.07 0.9107309953952513
0.08 0.9671534117441994
0.09 1.0244162136047836
0.1 1.082462889504989
0.11 1.1412361543837621
0.12 1.20067800612445
0.13 1.2607297827958863
0.14 1.3213322205446354
0.15 1.3824255120812596
0.16 1.4439493657028957
0.17 1.5058430647938832
0.18 1.5680455277457364
0.19 1.6304953682373162
0.2 1.6931309558157182
0.21 1.7558904767180883
0.22 1.8187119948743449
0.23 1.8815335130306015
0.24 1.9442930339329716
0.25 2.0069286215113733
0.26 2.0693784620029536
0.27 2.1315809249548066
0.28 2.193474624045794
0.29 2.25499847766743
0.3 2.3160917692040544
0.31 2.3766942069528034
0.32 2.43674598362424
0.33 2.4961878353649274
0.34 2.554961100243701
0.35 2.613007776143906
0.36 2.6702705780044904
0.37 2.7266929943534386
0.38 2.7822193430777755
0.39 2.8367948263750873
0.4 2.890365584832338
0.41 2.9428787505786063
0.42 2.9942824994592914
0.43 3.044526102180298
0.44 3.093559974371724
0.45 3.1413357255216483
0.46 3.187806206731722
0.47 3.2329255572474396
0.48 3.276649249717168
0.49 3.318934134135264
0.5 3.3597384804259236
0.51 3.399022019625726
0.52 3.4367459836242396
0.53 3.4728731434234685
0.54 3.5073678458783752
0.55 3.540196048882232
0.56 3.571325354962072
0.57 3.6007250432510807
0.58 3.628366099806384
0.59 3.654221246242307
0.6 3.678264966650848
0.61 3.700473532782796
0.62 3.720825027464652
0.63 3.7392993662282312
0.64 3.755878317131607
0.65 3.7705455187518395
0.66 3.7832864963317223
0.67 3.79408867606462
0.68 3.8029413975033006
0.69 3.8098359240805046
0.7 3.814765451730888
0.71 3.8177251156058083
0.72 3.8187119948743447
0.73 3.8177251156058083
0.74 3.814765451730888
0.75 3.8098359240805046
0.76 3.8029413975033006
0.77 3.79408867606462
0.78 3.7832864963317223
0.79 3.7705455187518395
0.8 3.755878317131607
0.81 3.7392993662282312
0.82 3.720825027464652
0.83 3.700473532782796
0.84 3.678264966650848
0.85 3.654221246242307
0.86 3.628366099806384
0.87 3.6007250432510807
0.88 3.571325354962072
0.89 3.540196048882232
0.9 3.5073678458783752
0.91 3.4728731434234685
0.92 3.4367459836242396
0.93 3.399022019625726
0.94 3.3597384804259236
0.95 3.318934134135264
0.96 3.276649249717168
0.97 3.2329255572474396
0.98 3.187806206731722
0.99 3.1413357255216483
1 3.093559974371724
1.01 3.044526102180298
1.02 2.9942824994592914
1.03 2.9428787505786063
1.04 2.890365584832338
1.05 2.8367948263750873
1.06 2.7822193430777755
1.07 2.7266929943534386
1.08 2.6702705780044904
1.09 2.613007776143906
1.1 2.554961100243701
1.11 2.4961878353649274
1.12 2.43674598362424
1.13 2.3766942069528034
1.14 2.3160917692040544
1.15 2.25499847766743
1.16 2.193474624045794
1.17 2.1315809249548066
1.18 2.0693784620029536
1.19 2.0069286215113733
1.2 1.9442930339329716
1.21 1.8815335130306015
1.22 1.8187119948743449
1.23 1.7558904767180883
1.24 1.6931309558157182
1.25 1.6304953682373162
1.26 1.5680455277457364
1.27 1.5058430647938832
1.28 1.4439493657028957
1.29 1.3824255120812596
1.3 1.3213322205446354
1.31 1.2607297827958863
1.32 1.20067800612445
1.33 1.1412361543837621
1.34 1.082462889504989
1.35 1.0244162136047836
1.36 0.9671534117441994
1.37 0.9107309953952513
1.38 0.8552046466709142
0.07 0.8671485844583953
0.08 0.9226749331827323
0.09 0.9790973495316805
0.1 1.0363601513922647
0.11 1.09440682729247
0.12 1.1531800921712432
0.13 1.212621943911931
0.14 1.2726737205833674
0.15 1.3332761583321164
0.16 1.3943694498687407
0.17 1.4558933034903767
0.18 1.5177870025813642
0.19 1.5799894655332174
0.2 1.6424393060247973
0.21 1.7050748936031992
0.22 1.7678344145055693
0.23 1.830655932661826
0.24 1.8934774508180825
0.25 1.9562369717204526
0.26 2.0188725592988543
0.27 2.0813223997904347
0.28 2.1435248627422876
0.29 2.205418561833275
0.3 2.266942415454911
0.31 2.3280357069915354
0.32 2.3886381447402845
0.33 2.448689921411721
0.34 2.5081317731524084
0.35 2.566905038031182
0.36 2.624951713931387
0.37 2.6822145157919715
0.38 2.7386369321409196
0.39 2.7941632808652566
0.4 2.8487387641625683
0.41 2.9023095226198192
0.42 2.9548226883660873
0.43 3.0062264372467724
0.44 3.056470039967779
0.45 3.105503912159205
0.46 3.1532796633091293
0.47 3.199750144519203
0.48 3.2448694950349206
0.49 3.2885931875046492
0.5 3.330878071922745
0.51 3.3716824182134046
0.52 3.410965957413207
0.53 3.4486899214117206
0.54 3.4848170812109496
0.55 3.5193117836658563
0.56 3.552139986669713
0.57 3.583269292749553
0.58 3.6126689810385617
0.59 3.640310037593865
0.6 3.666165184029788
0.61 3.690208904438329
0.62 3.712417470570277
0.63 3.732768965252133
0.64 3.7512433040157123
0.65 3.767822254919088
0.66 3.7824894565393206
0.67 3.7952304341192034
0.68 3.8060326138521012
0.69 3.8148853352907817
0.7 3.8217798618679857
0.71 3.8267093895183693
0.72 3.8296690533932893
0.73 3.8306559326618257
0.74 3.8296690533932893
0.75 3.8267093895183693
0.76 3.8217798618679857
0.77 3.8148853352907817
0.78 3.8060326138521012
0.79 3.7952304341192034
0.8 3.7824894565393206
0.81 3.767822254919088
0.82 3.7512433040157123
0.83 3.732768965252133
0.84 3.712417470570277
0.85 3.690208904438329
0.86 3.666165184029788
0.87 3.640310037593865
0.88 3.6126689810385617
0.89 3.583269292749553
0.9 3.552139986669713
0.91 3.5193117836658563
0.92 3.4848170812109496
0.93 3.4486899214117206
0.94 3.410965957413207
0.95 3.3716824182134046
0.96 3.330878071922745
0.97 3.2885931875046492
0.98 3.2448694950349206
0.99 3.199750144519203
1 3.1532796633091293
1.01 3.105503912159205
1.02 3.056470039967779
1.03 3.0062264372467724
1.04 2.9548226883660873
1.05 2.9023095226198192
1.06 2.8487387641625683
1.07 2.7941632808652566
1.08 2.7386369321409196
1.09 2.6822145157919715
1.1 2.624951713931387
1.11 2.566905038031182
1.12 2.5081317731524084
1.13 2.448689921411721
1.14 2.3886381447402845
1.15 2.3280357069915354
1.16 2.266942415454911
1.17 2.205418561833275
1.18 2.1435248627422876
1.19 2.0813223997904347
1.2 2.0188725592988543
1.21 1.9562369717204526
1.22 1.8934774508180825
1.23 1.830655932661826
1.24 1.7678344145055693
1.25 1.7050748936031992
1.26 1.6424393060247973
1.27 1.5799894655332174
1.28 1.5177870025813642
1.29 1.4558933034903767
1.3 1.3943694498687407
1.31 1.3332761583321164
1.32 1.2726737205833674
1.33 1.212621943911931
1.34 1.1531800921712432
1.35 1.09440682729247
1.36 1.0363601513922647
1.37 0.9790973495316805
1.38 0.9226749331827323
1.39 0.8671485844583953
0.08 0.8787662047609137
0.09 0.9342925534852508
0.1 0.9907149698341989
0.11 1.0479777716947831
0.12 1.1060244475949885
0.13 1.1647977124737616
0.14 1.2242395642144495
0.15 1.2842913408858858
0.16 1.3448937786346349
0.17 1.4059870701712591
0.18 1.4675109237928952
0.19 1.5294046228838827
0.2 1.5916070858357358
0.21 1.6540569263273157
0.22 1.7166925139057176
0.23 1.7794520348080878
0.24 1.8422735529643444
0.25 1.905095071120601
0.26 1.967854592022971
0.27 2.0304901796013732
0.28 2.0929400200929527
0.29 2.155142483044806
0.3 2.217036182135794
0.31 2.2785600357574296
0.32 2.339653327294054
0.33 2.400255765042803
0.34 2.460307541714239
0.35 2.5197493934549273
0.36 2.5785226583337
0.37 2.6365693342339056
0.38 2.69383213609449
0.39 2.750254552443438
0.4 2.805780901167775
0.41 2.8603563844650868
0.42 2.9139271429223377
0.43 2.9664403086686058
0.44 3.017844057549291
0.45 3.0680876602702973
0.46 3.1171215324617236
0.47 3.164897283611648
0.48 3.2113677648217216
0.49 3.256487115337439
0.5 3.3002108078071677
0.51 3.3424956922252633
0.52 3.383300038515923
0.53 3.4225835777157254
0.54 3.460307541714239
0.55 3.496434701513468
0.56 3.5309294039683747
0.57 3.5637576069722314
0.58 3.5948869130520715
0.59 3.62428660134108
0.6 3.6519276578963833
0.61 3.6777828043323066
0.62 3.7018265247408473
0.63 3.7240350908727953
0.64 3.7443865855546514
0.65 3.7628609243182307
0.66 3.7794398752216063
0.67 3.794107076841839
0.68 3.806848054421722
0.69 3.8176502341546197
0.7 3.8265029555933
0.71 3.833397482170504
0.72 3.8383270098208877
0.73 3.841286673695808
0.74 3.842273552964344
0.75 3.841286673695808
0.76 3.8383270098208877
0.77 3.833397482170504
0.78 3.8265029555933
0.79 3.8176502341546197
0.8 3.806848054421722
0.81 3.794107076841839
0.82 3.7794398752216063
0.83 3.7628609243182307
0.84 3.7443865855546514
0.85 3.7240350908727953
0.86 3.7018265247408473
0.87 3.6777828043323066
0.88 3.6519276578963833
0.89 3.62428660134108
0.9 3.5948869130520715
0.91 3.5637576069722314
0.92 3.5309294039683747
0.93 3.496434701513468
0.94 3.460307541714239
0.95 3.4225835777157254
0.96 3.383300038515923
0.97 3.3424956922252633
0.98 3.3002108078071677
0.99 3.256487115337439
1 3.2113677648217216
1.01 3.164897283611648
1.02 3.1171215324617236
1.03 3.0680876602702973
1.04 3.017844057549291
1.05 2.9664403086686058
1.06 2.9139271429223377
1.07 2.8603563844650868
1.08 2.805780901167775
1.09 2.750254552443438
1.1 2.69383213609449
1.11 2.6365693342339056
1.12 2.5785226583337
1.13 2.5197493934549273
1.14 2.460307541714239
1.15 2.400255765042803
1.16 2.339653327294054
1.17 2.2785600357574296
1.18 2.217036182135794
1.19 2.155142483044806
1.2 2.0929400200929527
1.21 2.0304901796013732
1.22 1.967854592022971
1.23 1.905095071120601
1.24 1.8422735529643444
1.25 1.7794520348080878
1.26 1.7166925139057176
1.27 1.6540569263273157
1.28 1.5916070858357358
1.29 1.5294046228838827
1.3 1.4675109237928952
1.31 1.4059870701712591
1.32 1.3448937786346349
1.33 1.2842913408858858
1.34 1.2242395642144495
1.35 1.1647977124737616
1.36 1.1060244475949885
1.37 1.0479777716947831
1.38 0.9907149698341989
1.39 0.9342925534852508
1.4 0.8787662047609137
0.09 0.8900460423898431
0.1 0.9455723911141801
0.11 1.0019948074631282
0.12 1.0592576093237125
0.13 1.117304285223918
0.14 1.176077550102691
0.15 1.2355194018433788
0.16 1.2955711785148152
0.17 1.3561736162635643
0.18 1.4172669078001885
0.19 1.4787907614218245
0.2 1.540684460512812
0.21 1.6028869234646652
0.22 1.665336763956245
0.23 1.727972351534647
0.24 1.7907318724370171
0.25 1.8535533905932737
0.26 1.9163749087495303
0.27 1.9791344296519005
0.28 2.041770017230302
0.29 2.1042198577218825
0.3 2.1664223206737354
0.31 2.2283160197647227
0.32 2.289839873386359
0.33 2.350933164922983
0.34 2.4115356026717323
0.35 2.471587379343169
0.36 2.5310292310838562
0.37 2.58980249596263
0.38 2.647849171862835
0.39 2.7051119737234193
0.4 2.7615343900723675
0.41 2.8170607387967044
0.42 2.871636222094016
0.43 2.925206980551267
0.44 2.977720146297535
0.45 3.0291238951782202
0.46 3.0793674978992267
0.47 3.128401370090653
0.48 3.176177121240577
0.49 3.222647602450651
0.5 3.2677669529663684
0.51 3.311490645436097
0.52 3.3537755298541927
0.53 3.3945798761448525
0.54 3.433863415344655
0.55 3.4715873793431684
0.56 3.5077145391423974
0.57 3.542209241597304
0.58 3.575037444601161
0.59 3.606166750681001
0.6 3.6355664389700095
0.61 3.6632074955253127
0.62 3.689062641961236
0.63 3.7131063623697766
0.64 3.7353149285017246
0.65 3.755666423183581
0.66 3.77414076194716
0.67 3.7907197128505357
0.68 3.8053869144707684
0.69 3.818127892050651
0.7 3.828930071783549
0.71 3.8377827932222295
0.72 3.8446773197994335
0.73 3.849606847449817
0.74 3.852566511324737
0.75 3.8535533905932735
0.76 3.852566511324737
0.77 3.849606847449817
0.78 3.8446773197994335
0.79 3.8377827932222295
0.8 3.828930071783549
0.81 3.818127892050651
0.82 3.8053869144707684
0.83 3.7907197128505357
0.84 3.77414076194716
0.85 3.755666423183581
0.86 3.7353149285017246
0.87 3.7131063623697766
0.88 3.689062641961236
0.89 3.6632074955253127
0.9 3.6355664389700095
0.91 3.606166750681001
0.92 3.575037444601161
0.93 3.542209241597304
0.94 3.5077145391423974
0.95 3.4715873793431684
0.96 3.433863415344655
0.97 3.3945798761448525
0.98 3.3537755298541927
0.99 3.311490645436097
1 3.2677669529663684
1.01 3.222647602450651
1.02 3.176177121240577
1.03 3.128401370090653
1.04 3.0793674978992267
1.05 3.0291238951782202
1.06 2.977720146297535
1.07 2.925206980551267
1.08 2.871636222094016
1.09 2.8170607387967044
1.1 2.7615343900723675
1.11 2.7051119737234193
1.12 2.647849171862835
1.13 2.58980249596263
1.14 2.5310292310838562
1.15 2.471587379343169
1.16 2.4115356026717323
1.17 2.350933164922983
1.18 2.289839873386359
1.19 2.2283160197647227
1.2 2.1664223206737354
1.21 2.1042198577218825
1.22 2.041770017230302
1.23 1.9791344296519005
1.24 1.9163749087495303
1.25 1.8535533905932737
1.26 1.7907318724370171
1.27 1.727972351534647
1.28 1.665336763956245
1.29 1.6028869234646652
1.3 1.540684460512812
1.31 1.4787907614218245
1.32 1.4172669078001885
1.33 1.3561736162635643
1.34 1.2955711785148152
1.35 1.2355194018433788
1.36 1.176077550102691
1.37 1.117304285223918
1.38 1.0592576093237125
1.39 1.0019948074631282
1.4 0.9455723911141801
1.41 0.8900460423898431
0.1 0.9009769655072751
0.11 0.9565033142316122
0.12 1.0129257305805603
0.13 1.0701885324411444
0.14 1.12823520834135
0.15 1.1870084732201232
0.16 1.246450324960811
0.17 1.3065021016322471
0.18 1.3671045393809962
0.19 1.4281978309176206
0.2 1.4897216845392567
0.21 1.551615383630244
0.22 1.6138178465820974
0.23 1.6762676870736772
0.24 1.738903274652079
0.25 1.8016627955544493
0.26 1.8644843137107059
0.27 1.9273058318669625
0.28 1.9900653527693324
0.29 2.0527009403477345
0.3 2.1151507808393144
0.31 2.1773532437911673
0.32 2.239246942882155
0.33 2.300770796503791
0.34 2.361864088040415
0.35 2.422466525789164
0.36 2.482518302460601
0.37 2.5419601542012886
0.38 2.6007334190800617
0.39 2.658780094980267
0.4 2.716042896840851
0.41 2.7724653131897994
0.42 2.8279916619141363
0.43 2.882567145211448
0.44 2.936137903668699
0.45 2.988651069414967
0.46 3.040054818295652
0.47 3.0902984210166586
0.48 3.139332293208085
0.49 3.187108044358009
0.5 3.233578525568083
0.51 3.2786978760838004
0.52 3.322421568553529
0.53 3.3647064529716246
0.54 3.4055107992622844
0.55 3.4447943384620867
0.56 3.4825183024606003
0.57 3.5186454622598293
0.58 3.553140164714736
0.59 3.5859683677185927
0.6 3.617097673798433
0.61 3.6464973620874415
0.62 3.6741384186427446
0.63 3.699993565078668
0.64 3.7240372854872086
0.65 3.7462458516191566
0.66 3.7665973463010127
0.67 3.785071685064592
0.68 3.8016506359679676
0.69 3.8163178375882003
0.7 3.829058815168083
0.71 3.839860994900981
0.72 3.8487137163396614
0.73 3.8556082429168654
0.74 3.860537770567249
0.75 3.863497434442169
0.76 3.8644843137107054
0.77 3.863497434442169
0.78 3.860537770567249
0.79 3.8556082429168654
0.8 3.8487137163396614
0.81 3.839860994900981
0.82 3.829058815168083
0.83 3.8163178375882003
0.84 3.8016506359679676
0.85 3.785071685064592
0.86 3.7665973463010127
0.87 3.7462458516191566
0.88 3.7240372854872086
0.89 3.699993565078668
0.9 3.6741384186427446
0.91 3.6464973620874415
0.92 3.617097673798433
0.93 3.5859683677185927
0.94 3.553140164714736
0.95 3.5186454622598293
0.96 3.4825183024606003
0.97 3.4447943384620867
0.98 3.4055107992622844
0.99 3.3647064529716246
1 3.322421568553529
1.01 3.2786978760838004
1.02 3.233578525568083
1.03 3.187108044358009
1.04 3.139332293208085
1.05 3.0902984210166586
1.06 3.040054818295652
1.07 2.988651069414967
1.08 2.936137903668699
1.09 2.882567145211448
1.1 2.8279916619141363
1.11 2.7724653131897994
1.12 2.716042896840851
1.13 2.658780094980267
1.14 2.6007334190800617
1.15 2.5419601542012886
1.16 2.482518302460601
1.17 2.422466525789164
1.18 2.361864088040415
1.19 2.300770796503791
1.2 2.239246942882155
1.21 2.1773532437911673
1.22 2.1151507808393144
1.23 2.0527009403477345
1.24 1.9900653527693324
1.25 1.9273058318669625
1.26 1.8644843137107059
1.27 1.8016627955544493
1.28 1.738903274652079
1.29 1.6762676870736772
1.3 1.6138178465820974
1.31 1.551615383630244
1.32 1.4897216845392567
1.33 1.4281978309176206
1.34 1.3671045393809962
1.35 1.3065021016322471
1.36 1.246450324960811
1.37 1.1870084732201232
1.38 1.12823520834135
1.39 1.0701885324411444
1.4 1.0129257305805603
1.41 0.9565033142316122
1.42 0.9009769655072751
0.11 0.9115481866117991
0.12 0.9670745353361362
0.13 1.0234969516850843
0.14 1.0807597535456686
0.15 1.138806429445874
0.16 1.197579694324647
0.17 1.257021546065335
0.18 1.3170733227367712
0.19 1.3776757604855203
0.2 1.4387690520221446
0.21 1.5002929056437806
0.22 1.5621866047347681
0.23 1.6243890676866213
0.24 1.6868389081782011
0.25 1.749474495756603
0.26 1.8122340166589732
0.27 1.8750555348152298
0.28 1.9378770529714864
0.29 2.0006365738738565
0.3 2.0632721614522582
0.31 2.1257220019438385
0.32 2.1879244648956915
0.33 2.2498181639866788
0.34 2.311342017608315
0.35 2.3724353091449393
0.36 2.4330377468936883
0.37 2.493089523565125
0.38 2.5525313753058123
0.39 2.611304640184586
0.4 2.669351316084791
0.41 2.7266141179453753
0.42 2.7830365342943235
0.43 2.8385628830186604
0.44 2.893138366315972
0.45 2.946709124773223
0.46 2.999222290519491
0.47 3.0506260394001763
0.48 3.1008696421211828
0.49 3.149903514312609
0.5 3.1976792654625332
0.51 3.244149746672607
0.52 3.2892690971883245
0.53 3.332992789658053
0.54 3.3752776740761488
0.55 3.4160820203668085
0.56 3.455365559566611
0.57 3.4930895235651245
0.58 3.5292166833643535
0.59 3.56371138581926
0.6 3.596539588823117
0.61 3.627668894902957
0.62 3.6570685831919656
0.63 3.6847096397472687
0.64 3.710564786183192
0.65 3.7346085065917327
0.66 3.7568170727236807
0.67 3.777168567405537
0.68 3.795642906169116
0.69 3.8122218570724917
0.7 3.8268890586927244
0.71 3.8396300362726072
0.72 3.850432216005505
0.73 3.8592849374441855
0.74 3.8661794640213896
0.75 3.871108991671773
0.76 3.874068655546693
0.77 3.8750555348152296
0.78 3.874068655546693
0.79 3.871108991671773
0.8 3.8661794640213896
0.81 3.8592849374441855
0.82 3.850432216005505
0.83 3.8396300362726072
0.84 3.8268890586927244
0.85 3.8122218570724917
0.86 3.795642906169116
0.87 3.777168567405537
0.88 3.7568170727236807
0.89 3.7346085065917327
0.9 3.710564786183192
0.91 3.6847096397472687
0.92 3.6570685831919656
0.93 3.627668894902957
0.94 3.596539588823117
0.95 3.56371138581926
0.96 3.5292166833643535
0.97 3.4930895235651245
0.98 3.455365559566611
0.99 3.4160820203668085
1 3.3752776740761488
1.01 3.332992789658053
1.02 3.2892690971883245
1.03 3.244149746672607
1.04 3.1976792654625332
1.05 3.149903514312609
1.06 3.1008696421211828
1.07 3.0506260394001763
1.08 2.999222290519491
1.09 2.946709124773223
1.1 2.893138366315972
1.11 2.8385628830186604
1.12 2.7830365342943235
1.13 2.7266141179453753
1.14 2.669351316084791
1.15 2.611304640184586
1.16 2.5525313753058123
1.17 2.493089523565125
1.18 2.4330377468936883
1.19 2.3724353091449393
1.2 2.311342017608315
1.21 2.2498181639866788
1.22 2.1879244648956915
1.23 2.1257220019438385
1.24 2.0632721614522582
1.25 2.0006365738738565
1.26 1.9378770529714864
1.27 1.8750555348152298
1.28 1.8122340166589732
1.29 1.749474495756603
1.3 1.6868389081782011
1.31 1.6243890676866213
1.32 1.5621866047347681
1.33 1.5002929056437806
1.34 1.4387690520221446
1.35 1.3776757604855203
1.36 1.3170733227367712
1.37 1.257021546065335
1.38 1.197579694324647
1.39 1.138806429445874
1.4 1.0807597535456686
1.41 1.0234969516850843
1.42 0.9670745353361362
1.43 0.9115481866117991
0.12 0.921749273184464
0.13 0.977275621908801
0.14 1.0336980382577492
0.15 1.0909608401183335
0.16 1.1490075160185387
0.17 1.2077807808973118
0.18 1.2672226326379996
0.19 1.3272744093094362
0.2 1.387876847058185
0.21 1.4489701385948095
0.22 1.5104939922164453
0.23 1.572387691307433
0.24 1.634590154259286
0.25 1.6970399947508659
0.26 1.759675582329268
0.27 1.822435103231638
0.28 1.8852566213878945
0.29 1.948078139544151
0.3 2.0108376604465215
0.31 2.073473248024923
0.32 2.135923088516503
0.33 2.1981255514683564
0.34 2.2600192505593437
0.35 2.32154310418098
0.36 2.382636395717604
0.37 2.4432388334663533
0.38 2.5032906101377894
0.39 2.5627324618784773
0.4 2.6215057267572504
0.41 2.679552402657456
0.42 2.7368152045180403
0.43 2.7932376208669885
0.44 2.8487639695913254
0.45 2.903339452888637
0.46 2.956910211345888
0.47 3.009423377092156
0.48 3.0608271259728412
0.49 3.1110707286938477
0.5 3.160104600885274
0.51 3.207880352035198
0.52 3.254350833245272
0.53 3.2994701837609894
0.54 3.343193876230718
0.55 3.3854787606488137
0.56 3.4262831069394735
0.57 3.465566646139276
0.58 3.5032906101377894
0.59 3.5394177699370184
0.6 3.573912472391925
0.61 3.606740675395782
0.62 3.637869981475622
0.63 3.6672696697646305
0.64 3.6949107263199337
0.65 3.720765872755857
0.66 3.7448095931643977
0.67 3.7670181592963456
0.68 3.787369653978202
0.69 3.805843992741781
0.7 3.8224229436451567
0.71 3.8370901452653894
0.72 3.849831122845272
0.73 3.86063330257817
0.74 3.8694860240168505
0.75 3.8763805505940545
0.76 3.881310078244438
0.77 3.884269742119358
0.78 3.8852566213878945
0.79 3.884269742119358
0.8 3.881310078244438
0.81 3.8763805505940545
0.82 3.8694860240168505
0.83 3.86063330257817
0.84 3.849831122845272
0.85 3.8370901452653894
0.86 3.8224229436451567
0.87 3.805843992741781
0.88 3.787369653978202
0.89 3.7670181592963456
0.9 3.7448095931643977
0.91 3.720765872755857
0.92 3.6949107263199337
0.93 3.6672696697646305
0.94 3.637869981475622
0.95 3.606740675395782
0.96 3.573912472391925
0.97 3.5394177699370184
0.98 3.5032906101377894
0.99 3.465566646139276
1 3.4262831069394735
1.01 3.3854787606488137
1.02 3.343193876230718
1.03 3.2994701837609894
1.04 3.254350833245272
1.05 3.207880352035198
1.06 3.160104600885274
1.07 3.1110707286938477
1.08 3.0608271259728412
1.09 3.009423377092156
1.1 2.956910211345888
1.11 2.903339452888637
1.12 2.8487639695913254
1.13 2.7932376208669885
1.14 2.7368152045180403
1.15 2.679552402657456
1.16 2.6215057267572504
1.17 2.5627324618784773
1.18 2.5032906101377894
1.19 2.4432388334663533
1.2 2.382636395717604
1.21 2.32154310418098
1.22 2.2600192505593437
1.23 2.1981255514683564
1.24 2.135923088516503
1.25 2.073473248024923
1.26 2.0108376604465215
1.27 1.948078139544151
1.28 1.8852566213878945
1.29 1.822435103231638
1.3 1.759675582329268
1.31 1.6970399947508659
1.32 1.634590154259286
1.33 1.572387691307433
1.34 1.5104939922164453
1.35 1.4489701385948095
1.36 1.387876847058185
1.37 1.3272744093094362
1.38 1.2672226326379996
1.39 1.2077807808973118
1.4 1.1490075160185387
1.41 1.0909608401183335
1.42 1.0336980382577492
1.43 0.977275621908801
1.44 0.921749273184464
0.13 0.9315701579844146
0.14 0.9870965067087516
0.15 1.0435189230576998
0.16 1.100781724918284
0.17 1.1588284008184893
0.18 1.2176016656972624
0.19 1.2770435174379502
0.2 1.3370952941093868
0.21 1.3976977318581356
0.22 1.45879102339476
0.23 1.520314877016396
0.24 1.5822085761073836
0.25 1.6444110390592366
0.26 1.7068608795508164
0.27 1.7694964671292186
0.28 1.8322559880315885
0.29 1.895077506187845
0.3 1.9578990243441017
0.31 2.020658545246472
0.32 2.0832941328248737
0.33 2.1457439733164536
0.34 2.207946436268307
0.35 2.2698401353592943
0.36 2.3313639889809306
0.37 2.392457280517555
0.38 2.453059718266304
0.39 2.51311149493774
0.4 2.572553346678428
0.41 2.631326611557201
0.42 2.6893732874574066
0.43 2.746636089317991
0.44 2.803058505666939
0.45 2.858584854391276
0.46 2.9131603376885877
0.47 2.9667310961458386
0.48 3.0192442618921067
0.49 3.070648010772792
0.5 3.1208916134937983
0.51 3.1699254856852246
0.52 3.2177012368351487
0.53 3.2641717180452225
0.54 3.30929106856094
0.55 3.3530147610306686
0.56 3.3952996454487643
0.57 3.436103991739424
0.58 3.4753875309392264
0.59 3.51311149493774
0.6 3.549238654736969
0.61 3.5837333571918757
0.62 3.6165615601957324
0.63 3.6476908662755725
0.64 3.677090554564581
0.65 3.7047316111198842
0.66 3.7305867575558076
0.67 3.7546304779643482
0.68 3.7768390440962962
0.69 3.7971905387781524
0.7 3.8156648775417317
0.71 3.8322438284451072
0.72 3.84691103006534
0.73 3.8596520076452228
0.74 3.8704541873781206
0.75 3.879306908816801
0.76 3.886201435394005
0.77 3.8911309630443887
0.78 3.8940906269193087
0.79 3.895077506187845
0.8 3.8940906269193087
0.81 3.8911309630443887
0.82 3.886201435394005
0.83 3.879306908816801
0.84 3.8704541873781206
0.85 3.8596520076452228
0.86 3.84691103006534
0.87 3.8322438284451072
0.88 3.8156648775417317
0.89 3.7971905387781524
0.9 3.7768390440962962
0.91 3.7546304779643482
0.92 3.7305867575558076
0.93 3.7047316111198842
0.94 3.677090554564581
0.95 3.6476908662755725
0.96 3.6165615601957324
0.97 3.5837333571918757
0.98 3.549238654736969
0.99 3.51311149493774
1 3.4753875309392264
1.01 3.436103991739424
1.02 3.3952996454487643
1.03 3.3530147610306686
1.04 3.30929106856094
1.05 3.2641717180452225
1.06 3.2177012368351487
1.07 3.1699254856852246
1.08 3.1208916134937983
1.09 3.070648010772792
1.1 3.0192442618921067
1.11 2.9667310961458386
1.12 2.9131603376885877
1.13 2.858584854391276
1.14 2.803058505666939
1.15 2.746636089317991
1.16 2.6893732874574066
1.17 2.631326611557201
1.18 2.572553346678428
1.19 2.51311149493774
1.2 2.453059718266304
1.21 2.392457280517555
1.22 2.3313639889809306
1.23 2.2698401353592943
1.24 2.207946436268307
1.25 2.1457439733164536
1.26 2.0832941328248737
1.27 2.020658545246472
1.28 1.9578990243441017
1.29 1.895077506187845
1.3 1.8322559880315885
1.31 1.7694964671292186
1.32 1.7068608795508164
1.33 1.6444110390592366
1.34 1.5822085761073836
1.35 1.520314877016396
1.36 1.45879102339476
1.37 1.3976977318581356
1.38 1.3370952941093868
1.39 1.2770435174379502
1.4 1.2176016656972624
1.41 1.1588284008184893
1.42 1.100781724918284
1.43 1.0435189230576998
1.44 0.9870965067087516
1.45 0.9315701579844146
0.14 0.9410011489840431
0.15 0.9965274977083801
0.16 1.0529499140573284
0.17 1.1102127159179125
0.18 1.1682593918181179
0.19 1.227032656696891
0.2 1.2864745084375788
0.21 1.3465262851090152
0.22 1.407128722857764
0.23 1.4682220143943887
0.24 1.5297458680160245
0.25 1.591639567107012
0.26 1.6538420300588652
0.27 1.716291870550445
0.28 1.778927458128847
0.29 1.8416869790312171
0.3 1.9045084971874737
0.31 1.9673300153437303
0.32 2.0300895362461002
0.33 2.0927251238245024
0.34 2.1551749643160822
0.35 2.2173774272679356
0.36 2.279271126358923
0.37 2.3407949799805587
0.38 2.4018882715171834
0.39 2.462490709265932
0.4 2.5225424859373686
0.41 2.5819843376780565
0.42 2.6407576025568296
0.43 2.698804278457035
0.44 2.756067080317619
0.45 2.8124894966665677
0.46 2.8680158453909046
0.47 2.922591328688216
0.48 2.9761620871454673
0.49 3.028675252891735
0.5 3.08007900177242
0.51 3.1303226044934265
0.52 3.1793564766848528
0.53 3.227132227834777
0.54 3.2736027090448507
0.55 3.318722059560568
0.56 3.362445752030297
0.57 3.4047306364483925
0.58 3.4455349827390522
0.59 3.4848185219388546
0.6 3.522542485937368
0.61 3.5586696457365976
0.62 3.593164348191504
0.63 3.6259925511953606
0.64 3.657121857275201
0.65 3.6865215455642097
0.66 3.7141626021195124
0.67 3.7400177485554362
0.68 3.764061468963977
0.69 3.7862700350959244
0.7 3.8066215297777806
0.71 3.82509586854136
0.72 3.8416748194447354
0.73 3.856342021064968
0.74 3.869082998644851
0.75 3.879885178377749
0.76 3.8887378998164293
0.77 3.8956324263936333
0.78 3.900561954044017
0.79 3.903521617918937
0.8 3.9045084971874733
0.81 3.903521617918937
0.82 3.900561954044017
0.83 3.8956324263936333
0.84 3.8887378998164293
0.85 3.879885178377749
0.86 3.869082998644851
0.87 3.856342021064968
0.88 3.8416748194447354
0.89 3.82509586854136
0.9 3.8066215297777806
0.91 3.7862700350959244
0.92 3.764061468963977
0.93 3.7400177485554362
0.94 3.7141626021195124
0.95 3.6865215455642097
0.96 3.657121857275201
0.97 3.6259925511953606
0.98 3.593164348191504
0.99 3.5586696457365976
1 3.522542485937368
1.01 3.4848185219388546
1.02 3.4455349827390522
1.03 3.4047306364483925
1.04 3.362445752030297
1.05 3.318722059560568
1.06 3.2736027090448507
1.07 3.227132227834777
1.08 3.1793564766848528
1.09 3.1303226044934265
1.1 3.08007900177242
1.11 3.028675252891735
1.12 2.9761620871454673
1.13 2.922591328688216
1.14 2.8680158453909046
1.15 2.8124894966665677
1.16 2.756067080317619
1.17 2.698804278457035
1.18 2.6407576025568296
1.19 2.5819843376780565
1.2 2.5225424859373686
1.21 2.462490709265932
1.22 2.4018882715171834
1.23 2.3407949799805587
1.24 2.279271126358923
1.25 2.2173774272679356
1.26 2.1551749643160822
1.27 2.0927251238245024
1.28 2.0300895362461002
1.29 1.9673300153437303
1.3 1.9045084971874737
1.31 1.8416869790312171
1.32 1.778927458128847
1.33 1.716291870550445
1.34 1.6538420300588652
1.35 1.591639567107012
1.36 1.5297458680160245
1.37 1.4682220143943887
1.38 1.407128722857764
1.39 1.3465262851090152
1.4 1.2864745084375788
1.41 1.227032656696891
1.42 1.1682593918181179
1.43 1.1102127159179125
1.44 1.0529499140573284
1.45 0.9965274977083801
1.46 0.9410011489840431
0.15 0.9500329389338503
0.16 1.0055592876581874
0.17 1.0619817040071355
0.18 1.1192445058677198
0.19 1.177291181767925
0.2 1.2360644466466981
0.21 1.295506298387386
0.22 1.3555580750588225
0.23 1.4161605128075714
0.24 1.4772538043441958
0.25 1.5387776579658317
0.26 1.6006713570568194
0.27 1.6628738200086723
0.28 1.7253236605002522
0.29 1.7879592480786544
0.3 1.8507187689810243
0.31 1.9135402871372809
0.32 1.9763618052935374
0.33 2.039121326195908
0.34 2.1017569137743095
0.35 2.1642067542658894
0.36 2.2264092172177428
0.37 2.28830291630873
0.38 2.3498267699303663
0.39 2.4109200614669906
0.4 2.4715224992157396
0.41 2.5315742758871758
0.42 2.5910161276278636
0.43 2.6497893925066367
0.44 2.7078360684068423
0.45 2.7650988702674266
0.46 2.821521286616375
0.47 2.8770476353407117
0.48 2.9316231186380235
0.49 2.9851938770952744
0.5 3.0377070428415425
0.51 3.0891107917222276
0.52 3.139354394443234
0.53 3.1883882666346604
0.54 3.2361640177845845
0.55 3.2826344989946583
0.56 3.327753849510376
0.57 3.3714775419801044
0.58 3.4137624263982
0.59 3.45456677268886
0.6 3.493850311888662
0.61 3.5315742758871758
0.62 3.5677014356864047
0.63 3.6021961381413115
0.64 3.635024341145168
0.65 3.6661536472250082
0.66 3.695553335514017
0.67 3.72319439206932
0.68 3.7490495385052434
0.69 3.773093258913784
0.7 3.795301825045732
0.71 3.815653319727588
0.72 3.8341276584911674
0.73 3.850706609394543
0.74 3.8653738110147757
0.75 3.8781147885946585
0.76 3.8889169683275564
0.77 3.897769689766237
0.78 3.904664216343441
0.79 3.9095937439938244
0.8 3.9125534078687445
0.81 3.913540287137281
0.82 3.9125534078687445
0.83 3.9095937439938244
0.84 3.904664216343441
0.85 3.897769689766237
0.86 3.8889169683275564
0.87 3.8781147885946585
0.88 3.8653738110147757
0.89 3.850706609394543
0.9 3.8341276584911674
0.91 3.815653319727588
0.92 3.795301825045732
0.93 3.773093258913784
0.94 3.7490495385052434
0.95 3.72319439206932
0.96 3.695553335514017
0.97 3.6661536472250082
0.98 3.635024341145168
0.99 3.6021961381413115
1 3.5677014356864047
1.01 3.5315742758871758
1.02 3.493850311888662
1.03 3.45456677268886
1.04 3.4137624263982
1.05 3.3714775419801044
1.06 3.327753849510376
1.07 3.2826344989946583
1.08 3.2361640177845845
1.09 3.1883882666346604
1.1 3.139354394443234
1.11 3.0891107917222276
1.12 3.0377070428415425
1.13 2.9851938770952744
1.14 2.9316231186380235
1.15 2.8770476353407117
1.16 2.821521286616375
1.17 2.7650988702674266
1.18 2.7078360684068423
1.19 2.6497893925066367
1.2 2.5910161276278636
1.21 2.5315742758871758
1.22 2.4715224992157396
1.23 2.4109200614669906
1.24 2.3498267699303663
1.25 2.28830291630873
1.26 2.2264092172177428
1.27 2.1642067542658894
1.28 2.1017569137743095
1.29 2.039121326195908
1.3 1.9763618052935374
1.31 1.9135402871372809
1.32 1.8507187689810243
1.33 1.7879592480786544
1.34 1.7253236605002522
1.35 1.6628738200086723
1.36 1.6006713570568194
1.37 1.5387776579658317
1.38 1.4772538043441958
1.39 1.4161605128075714
1.4 1.3555580750588225
1.41 1.295506298387386
1.42 1.2360644466466981
1.43 1.177291181767925
1.44 1.1192445058677198
1.45 1.0619817040071355
1.46 1.0055592876581874
1.47 0.9500329389338503
0.16 0.9586566145475769
0.17 1.014182963271914
0.18 1.070605379620862
0.19 1.1278681814814462
0.2 1.1859148573816518
0.21 1.244688122260425
0.22 1.3041299740011127
0.23 1.3641817506725489
0.24 1.424784188421298
0.25 1.4858774799579224
0.26 1.5474013335795584
0.27 1.6092950326705457
0.28 1.6714974956223991
0.29 1.733947336113979
0.3 1.7965829236923807
0.31 1.859342444594751
0.32 1.9221639627510076
0.33 1.9849854809072642
0.34 2.047745001809634
0.35 2.1103805893880363
0.36 2.172830429879616
0.37 2.235032892831469
0.38 2.296926591922457
0.39 2.3584504455440927
0.4 2.419543737080717
0.41 2.480146174829466
0.42 2.5401979515009026
0.43 2.5996398032415904
0.44 2.6584130681203635
0.45 2.7164597440205687
0.46 2.773722545881153
0.47 2.830144962230101
0.48 2.885671310954438
0.49 2.94024679425175
0.5 2.9938175527090007
0.51 3.046330718455269
0.52 3.097734467335954
0.53 3.1479780700569604
0.54 3.1970119422483867
0.55 3.244787693398311
0.56 3.2912581746083847
0.57 3.336377525124102
0.58 3.3801012175938308
0.59 3.4223861020119264
0.6 3.463190448302586
0.61 3.5024739875023885
0.62 3.540197951500902
0.63 3.576325111300131
0.64 3.610819813755038
0.65 3.6436480167588945
0.66 3.6747773228387346
0.67 3.7041770111277432
0.68 3.7318180676830464
0.69 3.7576732141189697
0.7 3.7817169345275103
0.71 3.8039255006594583
0.72 3.8242769953413145
0.73 3.842751334104894
0.74 3.8593302850082694
0.75 3.873997486628502
0.76 3.886738464208385
0.77 3.8975406439412827
0.78 3.906393365379963
0.79 3.913287891957167
0.8 3.9182174196075508
0.81 3.921177083482471
0.82 3.922163962751007
0.83 3.921177083482471
0.84 3.9182174196075508
0.85 3.913287891957167
0.86 3.906393365379963
0.87 3.8975406439412827
0.88 3.886738464208385
0.89 3.873997486628502
0.9 3.8593302850082694
0.91 3.842751334104894
0.92 3.8242769953413145
0.93 3.8039255006594583
0.94 3.7817169345275103
0.95 3.7576732141189697
0.96 3.7318180676830464
0.97 3.7041770111277432
0.98 3.6747773228387346
0.99 3.6436480167588945
1 3.610819813755038
1.01 3.576325111300131
1.02 3.540197951500902
1.03 3.5024739875023885
1.04 3.463190448302586
1.05 3.4223861020119264
1.06 3.3801012175938308
1.07 3.336377525124102
1.08 3.2912581746083847
1.09 3.244787693398311
1.1 3.1970119422483867
1.11 3.1479780700569604
1.12 3.097734467335954
1.13 3.046330718455269
1.14 2.9938175527090007
1.15 2.94024679425175
1.16 2.885671310954438
1.17 2.830144962230101
1.18 2.773722545881153
1.19 2.7164597440205687
1.2 2.6584130681203635
1.21 2.5996398032415904
1.22 2.5401979515009026
1.23 2.480146174829466
1.24 2.419543737080717
1.25 2.3584504455440927
1.26 2.296926591922457
1.27 2.235032892831469
1.28 2.172830429879616
1.29 2.1103805893880363
1.3 2.047745001809634
1.31 1.9849854809072642
1.32 1.9221639627510076
1.33 1.859342444594751
1.34 1.7965829236923807
1.35 1.733947336113979
1.36 1.6714974956223991
1.37 1.6092950326705457
1.38 1.5474013335795584
1.39 1.4858774799579224
1.4 1.424784188421298
1.41 1.3641817506725489
1.42 1.3041299740011127
1.43 1.244688122260425
1.44 1.1859148573816518
1.45 1.1278681814814462
1.46 1.070605379620862
1.47 1.014182963271914
1.48 0.9586566145475769
0.17 0.9668636652985412
0.18 1.022390014022878
0.19 1.0788124303718263
0.2 1.1360752322324106
0.21 1.194121908132616
0.22 1.252895173011389
0.23 1.312337024752077
0.24 1.3723888014235133
0.25 1.4329912391722623
0.26 1.4940845307088866
0.27 1.5556083843305226
0.28 1.6175020834215101
0.29 1.6797045463733633
0.3 1.7421543868649432
0.31 1.804789974443345
0.32 1.8675494953457152
0.33 1.9303710135019718
0.34 1.9931925316582284
0.35 2.0559520525605985
0.36 2.1185876401390002
0.37 2.1810374806305806
0.38 2.2432399435824335
0.39 2.305133642673421
0.4 2.366657496295057
0.41 2.4277507878316813
0.42 2.4883532255804304
0.43 2.548405002251867
0.44 2.6078468539925543
0.45 2.666620118871328
0.46 2.724666794771533
0.47 2.7819295966321174
0.48 2.8383520129810655
0.49 2.8938783617054025
0.5 2.9484538450027142
0.51 3.002024603459965
0.52 3.054537769206233
0.53 3.1059415180869183
0.54 3.156185120807925
0.55 3.205218992999351
0.56 3.2529947441492753
0.57 3.299465225359349
0.58 3.3445845758750665
0.59 3.388308268344795
0.6 3.430593152762891
0.61 3.4713974990535506
0.62 3.510681038253353
0.63 3.5484050022518665
0.64 3.5845321620510955
0.65 3.619026864506002
0.66 3.651855067509859
0.67 3.682984373589699
0.68 3.7123840618787076
0.69 3.7400251184340108
0.7 3.765880264869934
0.71 3.7899239852784747
0.72 3.8121325514104227
0.73 3.832484046092279
0.74 3.850958384855858
0.75 3.8675373357592338
0.76 3.8822045373794665
0.77 3.8949455149593493
0.78 3.905747694692247
0.79 3.9146004161309276
0.8 3.9214949427081316
0.81 3.926424470358515
0.82 3.9293841342334352
0.83 3.9303710135019716
0.84 3.9293841342334352
0.85 3.926424470358515
0.86 3.9214949427081316
0.87 3.9146004161309276
0.88 3.905747694692247
0.89 3.8949455149593493
0.9 3.8822045373794665
0.91 3.8675373357592338
0.92 3.850958384855858
0.93 3.832484046092279
0.94 3.8121325514104227
0.95 3.7899239852784747
0.96 3.765880264869934
0.97 3.7400251184340108
0.98 3.7123840618787076
0.99 3.682984373589699
1 3.651855067509859
1.01 3.619026864506002
1.02 3.5845321620510955
1.03 3.5484050022518665
1.04 3.510681038253353
1.05 3.4713974990535506
1.06 3.430593152762891
1.07 3.388308268344795
1.08 3.3445845758750665
1.09 3.299465225359349
1.1 3.2529947441492753
1.11 3.205218992999351
1.12 3.156185120807925
1.13 3.1059415180869183
1.14 3.054537769206233
1.15 3.002024603459965
1.16 2.9484538450027142
1.17 2.8938783617054025
1.18 2.8383520129810655
1.19 2.7819295966321174
1.2 2.724666794771533
1.21 2.666620118871328
1.22 2.6078468539925543
1.23 2.548405002251867
1.24 2.4883532255804304
1.25 2.4277507878316813
1.26 2.366657496295057
1.27 2.305133642673421
1.28 2.2432399435824335
1.29 2.1810374806305806
1.3 2.1185876401390002
1.31 2.0559520525605985
1.32 1.9931925316582284
1.33 1.9303710135019718
1.34 1.8675494953457152
1.35 1.804789974443345
1.36 1.7421543868649432
1.37 1.6797045463733633
1.38 1.6175020834215101
1.39 1.5556083843305226
1.4 1.4940845307088866
1.41 1.4329912391722623
1.42 1.3723888014235133
1.43 1.312337024752077
1.44 1.252895173011389
1.45 1.194121908132616
1.46 1.1360752322324106
1.47 1.0788124303718263
1.48 1.022390014022878
1.49 0.9668636652985412
0.18 0.9746459918185012
0.19 1.0301723405428382
0.2 1.0865947568917864
0.21 1.1438575587523707
0.22 1.201904234652576
0.23 1.260677499531349
0.24 1.3201193512720368
0.25 1.3801711279434734
0.26 1.4407735656922223
0.27 1.5018668572288467
0.28 1.5633907108504825
0.29 1.6252844099414703
0.3 1.6874868728933232
0.31 1.749936713384903
0.32 1.8125723009633052
0.33 1.8753318218656752
0.34 1.9381533400219317
0.35 2.0009748581781883
0.36 2.0637343790805587
0.37 2.1263699666589604
0.38 2.1888198071505403
0.39 2.2510222701023936
0.4 2.312915969193381
0.41 2.374439822815017
0.42 2.4355331143516414
0.43 2.4961355521003905
0.44 2.5561873287718266
0.45 2.6156291805125145
0.46 2.6744024453912876
0.47 2.732449121291493
0.48 2.7897119231520775
0.49 2.8461343395010257
0.5 2.9016606882253626
0.51 2.9562361715226744
0.52 3.0098069299799253
0.53 3.0623200957261933
0.54 3.1137238446068785
0.55 3.163967447327885
0.56 3.2130013195193112
0.57 3.2607770706692354
0.58 3.307247551879309
0.59 3.3523669023950267
0.6 3.3960905948647553
0.61 3.438375479282851
0.62 3.4791798255735107
0.63 3.518463364773313
0.64 3.5561873287718266
0.65 3.5923144885710556
0.66 3.6268091910259623
0.67 3.659637394029819
0.68 3.690766700109659
0.69 3.7201663883986678
0.7 3.747807444953971
0.71 3.7736625913898942
0.72 3.797706311798435
0.73 3.819914877930383
0.74 3.840266372612239
0.75 3.8587407113758183
0.76 3.875319662279194
0.77 3.8899868638994266
0.78 3.9027278414793094
0.79 3.9135300212122073
0.8 3.9223827426508877
0.81 3.9292772692280917
0.82 3.9342067968784753
0.83 3.9371664607533954
0.84 3.9381533400219317
0.85 3.9371664607533954
0.86 3.9342067968784753
0.87 3.9292772692280917
0.88 3.9223827426508877
0.89 3.9135300212122073
0.9 3.9027278414793094
0.91 3.8899868638994266
0.92 3.875319662279194
0.93 3.8587407113758183
0.94 3.840266372612239
0.95 3.819914877930383
0.96 3.797706311798435
0.97 3.7736625913898942
0.98 3.747807444953971
0.99 3.7201663883986678
1 3.690766700109659
1.01 3.659637394029819
1.02 3.6268091910259623
1.03 3.5923144885710556
1.04 3.5561873287718266
1.05 3.518463364773313
1.06 3.4791798255735107
1.07 3.438375479282851
1.08 3.3960905948647553
1.09 3.3523669023950267
1.1 3.307247551879309
1.11 3.2607770706692354
1.12 3.2130013195193112
1.13 3.163967447327885
1.14 3.1137238446068785
1.15 3.0623200957261933
1.16 3.0098069299799253
1.17 2.9562361715226744
1.18 2.9016606882253626
1.19 2.8461343395010257
1.2 2.7897119231520775
1.21 2.732449121291493
1.22 2.6744024453912876
1.23 2.6156291805125145
1.24 2.5561873287718266
1.25 2.4961355521003905
1.26 2.4355331143516414
1.27 2.374439822815017
1.28 2.312915969193381
1.29 2.2510222701023936
1.3 2.1888198071505403
1.31 2.1263699666589604
1.32 2.0637343790805587
1.33 2.0009748581781883
1.34 1.9381533400219317
1.35 1.8753318218656752
1.36 1.8125723009633052
1.37 1.749936713384903
1.38 1.6874868728933232
1.39 1.6252844099414703
1.4 1.5633907108504825
1.41 1.5018668572288467
1.42 1.4407735656922223
1.43 1.3801711279434734
1.44 1.3201193512720368
1.45 1.260677499531349
1.46 1.201904234652576
1.47 1.1438575587523707
1.48 1.0865947568917864
1.49 1.0301723405428382
1.5 0.9746459918185012
0.19 0.9819959138907534
0.2 1.0375222626150904
0.21 1.0939446789640386
0.22 1.1512074808246227
0.23 1.2092541567248283
0.24 1.2680274216036014
0.25 1.3274692733442892
0.26 1.3875210500157253
0.27 1.4481234877644744
0.28 1.5092167793010989
0.29 1.570740632922735
0.3 1.6326343320137222
0.31 1.6948367949655756
0.32 1.7572866354571555
0.33 1.8199222230355572
0.34 1.8826817439379275
0.35 1.9455032620941841
0.36 2.0083247802504407
0.37 2.0710843011528106
0.38 2.1337198887312128
0.39 2.1961697292227926
0.4 2.2583721921746456
0.41 2.3202658912656333
0.42 2.381789744887269
0.43 2.4428830364238934
0.44 2.5034854741726424
0.45 2.563537250844079
0.46 2.622979102584767
0.47 2.68175236746354
0.48 2.739799043363745
0.49 2.7970618452243294
0.5 2.8534842615732776
0.51 2.9090106102976145
0.52 2.9635860935949263
0.53 3.017156852052177
0.54 3.0696700177984453
0.55 3.1210737666791304
0.56 3.171317369400137
0.57 3.220351241591563
0.58 3.2681269927414873
0.59 3.314597473951561
0.6 3.3597168244672786
0.61 3.403440516937007
0.62 3.445725401355103
0.63 3.4865297476457626
0.64 3.525813286845565
0.65 3.5635372508440786
0.66 3.5996644106433076
0.67 3.6341591130982143
0.68 3.666987316102071
0.69 3.698116622181911
0.7 3.7275163104709197
0.71 3.755157367026223
0.72 3.781012513462146
0.73 3.805056233870687
0.74 3.827264800002635
0.75 3.847616294684491
0.76 3.8660906334480702
0.77 3.882669584351446
0.78 3.8973367859716785
0.79 3.9100777635515613
0.8 3.920879943284459
0.81 3.9297326647231396
0.82 3.9366271913003437
0.83 3.9415567189507272
0.84 3.9445163828256473
0.85 3.9455032620941837
0.86 3.9445163828256473
0.87 3.9415567189507272
0.88 3.9366271913003437
0.89 3.9297326647231396
0.9 3.920879943284459
0.91 3.9100777635515613
0.92 3.8973367859716785
0.93 3.882669584351446
0.94 3.8660906334480702
0.95 3.847616294684491
0.96 3.827264800002635
0.97 3.805056233870687
0.98 3.781012513462146
0.99 3.755157367026223
1 3.7275163104709197
1.01 3.698116622181911
1.02 3.666987316102071
1.03 3.6341591130982143
1.04 3.5996644106433076
1.05 3.5635372508440786
1.06 3.525813286845565
1.07 3.4865297476457626
1.08 3.445725401355103
1.09 3.403440516937007
1.1 3.3597168244672786
1.11 3.314597473951561
1.12 3.2681269927414873
1.13 3.220351241591563
1.14 3.171317369400137
1.15 3.1210737666791304
1.16 3.0696700177984453
1.17 3.017156852052177
1.18 2.9635860935949263
1.19 2.9090106102976145
1.2 2.8534842615732776
1.21 2.7970618452243294
1.22 2.739799043363745
1.23 2.68175236746354
1.24 2.622979102584767
1.25 2.563537250844079
1.26 2.5034854741726424
1.27 2.4428830364238934
1.28 2.381789744887269
1.29 2.3202658912656333
1.3 2.2583721921746456
1.31 2.1961697292227926
1.32 2.1337198887312128
1.33 2.0710843011528106
1.34 2.0083247802504407
1.35 1.9455032620941841
1.36 1.8826817439379275
1.37 1.8199222230355572
1.38 1.7572866354571555
1.39 1.6948367949655756
1.4 1.6326343320137222
1.41 1.570740632922735
1.42 1.5092167793010989
1.43 1.4481234877644744
1.44 1.3875210500157253
1.45 1.3274692733442892
1.46 1.2680274216036014
1.47 1.2092541567248283
1.48 1.1512074808246227
1.49 1.0939446789640386
1.5 1.0375222626150904
1.51 0.9819959138907534
0.2 0.9889061780295791
0.21 1.044432526753916
0.22 1.1008549431028642
0.23 1.1581177449634485
0.24 1.216164420863654
0.25 1.274937685742427
0.26 1.3343795374831149
0.27 1.3944313141545512
0.28 1.4550337519033003
0.29 1.5161270434399245
0.3 1.5776508970615606
0.31 1.639544596152548
0.32 1.7017470591044013
0.33 1.7641968995959811
0.34 1.826832487174383
0.35 1.8895920080767532
0.36 1.9524135262330098
0.37 2.015235044389266
0.38 2.0779945652916365
0.39 2.140630152870038
0.4 2.2030799933616185
0.41 2.2652824563134715
0.42 2.3271761554044588
0.43 2.388700009026095
0.44 2.4497933005627193
0.45 2.5103957383114683
0.46 2.570447514982905
0.47 2.6298893667235923
0.48 2.688662631602366
0.49 2.746709307502571
0.5 2.8039721093631553
0.51 2.8603945257121035
0.52 2.9159208744364404
0.53 2.970496357733752
0.54 3.024067116191003
0.55 3.076580281937271
0.56 3.1279840308179563
0.57 3.1782276335389628
0.58 3.227261505730389
0.59 3.275037256880313
0.6 3.321507738090387
0.61 3.3666270886061045
0.62 3.410350781075833
0.63 3.4526356654939288
0.64 3.4934400117845885
0.65 3.532723550984391
0.66 3.5704475149829045
0.67 3.6065746747821334
0.68 3.64106937723704
0.69 3.673897580240897
0.7 3.705026886320737
0.71 3.7344265746097456
0.72 3.7620676311650487
0.73 3.787922777600972
0.74 3.8119664980095127
0.75 3.8341750641414607
0.76 3.854526558823317
0.77 3.873000897586896
0.78 3.8895798484902717
0.79 3.9042470501105044
0.8 3.9169880276903872
0.81 3.927790207423285
0.82 3.9366429288619655
0.83 3.9435374554391696
0.84 3.948466983089553
0.85 3.951426646964473
0.86 3.9524135262330096
0.87 3.951426646964473
0.88 3.948466983089553
0.89 3.9435374554391696
0.9 3.9366429288619655
0.91 3.927790207423285
0.92 3.9169880276903872
0.93 3.9042470501105044
0.94 3.8895798484902717
0.95 3.873000897586896
0.96 3.854526558823317
0.97 3.8341750641414607
0.98 3.8119664980095127
0.99 3.787922777600972
1 3.7620676311650487
1.01 3.7344265746097456
1.02 3.705026886320737
1.03 3.673897580240897
1.04 3.64106937723704
1.05 3.6065746747821334
1.06 3.5704475149829045
1.07 3.532723550984391
1.08 3.4934400117845885
1.09 3.4526356654939288
1.1 3.410350781075833
1.11 3.3666270886061045
1.12 3.321507738090387
1.13 3.275037256880313
1.14 3.227261505730389
1.15 3.1782276335389628
1.16 3.1279840308179563
1.17 3.076580281937271
1.18 3.024067116191003
1.19 2.970496357733752
1.2 2.9159208744364404
1.21 2.8603945257121035
1.22 2.8039721093631553
1.23 2.746709307502571
1.24 2.688662631602366
1.25 2.6298893667235923
1.26 2.570447514982905
1.27 2.5103957383114683
1.28 2.4497933005627193
1.29 2.388700009026095
1.3 2.3271761554044588
1.31 2.2652824563134715
1.32 2.2030799933616185
1.33 2.140630152870038
1.34 2.0779945652916365
1.35 2.015235044389266
1.36 1.9524135262330098
1.37 1.8895920080767532
1.38 1.826832487174383
1.39 1.7641968995959811
1.4 1.7017470591044013
1.41 1.639544596152548
1.42 1.5776508970615606
1.43 1.5161270434399245
1.44 1.4550337519033003
1.45 1.3944313141545512
1.46 1.3343795374831149
1.47 1.274937685742427
1.48 1.216164420863654
1.49 1.1581177449634485
1.5 1.1008549431028642
1.51 1.044432526753916
1.52 0.9889061780295791
0.21 0.99536996463856
0.22 1.050896313362897
0.23 1.1073187297118452
0.24 1.1645815315724293
0.25 1.222628207472635
0.26 1.281401472351408
0.27 1.3408433240920958
0.28 1.400895100763532
0.29 1.461497538512281
0.3 1.5225908300489055
0.31 1.5841146836705415
0.32 1.6460083827615288
0.33 1.7082108457133822
0.34 1.770660686204962
0.35 1.8332962737833638
0.36 1.8960557946857342
0.37 1.9588773128419907
0.38 2.0216988309982473
0.39 2.0844583519006172
0.4 2.1470939394790194
0.41 2.2095437799705993
0.42 2.271746242922452
0.43 2.33363994201344
0.44 2.3951637956350758
0.45 2.4562570871717
0.46 2.516859524920449
0.47 2.5769113015918856
0.48 2.6363531533325735
0.49 2.6951264182113466
0.5 2.7531730941115518
0.51 2.810435895972136
0.52 2.8668583123210842
0.53 2.922384661045421
0.54 2.976960144342733
0.55 3.030530902799984
0.56 3.083044068546252
0.57 3.134447817426937
0.58 3.1846914201479435
0.59 3.23372529233937
0.6 3.281501043489294
0.61 3.3279715246993677
0.62 3.373090875215085
0.63 3.416814567684814
0.64 3.4590994521029095
0.65 3.4999037983935692
0.66 3.5391873375933716
0.67 3.576911301591885
0.68 3.613038461391114
0.69 3.647533163846021
0.7 3.6803613668498776
0.71 3.7114906729297177
0.72 3.7408903612187263
0.73 3.7685314177740294
0.74 3.794386564209953
0.75 3.8184302846184934
0.76 3.8406388507504414
0.77 3.8609903454322976
0.78 3.879464684195877
0.79 3.8960436350992524
0.8 3.910710836719485
0.81 3.923451814299368
0.82 3.934253994032266
0.83 3.9431067154709463
0.84 3.9500012420481503
0.85 3.954930769698534
0.86 3.957890433573454
0.87 3.9588773128419903
0.88 3.957890433573454
0.89 3.954930769698534
0.9 3.9500012420481503
0.91 3.9431067154709463
0.92 3.934253994032266
0.93 3.923451814299368
0.94 3.910710836719485
0.95 3.8960436350992524
0.96 3.879464684195877
0.97 3.8609903454322976
0.98 3.8406388507504414
0.99 3.8184302846184934
1 3.794386564209953
1.01 3.7685314177740294
1.02 3.7408903612187263
1.03 3.7114906729297177
1.04 3.6803613668498776
1.05 3.647533163846021
1.06 3.613038461391114
1.07 3.576911301591885
1.08 3.5391873375933716
1.09 3.4999037983935692
1.1 3.4590994521029095
1.11 3.416814567684814
1.12 3.373090875215085
1.13 3.3279715246993677
1.14 3.281501043489294
1.15 3.23372529233937
1.16 3.1846914201479435
1.17 3.134447817426937
1.18 3.083044068546252
1.19 3.030530902799984
1.2 2.976960144342733
1.21 2.922384661045421
1.22 2.8668583123210842
1.23 2.810435895972136
1.24 2.7531730941115518
1.25 2.6951264182113466
1.26 2.6363531533325735
1.27 2.5769113015918856
1.28 2.516859524920449
1.29 2.4562570871717
1.3 2.3951637956350758
1.31 2.33363994201344
1.32 2.271746242922452
1.33 2.2095437799705993
1.34 2.1470939394790194
1.35 2.0844583519006172
1.36 2.0216988309982473
1.37 1.9588773128419907
1.38 1.8960557946857342
1.39 1.8332962737833638
1.4 1.770660686204962
1.41 1.7082108457133822
1.42 1.6460083827615288
1.43 1.5841146836705415
1.44 1.5225908300489055
1.45 1.461497538512281
1.46 1.400895100763532
1.47 1.3408433240920958
1.48 1.281401472351408
1.49 1.222628207472635
1.5 1.1645815315724293
1.51 1.1073187297118452
1.52 1.050896313362897
1.53 0.99536996463856
0.22 1.001380894740695
0.23 1.0569072434650322
0.24 1.1133296598139804
0.25 1.1705924616745644
0.26 1.22863913757477
0.27 1.2874124024535432
0.28 1.346854254194231
0.29 1.4069060308656671
0.3 1.4675084686144162
0.31 1.5286017601510407
0.32 1.5901256137726767
0.33 1.652019312863664
0.34 1.7142217758155174
0.35 1.7766716163070972
0.36 1.839307203885499
0.37 1.9020667247878693
0.38 1.964888242944126
0.39 2.0277097611003825
0.4 2.0904692820027524
0.41 2.1531048695811545
0.42 2.2155547100727344
0.43 2.2777571730245874
0.44 2.339650872115575
0.45 2.401174725737211
0.46 2.462268017273835
0.47 2.5228704550225842
0.48 2.582922231694021
0.49 2.6423640834347086
0.5 2.7011373483134817
0.51 2.759184024213687
0.52 2.816446826074271
0.53 2.8728692424232194
0.54 2.9283955911475563
0.55 2.982971074444868
0.56 3.036541832902119
0.57 3.089054998648387
0.58 3.140458747529072
0.59 3.1907023502500786
0.6 3.239736222441505
0.61 3.287511973591429
0.62 3.333982454801503
0.63 3.3791018053172204
0.64 3.422825497786949
0.65 3.4651103822050446
0.66 3.5059147284957044
0.67 3.5451982676955067
0.68 3.5829222316940204
0.69 3.6190493914932493
0.7 3.653544093948156
0.71 3.6863722969520127
0.72 3.717501603031853
0.73 3.7469012913208615
0.74 3.7745423478761646
0.75 3.800397494312088
0.76 3.8244412147206286
0.77 3.8466497808525766
0.78 3.8670012755344327
0.79 3.885475614298012
0.8 3.9020545652013876
0.81 3.9167217668216203
0.82 3.929462744401503
0.83 3.940264924134401
0.84 3.9491176455730814
0.85 3.9560121721502854
0.86 3.960941699800669
0.87 3.963901363675589
0.88 3.9648882429441255
0.89 3.963901363675589
0.9 3.960941699800669
0.91 3.9560121721502854
0.92 3.9491176455730814
0.93 3.940264924134401
0.94 3.929462744401503
0.95 3.9167217668216203
0.96 3.9020545652013876
0.97 3.885475614298012
0.98 3.8670012755344327
0.99 3.8466497808525766
1 3.8244412147206286
1.01 3.800397494312088
1.02 3.7745423478761646
1.03 3.7469012913208615
1.04 3.717501603031853
1.05 3.6863722969520127
1.06 3.653544093948156
1.07 3.6190493914932493
1.08 3.5829222316940204
1.09 3.5451982676955067
1.1 3.5059147284957044
1.11 3.4651103822050446
1.12 3.422825497786949
1.13 3.3791018053172204
1.14 3.333982454801503
1.15 3.287511973591429
1.16 3.239736222441505
1.17 3.1907023502500786
1.18 3.140458747529072
1.19 3.089054998648387
1.2 3.036541832902119
1.21 2.982971074444868
1.22 2.9283955911475563
1.23 2.8728692424232194
1.24 2.816446826074271
1.25 2.759184024213687
1.26 2.7011373483134817
1.27 2.6423640834347086
1.28 2.582922231694021
1.29 2.5228704550225842
1.3 2.462268017273835
1.31 2.401174725737211
1.32 2.339650872115575
1.33 2.2777571730245874
1.34 2.2155547100727344
1.35 2.1531048695811545
1.36 2.0904692820027524
1.37 2.0277097611003825
1.38 1.964888242944126
1.39 1.9020667247878693
1.4 1.839307203885499
1.41 1.7766716163070972
1.42 1.7142217758155174
1.43 1.652019312863664
1.44 1.5901256137726767
1.45 1.5286017601510407
1.46 1.4675084686144162
1.47 1.4069060308656671
1.48 1.346854254194231
1.49 1.2874124024535432
1.5 1.22863913757477
1.51 1.1705924616745644
1.52 1.1133296598139804
1.53 1.0569072434650322
1.54 1.001380894740695
0.23 1.0069330362736821
0.24 1.0624593849980193
0.25 1.1188818013469675
0.26 1.1761446032075515
0.27 1.234191279107757
0.28 1.29296454398653
0.29 1.3524063957272179
0.3 1.4124581723986542
0.31 1.473060610147403
0.32 1.5341539016840278
0.33 1.5956777553056636
0.34 1.657571454396651
0.35 1.7197739173485043
0.36 1.7822237578400841
0.37 1.844859345418486
0.38 1.9076188663208562
0.39 1.9704403844771128
0.4 2.0332619026333694
0.41 2.0960214235357393
0.42 2.1586570111141414
0.43 2.2211068516057213
0.44 2.2833093145575747
0.45 2.345203013648562
0.46 2.406726867270198
0.47 2.4678201588068225
0.48 2.528422596555571
0.49 2.5884743732270077
0.5 2.6479162249676955
0.51 2.7066894898464686
0.52 2.7647361657466742
0.53 2.821998967607258
0.54 2.8784213839562067
0.55 2.9339477326805437
0.56 2.988523215977855
0.57 3.0420939744351063
0.58 3.094607140181374
0.59 3.146010889062059
0.6 3.1962544917830655
0.61 3.245288363974492
0.62 3.293064115124416
0.63 3.33953459633449
0.64 3.3846539468502073
0.65 3.428377639319936
0.66 3.4706625237380315
0.67 3.5114668700286913
0.68 3.5507504092284936
0.69 3.5884743732270072
0.7 3.6246015330262367
0.71 3.659096235481143
0.72 3.6919244384849996
0.73 3.72305374456484
0.74 3.752453432853849
0.75 3.7800944894091515
0.76 3.8059496358450753
0.77 3.829993356253616
0.78 3.8522019223855635
0.79 3.8725534170674196
0.8 3.891027755830999
0.81 3.9076067067343745
0.82 3.922273908354607
0.83 3.93501488593449
0.84 3.945817065667388
0.85 3.9546697871060683
0.86 3.9615643136832723
0.87 3.966493841333656
0.88 3.969453505208576
0.89 3.9704403844771123
0.9 3.969453505208576
0.91 3.966493841333656
0.92 3.9615643136832723
0.93 3.9546697871060683
0.94 3.945817065667388
0.95 3.93501488593449
0.96 3.922273908354607
0.97 3.9076067067343745
0.98 3.891027755830999
0.99 3.8725534170674196
1 3.8522019223855635
1.01 3.829993356253616
1.02 3.8059496358450753
1.03 3.7800944894091515
1.04 3.752453432853849
1.05 3.72305374456484
1.06 3.6919244384849996
1.07 3.659096235481143
1.08 3.6246015330262367
1.09 3.5884743732270072
1.1 3.5507504092284936
1.11 3.5114668700286913
1.12 3.4706625237380315
1.13 3.428377639319936
1.14 3.3846539468502073
1.15 3.33953459633449
1.16 3.293064115124416
1.17 3.245288363974492
1.18 3.1962544917830655
1.19 3.146010889062059
1.2 3.094607140181374
1.21 3.0420939744351063
1.22 2.988523215977855
1.23 2.9339477326805437
1.24 2.8784213839562067
1.25 2.821998967607258
1.26 2.7647361657466742
1.27 2.7066894898464686
1.28 2.6479162249676955
1.29 2.5884743732270077
1.3 2.528422596555571
1.31 2.4678201588068225
1.32 2.406726867270198
1.33 2.345203013648562
1.34 2.2833093145575747
1.35 2.2211068516057213
1.36 2.1586570111141414
1.37 2.0960214235357393
1.38 2.0332619026333694
1.39 1.9704403844771128
1.4 1.9076188663208562
1.41 1.844859345418486
1.42 1.7822237578400841
1.43 1.7197739173485043
1.44 1.657571454396651
1.45 1.5956777553056636
1.46 1.5341539016840278
1.47 1.473060610147403
1.48 1.4124581723986542
1.49 1.3524063957272179
1.5 1.29296454398653
1.51 1.234191279107757
1.52 1.1761446032075515
1.53 1.1188818013469675
1.54 1.0624593849980193
1.55 1.0069330362736821
0.24 1.0120209099441462
0.25 1.0675472586684833
0.26 1.1239696750174315
0.27 1.1812324768780156
0.28 1.239279152778221
0.29 1.298052417656994
0.3 1.357494269397682
0.31 1.4175460460691183
0.32 1.4781484838178671
0.33 1.5392417753544918
0.34 1.6007656289761276
0.35 1.6626593280671151
0.36 1.7248617910189683
0.37 1.7873116315105482
0.38 1.84994721908895
0.39 1.9127067399913202
0.4 1.9755282581475768
0.41 2.0383497763038334
0.42 2.1011092972062038
0.43 2.1637448847846055
0.44 2.2261947252761853
0.45 2.2883971882280383
0.46 2.350290887319026
0.47 2.4118147409406623
0.48 2.472908032477286
0.49 2.5335104702260356
0.5 2.5935622468974717
0.51 2.6530040986381596
0.52 2.7117773635169327
0.53 2.769824039417138
0.54 2.8270868412777226
0.55 2.8835092576266703
0.56 2.9390356063510072
0.57 2.9936110896483195
0.58 3.04718184810557
0.59 3.0996950138518384
0.6 3.1510987627325235
0.61 3.20134236545353
0.62 3.2503762376449563
0.63 3.2981519887948805
0.64 3.3446224700049543
0.65 3.3897418205206717
0.66 3.4334655129904004
0.67 3.475750397408496
0.68 3.5165547436991558
0.69 3.555838282898958
0.7 3.5935622468974717
0.71 3.6296894066967003
0.72 3.6641841091516074
0.73 3.697012312155464
0.74 3.7281416182353038
0.75 3.7575413065243124
0.76 3.785182363079616
0.77 3.811037509515539
0.78 3.8350812299240795
0.79 3.857289796056028
0.8 3.877641290737884
0.81 3.8961156295014634
0.82 3.912694580404839
0.83 3.9273617820250717
0.84 3.9401027596049545
0.85 3.9509049393378524
0.86 3.959757660776533
0.87 3.966652187353737
0.88 3.9715817150041204
0.89 3.9745413788790405
0.9 3.975528258147577
0.91 3.9745413788790405
0.92 3.9715817150041204
0.93 3.966652187353737
0.94 3.959757660776533
0.95 3.9509049393378524
0.96 3.9401027596049545
0.97 3.9273617820250717
0.98 3.912694580404839
0.99 3.8961156295014634
1 3.877641290737884
1.01 3.857289796056028
1.02 3.8350812299240795
1.03 3.811037509515539
1.04 3.785182363079616
1.05 3.7575413065243124
1.06 3.7281416182353038
1.07 3.697012312155464
1.08 3.6641841091516074
1.09 3.6296894066967003
1.1 3.5935622468974717
1.11 3.555838282898958
1.12 3.5165547436991558
1.13 3.475750397408496
1.14 3.4334655129904004
1.15 3.3897418205206717
1.16 3.3446224700049543
1.17 3.2981519887948805
1.18 3.2503762376449563
1.19 3.20134236545353
1.2 3.1510987627325235
1.21 3.0996950138518384
1.22 3.04718184810557
1.23 2.9936110896483195
1.24 2.9390356063510072
1.25 2.8835092576266703
1.26 2.8270868412777226
1.27 2.769824039417138
1.28 2.7117773635169327
1.29 2.6530040986381596
1.3 2.5935622468974717
1.31 2.5335104702260356
1.32 2.472908032477286
1.33 2.4118147409406623
1.34 2.350290887319026
1.35 2.2883971882280383
1.36 2.2261947252761853
1.37 2.1637448847846055
1.38 2.1011092972062038
1.39 2.0383497763038334
1.4 1.9755282581475768
1.41 1.9127067399913202
1.42 1.84994721908895
1.43 1.7873116315105482
1.44 1.7248617910189683
1.45 1.6626593280671151
1.46 1.6007656289761276
1.47 1.5392417753544918
1.48 1.4781484838178671
1.49 1.4175460460691183
1.5 1.357494269397682
1.51 1.298052417656994
1.52 1.239279152778221
1.53 1.1812324768780156
1.54 1.1239696750174315
1.55 1.0675472586684833
1.56 1.0120209099441462
0.25 1.016639494635041
0.26 1.072165843359378
0.27 1.128588259708326
0.28 1.1858510615689104
0.29 1.2438977374691156
0.3 1.3026710023478887
0.31 1.3621128540885765
0.32 1.422164630760013
0.33 1.482767068508762
0.34 1.5438603600453864
0.35 1.6053842136670222
0.36 1.66727791275801
0.37 1.729480375709863
0.38 1.7919302162014428
0.39 1.854565803779845
0.4 1.9173253246822148
0.41 1.9801468428384714
0.42 2.042968360994728
0.43 2.1057278818970984
0.44 2.1683634694755
0.45 2.23081330996708
0.46 2.2930157729189333
0.47 2.3549094720099206
0.48 2.416433325631557
0.49 2.477526617168181
0.5 2.53812905491693
0.51 2.5981808315883663
0.52 2.657622683329054
0.53 2.7163959482078273
0.54 2.774442624108033
0.55 2.831705425968617
0.56 2.8881278423175654
0.57 2.9436541910419023
0.58 2.998229674339214
0.59 3.051800432796465
0.6 3.104313598542733
0.61 3.155717347423418
0.62 3.2059609501444246
0.63 3.254994822335851
0.64 3.302770573485775
0.65 3.349241054695849
0.66 3.3943604052115663
0.67 3.438084097681295
0.68 3.4803689820993906
0.69 3.5211733283900504
0.7 3.5604568675898527
0.71 3.5981808315883663
0.72 3.6343079913875953
0.73 3.668802693842502
0.74 3.7016308968463587
0.75 3.732760202926199
0.76 3.7621598912152074
0.77 3.7898009477705106
0.78 3.815656094206434
0.79 3.8396998146149746
0.8 3.8619083807469226
0.81 3.8822598754287787
0.82 3.900734214192358
0.83 3.9173131650957336
0.84 3.9319803667159663
0.85 3.944721344295849
0.86 3.955523524028747
0.87 3.9643762454674274
0.88 3.9712707720446314
0.89 3.976200299695015
0.9 3.979159963569935
0.91 3.9801468428384714
0.92 3.979159963569935
0.93 3.976200299695015
0.94 3.9712707720446314
0.95 3.9643762454674274
0.96 3.955523524028747
0.97 3.944721344295849
0.98 3.9319803667159663
0.99 3.9173131650957336
1 3.900734214192358
1.01 3.8822598754287787
1.02 3.8619083807469226
1.03 3.8396998146149746
1.04 3.815656094206434
1.05 3.7898009477705106
1.06 3.7621598912152074
1.07 3.732760202926199
1.08 3.7016308968463587
1.09 3.668802693842502
1.1 3.6343079913875953
1.11 3.5981808315883663
1.12 3.5604568675898527
1.13 3.5211733283900504
1.14 3.4803689820993906
1.15 3.438084097681295
1.16 3.3943604052115663
1.17 3.349241054695849
1.18 3.302770573485775
1.19 3.254994822335851
1.2 3.2059609501444246
1.21 3.155717347423418
1.22 3.104313598542733
1.23 3.051800432796465
1.24 2.998229674339214
1.25 2.9436541910419023
1.26 2.8881278423175654
1.27 2.831705425968617
1.28 2.774442624108033
1.29 2.7163959482078273
1.3 2.657622683329054
1.31 2.5981808315883663
1.32 2.53812905491693
1.33 2.477526617168181
1.34 2.416433325631557
1.35 2.3549094720099206
1.36 2.2930157729189333
1.37 2.23081330996708
1.38 2.1683634694755
1.39 2.1057278818970984
1.4 2.042968360994728
1.41 1.9801468428384714
1.42 1.9173253246822148
1.43 1.854565803779845
1.44 1.7919302162014428
1.45 1.729480375709863
1.46 1.66727791275801
1.47 1.6053842136670222
1.48 1.5438603600453864
1.49 1.482767068508762
1.5 1.422164630760013
1.51 1.3621128540885765
1.52 1.3026710023478887
1.53 1.2438977374691156
1.54 1.1858510615689104
1.55 1.128588259708326
1.56 1.072165843359378
1.57 1.016639494635041
0.26 1.020784232360885
0.27 1.076310581085222
0.28 1.1327329974341702
0.29 1.1899957992947543
0.3 1.2480424751949597
0.31 1.3068157400737328
0.32 1.3662575918144206
0.33 1.426309368485857
0.34 1.4869118062346058
0.35 1.5480050977712305
0.36 1.6095289513928663
0.37 1.6714226504838539
0.38 1.733625113435707
0.39 1.7960749539272869
0.4 1.8587105415056888
0.41 1.921470062408059
0.42 1.9842915805643155
0.43 2.047113098720572
0.44 2.1098726196229425
0.45 2.172508207201344
0.46 2.234958047692924
0.47 2.297160510644777
0.48 2.3590542097357647
0.49 2.420578063357401
0.5 2.481671354894025
0.51 2.5422737926427743
0.52 2.6023255693142104
0.53 2.6617674210548983
0.54 2.7205406859336714
0.55 2.7785873618338766
0.56 2.8358501636944613
0.57 2.892272580043409
0.58 2.947798928767746
0.59 3.002374412065058
0.6 3.0559451705223086
0.61 3.108458336268577
0.62 3.1598620851492623
0.63 3.2101056878702687
0.64 3.259139560061695
0.65 3.306915311211619
0.66 3.353385792421693
0.67 3.3985051429374105
0.68 3.442228835407139
0.69 3.4845137198252347
0.7 3.5253180661158945
0.71 3.564601605315697
0.72 3.6023255693142104
0.73 3.638452729113439
0.74 3.672947431568346
0.75 3.705775634572203
0.76 3.7369049406520425
0.77 3.766304628941051
0.78 3.7939456854963547
0.79 3.8198008319322776
0.8 3.8438445523408182
0.81 3.8660531184727667
0.82 3.886404613154623
0.83 3.904878951918202
0.84 3.9214579028215777
0.85 3.9361251044418104
0.86 3.948866082021693
0.87 3.959668261754591
0.88 3.9685209831932715
0.89 3.9754155097704755
0.9 3.980345037420859
0.91 3.983304701295779
0.92 3.9842915805643155
0.93 3.983304701295779
0.94 3.980345037420859
0.95 3.9754155097704755
0.96 3.9685209831932715
0.97 3.959668261754591
0.98 3.948866082021693
0.99 3.9361251044418104
1 3.9214579028215777
1.01 3.904878951918202
1.02 3.886404613154623
1.03 3.8660531184727667
1.04 3.8438445523408182
1.05 3.8198008319322776
1.06 3.7939456854963547
1.07 3.766304628941051
1.08 3.7369049406520425
1.09 3.705775634572203
1.1 3.672947431568346
1.11 3.638452729113439
1.12 3.6023255693142104
1.13 3.564601605315697
1.14 3.5253180661158945
1.15 3.4845137198252347
1.16 3.442228835407139
1.17 3.3985051429374105
1.18 3.353385792421693
1.19 3.306915311211619
1.2 3.259139560061695
1.21 3.2101056878702687
1.22 3.1598620851492623
1.23 3.108458336268577
1.24 3.0559451705223086
1.25 3.002374412065058
1.26 2.947798928767746
1.27 2.892272580043409
1.28 2.8358501636944613
1.29 2.7785873618338766
1.3 2.7205406859336714
1.31 2.6617674210548983
1.32 2.6023255693142104
1.33 2.5422737926427743
1.34 2.481671354894025
1.35 2.420578063357401
1.36 2.3590542097357647
1.37 2.297160510644777
1.38 2.234958047692924
1.39 2.172508207201344
1.4 2.1098726196229425
1.41 2.047113098720572
1.42 1.9842915805643155
1.43 1.921470062408059
1.44 1.8587105415056888
1.45 1.7960749539272869
1.46 1.733625113435707
1.47 1.6714226504838539
1.48 1.6095289513928663
1.49 1.5480050977712305
1.5 1.4869118062346058
1.51 1.426309368485857
1.52 1.3662575918144206
1.53 1.3068157400737328
1.54 1.2480424751949597
1.55 1.1899957992947543
1.56 1.1327329974341702
1.57 1.076310581085222
1.58 1.020784232360885
0.27 1.024451032765943
0.28 1.0799773814902802
0.29 1.1363997978392284
0.3 1.1936625996998125
0.31 1.2517092756000179
0.32 1.310482540478791
0.33 1.3699243922194788
0.34 1.4299761688909152
0.35 1.490578606639664
0.36 1.5516718981762887
0.37 1.6131957517979245
0.38 1.675089450888912
0.39 1.7372919138407652
0.4 1.799741754332345
0.41 1.862377341910747
0.42 1.9251368628131171
0.43 1.9879583809693737
0.44 2.0507798991256303
0.45 2.113539420028
0.46 2.1761750076064024
0.47 2.2386248480979822
0.48 2.3008273110498356
0.49 2.362721010140823
0.5 2.4242448637624587
0.51 2.4853381552990834
0.52 2.545940593047832
0.53 2.6059923697192686
0.54 2.6654342214599565
0.55 2.7242074863387296
0.56 2.782254162238935
0.57 2.839516964099519
0.58 2.8959393804484677
0.59 2.9514657291728046
0.6 3.006041212470116
0.61 3.0596119709273673
0.62 3.112125136673635
0.63 3.16352888555432
0.64 3.2137724882753265
0.65 3.2628063604667528
0.66 3.310582111616677
0.67 3.3570525928267507
0.68 3.402171943342468
0.69 3.445895635812197
0.7 3.4881805202302925
0.71 3.5289848665209522
0.72 3.5682684057207545
0.73 3.605992369719268
0.74 3.6421195295184976
0.75 3.676614231973404
0.76 3.7094424349772606
0.77 3.740571741057101
0.78 3.7699714293461097
0.79 3.7976124859014124
0.8 3.823467632337336
0.81 3.847511352745877
0.82 3.8697199188778244
0.83 3.8900714135596806
0.84 3.90854575232326
0.85 3.9251247032266354
0.86 3.939791904846868
0.87 3.952532882426751
0.88 3.963335062159649
0.89 3.9721877835983292
0.9 3.9790823101755333
0.91 3.984011837825917
0.92 3.986971501700837
0.93 3.9879583809693733
0.94 3.986971501700837
0.95 3.984011837825917
0.96 3.9790823101755333
0.97 3.9721877835983292
0.98 3.963335062159649
0.99 3.952532882426751
1 3.939791904846868
1.01 3.9251247032266354
1.02 3.90854575232326
1.03 3.8900714135596806
1.04 3.8697199188778244
1.05 3.847511352745877
1.06 3.823467632337336
1.07 3.7976124859014124
1.08 3.7699714293461097
1.09 3.740571741057101
1.1 3.7094424349772606
1.11 3.676614231973404
1.12 3.6421195295184976
1.13 3.605992369719268
1.14 3.5682684057207545
1.15 3.5289848665209522
1.16 3.4881805202302925
1.17 3.445895635812197
1.18 3.402171943342468
1.19 3.3570525928267507
1.2 3.310582111616677
1.21 3.2628063604667528
1.22 3.2137724882753265
1.23 3.16352888555432
1.24 3.112125136673635
1.25 3.0596119709273673
1.26 3.006041212470116
1.27 2.9514657291728046
1.28 2.8959393804484677
1.29 2.839516964099519
1.3 2.782254162238935
1.31 2.7242074863387296
1.32 2.6654342214599565
1.33 2.6059923697192686
1.34 2.545940593047832
1.35 2.4853381552990834
1.36 2.4242448637624587
1.37 2.362721010140823
1.38 2.3008273110498356
1.39 2.2386248480979822
1.4 2.1761750076064024
1.41 2.113539420028
1.42 2.0507798991256303
1.43 1.9879583809693737
1.44 1.9251368628131171
1.45 1.862377341910747
1.46 1.799741754332345
1.47 1.7372919138407652
1.48 1.675089450888912
1.49 1.6131957517979245
1.5 1.5516718981762887
1.51 1.490578606639664
1.52 1.4299761688909152
1.53 1.3699243922194788
1.54 1.310482540478791
1.55 1.2517092756000179
1.56 1.1936625996998125
1.57 1.1363997978392284
1.58 1.0799773814902802
1.59 1.024451032765943
0.28 1.0276362771609138
0.29 1.083162625885251
0.3 1.139585042234199
0.31 1.1968478440947832
0.32 1.2548945199949886
0.33 1.3136677848737617
0.34 1.3731096366144495
0.35 1.4331614132858859
0.36 1.4937638510346347
0.37 1.5548571425712594
0.38 1.6163809961928952
0.39 1.6782746952838827
0.4 1.740477158235736
0.41 1.8029269987273158
0.42 1.8655625863057177
0.43 1.9283221072080878
0.44 1.9911436253643444
0.45 2.053965143520601
0.46 2.1167246644229714
0.47 2.179360252001373
0.48 2.241810092492953
0.49 2.304012555444806
0.5 2.3659062545357936
0.51 2.42743010815743
0.52 2.4885233996940537
0.53 2.549125837442803
0.54 2.6091776141142393
0.55 2.668619465854927
0.56 2.7273927307337003
0.57 2.7854394066339054
0.58 2.84270220849449
0.59 2.899124624843438
0.6 2.954650973567775
0.61 3.009226456865087
0.62 3.0627972153223375
0.63 3.115310381068606
0.64 3.166714129949291
0.65 3.2169577326702976
0.66 3.265991604861724
0.67 3.313767356011648
0.68 3.360237837221722
0.69 3.4053571877374393
0.7 3.449080880207168
0.71 3.4913657646252636
0.72 3.5321701109159234
0.73 3.5714536501157257
0.74 3.6091776141142393
0.75 3.645304773913468
0.76 3.679799476368375
0.77 3.7126276793722317
0.78 3.7437569854520714
0.79 3.77315667374108
0.8 3.8007977302963836
0.81 3.8266528767323065
0.82 3.850696597140847
0.83 3.8729051632727955
0.84 3.8932566579546517
0.85 3.911730996718231
0.86 3.9283099476216066
0.87 3.9429771492418393
0.88 3.955718126821722
0.89 3.96652030655462
0.9 3.9753730279933004
0.91 3.9822675545705044
0.92 3.987197082220888
0.93 3.990156746095808
0.94 3.9911436253643444
0.95 3.990156746095808
0.96 3.987197082220888
0.97 3.9822675545705044
0.98 3.9753730279933004
0.99 3.96652030655462
1 3.955718126821722
1.01 3.9429771492418393
1.02 3.9283099476216066
1.03 3.911730996718231
1.04 3.8932566579546517
1.05 3.8729051632727955
1.06 3.850696597140847
1.07 3.8266528767323065
1.08 3.8007977302963836
1.09 3.77315667374108
1.1 3.7437569854520714
1.11 3.7126276793722317
1.12 3.679799476368375
1.13 3.645304773913468
1.14 3.6091776141142393
1.15 3.5714536501157257
1.16 3.5321701109159234
1.17 3.4913657646252636
1.18 3.449080880207168
1.19 3.4053571877374393
1.2 3.360237837221722
1.21 3.313767356011648
1.22 3.265991604861724
1.23 3.2169577326702976
1.24 3.166714129949291
1.25 3.115310381068606
1.26 3.0627972153223375
1.27 3.009226456865087
1.28 2.954650973567775
1.29 2.899124624843438
1.3 2.84270220849449
1.31 2.7854394066339054
1.32 2.7273927307337003
1.33 2.668619465854927
1.34 2.6091776141142393
1.35 2.549125837442803
1.36 2.4885233996940537
1.37 2.42743010815743
1.38 2.3659062545357936
1.39 2.304012555444806
1.4 2.241810092492953
1.41 2.179360252001373
1.42 2.1167246644229714
1.43 2.053965143520601
1.44 1.9911436253643444
1.45 1.9283221072080878
1.46 1.8655625863057177
1.47 1.8029269987273158
1.48 1.740477158235736
1.49 1.6782746952838827
1.5 1.6163809961928952
1.51 1.5548571425712594
1.52 1.4937638510346347
1.53 1.4331614132858859
1.54 1.3731096366144495
1.55 1.3136677848737617
1.56 1.2548945199949886
1.57 1.1968478440947832
1.58 1.139585042234199
1.59 1.083162625885251
1.6 1.0276362771609138
0.29 1.0303368220941382
0.3 1.0858631708184752
0.31 1.1422855871674233
0.32 1.1995483890280076
0.33 1.257595064928213
0.34 1.3163683298069861
0.35 1.375810181547674
0.36 1.4358619582191103
0.37 1.4964643959678594
0.38 1.5575576875044836
0.39 1.6190815411261197
0.4 1.6809752402171072
0.41 1.7431777031689604
0.42 1.8056275436605402
0.43 1.8682631312389422
0.44 1.9310226521413123
0.45 1.9938441702975689
0.46 2.0566656884538252
0.47 2.1194252093561956
0.48 2.1820607969345973
0.49 2.2445106374261776
0.5 2.3067131003780306
0.51 2.368606799469018
0.52 2.430130653090654
0.53 2.4912239446272784
0.54 2.5518263823760274
0.55 2.611878159047464
0.56 2.6713200107881514
0.57 2.730093275666925
0.58 2.78813995156713
0.59 2.8454027534277144
0.6 2.9018251697766626
0.61 2.9573515185009995
0.62 3.0119270017983113
0.63 3.065497760255562
0.64 3.1180109260018303
0.65 3.1694146748825154
0.66 3.219658277603522
0.67 3.268692149794948
0.68 3.3164679009448723
0.69 3.362938382154946
0.7 3.4080577326706636
0.71 3.451781425140392
0.72 3.494066309558488
0.73 3.5348706558491476
0.74 3.57415419504895
0.75 3.6118781590474636
0.76 3.6480053188466925
0.77 3.6825000213015993
0.78 3.715328224305456
0.79 3.746457530385296
0.8 3.7758572186743047
0.81 3.803498275229608
0.82 3.829353421665531
0.83 3.853397142074072
0.84 3.87560570820602
0.85 3.895957202887876
0.86 3.9144315416514552
0.87 3.931010492554831
0.88 3.9456776941750635
0.89 3.9584186717549463
0.9 3.969220851487844
0.91 3.9780735729265246
0.92 3.9849680995037287
0.93 3.9898976271541122
0.94 3.9928572910290323
0.95 3.9938441702975687
0.96 3.9928572910290323
0.97 3.9898976271541122
0.98 3.9849680995037287
0.99 3.9780735729265246
1 3.969220851487844
1.01 3.9584186717549463
1.02 3.9456776941750635
1.03 3.931010492554831
1.04 3.9144315416514552
1.05 3.895957202887876
1.06 3.87560570820602
1.07 3.853397142074072
1.08 3.829353421665531
1.09 3.803498275229608
1.1 3.7758572186743047
1.11 3.746457530385296
1.12 3.715328224305456
1.13 3.6825000213015993
1.14 3.6480053188466925
1.15 3.6118781590474636
1.16 3.57415419504895
1.17 3.5348706558491476
1.18 3.494066309558488
1.19 3.451781425140392
1.2 3.4080577326706636
1.21 3.362938382154946
1.22 3.3164679009448723
1.23 3.268692149794948
1.24 3.219658277603522
1.25 3.1694146748825154
1.26 3.1180109260018303
1.27 3.065497760255562
1.28 3.0119270017983113
1.29 2.9573515185009995
1.3 2.9018251697766626
1.31 2.8454027534277144
1.32 2.78813995156713
1.33 2.730093275666925
1.34 2.6713200107881514
1.35 2.611878159047464
1.36 2.5518263823760274
1.37 2.4912239446272784
1.38 2.430130653090654
1.39 2.368606799469018
1.4 2.3067131003780306
1.41 2.2445106374261776
1.42 2.1820607969345973
1.43 2.1194252093561956
1.44 2.0566656884538252
1.45 1.9938441702975689
1.46 1.9310226521413123
1.47 1.8682631312389422
1.48 1.8056275436605402
1.49 1.7431777031689604
1.5 1.6809752402171072
1.51 1.6190815411261197
1.52 1.5575576875044836
1.53 1.4964643959678594
1.54 1.4358619582191103
1.55 1.375810181547674
1.56 1.3163683298069861
1.57 1.257595064928213
1.58 1.1995483890280076
1.59 1.1422855871674233
1.6 1.0858631708184752
1.61 1.0303368220941382
0.3 1.0325500024538083
0.31 1.0880763511781453
0.32 1.1444987675270935
0.33 1.2017615693876778
0.34 1.2598082452878832
0.35 1.3185815101666563
0.36 1.378023361907344
0.37 1.4380751385787804
0.38 1.4986775763275295
0.39 1.5597708678641538
0.4 1.6212947214857898
0.41 1.6831884205767773
0.42 1.7453908835286305
0.43 1.8078407240202103
0.44 1.8704763115986123
0.45 1.9332358325009824
0.46 1.996057350657239
0.47 2.058878868813496
0.48 2.1216383897158657
0.49 2.184273977294268
0.5 2.2467238177858473
0.51 2.3089262807377007
0.52 2.3708199798286884
0.53 2.4323438334503242
0.54 2.4934371249869485
0.55 2.5540395627356975
0.56 2.6140913394071337
0.57 2.673533191147822
0.58 2.7323064560265946
0.59 2.7903531319268002
0.6 2.8476159337873845
0.61 2.9040383501363327
0.62 2.9595646988606696
0.63 3.0141401821579814
0.64 3.0677109406152323
0.65 3.1202241063615004
0.66 3.1716278552421855
0.67 3.221871457963192
0.68 3.2709053301546183
0.69 3.3186810813045424
0.7 3.3651515625146162
0.71 3.4102709130303337
0.72 3.4539946055000623
0.73 3.496279489918158
0.74 3.5370838362088177
0.75 3.57636737540862
0.76 3.6140913394071337
0.77 3.6502184992063627
0.78 3.6847132016612694
0.79 3.717541404665126
0.8 3.748670710744966
0.81 3.778070399033975
0.82 3.805711455589278
0.83 3.8315666020252013
0.84 3.855610322433742
0.85 3.87781888856569
0.86 3.898170383247546
0.87 3.9166447220111253
0.88 3.933223672914501
0.89 3.9478908745347336
0.9 3.9606318521146164
0.91 3.9714340318475143
0.92 3.9802867532861947
0.93 3.9871812798633988
0.94 3.9921108075137823
0.95 3.9950704713887024
0.96 3.9960573506572388
0.97 3.9950704713887024
0.98 3.9921108075137823
0.99 3.9871812798633988
1 3.9802867532861947
1.01 3.9714340318475143
1.02 3.9606318521146164
1.03 3.9478908745347336
1.04 3.933223672914501
1.05 3.9166447220111253
1.06 3.898170383247546
1.07 3.87781888856569
1.08 3.855610322433742
1.09 3.8315666020252013
1.1 3.805711455589278
1.11 3.778070399033975
1.12 3.748670710744966
1.13 3.717541404665126
1.14 3.6847132016612694
1.15 3.6502184992063627
1.16 3.6140913394071337
1.17 3.57636737540862
1.18 3.5370838362088177
1.19 3.496279489918158
1.2 3.4539946055000623
1.21 3.4102709130303337
1.22 3.3651515625146162
1.23 3.3186810813045424
1.24 3.2709053301546183
1.25 3.221871457963192
1.26 3.1716278552421855
1.27 3.1202241063615004
1.28 3.0677109406152323
1.29 3.0141401821579814
1.3 2.9595646988606696
1.31 2.9040383501363327
1.32 2.8476159337873845
1.33 2.7903531319268002
1.34 2.7323064560265946
1.35 2.673533191147822
1.36 2.6140913394071337
1.37 2.5540395627356975
1.38 2.4934371249869485
1.39 2.4323438334503242
1.4 2.3708199798286884
1.41 2.3089262807377007
1.42 2.2467238177858473
1.43 2.184273977294268
1.44 2.1216383897158657
1.45 2.058878868813496
1.46 1.996057350657239
1.47 1.9332358325009824
1.48 1.8704763115986123
1.49 1.8078407240202103
1.5 1.7453908835286305
1.51 1.6831884205767773
1.52 1.6212947214857898
1.53 1.5597708678641538
1.54 1.4986775763275295
1.55 1.4380751385787804
1.56 1.378023361907344
1.57 1.3185815101666563
1.58 1.2598082452878832
1.59 1.2017615693876778
1.6 1.1444987675270935
1.61 1.0880763511781453
1.62 1.0325500024538083
0.31 1.0342736340981094
0.32 1.0897999828224463
0.33 1.1462223991713945
0.34 1.2034852010319788
0.35 1.2615318769321842
0.36 1.3203051418109573
0.37 1.379746993551645
0.38 1.4397987702230814
0.39 1.5004012079718305
0.4 1.5614944995084548
0.41 1.6230183531300908
0.42 1.6849120522210783
0.43 1.7471145151729315
0.44 1.8095643556645113
0.45 1.8721999432429133
0.46 1.9349594641452834
0.47 1.99778098230154
0.48 2.0606025004577964
0.49 2.1233620213601667
0.5 2.1859976089385684
0.51 2.2484474494301487
0.52 2.3106499123820017
0.53 2.372543611472989
0.54 2.4340674650946252
0.55 2.4951607566312495
0.56 2.5557631943799985
0.57 2.615814971051435
0.58 2.6752568227921225
0.59 2.734030087670896
0.6 2.7920767635711012
0.61 2.8493395654316855
0.62 2.9057619817806337
0.63 2.9612883305049706
0.64 3.0158638138022824
0.65 3.0694345722595333
0.66 3.1219477380058014
0.67 3.1733514868864865
0.68 3.223595089607493
0.69 3.2726289617989193
0.7 3.3204047129488434
0.71 3.3668751941589172
0.72 3.4119945446746347
0.73 3.4557182371443633
0.74 3.498003121562459
0.75 3.5388074678531187
0.76 3.578091007052921
0.77 3.6158149710514347
0.78 3.6519421308506637
0.79 3.6864368333055704
0.8 3.719265036309427
0.81 3.750394342389267
0.82 3.779794030678276
0.83 3.807435087233579
0.84 3.8332902336695023
0.85 3.857333954078043
0.86 3.879542520209991
0.87 3.899894014891847
0.88 3.9183683536554264
0.89 3.934947304558802
0.9 3.9496145061790346
0.91 3.9623554837589174
0.92 3.9731576634918153
0.93 3.9820103849304957
0.94 3.9889049115076998
0.95 3.9938344391580833
0.96 3.9967941030330034
0.97 3.9977809823015398
0.98 3.9967941030330034
0.99 3.9938344391580833
1 3.9889049115076998
1.01 3.9820103849304957
1.02 3.9731576634918153
1.03 3.9623554837589174
1.04 3.9496145061790346
1.05 3.934947304558802
1.06 3.9183683536554264
1.07 3.899894014891847
1.08 3.879542520209991
1.09 3.857333954078043
1.1 3.8332902336695023
1.11 3.807435087233579
1.12 3.779794030678276
1.13 3.750394342389267
1.14 3.719265036309427
1.15 3.6864368333055704
1.16 3.6519421308506637
1.17 3.6158149710514347
1.18 3.578091007052921
1.19 3.5388074678531187
1.2 3.498003121562459
1.21 3.4557182371443633
1.22 3.4119945446746347
1.23 3.3668751941589172
1.24 3.3204047129488434
1.25 3.2726289617989193
1.26 3.223595089607493
1.27 3.1733514868864865
1.28 3.1219477380058014
1.29 3.0694345722595333
1.3 3.0158638138022824
1.31 2.9612883305049706
1.32 2.9057619817806337
1.33 2.8493395654316855
1.34 2.7920767635711012
1.35 2.734030087670896
1.36 2.6752568227921225
1.37 2.615814971051435
1.38 2.5557631943799985
1.39 2.4951607566312495
1.4 2.4340674650946252
1.41 2.372543611472989
1.42 2.3106499123820017
1.43 2.2484474494301487
1.44 2.1859976089385684
1.45 2.1233620213601667
1.46 2.0606025004577964
1.47 1.99778098230154
1.48 1.9349594641452834
1.49 1.8721999432429133
1.5 1.8095643556645113
1.51 1.7471145151729315
1.52 1.6849120522210783
1.53 1.6230183531300908
1.54 1.5614944995084548
1.55 1.5004012079718305
1.56 1.4397987702230814
1.57 1.379746993551645
1.58 1.3203051418109573
1.59 1.2615318769321842
1.6 1.2034852010319788
1.61 1.1462223991713945
1.62 1.0897999828224463
1.63 1.0342736340981094
0.32 1.035506016010705
0.33 1.0910323647350422
0.34 1.1474547810839903
0.35 1.2047175829445744
0.36 1.26276425884478
0.37 1.3215375237235532
0.38 1.380979375464241
0.39 1.4410311521356771
0.4 1.5016335898844262
0.41 1.5627268814210507
0.42 1.6242507350426867
0.43 1.686144434133674
0.44 1.7483468970855274
0.45 1.8107967375771072
0.46 1.873432325155509
0.47 1.9361918460578793
0.48 1.999013364214136
0.49 2.0618348823703925
0.5 2.1245944032727624
0.51 2.1872299908511645
0.52 2.2496798313427444
0.53 2.3118822942945974
0.54 2.373775993385585
0.55 2.435299847007221
0.56 2.496393138543845
0.57 2.556995576292594
0.58 2.617047352964031
0.59 2.6764892047047186
0.6 2.7352624695834917
0.61 2.793309145483697
0.62 2.850571947344281
0.63 2.9069943636932294
0.64 2.9625207124175663
0.65 3.017096195714878
0.66 3.070666954172129
0.67 3.123180119918397
0.68 3.174583868799082
0.69 3.2248274715200886
0.7 3.273861343711515
0.71 3.321637094861439
0.72 3.368107576071513
0.73 3.4132269265872304
0.74 3.456950619056959
0.75 3.4992355034750546
0.76 3.5400398497657144
0.77 3.5793233889655167
0.78 3.6170473529640303
0.79 3.6531745127632593
0.8 3.687669215218166
0.81 3.7204974182220227
0.82 3.751626724301863
0.83 3.7810264125908715
0.84 3.8086674691461746
0.85 3.834522615582098
0.86 3.8585663359906386
0.87 3.8807749021225866
0.88 3.9011263968044427
0.89 3.919600735568022
0.9 3.9361796864713976
0.91 3.9508468880916303
0.92 3.963587865671513
0.93 3.974390045404411
0.94 3.9832427668430914
0.95 3.9901372934202954
0.96 3.995066821070679
0.97 3.998026484945599
0.98 3.9990133642141354
0.99 3.998026484945599
1 3.995066821070679
1.01 3.9901372934202954
1.02 3.9832427668430914
1.03 3.974390045404411
1.04 3.963587865671513
1.05 3.9508468880916303
1.06 3.9361796864713976
1.07 3.919600735568022
1.08 3.9011263968044427
1.09 3.8807749021225866
1.1 3.8585663359906386
1.11 3.834522615582098
1.12 3.8086674691461746
1.13 3.7810264125908715
1.14 3.751626724301863
1.15 3.7204974182220227
1.16 3.687669215218166
1.17 3.6531745127632593
1.18 3.6170473529640303
1.19 3.5793233889655167
1.2 3.5400398497657144
1.21 3.4992355034750546
1.22 3.456950619056959
1.23 3.4132269265872304
1.24 3.368107576071513
1.25 3.321637094861439
1.26 3.273861343711515
1.27 3.2248274715200886
1.28 3.174583868799082
1.29 3.123180119918397
1.3 3.070666954172129
1.31 3.017096195714878
1.32 2.9625207124175663
1.33 2.9069943636932294
1.34 2.850571947344281
1.35 2.793309145483697
1.36 2.7352624695834917
1.37 2.6764892047047186
1.38 2.617047352964031
1.39 2.556995576292594
1.4 2.496393138543845
1.41 2.435299847007221
1.42 2.373775993385585
1.43 2.3118822942945974
1.44 2.2496798313427444
1.45 2.1872299908511645
1.46 2.1245944032727624
1.47 2.0618348823703925
1.48 1.999013364214136
1.49 1.9361918460578793
1.5 1.873432325155509
1.51 1.8107967375771072
1.52 1.7483468970855274
1.53 1.686144434133674
1.54 1.6242507350426867
1.55 1.5627268814210507
1.56 1.5016335898844262
1.57 1.4410311521356771
1.58 1.380979375464241
1.59 1.3215375237235532
1.6 1.26276425884478
1.61 1.2047175829445744
1.62 1.1474547810839903
1.63 1.0910323647350422
1.64 1.035506016010705
0.33 1.036245931979435
0.34 1.0917722807037722
0.35 1.1481946970527204
0.36 1.2054574989133044
0.37 1.26350417481351
0.38 1.3222774396922832
0.39 1.381719291432971
0.4 1.4417710681044071
0.41 1.5023735058531562
0.42 1.5634667973897807
0.43 1.6249906510114167
0.44 1.686884350102404
0.45 1.7490868130542574
0.46 1.8115366535458373
0.47 1.874172241124239
0.48 1.9369317620266093
0.49 1.999753280182866
0.5 2.0625747983391225
0.51 2.1253343192414924
0.52 2.1879699068198946
0.53 2.2504197473114744
0.54 2.3126222102633274
0.55 2.374515909354315
0.56 2.436039762975951
0.57 2.497133054512575
0.58 2.5577354922613242
0.59 2.617787268932761
0.6 2.6772291206734486
0.61 2.7360023855522217
0.62 2.794049061452427
0.63 2.8513118633130112
0.64 2.9077342796619594
0.65 2.9632606283862963
0.66 3.017836111683608
0.67 3.071406870140859
0.68 3.123920035887127
0.69 3.175323784767812
0.7 3.2255673874888187
0.71 3.274601259680245
0.72 3.322377010830169
0.73 3.368847492040243
0.74 3.4139668425559604
0.75 3.457690535025689
0.76 3.4999754194437847
0.77 3.5407797657344444
0.78 3.5800633049342467
0.79 3.6177872689327604
0.8 3.6539144287319894
0.81 3.688409131186896
0.82 3.7212373341907528
0.83 3.752366640270593
0.84 3.7817663285596015
0.85 3.8094073851149046
0.86 3.835262531550828
0.87 3.8593062519593686
0.88 3.8815148180913166
0.89 3.9018663127731728
0.9 3.920340651536752
0.91 3.9369196024401276
0.92 3.9515868040603603
0.93 3.964327781640243
0.94 3.975129961373141
0.95 3.9839826828118214
0.96 3.9908772093890255
0.97 3.995806737039409
0.98 3.998766400914329
0.99 3.9997532801828655
1 3.998766400914329
1.01 3.995806737039409
1.02 3.9908772093890255
1.03 3.9839826828118214
1.04 3.975129961373141
1.05 3.964327781640243
1.06 3.9515868040603603
1.07 3.9369196024401276
1.08 3.920340651536752
1.09 3.9018663127731728
1.1 3.8815148180913166
1.11 3.8593062519593686
1.12 3.835262531550828
1.13 3.8094073851149046
1.14 3.7817663285596015
1.15 3.752366640270593
1.16 3.7212373341907528
1.17 3.688409131186896
1.18 3.6539144287319894
1.19 3.6177872689327604
1.2 3.5800633049342467
1.21 3.5407797657344444
1.22 3.4999754194437847
1.23 3.457690535025689
1.24 3.4139668425559604
1.25 3.368847492040243
1.26 3.322377010830169
1.27 3.274601259680245
1.28 3.2255673874888187
1.29 3.175323784767812
1.3 3.123920035887127
1.31 3.071406870140859
1.32 3.017836111683608
1.33 2.9632606283862963
1.34 2.9077342796619594
1.35 2.8513118633130112
1.36 2.794049061452427
1.37 2.7360023855522217
1.38 2.6772291206734486
1.39 2.617787268932761
1.4 2.5577354922613242
1.41 2.497133054512575
1.42 2.436039762975951
1.43 2.374515909354315
1.44 2.3126222102633274
1.45 2.2504197473114744
1.46 2.1879699068198946
1.47 2.1253343192414924
1.48 2.0625747983391225
1.49 1.999753280182866
1.5 1.9369317620266093
1.51 1.874172241124239
1.52 1.8115366535458373
1.53 1.7490868130542574
1.54 1.686884350102404
1.55 1.6249906510114167
1.56 1.5634667973897807
1.57 1.5023735058531562
1.58 1.4417710681044071
1.59 1.381719291432971
1.6 1.3222774396922832
1.61 1.26350417481351
1.62 1.2054574989133044
1.63 1.1481946970527204
1.64 1.0917722807037722
1.65 1.036245931979435
0.34 1.0364926517965694
0.35 1.0920190005209065
0.36 1.1484414168698547
0.37 1.2057042187304388
0.38 1.2637508946306442
0.39 1.3225241595094173
0.4 1.381966011250105
0.41 1.4420177879215414
0.42 1.5026202256702903
0.43 1.563713517206915
0.44 1.6252373708285508
0.45 1.6871310699195383
0.46 1.7493335328713915
0.47 1.8117833733629713
0.48 1.8744189609413733
0.49 1.9371784818437434
0.5 2.
0.51 2.0628215181562566
0.52 2.125581039058627
0.53 2.1882166266370287
0.54 2.2506664671286085
0.55 2.3128689300804615
0.56 2.374762629171449
0.57 2.4362864827930855
0.58 2.4973797743297093
0.59 2.5579822120784588
0.6 2.618033988749895
0.61 2.6774758404905827
0.62 2.736249105369356
0.63 2.794295781269561
0.64 2.8515585831301458
0.65 2.9079809994790935
0.66 2.9635073482034304
0.67 3.0180828315007426
0.68 3.071653589957993
0.69 3.1241667557042616
0.7 3.1755705045849467
0.71 3.225814107305953
0.72 3.2748479794973795
0.73 3.3226237306473037
0.74 3.3690942118573775
0.75 3.414213562373095
0.76 3.4579372548428235
0.77 3.500222139260919
0.78 3.541026485551579
0.79 3.5803100247513813
0.8 3.618033988749895
0.81 3.6541611485491234
0.82 3.6886558510040306
0.83 3.7214840540078873
0.84 3.752613360087727
0.85 3.7820130483767356
0.86 3.809654104932039
0.87 3.835509251367962
0.88 3.8595529717765027
0.89 3.881761537908451
0.9 3.9021130325903073
0.91 3.9205873713538866
0.92 3.937166322257262
0.93 3.951833523877495
0.94 3.9645745014573777
0.95 3.9753766811902755
0.96 3.984229402628956
0.97 3.99112392920616
0.98 3.9960534568565436
0.99 3.9990131207314636
1 4.
1.01 3.9990131207314636
1.02 3.9960534568565436
1.03 3.99112392920616
1.04 3.984229402628956
1.05 3.9753766811902755
1.06 3.9645745014573777
1.07 3.951833523877495
1.08 3.937166322257262
1.09 3.9205873713538866
1.1 3.9021130325903073
1.11 3.881761537908451
1.12 3.8595529717765027
1.13 3.835509251367962
1.14 3.809654104932039
1.15 3.7820130483767356
1.16 3.752613360087727
1.17 3.7214840540078873
1.18 3.6886558510040306
1.19 3.6541611485491234
1.2 3.618033988749895
1.21 3.5803100247513813
1.22 3.541026485551579
1.23 3.500222139260919
1.24 3.4579372548428235
1.25 3.414213562373095
1.26 3.3690942118573775
1.27 3.3226237306473037
1.28 3.2748479794973795
1.29 3.225814107305953
1.3 3.1755705045849467
1.31 3.1241667557042616
1.32 3.071653589957993
1.33 3.0180828315007426
1.34 2.9635073482034304
1.35 2.9079809994790935
1.36 2.8515585831301458
1.37 2.794295781269561
1.38 2.736249105369356
1.39 2.6774758404905827
1.4 2.618033988749895
1.41 2.5579822120784588
1.42 2.4973797743297093
1.43 2.4362864827930855
1.44 2.374762629171449
1.45 2.3128689300804615
1.46 2.2506664671286085
1.47 2.1882166266370287
1.48 2.125581039058627
1.49 2.0628215181562566
1.5 2.
1.51 1.9371784818437434
1.52 1.8744189609413733
1.53 1.8117833733629713
1.54 1.7493335328713915
1.55 1.6871310699195383
1.56 1.6252373708285508
1.57 1.563713517206915
1.58 1.5026202256702903
1.59 1.4420177879215414
1.6 1.381966011250105
1.61 1.3225241595094173
1.62 1.2637508946306442
1.63 1.2057042187304388
1.64 1.1484414168698547
1.65 1.0920190005209065
1.66 1.0364926517965694
