# single-particle spectral function of two-orbital Hubbard model
# t00=0.5 t11/t00=0.5 U=16 Jh=U/4 L=60 n=2.33 gamma=1
# k, omega, A(k,omega) full

0 -4 6.22009e-06
0 -3.96 6.9402e-06
0 -3.92 6.53318e-06
0 -3.88 4.61288e-06
0 -3.84 6.29314e-06
0 -3.8 4.20587e-06
0 -3.76 6.75234e-06
0 -3.72 4.61288e-06
0 -3.68 5.38518e-06
0 -3.64 7.20111e-07
0 -3.6 3.02655e-06
0 -3.56 3.49619e-06
0 -3.52 3.95539e-06
0 -3.48 1.9516e-06
0 -3.44 3.65274e-06
0 -3.4 3.90321e-06
0 -3.36 2.4943e-06
0 -3.32 2.52561e-06
0 -3.28 5.11383e-06
0 -3.24 7.19067e-06
0 -3.2 5.32256e-06
0 -3.16 6.92976e-06
0 -3.12 4.25805e-06
0 -3.08 7.12805e-06
0 -3.04 3.8719e-06
0 -3 4.16412e-06
0 -2.96 3.91365e-06
0 -2.92 3.72579e-06
0 -2.88 2.18121e-06
0 -2.84 3.42314e-06
0 -2.8 1.50284e-06
0 -2.76 2.50473e-06
0 -2.72 2.42124e-06
0 -2.68 6.18878e-06
0 -2.64 6.41838e-06
0 -2.6 6.06354e-06
0 -2.56 5.81307e-06
0 -2.52 4.9051e-06
0 -2.48 1.38804e-06
0 -2.44 2.05597e-06
0 -2.4 3.30834e-06
0 -2.36 3.08917e-06
0 -2.32 4.84248e-06
0 -2.28 5.83394e-06
0 -2.24 4.28936e-06
0 -2.2 5.1347e-06
0 -2.16 5.16601e-06
0 -2.12 6.86714e-06
0 -2.08 7.44115e-06
0 -2.04 4.7903e-06
0 -2 2.42124e-06
0 -1.96 1.56546e-06
0 -1.92 2.74477e-06
0 -1.88 4.05976e-06
0 -1.84 2.45255e-06
0 -1.8 4.23717e-06
0 -1.76 3.46488e-06
0 -1.72 7.13849e-06
0 -1.68 7.37853e-06
0 -1.64 4.95729e-06
0 -1.6 3.04743e-06
0 -1.56 4.65463e-06
0 -1.52 3.92408e-06
0 -1.48 4.20587e-06
0 -1.44 3.39183e-06
0 -1.4 5.0199e-06
0 -1.36 3.77797e-06
0 -1.32 2.92219e-06
0 -1.28 3.56925e-06
0 -1.24 5.71914e-06
0 -1.2 4.18499e-06
0 -1.16 3.83016e-06
0 -1.12 5.43736e-06
0 -1.08 4.57114e-06
0 -1.04 5.10339e-06
0 -1 7.48707e-05
0 -0.96 7.59039e-05
0 -0.92 7.80538e-05
0 -0.88 7.95253e-05
0 -0.84 8.15708e-05
0 -0.8 8.32093e-05
0 -0.76 8.40964e-05
0 -0.72 8.57036e-05
0 -0.68 8.84797e-05
0 -0.64 8.89911e-05
0 -0.6 9.10471e-05
0 -0.56 9.35831e-05
0 -0.52 9.53782e-05
0 -0.48 9.71524e-05
0 -0.44 9.93857e-05
0 -0.4 0.000101713
0 -0.36 0.000104103
0 -0.32 0.000106681
0 -0.28 0.000109071
0 -0.24 0.000111315
0 -0.2 0.000114059
0 -0.16 0.000116825
0 -0.12 0.000119778
0 -0.08 0.000122659
0 -0.04 0.000125769
0 0 0.000129004
0 0.04 0.000133774
0 0.08 0.000140046
0 0.12 0.000149804
0 0.16 0.000222212
0 0.2 1.96935e-05
0 0.24 5.27664e-05
0 0.28 5.75567e-05
0 0.32 0.000332493
0 0.36 2.98376e-05
0 0.4 0.000750147
0 0.44 0.000365128
0 0.48 0.00141306
0 0.52 0.000581004
0 0.56 0.00236138
0 0.6 0.000492034
0 0.64 3.83537e-05
0 0.68 0.00122943
0 0.72 0.00100106
0 0.76 0.00134238
0 0.8 0.000803852
0 0.84 0.00132282
0 0.88 0.00280642
0 0.92 0.00302925
0 0.96 2.39411e-05
0 1 0.000251799
0 1.04 0.000914082
0 1.08 0.00213944
0 1.12 0.000286729
0 1.16 0.00179554
0 1.2 0.0022017
0 1.24 0.000764445
0 1.28 0.00182585
0 1.32 0.00100196
0 1.36 0.00139786
0 1.4 0.00249791
0 1.44 0.00301772
0 1.48 0.00236469
0 1.52 0.000108319
0 1.56 0.000875029
0 1.6 0.000216325
0 1.64 0.000913936
0 1.68 0.00240172
0 1.72 0.000637079
0 1.76 0.00182304
0 1.8 0.00243212
0 1.84 0.000566038
0 1.88 0.00359867
0 1.92 0.00458679
0 1.96 0.00125979
0 2 0.00264406
0 2.04 0.00215779
0 2.08 0.0040209
0 2.12 0.00261373
0 2.16 0.00152167
0 2.2 0.00518717
0 2.24 0.00483259
0 2.28 0.00649098
0 2.32 0.00703411
0 2.36 0.00970663
0 2.4 0.00733366
0 2.44 0.00787926
0 2.48 0.00775649
0 2.52 0.00828367
0 2.56 0.0110707
0 2.6 0.0122641
0 2.64 0.0140419
0 2.68 0.0227348
0 2.72 0.0149381
0 2.76 0.0192148
0 2.8 0.0165419
0 2.84 0.0195121
0 2.88 0.0249713
0 2.92 0.0261165
0 2.96 0.0321291
0 3 0.0383886
0 3.04 0.0537954
0 3.08 0.0592853
0 3.12 0.0719146
0 3.16 0.0685903
0 3.2 0.0581742
0 3.24 0.046809
0 3.28 0.0296295
0 3.32 0.0219667
0 3.36 0.0191569
0 3.4 0.0187344
0 3.44 0.0137586
0 3.48 0.0128242
0 3.52 0.00924396
0 3.56 0.00801445
0 3.6 0.00808046
0 3.64 0.00792413
0 3.68 0.00774138
0 3.72 0.0116863
0 3.76 0.0111755
0 3.8 0.0102325
0 3.84 0.0102822
0 3.88 0.0102368
0 3.92 0.00876083
0 3.96 0.0137309
0 4 0.0088452
0.0166667 -4 6.0164e-06
0.0166667 -3.96 7.03418e-06
0.0166667 -3.92 6.52132e-06
0.0166667 -3.88 4.80808e-06
0.0166667 -3.84 5.57412e-06
0.0166667 -3.8 4.46335e-06
0.0166667 -3.76 6.8981e-06
0.0166667 -3.72 4.87212e-06
0.0166667 -3.68 5.2451e-06
0.0166667 -3.64 7.58237e-07
0.0166667 -3.6 3.0913e-06
0.0166667 -3.56 3.62238e-06
0.0166667 -3.52 4.1005e-06
0.0166667 -3.48 3.06234e-06
0.0166667 -3.44 4.01122e-06
0.0166667 -3.4 3.3817e-06
0.0166667 -3.36 2.4907e-06
0.0166667 -3.32 2.76066e-06
0.0166667 -3.28 5.36183e-06
0.0166667 -3.24 6.92339e-06
0.0166667 -3.2 5.17524e-06
0.0166667 -3.16 6.89532e-06
0.0166667 -3.12 5.06186e-06
0.0166667 -3.08 6.79354e-06
0.0166667 -3.04 4.16461e-06
0.0166667 -3 4.2162e-06
0.0166667 -2.96 4.09633e-06
0.0166667 -2.92 3.83937e-06
0.0166667 -2.88 2.52138e-06
0.0166667 -2.84 3.28882e-06
0.0166667 -2.8 2.48629e-06
0.0166667 -2.76 2.60492e-06
0.0166667 -2.72 2.42939e-06
0.0166667 -2.68 5.96323e-06
0.0166667 -2.64 6.35956e-06
0.0166667 -2.6 6.28306e-06
0.0166667 -2.56 5.57943e-06
0.0166667 -2.52 4.88114e-06
0.0166667 -2.48 1.37004e-06
0.0166667 -2.44 1.93555e-06
0.0166667 -2.4 3.55617e-06
0.0166667 -2.36 3.32798e-06
0.0166667 -2.32 4.6344e-06
0.0166667 -2.28 5.58139e-06
0.0166667 -2.24 4.29454e-06
0.0166667 -2.2 5.25478e-06
0.0166667 -2.16 5.19354e-06
0.0166667 -2.12 6.52491e-06
0.0166667 -2.08 7.63855e-06
0.0166667 -2.04 4.85907e-06
0.0166667 -2 2.06662e-06
0.0166667 -1.96 6.92362e-07
0.0166667 -1.92 3.10192e-06
0.0166667 -1.88 3.74027e-06
0.0166667 -1.84 2.62019e-06
0.0166667 -1.8 4.46538e-06
0.0166667 -1.76 3.94365e-06
0.0166667 -1.72 6.91524e-06
0.0166667 -1.68 7.44691e-06
0.0166667 -1.64 4.77369e-06
0.0166667 -1.6 3.38678e-06
0.0166667 -1.56 4.47524e-06
0.0166667 -1.52 3.83454e-06
0.0166667 -1.48 4.11585e-06
0.0166667 -1.44 3.37575e-06
0.0166667 -1.4 4.9727e-06
0.0166667 -1.36 4.03379e-06
0.0166667 -1.32 2.99865e-06
0.0166667 -1.28 3.44235e-06
0.0166667 -1.24 5.25537e-06
0.0166667 -1.2 4.40284e-06
0.0166667 -1.16 4.09426e-06
0.0166667 -1.12 5.28587e-06
0.0166667 -1.08 4.54161e-06
0.0166667 -1.04 4.84403e-06
0.0166667 -1 7.53864e-05
0.0166667 -0.96 7.60759e-05
0.0166667 -0.92 7.81606e-05
0.0166667 -0.88 7.96861e-05
0.0166667 -0.84 8.16505e-05
0.0166667 -0.8 8.33517e-05
0.0166667 -0.76 8.42831e-05
0.0166667 -0.72 8.6113e-05
0.0166667 -0.68 8.85317e-05
0.0166667 -0.64 8.90566e-05
0.0166667 -0.6 9.10818e-05
0.0166667 -0.56 9.35786e-05
0.0166667 -0.52 9.55222e-05
0.0166667 -0.48 9.72727e-05
0.0166667 -0.44 9.95281e-05
0.0166667 -0.4 0.00010187
0.0166667 -0.36 0.00010426
0.0166667 -0.32 0.000106855
0.0166667 -0.28 0.000109251
0.0166667 -0.24 0.000111514
0.0166667 -0.2 0.000114263
0.0166667 -0.16 0.000117031
0.0166667 -0.12 0.000120012
0.0166667 -0.08 0.000122947
0.0166667 -0.04 0.00012606
0.0166667 0 0.000129314
0.0166667 0.04 0.000134251
0.0166667 0.08 0.000139601
0.0166667 0.12 0.000150733
0.0166667 0.16 0.00021807
0.0166667 0.2 8.68959e-06
0.0166667 0.24 1.30321e-05
0.0166667 0.28 7.8356e-06
0.0166667 0.32 0.000355275
0.0166667 0.36 7.44977e-05
0.0166667 0.4 0.000727578
0.0166667 0.44 0.000269471
0.0166667 0.48 0.00136449
0.0166667 0.52 0.000711541
0.0166667 0.56 0.00238584
0.0166667 0.6 0.000537758
0.0166667 0.64 0.000132952
0.0166667 0.68 0.00123734
0.0166667 0.72 0.000634532
0.0166667 0.76 0.00127298
0.0166667 0.8 0.000754862
0.0166667 0.84 0.000916564
0.0166667 0.88 0.00204743
0.0166667 0.92 0.00267653
0.0166667 0.96 5.23786e-05
0.0166667 1 0.000639306
0.0166667 1.04 0.000715829
0.0166667 1.08 0.00185255
0.0166667 1.12 2.47592e-05
0.0166667 1.16 0.000705209
0.0166667 1.2 0.00134551
0.0166667 1.24 0.000168008
0.0166667 1.28 0.00190374
0.0166667 1.32 0.0016654
0.0166667 1.36 0.00104571
0.0166667 1.4 0.00230978
0.0166667 1.44 0.00293622
0.0166667 1.48 0.00263342
0.0166667 1.52 0.00170133
0.0166667 1.56 0.00121483
0.0166667 1.6 0.00038246
0.0166667 1.64 0.00101639
0.0166667 1.68 0.00172039
0.0166667 1.72 0.00100211
0.0166667 1.76 0.00226232
0.0166667 1.8 0.00240428
0.0166667 1.84 0.000413717
0.0166667 1.88 0.00372842
0.0166667 1.92 0.00415394
0.0166667 1.96 0.00231263
0.0166667 2 0.00344143
0.0166667 2.04 0.00241254
0.0166667 2.08 0.00382655
0.0166667 2.12 0.00256216
0.0166667 2.16 0.00215714
0.0166667 2.2 0.00627705
0.0166667 2.24 0.00518956
0.0166667 2.28 0.00634465
0.0166667 2.32 0.00648457
0.0166667 2.36 0.0105484
0.0166667 2.4 0.00780949
0.0166667 2.44 0.00887013
0.0166667 2.48 0.00792866
0.0166667 2.52 0.00932118
0.0166667 2.56 0.010517
0.0166667 2.6 0.0120911
0.0166667 2.64 0.0125937
0.0166667 2.68 0.0207744
0.0166667 2.72 0.014177
0.0166667 2.76 0.0175025
0.0166667 2.8 0.017358
0.0166667 2.84 0.0192136
0.0166667 2.88 0.0245749
0.0166667 2.92 0.0254498
0.0166667 2.96 0.0331071
0.0166667 3 0.0396833
0.0166667 3.04 0.0552727
0.0166667 3.08 0.0589024
0.0166667 3.12 0.0717788
0.0166667 3.16 0.0679442
0.0166667 3.2 0.0584958
0.0166667 3.24 0.0471881
0.0166667 3.28 0.0296429
0.0166667 3.32 0.0219901
0.0166667 3.36 0.0188826
0.0166667 3.4 0.0189412
0.0166667 3.44 0.0136607
0.0166667 3.48 0.0127843
0.0166667 3.52 0.00955906
0.0166667 3.56 0.0079854
0.0166667 3.6 0.00817876
0.0166667 3.64 0.00793139
0.0166667 3.68 0.00819775
0.0166667 3.72 0.0117921
0.0166667 3.76 0.0110705
0.0166667 3.8 0.01067
0.0166667 3.84 0.010587
0.0166667 3.88 0.0101612
0.0166667 3.92 0.00904399
0.0166667 3.96 0.0136129
0.0166667 4 0.00898251
0.0333333 -4 5.67964e-06
0.0333333 -3.96 7.27246e-06
0.0333333 -3.92 6.57187e-06
0.0333333 -3.88 4.9959e-06
0.0333333 -3.84 4.56481e-06
0.0333333 -3.8 4.60329e-06
0.0333333 -3.76 7.03487e-06
0.0333333 -3.72 5.09892e-06
0.0333333 -3.68 4.92293e-06
0.0333333 -3.64 8.10889e-07
0.0333333 -3.6 3.24422e-06
0.0333333 -3.56 3.83674e-06
0.0333333 -3.52 4.25631e-06
0.0333333 -3.48 4.41156e-06
0.0333333 -3.44 4.35863e-06
0.0333333 -3.4 2.58451e-06
0.0333333 -3.36 2.58123e-06
0.0333333 -3.32 3.18363e-06
0.0333333 -3.28 5.81991e-06
0.0333333 -3.24 6.63089e-06
0.0333333 -3.2 4.98242e-06
0.0333333 -3.16 6.83488e-06
0.0333333 -3.12 6.01172e-06
0.0333333 -3.08 6.3949e-06
0.0333333 -3.04 4.64918e-06
0.0333333 -3 4.28094e-06
0.0333333 -2.96 4.44419e-06
0.0333333 -2.92 4.0659e-06
0.0333333 -2.88 3.03637e-06
0.0333333 -2.84 3.16418e-06
0.0333333 -2.8 3.78016e-06
0.0333333 -2.76 2.784e-06
0.0333333 -2.72 2.53987e-06
0.0333333 -2.68 5.49967e-06
0.0333333 -2.64 6.23772e-06
0.0333333 -2.6 6.81446e-06
0.0333333 -2.56 5.22437e-06
0.0333333 -2.52 4.86377e-06
0.0333333 -2.48 1.41765e-06
0.0333333 -2.44 1.75884e-06
0.0333333 -2.4 3.86992e-06
0.0333333 -2.36 3.66778e-06
0.0333333 -2.32 4.33723e-06
0.0333333 -2.28 5.07758e-06
0.0333333 -2.24 4.29576e-06
0.0333333 -2.2 5.39845e-06
0.0333333 -2.16 5.20362e-06
0.0333333 -2.12 6.02777e-06
0.0333333 -2.08 7.84095e-06
0.0333333 -2.04 4.8731e-06
0.0333333 -2 1.48706e-06
0.0333333 -1.96 4.45028e-07
0.0333333 -1.92 3.55633e-06
0.0333333 -1.88 3.18425e-06
0.0333333 -1.84 2.97655e-06
0.0333333 -1.8 4.73146e-06
0.0333333 -1.76 4.57988e-06
0.0333333 -1.72 6.58987e-06
0.0333333 -1.68 7.62468e-06
0.0333333 -1.64 4.37235e-06
0.0333333 -1.6 3.97805e-06
0.0333333 -1.56 4.23157e-06
0.0333333 -1.52 3.70956e-06
0.0333333 -1.48 3.95519e-06
0.0333333 -1.44 3.2674e-06
0.0333333 -1.4 4.94255e-06
0.0333333 -1.36 4.39046e-06
0.0333333 -1.32 3.1629e-06
0.0333333 -1.28 3.19807e-06
0.0333333 -1.24 4.5293e-06
0.0333333 -1.2 4.70818e-06
0.0333333 -1.16 4.42858e-06
0.0333333 -1.12 5.0624e-06
0.0333333 -1.08 4.40905e-06
0.0333333 -1.04 4.45627e-06
0.0333333 -1 7.63729e-05
0.0333333 -0.96 7.64932e-05
0.0333333 -0.92 7.84851e-05
0.0333333 -0.88 8.00455e-05
0.0333333 -0.84 8.18448e-05
0.0333333 -0.8 8.36685e-05
0.0333333 -0.76 8.46474e-05
0.0333333 -0.72 8.6996e-05
0.0333333 -0.68 8.87509e-05
0.0333333 -0.64 8.93574e-05
0.0333333 -0.6 9.13024e-05
0.0333333 -0.56 9.37356e-05
0.0333333 -0.52 9.59303e-05
0.0333333 -0.48 9.76649e-05
0.0333333 -0.44 9.9984e-05
0.0333333 -0.4 0.000102344
0.0333333 -0.36 0.000104738
0.0333333 -0.32 0.000107381
0.0333333 -0.28 0.000109797
0.0333333 -0.24 0.000112113
0.0333333 -0.2 0.000114883
0.0333333 -0.16 0.000117671
0.0333333 -0.12 0.000120716
0.0333333 -0.08 0.00012379
0.0333333 -0.04 0.00012695
0.0333333 0 0.000130286
0.0333333 0.04 0.000135411
0.0333333 0.08 0.000139345
0.0333333 0.12 0.000152723
0.0333333 0.16 0.000209654
0.0333333 0.2 1.31673e-05
0.0333333 0.24 0.000157275
0.0333333 0.28 0.000157716
0.0333333 0.32 0.000398909
0.0333333 0.36 0.000159418
0.0333333 0.4 0.000585819
0.0333333 0.44 1.75353e-05
0.0333333 0.48 0.00117107
0.0333333 0.52 0.00107587
0.0333333 0.56 0.00215663
0.0333333 0.6 0.000747355
0.0333333 0.64 0.000248801
0.0333333 0.68 0.0011096
0.0333333 0.72 1.4605e-05
0.0333333 0.76 0.000966208
0.0333333 0.8 0.000695908
0.0333333 0.84 0.000195825
0.0333333 0.88 0.000702206
0.0333333 0.92 0.00200652
0.0333333 0.96 5.52688e-05
0.0333333 1 0.00186682
0.0333333 1.04 0.00046551
0.0333333 1.08 0.00142364
0.0333333 1.12 0.000689903
0.0333333 1.16 0.000746604
0.0333333 1.2 9.71894e-05
0.0333333 1.24 0.00146085
0.0333333 1.28 0.00179756
0.0333333 1.32 0.00239757
0.0333333 1.36 0.000387869
0.0333333 1.4 0.00231436
0.0333333 1.44 0.00262526
0.0333333 1.48 0.00292321
0.0333333 1.52 0.00397929
0.0333333 1.56 0.00196424
0.0333333 1.6 0.000785965
0.0333333 1.64 0.00139333
0.0333333 1.68 0.000650523
0.0333333 1.72 0.00149576
0.0333333 1.76 0.00289556
0.0333333 1.8 0.00220741
0.0333333 1.84 0.00172293
0.0333333 1.88 0.00404115
0.0333333 1.92 0.00327728
0.0333333 1.96 0.00336495
0.0333333 2 0.00423967
0.0333333 2.04 0.00254639
0.0333333 2.08 0.00351055
0.0333333 2.12 0.00223106
0.0333333 2.16 0.00309937
0.0333333 2.2 0.00726616
0.0333333 2.24 0.00566125
0.0333333 2.28 0.00607894
0.0333333 2.32 0.00585998
0.0333333 2.36 0.0116942
0.0333333 2.4 0.00887293
0.0333333 2.44 0.0104582
0.0333333 2.48 0.00782014
0.0333333 2.52 0.0108719
0.0333333 2.56 0.00970441
0.0333333 2.6 0.0119974
0.0333333 2.64 0.0102522
0.0333333 2.68 0.0180357
0.0333333 2.72 0.0132542
0.0333333 2.76 0.015704
0.0333333 2.8 0.0187444
0.0333333 2.84 0.0191468
0.0333333 2.88 0.0239479
0.0333333 2.92 0.0249338
0.0333333 2.96 0.0343117
0.0333333 3 0.0407635
0.0333333 3.04 0.057781
0.0333333 3.08 0.0583646
0.0333333 3.12 0.0716017
0.0333333 3.16 0.066881
0.0333333 3.2 0.0581134
0.0333333 3.24 0.0473434
0.0333333 3.28 0.0294619
0.0333333 3.32 0.022051
0.0333333 3.36 0.0184561
0.0333333 3.4 0.0192449
0.0333333 3.44 0.0134042
0.0333333 3.48 0.0127774
0.0333333 3.52 0.0100222
0.0333333 3.56 0.00795476
0.0333333 3.6 0.00839919
0.0333333 3.64 0.00796074
0.0333333 3.68 0.00893744
0.0333333 3.72 0.0119769
0.0333333 3.76 0.0109674
0.0333333 3.8 0.0114669
0.0333333 3.84 0.010968
0.0333333 3.88 0.00997348
0.0333333 3.92 0.00939173
0.0333333 3.96 0.0133071
0.0333333 4 0.0093563
0.05 -4 5.63436e-06
0.05 -3.96 7.51778e-06
0.05 -3.92 6.73417e-06
0.05 -3.88 4.72827e-06
0.05 -3.84 4.81299e-06
0.05 -3.8 4.06153e-06
0.05 -3.76 6.77122e-06
0.05 -3.72 4.74467e-06
0.05 -3.68 4.62975e-06
0.05 -3.64 7.77384e-07
0.05 -3.6 3.40547e-06
0.05 -3.56 3.86257e-06
0.05 -3.52 4.2412e-06
0.05 -3.48 3.6058e-06
0.05 -3.44 3.90422e-06
0.05 -3.4 2.56441e-06
0.05 -3.36 2.91248e-06
0.05 -3.32 3.33938e-06
0.05 -3.28 6.02855e-06
0.05 -3.24 6.91624e-06
0.05 -3.2 4.9965e-06
0.05 -3.16 6.76963e-06
0.05 -3.12 5.38362e-06
0.05 -3.08 6.65403e-06
0.05 -3.04 4.75974e-06
0.05 -3 4.27399e-06
0.05 -2.96 4.65663e-06
0.05 -2.92 4.18051e-06
0.05 -2.88 2.99883e-06
0.05 -2.84 3.40568e-06
0.05 -2.8 3.37419e-06
0.05 -2.76 2.90997e-06
0.05 -2.72 2.83993e-06
0.05 -2.68 5.26114e-06
0.05 -2.64 6.19702e-06
0.05 -2.6 7.22846e-06
0.05 -2.56 5.28007e-06
0.05 -2.52 4.89569e-06
0.05 -2.48 1.7083e-06
0.05 -2.44 1.77409e-06
0.05 -2.4 3.68342e-06
0.05 -2.36 3.62116e-06
0.05 -2.32 4.45833e-06
0.05 -2.28 4.74692e-06
0.05 -2.24 4.27828e-06
0.05 -2.2 5.28672e-06
0.05 -2.16 5.12927e-06
0.05 -2.12 6.08879e-06
0.05 -2.08 7.54321e-06
0.05 -2.04 4.70845e-06
0.05 -2 1.46167e-06
0.05 -1.96 4.54209e-08
0.05 -1.92 3.34644e-06
0.05 -1.88 2.99527e-06
0.05 -1.84 3.29876e-06
0.05 -1.8 4.48138e-06
0.05 -1.76 4.35436e-06
0.05 -1.72 6.61144e-06
0.05 -1.68 7.81827e-06
0.05 -1.64 4.15566e-06
0.05 -1.6 4.16045e-06
0.05 -1.56 4.34829e-06
0.05 -1.52 3.66953e-06
0.05 -1.48 3.89372e-06
0.05 -1.44 3.01604e-06
0.05 -1.4 5.03773e-06
0.05 -1.36 4.32752e-06
0.05 -1.32 3.28039e-06
0.05 -1.28 3.09489e-06
0.05 -1.24 4.50161e-06
0.05 -1.2 4.64285e-06
0.05 -1.16 4.25515e-06
0.05 -1.12 5.09901e-06
0.05 -1.08 4.23886e-06
0.05 -1.04 4.49194e-06
0.05 -1 7.68992e-05
0.05 -0.96 7.69661e-05
0.05 -0.92 7.90554e-05
0.05 -0.88 8.04231e-05
0.05 -0.84 8.21438e-05
0.05 -0.8 8.40376e-05
0.05 -0.76 8.50016e-05
0.05 -0.72 8.77828e-05
0.05 -0.68 8.91929e-05
0.05 -0.64 9.00161e-05
0.05 -0.6 9.18968e-05
0.05 -0.56 9.43645e-05
0.05 -0.52 9.65883e-05
0.05 -0.48 9.83852e-05
0.05 -0.44 0.000100787
0.05 -0.4 0.000103145
0.05 -0.36 0.000105552
0.05 -0.32 0.000108264
0.05 -0.28 0.000110723
0.05 -0.24 0.00011311
0.05 -0.2 0.000115941
0.05 -0.16 0.000118791
0.05 -0.12 0.000121912
0.05 -0.08 0.000125148
0.05 -0.04 0.000128461
0.05 0 0.00013198
0.05 0.04 0.00013698
0.05 0.08 0.000140939
0.05 0.12 0.000154493
0.05 0.16 0.000202992
0.05 0.2 9.50798e-06
0.05 0.24 0.000302381
0.05 0.28 0.000315603
0.05 0.32 0.000437463
0.05 0.36 0.000160796
0.05 0.4 0.000248982
0.05 0.44 0.000433255
0.05 0.48 0.000791874
0.05 0.52 0.00147932
0.05 0.56 0.0013081
0.05 0.6 0.00101728
0.05 0.64 0.000172868
0.05 0.68 0.000649909
0.05 0.72 0.000227458
0.05 0.76 0.000456964
0.05 0.8 0.000841851
0.05 0.84 6.94078e-05
0.05 0.88 0.000264867
0.05 0.92 0.0015119
0.05 0.96 0.000336026
0.05 1 0.00144019
0.05 1.04 0.00056705
0.05 1.08 0.00146501
0.05 1.12 0.00148272
0.05 1.16 0.000190144
0.05 1.2 0.000406612
0.05 1.24 0.0011309
0.05 1.28 0.00117161
0.05 1.32 0.0018742
0.05 1.36 4.24081e-05
0.05 1.4 0.00302377
0.05 1.44 0.00212823
0.05 1.48 0.00241411
0.05 1.52 0.00335047
0.05 1.56 0.00261735
0.05 1.6 0.000201354
0.05 1.64 0.00204491
0.05 1.68 0.000725712
0.05 1.72 0.00145158
0.05 1.76 0.00276594
0.05 1.8 0.00170253
0.05 1.84 0.00116214
0.05 1.88 0.00427224
0.05 1.92 0.00267932
0.05 1.96 0.00231802
0.05 2 0.00347512
0.05 2.04 0.00196202
0.05 2.08 0.0035264
0.05 2.12 0.00175456
0.05 2.16 0.0030622
0.05 2.2 0.0057418
0.05 2.24 0.00552902
0.05 2.28 0.00603877
0.05 2.32 0.00643327
0.05 2.36 0.0112921
0.05 2.4 0.00968817
0.05 2.44 0.0108535
0.05 2.48 0.00699143
0.05 2.52 0.0107894
0.05 2.56 0.0098284
0.05 2.6 0.0125904
0.05 2.64 0.0101858
0.05 2.68 0.0186642
0.05 2.72 0.0138739
0.05 2.76 0.017412
0.05 2.8 0.0191009
0.05 2.84 0.0203444
0.05 2.88 0.0238918
0.05 2.92 0.0262589
0.05 2.96 0.0337387
0.05 3 0.0389088
0.05 3.04 0.0581949
0.05 3.08 0.0584331
0.05 3.12 0.0714633
0.05 3.16 0.0661941
0.05 3.2 0.0555904
0.05 3.24 0.045904
0.05 3.28 0.0287616
0.05 3.32 0.0219436
0.05 3.36 0.0183565
0.05 3.4 0.0189097
0.05 3.44 0.0131319
0.05 3.48 0.0129379
0.05 3.52 0.0100044
0.05 3.56 0.00803898
0.05 3.6 0.00859253
0.05 3.64 0.00800283
0.05 3.68 0.00902185
0.05 3.72 0.0119829
0.05 3.76 0.0110715
0.05 3.8 0.0118202
0.05 3.84 0.0107243
0.05 3.88 0.00971655
0.05 3.92 0.00910657
0.05 3.96 0.0128732
0.05 4 0.00972457
0.0666667 -4 5.86256e-06
0.0666667 -3.96 7.60399e-06
0.0666667 -3.92 6.81949e-06
0.0666667 -3.88 4.3696e-06
0.0666667 -3.84 5.79016e-06
0.0666667 -3.8 3.64999e-06
0.0666667 -3.76 6.29869e-06
0.0666667 -3.72 4.40088e-06
0.0666667 -3.68 4.50941e-06
0.0666667 -3.64 6.81355e-07
0.0666667 -3.6 3.53759e-06
0.0666667 -3.56 3.6937e-06
0.0666667 -3.52 4.48516e-06
0.0666667 -3.48 2.12058e-06
0.0666667 -3.44 3.34663e-06
0.0666667 -3.4 3.05202e-06
0.0666667 -3.36 3.41754e-06
0.0666667 -3.32 3.19377e-06
0.0666667 -3.28 5.95376e-06
0.0666667 -3.24 7.39881e-06
0.0666667 -3.2 4.97672e-06
0.0666667 -3.16 6.58929e-06
0.0666667 -3.12 4.32397e-06
0.0666667 -3.08 7.11529e-06
0.0666667 -3.04 4.6078e-06
0.0666667 -3 4.29277e-06
0.0666667 -2.96 4.73619e-06
0.0666667 -2.92 4.10304e-06
0.0666667 -2.88 2.57814e-06
0.0666667 -2.84 3.82745e-06
0.0666667 -2.8 2.41994e-06
0.0666667 -2.76 3.02773e-06
0.0666667 -2.72 3.20011e-06
0.0666667 -2.68 5.4938e-06
0.0666667 -2.64 6.32096e-06
0.0666667 -2.6 7.05055e-06
0.0666667 -2.56 5.67106e-06
0.0666667 -2.52 4.90377e-06
0.0666667 -2.48 2.20282e-06
0.0666667 -2.44 1.9023e-06
0.0666667 -2.4 3.2327e-06
0.0666667 -2.36 3.42825e-06
0.0666667 -2.32 4.94029e-06
0.0666667 -2.28 4.61033e-06
0.0666667 -2.24 4.2648e-06
0.0666667 -2.2 5.03993e-06
0.0666667 -2.16 5.06937e-06
0.0666667 -2.12 6.45502e-06
0.0666667 -2.08 6.95287e-06
0.0666667 -2.04 4.67259e-06
0.0666667 -2 1.99513e-06
0.0666667 -1.96 1.28935e-06
0.0666667 -1.92 2.89295e-06
0.0666667 -1.88 3.14278e-06
0.0666667 -1.84 3.55361e-06
0.0666667 -1.8 3.97674e-06
0.0666667 -1.76 3.75875e-06
0.0666667 -1.72 6.78035e-06
0.0666667 -1.68 7.89269e-06
0.0666667 -1.64 4.45439e-06
0.0666667 -1.6 3.93864e-06
0.0666667 -1.56 4.72454e-06
0.0666667 -1.52 3.51948e-06
0.0666667 -1.48 3.91149e-06
0.0666667 -1.44 2.7758e-06
0.0666667 -1.4 5.10138e-06
0.0666667 -1.36 4.07605e-06
0.0666667 -1.32 3.26955e-06
0.0666667 -1.28 3.23845e-06
0.0666667 -1.24 4.98583e-06
0.0666667 -1.2 4.40658e-06
0.0666667 -1.16 3.88648e-06
0.0666667 -1.12 5.32326e-06
0.0666667 -1.08 4.30726e-06
0.0666667 -1.04 4.81105e-06
0.0666667 -1 7.68864e-05
0.0666667 -0.96 7.74385e-05
0.0666667 -0.92 7.9876e-05
0.0666667 -0.88 8.08711e-05
0.0666667 -0.84 8.26785e-05
0.0666667 -0.8 8.45726e-05
0.0666667 -0.76 8.55947e-05
0.0666667 -0.72 8.83769e-05
0.0666667 -0.68 8.97912e-05
0.0666667 -0.64 9.0947e-05
0.0666667 -0.6 9.28741e-05
0.0666667 -0.56 9.55393e-05
0.0666667 -0.52 9.75539e-05
0.0666667 -0.48 9.94543e-05
0.0666667 -0.44 0.000101906
0.0666667 -0.4 0.00010429
0.0666667 -0.36 0.000106725
0.0666667 -0.32 0.000109518
0.0666667 -0.28 0.000112048
0.0666667 -0.24 0.00011452
0.0666667 -0.2 0.000117463
0.0666667 -0.16 0.000120427
0.0666667 -0.12 0.000123648
0.0666667 -0.08 0.000127033
0.0666667 -0.04 0.000130597
0.0666667 0 0.000134422
0.0666667 0.04 0.00013935
0.0666667 0.08 0.000144106
0.0666667 0.12 0.000156846
0.0666667 0.16 0.000197238
0.0666667 0.2 2.64037e-05
0.0666667 0.24 0.000383919
0.0666667 0.28 0.000395653
0.0666667 0.32 0.000489529
0.0666667 0.36 2.86101e-05
0.0666667 0.4 0.00016247
0.0666667 0.44 0.000830067
0.0666667 0.48 0.000313891
0.0666667 0.52 0.00158361
0.0666667 0.56 0.000137221
0.0666667 0.6 0.000973363
0.0666667 0.64 7.39684e-05
0.0666667 0.68 2.14444e-05
0.0666667 0.72 0.000204738
0.0666667 0.76 0.000124364
0.0666667 0.8 0.00130875
0.0666667 0.84 0.000129438
0.0666667 0.88 0.000858587
0.0666667 0.92 0.0011119
0.0666667 0.96 0.000322599
0.0666667 1 6.45043e-06
0.0666667 1.04 0.000721107
0.0666667 1.08 0.00181551
0.0666667 1.12 0.00181069
0.0666667 1.16 0.00135082
0.0666667 1.2 0.000341676
0.0666667 1.24 6.51947e-05
0.0666667 1.28 0.000505814
0.0666667 1.32 0.00132116
0.0666667 1.36 2.2165e-05
0.0666667 1.4 0.00370871
0.0666667 1.44 0.00178021
0.0666667 1.48 0.00119844
0.0666667 1.52 0.000760416
0.0666667 1.56 0.00299
0.0666667 1.6 0.000795294
0.0666667 1.64 0.00263546
0.0666667 1.68 0.00195873
0.0666667 1.72 0.00134345
0.0666667 1.76 0.00209542
0.0666667 1.8 0.00111039
0.0666667 1.84 0.000582429
0.0666667 1.88 0.00411926
0.0666667 1.92 0.00257989
0.0666667 1.96 0.00130788
0.0666667 2 0.00293432
0.0666667 2.04 0.00156328
0.0666667 2.08 0.00384208
0.0666667 2.12 0.00195344
0.0666667 2.16 0.00257614
0.0666667 2.2 0.00409319
0.0666667 2.24 0.00530763
0.0666667 2.28 0.00634196
0.0666667 2.32 0.00743035
0.0666667 2.36 0.0100515
0.0666667 2.4 0.00969075
0.0666667 2.44 0.010639
0.0666667 2.48 0.00657409
0.0666667 2.52 0.00971256
0.0666667 2.56 0.010609
0.0666667 2.6 0.013769
0.0666667 2.64 0.0123726
0.0666667 2.68 0.021061
0.0666667 2.72 0.0151082
0.0666667 2.76 0.0195682
0.0666667 2.8 0.0187479
0.0666667 2.84 0.0220715
0.0666667 2.88 0.0244745
0.0666667 2.92 0.0280923
0.0666667 2.96 0.0330927
0.0666667 3 0.0376062
0.0666667 3.04 0.056365
0.0666667 3.08 0.0587416
0.0666667 3.12 0.0707688
0.0666667 3.16 0.0648555
0.0666667 3.2 0.0524306
0.0666667 3.24 0.0432901
0.0666667 3.28 0.0276077
0.0666667 3.32 0.0212576
0.0666667 3.36 0.01828
0.0666667 3.4 0.0175383
0.0666667 3.44 0.0130933
0.0666667 3.48 0.0131874
0.0666667 3.52 0.00975503
0.0666667 3.56 0.00829899
0.0666667 3.6 0.00868713
0.0666667 3.64 0.00803349
0.0666667 3.68 0.00857011
0.0666667 3.72 0.0117655
0.0666667 3.76 0.0111719
0.0666667 3.8 0.0117084
0.0666667 3.84 0.0101558
0.0666667 3.88 0.00939516
0.0666667 3.92 0.00841965
0.0666667 3.96 0.0123292
0.0666667 4 0.00968486
0.0833333 -4 5.99304e-06
0.0833333 -3.96 7.49326e-06
0.0833333 -3.92 6.66747e-06
0.0833333 -3.88 4.47523e-06
0.0833333 -3.84 5.91251e-06
0.0833333 -3.8 4.08203e-06
0.0833333 -3.76 6.10663e-06
0.0833333 -3.72 4.67945e-06
0.0833333 -3.68 4.52666e-06
0.0833333 -3.64 6.88376e-07
0.0833333 -3.6 3.65986e-06
0.0833333 -3.56 3.60717e-06
0.0833333 -3.52 5.13022e-06
0.0833333 -3.48 2.64392e-06
0.0833333 -3.44 3.64729e-06
0.0833333 -3.4 3.15491e-06
0.0833333 -3.36 3.81232e-06
0.0833333 -3.32 3.0757e-06
0.0833333 -3.28 5.90209e-06
0.0833333 -3.24 7.43081e-06
0.0833333 -3.2 4.70176e-06
0.0833333 -3.16 6.20556e-06
0.0833333 -3.12 4.73881e-06
0.0833333 -3.08 6.98432e-06
0.0833333 -3.04 4.69629e-06
0.0833333 -3 4.39628e-06
0.0833333 -2.96 4.86099e-06
0.0833333 -2.92 4.01175e-06
0.0833333 -2.88 2.53841e-06
0.0833333 -2.84 3.98638e-06
0.0833333 -2.8 2.97197e-06
0.0833333 -2.76 3.0859e-06
0.0833333 -2.72 3.39394e-06
0.0833333 -2.68 5.89429e-06
0.0833333 -2.64 6.4404e-06
0.0833333 -2.6 6.40146e-06
0.0833333 -2.56 5.7715e-06
0.0833333 -2.52 4.83635e-06
0.0833333 -2.48 2.55236e-06
0.0833333 -2.44 1.92274e-06
0.0833333 -2.4 3.14488e-06
0.0833333 -2.36 3.64873e-06
0.0833333 -2.32 5.21347e-06
0.0833333 -2.28 4.25637e-06
0.0833333 -2.24 4.29249e-06
0.0833333 -2.2 4.93937e-06
0.0833333 -2.16 5.12722e-06
0.0833333 -2.12 6.38738e-06
0.0833333 -2.08 6.58664e-06
0.0833333 -2.04 4.90563e-06
0.0833333 -2 2.35671e-06
0.0833333 -1.96 1.31452e-06
0.0833333 -1.92 3.00745e-06
0.0833333 -1.88 3.17943e-06
0.0833333 -1.84 3.76639e-06
0.0833333 -1.8 3.9243e-06
0.0833333 -1.76 3.88049e-06
0.0833333 -1.72 6.60266e-06
0.0833333 -1.68 7.7674e-06
0.0833333 -1.64 5.03963e-06
0.0833333 -1.6 3.83093e-06
0.0833333 -1.56 4.88123e-06
0.0833333 -1.52 3.1316e-06
0.0833333 -1.48 3.83265e-06
0.0833333 -1.44 2.81909e-06
0.0833333 -1.4 4.90833e-06
0.0833333 -1.36 4.12259e-06
0.0833333 -1.32 3.16752e-06
0.0833333 -1.28 3.4917e-06
0.0833333 -1.24 5.06656e-06
0.0833333 -1.2 4.51458e-06
0.0833333 -1.16 4.00361e-06
0.0833333 -1.12 5.39528e-06
0.0833333 -1.08 4.67882e-06
0.0833333 -1.04 4.84785e-06
0.0833333 -1 7.71397e-05
0.0833333 -0.96 7.80828e-05
0.0833333 -0.92 8.08221e-05
0.0833333 -0.88 8.16338e-05
0.0833333 -0.84 8.35404e-05
0.0833333 -0.8 8.54537e-05
0.0833333 -0.76 8.66973e-05
0.0833333 -0.72 8.91223e-05
0.0833333 -0.68 9.05469e-05
0.0833333 -0.64 9.20088e-05
0.0833333 -0.6 9.40777e-05
0.0833333 -0.56 9.69966e-05
0.0833333 -0.52 9.8887e-05
0.0833333 -0.48 0.000100849
0.0833333 -0.44 0.000103281
0.0833333 -0.4 0.000105797
0.0833333 -0.36 0.000108281
0.0833333 -0.32 0.000111163
0.0833333 -0.28 0.000113791
0.0833333 -0.24 0.00011637
0.0833333 -0.2 0.000119475
0.0833333 -0.16 0.000122599
0.0833333 -0.12 0.000125989
0.0833333 -0.08 0.000129533
0.0833333 -0.04 0.000133408
0.0833333 0 0.000137659
0.0833333 0.04 0.00014313
0.0833333 0.08 0.000147263
0.0833333 0.12 0.000162539
0.0833333 0.16 0.000187067
0.0833333 0.2 7.51969e-05
0.0833333 0.24 0.000385723
0.0833333 0.28 0.000365901
0.0833333 0.32 0.000561179
0.0833333 0.36 0.000357232
0.0833333 0.4 0.000397136
0.0833333 0.44 0.00103117
0.0833333 0.48 0.00014659
0.0833333 0.52 0.00131118
0.0833333 0.56 0.000703203
0.0833333 0.6 0.000627983
0.0833333 0.64 0.000336373
0.0833333 0.68 0.000330817
0.0833333 0.72 0.000267089
0.0833333 0.76 0.000131854
0.0833333 0.8 0.00184627
0.0833333 0.84 0.000163829
0.0833333 0.88 0.00146996
0.0833333 0.92 0.000698848
0.0833333 0.96 0.000188367
0.0833333 1 0.000286435
0.0833333 1.04 0.000436842
0.0833333 1.08 0.00181
0.0833333 1.12 0.00160535
0.0833333 1.16 0.00136819
0.0833333 1.2 0.000748285
0.0833333 1.24 0.000534615
0.0833333 1.28 0.000476443
0.0833333 1.32 0.00215727
0.0833333 1.36 6.01248e-05
0.0833333 1.4 0.00360636
0.0833333 1.44 0.0018458
0.0833333 1.48 0.000343348
0.0833333 1.52 0.000267881
0.0833333 1.56 0.00329563
0.0833333 1.6 0.000389059
0.0833333 1.64 0.00272335
0.0833333 1.68 0.00308088
0.0833333 1.72 0.00170387
0.0833333 1.76 0.00178348
0.0833333 1.8 0.00106307
0.0833333 1.84 0.00136796
0.0833333 1.88 0.00363115
0.0833333 1.92 0.00273834
0.0833333 1.96 0.00245237
0.0833333 2 0.00447146
0.0833333 2.04 0.00243746
0.0833333 2.08 0.00388507
0.0833333 2.12 0.00303096
0.0833333 2.16 0.00310037
0.0833333 2.2 0.00549015
0.0833333 2.24 0.00597975
0.0833333 2.28 0.00668784
0.0833333 2.32 0.00728761
0.0833333 2.36 0.00997662
0.0833333 2.4 0.0092684
0.0833333 2.44 0.0111648
0.0833333 2.48 0.00755844
0.0833333 2.52 0.00975093
0.0833333 2.56 0.0108954
0.0833333 2.6 0.0149111
0.0833333 2.64 0.0139356
0.0833333 2.68 0.0210291
0.0833333 2.72 0.0150423
0.0833333 2.76 0.0184195
0.0833333 2.8 0.0194684
0.0833333 2.84 0.0226823
0.0833333 2.88 0.0255947
0.0833333 2.92 0.0283948
0.0833333 2.96 0.0354333
0.0833333 3 0.0407552
0.0833333 3.04 0.0550068
0.0833333 3.08 0.0586137
0.0833333 3.12 0.0691303
0.0833333 3.16 0.062024
0.0833333 3.2 0.0508124
0.0833333 3.24 0.0410659
0.0833333 3.28 0.0263669
0.0833333 3.32 0.0199481
0.0833333 3.36 0.0176831
0.0833333 3.4 0.0158502
0.0833333 3.44 0.013483
0.0833333 3.48 0.0133948
0.0833333 3.52 0.00989755
0.0833333 3.56 0.00868272
0.0833333 3.6 0.00876706
0.0833333 3.64 0.00810035
0.0833333 3.68 0.00847648
0.0833333 3.72 0.0116608
0.0833333 3.76 0.0111116
0.0833333 3.8 0.0116852
0.0833333 3.84 0.0100244
0.0833333 3.88 0.00907311
0.0833333 3.92 0.00814704
0.0833333 3.96 0.0117785
0.0833333 4 0.00916666
0.1 -4 5.887e-06
0.1 -3.96 7.31632e-06
0.1 -3.92 6.45336e-06
0.1 -3.88 4.7925e-06
0.1 -3.84 5.11996e-06
0.1 -3.8 4.47718e-06
0.1 -3.76 6.21975e-06
0.1 -3.72 4.94993e-06
0.1 -3.68 4.54519e-06
0.1 -3.64 8.78862e-07
0.1 -3.6 3.77843e-06
0.1 -3.56 3.71403e-06
0.1 -3.52 5.50258e-06
0.1 -3.48 4.28597e-06
0.1 -3.44 4.29546e-06
0.1 -3.4 2.96344e-06
0.1 -3.36 3.87739e-06
0.1 -3.32 3.12735e-06
0.1 -3.28 5.93144e-06
0.1 -3.24 7.22644e-06
0.1 -3.2 4.4895e-06
0.1 -3.16 5.77695e-06
0.1 -3.12 5.78299e-06
0.1 -3.08 6.54341e-06
0.1 -3.04 4.99676e-06
0.1 -3 4.42588e-06
0.1 -2.96 5.01428e-06
0.1 -2.92 4.11583e-06
0.1 -2.88 3.04204e-06
0.1 -2.84 3.87707e-06
0.1 -2.8 4.15964e-06
0.1 -2.76 2.86294e-06
0.1 -2.72 3.37988e-06
0.1 -2.68 5.96768e-06
0.1 -2.64 6.29697e-06
0.1 -2.6 5.99305e-06
0.1 -2.56 5.26342e-06
0.1 -2.52 4.74145e-06
0.1 -2.48 2.50715e-06
0.1 -2.44 1.88046e-06
0.1 -2.4 3.4348e-06
0.1 -2.36 4.15697e-06
0.1 -2.32 4.98139e-06
0.1 -2.28 3.46252e-06
0.1 -2.24 4.34975e-06
0.1 -2.2 4.94215e-06
0.1 -2.16 5.19483e-06
0.1 -2.12 5.89388e-06
0.1 -2.08 6.45263e-06
0.1 -2.04 5.0165e-06
0.1 -2 2.14761e-06
0.1 -1.96 4.39202e-07
0.1 -1.92 3.41687e-06
0.1 -1.88 3.01806e-06
0.1 -1.84 3.80272e-06
0.1 -1.8 4.36665e-06
0.1 -1.76 4.49571e-06
0.1 -1.72 6.12286e-06
0.1 -1.68 7.47587e-06
0.1 -1.64 5.25347e-06
0.1 -1.6 4.03693e-06
0.1 -1.56 4.63514e-06
0.1 -1.52 2.81737e-06
0.1 -1.48 3.6266e-06
0.1 -1.44 3.17422e-06
0.1 -1.4 4.50895e-06
0.1 -1.36 4.32076e-06
0.1 -1.32 3.08287e-06
0.1 -1.28 3.63923e-06
0.1 -1.24 4.59984e-06
0.1 -1.2 4.92364e-06
0.1 -1.16 4.49222e-06
0.1 -1.12 5.2284e-06
0.1 -1.08 4.94146e-06
0.1 -1.04 4.50861e-06
0.1 -1 7.8208e-05
0.1 -0.96 7.91006e-05
0.1 -0.92 8.17335e-05
0.1 -0.88 8.28234e-05
0.1 -0.84 8.46206e-05
0.1 -0.8 8.66395e-05
0.1 -0.76 8.8053e-05
0.1 -0.72 9.02624e-05
0.1 -0.68 9.16971e-05
0.1 -0.64 9.32702e-05
0.1 -0.6 9.54323e-05
0.1 -0.56 9.84594e-05
0.1 -0.52 0.000100549
0.1 -0.48 0.000102546
0.1 -0.44 0.00010493
0.1 -0.4 0.000107673
0.1 -0.36 0.000110244
0.1 -0.32 0.000113222
0.1 -0.28 0.000115974
0.1 -0.24 0.000118707
0.1 -0.2 0.000122009
0.1 -0.16 0.000125333
0.1 -0.12 0.000128994
0.1 -0.08 0.000132786
0.1 -0.04 0.000137044
0.1 0 0.000141854
0.1 0.04 0.00014833
0.1 0.08 0.000150942
0.1 0.12 0.000171652
0.1 0.16 0.000173091
0.1 0.2 0.000133844
0.1 0.24 0.000328591
0.1 0.28 0.000268675
0.1 0.32 0.00058958
0.1 0.36 0.0006554
0.1 0.4 0.000389803
0.1 0.44 0.00101143
0.1 0.48 0.000586104
0.1 0.52 0.00100591
0.1 0.56 0.00102703
0.1 0.6 0.000448433
0.1 0.64 0.000914333
0.1 0.68 0.000185332
0.1 0.72 0.000280147
0.1 0.76 0.000118777
0.1 0.8 0.00198906
0.1 0.84 0.000178897
0.1 0.88 0.001662
0.1 0.92 0.000542299
0.1 0.96 0.000628756
0.1 1 0.000758879
0.1 1.04 9.61036e-06
0.1 1.08 0.00127125
0.1 1.12 0.00125891
0.1 1.16 0.000187353
0.1 1.2 0.000372411
0.1 1.24 0.00231157
0.1 1.28 0.000848913
0.1 1.32 0.00304829
0.1 1.36 0.00017332
0.1 1.4 0.00315789
0.1 1.44 0.00222303
0.1 1.48 0.000651277
0.1 1.52 0.00280276
0.1 1.56 0.00359087
0.1 1.6 0.00140656
0.1 1.64 0.00234313
0.1 1.68 0.00345372
0.1 1.72 0.00189443
0.1 1.76 0.00202885
0.1 1.8 0.00199773
0.1 1.84 0.000963335
0.1 1.88 0.00322154
0.1 1.92 0.00300266
0.1 1.96 0.00357702
0.1 2 0.00621984
0.1 2.04 0.00375323
0.1 2.08 0.00346191
0.1 2.12 0.00381033
0.1 2.16 0.00461075
0.1 2.2 0.00809111
0.1 2.24 0.00734466
0.1 2.28 0.00674808
0.1 2.32 0.0064448
0.1 2.36 0.0110199
0.1 2.4 0.0093878
0.1 2.44 0.0120461
0.1 2.48 0.00894473
0.1 2.52 0.0109358
0.1 2.56 0.0105389
0.1 2.6 0.0155267
0.1 2.64 0.0132981
0.1 2.68 0.0189175
0.1 2.72 0.0141999
0.1 2.76 0.0169602
0.1 2.8 0.0214965
0.1 2.84 0.0221544
0.1 2.88 0.0274314
0.1 2.92 0.0282706
0.1 2.96 0.0401449
0.1 3 0.0449194
0.1 3.04 0.0557291
0.1 3.08 0.058426
0.1 3.12 0.0671687
0.1 3.16 0.0588119
0.1 3.2 0.0498229
0.1 3.24 0.0396519
0.1 3.28 0.0252116
0.1 3.32 0.0186232
0.1 3.36 0.0168163
0.1 3.4 0.0151798
0.1 3.44 0.0141907
0.1 3.48 0.0136042
0.1 3.52 0.0103755
0.1 3.56 0.0091172
0.1 3.6 0.00897922
0.1 3.64 0.008319
0.1 3.68 0.00905788
0.1 3.72 0.012
0.1 3.76 0.0111806
0.1 3.8 0.0118843
0.1 3.84 0.0102544
0.1 3.88 0.00884882
0.1 3.92 0.00845765
0.1 3.96 0.0114137
0.1 4 0.00862622
0.116667 -4 5.80152e-06
0.116667 -3.96 7.19993e-06
0.116667 -3.92 6.45305e-06
0.116667 -3.88 4.69746e-06
0.116667 -3.84 4.7052e-06
0.116667 -3.8 3.91215e-06
0.116667 -3.76 6.19822e-06
0.116667 -3.72 4.45293e-06
0.116667 -3.68 4.51391e-06
0.116667 -3.64 1.07195e-06
0.116667 -3.6 3.85262e-06
0.116667 -3.56 3.74507e-06
0.116667 -3.52 5.25938e-06
0.116667 -3.48 4.20244e-06
0.116667 -3.44 4.26946e-06
0.116667 -3.4 3.23713e-06
0.116667 -3.36 3.69535e-06
0.116667 -3.32 3.14029e-06
0.116667 -3.28 5.73332e-06
0.116667 -3.24 7.32388e-06
0.116667 -3.2 4.63695e-06
0.116667 -3.16 5.58866e-06
0.116667 -3.12 5.37943e-06
0.116667 -3.08 6.56323e-06
0.116667 -3.04 4.96098e-06
0.116667 -3 4.26658e-06
0.116667 -2.96 5.01654e-06
0.116667 -2.92 4.35276e-06
0.116667 -2.88 3.45996e-06
0.116667 -2.84 3.87964e-06
0.116667 -2.8 3.82744e-06
0.116667 -2.76 2.46262e-06
0.116667 -2.72 3.30811e-06
0.116667 -2.68 5.72948e-06
0.116667 -2.64 5.98186e-06
0.116667 -2.6 6.14986e-06
0.116667 -2.56 4.62119e-06
0.116667 -2.52 4.60681e-06
0.116667 -2.48 2.34079e-06
0.116667 -2.44 1.9745e-06
0.116667 -2.4 3.58949e-06
0.116667 -2.36 4.24706e-06
0.116667 -2.32 4.62381e-06
0.116667 -2.28 2.63742e-06
0.116667 -2.24 4.37168e-06
0.116667 -2.2 4.79347e-06
0.116667 -2.16 5.10211e-06
0.116667 -2.12 5.65078e-06
0.116667 -2.08 6.23814e-06
0.116667 -2.04 4.81628e-06
0.116667 -2 1.85666e-06
0.116667 -1.96 4.94172e-07
0.116667 -1.92 3.2495e-06
0.116667 -1.88 2.97852e-06
0.116667 -1.84 3.54371e-06
0.116667 -1.8 4.61811e-06
0.116667 -1.76 4.49674e-06
0.116667 -1.72 5.81515e-06
0.116667 -1.68 7.11008e-06
0.116667 -1.64 4.87845e-06
0.116667 -1.6 4.2492e-06
0.116667 -1.56 4.2884e-06
0.116667 -1.52 2.89325e-06
0.116667 -1.48 3.51379e-06
0.116667 -1.44 3.49196e-06
0.116667 -1.4 4.16674e-06
0.116667 -1.36 4.22053e-06
0.116667 -1.32 3.09033e-06
0.116667 -1.28 3.59639e-06
0.116667 -1.24 4.35648e-06
0.116667 -1.2 5.07483e-06
0.116667 -1.16 4.60799e-06
0.116667 -1.12 5.06723e-06
0.116667 -1.08 4.72554e-06
0.116667 -1.04 4.25931e-06
0.116667 -1 7.97031e-05
0.116667 -0.96 8.04452e-05
0.116667 -0.92 8.26932e-05
0.116667 -0.88 8.4275e-05
0.116667 -0.84 8.58176e-05
0.116667 -0.8 8.79807e-05
0.116667 -0.76 8.92781e-05
0.116667 -0.72 9.17462e-05
0.116667 -0.68 9.34764e-05
0.116667 -0.64 9.49147e-05
0.116667 -0.6 9.70663e-05
0.116667 -0.56 0.000100006
0.116667 -0.52 0.000102449
0.116667 -0.48 0.000104551
0.116667 -0.44 0.000106963
0.116667 -0.4 0.000109929
0.116667 -0.36 0.000112634
0.116667 -0.32 0.000115728
0.116667 -0.28 0.000118631
0.116667 -0.24 0.000121582
0.116667 -0.2 0.000125114
0.116667 -0.16 0.000128691
0.116667 -0.12 0.000132716
0.116667 -0.08 0.000136935
0.116667 -0.04 0.000141715
0.116667 0 0.00014728
0.116667 0.04 0.000154754
0.116667 0.08 0.000158145
0.116667 0.12 0.000181294
0.116667 0.16 0.000162355
0.116667 0.2 0.000195352
0.116667 0.24 0.00025084
0.116667 0.28 0.000187581
0.116667 0.32 0.000505785
0.116667 0.36 0.000783757
0.116667 0.4 0.000333262
0.116667 0.44 0.000894315
0.116667 0.48 0.0010595
0.116667 0.52 0.000939885
0.116667 0.56 0.00115796
0.116667 0.6 0.000442279
0.116667 0.64 0.00120822
0.116667 0.68 0.000190404
0.116667 0.72 0.000101182
0.116667 0.76 0.000136675
0.116667 0.8 0.0016046
0.116667 0.84 0.000455233
0.116667 0.88 0.0019431
0.116667 0.92 0.00061727
0.116667 0.96 0.000614061
0.116667 1 0.00124597
0.116667 1.04 0.000232576
0.116667 1.08 0.000652559
0.116667 1.12 0.000881921
0.116667 1.16 0.000265748
0.116667 1.2 0.000118283
0.116667 1.24 0.0029523
0.116667 1.28 0.000856335
0.116667 1.32 0.00210796
0.116667 1.36 0.000127188
0.116667 1.4 0.00297681
0.116667 1.44 0.00266986
0.116667 1.48 0.00168476
0.116667 1.52 0.00478858
0.116667 1.56 0.00351297
0.116667 1.6 0.000649576
0.116667 1.64 0.00212096
0.116667 1.68 0.00363035
0.116667 1.72 0.00131446
0.116667 1.76 0.00232284
0.116667 1.8 0.0034006
0.116667 1.84 0.000763917
0.116667 1.88 0.00315113
0.116667 1.92 0.00338779
0.116667 1.96 0.00256873
0.116667 2 0.00572181
0.116667 2.04 0.00377459
0.116667 2.08 0.00331017
0.116667 2.12 0.00341712
0.116667 2.16 0.00565946
0.116667 2.2 0.00816201
0.116667 2.24 0.0082446
0.116667 2.28 0.00670915
0.116667 2.32 0.00679132
0.116667 2.36 0.0113425
0.116667 2.4 0.0103328
0.116667 2.44 0.0123966
0.116667 2.48 0.00932088
0.116667 2.52 0.0113859
0.116667 2.56 0.0105625
0.116667 2.6 0.0155262
0.116667 2.64 0.0120518
0.116667 2.68 0.0185805
0.116667 2.72 0.0147397
0.116667 2.76 0.0194452
0.116667 2.8 0.0226826
0.116667 2.84 0.0222635
0.116667 2.88 0.0295677
0.116667 2.92 0.0303297
0.116667 2.96 0.0436812
0.116667 3 0.0444614
0.116667 3.04 0.0569569
0.116667 3.08 0.0588722
0.116667 3.12 0.0655123
0.116667 3.16 0.0560892
0.116667 3.2 0.0469592
0.116667 3.24 0.0379726
0.116667 3.28 0.0239731
0.116667 3.32 0.0178403
0.116667 3.36 0.0164082
0.116667 3.4 0.0158554
0.116667 3.44 0.0147703
0.116667 3.48 0.0138678
0.116667 3.52 0.0106702
0.116667 3.56 0.00964601
0.116667 3.6 0.00934322
0.116667 3.64 0.00872122
0.116667 3.68 0.00974458
0.116667 3.72 0.0125515
0.116667 3.76 0.0115215
0.116667 3.8 0.0118763
0.116667 3.84 0.010099
0.116667 3.88 0.00865954
0.116667 3.92 0.00866648
0.116667 3.96 0.0112317
0.116667 4 0.00845443
0.133333 -4 5.92272e-06
0.133333 -3.96 7.12542e-06
0.133333 -3.92 6.61938e-06
0.133333 -3.88 4.3059e-06
0.133333 -3.84 5.05932e-06
0.133333 -3.8 3.25293e-06
0.133333 -3.76 5.85419e-06
0.133333 -3.72 3.77162e-06
0.133333 -3.68 4.52079e-06
0.133333 -3.64 1.05018e-06
0.133333 -3.6 3.86069e-06
0.133333 -3.56 3.54256e-06
0.133333 -3.52 5.08536e-06
0.133333 -3.48 2.64557e-06
0.133333 -3.44 3.87191e-06
0.133333 -3.4 3.89827e-06
0.133333 -3.36 3.57751e-06
0.133333 -3.32 2.98109e-06
0.133333 -3.28 5.20849e-06
0.133333 -3.24 7.47409e-06
0.133333 -3.2 4.80606e-06
0.133333 -3.16 5.65336e-06
0.133333 -3.12 4.05528e-06
0.133333 -3.08 6.82173e-06
0.133333 -3.04 4.48691e-06
0.133333 -3 4.07089e-06
0.133333 -2.96 4.83985e-06
0.133333 -2.92 4.48077e-06
0.133333 -2.88 3.40009e-06
0.133333 -2.84 4.10173e-06
0.133333 -2.8 2.63173e-06
0.133333 -2.76 2.44426e-06
0.133333 -2.72 3.27157e-06
0.133333 -2.68 5.66651e-06
0.133333 -2.64 5.90895e-06
0.133333 -2.6 6.30411e-06
0.133333 -2.56 4.52885e-06
0.133333 -2.52 4.346e-06
0.133333 -2.48 2.5096e-06
0.133333 -2.44 2.1302e-06
0.133333 -2.4 3.45919e-06
0.133333 -2.36 3.74593e-06
0.133333 -2.32 4.64231e-06
0.133333 -2.28 2.38578e-06
0.133333 -2.24 4.32475e-06
0.133333 -2.2 4.48023e-06
0.133333 -2.16 4.92911e-06
0.133333 -2.12 5.85903e-06
0.133333 -2.08 5.98652e-06
0.133333 -2.04 4.73439e-06
0.133333 -2 2.11155e-06
0.133333 -1.96 1.58832e-06
0.133333 -1.92 2.60601e-06
0.133333 -1.88 3.18359e-06
0.133333 -1.84 3.17563e-06
0.133333 -1.8 4.33403e-06
0.133333 -1.76 3.83193e-06
0.133333 -1.72 5.77156e-06
0.133333 -1.68 6.72769e-06
0.133333 -1.64 4.52708e-06
0.133333 -1.6 4.24219e-06
0.133333 -1.56 4.16663e-06
0.133333 -1.52 3.12158e-06
0.133333 -1.48 3.63841e-06
0.133333 -1.44 3.46056e-06
0.133333 -1.4 4.02664e-06
0.133333 -1.36 3.93357e-06
0.133333 -1.32 3.16429e-06
0.133333 -1.28 3.46679e-06
0.133333 -1.24 4.70157e-06
0.133333 -1.2 4.76725e-06
0.133333 -1.16 4.17015e-06
0.133333 -1.12 5.0617e-06
0.133333 -1.08 4.27152e-06
0.133333 -1.04 4.36088e-06
0.133333 -1 8.0986e-05
0.133333 -0.96 8.18763e-05
0.133333 -0.92 8.40216e-05
0.133333 -0.88 8.57862e-05
0.133333 -0.84 8.72943e-05
0.133333 -0.8 8.9533e-05
0.133333 -0.76 9.06274e-05
0.133333 -0.72 9.3472e-05
0.133333 -0.68 9.57733e-05
0.133333 -0.64 9.69508e-05
0.133333 -0.6 9.91497e-05
0.133333 -0.56 0.000101993
0.133333 -0.52 0.000104595
0.133333 -0.48 0.000106903
0.133333 -0.44 0.000109483
0.133333 -0.4 0.00011259
0.133333 -0.36 0.000115472
0.133333 -0.32 0.000118713
0.133333 -0.28 0.000121808
0.133333 -0.24 0.000125047
0.133333 -0.2 0.000128858
0.133333 -0.16 0.00013278
0.133333 -0.12 0.00013724
0.133333 -0.08 0.000142113
0.133333 -0.04 0.000147647
0.133333 0 0.000154312
0.133333 0.04 0.000163117
0.133333 0.08 0.000170294
0.133333 0.12 0.000193442
0.133333 0.16 0.000157239
0.133333 0.2 0.000247521
0.133333 0.24 0.000196654
0.133333 0.28 0.00019964
0.133333 0.32 0.000325966
0.133333 0.36 0.000756986
0.133333 0.4 0.000448454
0.133333 0.44 0.000704308
0.133333 0.48 0.0014221
0.133333 0.52 0.000909513
0.133333 0.56 0.00116971
0.133333 0.6 5.93513e-05
0.133333 0.64 0.000835021
0.133333 0.68 0.000421543
0.133333 0.72 6.3874e-06
0.133333 0.76 0.000251518
0.133333 0.8 0.00110184
0.133333 0.84 0.00040467
0.133333 0.88 0.00245872
0.133333 0.92 0.000435882
0.133333 0.96 0.000588288
0.133333 1 0.000335587
0.133333 1.04 0.00112676
0.133333 1.08 0.000271215
0.133333 1.12 0.000396891
0.133333 1.16 0.00185343
0.133333 1.2 0.000411921
0.133333 1.24 0.00186144
0.133333 1.28 0.000559436
0.133333 1.32 0.000415445
0.133333 1.36 0.000843153
0.133333 1.4 0.00278312
0.133333 1.44 0.00300166
0.133333 1.48 0.00231822
0.133333 1.52 0.00369881
0.133333 1.56 0.00292883
0.133333 1.6 0.000104355
0.133333 1.64 0.00257488
0.133333 1.68 0.00404457
0.133333 1.72 0.000853555
0.133333 1.76 0.00240273
0.133333 1.8 0.00403915
0.133333 1.84 0.00126165
0.133333 1.88 0.00329651
0.133333 1.92 0.00375257
0.133333 1.96 0.00180494
0.133333 2 0.0044154
0.133333 2.04 0.00279341
0.133333 2.08 0.00402627
0.133333 2.12 0.00283463
0.133333 2.16 0.00567895
0.133333 2.2 0.00657402
0.133333 2.24 0.00831708
0.133333 2.28 0.0070817
0.133333 2.32 0.00848557
0.133333 2.36 0.0106335
0.133333 2.4 0.011279
0.133333 2.44 0.0128142
0.133333 2.48 0.00917795
0.133333 2.52 0.0105863
0.133333 2.56 0.0116215
0.133333 2.6 0.01539
0.133333 2.64 0.0124055
0.133333 2.68 0.0207593
0.133333 2.72 0.016779
0.133333 2.76 0.0232004
0.133333 2.8 0.0218034
0.133333 2.84 0.0239005
0.133333 2.88 0.0309219
0.133333 2.92 0.0341569
0.133333 2.96 0.0449688
0.133333 3 0.0414891
0.133333 3.04 0.0563864
0.133333 3.08 0.0592798
0.133333 3.12 0.0635292
0.133333 3.16 0.052639
0.133333 3.2 0.0425214
0.133333 3.24 0.0352797
0.133333 3.28 0.0225272
0.133333 3.32 0.0173778
0.133333 3.36 0.0164748
0.133333 3.4 0.0166821
0.133333 3.44 0.0148416
0.133333 3.48 0.0140086
0.133333 3.52 0.0107498
0.133333 3.56 0.0103798
0.133333 3.6 0.00967916
0.133333 3.64 0.00918775
0.133333 3.68 0.0100606
0.133333 3.72 0.0126842
0.133333 3.76 0.0116445
0.133333 3.8 0.0114737
0.133333 3.84 0.00944151
0.133333 3.88 0.00830134
0.133333 3.92 0.00824873
0.133333 3.96 0.0109117
0.133333 4 0.00844482
0.15 -4 6.0559e-06
0.15 -3.96 7.01138e-06
0.15 -3.92 6.68164e-06
0.15 -3.88 4.29107e-06
0.15 -3.84 5.28446e-06
0.15 -3.8 3.6795e-06
0.15 -3.76 5.52075e-06
0.15 -3.72 3.81734e-06
0.15 -3.68 4.6234e-06
0.15 -3.64 9.28726e-07
0.15 -3.6 3.82654e-06
0.15 -3.56 3.4719e-06
0.15 -3.52 5.40467e-06
0.15 -3.48 2.4629e-06
0.15 -3.44 4.08264e-06
0.15 -3.4 4.10371e-06
0.15 -3.36 3.77537e-06
0.15 -3.32 2.8531e-06
0.15 -3.28 4.79156e-06
0.15 -3.24 7.104e-06
0.15 -3.2 4.59844e-06
0.15 -3.16 5.62044e-06
0.15 -3.12 4.10048e-06
0.15 -3.08 6.47856e-06
0.15 -3.04 4.1961e-06
0.15 -3 3.99169e-06
0.15 -2.96 4.61891e-06
0.15 -2.92 4.45924e-06
0.15 -2.88 3.23585e-06
0.15 -2.84 4.23471e-06
0.15 -2.8 2.99029e-06
0.15 -2.76 3.0511e-06
0.15 -2.72 3.20809e-06
0.15 -2.68 5.91333e-06
0.15 -2.64 6.17563e-06
0.15 -2.6 5.89543e-06
0.15 -2.56 4.97642e-06
0.15 -2.52 4.06749e-06
0.15 -2.48 2.9288e-06
0.15 -2.44 2.07772e-06
0.15 -2.4 3.37339e-06
0.15 -2.36 3.31305e-06
0.15 -2.32 4.94813e-06
0.15 -2.28 2.72453e-06
0.15 -2.24 4.26843e-06
0.15 -2.2 4.20768e-06
0.15 -2.16 4.94845e-06
0.15 -2.12 6.00515e-06
0.15 -2.08 5.9665e-06
0.15 -2.04 4.96593e-06
0.15 -2 2.72237e-06
0.15 -1.96 2.17851e-06
0.15 -1.92 2.3995e-06
0.15 -1.88 3.39517e-06
0.15 -1.84 3.01932e-06
0.15 -1.8 3.99411e-06
0.15 -1.76 3.54819e-06
0.15 -1.72 5.6132e-06
0.15 -1.68 6.32302e-06
0.15 -1.64 4.80208e-06
0.15 -1.6 4.18027e-06
0.15 -1.56 4.24879e-06
0.15 -1.52 3.06117e-06
0.15 -1.48 3.77131e-06
0.15 -1.44 3.25125e-06
0.15 -1.4 4.01714e-06
0.15 -1.36 3.90559e-06
0.15 -1.32 3.20466e-06
0.15 -1.28 3.44191e-06
0.15 -1.24 5.04562e-06
0.15 -1.2 4.45592e-06
0.15 -1.16 3.80592e-06
0.15 -1.12 5.04716e-06
0.15 -1.08 4.08968e-06
0.15 -1.04 4.52438e-06
0.15 -1 8.21423e-05
0.15 -0.96 8.33216e-05
0.15 -0.92 8.58526e-05
0.15 -0.88 8.73934e-05
0.15 -0.84 8.92764e-05
0.15 -0.8 9.14811e-05
0.15 -0.76 9.27322e-05
0.15 -0.72 9.54349e-05
0.15 -0.68 9.82202e-05
0.15 -0.64 9.92392e-05
0.15 -0.6 0.000101685
0.15 -0.56 0.000104605
0.15 -0.52 0.000107113
0.15 -0.48 0.000109657
0.15 -0.44 0.000112487
0.15 -0.4 0.000115696
0.15 -0.36 0.000118784
0.15 -0.32 0.000122218
0.15 -0.28 0.000125568
0.15 -0.24 0.000129159
0.15 -0.2 0.000133331
0.15 -0.16 0.000137729
0.15 -0.12 0.000142729
0.15 -0.08 0.000148495
0.15 -0.04 0.000155139
0.15 0 0.000163505
0.15 0.04 0.000174955
0.15 0.08 0.000186384
0.15 0.12 0.000215549
0.15 0.16 0.000153777
0.15 0.2 0.000281812
0.15 0.24 0.000198886
0.15 0.28 0.000335044
0.15 0.32 0.00013013
0.15 0.36 0.000697532
0.15 0.4 0.000744328
0.15 0.44 0.000311198
0.15 0.48 0.00136484
0.15 0.52 0.000622293
0.15 0.56 0.000783085
0.15 0.6 0.000675103
0.15 0.64 0.000179953
0.15 0.68 0.000426562
0.15 0.72 7.58733e-05
0.15 0.76 4.6347e-05
0.15 0.8 0.000947461
0.15 0.84 0.00044524
0.15 0.88 0.00246019
0.15 0.92 2.78259e-05
0.15 0.96 0.000920104
0.15 1 0.000559928
0.15 1.04 0.00168601
0.15 1.08 1.25289e-05
0.15 1.12 0.000344516
0.15 1.16 0.00251484
0.15 1.2 0.000406121
0.15 1.24 0.00128014
0.15 1.28 0.000803784
0.15 1.32 0.000378643
0.15 1.36 0.00134423
0.15 1.4 0.0023057
0.15 1.44 0.00300873
0.15 1.48 0.00210318
0.15 1.52 0.00188581
0.15 1.56 0.00243362
0.15 1.6 0.00154688
0.15 1.64 0.00344153
0.15 1.68 0.00431968
0.15 1.72 0.00152413
0.15 1.76 0.00241756
0.15 1.8 0.00339373
0.15 1.84 0.0018626
0.15 1.88 0.00354072
0.15 1.92 0.00383545
0.15 1.96 0.00366037
0.15 2 0.00516834
0.15 2.04 0.00299161
0.15 2.08 0.00486593
0.15 2.12 0.00342713
0.15 2.16 0.00563
0.15 2.2 0.00704007
0.15 2.24 0.00847314
0.15 2.28 0.00792309
0.15 2.32 0.00959764
0.15 2.36 0.0106588
0.15 2.4 0.0115075
0.15 2.44 0.0139807
0.15 2.48 0.00983201
0.15 2.52 0.0101491
0.15 2.56 0.0131304
0.15 2.6 0.0160606
0.15 2.64 0.0143881
0.15 2.68 0.022487
0.15 2.72 0.0182751
0.15 2.76 0.0233032
0.15 2.8 0.0210151
0.15 2.84 0.0256686
0.15 2.88 0.0314901
0.15 2.92 0.0367666
0.15 2.96 0.0465353
0.15 3 0.0427795
0.15 3.04 0.054092
0.15 3.08 0.0581126
0.15 3.12 0.0602039
0.15 3.16 0.0476786
0.15 3.2 0.0392772
0.15 3.24 0.0322124
0.15 3.28 0.0211233
0.15 3.32 0.0166745
0.15 3.36 0.0162869
0.15 3.4 0.0165245
0.15 3.44 0.0146022
0.15 3.48 0.0138553
0.15 3.52 0.0110233
0.15 3.56 0.0112505
0.15 3.6 0.00978381
0.15 3.64 0.00956751
0.15 3.68 0.010166
0.15 3.72 0.0121979
0.15 3.76 0.011172
0.15 3.8 0.0110432
0.15 3.84 0.00894594
0.15 3.88 0.00772451
0.15 3.92 0.00745379
0.15 3.96 0.0101909
0.15 4 0.00814447
0.166667 -4 5.96811e-06
0.166667 -3.96 6.84808e-06
0.166667 -3.92 6.57964e-06
0.166667 -3.88 4.72459e-06
0.166667 -3.84 4.94385e-06
0.166667 -3.8 4.45364e-06
0.166667 -3.76 5.51263e-06
0.166667 -3.72 4.13279e-06
0.166667 -3.68 4.6976e-06
0.166667 -3.64 1.04183e-06
0.166667 -3.6 3.72465e-06
0.166667 -3.56 3.86122e-06
0.166667 -3.52 5.48339e-06
0.166667 -3.48 4.08425e-06
0.166667 -3.44 4.76011e-06
0.166667 -3.4 3.70544e-06
0.166667 -3.36 4.26773e-06
0.166667 -3.32 2.94831e-06
0.166667 -3.28 4.91177e-06
0.166667 -3.24 6.47595e-06
0.166667 -3.2 4.31497e-06
0.166667 -3.16 5.23624e-06
0.166667 -3.12 5.47638e-06
0.166667 -3.08 5.64975e-06
0.166667 -3.04 4.46218e-06
0.166667 -3 3.92513e-06
0.166667 -2.96 4.39177e-06
0.166667 -2.92 4.48817e-06
0.166667 -2.88 3.36467e-06
0.166667 -2.84 4.09281e-06
0.166667 -2.8 4.64202e-06
0.166667 -2.76 3.73143e-06
0.166667 -2.72 3.06113e-06
0.166667 -2.68 5.99727e-06
0.166667 -2.64 6.32132e-06
0.166667 -2.6 5.27524e-06
0.166667 -2.56 5.26533e-06
0.166667 -2.52 4.06058e-06
0.166667 -2.48 3.08865e-06
0.166667 -2.44 1.88467e-06
0.166667 -2.4 3.42978e-06
0.166667 -2.36 3.39874e-06
0.166667 -2.32 5.0191e-06
0.166667 -2.28 3.09042e-06
0.166667 -2.24 4.28558e-06
0.166667 -2.2 4.00001e-06
0.166667 -2.16 5.23714e-06
0.166667 -2.12 5.8073e-06
0.166667 -2.08 6.09549e-06
0.166667 -2.04 4.97374e-06
0.166667 -2 2.92676e-06
0.166667 -1.96 1.93655e-06
0.166667 -1.92 2.75496e-06
0.166667 -1.88 3.44646e-06
0.166667 -1.84 3.10048e-06
0.166667 -1.8 4.07633e-06
0.166667 -1.76 3.9438e-06
0.166667 -1.72 5.22578e-06
0.166667 -1.68 5.8799e-06
0.166667 -1.64 5.41296e-06
0.166667 -1.6 4.24339e-06
0.166667 -1.56 4.29939e-06
0.166667 -1.52 2.79753e-06
0.166667 -1.48 3.5842e-06
0.166667 -1.44 3.27805e-06
0.166667 -1.4 4.02255e-06
0.166667 -1.36 4.06587e-06
0.166667 -1.32 3.14517e-06
0.166667 -1.28 3.62914e-06
0.166667 -1.24 4.88165e-06
0.166667 -1.2 4.55106e-06
0.166667 -1.16 3.93542e-06
0.166667 -1.12 4.83711e-06
0.166667 -1.08 4.23305e-06
0.166667 -1.04 4.42995e-06
0.166667 -1 8.38141e-05
0.166667 -0.96 8.5017e-05
0.166667 -0.92 8.7917e-05
0.166667 -0.88 8.93005e-05
0.166667 -0.84 9.16436e-05
0.166667 -0.8 9.37775e-05
0.166667 -0.76 9.5575e-05
0.166667 -0.72 9.76704e-05
0.166667 -0.68 0.000100611
0.166667 -0.64 0.000101781
0.166667 -0.6 0.000104527
0.166667 -0.56 0.00010763
0.166667 -0.52 0.000110106
0.166667 -0.48 0.000112861
0.166667 -0.44 0.000115917
0.166667 -0.4 0.000119286
0.166667 -0.36 0.000122607
0.166667 -0.32 0.000126292
0.166667 -0.28 0.00012998
0.166667 -0.24 0.000133985
0.166667 -0.2 0.000138633
0.166667 -0.16 0.000143662
0.166667 -0.12 0.000149418
0.166667 -0.08 0.000156343
0.166667 -0.04 0.00016466
0.166667 0 0.000175685
0.166667 0.04 0.000191554
0.166667 0.08 0.000207916
0.166667 0.12 0.00024749
0.166667 0.16 0.000154087
0.166667 0.2 0.000302297
0.166667 0.24 0.000255931
0.166667 0.28 0.000542045
0.166667 0.32 3.21844e-05
0.166667 0.36 0.00073914
0.166667 0.4 0.00105789
0.166667 0.44 0.000237415
0.166667 0.48 0.000775848
0.166667 0.52 0.000241334
0.166667 0.56 0.000152249
0.166667 0.6 0.000960252
0.166667 0.64 0.000219824
0.166667 0.68 0.000257975
0.166667 0.72 8.73805e-05
0.166667 0.76 0.000326283
0.166667 0.8 0.00112925
0.166667 0.84 0.00104491
0.166667 0.88 0.00152179
0.166667 0.92 8.50883e-05
0.166667 0.96 0.00116781
0.166667 1 0.000251936
0.166667 1.04 0.0012299
0.166667 1.08 0.000293045
0.166667 1.12 0.00138118
0.166667 1.16 0.00122059
0.166667 1.2 0.000544101
0.166667 1.24 0.00245418
0.166667 1.28 0.00166798
0.166667 1.32 0.00172754
0.166667 1.36 0.0013069
0.166667 1.4 0.00197294
0.166667 1.44 0.00266056
0.166667 1.48 0.00165625
0.166667 1.52 0.00277113
0.166667 1.56 0.00255306
0.166667 1.6 0.00289775
0.166667 1.64 0.0040201
0.166667 1.68 0.00427962
0.166667 1.72 0.00249696
0.166667 1.76 0.00248264
0.166667 1.8 0.00257779
0.166667 1.84 0.00238972
0.166667 1.88 0.00394172
0.166667 1.92 0.00364305
0.166667 1.96 0.0057063
0.166667 2 0.00731013
0.166667 2.04 0.00492832
0.166667 2.08 0.00473279
0.166667 2.12 0.00470624
0.166667 2.16 0.00618797
0.166667 2.2 0.00947508
0.166667 2.24 0.00946545
0.166667 2.28 0.00872224
0.166667 2.32 0.00931636
0.166667 2.36 0.0120584
0.166667 2.4 0.0114867
0.166667 2.44 0.0149247
0.166667 2.48 0.0110121
0.166667 2.52 0.0111071
0.166667 2.56 0.0140113
0.166667 2.6 0.0178424
0.166667 2.64 0.0163983
0.166667 2.68 0.0225497
0.166667 2.72 0.0186696
0.166667 2.76 0.0214976
0.166667 2.8 0.0228336
0.166667 2.84 0.0261343
0.166667 2.88 0.0327851
0.166667 2.92 0.0374054
0.166667 2.96 0.0496591
0.166667 3 0.048144
0.166667 3.04 0.0519654
0.166667 3.08 0.0551762
0.166667 3.12 0.0559342
0.166667 3.16 0.0430286
0.166667 3.2 0.0378411
0.166667 3.24 0.0298147
0.166667 3.28 0.0201638
0.166667 3.32 0.0157304
0.166667 3.36 0.0155751
0.166667 3.4 0.0157804
0.166667 3.44 0.0147329
0.166667 3.48 0.0136182
0.166667 3.52 0.0115078
0.166667 3.56 0.0119054
0.166667 3.6 0.00968052
0.166667 3.64 0.00976524
0.166667 3.68 0.0102599
0.166667 3.72 0.0116106
0.166667 3.76 0.0106092
0.166667 3.8 0.0108346
0.166667 3.84 0.00883654
0.166667 3.88 0.00710823
0.166667 3.92 0.00676673
0.166667 3.96 0.00923848
0.166667 4 0.00748211
0.183333 -4 5.79573e-06
0.183333 -3.96 6.6819e-06
0.183333 -3.92 6.48374e-06
0.183333 -3.88 4.94286e-06
0.183333 -3.84 4.66054e-06
0.183333 -3.8 4.1263e-06
0.183333 -3.76 5.66732e-06
0.183333 -3.72 3.70996e-06
0.183333 -3.68 4.56239e-06
0.183333 -3.64 1.40744e-06
0.183333 -3.6 3.46548e-06
0.183333 -3.56 4.28332e-06
0.183333 -3.52 4.80666e-06
0.183333 -3.48 4.88268e-06
0.183333 -3.44 5.03482e-06
0.183333 -3.4 3.46888e-06
0.183333 -3.36 4.79175e-06
0.183333 -3.32 3.09945e-06
0.183333 -3.28 5.3755e-06
0.183333 -3.24 6.29318e-06
0.183333 -3.2 4.43626e-06
0.183333 -3.16 4.74921e-06
0.183333 -3.12 5.82461e-06
0.183333 -3.08 5.30708e-06
0.183333 -3.04 4.76848e-06
0.183333 -3 3.78033e-06
0.183333 -2.96 4.09845e-06
0.183333 -2.92 4.61702e-06
0.183333 -2.88 3.5493e-06
0.183333 -2.84 3.86731e-06
0.183333 -2.8 4.92024e-06
0.183333 -2.76 3.92423e-06
0.183333 -2.72 2.89041e-06
0.183333 -2.68 5.67273e-06
0.183333 -2.64 6.05105e-06
0.183333 -2.6 5.1391e-06
0.183333 -2.56 4.96886e-06
0.183333 -2.52 4.30959e-06
0.183333 -2.48 2.93767e-06
0.183333 -2.44 1.99007e-06
0.183333 -2.4 3.35263e-06
0.183333 -2.36 3.56694e-06
0.183333 -2.32 4.67658e-06
0.183333 -2.28 3.18424e-06
0.183333 -2.24 4.35909e-06
0.183333 -2.2 3.68072e-06
0.183333 -2.16 5.54263e-06
0.183333 -2.12 5.64565e-06
0.183333 -2.08 6.07452e-06
0.183333 -2.04 4.47578e-06
0.183333 -2 2.50689e-06
0.183333 -1.96 2.13408e-06
0.183333 -1.92 2.8301e-06
0.183333 -1.88 3.43297e-06
0.183333 -1.84 3.16484e-06
0.183333 -1.8 4.30953e-06
0.183333 -1.76 4.10489e-06
0.183333 -1.72 4.96985e-06
0.183333 -1.68 5.46557e-06
0.183333 -1.64 5.62782e-06
0.183333 -1.6 4.3092e-06
0.183333 -1.56 4.16643e-06
0.183333 -1.52 2.79516e-06
0.183333 -1.48 3.17272e-06
0.183333 -1.44 3.56726e-06
0.183333 -1.4 4.01188e-06
0.183333 -1.36 3.99216e-06
0.183333 -1.32 3.0591e-06
0.183333 -1.28 3.91743e-06
0.183333 -1.24 4.58974e-06
0.183333 -1.2 4.83929e-06
0.183333 -1.16 4.2094e-06
0.183333 -1.12 4.53519e-06
0.183333 -1.08 4.34364e-06
0.183333 -1.04 4.17834e-06
0.183333 -1 8.62131e-05
0.183333 -0.96 8.71759e-05
0.183333 -0.92 8.99528e-05
0.183333 -0.88 9.15998e-05
0.183333 -0.84 9.40099e-05
0.183333 -0.8 9.61592e-05
0.183333 -0.76 9.83751e-05
0.183333 -0.72 0.00010026
0.183333 -0.68 0.000103083
0.183333 -0.64 0.000104747
0.183333 -0.6 0.00010758
0.183333 -0.56 0.000110773
0.183333 -0.52 0.000113564
0.183333 -0.48 0.000116529
0.183333 -0.44 0.00011977
0.183333 -0.4 0.000123399
0.183333 -0.36 0.000126993
0.183333 -0.32 0.000130991
0.183333 -0.28 0.000135112
0.183333 -0.24 0.000139609
0.183333 -0.2 0.000144873
0.183333 -0.16 0.000150712
0.183333 -0.12 0.00015758
0.183333 -0.08 0.000166036
0.183333 -0.04 0.000176848
0.183333 0 0.000191944
0.183333 0.04 0.000214097
0.183333 0.08 0.000239421
0.183333 0.12 0.000278586
0.183333 0.16 0.000167423
0.183333 0.2 0.000320868
0.183333 0.24 0.00032866
0.183333 0.28 0.000693433
0.183333 0.32 0.000152028
0.183333 0.36 0.000963119
0.183333 0.4 0.00124853
0.183333 0.44 0.000558194
0.183333 0.48 6.14904e-05
0.183333 0.52 0.00016583
0.183333 0.56 9.55308e-05
0.183333 0.6 0.000583312
0.183333 0.64 0.000456558
0.183333 0.68 7.20463e-05
0.183333 0.72 0.000530243
0.183333 0.76 0.000135771
0.183333 0.8 0.00124534
0.183333 0.84 0.00189382
0.183333 0.88 0.000428542
0.183333 0.92 0.000705578
0.183333 0.96 0.000998258
0.183333 1 0.000332216
0.183333 1.04 0.000480949
0.183333 1.08 0.000344998
0.183333 1.12 0.00285798
0.183333 1.16 6.37952e-05
0.183333 1.2 0.00173166
0.183333 1.24 0.00347063
0.183333 1.28 0.00210473
0.183333 1.32 0.00212045
0.183333 1.36 0.00123941
0.183333 1.4 0.00190914
0.183333 1.44 0.00244946
0.183333 1.48 0.00162033
0.183333 1.52 0.00538188
0.183333 1.56 0.00279851
0.183333 1.6 0.0020602
0.183333 1.64 0.0041327
0.183333 1.68 0.00460614
0.183333 1.72 0.0023862
0.183333 1.76 0.00274502
0.183333 1.8 0.00309355
0.183333 1.84 0.00299901
0.183333 1.88 0.00431445
0.183333 1.92 0.00350959
0.183333 1.96 0.00517071
0.183333 2 0.00806083
0.183333 2.04 0.00635283
0.183333 2.08 0.00409832
0.183333 2.12 0.00520541
0.183333 2.16 0.00689836
0.183333 2.2 0.0103994
0.183333 2.24 0.0108782
0.183333 2.28 0.00924729
0.183333 2.32 0.00914949
0.183333 2.36 0.013087
0.183333 2.4 0.0120722
0.183333 2.44 0.0148263
0.183333 2.48 0.0115363
0.183333 2.52 0.0124969
0.183333 2.56 0.0139299
0.183333 2.6 0.0195594
0.183333 2.64 0.0174724
0.183333 2.68 0.0229174
0.183333 2.72 0.0198126
0.183333 2.76 0.0228196
0.183333 2.8 0.0259336
0.183333 2.84 0.0263196
0.183333 2.88 0.0354054
0.183333 2.92 0.0385523
0.183333 2.96 0.0519189
0.183333 3 0.0502642
0.183333 3.04 0.0507527
0.183333 3.08 0.0519306
0.183333 3.12 0.0520971
0.183333 3.16 0.0402376
0.183333 3.2 0.0356663
0.183333 3.24 0.0282571
0.183333 3.28 0.0196724
0.183333 3.32 0.014982
0.183333 3.36 0.0149328
0.183333 3.4 0.0156091
0.183333 3.44 0.015552
0.183333 3.48 0.0136726
0.183333 3.52 0.0117502
0.183333 3.56 0.0119891
0.183333 3.6 0.00960489
0.183333 3.64 0.00970959
0.183333 3.68 0.0101098
0.183333 3.72 0.0114012
0.183333 3.76 0.0106153
0.183333 3.8 0.0105166
0.183333 3.84 0.00851932
0.183333 3.88 0.00657454
0.183333 3.92 0.0062638
0.183333 3.96 0.00843247
0.183333 4 0.00674498
0.2 -4 5.817e-06
0.2 -3.96 6.5467e-06
0.2 -3.92 6.43294e-06
0.2 -3.88 4.63911e-06
0.2 -3.84 4.79432e-06
0.2 -3.8 3.14531e-06
0.2 -3.76 5.59971e-06
0.2 -3.72 2.88033e-06
0.2 -3.68 4.22466e-06
0.2 -3.64 1.61698e-06
0.2 -3.6 3.09006e-06
0.2 -3.56 4.09904e-06
0.2 -3.52 4.20448e-06
0.2 -3.48 3.79672e-06
0.2 -3.44 4.9861e-06
0.2 -3.4 3.77369e-06
0.2 -3.36 5.07535e-06
0.2 -3.32 3.06856e-06
0.2 -3.28 5.64827e-06
0.2 -3.24 6.4166e-06
0.2 -3.2 4.71035e-06
0.2 -3.16 4.60877e-06
0.2 -3.12 4.59726e-06
0.2 -3.08 5.63634e-06
0.2 -3.04 4.51524e-06
0.2 -3 3.74891e-06
0.2 -2.96 3.82718e-06
0.2 -2.92 4.62774e-06
0.2 -2.88 3.42239e-06
0.2 -2.84 3.72608e-06
0.2 -2.8 3.46389e-06
0.2 -2.76 3.91716e-06
0.2 -2.72 2.78515e-06
0.2 -2.68 5.43513e-06
0.2 -2.64 5.81707e-06
0.2 -2.6 5.47038e-06
0.2 -2.56 4.52978e-06
0.2 -2.52 4.35718e-06
0.2 -2.48 3.01079e-06
0.2 -2.44 2.52903e-06
0.2 -2.4 3.12726e-06
0.2 -2.36 3.30885e-06
0.2 -2.32 4.32004e-06
0.2 -2.28 3.3918e-06
0.2 -2.24 4.37932e-06
0.2 -2.2 3.23774e-06
0.2 -2.16 5.60478e-06
0.2 -2.12 5.82627e-06
0.2 -2.08 5.91048e-06
0.2 -2.04 4.10211e-06
0.2 -2 2.15144e-06
0.2 -1.96 3.17042e-06
0.2 -1.92 2.35477e-06
0.2 -1.88 3.43575e-06
0.2 -1.84 3.12966e-06
0.2 -1.8 4.18408e-06
0.2 -1.76 3.56369e-06
0.2 -1.72 5.0037e-06
0.2 -1.68 5.23874e-06
0.2 -1.64 5.34714e-06
0.2 -1.6 4.17658e-06
0.2 -1.56 3.88939e-06
0.2 -1.52 3.10088e-06
0.2 -1.48 2.99387e-06
0.2 -1.44 3.73862e-06
0.2 -1.4 4.03985e-06
0.2 -1.36 3.77217e-06
0.2 -1.32 3.11943e-06
0.2 -1.28 4.04554e-06
0.2 -1.24 4.69822e-06
0.2 -1.2 4.83877e-06
0.2 -1.16 4.18085e-06
0.2 -1.12 4.40867e-06
0.2 -1.08 4.30138e-06
0.2 -1.04 4.04471e-06
0.2 -1 8.88349e-05
0.2 -0.96 8.96874e-05
0.2 -0.92 9.21539e-05
0.2 -0.88 9.41991e-05
0.2 -0.84 9.62696e-05
0.2 -0.8 9.85892e-05
0.2 -0.76 0.000100724
0.2 -0.72 0.000103321
0.2 -0.68 0.000105914
0.2 -0.64 0.000108189
0.2 -0.6 0.000110915
0.2 -0.56 0.000114099
0.2 -0.52 0.000117442
0.2 -0.48 0.000120647
0.2 -0.44 0.000124126
0.2 -0.4 0.00012808
0.2 -0.36 0.000131999
0.2 -0.32 0.000136382
0.2 -0.28 0.000141029
0.2 -0.24 0.000146132
0.2 -0.2 0.000152175
0.2 -0.16 0.000159042
0.2 -0.12 0.00016747
0.2 -0.08 0.00017804
0.2 -0.04 0.000192457
0.2 0 0.000213599
0.2 0.04 0.000244673
0.2 0.08 0.000280653
0.2 0.12 0.000305772
0.2 0.16 0.000192979
0.2 0.2 0.000351788
0.2 0.24 0.000370308
0.2 0.28 0.000673045
0.2 0.32 0.000250108
0.2 0.36 0.00131871
0.2 0.4 0.00127578
0.2 0.44 0.000418308
0.2 0.48 0.000714992
0.2 0.52 0.000425031
0.2 0.56 0.00109018
0.2 0.6 0.000271497
0.2 0.64 0.000861718
0.2 0.68 0.000369893
0.2 0.72 0.000725123
0.2 0.76 0.000267988
0.2 0.8 0.00103125
0.2 0.84 0.00219814
0.2 0.88 0.000204217
0.2 0.92 0.00112049
0.2 0.96 0.000973281
0.2 1 0.000180597
0.2 1.04 0.000666227
0.2 1.08 1.30383e-05
0.2 1.12 0.00332046
0.2 1.16 0.000868807
0.2 1.2 0.00216393
0.2 1.24 0.00246667
0.2 1.28 0.00165164
0.2 1.32 0.0011306
0.2 1.36 0.00164758
0.2 1.4 0.0016283
0.2 1.44 0.00292111
0.2 1.48 0.00176945
0.2 1.52 0.00583575
0.2 1.56 0.00241816
0.2 1.6 0.00103736
0.2 1.64 0.00432313
0.2 1.68 0.00575977
0.2 1.72 0.00180224
0.2 1.76 0.00349801
0.2 1.8 0.00475915
0.2 1.84 0.00335802
0.2 1.88 0.00420488
0.2 1.92 0.00369873
0.2 1.96 0.00419434
0.2 2 0.0074615
0.2 2.04 0.0057246
0.2 2.08 0.00447538
0.2 2.12 0.00503671
0.2 2.16 0.00759641
0.2 2.2 0.00925326
0.2 2.24 0.0119209
0.2 2.28 0.00994901
0.2 2.32 0.0100662
0.2 2.36 0.0126919
0.2 2.4 0.0131351
0.2 2.44 0.0149171
0.2 2.48 0.0116917
0.2 2.52 0.0132215
0.2 2.56 0.0137523
0.2 2.6 0.0200472
0.2 2.64 0.0180331
0.2 2.68 0.0245944
0.2 2.72 0.0224832
0.2 2.76 0.0265153
0.2 2.8 0.0270082
0.2 2.84 0.0283449
0.2 2.88 0.0376857
0.2 2.92 0.0414915
0.2 2.96 0.0513045
0.2 3 0.0465892
0.2 3.04 0.049082
0.2 3.08 0.0492751
0.2 3.12 0.0488915
0.2 3.16 0.0376414
0.2 3.2 0.0314074
0.2 3.24 0.0268675
0.2 3.28 0.0191352
0.2 3.32 0.0144656
0.2 3.36 0.0147613
0.2 3.4 0.016218
0.2 3.44 0.0164437
0.2 3.48 0.0139739
0.2 3.52 0.0115324
0.2 3.56 0.011535
0.2 3.6 0.00968497
0.2 3.64 0.00939895
0.2 3.68 0.00954014
0.2 3.72 0.0113552
0.2 3.76 0.0108666
0.2 3.8 0.0097257
0.2 3.84 0.00772528
0.2 3.88 0.00605084
0.2 3.92 0.00575603
0.2 3.96 0.00787639
0.2 4 0.00615466
0.216667 -4 5.95058e-06
0.216667 -3.96 6.47059e-06
0.216667 -3.92 6.30296e-06
0.216667 -3.88 4.32555e-06
0.216667 -3.84 4.82829e-06
0.216667 -3.8 3.13211e-06
0.216667 -3.76 5.19961e-06
0.216667 -3.72 2.7743e-06
0.216667 -3.68 3.86372e-06
0.216667 -3.64 1.43826e-06
0.216667 -3.6 2.86142e-06
0.216667 -3.56 3.58075e-06
0.216667 -3.52 4.42509e-06
0.216667 -3.48 2.98921e-06
0.216667 -3.44 5.37743e-06
0.216667 -3.4 4.17515e-06
0.216667 -3.36 5.08794e-06
0.216667 -3.32 3.00147e-06
0.216667 -3.28 5.59511e-06
0.216667 -3.24 6.09612e-06
0.216667 -3.2 4.54702e-06
0.216667 -3.16 4.81196e-06
0.216667 -3.12 3.936e-06
0.216667 -3.08 5.75243e-06
0.216667 -3.04 3.97505e-06
0.216667 -3 3.97501e-06
0.216667 -2.96 3.7762e-06
0.216667 -2.92 4.45994e-06
0.216667 -2.88 3.16974e-06
0.216667 -2.84 3.54244e-06
0.216667 -2.8 2.9711e-06
0.216667 -2.76 4.29633e-06
0.216667 -2.72 2.79475e-06
0.216667 -2.68 5.71781e-06
0.216667 -2.64 6.14666e-06
0.216667 -2.6 5.69283e-06
0.216667 -2.56 4.58487e-06
0.216667 -2.52 3.96643e-06
0.216667 -2.48 3.46954e-06
0.216667 -2.44 3.00461e-06
0.216667 -2.4 3.11957e-06
0.216667 -2.36 2.97262e-06
0.216667 -2.32 4.28968e-06
0.216667 -2.28 4.09754e-06
0.216667 -2.24 4.29712e-06
0.216667 -2.2 2.882e-06
0.216667 -2.16 5.45386e-06
0.216667 -2.12 6.03853e-06
0.216667 -2.08 5.76126e-06
0.216667 -2.04 4.30518e-06
0.216667 -2 2.49524e-06
0.216667 -1.96 3.89541e-06
0.216667 -1.92 2.10703e-06
0.216667 -1.88 3.3934e-06
0.216667 -1.84 3.2187e-06
0.216667 -1.8 3.81146e-06
0.216667 -1.76 3.12053e-06
0.216667 -1.72 4.97496e-06
0.216667 -1.68 5.25422e-06
0.216667 -1.64 5.1234e-06
0.216667 -1.6 3.88006e-06
0.216667 -1.56 3.63996e-06
0.216667 -1.52 3.25206e-06
0.216667 -1.48 3.20727e-06
0.216667 -1.44 3.66694e-06
0.216667 -1.4 4.19464e-06
0.216667 -1.36 3.86723e-06
0.216667 -1.32 3.3866e-06
0.216667 -1.28 3.90917e-06
0.216667 -1.24 4.91828e-06
0.216667 -1.2 4.46635e-06
0.216667 -1.16 3.96442e-06
0.216667 -1.12 4.52603e-06
0.216667 -1.08 4.33868e-06
0.216667 -1.04 4.08092e-06
0.216667 -1 9.1252e-05
0.216667 -0.96 9.23305e-05
0.216667 -0.92 9.49199e-05
0.216667 -0.88 9.7008e-05
0.216667 -0.84 9.88024e-05
0.216667 -0.8 0.000101395
0.216667 -0.76 0.00010327
0.216667 -0.72 0.000106797
0.216667 -0.68 0.000109273
0.216667 -0.64 0.00011196
0.216667 -0.6 0.0001147
0.216667 -0.56 0.000117992
0.216667 -0.52 0.000121769
0.216667 -0.48 0.000125228
0.216667 -0.44 0.000129068
0.216667 -0.4 0.000133384
0.216667 -0.36 0.000137686
0.216667 -0.32 0.000142532
0.216667 -0.28 0.000147796
0.216667 -0.24 0.000153656
0.216667 -0.2 0.000160674
0.216667 -0.16 0.000168857
0.216667 -0.12 0.000179327
0.216667 -0.08 0.000192865
0.216667 -0.04 0.00021233
0.216667 0 0.000242098
0.216667 0.04 0.000285194
0.216667 0.08 0.000324322
0.216667 0.12 0.000340265
0.216667 0.16 0.000217338
0.216667 0.2 0.000408648
0.216667 0.24 0.000363455
0.216667 0.28 0.000477721
0.216667 0.32 0.000319615
0.216667 0.36 0.00158759
0.216667 0.4 0.00114885
0.216667 0.44 6.99175e-05
0.216667 0.48 0.00100289
0.216667 0.52 0.000671493
0.216667 0.56 0.00248963
0.216667 0.6 0.000318051
0.216667 0.64 0.00108224
0.216667 0.68 0.000315843
0.216667 0.72 0.000485242
0.216667 0.76 0.000393515
0.216667 0.8 0.0006715
0.216667 0.84 0.00178379
0.216667 0.88 0.000800205
0.216667 0.92 0.00108004
0.216667 0.96 0.001537
0.216667 1 0.00125577
0.216667 1.04 0.00172657
0.216667 1.08 0.000571064
0.216667 1.12 0.00267197
0.216667 1.16 0.00236124
0.216667 1.2 0.00201581
0.216667 1.24 0.000756902
0.216667 1.28 0.00134976
0.216667 1.32 0.000776831
0.216667 1.36 0.00223797
0.216667 1.4 0.00131434
0.216667 1.44 0.00375661
0.216667 1.48 0.00160694
0.216667 1.52 0.00353634
0.216667 1.56 0.00185309
0.216667 1.6 0.00223718
0.216667 1.64 0.0049958
0.216667 1.68 0.00701708
0.216667 1.72 0.00240648
0.216667 1.76 0.00459845
0.216667 1.8 0.0058914
0.216667 1.84 0.00339309
0.216667 1.88 0.00365985
0.216667 1.92 0.00412377
0.216667 1.96 0.00566593
0.216667 2 0.00795371
0.216667 2.04 0.00483984
0.216667 2.08 0.00597824
0.216667 2.12 0.00570614
0.216667 2.16 0.00899917
0.216667 2.2 0.00914432
0.216667 2.24 0.0125402
0.216667 2.28 0.0111606
0.216667 2.32 0.0109322
0.216667 2.36 0.012578
0.216667 2.4 0.0139807
0.216667 2.44 0.0164003
0.216667 2.48 0.0127786
0.216667 2.52 0.013615
0.216667 2.56 0.0147379
0.216667 2.6 0.0202968
0.216667 2.64 0.0189014
0.216667 2.68 0.026229
0.216667 2.72 0.0247723
0.216667 2.76 0.0280672
0.216667 2.8 0.0262622
0.216667 2.84 0.0320568
0.216667 2.88 0.038247
0.216667 2.92 0.0440019
0.216667 2.96 0.0497161
0.216667 3 0.0429785
0.216667 3.04 0.0455908
0.216667 3.08 0.046383
0.216667 3.12 0.0451528
0.216667 3.16 0.0331754
0.216667 3.2 0.0272925
0.216667 3.24 0.0250493
0.216667 3.28 0.0180392
0.216667 3.32 0.0138178
0.216667 3.36 0.0146117
0.216667 3.4 0.0167504
0.216667 3.44 0.0165514
0.216667 3.48 0.014059
0.216667 3.52 0.0110646
0.216667 3.56 0.0109528
0.216667 3.6 0.00972534
0.216667 3.64 0.00900203
0.216667 3.68 0.00889854
0.216667 3.72 0.0110015
0.216667 3.76 0.0105044
0.216667 3.8 0.00873616
0.216667 3.84 0.00707529
0.216667 3.88 0.00547882
0.216667 3.92 0.00521446
0.216667 3.96 0.00739744
0.216667 4 0.00574876
0.233333 -4 5.84517e-06
0.233333 -3.96 6.46549e-06
0.233333 -3.92 6.14395e-06
0.233333 -3.88 4.45344e-06
0.233333 -3.84 4.44069e-06
0.233333 -3.8 4.0601e-06
0.233333 -3.76 4.69916e-06
0.233333 -3.72 3.28913e-06
0.233333 -3.68 3.57182e-06
0.233333 -3.64 1.22544e-06
0.233333 -3.6 2.97977e-06
0.233333 -3.56 3.59827e-06
0.233333 -3.52 4.73527e-06
0.233333 -3.48 3.95147e-06
0.233333 -3.44 6.06356e-06
0.233333 -3.4 4.42521e-06
0.233333 -3.36 5.07058e-06
0.233333 -3.32 3.21163e-06
0.233333 -3.28 5.5132e-06
0.233333 -3.24 5.34857e-06
0.233333 -3.2 4.06929e-06
0.233333 -3.16 4.86077e-06
0.233333 -3.12 4.78424e-06
0.233333 -3.08 5.22259e-06
0.233333 -3.04 3.8108e-06
0.233333 -3 4.19264e-06
0.233333 -2.96 3.92011e-06
0.233333 -2.92 4.40631e-06
0.233333 -2.88 3.17608e-06
0.233333 -2.84 3.2192e-06
0.233333 -2.8 4.51278e-06
0.233333 -2.76 4.86408e-06
0.233333 -2.72 2.97789e-06
0.233333 -2.68 6.0876e-06
0.233333 -2.64 6.67517e-06
0.233333 -2.6 5.55867e-06
0.233333 -2.56 4.95441e-06
0.233333 -2.52 3.5836e-06
0.233333 -2.48 3.73351e-06
0.233333 -2.44 2.94669e-06
0.233333 -2.4 3.38097e-06
0.233333 -2.36 3.2096e-06
0.233333 -2.32 4.37004e-06
0.233333 -2.28 4.93486e-06
0.233333 -2.24 4.20786e-06
0.233333 -2.2 2.70905e-06
0.233333 -2.16 5.29399e-06
0.233333 -2.12 5.89303e-06
0.233333 -2.08 5.47103e-06
0.233333 -2.04 4.47216e-06
0.233333 -2 3.19961e-06
0.233333 -1.96 3.7104e-06
0.233333 -1.92 2.47612e-06
0.233333 -1.88 3.30392e-06
0.233333 -1.84 3.54638e-06
0.233333 -1.8 3.71379e-06
0.233333 -1.76 3.44212e-06
0.233333 -1.72 4.65848e-06
0.233333 -1.68 5.26786e-06
0.233333 -1.64 5.2256e-06
0.233333 -1.6 3.64976e-06
0.233333 -1.56 3.58698e-06
0.233333 -1.52 3.03101e-06
0.233333 -1.48 3.40412e-06
0.233333 -1.44 3.71446e-06
0.233333 -1.4 4.46492e-06
0.233333 -1.36 4.15816e-06
0.233333 -1.32 3.67164e-06
0.233333 -1.28 3.76155e-06
0.233333 -1.24 4.60578e-06
0.233333 -1.2 4.07926e-06
0.233333 -1.16 3.89994e-06
0.233333 -1.12 4.64423e-06
0.233333 -1.08 4.51102e-06
0.233333 -1.04 4.15476e-06
0.233333 -1 9.37044e-05
0.233333 -0.96 9.51555e-05
0.233333 -0.92 9.82571e-05
0.233333 -0.88 0.000100065
0.233333 -0.84 0.000102001
0.233333 -0.8 0.000104824
0.233333 -0.76 0.000106853
0.233333 -0.72 0.000110412
0.233333 -0.68 0.000113152
0.233333 -0.64 0.000116004
0.233333 -0.6 0.000119072
0.233333 -0.56 0.000122708
0.233333 -0.52 0.000126612
0.233333 -0.48 0.000130355
0.233333 -0.44 0.000134615
0.233333 -0.4 0.00013936
0.233333 -0.36 0.000144105
0.233333 -0.32 0.000149505
0.233333 -0.28 0.00015548
0.233333 -0.24 0.000162277
0.233333 -0.2 0.000170506
0.233333 -0.16 0.000180369
0.233333 -0.12 0.000193391
0.233333 -0.08 0.000210997
0.233333 -0.04 0.000237338
0.233333 0 0.000278688
0.233333 0.04 0.000334654
0.233333 0.08 0.000366273
0.233333 0.12 0.000385176
0.233333 0.16 0.000237593
0.233333 0.2 0.000491618
0.233333 0.24 0.000328926
0.233333 0.28 0.00022265
0.233333 0.32 0.000318436
0.233333 0.36 0.00153791
0.233333 0.4 0.000902342
0.233333 0.44 0.000156307
0.233333 0.48 0.000998964
0.233333 0.52 0.000695568
0.233333 0.56 0.00326857
0.233333 0.6 6.83709e-05
0.233333 0.64 0.000462493
0.233333 0.68 9.4393e-06
0.233333 0.72 0.000225065
0.233333 0.76 0.000349399
0.233333 0.8 0.000553324
0.233333 0.84 0.00140292
0.233333 0.88 0.00137507
0.233333 0.92 0.00127034
0.233333 0.96 0.00203777
0.233333 1 0.00117806
0.233333 1.04 0.00222817
0.233333 1.08 0.0012817
0.233333 1.12 0.00229406
0.233333 1.16 0.00232671
0.233333 1.2 0.00218347
0.233333 1.24 0.000666247
0.233333 1.28 0.00206898
0.233333 1.32 0.00213365
0.233333 1.36 0.00252283
0.233333 1.4 0.00175085
0.233333 1.44 0.00403707
0.233333 1.48 0.00147699
0.233333 1.52 0.00226305
0.233333 1.56 0.00228634
0.233333 1.6 0.00389013
0.233333 1.64 0.00582005
0.233333 1.68 0.0074413
0.233333 1.72 0.00386018
0.233333 1.76 0.00528437
0.233333 1.8 0.00577098
0.233333 1.84 0.00397588
0.233333 1.88 0.00349086
0.233333 1.92 0.00453104
0.233333 1.96 0.00768769
0.233333 2 0.00989801
0.233333 2.04 0.00598389
0.233333 2.08 0.00711683
0.233333 2.12 0.00753122
0.233333 2.16 0.0110663
0.233333 2.2 0.0111658
0.233333 2.24 0.0132475
0.233333 2.28 0.0125081
0.233333 2.32 0.0111512
0.233333 2.36 0.014429
0.233333 2.4 0.0148235
0.233333 2.44 0.0181339
0.233333 2.48 0.0145883
0.233333 2.52 0.0143644
0.233333 2.56 0.0170733
0.233333 2.6 0.0222859
0.233333 2.64 0.0203861
0.233333 2.68 0.0274007
0.233333 2.72 0.0253963
0.233333 2.76 0.0277844
0.233333 2.8 0.0272915
0.233333 2.84 0.0348435
0.233333 2.88 0.0383045
0.233333 2.92 0.0438886
0.233333 2.96 0.0496492
0.233333 3 0.0432031
0.233333 3.04 0.0409333
0.233333 3.08 0.0424557
0.233333 3.12 0.0406403
0.233333 3.16 0.0282369
0.233333 3.2 0.0256233
0.233333 3.24 0.0229213
0.233333 3.28 0.0165411
0.233333 3.32 0.0130676
0.233333 3.36 0.014045
0.233333 3.4 0.01659
0.233333 3.44 0.015956
0.233333 3.48 0.0136997
0.233333 3.52 0.0105072
0.233333 3.56 0.0105881
0.233333 3.6 0.00943206
0.233333 3.64 0.00870478
0.233333 3.68 0.00856868
0.233333 3.72 0.0103498
0.233333 3.76 0.00949624
0.233333 3.8 0.00816224
0.233333 3.84 0.00698764
0.233333 3.88 0.00491791
0.233333 3.92 0.00477044
0.233333 3.96 0.00693092
0.233333 4 0.00548115
0.25 -4 5.4756e-06
0.25 -3.96 6.4615e-06
0.25 -3.92 6.17742e-06
0.25 -3.88 4.70083e-06
0.25 -3.84 4.14251e-06
0.25 -3.8 4.34617e-06
0.25 -3.76 4.3487e-06
0.25 -3.72 3.25494e-06
0.25 -3.68 3.27847e-06
0.25 -3.64 1.41998e-06
0.25 -3.6 3.30141e-06
0.25 -3.56 4.14534e-06
0.25 -3.52 4.30839e-06
0.25 -3.48 5.10396e-06
0.25 -3.44 6.18685e-06
0.25 -3.4 4.88278e-06
0.25 -3.36 5.25918e-06
0.25 -3.32 3.57977e-06
0.25 -3.28 5.48887e-06
0.25 -3.24 4.95513e-06
0.25 -3.2 3.93474e-06
0.25 -3.16 4.45742e-06
0.25 -3.12 5.24256e-06
0.25 -3.08 4.6882e-06
0.25 -3.04 3.99137e-06
0.25 -3 4.0836e-06
0.25 -2.96 3.98701e-06
0.25 -2.92 4.60703e-06
0.25 -2.88 3.33454e-06
0.25 -2.84 2.96128e-06
0.25 -2.8 5.64075e-06
0.25 -2.76 4.88047e-06
0.25 -2.72 3.36632e-06
0.25 -2.68 5.91637e-06
0.25 -2.64 6.57359e-06
0.25 -2.6 5.23155e-06
0.25 -2.56 4.87077e-06
0.25 -2.52 3.6943e-06
0.25 -2.48 3.47964e-06
0.25 -2.44 2.60662e-06
0.25 -2.4 3.44375e-06
0.25 -2.36 3.8371e-06
0.25 -2.32 4.21097e-06
0.25 -2.28 5.18971e-06
0.25 -2.24 4.22372e-06
0.25 -2.2 2.58482e-06
0.25 -2.16 5.2129e-06
0.25 -2.12 5.55057e-06
0.25 -2.08 4.84833e-06
0.25 -2.04 4.03953e-06
0.25 -2 3.41711e-06
0.25 -1.96 3.47353e-06
0.25 -1.92 2.71574e-06
0.25 -1.88 3.26974e-06
0.25 -1.84 3.84566e-06
0.25 -1.8 3.94286e-06
0.25 -1.76 3.92303e-06
0.25 -1.72 4.37301e-06
0.25 -1.68 4.9447e-06
0.25 -1.64 5.33075e-06
0.25 -1.6 3.70081e-06
0.25 -1.56 3.7354e-06
0.25 -1.52 2.78691e-06
0.25 -1.48 3.202e-06
0.25 -1.44 4.08085e-06
0.25 -1.4 4.63991e-06
0.25 -1.36 4.01307e-06
0.25 -1.32 3.7371e-06
0.25 -1.28 3.92517e-06
0.25 -1.24 3.8967e-06
0.25 -1.2 3.95456e-06
0.25 -1.16 3.97988e-06
0.25 -1.12 4.49118e-06
0.25 -1.08 4.52847e-06
0.25 -1.04 4.17141e-06
0.25 -1 9.66079e-05
0.25 -0.96 9.83908e-05
0.25 -0.92 0.000101755
0.25 -0.88 0.000103455
0.25 -0.84 0.000105806
0.25 -0.8 0.000108714
0.25 -0.76 0.000111374
0.25 -0.72 0.000114103
0.25 -0.68 0.000117438
0.25 -0.64 0.00012051
0.25 -0.6 0.000124057
0.25 -0.56 0.000128125
0.25 -0.52 0.000131988
0.25 -0.48 0.000136129
0.25 -0.44 0.000140763
0.25 -0.4 0.000146036
0.25 -0.36 0.0001513
0.25 -0.32 0.000157357
0.25 -0.28 0.000164153
0.25 -0.24 0.000172066
0.25 -0.2 0.000181781
0.25 -0.16 0.000193737
0.25 -0.12 0.00020989
0.25 -0.08 0.000232808
0.25 -0.04 0.000268162
0.25 0 0.000323846
0.25 0.04 0.000389379
0.25 0.08 0.000410978
0.25 0.12 0.000425037
0.25 0.16 0.000268513
0.25 0.2 0.000580373
0.25 0.24 0.000302858
0.25 0.28 5.43036e-05
0.25 0.32 0.000188547
0.25 0.36 0.00115356
0.25 0.4 0.000607287
0.25 0.44 0.000314792
0.25 0.48 0.000829226
0.25 0.52 0.000604969
0.25 0.56 0.00322865
0.25 0.6 0.000742925
0.25 0.64 0.00075855
0.25 0.68 8.32675e-05
0.25 0.72 9.55087e-06
0.25 0.76 0.000506267
0.25 0.8 0.000702006
0.25 0.84 0.00167402
0.25 0.88 0.00149125
0.25 0.92 0.00192975
0.25 0.96 0.00174892
0.25 1 0.00037521
0.25 1.04 0.00136537
0.25 1.08 0.00205326
0.25 1.12 0.00270422
0.25 1.16 0.00109023
0.25 1.2 0.00286458
0.25 1.24 0.001939
0.25 1.28 0.00298902
0.25 1.32 0.00387118
0.25 1.36 0.00272636
0.25 1.4 0.00252401
0.25 1.44 0.00364472
0.25 1.48 0.00227111
0.25 1.52 0.00418722
0.25 1.56 0.00373476
0.25 1.6 0.00341931
0.25 1.64 0.00630396
0.25 1.68 0.00725354
0.25 1.72 0.00430267
0.25 1.76 0.00527405
0.25 1.8 0.00566444
0.25 1.84 0.00547871
0.25 1.88 0.00426624
0.25 1.92 0.00486395
0.25 1.96 0.00742535
0.25 2 0.0112045
0.25 2.04 0.00818179
0.25 2.08 0.00734635
0.25 2.12 0.00917532
0.25 2.16 0.0124123
0.25 2.2 0.0127822
0.25 2.24 0.0143342
0.25 2.28 0.0136641
0.25 2.32 0.0122436
0.25 2.36 0.0169552
0.25 2.4 0.0165515
0.25 2.44 0.0186913
0.25 2.48 0.0155134
0.25 2.52 0.0152866
0.25 2.56 0.0195474
0.25 2.6 0.0255488
0.25 2.64 0.0222089
0.25 2.68 0.0294331
0.25 2.72 0.0260628
0.25 2.76 0.0295166
0.25 2.8 0.0309727
0.25 2.84 0.0350974
0.25 2.88 0.0394494
0.25 2.92 0.0422443
0.25 2.96 0.0496249
0.25 3 0.0428564
0.25 3.04 0.036926
0.25 3.08 0.0383869
0.25 3.12 0.0368741
0.25 3.16 0.025497
0.25 3.2 0.0253474
0.25 3.24 0.0211254
0.25 3.28 0.0153396
0.25 3.32 0.0126434
0.25 3.36 0.0134472
0.25 3.4 0.0159591
0.25 3.44 0.015553
0.25 3.48 0.0131857
0.25 3.52 0.00982976
0.25 3.56 0.010397
0.25 3.6 0.00880806
0.25 3.64 0.00840946
0.25 3.68 0.00832954
0.25 3.72 0.00973761
0.25 3.76 0.00863269
0.25 3.8 0.00812253
0.25 3.84 0.00689521
0.25 3.88 0.0043792
0.25 3.92 0.00449339
0.25 3.96 0.00657909
0.25 4 0.00520311
0.266667 -4 5.26242e-06
0.266667 -3.96 6.35423e-06
0.266667 -3.92 6.37428e-06
0.266667 -3.88 4.55479e-06
0.266667 -3.84 4.37939e-06
0.266667 -3.8 3.60572e-06
0.266667 -3.76 4.15705e-06
0.266667 -3.72 2.47259e-06
0.266667 -3.68 2.97962e-06
0.266667 -3.64 1.87546e-06
0.266667 -3.6 3.55925e-06
0.266667 -3.56 4.24519e-06
0.266667 -3.52 3.85967e-06
0.266667 -3.48 4.75508e-06
0.266667 -3.44 5.77586e-06
0.266667 -3.4 5.60257e-06
0.266667 -3.36 5.58848e-06
0.266667 -3.32 3.62908e-06
0.266667 -3.28 5.2254e-06
0.266667 -3.24 5.07174e-06
0.266667 -3.2 4.22454e-06
0.266667 -3.16 3.93234e-06
0.266667 -3.12 4.05632e-06
0.266667 -3.08 4.63005e-06
0.266667 -3.04 3.93461e-06
0.266667 -3 3.79706e-06
0.266667 -2.96 3.86416e-06
0.266667 -2.92 4.69363e-06
0.266667 -2.88 3.30322e-06
0.266667 -2.84 2.96546e-06
0.266667 -2.8 4.63504e-06
0.266667 -2.76 4.27946e-06
0.266667 -2.72 3.80803e-06
0.266667 -2.68 5.47455e-06
0.266667 -2.64 5.86706e-06
0.266667 -2.6 4.75596e-06
0.266667 -2.56 4.19257e-06
0.266667 -2.52 4.00388e-06
0.266667 -2.48 3.28392e-06
0.266667 -2.44 2.57889e-06
0.266667 -2.4 3.09113e-06
0.266667 -2.36 4.04491e-06
0.266667 -2.32 3.95434e-06
0.266667 -2.28 4.79603e-06
0.266667 -2.24 4.3e-06
0.266667 -2.2 2.41487e-06
0.266667 -2.16 5.12197e-06
0.266667 -2.12 5.43265e-06
0.266667 -2.08 4.21753e-06
0.266667 -2.04 3.63282e-06
0.266667 -2 2.9843e-06
0.266667 -1.96 3.82899e-06
0.266667 -1.92 2.25776e-06
0.266667 -1.88 3.29324e-06
0.266667 -1.84 3.8124e-06
0.266667 -1.8 4.00815e-06
0.266667 -1.76 3.72861e-06
0.266667 -1.72 4.38684e-06
0.266667 -1.68 4.32998e-06
0.266667 -1.64 5.19905e-06
0.266667 -1.6 4.08574e-06
0.266667 -1.56 3.90906e-06
0.266667 -1.52 2.84557e-06
0.266667 -1.48 2.83256e-06
0.266667 -1.44 4.35955e-06
0.266667 -1.4 4.51671e-06
0.266667 -1.36 3.42783e-06
0.266667 -1.32 3.63559e-06
0.266667 -1.28 4.30809e-06
0.266667 -1.24 3.63036e-06
0.266667 -1.2 3.96541e-06
0.266667 -1.16 3.97727e-06
0.266667 -1.12 4.12652e-06
0.266667 -1.08 4.23471e-06
0.266667 -1.04 4.0929e-06
0.266667 -1 9.98675e-05
0.266667 -0.96 0.000102038
0.266667 -0.92 0.000105175
0.266667 -0.88 0.000107222
0.266667 -0.84 0.000109903
0.266667 -0.8 0.000112812
0.266667 -0.76 0.000116031
0.266667 -0.72 0.00011836
0.266667 -0.68 0.00012204
0.266667 -0.64 0.000125659
0.266667 -0.6 0.000129578
0.266667 -0.56 0.000133951
0.266667 -0.52 0.000137898
0.266667 -0.48 0.00014258
0.266667 -0.44 0.000147557
0.266667 -0.4 0.000153435
0.266667 -0.36 0.000159306
0.266667 -0.32 0.000166133
0.266667 -0.28 0.000173879
0.266667 -0.24 0.000183074
0.266667 -0.2 0.000194551
0.266667 -0.16 0.000209022
0.266667 -0.12 0.00022897
0.266667 -0.08 0.000258432
0.266667 -0.04 0.000304974
0.266667 0 0.000376963
0.266667 0.04 0.000447105
0.266667 0.08 0.000461316
0.266667 0.12 0.00045264
0.266667 0.16 0.000315202
0.266667 0.2 0.000656016
0.266667 0.24 0.000308833
0.266667 0.28 7.36078e-05
0.266667 0.32 8.85424e-05
0.266667 0.36 0.000636028
0.266667 0.4 0.000334651
0.266667 0.44 0.000593197
0.266667 0.48 0.000585022
0.266667 0.52 0.000545425
0.266667 0.56 0.00291545
0.266667 0.6 0.0013887
0.266667 0.64 0.00155482
0.266667 0.68 8.97656e-05
0.266667 0.72 0.000559766
0.266667 0.76 0.000760964
0.266667 0.8 0.00061441
0.266667 0.84 0.00215702
0.266667 0.88 0.00143461
0.266667 0.92 0.00235531
0.266667 0.96 0.00114438
0.266667 1 0.00188479
0.266667 1.04 0.000274568
0.266667 1.08 0.00258199
0.266667 1.12 0.00286474
0.266667 1.16 0.000899612
0.266667 1.2 0.00344283
0.266667 1.24 0.00264812
0.266667 1.28 0.00300558
0.266667 1.32 0.00453967
0.266667 1.36 0.00336848
0.266667 1.4 0.00233821
0.266667 1.44 0.00364813
0.266667 1.48 0.0039908
0.266667 1.52 0.00628841
0.266667 1.56 0.0048913
0.266667 1.6 0.00237168
0.266667 1.64 0.00656379
0.266667 1.68 0.00733639
0.266667 1.72 0.0038379
0.266667 1.76 0.00542288
0.266667 1.8 0.00668292
0.266667 1.84 0.00665965
0.266667 1.88 0.00551384
0.266667 1.92 0.00534801
0.266667 1.96 0.00682292
0.266667 2 0.0111315
0.266667 2.04 0.00892623
0.266667 2.08 0.00794391
0.266667 2.12 0.0100045
0.266667 2.16 0.0125129
0.266667 2.2 0.0127135
0.266667 2.24 0.0157976
0.266667 2.28 0.015037
0.266667 2.32 0.0148404
0.266667 2.36 0.017976
0.266667 2.4 0.0189659
0.266667 2.44 0.019067
0.266667 2.48 0.0153191
0.266667 2.52 0.0160925
0.266667 2.56 0.0212554
0.266667 2.6 0.0272798
0.266667 2.64 0.023881
0.266667 2.68 0.0321051
0.266667 2.72 0.0284479
0.266667 2.76 0.0325502
0.266667 2.8 0.0335263
0.266667 2.84 0.0341503
0.266667 2.88 0.0405484
0.266667 2.92 0.0412179
0.266667 2.96 0.046377
0.266667 3 0.0378856
0.266667 3.04 0.0340765
0.266667 3.08 0.0354699
0.266667 3.12 0.0348316
0.266667 3.16 0.0243735
0.266667 3.2 0.024091
0.266667 3.24 0.0200087
0.266667 3.28 0.0147514
0.266667 3.32 0.0124576
0.266667 3.36 0.0133183
0.266667 3.4 0.0152951
0.266667 3.44 0.0156411
0.266667 3.48 0.0128186
0.266667 3.52 0.0091255
0.266667 3.56 0.0101139
0.266667 3.6 0.00816418
0.266667 3.64 0.0078437
0.266667 3.68 0.0076943
0.266667 3.72 0.00919229
0.266667 3.76 0.00822903
0.266667 3.8 0.00808334
0.266667 3.84 0.00624332
0.266667 3.88 0.00380405
0.266667 3.92 0.00435236
0.266667 3.96 0.0062987
0.266667 4 0.00475496
0.283333 -4 5.44104e-06
0.283333 -3.96 6.16034e-06
0.283333 -3.92 6.40951e-06
0.283333 -3.88 4.17657e-06
0.283333 -3.84 4.76761e-06
0.283333 -3.8 3.15954e-06
0.283333 -3.76 3.93841e-06
0.283333 -3.72 1.95413e-06
0.283333 -3.68 2.84641e-06
0.283333 -3.64 2.08638e-06
0.283333 -3.6 3.7572e-06
0.283333 -3.56 3.61671e-06
0.283333 -3.52 4.29823e-06
0.283333 -3.48 3.883e-06
0.283333 -3.44 5.68804e-06
0.283333 -3.4 6.00721e-06
0.283333 -3.36 5.78993e-06
0.283333 -3.32 3.28576e-06
0.283333 -3.28 4.6319e-06
0.283333 -3.24 5.00872e-06
0.283333 -3.2 4.3517e-06
0.283333 -3.16 3.74604e-06
0.283333 -3.12 2.88643e-06
0.283333 -3.08 4.61465e-06
0.283333 -3.04 3.56227e-06
0.283333 -3 3.66864e-06
0.283333 -2.96 3.76344e-06
0.283333 -2.92 4.36045e-06
0.283333 -2.88 3.20919e-06
0.283333 -2.84 3.08407e-06
0.283333 -2.8 3.41061e-06
0.283333 -2.76 3.85361e-06
0.283333 -2.72 4.00951e-06
0.283333 -2.68 5.5182e-06
0.283333 -2.64 5.49835e-06
0.283333 -2.6 4.13163e-06
0.283333 -2.56 3.68196e-06
0.283333 -2.52 3.85244e-06
0.283333 -2.48 3.64662e-06
0.283333 -2.44 2.9077e-06
0.283333 -2.4 2.77672e-06
0.283333 -2.36 3.64655e-06
0.283333 -2.32 4.00184e-06
0.283333 -2.28 4.40157e-06
0.283333 -2.24 4.27426e-06
0.283333 -2.2 2.26588e-06
0.283333 -2.16 4.91304e-06
0.283333 -2.12 5.59616e-06
0.283333 -2.08 4.03787e-06
0.283333 -2.04 3.98031e-06
0.283333 -2 2.61564e-06
0.283333 -1.96 4.21279e-06
0.283333 -1.92 1.75793e-06
0.283333 -1.88 3.26818e-06
0.283333 -1.84 3.54054e-06
0.283333 -1.8 3.70677e-06
0.283333 -1.76 3.16431e-06
0.283333 -1.72 4.3767e-06
0.283333 -1.68 3.83872e-06
0.283333 -1.64 5.04659e-06
0.283333 -1.6 4.56705e-06
0.283333 -1.56 3.95704e-06
0.283333 -1.52 3.04842e-06
0.283333 -1.48 2.80488e-06
0.283333 -1.44 4.13876e-06
0.283333 -1.4 4.24422e-06
0.283333 -1.36 3.20374e-06
0.283333 -1.32 3.6675e-06
0.283333 -1.28 4.47959e-06
0.283333 -1.24 4.11882e-06
0.283333 -1.2 3.82511e-06
0.283333 -1.16 3.86834e-06
0.283333 -1.12 3.92647e-06
0.283333 -1.08 3.87841e-06
0.283333 -1.04 3.9126e-06
0.283333 -1 0.000103148
0.283333 -0.96 0.00010588
0.283333 -0.92 0.000108784
0.283333 -0.88 0.000111402
0.283333 -0.84 0.000114222
0.283333 -0.8 0.000117217
0.283333 -0.76 0.000120503
0.283333 -0.72 0.000123718
0.283333 -0.68 0.000127064
0.283333 -0.64 0.000131371
0.283333 -0.6 0.000135543
0.283333 -0.56 0.00014008
0.283333 -0.52 0.000144414
0.283333 -0.48 0.000149669
0.283333 -0.44 0.000155087
0.283333 -0.4 0.000161596
0.283333 -0.36 0.000168159
0.283333 -0.32 0.000175864
0.283333 -0.28 0.000184704
0.283333 -0.24 0.000195323
0.283333 -0.2 0.000208806
0.283333 -0.16 0.000226169
0.283333 -0.12 0.000250577
0.283333 -0.08 0.000287644
0.283333 -0.04 0.000347235
0.283333 0 0.000436659
0.283333 0.04 0.000509129
0.283333 0.08 0.000511655
0.283333 0.12 0.000484338
0.283333 0.16 0.000360138
0.283333 0.2 0.000723835
0.283333 0.24 0.000349588
0.283333 0.28 0.00030572
0.283333 0.32 0.000435437
0.283333 0.36 0.000179519
0.283333 0.4 0.000122254
0.283333 0.44 0.000857346
0.283333 0.48 0.000348953
0.283333 0.52 0.000558216
0.283333 0.56 0.002615
0.283333 0.6 0.00145833
0.283333 0.64 0.00158527
0.283333 0.68 0.000311204
0.283333 0.72 0.00125728
0.283333 0.76 0.000791474
0.283333 0.8 4.92922e-05
0.283333 0.84 0.00202472
0.283333 0.88 0.0015862
0.283333 0.92 0.00221058
0.283333 0.96 0.00112989
0.283333 1 0.00220955
0.283333 1.04 0.000530781
0.283333 1.08 0.0025678
0.283333 1.12 0.00234688
0.283333 1.16 0.00241784
0.283333 1.2 0.00357846
0.283333 1.24 0.00247319
0.283333 1.28 0.00275277
0.283333 1.32 0.00443365
0.283333 1.36 0.00429698
0.283333 1.4 0.00157717
0.283333 1.44 0.00488649
0.283333 1.48 0.00546335
0.283333 1.52 0.0052485
0.283333 1.56 0.00514949
0.283333 1.6 0.00346662
0.283333 1.64 0.00703895
0.283333 1.68 0.00782352
0.283333 1.72 0.00463503
0.283333 1.76 0.00642312
0.283333 1.8 0.00793826
0.283333 1.84 0.00646234
0.283333 1.88 0.00650466
0.283333 1.92 0.00616602
0.283333 1.96 0.00898647
0.283333 2 0.0112325
0.283333 2.04 0.00850631
0.283333 2.08 0.00963711
0.283333 2.12 0.0110557
0.283333 2.16 0.0129343
0.283333 2.2 0.0131043
0.283333 2.24 0.0176894
0.283333 2.28 0.0169523
0.283333 2.32 0.016763
0.283333 2.36 0.01803
0.283333 2.4 0.0207073
0.283333 2.44 0.020829
0.283333 2.48 0.0157908
0.283333 2.52 0.0172019
0.283333 2.56 0.0230225
0.283333 2.6 0.0266376
0.283333 2.64 0.0252222
0.283333 2.68 0.0332364
0.283333 2.72 0.03103
0.283333 2.76 0.0326778
0.283333 2.8 0.0324145
0.283333 2.84 0.0338727
0.283333 2.88 0.0393839
0.283333 2.92 0.0404974
0.283333 2.96 0.0404867
0.283333 3 0.0321285
0.283333 3.04 0.0308854
0.283333 3.08 0.033276
0.283333 3.12 0.0332827
0.283333 3.16 0.0222075
0.283333 3.2 0.0217727
0.283333 3.24 0.0190928
0.283333 3.28 0.0142101
0.283333 3.32 0.0118126
0.283333 3.36 0.0132791
0.283333 3.4 0.0147017
0.283333 3.44 0.0154119
0.283333 3.48 0.0124849
0.283333 3.52 0.00857443
0.283333 3.56 0.00961483
0.283333 3.6 0.00772081
0.283333 3.64 0.00706552
0.283333 3.68 0.0067212
0.283333 3.72 0.0084683
0.283333 3.76 0.00776891
0.283333 3.8 0.00755497
0.283333 3.84 0.00549511
0.283333 3.88 0.00325749
0.283333 3.92 0.00424342
0.283333 3.96 0.00588215
0.283333 4 0.00425076
0.3 -4 5.66873e-06
0.3 -3.96 5.99816e-06
0.3 -3.92 6.19096e-06
0.3 -3.88 4.15528e-06
0.3 -3.84 4.69757e-06
0.3 -3.8 3.60141e-06
0.3 -3.76 3.58089e-06
0.3 -3.72 2.07702e-06
0.3 -3.68 2.98088e-06
0.3 -3.64 1.96982e-06
0.3 -3.6 4.04692e-06
0.3 -3.56 3.26281e-06
0.3 -3.52 4.84151e-06
0.3 -3.48 4.16716e-06
0.3 -3.44 6.0451e-06
0.3 -3.4 5.90711e-06
0.3 -3.36 5.8035e-06
0.3 -3.32 3.07836e-06
0.3 -3.28 4.1276e-06
0.3 -3.24 4.57006e-06
0.3 -3.2 4.09311e-06
0.3 -3.16 3.80978e-06
0.3 -3.12 3.30141e-06
0.3 -3.08 4.25872e-06
0.3 -3.04 3.42181e-06
0.3 -3 3.5895e-06
0.3 -2.96 3.84028e-06
0.3 -2.92 4.00239e-06
0.3 -2.88 3.44132e-06
0.3 -2.84 3.09311e-06
0.3 -2.8 4.08204e-06
0.3 -2.76 4.10418e-06
0.3 -2.72 3.86546e-06
0.3 -2.68 5.96605e-06
0.3 -2.64 5.88146e-06
0.3 -2.6 3.70846e-06
0.3 -2.56 3.78822e-06
0.3 -2.52 3.29329e-06
0.3 -2.48 4.04809e-06
0.3 -2.44 3.07169e-06
0.3 -2.4 2.90819e-06
0.3 -2.36 3.32584e-06
0.3 -2.32 4.29204e-06
0.3 -2.28 4.41214e-06
0.3 -2.24 4.08519e-06
0.3 -2.2 2.15684e-06
0.3 -2.16 4.57599e-06
0.3 -2.12 5.74929e-06
0.3 -2.08 4.0924e-06
0.3 -2.04 4.48028e-06
0.3 -2 2.84176e-06
0.3 -1.96 4.07873e-06
0.3 -1.92 2.00641e-06
0.3 -1.88 3.19271e-06
0.3 -1.84 3.38394e-06
0.3 -1.8 3.46248e-06
0.3 -1.76 3.10659e-06
0.3 -1.72 3.95329e-06
0.3 -1.68 3.62359e-06
0.3 -1.64 5.06015e-06
0.3 -1.6 4.67017e-06
0.3 -1.56 3.90816e-06
0.3 -1.52 3.10294e-06
0.3 -1.48 3.14456e-06
0.3 -1.44 3.70393e-06
0.3 -1.4 4.20354e-06
0.3 -1.36 3.67277e-06
0.3 -1.32 3.92935e-06
0.3 -1.28 4.31341e-06
0.3 -1.24 4.6645e-06
0.3 -1.2 3.52611e-06
0.3 -1.16 3.78471e-06
0.3 -1.12 4.1103e-06
0.3 -1.08 3.75449e-06
0.3 -1.04 3.73913e-06
0.3 -1 0.000106635
0.3 -0.96 0.000109916
0.3 -0.92 0.000112995
0.3 -0.88 0.00011604
0.3 -0.84 0.000118999
0.3 -0.8 0.000122217
0.3 -0.76 0.000125323
0.3 -0.72 0.000129952
0.3 -0.68 0.000132788
0.3 -0.64 0.000137497
0.3 -0.6 0.000141962
0.3 -0.56 0.000146688
0.3 -0.52 0.000151656
0.3 -0.48 0.000157386
0.3 -0.44 0.000163423
0.3 -0.4 0.000170578
0.3 -0.36 0.000177902
0.3 -0.32 0.000186577
0.3 -0.28 0.000196644
0.3 -0.24 0.000208813
0.3 -0.2 0.000224475
0.3 -0.16 0.000245019
0.3 -0.12 0.000274404
0.3 -0.08 0.000319795
0.3 -0.04 0.000393692
0.3 0 0.000501486
0.3 0.04 0.000577597
0.3 0.08 0.000559156
0.3 0.12 0.000529438
0.3 0.16 0.000392332
0.3 0.2 0.000796006
0.3 0.24 0.000418628
0.3 0.28 0.000681947
0.3 0.32 0.000766404
0.3 0.36 0.000162999
0.3 0.4 1.69102e-05
0.3 0.44 0.000933748
0.3 0.48 0.00016865
0.3 0.52 0.000688096
0.3 0.56 0.00211581
0.3 0.6 0.00145894
0.3 0.64 0.00153614
0.3 0.68 0.00154727
0.3 0.72 0.00137776
0.3 0.76 0.000770391
0.3 0.8 0.000686616
0.3 0.84 0.00137718
0.3 0.88 0.00198872
0.3 0.92 0.00202184
0.3 0.96 0.00163747
0.3 1 0.00205524
0.3 1.04 0.00185736
0.3 1.08 0.00236235
0.3 1.12 0.00228242
0.3 1.16 0.00376256
0.3 1.2 0.00362643
0.3 1.24 0.00266513
0.3 1.28 0.00360493
0.3 1.32 0.00464104
0.3 1.36 0.00492483
0.3 1.4 0.00207379
0.3 1.44 0.00678058
0.3 1.48 0.00588455
0.3 1.52 0.00313933
0.3 1.56 0.00543818
0.3 1.6 0.00545925
0.3 1.64 0.00771614
0.3 1.68 0.00819583
0.3 1.72 0.00702352
0.3 1.76 0.00755001
0.3 1.8 0.00811802
0.3 1.84 0.00595368
0.3 1.88 0.00735971
0.3 1.92 0.00713323
0.3 1.96 0.0121751
0.3 2 0.0124781
0.3 2.04 0.00946616
0.3 2.08 0.0112948
0.3 2.12 0.0130685
0.3 2.16 0.0149116
0.3 2.2 0.0154453
0.3 2.24 0.0199112
0.3 2.28 0.0188337
0.3 2.32 0.0166863
0.3 2.36 0.0192785
0.3 2.4 0.0214279
0.3 2.44 0.0231618
0.3 2.48 0.018056
0.3 2.52 0.0188209
0.3 2.56 0.0259375
0.3 2.6 0.0263277
0.3 2.64 0.026575
0.3 2.68 0.0327019
0.3 2.72 0.0315651
0.3 2.76 0.0303886
0.3 2.8 0.0303298
0.3 2.84 0.0337922
0.3 2.88 0.036434
0.3 2.92 0.0383875
0.3 2.96 0.0361001
0.3 3 0.0305984
0.3 3.04 0.0260558
0.3 3.08 0.0303196
0.3 3.12 0.0307163
0.3 3.16 0.0189382
0.3 3.2 0.0199627
0.3 3.24 0.0176772
0.3 3.28 0.0130042
0.3 3.32 0.0105549
0.3 3.36 0.0126045
0.3 3.4 0.0140573
0.3 3.44 0.0142939
0.3 3.48 0.01195
0.3 3.52 0.00809096
0.3 3.56 0.00898499
0.3 3.6 0.00737361
0.3 3.64 0.00654356
0.3 3.68 0.00597574
0.3 3.72 0.00760925
0.3 3.76 0.00695309
0.3 3.8 0.006652
0.3 3.84 0.00530052
0.3 3.88 0.00288858
0.3 3.92 0.00398517
0.3 3.96 0.00533675
0.3 4 0.0039937
0.316667 -4 5.54786e-06
0.316667 -3.96 5.8729e-06
0.316667 -3.92 6.06556e-06
0.316667 -3.88 4.56324e-06
0.316667 -3.84 4.19144e-06
0.316667 -3.8 3.89484e-06
0.316667 -3.76 3.25009e-06
0.316667 -3.72 2.07234e-06
0.316667 -3.68 3.22462e-06
0.316667 -3.64 1.95417e-06
0.316667 -3.6 4.3034e-06
0.316667 -3.56 3.79e-06
0.316667 -3.52 4.33641e-06
0.316667 -3.48 5.17086e-06
0.316667 -3.44 6.15055e-06
0.316667 -3.4 5.94054e-06
0.316667 -3.36 5.9048e-06
0.316667 -3.32 3.32399e-06
0.316667 -3.28 4.09843e-06
0.316667 -3.24 4.4421e-06
0.316667 -3.2 3.89696e-06
0.316667 -3.16 3.66733e-06
0.316667 -3.12 3.98453e-06
0.316667 -3.08 3.95554e-06
0.316667 -3.04 3.73644e-06
0.316667 -3 3.18173e-06
0.316667 -2.96 3.90825e-06
0.316667 -2.92 4.20879e-06
0.316667 -2.88 3.86988e-06
0.316667 -2.84 3.11217e-06
0.316667 -2.8 5.40158e-06
0.316667 -2.76 4.59553e-06
0.316667 -2.72 3.6141e-06
0.316667 -2.68 5.94356e-06
0.316667 -2.64 6.21944e-06
0.316667 -2.6 3.80458e-06
0.316667 -2.56 3.88746e-06
0.316667 -2.52 3.05985e-06
0.316667 -2.48 3.80226e-06
0.316667 -2.44 2.84412e-06
0.316667 -2.4 3.20964e-06
0.316667 -2.36 3.50785e-06
0.316667 -2.32 4.34343e-06
0.316667 -2.28 4.49507e-06
0.316667 -2.24 3.87385e-06
0.316667 -2.2 1.98135e-06
0.316667 -2.16 4.20452e-06
0.316667 -2.12 5.70833e-06
0.316667 -2.08 3.76271e-06
0.316667 -2.04 4.16756e-06
0.316667 -2 3.28338e-06
0.316667 -1.96 3.80368e-06
0.316667 -1.92 2.60532e-06
0.316667 -1.88 3.16174e-06
0.316667 -1.84 3.48045e-06
0.316667 -1.8 3.6239e-06
0.316667 -1.76 3.58778e-06
0.316667 -1.72 3.34499e-06
0.316667 -1.68 3.30577e-06
0.316667 -1.64 5.05997e-06
0.316667 -1.6 4.17381e-06
0.316667 -1.56 3.83498e-06
0.316667 -1.52 3.0184e-06
0.316667 -1.48 3.37e-06
0.316667 -1.44 3.63003e-06
0.316667 -1.4 4.44317e-06
0.316667 -1.36 4.0774e-06
0.316667 -1.32 4.11714e-06
0.316667 -1.28 4.21039e-06
0.316667 -1.24 4.56249e-06
0.316667 -1.2 3.38882e-06
0.316667 -1.16 3.71871e-06
0.316667 -1.12 4.36619e-06
0.316667 -1.08 3.85966e-06
0.316667 -1.04 3.72683e-06
0.316667 -1 0.000110962
0.316667 -0.96 0.000114466
0.316667 -0.92 0.000117908
0.316667 -0.88 0.000121122
0.316667 -0.84 0.000124387
0.316667 -0.8 0.000127833
0.316667 -0.76 0.00013107
0.316667 -0.72 0.000136227
0.316667 -0.68 0.000139381
0.316667 -0.64 0.000144125
0.316667 -0.6 0.000148991
0.316667 -0.56 0.00015405
0.316667 -0.52 0.000159667
0.316667 -0.48 0.000165826
0.316667 -0.44 0.000172588
0.316667 -0.4 0.000180431
0.316667 -0.36 0.000188584
0.316667 -0.32 0.000198295
0.316667 -0.28 0.000209694
0.316667 -0.24 0.000223514
0.316667 -0.2 0.000241452
0.316667 -0.16 0.000265337
0.316667 -0.12 0.000299921
0.316667 -0.08 0.000353863
0.316667 -0.04 0.000442478
0.316667 0 0.000570197
0.316667 0.04 0.000653305
0.316667 0.08 0.000612924
0.316667 0.12 0.000569925
0.316667 0.16 0.000425052
0.316667 0.2 0.000864135
0.316667 0.24 0.000514678
0.316667 0.28 0.00105499
0.316667 0.32 0.00105117
0.316667 0.36 0.000382611
0.316667 0.4 7.76547e-05
0.316667 0.44 0.00098116
0.316667 0.48 7.64786e-05
0.316667 0.52 0.000952822
0.316667 0.56 0.00138305
0.316667 0.6 0.00167327
0.316667 0.64 0.00181122
0.316667 0.68 0.0025214
0.316667 0.72 0.00117489
0.316667 0.76 0.00112367
0.316667 0.8 0.000315932
0.316667 0.84 0.0011247
0.316667 0.88 0.00241792
0.316667 0.92 0.00206147
0.316667 0.96 0.00200357
0.316667 1 0.00262714
0.316667 1.04 0.00258114
0.316667 1.08 0.00266852
0.316667 1.12 0.00331919
0.316667 1.16 0.00339136
0.316667 1.2 0.00398295
0.316667 1.24 0.00353758
0.316667 1.28 0.00525369
0.316667 1.32 0.00547323
0.316667 1.36 0.00524043
0.316667 1.4 0.0037235
0.316667 1.44 0.00804863
0.316667 1.48 0.00588531
0.316667 1.52 0.00427498
0.316667 1.56 0.00649565
0.316667 1.6 0.00567422
0.316667 1.64 0.00825322
0.316667 1.68 0.00849111
0.316667 1.72 0.00856878
0.316667 1.76 0.00785338
0.316667 1.8 0.00782357
0.316667 1.84 0.00690893
0.316667 1.88 0.00863596
0.316667 1.92 0.00795779
0.316667 1.96 0.0130316
0.316667 2 0.0140969
0.316667 2.04 0.0121268
0.316667 2.08 0.0120987
0.316667 2.12 0.015221
0.316667 2.16 0.0172291
0.316667 2.2 0.0180555
0.316667 2.24 0.0218509
0.316667 2.28 0.0202234
0.316667 2.32 0.017088
0.316667 2.36 0.0216853
0.316667 2.4 0.0225771
0.316667 2.44 0.0244457
0.316667 2.48 0.0209416
0.316667 2.52 0.0201842
0.316667 2.56 0.0290019
0.316667 2.6 0.028297
0.316667 2.64 0.0281906
0.316667 2.68 0.0332808
0.316667 2.72 0.0309407
0.316667 2.76 0.0302148
0.316667 2.8 0.030466
0.316667 2.84 0.0320946
0.316667 2.88 0.0341411
0.316667 2.92 0.0351573
0.316667 2.96 0.0349177
0.316667 3 0.0307757
0.316667 3.04 0.020762
0.316667 3.08 0.0265433
0.316667 3.12 0.0277341
0.316667 3.16 0.0169311
0.316667 3.2 0.0188849
0.316667 3.24 0.0158945
0.316667 3.28 0.0112782
0.316667 3.32 0.00951663
0.316667 3.36 0.0114248
0.316667 3.4 0.013219
0.316667 3.44 0.0130272
0.316667 3.48 0.011269
0.316667 3.52 0.00743531
0.316667 3.56 0.00830132
0.316667 3.6 0.006937
0.316667 3.64 0.00652299
0.316667 3.68 0.00569591
0.316667 3.72 0.00695043
0.316667 3.76 0.00618992
0.316667 3.8 0.00586159
0.316667 3.84 0.00532031
0.316667 3.88 0.00266562
0.316667 3.92 0.00350751
0.316667 3.96 0.00495197
0.316667 4 0.00395939
0.333333 -4 5.24429e-06
0.333333 -3.96 5.65652e-06
0.333333 -3.92 6.26183e-06
0.333333 -3.88 4.80596e-06
0.333333 -3.84 3.77797e-06
0.333333 -3.8 3.39704e-06
0.333333 -3.76 3.23006e-06
0.333333 -3.72 1.59677e-06
0.333333 -3.68 3.36052e-06
0.333333 -3.64 2.2647e-06
0.333333 -3.6 4.24239e-06
0.333333 -3.56 4.31545e-06
0.333333 -3.52 3.50141e-06
0.333333 -3.48 5.38518e-06
0.333333 -3.44 5.96961e-06
0.333333 -3.4 6.46534e-06
0.333333 -3.36 6.29836e-06
0.333333 -3.32 3.59012e-06
0.333333 -3.28 4.37807e-06
0.333333 -3.24 4.87901e-06
0.333333 -3.2 4.01279e-06
0.333333 -3.16 3.2405e-06
0.333333 -3.12 3.19354e-06
0.333333 -3.08 4.0441e-06
0.333333 -3.04 4.07541e-06
0.333333 -3 2.52039e-06
0.333333 -2.96 3.75188e-06
0.333333 -2.92 4.78508e-06
0.333333 -2.88 3.97626e-06
0.333333 -2.84 3.41792e-06
0.333333 -2.8 5.25994e-06
0.333333 -2.76 4.72247e-06
0.333333 -2.72 3.50663e-06
0.333333 -2.68 5.2495e-06
0.333333 -2.64 5.74523e-06
0.333333 -2.6 4.08063e-06
0.333333 -2.56 3.33964e-06
0.333333 -2.52 3.4127e-06
0.333333 -2.48 3.30312e-06
0.333333 -2.44 2.64041e-06
0.333333 -2.4 3.25094e-06
0.333333 -2.36 3.74145e-06
0.333333 -2.32 4.07019e-06
0.333333 -2.28 4.24239e-06
0.333333 -2.24 3.82494e-06
0.333333 -2.2 1.73244e-06
0.333333 -2.16 3.95017e-06
0.333333 -2.12 5.53129e-06
0.333333 -2.08 3.08917e-06
0.333333 -2.04 3.46488e-06
0.333333 -2 3.30834e-06
0.333333 -1.96 3.82494e-06
0.333333 -1.92 2.67693e-06
0.333333 -1.88 3.16223e-06
0.333333 -1.84 3.6423e-06
0.333333 -1.8 3.88234e-06
0.333333 -1.76 3.86146e-06
0.333333 -1.72 3.01612e-06
0.333333 -1.68 2.63519e-06
0.333333 -1.64 4.89467e-06
0.333333 -1.6 3.56925e-06
0.333333 -1.56 3.68405e-06
0.333333 -1.52 2.93784e-06
0.333333 -1.48 3.22484e-06
0.333333 -1.44 3.89277e-06
0.333333 -1.4 4.53461e-06
0.333333 -1.36 3.72057e-06
0.333333 -1.32 3.95539e-06
0.333333 -1.28 4.4459e-06
0.333333 -1.24 4.04932e-06
0.333333 -1.2 3.62665e-06
0.333333 -1.16 3.57968e-06
0.333333 -1.12 4.19543e-06
0.333333 -1.08 4.02323e-06
0.333333 -1.04 3.80928e-06
0.333333 -1 0.000116319
0.333333 -0.96 0.000119685
0.333333 -0.92 0.000123322
0.333333 -0.88 0.000126588
0.333333 -0.84 0.000130262
0.333333 -0.8 0.000133836
0.333333 -0.76 0.000137682
0.333333 -0.72 0.000142175
0.333333 -0.68 0.000146689
0.333333 -0.64 0.0001515
0.333333 -0.6 0.000156807
0.333333 -0.56 0.000162338
0.333333 -0.52 0.000168407
0.333333 -0.48 0.000175128
0.333333 -0.44 0.000182595
0.333333 -0.4 0.000191189
0.333333 -0.36 0.000200259
0.333333 -0.32 0.000211045
0.333333 -0.28 0.00022384
0.333333 -0.24 0.000239385
0.333333 -0.2 0.000259626
0.333333 -0.16 0.000286844
0.333333 -0.12 0.000326492
0.333333 -0.08 0.000388609
0.333333 -0.04 0.000491303
0.333333 0 0.000641139
0.333333 0.04 0.000737968
0.333333 0.08 0.000682561
0.333333 0.12 0.000595281
0.333333 0.16 0.000465792
0.333333 0.2 0.000914609
0.333333 0.24 0.000644071
0.333333 0.28 0.00128606
0.333333 0.32 0.00129003
0.333333 0.36 0.000466251
0.333333 0.4 0.000256793
0.333333 0.44 0.00110725
0.333333 0.48 0.000219352
0.333333 0.52 0.00122154
0.333333 0.56 0.000794835
0.333333 0.6 0.00167253
0.333333 0.64 0.00189998
0.333333 0.68 0.00228392
0.333333 0.72 0.00174086
0.333333 0.76 0.00171429
0.333333 0.8 0.00102264
0.333333 0.84 0.0015972
0.333333 0.88 0.00259214
0.333333 0.92 0.00210125
0.333333 0.96 0.00214347
0.333333 1 0.00369624
0.333333 1.04 0.00226543
0.333333 1.08 0.00343538
0.333333 1.12 0.00441603
0.333333 1.16 0.00239331
0.333333 1.2 0.00466882
0.333333 1.24 0.00428112
0.333333 1.28 0.00617416
0.333333 1.32 0.00632656
0.333333 1.36 0.00580292
0.333333 1.4 0.00426265
0.333333 1.44 0.00825751
0.333333 1.48 0.00644533
0.333333 1.52 0.00791168
0.333333 1.56 0.00765078
0.333333 1.6 0.00524963
0.333333 1.64 0.00876342
0.333333 1.68 0.00930534
0.333333 1.72 0.00820332
0.333333 1.76 0.00797205
0.333333 1.8 0.00862054
0.333333 1.84 0.00925228
0.333333 1.88 0.010192
0.333333 1.92 0.0088797
0.333333 1.96 0.0128608
0.333333 2 0.0154433
0.333333 2.04 0.0140463
0.333333 2.08 0.0131558
0.333333 2.12 0.0166396
0.333333 2.16 0.0183521
0.333333 2.2 0.0193305
0.333333 2.24 0.0229399
0.333333 2.28 0.0219151
0.333333 2.32 0.0202377
0.333333 2.36 0.0231756
0.333333 2.4 0.025098
0.333333 2.44 0.0253113
0.333333 2.48 0.022825
0.333333 2.52 0.0207382
0.333333 2.56 0.0301104
0.333333 2.6 0.030377
0.333333 2.64 0.0294804
0.333333 2.68 0.0359017
0.333333 2.72 0.0314409
0.333333 2.76 0.0321399
0.333333 2.8 0.0311034
0.333333 2.84 0.0286652
0.333333 2.88 0.032786
0.333333 2.92 0.0327114
0.333333 2.96 0.0339604
0.333333 3 0.0272544
0.333333 3.04 0.0175354
0.333333 3.08 0.0235538
0.333333 3.12 0.0258629
0.333333 3.16 0.0165543
0.333333 3.2 0.0174152
0.333333 3.24 0.0145436
0.333333 3.28 0.00983193
0.333333 3.32 0.00925972
0.333333 3.36 0.0105041
0.333333 3.4 0.0121308
0.333333 3.44 0.0125772
0.333333 3.48 0.0106441
0.333333 3.52 0.00665517
0.333333 3.56 0.00753032
0.333333 3.6 0.00644113
0.333333 3.64 0.00660892
0.333333 3.68 0.00547894
0.333333 3.72 0.00655716
0.333333 3.76 0.00575544
0.333333 3.8 0.00546832
0.333333 3.84 0.00485334
0.333333 3.88 0.00240794
0.333333 3.92 0.00307552
0.333333 3.96 0.00482954
0.333333 4 0.00374659
0.35 -4 5.18054e-06
0.35 -3.96 5.35266e-06
0.35 -3.92 6.46589e-06
0.35 -3.88 4.51927e-06
0.35 -3.84 3.81537e-06
0.35 -3.8 2.95696e-06
0.35 -3.76 3.50645e-06
0.35 -3.72 1.32713e-06
0.35 -3.68 3.35782e-06
0.35 -3.64 2.58072e-06
0.35 -3.6 3.97315e-06
0.35 -3.56 3.97947e-06
0.35 -3.52 3.74956e-06
0.35 -3.48 4.77787e-06
0.35 -3.44 6.25474e-06
0.35 -3.4 6.87227e-06
0.35 -3.36 6.76322e-06
0.35 -3.32 3.40926e-06
0.35 -3.28 4.54917e-06
0.35 -3.24 5.11875e-06
0.35 -3.2 4.07051e-06
0.35 -3.16 2.94571e-06
0.35 -3.12 1.9745e-06
0.35 -3.08 4.12558e-06
0.35 -3.04 4.11066e-06
0.35 -3 2.09464e-06
0.35 -2.96 3.50038e-06
0.35 -2.92 4.96813e-06
0.35 -2.88 3.75248e-06
0.35 -2.84 3.9415e-06
0.35 -2.8 4.50908e-06
0.35 -2.76 4.54951e-06
0.35 -2.72 3.45005e-06
0.35 -2.68 4.80765e-06
0.35 -2.64 4.93856e-06
0.35 -2.6 3.98407e-06
0.35 -2.56 2.66271e-06
0.35 -2.52 3.73442e-06
0.35 -2.48 3.41656e-06
0.35 -2.44 2.83079e-06
0.35 -2.4 3.17326e-06
0.35 -2.36 3.54013e-06
0.35 -2.32 3.98659e-06
0.35 -2.28 3.8547e-06
0.35 -2.24 3.9565e-06
0.35 -2.2 1.57823e-06
0.35 -2.16 3.91198e-06
0.35 -2.12 5.29673e-06
0.35 -2.08 2.81086e-06
0.35 -2.04 3.48893e-06
0.35 -2 3.01226e-06
0.35 -1.96 3.95697e-06
0.35 -1.92 2.28497e-06
0.35 -1.88 3.11867e-06
0.35 -1.84 3.69672e-06
0.35 -1.8 3.74918e-06
0.35 -1.76 3.62335e-06
0.35 -1.72 2.9003e-06
0.35 -1.68 2.03293e-06
0.35 -1.64 4.73074e-06
0.35 -1.6 3.6224e-06
0.35 -1.56 3.402e-06
0.35 -1.52 2.84212e-06
0.35 -1.48 3.04407e-06
0.35 -1.44 3.97469e-06
0.35 -1.4 4.1767e-06
0.35 -1.36 3.04188e-06
0.35 -1.32 3.63098e-06
0.35 -1.28 4.66198e-06
0.35 -1.24 3.81566e-06
0.35 -1.2 3.99969e-06
0.35 -1.16 3.43996e-06
0.35 -1.12 3.64421e-06
0.35 -1.08 4.11935e-06
0.35 -1.04 3.71617e-06
0.35 -1 0.000122108
0.35 -0.96 0.000125294
0.35 -0.92 0.000129062
0.35 -0.88 0.000132464
0.35 -0.84 0.000136468
0.35 -0.8 0.000140189
0.35 -0.76 0.000144774
0.35 -0.72 0.000148445
0.35 -0.68 0.000154444
0.35 -0.64 0.000159695
0.35 -0.6 0.000165427
0.35 -0.56 0.000171527
0.35 -0.52 0.000177894
0.35 -0.48 0.000185365
0.35 -0.44 0.000193494
0.35 -0.4 0.000202899
0.35 -0.36 0.00021298
0.35 -0.32 0.000224865
0.35 -0.28 0.000239087
0.35 -0.24 0.000256388
0.35 -0.2 0.000278907
0.35 -0.16 0.000309277
0.35 -0.12 0.000353525
0.35 -0.08 0.000422829
0.35 -0.04 0.000537809
0.35 0 0.000711259
0.35 0.04 0.000835419
0.35 0.08 0.000768088
0.35 0.12 0.000630043
0.35 0.16 0.000496403
0.35 0.2 0.000957093
0.35 0.24 0.000810494
0.35 0.28 0.00133089
0.35 0.32 0.00143129
0.35 0.36 0.000400274
0.35 0.4 0.000372454
0.35 0.44 0.00102351
0.35 0.48 0.000813199
0.35 0.52 0.00135015
0.35 0.56 0.00062053
0.35 0.6 0.00142109
0.35 0.64 0.00149616
0.35 0.68 0.00170512
0.35 0.72 0.0030738
0.35 0.76 0.00195408
0.35 0.8 0.00214266
0.35 0.84 0.00215516
0.35 0.88 0.0024861
0.35 0.92 0.00240556
0.35 0.96 0.00233008
0.35 1 0.00404588
0.35 1.04 0.00235128
0.35 1.08 0.00393182
0.35 1.12 0.00467215
0.35 1.16 0.00281201
0.35 1.2 0.00561126
0.35 1.24 0.00474673
0.35 1.28 0.00630352
0.35 1.32 0.00652959
0.35 1.36 0.00677921
0.35 1.4 0.00337647
0.35 1.44 0.00826197
0.35 1.48 0.00746089
0.35 1.52 0.00909857
0.35 1.56 0.00816104
0.35 1.6 0.0069766
0.35 1.64 0.00976644
0.35 1.68 0.0106317
0.35 1.72 0.00820374
0.35 1.76 0.00929925
0.35 1.8 0.0104446
0.35 1.84 0.0114264
0.35 1.88 0.0113942
0.35 1.92 0.0105755
0.35 1.96 0.0149786
0.35 2 0.0168563
0.35 2.04 0.0143656
0.35 2.08 0.0154516
0.35 2.12 0.0177276
0.35 2.16 0.0192524
0.35 2.2 0.0203743
0.35 2.24 0.0236077
0.35 2.28 0.024671
0.35 2.32 0.0236751
0.35 2.36 0.0233639
0.35 2.4 0.0276944
0.35 2.44 0.0272064
0.35 2.48 0.0237991
0.35 2.52 0.0212037
0.35 2.56 0.02935
0.35 2.6 0.0296547
0.35 2.64 0.0295049
0.35 2.68 0.0374573
0.35 2.72 0.0323906
0.35 2.76 0.0313116
0.35 2.8 0.0287375
0.35 2.84 0.0253678
0.35 2.88 0.0301909
0.35 2.92 0.0312849
0.35 2.96 0.0303878
0.35 3 0.0211432
0.35 3.04 0.0167692
0.35 3.08 0.0221264
0.35 3.12 0.024792
0.35 3.16 0.0155641
0.35 3.2 0.0154591
0.35 3.24 0.0137751
0.35 3.28 0.00902899
0.35 3.32 0.0091016
0.35 3.36 0.00994431
0.35 3.4 0.0109926
0.35 3.44 0.0125647
0.35 3.48 0.0101174
0.35 3.52 0.00601022
0.35 3.56 0.00666252
0.35 3.6 0.00600589
0.35 3.64 0.00629379
0.35 3.68 0.00493611
0.35 3.72 0.00613695
0.35 3.76 0.00528601
0.35 3.8 0.00536889
0.35 3.84 0.00412682
0.35 3.88 0.0020809
0.35 3.92 0.00301492
0.35 3.96 0.00466043
0.35 4 0.00324508
0.366667 -4 5.31939e-06
0.366667 -3.96 5.16374e-06
0.366667 -3.92 6.28403e-06
0.366667 -3.88 4.13566e-06
0.366667 -3.84 4.16248e-06
0.366667 -3.8 3.25481e-06
0.366667 -3.76 3.67518e-06
0.366667 -3.72 1.56952e-06
0.366667 -3.68 3.25617e-06
0.366667 -3.64 2.57465e-06
0.366667 -3.6 3.94873e-06
0.366667 -3.56 3.46123e-06
0.366667 -3.52 4.56227e-06
0.366667 -3.48 4.51761e-06
0.366667 -3.44 7.03407e-06
0.366667 -3.4 6.66497e-06
0.366667 -3.36 6.92681e-06
0.366667 -3.32 3.12482e-06
0.366667 -3.28 4.49788e-06
0.366667 -3.24 4.6653e-06
0.366667 -3.2 3.79872e-06
0.366667 -3.16 2.99636e-06
0.366667 -3.12 2.29407e-06
0.366667 -3.08 3.86121e-06
0.366667 -3.04 4.02692e-06
0.366667 -3 2.0147e-06
0.366667 -2.96 3.39785e-06
0.366667 -2.92 4.62556e-06
0.366667 -2.88 3.7375e-06
0.366667 -2.84 4.32532e-06
0.366667 -2.8 5.20448e-06
0.366667 -2.76 4.49457e-06
0.366667 -2.72 3.20493e-06
0.366667 -2.68 5.2263e-06
0.366667 -2.64 4.78143e-06
0.366667 -2.6 3.6562e-06
0.366667 -2.56 2.74066e-06
0.366667 -2.52 3.52675e-06
0.366667 -2.48 3.99896e-06
0.366667 -2.44 3.16212e-06
0.366667 -2.4 3.32883e-06
0.366667 -2.36 3.18412e-06
0.366667 -2.32 4.3445e-06
0.366667 -2.28 3.76059e-06
0.366667 -2.24 4.11465e-06
0.366667 -2.2 1.59403e-06
0.366667 -2.16 4.00769e-06
0.366667 -2.12 5.00332e-06
0.366667 -2.08 3.22259e-06
0.366667 -2.04 4.05858e-06
0.366667 -2 3.01615e-06
0.366667 -1.96 4.01836e-06
0.366667 -1.92 2.14586e-06
0.366667 -1.88 3.10064e-06
0.366667 -1.84 3.7158e-06
0.366667 -1.8 3.31927e-06
0.366667 -1.76 3.32311e-06
0.366667 -1.72 2.60868e-06
0.366667 -1.68 1.9803e-06
0.366667 -1.64 4.67863e-06
0.366667 -1.6 4.32758e-06
0.366667 -1.56 3.13054e-06
0.366667 -1.52 2.68845e-06
0.366667 -1.48 3.22967e-06
0.366667 -1.44 3.77491e-06
0.366667 -1.4 3.63814e-06
0.366667 -1.36 2.92214e-06
0.366667 -1.32 3.52827e-06
0.366667 -1.28 4.43681e-06
0.366667 -1.24 3.94128e-06
0.366667 -1.2 4.10178e-06
0.366667 -1.16 3.46281e-06
0.366667 -1.12 3.33101e-06
0.366667 -1.08 4.05334e-06
0.366667 -1.04 3.3989e-06
0.366667 -1 0.000127745
0.366667 -0.96 0.000131058
0.366667 -0.92 0.000135174
0.366667 -0.88 0.000138893
0.366667 -0.84 0.000143086
0.366667 -0.8 0.000147154
0.366667 -0.76 0.000152276
0.366667 -0.72 0.000155978
0.366667 -0.68 0.000162628
0.366667 -0.64 0.000168579
0.366667 -0.6 0.000174731
0.366667 -0.56 0.000181458
0.366667 -0.52 0.000188278
0.366667 -0.48 0.000196543
0.366667 -0.44 0.000205375
0.366667 -0.4 0.000215647
0.366667 -0.36 0.000226807
0.366667 -0.32 0.000239818
0.366667 -0.28 0.00025548
0.366667 -0.24 0.000274527
0.366667 -0.2 0.000299252
0.366667 -0.16 0.000332469
0.366667 -0.12 0.000380615
0.366667 -0.08 0.00045563
0.366667 -0.04 0.000580079
0.366667 0 0.000775907
0.366667 0.04 0.000946118
0.366667 0.08 0.000873101
0.366667 0.12 0.000698154
0.366667 0.16 0.000508462
0.366667 0.2 0.00100481
0.366667 0.24 0.00100374
0.366667 0.28 0.00122888
0.366667 0.32 0.00140872
0.366667 0.36 0.000171234
0.366667 0.4 0.000339265
0.366667 0.44 0.000642515
0.366667 0.48 0.00181895
0.366667 0.52 0.00137531
0.366667 0.56 0.000782977
0.366667 0.6 0.00154178
0.366667 0.64 0.00120259
0.366667 0.68 0.00226214
0.366667 0.72 0.00385898
0.366667 0.76 0.00177198
0.366667 0.8 0.00243899
0.366667 0.84 0.00240666
0.366667 0.88 0.00251512
0.366667 0.92 0.00341495
0.366667 0.96 0.00241359
0.366667 1 0.00350243
0.366667 1.04 0.00372933
0.366667 1.08 0.00418228
0.366667 1.12 0.00474066
0.366667 1.16 0.00459594
0.366667 1.2 0.00675097
0.366667 1.24 0.00539676
0.366667 1.28 0.00717492
0.366667 1.32 0.00622301
0.366667 1.36 0.00768279
0.366667 1.4 0.00370313
0.366667 1.44 0.00919716
0.366667 1.48 0.00832348
0.366667 1.52 0.00698022
0.366667 1.56 0.00857048
0.366667 1.6 0.00996852
0.366667 1.64 0.011264
0.366667 1.68 0.0117773
0.366667 1.72 0.0102837
0.366667 1.76 0.011719
0.366667 1.8 0.0119083
0.366667 1.84 0.0127353
0.366667 1.88 0.0123176
0.366667 1.92 0.0130661
0.366667 1.96 0.0183809
0.366667 2 0.0184866
0.366667 2.04 0.0152852
0.366667 2.08 0.0178767
0.366667 2.12 0.0190904
0.366667 2.16 0.0217918
0.366667 2.2 0.0225419
0.366667 2.24 0.0249493
0.366667 2.28 0.0274149
0.366667 2.32 0.0237619
0.366667 2.36 0.0241685
0.366667 2.4 0.0287324
0.366667 2.44 0.0292133
0.366667 2.48 0.0249608
0.366667 2.52 0.0222928
0.366667 2.56 0.0291046
0.366667 2.6 0.027168
0.366667 2.64 0.0282417
0.366667 2.68 0.0355333
0.366667 2.72 0.0310821
0.366667 2.76 0.0268739
0.366667 2.8 0.0243021
0.366667 2.84 0.0233765
0.366667 2.88 0.0258776
0.366667 2.92 0.028942
0.366667 2.96 0.0255056
0.366667 3 0.0177676
0.366667 3.04 0.0158348
0.366667 3.08 0.0209702
0.366667 3.12 0.0227661
0.366667 3.16 0.0131531
0.366667 3.2 0.0140989
0.366667 3.24 0.0127753
0.366667 3.28 0.00845619
0.366667 3.32 0.00813773
0.366667 3.36 0.00905657
0.366667 3.4 0.0101281
0.366667 3.44 0.011861
0.366667 3.48 0.00965189
0.366667 3.52 0.00550464
0.366667 3.56 0.00579906
0.366667 3.6 0.00554685
0.366667 3.64 0.00566403
0.366667 3.68 0.00424203
0.366667 3.72 0.0055913
0.366667 3.76 0.00452148
0.366667 3.8 0.00533087
0.366667 3.84 0.00389794
0.366667 3.88 0.00179382
0.366667 3.92 0.00316882
0.366667 3.96 0.00421691
0.366667 4 0.00289271
0.383333 -4 5.25591e-06
0.383333 -3.96 5.15969e-06
0.383333 -3.92 5.86963e-06
0.383333 -3.88 4.20918e-06
0.383333 -3.84 4.35496e-06
0.383333 -3.8 3.61045e-06
0.383333 -3.76 3.44201e-06
0.383333 -3.72 1.63216e-06
0.383333 -3.68 2.98216e-06
0.383333 -3.64 2.41235e-06
0.383333 -3.6 4.22499e-06
0.383333 -3.56 3.74626e-06
0.383333 -3.52 4.37638e-06
0.383333 -3.48 4.94914e-06
0.383333 -3.44 7.36637e-06
0.383333 -3.4 6.42963e-06
0.383333 -3.36 6.77993e-06
0.383333 -3.32 3.38248e-06
0.383333 -3.28 4.37315e-06
0.383333 -3.24 4.14235e-06
0.383333 -3.2 3.51477e-06
0.383333 -3.16 3.03316e-06
0.383333 -3.12 3.46849e-06
0.383333 -3.08 3.6548e-06
0.383333 -3.04 3.98143e-06
0.383333 -3 1.86627e-06
0.383333 -2.96 3.36157e-06
0.383333 -2.92 4.48425e-06
0.383333 -2.88 4.05009e-06
0.383333 -2.84 4.48385e-06
0.383333 -2.8 6.59761e-06
0.383333 -2.76 4.59073e-06
0.383333 -2.72 2.85763e-06
0.383333 -2.68 5.75396e-06
0.383333 -2.64 5.27236e-06
0.383333 -2.6 3.64098e-06
0.383333 -2.56 3.28474e-06
0.383333 -2.52 3.16361e-06
0.383333 -2.48 4.15533e-06
0.383333 -2.44 3.1846e-06
0.383333 -2.4 3.54075e-06
0.383333 -2.36 3.1787e-06
0.383333 -2.32 4.61042e-06
0.383333 -2.28 3.85745e-06
0.383333 -2.24 4.14255e-06
0.383333 -2.2 1.61712e-06
0.383333 -2.16 4.02829e-06
0.383333 -2.12 4.66457e-06
0.383333 -2.08 3.71039e-06
0.383333 -2.04 4.00189e-06
0.383333 -2 3.45007e-06
0.383333 -1.96 4.19665e-06
0.383333 -1.92 2.34667e-06
0.383333 -1.88 3.20734e-06
0.383333 -1.84 3.84042e-06
0.383333 -1.8 3.12737e-06
0.383333 -1.76 3.31196e-06
0.383333 -1.72 2.18401e-06
0.383333 -1.68 2.19133e-06
0.383333 -1.64 4.54016e-06
0.383333 -1.6 4.7473e-06
0.383333 -1.56 3.06255e-06
0.383333 -1.52 2.59752e-06
0.383333 -1.48 3.64739e-06
0.383333 -1.44 3.77176e-06
0.383333 -1.4 3.34063e-06
0.383333 -1.36 3.41662e-06
0.383333 -1.32 3.66252e-06
0.383333 -1.28 4.06368e-06
0.383333 -1.24 3.91462e-06
0.383333 -1.2 3.9392e-06
0.383333 -1.16 3.63359e-06
0.383333 -1.12 3.55281e-06
0.383333 -1.08 3.80142e-06
0.383333 -1.04 3.19143e-06
0.383333 -1 0.000133443
0.383333 -0.96 0.000137258
0.383333 -0.92 0.000141839
0.383333 -0.88 0.000145972
0.383333 -0.84 0.000150348
0.383333 -0.8 0.000154921
0.383333 -0.76 0.000160444
0.383333 -0.72 0.000165027
0.383333 -0.68 0.000171488
0.383333 -0.64 0.00017812
0.383333 -0.6 0.000184716
0.383333 -0.56 0.000192059
0.383333 -0.52 0.000199719
0.383333 -0.48 0.000208689
0.383333 -0.44 0.000218347
0.383333 -0.4 0.000229551
0.383333 -0.36 0.000241819
0.383333 -0.32 0.000256003
0.383333 -0.28 0.00027312
0.383333 -0.24 0.000293878
0.383333 -0.2 0.000320702
0.383333 -0.16 0.000356423
0.383333 -0.12 0.000407659
0.383333 -0.08 0.000486673
0.383333 -0.04 0.000617136
0.383333 0 0.000830214
0.383333 0.04 0.00106065
0.383333 0.08 0.00101565
0.383333 0.12 0.000791728
0.383333 0.16 0.000532165
0.383333 0.2 0.00103826
0.383333 0.24 0.00119905
0.383333 0.28 0.00104825
0.383333 0.32 0.00125902
0.383333 0.36 0.000262824
0.383333 0.4 0.000339566
0.383333 0.44 0.000536398
0.383333 0.48 0.00281853
0.383333 0.52 0.00136003
0.383333 0.56 0.00117786
0.383333 0.6 0.00206817
0.383333 0.64 0.00147099
0.383333 0.68 0.00368381
0.383333 0.72 0.00362431
0.383333 0.76 0.00185215
0.383333 0.8 0.0027609
0.383333 0.84 0.00287309
0.383333 0.88 0.00301001
0.383333 0.92 0.0044599
0.383333 0.96 0.00232694
0.383333 1 0.00330461
0.383333 1.04 0.00528158
0.383333 1.08 0.00517873
0.383333 1.12 0.00543578
0.383333 1.16 0.00578656
0.383333 1.2 0.00778168
0.383333 1.24 0.0060588
0.383333 1.28 0.00911793
0.383333 1.32 0.00650118
0.383333 1.36 0.00815351
0.383333 1.4 0.00623655
0.383333 1.44 0.0111776
0.383333 1.48 0.00937345
0.383333 1.52 0.00673911
0.383333 1.56 0.00969578
0.383333 1.6 0.0114313
0.383333 1.64 0.0126064
0.383333 1.68 0.012595
0.383333 1.72 0.012683
0.383333 1.76 0.0138407
0.383333 1.8 0.0128893
0.383333 1.84 0.0139181
0.383333 1.88 0.0137719
0.383333 1.92 0.0152801
0.383333 1.96 0.0197864
0.383333 2 0.0199595
0.383333 2.04 0.0180343
0.383333 2.08 0.0190807
0.383333 2.12 0.0204248
0.383333 2.16 0.0253655
0.383333 2.2 0.0249529
0.383333 2.24 0.0271807
0.383333 2.28 0.0285121
0.383333 2.32 0.021797
0.383333 2.36 0.0262667
0.383333 2.4 0.0287202
0.383333 2.44 0.0294491
0.383333 2.48 0.0264136
0.383333 2.52 0.0231033
0.383333 2.56 0.0302953
0.383333 2.6 0.0261938
0.383333 2.64 0.0265889
0.383333 2.68 0.0322632
0.383333 2.72 0.027588
0.383333 2.76 0.0236703
0.383333 2.8 0.0218342
0.383333 2.84 0.0218193
0.383333 2.88 0.0224061
0.383333 2.92 0.0247911
0.383333 2.96 0.0221378
0.383333 3 0.0174532
0.383333 3.04 0.0126617
0.383333 3.08 0.0187664
0.383333 3.12 0.0195059
0.383333 3.16 0.0113079
0.383333 3.2 0.0134671
0.383333 3.24 0.0111491
0.383333 3.28 0.0077058
0.383333 3.32 0.00665304
0.383333 3.36 0.00762954
0.383333 3.4 0.00947261
0.383333 3.44 0.0104564
0.383333 3.48 0.00928743
0.383333 3.52 0.00492316
0.383333 3.56 0.00503394
0.383333 3.6 0.00488608
0.383333 3.64 0.00519663
0.383333 3.68 0.00376355
0.383333 3.72 0.00522349
0.383333 3.76 0.0038507
0.383333 3.8 0.005225
0.383333 3.84 0.00411872
0.383333 3.88 0.00155644
0.383333 3.92 0.00302935
0.383333 3.96 0.00378909
0.383333 4 0.00296162
0.4 -4 4.94287e-06
0.4 -3.96 5.10836e-06
0.4 -3.92 5.69877e-06
0.4 -3.88 4.5296e-06
0.4 -3.84 4.08668e-06
0.4 -3.8 3.3297e-06
0.4 -3.76 3.05414e-06
0.4 -3.72 1.12693e-06
0.4 -3.68 2.51798e-06
0.4 -3.64 2.45335e-06
0.4 -3.6 4.27793e-06
0.4 -3.56 4.30096e-06
0.4 -3.52 3.52351e-06
0.4 -3.48 5.35324e-06
0.4 -3.44 6.92736e-06
0.4 -3.4 6.8978e-06
0.4 -3.36 6.64249e-06
0.4 -3.32 4.0179e-06
0.4 -3.28 4.21451e-06
0.4 -3.24 4.16592e-06
0.4 -3.2 3.54918e-06
0.4 -3.16 2.70699e-06
0.4 -3.12 3.34867e-06
0.4 -3.08 3.82326e-06
0.4 -3.04 3.79898e-06
0.4 -3 1.51156e-06
0.4 -2.96 3.12296e-06
0.4 -2.92 4.94204e-06
0.4 -2.88 4.15771e-06
0.4 -2.84 4.73094e-06
0.4 -2.8 6.27492e-06
0.4 -2.76 4.54884e-06
0.4 -2.72 2.79478e-06
0.4 -2.68 5.40018e-06
0.4 -2.64 5.54114e-06
0.4 -2.6 3.83513e-06
0.4 -2.56 3.223e-06
0.4 -2.52 3.21535e-06
0.4 -2.48 3.8115e-06
0.4 -2.44 2.92409e-06
0.4 -2.4 3.38376e-06
0.4 -2.36 3.40242e-06
0.4 -2.32 4.26712e-06
0.4 -2.28 3.6406e-06
0.4 -2.24 4.0052e-06
0.4 -2.2 1.51192e-06
0.4 -2.16 3.89721e-06
0.4 -2.12 4.34177e-06
0.4 -2.08 3.69516e-06
0.4 -2.04 3.23967e-06
0.4 -2 3.74637e-06
0.4 -1.96 4.464e-06
0.4 -1.92 2.39107e-06
0.4 -1.88 3.30392e-06
0.4 -1.84 4.03008e-06
0.4 -1.8 3.35389e-06
0.4 -1.76 3.41165e-06
0.4 -1.72 1.99321e-06
0.4 -1.68 2.05061e-06
0.4 -1.64 4.23575e-06
0.4 -1.6 4.22137e-06
0.4 -1.56 3.14856e-06
0.4 -1.52 2.64748e-06
0.4 -1.48 3.8184e-06
0.4 -1.44 4.17991e-06
0.4 -1.4 3.2962e-06
0.4 -1.36 3.83681e-06
0.4 -1.32 3.71814e-06
0.4 -1.28 4.1478e-06
0.4 -1.24 3.59825e-06
0.4 -1.2 3.91987e-06
0.4 -1.16 3.77021e-06
0.4 -1.12 3.77054e-06
0.4 -1.08 3.55489e-06
0.4 -1.04 3.32265e-06
0.4 -1 0.000139889
0.4 -0.96 0.000144346
0.4 -0.92 0.000149209
0.4 -0.88 0.000153694
0.4 -0.84 0.000158386
0.4 -0.8 0.000163413
0.4 -0.76 0.000169413
0.4 -0.72 0.00017515
0.4 -0.68 0.000181234
0.4 -0.64 0.000188527
0.4 -0.6 0.000195643
0.4 -0.56 0.00020355
0.4 -0.52 0.000212265
0.4 -0.48 0.000221925
0.4 -0.44 0.000232532
0.4 -0.4 0.000244734
0.4 -0.36 0.000258135
0.4 -0.32 0.000273567
0.4 -0.28 0.000292169
0.4 -0.24 0.000314609
0.4 -0.2 0.000343413
0.4 -0.16 0.000381351
0.4 -0.12 0.00043492
0.4 -0.08 0.00051629
0.4 -0.04 0.000649224
0.4 0 0.000871433
0.4 0.04 0.00116187
0.4 0.08 0.00120666
0.4 0.12 0.00091167
0.4 0.16 0.000603733
0.4 0.2 0.00102572
0.4 0.24 0.00136631
0.4 0.28 0.000883431
0.4 0.32 0.00111578
0.4 0.36 0.000895274
0.4 0.4 0.000573394
0.4 0.44 0.00110106
0.4 0.48 0.0034011
0.4 0.52 0.00119782
0.4 0.56 0.00171677
0.4 0.6 0.00230178
0.4 0.64 0.00180544
0.4 0.68 0.00439673
0.4 0.72 0.00341971
0.4 0.76 0.00265821
0.4 0.8 0.00389165
0.4 0.84 0.00394164
0.4 0.88 0.00355365
0.4 0.92 0.00461331
0.4 0.96 0.00276245
0.4 1 0.00422193
0.4 1.04 0.00584402
0.4 1.08 0.00707069
0.4 1.12 0.00646651
0.4 1.16 0.00562458
0.4 1.2 0.00837144
0.4 1.24 0.00656931
0.4 1.28 0.0104786
0.4 1.32 0.00817081
0.4 1.36 0.00851553
0.4 1.4 0.00825054
0.4 1.44 0.0130963
0.4 1.48 0.0114977
0.4 1.52 0.011158
0.4 1.56 0.011258
0.4 1.6 0.012008
0.4 1.64 0.0135974
0.4 1.68 0.0138269
0.4 1.72 0.0135141
0.4 1.76 0.0154034
0.4 1.8 0.0146965
0.4 1.84 0.0157114
0.4 1.88 0.0160218
0.4 1.92 0.016462
0.4 1.96 0.0198016
0.4 2 0.0212817
0.4 2.04 0.020623
0.4 2.08 0.0198264
0.4 2.12 0.0214174
0.4 2.16 0.0278002
0.4 2.2 0.0263486
0.4 2.24 0.0291538
0.4 2.28 0.0284776
0.4 2.32 0.0219065
0.4 2.36 0.0277067
0.4 2.4 0.0291435
0.4 2.44 0.02863
0.4 2.48 0.0271115
0.4 2.52 0.0222173
0.4 2.56 0.030821
0.4 2.6 0.0271075
0.4 2.64 0.0249737
0.4 2.68 0.0307421
0.4 2.72 0.0249359
0.4 2.76 0.0237479
0.4 2.8 0.0219863
0.4 2.84 0.0195134
0.4 2.88 0.0213492
0.4 2.92 0.020616
0.4 2.96 0.0203768
0.4 3 0.0157268
0.4 3.04 0.0087346
0.4 3.08 0.0162309
0.4 3.12 0.0167552
0.4 3.16 0.0113507
0.4 3.2 0.0124136
0.4 3.24 0.0097432
0.4 3.28 0.00691175
0.4 3.32 0.00560716
0.4 3.36 0.00638629
0.4 3.4 0.00859993
0.4 3.44 0.00950592
0.4 3.48 0.00898543
0.4 3.52 0.00430346
0.4 3.56 0.00435226
0.4 3.6 0.00415864
0.4 3.64 0.00500768
0.4 3.68 0.00345126
0.4 3.72 0.00524083
0.4 3.76 0.00362602
0.4 3.8 0.00499516
0.4 3.84 0.00409493
0.4 3.88 0.0013342
0.4 3.92 0.00251851
0.4 3.96 0.003775
0.4 4 0.00306435
0.416667 -4 4.76611e-06
0.416667 -3.96 4.83782e-06
0.416667 -3.92 5.87088e-06
0.416667 -3.88 4.473e-06
0.416667 -3.84 3.63657e-06
0.416667 -3.8 2.938e-06
0.416667 -3.76 2.94841e-06
0.416667 -3.72 6.88787e-07
0.416667 -3.68 2.11181e-06
0.416667 -3.64 2.72225e-06
0.416667 -3.6 3.83671e-06
0.416667 -3.56 4.00657e-06
0.416667 -3.52 3.70379e-06
0.416667 -3.48 5.28397e-06
0.416667 -3.44 6.55356e-06
0.416667 -3.4 7.68712e-06
0.416667 -3.36 6.65508e-06
0.416667 -3.32 4.23457e-06
0.416667 -3.28 3.95882e-06
0.416667 -3.24 4.26376e-06
0.416667 -3.2 3.70599e-06
0.416667 -3.16 2.27538e-06
0.416667 -3.12 2.1417e-06
0.416667 -3.08 3.83557e-06
0.416667 -3.04 3.46452e-06
0.416667 -3 1.4136e-06
0.416667 -2.96 2.73752e-06
0.416667 -2.92 5.40214e-06
0.416667 -2.88 3.86775e-06
0.416667 -2.84 5.23108e-06
0.416667 -2.8 4.50905e-06
0.416667 -2.76 4.36992e-06
0.416667 -2.72 3.16151e-06
0.416667 -2.68 4.50393e-06
0.416667 -2.64 5.24176e-06
0.416667 -2.6 3.61766e-06
0.416667 -2.56 2.49554e-06
0.416667 -2.52 3.53377e-06
0.416667 -2.48 3.79892e-06
0.416667 -2.44 2.74404e-06
0.416667 -2.4 3.01362e-06
0.416667 -2.36 3.40379e-06
0.416667 -2.32 3.69889e-06
0.416667 -2.28 3.01767e-06
0.416667 -2.24 3.7751e-06
0.416667 -2.2 1.41194e-06
0.416667 -2.16 3.78409e-06
0.416667 -2.12 4.08318e-06
0.416667 -2.08 3.40773e-06
0.416667 -2.04 2.88532e-06
0.416667 -2 3.55016e-06
0.416667 -1.96 4.51847e-06
0.416667 -1.92 2.27803e-06
0.416667 -1.88 3.20727e-06
0.416667 -1.84 4.1139e-06
0.416667 -1.8 3.59296e-06
0.416667 -1.76 3.42113e-06
0.416667 -1.72 1.98559e-06
0.416667 -1.68 1.65449e-06
0.416667 -1.64 4.08896e-06
0.416667 -1.6 3.32703e-06
0.416667 -1.56 3.16349e-06
0.416667 -1.52 2.69728e-06
0.416667 -1.48 3.6044e-06
0.416667 -1.44 4.55815e-06
0.416667 -1.4 3.28321e-06
0.416667 -1.36 3.76605e-06
0.416667 -1.32 3.5996e-06
0.416667 -1.28 4.55794e-06
0.416667 -1.24 3.50316e-06
0.416667 -1.2 4.19725e-06
0.416667 -1.16 3.77808e-06
0.416667 -1.12 3.41295e-06
0.416667 -1.08 3.55644e-06
0.416667 -1.04 3.50714e-06
0.416667 -1 0.000147342
0.416667 -0.96 0.000152286
0.416667 -0.92 0.000157306
0.416667 -0.88 0.000162104
0.416667 -0.84 0.000167187
0.416667 -0.8 0.000172581
0.416667 -0.76 0.000179091
0.416667 -0.72 0.000185896
0.416667 -0.68 0.000191909
0.416667 -0.64 0.00020003
0.416667 -0.6 0.000207839
0.416667 -0.56 0.000216338
0.416667 -0.52 0.000225932
0.416667 -0.48 0.000236428
0.416667 -0.44 0.000248073
0.416667 -0.4 0.000261331
0.416667 -0.36 0.000275926
0.416667 -0.32 0.000292712
0.416667 -0.28 0.000312855
0.416667 -0.24 0.000336986
0.416667 -0.2 0.00036768
0.416667 -0.16 0.000407656
0.416667 -0.12 0.000463012
0.416667 -0.08 0.000545442
0.416667 -0.04 0.000677804
0.416667 0 0.000900547
0.416667 0.04 0.00123495
0.416667 0.08 0.00142166
0.416667 0.12 0.00110464
0.416667 0.16 0.000734195
0.416667 0.2 0.000973398
0.416667 0.24 0.00147829
0.416667 0.28 0.00084993
0.416667 0.32 0.00108756
0.416667 0.36 0.00166932
0.416667 0.4 0.000921476
0.416667 0.44 0.00176594
0.416667 0.48 0.0035493
0.416667 0.52 0.000889294
0.416667 0.56 0.00206643
0.416667 0.6 0.0022542
0.416667 0.64 0.00180374
0.416667 0.68 0.00400606
0.416667 0.72 0.00380825
0.416667 0.76 0.0036928
0.416667 0.8 0.00508624
0.416667 0.84 0.00502853
0.416667 0.88 0.00359533
0.416667 0.92 0.00467127
0.416667 0.96 0.0042135
0.416667 1 0.00544745
0.416667 1.04 0.00614711
0.416667 1.08 0.00844423
0.416667 1.12 0.00747771
0.416667 1.16 0.00576899
0.416667 1.2 0.00881554
0.416667 1.24 0.00779915
0.416667 1.28 0.0104536
0.416667 1.32 0.0103769
0.416667 1.36 0.00948171
0.416667 1.4 0.00797258
0.416667 1.44 0.0140171
0.416667 1.48 0.0143998
0.416667 1.52 0.0155968
0.416667 1.56 0.0126528
0.416667 1.6 0.0143565
0.416667 1.64 0.015008
0.416667 1.68 0.0159311
0.416667 1.72 0.0142743
0.416667 1.76 0.0175971
0.416667 1.8 0.0175184
0.416667 1.84 0.0179639
0.416667 1.88 0.018369
0.416667 1.92 0.0175395
0.416667 1.96 0.0213978
0.416667 2 0.022833
0.416667 2.04 0.0214669
0.416667 2.08 0.0214697
0.416667 2.12 0.022551
0.416667 2.16 0.0289209
0.416667 2.2 0.0272901
0.416667 2.24 0.0298688
0.416667 2.28 0.0291991
0.416667 2.32 0.0241341
0.416667 2.36 0.0270961
0.416667 2.4 0.0296491
0.416667 2.44 0.0288826
0.416667 2.48 0.0263961
0.416667 2.52 0.0200296
0.416667 2.56 0.0289075
0.416667 2.6 0.0272054
0.416667 2.64 0.0228692
0.416667 2.68 0.030119
0.416667 2.72 0.0241556
0.416667 2.76 0.0231385
0.416667 2.8 0.0213454
0.416667 2.84 0.0167683
0.416667 2.88 0.0206247
0.416667 2.92 0.0182996
0.416667 2.96 0.018333
0.416667 3 0.0115769
0.416667 3.04 0.0067185
0.416667 3.08 0.0149246
0.416667 3.12 0.0156049
0.416667 3.16 0.0118825
0.416667 3.2 0.0105125
0.416667 3.24 0.00939407
0.416667 3.28 0.00630663
0.416667 3.32 0.00511099
0.416667 3.36 0.0058294
0.416667 3.4 0.00753139
0.416667 3.44 0.00946066
0.416667 3.48 0.00857253
0.416667 3.52 0.00392505
0.416667 3.56 0.00372357
0.416667 3.6 0.00379598
0.416667 3.64 0.00475062
0.416667 3.68 0.00297177
0.416667 3.72 0.00540266
0.416667 3.76 0.00352358
0.416667 3.8 0.0045832
0.416667 3.84 0.00375978
0.416667 3.88 0.00123315
0.416667 3.92 0.00215012
0.416667 3.96 0.00402061
0.416667 4 0.00278233
0.433333 -4 4.84321e-06
0.433333 -3.96 4.54865e-06
0.433333 -3.92 6.02787e-06
0.433333 -3.88 4.07189e-06
0.433333 -3.84 3.61178e-06
0.433333 -3.8 3.12445e-06
0.433333 -3.76 3.07375e-06
0.433333 -3.72 8.00693e-07
0.433333 -3.68 2.03716e-06
0.433333 -3.64 2.972e-06
0.433333 -3.6 3.40587e-06
0.433333 -3.56 3.26448e-06
0.433333 -3.52 4.78784e-06
0.433333 -3.48 4.99991e-06
0.433333 -3.44 6.77764e-06
0.433333 -3.4 7.91927e-06
0.433333 -3.36 6.61901e-06
0.433333 -3.32 3.8727e-06
0.433333 -3.28 3.6932e-06
0.433333 -3.24 3.76704e-06
0.433333 -3.2 3.67144e-06
0.433333 -3.16 2.21668e-06
0.433333 -3.12 2.00937e-06
0.433333 -3.08 3.20535e-06
0.433333 -3.04 3.31359e-06
0.433333 -3 1.83916e-06
0.433333 -2.96 2.56116e-06
0.433333 -2.92 5.23424e-06
0.433333 -2.88 3.76451e-06
0.433333 -2.84 5.66958e-06
0.433333 -2.8 4.01181e-06
0.433333 -2.76 4.42472e-06
0.433333 -2.72 3.6253e-06
0.433333 -2.68 4.23716e-06
0.433333 -2.64 4.94246e-06
0.433333 -2.6 3.01077e-06
0.433333 -2.56 2.19336e-06
0.433333 -2.52 3.57271e-06
0.433333 -2.48 4.28258e-06
0.433333 -2.44 2.75926e-06
0.433333 -2.4 3.00597e-06
0.433333 -2.36 3.2413e-06
0.433333 -2.32 3.62774e-06
0.433333 -2.28 2.52248e-06
0.433333 -2.24 3.55748e-06
0.433333 -2.2 1.52042e-06
0.433333 -2.16 3.84215e-06
0.433333 -2.12 3.89471e-06
0.433333 -2.08 3.34639e-06
0.433333 -2.04 3.20798e-06
0.433333 -2 3.28579e-06
0.433333 -1.96 4.49626e-06
0.433333 -1.92 2.49106e-06
0.433333 -1.88 3.07972e-06
0.433333 -1.84 4.04281e-06
0.433333 -1.8 3.46695e-06
0.433333 -1.76 3.44798e-06
0.433333 -1.72 1.75275e-06
0.433333 -1.68 1.61862e-06
0.433333 -1.64 4.3004e-06
0.433333 -1.6 3.12394e-06
0.433333 -1.56 3.05783e-06
0.433333 -1.52 2.65677e-06
0.433333 -1.48 3.42326e-06
0.433333 -1.44 4.51659e-06
0.433333 -1.4 3.30335e-06
0.433333 -1.36 3.38917e-06
0.433333 -1.32 3.54699e-06
0.433333 -1.28 4.52238e-06
0.433333 -1.24 3.90427e-06
0.433333 -1.2 4.38753e-06
0.433333 -1.16 3.72905e-06
0.433333 -1.12 2.85423e-06
0.433333 -1.08 3.72011e-06
0.433333 -1.04 3.35228e-06
0.433333 -1 0.00015546
0.433333 -0.96 0.000160664
0.433333 -0.92 0.000166081
0.433333 -0.88 0.000171368
0.433333 -0.84 0.000176752
0.433333 -0.8 0.000182635
0.433333 -0.76 0.00018951
0.433333 -0.72 0.000197185
0.433333 -0.68 0.000203589
0.433333 -0.64 0.000212693
0.433333 -0.6 0.000221379
0.433333 -0.56 0.000230672
0.433333 -0.52 0.000240865
0.433333 -0.48 0.000252374
0.433333 -0.44 0.000265137
0.433333 -0.4 0.000279526
0.433333 -0.36 0.000295427
0.433333 -0.32 0.000313694
0.433333 -0.28 0.000335466
0.433333 -0.24 0.000361363
0.433333 -0.2 0.000393937
0.433333 -0.16 0.00043589
0.433333 -0.12 0.000492802
0.433333 -0.08 0.000575536
0.433333 -0.04 0.000705283
0.433333 0 0.000921911
0.433333 0.04 0.00127577
0.433333 0.08 0.00161049
0.433333 0.12 0.00140786
0.433333 0.16 0.000941636
0.433333 0.2 0.000924804
0.433333 0.24 0.00151528
0.433333 0.28 0.000999533
0.433333 0.32 0.00122496
0.433333 0.36 0.00258129
0.433333 0.4 0.0011409
0.433333 0.44 0.00186269
0.433333 0.48 0.00349383
0.433333 0.52 0.000861272
0.433333 0.56 0.00196741
0.433333 0.6 0.0027685
0.433333 0.64 0.00206188
0.433333 0.68 0.00358894
0.433333 0.72 0.00400738
0.433333 0.76 0.00419723
0.433333 0.8 0.00527249
0.433333 0.84 0.00551416
0.433333 0.88 0.00372563
0.433333 0.92 0.00604546
0.433333 0.96 0.00593479
0.433333 1 0.00604995
0.433333 1.04 0.00734928
0.433333 1.08 0.00846014
0.433333 1.12 0.00882271
0.433333 1.16 0.00776181
0.433333 1.2 0.00989096
0.433333 1.24 0.0101128
0.433333 1.28 0.0107041
0.433333 1.32 0.0115442
0.433333 1.36 0.0114935
0.433333 1.4 0.00785597
0.433333 1.44 0.0146537
0.433333 1.48 0.016646
0.433333 1.52 0.0154136
0.433333 1.56 0.0142247
0.433333 1.6 0.017847
0.433333 1.64 0.0174246
0.433333 1.68 0.018383
0.433333 1.72 0.0170816
0.433333 1.76 0.0206491
0.433333 1.8 0.0198464
0.433333 1.84 0.0200838
0.433333 1.88 0.0202643
0.433333 1.92 0.0199011
0.433333 1.96 0.0240903
0.433333 2 0.0245795
0.433333 2.04 0.0222815
0.433333 2.08 0.0233225
0.433333 2.12 0.0240344
0.433333 2.16 0.0303634
0.433333 2.2 0.0286479
0.433333 2.24 0.0297221
0.433333 2.28 0.0304921
0.433333 2.32 0.0247229
0.433333 2.36 0.0258058
0.433333 2.4 0.0285298
0.433333 2.44 0.029641
0.433333 2.48 0.0247753
0.433333 2.52 0.0184209
0.433333 2.56 0.0258072
0.433333 2.6 0.0251502
0.433333 2.64 0.0199835
0.433333 2.68 0.0275416
0.433333 2.72 0.022805
0.433333 2.76 0.0192829
0.433333 2.8 0.0182808
0.433333 2.84 0.0146645
0.433333 2.88 0.0177141
0.433333 2.92 0.0171546
0.433333 2.96 0.015609
0.433333 3 0.00858668
0.433333 3.04 0.00628128
0.433333 3.08 0.0147653
0.433333 3.12 0.0150276
0.433333 3.16 0.0112122
0.433333 3.2 0.00877951
0.433333 3.24 0.00958493
0.433333 3.28 0.00578166
0.433333 3.32 0.00445593
0.433333 3.36 0.00547349
0.433333 3.4 0.006901
0.433333 3.44 0.00938034
0.433333 3.48 0.00806801
0.433333 3.52 0.00379706
0.433333 3.56 0.00321395
0.433333 3.6 0.00393686
0.433333 3.64 0.00423383
0.433333 3.68 0.00229274
0.433333 3.72 0.00535519
0.433333 3.76 0.00312432
0.433333 3.8 0.00401711
0.433333 3.84 0.00367485
0.433333 3.88 0.00127401
0.433333 3.92 0.00218421
0.433333 3.96 0.00401027
0.433333 4 0.0023403
0.45 -4 4.81799e-06
0.45 -3.96 4.4926e-06
0.45 -3.92 5.923e-06
0.45 -3.88 4.00041e-06
0.45 -3.84 4.07621e-06
0.45 -3.8 3.5212e-06
0.45 -3.76 2.95816e-06
0.45 -3.72 1.00272e-06
0.45 -3.68 2.22676e-06
0.45 -3.64 3.10187e-06
0.45 -3.6 3.53843e-06
0.45 -3.56 3.42117e-06
0.45 -3.52 4.91779e-06
0.45 -3.48 4.84157e-06
0.45 -3.44 7.0317e-06
0.45 -3.4 7.61716e-06
0.45 -3.36 6.4085e-06
0.45 -3.32 3.65782e-06
0.45 -3.28 3.58587e-06
0.45 -3.24 3.03796e-06
0.45 -3.2 3.53651e-06
0.45 -3.16 2.45961e-06
0.45 -3.12 3.18557e-06
0.45 -3.08 2.48682e-06
0.45 -3.04 3.42294e-06
0.45 -3 2.29841e-06
0.45 -2.96 2.68316e-06
0.45 -2.92 4.7403e-06
0.45 -2.88 4.21215e-06
0.45 -2.84 5.69823e-06
0.45 -2.8 5.3848e-06
0.45 -2.76 4.88355e-06
0.45 -2.72 3.81777e-06
0.45 -2.68 4.78297e-06
0.45 -2.64 5.0616e-06
0.45 -2.6 2.74634e-06
0.45 -2.56 2.70508e-06
0.45 -2.52 3.29653e-06
0.45 -2.48 4.37652e-06
0.45 -2.44 2.81059e-06
0.45 -2.4 3.39209e-06
0.45 -2.36 3.37282e-06
0.45 -2.32 3.93125e-06
0.45 -2.28 2.61778e-06
0.45 -2.24 3.42532e-06
0.45 -2.2 1.77802e-06
0.45 -2.16 3.92189e-06
0.45 -2.12 3.73944e-06
0.45 -2.08 3.48047e-06
0.45 -2.04 3.17459e-06
0.45 -2 3.49422e-06
0.45 -1.96 4.80104e-06
0.45 -1.92 2.98331e-06
0.45 -1.88 3.22476e-06
0.45 -1.84 3.97677e-06
0.45 -1.8 3.13136e-06
0.45 -1.76 3.56306e-06
0.45 -1.72 1.32123e-06
0.45 -1.68 1.92861e-06
0.45 -1.64 4.48254e-06
0.45 -1.6 3.71701e-06
0.45 -1.56 3.02698e-06
0.45 -1.52 2.71271e-06
0.45 -1.48 3.70151e-06
0.45 -1.44 4.29351e-06
0.45 -1.4 3.45904e-06
0.45 -1.36 3.03542e-06
0.45 -1.32 3.64319e-06
0.45 -1.28 3.87128e-06
0.45 -1.24 4.26811e-06
0.45 -1.2 4.16664e-06
0.45 -1.16 3.69511e-06
0.45 -1.12 2.91398e-06
0.45 -1.08 3.72284e-06
0.45 -1.04 3.00909e-06
0.45 -1 0.000163966
0.45 -0.96 0.00016945
0.45 -0.92 0.000175575
0.45 -0.88 0.000181551
0.45 -0.84 0.000187216
0.45 -0.8 0.000193806
0.45 -0.76 0.00020104
0.45 -0.72 0.000209196
0.45 -0.68 0.000216507
0.45 -0.64 0.000226521
0.45 -0.6 0.000236104
0.45 -0.56 0.000246452
0.45 -0.52 0.000257333
0.45 -0.48 0.000269936
0.45 -0.44 0.000283913
0.45 -0.4 0.000299567
0.45 -0.36 0.000316925
0.45 -0.32 0.00033682
0.45 -0.28 0.000360357
0.45 -0.24 0.000388171
0.45 -0.2 0.000422737
0.45 -0.16 0.000466727
0.45 -0.12 0.000525284
0.45 -0.08 0.000608175
0.45 -0.04 0.000734526
0.45 0 0.000941458
0.45 0.04 0.00129201
0.45 0.08 0.00173546
0.45 0.12 0.00177631
0.45 0.16 0.00127857
0.45 0.2 0.000926829
0.45 0.24 0.00148189
0.45 0.28 0.0012708
0.45 0.32 0.00157582
0.45 0.36 0.00369697
0.45 0.4 0.0013703
0.45 0.44 0.00177806
0.45 0.48 0.0033929
0.45 0.52 0.00155546
0.45 0.56 0.00186445
0.45 0.6 0.00391445
0.45 0.64 0.00309569
0.45 0.68 0.00369217
0.45 0.72 0.00375768
0.45 0.76 0.00436975
0.45 0.8 0.00498215
0.45 0.84 0.00580829
0.45 0.88 0.00515285
0.45 0.92 0.00785741
0.45 0.96 0.0070579
0.45 1 0.00657539
0.45 1.04 0.0088896
0.45 1.08 0.00847067
0.45 1.12 0.0104485
0.45 1.16 0.0107728
0.45 1.2 0.0117839
0.45 1.24 0.0119601
0.45 1.28 0.0128003
0.45 1.32 0.0118105
0.45 1.36 0.0141845
0.45 1.4 0.0103927
0.45 1.44 0.016598
0.45 1.48 0.01777
0.45 1.52 0.0138817
0.45 1.56 0.0165443
0.45 1.6 0.0197748
0.45 1.64 0.0202064
0.45 1.68 0.020471
0.45 1.72 0.0207193
0.45 1.76 0.0230038
0.45 1.8 0.0210102
0.45 1.84 0.0217141
0.45 1.88 0.0219772
0.45 1.92 0.0229883
0.45 1.96 0.025146
0.45 2 0.0261807
0.45 2.04 0.0248483
0.45 2.08 0.0237838
0.45 2.12 0.0250539
0.45 2.16 0.0320956
0.45 2.2 0.0296481
0.45 2.24 0.0295217
0.45 2.28 0.0300621
0.45 2.32 0.0227238
0.45 2.36 0.0255369
0.45 2.4 0.0257688
0.45 2.44 0.0282395
0.45 2.48 0.0230636
0.45 2.52 0.0180136
0.45 2.56 0.0234594
0.45 2.6 0.0224217
0.45 2.64 0.0169627
0.45 2.68 0.0233038
0.45 2.72 0.0194744
0.45 2.76 0.0153168
0.45 2.8 0.015248
0.45 2.84 0.0133606
0.45 2.88 0.0135099
0.45 2.92 0.0151913
0.45 2.96 0.0135009
0.45 3 0.00783365
0.45 3.04 0.00491208
0.45 3.08 0.0141847
0.45 3.12 0.0137282
0.45 3.16 0.00967351
0.45 3.2 0.00802025
0.45 3.24 0.00922225
0.45 3.28 0.00520578
0.45 3.32 0.00350761
0.45 3.36 0.00476213
0.45 3.4 0.00685297
0.45 3.44 0.00850013
0.45 3.48 0.00775094
0.45 3.52 0.00357285
0.45 3.56 0.00291082
0.45 3.6 0.00410797
0.45 3.64 0.00369143
0.45 3.68 0.00173514
0.45 3.72 0.0050495
0.45 3.76 0.00264535
0.45 3.8 0.00351467
0.45 3.84 0.00385705
0.45 3.88 0.0011551
0.45 3.92 0.00215067
0.45 3.96 0.00366484
0.45 4 0.00215786
0.466667 -4 4.52696e-06
0.466667 -3.96 4.5291e-06
0.466667 -3.92 5.71165e-06
0.466667 -3.88 4.40596e-06
0.466667 -3.84 4.3295e-06
0.466667 -3.8 3.49798e-06
0.466667 -3.76 2.4768e-06
0.466667 -3.72 9.07135e-07
0.466667 -3.68 2.41702e-06
0.466667 -3.64 3.22475e-06
0.466667 -3.6 4.01662e-06
0.466667 -3.56 4.39716e-06
0.466667 -3.52 3.90821e-06
0.466667 -3.48 4.94601e-06
0.466667 -3.44 6.84754e-06
0.466667 -3.4 7.47008e-06
0.466667 -3.36 6.24294e-06
0.466667 -3.32 3.97399e-06
0.466667 -3.28 3.62216e-06
0.466667 -3.24 2.84498e-06
0.466667 -3.2 3.52889e-06
0.466667 -3.16 2.48481e-06
0.466667 -3.12 3.58172e-06
0.466667 -3.08 2.45398e-06
0.466667 -3.04 3.38092e-06
0.466667 -3 2.25417e-06
0.466667 -2.96 2.78353e-06
0.466667 -2.92 4.54384e-06
0.466667 -2.88 4.64404e-06
0.466667 -2.84 5.43975e-06
0.466667 -2.8 6.17459e-06
0.466667 -2.76 5.4024e-06
0.466667 -2.72 3.78525e-06
0.466667 -2.68 5.04875e-06
0.466667 -2.64 5.23075e-06
0.466667 -2.6 3.01853e-06
0.466667 -2.56 3.03219e-06
0.466667 -2.52 3.16558e-06
0.466667 -2.48 3.71425e-06
0.466667 -2.44 2.90119e-06
0.466667 -2.4 3.57045e-06
0.466667 -2.36 3.81851e-06
0.466667 -2.32 3.81385e-06
0.466667 -2.28 3.15259e-06
0.466667 -2.24 3.37012e-06
0.466667 -2.2 1.92144e-06
0.466667 -2.16 3.73181e-06
0.466667 -2.12 3.56026e-06
0.466667 -2.08 3.45587e-06
0.466667 -2.04 2.36065e-06
0.466667 -2 4.00677e-06
0.466667 -1.96 5.12733e-06
0.466667 -1.92 3.16848e-06
0.466667 -1.88 3.50587e-06
0.466667 -1.84 4.07717e-06
0.466667 -1.8 2.98827e-06
0.466667 -1.76 3.60068e-06
0.466667 -1.72 1.16812e-06
0.466667 -1.68 1.90298e-06
0.466667 -1.64 4.1873e-06
0.466667 -1.6 4.22591e-06
0.466667 -1.56 3.19986e-06
0.466667 -1.52 3.01766e-06
0.466667 -1.48 4.2805e-06
0.466667 -1.44 4.26716e-06
0.466667 -1.4 3.60038e-06
0.466667 -1.36 2.92625e-06
0.466667 -1.32 3.61958e-06
0.466667 -1.28 3.40692e-06
0.466667 -1.24 4.01142e-06
0.466667 -1.2 3.80158e-06
0.466667 -1.16 3.64102e-06
0.466667 -1.12 3.50669e-06
0.466667 -1.08 3.54717e-06
0.466667 -1.04 2.99613e-06
0.466667 -1 0.000173118
0.466667 -0.96 0.000179173
0.466667 -0.92 0.000185965
0.466667 -0.88 0.000192508
0.466667 -0.84 0.000198785
0.466667 -0.8 0.000206101
0.466667 -0.76 0.000214069
0.466667 -0.72 0.000222252
0.466667 -0.68 0.000230914
0.466667 -0.64 0.000241661
0.466667 -0.6 0.000252006
0.466667 -0.56 0.000263522
0.466667 -0.52 0.000275568
0.466667 -0.48 0.000289313
0.466667 -0.44 0.000304624
0.466667 -0.4 0.000321744
0.466667 -0.36 0.00034075
0.466667 -0.32 0.000362445
0.466667 -0.28 0.000387951
0.466667 -0.24 0.000417917
0.466667 -0.2 0.000454722
0.466667 -0.16 0.00050096
0.466667 -0.12 0.0005615
0.466667 -0.08 0.000644973
0.466667 -0.04 0.000768363
0.466667 0 0.000964938
0.466667 0.04 0.00129849
0.466667 0.08 0.00179266
0.466667 0.12 0.00211127
0.466667 0.16 0.00177793
0.466667 0.2 0.00103385
0.466667 0.24 0.00144361
0.466667 0.28 0.00159648
0.466667 0.32 0.00212645
0.466667 0.36 0.00486087
0.466667 0.4 0.00206045
0.466667 0.44 0.00230273
0.466667 0.48 0.00338435
0.466667 0.52 0.0027314
0.466667 0.56 0.00252552
0.466667 0.6 0.00483556
0.466667 0.64 0.00423615
0.466667 0.68 0.00399719
0.466667 0.72 0.0041741
0.466667 0.76 0.00522151
0.466667 0.8 0.00567306
0.466667 0.84 0.00668534
0.466667 0.88 0.00760589
0.466667 0.92 0.00795877
0.466667 0.96 0.00811845
0.466667 1 0.00813271
0.466667 1.04 0.00963714
0.466667 1.08 0.0100108
0.466667 1.12 0.0115953
0.466667 1.16 0.0130813
0.466667 1.2 0.0137218
0.466667 1.24 0.0122305
0.466667 1.28 0.0156893
0.466667 1.32 0.013
0.466667 1.36 0.0164729
0.466667 1.4 0.0138883
0.466667 1.44 0.019868
0.466667 1.48 0.019096
0.466667 1.52 0.0170018
0.466667 1.56 0.0191153
0.466667 1.6 0.0207589
0.466667 1.64 0.0224036
0.466667 1.68 0.0220993
0.466667 1.72 0.0227644
0.466667 1.76 0.0237932
0.466667 1.8 0.0222604
0.466667 1.84 0.0230276
0.466667 1.88 0.0237212
0.466667 1.92 0.0246415
0.466667 1.96 0.0249987
0.466667 2 0.0274755
0.466667 2.04 0.0274043
0.466667 2.08 0.0231732
0.466667 2.12 0.0250558
0.466667 2.16 0.0321779
0.466667 2.2 0.0292102
0.466667 2.24 0.0290076
0.466667 2.28 0.0274522
0.466667 2.32 0.0210536
0.466667 2.36 0.0255509
0.466667 2.4 0.023317
0.466667 2.44 0.0244868
0.466667 2.48 0.0213338
0.466667 2.52 0.0172801
0.466667 2.56 0.0214223
0.466667 2.6 0.0202619
0.466667 2.64 0.0144729
0.466667 2.68 0.0204744
0.466667 2.72 0.0162988
0.466667 2.76 0.0140928
0.466667 2.8 0.0142013
0.466667 2.84 0.0120284
0.466667 2.88 0.0107051
0.466667 2.92 0.0121233
0.466667 2.96 0.0124316
0.466667 3 0.00622242
0.466667 3.04 0.00235621
0.466667 3.08 0.0125244
0.466667 3.12 0.0119528
0.466667 3.16 0.00851059
0.466667 3.2 0.00779879
0.466667 3.24 0.00820828
0.466667 3.28 0.00473551
0.466667 3.32 0.00296164
0.466667 3.36 0.00402783
0.466667 3.4 0.00653243
0.466667 3.44 0.0074142
0.466667 3.48 0.00762915
0.466667 3.52 0.0030558
0.466667 3.56 0.00278807
0.466667 3.6 0.00379045
0.466667 3.64 0.00333708
0.466667 3.68 0.00144681
0.466667 3.72 0.0046504
0.466667 3.76 0.00251922
0.466667 3.8 0.00334907
0.466667 3.84 0.00372321
0.466667 3.88 0.000697388
0.466667 3.92 0.00161619
0.466667 3.96 0.00346218
0.466667 4 0.00212308
0.483333 -4 4.30452e-06
0.483333 -3.96 4.34949e-06
0.483333 -3.92 5.63625e-06
0.483333 -3.88 4.58407e-06
0.483333 -3.84 3.91591e-06
0.483333 -3.8 3.30532e-06
0.483333 -3.76 2.10565e-06
0.483333 -3.72 9.61821e-07
0.483333 -3.68 2.55907e-06
0.483333 -3.64 3.40687e-06
0.483333 -3.6 4.29312e-06
0.483333 -3.56 4.73666e-06
0.483333 -3.52 3.64912e-06
0.483333 -3.48 5.27701e-06
0.483333 -3.44 6.70797e-06
0.483333 -3.4 7.52421e-06
0.483333 -3.36 6.37661e-06
0.483333 -3.32 4.23865e-06
0.483333 -3.28 3.66484e-06
0.483333 -3.24 3.05774e-06
0.483333 -3.2 3.56367e-06
0.483333 -3.16 2.16107e-06
0.483333 -3.12 2.55111e-06
0.483333 -3.08 2.81757e-06
0.483333 -3.04 3.00658e-06
0.483333 -3 1.95518e-06
0.483333 -2.96 2.69392e-06
0.483333 -2.92 4.54767e-06
0.483333 -2.88 4.4548e-06
0.483333 -2.84 5.24431e-06
0.483333 -2.8 5.10425e-06
0.483333 -2.76 5.53936e-06
0.483333 -2.72 3.8042e-06
0.483333 -2.68 4.37475e-06
0.483333 -2.64 5.00945e-06
0.483333 -2.6 3.14756e-06
0.483333 -2.56 2.51307e-06
0.483333 -2.52 3.35148e-06
0.483333 -2.48 3.19447e-06
0.483333 -2.44 3.20205e-06
0.483333 -2.4 3.32194e-06
0.483333 -2.36 4.068e-06
0.483333 -2.32 3.13889e-06
0.483333 -2.28 3.70042e-06
0.483333 -2.24 3.30825e-06
0.483333 -2.2 1.84684e-06
0.483333 -2.16 3.25755e-06
0.483333 -2.12 3.37535e-06
0.483333 -2.08 3.2422e-06
0.483333 -2.04 1.7236e-06
0.483333 -2 4.23071e-06
0.483333 -1.96 4.75027e-06
0.483333 -1.92 2.97323e-06
0.483333 -1.88 3.46894e-06
0.483333 -1.84 4.26265e-06
0.483333 -1.8 3.10963e-06
0.483333 -1.76 3.49424e-06
0.483333 -1.72 1.33931e-06
0.483333 -1.68 1.42279e-06
0.483333 -1.64 3.64178e-06
0.483333 -1.6 4.12041e-06
0.483333 -1.56 3.45491e-06
0.483333 -1.52 3.36595e-06
0.483333 -1.48 4.57094e-06
0.483333 -1.44 4.32561e-06
0.483333 -1.4 3.54687e-06
0.483333 -1.36 3.18808e-06
0.483333 -1.32 3.33747e-06
0.483333 -1.28 3.67981e-06
0.483333 -1.24 3.42968e-06
0.483333 -1.2 3.71218e-06
0.483333 -1.16 3.50295e-06
0.483333 -1.12 3.63791e-06
0.483333 -1.08 3.53644e-06
0.483333 -1.04 3.39474e-06
0.483333 -1 0.000183406
0.483333 -0.96 0.000190233
0.483333 -0.92 0.000197388
0.483333 -0.88 0.000204221
0.483333 -0.84 0.000211598
0.483333 -0.8 0.000219479
0.483333 -0.76 0.000228572
0.483333 -0.72 0.000236793
0.483333 -0.68 0.00024692
0.483333 -0.64 0.000258364
0.483333 -0.6 0.000269462
0.483333 -0.56 0.000282088
0.483333 -0.52 0.000295719
0.483333 -0.48 0.000310759
0.483333 -0.44 0.000327552
0.483333 -0.4 0.000346361
0.483333 -0.36 0.000367268
0.483333 -0.32 0.000390981
0.483333 -0.28 0.000418739
0.483333 -0.24 0.000451182
0.483333 -0.2 0.000490611
0.483333 -0.16 0.0005395
0.483333 -0.12 0.000602552
0.483333 -0.08 0.000687491
0.483333 -0.04 0.000809302
0.483333 0 0.000997121
0.483333 0.04 0.00131024
0.483333 0.08 0.00180486
0.483333 0.12 0.00234798
0.483333 0.16 0.00238695
0.483333 0.2 0.00132154
0.483333 0.24 0.00154613
0.483333 0.28 0.00201472
0.483333 0.32 0.00267581
0.483333 0.36 0.00555635
0.483333 0.4 0.00329186
0.483333 0.44 0.00334323
0.483333 0.48 0.0037332
0.483333 0.52 0.00368254
0.483333 0.56 0.00388979
0.483333 0.6 0.00542878
0.483333 0.64 0.00474221
0.483333 0.68 0.004952
0.483333 0.72 0.0057886
0.483333 0.76 0.00703769
0.483333 0.8 0.00752539
0.483333 0.84 0.00813439
0.483333 0.88 0.00927087
0.483333 0.92 0.00698135
0.483333 0.96 0.01008
0.483333 1 0.0105149
0.483333 1.04 0.0102446
0.483333 1.08 0.0122341
0.483333 1.12 0.0123883
0.483333 1.16 0.0146368
0.483333 1.2 0.0150925
0.483333 1.24 0.0126693
0.483333 1.28 0.0174212
0.483333 1.32 0.0157584
0.483333 1.36 0.0177267
0.483333 1.4 0.0157475
0.483333 1.44 0.0225392
0.483333 1.48 0.0218255
0.483333 1.52 0.0234966
0.483333 1.56 0.0210971
0.483333 1.6 0.0237065
0.483333 1.64 0.0242692
0.483333 1.68 0.0235189
0.483333 1.72 0.0237804
0.483333 1.76 0.0244245
0.483333 1.8 0.0243721
0.483333 1.84 0.0244503
0.483333 1.88 0.0249132
0.483333 1.92 0.0241644
0.483333 1.96 0.0260715
0.483333 2 0.0282225
0.483333 2.04 0.0272995
0.483333 2.08 0.0230257
0.483333 2.12 0.0246224
0.483333 2.16 0.0302787
0.483333 2.2 0.0278153
0.483333 2.24 0.0274897
0.483333 2.28 0.0251603
0.483333 2.32 0.0207723
0.483333 2.36 0.0240386
0.483333 2.4 0.0219746
0.483333 2.44 0.0212029
0.483333 2.48 0.0190769
0.483333 2.52 0.0149867
0.483333 2.56 0.0183502
0.483333 2.6 0.0181646
0.483333 2.64 0.0124925
0.483333 2.68 0.0199855
0.483333 2.72 0.0152117
0.483333 2.76 0.0134407
0.483333 2.8 0.0134158
0.483333 2.84 0.0101225
0.483333 2.88 0.0096639
0.483333 2.92 0.00956123
0.483333 2.96 0.0115001
0.483333 3 0.00285116
0.483333 3.04 0.00102447
0.483333 3.08 0.0107741
0.483333 3.12 0.0105857
0.483333 3.16 0.00814719
0.483333 3.2 0.00743484
0.483333 3.24 0.00730421
0.483333 3.28 0.0044416
0.483333 3.32 0.00305707
0.483333 3.36 0.00384956
0.483333 3.4 0.00543103
0.483333 3.44 0.00705901
0.483333 3.48 0.00724103
0.483333 3.52 0.00245244
0.483333 3.56 0.00273621
0.483333 3.6 0.00315793
0.483333 3.64 0.00303146
0.483333 3.68 0.00120463
0.483333 3.72 0.00426242
0.483333 3.76 0.00262747
0.483333 3.8 0.00355185
0.483333 3.84 0.00323417
0.483333 3.88 0.000320983
0.483333 3.92 0.00094932
0.483333 3.96 0.00365243
0.483333 4 0.00188305
0.5 -4 4.34154e-06
0.5 -3.96 4.01801e-06
0.5 -3.92 5.69827e-06
0.5 -3.88 4.17456e-06
0.5 -3.84 3.37095e-06
0.5 -3.8 3.47532e-06
0.5 -3.76 2.20208e-06
0.5 -3.72 1.4924e-06
0.5 -3.68 2.76564e-06
0.5 -3.64 3.59012e-06
0.5 -3.6 4.40416e-06
0.5 -3.56 4.05976e-06
0.5 -3.52 4.60245e-06
0.5 -3.48 5.4791e-06
0.5 -3.44 7.00282e-06
0.5 -3.4 7.21155e-06
0.5 -3.36 6.72103e-06
0.5 -3.32 3.95539e-06
0.5 -3.28 3.71535e-06
0.5 -3.24 2.97437e-06
0.5 -3.2 3.45444e-06
0.5 -3.16 1.97248e-06
0.5 -3.12 2.0351e-06
0.5 -3.08 2.75521e-06
0.5 -3.04 2.73433e-06
0.5 -3 1.99335e-06
0.5 -2.96 2.70302e-06
0.5 -2.92 4.26848e-06
0.5 -2.88 3.9867e-06
0.5 -2.84 5.1347e-06
0.5 -2.8 4.1015e-06
0.5 -2.76 5.30169e-06
0.5 -2.72 3.92408e-06
0.5 -2.68 3.56925e-06
0.5 -2.64 4.58158e-06
0.5 -2.6 2.80739e-06
0.5 -2.56 1.99335e-06
0.5 -2.52 3.5275e-06
0.5 -2.48 3.49619e-06
0.5 -2.44 3.62143e-06
0.5 -2.4 3.22484e-06
0.5 -2.36 3.89277e-06
0.5 -2.32 2.74477e-06
0.5 -2.28 4.15368e-06
0.5 -2.24 3.1831e-06
0.5 -2.2 1.75331e-06
0.5 -2.16 2.80739e-06
0.5 -2.12 3.31877e-06
0.5 -2.08 3.11004e-06
0.5 -2.04 1.89942e-06
0.5 -2 4.03888e-06
0.5 -1.96 3.92408e-06
0.5 -1.92 2.9535e-06
0.5 -1.88 3.12048e-06
0.5 -1.84 4.26848e-06
0.5 -1.8 3.19354e-06
0.5 -1.76 3.42314e-06
0.5 -1.72 1.28368e-06
0.5 -1.68 1.22106e-06
0.5 -1.64 3.42314e-06
0.5 -1.6 3.85103e-06
0.5 -1.56 3.60055e-06
0.5 -1.52 3.49619e-06
0.5 -1.48 4.31023e-06
0.5 -1.44 4.17456e-06
0.5 -1.4 3.48575e-06
0.5 -1.36 3.63186e-06
0.5 -1.32 3.08917e-06
0.5 -1.28 4.1015e-06
0.5 -1.24 3.26659e-06
0.5 -1.2 3.77797e-06
0.5 -1.16 3.2979e-06
0.5 -1.12 2.9535e-06
0.5 -1.08 3.7571e-06
0.5 -1.04 3.66317e-06
0.5 -1 0.000195014
0.5 -0.96 0.000202414
0.5 -0.92 0.000209824
0.5 -0.88 0.000217087
0.5 -0.84 0.000225666
0.5 -0.8 0.000234109
0.5 -0.76 0.00024418
0.5 -0.72 0.000253156
0.5 -0.68 0.000264531
0.5 -0.64 0.000276825
0.5 -0.6 0.000288994
0.5 -0.56 0.000302739
0.5 -0.52 0.000317986
0.5 -0.48 0.00033457
0.5 -0.44 0.000353042
0.5 -0.4 0.000373769
0.5 -0.36 0.000396885
0.5 -0.32 0.000422903
0.5 -0.28 0.000453284
0.5 -0.24 0.000488632
0.5 -0.2 0.000531202
0.5 -0.16 0.000583373
0.5 -0.12 0.000649665
0.5 -0.08 0.000737289
0.5 -0.04 0.00085952
0.5 0 0.00104174
0.5 0.04 0.00133731
0.5 0.08 0.00180638
0.5 0.12 0.00248369
0.5 0.16 0.00299245
0.5 0.2 0.0018371
0.5 0.24 0.00196103
0.5 0.28 0.00258172
0.5 0.32 0.00294304
0.5 0.36 0.00537497
0.5 0.4 0.00456291
0.5 0.44 0.00433879
0.5 0.48 0.00459697
0.5 0.52 0.00424333
0.5 0.56 0.00505299
0.5 0.6 0.00644755
0.5 0.64 0.00526208
0.5 0.68 0.00742158
0.5 0.72 0.00750818
0.5 0.76 0.00872081
0.5 0.8 0.00938248
0.5 0.84 0.00964482
0.5 0.88 0.00959966
0.5 0.92 0.00806552
0.5 0.96 0.0123984
0.5 1 0.0125367
0.5 1.04 0.0122382
0.5 1.08 0.0132905
0.5 1.12 0.0140186
0.5 1.16 0.0165769
0.5 1.2 0.016435
0.5 1.24 0.015317
0.5 1.28 0.0182577
0.5 1.32 0.0185268
0.5 1.36 0.018864
0.5 1.4 0.017093
0.5 1.44 0.0235717
0.5 1.48 0.0253323
0.5 1.52 0.0268419
0.5 1.56 0.0227738
0.5 1.6 0.0279969
0.5 1.64 0.0267896
0.5 1.68 0.0248787
0.5 1.72 0.025791
0.5 1.76 0.0263722
0.5 1.8 0.0260107
0.5 1.84 0.0258078
0.5 1.88 0.0250085
0.5 1.92 0.023351
0.5 1.96 0.027569
0.5 2 0.0280436
0.5 2.04 0.0253648
0.5 2.08 0.0231662
0.5 2.12 0.0240974
0.5 2.16 0.0284455
0.5 2.2 0.0263983
0.5 2.24 0.025413
0.5 2.28 0.02457
0.5 2.32 0.0194868
0.5 2.36 0.0210338
0.5 2.4 0.0201927
0.5 2.44 0.019821
0.5 2.48 0.0161801
0.5 2.52 0.0122111
0.5 2.56 0.0149917
0.5 2.6 0.0159455
0.5 2.64 0.0109133
0.5 2.68 0.0194203
0.5 2.72 0.0147169
0.5 2.76 0.0107049
0.5 2.8 0.0108442
0.5 2.84 0.00798164
0.5 2.88 0.00833283
0.5 2.92 0.00847875
0.5 2.96 0.010415
0.5 3 0.000966211
0.5 3.04 0.00165133
0.5 3.08 0.00970451
0.5 3.12 0.00969244
0.5 3.16 0.00838977
0.5 3.2 0.00687086
0.5 3.24 0.00682183
0.5 3.28 0.00401148
0.5 3.32 0.00306512
0.5 3.36 0.00401862
0.5 3.4 0.00447822
0.5 3.44 0.00732232
0.5 3.48 0.00639441
0.5 3.52 0.00205308
0.5 3.56 0.00268886
0.5 3.6 0.00285302
0.5 3.64 0.00258927
0.5 3.68 0.000861952
0.5 3.72 0.00393078
0.5 3.76 0.00254545
0.5 3.8 0.00381951
0.5 3.84 0.00301068
0.5 3.88 0.000492848
0.5 3.92 0.00078035
0.5 3.96 0.00384325
0.5 4 0.00153857
0.516667 -4 4.29237e-06
0.516667 -3.96 3.87811e-06
0.516667 -3.92 5.72713e-06
0.516667 -3.88 3.83759e-06
0.516667 -3.84 3.39397e-06
0.516667 -3.8 3.79342e-06
0.516667 -3.76 2.43565e-06
0.516667 -3.72 1.94006e-06
0.516667 -3.68 2.93752e-06
0.516667 -3.64 3.73875e-06
0.516667 -3.6 4.78098e-06
0.516667 -3.56 3.60374e-06
0.516667 -3.52 4.85722e-06
0.516667 -3.48 5.17497e-06
0.516667 -3.44 7.13873e-06
0.516667 -3.4 6.59164e-06
0.516667 -3.36 6.9624e-06
0.516667 -3.32 3.612e-06
0.516667 -3.28 3.85941e-06
0.516667 -3.24 2.59102e-06
0.516667 -3.2 3.32594e-06
0.516667 -3.16 2.25603e-06
0.516667 -3.12 3.05158e-06
0.516667 -3.08 2.3096e-06
0.516667 -3.04 2.87591e-06
0.516667 -3 2.33617e-06
0.516667 -2.96 3.03999e-06
0.516667 -2.92 3.85567e-06
0.516667 -2.88 3.90665e-06
0.516667 -2.84 4.86636e-06
0.516667 -2.8 4.82063e-06
0.516667 -2.76 5.07072e-06
0.516667 -2.72 3.95222e-06
0.516667 -2.68 3.66289e-06
0.516667 -2.64 4.32382e-06
0.516667 -2.6 2.62213e-06
0.516667 -2.56 2.36209e-06
0.516667 -2.52 3.44523e-06
0.516667 -2.48 3.90957e-06
0.516667 -2.44 3.80964e-06
0.516667 -2.4 3.73046e-06
0.516667 -2.36 3.70051e-06
0.516667 -2.32 3.16011e-06
0.516667 -2.28 4.69955e-06
0.516667 -2.24 3.06476e-06
0.516667 -2.2 1.8833e-06
0.516667 -2.16 2.59032e-06
0.516667 -2.12 3.46468e-06
0.516667 -2.08 3.15172e-06
0.516667 -2.04 2.1934e-06
0.516667 -2 3.87759e-06
0.516667 -1.96 3.74079e-06
0.516667 -1.92 3.24113e-06
0.516667 -1.88 3.01788e-06
0.516667 -1.84 3.99425e-06
0.516667 -1.8 3.04849e-06
0.516667 -1.76 3.44652e-06
0.516667 -1.72 8.11564e-07
0.516667 -1.68 1.60331e-06
0.516667 -1.64 3.53721e-06
0.516667 -1.6 3.92683e-06
0.516667 -1.56 3.57049e-06
0.516667 -1.52 3.53924e-06
0.516667 -1.48 3.93622e-06
0.516667 -1.44 3.95945e-06
0.516667 -1.4 3.65796e-06
0.516667 -1.36 3.72076e-06
0.516667 -1.32 3.13412e-06
0.516667 -1.28 3.85586e-06
0.516667 -1.24 3.55677e-06
0.516667 -1.2 3.58182e-06
0.516667 -1.16 3.13966e-06
0.516667 -1.12 2.42258e-06
0.516667 -1.08 3.77193e-06
0.516667 -1.04 3.40472e-06
0.516667 -1 0.000207747
0.516667 -0.96 0.000215373
0.516667 -0.92 0.000223285
0.516667 -0.88 0.000231585
0.516667 -0.84 0.000240961
0.516667 -0.8 0.000250223
0.516667 -0.76 0.000260778
0.516667 -0.72 0.000271352
0.516667 -0.68 0.000283785
0.516667 -0.64 0.000297175
0.516667 -0.6 0.000310858
0.516667 -0.56 0.000326005
0.516667 -0.52 0.000342715
0.516667 -0.48 0.000361082
0.516667 -0.44 0.000381492
0.516667 -0.4 0.0004044
0.516667 -0.36 0.000430066
0.516667 -0.32 0.000458769
0.516667 -0.28 0.000492236
0.516667 -0.24 0.000531026
0.516667 -0.2 0.000577397
0.516667 -0.16 0.000633714
0.516667 -0.12 0.000704245
0.516667 -0.08 0.000796034
0.516667 -0.04 0.000921054
0.516667 0 0.00110178
0.516667 0.04 0.00138502
0.516667 0.08 0.00182856
0.516667 0.12 0.00254869
0.516667 0.16 0.00350255
0.516667 0.2 0.00253317
0.516667 0.24 0.00276974
0.516667 0.28 0.00322623
0.516667 0.32 0.00290114
0.516667 0.36 0.00458387
0.516667 0.4 0.00550381
0.516667 0.44 0.00542057
0.516667 0.48 0.00578023
0.516667 0.52 0.00506441
0.516667 0.56 0.00567087
0.516667 0.6 0.00772963
0.516667 0.64 0.00686647
0.516667 0.68 0.0103663
0.516667 0.72 0.00854414
0.516667 0.76 0.00934115
0.516667 0.8 0.0107565
0.516667 0.84 0.0111012
0.516667 0.88 0.0105253
0.516667 0.92 0.0118471
0.516667 0.96 0.0137211
0.516667 1 0.0140018
0.516667 1.04 0.0153177
0.516667 1.08 0.0135746
0.516667 1.12 0.0165863
0.516667 1.16 0.0190128
0.516667 1.2 0.0187177
0.516667 1.24 0.0189527
0.516667 1.28 0.0201257
0.516667 1.32 0.0201546
0.516667 1.36 0.0213366
0.516667 1.4 0.0202502
0.516667 1.44 0.0244848
0.516667 1.48 0.0281828
0.516667 1.52 0.0259737
0.516667 1.56 0.0249452
0.516667 1.6 0.0299406
0.516667 1.64 0.0297925
0.516667 1.68 0.0262658
0.516667 1.72 0.0280442
0.516667 1.76 0.0287099
0.516667 1.8 0.0258216
0.516667 1.84 0.0261441
0.516667 1.88 0.0245009
0.516667 1.92 0.0235739
0.516667 1.96 0.0267326
0.516667 2 0.027086
0.516667 2.04 0.0242793
0.516667 2.08 0.0220048
0.516667 2.12 0.0226699
0.516667 2.16 0.0276545
0.516667 2.2 0.0246084
0.516667 2.24 0.0238083
0.516667 2.28 0.0236349
0.516667 2.32 0.0163087
0.516667 2.36 0.018288
0.516667 2.4 0.016889
0.516667 2.44 0.0186743
0.516667 2.48 0.013293
0.516667 2.52 0.0107911
0.516667 2.56 0.0130957
0.516667 2.6 0.0145671
0.516667 2.64 0.00982202
0.516667 2.68 0.016996
0.516667 2.72 0.0127163
0.516667 2.76 0.00746042
0.516667 2.8 0.0077819
0.516667 2.84 0.00625674
0.516667 2.88 0.00575791
0.516667 2.92 0.00796451
0.516667 2.96 0.00984228
0.516667 3 0.00183987
0.516667 3.04 0.00193222
0.516667 3.08 0.00871004
0.516667 3.12 0.00895375
0.516667 3.16 0.0089488
0.516667 3.2 0.00618057
0.516667 3.24 0.00642882
0.516667 3.28 0.00322128
0.516667 3.32 0.00246446
0.516667 3.36 0.00393288
0.516667 3.4 0.00470973
0.516667 3.44 0.00738755
0.516667 3.48 0.00568468
0.516667 3.52 0.0019401
0.516667 3.56 0.00263428
0.516667 3.6 0.00303378
0.516667 3.64 0.00213553
0.516667 3.68 0.000656896
0.516667 3.72 0.00373011
0.516667 3.76 0.00227915
0.516667 3.8 0.00379871
0.516667 3.84 0.00318641
0.516667 3.88 0.00089349
0.516667 3.92 0.00105286
0.516667 3.96 0.00365963
0.516667 4 0.00142446
0.533333 -4 3.9171e-06
0.533333 -3.96 3.94603e-06
0.533333 -3.92 5.61561e-06
0.533333 -3.88 4.12039e-06
0.533333 -3.84 3.74537e-06
0.533333 -3.8 3.80256e-06
0.533333 -3.76 2.31248e-06
0.533333 -3.72 1.83534e-06
0.533333 -3.68 2.84804e-06
0.533333 -3.64 3.87452e-06
0.533333 -3.6 5.34472e-06
0.533333 -3.56 3.97412e-06
0.533333 -3.52 3.63949e-06
0.533333 -3.48 4.68659e-06
0.533333 -3.44 6.5374e-06
0.533333 -3.4 6.43767e-06
0.533333 -3.36 6.921e-06
0.533333 -3.32 3.844e-06
0.533333 -3.28 3.99451e-06
0.533333 -3.24 2.52228e-06
0.533333 -3.2 3.43242e-06
0.533333 -3.16 2.66252e-06
0.533333 -3.12 3.83954e-06
0.533333 -3.08 2.18853e-06
0.533333 -3.04 3.042e-06
0.533333 -3 2.45296e-06
0.533333 -2.96 3.40542e-06
0.533333 -2.92 3.90214e-06
0.533333 -2.88 4.11662e-06
0.533333 -2.84 4.45272e-06
0.533333 -2.8 5.91702e-06
0.533333 -2.76 5.03938e-06
0.533333 -2.72 3.81572e-06
0.533333 -2.68 4.33579e-06
0.533333 -2.64 4.16267e-06
0.533333 -2.6 3.02763e-06
0.533333 -2.56 2.96884e-06
0.533333 -2.52 3.24264e-06
0.533333 -2.48 3.5364e-06
0.533333 -2.44 3.70248e-06
0.533333 -2.4 4.40481e-06
0.533333 -2.36 3.87343e-06
0.533333 -2.32 3.76795e-06
0.533333 -2.28 5.33773e-06
0.533333 -2.24 3.08664e-06
0.533333 -2.2 2.22289e-06
0.533333 -2.16 2.45976e-06
0.533333 -2.12 3.66061e-06
0.533333 -2.08 3.20034e-06
0.533333 -2.04 2.02017e-06
0.533333 -2 4.0278e-06
0.533333 -1.96 4.31354e-06
0.533333 -1.92 3.32755e-06
0.533333 -1.88 3.3716e-06
0.533333 -1.84 3.70164e-06
0.533333 -1.8 2.88948e-06
0.533333 -1.76 3.35225e-06
0.533333 -1.72 5.07871e-07
0.533333 -1.68 1.84738e-06
0.533333 -1.64 3.40643e-06
0.533333 -1.6 4.04437e-06
0.533333 -1.56 3.38968e-06
0.533333 -1.52 3.7973e-06
0.533333 -1.48 3.9998e-06
0.533333 -1.44 4.06455e-06
0.533333 -1.4 3.79362e-06
0.533333 -1.36 3.24007e-06
0.533333 -1.32 3.24405e-06
0.533333 -1.28 3.14435e-06
0.533333 -1.24 3.60816e-06
0.533333 -1.2 3.18922e-06
0.533333 -1.16 3.15517e-06
0.533333 -1.12 2.89894e-06
0.533333 -1.08 3.36205e-06
0.533333 -1.04 2.9488e-06
0.533333 -1 0.000221371
0.533333 -0.96 0.00022929
0.533333 -0.92 0.000238054
0.533333 -0.88 0.000247705
0.533333 -0.84 0.000257554
0.533333 -0.8 0.000267876
0.533333 -0.76 0.000278929
0.533333 -0.72 0.000291276
0.533333 -0.68 0.000304829
0.533333 -0.64 0.000319613
0.533333 -0.6 0.000335037
0.533333 -0.56 0.000352032
0.533333 -0.52 0.000370292
0.533333 -0.48 0.00039067
0.533333 -0.44 0.000413345
0.533333 -0.4 0.000438778
0.533333 -0.36 0.00046735
0.533333 -0.32 0.000499231
0.533333 -0.28 0.000536345
0.533333 -0.24 0.000579239
0.533333 -0.2 0.000630229
0.533333 -0.16 0.000691771
0.533333 -0.12 0.000767885
0.533333 -0.08 0.00086561
0.533333 -0.04 0.000996084
0.533333 0 0.00117998
0.533333 0.04 0.00145787
0.533333 0.08 0.0018873
0.533333 0.12 0.00259245
0.533333 0.16 0.00388806
0.533333 0.2 0.0032917
0.533333 0.24 0.00389177
0.533333 0.28 0.00382167
0.533333 0.32 0.0029063
0.533333 0.36 0.00393806
0.533333 0.4 0.00641641
0.533333 0.44 0.00692411
0.533333 0.48 0.00703276
0.533333 0.52 0.00663894
0.533333 0.56 0.0065603
0.533333 0.6 0.00828777
0.533333 0.64 0.00921959
0.533333 0.68 0.011469
0.533333 0.72 0.0096952
0.533333 0.76 0.00972443
0.533333 0.8 0.0124553
0.533333 0.84 0.012679
0.533333 0.88 0.0135399
0.533333 0.92 0.0152152
0.533333 0.96 0.0142478
0.533333 1 0.0159604
0.533333 1.04 0.0178262
0.533333 1.08 0.0152977
0.533333 1.12 0.0186787
0.533333 1.16 0.0211014
0.533333 1.2 0.0219245
0.533333 1.24 0.0211716
0.533333 1.28 0.0234951
0.533333 1.32 0.0216221
0.533333 1.36 0.0248298
0.533333 1.4 0.0239554
0.533333 1.44 0.0268266
0.533333 1.48 0.0299864
0.533333 1.52 0.0265029
0.533333 1.56 0.0272251
0.533333 1.6 0.0290118
0.533333 1.64 0.0317047
0.533333 1.68 0.0275943
0.533333 1.72 0.028163
0.533333 1.76 0.0294498
0.533333 1.8 0.0246879
0.533333 1.84 0.0251087
0.533333 1.88 0.0242358
0.533333 1.92 0.0235556
0.533333 1.96 0.024159
0.533333 2 0.0258271
0.533333 2.04 0.0238985
0.533333 2.08 0.0195183
0.533333 2.12 0.02004
0.533333 2.16 0.0264246
0.533333 2.2 0.0217775
0.533333 2.24 0.0224004
0.533333 2.28 0.020549
0.533333 2.32 0.0135515
0.533333 2.36 0.0168321
0.533333 2.4 0.0134828
0.533333 2.44 0.0163979
0.533333 2.48 0.0110775
0.533333 2.52 0.010575
0.533333 2.56 0.0122074
0.533333 2.6 0.0139732
0.533333 2.64 0.00879008
0.533333 2.68 0.0139979
0.533333 2.72 0.0101271
0.533333 2.76 0.00625325
0.533333 2.8 0.00664204
0.533333 2.84 0.00522336
0.533333 2.88 0.00335922
0.533333 2.92 0.00684744
0.533333 2.96 0.00970357
0.533333 3 0.00220967
0.533333 3.04 0.000615669
0.533333 3.08 0.00720681
0.533333 3.12 0.00853162
0.533333 3.16 0.00915031
0.533333 3.2 0.00527371
0.533333 3.24 0.00602139
0.533333 3.28 0.00237193
0.533333 3.32 0.00176601
0.533333 3.36 0.00361014
0.533333 3.4 0.00546633
0.533333 3.44 0.00691374
0.533333 3.48 0.00569101
0.533333 3.52 0.00203237
0.533333 3.56 0.00254142
0.533333 3.6 0.00311687
0.533333 3.64 0.00192296
0.533333 3.68 0.000831692
0.533333 3.72 0.00366919
0.533333 3.76 0.0021805
0.533333 3.8 0.0034584
0.533333 3.84 0.00317834
0.533333 3.88 0.000858533
0.533333 3.92 0.00121055
0.533333 3.96 0.00339099
0.533333 4 0.00142258
0.55 -4 3.59457e-06
0.55 -3.96 3.83931e-06
0.55 -3.92 5.43623e-06
0.55 -3.88 4.45249e-06
0.55 -3.84 3.73106e-06
0.55 -3.8 3.74488e-06
0.55 -3.76 1.98845e-06
0.55 -3.72 1.67912e-06
0.55 -3.68 2.59736e-06
0.55 -3.64 3.9968e-06
0.55 -3.6 5.52779e-06
0.55 -3.56 4.20565e-06
0.55 -3.52 2.83325e-06
0.55 -3.48 4.74299e-06
0.55 -3.44 5.74053e-06
0.55 -3.4 6.91976e-06
0.55 -3.36 6.64035e-06
0.55 -3.32 4.32783e-06
0.55 -3.28 3.87847e-06
0.55 -3.24 2.83224e-06
0.55 -3.2 3.71383e-06
0.55 -3.16 2.69525e-06
0.55 -3.12 2.98527e-06
0.55 -3.08 2.42519e-06
0.55 -3.04 2.80045e-06
0.55 -3 2.26837e-06
0.55 -2.96 3.40199e-06
0.55 -2.92 4.36482e-06
0.55 -2.88 4.119e-06
0.55 -2.84 4.20792e-06
0.55 -2.8 5.62294e-06
0.55 -2.76 4.96689e-06
0.55 -2.72 3.67343e-06
0.55 -2.68 4.4424e-06
0.55 -2.64 3.82736e-06
0.55 -2.6 3.42885e-06
0.55 -2.56 2.72463e-06
0.55 -2.52 3.09495e-06
0.55 -2.48 2.79009e-06
0.55 -2.44 3.66627e-06
0.55 -2.4 4.55814e-06
0.55 -2.36 4.1919e-06
0.55 -2.32 3.76275e-06
0.55 -2.28 5.72861e-06
0.55 -2.24 3.2617e-06
0.55 -2.2 2.54428e-06
0.55 -2.16 2.20884e-06
0.55 -2.12 3.69797e-06
0.55 -2.08 3.12362e-06
0.55 -2.04 2.00331e-06
0.55 -2 4.23318e-06
0.55 -1.96 4.45794e-06
0.55 -1.92 3.12225e-06
0.55 -1.88 3.64348e-06
0.55 -1.84 3.72894e-06
0.55 -1.8 3.02945e-06
0.55 -1.76 3.06419e-06
0.55 -1.72 7.97933e-07
0.55 -1.68 1.43828e-06
0.55 -1.64 2.81032e-06
0.55 -1.6 3.65844e-06
0.55 -1.56 3.11869e-06
0.55 -1.52 4.18569e-06
0.55 -1.48 4.37256e-06
0.55 -1.44 4.44319e-06
0.55 -1.4 3.43832e-06
0.55 -1.36 2.77359e-06
0.55 -1.32 3.0745e-06
0.55 -1.28 2.78973e-06
0.55 -1.24 3.1845e-06
0.55 -1.2 3.09382e-06
0.55 -1.16 3.33868e-06
0.55 -1.12 3.71862e-06
0.55 -1.08 3.0334e-06
0.55 -1.04 2.87753e-06
0.55 -1 0.000235882
0.55 -0.96 0.000244677
0.55 -0.92 0.0002545
0.55 -0.88 0.000265083
0.55 -0.84 0.000275664
0.55 -0.8 0.000287097
0.55 -0.76 0.00029949
0.55 -0.72 0.000313098
0.55 -0.68 0.00032796
0.55 -0.64 0.000344459
0.55 -0.6 0.000361629
0.55 -0.56 0.000380767
0.55 -0.52 0.00040103
0.55 -0.48 0.000423752
0.55 -0.44 0.000449099
0.55 -0.4 0.000477468
0.55 -0.36 0.000509377
0.55 -0.32 0.000545045
0.55 -0.28 0.000586481
0.55 -0.24 0.000634284
0.55 -0.2 0.000690902
0.55 -0.16 0.000758958
0.55 -0.12 0.000842375
0.55 -0.08 0.000948198
0.55 -0.04 0.00108724
0.55 0 0.0012794
0.55 0.04 0.00156117
0.55 0.08 0.00198609
0.55 0.12 0.00267409
0.55 0.16 0.00417998
0.55 0.2 0.00401483
0.55 0.24 0.00514465
0.55 0.28 0.00438845
0.55 0.32 0.00340943
0.55 0.36 0.00396858
0.55 0.4 0.00771949
0.55 0.44 0.00828003
0.55 0.48 0.00846057
0.55 0.52 0.00854638
0.55 0.56 0.00842136
0.55 0.6 0.00848455
0.55 0.64 0.0111989
0.55 0.68 0.0109601
0.55 0.72 0.0116797
0.55 0.76 0.0113665
0.55 0.8 0.0150946
0.55 0.84 0.0144557
0.55 0.88 0.0171764
0.55 0.92 0.0163642
0.55 0.96 0.0156465
0.55 1 0.0188785
0.55 1.04 0.0196796
0.55 1.08 0.0189123
0.55 1.12 0.0199196
0.55 1.16 0.0229113
0.55 1.2 0.025026
0.55 1.24 0.0225543
0.55 1.28 0.0266727
0.55 1.32 0.0240047
0.55 1.36 0.0273513
0.55 1.4 0.0253028
0.55 1.44 0.0294462
0.55 1.48 0.0312218
0.55 1.52 0.0305951
0.55 1.56 0.0283939
0.55 1.6 0.028545
0.55 1.64 0.0315746
0.55 1.68 0.0283028
0.55 1.72 0.0265526
0.55 1.76 0.0284489
0.55 1.8 0.0243496
0.55 1.84 0.0238234
0.55 1.88 0.0240201
0.55 1.92 0.0216204
0.55 1.96 0.0227268
0.55 2 0.0240187
0.55 2.04 0.0218285
0.55 2.08 0.0174046
0.55 2.12 0.0175892
0.55 2.16 0.0238807
0.55 2.2 0.0185913
0.55 2.24 0.019958
0.55 2.28 0.0170345
0.55 2.32 0.0122652
0.55 2.36 0.0159837
0.55 2.4 0.0117236
0.55 2.44 0.0140259
0.55 2.48 0.00946446
0.55 2.52 0.00967788
0.55 2.56 0.0102851
0.55 2.6 0.0125466
0.55 2.64 0.00711885
0.55 2.68 0.0123791
0.55 2.72 0.00903554
0.55 2.76 0.00624989
0.55 2.8 0.00690895
0.55 2.84 0.00464869
0.55 2.88 0.00242321
0.55 2.92 0.0054076
0.55 2.96 0.0089633
0.55 3 0.000133398
0.55 3.04 0.000377704
0.55 3.08 0.00597483
0.55 3.12 0.00846218
0.55 3.16 0.00839336
0.55 3.2 0.00445875
0.55 3.24 0.00582385
0.55 3.28 0.00184106
0.55 3.32 0.00161389
0.55 3.36 0.00345246
0.55 3.4 0.00528159
0.55 3.44 0.00619978
0.55 3.48 0.00599101
0.55 3.52 0.00214363
0.55 3.56 0.00237766
0.55 3.6 0.00267457
0.55 3.64 0.00196516
0.55 3.68 0.00118148
0.55 3.72 0.00362959
0.55 3.76 0.00230401
0.55 3.8 0.00311142
0.55 3.84 0.00277906
0.55 3.88 0.000515791
0.55 3.92 0.00108137
0.55 3.96 0.00350886
0.55 4 0.00115001
0.566667 -4 3.68182e-06
0.566667 -3.96 3.40488e-06
0.566667 -3.92 5.38252e-06
0.566667 -3.88 4.13814e-06
0.566667 -3.84 3.41395e-06
0.566667 -3.8 4.05901e-06
0.566667 -3.76 2.0584e-06
0.566667 -3.72 2.03734e-06
0.566667 -3.68 2.55563e-06
0.566667 -3.64 4.11365e-06
0.566667 -3.6 5.2103e-06
0.566667 -3.56 3.73055e-06
0.566667 -3.52 3.58922e-06
0.566667 -3.48 5.23278e-06
0.566667 -3.44 5.6126e-06
0.566667 -3.4 7.23509e-06
0.566667 -3.36 6.2489e-06
0.566667 -3.32 4.35843e-06
0.566667 -3.28 3.47316e-06
0.566667 -3.24 2.93835e-06
0.566667 -3.2 3.87355e-06
0.566667 -3.16 2.45562e-06
0.566667 -3.12 1.94533e-06
0.566667 -3.08 2.35698e-06
0.566667 -3.04 2.44102e-06
0.566667 -3 2.2968e-06
0.566667 -2.96 3.17382e-06
0.566667 -2.92 4.54733e-06
0.566667 -2.88 4.06266e-06
0.566667 -2.84 4.21237e-06
0.566667 -2.8 4.76376e-06
0.566667 -2.76 4.59674e-06
0.566667 -2.72 3.64792e-06
0.566667 -2.68 3.75138e-06
0.566667 -2.64 3.4095e-06
0.566667 -2.6 3.18369e-06
0.566667 -2.56 2.03441e-06
0.566667 -2.52 2.95678e-06
0.566667 -2.48 2.62719e-06
0.566667 -2.44 3.91786e-06
0.566667 -2.4 4.20906e-06
0.566667 -2.36 4.22567e-06
0.566667 -2.32 3.33657e-06
0.566667 -2.28 5.57915e-06
0.566667 -2.24 3.42972e-06
0.566667 -2.2 2.71893e-06
0.566667 -2.16 1.94251e-06
0.566667 -2.12 3.58053e-06
0.566667 -2.08 2.93572e-06
0.566667 -2.04 2.69535e-06
0.566667 -2 4.18242e-06
0.566667 -1.96 3.69065e-06
0.566667 -1.92 3.24822e-06
0.566667 -1.88 3.41495e-06
0.566667 -1.84 4.04075e-06
0.566667 -1.8 3.38803e-06
0.566667 -1.76 2.84299e-06
0.566667 -1.72 1.24034e-06
0.566667 -1.68 1.00038e-06
0.566667 -1.64 2.27196e-06
0.566667 -1.6 2.98653e-06
0.566667 -1.56 2.89891e-06
0.566667 -1.52 4.29846e-06
0.566667 -1.48 4.43527e-06
0.566667 -1.44 4.63814e-06
0.566667 -1.4 2.7863e-06
0.566667 -1.36 2.96549e-06
0.566667 -1.32 2.76269e-06
0.566667 -1.28 2.95128e-06
0.566667 -1.24 2.94821e-06
0.566667 -1.2 3.37215e-06
0.566667 -1.16 3.49449e-06
0.566667 -1.12 3.63016e-06
0.566667 -1.08 3.31903e-06
0.566667 -1.04 3.20905e-06
0.566667 -1 0.000251506
0.566667 -0.96 0.000261722
0.566667 -0.92 0.000272657
0.566667 -0.88 0.00028373
0.566667 -0.84 0.000295569
0.566667 -0.8 0.000308194
0.566667 -0.76 0.000322783
0.566667 -0.72 0.000337243
0.566667 -0.68 0.000353619
0.566667 -0.64 0.00037205
0.566667 -0.6 0.000391088
0.566667 -0.56 0.000412411
0.566667 -0.52 0.00043526
0.566667 -0.48 0.000460785
0.566667 -0.44 0.00048929
0.566667 -0.4 0.000521072
0.566667 -0.36 0.00055689
0.566667 -0.32 0.000597075
0.566667 -0.28 0.000643655
0.566667 -0.24 0.000697352
0.566667 -0.2 0.000760828
0.566667 -0.16 0.000836933
0.566667 -0.12 0.000929742
0.566667 -0.08 0.00104635
0.566667 -0.04 0.00119777
0.566667 0 0.00140379
0.566667 0.04 0.00169942
0.566667 0.08 0.00213268
0.566667 0.12 0.00282702
0.566667 0.16 0.00445911
0.566667 0.2 0.00467492
0.566667 0.24 0.00638258
0.566667 0.28 0.00510775
0.566667 0.32 0.00460285
0.566667 0.36 0.00474926
0.566667 0.4 0.00920704
0.566667 0.44 0.00884744
0.566667 0.48 0.0103267
0.566667 0.52 0.0101065
0.566667 0.56 0.0107421
0.566667 0.6 0.0100075
0.566667 0.64 0.0129408
0.566667 0.68 0.0120795
0.566667 0.72 0.0138739
0.566667 0.76 0.0141399
0.566667 0.8 0.018229
0.566667 0.84 0.0168007
0.566667 0.88 0.0193209
0.566667 0.92 0.0175697
0.566667 0.96 0.0185654
0.566667 1 0.021849
0.566667 1.04 0.022397
0.566667 1.08 0.0223543
0.566667 1.12 0.0217889
0.566667 1.16 0.0253837
0.566667 1.2 0.0272701
0.566667 1.24 0.0250707
0.566667 1.28 0.0282961
0.566667 1.32 0.0265626
0.566667 1.36 0.0281373
0.566667 1.4 0.0248659
0.566667 1.44 0.0302676
0.566667 1.48 0.0318924
0.566667 1.52 0.0331101
0.566667 1.56 0.0283357
0.566667 1.6 0.0297214
0.566667 1.64 0.0303069
0.566667 1.68 0.0277948
0.566667 1.72 0.0257198
0.566667 1.76 0.0272327
0.566667 1.8 0.0247395
0.566667 1.84 0.0231662
0.566667 1.88 0.0228412
0.566667 1.92 0.0187746
0.566667 1.96 0.0221958
0.566667 2 0.0211365
0.566667 2.04 0.0180342
0.566667 2.08 0.0161443
0.566667 2.12 0.0163427
0.566667 2.16 0.021435
0.566667 2.2 0.0161892
0.566667 2.24 0.0166451
0.566667 2.28 0.0154085
0.566667 2.32 0.0105836
0.566667 2.36 0.0146034
0.566667 2.4 0.0110432
0.566667 2.44 0.0125847
0.566667 2.48 0.00799723
0.566667 2.52 0.00737363
0.566667 2.56 0.00727758
0.566667 2.6 0.00991109
0.566667 2.64 0.0052861
0.566667 2.68 0.0120197
0.566667 2.72 0.00906015
0.566667 2.76 0.00541392
0.566667 2.8 0.00604986
0.566667 2.84 0.00407649
0.566667 2.88 0.00220624
0.566667 2.92 0.00470067
0.566667 2.96 0.00749512
0.566667 3 0.00157413
0.566667 3.04 0.000317991
0.566667 3.08 0.0060108
0.566667 3.12 0.00803972
0.566667 3.16 0.00730024
0.566667 3.2 0.00432112
0.566667 3.24 0.00570738
0.566667 3.28 0.00151238
0.566667 3.32 0.00175362
0.566667 3.36 0.00327747
0.566667 3.4 0.00420379
0.566667 3.44 0.00555674
0.566667 3.48 0.00570658
0.566667 3.52 0.00200863
0.566667 3.56 0.00217702
0.566667 3.6 0.00212061
0.566667 3.64 0.00205297
0.566667 3.68 0.00129375
0.566667 3.72 0.00352081
0.566667 3.76 0.00238387
0.566667 3.8 0.00303966
0.566667 3.84 0.00248378
0.566667 3.88 0.000615868
0.566667 3.92 0.000955826
0.566667 3.96 0.00382658
0.566667 4 0.000713582
0.583333 -4 3.82283e-06
0.583333 -3.96 2.99826e-06
0.583333 -3.92 5.53555e-06
0.583333 -3.88 3.65061e-06
0.583333 -3.84 3.42578e-06
0.583333 -3.8 4.41057e-06
0.583333 -3.76 2.61714e-06
0.583333 -3.72 2.53817e-06
0.583333 -3.68 2.78187e-06
0.583333 -3.64 4.29325e-06
0.583333 -3.6 4.9379e-06
0.583333 -3.56 3.49984e-06
0.583333 -3.52 4.22527e-06
0.583333 -3.48 5.22687e-06
0.583333 -3.44 5.99875e-06
0.583333 -3.4 6.88441e-06
0.583333 -3.36 5.89499e-06
0.583333 -3.32 4.08563e-06
0.583333 -3.28 3.02857e-06
0.583333 -3.24 2.6698e-06
0.583333 -3.2 3.82184e-06
0.583333 -3.16 2.42171e-06
0.583333 -3.12 2.47654e-06
0.583333 -3.08 1.88538e-06
0.583333 -3.04 2.50535e-06
0.583333 -3 2.75941e-06
0.583333 -2.96 3.14721e-06
0.583333 -2.92 4.22331e-06
0.583333 -2.88 4.45804e-06
0.583333 -2.84 4.14409e-06
0.583333 -2.8 4.97807e-06
0.583333 -2.76 4.12315e-06
0.583333 -2.72 3.66054e-06
0.583333 -2.68 3.17575e-06
0.583333 -2.64 3.19229e-06
0.583333 -2.6 2.68653e-06
0.583333 -2.56 2.18906e-06
0.583333 -2.52 2.782e-06
0.583333 -2.48 2.91357e-06
0.583333 -2.44 4.15701e-06
0.583333 -2.4 3.89977e-06
0.583333 -2.36 3.99861e-06
0.583333 -2.32 3.22773e-06
0.583333 -2.28 5.00921e-06
0.583333 -2.24 3.43755e-06
0.583333 -2.2 2.87957e-06
0.583333 -2.16 1.93346e-06
0.583333 -2.12 3.41744e-06
0.583333 -2.08 2.71998e-06
0.583333 -2.04 3.37806e-06
0.583333 -2 3.97722e-06
0.583333 -1.96 3.14847e-06
0.583333 -1.92 3.88449e-06
0.583333 -1.88 3.10734e-06
0.583333 -1.84 4.25793e-06
0.583333 -1.8 3.53025e-06
0.583333 -1.76 2.84425e-06
0.583333 -1.72 1.26274e-06
0.583333 -1.68 1.24534e-06
0.583333 -1.64 2.27933e-06
0.583333 -1.6 2.76897e-06
0.583333 -1.56 2.88073e-06
0.583333 -1.52 4.02505e-06
0.583333 -1.48 4.05026e-06
0.583333 -1.44 4.43757e-06
0.583333 -1.4 2.54465e-06
0.583333 -1.36 3.51889e-06
0.583333 -1.32 2.72764e-06
0.583333 -1.28 3.04978e-06
0.583333 -1.24 3.36528e-06
0.583333 -1.2 3.5048e-06
0.583333 -1.16 3.43735e-06
0.583333 -1.12 2.71606e-06
0.583333 -1.08 3.89329e-06
0.583333 -1.04 3.41559e-06
0.583333 -1 0.000268584
0.583333 -0.96 0.000280237
0.583333 -0.92 0.000292248
0.583333 -0.88 0.000304241
0.583333 -0.84 0.000317492
0.583333 -0.8 0.000331619
0.583333 -0.76 0.000348328
0.583333 -0.72 0.000363996
0.583333 -0.68 0.000382215
0.583333 -0.64 0.000402679
0.583333 -0.6 0.000423995
0.583333 -0.56 0.000447597
0.583333 -0.52 0.000473482
0.583333 -0.48 0.000502286
0.583333 -0.44 0.000534485
0.583333 -0.4 0.000570271
0.583333 -0.36 0.000610743
0.583333 -0.32 0.000656301
0.583333 -0.28 0.000709038
0.583333 -0.24 0.000769846
0.583333 -0.2 0.000841684
0.583333 -0.16 0.000927694
0.583333 -0.12 0.00103238
0.583333 -0.08 0.0011631
0.583333 -0.04 0.00133156
0.583333 0 0.00155791
0.583333 0.04 0.00187709
0.583333 0.08 0.00234179
0.583333 0.12 0.00305353
0.583333 0.16 0.00481818
0.583333 0.2 0.0053137
0.583333 0.24 0.00757772
0.583333 0.28 0.00615466
0.583333 0.32 0.00639857
0.583333 0.36 0.00627193
0.583333 0.4 0.010441
0.583333 0.44 0.00944368
0.583333 0.48 0.0125835
0.583333 0.52 0.011441
0.583333 0.56 0.0126907
0.583333 0.6 0.0131995
0.583333 0.64 0.0156051
0.583333 0.68 0.0162253
0.583333 0.72 0.0158044
0.583333 0.76 0.0166174
0.583333 0.8 0.0211707
0.583333 0.84 0.0203454
0.583333 0.88 0.0206637
0.583333 0.92 0.0210293
0.583333 0.96 0.021893
0.583333 1 0.0240623
0.583333 1.04 0.0260133
0.583333 1.08 0.0243376
0.583333 1.12 0.0248544
0.583333 1.16 0.0284966
0.583333 1.2 0.0288559
0.583333 1.24 0.0276022
0.583333 1.28 0.0290095
0.583333 1.32 0.0282796
0.583333 1.36 0.0287198
0.583333 1.4 0.0255737
0.583333 1.44 0.0295897
0.583333 1.48 0.0315704
0.583333 1.52 0.0305089
0.583333 1.56 0.0281434
0.583333 1.6 0.0297255
0.583333 1.64 0.0291883
0.583333 1.68 0.026293
0.583333 1.72 0.0257285
0.583333 1.76 0.026384
0.583333 1.8 0.0242201
0.583333 1.84 0.0220698
0.583333 1.88 0.0204752
0.583333 1.92 0.017311
0.583333 1.96 0.0199727
0.583333 2 0.0179444
0.583333 2.04 0.0151444
0.583333 2.08 0.0144006
0.583333 2.12 0.0150991
0.583333 2.16 0.0200338
0.583333 2.2 0.0143663
0.583333 2.24 0.0141672
0.583333 2.28 0.0146996
0.583333 2.32 0.00787722
0.583333 2.36 0.0125115
0.583333 2.4 0.00975687
0.583333 2.44 0.0112613
0.583333 2.48 0.0065991
0.583333 2.52 0.00526664
0.583333 2.56 0.00545276
0.583333 2.6 0.00809233
0.583333 2.64 0.00466567
0.583333 2.68 0.0115253
0.583333 2.72 0.00834741
0.583333 2.76 0.00411314
0.583333 2.8 0.00362912
0.583333 2.84 0.00328632
0.583333 2.88 0.00135071
0.583333 2.92 0.004879
0.583333 2.96 0.00651969
0.583333 3 0.000540761
0.583333 3.04 0.000888324
0.583333 3.08 0.00681138
0.583333 3.12 0.00688624
0.583333 3.16 0.00715937
0.583333 3.2 0.00468935
0.583333 3.24 0.00530129
0.583333 3.28 0.00110677
0.583333 3.32 0.00155632
0.583333 3.36 0.00252843
0.583333 3.4 0.00367396
0.583333 3.44 0.00509888
0.583333 3.48 0.00484613
0.583333 3.52 0.00154035
0.583333 3.56 0.00198764
0.583333 3.6 0.00205985
0.583333 3.64 0.00201879
0.583333 3.68 0.0011131
0.583333 3.72 0.00336445
0.583333 3.76 0.00233858
0.583333 3.8 0.00315971
0.583333 3.84 0.00250856
0.583333 3.88 0.00122925
0.583333 3.92 0.000941154
0.583333 3.96 0.00375414
0.583333 4 0.000611183
0.6 -4 3.51835e-06
0.6 -3.96 2.92954e-06
0.6 -3.92 5.66284e-06
0.6 -3.88 3.84567e-06
0.6 -3.84 3.77918e-06
0.6 -3.8 4.20712e-06
0.6 -3.76 3.06771e-06
0.6 -3.72 2.6353e-06
0.6 -3.68 2.92949e-06
0.6 -3.64 4.54571e-06
0.6 -3.6 5.05032e-06
0.6 -3.56 4.14571e-06
0.6 -3.52 3.34103e-06
0.6 -3.48 4.57849e-06
0.6 -3.44 6.07125e-06
0.6 -3.4 6.3757e-06
0.6 -3.36 5.70544e-06
0.6 -3.32 4.20038e-06
0.6 -3.28 2.78955e-06
0.6 -3.24 2.49607e-06
0.6 -3.2 3.75356e-06
0.6 -3.16 2.66017e-06
0.6 -3.12 3.55878e-06
0.6 -3.08 1.66914e-06
0.6 -3.04 2.90503e-06
0.6 -3 3.21217e-06
0.6 -2.96 3.29044e-06
0.6 -2.92 3.95098e-06
0.6 -2.88 5.06761e-06
0.6 -2.84 3.81943e-06
0.6 -2.8 5.65752e-06
0.6 -2.76 3.99884e-06
0.6 -2.72 3.60192e-06
0.6 -2.68 3.25317e-06
0.6 -2.64 3.1217e-06
0.6 -2.6 2.67e-06
0.6 -2.56 3.18793e-06
0.6 -2.52 2.67695e-06
0.6 -2.48 2.76575e-06
0.6 -2.44 4.0459e-06
0.6 -2.4 3.83903e-06
0.6 -2.36 3.89226e-06
0.6 -2.32 3.4916e-06
0.6 -2.28 4.43027e-06
0.6 -2.24 3.31751e-06
0.6 -2.2 3.19107e-06
0.6 -2.16 2.18599e-06
0.6 -2.12 3.15424e-06
0.6 -2.08 2.6317e-06
0.6 -2.04 3.25033e-06
0.6 -2 3.90167e-06
0.6 -1.96 3.70716e-06
0.6 -1.92 4.25669e-06
0.6 -1.88 3.29573e-06
0.6 -1.84 4.19147e-06
0.6 -1.8 3.26229e-06
0.6 -1.76 2.82859e-06
0.6 -1.72 1.05984e-06
0.6 -1.68 1.78495e-06
0.6 -1.64 2.55843e-06
0.6 -1.6 3.14977e-06
0.6 -1.56 3.01428e-06
0.6 -1.52 3.7193e-06
0.6 -1.48 3.81065e-06
0.6 -1.44 4.08867e-06
0.6 -1.4 2.88469e-06
0.6 -1.36 3.58548e-06
0.6 -1.32 2.99108e-06
0.6 -1.28 2.83204e-06
0.6 -1.24 3.8231e-06
0.6 -1.2 3.22856e-06
0.6 -1.16 3.27073e-06
0.6 -1.12 2.29671e-06
0.6 -1.08 3.97467e-06
0.6 -1.04 3.19293e-06
0.6 -1 0.000287428
0.6 -0.96 0.000300206
0.6 -0.92 0.000313232
0.6 -0.88 0.000327097
0.6 -0.84 0.000341594
0.6 -0.8 0.000357554
0.6 -0.76 0.00037564
0.6 -0.72 0.00039344
0.6 -0.68 0.000413933
0.6 -0.64 0.000436638
0.6 -0.6 0.000460728
0.6 -0.56 0.00048711
0.6 -0.52 0.000516344
0.6 -0.48 0.000548848
0.6 -0.44 0.000585313
0.6 -0.4 0.000625882
0.6 -0.36 0.0006719
0.6 -0.32 0.000723843
0.6 -0.28 0.000783984
0.6 -0.24 0.000853414
0.6 -0.2 0.000935464
0.6 -0.16 0.00103367
0.6 -0.12 0.0011532
0.6 -0.08 0.00130211
0.6 -0.04 0.00149324
0.6 0 0.00174779
0.6 0.04 0.00210221
0.6 0.08 0.00262119
0.6 0.12 0.00337465
0.6 0.16 0.00530513
0.6 0.2 0.00604636
0.6 0.24 0.00880068
0.6 0.28 0.00764597
0.6 0.32 0.00865058
0.6 0.36 0.00859532
0.6 0.4 0.0117116
0.6 0.44 0.0114488
0.6 0.48 0.0149466
0.6 0.52 0.0133194
0.6 0.56 0.0144818
0.6 0.6 0.0165387
0.6 0.64 0.0191868
0.6 0.68 0.0204083
0.6 0.72 0.0182487
0.6 0.76 0.018635
0.6 0.8 0.0236755
0.6 0.84 0.0247637
0.6 0.88 0.0233957
0.6 0.92 0.0252369
0.6 0.96 0.0246943
0.6 1 0.0259468
0.6 1.04 0.0284744
0.6 1.08 0.0261226
0.6 1.12 0.0274647
0.6 1.16 0.0311012
0.6 1.2 0.0302205
0.6 1.24 0.0274342
0.6 1.28 0.030144
0.6 1.32 0.0295747
0.6 1.36 0.0300381
0.6 1.4 0.0274201
0.6 1.44 0.0291946
0.6 1.48 0.0304797
0.6 1.52 0.0268907
0.6 1.56 0.0280857
0.6 1.6 0.0269912
0.6 1.64 0.0280136
0.6 1.68 0.0245837
0.6 1.72 0.0242683
0.6 1.76 0.0249115
0.6 1.8 0.0219528
0.6 1.84 0.0192678
0.6 1.88 0.0179746
0.6 1.92 0.0170585
0.6 1.96 0.0165073
0.6 2 0.0158459
0.6 2.04 0.0140211
0.6 2.08 0.011806
0.6 2.12 0.0124432
0.6 2.16 0.0183205
0.6 2.2 0.0122193
0.6 2.24 0.0130894
0.6 2.28 0.012747
0.6 2.32 0.00624633
0.6 2.36 0.010616
0.6 2.4 0.00781061
0.6 2.44 0.00938444
0.6 2.48 0.00548685
0.6 2.52 0.00494879
0.6 2.56 0.00580261
0.6 2.6 0.00845121
0.6 2.64 0.00514188
0.6 2.68 0.0103733
0.6 2.72 0.00697234
0.6 2.76 0.00359077
0.6 2.8 0.00186275
0.6 2.84 0.00255363
0.6 2.88 7.89534e-05
0.6 2.92 0.00511474
0.6 2.96 0.0065912
0.6 3 0.000978908
0.6 3.04 0.000229703
0.6 3.08 0.00701457
0.6 3.12 0.00589423
0.6 3.16 0.00794225
0.6 3.2 0.00466431
0.6 3.24 0.00476305
0.6 3.28 0.000779818
0.6 3.32 0.00108474
0.6 3.36 0.00137315
0.6 3.4 0.00412297
0.6 3.44 0.00488331
0.6 3.48 0.00428951
0.6 3.52 0.00104209
0.6 3.56 0.00178038
0.6 3.6 0.00229848
0.6 3.64 0.00181946
0.6 3.68 0.000944324
0.6 3.72 0.00314189
0.6 3.76 0.00230502
0.6 3.8 0.00314322
0.6 3.84 0.00244488
0.6 3.88 0.00156213
0.6 3.92 0.000862408
0.6 3.96 0.00330921
0.6 4 0.000868867
0.616667 -4 3.01691e-06
0.616667 -3.96 2.99137e-06
0.616667 -3.92 5.44992e-06
0.616667 -3.88 4.42157e-06
0.616667 -3.84 3.86549e-06
0.616667 -3.8 3.75756e-06
0.616667 -3.76 2.99908e-06
0.616667 -3.72 2.65414e-06
0.616667 -3.68 2.85915e-06
0.616667 -3.64 4.74468e-06
0.616667 -3.6 5.22167e-06
0.616667 -3.56 4.65178e-06
0.616667 -3.52 2.40397e-06
0.616667 -3.48 4.29794e-06
0.616667 -3.44 5.63358e-06
0.616667 -3.4 6.18912e-06
0.616667 -3.36 5.63731e-06
0.616667 -3.32 4.62412e-06
0.616667 -3.28 2.78525e-06
0.616667 -3.24 2.58697e-06
0.616667 -3.2 3.80593e-06
0.616667 -3.16 2.74996e-06
0.616667 -3.12 3.26179e-06
0.616667 -3.08 1.94134e-06
0.616667 -3.04 3.10928e-06
0.616667 -3 3.28844e-06
0.616667 -2.96 3.17954e-06
0.616667 -2.92 4.06763e-06
0.616667 -2.88 5.11716e-06
0.616667 -2.84 3.54239e-06
0.616667 -2.8 5.15912e-06
0.616667 -2.76 4.32747e-06
0.616667 -2.72 3.51357e-06
0.616667 -2.68 3.39595e-06
0.616667 -2.64 2.90282e-06
0.616667 -2.6 3.00661e-06
0.616667 -2.56 3.6853e-06
0.616667 -2.52 2.68489e-06
0.616667 -2.48 2.17939e-06
0.616667 -2.44 3.76223e-06
0.616667 -2.4 3.78951e-06
0.616667 -2.36 4.02757e-06
0.616667 -2.32 3.52855e-06
0.616667 -2.28 4.11402e-06
0.616667 -2.24 3.21681e-06
0.616667 -2.2 3.53632e-06
0.616667 -2.16 2.39583e-06
0.616667 -2.12 2.71861e-06
0.616667 -2.08 2.83343e-06
0.616667 -2.04 2.86092e-06
0.616667 -2 3.99115e-06
0.616667 -1.96 4.47993e-06
0.616667 -1.92 3.86429e-06
0.616667 -1.88 3.74757e-06
0.616667 -1.84 4.12151e-06
0.616667 -1.8 2.96585e-06
0.616667 -1.76 2.61649e-06
0.616667 -1.72 1.14728e-06
0.616667 -1.68 1.90695e-06
0.616667 -1.64 2.48179e-06
0.616667 -1.6 3.44668e-06
0.616667 -1.56 3.07003e-06
0.616667 -1.52 3.67313e-06
0.616667 -1.48 4.06507e-06
0.616667 -1.44 3.84021e-06
0.616667 -1.4 3.17849e-06
0.616667 -1.36 3.04796e-06
0.616667 -1.32 3.15098e-06
0.616667 -1.28 2.68233e-06
0.616667 -1.24 3.48575e-06
0.616667 -1.2 2.99572e-06
0.616667 -1.16 3.29454e-06
0.616667 -1.12 2.92363e-06
0.616667 -1.08 3.46918e-06
0.616667 -1.04 2.85806e-06
0.616667 -1 0.000308191
0.616667 -0.96 0.000321974
0.616667 -0.92 0.000336098
0.616667 -0.88 0.000352159
0.616667 -0.84 0.000368043
0.616667 -0.8 0.000385934
0.616667 -0.76 0.000405145
0.616667 -0.72 0.000425852
0.616667 -0.68 0.000448823
0.616667 -0.64 0.000474294
0.616667 -0.6 0.000501503
0.616667 -0.56 0.000531505
0.616667 -0.52 0.000564452
0.616667 -0.48 0.00060116
0.616667 -0.44 0.000642555
0.616667 -0.4 0.000688855
0.616667 -0.36 0.000741452
0.616667 -0.32 0.000800991
0.616667 -0.28 0.000870058
0.616667 -0.24 0.000949978
0.616667 -0.2 0.00104454
0.616667 -0.16 0.00115781
0.616667 -0.12 0.00129587
0.616667 -0.08 0.00146798
0.616667 -0.04 0.00168857
0.616667 0 0.00198129
0.616667 0.04 0.0023868
0.616667 0.08 0.00297557
0.616667 0.12 0.00384339
0.616667 0.16 0.00592772
0.616667 0.2 0.00704832
0.616667 0.24 0.0101866
0.616667 0.28 0.00973129
0.616667 0.32 0.0112895
0.616667 0.36 0.0115571
0.616667 0.4 0.0139209
0.616667 0.44 0.0146898
0.616667 0.48 0.0173229
0.616667 0.52 0.0161091
0.616667 0.56 0.0169809
0.616667 0.6 0.0192897
0.616667 0.64 0.0223121
0.616667 0.68 0.0218126
0.616667 0.72 0.021709
0.616667 0.76 0.0215846
0.616667 0.8 0.0257642
0.616667 0.84 0.0285544
0.616667 0.88 0.0273809
0.616667 0.92 0.0279265
0.616667 0.96 0.0271759
0.616667 1 0.0281933
0.616667 1.04 0.028876
0.616667 1.08 0.0289451
0.616667 1.12 0.0285239
0.616667 1.16 0.0325666
0.616667 1.2 0.0312259
0.616667 1.24 0.0254726
0.616667 1.28 0.031698
0.616667 1.32 0.0308495
0.616667 1.36 0.0304749
0.616667 1.4 0.0275421
0.616667 1.44 0.0289768
0.616667 1.48 0.0293173
0.616667 1.52 0.0268385
0.616667 1.56 0.02691
0.616667 1.6 0.0238316
0.616667 1.64 0.0256891
0.616667 1.68 0.0228753
0.616667 1.72 0.0210705
0.616667 1.76 0.0222598
0.616667 1.8 0.0187542
0.616667 1.84 0.015834
0.616667 1.88 0.016245
0.616667 1.92 0.0155808
0.616667 1.96 0.014801
0.616667 2 0.014573
0.616667 2.04 0.0125905
0.616667 2.08 0.00991694
0.616667 2.12 0.00942064
0.616667 2.16 0.0152842
0.616667 2.2 0.0100312
0.616667 2.24 0.0119655
0.616667 2.28 0.010282
0.616667 2.32 0.00640114
0.616667 2.36 0.00981254
0.616667 2.4 0.00650918
0.616667 2.44 0.0080153
0.616667 2.48 0.00457822
0.616667 2.52 0.00560187
0.616667 2.56 0.00648018
0.616667 2.6 0.00936939
0.616667 2.64 0.00481019
0.616667 2.68 0.00913076
0.616667 2.72 0.00654693
0.616667 2.76 0.00327901
0.616667 2.8 0.00199163
0.616667 2.84 0.00227449
0.616667 2.88 0.00103403
0.616667 2.92 0.00491871
0.616667 2.96 0.00661598
0.616667 3 0.000350107
0.616667 3.04 0.00131323
0.616667 3.08 0.006364
0.616667 3.12 0.0059599
0.616667 3.16 0.00820533
0.616667 3.2 0.00400971
0.616667 3.24 0.00460269
0.616667 3.28 0.000827702
0.616667 3.32 0.000940354
0.616667 3.36 0.000642151
0.616667 3.4 0.00436298
0.616667 3.44 0.00479756
0.616667 3.48 0.00443554
0.616667 3.52 0.000878712
0.616667 3.56 0.00154325
0.616667 3.6 0.00214574
0.616667 3.64 0.00146769
0.616667 3.68 0.000941766
0.616667 3.72 0.00276283
0.616667 3.76 0.00224827
0.616667 3.8 0.00284987
0.616667 3.84 0.00214345
0.616667 3.88 0.00124912
0.616667 3.92 0.000737764
0.616667 3.96 0.00318832
0.616667 4 0.000905388
0.633333 -4 2.92841e-06
0.633333 -3.96 2.83258e-06
0.633333 -3.92 5.01469e-06
0.633333 -3.88 4.42254e-06
0.633333 -3.84 3.61092e-06
0.633333 -3.8 3.8876e-06
0.633333 -3.76 2.78142e-06
0.633333 -3.72 3.13583e-06
0.633333 -3.68 2.89419e-06
0.633333 -3.64 4.82759e-06
0.633333 -3.6 5.11853e-06
0.633333 -3.56 4.13715e-06
0.633333 -3.52 3.007e-06
0.633333 -3.48 4.78451e-06
0.633333 -3.44 5.19746e-06
0.633333 -3.4 5.93322e-06
0.633333 -3.36 5.45747e-06
0.633333 -3.32 4.57101e-06
0.633333 -3.28 2.92485e-06
0.633333 -3.24 2.50746e-06
0.633333 -3.2 3.87315e-06
0.633333 -3.16 2.50014e-06
0.633333 -3.12 2.20312e-06
0.633333 -3.08 2.13691e-06
0.633333 -3.04 2.98164e-06
0.633333 -3 3.25507e-06
0.633333 -2.96 2.78952e-06
0.633333 -2.92 4.16409e-06
0.633333 -2.88 4.60747e-06
0.633333 -2.84 3.63619e-06
0.633333 -2.8 3.93867e-06
0.633333 -2.76 4.69404e-06
0.633333 -2.72 3.52147e-06
0.633333 -2.68 3.03822e-06
0.633333 -2.64 2.52941e-06
0.633333 -2.6 3.06626e-06
0.633333 -2.56 3.1552e-06
0.633333 -2.52 2.67631e-06
0.633333 -2.48 2.04815e-06
0.633333 -2.44 3.72612e-06
0.633333 -2.4 3.66404e-06
0.633333 -2.36 4.12331e-06
0.633333 -2.32 3.1903e-06
0.633333 -2.28 3.9556e-06
0.633333 -2.24 3.18955e-06
0.633333 -2.2 3.6187e-06
0.633333 -2.16 2.37569e-06
0.633333 -2.12 2.34583e-06
0.633333 -2.08 3.24297e-06
0.633333 -2.04 3.15418e-06
0.633333 -2 4.07695e-06
0.633333 -1.96 4.28557e-06
0.633333 -1.92 3.37716e-06
0.633333 -1.88 3.82401e-06
0.633333 -1.84 4.36348e-06
0.633333 -1.8 3.09184e-06
0.633333 -1.76 2.48892e-06
0.633333 -1.72 1.44634e-06
0.633333 -1.68 1.86026e-06
0.633333 -1.64 1.96203e-06
0.633333 -1.6 3.16553e-06
0.633333 -1.56 2.97476e-06
0.633333 -1.52 3.75152e-06
0.633333 -1.48 4.25109e-06
0.633333 -1.44 3.66836e-06
0.633333 -1.4 2.99172e-06
0.633333 -1.36 2.68383e-06
0.633333 -1.32 3.03314e-06
0.633333 -1.28 2.80507e-06
0.633333 -1.24 2.63208e-06
0.633333 -1.2 3.23738e-06
0.633333 -1.16 3.547e-06
0.633333 -1.12 3.58069e-06
0.633333 -1.08 3.08689e-06
0.633333 -1.04 2.87004e-06
0.633333 -1 0.000330819
0.633333 -0.96 0.000345833
0.633333 -0.92 0.000361409
0.633333 -0.88 0.00037915
0.633333 -0.84 0.000397026
0.633333 -0.8 0.000416894
0.633333 -0.76 0.000438026
0.633333 -0.72 0.000461795
0.633333 -0.68 0.000487158
0.633333 -0.64 0.00051608
0.633333 -0.6 0.000546713
0.633333 -0.56 0.000581052
0.633333 -0.52 0.000618321
0.633333 -0.48 0.000660007
0.633333 -0.44 0.000707166
0.633333 -0.4 0.000760242
0.633333 -0.36 0.000820637
0.633333 -0.32 0.000889245
0.633333 -0.28 0.000969078
0.633333 -0.24 0.00106178
0.633333 -0.2 0.00117171
0.633333 -0.16 0.00130369
0.633333 -0.12 0.00146495
0.633333 -0.08 0.00166652
0.633333 -0.04 0.00192515
0.633333 0 0.00226877
0.633333 0.04 0.00274451
0.633333 0.08 0.0034292
0.633333 0.12 0.00449105
0.633333 0.16 0.00672079
0.633333 0.2 0.00849097
0.633333 0.24 0.0119475
0.633333 0.28 0.0125702
0.633333 0.32 0.0142799
0.633333 0.36 0.0147814
0.633333 0.4 0.017436
0.633333 0.44 0.01793
0.633333 0.48 0.0198548
0.633333 0.52 0.0195214
0.633333 0.56 0.0203357
0.633333 0.6 0.0224433
0.633333 0.64 0.0245002
0.633333 0.68 0.0223443
0.633333 0.72 0.0253341
0.633333 0.76 0.0256772
0.633333 0.8 0.0277538
0.633333 0.84 0.0310185
0.633333 0.88 0.0304495
0.633333 0.92 0.0297235
0.633333 0.96 0.0292712
0.633333 1 0.0304857
0.633333 1.04 0.029004
0.633333 1.08 0.0316522
0.633333 1.12 0.0292353
0.633333 1.16 0.0330562
0.633333 1.2 0.0313667
0.633333 1.24 0.0251738
0.633333 1.28 0.0322888
0.633333 1.32 0.0309128
0.633333 1.36 0.0285825
0.633333 1.4 0.025272
0.633333 1.44 0.0271926
0.633333 1.48 0.0279926
0.633333 1.52 0.0277758
0.633333 1.56 0.0238427
0.633333 1.6 0.0222152
0.633333 1.64 0.0222254
0.633333 1.68 0.0207378
0.633333 1.72 0.0183384
0.633333 1.76 0.0193056
0.633333 1.8 0.0158776
0.633333 1.84 0.0137095
0.633333 1.88 0.01491
0.633333 1.92 0.0121825
0.633333 1.96 0.0148763
0.633333 2 0.0126553
0.633333 2.04 0.00984821
0.633333 2.08 0.00953403
0.633333 2.12 0.00801295
0.633333 2.16 0.0124387
0.633333 2.2 0.00896555
0.633333 2.24 0.00998855
0.633333 2.28 0.00949535
0.633333 2.32 0.00617014
0.633333 2.36 0.00970397
0.633333 2.4 0.00615021
0.633333 2.44 0.00800777
0.633333 2.48 0.00364453
0.633333 2.52 0.00515262
0.633333 2.56 0.00568013
0.633333 2.6 0.008691
0.633333 2.64 0.0031009
0.633333 2.68 0.00831808
0.633333 2.72 0.00709517
0.633333 2.76 0.00230386
0.633333 2.8 0.00245217
0.633333 2.84 0.00234515
0.633333 2.88 0.0012997
0.633333 2.92 0.0046206
0.633333 2.96 0.00568026
0.633333 3 0.000880778
0.633333 3.04 0.000561086
0.633333 3.08 0.00584644
0.633333 3.12 0.00644671
0.633333 3.16 0.00727567
0.633333 3.2 0.0035344
0.633333 3.24 0.0047458
0.633333 3.28 0.00100529
0.633333 3.32 0.00131919
0.633333 3.36 0.000575074
0.633333 3.4 0.0037419
0.633333 3.44 0.00454718
0.633333 3.48 0.00468673
0.633333 3.52 0.000989016
0.633333 3.56 0.00144363
0.633333 3.6 0.00158099
0.633333 3.64 0.00106306
0.633333 3.68 0.000940151
0.633333 3.72 0.00232958
0.633333 3.76 0.00201235
0.633333 3.8 0.00250963
0.633333 3.84 0.00200507
0.633333 3.88 0.000893936
0.633333 3.92 0.00075495
0.633333 3.96 0.0036626
0.633333 4 0.000404909
0.65 -4 3.19917e-06
0.65 -3.96 2.52083e-06
0.65 -3.92 4.87338e-06
0.65 -3.88 3.9308e-06
0.65 -3.84 3.6183e-06
0.65 -3.8 4.52448e-06
0.65 -3.76 2.97283e-06
0.65 -3.72 3.75862e-06
0.65 -3.68 3.24214e-06
0.65 -3.64 4.95621e-06
0.65 -3.6 4.94411e-06
0.65 -3.56 3.55174e-06
0.65 -3.52 3.92408e-06
0.65 -3.48 5.02551e-06
0.65 -3.44 4.9595e-06
0.65 -3.4 5.20628e-06
0.65 -3.36 5.02725e-06
0.65 -3.32 3.93924e-06
0.65 -3.28 3.12833e-06
0.65 -3.24 2.08692e-06
0.65 -3.2 3.79555e-06
0.65 -3.16 2.27227e-06
0.65 -3.12 2.45478e-06
0.65 -3.08 1.93988e-06
0.65 -3.04 2.84753e-06
0.65 -3 3.46028e-06
0.65 -2.96 2.63909e-06
0.65 -2.92 3.91211e-06
0.65 -2.88 4.38619e-06
0.65 -2.84 3.91322e-06
0.65 -2.8 3.86033e-06
0.65 -2.76 4.65445e-06
0.65 -2.72 3.68557e-06
0.65 -2.68 2.63651e-06
0.65 -2.64 2.29944e-06
0.65 -2.6 2.83459e-06
0.65 -2.56 2.64733e-06
0.65 -2.52 2.59592e-06
0.65 -2.48 2.57899e-06
0.65 -2.44 3.96755e-06
0.65 -2.4 3.67516e-06
0.65 -2.36 3.99826e-06
0.65 -2.32 3.02282e-06
0.65 -2.28 3.66305e-06
0.65 -2.24 3.15416e-06
0.65 -2.2 3.41293e-06
0.65 -2.16 2.2925e-06
0.65 -2.12 2.33957e-06
0.65 -2.08 3.50483e-06
0.65 -2.04 3.82804e-06
0.65 -2 4.09438e-06
0.65 -1.96 3.54574e-06
0.65 -1.92 3.5758e-06
0.65 -1.88 3.55645e-06
0.65 -1.84 4.73311e-06
0.65 -1.8 3.46247e-06
0.65 -1.76 2.72411e-06
0.65 -1.72 1.50334e-06
0.65 -1.68 2.28817e-06
0.65 -1.64 1.54921e-06
0.65 -1.6 2.70948e-06
0.65 -1.56 2.96393e-06
0.65 -1.52 3.69163e-06
0.65 -1.48 3.76107e-06
0.65 -1.44 3.54369e-06
0.65 -1.4 2.70829e-06
0.65 -1.36 2.97408e-06
0.65 -1.32 2.92571e-06
0.65 -1.28 2.86291e-06
0.65 -1.24 2.34252e-06
0.65 -1.2 3.65049e-06
0.65 -1.16 3.64152e-06
0.65 -1.12 3.30049e-06
0.65 -1.08 3.27886e-06
0.65 -1.04 3.20723e-06
0.65 -1 0.000355202
0.65 -0.96 0.000371746
0.65 -0.92 0.000389237
0.65 -0.88 0.000408363
0.65 -0.84 0.000428723
0.65 -0.8 0.000450887
0.65 -0.76 0.000475086
0.65 -0.72 0.000501649
0.65 -0.68 0.000529592
0.65 -0.64 0.00056243
0.65 -0.6 0.000597036
0.65 -0.56 0.000636062
0.65 -0.52 0.000678548
0.65 -0.48 0.000726237
0.65 -0.44 0.000780211
0.65 -0.4 0.000841203
0.65 -0.36 0.000910874
0.65 -0.32 0.00099035
0.65 -0.28 0.00108317
0.65 -0.24 0.00119146
0.65 -0.2 0.00132032
0.65 -0.16 0.0014756
0.65 -0.12 0.00166605
0.65 -0.08 0.00190514
0.65 -0.04 0.00221305
0.65 0 0.00262392
0.65 0.04 0.00319287
0.65 0.08 0.00402449
0.65 0.12 0.00532502
0.65 0.16 0.00776734
0.65 0.2 0.0105023
0.65 0.24 0.0143703
0.65 0.28 0.0161833
0.65 0.32 0.0175669
0.65 0.36 0.0181644
0.65 0.4 0.0216845
0.65 0.44 0.0212166
0.65 0.48 0.0226958
0.65 0.52 0.0234486
0.65 0.56 0.0239304
0.65 0.6 0.0263971
0.65 0.64 0.0269334
0.65 0.68 0.0254973
0.65 0.72 0.0284134
0.65 0.76 0.0291152
0.65 0.8 0.0302746
0.65 0.84 0.0333017
0.65 0.88 0.0321366
0.65 0.92 0.0320911
0.65 0.96 0.0300071
0.65 1 0.0319202
0.65 1.04 0.0304235
0.65 1.08 0.0324082
0.65 1.12 0.0304527
0.65 1.16 0.0323342
0.65 1.2 0.0304655
0.65 1.24 0.0264208
0.65 1.28 0.0307947
0.65 1.32 0.0287182
0.65 1.36 0.0258891
0.65 1.4 0.0230862
0.65 1.44 0.0237833
0.65 1.48 0.0256817
0.65 1.52 0.0249521
0.65 1.56 0.0201816
0.65 1.6 0.0207544
0.65 1.64 0.0189468
0.65 1.68 0.0182419
0.65 1.72 0.0166575
0.65 1.76 0.0169259
0.65 1.8 0.0139453
0.65 1.84 0.0124873
0.65 1.88 0.013156
0.65 1.92 0.00915235
0.65 1.96 0.0136952
0.65 2 0.0103251
0.65 2.04 0.00770204
0.65 2.08 0.00926396
0.65 2.12 0.0078713
0.65 2.16 0.0113598
0.65 2.2 0.00909014
0.65 2.24 0.00846425
0.65 2.28 0.00991829
0.65 2.32 0.00461465
0.65 2.36 0.00887893
0.65 2.4 0.00576545
0.65 2.44 0.00824515
0.65 2.48 0.00288959
0.65 2.52 0.00333685
0.65 2.56 0.00413295
0.65 2.6 0.00692614
0.65 2.64 0.00212473
0.65 2.68 0.00793554
0.65 2.72 0.00697749
0.65 2.76 0.00155236
0.65 2.8 0.00156436
0.65 2.84 0.00230918
0.65 2.88 0.00178285
0.65 2.92 0.00449596
0.65 2.96 0.00457339
0.65 3 0.000277585
0.65 3.04 0.000464188
0.65 3.08 0.00599611
0.65 3.12 0.00622203
0.65 3.16 0.00617117
0.65 3.2 0.00370312
0.65 3.24 0.00463552
0.65 3.28 0.000781189
0.65 3.32 0.00184108
0.65 3.36 0.000548406
0.65 3.4 0.00325043
0.65 3.44 0.0040758
0.65 3.48 0.00447083
0.65 3.52 0.00103974
0.65 3.56 0.0016933
0.65 3.6 0.00136515
0.65 3.64 0.000820391
0.65 3.68 0.000837914
0.65 3.72 0.00220372
0.65 3.76 0.00172915
0.65 3.8 0.00240436
0.65 3.84 0.00211467
0.65 3.88 0.00100676
0.65 3.92 0.000793661
0.65 3.96 0.00406185
0.65 4 0.000196988
0.666667 -4 3.23006e-06
0.666667 -3.96 2.36906e-06
0.666667 -3.92 5.18689e-06
0.666667 -3.88 3.87712e-06
0.666667 -3.84 4.00757e-06
0.666667 -3.8 4.72247e-06
0.666667 -3.76 3.48054e-06
0.666667 -3.72 3.92408e-06
0.666667 -3.68 3.60055e-06
0.666667 -3.64 5.25994e-06
0.666667 -3.6 4.98338e-06
0.666667 -3.56 4.07541e-06
0.666667 -3.52 3.4701e-06
0.666667 -3.48 4.39372e-06
0.666667 -3.44 4.5607e-06
0.666667 -3.4 4.54505e-06
0.666667 -3.36 4.51374e-06
0.666667 -3.32 3.59012e-06
0.666667 -3.28 3.31355e-06
0.666667 -3.24 1.82115e-06
0.666667 -3.2 3.5849e-06
0.666667 -3.16 2.40559e-06
0.666667 -3.12 3.85103e-06
0.666667 -3.08 1.78984e-06
0.666667 -3.04 2.85435e-06
0.666667 -3 3.67883e-06
0.666667 -2.96 2.99003e-06
0.666667 -2.92 3.67883e-06
0.666667 -2.88 4.74856e-06
0.666667 -2.84 3.97105e-06
0.666667 -2.8 4.91554e-06
0.666667 -2.76 4.21108e-06
0.666667 -2.72 3.95539e-06
0.666667 -2.68 2.80739e-06
0.666667 -2.64 2.30122e-06
0.666667 -2.6 2.77608e-06
0.666667 -2.56 2.96393e-06
0.666667 -2.52 2.58822e-06
0.666667 -2.48 2.90653e-06
0.666667 -2.44 4.15368e-06
0.666667 -2.4 3.88756e-06
0.666667 -2.36 3.88756e-06
0.666667 -2.32 3.27703e-06
0.666667 -2.28 3.1257e-06
0.666667 -2.24 3.05264e-06
0.666667 -2.2 3.28746e-06
0.666667 -2.16 2.36384e-06
0.666667 -2.12 2.51517e-06
0.666667 -2.08 3.40226e-06
0.666667 -2.04 3.91365e-06
0.666667 -2 4.11194e-06
0.666667 -1.96 3.42835e-06
0.666667 -1.92 4.10672e-06
0.666667 -1.88 3.55881e-06
0.666667 -1.84 4.73812e-06
0.666667 -1.8 3.48575e-06
0.666667 -1.76 3.02655e-06
0.666667 -1.72 1.34629e-06
0.666667 -1.68 2.88566e-06
0.666667 -1.64 1.66982e-06
0.666667 -1.6 2.76564e-06
0.666667 -1.56 3.24572e-06
0.666667 -1.52 3.50141e-06
0.666667 -1.48 3.04743e-06
0.666667 -1.44 3.61099e-06
0.666667 -1.4 2.81261e-06
0.666667 -1.36 3.44923e-06
0.666667 -1.32 3.04743e-06
0.666667 -1.28 2.66128e-06
0.666667 -1.24 2.93263e-06
0.666667 -1.2 3.6997e-06
0.666667 -1.16 3.26659e-06
0.666667 -1.12 2.61953e-06
0.666667 -1.08 3.64752e-06
0.666667 -1.04 3.44401e-06
0.666667 -1 0.000381403
0.666667 -0.96 0.000399672
0.666667 -0.92 0.000419308
0.666667 -0.88 0.000440442
0.666667 -0.84 0.000463308
0.666667 -0.8 0.000488256
0.666667 -0.76 0.000516053
0.666667 -0.72 0.000545354
0.666667 -0.68 0.000576856
0.666667 -0.64 0.000613748
0.666667 -0.6 0.000653141
0.666667 -0.56 0.000697193
0.666667 -0.52 0.000745936
0.666667 -0.48 0.000800716
0.666667 -0.44 0.000862766
0.666667 -0.4 0.00093305
0.666667 -0.36 0.00101378
0.666667 -0.32 0.00110632
0.666667 -0.28 0.00121482
0.666667 -0.24 0.00134212
0.666667 -0.2 0.00149432
0.666667 -0.16 0.00167871
0.666667 -0.12 0.00190609
0.666667 -0.08 0.00219317
0.666667 -0.04 0.00256532
0.666667 0 0.00306493
0.666667 0.04 0.00375947
0.666667 0.08 0.00479929
0.666667 0.12 0.00640901
0.666667 0.16 0.00917277
0.666667 0.2 0.0132122
0.666667 0.24 0.0177337
0.666667 0.28 0.0204462
0.666667 0.32 0.0211431
0.666667 0.36 0.022045
0.666667 0.4 0.0260778
0.666667 0.44 0.0257608
0.666667 0.48 0.0260517
0.666667 0.52 0.0283082
0.666667 0.56 0.0275346
0.666667 0.6 0.0299976
0.666667 0.64 0.0303502
0.666667 0.68 0.030568
0.666667 0.72 0.0313431
0.666667 0.76 0.0310623
0.666667 0.8 0.0332733
0.666667 0.84 0.0361947
0.666667 0.88 0.0340734
0.666667 0.92 0.0340552
0.666667 0.96 0.0291717
0.666667 1 0.0321223
0.666667 1.04 0.0319319
0.666667 1.08 0.0313389
0.666667 1.12 0.0306277
0.666667 1.16 0.030045
0.666667 1.2 0.0288567
0.666667 1.24 0.0255372
0.666667 1.28 0.0276793
0.666667 1.32 0.0254379
0.666667 1.36 0.0245031
0.666667 1.4 0.0222273
0.666667 1.44 0.0207144
0.666667 1.48 0.0223994
0.666667 1.52 0.0199612
0.666667 1.56 0.017881
0.666667 1.6 0.0178677
0.666667 1.64 0.0167144
0.666667 1.68 0.0161433
0.666667 1.72 0.0143736
0.666667 1.76 0.0149165
0.666667 1.8 0.0129085
0.666667 1.84 0.0104024
0.666667 1.88 0.0111133
0.666667 1.92 0.00817929
0.666667 1.96 0.0106538
0.666667 2 0.00935394
0.666667 2.04 0.007487
0.666667 2.08 0.00789306
0.666667 2.12 0.0070166
0.666667 2.16 0.0110244
0.666667 2.2 0.00911758
0.666667 2.24 0.00834551
0.666667 2.28 0.00935401
0.666667 2.32 0.0036271
0.666667 2.36 0.00699016
0.666667 2.4 0.00501519
0.666667 2.44 0.00734927
0.666667 2.48 0.00263918
0.666667 2.52 0.00210391
0.666667 2.56 0.00349075
0.666667 2.6 0.00611449
0.666667 2.64 0.00324641
0.666667 2.68 0.0077137
0.666667 2.72 0.00576032
0.666667 2.76 0.00185905
0.666667 2.8 0.000197566
0.666667 2.84 0.00215772
0.666667 2.88 0.00302867
0.666667 2.92 0.00426418
0.666667 2.96 0.00444915
0.666667 3 0.000856087
0.666667 3.04 0.000204908
0.666667 3.08 0.006224
0.666667 3.12 0.00569175
0.666667 3.16 0.00592239
0.666667 3.2 0.003892
0.666667 3.24 0.0043306
0.666667 3.28 0.000224335
0.666667 3.32 0.00217252
0.666667 3.36 0.000262371
0.666667 3.4 0.00367737
0.666667 3.44 0.00368552
0.666667 3.48 0.00402228
0.666667 3.52 0.000979763
0.666667 3.56 0.00218513
0.666667 3.6 0.00182186
0.666667 3.64 0.000877299
0.666667 3.68 0.000804207
0.666667 3.72 0.0025532
0.666667 3.76 0.00173277
0.666667 3.8 0.00249901
0.666667 3.84 0.00200343
0.666667 3.88 0.00128295
0.666667 3.92 0.00054635
0.666667 3.96 0.00377222
0.666667 4 0.000334371
0.683333 -4 2.89201e-06
0.683333 -3.96 2.38123e-06
0.683333 -3.92 5.42144e-06
0.683333 -3.88 4.30586e-06
0.683333 -3.84 4.11663e-06
0.683333 -3.8 4.21978e-06
0.683333 -3.76 3.76419e-06
0.683333 -3.72 3.91576e-06
0.683333 -3.68 3.66731e-06
0.683333 -3.64 5.5336e-06
0.683333 -3.6 5.10254e-06
0.683333 -3.56 4.9915e-06
0.683333 -3.52 2.69677e-06
0.683333 -3.48 3.87121e-06
0.683333 -3.44 3.89492e-06
0.683333 -3.4 4.64362e-06
0.683333 -3.36 4.14285e-06
0.683333 -3.32 3.97172e-06
0.683333 -3.28 3.3884e-06
0.683333 -3.24 2.06118e-06
0.683333 -3.2 3.40946e-06
0.683333 -3.16 2.69981e-06
0.683333 -3.12 4.23118e-06
0.683333 -3.08 2.01578e-06
0.683333 -3.04 2.81064e-06
0.683333 -3 3.5004e-06
0.683333 -2.96 3.43762e-06
0.683333 -2.92 3.80709e-06
0.683333 -2.88 4.98532e-06
0.683333 -2.84 3.82361e-06
0.683333 -2.8 5.20498e-06
0.683333 -2.76 3.72738e-06
0.683333 -2.72 4.18257e-06
0.683333 -2.68 3.12736e-06
0.683333 -2.64 2.24578e-06
0.683333 -2.6 2.86947e-06
0.683333 -2.56 3.39211e-06
0.683333 -2.52 2.72669e-06
0.683333 -2.48 2.55918e-06
0.683333 -2.44 4.16418e-06
0.683333 -2.4 4.10453e-06
0.683333 -2.36 4.08233e-06
0.683333 -2.32 3.42316e-06
0.683333 -2.28 2.53503e-06
0.683333 -2.24 2.94625e-06
0.683333 -2.2 3.51264e-06
0.683333 -2.16 2.50161e-06
0.683333 -2.12 2.36642e-06
0.683333 -2.08 3.14085e-06
0.683333 -2.04 3.47014e-06
0.683333 -2 4.14553e-06
0.683333 -1.96 3.88301e-06
0.683333 -1.92 4.16123e-06
0.683333 -1.88 3.95369e-06
0.683333 -1.84 4.25872e-06
0.683333 -1.8 3.09105e-06
0.683333 -1.76 2.9461e-06
0.683333 -1.72 1.40707e-06
0.683333 -1.68 2.83823e-06
0.683333 -1.64 2.0849e-06
0.683333 -1.6 3.34126e-06
0.683333 -1.56 3.64885e-06
0.683333 -1.52 3.38141e-06
0.683333 -1.48 3.04346e-06
0.683333 -1.44 3.92525e-06
0.683333 -1.4 3.11221e-06
0.683333 -1.36 3.47514e-06
0.683333 -1.32 3.17906e-06
0.683333 -1.28 2.53705e-06
0.683333 -1.24 3.50369e-06
0.683333 -1.2 3.48103e-06
0.683333 -1.16 2.69619e-06
0.683333 -1.12 2.64531e-06
0.683333 -1.08 3.63081e-06
0.683333 -1.04 3.35167e-06
0.683333 -1 0.000409691
0.683333 -0.96 0.000429851
0.683333 -0.92 0.000451608
0.683333 -0.88 0.000475601
0.683333 -0.84 0.000500965
0.683333 -0.8 0.000528987
0.683333 -0.76 0.000560238
0.683333 -0.72 0.000592901
0.683333 -0.68 0.000629339
0.683333 -0.64 0.000670438
0.683333 -0.6 0.000715419
0.683333 -0.56 0.000765376
0.683333 -0.52 0.000821373
0.683333 -0.48 0.00088432
0.683333 -0.44 0.000955919
0.683333 -0.4 0.00103726
0.683333 -0.36 0.00113115
0.683333 -0.32 0.00123944
0.683333 -0.28 0.0013669
0.683333 -0.24 0.00151743
0.683333 -0.2 0.00169845
0.683333 -0.16 0.00191925
0.683333 -0.12 0.0021935
0.683333 -0.08 0.00254231
0.683333 -0.04 0.00299852
0.683333 0 0.00361601
0.683333 0.04 0.00448355
0.683333 0.08 0.00579752
0.683333 0.12 0.0078788
0.683333 0.16 0.0111191
0.683333 0.2 0.0167974
0.683333 0.24 0.0221962
0.683333 0.28 0.0252445
0.683333 0.32 0.0251928
0.683333 0.36 0.0267516
0.683333 0.4 0.0306925
0.683333 0.44 0.0314497
0.683333 0.48 0.030177
0.683333 0.52 0.0340734
0.683333 0.56 0.031538
0.683333 0.6 0.0326615
0.683333 0.64 0.0337268
0.683333 0.68 0.0337501
0.683333 0.72 0.0341097
0.683333 0.76 0.0331265
0.683333 0.8 0.0353838
0.683333 0.84 0.0382087
0.683333 0.88 0.0363536
0.683333 0.92 0.0339094
0.683333 0.96 0.0281566
0.683333 1 0.0313354
0.683333 1.04 0.0313882
0.683333 1.08 0.0298439
0.683333 1.12 0.0284411
0.683333 1.16 0.0271012
0.683333 1.2 0.0269879
0.683333 1.24 0.0218658
0.683333 1.28 0.0246396
0.683333 1.32 0.0229723
0.683333 1.36 0.0234679
0.683333 1.4 0.0210294
0.683333 1.44 0.0189052
0.683333 1.48 0.0194708
0.683333 1.52 0.0180024
0.683333 1.56 0.0170808
0.683333 1.6 0.0147903
0.683333 1.64 0.0150071
0.683333 1.68 0.0146694
0.683333 1.72 0.0114254
0.683333 1.76 0.012938
0.683333 1.8 0.0122911
0.683333 1.84 0.00791425
0.683333 1.88 0.00960031
0.683333 1.92 0.00784752
0.683333 1.96 0.00848098
0.683333 2 0.00964642
0.683333 2.04 0.0075958
0.683333 2.08 0.00627021
0.683333 2.12 0.00522061
0.683333 2.16 0.0097658
0.683333 2.2 0.00824154
0.683333 2.24 0.00833226
0.683333 2.28 0.00798704
0.683333 2.32 0.00396488
0.683333 2.36 0.00568357
0.683333 2.4 0.00464234
0.683333 2.44 0.00577456
0.683333 2.48 0.00257639
0.683333 2.52 0.00267234
0.683333 2.56 0.00366363
0.683333 2.6 0.00658704
0.683333 2.64 0.00442614
0.683333 2.68 0.00734209
0.683333 2.72 0.00477012
0.683333 2.76 0.002088
0.683333 2.8 0.00015105
0.683333 2.84 0.00238845
0.683333 2.88 0.00432577
0.683333 2.92 0.00377518
0.683333 2.96 0.00496253
0.683333 3 2.609e-05
0.683333 3.04 0.00118103
0.683333 3.08 0.00599432
0.683333 3.12 0.00621612
0.683333 3.16 0.00628256
0.683333 3.2 0.00356724
0.683333 3.24 0.0045748
0.683333 3.28 1.49766e-05
0.683333 3.32 0.00228677
0.683333 3.36 0.000240103
0.683333 3.4 0.00410845
0.683333 3.44 0.00348698
0.683333 3.48 0.00379777
0.683333 3.52 0.00103699
0.683333 3.56 0.00247156
0.683333 3.6 0.00223773
0.683333 3.64 0.0010831
0.683333 3.68 0.000954136
0.683333 3.72 0.00299283
0.683333 3.76 0.00204952
0.683333 3.8 0.0025579
0.683333 3.84 0.00157282
0.683333 3.88 0.00134616
0.683333 3.92 0.000125012
0.683333 3.96 0.00321497
0.683333 4 4.00467e-05
0.7 -4 2.65378e-06
0.7 -3.96 2.27964e-06
0.7 -3.92 5.13006e-06
0.7 -3.88 4.28929e-06
0.7 -3.84 3.68822e-06
0.7 -3.8 3.92645e-06
0.7 -3.76 3.70911e-06
0.7 -3.72 4.40781e-06
0.7 -3.68 3.66256e-06
0.7 -3.64 5.48915e-06
0.7 -3.6 5.11856e-06
0.7 -3.56 4.86933e-06
0.7 -3.52 3.33757e-06
0.7 -3.48 4.33218e-06
0.7 -3.44 3.41849e-06
0.7 -3.4 5.12633e-06
0.7 -3.36 3.83777e-06
0.7 -3.32 4.42518e-06
0.7 -3.28 3.31914e-06
0.7 -3.24 2.44126e-06
0.7 -3.2 3.40922e-06
0.7 -3.16 2.77163e-06
0.7 -3.12 3.1892e-06
0.7 -3.08 2.28704e-06
0.7 -3.04 2.6453e-06
0.7 -3 3.08163e-06
0.7 -2.96 3.57864e-06
0.7 -2.92 3.91019e-06
0.7 -2.88 4.66529e-06
0.7 -2.84 3.82223e-06
0.7 -2.8 4.17234e-06
0.7 -2.76 3.51059e-06
0.7 -2.72 4.1686e-06
0.7 -2.68 2.75412e-06
0.7 -2.64 1.89661e-06
0.7 -2.6 2.69406e-06
0.7 -2.56 3.02714e-06
0.7 -2.52 2.82776e-06
0.7 -2.48 2.23057e-06
0.7 -2.44 4.24037e-06
0.7 -2.4 4.27155e-06
0.7 -2.36 4.46051e-06
0.7 -2.32 3.00604e-06
0.7 -2.28 2.13837e-06
0.7 -2.24 2.9085e-06
0.7 -2.2 3.84461e-06
0.7 -2.16 2.45692e-06
0.7 -2.12 1.86268e-06
0.7 -2.08 3.03762e-06
0.7 -2.04 3.38615e-06
0.7 -2 4.14198e-06
0.7 -1.96 3.93007e-06
0.7 -1.92 3.84661e-06
0.7 -1.88 4.16952e-06
0.7 -1.84 3.72499e-06
0.7 -1.8 2.93382e-06
0.7 -1.76 2.67982e-06
0.7 -1.72 1.71885e-06
0.7 -1.68 2.31143e-06
0.7 -1.64 2.24424e-06
0.7 -1.6 3.81852e-06
0.7 -1.56 3.80796e-06
0.7 -1.52 3.42661e-06
0.7 -1.48 3.64031e-06
0.7 -1.44 4.25286e-06
0.7 -1.4 3.15738e-06
0.7 -1.36 3.12262e-06
0.7 -1.32 3.04874e-06
0.7 -1.28 2.73527e-06
0.7 -1.24 3.27388e-06
0.7 -1.2 3.50752e-06
0.7 -1.16 2.49539e-06
0.7 -1.12 3.31078e-06
0.7 -1.08 3.29849e-06
0.7 -1.04 3.17477e-06
0.7 -1 0.000440269
0.7 -0.96 0.000462553
0.7 -0.92 0.000486537
0.7 -0.88 0.000513541
0.7 -0.84 0.000541831
0.7 -0.8 0.00057306
0.7 -0.76 0.00060766
0.7 -0.72 0.000644822
0.7 -0.68 0.000687033
0.7 -0.64 0.000732925
0.7 -0.6 0.000784134
0.7 -0.56 0.000841425
0.7 -0.52 0.000905642
0.7 -0.48 0.000977999
0.7 -0.44 0.00106086
0.7 -0.4 0.00115542
0.7 -0.36 0.001265
0.7 -0.32 0.00139225
0.7 -0.28 0.00154271
0.7 -0.24 0.00172167
0.7 -0.2 0.00193835
0.7 -0.16 0.00220476
0.7 -0.12 0.00253862
0.7 -0.08 0.00296723
0.7 -0.04 0.00353381
0.7 0 0.00430946
0.7 0.04 0.00541527
0.7 0.08 0.00710932
0.7 0.12 0.00986987
0.7 0.16 0.0139688
0.7 0.2 0.021467
0.7 0.24 0.0277568
0.7 0.28 0.0305205
0.7 0.32 0.030101
0.7 0.36 0.0322558
0.7 0.4 0.0356332
0.7 0.44 0.0365409
0.7 0.48 0.0348772
0.7 0.52 0.0394522
0.7 0.56 0.0359037
0.7 0.6 0.0352228
0.7 0.64 0.0359516
0.7 0.68 0.0340415
0.7 0.72 0.0355783
0.7 0.76 0.0361672
0.7 0.8 0.0354625
0.7 0.84 0.0376403
0.7 0.88 0.0366099
0.7 0.92 0.0323257
0.7 0.96 0.0280103
0.7 1 0.0298159
0.7 1.04 0.0286738
0.7 1.08 0.0282401
0.7 1.12 0.0254028
0.7 1.16 0.0249312
0.7 1.2 0.0249821
0.7 1.24 0.0190681
0.7 1.28 0.02288
0.7 1.32 0.0213989
0.7 1.36 0.020545
0.7 1.4 0.0183669
0.7 1.44 0.0173757
0.7 1.48 0.0178873
0.7 1.52 0.0190534
0.7 1.56 0.0160762
0.7 1.6 0.0132737
0.7 1.64 0.0130851
0.7 1.68 0.0131651
0.7 1.72 0.00987636
0.7 1.76 0.0113902
0.7 1.8 0.0115399
0.7 1.84 0.00707973
0.7 1.88 0.00878719
0.7 1.92 0.00620134
0.7 1.96 0.00825641
0.7 2 0.00901644
0.7 2.04 0.00637204
0.7 2.08 0.00551782
0.7 2.12 0.00408662
0.7 2.16 0.00820319
0.7 2.2 0.00709903
0.7 2.24 0.00719496
0.7 2.28 0.00781844
0.7 2.32 0.00371536
0.7 2.36 0.0062348
0.7 2.4 0.00490944
0.7 2.44 0.00477899
0.7 2.48 0.00212192
0.7 2.52 0.00362633
0.7 2.56 0.00329068
0.7 2.6 0.00686196
0.7 2.64 0.00333536
0.7 2.68 0.0067674
0.7 2.72 0.00462506
0.7 2.76 0.0012181
0.7 2.8 0.00100028
0.7 2.84 0.00305054
0.7 2.88 0.00471238
0.7 2.92 0.00349057
0.7 2.96 0.00494554
0.7 3 0.00176349
0.7 3.04 0.000504967
0.7 3.08 0.00563882
0.7 3.12 0.00764673
0.7 3.16 0.00664646
0.7 3.2 0.00322128
0.7 3.24 0.00552094
0.7 3.28 0.000272016
0.7 3.32 0.00219388
0.7 3.36 0.000730998
0.7 3.4 0.00342613
0.7 3.44 0.00317984
0.7 3.48 0.00372991
0.7 3.52 0.00120333
0.7 3.56 0.00227415
0.7 3.6 0.00191346
0.7 3.64 0.00114039
0.7 3.68 0.00111433
0.7 3.72 0.00300522
0.7 3.76 0.00235512
0.7 3.8 0.00254655
0.7 3.84 0.00136145
0.7 3.88 0.00138864
0.7 3.92 1.97906e-05
0.7 3.96 0.00321718
0.7 4 0.00020202
0.716667 -4 2.70279e-06
0.716667 -3.96 2.02883e-06
0.716667 -3.92 4.69514e-06
0.716667 -3.88 3.66429e-06
0.716667 -3.84 3.41685e-06
0.716667 -3.8 4.43578e-06
0.716667 -3.76 3.77271e-06
0.716667 -3.72 5.19114e-06
0.716667 -3.68 3.93027e-06
0.716667 -3.64 5.25638e-06
0.716667 -3.6 5.25529e-06
0.716667 -3.56 4.00377e-06
0.716667 -3.52 4.34241e-06
0.716667 -3.48 4.90247e-06
0.716667 -3.44 3.43555e-06
0.716667 -3.4 5.04025e-06
0.716667 -3.36 3.32809e-06
0.716667 -3.32 4.32231e-06
0.716667 -3.28 3.14328e-06
0.716667 -3.24 2.50915e-06
0.716667 -3.2 3.54802e-06
0.716667 -3.16 2.67341e-06
0.716667 -3.12 2.75707e-06
0.716667 -3.08 2.32229e-06
0.716667 -3.04 2.56409e-06
0.716667 -3 2.95925e-06
0.716667 -2.96 3.61417e-06
0.716667 -2.92 3.52311e-06
0.716667 -2.88 4.37464e-06
0.716667 -2.84 4.02971e-06
0.716667 -2.8 3.39778e-06
0.716667 -2.76 3.5596e-06
0.716667 -2.72 3.8316e-06
0.716667 -2.68 1.904e-06
0.716667 -2.64 1.40068e-06
0.716667 -2.6 2.33684e-06
0.716667 -2.56 2.34945e-06
0.716667 -2.52 2.7155e-06
0.716667 -2.48 2.59145e-06
0.716667 -2.44 4.51958e-06
0.716667 -2.4 4.56411e-06
0.716667 -2.36 4.63447e-06
0.716667 -2.32 2.41091e-06
0.716667 -2.28 1.96531e-06
0.716667 -2.24 2.90457e-06
0.716667 -2.2 3.87501e-06
0.716667 -2.16 2.22465e-06
0.716667 -2.12 1.53945e-06
0.716667 -2.08 3.10221e-06
0.716667 -2.04 3.76446e-06
0.716667 -2 4.09909e-06
0.716667 -1.96 3.43883e-06
0.716667 -1.92 3.8901e-06
0.716667 -1.88 3.92602e-06
0.716667 -1.84 3.54208e-06
0.716667 -1.8 3.38679e-06
0.716667 -1.76 2.82944e-06
0.716667 -1.72 1.89098e-06
0.716667 -1.68 2.214e-06
0.716667 -1.64 2.02402e-06
0.716667 -1.6 3.81373e-06
0.716667 -1.56 3.63197e-06
0.716667 -1.52 3.56953e-06
0.716667 -1.48 3.7072e-06
0.716667 -1.44 4.31997e-06
0.716667 -1.4 3.00377e-06
0.716667 -1.36 2.90715e-06
0.716667 -1.32 2.78027e-06
0.716667 -1.28 2.94869e-06
0.716667 -1.24 2.65729e-06
0.716667 -1.2 3.80994e-06
0.716667 -1.16 2.74918e-06
0.716667 -1.12 3.55443e-06
0.716667 -1.08 3.12695e-06
0.716667 -1.04 3.24244e-06
0.716667 -1 0.000473016
0.716667 -0.96 0.000497712
0.716667 -0.92 0.0005244
0.716667 -0.88 0.000554138
0.716667 -0.84 0.000585923
0.716667 -0.8 0.000620783
0.716667 -0.76 0.000659217
0.716667 -0.72 0.000701815
0.716667 -0.68 0.000749857
0.716667 -0.64 0.000801632
0.716667 -0.6 0.000859766
0.716667 -0.56 0.000925789
0.716667 -0.52 0.000999418
0.716667 -0.48 0.00108282
0.716667 -0.44 0.00117892
0.716667 -0.4 0.00128915
0.716667 -0.36 0.00141746
0.716667 -0.32 0.00156754
0.716667 -0.28 0.00174593
0.716667 -0.24 0.00195979
0.716667 -0.2 0.00222071
0.716667 -0.16 0.00254439
0.716667 -0.12 0.00295425
0.716667 -0.08 0.00348645
0.716667 -0.04 0.00419877
0.716667 0 0.00518875
0.716667 0.04 0.00662386
0.716667 0.08 0.00887454
0.716667 0.12 0.0125454
0.716667 0.16 0.0182321
0.716667 0.2 0.0274726
0.716667 0.24 0.034287
0.716667 0.28 0.0361696
0.716667 0.32 0.0361413
0.716667 0.36 0.0382944
0.716667 0.4 0.0402758
0.716667 0.44 0.0401543
0.716667 0.48 0.0392398
0.716667 0.52 0.0427705
0.716667 0.56 0.0396732
0.716667 0.6 0.0378917
0.716667 0.64 0.0374101
0.716667 0.68 0.0340476
0.716667 0.72 0.0354193
0.716667 0.76 0.0379232
0.716667 0.8 0.0342271
0.716667 0.84 0.0353816
0.716667 0.88 0.0337843
0.716667 0.92 0.0309699
0.716667 0.96 0.0278024
0.716667 1 0.0276527
0.716667 1.04 0.025367
0.716667 1.08 0.0257543
0.716667 1.12 0.0235119
0.716667 1.16 0.0233276
0.716667 1.2 0.0225588
0.716667 1.24 0.0186844
0.716667 1.28 0.0218375
0.716667 1.32 0.0196075
0.716667 1.36 0.016547
0.716667 1.4 0.0156091
0.716667 1.44 0.0156296
0.716667 1.48 0.0169921
0.716667 1.52 0.0182533
0.716667 1.56 0.0137408
0.716667 1.6 0.0126552
0.716667 1.64 0.0111515
0.716667 1.68 0.0113724
0.716667 1.72 0.00992567
0.716667 1.76 0.0105614
0.716667 1.8 0.0105416
0.716667 1.84 0.0076054
0.716667 1.88 0.00801317
0.716667 1.92 0.00396296
0.716667 1.96 0.00786703
0.716667 2 0.00709876
0.716667 2.04 0.00487118
0.716667 2.08 0.00508581
0.716667 2.12 0.00397288
0.716667 2.16 0.00787047
0.716667 2.2 0.00658554
0.716667 2.24 0.00609033
0.716667 2.28 0.00853419
0.716667 2.32 0.00222979
0.716667 2.36 0.00719198
0.716667 2.4 0.00506827
0.716667 2.44 0.00442918
0.716667 2.48 0.00149634
0.716667 2.52 0.0030057
0.716667 2.56 0.00212241
0.716667 2.6 0.00620757
0.716667 2.64 0.0012772
0.716667 2.68 0.00641978
0.716667 2.72 0.00434274
0.716667 2.76 0.000436787
0.716667 2.8 0.000656524
0.716667 2.84 0.00343363
0.716667 2.88 0.00437995
0.716667 2.92 0.00374691
0.716667 2.96 0.00430231
0.716667 3 0.00184717
0.716667 3.04 0.00033874
0.716667 3.08 0.00562339
0.716667 3.12 0.00818815
0.716667 3.16 0.00705495
0.716667 3.2 0.00342351
0.716667 3.24 0.00626396
0.716667 3.28 0.000443108
0.716667 3.32 0.00189618
0.716667 3.36 0.00105292
0.716667 3.4 0.00222431
0.716667 3.44 0.00270314
0.716667 3.48 0.00351104
0.716667 3.52 0.00119819
0.716667 3.56 0.00187739
0.716667 3.6 0.00122728
0.716667 3.64 0.000981046
0.716667 3.68 0.00113654
0.716667 3.72 0.00266592
0.716667 3.76 0.00245227
0.716667 3.8 0.00265999
0.716667 3.84 0.00158055
0.716667 3.88 0.00159239
0.716667 3.92 0.000177587
0.716667 3.96 0.00372808
0.716667 4 9.13878e-05
0.733333 -4 2.68735e-06
0.733333 -3.96 1.91643e-06
0.733333 -3.92 4.74336e-06
0.733333 -3.88 3.3837e-06
0.733333 -3.84 3.80478e-06
0.733333 -3.8 4.98724e-06
0.733333 -3.76 4.19981e-06
0.733333 -3.72 5.49683e-06
0.733333 -3.68 4.31999e-06
0.733333 -3.64 5.2775e-06
0.733333 -3.6 5.75472e-06
0.733333 -3.56 3.84784e-06
0.733333 -3.52 3.67287e-06
0.733333 -3.48 4.47843e-06
0.733333 -3.44 3.60727e-06
0.733333 -3.4 4.30417e-06
0.733333 -3.36 2.57947e-06
0.733333 -3.32 4.04391e-06
0.733333 -3.28 2.91599e-06
0.733333 -3.24 2.40156e-06
0.733333 -3.2 3.66218e-06
0.733333 -3.16 2.7863e-06
0.733333 -3.12 3.86363e-06
0.733333 -3.08 2.41176e-06
0.733333 -3.04 2.68462e-06
0.733333 -3 3.2341e-06
0.733333 -2.96 3.90781e-06
0.733333 -2.92 2.97171e-06
0.733333 -2.88 4.63288e-06
0.733333 -2.84 4.11287e-06
0.733333 -2.8 3.73981e-06
0.733333 -2.76 3.63964e-06
0.733333 -2.72 3.35638e-06
0.733333 -2.68 1.63867e-06
0.733333 -2.64 1.07331e-06
0.733333 -2.6 2.31118e-06
0.733333 -2.56 2.46787e-06
0.733333 -2.52 2.51346e-06
0.733333 -2.48 3.23099e-06
0.733333 -2.44 4.77486e-06
0.733333 -2.4 4.96404e-06
0.733333 -2.36 4.49413e-06
0.733333 -2.32 2.28466e-06
0.733333 -2.28 1.89315e-06
0.733333 -2.24 2.85103e-06
0.733333 -2.2 3.66798e-06
0.733333 -2.16 2.06503e-06
0.733333 -2.12 1.62932e-06
0.733333 -2.08 3.13455e-06
0.733333 -2.04 3.8054e-06
0.733333 -2 4.0532e-06
0.733333 -1.96 3.20413e-06
0.733333 -1.92 4.29514e-06
0.733333 -1.88 3.69579e-06
0.733333 -1.84 3.62297e-06
0.733333 -1.8 3.833e-06
0.733333 -1.76 3.39854e-06
0.733333 -1.72 1.87163e-06
0.733333 -1.68 2.56466e-06
0.733333 -1.64 1.88663e-06
0.733333 -1.6 3.57128e-06
0.733333 -1.56 3.3793e-06
0.733333 -1.52 3.70453e-06
0.733333 -1.48 2.80762e-06
0.733333 -1.44 4.11624e-06
0.733333 -1.4 3.01595e-06
0.733333 -1.36 3.05185e-06
0.733333 -1.32 2.67249e-06
0.733333 -1.28 2.85927e-06
0.733333 -1.24 2.53185e-06
0.733333 -1.2 3.87327e-06
0.733333 -1.16 2.92804e-06
0.733333 -1.12 3.01721e-06
0.733333 -1.08 3.27767e-06
0.733333 -1.04 3.48898e-06
0.733333 -1 0.000507597
0.733333 -0.96 0.000535093
0.733333 -0.92 0.000565032
0.733333 -0.88 0.000597744
0.733333 -0.84 0.000633231
0.733333 -0.8 0.000672526
0.733333 -0.76 0.000715742
0.733333 -0.72 0.000764035
0.733333 -0.68 0.000817946
0.733333 -0.64 0.000876905
0.733333 -0.6 0.000943022
0.733333 -0.56 0.00101874
0.733333 -0.52 0.00110339
0.733333 -0.48 0.00119984
0.733333 -0.44 0.00131141
0.733333 -0.4 0.00144007
0.733333 -0.36 0.00159074
0.733333 -0.32 0.00176827
0.733333 -0.28 0.00198062
0.733333 -0.24 0.00223736
0.733333 -0.2 0.00255327
0.733333 -0.16 0.00294911
0.733333 -0.12 0.0034562
0.733333 -0.08 0.00412348
0.733333 -0.04 0.00502988
0.733333 0 0.00631312
0.733333 0.04 0.00821205
0.733333 0.08 0.0112619
0.733333 0.12 0.0162442
0.733333 0.16 0.0244282
0.733333 0.2 0.035102
0.733333 0.24 0.0415422
0.733333 0.28 0.0420155
0.733333 0.32 0.0430038
0.733333 0.36 0.0443678
0.733333 0.4 0.0437676
0.733333 0.44 0.0430747
0.733333 0.48 0.042361
0.733333 0.52 0.0436221
0.733333 0.56 0.0418354
0.733333 0.6 0.0395688
0.733333 0.64 0.0387193
0.733333 0.68 0.0349139
0.733333 0.72 0.0349108
0.733333 0.76 0.0362522
0.733333 0.8 0.0329737
0.733333 0.84 0.033483
0.733333 0.88 0.0301249
0.733333 0.92 0.0295522
0.733333 0.96 0.0261575
0.733333 1 0.024929
0.733333 1.04 0.0224934
0.733333 1.08 0.0223812
0.733333 1.12 0.0220711
0.733333 1.16 0.0209844
0.733333 1.2 0.0194639
0.733333 1.24 0.0176694
0.733333 1.28 0.0200185
0.733333 1.32 0.0175299
0.733333 1.36 0.0143982
0.733333 1.4 0.0140348
0.733333 1.44 0.0143291
0.733333 1.48 0.0155214
0.733333 1.52 0.0143116
0.733333 1.56 0.0110932
0.733333 1.6 0.0112886
0.733333 1.64 0.00978199
0.733333 1.68 0.0100334
0.733333 1.72 0.0092327
0.733333 1.76 0.00981891
0.733333 1.8 0.00960218
0.733333 1.84 0.00706766
0.733333 1.88 0.0069545
0.733333 1.92 0.00318447
0.733333 1.96 0.00615621
0.733333 2 0.0062143
0.733333 2.04 0.00465821
0.733333 2.08 0.00409025
0.733333 2.12 0.00354415
0.733333 2.16 0.00821077
0.733333 2.2 0.00658138
0.733333 2.24 0.00637891
0.733333 2.28 0.00781297
0.733333 2.32 0.00156468
0.733333 2.36 0.00633647
0.733333 2.4 0.0047236
0.733333 2.44 0.00396372
0.733333 2.48 0.0014507
0.733333 2.52 0.00129283
0.733333 2.56 0.0013992
0.733333 2.6 0.00543156
0.733333 2.64 0.00103442
0.733333 2.68 0.00665718
0.733333 2.72 0.00334112
0.733333 2.76 0.000968606
0.733333 2.8 0.00115863
0.733333 2.84 0.00317364
0.733333 2.88 0.0043828
0.733333 2.92 0.0040406
0.733333 2.96 0.00397816
0.733333 3 0.000635905
0.733333 3.04 0.000749911
0.733333 3.08 0.00581783
0.733333 3.12 0.00715201
0.733333 3.16 0.00760656
0.733333 3.2 0.00377505
0.733333 3.24 0.00609204
0.733333 3.28 9.9676e-05
0.733333 3.32 0.00158984
0.733333 3.36 0.000684722
0.733333 3.4 0.0018985
0.733333 3.44 0.00257708
0.733333 3.48 0.00319511
0.733333 3.52 0.00101053
0.733333 3.56 0.00180169
0.733333 3.6 0.00103452
0.733333 3.64 0.000858415
0.733333 3.68 0.00120402
0.733333 3.72 0.00258115
0.733333 3.76 0.00244192
0.733333 3.8 0.00292454
0.733333 3.84 0.00175453
0.733333 3.88 0.00165726
0.733333 3.92 0.000320782
0.733333 3.96 0.00388986
0.733333 4 0.000234801
0.75 -4 2.43519e-06
0.75 -3.96 2.03372e-06
0.75 -3.92 5.11475e-06
0.75 -3.88 3.81527e-06
0.75 -3.84 4.2901e-06
0.75 -3.8 4.67087e-06
0.75 -3.76 4.58485e-06
0.75 -3.72 5.36552e-06
0.75 -3.68 4.44446e-06
0.75 -3.64 5.65589e-06
0.75 -3.6 6.34182e-06
0.75 -3.56 4.5586e-06
0.75 -3.52 2.18305e-06
0.75 -3.48 3.7461e-06
0.75 -3.44 3.45638e-06
0.75 -3.4 3.7168e-06
0.75 -3.36 1.87931e-06
0.75 -3.32 4.1849e-06
0.75 -3.28 2.71413e-06
0.75 -3.24 2.47557e-06
0.75 -3.2 3.68383e-06
0.75 -3.16 3.20289e-06
0.75 -3.12 4.7555e-06
0.75 -3.08 2.78425e-06
0.75 -3.04 2.8549e-06
0.75 -3 3.49322e-06
0.75 -2.96 4.34123e-06
0.75 -2.92 2.86543e-06
0.75 -2.88 4.97282e-06
0.75 -2.84 3.90587e-06
0.75 -2.8 4.00247e-06
0.75 -2.76 3.55213e-06
0.75 -2.72 3.04162e-06
0.75 -2.68 2.18227e-06
0.75 -2.64 1.0241e-06
0.75 -2.6 2.57487e-06
0.75 -2.56 3.39485e-06
0.75 -2.52 2.48404e-06
0.75 -2.48 3.45012e-06
0.75 -2.44 4.76147e-06
0.75 -2.4 5.15583e-06
0.75 -2.36 4.32416e-06
0.75 -2.32 2.57269e-06
0.75 -2.28 1.92791e-06
0.75 -2.24 2.74779e-06
0.75 -2.2 3.67701e-06
0.75 -2.16 2.11345e-06
0.75 -2.12 1.71316e-06
0.75 -2.08 3.06246e-06
0.75 -2.04 3.28681e-06
0.75 -2 3.99272e-06
0.75 -1.96 3.41449e-06
0.75 -1.92 4.33926e-06
0.75 -1.88 3.88963e-06
0.75 -1.84 3.66854e-06
0.75 -1.8 3.5296e-06
0.75 -1.76 3.7164e-06
0.75 -1.72 2.0558e-06
0.75 -1.68 2.46514e-06
0.75 -1.64 2.24606e-06
0.75 -1.6 3.47942e-06
0.75 -1.56 3.27786e-06
0.75 -1.52 3.74627e-06
0.75 -1.48 1.9327e-06
0.75 -1.44 3.82994e-06
0.75 -1.4 3.20826e-06
0.75 -1.36 3.33415e-06
0.75 -1.32 2.73347e-06
0.75 -1.28 2.67063e-06
0.75 -1.24 2.90783e-06
0.75 -1.2 3.49702e-06
0.75 -1.16 2.63679e-06
0.75 -1.12 2.54295e-06
0.75 -1.08 3.4658e-06
0.75 -1.04 3.55152e-06
0.75 -1 0.000543873
0.75 -0.96 0.000574673
0.75 -0.92 0.000608087
0.75 -0.88 0.000644604
0.75 -0.84 0.000683853
0.75 -0.8 0.000728264
0.75 -0.76 0.00077718
0.75 -0.72 0.000831183
0.75 -0.68 0.000891636
0.75 -0.64 0.000958926
0.75 -0.6 0.00103442
0.75 -0.56 0.00112067
0.75 -0.52 0.00121827
0.75 -0.48 0.00132993
0.75 -0.44 0.00145949
0.75 -0.4 0.0016098
0.75 -0.36 0.00178707
0.75 -0.32 0.00199749
0.75 -0.28 0.00225106
0.75 -0.24 0.00256047
0.75 -0.2 0.00294484
0.75 -0.16 0.00343186
0.75 -0.12 0.00406379
0.75 -0.08 0.00490803
0.75 -0.04 0.00607531
0.75 0 0.00776289
0.75 0.04 0.0103251
0.75 0.08 0.0145084
0.75 0.12 0.0215073
0.75 0.16 0.0330276
0.75 0.2 0.0444051
0.75 0.24 0.0491042
0.75 0.28 0.0478485
0.75 0.32 0.0496791
0.75 0.36 0.0494458
0.75 0.4 0.0459992
0.75 0.44 0.0456469
0.75 0.48 0.0441148
0.75 0.52 0.0430334
0.75 0.56 0.0421723
0.75 0.6 0.0398888
0.75 0.64 0.0390729
0.75 0.68 0.0345005
0.75 0.72 0.0345641
0.75 0.76 0.0327329
0.75 0.8 0.0313744
0.75 0.84 0.0318686
0.75 0.88 0.0279145
0.75 0.92 0.026913
0.75 0.96 0.023482
0.75 1 0.021781
0.75 1.04 0.0199508
0.75 1.08 0.0192222
0.75 1.12 0.0192958
0.75 1.16 0.0181437
0.75 1.2 0.0161293
0.75 1.24 0.014286
0.75 1.28 0.0170528
0.75 1.32 0.0159777
0.75 1.36 0.0143067
0.75 1.4 0.0128787
0.75 1.44 0.013317
0.75 1.48 0.0134083
0.75 1.52 0.0113376
0.75 1.56 0.00992101
0.75 1.6 0.00923324
0.75 1.64 0.00887116
0.75 1.68 0.00963001
0.75 1.72 0.0071665
0.75 1.76 0.00855681
0.75 1.8 0.00880073
0.75 1.84 0.00520997
0.75 1.88 0.00609279
0.75 1.92 0.00385517
0.75 1.96 0.00471455
0.75 2 0.00715778
0.75 2.04 0.00492685
0.75 2.08 0.00312137
0.75 2.12 0.00259373
0.75 2.16 0.00741735
0.75 2.2 0.00633733
0.75 2.24 0.00687716
0.75 2.28 0.00568594
0.75 2.32 0.0024502
0.75 2.36 0.00436512
0.75 2.4 0.00444789
0.75 2.44 0.0032572
0.75 2.48 0.00193978
0.75 2.52 0.000709373
0.75 2.56 0.0018725
0.75 2.6 0.00522714
0.75 2.64 0.00218115
0.75 2.68 0.00693966
0.75 2.72 0.00248175
0.75 2.76 0.00163989
0.75 2.8 0.0022673
0.75 2.84 0.00296173
0.75 2.88 0.00500522
0.75 2.92 0.00370161
0.75 2.96 0.00431264
0.75 3 0.000600303
0.75 3.04 0.00201875
0.75 3.08 0.00595237
0.75 3.12 0.00626652
0.75 3.16 0.00784356
0.75 3.2 0.00363062
0.75 3.24 0.00548541
0.75 3.28 0.00105231
0.75 3.32 0.00150423
0.75 3.36 0.000217253
0.75 3.4 0.00252306
0.75 3.44 0.00312019
0.75 3.48 0.00307789
0.75 3.52 0.000999811
0.75 3.56 0.00215151
0.75 3.6 0.00140135
0.75 3.64 0.000996945
0.75 3.68 0.00153494
0.75 3.72 0.00302107
0.75 3.76 0.00242886
0.75 3.8 0.00306073
0.75 3.84 0.00161963
0.75 3.88 0.001425
0.75 3.92 0.000254937
0.75 3.96 0.00333258
0.75 4 0.000464339
0.766667 -4 2.23553e-06
0.766667 -3.96 2.04939e-06
0.766667 -3.92 5.12581e-06
0.766667 -3.88 4.10042e-06
0.766667 -3.84 4.16831e-06
0.766667 -3.8 3.97308e-06
0.766667 -3.76 4.49174e-06
0.766667 -3.72 5.57151e-06
0.766667 -3.68 4.36105e-06
0.766667 -3.64 5.9796e-06
0.766667 -3.6 6.57332e-06
0.766667 -3.56 4.96498e-06
0.766667 -3.52 2.2598e-06
0.766667 -3.48 3.97472e-06
0.766667 -3.44 2.99381e-06
0.766667 -3.4 3.59269e-06
0.766667 -3.36 1.46865e-06
0.766667 -3.32 4.47512e-06
0.766667 -3.28 2.65383e-06
0.766667 -3.24 2.68746e-06
0.766667 -3.2 3.75122e-06
0.766667 -3.16 3.59477e-06
0.766667 -3.12 4.05176e-06
0.766667 -3.08 3.09412e-06
0.766667 -3.04 2.91704e-06
0.766667 -3 3.55965e-06
0.766667 -2.96 4.57118e-06
0.766667 -2.92 3.06329e-06
0.766667 -2.88 4.82803e-06
0.766667 -2.84 3.67242e-06
0.766667 -2.8 3.32232e-06
0.766667 -2.76 3.34397e-06
0.766667 -2.72 2.96396e-06
0.766667 -2.68 2.51437e-06
0.766667 -2.64 1.10113e-06
0.766667 -2.6 2.50342e-06
0.766667 -2.56 4.12439e-06
0.766667 -2.52 2.67984e-06
0.766667 -2.48 3.41548e-06
0.766667 -2.44 4.56256e-06
0.766667 -2.4 5.01285e-06
0.766667 -2.36 4.34045e-06
0.766667 -2.32 2.69194e-06
0.766667 -2.28 2.25036e-06
0.766667 -2.24 2.66881e-06
0.766667 -2.2 4.0223e-06
0.766667 -2.16 2.20262e-06
0.766667 -2.12 1.54592e-06
0.766667 -2.08 2.93609e-06
0.766667 -2.04 2.9557e-06
0.766667 -2 3.89687e-06
0.766667 -1.96 3.38566e-06
0.766667 -1.92 3.86053e-06
0.766667 -1.88 4.19836e-06
0.766667 -1.84 3.68024e-06
0.766667 -1.8 2.83338e-06
0.766667 -1.76 3.4899e-06
0.766667 -1.72 2.52779e-06
0.766667 -1.68 1.85614e-06
0.766667 -1.64 2.85625e-06
0.766667 -1.6 3.54401e-06
0.766667 -1.56 3.27731e-06
0.766667 -1.52 3.65919e-06
0.766667 -1.48 2.02041e-06
0.766667 -1.44 3.60629e-06
0.766667 -1.4 3.31736e-06
0.766667 -1.36 3.41779e-06
0.766667 -1.32 2.74311e-06
0.766667 -1.28 2.68518e-06
0.766667 -1.24 2.98809e-06
0.766667 -1.2 3.13959e-06
0.766667 -1.16 2.18466e-06
0.766667 -1.12 2.80955e-06
0.766667 -1.08 3.42947e-06
0.766667 -1.04 3.29716e-06
0.766667 -1 0.000582067
0.766667 -0.96 0.000616565
0.766667 -0.92 0.000653468
0.766667 -0.88 0.000694367
0.766667 -0.84 0.000737918
0.766667 -0.8 0.00078765
0.766667 -0.76 0.000842823
0.766667 -0.72 0.000903164
0.766667 -0.68 0.000971208
0.766667 -0.64 0.00104771
0.766667 -0.6 0.00113397
0.766667 -0.56 0.00123214
0.766667 -0.52 0.00134457
0.766667 -0.48 0.00147363
0.766667 -0.44 0.00162408
0.766667 -0.4 0.00179982
0.766667 -0.36 0.00200853
0.766667 -0.32 0.00225822
0.766667 -0.28 0.00256165
0.766667 -0.24 0.00293558
0.766667 -0.2 0.00340506
0.766667 -0.16 0.00400743
0.766667 -0.12 0.00480011
0.766667 -0.08 0.00587708
0.766667 -0.04 0.00739725
0.766667 0 0.00964578
0.766667 0.04 0.0131593
0.766667 0.08 0.0189982
0.766667 0.12 0.0289524
0.766667 0.16 0.044295
0.766667 0.2 0.0547044
0.766667 0.24 0.0563031
0.766667 0.28 0.053303
0.766667 0.32 0.0549465
0.766667 0.36 0.0522303
0.766667 0.4 0.04748
0.766667 0.44 0.0469357
0.766667 0.48 0.0446988
0.766667 0.52 0.0419506
0.766667 0.56 0.0410041
0.766667 0.6 0.039695
0.766667 0.64 0.0373597
0.766667 0.68 0.0316316
0.766667 0.72 0.0328464
0.766667 0.76 0.03009
0.766667 0.8 0.0284463
0.766667 0.84 0.0290418
0.766667 0.88 0.026479
0.766667 0.92 0.0237222
0.766667 0.96 0.0212541
0.766667 1 0.0185479
0.766667 1.04 0.0174825
0.766667 1.08 0.0169919
0.766667 1.12 0.0156973
0.766667 1.16 0.0164282
0.766667 1.2 0.0136676
0.766667 1.24 0.0114022
0.766667 1.28 0.0141789
0.766667 1.32 0.0149547
0.766667 1.36 0.0135613
0.766667 1.4 0.0111689
0.766667 1.44 0.0115671
0.766667 1.48 0.0117025
0.766667 1.52 0.0116306
0.766667 1.56 0.0103056
0.766667 1.6 0.00775664
0.766667 1.64 0.00789798
0.766667 1.68 0.00948314
0.766667 1.72 0.00594147
0.766667 1.76 0.00727451
0.766667 1.8 0.00788698
0.766667 1.84 0.00428852
0.766667 1.88 0.00574398
0.766667 1.92 0.00407502
0.766667 1.96 0.00457027
0.766667 2 0.0075181
0.766667 2.04 0.00414216
0.766667 2.08 0.00304934
0.766667 2.12 0.00259899
0.766667 2.16 0.00553304
0.766667 2.2 0.00558608
0.766667 2.24 0.00590791
0.766667 2.28 0.00470429
0.766667 2.32 0.00283939
0.766667 2.36 0.00405274
0.766667 2.4 0.00458773
0.766667 2.44 0.00270224
0.766667 2.48 0.00211488
0.766667 2.52 0.00182437
0.766667 2.56 0.00265227
0.766667 2.6 0.00531764
0.766667 2.64 0.00195379
0.766667 2.68 0.00627558
0.766667 2.72 0.0024501
0.766667 2.76 0.000926151
0.766667 2.8 0.00151829
0.766667 2.84 0.00340222
0.766667 2.88 0.00521916
0.766667 2.92 0.00298967
0.766667 2.96 0.00459801
0.766667 3 0.00169774
0.766667 3.04 0.000846129
0.766667 3.08 0.00617285
0.766667 3.12 0.00725076
0.766667 3.16 0.00746157
0.766667 3.2 0.00322987
0.766667 3.24 0.00532276
0.766667 3.28 0.00160892
0.766667 3.32 0.00154289
0.766667 3.36 0.000382621
0.766667 3.4 0.00295442
0.766667 3.44 0.00378987
0.766667 3.48 0.00321968
0.766667 3.52 0.00129669
0.766667 3.56 0.00252094
0.766667 3.6 0.00164968
0.766667 3.64 0.00126529
0.766667 3.68 0.0019456
0.766667 3.72 0.00348052
0.766667 3.76 0.00241485
0.766667 3.8 0.00289358
0.766667 3.84 0.00150802
0.766667 3.88 0.00131171
0.766667 3.92 0.000262036
0.766667 3.96 0.00268651
0.766667 4 0.000458683
0.783333 -4 2.23883e-06
0.783333 -3.96 1.70466e-06
0.783333 -3.92 4.72959e-06
0.783333 -3.88 3.71261e-06
0.783333 -3.84 3.73002e-06
0.783333 -3.8 4.07914e-06
0.783333 -3.76 4.15622e-06
0.783333 -3.72 6.25054e-06
0.783333 -3.68 4.48416e-06
0.783333 -3.64 5.95164e-06
0.783333 -3.6 6.49763e-06
0.783333 -3.56 4.724e-06
0.783333 -3.52 3.52073e-06
0.783333 -3.48 4.6981e-06
0.783333 -3.44 2.54042e-06
0.783333 -3.4 3.36178e-06
0.783333 -3.36 1.28482e-06
0.783333 -3.32 4.28786e-06
0.783333 -3.28 2.79001e-06
0.783333 -3.24 2.75917e-06
0.783333 -3.2 3.98512e-06
0.783333 -3.16 3.72687e-06
0.783333 -3.12 3.07506e-06
0.783333 -3.08 3.02441e-06
0.783333 -3.04 2.92134e-06
0.783333 -3 3.76769e-06
0.783333 -2.96 4.62795e-06
0.783333 -2.92 2.94926e-06
0.783333 -2.88 4.57533e-06
0.783333 -2.84 3.65168e-06
0.783333 -2.8 2.78381e-06
0.783333 -2.76 3.18806e-06
0.783333 -2.72 2.95264e-06
0.783333 -2.68 1.95621e-06
0.783333 -2.64 1.101e-06
0.783333 -2.6 1.97542e-06
0.783333 -2.56 4.17693e-06
0.783333 -2.52 2.92766e-06
0.783333 -2.48 3.72989e-06
0.783333 -2.44 4.41372e-06
0.783333 -2.4 4.81434e-06
0.783333 -2.36 4.39334e-06
0.783333 -2.32 2.47668e-06
0.783333 -2.28 2.9278e-06
0.783333 -2.24 2.64101e-06
0.783333 -2.2 4.25582e-06
0.783333 -2.16 2.17703e-06
0.783333 -2.12 1.57455e-06
0.783333 -2.08 2.73491e-06
0.783333 -2.04 3.23827e-06
0.783333 -2 3.78978e-06
0.783333 -1.96 2.92317e-06
0.783333 -1.92 3.5533e-06
0.783333 -1.88 4.17221e-06
0.783333 -1.84 3.90369e-06
0.783333 -1.8 2.78266e-06
0.783333 -1.76 3.22364e-06
0.783333 -1.72 2.84203e-06
0.783333 -1.68 1.85593e-06
0.783333 -1.64 3.07804e-06
0.783333 -1.6 3.51725e-06
0.783333 -1.56 3.23435e-06
0.783333 -1.52 3.5187e-06
0.783333 -1.48 2.57908e-06
0.783333 -1.44 3.47062e-06
0.783333 -1.4 3.32302e-06
0.783333 -1.36 3.12878e-06
0.783333 -1.32 2.67306e-06
0.783333 -1.28 2.76486e-06
0.783333 -1.24 2.41483e-06
0.783333 -1.2 3.19708e-06
0.783333 -1.16 2.14392e-06
0.783333 -1.12 3.32472e-06
0.783333 -1.08 3.23785e-06
0.783333 -1.04 3.03332e-06
0.783333 -1 0.00062237
0.783333 -0.96 0.000660581
0.783333 -0.92 0.000701186
0.783333 -0.88 0.000746444
0.783333 -0.84 0.000795265
0.783333 -0.8 0.000850402
0.783333 -0.76 0.000912081
0.783333 -0.72 0.00098011
0.783333 -0.68 0.00105664
0.783333 -0.64 0.00114311
0.783333 -0.6 0.00124127
0.783333 -0.56 0.00135337
0.783333 -0.52 0.00148241
0.783333 -0.48 0.00163123
0.783333 -0.44 0.00180586
0.783333 -0.4 0.00201128
0.783333 -0.36 0.00225689
0.783333 -0.32 0.00255322
0.783333 -0.28 0.00291662
0.783333 -0.24 0.00336919
0.783333 -0.2 0.00394416
0.783333 -0.16 0.00469205
0.783333 -0.12 0.00569183
0.783333 -0.08 0.00707551
0.783333 -0.04 0.00907393
0.783333 0 0.0121049
0.783333 0.04 0.016985
0.783333 0.08 0.0252678
0.783333 0.12 0.0392063
0.783333 0.16 0.0576744
0.783333 0.2 0.0644818
0.783333 0.24 0.0622285
0.783333 0.28 0.0577341
0.783333 0.32 0.0580076
0.783333 0.36 0.0522173
0.783333 0.4 0.0483817
0.783333 0.44 0.0466343
0.783333 0.48 0.0438207
0.783333 0.52 0.0402556
0.783333 0.56 0.0386303
0.783333 0.6 0.0389216
0.783333 0.64 0.0342139
0.783333 0.68 0.0285162
0.783333 0.72 0.0287896
0.783333 0.76 0.0277806
0.783333 0.8 0.0250965
0.783333 0.84 0.025411
0.783333 0.88 0.0241841
0.783333 0.92 0.0215074
0.783333 0.96 0.0197012
0.783333 1 0.0158738
0.783333 1.04 0.0151324
0.783333 1.08 0.0152894
0.783333 1.12 0.0133022
0.783333 1.16 0.0158299
0.783333 1.2 0.0127508
0.783333 1.24 0.0112599
0.783333 1.28 0.012465
0.783333 1.32 0.0137575
0.783333 1.36 0.0113218
0.783333 1.4 0.00946379
0.783333 1.44 0.00947917
0.783333 1.48 0.0109286
0.783333 1.52 0.012213
0.783333 1.56 0.0103958
0.783333 1.6 0.00730421
0.783333 1.64 0.00688774
0.783333 1.68 0.00884259
0.783333 1.72 0.00635958
0.783333 1.76 0.00673997
0.783333 1.8 0.00694298
0.783333 1.84 0.0046811
0.783333 1.88 0.00544238
0.783333 1.92 0.00316663
0.783333 1.96 0.00447007
0.783333 2 0.0058729
0.783333 2.04 0.00293336
0.783333 2.08 0.00320305
0.783333 2.12 0.00381165
0.783333 2.16 0.00436776
0.783333 2.2 0.00474976
0.783333 2.24 0.00459485
0.783333 2.28 0.00542294
0.783333 2.32 0.00198668
0.783333 2.36 0.00578182
0.783333 2.4 0.00459838
0.783333 2.44 0.0023133
0.783333 2.48 0.00173974
0.783333 2.52 0.00265368
0.783333 2.56 0.00252671
0.783333 2.6 0.00538645
0.783333 2.64 4.4571e-05
0.783333 2.68 0.00468433
0.783333 2.72 0.00259022
0.783333 2.76 0.000186643
0.783333 2.8 0.000739877
0.783333 2.84 0.00374779
0.783333 2.88 0.00422004
0.783333 2.92 0.00279955
0.783333 2.96 0.0043222
0.783333 3 0.0016626
0.783333 3.04 0.000941884
0.783333 3.08 0.00667239
0.783333 3.12 0.00921601
0.783333 3.16 0.00695847
0.783333 3.2 0.00327351
0.783333 3.24 0.00565389
0.783333 3.28 0.0014432
0.783333 3.32 0.00142782
0.783333 3.36 0.000764284
0.783333 3.4 0.00264516
0.783333 3.44 0.00387014
0.783333 3.48 0.00339643
0.783333 3.52 0.0015447
0.783333 3.56 0.00254643
0.783333 3.6 0.00147157
0.783333 3.64 0.00132872
0.783333 3.68 0.00205054
0.783333 3.72 0.00335801
0.783333 3.76 0.00247759
0.783333 3.8 0.00264864
0.783333 3.84 0.00155714
0.783333 3.88 0.00160102
0.783333 3.92 0.000448172
0.783333 3.96 0.00262189
0.783333 4 0.000358103
0.8 -4 2.20084e-06
0.8 -3.96 1.25784e-06
0.8 -3.92 4.60195e-06
0.8 -3.88 3.33944e-06
0.8 -3.84 3.72496e-06
0.8 -3.8 4.95158e-06
0.8 -3.76 4.16262e-06
0.8 -3.72 6.71602e-06
0.8 -3.68 4.88664e-06
0.8 -3.64 5.8488e-06
0.8 -3.6 6.47156e-06
0.8 -3.56 4.67434e-06
0.8 -3.52 3.50018e-06
0.8 -3.48 4.5248e-06
0.8 -3.44 2.17839e-06
0.8 -3.4 2.7089e-06
0.8 -3.36 1.11175e-06
0.8 -3.32 3.77287e-06
0.8 -3.28 3.01269e-06
0.8 -3.24 2.64905e-06
0.8 -3.2 4.22593e-06
0.8 -3.16 3.76879e-06
0.8 -3.12 3.52369e-06
0.8 -3.08 2.86647e-06
0.8 -3.04 3.00554e-06
0.8 -3 4.31194e-06
0.8 -2.96 4.75651e-06
0.8 -2.92 2.56172e-06
0.8 -2.88 4.8228e-06
0.8 -2.84 3.68079e-06
0.8 -2.8 3.35786e-06
0.8 -2.76 3.04364e-06
0.8 -2.72 2.9348e-06
0.8 -2.68 1.21128e-06
0.8 -2.64 9.55517e-07
0.8 -2.6 1.66484e-06
0.8 -2.56 4.09812e-06
0.8 -2.52 3.09867e-06
0.8 -2.48 4.31323e-06
0.8 -2.44 4.37095e-06
0.8 -2.4 4.77228e-06
0.8 -2.36 4.2892e-06
0.8 -2.32 2.3652e-06
0.8 -2.28 3.72228e-06
0.8 -2.24 2.61668e-06
0.8 -2.2 4.00893e-06
0.8 -2.16 2.18198e-06
0.8 -2.12 2.11314e-06
0.8 -2.08 2.44666e-06
0.8 -2.04 3.60138e-06
0.8 -2 3.65303e-06
0.8 -1.96 2.7371e-06
0.8 -1.92 3.80293e-06
0.8 -1.88 3.98068e-06
0.8 -1.84 4.34512e-06
0.8 -1.8 3.52891e-06
0.8 -1.76 3.2833e-06
0.8 -1.72 2.78665e-06
0.8 -1.68 2.84405e-06
0.8 -1.64 2.73054e-06
0.8 -1.6 3.33458e-06
0.8 -1.56 3.16023e-06
0.8 -1.52 3.45259e-06
0.8 -1.48 2.55823e-06
0.8 -1.44 3.38647e-06
0.8 -1.4 3.37787e-06
0.8 -1.36 2.62331e-06
0.8 -1.32 2.72634e-06
0.8 -1.28 2.6776e-06
0.8 -1.24 1.81301e-06
0.8 -1.2 3.40647e-06
0.8 -1.16 2.53337e-06
0.8 -1.12 3.26881e-06
0.8 -1.08 3.13483e-06
0.8 -1.04 3.10095e-06
0.8 -1 0.000664423
0.8 -0.96 0.000706125
0.8 -0.92 0.000750882
0.8 -0.88 0.000800558
0.8 -0.84 0.000855295
0.8 -0.8 0.000916294
0.8 -0.76 0.000984731
0.8 -0.72 0.00106166
0.8 -0.68 0.00114743
0.8 -0.64 0.00124477
0.8 -0.6 0.00135586
0.8 -0.56 0.00148395
0.8 -0.52 0.00163148
0.8 -0.48 0.00180271
0.8 -0.44 0.00200507
0.8 -0.4 0.00224471
0.8 -0.36 0.00253331
0.8 -0.32 0.0028846
0.8 -0.28 0.0033196
0.8 -0.24 0.00386738
0.8 -0.2 0.00457226
0.8 -0.16 0.00550282
0.8 -0.12 0.00676858
0.8 -0.08 0.00855613
0.8 -0.04 0.0112015
0.8 0 0.0153276
0.8 0.04 0.0221714
0.8 0.08 0.0339421
0.8 0.12 0.0527069
0.8 0.16 0.071159
0.8 0.2 0.0720206
0.8 0.24 0.0659455
0.8 0.28 0.0604948
0.8 0.32 0.0586907
0.8 0.36 0.0503144
0.8 0.4 0.048289
0.8 0.44 0.0457749
0.8 0.48 0.0411939
0.8 0.52 0.0375843
0.8 0.56 0.0354251
0.8 0.6 0.0365161
0.8 0.64 0.0313955
0.8 0.68 0.0270936
0.8 0.72 0.0241016
0.8 0.76 0.0236941
0.8 0.8 0.0232605
0.8 0.84 0.0229911
0.8 0.88 0.0214184
0.8 0.92 0.0200264
0.8 0.96 0.0177338
0.8 1 0.0141794
0.8 1.04 0.013154
0.8 1.08 0.0134749
0.8 1.12 0.0124408
0.8 1.16 0.0144141
0.8 1.2 0.01261
0.8 1.24 0.0115202
0.8 1.28 0.0114233
0.8 1.32 0.0122959
0.8 1.36 0.00982971
0.8 1.4 0.00854239
0.8 1.44 0.00858379
0.8 1.48 0.010435
0.8 1.52 0.0103917
0.8 1.56 0.00883842
0.8 1.6 0.00730413
0.8 1.64 0.00635459
0.8 1.68 0.00804073
0.8 1.72 0.00622693
0.8 1.76 0.00657264
0.8 1.8 0.00643339
0.8 1.84 0.00413436
0.8 1.88 0.00480417
0.8 1.92 0.0024734
0.8 1.96 0.00352923
0.8 2 0.00433095
0.8 2.04 0.00285422
0.8 2.08 0.00249681
0.8 2.12 0.00435814
0.8 2.16 0.00459815
0.8 2.2 0.00426904
0.8 2.24 0.00504571
0.8 2.28 0.00556957
0.8 2.32 0.00184327
0.8 2.36 0.00680318
0.8 2.4 0.00414149
0.8 2.44 0.00198106
0.8 2.48 0.00150055
0.8 2.52 0.00162422
0.8 2.56 0.00170406
0.8 2.6 0.0055659
0.8 2.64 0.00109793
0.8 2.68 0.0034224
0.8 2.72 0.00213524
0.8 2.76 0.000131876
0.8 2.8 0.001739
0.8 2.84 0.0028072
0.8 2.88 0.00284153
0.8 2.92 0.00333366
0.8 2.96 0.00385723
0.8 3 0.000347194
0.8 3.04 2.12964e-05
0.8 3.08 0.00724163
0.8 3.12 0.00981989
0.8 3.16 0.00696967
0.8 3.2 0.00379855
0.8 3.24 0.00588539
0.8 3.28 0.000934629
0.8 3.32 0.00117367
0.8 3.36 0.00044909
0.8 3.4 0.00211984
0.8 3.44 0.00346449
0.8 3.48 0.00336099
0.8 3.52 0.00146647
0.8 3.56 0.00230679
0.8 3.6 0.00125462
0.8 3.64 0.00109631
0.8 3.68 0.00183533
0.8 3.72 0.00280811
0.8 3.76 0.00268809
0.8 3.8 0.00261026
0.8 3.84 0.00143855
0.8 3.88 0.00190852
0.8 3.92 0.00052993
0.8 3.96 0.00297405
0.8 4 0.00039592
0.816667 -4 2.01158e-06
0.816667 -3.96 1.15376e-06
0.816667 -3.92 4.97951e-06
0.816667 -3.88 3.56562e-06
0.816667 -3.84 4.14939e-06
0.816667 -3.8 5.31407e-06
0.816667 -3.76 4.59095e-06
0.816667 -3.72 6.73291e-06
0.816667 -3.68 5.18878e-06
0.816667 -3.64 6.06897e-06
0.816667 -3.6 6.49523e-06
0.816667 -3.56 5.04176e-06
0.816667 -3.52 2.17352e-06
0.816667 -3.48 3.65503e-06
0.816667 -3.44 1.73247e-06
0.816667 -3.4 2.19656e-06
0.816667 -3.36 8.09146e-07
0.816667 -3.32 3.63064e-06
0.816667 -3.28 3.15192e-06
0.816667 -3.24 2.47573e-06
0.816667 -3.2 4.20453e-06
0.816667 -3.16 3.95338e-06
0.816667 -3.12 4.64427e-06
0.816667 -3.08 3.0155e-06
0.816667 -3.04 3.18781e-06
0.816667 -3 4.81622e-06
0.816667 -2.96 4.88277e-06
0.816667 -2.92 2.57158e-06
0.816667 -2.88 5.25648e-06
0.816667 -2.84 3.49735e-06
0.816667 -2.8 4.00428e-06
0.816667 -2.76 2.65804e-06
0.816667 -2.72 3.07525e-06
0.816667 -2.68 1.22896e-06
0.816667 -2.64 7.6529e-07
0.816667 -2.6 1.98185e-06
0.816667 -2.56 4.3932e-06
0.816667 -2.52 3.24165e-06
0.816667 -2.48 4.57439e-06
0.816667 -2.44 4.34274e-06
0.816667 -2.4 4.70589e-06
0.816667 -2.36 4.1573e-06
0.816667 -2.32 2.61275e-06
0.816667 -2.28 4.30661e-06
0.816667 -2.24 2.57218e-06
0.816667 -2.2 3.52796e-06
0.816667 -2.16 2.43836e-06
0.816667 -2.12 2.60486e-06
0.816667 -2.08 2.22368e-06
0.816667 -2.04 3.54608e-06
0.816667 -2 3.39625e-06
0.816667 -1.96 3.17307e-06
0.816667 -1.92 4.10031e-06
0.816667 -1.88 4.07868e-06
0.816667 -1.84 4.64846e-06
0.816667 -1.8 4.06488e-06
0.816667 -1.76 3.24574e-06
0.816667 -1.72 2.78071e-06
0.816667 -1.68 3.59366e-06
0.816667 -1.64 2.35304e-06
0.816667 -1.6 3.18061e-06
0.816667 -1.56 3.15631e-06
0.816667 -1.52 3.46155e-06
0.816667 -1.48 1.9715e-06
0.816667 -1.44 3.30528e-06
0.816667 -1.4 3.37862e-06
0.816667 -1.36 2.38047e-06
0.816667 -1.32 2.95603e-06
0.816667 -1.28 2.61856e-06
0.816667 -1.24 1.92171e-06
0.816667 -1.2 3.30159e-06
0.816667 -1.16 2.79994e-06
0.816667 -1.12 2.74504e-06
0.816667 -1.08 3.24201e-06
0.816667 -1.04 3.42017e-06
0.816667 -1 0.000707365
0.816667 -0.96 0.000752566
0.816667 -0.92 0.000801795
0.816667 -0.88 0.000856521
0.816667 -0.84 0.000917198
0.816667 -0.8 0.000984765
0.816667 -0.76 0.00106045
0.816667 -0.72 0.00114668
0.816667 -0.68 0.00124267
0.816667 -0.64 0.00135196
0.816667 -0.6 0.00147721
0.816667 -0.56 0.00162282
0.816667 -0.52 0.00179103
0.816667 -0.48 0.00198752
0.816667 -0.44 0.00222119
0.816667 -0.4 0.00249978
0.816667 -0.36 0.00283799
0.816667 -0.32 0.00325339
0.816667 -0.28 0.003773
0.816667 -0.24 0.004435
0.816667 -0.2 0.00529847
0.816667 -0.16 0.00645643
0.816667 -0.12 0.00806145
0.816667 -0.08 0.0103784
0.816667 -0.04 0.0138954
0.816667 0 0.0195498
0.816667 0.04 0.0291805
0.816667 0.08 0.0456415
0.816667 0.12 0.0689044
0.816667 0.16 0.0817943
0.816667 0.2 0.076254
0.816667 0.24 0.0669354
0.816667 0.28 0.0614342
0.816667 0.32 0.0573025
0.816667 0.36 0.0480501
0.816667 0.4 0.0469016
0.816667 0.44 0.0446856
0.816667 0.48 0.0376225
0.816667 0.52 0.0344162
0.816667 0.56 0.0321178
0.816667 0.6 0.0330324
0.816667 0.64 0.0294436
0.816667 0.68 0.0259898
0.816667 0.72 0.0209786
0.816667 0.76 0.0189312
0.816667 0.8 0.022645
0.816667 0.84 0.0219132
0.816667 0.88 0.0195048
0.816667 0.92 0.0179901
0.816667 0.96 0.0150592
0.816667 1 0.01306
0.816667 1.04 0.0120307
0.816667 1.08 0.0115366
0.816667 1.12 0.0117214
0.816667 1.16 0.0116677
0.816667 1.2 0.0118009
0.816667 1.24 0.00967282
0.816667 1.28 0.00999074
0.816667 1.32 0.011022
0.816667 1.36 0.00999301
0.816667 1.4 0.00794349
0.816667 1.44 0.00856149
0.816667 1.48 0.00955426
0.816667 1.52 0.00813023
0.816667 1.56 0.00658787
0.816667 1.6 0.00716268
0.816667 1.64 0.00638264
0.816667 1.68 0.00774686
0.816667 1.72 0.00448859
0.816667 1.76 0.00576167
0.816667 1.8 0.00639251
0.816667 1.84 0.00227465
0.816667 1.88 0.00429201
0.816667 1.92 0.0028929
0.816667 1.96 0.00274951
0.816667 2 0.00477314
0.816667 2.04 0.00342413
0.816667 2.08 0.00147748
0.816667 2.12 0.00327103
0.816667 2.16 0.00498464
0.816667 2.2 0.00416313
0.816667 2.24 0.00636657
0.816667 2.28 0.00439664
0.816667 2.32 0.00289268
0.816667 2.36 0.00565262
0.816667 2.4 0.00383692
0.816667 2.44 0.00199496
0.816667 2.48 0.00171478
0.816667 2.52 0.000158822
0.816667 2.56 0.0014221
0.816667 2.6 0.00575385
0.816667 2.64 0.000630059
0.816667 2.68 0.0033437
0.816667 2.72 0.00144658
0.816667 2.76 0.00130084
0.816667 2.8 0.00322155
0.816667 2.84 0.000854294
0.816667 2.88 0.00256179
0.816667 2.92 0.00377942
0.816667 2.96 0.00365362
0.816667 3 0.000125834
0.816667 3.04 0.00218868
0.816667 3.08 0.00760625
0.816667 3.12 0.00849104
0.816667 3.16 0.00745116
0.816667 3.2 0.0042344
0.816667 3.24 0.00580703
0.816667 3.28 0.000569365
0.816667 3.32 0.00106638
0.816667 3.36 0.000450046
0.816667 3.4 0.00185398
0.816667 3.44 0.00322351
0.816667 3.48 0.00300775
0.816667 3.52 0.0012807
0.816667 3.56 0.00208214
0.816667 3.6 0.00128301
0.816667 3.64 0.000871421
0.816667 3.68 0.00168077
0.816667 3.72 0.00252679
0.816667 3.76 0.00284696
0.816667 3.8 0.00269108
0.816667 3.84 0.00115068
0.816667 3.88 0.00184317
0.816667 3.92 0.0004046
0.816667 3.96 0.00316571
0.816667 4 0.000627374
0.833333 -4 1.90093e-06
0.833333 -3.96 1.4071e-06
0.833333 -3.92 5.22391e-06
0.833333 -3.88 3.875e-06
0.833333 -3.84 4.36541e-06
0.833333 -3.8 4.68864e-06
0.833333 -3.76 4.93419e-06
0.833333 -3.72 6.89847e-06
0.833333 -3.68 5.18566e-06
0.833333 -3.64 6.48281e-06
0.833333 -3.6 6.27341e-06
0.833333 -3.56 5.07233e-06
0.833333 -3.52 2.03081e-06
0.833333 -3.48 3.52388e-06
0.833333 -3.44 1.19907e-06
0.833333 -3.4 2.29548e-06
0.833333 -3.36 3.45157e-07
0.833333 -3.32 3.96058e-06
0.833333 -3.28 3.17644e-06
0.833333 -3.24 2.228e-06
0.833333 -3.2 3.97152e-06
0.833333 -3.16 4.18782e-06
0.833333 -3.12 4.6991e-06
0.833333 -3.08 3.33598e-06
0.833333 -3.04 3.32337e-06
0.833333 -3 4.88318e-06
0.833333 -2.96 4.77138e-06
0.833333 -2.92 3.07821e-06
0.833333 -2.88 5.1723e-06
0.833333 -2.84 3.17092e-06
0.833333 -2.8 3.46706e-06
0.833333 -2.76 2.05033e-06
0.833333 -2.72 3.44074e-06
0.833333 -2.68 1.7674e-06
0.833333 -2.64 6.81497e-07
0.833333 -2.6 2.43725e-06
0.833333 -2.56 4.79535e-06
0.833333 -2.52 3.46406e-06
0.833333 -2.48 4.49861e-06
0.833333 -2.44 4.32498e-06
0.833333 -2.4 4.46013e-06
0.833333 -2.36 4.23026e-06
0.833333 -2.32 2.84994e-06
0.833333 -2.28 4.59076e-06
0.833333 -2.24 2.55025e-06
0.833333 -2.2 3.29503e-06
0.833333 -2.16 2.85106e-06
0.833333 -2.12 2.42702e-06
0.833333 -2.08 2.191e-06
0.833333 -2.04 3.36494e-06
0.833333 -2 3.05329e-06
0.833333 -1.96 3.56342e-06
0.833333 -1.92 3.96608e-06
0.833333 -1.88 4.42258e-06
0.833333 -1.84 4.52852e-06
0.833333 -1.8 3.75096e-06
0.833333 -1.76 2.71461e-06
0.833333 -1.72 3.16508e-06
0.833333 -1.68 3.16845e-06
0.833333 -1.64 2.46651e-06
0.833333 -1.6 3.17688e-06
0.833333 -1.56 3.21481e-06
0.833333 -1.52 3.41212e-06
0.833333 -1.48 1.68618e-06
0.833333 -1.44 3.22382e-06
0.833333 -1.4 3.13681e-06
0.833333 -1.36 2.72822e-06
0.833333 -1.32 3.1271e-06
0.833333 -1.28 2.85186e-06
0.833333 -1.24 2.62211e-06
0.833333 -1.2 2.94227e-06
0.833333 -1.16 2.59776e-06
0.833333 -1.12 2.54142e-06
0.833333 -1.08 3.43769e-06
0.833333 -1.04 3.61651e-06
0.833333 -1 0.000750398
0.833333 -0.96 0.000799467
0.833333 -0.92 0.000853216
0.833333 -0.88 0.000913637
0.833333 -0.84 0.000980205
0.833333 -0.8 0.00105479
0.833333 -0.76 0.00113838
0.833333 -0.72 0.00123395
0.833333 -0.68 0.00134108
0.833333 -0.64 0.00146344
0.833333 -0.6 0.00160429
0.833333 -0.56 0.00176847
0.833333 -0.52 0.00195961
0.833333 -0.48 0.0021841
0.833333 -0.44 0.00245259
0.833333 -0.4 0.00277503
0.833333 -0.36 0.00316967
0.833333 -0.32 0.00365888
0.833333 -0.28 0.0042772
0.833333 -0.24 0.00507452
0.833333 -0.2 0.00612926
0.833333 -0.16 0.00756717
0.833333 -0.12 0.00960023
0.833333 -0.08 0.0126046
0.833333 -0.04 0.0172878
0.833333 0 0.0250475
0.833333 0.04 0.038509
0.833333 0.08 0.0606594
0.833333 0.12 0.0853491
0.833333 0.16 0.0874309
0.833333 0.2 0.0770171
0.833333 0.24 0.0655199
0.833333 0.28 0.0609182
0.833333 0.32 0.0545196
0.833333 0.36 0.046259
0.833333 0.4 0.0444784
0.833333 0.44 0.0422253
0.833333 0.48 0.0345368
0.833333 0.52 0.0316286
0.833333 0.56 0.0294495
0.833333 0.6 0.0305118
0.833333 0.64 0.0273928
0.833333 0.68 0.0234155
0.833333 0.72 0.019325
0.833333 0.76 0.0167117
0.833333 0.8 0.0209782
0.833333 0.84 0.0202129
0.833333 0.88 0.0181073
0.833333 0.92 0.0155635
0.833333 0.96 0.0128688
0.833333 1 0.0118243
0.833333 1.04 0.0119541
0.833333 1.08 0.00995216
0.833333 1.12 0.0105871
0.833333 1.16 0.00956746
0.833333 1.2 0.0100364
0.833333 1.24 0.00742457
0.833333 1.28 0.00814353
0.833333 1.32 0.0100289
0.833333 1.36 0.00948284
0.833333 1.4 0.00693197
0.833333 1.44 0.0074062
0.833333 1.48 0.00863996
0.833333 1.52 0.00817146
0.833333 1.56 0.00552411
0.833333 1.6 0.00654559
0.833333 1.64 0.00642982
0.833333 1.68 0.00777869
0.833333 1.72 0.00320004
0.833333 1.76 0.00438843
0.833333 1.8 0.00630354
0.833333 1.84 0.00170531
0.833333 1.88 0.0044059
0.833333 1.92 0.00348711
0.833333 1.96 0.00284687
0.833333 2 0.00565737
0.833333 2.04 0.00299773
0.833333 2.08 0.00144819
0.833333 2.12 0.00210744
0.833333 2.16 0.00451804
0.833333 2.2 0.00422939
0.833333 2.24 0.0059251
0.833333 2.28 0.00399305
0.833333 2.32 0.0029375
0.833333 2.36 0.00441359
0.833333 2.4 0.00420885
0.833333 2.44 0.00237801
0.833333 2.48 0.00189684
0.833333 2.52 0.000699765
0.833333 2.56 0.00200637
0.833333 2.6 0.00551179
0.833333 2.64 0.000356853
0.833333 2.68 0.00375568
0.833333 2.72 0.00122124
0.833333 2.76 0.00133162
0.833333 2.8 0.00290295
0.833333 2.84 0.000491387
0.833333 2.88 0.00341764
0.833333 2.92 0.00349104
0.833333 2.96 0.00353745
0.833333 3 0.0017832
0.833333 3.04 0.00146646
0.833333 3.08 0.00784833
0.833333 3.12 0.00710687
0.833333 3.16 0.00795341
0.833333 3.2 0.00430618
0.833333 3.24 0.00575787
0.833333 3.28 0.000458932
0.833333 3.32 0.00117466
0.833333 3.36 0.000971058
0.833333 3.4 0.00181794
0.833333 3.44 0.00335844
0.833333 3.48 0.00248532
0.833333 3.52 0.0012597
0.833333 3.56 0.00193459
0.833333 3.6 0.00130775
0.833333 3.64 0.000985918
0.833333 3.68 0.00178718
0.833333 3.72 0.00277564
0.833333 3.76 0.00268323
0.833333 3.8 0.00263329
0.833333 3.84 0.00114593
0.833333 3.88 0.00162363
0.833333 3.92 0.000371444
0.833333 3.96 0.00305671
0.833333 4 0.000900905
0.85 -4 1.93922e-06
0.85 -3.96 1.62362e-06
0.85 -3.92 4.86552e-06
0.85 -3.88 3.71153e-06
0.85 -3.84 4.17592e-06
0.85 -3.8 4.22318e-06
0.85 -3.76 4.8743e-06
0.85 -3.72 7.49871e-06
0.85 -3.68 5.12451e-06
0.85 -3.64 6.62116e-06
0.85 -3.6 5.86298e-06
0.85 -3.56 4.6857e-06
0.85 -3.52 3.53365e-06
0.85 -3.48 4.21453e-06
0.85 -3.44 8.34014e-07
0.85 -3.4 2.51626e-06
0.85 -3.36 2.13784e-07
0.85 -3.32 4.14829e-06
0.85 -3.28 3.18176e-06
0.85 -3.24 1.90006e-06
0.85 -3.2 3.89179e-06
0.85 -3.16 4.23101e-06
0.85 -3.12 3.96119e-06
0.85 -3.08 3.48698e-06
0.85 -3.04 3.25779e-06
0.85 -3 4.70761e-06
0.85 -2.96 4.56762e-06
0.85 -2.92 3.30249e-06
0.85 -2.88 4.74043e-06
0.85 -2.84 2.97436e-06
0.85 -2.8 2.56754e-06
0.85 -2.76 1.68536e-06
0.85 -2.72 3.7602e-06
0.85 -2.68 1.88268e-06
0.85 -2.64 7.21894e-07
0.85 -2.6 2.42359e-06
0.85 -2.56 4.8524e-06
0.85 -2.52 3.78554e-06
0.85 -2.48 4.71023e-06
0.85 -2.44 4.40163e-06
0.85 -2.4 4.29856e-06
0.85 -2.36 4.42743e-06
0.85 -2.32 2.66703e-06
0.85 -2.28 4.70307e-06
0.85 -2.24 2.56653e-06
0.85 -2.2 3.3715e-06
0.85 -2.16 3.10434e-06
0.85 -2.12 1.9653e-06
0.85 -2.08 2.19528e-06
0.85 -2.04 3.47892e-06
0.85 -2 2.87454e-06
0.85 -1.96 3.33121e-06
0.85 -1.92 3.71738e-06
0.85 -1.88 4.56833e-06
0.85 -1.84 4.12571e-06
0.85 -1.8 3.24618e-06
0.85 -1.76 2.16898e-06
0.85 -1.72 3.59177e-06
0.85 -1.68 2.46748e-06
0.85 -1.64 2.88535e-06
0.85 -1.6 3.21693e-06
0.85 -1.56 3.23871e-06
0.85 -1.52 3.26691e-06
0.85 -1.48 1.92607e-06
0.85 -1.44 3.21065e-06
0.85 -1.4 2.87058e-06
0.85 -1.36 3.29396e-06
0.85 -1.32 3.05758e-06
0.85 -1.28 3.11579e-06
0.85 -1.24 3.13159e-06
0.85 -1.2 2.78344e-06
0.85 -1.16 2.23477e-06
0.85 -1.12 2.92232e-06
0.85 -1.08 3.48166e-06
0.85 -1.04 3.52553e-06
0.85 -1 0.000793076
0.85 -0.96 0.000846335
0.85 -0.92 0.000904674
0.85 -0.88 0.000970692
0.85 -0.84 0.00104347
0.85 -0.8 0.00112518
0.85 -0.76 0.00121723
0.85 -0.72 0.00132246
0.85 -0.68 0.00144124
0.85 -0.64 0.00157748
0.85 -0.6 0.00173517
0.85 -0.56 0.001919
0.85 -0.52 0.00213491
0.85 -0.48 0.00238974
0.85 -0.44 0.00269638
0.85 -0.4 0.00306744
0.85 -0.36 0.00352515
0.85 -0.32 0.0040979
0.85 -0.28 0.00482946
0.85 -0.24 0.00578453
0.85 -0.2 0.00706625
0.85 -0.16 0.00884353
0.85 -0.12 0.0114084
0.85 -0.08 0.0152922
0.85 -0.04 0.021514
0.85 0 0.0321024
0.85 0.04 0.0505415
0.85 0.08 0.0782358
0.85 0.12 0.0981773
0.85 0.16 0.088055
0.85 0.2 0.074769
0.85 0.24 0.0628436
0.85 0.28 0.0592956
0.85 0.32 0.0512332
0.85 0.36 0.044726
0.85 0.4 0.0415054
0.85 0.44 0.0381108
0.85 0.48 0.0323408
0.85 0.52 0.0292985
0.85 0.56 0.0275559
0.85 0.6 0.0290829
0.85 0.64 0.0247446
0.85 0.68 0.0205785
0.85 0.72 0.0178088
0.85 0.76 0.0170169
0.85 0.8 0.0178128
0.85 0.84 0.0173962
0.85 0.88 0.0159691
0.85 0.92 0.0139737
0.85 0.96 0.0120489
0.85 1 0.0105584
0.85 1.04 0.0120093
0.85 1.08 0.00909037
0.85 1.12 0.00969762
0.85 1.16 0.00927821
0.85 1.2 0.00848943
0.85 1.24 0.00728536
0.85 1.28 0.00670543
0.85 1.32 0.00925173
0.85 1.36 0.00683861
0.85 1.4 0.00575619
0.85 1.44 0.00511582
0.85 1.48 0.00839189
0.85 1.52 0.00934422
0.85 1.56 0.00580541
0.85 1.6 0.00540932
0.85 1.64 0.00612914
0.85 1.68 0.00753503
0.85 1.72 0.00357234
0.85 1.76 0.00366041
0.85 1.8 0.00593745
0.85 1.84 0.00316126
0.85 1.88 0.00467771
0.85 1.92 0.00317779
0.85 1.96 0.00293824
0.85 2 0.00501642
0.85 2.04 0.00186597
0.85 2.08 0.00220092
0.85 2.12 0.00226103
0.85 2.16 0.00367773
0.85 2.2 0.00432244
0.85 2.24 0.00393859
0.85 2.28 0.00513947
0.85 2.32 0.00159862
0.85 2.36 0.00514578
0.85 2.4 0.00472441
0.85 2.44 0.00233489
0.85 2.48 0.00187976
0.85 2.52 1.41002e-06
0.85 2.56 0.0022731
0.85 2.6 0.00493731
0.85 2.64 0.00102652
0.85 2.68 0.0034972
0.85 2.72 0.00131917
0.85 2.76 0.000264811
0.85 2.8 0.0013407
0.85 2.84 0.000379339
0.85 2.88 0.00402864
0.85 2.92 0.00289679
0.85 2.96 0.00320397
0.85 3 0.00319632
0.85 3.04 0.00120028
0.85 3.08 0.00816648
0.85 3.12 0.00734963
0.85 3.16 0.00824529
0.85 3.2 0.00425956
0.85 3.24 0.00591027
0.85 3.28 0.000442848
0.85 3.32 0.0012474
0.85 3.36 0.000809484
0.85 3.4 0.00204334
0.85 3.44 0.00352787
0.85 3.48 0.00218419
0.85 3.52 0.00123576
0.85 3.56 0.00172359
0.85 3.6 0.00109815
0.85 3.64 0.00137341
0.85 3.68 0.00191973
0.85 3.72 0.00306235
0.85 3.76 0.00232724
0.85 3.8 0.00248088
0.85 3.84 0.0014018
0.85 3.88 0.00156082
0.85 3.92 0.000578768
0.85 3.96 0.00293331
0.85 4 0.00109856
0.866667 -4 1.89934e-06
0.866667 -3.96 1.58419e-06
0.866667 -3.92 4.38101e-06
0.866667 -3.88 3.46402e-06
0.866667 -3.84 4.00528e-06
0.866667 -3.8 4.87089e-06
0.866667 -3.76 4.7196e-06
0.866667 -3.72 7.97544e-06
0.866667 -3.68 5.22221e-06
0.866667 -3.64 6.39793e-06
0.866667 -3.6 5.69574e-06
0.866667 -3.56 4.80127e-06
0.866667 -3.52 4.26149e-06
0.866667 -3.48 4.36003e-06
0.866667 -3.44 7.36447e-07
0.866667 -3.4 2.13808e-06
0.866667 -3.36 6.6599e-07
0.866667 -3.32 3.90545e-06
0.866667 -3.28 3.19398e-06
0.866667 -3.24 1.70469e-06
0.866667 -3.2 4.1182e-06
0.866667 -3.16 4.10206e-06
0.866667 -3.12 4.05747e-06
0.866667 -3.08 3.49092e-06
0.866667 -3.04 3.07139e-06
0.866667 -3 4.73597e-06
0.866667 -2.96 4.62363e-06
0.866667 -2.92 2.79928e-06
0.866667 -2.88 4.70227e-06
0.866667 -2.84 2.97897e-06
0.866667 -2.8 2.80886e-06
0.866667 -2.76 1.83671e-06
0.866667 -2.72 3.76304e-06
0.866667 -2.68 1.40696e-06
0.866667 -2.64 7.28336e-07
0.866667 -2.6 2.03762e-06
0.866667 -2.56 4.64001e-06
0.866667 -2.52 4.11163e-06
0.866667 -2.48 5.39506e-06
0.866667 -2.44 4.55774e-06
0.866667 -2.4 4.49793e-06
0.866667 -2.36 4.47726e-06
0.866667 -2.32 2.26761e-06
0.866667 -2.28 4.7044e-06
0.866667 -2.24 2.54388e-06
0.866667 -2.2 3.44935e-06
0.866667 -2.16 3.13421e-06
0.866667 -2.12 2.02707e-06
0.866667 -2.08 2.02259e-06
0.866667 -2.04 3.72535e-06
0.866667 -2 3.02169e-06
0.866667 -1.96 2.9133e-06
0.866667 -1.92 3.82126e-06
0.866667 -1.88 4.41784e-06
0.866667 -1.84 3.81118e-06
0.866667 -1.8 3.37461e-06
0.866667 -1.76 2.26143e-06
0.866667 -1.72 3.575e-06
0.866667 -1.68 2.72025e-06
0.866667 -1.64 3.07551e-06
0.866667 -1.6 3.16733e-06
0.866667 -1.56 3.22376e-06
0.866667 -1.52 3.17954e-06
0.866667 -1.48 2.03022e-06
0.866667 -1.44 3.28997e-06
0.866667 -1.4 2.97674e-06
0.866667 -1.36 3.31486e-06
0.866667 -1.32 2.89421e-06
0.866667 -1.28 2.98251e-06
0.866667 -1.24 2.94618e-06
0.866667 -1.2 2.97306e-06
0.866667 -1.16 2.19337e-06
0.866667 -1.12 3.31691e-06
0.866667 -1.08 3.29099e-06
0.866667 -1.04 3.36697e-06
0.866667 -1 0.000834934
0.866667 -0.96 0.000892305
0.866667 -0.92 0.000955508
0.866667 -0.88 0.00102656
0.866667 -0.84 0.00110577
0.866667 -0.8 0.00119477
0.866667 -0.76 0.00129558
0.866667 -0.72 0.00141083
0.866667 -0.68 0.00154149
0.866667 -0.64 0.00169197
0.866667 -0.6 0.00186712
0.866667 -0.56 0.00207182
0.866667 -0.52 0.00231365
0.866667 -0.48 0.00260066
0.866667 -0.44 0.00294826
0.866667 -0.4 0.00337205
0.866667 -0.36 0.00389875
0.866667 -0.32 0.00456402
0.866667 -0.28 0.00542273
0.866667 -0.24 0.00655775
0.866667 -0.2 0.00810316
0.866667 -0.16 0.0102834
0.866667 -0.12 0.0134951
0.866667 -0.08 0.0184788
0.866667 -0.04 0.0266812
0.866667 0 0.0409253
0.866667 0.04 0.0652574
0.866667 0.08 0.0959695
0.866667 0.12 0.104395
0.866667 0.16 0.0852438
0.866667 0.2 0.0704458
0.866667 0.24 0.0602459
0.866667 0.28 0.0566171
0.866667 0.32 0.0480796
0.866667 0.36 0.042874
0.866667 0.4 0.0383526
0.866667 0.44 0.0341274
0.866667 0.48 0.0301794
0.866667 0.52 0.0267584
0.866667 0.56 0.0259811
0.866667 0.6 0.0267026
0.866667 0.64 0.0222823
0.866667 0.68 0.0194194
0.866667 0.72 0.0162512
0.866667 0.76 0.0166494
0.866667 0.8 0.0153765
0.866667 0.84 0.0152611
0.866667 0.88 0.0134061
0.866667 0.92 0.0133146
0.866667 0.96 0.0118547
0.866667 1 0.009857
0.866667 1.04 0.0109175
0.866667 1.08 0.00877352
0.866667 1.12 0.00913142
0.866667 1.16 0.00927789
0.866667 1.2 0.00797914
0.866667 1.24 0.00813246
0.866667 1.28 0.00600678
0.866667 1.32 0.00892878
0.866667 1.36 0.00419564
0.866667 1.4 0.00500422
0.866667 1.44 0.00412003
0.866667 1.48 0.00858396
0.866667 1.52 0.0089354
0.866667 1.56 0.00576333
0.866667 1.6 0.00435779
0.866667 1.64 0.00575123
0.866667 1.68 0.00707075
0.866667 1.72 0.00364593
0.866667 1.76 0.00405762
0.866667 1.8 0.00547693
0.866667 1.84 0.00370526
0.866667 1.88 0.00435598
0.866667 1.92 0.0023748
0.866667 1.96 0.00235325
0.866667 2 0.00386144
0.866667 2.04 0.00183303
0.866667 2.08 0.00245348
0.866667 2.12 0.00272383
0.866667 2.16 0.00331448
0.866667 2.2 0.00430023
0.866667 2.24 0.00308962
0.866667 2.28 0.00563249
0.866667 2.32 0.00141842
0.866667 2.36 0.00660855
0.866667 2.4 0.00470171
0.866667 2.44 0.001346
0.866667 2.48 0.00213217
0.866667 2.52 0.000314422
0.866667 2.56 0.00127971
0.866667 2.6 0.00473798
0.866667 2.64 0.00111101
0.866667 2.68 0.00257751
0.866667 2.72 0.00116824
0.866667 2.76 1.15734e-06
0.866667 2.8 0.000947451
0.866667 2.84 0.00029494
0.866667 2.88 0.00378385
0.866667 2.92 0.00285985
0.866667 2.96 0.00285046
0.866667 3 0.00285904
0.866667 3.04 0.00121124
0.866667 3.08 0.00856958
0.866667 3.12 0.00857359
0.866667 3.16 0.00831221
0.866667 3.2 0.00438299
0.866667 3.24 0.00600781
0.866667 3.28 0.000407449
0.866667 3.32 0.00114968
0.866667 3.36 0.000597695
0.866667 3.4 0.0025741
0.866667 3.44 0.00354366
0.866667 3.48 0.00231684
0.866667 3.52 0.000927877
0.866667 3.56 0.00142617
0.866667 3.6 0.000851351
0.866667 3.64 0.00163501
0.866667 3.68 0.00186195
0.866667 3.72 0.00290271
0.866667 3.76 0.00217813
0.866667 3.8 0.00249514
0.866667 3.84 0.00136331
0.866667 3.88 0.00150295
0.866667 3.92 0.000780481
0.866667 3.96 0.00291275
0.866667 4 0.00125661
0.883333 -4 1.77753e-06
0.883333 -3.96 1.48477e-06
0.883333 -3.92 4.44342e-06
0.883333 -3.88 3.59234e-06
0.883333 -3.84 4.08215e-06
0.883333 -3.8 5.81431e-06
0.883333 -3.76 4.89514e-06
0.883333 -3.72 7.92848e-06
0.883333 -3.68 5.31948e-06
0.883333 -3.64 6.23866e-06
0.883333 -3.6 5.90368e-06
0.883333 -3.56 5.58628e-06
0.883333 -3.52 3.24637e-06
0.883333 -3.48 3.67462e-06
0.883333 -3.44 6.32074e-07
0.883333 -3.4 1.32307e-06
0.883333 -3.36 8.08052e-07
0.883333 -3.32 3.68795e-06
0.883333 -3.28 3.11481e-06
0.883333 -3.24 1.82236e-06
0.883333 -3.2 4.33668e-06
0.883333 -3.16 4.04781e-06
0.883333 -3.12 5.05719e-06
0.883333 -3.08 3.54675e-06
0.883333 -3.04 3.09279e-06
0.883333 -3 4.96938e-06
0.883333 -2.96 4.86307e-06
0.883333 -2.92 2.21192e-06
0.883333 -2.88 5.05361e-06
0.883333 -2.84 3.02566e-06
0.883333 -2.8 3.67338e-06
0.883333 -2.76 2.07031e-06
0.883333 -2.72 3.59546e-06
0.883333 -2.68 1.0683e-06
0.883333 -2.64 5.68426e-07
0.883333 -2.6 1.7256e-06
0.883333 -2.56 4.5286e-06
0.883333 -2.52 4.31036e-06
0.883333 -2.48 5.92336e-06
0.883333 -2.44 4.65786e-06
0.883333 -2.4 4.82013e-06
0.883333 -2.36 4.36366e-06
0.883333 -2.32 2.17562e-06
0.883333 -2.28 4.49721e-06
0.883333 -2.24 2.40981e-06
0.883333 -2.2 3.38816e-06
0.883333 -2.16 3.22612e-06
0.883333 -2.12 2.49506e-06
0.883333 -2.08 1.77646e-06
0.883333 -2.04 3.77203e-06
0.883333 -2 3.27923e-06
0.883333 -1.96 2.99532e-06
0.883333 -1.92 4.06083e-06
0.883333 -1.88 4.34501e-06
0.883333 -1.84 3.76332e-06
0.883333 -1.8 3.81159e-06
0.883333 -1.76 2.71404e-06
0.883333 -1.72 3.29166e-06
0.883333 -1.68 3.42872e-06
0.883333 -1.64 2.96525e-06
0.883333 -1.6 3.09614e-06
0.883333 -1.56 3.27352e-06
0.883333 -1.52 3.26208e-06
0.883333 -1.48 1.69197e-06
0.883333 -1.44 3.33337e-06
0.883333 -1.4 3.34961e-06
0.883333 -1.36 2.64816e-06
0.883333 -1.32 2.89873e-06
0.883333 -1.28 2.63338e-06
0.883333 -1.24 2.29364e-06
0.883333 -1.2 3.1937e-06
0.883333 -1.16 2.46621e-06
0.883333 -1.12 3.22162e-06
0.883333 -1.08 3.08335e-06
0.883333 -1.04 3.40032e-06
0.883333 -1 0.000875037
0.883333 -0.96 0.000936255
0.883333 -0.92 0.00100448
0.883333 -0.88 0.00108039
0.883333 -0.84 0.00116563
0.883333 -0.8 0.00126219
0.883333 -0.76 0.00137182
0.883333 -0.72 0.00149688
0.883333 -0.68 0.00163978
0.883333 -0.64 0.0018044
0.883333 -0.6 0.00199698
0.883333 -0.56 0.0022234
0.883333 -0.52 0.00249163
0.883333 -0.48 0.00281202
0.883333 -0.44 0.00320241
0.883333 -0.4 0.00368173
0.883333 -0.36 0.0042819
0.883333 -0.32 0.00504686
0.883333 -0.28 0.00604445
0.883333 -0.24 0.00737916
0.883333 -0.2 0.00922251
0.883333 -0.16 0.0118678
0.883333 -0.12 0.0158441
0.883333 -0.08 0.0221614
0.883333 -0.04 0.0328185
0.883333 0 0.0515288
0.883333 0.04 0.0818545
0.883333 0.08 0.110407
0.883333 0.12 0.103919
0.883333 0.16 0.0805924
0.883333 0.2 0.0654836
0.883333 0.24 0.0584541
0.883333 0.28 0.0530354
0.883333 0.32 0.0450426
0.883333 0.36 0.0404742
0.883333 0.4 0.0353576
0.883333 0.44 0.031771
0.883333 0.48 0.0275537
0.883333 0.52 0.0238381
0.883333 0.56 0.0243283
0.883333 0.6 0.0231067
0.883333 0.64 0.0206661
0.883333 0.68 0.0188747
0.883333 0.72 0.0152347
0.883333 0.76 0.0147584
0.883333 0.8 0.0149198
0.883333 0.84 0.0145445
0.883333 0.88 0.0119831
0.883333 0.92 0.0126513
0.883333 0.96 0.0110283
0.883333 1 0.0095727
0.883333 1.04 0.00895405
0.883333 1.08 0.00833122
0.883333 1.12 0.0081685
0.883333 1.16 0.00816729
0.883333 1.2 0.00775637
0.883333 1.24 0.00763474
0.883333 1.28 0.00558391
0.883333 1.32 0.00895447
0.883333 1.36 0.0038248
0.883333 1.4 0.00457154
0.883333 1.44 0.00511815
0.883333 1.48 0.00823262
0.883333 1.52 0.00733267
0.883333 1.56 0.00441031
0.883333 1.6 0.00423219
0.883333 1.64 0.00569562
0.883333 1.68 0.00686256
0.883333 1.72 0.00201564
0.883333 1.76 0.00452758
0.883333 1.8 0.00476687
0.883333 1.84 0.00173494
0.883333 1.88 0.00371467
0.883333 1.92 0.00205477
0.883333 1.96 0.00180388
0.883333 2 0.00395848
0.883333 2.04 0.00292723
0.883333 2.08 0.00210624
0.883333 2.12 0.00204587
0.883333 2.16 0.00350618
0.883333 2.2 0.00396532
0.883333 2.24 0.00371855
0.883333 2.28 0.00430393
0.883333 2.32 0.00277489
0.883333 2.36 0.00653434
0.883333 2.4 0.00449692
0.883333 2.44 0.000260669
0.883333 2.48 0.00257811
0.883333 2.52 0.00034512
0.883333 2.56 0.000171614
0.883333 2.6 0.00513082
0.883333 2.64 0.000120871
0.883333 2.68 0.00198355
0.883333 2.72 0.000768147
0.883333 2.76 0.00101912
0.883333 2.8 0.0019075
0.883333 2.84 0.000331071
0.883333 2.88 0.0037489
0.883333 2.92 0.00353288
0.883333 2.96 0.00286826
0.883333 3 0.00214023
0.883333 3.04 0.00119086
0.883333 3.08 0.00907857
0.883333 3.12 0.00895087
0.883333 3.16 0.00817045
0.883333 3.2 0.00477548
0.883333 3.24 0.00590016
0.883333 3.28 0.00040677
0.883333 3.32 0.00104621
0.883333 3.36 0.000678952
0.883333 3.4 0.00287812
0.883333 3.44 0.00360143
0.883333 3.48 0.00253303
0.883333 3.52 0.000480921
0.883333 3.56 0.00121838
0.883333 3.6 0.000787715
0.883333 3.64 0.00152438
0.883333 3.68 0.00181396
0.883333 3.72 0.00249202
0.883333 3.76 0.00226575
0.883333 3.8 0.00267675
0.883333 3.84 0.00106801
0.883333 3.88 0.00127586
0.883333 3.92 0.000847864
0.883333 3.96 0.00281975
0.883333 4 0.00138463
0.9 -4 1.8521e-06
0.9 -3.96 1.52156e-06
0.9 -3.92 4.91434e-06
0.9 -3.88 3.72207e-06
0.9 -3.84 4.15262e-06
0.9 -3.8 5.75771e-06
0.9 -3.76 5.31749e-06
0.9 -3.72 7.78907e-06
0.9 -3.68 5.24867e-06
0.9 -3.64 6.44009e-06
0.9 -3.6 6.13382e-06
0.9 -3.56 5.95832e-06
0.9 -3.52 2.53649e-06
0.9 -3.48 3.44327e-06
0.9 -3.44 2.67461e-07
0.9 -3.4 8.12354e-07
0.9 -3.36 7.23658e-07
0.9 -3.32 3.88612e-06
0.9 -3.28 2.89215e-06
0.9 -3.24 2.09519e-06
0.9 -3.2 4.22632e-06
0.9 -3.16 4.14157e-06
0.9 -3.12 5.46826e-06
0.9 -3.08 3.61949e-06
0.9 -3.04 3.47401e-06
0.9 -3 5.06896e-06
0.9 -2.96 4.90165e-06
0.9 -2.92 2.27988e-06
0.9 -2.88 5.11125e-06
0.9 -2.84 3.01494e-06
0.9 -2.8 3.41798e-06
0.9 -2.76 1.85811e-06
0.9 -2.72 3.60403e-06
0.9 -2.68 1.25895e-06
0.9 -2.64 3.37612e-07
0.9 -2.6 1.59963e-06
0.9 -2.56 4.60901e-06
0.9 -2.52 4.34332e-06
0.9 -2.48 5.82513e-06
0.9 -2.44 4.61482e-06
0.9 -2.4 4.84176e-06
0.9 -2.36 4.30614e-06
0.9 -2.32 2.45671e-06
0.9 -2.28 4.04478e-06
0.9 -2.24 2.22388e-06
0.9 -2.2 3.32294e-06
0.9 -2.16 3.54165e-06
0.9 -2.12 2.53487e-06
0.9 -2.08 1.72753e-06
0.9 -2.04 3.69005e-06
0.9 -2 3.31926e-06
0.9 -1.96 3.43904e-06
0.9 -1.92 3.95302e-06
0.9 -1.88 4.55419e-06
0.9 -1.84 3.86628e-06
0.9 -1.8 3.7332e-06
0.9 -1.76 2.78424e-06
0.9 -1.72 3.30646e-06
0.9 -1.68 3.26647e-06
0.9 -1.64 2.96105e-06
0.9 -1.6 3.19159e-06
0.9 -1.56 3.40769e-06
0.9 -1.52 3.38547e-06
0.9 -1.48 1.45471e-06
0.9 -1.44 3.21903e-06
0.9 -1.4 3.48206e-06
0.9 -1.36 2.05457e-06
0.9 -1.32 3.07845e-06
0.9 -1.28 2.63935e-06
0.9 -1.24 1.72832e-06
0.9 -1.2 3.2068e-06
0.9 -1.16 2.628e-06
0.9 -1.12 2.86943e-06
0.9 -1.08 3.13832e-06
0.9 -1.04 3.59545e-06
0.9 -1 0.000912158
0.9 -0.96 0.000977134
0.9 -0.92 0.00105008
0.9 -0.88 0.00113117
0.9 -0.84 0.00122167
0.9 -0.8 0.00132574
0.9 -0.76 0.0014439
0.9 -0.72 0.00157821
0.9 -0.68 0.00173346
0.9 -0.64 0.00191179
0.9 -0.6 0.00212138
0.9 -0.56 0.0023693
0.9 -0.52 0.00266381
0.9 -0.48 0.00301784
0.9 -0.44 0.00345135
0.9 -0.4 0.00398715
0.9 -0.36 0.00466298
0.9 -0.32 0.00553173
0.9 -0.28 0.00667582
0.9 -0.24 0.00822434
0.9 -0.2 0.0103924
0.9 -0.16 0.0135549
0.9 -0.12 0.0184009
0.9 -0.08 0.0262693
0.9 -0.04 0.0398162
0.9 0 0.0635778
0.9 0.04 0.0986118
0.9 0.08 0.118895
0.9 0.12 0.09917
0.9 0.16 0.0750581
0.9 0.2 0.0614235
0.9 0.24 0.0573019
0.9 0.28 0.0491943
0.9 0.32 0.0417514
0.9 0.36 0.0377706
0.9 0.4 0.0328454
0.9 0.44 0.0303525
0.9 0.48 0.0251879
0.9 0.52 0.0213196
0.9 0.56 0.0226817
0.9 0.6 0.0206558
0.9 0.64 0.019476
0.9 0.68 0.0166333
0.9 0.72 0.0145711
0.9 0.76 0.0138722
0.9 0.8 0.0148994
0.9 0.84 0.0136985
0.9 0.88 0.0120351
0.9 0.92 0.011687
0.9 0.96 0.00950078
0.9 1 0.0089101
0.9 1.04 0.00788284
0.9 1.08 0.00735223
0.9 1.12 0.00674614
0.9 1.16 0.00703823
0.9 1.2 0.00680578
0.9 1.24 0.00631885
0.9 1.28 0.00501261
0.9 1.32 0.00856785
0.9 1.36 0.00464
0.9 1.4 0.00402665
0.9 1.44 0.00569537
0.9 1.48 0.00705668
0.9 1.52 0.00694928
0.9 1.56 0.00281186
0.9 1.6 0.00491303
0.9 1.64 0.00593263
0.9 1.68 0.00688575
0.9 1.72 0.000506496
0.9 1.76 0.00404581
0.9 1.8 0.00355391
0.9 1.84 0.000134644
0.9 1.88 0.00367546
0.9 1.92 0.00224323
0.9 1.96 0.00191386
0.9 2 0.00461501
0.9 2.04 0.00315578
0.9 2.08 0.00215313
0.9 2.12 0.000786437
0.9 2.16 0.00377434
0.9 2.2 0.00333859
0.9 2.24 0.00335677
0.9 2.28 0.00318398
0.9 2.32 0.00264302
0.9 2.36 0.00522023
0.9 2.4 0.00484583
0.9 2.44 0.000242582
0.9 2.48 0.00239815
0.9 2.52 0.000909272
0.9 2.56 0.000690856
0.9 2.6 0.00547094
0.9 2.64 0.000245765
0.9 2.68 0.00216518
0.9 2.72 0.000585583
0.9 2.76 0.00174045
0.9 2.8 0.00211057
0.9 2.84 0.00026739
0.9 2.88 0.00477635
0.9 2.92 0.00430345
0.9 2.96 0.00323782
0.9 3 0.00292688
0.9 3.04 0.00104515
0.9 3.08 0.00984784
0.9 3.12 0.00801859
0.9 3.16 0.00802683
0.9 3.2 0.00538977
0.9 3.24 0.00587796
0.9 3.28 0.00056761
0.9 3.32 0.00102446
0.9 3.36 0.000640147
0.9 3.4 0.00236172
0.9 3.44 0.00382437
0.9 3.48 0.00236563
0.9 3.52 0.000238481
0.9 3.56 0.001227
0.9 3.6 0.000787086
0.9 3.64 0.00123755
0.9 3.68 0.00208279
0.9 3.72 0.00232677
0.9 3.76 0.0021945
0.9 3.8 0.00275721
0.9 3.84 0.00120675
0.9 3.88 0.00111135
0.9 3.92 0.000981504
0.9 3.96 0.00258735
0.9 4 0.00135667
0.916667 -4 2.05362e-06
0.916667 -3.96 1.53586e-06
0.916667 -3.92 5.13664e-06
0.916667 -3.88 3.43146e-06
0.916667 -3.84 4.0782e-06
0.916667 -3.8 5.03802e-06
0.916667 -3.76 5.56873e-06
0.916667 -3.72 8.01952e-06
0.916667 -3.68 5.21148e-06
0.916667 -3.64 6.76096e-06
0.916667 -3.6 6.16318e-06
0.916667 -3.56 5.41765e-06
0.916667 -3.52 3.30498e-06
0.916667 -3.48 4.10703e-06
0.916667 -3.44 1.69313e-07
0.916667 -3.4 7.87715e-07
0.916667 -3.36 7.70423e-07
0.916667 -3.32 4.19607e-06
0.916667 -3.28 2.63987e-06
0.916667 -3.24 2.25035e-06
0.916667 -3.2 3.94681e-06
0.916667 -3.16 4.16751e-06
0.916667 -3.12 4.94081e-06
0.916667 -3.08 3.61724e-06
0.916667 -3.04 3.84043e-06
0.916667 -3 5.01888e-06
0.916667 -2.96 4.78363e-06
0.916667 -2.92 2.68532e-06
0.916667 -2.88 4.81126e-06
0.916667 -2.84 3.00271e-06
0.916667 -2.8 2.06837e-06
0.916667 -2.76 1.46652e-06
0.916667 -2.72 3.78965e-06
0.916667 -2.68 1.49617e-06
0.916667 -2.64 2.58321e-07
0.916667 -2.6 1.5296e-06
0.916667 -2.56 4.69754e-06
0.916667 -2.52 4.33549e-06
0.916667 -2.48 5.53394e-06
0.916667 -2.44 4.47217e-06
0.916667 -2.4 4.63617e-06
0.916667 -2.36 4.33211e-06
0.916667 -2.32 2.61697e-06
0.916667 -2.28 3.51745e-06
0.916667 -2.24 2.12479e-06
0.916667 -2.2 3.29279e-06
0.916667 -2.16 3.80793e-06
0.916667 -2.12 2.01706e-06
0.916667 -2.08 1.85485e-06
0.916667 -2.04 3.67153e-06
0.916667 -2 3.18227e-06
0.916667 -1.96 3.60482e-06
0.916667 -1.92 3.62505e-06
0.916667 -1.88 4.76206e-06
0.916667 -1.84 3.95469e-06
0.916667 -1.8 3.27122e-06
0.916667 -1.76 2.56565e-06
0.916667 -1.72 3.69544e-06
0.916667 -1.68 2.39913e-06
0.916667 -1.64 3.24476e-06
0.916667 -1.6 3.49426e-06
0.916667 -1.56 3.47677e-06
0.916667 -1.52 3.33766e-06
0.916667 -1.48 1.72515e-06
0.916667 -1.44 3.06749e-06
0.916667 -1.4 3.26945e-06
0.916667 -1.36 2.22239e-06
0.916667 -1.32 3.19588e-06
0.916667 -1.28 3.03145e-06
0.916667 -1.24 1.54881e-06
0.916667 -1.2 3.18748e-06
0.916667 -1.16 2.45262e-06
0.916667 -1.12 2.79444e-06
0.916667 -1.08 3.42167e-06
0.916667 -1.04 3.7379e-06
0.916667 -1 0.00094532
0.916667 -0.96 0.00101405
0.916667 -0.92 0.00109106
0.916667 -0.88 0.00117732
0.916667 -0.84 0.00127278
0.916667 -0.8 0.00138355
0.916667 -0.76 0.0015094
0.916667 -0.72 0.00165294
0.916667 -0.68 0.00181942
0.916667 -0.64 0.00201075
0.916667 -0.6 0.00223665
0.916667 -0.56 0.00250462
0.916667 -0.52 0.00282446
0.916667 -0.48 0.00321093
0.916667 -0.44 0.00368613
0.916667 -0.4 0.00427712
0.916667 -0.36 0.0050276
0.916667 -0.32 0.00599977
0.916667 -0.28 0.00729166
0.916667 -0.24 0.00905892
0.916667 -0.2 0.0115646
0.916667 -0.16 0.0152754
0.916667 -0.12 0.0210623
0.916667 -0.08 0.0306399
0.916667 -0.04 0.0473755
0.916667 0 0.0763064
0.916667 0.04 0.113352
0.916667 0.08 0.121174
0.916667 0.12 0.0928492
0.916667 0.16 0.0694816
0.916667 0.2 0.0591093
0.916667 0.24 0.0561901
0.916667 0.28 0.0458821
0.916667 0.32 0.0381631
0.916667 0.36 0.0351624
0.916667 0.4 0.0309184
0.916667 0.44 0.0287305
0.916667 0.48 0.0239052
0.916667 0.52 0.019933
0.916667 0.56 0.0212904
0.916667 0.6 0.0200698
0.916667 0.64 0.0181661
0.916667 0.68 0.0134953
0.916667 0.72 0.0138578
0.916667 0.76 0.0147258
0.916667 0.8 0.013914
0.916667 0.84 0.0119729
0.916667 0.88 0.0122383
0.916667 0.92 0.0107106
0.916667 0.96 0.00824762
0.916667 1 0.0078847
0.916667 1.04 0.00848971
0.916667 1.08 0.00637272
0.916667 1.12 0.00556904
0.916667 1.16 0.00730106
0.916667 1.2 0.00555866
0.916667 1.24 0.00592028
0.916667 1.28 0.00434626
0.916667 1.32 0.00755213
0.916667 1.36 0.00442447
0.916667 1.4 0.0033855
0.916667 1.44 0.00440356
0.916667 1.48 0.00604398
0.916667 1.52 0.00789917
0.916667 1.56 0.00248024
0.916667 1.6 0.00527821
0.916667 1.64 0.00615656
0.916667 1.68 0.00674975
0.916667 1.72 0.000790536
0.916667 1.76 0.00310653
0.916667 1.8 0.00257497
0.916667 1.84 0.000438808
0.916667 1.88 0.00429949
0.916667 1.92 0.00231747
0.916667 1.96 0.00215556
0.916667 2 0.00434256
0.916667 2.04 0.00181854
0.916667 2.08 0.00254203
0.916667 2.12 0.000341877
0.916667 2.16 0.00364142
0.916667 2.2 0.00284347
0.916667 2.24 0.00151353
0.916667 2.28 0.00379557
0.916667 2.32 0.000436304
0.916667 2.36 0.00463192
0.916667 2.4 0.00548929
0.916667 2.44 0.00102203
0.916667 2.48 0.00153236
0.916667 2.52 0.000617637
0.916667 2.56 0.000401732
0.916667 2.6 0.0053176
0.916667 2.64 0.000547104
0.916667 2.68 0.00252156
0.916667 2.72 0.000772061
0.916667 2.76 0.00133272
0.916667 2.8 0.00109092
0.916667 2.84 0.000734653
0.916667 2.88 0.00586468
0.916667 2.92 0.00469759
0.916667 2.96 0.00362555
0.916667 3 0.00487579
0.916667 3.04 0.0021293
0.916667 3.08 0.0108061
0.916667 3.12 0.00712301
0.916667 3.16 0.00826313
0.916667 3.2 0.00597014
0.916667 3.24 0.00624986
0.916667 3.28 0.000932077
0.916667 3.32 0.000854422
0.916667 3.36 0.000272759
0.916667 3.4 0.00151416
0.916667 3.44 0.00404088
0.916667 3.48 0.00201337
0.916667 3.52 0.000149519
0.916667 3.56 0.00136291
0.916667 3.6 0.000700568
0.916667 3.64 0.00115264
0.916667 3.68 0.00256503
0.916667 3.72 0.00245617
0.916667 3.76 0.0018186
0.916667 3.8 0.00266989
0.916667 3.84 0.00174847
0.916667 3.88 0.00115562
0.916667 3.92 0.00118926
0.916667 3.96 0.00240263
0.916667 4 0.00113157
0.933333 -4 1.94038e-06
0.933333 -3.96 1.28676e-06
0.933333 -3.92 4.90392e-06
0.933333 -3.88 3.10139e-06
0.933333 -3.84 4.09858e-06
0.933333 -3.8 5.07166e-06
0.933333 -3.76 5.53816e-06
0.933333 -3.72 8.37341e-06
0.933333 -3.68 5.46269e-06
0.933333 -3.64 6.82975e-06
0.933333 -3.6 6.22957e-06
0.933333 -3.56 4.90504e-06
0.933333 -3.52 3.8267e-06
0.933333 -3.48 4.444e-06
0.933333 -3.44 2.90543e-07
0.933333 -3.4 7.54497e-07
0.933333 -3.36 1.11077e-06
0.933333 -3.32 4.14113e-06
0.933333 -3.28 2.53074e-06
0.933333 -3.24 2.2876e-06
0.933333 -3.2 3.88559e-06
0.933333 -3.16 3.97515e-06
0.933333 -3.12 4.78362e-06
0.933333 -3.08 3.66845e-06
0.933333 -3.04 3.71098e-06
0.933333 -3 5.17713e-06
0.933333 -2.96 4.96451e-06
0.933333 -2.92 2.60414e-06
0.933333 -2.88 4.80856e-06
0.933333 -2.84 3.03364e-06
0.933333 -2.8 1.41671e-06
0.933333 -2.76 1.55895e-06
0.933333 -2.72 3.80434e-06
0.933333 -2.68 1.28399e-06
0.933333 -2.64 3.89045e-07
0.933333 -2.6 1.53036e-06
0.933333 -2.56 4.70531e-06
0.933333 -2.52 4.44821e-06
0.933333 -2.48 5.71414e-06
0.933333 -2.44 4.31561e-06
0.933333 -2.4 4.62118e-06
0.933333 -2.36 4.25121e-06
0.933333 -2.32 2.30896e-06
0.933333 -2.28 3.11417e-06
0.933333 -2.24 2.14293e-06
0.933333 -2.2 3.14476e-06
0.933333 -2.16 3.70209e-06
0.933333 -2.12 1.68332e-06
0.933333 -2.08 1.90058e-06
0.933333 -2.04 3.62347e-06
0.933333 -2 3.20173e-06
0.933333 -1.96 3.35638e-06
0.933333 -1.92 3.61745e-06
0.933333 -1.88 4.67381e-06
0.933333 -1.84 4.00999e-06
0.933333 -1.8 3.28537e-06
0.933333 -1.76 2.83715e-06
0.933333 -1.72 3.98121e-06
0.933333 -1.68 2.23815e-06
0.933333 -1.64 3.53957e-06
0.933333 -1.6 3.8041e-06
0.933333 -1.56 3.34387e-06
0.933333 -1.52 3.09318e-06
0.933333 -1.48 2.11029e-06
0.933333 -1.44 3.10721e-06
0.933333 -1.4 3.1402e-06
0.933333 -1.36 2.88235e-06
0.933333 -1.32 3.11113e-06
0.933333 -1.28 3.24818e-06
0.933333 -1.24 1.66896e-06
0.933333 -1.2 3.37264e-06
0.933333 -1.16 2.18122e-06
0.933333 -1.12 3.08735e-06
0.933333 -1.08 3.60888e-06
0.933333 -1.04 3.73018e-06
0.933333 -1 0.000973912
0.933333 -0.96 0.00104608
0.933333 -0.92 0.00112654
0.933333 -0.88 0.00121716
0.933333 -0.84 0.00131768
0.933333 -0.8 0.00143388
0.933333 -0.76 0.00156616
0.933333 -0.72 0.00171906
0.933333 -0.68 0.00189452
0.933333 -0.64 0.00209776
0.933333 -0.6 0.00233862
0.933333 -0.56 0.00262433
0.933333 -0.52 0.00296737
0.933333 -0.48 0.0033834
0.933333 -0.44 0.00389696
0.933333 -0.4 0.00453911
0.933333 -0.36 0.00535926
0.933333 -0.32 0.00642887
0.933333 -0.28 0.00786156
0.933333 -0.24 0.00983978
0.933333 -0.2 0.0126761
0.933333 -0.16 0.0169323
0.933333 -0.12 0.0236729
0.933333 -0.08 0.0350082
0.933333 -0.04 0.0549944
0.933333 0 0.0886019
0.933333 0.04 0.124396
0.933333 0.08 0.119181
0.933333 0.12 0.0865179
0.933333 0.16 0.0648496
0.933333 0.2 0.0583335
0.933333 0.24 0.0547739
0.933333 0.28 0.0433639
0.933333 0.32 0.0346759
0.933333 0.36 0.032776
0.933333 0.4 0.0295392
0.933333 0.44 0.0273343
0.933333 0.48 0.023555
0.933333 0.52 0.0194697
0.933333 0.56 0.0199999
0.933333 0.6 0.0189203
0.933333 0.64 0.01699
0.933333 0.68 0.0125094
0.933333 0.72 0.0135558
0.933333 0.76 0.0146558
0.933333 0.8 0.0129048
0.933333 0.84 0.0108134
0.933333 0.88 0.0115995
0.933333 0.92 0.00957741
0.933333 0.96 0.00783057
0.933333 1 0.00747821
0.933333 1.04 0.00955293
0.933333 1.08 0.00624169
0.933333 1.12 0.00486742
0.933333 1.16 0.00809006
0.933333 1.2 0.00516286
0.933333 1.24 0.00604971
0.933333 1.28 0.00381251
0.933333 1.32 0.00682586
0.933333 1.36 0.00335573
0.933333 1.4 0.00295109
0.933333 1.44 0.00305187
0.933333 1.48 0.00614782
0.933333 1.52 0.00803858
0.933333 1.56 0.00339582
0.933333 1.6 0.00473008
0.933333 1.64 0.00617364
0.933333 1.68 0.00651338
0.933333 1.72 0.00141999
0.933333 1.76 0.00285804
0.933333 1.8 0.00300616
0.933333 1.84 0.00179026
0.933333 1.88 0.0047398
0.933333 1.92 0.00214255
0.933333 1.96 0.00194654
0.933333 2 0.00366801
0.933333 2.04 0.000628362
0.933333 2.08 0.00216358
0.933333 2.12 0.000658089
0.933333 2.16 0.00292041
0.933333 2.2 0.00285847
0.933333 2.24 0.00083458
0.933333 2.28 0.00456962
0.933333 2.32 0.000216631
0.933333 2.36 0.00520648
0.933333 2.4 0.00550374
0.933333 2.44 0.00131378
0.933333 2.48 0.00107935
0.933333 2.52 0.000118919
0.933333 2.56 0.000618302
0.933333 2.6 0.00513917
0.933333 2.64 0.000606428
0.933333 2.68 0.00241546
0.933333 2.72 0.00104798
0.933333 2.76 0.000911942
0.933333 2.8 0.000839762
0.933333 2.84 0.000770929
0.933333 2.88 0.00558392
0.933333 2.92 0.00489138
0.933333 2.96 0.00388759
0.933333 3 0.00621374
0.933333 3.04 0.00294133
0.933333 3.08 0.0115575
0.933333 3.12 0.00741171
0.933333 3.16 0.00893249
0.933333 3.2 0.00621956
0.933333 3.24 0.00682927
0.933333 3.28 0.00136567
0.933333 3.32 0.000344957
0.933333 3.36 3.92167e-05
0.933333 3.4 0.00145745
0.933333 3.44 0.00406353
0.933333 3.48 0.00210057
0.933333 3.52 0.000127892
0.933333 3.56 0.00146257
0.933333 3.6 0.000645947
0.933333 3.64 0.00137149
0.933333 3.68 0.0028387
0.933333 3.72 0.00253238
0.933333 3.76 0.00150289
0.933333 3.8 0.00263936
0.933333 3.84 0.0017678
0.933333 3.88 0.00110527
0.933333 3.92 0.00112583
0.933333 3.96 0.00240274
0.933333 4 0.000926001
0.95 -4 1.53447e-06
0.95 -3.96 8.92166e-07
0.95 -3.92 4.60632e-06
0.95 -3.88 3.17817e-06
0.95 -3.84 4.32047e-06
0.95 -3.8 6.01678e-06
0.95 -3.76 5.57656e-06
0.95 -3.72 8.46188e-06
0.95 -3.68 5.82053e-06
0.95 -3.64 6.69735e-06
0.95 -3.6 6.55515e-06
0.95 -3.56 5.13287e-06
0.95 -3.52 2.89283e-06
0.95 -3.48 3.85052e-06
0.95 -3.44 7.88259e-08
0.95 -3.4 4.77039e-07
0.95 -3.36 1.40271e-06
0.95 -3.32 3.81831e-06
0.95 -3.28 2.62465e-06
0.95 -3.24 2.39649e-06
0.95 -3.2 4.06278e-06
0.95 -3.16 3.75169e-06
0.95 -3.12 5.51044e-06
0.95 -3.08 3.85823e-06
0.95 -3.04 3.24225e-06
0.95 -3 5.64682e-06
0.95 -2.96 5.471e-06
0.95 -2.92 2.0495e-06
0.95 -2.88 5.15835e-06
0.95 -2.84 3.0588e-06
0.95 -2.8 2.01898e-06
0.95 -2.76 2.02011e-06
0.95 -2.72 3.49274e-06
0.95 -2.68 8.93673e-07
0.95 -2.64 5.43073e-07
0.95 -2.6 1.6407e-06
0.95 -2.56 4.7091e-06
0.95 -2.52 4.66976e-06
0.95 -2.48 6.2532e-06
0.95 -2.44 4.18663e-06
0.95 -2.4 4.80032e-06
0.95 -2.36 4.09299e-06
0.95 -2.32 1.81882e-06
0.95 -2.28 2.83217e-06
0.95 -2.24 2.1402e-06
0.95 -2.2 2.86797e-06
0.95 -2.16 3.37065e-06
0.95 -2.12 1.80051e-06
0.95 -2.08 1.87037e-06
0.95 -2.04 3.44849e-06
0.95 -2 3.46782e-06
0.95 -1.96 3.14795e-06
0.95 -1.92 3.97252e-06
0.95 -1.88 4.4484e-06
0.95 -1.84 4.10365e-06
0.95 -1.8 3.85642e-06
0.95 -1.76 3.65005e-06
0.95 -1.72 3.89788e-06
0.95 -1.68 3.04659e-06
0.95 -1.64 3.63901e-06
0.95 -1.6 3.87341e-06
0.95 -1.56 3.07944e-06
0.95 -1.52 2.80731e-06
0.95 -1.48 2.12161e-06
0.95 -1.44 3.30103e-06
0.95 -1.4 3.28449e-06
0.95 -1.36 3.21901e-06
0.95 -1.32 2.96087e-06
0.95 -1.28 3.06652e-06
0.95 -1.24 1.86777e-06
0.95 -1.2 3.63966e-06
0.95 -1.16 2.15994e-06
0.95 -1.12 3.36927e-06
0.95 -1.08 3.50772e-06
0.95 -1.04 3.66129e-06
0.95 -1 0.000997317
0.95 -0.96 0.00107222
0.95 -0.92 0.00115558
0.95 -0.88 0.00124949
0.95 -0.84 0.00135463
0.95 -0.8 0.00147514
0.95 -0.76 0.00161266
0.95 -0.72 0.00177351
0.95 -0.68 0.00195603
0.95 -0.64 0.00216952
0.95 -0.6 0.00242295
0.95 -0.56 0.00272369
0.95 -0.52 0.00308636
0.95 -0.48 0.00352751
0.95 -0.44 0.00407397
0.95 -0.4 0.00476017
0.95 -0.36 0.00564073
0.95 -0.32 0.00679542
0.95 -0.28 0.00835228
0.95 -0.24 0.0105184
0.95 -0.2 0.013653
0.95 -0.16 0.0184082
0.95 -0.12 0.0260344
0.95 -0.08 0.0390201
0.95 -0.04 0.062011
0.95 0 0.0992718
0.95 0.04 0.13132
0.95 0.08 0.115425
0.95 0.12 0.0809513
0.95 0.16 0.0617167
0.95 0.2 0.0583505
0.95 0.24 0.0532179
0.95 0.28 0.04132
0.95 0.32 0.0316123
0.95 0.36 0.0303344
0.95 0.4 0.0288759
0.95 0.44 0.0270387
0.95 0.48 0.0235832
0.95 0.52 0.0192116
0.95 0.56 0.0182655
0.95 0.6 0.0160448
0.95 0.64 0.0163754
0.95 0.68 0.0140075
0.95 0.72 0.0140449
0.95 0.76 0.012651
0.95 0.8 0.0129648
0.95 0.84 0.0108913
0.95 0.88 0.0105124
0.95 0.92 0.00818604
0.95 0.96 0.00779657
0.95 1 0.00797871
0.95 1.04 0.00989366
0.95 1.08 0.00676084
0.95 1.12 0.00426285
0.95 1.16 0.00773117
0.95 1.2 0.005475
0.95 1.24 0.00555187
0.95 1.28 0.0035874
0.95 1.32 0.00698588
0.95 1.36 0.00300416
0.95 1.4 0.00279826
0.95 1.44 0.00324562
0.95 1.48 0.00692675
0.95 1.52 0.00687247
0.95 1.56 0.00435917
0.95 1.6 0.00403738
0.95 1.64 0.00593024
0.95 1.68 0.00663631
0.95 1.72 0.00069749
0.95 1.76 0.00332316
0.95 1.8 0.00447023
0.95 1.84 0.00163421
0.95 1.88 0.00473595
0.95 1.92 0.00206554
0.95 1.96 0.00158985
0.95 2 0.00376398
0.95 2.04 0.000846916
0.95 2.08 0.00115593
0.95 2.12 0.00072768
0.95 2.16 0.00199274
0.95 2.2 0.00312632
0.95 2.24 0.00230173
0.95 2.28 0.00402623
0.95 2.32 0.00194106
0.95 2.36 0.00565827
0.95 2.4 0.0048254
0.95 2.44 0.000770315
0.95 2.48 0.00154869
0.95 2.52 0.000192259
0.95 2.56 0.00160363
0.95 2.6 0.00553458
0.95 2.64 0.000832236
0.95 2.68 0.00202624
0.95 2.72 0.0012069
0.95 2.76 0.00139304
0.95 2.8 0.00205584
0.95 2.84 0.000669478
0.95 2.88 0.00442798
0.95 2.92 0.00530288
0.95 2.96 0.0041488
0.95 3 0.00610931
0.95 3.04 0.00019806
0.95 3.08 0.0119189
0.95 3.12 0.00829814
0.95 3.16 0.00952727
0.95 3.2 0.00628281
0.95 3.24 0.00708334
0.95 3.28 0.00162978
0.95 3.32 0.000274347
0.95 3.36 0.000204374
0.95 3.4 0.00221718
0.95 3.44 0.00388084
0.95 3.48 0.00262252
0.95 3.52 0.000588905
0.95 3.56 0.00149078
0.95 3.6 0.000720897
0.95 3.64 0.00163384
0.95 3.68 0.00271112
0.95 3.72 0.00246691
0.95 3.76 0.00152999
0.95 3.8 0.00272983
0.95 3.84 0.00111061
0.95 3.88 0.000804745
0.95 3.92 0.000739038
0.95 3.96 0.00247773
0.95 4 0.000987417
0.966667 -4 1.4648e-06
0.966667 -3.96 7.09545e-07
0.966667 -3.92 4.5762e-06
0.966667 -3.88 3.3498e-06
0.966667 -3.84 4.46336e-06
0.966667 -3.8 6.52803e-06
0.966667 -3.76 5.98894e-06
0.966667 -3.72 8.42861e-06
0.966667 -3.68 5.86297e-06
0.966667 -3.64 6.70764e-06
0.966667 -3.6 6.95459e-06
0.966667 -3.56 5.45335e-06
0.966667 -3.52 2.07635e-06
0.966667 -3.48 3.46506e-06
0.966667 -3.44 9.68096e-08
0.966667 -3.4 3.11852e-07
0.966667 -3.36 1.2058e-06
0.966667 -3.32 3.70824e-06
0.966667 -3.28 2.83751e-06
0.966667 -3.24 2.618e-06
0.966667 -3.2 4.13474e-06
0.966667 -3.16 3.78354e-06
0.966667 -3.12 5.92229e-06
0.966667 -3.08 3.98303e-06
0.966667 -3.04 3.08835e-06
0.966667 -3 6.07136e-06
0.966667 -2.96 5.74167e-06
0.966667 -2.92 1.82862e-06
0.966667 -2.88 5.0567e-06
0.966667 -2.84 3.0342e-06
0.966667 -2.8 2.3805e-06
0.966667 -2.76 2.01313e-06
0.966667 -2.72 3.10869e-06
0.966667 -2.68 9.12721e-07
0.966667 -2.64 5.26089e-07
0.966667 -2.6 1.69977e-06
0.966667 -2.56 4.75335e-06
0.966667 -2.52 4.82986e-06
0.966667 -2.48 6.47731e-06
0.966667 -2.44 4.09243e-06
0.966667 -2.4 4.72272e-06
0.966667 -2.36 4.1585e-06
0.966667 -2.32 1.66419e-06
0.966667 -2.28 2.53975e-06
0.966667 -2.24 1.98387e-06
0.966667 -2.2 2.69317e-06
0.966667 -2.16 3.2578e-06
0.966667 -2.12 1.72396e-06
0.966667 -2.08 2.06295e-06
0.966667 -2.04 3.34563e-06
0.966667 -2 3.69754e-06
0.966667 -1.96 3.29351e-06
0.966667 -1.92 4.16339e-06
0.966667 -1.88 4.44813e-06
0.966667 -1.84 4.25436e-06
0.966667 -1.8 4.10317e-06
0.966667 -1.76 4.11459e-06
0.966667 -1.72 3.7117e-06
0.966667 -1.68 3.50513e-06
0.966667 -1.64 3.71122e-06
0.966667 -1.6 3.65333e-06
0.966667 -1.56 2.88088e-06
0.966667 -1.52 2.60911e-06
0.966667 -1.48 1.89378e-06
0.966667 -1.44 3.36115e-06
0.966667 -1.4 3.34966e-06
0.966667 -1.36 2.88405e-06
0.966667 -1.32 2.95344e-06
0.966667 -1.28 2.92038e-06
0.966667 -1.24 2.01351e-06
0.966667 -1.2 3.67797e-06
0.966667 -1.16 2.42983e-06
0.966667 -1.12 3.34092e-06
0.966667 -1.08 3.26699e-06
0.966667 -1.04 3.63808e-06
0.966667 -1 0.00101472
0.966667 -0.96 0.00109151
0.966667 -0.92 0.00117708
0.966667 -0.88 0.00127359
0.966667 -0.84 0.00138188
0.966667 -0.8 0.00150583
0.966667 -0.76 0.00164767
0.966667 -0.72 0.0018131
0.966667 -0.68 0.00200176
0.966667 -0.64 0.0022232
0.966667 -0.6 0.00248581
0.966667 -0.56 0.00279838
0.966667 -0.52 0.00317587
0.966667 -0.48 0.00363631
0.966667 -0.44 0.00420812
0.966667 -0.4 0.00492821
0.966667 -0.36 0.00585568
0.966667 -0.32 0.00707678
0.966667 -0.28 0.00873129
0.966667 -0.24 0.0110465
0.966667 -0.2 0.0144198
0.966667 -0.16 0.0195789
0.966667 -0.12 0.0279301
0.966667 -0.08 0.0422776
0.966667 -0.04 0.0677028
0.966667 0 0.107363
0.966667 0.04 0.134911
0.966667 0.08 0.111709
0.966667 0.12 0.076802
0.966667 0.16 0.0598582
0.966667 0.2 0.0585817
0.966667 0.24 0.0519189
0.966667 0.28 0.039455
0.966667 0.32 0.0290202
0.966667 0.36 0.0276444
0.966667 0.4 0.0291441
0.966667 0.44 0.027415
0.966667 0.48 0.0238686
0.966667 0.52 0.0188174
0.966667 0.56 0.0158793
0.966667 0.6 0.0138444
0.966667 0.64 0.0161354
0.966667 0.68 0.0149589
0.966667 0.72 0.0145792
0.966667 0.76 0.0115424
0.966667 0.8 0.0132559
0.966667 0.84 0.0105636
0.966667 0.88 0.00975717
0.966667 0.92 0.00722339
0.966667 0.96 0.00748698
0.966667 1 0.00839703
0.966667 1.04 0.00994048
0.966667 1.08 0.00680733
0.966667 1.12 0.00367246
0.966667 1.16 0.006326
0.966667 1.2 0.00517976
0.966667 1.24 0.0050828
0.966667 1.28 0.00377448
0.966667 1.32 0.00730786
0.966667 1.36 0.00351274
0.966667 1.4 0.00278726
0.966667 1.44 0.00370206
0.966667 1.48 0.00715316
0.966667 1.52 0.00634655
0.966667 1.56 0.00463073
0.966667 1.6 0.00421167
0.966667 1.64 0.00543002
0.966667 1.68 0.0072266
0.966667 1.72 0.000323532
0.966667 1.76 0.00348267
0.966667 1.8 0.00512133
0.966667 1.84 0.000844542
0.966667 1.88 0.00500306
0.966667 1.92 0.00218377
0.966667 1.96 0.00158369
0.966667 2 0.00409774
0.966667 2.04 0.00150623
0.966667 2.08 0.00114071
0.966667 2.12 0.000376483
0.966667 2.16 0.00159697
0.966667 2.2 0.00302394
0.966667 2.24 0.00326399
0.966667 2.28 0.00345638
0.966667 2.32 0.00295653
0.966667 2.36 0.00525012
0.966667 2.4 0.00438895
0.966667 2.44 0.000334501
0.966667 2.48 0.00201301
0.966667 2.52 0.000585456
0.966667 2.56 0.00214866
0.966667 2.6 0.00635194
0.966667 2.64 0.0017024
0.966667 2.68 0.00192099
0.966667 2.72 0.00131244
0.966667 2.76 0.00205374
0.966667 2.8 0.00272433
0.966667 2.84 0.000644388
0.966667 2.88 0.00423403
0.966667 2.92 0.00600713
0.966667 2.96 0.00448445
0.966667 3 0.00519476
0.966667 3.04 0.00179091
0.966667 3.08 0.0121751
0.966667 3.12 0.00842605
0.966667 3.16 0.00954002
0.966667 3.2 0.00666587
0.966667 3.24 0.00674237
0.966667 3.28 0.0015951
0.966667 3.32 0.000590853
0.966667 3.36 0.000330753
0.966667 3.4 0.00259649
0.966667 3.44 0.00356975
0.966667 3.48 0.00285117
0.966667 3.52 0.00082974
0.966667 3.56 0.00152379
0.966667 3.6 0.000757395
0.966667 3.64 0.00166551
0.966667 3.68 0.00240613
0.966667 3.72 0.00255018
0.966667 3.76 0.00169288
0.966667 3.8 0.00269971
0.966667 3.84 0.000875163
0.966667 3.88 0.000639658
0.966667 3.92 0.000505324
0.966667 3.96 0.00245828
0.966667 4 0.00129111
0.983333 -4 1.93139e-06
0.983333 -3.96 8.21802e-07
0.983333 -3.92 4.73175e-06
0.983333 -3.88 3.21904e-06
0.983333 -3.84 4.35531e-06
0.983333 -3.8 6.00439e-06
0.983333 -3.76 6.58957e-06
0.983333 -3.72 8.53949e-06
0.983333 -3.68 5.56142e-06
0.983333 -3.64 6.93902e-06
0.983333 -3.6 7.16259e-06
0.983333 -3.56 5.21883e-06
0.983333 -3.52 2.68535e-06
0.983333 -3.48 4.04303e-06
0.983333 -3.44 3.88679e-08
0.983333 -3.4 4.75961e-07
0.983333 -3.36 6.36261e-07
0.983333 -3.32 3.92832e-06
0.983333 -3.28 3.03314e-06
0.983333 -3.24 2.81751e-06
0.983333 -3.2 3.96737e-06
0.983333 -3.16 4.04239e-06
0.983333 -3.12 5.3263e-06
0.983333 -3.08 3.89845e-06
0.983333 -3.04 3.43007e-06
0.983333 -3 6.18853e-06
0.983333 -2.96 5.53175e-06
0.983333 -2.92 2.21537e-06
0.983333 -2.88 4.27921e-06
0.983333 -2.84 2.98638e-06
0.983333 -2.8 1.65217e-06
0.983333 -2.76 1.34871e-06
0.983333 -2.72 2.91513e-06
0.983333 -2.68 1.35048e-06
0.983333 -2.64 3.71434e-07
0.983333 -2.6 1.59851e-06
0.983333 -2.56 4.79694e-06
0.983333 -2.52 4.84563e-06
0.983333 -2.48 6.20218e-06
0.983333 -2.44 4.03617e-06
0.983333 -2.4 4.28659e-06
0.983333 -2.36 4.49299e-06
0.983333 -2.32 1.89483e-06
0.983333 -2.28 2.23632e-06
0.983333 -2.24 1.73859e-06
0.983333 -2.2 2.73257e-06
0.983333 -2.16 3.46568e-06
0.983333 -2.12 1.14759e-06
0.983333 -2.08 2.50065e-06
0.983333 -2.04 3.45666e-06
0.983333 -2 3.70343e-06
0.983333 -1.96 3.61889e-06
0.983333 -1.92 3.96335e-06
0.983333 -1.88 4.69748e-06
0.983333 -1.84 4.39794e-06
0.983333 -1.8 3.66455e-06
0.983333 -1.76 3.83533e-06
0.983333 -1.72 3.69387e-06
0.983333 -1.68 2.96381e-06
0.983333 -1.64 3.89938e-06
0.983333 -1.6 3.3383e-06
0.983333 -1.56 2.83074e-06
0.983333 -1.52 2.51179e-06
0.983333 -1.48 1.78272e-06
0.983333 -1.44 3.19821e-06
0.983333 -1.4 3.12458e-06
0.983333 -1.36 2.27245e-06
0.983333 -1.32 3.0885e-06
0.983333 -1.28 3.09668e-06
0.983333 -1.24 2.08701e-06
0.983333 -1.2 3.46766e-06
0.983333 -1.16 2.75377e-06
0.983333 -1.12 3.10533e-06
0.983333 -1.08 3.10867e-06
0.983333 -1.04 3.66481e-06
0.983333 -1 0.00102539
0.983333 -0.96 0.00110331
0.983333 -0.92 0.00119019
0.983333 -0.88 0.00128867
0.983333 -0.84 0.00139836
0.983333 -0.8 0.00152475
0.983333 -0.76 0.00166972
0.983333 -0.72 0.00183637
0.983333 -0.68 0.00203
0.983333 -0.64 0.00225646
0.983333 -0.6 0.00252449
0.983333 -0.56 0.00284485
0.983333 -0.52 0.00323148
0.983333 -0.48 0.00370414
0.983333 -0.44 0.00429197
0.983333 -0.4 0.00503335
0.983333 -0.36 0.00599063
0.983333 -0.32 0.00725404
0.983333 -0.28 0.00897108
0.983333 -0.24 0.0113822
0.983333 -0.2 0.0149103
0.983333 -0.16 0.0203332
0.983333 -0.12 0.0291618
0.983333 -0.08 0.04441
0.983333 -0.04 0.0714199
0.983333 0 0.112338
0.983333 0.04 0.136418
0.983333 0.08 0.109055
0.983333 0.12 0.074436
0.983333 0.16 0.0588131
0.983333 0.2 0.0587869
0.983333 0.24 0.0511295
0.983333 0.28 0.0379743
0.983333 0.32 0.0270942
0.983333 0.36 0.025252
0.983333 0.4 0.0299739
0.983333 0.44 0.0275553
0.983333 0.48 0.0243741
0.983333 0.52 0.0184408
0.983333 0.56 0.0135696
0.983333 0.6 0.0140445
0.983333 0.64 0.015906
0.983333 0.68 0.0138504
0.983333 0.72 0.0144666
0.983333 0.76 0.0129442
0.983333 0.8 0.0128071
0.983333 0.84 0.00895426
0.983333 0.88 0.00949705
0.983333 0.92 0.0071609
0.983333 0.96 0.00691001
0.983333 1 0.00809763
0.983333 1.04 0.0103698
0.983333 1.08 0.00605256
0.983333 1.12 0.00334685
0.983333 1.16 0.00516181
0.983333 1.2 0.0039815
0.983333 1.24 0.0055683
0.983333 1.28 0.00421401
0.983333 1.32 0.00709015
0.983333 1.36 0.00392152
0.983333 1.4 0.00281008
0.983333 1.44 0.00304672
0.983333 1.48 0.00655507
0.983333 1.52 0.00735198
0.983333 1.56 0.00444826
0.983333 1.6 0.00509936
0.983333 1.64 0.00486068
0.983333 1.68 0.00787394
0.983333 1.72 0.00019812
0.983333 1.76 0.00296261
0.983333 1.8 0.00432876
0.983333 1.84 0.00104722
0.983333 1.88 0.00581013
0.983333 1.92 0.00229589
0.983333 1.96 0.00185155
0.983333 2 0.00375376
0.983333 2.04 0.00146289
0.983333 2.08 0.00250656
0.983333 2.12 0.000131277
0.983333 2.16 0.00189415
0.983333 2.2 0.00248062
0.983333 2.24 0.00209405
0.983333 2.28 0.00415184
0.983333 2.32 0.000632211
0.983333 2.36 0.00453048
0.983333 2.4 0.00463862
0.983333 2.44 0.00056969
0.983333 2.48 0.0017587
0.983333 2.52 0.000739313
0.983333 2.56 0.00167558
0.983333 2.6 0.00701734
0.983333 2.64 0.000752291
0.983333 2.68 0.00218723
0.983333 2.72 0.0014361
0.983333 2.76 0.00207298
0.983333 2.8 0.00171132
0.983333 2.84 0.000644671
0.983333 2.88 0.00538251
0.983333 2.92 0.00668426
0.983333 2.96 0.00478489
0.983333 3 0.0043904
0.983333 3.04 0.00110112
0.983333 3.08 0.0125295
0.983333 3.12 0.0076286
0.983333 3.16 0.00910616
0.983333 3.2 0.00740292
0.983333 3.24 0.00612162
0.983333 3.28 0.00138614
0.983333 3.32 0.000540471
0.983333 3.36 9.99518e-05
0.983333 3.4 0.00208352
0.983333 3.44 0.00325386
0.983333 3.48 0.00250103
0.983333 3.52 0.000703175
0.983333 3.56 0.00159118
0.983333 3.6 0.000635696
0.983333 3.64 0.00149827
0.983333 3.68 0.00220254
0.983333 3.72 0.00286825
0.983333 3.76 0.00171844
0.983333 3.8 0.0024603
0.983333 3.84 0.00155305
0.983333 3.88 0.000850721
0.983333 3.92 0.000675642
0.983333 3.96 0.00234721
0.983333 4 0.00159982
1 -4 2.25426e-06
1 -3.96 9.28839e-07
1 -3.92 4.82161e-06
1 -3.88 3.0683e-06
1 -3.84 4.24761e-06
1 -3.8 5.54172e-06
1 -3.76 6.87758e-06
1 -3.72 8.64133e-06
1 -3.68 5.3643e-06
1 -3.64 7.08631e-06
1 -3.6 7.20111e-06
1 -3.56 4.95729e-06
1 -3.52 3.32921e-06
1 -3.48 4.53983e-06
1 -3.44 4.17456e-08
1 -3.4 6.26183e-07
1 -3.36 3.23528e-07
1 -3.32 4.09106e-06
1 -3.28 3.11004e-06
1 -3.24 2.89088e-06
1 -3.2 3.84059e-06
1 -3.16 4.19543e-06
1 -3.12 4.82161e-06
1 -3.08 3.80928e-06
1 -3.04 3.68405e-06
1 -3 6.16791e-06
1 -2.96 5.333e-06
1 -2.92 2.51517e-06
1 -2.88 3.78841e-06
1 -2.84 2.96393e-06
1 -2.8 1.06451e-06
1 -2.76 9.18402e-07
1 -2.72 2.88044e-06
1 -2.68 1.61764e-06
1 -2.64 2.81783e-07
1 -2.6 1.51328e-06
1 -2.56 4.81118e-06
1 -2.52 4.82161e-06
1 -2.48 5.98005e-06
1 -2.44 4.01801e-06
1 -2.4 4.01801e-06
1 -2.36 4.69638e-06
1 -2.32 2.06641e-06
1 -2.28 2.09771e-06
1 -2.24 1.61764e-06
1 -2.2 2.79695e-06
1 -2.16 3.62143e-06
1 -2.12 7.72293e-07
1 -2.08 2.74477e-06
1 -2.04 3.55881e-06
1 -2 3.65274e-06
1 -1.96 3.77797e-06
1 -1.92 3.78841e-06
1 -1.88 4.85292e-06
1 -1.84 4.45634e-06
1 -1.8 3.31877e-06
1 -1.76 3.54837e-06
1 -1.72 3.73623e-06
1 -1.68 2.4943e-06
1 -1.64 4.01801e-06
1 -1.6 3.19354e-06
1 -1.56 2.8387e-06
1 -1.52 2.48386e-06
1 -1.48 1.78462e-06
1 -1.44 3.07873e-06
1 -1.4 2.9535e-06
1 -1.36 1.98291e-06
1 -1.32 3.17266e-06
1 -1.28 3.25615e-06
1 -1.24 2.10815e-06
1 -1.2 3.32921e-06
1 -1.16 2.89088e-06
1 -1.12 2.97437e-06
1 -1.08 3.0683e-06
1 -1.04 3.68405e-06
1 -1 0.00102897
1 -0.96 0.00110727
1 -0.92 0.00119458
1 -0.88 0.00129384
1 -0.84 0.00140384
1 -0.8 0.00153113
1 -0.76 0.00167729
1 -0.72 0.00184392
1 -0.68 0.00203956
1 -0.64 0.00226773
1 -0.6 0.00253752
1 -0.56 0.00286062
1 -0.52 0.00325034
1 -0.48 0.0037272
1 -0.44 0.00432051
1 -0.4 0.00506914
1 -0.36 0.00603665
1 -0.32 0.00731459
1 -0.28 0.00905318
1 -0.24 0.0114975
1 -0.2 0.0150793
1 -0.16 0.0205939
1 -0.12 0.0295892
1 -0.08 0.0451529
1 -0.04 0.0727124
1 0 0.114006
1 0.04 0.136806
1 0.08 0.108087
1 0.12 0.0737084
1 0.16 0.0584503
1 0.2 0.0588687
1 0.24 0.0508761
1 0.28 0.0373921
1 0.32 0.0263501
1 0.36 0.0242598
1 0.4 0.0304262
1 0.44 0.0274954
1 0.48 0.0246516
1 0.52 0.0182939
1 0.56 0.0125904
1 0.6 0.0147068
1 0.64 0.0157711
1 0.68 0.0128782
1 0.72 0.0142383
1 0.76 0.0141608
1 0.8 0.0123821
1 0.84 0.00791827
1 0.88 0.00946231
1 0.92 0.00733862
1 0.96 0.00661141
1 1 0.00778518
1 1.04 0.0106964
1 1.08 0.00554623
1 1.12 0.00327832
1 1.16 0.00479373
1 1.2 0.00326035
1 1.24 0.00605814
1 1.28 0.00445049
1 1.32 0.0068349
1 1.36 0.0039899
1 1.4 0.00282321
1 1.44 0.00242759
1 1.48 0.00612682
1 1.52 0.00814327
1 1.56 0.00431952
1 1.6 0.00560382
1 1.64 0.00460074
1 1.68 0.00814067
1 1.72 0.000197874
1 1.76 0.00258414
1 1.8 0.00367
1 1.84 0.00147129
1 1.88 0.00629434
1 1.92 0.0023227
1 1.96 0.00200257
1 2 0.00338264
1 2.04 0.00122396
1 2.08 0.00340033
1 2.12 9.74968e-05
1 2.16 0.00216438
1 2.2 0.00215358
1 2.24 0.00105324
1 2.28 0.00481249
1 2.32 0.00120135
1 2.36 0.00421485
1 2.4 0.00490326
1 2.44 0.000835005
1 2.48 0.00145732
1 2.52 0.000717512
1 2.56 0.00123735
1 2.6 0.00724482
1 2.64 0.00010761
1 2.68 0.00237353
1 2.72 0.00150055
1 2.76 0.00189893
1 2.8 0.000861493
1 2.84 0.000637194
1 2.88 0.00615921
1 2.92 0.00696024
1 2.96 0.00490367
1 3 0.00410374
1 3.04 0.0034447
1 3.08 0.0127248
1 3.12 0.00710287
1 3.16 0.008846
1 3.2 0.00780336
1 3.24 0.00581703
1 3.28 0.00127069
1 3.32 0.000451457
1 3.36 9.53155e-05
1 3.4 0.00165675
1 3.44 0.00311516
1 3.48 0.00221896
1 3.52 0.000570505
1 3.56 0.00162934
1 3.6 0.000541085
1 3.64 0.00139289
1 3.68 0.00214783
1 3.72 0.00306087
1 3.76 0.00168302
1 3.8 0.00230683
1 3.84 0.00206259
1 3.88 0.0010354
1 3.92 0.000844784
1 3.96 0.00228358
1 4 0.00172152
  
