# single-particle spectral function of two-orbital Hubbard model
# t00=0.5 t11/t00=0.5 U=16 Jh=U/4 L=60 n=2.50 gamma=1
# k, omega, A(k,omega) incoherent

0 -4 0.000116648
0 -3.96 8.38146e-05
0 -3.92 0.000128013
0 -3.88 0.00011121
0 -3.84 0.000133774
0 -3.8 0.000156191
0 -3.76 0.000109039
0 -3.72 0.000165271
0 -3.68 0.000187573
0 -3.64 0.000175811
0 -3.6 0.000134682
0 -3.56 0.000179443
0 -3.52 0.000105428
0 -3.48 0.000125988
0 -3.44 0.000153582
0 -3.4 0.000144461
0 -3.36 0.000155408
0 -3.32 0.000135861
0 -3.28 0.000183378
0 -3.24 0.00017506
0 -3.2 0.000167744
0 -3.16 0.000194273
0 -3.12 0.000153968
0 -3.08 0.000211514
0 -3.04 0.000213821
0 -3 0.000214322
0 -2.96 0.000172785
0 -2.92 0.000151067
0 -2.88 0.000154354
0 -2.84 0.000228463
0 -2.8 0.000210116
0 -2.76 0.000233305
0 -2.72 0.000209521
0 -2.68 0.000281908
0 -2.64 0.000287815
0 -2.6 0.00018629
0 -2.56 0.0002681
0 -2.52 0.000250045
0 -2.48 0.00031401
0 -2.44 0.000304837
0 -2.4 0.000327609
0 -2.36 0.000316317
0 -2.32 0.000353794
0 -2.28 0.000402552
0 -2.24 0.000469961
0 -2.2 0.00046826
0 -2.16 0.000503911
0 -2.12 0.000471266
0 -2.08 0.000569065
0 -2.04 0.000622437
0 -2 0.000663097
0 -1.96 0.000736861
0 -1.92 0.000777261
0 -1.88 0.000873056
0 -1.84 0.00102353
0 -1.8 0.00110055
0 -1.76 0.00116742
0 -1.72 0.00109335
0 -1.68 0.00127087
0 -1.64 0.00132683
0 -1.6 0.0014028
0 -1.56 0.00153399
0 -1.52 0.00149203
0 -1.48 0.00164783
0 -1.44 0.00170818
0 -1.4 0.00202738
0 -1.36 0.0019582
0 -1.32 0.00215668
0 -1.28 0.00240096
0 -1.24 0.00233165
0 -1.2 0.00234426
0 -1.16 0.0026612
0 -1.12 0.00276699
0 -1.08 0.00290373
0 -1.04 0.00324568
0 -1 0.00342803
0 -0.96 0.00339728
0 -0.92 0.0037863
0 -0.88 0.00413971
0 -0.84 0.00476957
0 -0.8 0.00503338
0 -0.76 0.00499101
0 -0.72 0.00547323
0 -0.68 0.00646734
0 -0.64 0.0072903
0 -0.6 0.00805507
0 -0.56 0.00846275
0 -0.52 0.00962081
0 -0.48 0.0111701
0 -0.44 0.0137107
0 -0.4 0.0147545
0 -0.36 0.0124688
0 -0.32 0.00858793
0 -0.28 0.00573978
0 -0.24 0.00395315
0 -0.2 0.00277369
0 -0.16 0.00204614
0 -0.12 0.00153224
0 -0.08 0.00116652
0 -0.04 0.000921805
0 0 0.000769099
0 0.04 0.000658766
0 0.08 0.000570203
0 0.12 0.000497774
0 0.16 0.00043813
0 0.2 0.00038862
0 0.24 0.000347187
0 0.28 0.000312142
0 0.32 0.000282294
0 0.36 0.000256662
0 0.4 0.000234453
0 0.44 0.000215104
0 0.48 0.000198124
0 0.52 0.000183127
0 0.56 0.000169852
0 0.6 0.000158017
0 0.64 0.000147424
0 0.68 0.000137896
0 0.72 0.000129276
0 0.76 0.00012148
0 0.8 0.000114404
0 0.84 0.000107933
0 0.88 0.000102026
0 0.92 9.66201e-05
0 0.96 9.16419e-05
0 1 0
0 1.04 0
0 1.08 0
0 1.12 0
0 1.16 0
0 1.2 0
0 1.24 0
0 1.28 0
0 1.32 0
0 1.36 0
0 1.4 0
0 1.44 0
0 1.48 0
0 1.52 0
0 1.56 0
0 1.6 0
0 1.64 0
0 1.68 0
0 1.72 0
0 1.76 0
0 1.8 0
0 1.84 0
0 1.88 0
0 1.92 0
0 1.96 0
0 2 0
0 2.04 0
0 2.08 0
0 2.12 0
0 2.16 0
0 2.2 0
0 2.24 0
0 2.28 0
0 2.32 0
0 2.36 0
0 2.4 0
0 2.44 0
0 2.48 0
0 2.52 0
0 2.56 0
0 2.6 0
0 2.64 0
0 2.68 0
0 2.72 0
0 2.76 0
0 2.8 0
0 2.84 0
0 2.88 0
0 2.92 0
0 2.96 0
0 3 0
0 3.04 0
0 3.08 0
0 3.12 0
0 3.16 0
0 3.2 0
0 3.24 0
0 3.28 0
0 3.32 0
0 3.36 0
0 3.4 0
0 3.44 0
0 3.48 0
0 3.52 0
0 3.56 0
0 3.6 0
0 3.64 0
0 3.68 0
0 3.72 0
0 3.76 0
0 3.8 0
0 3.84 0
0 3.88 0
0 3.92 0
0 3.96 0
0 4 0
0.0166667 -4 0.000115011
0.0166667 -3.96 9.32336e-05
0.0166667 -3.92 0.000123156
0.0166667 -3.88 0.000108415
0.0166667 -3.84 0.000128907
0.0166667 -3.8 0.000140153
0.0166667 -3.76 0.000116111
0.0166667 -3.72 0.000142611
0.0166667 -3.68 0.000169622
0.0166667 -3.64 0.000172389
0.0166667 -3.6 0.000132959
0.0166667 -3.56 0.000157576
0.0166667 -3.52 0.00011005
0.0166667 -3.48 0.000141241
0.0166667 -3.44 0.000160529
0.0166667 -3.4 0.000141564
0.0166667 -3.36 0.000152511
0.0166667 -3.32 0.000141007
0.0166667 -3.28 0.000168599
0.0166667 -3.24 0.000167719
0.0166667 -3.2 0.000164259
0.0166667 -3.16 0.000198856
0.0166667 -3.12 0.000165195
0.0166667 -3.08 0.000207569
0.0166667 -3.04 0.000212358
0.0166667 -3 0.000204819
0.0166667 -2.96 0.000163816
0.0166667 -2.92 0.000160852
0.0166667 -2.88 0.000165148
0.0166667 -2.84 0.000245791
0.0166667 -2.8 0.000212191
0.0166667 -2.76 0.000218209
0.0166667 -2.72 0.00021047
0.0166667 -2.68 0.00026112
0.0166667 -2.64 0.000264218
0.0166667 -2.6 0.000213849
0.0166667 -2.56 0.000277412
0.0166667 -2.52 0.000269371
0.0166667 -2.48 0.00031962
0.0166667 -2.44 0.000298672
0.0166667 -2.4 0.000317116
0.0166667 -2.36 0.000332883
0.0166667 -2.32 0.000357444
0.0166667 -2.28 0.000402994
0.0166667 -2.24 0.00043466
0.0166667 -2.2 0.000442621
0.0166667 -2.16 0.000511682
0.0166667 -2.12 0.000486172
0.0166667 -2.08 0.000575193
0.0166667 -2.04 0.00060767
0.0166667 -2 0.000642115
0.0166667 -1.96 0.000709947
0.0166667 -1.92 0.000789953
0.0166667 -1.88 0.000849679
0.0166667 -1.84 0.000967673
0.0166667 -1.8 0.00109311
0.0166667 -1.76 0.00119528
0.0166667 -1.72 0.00112494
0.0166667 -1.68 0.00124692
0.0166667 -1.64 0.00135093
0.0166667 -1.6 0.00139628
0.0166667 -1.56 0.00151985
0.0166667 -1.52 0.00152141
0.0166667 -1.48 0.00162991
0.0166667 -1.44 0.00172373
0.0166667 -1.4 0.00198937
0.0166667 -1.36 0.00196571
0.0166667 -1.32 0.00212215
0.0166667 -1.28 0.00235348
0.0166667 -1.24 0.0023423
0.0166667 -1.2 0.00237802
0.0166667 -1.16 0.00268365
0.0166667 -1.12 0.00283975
0.0166667 -1.08 0.00291563
0.0166667 -1.04 0.00326676
0.0166667 -1 0.00339463
0.0166667 -0.96 0.00341118
0.0166667 -0.92 0.00373794
0.0166667 -0.88 0.00409706
0.0166667 -0.84 0.00470586
0.0166667 -0.8 0.0050492
0.0166667 -0.76 0.00514377
0.0166667 -0.72 0.00551827
0.0166667 -0.68 0.00642703
0.0166667 -0.64 0.0072073
0.0166667 -0.6 0.00803619
0.0166667 -0.56 0.00856935
0.0166667 -0.52 0.00954799
0.0166667 -0.48 0.011271
0.0166667 -0.44 0.0137747
0.0166667 -0.4 0.014677
0.0166667 -0.36 0.0124053
0.0166667 -0.32 0.00863055
0.0166667 -0.28 0.00581915
0.0166667 -0.24 0.00397618
0.0166667 -0.2 0.00279089
0.0166667 -0.16 0.00205664
0.0166667 -0.12 0.00153825
0.0166667 -0.08 0.00117021
0.0166667 -0.04 0.000924428
0.0166667 0 0.000770997
0.0166667 0.04 0.000660108
0.0166667 0.08 0.000571176
0.0166667 0.12 0.000498499
0.0166667 0.16 0.000438683
0.0166667 0.2 0.00038905
0.0166667 0.24 0.000347526
0.0166667 0.28 0.000312414
0.0166667 0.32 0.000282514
0.0166667 0.36 0.000256842
0.0166667 0.4 0.000234602
0.0166667 0.44 0.000215227
0.0166667 0.48 0.000198227
0.0166667 0.52 0.000183214
0.0166667 0.56 0.000169926
0.0166667 0.6 0.00015808
0.0166667 0.64 0.000147478
0.0166667 0.68 0.000137941
0.0166667 0.72 0.000129315
0.0166667 0.76 0.000121514
0.0166667 0.8 0.000114433
0.0166667 0.84 0.000107958
0.0166667 0.88 0.000102048
0.0166667 0.92 9.6639e-05
0.0166667 0.96 9.16583e-05
0.0166667 1 0
0.0166667 1.04 0
0.0166667 1.08 0
0.0166667 1.12 0
0.0166667 1.16 0
0.0166667 1.2 0
0.0166667 1.24 0
0.0166667 1.28 0
0.0166667 1.32 0
0.0166667 1.36 0
0.0166667 1.4 0
0.0166667 1.44 0
0.0166667 1.48 0
0.0166667 1.52 0
0.0166667 1.56 0
0.0166667 1.6 0
0.0166667 1.64 0
0.0166667 1.68 0
0.0166667 1.72 0
0.0166667 1.76 0
0.0166667 1.8 0
0.0166667 1.84 0
0.0166667 1.88 0
0.0166667 1.92 0
0.0166667 1.96 0
0.0166667 2 0
0.0166667 2.04 0
0.0166667 2.08 0
0.0166667 2.12 0
0.0166667 2.16 0
0.0166667 2.2 0
0.0166667 2.24 0
0.0166667 2.28 0
0.0166667 2.32 0
0.0166667 2.36 0
0.0166667 2.4 0
0.0166667 2.44 0
0.0166667 2.48 0
0.0166667 2.52 0
0.0166667 2.56 0
0.0166667 2.6 0
0.0166667 2.64 0
0.0166667 2.68 0
0.0166667 2.72 0
0.0166667 2.76 0
0.0166667 2.8 0
0.0166667 2.84 0
0.0166667 2.88 0
0.0166667 2.92 0
0.0166667 2.96 0
0.0166667 3 0
0.0166667 3.04 0
0.0166667 3.08 0
0.0166667 3.12 0
0.0166667 3.16 0
0.0166667 3.2 0
0.0166667 3.24 0
0.0166667 3.28 0
0.0166667 3.32 0
0.0166667 3.36 0
0.0166667 3.4 0
0.0166667 3.44 0
0.0166667 3.48 0
0.0166667 3.52 0
0.0166667 3.56 0
0.0166667 3.6 0
0.0166667 3.64 0
0.0166667 3.68 0
0.0166667 3.72 0
0.0166667 3.76 0
0.0166667 3.8 0
0.0166667 3.84 0
0.0166667 3.88 0
0.0166667 3.92 0
0.0166667 3.96 0
0.0166667 4 0
0.0333333 -4 0.000117152
0.0333333 -3.96 0.000114194
0.0333333 -3.92 0.000121488
0.0333333 -3.88 0.000105287
0.0333333 -3.84 0.000117341
0.0333333 -3.8 0.000114337
0.0333333 -3.76 0.00012601
0.0333333 -3.72 0.000101737
0.0333333 -3.68 0.000132571
0.0333333 -3.64 0.000164951
0.0333333 -3.6 0.000128784
0.0333333 -3.56 0.000121748
0.0333333 -3.52 0.000122809
0.0333333 -3.48 0.000159528
0.0333333 -3.44 0.000166115
0.0333333 -3.4 0.000136633
0.0333333 -3.36 0.000147238
0.0333333 -3.32 0.000153846
0.0333333 -3.28 0.000138661
0.0333333 -3.24 0.000146907
0.0333333 -3.2 0.000162532
0.0333333 -3.16 0.000200804
0.0333333 -3.12 0.000180725
0.0333333 -3.08 0.000199881
0.0333333 -3.04 0.000207435
0.0333333 -3 0.000190023
0.0333333 -2.96 0.000149315
0.0333333 -2.92 0.000181919
0.0333333 -2.88 0.000185946
0.0333333 -2.84 0.000273022
0.0333333 -2.8 0.000223335
0.0333333 -2.76 0.000190695
0.0333333 -2.72 0.000218708
0.0333333 -2.68 0.000230218
0.0333333 -2.64 0.000217658
0.0333333 -2.6 0.00025349
0.0333333 -2.56 0.000295873
0.0333333 -2.52 0.000303495
0.0333333 -2.48 0.000324439
0.0333333 -2.44 0.000291906
0.0333333 -2.4 0.000306531
0.0333333 -2.36 0.000365314
0.0333333 -2.32 0.000363131
0.0333333 -2.28 0.000399869
0.0333333 -2.24 0.000368957
0.0333333 -2.2 0.000406167
0.0333333 -2.16 0.000527157
0.0333333 -2.12 0.000505353
0.0333333 -2.08 0.000572409
0.0333333 -2.04 0.000581597
0.0333333 -2 0.00060348
0.0333333 -1.96 0.000669983
0.0333333 -1.92 0.000804623
0.0333333 -1.88 0.00081836
0.0333333 -1.84 0.000879878
0.0333333 -1.8 0.00107801
0.0333333 -1.76 0.00121862
0.0333333 -1.72 0.00117972
0.0333333 -1.68 0.00121742
0.0333333 -1.64 0.00138344
0.0333333 -1.6 0.00138975
0.0333333 -1.56 0.00149401
0.0333333 -1.52 0.00156958
0.0333333 -1.48 0.00159246
0.0333333 -1.44 0.0017517
0.0333333 -1.4 0.00193763
0.0333333 -1.36 0.00197318
0.0333333 -1.32 0.00204927
0.0333333 -1.28 0.00228288
0.0333333 -1.24 0.00236199
0.0333333 -1.2 0.00242459
0.0333333 -1.16 0.0027071
0.0333333 -1.12 0.00293136
0.0333333 -1.08 0.00293223
0.0333333 -1.04 0.00331686
0.0333333 -1 0.0033499
0.0333333 -0.96 0.00344651
0.0333333 -0.92 0.00367148
0.0333333 -0.88 0.0040223
0.0333333 -0.84 0.00458854
0.0333333 -0.8 0.00506278
0.0333333 -0.76 0.00539146
0.0333333 -0.72 0.00560625
0.0333333 -0.68 0.00632951
0.0333333 -0.64 0.00706037
0.0333333 -0.6 0.00798009
0.0333333 -0.56 0.00878071
0.0333333 -0.52 0.0094459
0.0333333 -0.48 0.011449
0.0333333 -0.44 0.013769
0.0333333 -0.4 0.0144477
0.0333333 -0.36 0.012294
0.0333333 -0.32 0.00878372
0.0333333 -0.28 0.00600149
0.0333333 -0.24 0.00404555
0.0333333 -0.2 0.00284234
0.0333333 -0.16 0.00208794
0.0333333 -0.12 0.00155644
0.0333333 -0.08 0.00118134
0.0333333 -0.04 0.000932339
0.0333333 0 0.000776706
0.0333333 0.04 0.000664141
0.0333333 0.08 0.000574098
0.0333333 0.12 0.000500676
0.0333333 0.16 0.000440341
0.0333333 0.2 0.000390339
0.0333333 0.24 0.000348542
0.0333333 0.28 0.00031323
0.0333333 0.32 0.000283175
0.0333333 0.36 0.00025738
0.0333333 0.4 0.000235047
0.0333333 0.44 0.000215596
0.0333333 0.48 0.000198536
0.0333333 0.52 0.000183475
0.0333333 0.56 0.000170146
0.0333333 0.6 0.000158266
0.0333333 0.64 0.000147637
0.0333333 0.68 0.000138077
0.0333333 0.72 0.000129432
0.0333333 0.76 0.000121615
0.0333333 0.8 0.00011452
0.0333333 0.84 0.000108034
0.0333333 0.88 0.000102114
0.0333333 0.92 9.66955e-05
0.0333333 0.96 9.17072e-05
0.0333333 1 0
0.0333333 1.04 0
0.0333333 1.08 0
0.0333333 1.12 0
0.0333333 1.16 0
0.0333333 1.2 0
0.0333333 1.24 0
0.0333333 1.28 0
0.0333333 1.32 0
0.0333333 1.36 0
0.0333333 1.4 0
0.0333333 1.44 0
0.0333333 1.48 0
0.0333333 1.52 0
0.0333333 1.56 0
0.0333333 1.6 0
0.0333333 1.64 0
0.0333333 1.68 0
0.0333333 1.72 0
0.0333333 1.76 0
0.0333333 1.8 0
0.0333333 1.84 0
0.0333333 1.88 0
0.0333333 1.92 0
0.0333333 1.96 0
0.0333333 2 0
0.0333333 2.04 0
0.0333333 2.08 0
0.0333333 2.12 0
0.0333333 2.16 0
0.0333333 2.2 0
0.0333333 2.24 0
0.0333333 2.28 0
0.0333333 2.32 0
0.0333333 2.36 0
0.0333333 2.4 0
0.0333333 2.44 0
0.0333333 2.48 0
0.0333333 2.52 0
0.0333333 2.56 0
0.0333333 2.6 0
0.0333333 2.64 0
0.0333333 2.68 0
0.0333333 2.72 0
0.0333333 2.76 0
0.0333333 2.8 0
0.0333333 2.84 0
0.0333333 2.88 0
0.0333333 2.92 0
0.0333333 2.96 0
0.0333333 3 0
0.0333333 3.04 0
0.0333333 3.08 0
0.0333333 3.12 0
0.0333333 3.16 0
0.0333333 3.2 0
0.0333333 3.24 0
0.0333333 3.28 0
0.0333333 3.32 0
0.0333333 3.36 0
0.0333333 3.4 0
0.0333333 3.44 0
0.0333333 3.48 0
0.0333333 3.52 0
0.0333333 3.56 0
0.0333333 3.6 0
0.0333333 3.64 0
0.0333333 3.68 0
0.0333333 3.72 0
0.0333333 3.76 0
0.0333333 3.8 0
0.0333333 3.84 0
0.0333333 3.88 0
0.0333333 3.92 0
0.0333333 3.96 0
0.0333333 4 0
0.05 -4 0.00012959
0.05 -3.96 0.000131226
0.05 -3.92 0.00013287
0.05 -3.88 0.000108886
0.05 -3.84 0.000108864
0.05 -3.8 0.000112239
0.05 -3.76 0.000123379
0.05 -3.72 8.90925e-05
0.05 -3.68 0.000108167
0.05 -3.64 0.000158402
0.05 -3.6 0.00012618
0.05 -3.56 0.000118386
0.05 -3.52 0.000139502
0.05 -3.48 0.000144939
0.05 -3.44 0.000154762
0.05 -3.4 0.00013473
0.05 -3.36 0.000145556
0.05 -3.32 0.000165848
0.05 -3.28 0.000122867
0.05 -3.24 0.000124137
0.05 -3.2 0.000172344
0.05 -3.16 0.000187916
0.05 -3.12 0.000175447
0.05 -3.08 0.000197412
0.05 -3.04 0.000200919
0.05 -3 0.000188051
0.05 -2.96 0.000149997
0.05 -2.92 0.000195032
0.05 -2.88 0.000199027
0.05 -2.84 0.000273569
0.05 -2.8 0.000242228
0.05 -2.76 0.000180419
0.05 -2.72 0.000238305
0.05 -2.68 0.000234238
0.05 -2.64 0.000192209
0.05 -2.6 0.000250653
0.05 -2.56 0.000305574
0.05 -2.52 0.000314689
0.05 -2.48 0.000315826
0.05 -2.44 0.000305284
0.05 -2.4 0.000322121
0.05 -2.36 0.00038147
0.05 -2.32 0.000362193
0.05 -2.28 0.000391403
0.05 -2.24 0.000338661
0.05 -2.2 0.000418005
0.05 -2.16 0.000534055
0.05 -2.12 0.000494311
0.05 -2.08 0.000541174
0.05 -2.04 0.000577603
0.05 -2 0.000591184
0.05 -1.96 0.000667526
0.05 -1.92 0.000793056
0.05 -1.88 0.000830785
0.05 -1.84 0.000883801
0.05 -1.8 0.00106594
0.05 -1.76 0.00116293
0.05 -1.72 0.00119324
0.05 -1.68 0.00123859
0.05 -1.64 0.00137062
0.05 -1.6 0.00140316
0.05 -1.56 0.00148772
0.05 -1.52 0.00157951
0.05 -1.48 0.00157066
0.05 -1.44 0.00175915
0.05 -1.4 0.00195736
0.05 -1.36 0.00196073
0.05 -1.32 0.00200086
0.05 -1.28 0.00230143
0.05 -1.24 0.00237024
0.05 -1.2 0.0024044
0.05 -1.16 0.00267059
0.05 -1.12 0.00286759
0.05 -1.08 0.00293075
0.05 -1.04 0.00335269
0.05 -1 0.00337171
0.05 -0.96 0.00348468
0.05 -0.92 0.00370798
0.05 -0.88 0.00400304
0.05 -0.84 0.00454011
0.05 -0.8 0.00502339
0.05 -0.76 0.00540235
0.05 -0.72 0.0056465
0.05 -0.68 0.00622369
0.05 -0.64 0.00701466
0.05 -0.6 0.00789415
0.05 -0.56 0.00889255
0.05 -0.52 0.0094958
0.05 -0.48 0.0114701
0.05 -0.44 0.0134076
0.05 -0.4 0.0140902
0.05 -0.36 0.0122633
0.05 -0.32 0.0090562
0.05 -0.28 0.00619215
0.05 -0.24 0.00416569
0.05 -0.2 0.00292925
0.05 -0.16 0.00214004
0.05 -0.12 0.00158719
0.05 -0.08 0.00120009
0.05 -0.04 0.00094566
0.05 0 0.000786269
0.05 0.04 0.000670886
0.05 0.08 0.000578981
0.05 0.12 0.00050431
0.05 0.16 0.000443106
0.05 0.2 0.000392488
0.05 0.24 0.000350235
0.05 0.28 0.000314588
0.05 0.32 0.000284275
0.05 0.36 0.000258275
0.05 0.4 0.000235786
0.05 0.44 0.000216209
0.05 0.48 0.000199049
0.05 0.52 0.000183908
0.05 0.56 0.000170511
0.05 0.6 0.000158575
0.05 0.64 0.000147901
0.05 0.68 0.000138303
0.05 0.72 0.000129627
0.05 0.76 0.000121784
0.05 0.8 0.000114665
0.05 0.84 0.00010816
0.05 0.88 0.000102223
0.05 0.92 9.67893e-05
0.05 0.96 9.17883e-05
0.05 1 0
0.05 1.04 0
0.05 1.08 0
0.05 1.12 0
0.05 1.16 0
0.05 1.2 0
0.05 1.24 0
0.05 1.28 0
0.05 1.32 0
0.05 1.36 0
0.05 1.4 0
0.05 1.44 0
0.05 1.48 0
0.05 1.52 0
0.05 1.56 0
0.05 1.6 0
0.05 1.64 0
0.05 1.68 0
0.05 1.72 0
0.05 1.76 0
0.05 1.8 0
0.05 1.84 0
0.05 1.88 0
0.05 1.92 0
0.05 1.96 0
0.05 2 0
0.05 2.04 0
0.05 2.08 0
0.05 2.12 0
0.05 2.16 0
0.05 2.2 0
0.05 2.24 0
0.05 2.28 0
0.05 2.32 0
0.05 2.36 0
0.05 2.4 0
0.05 2.44 0
0.05 2.48 0
0.05 2.52 0
0.05 2.56 0
0.05 2.6 0
0.05 2.64 0
0.05 2.68 0
0.05 2.72 0
0.05 2.76 0
0.05 2.8 0
0.05 2.84 0
0.05 2.88 0
0.05 2.92 0
0.05 2.96 0
0.05 3 0
0.05 3.04 0
0.05 3.08 0
0.05 3.12 0
0.05 3.16 0
0.05 3.2 0
0.05 3.24 0
0.05 3.28 0
0.05 3.32 0
0.05 3.36 0
0.05 3.4 0
0.05 3.44 0
0.05 3.48 0
0.05 3.52 0
0.05 3.56 0
0.05 3.6 0
0.05 3.64 0
0.05 3.68 0
0.05 3.72 0
0.05 3.76 0
0.05 3.8 0
0.05 3.84 0
0.05 3.88 0
0.05 3.92 0
0.05 3.96 0
0.05 4 0
0.0666667 -4 0.000140678
0.0666667 -3.96 0.000134103
0.0666667 -3.92 0.000136826
0.0666667 -3.88 0.000115433
0.0666667 -3.84 0.000113973
0.0666667 -3.8 0.000131223
0.0666667 -3.76 0.000112
0.0666667 -3.72 0.000113879
0.0666667 -3.68 0.000109021
0.0666667 -3.64 0.00015405
0.0666667 -3.6 0.000131071
0.0666667 -3.56 0.000145276
0.0666667 -3.52 0.000152765
0.0666667 -3.48 0.000114509
0.0666667 -3.44 0.000143156
0.0666667 -3.4 0.000135411
0.0666667 -3.36 0.000150137
0.0666667 -3.32 0.000166199
0.0666667 -3.28 0.000134959
0.0666667 -3.24 0.000122365
0.0666667 -3.2 0.00018523
0.0666667 -3.16 0.000175177
0.0666667 -3.12 0.000157033
0.0666667 -3.08 0.00020481
0.0666667 -3.04 0.000199914
0.0666667 -3 0.000191781
0.0666667 -2.96 0.000167097
0.0666667 -2.92 0.000187026
0.0666667 -2.88 0.000202735
0.0666667 -2.84 0.000251136
0.0666667 -2.8 0.000248051
0.0666667 -2.76 0.000191388
0.0666667 -2.72 0.000257417
0.0666667 -2.68 0.000264817
0.0666667 -2.64 0.000203167
0.0666667 -2.6 0.000227749
0.0666667 -2.56 0.000298395
0.0666667 -2.52 0.000300059
0.0666667 -2.48 0.000306639
0.0666667 -2.44 0.000336806
0.0666667 -2.4 0.000347887
0.0666667 -2.36 0.00036821
0.0666667 -2.32 0.000353321
0.0666667 -2.28 0.000390424
0.0666667 -2.24 0.000354552
0.0666667 -2.2 0.000464524
0.0666667 -2.16 0.000521572
0.0666667 -2.12 0.00046838
0.0666667 -2.08 0.000511504
0.0666667 -2.04 0.000602014
0.0666667 -2 0.000616787
0.0666667 -1.96 0.000676067
0.0666667 -1.92 0.000773099
0.0666667 -1.88 0.000864649
0.0666667 -1.84 0.000971194
0.0666667 -1.8 0.00105647
0.0666667 -1.76 0.00107797
0.0666667 -1.72 0.00116572
0.0666667 -1.68 0.00128199
0.0666667 -1.64 0.00132991
0.0666667 -1.6 0.00142928
0.0666667 -1.56 0.00151232
0.0666667 -1.52 0.00156493
0.0666667 -1.48 0.00158589
0.0666667 -1.44 0.00173695
0.0666667 -1.4 0.00201474
0.0666667 -1.36 0.00193635
0.0666667 -1.32 0.00201339
0.0666667 -1.28 0.00240109
0.0666667 -1.24 0.00236512
0.0666667 -1.2 0.00233937
0.0666667 -1.16 0.00259347
0.0666667 -1.12 0.00270823
0.0666667 -1.08 0.00292667
0.0666667 -1.04 0.00332431
0.0666667 -1 0.00343645
0.0666667 -0.96 0.00350378
0.0666667 -0.92 0.00383418
0.0666667 -0.88 0.00404462
0.0666667 -0.84 0.0045777
0.0666667 -0.8 0.00493899
0.0666667 -0.76 0.00518257
0.0666667 -0.72 0.0056068
0.0666667 -0.68 0.00614284
0.0666667 -0.64 0.00707808
0.0666667 -0.6 0.00779682
0.0666667 -0.56 0.00881668
0.0666667 -0.52 0.00967824
0.0666667 -0.48 0.0112361
0.0666667 -0.44 0.0127654
0.0666667 -0.4 0.0136558
0.0666667 -0.36 0.0123071
0.0666667 -0.32 0.00935859
0.0666667 -0.28 0.00637873
0.0666667 -0.24 0.00434703
0.0666667 -0.2 0.00305541
0.0666667 -0.16 0.00221409
0.0666667 -0.12 0.00163107
0.0666667 -0.08 0.00122678
0.0666667 -0.04 0.000964587
0.0666667 0 0.000799759
0.0666667 0.04 0.000680378
0.0666667 0.08 0.00058584
0.0666667 0.12 0.000509407
0.0666667 0.16 0.000446982
0.0666667 0.2 0.000395497
0.0666667 0.24 0.000352604
0.0666667 0.28 0.000316487
0.0666667 0.32 0.00028581
0.0666667 0.36 0.000259526
0.0666667 0.4 0.000236818
0.0666667 0.44 0.000217064
0.0666667 0.48 0.000199764
0.0666667 0.52 0.000184511
0.0666667 0.56 0.00017102
0.0666667 0.6 0.000159006
0.0666667 0.64 0.000148269
0.0666667 0.68 0.000138618
0.0666667 0.72 0.000129897
0.0666667 0.76 0.000122018
0.0666667 0.8 0.000114866
0.0666667 0.84 0.000108335
0.0666667 0.88 0.000102375
0.0666667 0.92 9.69195e-05
0.0666667 0.96 9.1901e-05
0.0666667 1 0
0.0666667 1.04 0
0.0666667 1.08 0
0.0666667 1.12 0
0.0666667 1.16 0
0.0666667 1.2 0
0.0666667 1.24 0
0.0666667 1.28 0
0.0666667 1.32 0
0.0666667 1.36 0
0.0666667 1.4 0
0.0666667 1.44 0
0.0666667 1.48 0
0.0666667 1.52 0
0.0666667 1.56 0
0.0666667 1.6 0
0.0666667 1.64 0
0.0666667 1.68 0
0.0666667 1.72 0
0.0666667 1.76 0
0.0666667 1.8 0
0.0666667 1.84 0
0.0666667 1.88 0
0.0666667 1.92 0
0.0666667 1.96 0
0.0666667 2 0
0.0666667 2.04 0
0.0666667 2.08 0
0.0666667 2.12 0
0.0666667 2.16 0
0.0666667 2.2 0
0.0666667 2.24 0
0.0666667 2.28 0
0.0666667 2.32 0
0.0666667 2.36 0
0.0666667 2.4 0
0.0666667 2.44 0
0.0666667 2.48 0
0.0666667 2.52 0
0.0666667 2.56 0
0.0666667 2.6 0
0.0666667 2.64 0
0.0666667 2.68 0
0.0666667 2.72 0
0.0666667 2.76 0
0.0666667 2.8 0
0.0666667 2.84 0
0.0666667 2.88 0
0.0666667 2.92 0
0.0666667 2.96 0
0.0666667 3 0
0.0666667 3.04 0
0.0666667 3.08 0
0.0666667 3.12 0
0.0666667 3.16 0
0.0666667 3.2 0
0.0666667 3.24 0
0.0666667 3.28 0
0.0666667 3.32 0
0.0666667 3.36 0
0.0666667 3.4 0
0.0666667 3.44 0
0.0666667 3.48 0
0.0666667 3.52 0
0.0666667 3.56 0
0.0666667 3.6 0
0.0666667 3.64 0
0.0666667 3.68 0
0.0666667 3.72 0
0.0666667 3.76 0
0.0666667 3.8 0
0.0666667 3.84 0
0.0666667 3.88 0
0.0666667 3.92 0
0.0666667 3.96 0
0.0666667 4 0
0.0833333 -4 0.000133705
0.0833333 -3.96 0.000125391
0.0833333 -3.92 0.000118031
0.0833333 -3.88 0.000114308
0.0833333 -3.84 0.000129486
0.0833333 -3.8 0.000142015
0.0833333 -3.76 0.000104733
0.0833333 -3.72 0.000143725
0.0833333 -3.68 0.000119543
0.0833333 -3.64 0.000149819
0.0833333 -3.6 0.000144309
0.0833333 -3.56 0.000159304
0.0833333 -3.52 0.000155705
0.0833333 -3.48 0.000112437
0.0833333 -3.44 0.000151559
0.0833333 -3.4 0.000136938
0.0833333 -3.36 0.000160147
0.0833333 -3.32 0.000153345
0.0833333 -3.28 0.000157007
0.0833333 -3.24 0.000149534
0.0833333 -3.2 0.000187789
0.0833333 -3.16 0.000184932
0.0833333 -3.12 0.000151932
0.0833333 -3.08 0.00021539
0.0833333 -3.04 0.000209044
0.0833333 -3 0.000183313
0.0833333 -2.96 0.000180033
0.0833333 -2.92 0.000167209
0.0833333 -2.88 0.000204083
0.0833333 -2.84 0.000235534
0.0833333 -2.8 0.000226879
0.0833333 -2.76 0.000202486
0.0833333 -2.72 0.000259216
0.0833333 -2.68 0.000279702
0.0833333 -2.64 0.000228024
0.0833333 -2.6 0.000231634
0.0833333 -2.56 0.000281579
0.0833333 -2.52 0.000284212
0.0833333 -2.48 0.000312926
0.0833333 -2.44 0.000351208
0.0833333 -2.4 0.000347539
0.0833333 -2.36 0.000339833
0.0833333 -2.32 0.000342621
0.0833333 -2.28 0.000407879
0.0833333 -2.24 0.000380422
0.0833333 -2.2 0.000480221
0.0833333 -2.16 0.000493398
0.0833333 -2.12 0.000473486
0.0833333 -2.08 0.000519906
0.0833333 -2.04 0.000623325
0.0833333 -2 0.000647024
0.0833333 -1.96 0.000645092
0.0833333 -1.92 0.000775899
0.0833333 -1.88 0.00085943
0.0833333 -1.84 0.00102063
0.0833333 -1.8 0.00104468
0.0833333 -1.76 0.00107053
0.0833333 -1.72 0.00115869
0.0833333 -1.68 0.00127421
0.0833333 -1.64 0.00131254
0.0833333 -1.6 0.0014302
0.0833333 -1.56 0.00154883
0.0833333 -1.52 0.00158335
0.0833333 -1.48 0.00162203
0.0833333 -1.44 0.00170482
0.0833333 -1.4 0.00200616
0.0833333 -1.36 0.00192058
0.0833333 -1.32 0.00206756
0.0833333 -1.28 0.0024654
0.0833333 -1.24 0.00236328
0.0833333 -1.2 0.00232877
0.0833333 -1.16 0.00254564
0.0833333 -1.12 0.00265135
0.0833333 -1.08 0.00294663
0.0833333 -1.04 0.003236
0.0833333 -1 0.00345555
0.0833333 -0.96 0.00349653
0.0833333 -0.92 0.00391632
0.0833333 -0.88 0.00406613
0.0833333 -0.84 0.00461518
0.0833333 -0.8 0.00486374
0.0833333 -0.76 0.005032
0.0833333 -0.72 0.00555467
0.0833333 -0.68 0.00608952
0.0833333 -0.64 0.00710733
0.0833333 -0.6 0.00770494
0.0833333 -0.56 0.00864048
0.0833333 -0.52 0.00978262
0.0833333 -0.48 0.0108577
0.0833333 -0.44 0.012187
0.0833333 -0.4 0.013191
0.0833333 -0.36 0.0122698
0.0833333 -0.32 0.00957173
0.0833333 -0.28 0.00663794
0.0833333 -0.24 0.00459682
0.0833333 -0.2 0.00322378
0.0833333 -0.16 0.00231235
0.0833333 -0.12 0.00168879
0.0833333 -0.08 0.00126188
0.0833333 -0.04 0.000989384
0.0833333 0 0.000817275
0.0833333 0.04 0.000692663
0.0833333 0.08 0.000594697
0.0833333 0.12 0.000515977
0.0833333 0.16 0.00045197
0.0833333 0.2 0.000399364
0.0833333 0.24 0.000355645
0.0833333 0.28 0.000318922
0.0833333 0.32 0.000287778
0.0833333 0.36 0.000261128
0.0833333 0.4 0.000238139
0.0833333 0.44 0.000218158
0.0833333 0.48 0.000200679
0.0833333 0.52 0.000185282
0.0833333 0.56 0.000171671
0.0833333 0.6 0.000159556
0.0833333 0.64 0.000148739
0.0833333 0.68 0.000139019
0.0833333 0.72 0.000130243
0.0833333 0.76 0.000122317
0.0833333 0.8 0.000115123
0.0833333 0.84 0.000108557
0.0833333 0.88 0.000102568
0.0833333 0.92 9.70854e-05
0.0833333 0.96 9.20444e-05
0.0833333 1 0
0.0833333 1.04 0
0.0833333 1.08 0
0.0833333 1.12 0
0.0833333 1.16 0
0.0833333 1.2 0
0.0833333 1.24 0
0.0833333 1.28 0
0.0833333 1.32 0
0.0833333 1.36 0
0.0833333 1.4 0
0.0833333 1.44 0
0.0833333 1.48 0
0.0833333 1.52 0
0.0833333 1.56 0
0.0833333 1.6 0
0.0833333 1.64 0
0.0833333 1.68 0
0.0833333 1.72 0
0.0833333 1.76 0
0.0833333 1.8 0
0.0833333 1.84 0
0.0833333 1.88 0
0.0833333 1.92 0
0.0833333 1.96 0
0.0833333 2 0
0.0833333 2.04 0
0.0833333 2.08 0
0.0833333 2.12 0
0.0833333 2.16 0
0.0833333 2.2 0
0.0833333 2.24 0
0.0833333 2.28 0
0.0833333 2.32 0
0.0833333 2.36 0
0.0833333 2.4 0
0.0833333 2.44 0
0.0833333 2.48 0
0.0833333 2.52 0
0.0833333 2.56 0
0.0833333 2.6 0
0.0833333 2.64 0
0.0833333 2.68 0
0.0833333 2.72 0
0.0833333 2.76 0
0.0833333 2.8 0
0.0833333 2.84 0
0.0833333 2.88 0
0.0833333 2.92 0
0.0833333 2.96 0
0.0833333 3 0
0.0833333 3.04 0
0.0833333 3.08 0
0.0833333 3.12 0
0.0833333 3.16 0
0.0833333 3.2 0
0.0833333 3.24 0
0.0833333 3.28 0
0.0833333 3.32 0
0.0833333 3.36 0
0.0833333 3.4 0
0.0833333 3.44 0
0.0833333 3.48 0
0.0833333 3.52 0
0.0833333 3.56 0
0.0833333 3.6 0
0.0833333 3.64 0
0.0833333 3.68 0
0.0833333 3.72 0
0.0833333 3.76 0
0.0833333 3.8 0
0.0833333 3.84 0
0.0833333 3.88 0
0.0833333 3.92 0
0.0833333 3.96 0
0.0833333 4 0
0.1 -4 0.000112799
0.1 -3.96 0.000114739
0.1 -3.92 0.000101992
0.1 -3.88 0.000104235
0.1 -3.84 0.000137831
0.1 -3.8 0.000132265
0.1 -3.76 0.000103802
0.1 -3.72 0.000149483
0.1 -3.68 0.000121487
0.1 -3.64 0.000145914
0.1 -3.6 0.000156944
0.1 -3.56 0.00014226
0.1 -3.52 0.000146641
0.1 -3.48 0.000141304
0.1 -3.44 0.000166013
0.1 -3.4 0.000140225
0.1 -3.36 0.000171888
0.1 -3.32 0.000140775
0.1 -3.28 0.000160766
0.1 -3.24 0.000178583
0.1 -3.2 0.000184213
0.1 -3.16 0.000209795
0.1 -3.12 0.000163118
0.1 -3.08 0.000216892
0.1 -3.04 0.000219974
0.1 -3 0.00016742
0.1 -2.96 0.000172907
0.1 -2.92 0.000159409
0.1 -2.88 0.000201971
0.1 -2.84 0.000232539
0.1 -2.8 0.00019905
0.1 -2.76 0.000201656
0.1 -2.72 0.00024459
0.1 -2.68 0.000265238
0.1 -2.64 0.000240287
0.1 -2.6 0.000247029
0.1 -2.56 0.000269092
0.1 -2.52 0.000278381
0.1 -2.48 0.000320838
0.1 -2.44 0.000320321
0.1 -2.4 0.000320865
0.1 -2.36 0.000318901
0.1 -2.32 0.000336333
0.1 -2.28 0.000428802
0.1 -2.24 0.000396804
0.1 -2.2 0.000450195
0.1 -2.16 0.000467823
0.1 -2.12 0.000517422
0.1 -2.08 0.000549374
0.1 -2.04 0.000617236
0.1 -2 0.000646611
0.1 -1.96 0.000598507
0.1 -1.92 0.00078653
0.1 -1.88 0.000817892
0.1 -1.84 0.000971577
0.1 -1.8 0.00103782
0.1 -1.76 0.00113664
0.1 -1.72 0.00120219
0.1 -1.68 0.00122378
0.1 -1.64 0.00131364
0.1 -1.6 0.00138044
0.1 -1.56 0.00157377
0.1 -1.52 0.00164052
0.1 -1.48 0.00164114
0.1 -1.44 0.00168558
0.1 -1.4 0.00192847
0.1 -1.36 0.00191086
0.1 -1.32 0.00211455
0.1 -1.28 0.00243163
0.1 -1.24 0.00237326
0.1 -1.2 0.00240506
0.1 -1.16 0.00254784
0.1 -1.12 0.00272867
0.1 -1.08 0.00297612
0.1 -1.04 0.00315475
0.1 -1 0.00340731
0.1 -0.96 0.00347617
0.1 -0.92 0.00387482
0.1 -0.88 0.00400851
0.1 -0.84 0.00459225
0.1 -0.8 0.00482079
0.1 -0.76 0.00509527
0.1 -0.72 0.00557536
0.1 -0.68 0.00605842
0.1 -0.64 0.00700752
0.1 -0.6 0.00761758
0.1 -0.56 0.00850573
0.1 -0.52 0.00967436
0.1 -0.48 0.0105176
0.1 -0.44 0.0118159
0.1 -0.4 0.0126991
0.1 -0.36 0.0120257
0.1 -0.32 0.00969147
0.1 -0.28 0.00701789
0.1 -0.24 0.00490955
0.1 -0.2 0.00343314
0.1 -0.16 0.00243731
0.1 -0.12 0.00176131
0.1 -0.08 0.00130603
0.1 -0.04 0.00102037
0.1 0 0.000838939
0.1 0.04 0.000707799
0.1 0.08 0.000605578
0.1 0.12 0.00052403
0.1 0.16 0.000458074
0.1 0.2 0.000404087
0.1 0.24 0.000359356
0.1 0.28 0.000321889
0.1 0.32 0.000290173
0.1 0.36 0.000263076
0.1 0.4 0.000239745
0.1 0.44 0.000219487
0.1 0.48 0.000201789
0.1 0.52 0.000186217
0.1 0.56 0.000172459
0.1 0.6 0.000160224
0.1 0.64 0.000149308
0.1 0.68 0.000139506
0.1 0.72 0.000130661
0.1 0.76 0.000122678
0.1 0.8 0.000115433
0.1 0.84 0.000108826
0.1 0.88 0.000102801
0.1 0.92 9.72857e-05
0.1 0.96 9.22176e-05
0.1 1 0
0.1 1.04 0
0.1 1.08 0
0.1 1.12 0
0.1 1.16 0
0.1 1.2 0
0.1 1.24 0
0.1 1.28 0
0.1 1.32 0
0.1 1.36 0
0.1 1.4 0
0.1 1.44 0
0.1 1.48 0
0.1 1.52 0
0.1 1.56 0
0.1 1.6 0
0.1 1.64 0
0.1 1.68 0
0.1 1.72 0
0.1 1.76 0
0.1 1.8 0
0.1 1.84 0
0.1 1.88 0
0.1 1.92 0
0.1 1.96 0
0.1 2 0
0.1 2.04 0
0.1 2.08 0
0.1 2.12 0
0.1 2.16 0
0.1 2.2 0
0.1 2.24 0
0.1 2.28 0
0.1 2.32 0
0.1 2.36 0
0.1 2.4 0
0.1 2.44 0
0.1 2.48 0
0.1 2.52 0
0.1 2.56 0
0.1 2.6 0
0.1 2.64 0
0.1 2.68 0
0.1 2.72 0
0.1 2.76 0
0.1 2.8 0
0.1 2.84 0
0.1 2.88 0
0.1 2.92 0
0.1 2.96 0
0.1 3 0
0.1 3.04 0
0.1 3.08 0
0.1 3.12 0
0.1 3.16 0
0.1 3.2 0
0.1 3.24 0
0.1 3.28 0
0.1 3.32 0
0.1 3.36 0
0.1 3.4 0
0.1 3.44 0
0.1 3.48 0
0.1 3.52 0
0.1 3.56 0
0.1 3.6 0
0.1 3.64 0
0.1 3.68 0
0.1 3.72 0
0.1 3.76 0
0.1 3.8 0
0.1 3.84 0
0.1 3.88 0
0.1 3.92 0
0.1 3.96 0
0.1 4 0
0.116667 -4 9.96673e-05
0.116667 -3.96 0.000107644
0.116667 -3.92 0.000116645
0.116667 -3.88 9.64656e-05
0.116667 -3.84 0.000129469
0.116667 -3.8 0.000116867
0.116667 -3.76 0.000106506
0.116667 -3.72 0.000134243
0.116667 -3.68 0.000118644
0.116667 -3.64 0.000147017
0.116667 -3.6 0.000157793
0.116667 -3.56 0.000124177
0.116667 -3.52 0.000130249
0.116667 -3.48 0.000161374
0.116667 -3.44 0.000161874
0.116667 -3.4 0.000143196
0.116667 -3.36 0.000178052
0.116667 -3.32 0.000143554
0.116667 -3.28 0.000143242
0.116667 -3.24 0.000175371
0.116667 -3.2 0.000187594
0.116667 -3.16 0.000219626
0.116667 -3.12 0.000169019
0.116667 -3.08 0.000205752
0.116667 -3.04 0.00021705
0.116667 -3 0.00016551
0.116667 -2.96 0.00015496
0.116667 -2.92 0.000172602
0.116667 -2.88 0.000195165
0.116667 -2.84 0.000221131
0.116667 -2.8 0.000195607
0.116667 -2.76 0.000201564
0.116667 -2.72 0.000232574
0.116667 -2.68 0.000241393
0.116667 -2.64 0.000237956
0.116667 -2.6 0.000235276
0.116667 -2.56 0.000270198
0.116667 -2.52 0.000272905
0.116667 -2.48 0.000304852
0.116667 -2.44 0.000269165
0.116667 -2.4 0.000303682
0.116667 -2.36 0.000317359
0.116667 -2.32 0.000336728
0.116667 -2.28 0.000426295
0.116667 -2.24 0.000413324
0.116667 -2.2 0.000434597
0.116667 -2.16 0.00046584
0.116667 -2.12 0.00055694
0.116667 -2.08 0.000562167
0.116667 -2.04 0.000607619
0.116667 -2 0.00062407
0.116667 -1.96 0.000604378
0.116667 -1.92 0.000768311
0.116667 -1.88 0.000807285
0.116667 -1.84 0.000895959
0.116667 -1.8 0.00105073
0.116667 -1.76 0.00116916
0.116667 -1.72 0.00124624
0.116667 -1.68 0.00122629
0.116667 -1.64 0.001285
0.116667 -1.6 0.00131186
0.116667 -1.56 0.00158654
0.116667 -1.52 0.0016795
0.116667 -1.48 0.00162897
0.116667 -1.44 0.0016865
0.116667 -1.4 0.0018987
0.116667 -1.36 0.00188731
0.116667 -1.32 0.00212422
0.116667 -1.28 0.00236737
0.116667 -1.24 0.00238126
0.116667 -1.2 0.0024804
0.116667 -1.16 0.00256069
0.116667 -1.12 0.00278535
0.116667 -1.08 0.00297226
0.116667 -1.04 0.00312504
0.116667 -1 0.00335336
0.116667 -0.96 0.00345977
0.116667 -0.92 0.0037739
0.116667 -0.88 0.00390727
0.116667 -0.84 0.00453256
0.116667 -0.8 0.00477712
0.116667 -0.76 0.0051861
0.116667 -0.72 0.00565243
0.116667 -0.68 0.00605045
0.116667 -0.64 0.00683444
0.116667 -0.6 0.00752023
0.116667 -0.56 0.0084688
0.116667 -0.52 0.00945027
0.116667 -0.48 0.010313
0.116667 -0.44 0.0114686
0.116667 -0.4 0.0121621
0.116667 -0.36 0.0116254
0.116667 -0.32 0.00982221
0.116667 -0.28 0.00745632
0.116667 -0.24 0.00527152
0.116667 -0.2 0.00368218
0.116667 -0.16 0.002591
0.116667 -0.12 0.00184985
0.116667 -0.08 0.00136005
0.116667 -0.04 0.00105792
0.116667 0 0.000864897
0.116667 0.04 0.00072585
0.116667 0.08 0.000618513
0.116667 0.12 0.000533578
0.116667 0.16 0.000465296
0.116667 0.2 0.000409665
0.116667 0.24 0.000363731
0.116667 0.28 0.00032538
0.116667 0.32 0.000292988
0.116667 0.36 0.000265366
0.116667 0.4 0.000241629
0.116667 0.44 0.000221046
0.116667 0.48 0.00020309
0.116667 0.52 0.000187312
0.116667 0.56 0.000173382
0.116667 0.6 0.000161005
0.116667 0.64 0.000149973
0.116667 0.68 0.000140074
0.116667 0.72 0.00013115
0.116667 0.76 0.000123099
0.116667 0.8 0.000115794
0.116667 0.84 0.000109139
0.116667 0.88 0.000103072
0.116667 0.92 9.75188e-05
0.116667 0.96 9.24191e-05
0.116667 1 0
0.116667 1.04 0
0.116667 1.08 0
0.116667 1.12 0
0.116667 1.16 0
0.116667 1.2 0
0.116667 1.24 0
0.116667 1.28 0
0.116667 1.32 0
0.116667 1.36 0
0.116667 1.4 0
0.116667 1.44 0
0.116667 1.48 0
0.116667 1.52 0
0.116667 1.56 0
0.116667 1.6 0
0.116667 1.64 0
0.116667 1.68 0
0.116667 1.72 0
0.116667 1.76 0
0.116667 1.8 0
0.116667 1.84 0
0.116667 1.88 0
0.116667 1.92 0
0.116667 1.96 0
0.116667 2 0
0.116667 2.04 0
0.116667 2.08 0
0.116667 2.12 0
0.116667 2.16 0
0.116667 2.2 0
0.116667 2.24 0
0.116667 2.28 0
0.116667 2.32 0
0.116667 2.36 0
0.116667 2.4 0
0.116667 2.44 0
0.116667 2.48 0
0.116667 2.52 0
0.116667 2.56 0
0.116667 2.6 0
0.116667 2.64 0
0.116667 2.68 0
0.116667 2.72 0
0.116667 2.76 0
0.116667 2.8 0
0.116667 2.84 0
0.116667 2.88 0
0.116667 2.92 0
0.116667 2.96 0
0.116667 3 0
0.116667 3.04 0
0.116667 3.08 0
0.116667 3.12 0
0.116667 3.16 0
0.116667 3.2 0
0.116667 3.24 0
0.116667 3.28 0
0.116667 3.32 0
0.116667 3.36 0
0.116667 3.4 0
0.116667 3.44 0
0.116667 3.48 0
0.116667 3.52 0
0.116667 3.56 0
0.116667 3.6 0
0.116667 3.64 0
0.116667 3.68 0
0.116667 3.72 0
0.116667 3.76 0
0.116667 3.8 0
0.116667 3.84 0
0.116667 3.88 0
0.116667 3.92 0
0.116667 3.96 0
0.116667 4 0
0.133333 -4 0.000104576
0.133333 -3.96 0.000102812
0.133333 -3.92 0.000140668
0.133333 -3.88 9.78634e-05
0.133333 -3.84 0.000117852
0.133333 -3.8 0.000111938
0.133333 -3.76 0.000116313
0.133333 -3.72 0.000117505
0.133333 -3.68 0.000126667
0.133333 -3.64 0.000155811
0.133333 -3.6 0.000146674
0.133333 -3.56 0.000132379
0.133333 -3.52 0.000114236
0.133333 -3.48 0.000151997
0.133333 -3.44 0.000145981
0.133333 -3.4 0.000139488
0.133333 -3.36 0.000172696
0.133333 -3.32 0.000158742
0.133333 -3.28 0.000128118
0.133333 -3.24 0.000144991
0.133333 -3.2 0.000195381
0.133333 -3.16 0.000202246
0.133333 -3.12 0.000161303
0.133333 -3.08 0.000190737
0.133333 -3.04 0.000197729
0.133333 -3 0.000178684
0.133333 -2.96 0.000147913
0.133333 -2.92 0.000189707
0.133333 -2.88 0.000196768
0.133333 -2.84 0.000195895
0.133333 -2.8 0.000215258
0.133333 -2.76 0.000214877
0.133333 -2.72 0.000236968
0.133333 -2.68 0.000223103
0.133333 -2.64 0.000235627
0.133333 -2.6 0.000214285
0.133333 -2.56 0.000282476
0.133333 -2.52 0.000263199
0.133333 -2.48 0.000271342
0.133333 -2.44 0.000250781
0.133333 -2.4 0.000314049
0.133333 -2.36 0.00033237
0.133333 -2.32 0.000341934
0.133333 -2.28 0.000403996
0.133333 -2.24 0.000429497
0.133333 -2.2 0.000473295
0.133333 -2.16 0.000489013
0.133333 -2.12 0.000557437
0.133333 -2.08 0.000566063
0.133333 -2.04 0.00063042
0.133333 -2 0.000622279
0.133333 -1.96 0.00066593
0.133333 -1.92 0.000734589
0.133333 -1.88 0.000855948
0.133333 -1.84 0.000881281
0.133333 -1.8 0.00108167
0.133333 -1.76 0.00112837
0.133333 -1.72 0.00123132
0.133333 -1.68 0.00131496
0.133333 -1.64 0.00122398
0.133333 -1.6 0.00129541
0.133333 -1.56 0.00160031
0.133333 -1.52 0.00166766
0.133333 -1.48 0.00161391
0.133333 -1.44 0.00170205
0.133333 -1.4 0.00197671
0.133333 -1.36 0.00185006
0.133333 -1.32 0.00210255
0.133333 -1.28 0.0023606
0.133333 -1.24 0.00237149
0.133333 -1.2 0.00246481
0.133333 -1.16 0.00255868
0.133333 -1.12 0.0027456
0.133333 -1.08 0.00292387
0.133333 -1.04 0.00311005
0.133333 -1 0.00332746
0.133333 -0.96 0.00345244
0.133333 -0.92 0.00372415
0.133333 -0.88 0.0038427
0.133333 -0.84 0.00447186
0.133333 -0.8 0.00470262
0.133333 -0.76 0.00511115
0.133333 -0.72 0.00567238
0.133333 -0.68 0.00604475
0.133333 -0.64 0.00668765
0.133333 -0.6 0.00740651
0.133333 -0.56 0.0084663
0.133333 -0.52 0.00928841
0.133333 -0.48 0.0102115
0.133333 -0.44 0.0110059
0.133333 -0.4 0.0116019
0.133333 -0.36 0.0112248
0.133333 -0.32 0.00999742
0.133333 -0.28 0.00784603
0.133333 -0.24 0.00567272
0.133333 -0.2 0.00397642
0.133333 -0.16 0.00277553
0.133333 -0.12 0.00195596
0.133333 -0.08 0.00142495
0.133333 -0.04 0.00110243
0.133333 0 0.00089531
0.133333 0.04 0.00074689
0.133333 0.08 0.000633532
0.133333 0.12 0.000544631
0.133333 0.16 0.000473635
0.133333 0.2 0.00041609
0.133333 0.24 0.000368764
0.133333 0.28 0.000329388
0.133333 0.32 0.000296215
0.133333 0.36 0.000267988
0.133333 0.4 0.000243785
0.133333 0.44 0.000222828
0.133333 0.48 0.000204577
0.133333 0.52 0.000188561
0.133333 0.56 0.000174435
0.133333 0.6 0.000161895
0.133333 0.64 0.000150731
0.133333 0.68 0.00014072
0.133333 0.72 0.000131705
0.133333 0.76 0.000123578
0.133333 0.8 0.000116205
0.133333 0.84 0.000109495
0.133333 0.88 0.00010338
0.133333 0.92 9.77832e-05
0.133333 0.96 9.26476e-05
0.133333 1 0
0.133333 1.04 0
0.133333 1.08 0
0.133333 1.12 0
0.133333 1.16 0
0.133333 1.2 0
0.133333 1.24 0
0.133333 1.28 0
0.133333 1.32 0
0.133333 1.36 0
0.133333 1.4 0
0.133333 1.44 0
0.133333 1.48 0
0.133333 1.52 0
0.133333 1.56 0
0.133333 1.6 0
0.133333 1.64 0
0.133333 1.68 0
0.133333 1.72 0
0.133333 1.76 0
0.133333 1.8 0
0.133333 1.84 0
0.133333 1.88 0
0.133333 1.92 0
0.133333 1.96 0
0.133333 2 0
0.133333 2.04 0
0.133333 2.08 0
0.133333 2.12 0
0.133333 2.16 0
0.133333 2.2 0
0.133333 2.24 0
0.133333 2.28 0
0.133333 2.32 0
0.133333 2.36 0
0.133333 2.4 0
0.133333 2.44 0
0.133333 2.48 0
0.133333 2.52 0
0.133333 2.56 0
0.133333 2.6 0
0.133333 2.64 0
0.133333 2.68 0
0.133333 2.72 0
0.133333 2.76 0
0.133333 2.8 0
0.133333 2.84 0
0.133333 2.88 0
0.133333 2.92 0
0.133333 2.96 0
0.133333 3 0
0.133333 3.04 0
0.133333 3.08 0
0.133333 3.12 0
0.133333 3.16 0
0.133333 3.2 0
0.133333 3.24 0
0.133333 3.28 0
0.133333 3.32 0
0.133333 3.36 0
0.133333 3.4 0
0.133333 3.44 0
0.133333 3.48 0
0.133333 3.52 0
0.133333 3.56 0
0.133333 3.6 0
0.133333 3.64 0
0.133333 3.68 0
0.133333 3.72 0
0.133333 3.76 0
0.133333 3.8 0
0.133333 3.84 0
0.133333 3.88 0
0.133333 3.92 0
0.133333 3.96 0
0.133333 4 0
0.15 -4 0.000115617
0.15 -3.96 9.91999e-05
0.15 -3.92 0.000133531
0.15 -3.88 9.99732e-05
0.15 -3.84 0.000120606
0.15 -3.8 0.000119014
0.15 -3.76 0.000130209
0.15 -3.72 0.00010969
0.15 -3.68 0.00014506
0.15 -3.64 0.000165319
0.15 -3.6 0.000134799
0.15 -3.56 0.000149361
0.15 -3.52 0.00010455
0.15 -3.48 0.000134071
0.15 -3.44 0.000142108
0.15 -3.4 0.000129514
0.15 -3.36 0.000159139
0.15 -3.32 0.000167255
0.15 -3.28 0.000131464
0.15 -3.24 0.000127415
0.15 -3.2 0.000192925
0.15 -3.16 0.000176427
0.15 -3.12 0.000156342
0.15 -3.08 0.00017983
0.15 -3.04 0.000179518
0.15 -3 0.000182469
0.15 -2.96 0.000157837
0.15 -2.92 0.000193284
0.15 -2.88 0.000218581
0.15 -2.84 0.000180644
0.15 -2.8 0.000230256
0.15 -2.76 0.000229349
0.15 -2.72 0.000250244
0.15 -2.68 0.000214959
0.15 -2.64 0.000238933
0.15 -2.6 0.000223787
0.15 -2.56 0.000293008
0.15 -2.52 0.000258529
0.15 -2.48 0.000253961
0.15 -2.44 0.000273789
0.15 -2.4 0.000330175
0.15 -2.36 0.000349756
0.15 -2.32 0.000346849
0.15 -2.28 0.00040013
0.15 -2.24 0.000428524
0.15 -2.2 0.000518741
0.15 -2.16 0.0005101
0.15 -2.12 0.000533363
0.15 -2.08 0.000590872
0.15 -2.04 0.000666736
0.15 -2 0.000662933
0.15 -1.96 0.000713101
0.15 -1.92 0.00073735
0.15 -1.88 0.000908657
0.15 -1.84 0.000915211
0.15 -1.8 0.0011076
0.15 -1.76 0.00109647
0.15 -1.72 0.00117817
0.15 -1.68 0.00138804
0.15 -1.64 0.00118523
0.15 -1.6 0.00136145
0.15 -1.56 0.00161259
0.15 -1.52 0.00164052
0.15 -1.48 0.00162766
0.15 -1.44 0.00172124
0.15 -1.4 0.00205785
0.15 -1.36 0.001824
0.15 -1.32 0.0020695
0.15 -1.28 0.00239483
0.15 -1.24 0.00235072
0.15 -1.2 0.00238694
0.15 -1.16 0.00255343
0.15 -1.12 0.00270512
0.15 -1.08 0.00286316
0.15 -1.04 0.00305991
0.15 -1 0.00328877
0.15 -0.96 0.00345138
0.15 -0.92 0.00374941
0.15 -0.88 0.00384328
0.15 -0.84 0.00439597
0.15 -0.8 0.00461966
0.15 -0.76 0.00496423
0.15 -0.72 0.00557106
0.15 -0.68 0.005984
0.15 -0.64 0.00658324
0.15 -0.6 0.00729009
0.15 -0.56 0.00838855
0.15 -0.52 0.00922184
0.15 -0.48 0.0101027
0.15 -0.44 0.0105778
0.15 -0.4 0.0110891
0.15 -0.36 0.0108983
0.15 -0.32 0.0100874
0.15 -0.28 0.00815187
0.15 -0.24 0.00610702
0.15 -0.2 0.0043251
0.15 -0.16 0.00299383
0.15 -0.12 0.00208141
0.15 -0.08 0.0015019
0.15 -0.04 0.00115436
0.15 0 0.000930357
0.15 0.04 0.000770993
0.15 0.08 0.000650666
0.15 0.12 0.000557196
0.15 0.16 0.000483089
0.15 0.2 0.000423356
0.15 0.24 0.000374444
0.15 0.28 0.000333903
0.15 0.32 0.000299843
0.15 0.36 0.000270935
0.15 0.4 0.000246203
0.15 0.44 0.000224825
0.15 0.48 0.000206241
0.15 0.52 0.000189959
0.15 0.56 0.000175612
0.15 0.6 0.00016289
0.15 0.64 0.000151577
0.15 0.68 0.000141442
0.15 0.72 0.000132325
0.15 0.76 0.00012411
0.15 0.8 0.000116662
0.15 0.84 0.00010989
0.15 0.88 0.000103722
0.15 0.92 9.80769e-05
0.15 0.96 9.29012e-05
0.15 1 0
0.15 1.04 0
0.15 1.08 0
0.15 1.12 0
0.15 1.16 0
0.15 1.2 0
0.15 1.24 0
0.15 1.28 0
0.15 1.32 0
0.15 1.36 0
0.15 1.4 0
0.15 1.44 0
0.15 1.48 0
0.15 1.52 0
0.15 1.56 0
0.15 1.6 0
0.15 1.64 0
0.15 1.68 0
0.15 1.72 0
0.15 1.76 0
0.15 1.8 0
0.15 1.84 0
0.15 1.88 0
0.15 1.92 0
0.15 1.96 0
0.15 2 0
0.15 2.04 0
0.15 2.08 0
0.15 2.12 0
0.15 2.16 0
0.15 2.2 0
0.15 2.24 0
0.15 2.28 0
0.15 2.32 0
0.15 2.36 0
0.15 2.4 0
0.15 2.44 0
0.15 2.48 0
0.15 2.52 0
0.15 2.56 0
0.15 2.6 0
0.15 2.64 0
0.15 2.68 0
0.15 2.72 0
0.15 2.76 0
0.15 2.8 0
0.15 2.84 0
0.15 2.88 0
0.15 2.92 0
0.15 2.96 0
0.15 3 0
0.15 3.04 0
0.15 3.08 0
0.15 3.12 0
0.15 3.16 0
0.15 3.2 0
0.15 3.24 0
0.15 3.28 0
0.15 3.32 0
0.15 3.36 0
0.15 3.4 0
0.15 3.44 0
0.15 3.48 0
0.15 3.52 0
0.15 3.56 0
0.15 3.6 0
0.15 3.64 0
0.15 3.68 0
0.15 3.72 0
0.15 3.76 0
0.15 3.8 0
0.15 3.84 0
0.15 3.88 0
0.15 3.92 0
0.15 3.96 0
0.15 4 0
0.166667 -4 0.00011957
0.166667 -3.96 9.95932e-05
0.166667 -3.92 0.000101539
0.166667 -3.88 9.37207e-05
0.166667 -3.84 0.000133367
0.166667 -3.8 0.000131356
0.166667 -3.76 0.000129197
0.166667 -3.72 0.000110133
0.166667 -3.68 0.000155415
0.166667 -3.64 0.000163039
0.166667 -3.6 0.000129709
0.166667 -3.56 0.000144036
0.166667 -3.52 0.000103127
0.166667 -3.48 0.000129411
0.166667 -3.44 0.000149371
0.166667 -3.4 0.000124112
0.166667 -3.36 0.000146381
0.166667 -3.32 0.000158309
0.166667 -3.28 0.000142901
0.166667 -3.24 0.000142036
0.166667 -3.2 0.000179378
0.166667 -3.16 0.000164622
0.166667 -3.12 0.000164082
0.166667 -3.08 0.000169666
0.166667 -3.04 0.000179004
0.166667 -3 0.000164498
0.166667 -2.96 0.000170096
0.166667 -2.92 0.000189476
0.166667 -2.88 0.000245318
0.166667 -2.84 0.000193189
0.166667 -2.8 0.000229908
0.166667 -2.76 0.000223029
0.166667 -2.72 0.000253792
0.166667 -2.68 0.000229104
0.166667 -2.64 0.000236855
0.166667 -2.6 0.000247357
0.166667 -2.56 0.000290045
0.166667 -2.52 0.000265037
0.166667 -2.48 0.000265325
0.166667 -2.44 0.000294668
0.166667 -2.4 0.000327233
0.166667 -2.36 0.00035216
0.166667 -2.32 0.000347077
0.166667 -2.28 0.000433131
0.166667 -2.24 0.000411957
0.166667 -2.2 0.000506399
0.166667 -2.16 0.00050006
0.166667 -2.12 0.00051687
0.166667 -2.08 0.000617649
0.166667 -2.04 0.000661919
0.166667 -2 0.00071487
0.166667 -1.96 0.000700989
0.166667 -1.92 0.000779058
0.166667 -1.88 0.000908499
0.166667 -1.84 0.000928865
0.166667 -1.8 0.0011129
0.166667 -1.76 0.00113361
0.166667 -1.72 0.00116379
0.166667 -1.68 0.00135387
0.166667 -1.64 0.00119772
0.166667 -1.6 0.00144993
0.166667 -1.56 0.00160579
0.166667 -1.52 0.00163922
0.166667 -1.48 0.00165813
0.166667 -1.44 0.00173041
0.166667 -1.4 0.00201423
0.166667 -1.36 0.00182231
0.166667 -1.32 0.00203587
0.166667 -1.28 0.00238887
0.166667 -1.24 0.00233721
0.166667 -1.2 0.00234678
0.166667 -1.16 0.00254564
0.166667 -1.12 0.00272222
0.166667 -1.08 0.00281571
0.166667 -1.04 0.00300076
0.166667 -1 0.00320792
0.166667 -0.96 0.00345378
0.166667 -0.92 0.00377743
0.166667 -0.88 0.00386142
0.166667 -0.84 0.00428471
0.166667 -0.8 0.00456926
0.166667 -0.76 0.00495284
0.166667 -0.72 0.00543015
0.166667 -0.68 0.00583798
0.166667 -0.64 0.00647667
0.166667 -0.6 0.00718942
0.166667 -0.56 0.00819583
0.166667 -0.52 0.00913559
0.166667 -0.48 0.00988962
0.166667 -0.44 0.010362
0.166667 -0.4 0.0106744
0.166667 -0.36 0.0105795
0.166667 -0.32 0.00995837
0.166667 -0.28 0.00841466
0.166667 -0.24 0.0065599
0.166667 -0.2 0.00472768
0.166667 -0.16 0.00324909
0.166667 -0.12 0.00222821
0.166667 -0.08 0.00159219
0.166667 -0.04 0.00121417
0.166667 0 0.000970226
0.166667 0.04 0.000798238
0.166667 0.08 0.000669943
0.166667 0.12 0.000571278
0.166667 0.16 0.000493652
0.166667 0.2 0.000431451
0.166667 0.24 0.000380759
0.166667 0.28 0.000338909
0.166667 0.32 0.00030386
0.166667 0.36 0.000274194
0.166667 0.4 0.000248875
0.166667 0.44 0.00022703
0.166667 0.48 0.000208076
0.166667 0.52 0.000191498
0.166667 0.56 0.000176907
0.166667 0.6 0.000163984
0.166667 0.64 0.000152506
0.166667 0.68 0.000142234
0.166667 0.72 0.000133004
0.166667 0.76 0.000124694
0.166667 0.8 0.000117163
0.166667 0.84 0.000110323
0.166667 0.88 0.000104095
0.166667 0.92 9.83977e-05
0.166667 0.96 9.31782e-05
0.166667 1 0
0.166667 1.04 0
0.166667 1.08 0
0.166667 1.12 0
0.166667 1.16 0
0.166667 1.2 0
0.166667 1.24 0
0.166667 1.28 0
0.166667 1.32 0
0.166667 1.36 0
0.166667 1.4 0
0.166667 1.44 0
0.166667 1.48 0
0.166667 1.52 0
0.166667 1.56 0
0.166667 1.6 0
0.166667 1.64 0
0.166667 1.68 0
0.166667 1.72 0
0.166667 1.76 0
0.166667 1.8 0
0.166667 1.84 0
0.166667 1.88 0
0.166667 1.92 0
0.166667 1.96 0
0.166667 2 0
0.166667 2.04 0
0.166667 2.08 0
0.166667 2.12 0
0.166667 2.16 0
0.166667 2.2 0
0.166667 2.24 0
0.166667 2.28 0
0.166667 2.32 0
0.166667 2.36 0
0.166667 2.4 0
0.166667 2.44 0
0.166667 2.48 0
0.166667 2.52 0
0.166667 2.56 0
0.166667 2.6 0
0.166667 2.64 0
0.166667 2.68 0
0.166667 2.72 0
0.166667 2.76 0
0.166667 2.8 0
0.166667 2.84 0
0.166667 2.88 0
0.166667 2.92 0
0.166667 2.96 0
0.166667 3 0
0.166667 3.04 0
0.166667 3.08 0
0.166667 3.12 0
0.166667 3.16 0
0.166667 3.2 0
0.166667 3.24 0
0.166667 3.28 0
0.166667 3.32 0
0.166667 3.36 0
0.166667 3.4 0
0.166667 3.44 0
0.166667 3.48 0
0.166667 3.52 0
0.166667 3.56 0
0.166667 3.6 0
0.166667 3.64 0
0.166667 3.68 0
0.166667 3.72 0
0.166667 3.76 0
0.166667 3.8 0
0.166667 3.84 0
0.166667 3.88 0
0.166667 3.92 0
0.166667 3.96 0
0.166667 4 0
0.183333 -4 0.000118118
0.183333 -3.96 0.000104825
0.183333 -3.92 8.71156e-05
0.183333 -3.88 8.74347e-05
0.183333 -3.84 0.000137495
0.183333 -3.8 0.000139604
0.183333 -3.76 0.000103795
0.183333 -3.72 0.00011635
0.183333 -3.68 0.000148635
0.183333 -3.64 0.000146519
0.183333 -3.6 0.000125944
0.183333 -3.56 0.000121914
0.183333 -3.52 0.000109896
0.183333 -3.48 0.000133293
0.183333 -3.44 0.000148078
0.183333 -3.4 0.000128881
0.183333 -3.36 0.000137032
0.183333 -3.32 0.000144017
0.183333 -3.28 0.00014561
0.183333 -3.24 0.000160735
0.183333 -3.2 0.000170603
0.183333 -3.16 0.000170888
0.183333 -3.12 0.000169953
0.183333 -3.08 0.000153631
0.183333 -3.04 0.000190996
0.183333 -3 0.000145132
0.183333 -2.96 0.000172546
0.183333 -2.92 0.000192799
0.183333 -2.88 0.00024808
0.183333 -2.84 0.000218072
0.183333 -2.8 0.000228958
0.183333 -2.76 0.000197885
0.183333 -2.72 0.000241123
0.183333 -2.68 0.000267383
0.183333 -2.64 0.000220279
0.183333 -2.6 0.000245156
0.183333 -2.56 0.000275597
0.183333 -2.52 0.000277677
0.183333 -2.48 0.000280987
0.183333 -2.44 0.00029139
0.183333 -2.4 0.000309116
0.183333 -2.36 0.00033471
0.183333 -2.32 0.000343711
0.183333 -2.28 0.000466148
0.183333 -2.24 0.000402547
0.183333 -2.2 0.000455541
0.183333 -2.16 0.000467673
0.183333 -2.12 0.000514707
0.183333 -2.08 0.000598474
0.183333 -2.04 0.0006165
0.183333 -2 0.000729262
0.183333 -1.96 0.000660756
0.183333 -1.92 0.000797146
0.183333 -1.88 0.000874731
0.183333 -1.84 0.000904626
0.183333 -1.8 0.00111107
0.183333 -1.76 0.00118121
0.183333 -1.72 0.00121608
0.183333 -1.68 0.00128128
0.183333 -1.64 0.00122365
0.183333 -1.6 0.00146745
0.183333 -1.56 0.00158062
0.183333 -1.52 0.00164981
0.183333 -1.48 0.00166547
0.183333 -1.44 0.00172047
0.183333 -1.4 0.00188715
0.183333 -1.36 0.00182885
0.183333 -1.32 0.00200531
0.183333 -1.28 0.00232614
0.183333 -1.24 0.00233001
0.183333 -1.2 0.00237442
0.183333 -1.16 0.00251732
0.183333 -1.12 0.00270399
0.183333 -1.08 0.0027732
0.183333 -1.04 0.00299167
0.183333 -1 0.0031264
0.183333 -0.96 0.00345158
0.183333 -0.92 0.00373286
0.183333 -0.88 0.00383437
0.183333 -0.84 0.00417579
0.183333 -0.8 0.00454323
0.183333 -0.76 0.00505976
0.183333 -0.72 0.0053714
0.183333 -0.68 0.00567637
0.183333 -0.64 0.00635892
0.183333 -0.6 0.0071001
0.183333 -0.56 0.00796838
0.183333 -0.52 0.00894776
0.183333 -0.48 0.00957283
0.183333 -0.44 0.010243
0.183333 -0.4 0.0103334
0.183333 -0.36 0.0101933
0.183333 -0.32 0.00966928
0.183333 -0.28 0.00864875
0.183333 -0.24 0.00700226
0.183333 -0.2 0.00516748
0.183333 -0.16 0.00354323
0.183333 -0.12 0.00239865
0.183333 -0.08 0.00169719
0.183333 -0.04 0.00128234
0.183333 0 0.00101511
0.183333 0.04 0.000828698
0.183333 0.08 0.000691385
0.183333 0.12 0.000586876
0.183333 0.16 0.000505311
0.183333 0.2 0.000440358
0.183333 0.24 0.000387693
0.183333 0.28 0.000344393
0.183333 0.32 0.000308252
0.183333 0.36 0.000277753
0.183333 0.4 0.000251786
0.183333 0.44 0.00022943
0.183333 0.48 0.000210072
0.183333 0.52 0.000193169
0.183333 0.56 0.000178312
0.183333 0.6 0.000165171
0.183333 0.64 0.000153513
0.183333 0.68 0.000143092
0.183333 0.72 0.00013374
0.183333 0.76 0.000125324
0.183333 0.8 0.000117704
0.183333 0.84 0.000110789
0.183333 0.88 0.000104498
0.183333 0.92 9.87434e-05
0.183333 0.96 9.34764e-05
0.183333 1 0
0.183333 1.04 0
0.183333 1.08 0
0.183333 1.12 0
0.183333 1.16 0
0.183333 1.2 0
0.183333 1.24 0
0.183333 1.28 0
0.183333 1.32 0
0.183333 1.36 0
0.183333 1.4 0
0.183333 1.44 0
0.183333 1.48 0
0.183333 1.52 0
0.183333 1.56 0
0.183333 1.6 0
0.183333 1.64 0
0.183333 1.68 0
0.183333 1.72 0
0.183333 1.76 0
0.183333 1.8 0
0.183333 1.84 0
0.183333 1.88 0
0.183333 1.92 0
0.183333 1.96 0
0.183333 2 0
0.183333 2.04 0
0.183333 2.08 0
0.183333 2.12 0
0.183333 2.16 0
0.183333 2.2 0
0.183333 2.24 0
0.183333 2.28 0
0.183333 2.32 0
0.183333 2.36 0
0.183333 2.4 0
0.183333 2.44 0
0.183333 2.48 0
0.183333 2.52 0
0.183333 2.56 0
0.183333 2.6 0
0.183333 2.64 0
0.183333 2.68 0
0.183333 2.72 0
0.183333 2.76 0
0.183333 2.8 0
0.183333 2.84 0
0.183333 2.88 0
0.183333 2.92 0
0.183333 2.96 0
0.183333 3 0
0.183333 3.04 0
0.183333 3.08 0
0.183333 3.12 0
0.183333 3.16 0
0.183333 3.2 0
0.183333 3.24 0
0.183333 3.28 0
0.183333 3.32 0
0.183333 3.36 0
0.183333 3.4 0
0.183333 3.44 0
0.183333 3.48 0
0.183333 3.52 0
0.183333 3.56 0
0.183333 3.6 0
0.183333 3.64 0
0.183333 3.68 0
0.183333 3.72 0
0.183333 3.76 0
0.183333 3.8 0
0.183333 3.84 0
0.183333 3.88 0
0.183333 3.92 0
0.183333 3.96 0
0.183333 4 0
0.2 -4 0.000116342
0.2 -3.96 0.00010978
0.2 -3.92 9.98438e-05
0.2 -3.88 9.62176e-05
0.2 -3.84 0.000129257
0.2 -3.8 0.000134473
0.2 -3.76 7.74433e-05
0.2 -3.72 0.000123606
0.2 -3.68 0.000136916
0.2 -3.64 0.000130916
0.2 -3.6 0.00011621
0.2 -3.56 0.000113439
0.2 -3.52 0.000124907
0.2 -3.48 0.000135654
0.2 -3.44 0.000136254
0.2 -3.4 0.000133577
0.2 -3.36 0.000128237
0.2 -3.32 0.000142693
0.2 -3.28 0.000137841
0.2 -3.24 0.000151195
0.2 -3.2 0.000173811
0.2 -3.16 0.000186973
0.2 -3.12 0.000159938
0.2 -3.08 0.000136466
0.2 -3.04 0.000198748
0.2 -3 0.000148116
0.2 -2.96 0.00017099
0.2 -2.92 0.000199252
0.2 -2.88 0.000224992
0.2 -2.84 0.000224446
0.2 -2.8 0.00023191
0.2 -2.76 0.000180393
0.2 -2.72 0.000228152
0.2 -2.68 0.00029537
0.2 -2.64 0.000201047
0.2 -2.6 0.000232569
0.2 -2.56 0.000262185
0.2 -2.52 0.000289013
0.2 -2.48 0.000277929
0.2 -2.44 0.000295925
0.2 -2.4 0.000292757
0.2 -2.36 0.000314687
0.2 -2.32 0.000341005
0.2 -2.28 0.000454225
0.2 -2.24 0.000406474
0.2 -2.2 0.00044112
0.2 -2.16 0.000455022
0.2 -2.12 0.000516775
0.2 -2.08 0.000545005
0.2 -2.04 0.000597729
0.2 -2 0.000697401
0.2 -1.96 0.000646486
0.2 -1.92 0.000759529
0.2 -1.88 0.00086127
0.2 -1.84 0.000882841
0.2 -1.8 0.0011235
0.2 -1.76 0.00116888
0.2 -1.72 0.00128032
0.2 -1.68 0.00130045
0.2 -1.64 0.00121751
0.2 -1.6 0.00139706
0.2 -1.56 0.00156498
0.2 -1.52 0.00163857
0.2 -1.48 0.00164165
0.2 -1.44 0.00169784
0.2 -1.4 0.00183979
0.2 -1.36 0.00182511
0.2 -1.32 0.00198252
0.2 -1.28 0.00227447
0.2 -1.24 0.00230974
0.2 -1.2 0.00239824
0.2 -1.16 0.00248335
0.2 -1.12 0.00259588
0.2 -1.08 0.00272483
0.2 -1.04 0.00301531
0.2 -1 0.00308601
0.2 -0.96 0.00342932
0.2 -0.92 0.00361551
0.2 -0.88 0.00374925
0.2 -0.84 0.0041345
0.2 -0.8 0.00448071
0.2 -0.76 0.00506615
0.2 -0.72 0.00538147
0.2 -0.68 0.00561079
0.2 -0.64 0.00626599
0.2 -0.6 0.00698813
0.2 -0.56 0.00780888
0.2 -0.52 0.00870299
0.2 -0.48 0.00925384
0.2 -0.44 0.00996085
0.2 -0.4 0.0100091
0.2 -0.36 0.00978472
0.2 -0.32 0.00940607
0.2 -0.28 0.00879411
0.2 -0.24 0.00739952
0.2 -0.2 0.00562297
0.2 -0.16 0.00387598
0.2 -0.12 0.00259534
0.2 -0.08 0.0018183
0.2 -0.04 0.00135939
0.2 0 0.00106521
0.2 0.04 0.000862442
0.2 0.08 0.000715007
0.2 0.12 0.000603981
0.2 0.16 0.00051805
0.2 0.2 0.000450059
0.2 0.24 0.000395224
0.2 0.28 0.000350334
0.2 0.32 0.000313
0.2 0.36 0.000281596
0.2 0.4 0.000254925
0.2 0.44 0.000232015
0.2 0.48 0.00021222
0.2 0.52 0.000194965
0.2 0.56 0.00017982
0.2 0.6 0.000166444
0.2 0.64 0.000154592
0.2 0.68 0.00014401
0.2 0.72 0.000134526
0.2 0.76 0.000125997
0.2 0.8 0.000118281
0.2 0.84 0.000111286
0.2 0.88 0.000104926
0.2 0.92 9.91114e-05
0.2 0.96 9.37936e-05
0.2 1 0
0.2 1.04 0
0.2 1.08 0
0.2 1.12 0
0.2 1.16 0
0.2 1.2 0
0.2 1.24 0
0.2 1.28 0
0.2 1.32 0
0.2 1.36 0
0.2 1.4 0
0.2 1.44 0
0.2 1.48 0
0.2 1.52 0
0.2 1.56 0
0.2 1.6 0
0.2 1.64 0
0.2 1.68 0
0.2 1.72 0
0.2 1.76 0
0.2 1.8 0
0.2 1.84 0
0.2 1.88 0
0.2 1.92 0
0.2 1.96 0
0.2 2 0
0.2 2.04 0
0.2 2.08 0
0.2 2.12 0
0.2 2.16 0
0.2 2.2 0
0.2 2.24 0
0.2 2.28 0
0.2 2.32 0
0.2 2.36 0
0.2 2.4 0
0.2 2.44 0
0.2 2.48 0
0.2 2.52 0
0.2 2.56 0
0.2 2.6 0
0.2 2.64 0
0.2 2.68 0
0.2 2.72 0
0.2 2.76 0
0.2 2.8 0
0.2 2.84 0
0.2 2.88 0
0.2 2.92 0
0.2 2.96 0
0.2 3 0
0.2 3.04 0
0.2 3.08 0
0.2 3.12 0
0.2 3.16 0
0.2 3.2 0
0.2 3.24 0
0.2 3.28 0
0.2 3.32 0
0.2 3.36 0
0.2 3.4 0
0.2 3.44 0
0.2 3.48 0
0.2 3.52 0
0.2 3.56 0
0.2 3.6 0
0.2 3.64 0
0.2 3.68 0
0.2 3.72 0
0.2 3.76 0
0.2 3.8 0
0.2 3.84 0
0.2 3.88 0
0.2 3.92 0
0.2 3.96 0
0.2 4 0
0.216667 -4 0.000109707
0.216667 -3.96 0.000109749
0.216667 -3.92 0.000106931
0.216667 -3.88 0.000116122
0.216667 -3.84 0.000123151
0.216667 -3.8 0.000117327
0.216667 -3.76 7.85798e-05
0.216667 -3.72 0.000122722
0.216667 -3.68 0.000131137
0.216667 -3.64 0.000133364
0.216667 -3.6 0.0001066
0.216667 -3.56 0.000124319
0.216667 -3.52 0.000144429
0.216667 -3.48 0.000138978
0.216667 -3.44 0.000129388
0.216667 -3.4 0.000126925
0.216667 -3.36 0.000125082
0.216667 -3.32 0.000153542
0.216667 -3.28 0.000126739
0.216667 -3.24 0.000126349
0.216667 -3.2 0.000177213
0.216667 -3.16 0.000202881
0.216667 -3.12 0.000145413
0.216667 -3.08 0.00013367
0.216667 -3.04 0.000198378
0.216667 -3 0.000167347
0.216667 -2.96 0.00017399
0.216667 -2.92 0.000194669
0.216667 -2.88 0.000205363
0.216667 -2.84 0.000200564
0.216667 -2.8 0.00022157
0.216667 -2.76 0.000186669
0.216667 -2.72 0.000237346
0.216667 -2.68 0.000276983
0.216667 -2.64 0.000202719
0.216667 -2.6 0.000247419
0.216667 -2.56 0.000256567
0.216667 -2.52 0.000293317
0.216667 -2.48 0.000264767
0.216667 -2.44 0.000328086
0.216667 -2.4 0.00028259
0.216667 -2.36 0.00031529
0.216667 -2.32 0.000339075
0.216667 -2.28 0.000411665
0.216667 -2.24 0.000406403
0.216667 -2.2 0.000479961
0.216667 -2.16 0.000483889
0.216667 -2.12 0.000524695
0.216667 -2.08 0.00052825
0.216667 -2.04 0.000635345
0.216667 -2 0.000655753
0.216667 -1.96 0.000671765
0.216667 -1.92 0.000718091
0.216667 -1.88 0.000871527
0.216667 -1.84 0.000884019
0.216667 -1.8 0.00114595
0.216667 -1.76 0.00113513
0.216667 -1.72 0.00130108
0.216667 -1.68 0.00139254
0.216667 -1.64 0.0011871
0.216667 -1.6 0.00132253
0.216667 -1.56 0.00157364
0.216667 -1.52 0.00161373
0.216667 -1.48 0.00162234
0.216667 -1.44 0.00168205
0.216667 -1.4 0.00192691
0.216667 -1.36 0.00181378
0.216667 -1.32 0.00196698
0.216667 -1.28 0.00227812
0.216667 -1.24 0.00227363
0.216667 -1.2 0.00235711
0.216667 -1.16 0.00248883
0.216667 -1.12 0.00252469
0.216667 -1.08 0.00268244
0.216667 -1.04 0.00298976
0.216667 -1 0.00305824
0.216667 -0.96 0.00337976
0.216667 -0.92 0.00349939
0.216667 -0.88 0.00364902
0.216667 -0.84 0.00416255
0.216667 -0.8 0.00434232
0.216667 -0.76 0.00487134
0.216667 -0.72 0.00532273
0.216667 -0.68 0.00563789
0.216667 -0.64 0.00620239
0.216667 -0.6 0.00681994
0.216667 -0.56 0.00769308
0.216667 -0.52 0.00847986
0.216667 -0.48 0.0090249
0.216667 -0.44 0.00949905
0.216667 -0.4 0.00969102
0.216667 -0.36 0.00946813
0.216667 -0.32 0.00923653
0.216667 -0.28 0.00879274
0.216667 -0.24 0.00772446
0.216667 -0.2 0.00608122
0.216667 -0.16 0.00424534
0.216667 -0.12 0.00282104
0.216667 -0.08 0.00195686
0.216667 -0.04 0.00144581
0.216667 0 0.00112071
0.216667 0.04 0.000899529
0.216667 0.08 0.000740815
0.216667 0.12 0.000622579
0.216667 0.16 0.000531843
0.216667 0.2 0.000460527
0.216667 0.24 0.000403329
0.216667 0.28 0.000356711
0.216667 0.32 0.000318086
0.216667 0.36 0.000285706
0.216667 0.4 0.000258276
0.216667 0.44 0.000234772
0.216667 0.48 0.000214506
0.216667 0.52 0.000196874
0.216667 0.56 0.000181423
0.216667 0.6 0.000167797
0.216667 0.64 0.000155737
0.216667 0.68 0.000144984
0.216667 0.72 0.000135358
0.216667 0.76 0.000126708
0.216667 0.8 0.00011889
0.216667 0.84 0.000111811
0.216667 0.88 0.000105378
0.216667 0.92 9.9499e-05
0.216667 0.96 9.41276e-05
0.216667 1 0
0.216667 1.04 0
0.216667 1.08 0
0.216667 1.12 0
0.216667 1.16 0
0.216667 1.2 0
0.216667 1.24 0
0.216667 1.28 0
0.216667 1.32 0
0.216667 1.36 0
0.216667 1.4 0
0.216667 1.44 0
0.216667 1.48 0
0.216667 1.52 0
0.216667 1.56 0
0.216667 1.6 0
0.216667 1.64 0
0.216667 1.68 0
0.216667 1.72 0
0.216667 1.76 0
0.216667 1.8 0
0.216667 1.84 0
0.216667 1.88 0
0.216667 1.92 0
0.216667 1.96 0
0.216667 2 0
0.216667 2.04 0
0.216667 2.08 0
0.216667 2.12 0
0.216667 2.16 0
0.216667 2.2 0
0.216667 2.24 0
0.216667 2.28 0
0.216667 2.32 0
0.216667 2.36 0
0.216667 2.4 0
0.216667 2.44 0
0.216667 2.48 0
0.216667 2.52 0
0.216667 2.56 0
0.216667 2.6 0
0.216667 2.64 0
0.216667 2.68 0
0.216667 2.72 0
0.216667 2.76 0
0.216667 2.8 0
0.216667 2.84 0
0.216667 2.88 0
0.216667 2.92 0
0.216667 2.96 0
0.216667 3 0
0.216667 3.04 0
0.216667 3.08 0
0.216667 3.12 0
0.216667 3.16 0
0.216667 3.2 0
0.216667 3.24 0
0.216667 3.28 0
0.216667 3.32 0
0.216667 3.36 0
0.216667 3.4 0
0.216667 3.44 0
0.216667 3.48 0
0.216667 3.52 0
0.216667 3.56 0
0.216667 3.6 0
0.216667 3.64 0
0.216667 3.68 0
0.216667 3.72 0
0.216667 3.76 0
0.216667 3.8 0
0.216667 3.84 0
0.216667 3.88 0
0.216667 3.92 0
0.216667 3.96 0
0.216667 4 0
0.233333 -4 9.466e-05
0.233333 -3.96 0.000107002
0.233333 -3.92 9.38519e-05
0.233333 -3.88 0.000125402
0.233333 -3.84 0.000125757
0.233333 -3.8 0.000104574
0.233333 -3.76 9.72132e-05
0.233333 -3.72 0.000109778
0.233333 -3.68 0.000122658
0.233333 -3.64 0.000149698
0.233333 -3.6 0.000111258
0.233333 -3.56 0.000130519
0.233333 -3.52 0.000155337
0.233333 -3.48 0.000142604
0.233333 -3.44 0.000131553
0.233333 -3.4 0.000113657
0.233333 -3.36 0.000138372
0.233333 -3.32 0.000158474
0.233333 -3.28 0.000116955
0.233333 -3.24 0.000124998
0.233333 -3.2 0.000171225
0.233333 -3.16 0.000207473
0.233333 -3.12 0.000147073
0.233333 -3.08 0.000155238
0.233333 -3.04 0.000198873
0.233333 -3 0.000178252
0.233333 -2.96 0.000173954
0.233333 -2.92 0.000182403
0.233333 -2.88 0.000207868
0.233333 -2.84 0.00016516
0.233333 -2.8 0.000194237
0.233333 -2.76 0.000203303
0.233333 -2.72 0.000268588
0.233333 -2.68 0.000232568
0.233333 -2.64 0.000229857
0.233333 -2.6 0.000266462
0.233333 -2.56 0.000254389
0.233333 -2.52 0.000286008
0.233333 -2.48 0.000262239
0.233333 -2.44 0.000346601
0.233333 -2.4 0.000275387
0.233333 -2.36 0.00033603
0.233333 -2.32 0.000334248
0.233333 -2.28 0.000395353
0.233333 -2.24 0.000398899
0.233333 -2.2 0.000509769
0.233333 -2.16 0.000524129
0.233333 -2.12 0.000543712
0.233333 -2.08 0.000573421
0.233333 -2.04 0.00066734
0.233333 -2 0.00063599
0.233333 -1.96 0.000705738
0.233333 -1.92 0.000728623
0.233333 -1.88 0.000862796
0.233333 -1.84 0.000883695
0.233333 -1.8 0.00115656
0.233333 -1.76 0.00115521
0.233333 -1.72 0.00129374
0.233333 -1.68 0.00141192
0.233333 -1.64 0.00117504
0.233333 -1.6 0.00132742
0.233333 -1.56 0.0015801
0.233333 -1.52 0.00160809
0.233333 -1.48 0.00162991
0.233333 -1.44 0.00168589
0.233333 -1.4 0.00201586
0.233333 -1.36 0.00180359
0.233333 -1.32 0.00194968
0.233333 -1.28 0.00229516
0.233333 -1.24 0.00224692
0.233333 -1.2 0.00228394
0.233333 -1.16 0.00253026
0.233333 -1.12 0.00260651
0.233333 -1.08 0.00265453
0.233333 -1.04 0.00289313
0.233333 -1 0.0030016
0.233333 -0.96 0.00331428
0.233333 -0.92 0.00346187
0.233333 -0.88 0.00358664
0.233333 -0.84 0.00417386
0.233333 -0.8 0.00417248
0.233333 -0.76 0.00460992
0.233333 -0.72 0.00512739
0.233333 -0.68 0.00560663
0.233333 -0.64 0.00610727
0.233333 -0.6 0.00660171
0.233333 -0.56 0.00748904
0.233333 -0.52 0.00828396
0.233333 -0.48 0.00886241
0.233333 -0.44 0.00911046
0.233333 -0.4 0.00941475
0.233333 -0.36 0.00927877
0.233333 -0.32 0.00904921
0.233333 -0.28 0.00867157
0.233333 -0.24 0.00796108
0.233333 -0.2 0.00653272
0.233333 -0.16 0.00464776
0.233333 -0.12 0.00307832
0.233333 -0.08 0.00211415
0.233333 -0.04 0.0015421
0.233333 0 0.00118178
0.233333 0.04 0.000940003
0.233333 0.08 0.000768802
0.233333 0.12 0.00064264
0.233333 0.16 0.000546659
0.233333 0.2 0.00047173
0.233333 0.24 0.000411979
0.233333 0.28 0.000363496
0.233333 0.32 0.000323486
0.233333 0.36 0.000290063
0.233333 0.4 0.000261823
0.233333 0.44 0.000237686
0.233333 0.48 0.00021692
0.233333 0.52 0.000198887
0.233333 0.56 0.000183111
0.233333 0.6 0.00016922
0.233333 0.64 0.00015694
0.233333 0.68 0.000146006
0.233333 0.72 0.000136232
0.233333 0.76 0.000127453
0.233333 0.8 0.000119528
0.233333 0.84 0.00011236
0.233333 0.88 0.000105849
0.233333 0.92 9.99036e-05
0.233333 0.96 9.44758e-05
0.233333 1 0
0.233333 1.04 0
0.233333 1.08 0
0.233333 1.12 0
0.233333 1.16 0
0.233333 1.2 0
0.233333 1.24 0
0.233333 1.28 0
0.233333 1.32 0
0.233333 1.36 0
0.233333 1.4 0
0.233333 1.44 0
0.233333 1.48 0
0.233333 1.52 0
0.233333 1.56 0
0.233333 1.6 0
0.233333 1.64 0
0.233333 1.68 0
0.233333 1.72 0
0.233333 1.76 0
0.233333 1.8 0
0.233333 1.84 0
0.233333 1.88 0
0.233333 1.92 0
0.233333 1.96 0
0.233333 2 0
0.233333 2.04 0
0.233333 2.08 0
0.233333 2.12 0
0.233333 2.16 0
0.233333 2.2 0
0.233333 2.24 0
0.233333 2.28 0
0.233333 2.32 0
0.233333 2.36 0
0.233333 2.4 0
0.233333 2.44 0
0.233333 2.48 0
0.233333 2.52 0
0.233333 2.56 0
0.233333 2.6 0
0.233333 2.64 0
0.233333 2.68 0
0.233333 2.72 0
0.233333 2.76 0
0.233333 2.8 0
0.233333 2.84 0
0.233333 2.88 0
0.233333 2.92 0
0.233333 2.96 0
0.233333 3 0
0.233333 3.04 0
0.233333 3.08 0
0.233333 3.12 0
0.233333 3.16 0
0.233333 3.2 0
0.233333 3.24 0
0.233333 3.28 0
0.233333 3.32 0
0.233333 3.36 0
0.233333 3.4 0
0.233333 3.44 0
0.233333 3.48 0
0.233333 3.52 0
0.233333 3.56 0
0.233333 3.6 0
0.233333 3.64 0
0.233333 3.68 0
0.233333 3.72 0
0.233333 3.76 0
0.233333 3.8 0
0.233333 3.84 0
0.233333 3.88 0
0.233333 3.92 0
0.233333 3.96 0
0.233333 4 0
0.25 -4 8.15232e-05
0.25 -3.96 0.000105632
0.25 -3.92 8.59079e-05
0.25 -3.88 0.000114265
0.25 -3.84 0.000125506
0.25 -3.8 0.000109857
0.25 -3.76 9.83889e-05
0.25 -3.72 9.54031e-05
0.25 -3.68 0.000102099
0.25 -3.64 0.000155669
0.25 -3.6 0.000132219
0.25 -3.56 0.000120558
0.25 -3.52 0.000142318
0.25 -3.48 0.000134577
0.25 -3.44 0.000134833
0.25 -3.4 0.00010547
0.25 -3.36 0.000163465
0.25 -3.32 0.000147882
0.25 -3.28 0.000114345
0.25 -3.24 0.000152924
0.25 -3.2 0.000164157
0.25 -3.16 0.000193812
0.25 -3.12 0.000165018
0.25 -3.08 0.000191892
0.25 -3.04 0.000201716
0.25 -3 0.000171644
0.25 -2.96 0.000159013
0.25 -2.92 0.000178793
0.25 -2.88 0.000218036
0.25 -2.84 0.000149913
0.25 -2.8 0.000176737
0.25 -2.76 0.000210317
0.25 -2.72 0.000290862
0.25 -2.68 0.000220255
0.25 -2.64 0.000256542
0.25 -2.6 0.000240063
0.25 -2.56 0.000252973
0.25 -2.52 0.000272275
0.25 -2.48 0.00027299
0.25 -2.44 0.000310959
0.25 -2.4 0.000275443
0.25 -2.36 0.000350374
0.25 -2.32 0.000327158
0.25 -2.28 0.000425219
0.25 -2.24 0.000403363
0.25 -2.2 0.000489137
0.25 -2.16 0.000532631
0.25 -2.12 0.000559468
0.25 -2.08 0.000617899
0.25 -2.04 0.000634375
0.25 -2 0.000632709
0.25 -1.96 0.00070785
0.25 -1.92 0.000767767
0.25 -1.88 0.000822176
0.25 -1.84 0.000866743
0.25 -1.8 0.00115431
0.25 -1.76 0.0012044
0.25 -1.72 0.00130715
0.25 -1.68 0.00132146
0.25 -1.64 0.00120449
0.25 -1.6 0.00139693
0.25 -1.56 0.00155462
0.25 -1.52 0.00161843
0.25 -1.48 0.00163797
0.25 -1.44 0.00170006
0.25 -1.4 0.00197723
0.25 -1.36 0.00178963
0.25 -1.32 0.0019305
0.25 -1.28 0.00226581
0.25 -1.24 0.00224457
0.25 -1.2 0.00224483
0.25 -1.16 0.00253798
0.25 -1.12 0.00272515
0.25 -1.08 0.00262115
0.25 -1.04 0.002801
0.25 -1 0.00294303
0.25 -0.96 0.0032443
0.25 -0.92 0.00349837
0.25 -0.88 0.00357449
0.25 -0.84 0.00408095
0.25 -0.8 0.00406498
0.25 -0.76 0.00443287
0.25 -0.72 0.00489451
0.25 -0.68 0.00540198
0.25 -0.64 0.00591882
0.25 -0.6 0.00637927
0.25 -0.56 0.0071614
0.25 -0.52 0.00807163
0.25 -0.48 0.00866721
0.25 -0.44 0.0089604
0.25 -0.4 0.00918977
0.25 -0.36 0.00913251
0.25 -0.32 0.0087661
0.25 -0.28 0.00851605
0.25 -0.24 0.00810348
0.25 -0.2 0.00695547
0.25 -0.16 0.00507638
0.25 -0.12 0.00336894
0.25 -0.08 0.00229122
0.25 -0.04 0.00164872
0.25 0 0.00124859
0.25 0.04 0.00098389
0.25 0.08 0.000798943
0.25 0.12 0.000664128
0.25 0.16 0.000562455
0.25 0.2 0.00048363
0.25 0.24 0.000421138
0.25 0.28 0.000370662
0.25 0.32 0.000329177
0.25 0.36 0.000294645
0.25 0.4 0.000265545
0.25 0.44 0.000240741
0.25 0.48 0.000219447
0.25 0.52 0.000200991
0.25 0.56 0.000184874
0.25 0.6 0.000170705
0.25 0.64 0.000158194
0.25 0.68 0.00014707
0.25 0.72 0.00013714
0.25 0.76 0.000128226
0.25 0.8 0.000120191
0.25 0.84 0.000112929
0.25 0.88 0.000106338
0.25 0.92 0.000100322
0.25 0.96 9.48357e-05
0.25 1 0
0.25 1.04 0
0.25 1.08 0
0.25 1.12 0
0.25 1.16 0
0.25 1.2 0
0.25 1.24 0
0.25 1.28 0
0.25 1.32 0
0.25 1.36 0
0.25 1.4 0
0.25 1.44 0
0.25 1.48 0
0.25 1.52 0
0.25 1.56 0
0.25 1.6 0
0.25 1.64 0
0.25 1.68 0
0.25 1.72 0
0.25 1.76 0
0.25 1.8 0
0.25 1.84 0
0.25 1.88 0
0.25 1.92 0
0.25 1.96 0
0.25 2 0
0.25 2.04 0
0.25 2.08 0
0.25 2.12 0
0.25 2.16 0
0.25 2.2 0
0.25 2.24 0
0.25 2.28 0
0.25 2.32 0
0.25 2.36 0
0.25 2.4 0
0.25 2.44 0
0.25 2.48 0
0.25 2.52 0
0.25 2.56 0
0.25 2.6 0
0.25 2.64 0
0.25 2.68 0
0.25 2.72 0
0.25 2.76 0
0.25 2.8 0
0.25 2.84 0
0.25 2.88 0
0.25 2.92 0
0.25 2.96 0
0.25 3 0
0.25 3.04 0
0.25 3.08 0
0.25 3.12 0
0.25 3.16 0
0.25 3.2 0
0.25 3.24 0
0.25 3.28 0
0.25 3.32 0
0.25 3.36 0
0.25 3.4 0
0.25 3.44 0
0.25 3.48 0
0.25 3.52 0
0.25 3.56 0
0.25 3.6 0
0.25 3.64 0
0.25 3.68 0
0.25 3.72 0
0.25 3.76 0
0.25 3.8 0
0.25 3.84 0
0.25 3.88 0
0.25 3.92 0
0.25 3.96 0
0.25 4 0
0.266667 -4 8.19927e-05
0.266667 -3.96 0.000103068
0.266667 -3.92 9.77205e-05
0.266667 -3.88 9.70815e-05
0.266667 -3.84 0.000115207
0.266667 -3.8 0.000125306
0.266667 -3.76 7.6295e-05
0.266667 -3.72 9.50258e-05
0.266667 -3.68 8.37395e-05
0.266667 -3.64 0.000135781
0.266667 -3.6 0.000153343
0.266667 -3.56 0.000111166
0.266667 -3.52 0.000107989
0.266667 -3.48 0.000114006
0.266667 -3.44 0.000140459
0.266667 -3.4 0.000103105
0.266667 -3.36 0.000176893
0.266667 -3.32 0.000133308
0.266667 -3.28 0.000125471
0.266667 -3.24 0.000173275
0.266667 -3.2 0.000166549
0.266667 -3.16 0.000170502
0.266667 -3.12 0.000180437
0.266667 -3.08 0.000217962
0.266667 -3.04 0.000198081
0.266667 -3 0.00016083
0.266667 -2.96 0.000138364
0.266667 -2.92 0.000183033
0.266667 -2.88 0.000218032
0.266667 -2.84 0.000169668
0.266667 -2.8 0.000188856
0.266667 -2.76 0.000207886
0.266667 -2.72 0.000273996
0.266667 -2.68 0.000255152
0.266667 -2.64 0.000255024
0.266667 -2.6 0.00019183
0.266667 -2.56 0.000258265
0.266667 -2.52 0.00027007
0.266667 -2.48 0.000285315
0.266667 -2.44 0.000255455
0.266667 -2.4 0.00028855
0.266667 -2.36 0.000340266
0.266667 -2.32 0.000323629
0.266667 -2.28 0.000461866
0.266667 -2.24 0.000421448
0.266667 -2.2 0.000456374
0.266667 -2.16 0.000510202
0.266667 -2.12 0.000553165
0.266667 -2.08 0.000604512
0.266667 -2.04 0.000573398
0.266667 -2 0.000628081
0.266667 -1.96 0.000668915
0.266667 -1.92 0.000780326
0.266667 -1.88 0.000789692
0.266667 -1.84 0.0008579
0.266667 -1.8 0.00116475
0.266667 -1.76 0.00119605
0.266667 -1.72 0.00134673
0.266667 -1.68 0.00126046
0.266667 -1.64 0.0012591
0.266667 -1.6 0.00144873
0.266667 -1.56 0.0015153
0.266667 -1.52 0.00161046
0.266667 -1.48 0.00161649
0.266667 -1.44 0.00170324
0.266667 -1.4 0.00186645
0.266667 -1.36 0.0017663
0.266667 -1.32 0.00192748
0.266667 -1.28 0.00219187
0.266667 -1.24 0.00224084
0.266667 -1.2 0.00223808
0.266667 -1.16 0.00247493
0.266667 -1.12 0.00268025
0.266667 -1.08 0.0025614
0.266667 -1.04 0.00277383
0.266667 -1 0.00293059
0.266667 -0.96 0.00315963
0.266667 -0.92 0.00351035
0.266667 -0.88 0.00357229
0.266667 -0.84 0.00389498
0.266667 -0.8 0.00405771
0.266667 -0.76 0.00433239
0.266667 -0.72 0.00474744
0.266667 -0.68 0.00511316
0.266667 -0.64 0.00565384
0.266667 -0.6 0.00619164
0.266667 -0.56 0.00686625
0.266667 -0.52 0.00782632
0.266667 -0.48 0.00840057
0.266667 -0.44 0.00893003
0.266667 -0.4 0.00897937
0.266667 -0.36 0.00893964
0.266667 -0.32 0.00849418
0.266667 -0.28 0.00838335
0.266667 -0.24 0.00815893
0.266667 -0.2 0.00731524
0.266667 -0.16 0.00551832
0.266667 -0.12 0.00369311
0.266667 -0.08 0.00248891
0.266667 -0.04 0.0017661
0.266667 0 0.00132126
0.266667 0.04 0.00103119
0.266667 0.08 0.000831199
0.266667 0.12 0.00068699
0.266667 0.16 0.000579182
0.266667 0.2 0.000496182
0.266667 0.24 0.000430768
0.266667 0.28 0.000378175
0.266667 0.32 0.00033513
0.266667 0.36 0.000299428
0.266667 0.4 0.000269425
0.266667 0.44 0.00024392
0.266667 0.48 0.000222072
0.266667 0.52 0.000203174
0.266667 0.56 0.000186701
0.266667 0.6 0.000172243
0.266667 0.64 0.000159491
0.266667 0.68 0.000148171
0.266667 0.72 0.000138077
0.266667 0.76 0.000129024
0.266667 0.8 0.000120873
0.266667 0.84 0.000113514
0.266667 0.88 0.000106839
0.266667 0.92 0.000100752
0.266667 0.96 9.52047e-05
0.266667 1 0
0.266667 1.04 0
0.266667 1.08 0
0.266667 1.12 0
0.266667 1.16 0
0.266667 1.2 0
0.266667 1.24 0
0.266667 1.28 0
0.266667 1.32 0
0.266667 1.36 0
0.266667 1.4 0
0.266667 1.44 0
0.266667 1.48 0
0.266667 1.52 0
0.266667 1.56 0
0.266667 1.6 0
0.266667 1.64 0
0.266667 1.68 0
0.266667 1.72 0
0.266667 1.76 0
0.266667 1.8 0
0.266667 1.84 0
0.266667 1.88 0
0.266667 1.92 0
0.266667 1.96 0
0.266667 2 0
0.266667 2.04 0
0.266667 2.08 0
0.266667 2.12 0
0.266667 2.16 0
0.266667 2.2 0
0.266667 2.24 0
0.266667 2.28 0
0.266667 2.32 0
0.266667 2.36 0
0.266667 2.4 0
0.266667 2.44 0
0.266667 2.48 0
0.266667 2.52 0
0.266667 2.56 0
0.266667 2.6 0
0.266667 2.64 0
0.266667 2.68 0
0.266667 2.72 0
0.266667 2.76 0
0.266667 2.8 0
0.266667 2.84 0
0.266667 2.88 0
0.266667 2.92 0
0.266667 2.96 0
0.266667 3 0
0.266667 3.04 0
0.266667 3.08 0
0.266667 3.12 0
0.266667 3.16 0
0.266667 3.2 0
0.266667 3.24 0
0.266667 3.28 0
0.266667 3.32 0
0.266667 3.36 0
0.266667 3.4 0
0.266667 3.44 0
0.266667 3.48 0
0.266667 3.52 0
0.266667 3.56 0
0.266667 3.6 0
0.266667 3.64 0
0.266667 3.68 0
0.266667 3.72 0
0.266667 3.76 0
0.266667 3.8 0
0.266667 3.84 0
0.266667 3.88 0
0.266667 3.92 0
0.266667 3.96 0
0.266667 4 0
0.283333 -4 9.02866e-05
0.283333 -3.96 9.39454e-05
0.283333 -3.92 0.000105525
0.283333 -3.88 8.81109e-05
0.283333 -3.84 0.000107633
0.283333 -3.8 0.00013055
0.283333 -3.76 6.32367e-05
0.283333 -3.72 0.000109581
0.283333 -3.68 9.03333e-05
0.283333 -3.64 0.000103611
0.283333 -3.6 0.000157267
0.283333 -3.56 0.000115367
0.283333 -3.52 7.96727e-05
0.283333 -3.48 0.000101273
0.283333 -3.44 0.000153818
0.283333 -3.4 0.00010108
0.283333 -3.36 0.000164725
0.283333 -3.32 0.000130554
0.283333 -3.28 0.000143879
0.283333 -3.24 0.000158808
0.283333 -3.2 0.000171823
0.283333 -3.16 0.000156779
0.283333 -3.12 0.00018162
0.283333 -3.08 0.000210761
0.283333 -3.04 0.000187337
0.283333 -3 0.000160262
0.283333 -2.96 0.000135715
0.283333 -2.92 0.00017764
0.283333 -2.88 0.000215286
0.283333 -2.84 0.000204866
0.283333 -2.8 0.000211112
0.283333 -2.76 0.000206139
0.283333 -2.72 0.000227887
0.283333 -2.68 0.000288226
0.283333 -2.64 0.000228747
0.283333 -2.6 0.000192871
0.283333 -2.56 0.000271766
0.283333 -2.52 0.000288693
0.283333 -2.48 0.000293333
0.283333 -2.44 0.000246791
0.283333 -2.4 0.00030785
0.283333 -2.36 0.000322221
0.283333 -2.32 0.000325689
0.283333 -2.28 0.000469462
0.283333 -2.24 0.000423604
0.283333 -2.2 0.000460446
0.283333 -2.16 0.000495885
0.283333 -2.12 0.0005342
0.283333 -2.08 0.000562548
0.283333 -2.04 0.000556955
0.283333 -2 0.000624476
0.283333 -1.96 0.000631377
0.283333 -1.92 0.000767634
0.283333 -1.88 0.000798916
0.283333 -1.84 0.000881095
0.283333 -1.8 0.00119885
0.283333 -1.76 0.00113328
0.283333 -1.72 0.00137114
0.283333 -1.68 0.00132777
0.283333 -1.64 0.00130169
0.283333 -1.6 0.0014415
0.283333 -1.56 0.00150578
0.283333 -1.52 0.00158025
0.283333 -1.48 0.00158284
0.283333 -1.44 0.00168809
0.283333 -1.4 0.00183222
0.283333 -1.36 0.00174675
0.283333 -1.32 0.00194797
0.283333 -1.28 0.0021119
0.283333 -1.24 0.00220117
0.283333 -1.2 0.00220608
0.283333 -1.16 0.00239863
0.283333 -1.12 0.00249804
0.283333 -1.08 0.0024914
0.283333 -1.04 0.00277264
0.283333 -1 0.00293389
0.283333 -0.96 0.00304255
0.283333 -0.92 0.00340757
0.283333 -0.88 0.00352676
0.283333 -0.84 0.00371976
0.283333 -0.8 0.00407737
0.283333 -0.76 0.00424207
0.283333 -0.72 0.00466965
0.283333 -0.68 0.00493369
0.283333 -0.64 0.0054026
0.283333 -0.6 0.00603191
0.283333 -0.56 0.00674756
0.283333 -0.52 0.00755789
0.283333 -0.48 0.00812236
0.283333 -0.44 0.00882047
0.283333 -0.4 0.00877142
0.283333 -0.36 0.00871087
0.283333 -0.32 0.00837736
0.283333 -0.28 0.00827087
0.283333 -0.24 0.00815141
0.283333 -0.2 0.00758649
0.283333 -0.16 0.00595446
0.283333 -0.12 0.0040487
0.283333 -0.08 0.00270769
0.283333 -0.04 0.00189458
0.283333 0 0.00139988
0.283333 0.04 0.00108189
0.283333 0.08 0.000865508
0.283333 0.12 0.000711159
0.283333 0.16 0.000596779
0.283333 0.2 0.000509335
0.283333 0.24 0.000440825
0.283333 0.28 0.000385999
0.283333 0.32 0.000341316
0.283333 0.36 0.000304387
0.283333 0.4 0.000273439
0.283333 0.44 0.000247205
0.283333 0.48 0.000224782
0.283333 0.52 0.000205424
0.283333 0.56 0.000188581
0.283333 0.6 0.000173825
0.283333 0.64 0.000160824
0.283333 0.68 0.0001493
0.283333 0.72 0.000139038
0.283333 0.76 0.00012984
0.283333 0.8 0.000121571
0.283333 0.84 0.000114111
0.283333 0.88 0.00010735
0.283333 0.92 0.00010119
0.283333 0.96 9.55802e-05
0.283333 1 0
0.283333 1.04 0
0.283333 1.08 0
0.283333 1.12 0
0.283333 1.16 0
0.283333 1.2 0
0.283333 1.24 0
0.283333 1.28 0
0.283333 1.32 0
0.283333 1.36 0
0.283333 1.4 0
0.283333 1.44 0
0.283333 1.48 0
0.283333 1.52 0
0.283333 1.56 0
0.283333 1.6 0
0.283333 1.64 0
0.283333 1.68 0
0.283333 1.72 0
0.283333 1.76 0
0.283333 1.8 0
0.283333 1.84 0
0.283333 1.88 0
0.283333 1.92 0
0.283333 1.96 0
0.283333 2 0
0.283333 2.04 0
0.283333 2.08 0
0.283333 2.12 0
0.283333 2.16 0
0.283333 2.2 0
0.283333 2.24 0
0.283333 2.28 0
0.283333 2.32 0
0.283333 2.36 0
0.283333 2.4 0
0.283333 2.44 0
0.283333 2.48 0
0.283333 2.52 0
0.283333 2.56 0
0.283333 2.6 0
0.283333 2.64 0
0.283333 2.68 0
0.283333 2.72 0
0.283333 2.76 0
0.283333 2.8 0
0.283333 2.84 0
0.283333 2.88 0
0.283333 2.92 0
0.283333 2.96 0
0.283333 3 0
0.283333 3.04 0
0.283333 3.08 0
0.283333 3.12 0
0.283333 3.16 0
0.283333 3.2 0
0.283333 3.24 0
0.283333 3.28 0
0.283333 3.32 0
0.283333 3.36 0
0.283333 3.4 0
0.283333 3.44 0
0.283333 3.48 0
0.283333 3.52 0
0.283333 3.56 0
0.283333 3.6 0
0.283333 3.64 0
0.283333 3.68 0
0.283333 3.72 0
0.283333 3.76 0
0.283333 3.8 0
0.283333 3.84 0
0.283333 3.88 0
0.283333 3.92 0
0.283333 3.96 0
0.283333 4 0
0.3 -4 9.20302e-05
0.3 -3.96 8.1176e-05
0.3 -3.92 8.96756e-05
0.3 -3.88 8.15436e-05
0.3 -3.84 0.000116418
0.3 -3.8 0.000117598
0.3 -3.76 7.89504e-05
0.3 -3.72 0.000122579
0.3 -3.68 0.000117418
0.3 -3.64 8.6793e-05
0.3 -3.6 0.000142411
0.3 -3.56 0.000122714
0.3 -3.52 8.38513e-05
0.3 -3.48 0.000110417
0.3 -3.44 0.000164418
0.3 -3.4 0.0001031
0.3 -3.36 0.000141122
0.3 -3.32 0.00013937
0.3 -3.28 0.000151875
0.3 -3.24 0.000127111
0.3 -3.2 0.000165653
0.3 -3.16 0.000160751
0.3 -3.12 0.000174574
0.3 -3.08 0.000172844
0.3 -3.04 0.000180952
0.3 -3 0.000169406
0.3 -2.96 0.00015463
0.3 -2.92 0.000162519
0.3 -2.88 0.00022274
0.3 -2.84 0.000218755
0.3 -2.8 0.000211957
0.3 -2.76 0.000200708
0.3 -2.72 0.000195017
0.3 -2.68 0.000277784
0.3 -2.64 0.000204325
0.3 -2.6 0.000241844
0.3 -2.56 0.000280682
0.3 -2.52 0.000310038
0.3 -2.48 0.000298082
0.3 -2.44 0.000287492
0.3 -2.4 0.000318
0.3 -2.36 0.000325835
0.3 -2.32 0.000328896
0.3 -2.28 0.000459022
0.3 -2.24 0.000396953
0.3 -2.2 0.000484163
0.3 -2.16 0.000510595
0.3 -2.12 0.000527566
0.3 -2.08 0.000553936
0.3 -2.04 0.000583713
0.3 -2 0.000632445
0.3 -1.96 0.000649544
0.3 -1.92 0.000767948
0.3 -1.88 0.000831756
0.3 -1.84 0.000922032
0.3 -1.8 0.00122781
0.3 -1.76 0.00111569
0.3 -1.72 0.00135227
0.3 -1.68 0.0014342
0.3 -1.64 0.00130714
0.3 -1.6 0.00141026
0.3 -1.56 0.00152691
0.3 -1.52 0.00156239
0.3 -1.48 0.00157139
0.3 -1.44 0.00167199
0.3 -1.4 0.00189471
0.3 -1.36 0.00174983
0.3 -1.32 0.00196023
0.3 -1.28 0.00203843
0.3 -1.24 0.00213417
0.3 -1.2 0.00213206
0.3 -1.16 0.00237259
0.3 -1.12 0.00240199
0.3 -1.08 0.00244651
0.3 -1.04 0.00272978
0.3 -1 0.00287601
0.3 -0.96 0.00290366
0.3 -0.92 0.00322329
0.3 -0.88 0.00342765
0.3 -0.84 0.00363963
0.3 -0.8 0.0040129
0.3 -0.76 0.00416795
0.3 -0.72 0.0045597
0.3 -0.68 0.00491117
0.3 -0.64 0.00524218
0.3 -0.6 0.00586334
0.3 -0.56 0.00670441
0.3 -0.52 0.00725885
0.3 -0.48 0.00788709
0.3 -0.44 0.00859367
0.3 -0.4 0.00861786
0.3 -0.36 0.00852673
0.3 -0.32 0.00838322
0.3 -0.28 0.00815652
0.3 -0.24 0.00811395
0.3 -0.2 0.00776764
0.3 -0.16 0.00636339
0.3 -0.12 0.0044305
0.3 -0.08 0.00294752
0.3 -0.04 0.00203439
0.3 0 0.00148449
0.3 0.04 0.00113592
0.3 0.08 0.000901786
0.3 0.12 0.000736557
0.3 0.16 0.000615174
0.3 0.2 0.000523029
0.3 0.24 0.00045126
0.3 0.28 0.000394095
0.3 0.32 0.000347701
0.3 0.36 0.000309495
0.3 0.4 0.000277567
0.3 0.44 0.000250578
0.3 0.48 0.00022756
0.3 0.52 0.000207727
0.3 0.56 0.000190504
0.3 0.6 0.000175441
0.3 0.64 0.000162184
0.3 0.68 0.000150451
0.3 0.72 0.000140016
0.3 0.76 0.00013067
0.3 0.8 0.00012228
0.3 0.84 0.000114717
0.3 0.88 0.000107868
0.3 0.92 0.000101633
0.3 0.96 9.59596e-05
0.3 1 0
0.3 1.04 0
0.3 1.08 0
0.3 1.12 0
0.3 1.16 0
0.3 1.2 0
0.3 1.24 0
0.3 1.28 0
0.3 1.32 0
0.3 1.36 0
0.3 1.4 0
0.3 1.44 0
0.3 1.48 0
0.3 1.52 0
0.3 1.56 0
0.3 1.6 0
0.3 1.64 0
0.3 1.68 0
0.3 1.72 0
0.3 1.76 0
0.3 1.8 0
0.3 1.84 0
0.3 1.88 0
0.3 1.92 0
0.3 1.96 0
0.3 2 0
0.3 2.04 0
0.3 2.08 0
0.3 2.12 0
0.3 2.16 0
0.3 2.2 0
0.3 2.24 0
0.3 2.28 0
0.3 2.32 0
0.3 2.36 0
0.3 2.4 0
0.3 2.44 0
0.3 2.48 0
0.3 2.52 0
0.3 2.56 0
0.3 2.6 0
0.3 2.64 0
0.3 2.68 0
0.3 2.72 0
0.3 2.76 0
0.3 2.8 0
0.3 2.84 0
0.3 2.88 0
0.3 2.92 0
0.3 2.96 0
0.3 3 0
0.3 3.04 0
0.3 3.08 0
0.3 3.12 0
0.3 3.16 0
0.3 3.2 0
0.3 3.24 0
0.3 3.28 0
0.3 3.32 0
0.3 3.36 0
0.3 3.4 0
0.3 3.44 0
0.3 3.48 0
0.3 3.52 0
0.3 3.56 0
0.3 3.6 0
0.3 3.64 0
0.3 3.68 0
0.3 3.72 0
0.3 3.76 0
0.3 3.8 0
0.3 3.84 0
0.3 3.88 0
0.3 3.92 0
0.3 3.96 0
0.3 4 0
0.316667 -4 8.74267e-05
0.316667 -3.96 7.45824e-05
0.316667 -3.92 6.78353e-05
0.316667 -3.88 6.81317e-05
0.316667 -3.84 0.000133029
0.316667 -3.8 9.91753e-05
0.316667 -3.76 0.000101011
0.316667 -3.72 0.000117922
0.316667 -3.68 0.000134344
0.316667 -3.64 9.71329e-05
0.316667 -3.6 0.000120619
0.316667 -3.56 0.000121335
0.316667 -3.52 0.000113753
0.316667 -3.48 0.000127307
0.316667 -3.44 0.000156396
0.316667 -3.4 0.000115647
0.316667 -3.36 0.00012655
0.316667 -3.32 0.000147029
0.316667 -3.28 0.000144896
0.316667 -3.24 0.000111857
0.316667 -3.2 0.000148521
0.316667 -3.16 0.00017131
0.316667 -3.12 0.000169086
0.316667 -3.08 0.000134719
0.316667 -3.04 0.000183477
0.316667 -3 0.000175312
0.316667 -2.96 0.000170519
0.316667 -2.92 0.000160696
0.316667 -2.88 0.00022955
0.316667 -2.84 0.000198315
0.316667 -2.8 0.000189862
0.316667 -2.76 0.000180979
0.316667 -2.72 0.000199528
0.316667 -2.68 0.000243603
0.316667 -2.64 0.000197083
0.316667 -2.6 0.000262374
0.316667 -2.56 0.000272902
0.316667 -2.52 0.000309193
0.316667 -2.48 0.000296996
0.316667 -2.44 0.000316581
0.316667 -2.4 0.000310727
0.316667 -2.36 0.000352372
0.316667 -2.32 0.000331385
0.316667 -2.28 0.000452059
0.316667 -2.24 0.000374498
0.316667 -2.2 0.000479541
0.316667 -2.16 0.000533745
0.316667 -2.12 0.000530973
0.316667 -2.08 0.000581721
0.316667 -2.04 0.000600744
0.316667 -2 0.000642166
0.316667 -1.96 0.000714417
0.316667 -1.92 0.000779874
0.316667 -1.88 0.000849747
0.316667 -1.84 0.000951786
0.316667 -1.8 0.00121759
0.316667 -1.76 0.00118378
0.316667 -1.72 0.00130678
0.316667 -1.68 0.00146145
0.316667 -1.64 0.00129098
0.316667 -1.6 0.00139783
0.316667 -1.56 0.00153274
0.316667 -1.52 0.0015668
0.316667 -1.48 0.00157331
0.316667 -1.44 0.00167677
0.316667 -1.4 0.00192554
0.316667 -1.36 0.00177382
0.316667 -1.32 0.00192519
0.316667 -1.28 0.0019684
0.316667 -1.24 0.00208323
0.316667 -1.2 0.00206804
0.316667 -1.16 0.00236453
0.316667 -1.12 0.00247513
0.316667 -1.08 0.00243077
0.316667 -1.04 0.00265293
0.316667 -1 0.00275994
0.316667 -0.96 0.00278612
0.316667 -0.92 0.00308574
0.316667 -0.88 0.00331889
0.316667 -0.84 0.00362849
0.316667 -0.8 0.00384319
0.316667 -0.76 0.00412117
0.316667 -0.72 0.00439734
0.316667 -0.68 0.00489295
0.316667 -0.64 0.00516275
0.316667 -0.6 0.0056686
0.316667 -0.56 0.00650294
0.316667 -0.52 0.00692349
0.316667 -0.48 0.00766884
0.316667 -0.44 0.00832911
0.316667 -0.4 0.00855438
0.316667 -0.36 0.00843361
0.316667 -0.32 0.00835782
0.316667 -0.28 0.00804194
0.316667 -0.24 0.0080713
0.316667 -0.2 0.00787319
0.316667 -0.16 0.00672699
0.316667 -0.12 0.00482981
0.316667 -0.08 0.00320766
0.316667 -0.04 0.00218563
0.316667 0 0.00157505
0.316667 0.04 0.00119318
0.316667 0.08 0.000939928
0.316667 0.12 0.000763086
0.316667 0.16 0.000634289
0.316667 0.2 0.0005372
0.316667 0.24 0.00046202
0.316667 0.28 0.000402419
0.316667 0.32 0.000354252
0.316667 0.36 0.000314724
0.316667 0.4 0.000281784
0.316667 0.44 0.000254019
0.316667 0.48 0.000230389
0.316667 0.52 0.00021007
0.316667 0.56 0.000192457
0.316667 0.6 0.00017708
0.316667 0.64 0.000163563
0.316667 0.68 0.000151616
0.316667 0.72 0.000141004
0.316667 0.76 0.000131508
0.316667 0.8 0.000122996
0.316667 0.84 0.000115327
0.316667 0.88 0.000108389
0.316667 0.92 0.000102078
0.316667 0.96 9.63401e-05
0.316667 1 0
0.316667 1.04 0
0.316667 1.08 0
0.316667 1.12 0
0.316667 1.16 0
0.316667 1.2 0
0.316667 1.24 0
0.316667 1.28 0
0.316667 1.32 0
0.316667 1.36 0
0.316667 1.4 0
0.316667 1.44 0
0.316667 1.48 0
0.316667 1.52 0
0.316667 1.56 0
0.316667 1.6 0
0.316667 1.64 0
0.316667 1.68 0
0.316667 1.72 0
0.316667 1.76 0
0.316667 1.8 0
0.316667 1.84 0
0.316667 1.88 0
0.316667 1.92 0
0.316667 1.96 0
0.316667 2 0
0.316667 2.04 0
0.316667 2.08 0
0.316667 2.12 0
0.316667 2.16 0
0.316667 2.2 0
0.316667 2.24 0
0.316667 2.28 0
0.316667 2.32 0
0.316667 2.36 0
0.316667 2.4 0
0.316667 2.44 0
0.316667 2.48 0
0.316667 2.52 0
0.316667 2.56 0
0.316667 2.6 0
0.316667 2.64 0
0.316667 2.68 0
0.316667 2.72 0
0.316667 2.76 0
0.316667 2.8 0
0.316667 2.84 0
0.316667 2.88 0
0.316667 2.92 0
0.316667 2.96 0
0.316667 3 0
0.316667 3.04 0
0.316667 3.08 0
0.316667 3.12 0
0.316667 3.16 0
0.316667 3.2 0
0.316667 3.24 0
0.316667 3.28 0
0.316667 3.32 0
0.316667 3.36 0
0.316667 3.4 0
0.316667 3.44 0
0.316667 3.48 0
0.316667 3.52 0
0.316667 3.56 0
0.316667 3.6 0
0.316667 3.64 0
0.316667 3.68 0
0.316667 3.72 0
0.316667 3.76 0
0.316667 3.8 0
0.316667 3.84 0
0.316667 3.88 0
0.316667 3.92 0
0.316667 3.96 0
0.316667 4 0
0.333333 -4 8.80883e-05
0.333333 -3.96 7.65196e-05
0.333333 -3.92 6.24461e-05
0.333333 -3.88 5.72645e-05
0.333333 -3.84 0.000136738
0.333333 -3.8 9.44859e-05
0.333333 -3.76 9.98241e-05
0.333333 -3.72 9.66305e-05
0.333333 -3.68 0.00012508
0.333333 -3.64 0.000122419
0.333333 -3.6 0.000104119
0.333333 -3.56 0.000116308
0.333333 -3.52 0.000133951
0.333333 -3.48 0.000129771
0.333333 -3.44 0.000134969
0.333333 -3.4 0.000129615
0.333333 -3.36 0.000120895
0.333333 -3.32 0.000146031
0.333333 -3.28 0.000137818
0.333333 -3.24 0.000119857
0.333333 -3.2 0.00013619
0.333333 -3.16 0.000175091
0.333333 -3.12 0.000165062
0.333333 -3.08 0.000127841
0.333333 -3.04 0.000185622
0.333333 -3 0.000164337
0.333333 -2.96 0.000166335
0.333333 -2.92 0.000179344
0.333333 -2.88 0.000216425
0.333333 -2.84 0.000169153
0.333333 -2.8 0.000165949
0.333333 -2.76 0.000159338
0.333333 -2.72 0.000220756
0.333333 -2.68 0.000228661
0.333333 -2.64 0.000202132
0.333333 -2.6 0.000227837
0.333333 -2.56 0.000256026
0.333333 -2.52 0.000289949
0.333333 -2.48 0.000286703
0.333333 -2.44 0.000300521
0.333333 -2.4 0.000290528
0.333333 -2.36 0.000371791
0.333333 -2.32 0.000338092
0.333333 -2.28 0.0004416
0.333333 -2.24 0.000388176
0.333333 -2.2 0.000446855
0.333333 -2.16 0.000540595
0.333333 -2.12 0.000519038
0.333333 -2.08 0.000602811
0.333333 -2.04 0.000600766
0.333333 -2 0.000633311
0.333333 -1.96 0.00075262
0.333333 -1.92 0.00077378
0.333333 -1.88 0.000845838
0.333333 -1.84 0.000963863
0.333333 -1.8 0.00117638
0.333333 -1.76 0.00125456
0.333333 -1.72 0.00127185
0.333333 -1.68 0.00144684
0.333333 -1.64 0.00130108
0.333333 -1.6 0.0014001
0.333333 -1.56 0.00150385
0.333333 -1.52 0.00155556
0.333333 -1.48 0.00155445
0.333333 -1.44 0.00169956
0.333333 -1.4 0.00185144
0.333333 -1.36 0.00179991
0.333333 -1.32 0.00185634
0.333333 -1.28 0.0019284
0.333333 -1.24 0.00206654
0.333333 -1.2 0.00205419
0.333333 -1.16 0.00230522
0.333333 -1.12 0.00254247
0.333333 -1.08 0.00241004
0.333333 -1.04 0.00260223
0.333333 -1 0.00267653
0.333333 -0.96 0.00272509
0.333333 -0.92 0.00305953
0.333333 -0.88 0.0032476
0.333333 -0.84 0.00358823
0.333333 -0.8 0.00366292
0.333333 -0.76 0.00403361
0.333333 -0.72 0.00425235
0.333333 -0.68 0.00474147
0.333333 -0.64 0.00508348
0.333333 -0.6 0.00547212
0.333333 -0.56 0.00611192
0.333333 -0.52 0.00660003
0.333333 -0.48 0.0074249
0.333333 -0.44 0.00807045
0.333333 -0.4 0.00851174
0.333333 -0.36 0.00840079
0.333333 -0.32 0.00825399
0.333333 -0.28 0.00795742
0.333333 -0.24 0.00803094
0.333333 -0.2 0.0079192
0.333333 -0.16 0.00703376
0.333333 -0.12 0.00523454
0.333333 -0.08 0.00348647
0.333333 -0.04 0.00234816
0.333333 0 0.00167146
0.333333 0.04 0.00125354
0.333333 0.08 0.0009798
0.333333 0.12 0.000790635
0.333333 0.16 0.000654033
0.333333 0.2 0.000551777
0.333333 0.24 0.00047305
0.333333 0.28 0.000410928
0.333333 0.32 0.000360932
0.333333 0.36 0.000320042
0.333333 0.4 0.000286067
0.333333 0.44 0.000257507
0.333333 0.48 0.000233253
0.333333 0.52 0.000212438
0.333333 0.56 0.00019443
0.333333 0.6 0.000178734
0.333333 0.64 0.000164952
0.333333 0.68 0.000152789
0.333333 0.72 0.000141998
0.333333 0.76 0.000132349
0.333333 0.8 0.000123713
0.333333 0.84 0.000115938
0.333333 0.88 0.000108909
0.333333 0.92 0.000102522
0.333333 0.96 9.67192e-05
0.333333 1 0
0.333333 1.04 0
0.333333 1.08 0
0.333333 1.12 0
0.333333 1.16 0
0.333333 1.2 0
0.333333 1.24 0
0.333333 1.28 0
0.333333 1.32 0
0.333333 1.36 0
0.333333 1.4 0
0.333333 1.44 0
0.333333 1.48 0
0.333333 1.52 0
0.333333 1.56 0
0.333333 1.6 0
0.333333 1.64 0
0.333333 1.68 0
0.333333 1.72 0
0.333333 1.76 0
0.333333 1.8 0
0.333333 1.84 0
0.333333 1.88 0
0.333333 1.92 0
0.333333 1.96 0
0.333333 2 0
0.333333 2.04 0
0.333333 2.08 0
0.333333 2.12 0
0.333333 2.16 0
0.333333 2.2 0
0.333333 2.24 0
0.333333 2.28 0
0.333333 2.32 0
0.333333 2.36 0
0.333333 2.4 0
0.333333 2.44 0
0.333333 2.48 0
0.333333 2.52 0
0.333333 2.56 0
0.333333 2.6 0
0.333333 2.64 0
0.333333 2.68 0
0.333333 2.72 0
0.333333 2.76 0
0.333333 2.8 0
0.333333 2.84 0
0.333333 2.88 0
0.333333 2.92 0
0.333333 2.96 0
0.333333 3 0
0.333333 3.04 0
0.333333 3.08 0
0.333333 3.12 0
0.333333 3.16 0
0.333333 3.2 0
0.333333 3.24 0
0.333333 3.28 0
0.333333 3.32 0
0.333333 3.36 0
0.333333 3.4 0
0.333333 3.44 0
0.333333 3.48 0
0.333333 3.52 0
0.333333 3.56 0
0.333333 3.6 0
0.333333 3.64 0
0.333333 3.68 0
0.333333 3.72 0
0.333333 3.76 0
0.333333 3.8 0
0.333333 3.84 0
0.333333 3.88 0
0.333333 3.92 0
0.333333 3.96 0
0.333333 4 0
0.35 -4 9.19766e-05
0.35 -3.96 7.70159e-05
0.35 -3.92 6.63305e-05
0.35 -3.88 6.38103e-05
0.35 -3.84 0.000121399
0.35 -3.8 0.000110078
0.35 -3.76 7.9696e-05
0.35 -3.72 7.47844e-05
0.35 -3.68 0.000109166
0.35 -3.64 0.000142253
0.35 -3.6 9.8467e-05
0.35 -3.56 0.000114144
0.35 -3.52 0.000121194
0.35 -3.48 0.000115763
0.35 -3.44 0.000120206
0.35 -3.4 0.000126854
0.35 -3.36 0.000113772
0.35 -3.32 0.000139639
0.35 -3.28 0.00013797
0.35 -3.24 0.00013345
0.35 -3.2 0.00013857
0.35 -3.16 0.000171218
0.35 -3.12 0.000155241
0.35 -3.08 0.000152648
0.35 -3.04 0.000182269
0.35 -3 0.000136821
0.35 -2.96 0.000156807
0.35 -2.92 0.00019262
0.35 -2.88 0.000189391
0.35 -2.84 0.000161216
0.35 -2.8 0.000150482
0.35 -2.76 0.000165162
0.35 -2.72 0.000227192
0.35 -2.68 0.000238541
0.35 -2.64 0.000215467
0.35 -2.6 0.00019782
0.35 -2.56 0.000248816
0.35 -2.52 0.000280129
0.35 -2.48 0.000272284
0.35 -2.44 0.000271685
0.35 -2.4 0.00027052
0.35 -2.36 0.00036282
0.35 -2.32 0.000351195
0.35 -2.28 0.000418408
0.35 -2.24 0.000417771
0.35 -2.2 0.000429838
0.35 -2.16 0.000537022
0.35 -2.12 0.000494679
0.35 -2.08 0.000602575
0.35 -2.04 0.000615296
0.35 -2 0.000608688
0.35 -1.96 0.000726192
0.35 -1.92 0.000760204
0.35 -1.88 0.000843673
0.35 -1.84 0.000967769
0.35 -1.8 0.00114694
0.35 -1.76 0.00125002
0.35 -1.72 0.00127239
0.35 -1.68 0.00148272
0.35 -1.64 0.00135996
0.35 -1.6 0.00139578
0.35 -1.56 0.00148035
0.35 -1.52 0.00150912
0.35 -1.48 0.00152366
0.35 -1.44 0.00171153
0.35 -1.4 0.00176706
0.35 -1.36 0.00181594
0.35 -1.32 0.0018095
0.35 -1.28 0.00194893
0.35 -1.24 0.00205407
0.35 -1.2 0.00205782
0.35 -1.16 0.00221659
0.35 -1.12 0.0024478
0.35 -1.08 0.00235991
0.35 -1.04 0.0025933
0.35 -1 0.00266583
0.35 -0.96 0.00270943
0.35 -0.92 0.00306292
0.35 -0.88 0.00321001
0.35 -0.84 0.00346837
0.35 -0.8 0.00356644
0.35 -0.76 0.00386874
0.35 -0.72 0.00414627
0.35 -0.68 0.00450961
0.35 -0.64 0.00493599
0.35 -0.6 0.00531469
0.35 -0.56 0.00576894
0.35 -0.52 0.00635925
0.35 -0.48 0.00717891
0.35 -0.44 0.00782533
0.35 -0.4 0.00837542
0.35 -0.36 0.0083638
0.35 -0.32 0.00817617
0.35 -0.28 0.00793782
0.35 -0.24 0.00799354
0.35 -0.2 0.00792251
0.35 -0.16 0.00727887
0.35 -0.12 0.00563029
0.35 -0.08 0.00378113
0.35 -0.04 0.00252162
0.35 0 0.00177352
0.35 0.04 0.00131682
0.35 0.08 0.00102125
0.35 0.12 0.000819079
0.35 0.16 0.000674309
0.35 0.2 0.000566684
0.35 0.24 0.00048429
0.35 0.28 0.000419574
0.35 0.32 0.000367705
0.35 0.36 0.000325422
0.35 0.4 0.000290391
0.35 0.44 0.000261024
0.35 0.48 0.000236136
0.35 0.52 0.000214818
0.35 0.56 0.00019641
0.35 0.6 0.000180391
0.35 0.64 0.000166344
0.35 0.68 0.000153962
0.35 0.72 0.00014299
0.35 0.76 0.000133189
0.35 0.8 0.000124428
0.35 0.84 0.000116546
0.35 0.88 0.000109426
0.35 0.92 0.000102963
0.35 0.96 9.70946e-05
0.35 1 0
0.35 1.04 0
0.35 1.08 0
0.35 1.12 0
0.35 1.16 0
0.35 1.2 0
0.35 1.24 0
0.35 1.28 0
0.35 1.32 0
0.35 1.36 0
0.35 1.4 0
0.35 1.44 0
0.35 1.48 0
0.35 1.52 0
0.35 1.56 0
0.35 1.6 0
0.35 1.64 0
0.35 1.68 0
0.35 1.72 0
0.35 1.76 0
0.35 1.8 0
0.35 1.84 0
0.35 1.88 0
0.35 1.92 0
0.35 1.96 0
0.35 2 0
0.35 2.04 0
0.35 2.08 0
0.35 2.12 0
0.35 2.16 0
0.35 2.2 0
0.35 2.24 0
0.35 2.28 0
0.35 2.32 0
0.35 2.36 0
0.35 2.4 0
0.35 2.44 0
0.35 2.48 0
0.35 2.52 0
0.35 2.56 0
0.35 2.6 0
0.35 2.64 0
0.35 2.68 0
0.35 2.72 0
0.35 2.76 0
0.35 2.8 0
0.35 2.84 0
0.35 2.88 0
0.35 2.92 0
0.35 2.96 0
0.35 3 0
0.35 3.04 0
0.35 3.08 0
0.35 3.12 0
0.35 3.16 0
0.35 3.2 0
0.35 3.24 0
0.35 3.28 0
0.35 3.32 0
0.35 3.36 0
0.35 3.4 0
0.35 3.44 0
0.35 3.48 0
0.35 3.52 0
0.35 3.56 0
0.35 3.6 0
0.35 3.64 0
0.35 3.68 0
0.35 3.72 0
0.35 3.76 0
0.35 3.8 0
0.35 3.84 0
0.35 3.88 0
0.35 3.92 0
0.35 3.96 0
0.35 4 0
0.366667 -4 8.19035e-05
0.366667 -3.96 6.81172e-05
0.366667 -3.92 6.54841e-05
0.366667 -3.88 8.08548e-05
0.366667 -3.84 0.000100134
0.366667 -3.8 0.000131322
0.366667 -3.76 6.67693e-05
0.366667 -3.72 6.7592e-05
0.366667 -3.68 0.000111561
0.366667 -3.64 0.000143622
0.366667 -3.6 0.000102285
0.366667 -3.56 0.000108969
0.366667 -3.52 9.1046e-05
0.366667 -3.48 9.80695e-05
0.366667 -3.44 0.000119337
0.366667 -3.4 0.000106684
0.366667 -3.36 0.000108649
0.366667 -3.32 0.000132786
0.366667 -3.28 0.000131589
0.366667 -3.24 0.000139779
0.366667 -3.2 0.000147782
0.366667 -3.16 0.000164527
0.366667 -3.12 0.000137074
0.366667 -3.08 0.000180318
0.366667 -3.04 0.000181411
0.366667 -3 0.000114873
0.366667 -2.96 0.000161293
0.366667 -2.92 0.000181857
0.366667 -2.88 0.000172287
0.366667 -2.84 0.000172815
0.366667 -2.8 0.000142321
0.366667 -2.76 0.000199964
0.366667 -2.72 0.000218618
0.366667 -2.68 0.000248044
0.366667 -2.64 0.000239147
0.366667 -2.6 0.000208565
0.366667 -2.56 0.000255743
0.366667 -2.52 0.00029241
0.366667 -2.48 0.000262477
0.366667 -2.44 0.000269319
0.366667 -2.4 0.000266748
0.366667 -2.36 0.000340002
0.366667 -2.32 0.000362331
0.366667 -2.28 0.00040269
0.366667 -2.24 0.000420076
0.366667 -2.2 0.000446432
0.366667 -2.16 0.000541168
0.366667 -2.12 0.000495745
0.366667 -2.08 0.000601353
0.366667 -2.04 0.000631861
0.366667 -2 0.000594088
0.366667 -1.96 0.000689472
0.366667 -1.92 0.000774741
0.366667 -1.88 0.000857418
0.366667 -1.84 0.000966118
0.366667 -1.8 0.00115431
0.366667 -1.76 0.00120782
0.366667 -1.72 0.00130932
0.366667 -1.68 0.00152605
0.366667 -1.64 0.00142406
0.366667 -1.6 0.00138798
0.366667 -1.56 0.00149629
0.366667 -1.52 0.00147237
0.366667 -1.48 0.00152572
0.366667 -1.44 0.00168899
0.366667 -1.4 0.00178832
0.366667 -1.36 0.00181961
0.366667 -1.32 0.00179956
0.366667 -1.28 0.00199856
0.366667 -1.24 0.00201317
0.366667 -1.2 0.0020247
0.366667 -1.16 0.00218884
0.366667 -1.12 0.00227948
0.366667 -1.08 0.00229848
0.366667 -1.04 0.00258236
0.366667 -1 0.00265266
0.366667 -0.96 0.00269161
0.366667 -0.92 0.00298183
0.366667 -0.88 0.00315994
0.366667 -0.84 0.00331699
0.366667 -0.8 0.00353245
0.366667 -0.76 0.00373728
0.366667 -0.72 0.00401922
0.366667 -0.68 0.00433979
0.366667 -0.64 0.00472518
0.366667 -0.6 0.00521013
0.366667 -0.56 0.00565286
0.366667 -0.52 0.00619925
0.366667 -0.48 0.00698397
0.366667 -0.44 0.00762771
0.366667 -0.4 0.00813451
0.366667 -0.36 0.0082812
0.366667 -0.32 0.00819604
0.366667 -0.28 0.00798741
0.366667 -0.24 0.00796796
0.366667 -0.2 0.00790562
0.366667 -0.16 0.00746351
0.366667 -0.12 0.00600211
0.366667 -0.08 0.0040875
0.366667 -0.04 0.00270531
0.366667 0 0.00188094
0.366667 0.04 0.00138278
0.366667 0.08 0.00106408
0.366667 0.12 0.000848278
0.366667 0.16 0.000695011
0.366667 0.2 0.000581841
0.366667 0.24 0.000495677
0.366667 0.28 0.00042831
0.366667 0.32 0.000374532
0.366667 0.36 0.000330832
0.366667 0.4 0.000294732
0.366667 0.44 0.000264549
0.366667 0.48 0.000239021
0.366667 0.52 0.000217197
0.366667 0.56 0.000198386
0.366667 0.6 0.000182044
0.366667 0.64 0.00016773
0.366667 0.68 0.000155129
0.366667 0.72 0.000143975
0.366667 0.76 0.000134022
0.366667 0.8 0.000125137
0.366667 0.84 0.000117147
0.366667 0.88 0.000109936
0.366667 0.92 0.000103397
0.366667 0.96 9.74636e-05
0.366667 1 0
0.366667 1.04 0
0.366667 1.08 0
0.366667 1.12 0
0.366667 1.16 0
0.366667 1.2 0
0.366667 1.24 0
0.366667 1.28 0
0.366667 1.32 0
0.366667 1.36 0
0.366667 1.4 0
0.366667 1.44 0
0.366667 1.48 0
0.366667 1.52 0
0.366667 1.56 0
0.366667 1.6 0
0.366667 1.64 0
0.366667 1.68 0
0.366667 1.72 0
0.366667 1.76 0
0.366667 1.8 0
0.366667 1.84 0
0.366667 1.88 0
0.366667 1.92 0
0.366667 1.96 0
0.366667 2 0
0.366667 2.04 0
0.366667 2.08 0
0.366667 2.12 0
0.366667 2.16 0
0.366667 2.2 0
0.366667 2.24 0
0.366667 2.28 0
0.366667 2.32 0
0.366667 2.36 0
0.366667 2.4 0
0.366667 2.44 0
0.366667 2.48 0
0.366667 2.52 0
0.366667 2.56 0
0.366667 2.6 0
0.366667 2.64 0
0.366667 2.68 0
0.366667 2.72 0
0.366667 2.76 0
0.366667 2.8 0
0.366667 2.84 0
0.366667 2.88 0
0.366667 2.92 0
0.366667 2.96 0
0.366667 3 0
0.366667 3.04 0
0.366667 3.08 0
0.366667 3.12 0
0.366667 3.16 0
0.366667 3.2 0
0.366667 3.24 0
0.366667 3.28 0
0.366667 3.32 0
0.366667 3.36 0
0.366667 3.4 0
0.366667 3.44 0
0.366667 3.48 0
0.366667 3.52 0
0.366667 3.56 0
0.366667 3.6 0
0.366667 3.64 0
0.366667 3.68 0
0.366667 3.72 0
0.366667 3.76 0
0.366667 3.8 0
0.366667 3.84 0
0.366667 3.88 0
0.366667 3.92 0
0.366667 3.96 0
0.366667 4 0
0.383333 -4 5.4922e-05
0.383333 -3.96 5.62809e-05
0.383333 -3.92 6.76584e-05
0.383333 -3.88 8.61149e-05
0.383333 -3.84 8.72713e-05
0.383333 -3.8 0.000134055
0.383333 -3.76 7.12675e-05
0.383333 -3.72 7.62159e-05
0.383333 -3.68 0.000125777
0.383333 -3.64 0.000126282
0.383333 -3.6 0.000107934
0.383333 -3.56 9.71723e-05
0.383333 -3.52 7.74416e-05
0.383333 -3.48 8.47145e-05
0.383333 -3.44 0.000125035
0.383333 -3.4 8.92476e-05
0.383333 -3.36 0.000115356
0.383333 -3.32 0.000126439
0.383333 -3.28 0.000110805
0.383333 -3.24 0.000137208
0.383333 -3.2 0.000148962
0.383333 -3.16 0.000155337
0.383333 -3.12 0.000120359
0.383333 -3.08 0.000187795
0.383333 -3.04 0.000186805
0.383333 -3 0.000124429
0.383333 -2.96 0.000169998
0.383333 -2.92 0.000168063
0.383333 -2.88 0.000170222
0.383333 -2.84 0.000183346
0.383333 -2.8 0.000148472
0.383333 -2.76 0.000222378
0.383333 -2.72 0.000216571
0.383333 -2.68 0.000247269
0.383333 -2.64 0.000260982
0.383333 -2.6 0.000215505
0.383333 -2.56 0.000261768
0.383333 -2.52 0.000310067
0.383333 -2.48 0.000258519
0.383333 -2.44 0.000286282
0.383333 -2.4 0.000287524
0.383333 -2.36 0.000332107
0.383333 -2.32 0.000360938
0.383333 -2.28 0.000412585
0.383333 -2.24 0.000392895
0.383333 -2.2 0.000468897
0.383333 -2.16 0.000547992
0.383333 -2.12 0.000531497
0.383333 -2.08 0.000600855
0.383333 -2.04 0.000608839
0.383333 -2 0.000603347
0.383333 -1.96 0.000703707
0.383333 -1.92 0.000803773
0.383333 -1.88 0.000872596
0.383333 -1.84 0.000961219
0.383333 -1.8 0.00118021
0.383333 -1.76 0.00120658
0.383333 -1.72 0.00135993
0.383333 -1.68 0.00146953
0.383333 -1.64 0.00143267
0.383333 -1.6 0.00138522
0.383333 -1.56 0.00152043
0.383333 -1.52 0.00148946
0.383333 -1.48 0.00155636
0.383333 -1.44 0.00163851
0.383333 -1.4 0.00187465
0.383333 -1.36 0.00180321
0.383333 -1.32 0.00176997
0.383333 -1.28 0.00200241
0.383333 -1.24 0.00195178
0.383333 -1.2 0.00195949
0.383333 -1.16 0.00222924
0.383333 -1.12 0.00221095
0.383333 -1.08 0.00225913
0.383333 -1.04 0.00253912
0.383333 -1 0.00256427
0.383333 -0.96 0.00263565
0.383333 -0.92 0.00282766
0.383333 -0.88 0.00306667
0.383333 -0.84 0.00320855
0.383333 -0.8 0.00345648
0.383333 -0.76 0.00375131
0.383333 -0.72 0.00385616
0.383333 -0.68 0.00425707
0.383333 -0.64 0.00451358
0.383333 -0.6 0.00512244
0.383333 -0.56 0.00563004
0.383333 -0.52 0.00603695
0.383333 -0.48 0.00683275
0.383333 -0.44 0.00747907
0.383333 -0.4 0.00790262
0.383333 -0.36 0.00815715
0.383333 -0.32 0.00825033
0.383333 -0.28 0.00806445
0.383333 -0.24 0.00796754
0.383333 -0.2 0.00788983
0.383333 -0.16 0.00759507
0.383333 -0.12 0.00633683
0.383333 -0.08 0.00440013
0.383333 -0.04 0.00289815
0.383333 0 0.00199328
0.383333 0.04 0.00145114
0.383333 0.08 0.00110811
0.383333 0.12 0.000878082
0.383333 0.16 0.000716028
0.383333 0.2 0.000597164
0.383333 0.24 0.000507149
0.383333 0.28 0.000437088
0.383333 0.32 0.000381375
0.383333 0.36 0.000336243
0.383333 0.4 0.000299066
0.383333 0.44 0.000268063
0.383333 0.48 0.000241893
0.383333 0.52 0.000219562
0.383333 0.56 0.000200348
0.383333 0.6 0.000183681
0.383333 0.64 0.000169102
0.383333 0.68 0.000156282
0.383333 0.72 0.000144948
0.383333 0.76 0.000134844
0.383333 0.8 0.000125834
0.383333 0.84 0.000117738
0.383333 0.88 0.000110437
0.383333 0.92 0.000103822
0.383333 0.96 9.78242e-05
0.383333 1 0
0.383333 1.04 0
0.383333 1.08 0
0.383333 1.12 0
0.383333 1.16 0
0.383333 1.2 0
0.383333 1.24 0
0.383333 1.28 0
0.383333 1.32 0
0.383333 1.36 0
0.383333 1.4 0
0.383333 1.44 0
0.383333 1.48 0
0.383333 1.52 0
0.383333 1.56 0
0.383333 1.6 0
0.383333 1.64 0
0.383333 1.68 0
0.383333 1.72 0
0.383333 1.76 0
0.383333 1.8 0
0.383333 1.84 0
0.383333 1.88 0
0.383333 1.92 0
0.383333 1.96 0
0.383333 2 0
0.383333 2.04 0
0.383333 2.08 0
0.383333 2.12 0
0.383333 2.16 0
0.383333 2.2 0
0.383333 2.24 0
0.383333 2.28 0
0.383333 2.32 0
0.383333 2.36 0
0.383333 2.4 0
0.383333 2.44 0
0.383333 2.48 0
0.383333 2.52 0
0.383333 2.56 0
0.383333 2.6 0
0.383333 2.64 0
0.383333 2.68 0
0.383333 2.72 0
0.383333 2.76 0
0.383333 2.8 0
0.383333 2.84 0
0.383333 2.88 0
0.383333 2.92 0
0.383333 2.96 0
0.383333 3 0
0.383333 3.04 0
0.383333 3.08 0
0.383333 3.12 0
0.383333 3.16 0
0.383333 3.2 0
0.383333 3.24 0
0.383333 3.28 0
0.383333 3.32 0
0.383333 3.36 0
0.383333 3.4 0
0.383333 3.44 0
0.383333 3.48 0
0.383333 3.52 0
0.383333 3.56 0
0.383333 3.6 0
0.383333 3.64 0
0.383333 3.68 0
0.383333 3.72 0
0.383333 3.76 0
0.383333 3.8 0
0.383333 3.84 0
0.383333 3.88 0
0.383333 3.92 0
0.383333 3.96 0
0.383333 4 0
0.4 -4 3.42662e-05
0.4 -3.96 5.29635e-05
0.4 -3.92 7.98985e-05
0.4 -3.88 7.43177e-05
0.4 -3.84 8.64862e-05
0.4 -3.8 0.000112198
0.4 -3.76 7.9859e-05
0.4 -3.72 8.83403e-05
0.4 -3.68 0.000122988
0.4 -3.64 0.00010369
0.4 -3.6 0.000106145
0.4 -3.56 8.869e-05
0.4 -3.52 9.27179e-05
0.4 -3.48 7.9253e-05
0.4 -3.44 0.0001333
0.4 -3.4 8.85022e-05
0.4 -3.36 0.000125966
0.4 -3.32 0.000121047
0.4 -3.28 9.46959e-05
0.4 -3.24 0.000123477
0.4 -3.2 0.000136651
0.4 -3.16 0.000144468
0.4 -3.12 0.000121108
0.4 -3.08 0.000181165
0.4 -3.04 0.000187122
0.4 -3 0.000161109
0.4 -2.96 0.000161037
0.4 -2.92 0.000177908
0.4 -2.88 0.000166371
0.4 -2.84 0.00018765
0.4 -2.8 0.00017343
0.4 -2.76 0.000198531
0.4 -2.72 0.000226862
0.4 -2.68 0.000247624
0.4 -2.64 0.000255658
0.4 -2.6 0.000183917
0.4 -2.56 0.000253612
0.4 -2.52 0.000314551
0.4 -2.48 0.00025656
0.4 -2.44 0.000292781
0.4 -2.4 0.000320858
0.4 -2.36 0.000345207
0.4 -2.32 0.000348743
0.4 -2.28 0.000424906
0.4 -2.24 0.00037432
0.4 -2.2 0.000471813
0.4 -2.16 0.000535155
0.4 -2.12 0.000551997
0.4 -2.08 0.000579594
0.4 -2.04 0.000568844
0.4 -2 0.000623048
0.4 -1.96 0.000739871
0.4 -1.92 0.000799872
0.4 -1.88 0.00086683
0.4 -1.84 0.000968308
0.4 -1.8 0.00119315
0.4 -1.76 0.00124224
0.4 -1.72 0.0013895
0.4 -1.68 0.00135268
0.4 -1.64 0.00139182
0.4 -1.6 0.00137243
0.4 -1.56 0.00150404
0.4 -1.52 0.00152096
0.4 -1.48 0.00154523
0.4 -1.44 0.00158526
0.4 -1.4 0.00188895
0.4 -1.36 0.00175747
0.4 -1.32 0.00167863
0.4 -1.28 0.00193796
0.4 -1.24 0.0019006
0.4 -1.2 0.00191045
0.4 -1.16 0.00222959
0.4 -1.12 0.00224026
0.4 -1.08 0.00224273
0.4 -1.04 0.00248092
0.4 -1 0.00244167
0.4 -0.96 0.00255289
0.4 -0.92 0.00271948
0.4 -0.88 0.00294868
0.4 -0.84 0.00315705
0.4 -0.8 0.00328651
0.4 -0.76 0.00380517
0.4 -0.72 0.00373722
0.4 -0.68 0.00415768
0.4 -0.64 0.00436118
0.4 -0.6 0.00498702
0.4 -0.56 0.00545143
0.4 -0.52 0.00581956
0.4 -0.48 0.00666255
0.4 -0.44 0.00728368
0.4 -0.4 0.00776264
0.4 -0.36 0.00803468
0.4 -0.32 0.00826405
0.4 -0.28 0.00811879
0.4 -0.24 0.00799212
0.4 -0.2 0.00788404
0.4 -0.16 0.00768661
0.4 -0.12 0.00662529
0.4 -0.08 0.0047124
0.4 -0.04 0.00309865
0.4 0 0.00211002
0.4 0.04 0.00152158
0.4 0.08 0.00115309
0.4 0.12 0.000908329
0.4 0.16 0.000737245
0.4 0.2 0.000612569
0.4 0.24 0.000518642
0.4 0.28 0.000445859
0.4 0.32 0.000388198
0.4 0.36 0.000341625
0.4 0.4 0.000303371
0.4 0.44 0.000271547
0.4 0.48 0.000244735
0.4 0.52 0.0002219
0.4 0.56 0.000202285
0.4 0.6 0.000185296
0.4 0.64 0.000170454
0.4 0.68 0.000157417
0.4 0.72 0.000145903
0.4 0.76 0.000135651
0.4 0.8 0.000126518
0.4 0.84 0.000118315
0.4 0.88 0.000110925
0.4 0.92 0.000104237
0.4 0.96 9.81742e-05
0.4 1 0
0.4 1.04 0
0.4 1.08 0
0.4 1.12 0
0.4 1.16 0
0.4 1.2 0
0.4 1.24 0
0.4 1.28 0
0.4 1.32 0
0.4 1.36 0
0.4 1.4 0
0.4 1.44 0
0.4 1.48 0
0.4 1.52 0
0.4 1.56 0
0.4 1.6 0
0.4 1.64 0
0.4 1.68 0
0.4 1.72 0
0.4 1.76 0
0.4 1.8 0
0.4 1.84 0
0.4 1.88 0
0.4 1.92 0
0.4 1.96 0
0.4 2 0
0.4 2.04 0
0.4 2.08 0
0.4 2.12 0
0.4 2.16 0
0.4 2.2 0
0.4 2.24 0
0.4 2.28 0
0.4 2.32 0
0.4 2.36 0
0.4 2.4 0
0.4 2.44 0
0.4 2.48 0
0.4 2.52 0
0.4 2.56 0
0.4 2.6 0
0.4 2.64 0
0.4 2.68 0
0.4 2.72 0
0.4 2.76 0
0.4 2.8 0
0.4 2.84 0
0.4 2.88 0
0.4 2.92 0
0.4 2.96 0
0.4 3 0
0.4 3.04 0
0.4 3.08 0
0.4 3.12 0
0.4 3.16 0
0.4 3.2 0
0.4 3.24 0
0.4 3.28 0
0.4 3.32 0
0.4 3.36 0
0.4 3.4 0
0.4 3.44 0
0.4 3.48 0
0.4 3.52 0
0.4 3.56 0
0.4 3.6 0
0.4 3.64 0
0.4 3.68 0
0.4 3.72 0
0.4 3.76 0
0.4 3.8 0
0.4 3.84 0
0.4 3.88 0
0.4 3.92 0
0.4 3.96 0
0.4 4 0
0.416667 -4 3.96174e-05
0.416667 -3.96 5.7277e-05
0.416667 -3.92 8.27527e-05
0.416667 -3.88 6.41962e-05
0.416667 -3.84 9.38674e-05
0.416667 -3.8 8.94474e-05
0.416667 -3.76 7.80054e-05
0.416667 -3.72 9.07294e-05
0.416667 -3.68 9.25454e-05
0.416667 -3.64 9.51418e-05
0.416667 -3.6 9.60234e-05
0.416667 -3.56 9.03851e-05
0.416667 -3.52 0.000116086
0.416667 -3.48 8.73349e-05
0.416667 -3.44 0.000141944
0.416667 -3.4 9.70921e-05
0.416667 -3.36 0.00012178
0.416667 -3.32 0.000117922
0.416667 -3.28 0.00010475
0.416667 -3.24 0.000101538
0.416667 -3.2 0.000118456
0.416667 -3.16 0.000139854
0.416667 -3.12 0.000142346
0.416667 -3.08 0.000179619
0.416667 -3.04 0.000173849
0.416667 -3 0.000187
0.416667 -2.96 0.000140237
0.416667 -2.92 0.000196652
0.416667 -2.88 0.00015544
0.416667 -2.84 0.000194646
0.416667 -2.8 0.000195651
0.416667 -2.76 0.000152087
0.416667 -2.72 0.000234783
0.416667 -2.68 0.000249648
0.416667 -2.64 0.000220719
0.416667 -2.6 0.000157926
0.416667 -2.56 0.000237092
0.416667 -2.52 0.000307807
0.416667 -2.48 0.000256809
0.416667 -2.44 0.000283044
0.416667 -2.4 0.000339883
0.416667 -2.36 0.000360433
0.416667 -2.32 0.000341351
0.416667 -2.28 0.000407685
0.416667 -2.24 0.000383579
0.416667 -2.2 0.000463181
0.416667 -2.16 0.000499732
0.416667 -2.12 0.000515685
0.416667 -2.08 0.00054271
0.416667 -2.04 0.00058221
0.416667 -2 0.000634744
0.416667 -1.96 0.000728884
0.416667 -1.92 0.00077057
0.416667 -1.88 0.000838568
0.416667 -1.84 0.000994991
0.416667 -1.8 0.00118851
0.416667 -1.76 0.00125011
0.416667 -1.72 0.0013772
0.416667 -1.68 0.0013262
0.416667 -1.64 0.00136691
0.416667 -1.6 0.00133956
0.416667 -1.56 0.00145959
0.416667 -1.52 0.00148652
0.416667 -1.48 0.00145754
0.416667 -1.44 0.00154348
0.416667 -1.4 0.00179692
0.416667 -1.36 0.0016937
0.416667 -1.32 0.00157789
0.416667 -1.28 0.00186142
0.416667 -1.24 0.00187136
0.416667 -1.2 0.00188719
0.416667 -1.16 0.00212256
0.416667 -1.12 0.00222989
0.416667 -1.08 0.00221295
0.416667 -1.04 0.00242795
0.416667 -1 0.00236799
0.416667 -0.96 0.00248746
0.416667 -0.92 0.00272009
0.416667 -0.88 0.00284745
0.416667 -0.84 0.00312286
0.416667 -0.8 0.00308696
0.416667 -0.76 0.00367359
0.416667 -0.72 0.00370371
0.416667 -0.68 0.00398276
0.416667 -0.64 0.00428091
0.416667 -0.6 0.0047709
0.416667 -0.56 0.00511479
0.416667 -0.52 0.00559314
0.416667 -0.48 0.0064407
0.416667 -0.44 0.00696477
0.416667 -0.4 0.00765285
0.416667 -0.36 0.00796206
0.416667 -0.32 0.00826454
0.416667 -0.28 0.00815193
0.416667 -0.24 0.00802617
0.416667 -0.2 0.00788946
0.416667 -0.16 0.00775332
0.416667 -0.12 0.0068637
0.416667 -0.08 0.00501702
0.416667 -0.04 0.00330489
0.416667 0 0.00223047
0.416667 0.04 0.00159372
0.416667 0.08 0.00119879
0.416667 0.12 0.000938851
0.416667 0.16 0.000758542
0.416667 0.2 0.000627969
0.416667 0.24 0.000530094
0.416667 0.28 0.000454575
0.416667 0.32 0.000394962
0.416667 0.36 0.000346951
0.416667 0.4 0.000307624
0.416667 0.44 0.000274982
0.416667 0.48 0.000247534
0.416667 0.52 0.000224199
0.416667 0.56 0.000204186
0.416667 0.6 0.000186879
0.416667 0.64 0.000171777
0.416667 0.68 0.000158527
0.416667 0.72 0.000146835
0.416667 0.76 0.000136438
0.416667 0.8 0.000127183
0.416667 0.84 0.000118877
0.416667 0.88 0.000111399
0.416667 0.92 0.000104637
0.416667 0.96 9.85117e-05
0.416667 1 0
0.416667 1.04 0
0.416667 1.08 0
0.416667 1.12 0
0.416667 1.16 0
0.416667 1.2 0
0.416667 1.24 0
0.416667 1.28 0
0.416667 1.32 0
0.416667 1.36 0
0.416667 1.4 0
0.416667 1.44 0
0.416667 1.48 0
0.416667 1.52 0
0.416667 1.56 0
0.416667 1.6 0
0.416667 1.64 0
0.416667 1.68 0
0.416667 1.72 0
0.416667 1.76 0
0.416667 1.8 0
0.416667 1.84 0
0.416667 1.88 0
0.416667 1.92 0
0.416667 1.96 0
0.416667 2 0
0.416667 2.04 0
0.416667 2.08 0
0.416667 2.12 0
0.416667 2.16 0
0.416667 2.2 0
0.416667 2.24 0
0.416667 2.28 0
0.416667 2.32 0
0.416667 2.36 0
0.416667 2.4 0
0.416667 2.44 0
0.416667 2.48 0
0.416667 2.52 0
0.416667 2.56 0
0.416667 2.6 0
0.416667 2.64 0
0.416667 2.68 0
0.416667 2.72 0
0.416667 2.76 0
0.416667 2.8 0
0.416667 2.84 0
0.416667 2.88 0
0.416667 2.92 0
0.416667 2.96 0
0.416667 3 0
0.416667 3.04 0
0.416667 3.08 0
0.416667 3.12 0
0.416667 3.16 0
0.416667 3.2 0
0.416667 3.24 0
0.416667 3.28 0
0.416667 3.32 0
0.416667 3.36 0
0.416667 3.4 0
0.416667 3.44 0
0.416667 3.48 0
0.416667 3.52 0
0.416667 3.56 0
0.416667 3.6 0
0.416667 3.64 0
0.416667 3.68 0
0.416667 3.72 0
0.416667 3.76 0
0.416667 3.8 0
0.416667 3.84 0
0.416667 3.88 0
0.416667 3.92 0
0.416667 3.96 0
0.416667 4 0
0.433333 -4 5.93746e-05
0.433333 -3.96 5.78152e-05
0.433333 -3.92 6.00276e-05
0.433333 -3.88 7.00139e-05
0.433333 -3.84 0.000101896
0.433333 -3.8 9.03544e-05
0.433333 -3.76 6.62264e-05
0.433333 -3.72 8.14253e-05
0.433333 -3.68 5.75281e-05
0.433333 -3.64 0.00010528
0.433333 -3.6 8.81511e-05
0.433333 -3.56 9.28828e-05
0.433333 -3.52 0.000119189
0.433333 -3.48 0.00010544
0.433333 -3.44 0.000140286
0.433333 -3.4 0.000103522
0.433333 -3.36 0.000103532
0.433333 -3.32 0.000115805
0.433333 -3.28 0.000133641
0.433333 -3.24 9.28284e-05
0.433333 -3.2 0.000106943
0.433333 -3.16 0.000147197
0.433333 -3.12 0.000162635
0.433333 -3.08 0.000187468
0.433333 -3.04 0.000157494
0.433333 -3 0.000174341
0.433333 -2.96 0.000135127
0.433333 -2.92 0.00018899
0.433333 -2.88 0.00015375
0.433333 -2.84 0.000200632
0.433333 -2.8 0.000187094
0.433333 -2.76 0.000137396
0.433333 -2.72 0.000230965
0.433333 -2.68 0.000237846
0.433333 -2.64 0.000189882
0.433333 -2.6 0.000184368
0.433333 -2.56 0.000230443
0.433333 -2.52 0.00030052
0.433333 -2.48 0.000259985
0.433333 -2.44 0.000275556
0.433333 -2.4 0.000329061
0.433333 -2.36 0.000362763
0.433333 -2.32 0.000353022
0.433333 -2.28 0.000375584
0.433333 -2.24 0.000395499
0.433333 -2.2 0.000460299
0.433333 -2.16 0.000467559
0.433333 -2.12 0.000457583
0.433333 -2.08 0.000527002
0.433333 -2.04 0.000644254
0.433333 -2 0.00063579
0.433333 -1.96 0.000674441
0.433333 -1.92 0.000772938
0.433333 -1.88 0.000811513
0.433333 -1.84 0.00101705
0.433333 -1.8 0.00118665
0.433333 -1.76 0.00121404
0.433333 -1.72 0.00133208
0.433333 -1.68 0.00140738
0.433333 -1.64 0.00138774
0.433333 -1.6 0.00131748
0.433333 -1.56 0.00143784
0.433333 -1.52 0.0013855
0.433333 -1.48 0.00136249
0.433333 -1.44 0.00150953
0.433333 -1.4 0.001704
0.433333 -1.36 0.00164209
0.433333 -1.32 0.00155438
0.433333 -1.28 0.00181869
0.433333 -1.24 0.00185235
0.433333 -1.2 0.0018473
0.433333 -1.16 0.00199105
0.433333 -1.12 0.00213697
0.433333 -1.08 0.0021392
0.433333 -1.04 0.00236985
0.433333 -1 0.00233901
0.433333 -0.96 0.00246417
0.433333 -0.92 0.00275766
0.433333 -0.88 0.00278121
0.433333 -0.84 0.00307499
0.433333 -0.8 0.00295869
0.433333 -0.76 0.00334093
0.433333 -0.72 0.00366383
0.433333 -0.68 0.00380441
0.433333 -0.64 0.00423217
0.433333 -0.6 0.00451541
0.433333 -0.56 0.0048614
0.433333 -0.52 0.00542203
0.433333 -0.48 0.00619528
0.433333 -0.44 0.00661357
0.433333 -0.4 0.00746284
0.433333 -0.36 0.00793961
0.433333 -0.32 0.0082969
0.433333 -0.28 0.00821314
0.433333 -0.24 0.00806306
0.433333 -0.2 0.00791481
0.433333 -0.16 0.00780753
0.433333 -0.12 0.00705372
0.433333 -0.08 0.00530669
0.433333 -0.04 0.00351455
0.433333 0 0.00235386
0.433333 0.04 0.00166714
0.433333 0.08 0.00124494
0.433333 0.12 0.000969475
0.433333 0.16 0.000779802
0.433333 0.2 0.000643281
0.433333 0.24 0.000541442
0.433333 0.28 0.000463191
0.433333 0.32 0.000401634
0.433333 0.36 0.000352193
0.433333 0.4 0.000311803
0.433333 0.44 0.000278353
0.433333 0.48 0.000250276
0.433333 0.52 0.000226448
0.433333 0.56 0.000206045
0.433333 0.6 0.000188422
0.433333 0.64 0.000173067
0.433333 0.68 0.000159606
0.433333 0.72 0.000147741
0.433333 0.76 0.000137201
0.433333 0.8 0.000127828
0.433333 0.84 0.000119419
0.433333 0.88 0.000111855
0.433333 0.92 0.000105023
0.433333 0.96 9.8835e-05
0.433333 1 0
0.433333 1.04 0
0.433333 1.08 0
0.433333 1.12 0
0.433333 1.16 0
0.433333 1.2 0
0.433333 1.24 0
0.433333 1.28 0
0.433333 1.32 0
0.433333 1.36 0
0.433333 1.4 0
0.433333 1.44 0
0.433333 1.48 0
0.433333 1.52 0
0.433333 1.56 0
0.433333 1.6 0
0.433333 1.64 0
0.433333 1.68 0
0.433333 1.72 0
0.433333 1.76 0
0.433333 1.8 0
0.433333 1.84 0
0.433333 1.88 0
0.433333 1.92 0
0.433333 1.96 0
0.433333 2 0
0.433333 2.04 0
0.433333 2.08 0
0.433333 2.12 0
0.433333 2.16 0
0.433333 2.2 0
0.433333 2.24 0
0.433333 2.28 0
0.433333 2.32 0
0.433333 2.36 0
0.433333 2.4 0
0.433333 2.44 0
0.433333 2.48 0
0.433333 2.52 0
0.433333 2.56 0
0.433333 2.6 0
0.433333 2.64 0
0.433333 2.68 0
0.433333 2.72 0
0.433333 2.76 0
0.433333 2.8 0
0.433333 2.84 0
0.433333 2.88 0
0.433333 2.92 0
0.433333 2.96 0
0.433333 3 0
0.433333 3.04 0
0.433333 3.08 0
0.433333 3.12 0
0.433333 3.16 0
0.433333 3.2 0
0.433333 3.24 0
0.433333 3.28 0
0.433333 3.32 0
0.433333 3.36 0
0.433333 3.4 0
0.433333 3.44 0
0.433333 3.48 0
0.433333 3.52 0
0.433333 3.56 0
0.433333 3.6 0
0.433333 3.64 0
0.433333 3.68 0
0.433333 3.72 0
0.433333 3.76 0
0.433333 3.8 0
0.433333 3.84 0
0.433333 3.88 0
0.433333 3.92 0
0.433333 3.96 0
0.433333 4 0
0.45 -4 6.76212e-05
0.45 -3.96 5.12463e-05
0.45 -3.92 3.49956e-05
0.45 -3.88 8.27848e-05
0.45 -3.84 0.000101523
0.45 -3.8 0.000105507
0.45 -3.76 5.69729e-05
0.45 -3.72 6.94152e-05
0.45 -3.68 4.71281e-05
0.45 -3.64 0.000113973
0.45 -3.6 9.17245e-05
0.45 -3.56 8.68225e-05
0.45 -3.52 9.66403e-05
0.45 -3.48 0.000113448
0.45 -3.44 0.000123337
0.45 -3.4 0.000108789
0.45 -3.36 9.30063e-05
0.45 -3.32 0.000112586
0.45 -3.28 0.0001565
0.45 -3.24 0.000118122
0.45 -3.2 0.000110018
0.45 -3.16 0.000158101
0.45 -3.12 0.000155164
0.45 -3.08 0.000192274
0.45 -3.04 0.000153482
0.45 -3 0.000140037
0.45 -2.96 0.000151438
0.45 -2.92 0.00015784
0.45 -2.88 0.000168103
0.45 -2.84 0.000191935
0.45 -2.8 0.000156708
0.45 -2.76 0.000168041
0.45 -2.72 0.0002199
0.45 -2.68 0.000213465
0.45 -2.64 0.000191303
0.45 -2.6 0.000229245
0.45 -2.56 0.000244945
0.45 -2.52 0.000294805
0.45 -2.48 0.000258735
0.45 -2.44 0.000280321
0.45 -2.4 0.000300018
0.45 -2.36 0.00035648
0.45 -2.32 0.000378601
0.45 -2.28 0.000369798
0.45 -2.24 0.000378928
0.45 -2.2 0.000462295
0.45 -2.16 0.000460388
0.45 -2.12 0.000444731
0.45 -2.08 0.000544673
0.45 -2.04 0.00066579
0.45 -2 0.000635394
0.45 -1.96 0.000640568
0.45 -1.92 0.000810319
0.45 -1.88 0.000811943
0.45 -1.84 0.00100444
0.45 -1.8 0.00119797
0.45 -1.76 0.00118075
0.45 -1.72 0.00127906
0.45 -1.68 0.00144367
0.45 -1.64 0.00140989
0.45 -1.6 0.0013403
0.45 -1.56 0.00143826
0.45 -1.52 0.00131024
0.45 -1.48 0.00134761
0.45 -1.44 0.00147956
0.45 -1.4 0.00168944
0.45 -1.36 0.00161863
0.45 -1.32 0.00160386
0.45 -1.28 0.00178123
0.45 -1.24 0.00183177
0.45 -1.2 0.00177628
0.45 -1.16 0.00195617
0.45 -1.12 0.00205477
0.45 -1.08 0.00203431
0.45 -1.04 0.00229444
0.45 -1 0.00228844
0.45 -0.96 0.00245473
0.45 -0.92 0.00273159
0.45 -0.88 0.00273313
0.45 -0.84 0.00301065
0.45 -0.8 0.00292563
0.45 -0.76 0.00306311
0.45 -0.72 0.00352069
0.45 -0.68 0.00370997
0.45 -0.64 0.00414737
0.45 -0.6 0.00429621
0.45 -0.56 0.00481663
0.45 -0.52 0.00528733
0.45 -0.48 0.00596117
0.45 -0.44 0.00639555
0.45 -0.4 0.00719693
0.45 -0.36 0.00790101
0.45 -0.32 0.00831098
0.45 -0.28 0.00832262
0.45 -0.24 0.00812202
0.45 -0.2 0.00797651
0.45 -0.16 0.0078564
0.45 -0.12 0.00720133
0.45 -0.08 0.00557488
0.45 -0.04 0.00372496
0.45 0 0.00247928
0.45 0.04 0.00174139
0.45 0.08 0.00129127
0.45 0.12 0.00100003
0.45 0.16 0.000800906
0.45 0.2 0.000658421
0.45 0.24 0.000552629
0.45 0.28 0.000471663
0.45 0.32 0.00040818
0.45 0.36 0.000357328
0.45 0.4 0.00031589
0.45 0.44 0.000281644
0.45 0.48 0.000252949
0.45 0.52 0.000228638
0.45 0.56 0.000207851
0.45 0.6 0.000189921
0.45 0.64 0.000174317
0.45 0.68 0.000160651
0.45 0.72 0.000148616
0.45 0.76 0.000137938
0.45 0.8 0.000128448
0.45 0.84 0.00011994
0.45 0.88 0.000112293
0.45 0.92 0.000105391
0.45 0.96 9.91426e-05
0.45 1 0
0.45 1.04 0
0.45 1.08 0
0.45 1.12 0
0.45 1.16 0
0.45 1.2 0
0.45 1.24 0
0.45 1.28 0
0.45 1.32 0
0.45 1.36 0
0.45 1.4 0
0.45 1.44 0
0.45 1.48 0
0.45 1.52 0
0.45 1.56 0
0.45 1.6 0
0.45 1.64 0
0.45 1.68 0
0.45 1.72 0
0.45 1.76 0
0.45 1.8 0
0.45 1.84 0
0.45 1.88 0
0.45 1.92 0
0.45 1.96 0
0.45 2 0
0.45 2.04 0
0.45 2.08 0
0.45 2.12 0
0.45 2.16 0
0.45 2.2 0
0.45 2.24 0
0.45 2.28 0
0.45 2.32 0
0.45 2.36 0
0.45 2.4 0
0.45 2.44 0
0.45 2.48 0
0.45 2.52 0
0.45 2.56 0
0.45 2.6 0
0.45 2.64 0
0.45 2.68 0
0.45 2.72 0
0.45 2.76 0
0.45 2.8 0
0.45 2.84 0
0.45 2.88 0
0.45 2.92 0
0.45 2.96 0
0.45 3 0
0.45 3.04 0
0.45 3.08 0
0.45 3.12 0
0.45 3.16 0
0.45 3.2 0
0.45 3.24 0
0.45 3.28 0
0.45 3.32 0
0.45 3.36 0
0.45 3.4 0
0.45 3.44 0
0.45 3.48 0
0.45 3.52 0
0.45 3.56 0
0.45 3.6 0
0.45 3.64 0
0.45 3.68 0
0.45 3.72 0
0.45 3.76 0
0.45 3.8 0
0.45 3.84 0
0.45 3.88 0
0.45 3.92 0
0.45 3.96 0
0.45 4 0
0.466667 -4 5.90043e-05
0.466667 -3.96 4.85689e-05
0.466667 -3.92 4.04377e-05
0.466667 -3.88 8.61854e-05
0.466667 -3.84 9.00122e-05
0.466667 -3.8 0.00010593
0.466667 -3.76 6.13918e-05
0.466667 -3.72 6.34216e-05
0.466667 -3.68 6.46033e-05
0.466667 -3.64 9.93579e-05
0.466667 -3.6 0.000100278
0.466667 -3.56 7.89288e-05
0.466667 -3.52 7.05603e-05
0.466667 -3.48 9.76576e-05
0.466667 -3.44 0.000107966
0.466667 -3.4 0.000116358
0.466667 -3.36 0.00010173
0.466667 -3.32 0.000111882
0.466667 -3.28 0.000161226
0.466667 -3.24 0.00016053
0.466667 -3.2 0.000125381
0.466667 -3.16 0.000158015
0.466667 -3.12 0.000121251
0.466667 -3.08 0.000183786
0.466667 -3.04 0.000161414
0.466667 -3 0.000120985
0.466667 -2.96 0.000165226
0.466667 -2.92 0.000144985
0.466667 -2.88 0.000177947
0.466667 -2.84 0.000173655
0.466667 -2.8 0.000143739
0.466667 -2.76 0.000201007
0.466667 -2.72 0.000206432
0.466667 -2.68 0.00020549
0.466667 -2.64 0.000210045
0.466667 -2.6 0.000232201
0.466667 -2.56 0.000272218
0.466667 -2.52 0.000287916
0.466667 -2.48 0.000246125
0.466667 -2.44 0.000284829
0.466667 -2.4 0.000276178
0.466667 -2.36 0.000350577
0.466667 -2.32 0.000393179
0.466667 -2.28 0.000391069
0.466667 -2.24 0.000337909
0.466667 -2.2 0.000459481
0.466667 -2.16 0.000469506
0.466667 -2.12 0.000481198
0.466667 -2.08 0.000563048
0.466667 -2.04 0.000617261
0.466667 -2 0.00064419
0.466667 -1.96 0.000645061
0.466667 -1.92 0.00081888
0.466667 -1.88 0.000841442
0.466667 -1.84 0.000969286
0.466667 -1.8 0.00120524
0.466667 -1.76 0.00117738
0.466667 -1.72 0.00123797
0.466667 -1.68 0.00136046
0.466667 -1.64 0.00138954
0.466667 -1.6 0.00138228
0.466667 -1.56 0.00140409
0.466667 -1.52 0.0013169
0.466667 -1.48 0.00139622
0.466667 -1.44 0.00145868
0.466667 -1.4 0.00170129
0.466667 -1.36 0.00160674
0.466667 -1.32 0.00162835
0.466667 -1.28 0.00170718
0.466667 -1.24 0.00180471
0.466667 -1.2 0.00172848
0.466667 -1.16 0.00200708
0.466667 -1.12 0.00204043
0.466667 -1.08 0.00194274
0.466667 -1.04 0.00221588
0.466667 -1 0.00221521
0.466667 -0.96 0.00240579
0.466667 -0.92 0.00264112
0.466667 -0.88 0.00267771
0.466667 -0.84 0.00293115
0.466667 -0.8 0.00292018
0.466667 -0.76 0.00303508
0.466667 -0.72 0.00333459
0.466667 -0.68 0.00367416
0.466667 -0.64 0.00398512
0.466667 -0.6 0.00413539
0.466667 -0.56 0.00480528
0.466667 -0.52 0.00512651
0.466667 -0.48 0.00574112
0.466667 -0.44 0.00631121
0.466667 -0.4 0.00695973
0.466667 -0.36 0.00777548
0.466667 -0.32 0.008234
0.466667 -0.28 0.00843303
0.466667 -0.24 0.00822746
0.466667 -0.2 0.00808049
0.466667 -0.16 0.0079042
0.466667 -0.12 0.00731499
0.466667 -0.08 0.00581659
0.466667 -0.04 0.00393324
0.466667 0 0.00260571
0.466667 0.04 0.00181598
0.466667 0.08 0.00133751
0.466667 0.12 0.00103033
0.466667 0.16 0.00082174
0.466667 0.2 0.000673311
0.466667 0.24 0.000563599
0.466667 0.28 0.000479952
0.466667 0.32 0.000414569
0.466667 0.36 0.000362332
0.466667 0.4 0.000319867
0.466667 0.44 0.00028484
0.466667 0.48 0.000255542
0.466667 0.52 0.000230759
0.466667 0.56 0.000209598
0.466667 0.6 0.000191367
0.466667 0.64 0.000175523
0.466667 0.68 0.000161657
0.466667 0.72 0.000149457
0.466667 0.76 0.000138646
0.466667 0.8 0.000129042
0.466667 0.84 0.000120437
0.466667 0.88 0.000112709
0.466667 0.92 0.00010574
0.466667 0.96 9.94333e-05
0.466667 1 0
0.466667 1.04 0
0.466667 1.08 0
0.466667 1.12 0
0.466667 1.16 0
0.466667 1.2 0
0.466667 1.24 0
0.466667 1.28 0
0.466667 1.32 0
0.466667 1.36 0
0.466667 1.4 0
0.466667 1.44 0
0.466667 1.48 0
0.466667 1.52 0
0.466667 1.56 0
0.466667 1.6 0
0.466667 1.64 0
0.466667 1.68 0
0.466667 1.72 0
0.466667 1.76 0
0.466667 1.8 0
0.466667 1.84 0
0.466667 1.88 0
0.466667 1.92 0
0.466667 1.96 0
0.466667 2 0
0.466667 2.04 0
0.466667 2.08 0
0.466667 2.12 0
0.466667 2.16 0
0.466667 2.2 0
0.466667 2.24 0
0.466667 2.28 0
0.466667 2.32 0
0.466667 2.36 0
0.466667 2.4 0
0.466667 2.44 0
0.466667 2.48 0
0.466667 2.52 0
0.466667 2.56 0
0.466667 2.6 0
0.466667 2.64 0
0.466667 2.68 0
0.466667 2.72 0
0.466667 2.76 0
0.466667 2.8 0
0.466667 2.84 0
0.466667 2.88 0
0.466667 2.92 0
0.466667 2.96 0
0.466667 3 0
0.466667 3.04 0
0.466667 3.08 0
0.466667 3.12 0
0.466667 3.16 0
0.466667 3.2 0
0.466667 3.24 0
0.466667 3.28 0
0.466667 3.32 0
0.466667 3.36 0
0.466667 3.4 0
0.466667 3.44 0
0.466667 3.48 0
0.466667 3.52 0
0.466667 3.56 0
0.466667 3.6 0
0.466667 3.64 0
0.466667 3.68 0
0.466667 3.72 0
0.466667 3.76 0
0.466667 3.8 0
0.466667 3.84 0
0.466667 3.88 0
0.466667 3.92 0
0.466667 3.96 0
0.466667 4 0
0.483333 -4 4.96169e-05
0.483333 -3.96 5.84343e-05
0.483333 -3.92 6.5084e-05
0.483333 -3.88 7.74157e-05
0.483333 -3.84 7.64908e-05
0.483333 -3.8 8.82693e-05
0.483333 -3.76 7.55687e-05
0.483333 -3.72 6.38032e-05
0.483333 -3.68 8.9351e-05
0.483333 -3.64 6.89277e-05
0.483333 -3.6 9.75794e-05
0.483333 -3.56 7.88765e-05
0.483333 -3.52 6.67578e-05
0.483333 -3.48 7.43424e-05
0.483333 -3.44 0.00011116
0.483333 -3.4 0.000118937
0.483333 -3.36 0.000117132
0.483333 -3.32 0.000120482
0.483333 -3.28 0.000150998
0.483333 -3.24 0.000172499
0.483333 -3.2 0.000140599
0.483333 -3.16 0.000145047
0.483333 -3.12 9.19811e-05
0.483333 -3.08 0.000163675
0.483333 -3.04 0.000169511
0.483333 -3 0.000127598
0.483333 -2.96 0.000163528
0.483333 -2.92 0.000168957
0.483333 -2.88 0.000163133
0.483333 -2.84 0.000168516
0.483333 -2.8 0.000163165
0.483333 -2.76 0.000197162
0.483333 -2.72 0.000194767
0.483333 -2.68 0.000231753
0.483333 -2.64 0.000214459
0.483333 -2.6 0.000200635
0.483333 -2.56 0.000288042
0.483333 -2.52 0.000281017
0.483333 -2.48 0.000232531
0.483333 -2.44 0.00027322
0.483333 -2.4 0.000269661
0.483333 -2.36 0.000343732
0.483333 -2.32 0.000377671
0.483333 -2.28 0.00039788
0.483333 -2.24 0.000306769
0.483333 -2.2 0.000453316
0.483333 -2.16 0.000472709
0.483333 -2.12 0.000508638
0.483333 -2.08 0.000557432
0.483333 -2.04 0.000585148
0.483333 -2 0.000667675
0.483333 -1.96 0.000645981
0.483333 -1.92 0.000781891
0.483333 -1.88 0.000874381
0.483333 -1.84 0.000956872
0.483333 -1.8 0.00118835
0.483333 -1.76 0.00117991
0.483333 -1.72 0.00122149
0.483333 -1.68 0.00128327
0.483333 -1.64 0.00134861
0.483333 -1.6 0.00138023
0.483333 -1.56 0.00131802
0.483333 -1.52 0.00134193
0.483333 -1.48 0.00141239
0.483333 -1.44 0.00144804
0.483333 -1.4 0.00166038
0.483333 -1.36 0.00158043
0.483333 -1.32 0.00156629
0.483333 -1.28 0.00162297
0.483333 -1.24 0.00176431
0.483333 -1.2 0.00174767
0.483333 -1.16 0.00202051
0.483333 -1.12 0.00203528
0.483333 -1.08 0.00189369
0.483333 -1.04 0.00215064
0.483333 -1 0.00218886
0.483333 -0.96 0.00230285
0.483333 -0.92 0.00256366
0.483333 -0.88 0.00260684
0.483333 -0.84 0.00283954
0.483333 -0.8 0.00286432
0.483333 -0.76 0.00314333
0.483333 -0.72 0.00325101
0.483333 -0.68 0.00360324
0.483333 -0.64 0.00377706
0.483333 -0.6 0.00398988
0.483333 -0.56 0.00461102
0.483333 -0.52 0.00494622
0.483333 -0.48 0.00552887
0.483333 -0.44 0.00617965
0.483333 -0.4 0.00678999
0.483333 -0.36 0.00757219
0.483333 -0.32 0.00810813
0.483333 -0.28 0.00849534
0.483333 -0.24 0.0083747
0.483333 -0.2 0.00821297
0.483333 -0.16 0.00795623
0.483333 -0.12 0.00740376
0.483333 -0.08 0.00602891
0.483333 -0.04 0.00413646
0.483333 0 0.0027321
0.483333 0.04 0.00189042
0.483333 0.08 0.00138337
0.483333 0.12 0.00106022
0.483333 0.16 0.000842196
0.483333 0.2 0.000687879
0.483333 0.24 0.0005743
0.483333 0.28 0.000488019
0.483333 0.32 0.000420776
0.483333 0.36 0.000367185
0.483333 0.4 0.000323719
0.483333 0.44 0.00028793
0.483333 0.48 0.000258045
0.483333 0.52 0.000232804
0.483333 0.56 0.00021128
0.483333 0.6 0.000192757
0.483333 0.64 0.00017668
0.483333 0.68 0.00016262
0.483333 0.72 0.00015026
0.483333 0.76 0.000139321
0.483333 0.8 0.000129607
0.483333 0.84 0.000120909
0.483333 0.88 0.000113104
0.483333 0.92 0.00010607
0.483333 0.96 9.97059e-05
0.483333 1 0
0.483333 1.04 0
0.483333 1.08 0
0.483333 1.12 0
0.483333 1.16 0
0.483333 1.2 0
0.483333 1.24 0
0.483333 1.28 0
0.483333 1.32 0
0.483333 1.36 0
0.483333 1.4 0
0.483333 1.44 0
0.483333 1.48 0
0.483333 1.52 0
0.483333 1.56 0
0.483333 1.6 0
0.483333 1.64 0
0.483333 1.68 0
0.483333 1.72 0
0.483333 1.76 0
0.483333 1.8 0
0.483333 1.84 0
0.483333 1.88 0
0.483333 1.92 0
0.483333 1.96 0
0.483333 2 0
0.483333 2.04 0
0.483333 2.08 0
0.483333 2.12 0
0.483333 2.16 0
0.483333 2.2 0
0.483333 2.24 0
0.483333 2.28 0
0.483333 2.32 0
0.483333 2.36 0
0.483333 2.4 0
0.483333 2.44 0
0.483333 2.48 0
0.483333 2.52 0
0.483333 2.56 0
0.483333 2.6 0
0.483333 2.64 0
0.483333 2.68 0
0.483333 2.72 0
0.483333 2.76 0
0.483333 2.8 0
0.483333 2.84 0
0.483333 2.88 0
0.483333 2.92 0
0.483333 2.96 0
0.483333 3 0
0.483333 3.04 0
0.483333 3.08 0
0.483333 3.12 0
0.483333 3.16 0
0.483333 3.2 0
0.483333 3.24 0
0.483333 3.28 0
0.483333 3.32 0
0.483333 3.36 0
0.483333 3.4 0
0.483333 3.44 0
0.483333 3.48 0
0.483333 3.52 0
0.483333 3.56 0
0.483333 3.6 0
0.483333 3.64 0
0.483333 3.68 0
0.483333 3.72 0
0.483333 3.76 0
0.483333 3.8 0
0.483333 3.84 0
0.483333 3.88 0
0.483333 3.92 0
0.483333 3.96 0
0.483333 4 0
0.5 -4 4.84562e-05
0.5 -3.96 7.25329e-05
0.5 -3.92 6.85984e-05
0.5 -3.88 6.43612e-05
0.5 -3.84 7.15101e-05
0.5 -3.8 7.76885e-05
0.5 -3.76 8.0809e-05
0.5 -3.72 6.54049e-05
0.5 -3.68 0.000103842
0.5 -3.64 5.23802e-05
0.5 -3.6 7.90243e-05
0.5 -3.56 8.18839e-05
0.5 -3.52 8.64237e-05
0.5 -3.48 7.08318e-05
0.5 -3.44 0.000120509
0.5 -3.4 0.000108914
0.5 -3.36 0.000123755
0.5 -3.32 0.000135944
0.5 -3.28 0.000129808
0.5 -3.24 0.000132897
0.5 -3.2 0.000140526
0.5 -3.16 0.000131551
0.5 -3.12 9.04209e-05
0.5 -3.08 0.000140119
0.5 -3.04 0.000170792
0.5 -3 0.00014206
0.5 -2.96 0.000163152
0.5 -2.92 0.000195641
0.5 -2.88 0.000133836
0.5 -2.84 0.000181739
0.5 -2.8 0.000187959
0.5 -2.76 0.000169623
0.5 -2.72 0.000196862
0.5 -2.68 0.000265366
0.5 -2.64 0.000204845
0.5 -2.6 0.000186519
0.5 -2.56 0.00027359
0.5 -2.52 0.000275187
0.5 -2.48 0.000238847
0.5 -2.44 0.000251204
0.5 -2.4 0.000279059
0.5 -2.36 0.000332879
0.5 -2.32 0.000346196
0.5 -2.28 0.00037308
0.5 -2.24 0.000315158
0.5 -2.2 0.000453555
0.5 -2.16 0.000466131
0.5 -2.12 0.000496323
0.5 -2.08 0.000548505
0.5 -2.04 0.000630661
0.5 -2 0.000695022
0.5 -1.96 0.000631537
0.5 -1.92 0.000770153
0.5 -1.88 0.000886154
0.5 -1.84 0.000982033
0.5 -1.8 0.0011584
0.5 -1.76 0.0011682
0.5 -1.72 0.00123465
0.5 -1.68 0.00132947
0.5 -1.64 0.00133024
0.5 -1.6 0.00132034
0.5 -1.56 0.00124401
0.5 -1.52 0.00129651
0.5 -1.48 0.0013563
0.5 -1.44 0.00143343
0.5 -1.4 0.0015909
0.5 -1.36 0.00153491
0.5 -1.32 0.00146733
0.5 -1.28 0.00158943
0.5 -1.24 0.00170664
0.5 -1.2 0.0017807
0.5 -1.16 0.00193088
0.5 -1.12 0.00198187
0.5 -1.08 0.00187401
0.5 -1.04 0.00208893
0.5 -1 0.0022187
0.5 -0.96 0.00219417
0.5 -0.92 0.00253541
0.5 -0.88 0.0025276
0.5 -0.84 0.002757
0.5 -0.8 0.00274542
0.5 -0.76 0.00315661
0.5 -0.72 0.00328891
0.5 -0.68 0.00346696
0.5 -0.64 0.00360909
0.5 -0.6 0.00384266
0.5 -0.56 0.00429836
0.5 -0.52 0.00481844
0.5 -0.48 0.0053324
0.5 -0.44 0.0058946
0.5 -0.4 0.0066021
0.5 -0.36 0.00737287
0.5 -0.32 0.0080437
0.5 -0.28 0.00852817
0.5 -0.24 0.00853163
0.5 -0.2 0.00835585
0.5 -0.16 0.00801953
0.5 -0.12 0.00747607
0.5 -0.08 0.00621121
0.5 -0.04 0.0043318
0.5 0 0.00285732
0.5 0.04 0.0019642
0.5 0.08 0.00142859
0.5 0.12 0.00108953
0.5 0.16 0.000862171
0.5 0.2 0.000702056
0.5 0.24 0.000584688
0.5 0.28 0.000495833
0.5 0.32 0.000426775
0.5 0.36 0.000371869
0.5 0.4 0.000327431
0.5 0.44 0.000290904
0.5 0.48 0.000260451
0.5 0.52 0.000234767
0.5 0.56 0.000212892
0.5 0.6 0.000194086
0.5 0.64 0.000177784
0.5 0.68 0.000163538
0.5 0.72 0.000151025
0.5 0.76 0.000139962
0.5 0.8 0.000130142
0.5 0.84 0.000121354
0.5 0.88 0.000113475
0.5 0.92 0.000106378
0.5 0.96 9.99597e-05
0.5 1 0
0.5 1.04 0
0.5 1.08 0
0.5 1.12 0
0.5 1.16 0
0.5 1.2 0
0.5 1.24 0
0.5 1.28 0
0.5 1.32 0
0.5 1.36 0
0.5 1.4 0
0.5 1.44 0
0.5 1.48 0
0.5 1.52 0
0.5 1.56 0
0.5 1.6 0
0.5 1.64 0
0.5 1.68 0
0.5 1.72 0
0.5 1.76 0
0.5 1.8 0
0.5 1.84 0
0.5 1.88 0
0.5 1.92 0
0.5 1.96 0
0.5 2 0
0.5 2.04 0
0.5 2.08 0
0.5 2.12 0
0.5 2.16 0
0.5 2.2 0
0.5 2.24 0
0.5 2.28 0
0.5 2.32 0
0.5 2.36 0
0.5 2.4 0
0.5 2.44 0
0.5 2.48 0
0.5 2.52 0
0.5 2.56 0
0.5 2.6 0
0.5 2.64 0
0.5 2.68 0
0.5 2.72 0
0.5 2.76 0
0.5 2.8 0
0.5 2.84 0
0.5 2.88 0
0.5 2.92 0
0.5 2.96 0
0.5 3 0
0.5 3.04 0
0.5 3.08 0
0.5 3.12 0
0.5 3.16 0
0.5 3.2 0
0.5 3.24 0
0.5 3.28 0
0.5 3.32 0
0.5 3.36 0
0.5 3.4 0
0.5 3.44 0
0.5 3.48 0
0.5 3.52 0
0.5 3.56 0
0.5 3.6 0
0.5 3.64 0
0.5 3.68 0
0.5 3.72 0
0.5 3.76 0
0.5 3.8 0
0.5 3.84 0
0.5 3.88 0
0.5 3.92 0
0.5 3.96 0
0.5 4 0
0.516667 -4 4.70621e-05
0.516667 -3.96 7.53971e-05
0.516667 -3.92 4.48259e-05
0.516667 -3.88 5.33242e-05
0.516667 -3.84 7.26227e-05
0.516667 -3.8 8.33537e-05
0.516667 -3.76 6.69371e-05
0.516667 -3.72 6.41958e-05
0.516667 -3.68 0.000108137
0.516667 -3.64 6.33507e-05
0.516667 -3.6 6.01398e-05
0.516667 -3.56 7.78701e-05
0.516667 -3.52 0.000103417
0.516667 -3.48 8.73938e-05
0.516667 -3.44 0.000111847
0.516667 -3.4 9.42266e-05
0.516667 -3.36 0.000119538
0.516667 -3.32 0.000144121
0.516667 -3.28 0.000104774
0.516667 -3.24 7.86104e-05
0.516667 -3.2 0.000120439
0.516667 -3.16 0.000126171
0.516667 -3.12 0.000106205
0.516667 -3.08 0.000122658
0.516667 -3.04 0.000164273
0.516667 -3 0.000151943
0.516667 -2.96 0.000175359
0.516667 -2.92 0.00018553
0.516667 -2.88 0.000117363
0.516667 -2.84 0.000191787
0.516667 -2.8 0.00019397
0.516667 -2.76 0.000155513
0.516667 -2.72 0.000218405
0.516667 -2.68 0.000263585
0.516667 -2.64 0.000206783
0.516667 -2.6 0.000198927
0.516667 -2.56 0.000238487
0.516667 -2.52 0.000267576
0.516667 -2.48 0.000266754
0.516667 -2.44 0.000243442
0.516667 -2.4 0.000297647
0.516667 -2.36 0.000326656
0.516667 -2.32 0.000335549
0.516667 -2.28 0.000348828
0.516667 -2.24 0.000358697
0.516667 -2.2 0.000461762
0.516667 -2.16 0.000462972
0.516667 -2.12 0.000475868
0.516667 -2.08 0.000563004
0.516667 -2.04 0.00068257
0.516667 -2 0.000697735
0.516667 -1.96 0.000640471
0.516667 -1.92 0.000821951
0.516667 -1.88 0.0008795
0.516667 -1.84 0.00100363
0.516667 -1.8 0.00114949
0.516667 -1.76 0.00115799
0.516667 -1.72 0.00126008
0.516667 -1.68 0.00141477
0.516667 -1.64 0.00132801
0.516667 -1.6 0.00125406
0.516667 -1.56 0.00123932
0.516667 -1.52 0.00120389
0.516667 -1.48 0.0012894
0.516667 -1.44 0.0013939
0.516667 -1.4 0.00157209
0.516667 -1.36 0.00148525
0.516667 -1.32 0.00141161
0.516667 -1.28 0.00160751
0.516667 -1.24 0.00164317
0.516667 -1.2 0.00173062
0.516667 -1.16 0.00180477
0.516667 -1.12 0.00191426
0.516667 -1.08 0.00185223
0.516667 -1.04 0.00201608
0.516667 -1 0.00220936
0.516667 -0.96 0.00214113
0.516667 -0.92 0.00250985
0.516667 -0.88 0.00244417
0.516667 -0.84 0.0027044
0.516667 -0.8 0.00261817
0.516667 -0.76 0.00304386
0.516667 -0.72 0.00331084
0.516667 -0.68 0.00332385
0.516667 -0.64 0.00353488
0.516667 -0.6 0.00374965
0.516667 -0.56 0.00412639
0.516667 -0.52 0.00475955
0.516667 -0.48 0.00515817
0.516667 -0.44 0.00557955
0.516667 -0.4 0.0063275
0.516667 -0.36 0.00722823
0.516667 -0.32 0.0080434
0.516667 -0.28 0.0085774
0.516667 -0.24 0.0086761
0.516667 -0.2 0.00850531
0.516667 -0.16 0.00810009
0.516667 -0.12 0.00753921
0.516667 -0.08 0.00636501
0.516667 -0.04 0.00451676
0.516667 0 0.00298026
0.516667 0.04 0.00203682
0.516667 0.08 0.00147288
0.516667 0.12 0.00111811
0.516667 0.16 0.000881573
0.516667 0.2 0.000715783
0.516667 0.24 0.000594722
0.516667 0.28 0.000503365
0.516667 0.32 0.000432547
0.516667 0.36 0.000376371
0.516667 0.4 0.000330993
0.516667 0.44 0.000293752
0.516667 0.48 0.000262751
0.516667 0.52 0.000236641
0.516667 0.56 0.000214429
0.516667 0.6 0.00019535
0.516667 0.64 0.000178833
0.516667 0.68 0.000164409
0.516667 0.72 0.000151748
0.516667 0.76 0.000140568
0.516667 0.8 0.000130645
0.516667 0.84 0.000121772
0.516667 0.88 0.000113822
0.516667 0.92 0.000106665
0.516667 0.96 0.000100194
0.516667 1 0
0.516667 1.04 0
0.516667 1.08 0
0.516667 1.12 0
0.516667 1.16 0
0.516667 1.2 0
0.516667 1.24 0
0.516667 1.28 0
0.516667 1.32 0
0.516667 1.36 0
0.516667 1.4 0
0.516667 1.44 0
0.516667 1.48 0
0.516667 1.52 0
0.516667 1.56 0
0.516667 1.6 0
0.516667 1.64 0
0.516667 1.68 0
0.516667 1.72 0
0.516667 1.76 0
0.516667 1.8 0
0.516667 1.84 0
0.516667 1.88 0
0.516667 1.92 0
0.516667 1.96 0
0.516667 2 0
0.516667 2.04 0
0.516667 2.08 0
0.516667 2.12 0
0.516667 2.16 0
0.516667 2.2 0
0.516667 2.24 0
0.516667 2.28 0
0.516667 2.32 0
0.516667 2.36 0
0.516667 2.4 0
0.516667 2.44 0
0.516667 2.48 0
0.516667 2.52 0
0.516667 2.56 0
0.516667 2.6 0
0.516667 2.64 0
0.516667 2.68 0
0.516667 2.72 0
0.516667 2.76 0
0.516667 2.8 0
0.516667 2.84 0
0.516667 2.88 0
0.516667 2.92 0
0.516667 2.96 0
0.516667 3 0
0.516667 3.04 0
0.516667 3.08 0
0.516667 3.12 0
0.516667 3.16 0
0.516667 3.2 0
0.516667 3.24 0
0.516667 3.28 0
0.516667 3.32 0
0.516667 3.36 0
0.516667 3.4 0
0.516667 3.44 0
0.516667 3.48 0
0.516667 3.52 0
0.516667 3.56 0
0.516667 3.6 0
0.516667 3.64 0
0.516667 3.68 0
0.516667 3.72 0
0.516667 3.76 0
0.516667 3.8 0
0.516667 3.84 0
0.516667 3.88 0
0.516667 3.92 0
0.516667 3.96 0
0.516667 4 0
0.533333 -4 3.91171e-05
0.533333 -3.96 6.40667e-05
0.533333 -3.92 2.99916e-05
0.533333 -3.88 4.8101e-05
0.533333 -3.84 6.9683e-05
0.533333 -3.8 8.33674e-05
0.533333 -3.76 5.11626e-05
0.533333 -3.72 5.93864e-05
0.533333 -3.68 0.000108308
0.533333 -3.64 8.55904e-05
0.533333 -3.6 5.8965e-05
0.533333 -3.56 6.90303e-05
0.533333 -3.52 9.35718e-05
0.533333 -3.48 9.83763e-05
0.533333 -3.44 8.8636e-05
0.533333 -3.4 9.00673e-05
0.533333 -3.36 0.000105779
0.533333 -3.32 0.000134958
0.533333 -3.28 9.22671e-05
0.533333 -3.24 6.26538e-05
0.533333 -3.2 9.47071e-05
0.533333 -3.16 0.000124084
0.533333 -3.12 0.000116799
0.533333 -3.08 0.00012
0.533333 -3.04 0.000149579
0.533333 -3 0.000159805
0.533333 -2.96 0.000179403
0.533333 -2.92 0.000146521
0.533333 -2.88 0.000124657
0.533333 -2.84 0.00018489
0.533333 -2.8 0.000191241
0.533333 -2.76 0.00016138
0.533333 -2.72 0.000239464
0.533333 -2.68 0.000226287
0.533333 -2.64 0.000222935
0.533333 -2.6 0.000203031
0.533333 -2.56 0.000216033
0.533333 -2.52 0.00025898
0.533333 -2.48 0.000288843
0.533333 -2.44 0.000260716
0.533333 -2.4 0.00031164
0.533333 -2.36 0.000335925
0.533333 -2.32 0.000359581
0.533333 -2.28 0.000353852
0.533333 -2.24 0.000397354
0.533333 -2.2 0.000466995
0.533333 -2.16 0.000465312
0.533333 -2.12 0.000476854
0.533333 -2.08 0.000585069
0.533333 -2.04 0.000649702
0.533333 -2 0.0006602
0.533333 -1.96 0.000677844
0.533333 -1.92 0.000862684
0.533333 -1.88 0.000874399
0.533333 -1.84 0.000978801
0.533333 -1.8 0.00116965
0.533333 -1.76 0.00116282
0.533333 -1.72 0.00126121
0.533333 -1.68 0.00138794
0.533333 -1.64 0.0013047
0.533333 -1.6 0.00121665
0.533333 -1.56 0.0012681
0.533333 -1.52 0.00117225
0.533333 -1.48 0.00127334
0.533333 -1.44 0.00132086
0.533333 -1.4 0.00160155
0.533333 -1.36 0.00144432
0.533333 -1.32 0.00140511
0.533333 -1.28 0.00161422
0.533333 -1.24 0.00159305
0.533333 -1.2 0.00159257
0.533333 -1.16 0.00173723
0.533333 -1.12 0.00188379
0.533333 -1.08 0.00182086
0.533333 -1.04 0.00194738
0.533333 -1 0.00209404
0.533333 -0.96 0.0021515
0.533333 -0.92 0.00243691
0.533333 -0.88 0.00235523
0.533333 -0.84 0.00266693
0.533333 -0.8 0.00254504
0.533333 -0.76 0.00295235
0.533333 -0.72 0.00321911
0.533333 -0.68 0.00322752
0.533333 -0.64 0.00351735
0.533333 -0.6 0.00374516
0.533333 -0.56 0.00417609
0.533333 -0.52 0.0046867
0.533333 -0.48 0.0049994
0.533333 -0.44 0.00541432
0.533333 -0.4 0.00603613
0.533333 -0.36 0.007093
0.533333 -0.32 0.00797954
0.533333 -0.28 0.00863019
0.533333 -0.24 0.00881579
0.533333 -0.2 0.00866932
0.533333 -0.16 0.00820016
0.533333 -0.12 0.00759932
0.533333 -0.08 0.00649356
0.533333 -0.04 0.00468931
0.533333 0 0.00309986
0.533333 0.04 0.00210779
0.533333 0.08 0.00151602
0.533333 0.12 0.00114582
0.533333 0.16 0.000900319
0.533333 0.2 0.000729006
0.533333 0.24 0.000604367
0.533333 0.28 0.00051059
0.533333 0.32 0.000438074
0.533333 0.36 0.000380676
0.533333 0.4 0.000334395
0.533333 0.44 0.000296468
0.533333 0.48 0.000264943
0.533333 0.52 0.000238423
0.533333 0.56 0.000215888
0.533333 0.6 0.000196548
0.533333 0.64 0.000179825
0.533333 0.68 0.00016523
0.533333 0.72 0.00015243
0.533333 0.76 0.000141136
0.533333 0.8 0.000131115
0.533333 0.84 0.000122161
0.533333 0.88 0.000114144
0.533333 0.92 0.00010693
0.533333 0.96 0.000100409
0.533333 1 0
0.533333 1.04 0
0.533333 1.08 0
0.533333 1.12 0
0.533333 1.16 0
0.533333 1.2 0
0.533333 1.24 0
0.533333 1.28 0
0.533333 1.32 0
0.533333 1.36 0
0.533333 1.4 0
0.533333 1.44 0
0.533333 1.48 0
0.533333 1.52 0
0.533333 1.56 0
0.533333 1.6 0
0.533333 1.64 0
0.533333 1.68 0
0.533333 1.72 0
0.533333 1.76 0
0.533333 1.8 0
0.533333 1.84 0
0.533333 1.88 0
0.533333 1.92 0
0.533333 1.96 0
0.533333 2 0
0.533333 2.04 0
0.533333 2.08 0
0.533333 2.12 0
0.533333 2.16 0
0.533333 2.2 0
0.533333 2.24 0
0.533333 2.28 0
0.533333 2.32 0
0.533333 2.36 0
0.533333 2.4 0
0.533333 2.44 0
0.533333 2.48 0
0.533333 2.52 0
0.533333 2.56 0
0.533333 2.6 0
0.533333 2.64 0
0.533333 2.68 0
0.533333 2.72 0
0.533333 2.76 0
0.533333 2.8 0
0.533333 2.84 0
0.533333 2.88 0
0.533333 2.92 0
0.533333 2.96 0
0.533333 3 0
0.533333 3.04 0
0.533333 3.08 0
0.533333 3.12 0
0.533333 3.16 0
0.533333 3.2 0
0.533333 3.24 0
0.533333 3.28 0
0.533333 3.32 0
0.533333 3.36 0
0.533333 3.4 0
0.533333 3.44 0
0.533333 3.48 0
0.533333 3.52 0
0.533333 3.56 0
0.533333 3.6 0
0.533333 3.64 0
0.533333 3.68 0
0.533333 3.72 0
0.533333 3.76 0
0.533333 3.8 0
0.533333 3.84 0
0.533333 3.88 0
0.533333 3.92 0
0.533333 3.96 0
0.533333 4 0
0.55 -4 3.29906e-05
0.55 -3.96 4.90288e-05
0.55 -3.92 4.38835e-05
0.55 -3.88 5.14905e-05
0.55 -3.84 6.27908e-05
0.55 -3.8 6.53402e-05
0.55 -3.76 5.63151e-05
0.55 -3.72 5.29474e-05
0.55 -3.68 0.000102545
0.55 -3.64 0.000100195
0.55 -3.6 7.39818e-05
0.55 -3.56 6.57213e-05
0.55 -3.52 6.41826e-05
0.55 -3.48 9.01897e-05
0.55 -3.44 7.55631e-05
0.55 -3.4 9.79841e-05
0.55 -3.36 8.12922e-05
0.55 -3.32 0.000115409
0.55 -3.28 0.000101371
0.55 -3.24 9.37948e-05
0.55 -3.2 8.82042e-05
0.55 -3.16 0.000119521
0.55 -3.12 0.000117737
0.55 -3.08 0.000132997
0.55 -3.04 0.000132357
0.55 -3 0.000164156
0.55 -2.96 0.000155213
0.55 -2.92 0.000120537
0.55 -2.88 0.00014339
0.55 -2.84 0.000175541
0.55 -2.8 0.000195125
0.55 -2.76 0.000162756
0.55 -2.72 0.000235751
0.55 -2.68 0.000200301
0.55 -2.64 0.000224373
0.55 -2.6 0.000191478
0.55 -2.56 0.00022603
0.55 -2.52 0.000257557
0.55 -2.48 0.000279896
0.55 -2.44 0.000279078
0.55 -2.4 0.000301892
0.55 -2.36 0.000352915
0.55 -2.32 0.000387997
0.55 -2.28 0.00037396
0.55 -2.24 0.000390575
0.55 -2.2 0.000458572
0.55 -2.16 0.000457963
0.55 -2.12 0.000481641
0.55 -2.08 0.000577538
0.55 -2.04 0.000568025
0.55 -2 0.00061016
0.55 -1.96 0.000689482
0.55 -1.92 0.000812531
0.55 -1.88 0.000876356
0.55 -1.84 0.000919964
0.55 -1.8 0.00117809
0.55 -1.76 0.00116491
0.55 -1.72 0.00122245
0.55 -1.68 0.00126489
0.55 -1.64 0.0012565
0.55 -1.6 0.00118173
0.55 -1.56 0.00125092
0.55 -1.52 0.00123705
0.55 -1.48 0.00128388
0.55 -1.44 0.00123167
0.55 -1.4 0.00159348
0.55 -1.36 0.00141308
0.55 -1.32 0.00139725
0.55 -1.28 0.00157007
0.55 -1.24 0.00156312
0.55 -1.2 0.00147645
0.55 -1.16 0.00173578
0.55 -1.12 0.00187045
0.55 -1.08 0.00179909
0.55 -1.04 0.00191154
0.55 -1 0.00194561
0.55 -0.96 0.00217385
0.55 -0.92 0.00233542
0.55 -0.88 0.00227231
0.55 -0.84 0.00260999
0.55 -0.8 0.00253301
0.55 -0.76 0.0029385
0.55 -0.72 0.00308235
0.55 -0.68 0.00316938
0.55 -0.64 0.00347638
0.55 -0.6 0.00374948
0.55 -0.56 0.00422582
0.55 -0.52 0.00452945
0.55 -0.48 0.00485329
0.55 -0.44 0.00539176
0.55 -0.4 0.00584609
0.55 -0.36 0.00689149
0.55 -0.32 0.00777335
0.55 -0.28 0.00862582
0.55 -0.24 0.00896348
0.55 -0.2 0.00885178
0.55 -0.16 0.00831882
0.55 -0.12 0.00766149
0.55 -0.08 0.00660116
0.55 -0.04 0.00484805
0.55 0 0.00321512
0.55 0.04 0.00217666
0.55 0.08 0.00155777
0.55 0.12 0.00117254
0.55 0.16 0.000918337
0.55 0.2 0.000741684
0.55 0.24 0.000613595
0.55 0.28 0.000517492
0.55 0.32 0.000443344
0.55 0.36 0.000384776
0.55 0.4 0.000337631
0.55 0.44 0.000299046
0.55 0.48 0.00026702
0.55 0.52 0.00024011
0.55 0.56 0.000217267
0.55 0.6 0.000197679
0.55 0.64 0.000180758
0.55 0.68 0.000166001
0.55 0.72 0.000153068
0.55 0.76 0.000141667
0.55 0.8 0.000131553
0.55 0.84 0.000122522
0.55 0.88 0.000114441
0.55 0.92 0.000107173
0.55 0.96 0.000100604
0.55 1 0
0.55 1.04 0
0.55 1.08 0
0.55 1.12 0
0.55 1.16 0
0.55 1.2 0
0.55 1.24 0
0.55 1.28 0
0.55 1.32 0
0.55 1.36 0
0.55 1.4 0
0.55 1.44 0
0.55 1.48 0
0.55 1.52 0
0.55 1.56 0
0.55 1.6 0
0.55 1.64 0
0.55 1.68 0
0.55 1.72 0
0.55 1.76 0
0.55 1.8 0
0.55 1.84 0
0.55 1.88 0
0.55 1.92 0
0.55 1.96 0
0.55 2 0
0.55 2.04 0
0.55 2.08 0
0.55 2.12 0
0.55 2.16 0
0.55 2.2 0
0.55 2.24 0
0.55 2.28 0
0.55 2.32 0
0.55 2.36 0
0.55 2.4 0
0.55 2.44 0
0.55 2.48 0
0.55 2.52 0
0.55 2.56 0
0.55 2.6 0
0.55 2.64 0
0.55 2.68 0
0.55 2.72 0
0.55 2.76 0
0.55 2.8 0
0.55 2.84 0
0.55 2.88 0
0.55 2.92 0
0.55 2.96 0
0.55 3 0
0.55 3.04 0
0.55 3.08 0
0.55 3.12 0
0.55 3.16 0
0.55 3.2 0
0.55 3.24 0
0.55 3.28 0
0.55 3.32 0
0.55 3.36 0
0.55 3.4 0
0.55 3.44 0
0.55 3.48 0
0.55 3.52 0
0.55 3.56 0
0.55 3.6 0
0.55 3.64 0
0.55 3.68 0
0.55 3.72 0
0.55 3.76 0
0.55 3.8 0
0.55 3.84 0
0.55 3.88 0
0.55 3.92 0
0.55 3.96 0
0.55 4 0
0.566667 -4 3.69226e-05
0.566667 -3.96 3.75666e-05
0.566667 -3.92 6.18377e-05
0.566667 -3.88 5.8492e-05
0.566667 -3.84 6.2728e-05
0.566667 -3.8 5.02799e-05
0.566667 -3.76 7.32266e-05
0.566667 -3.72 4.95057e-05
0.566667 -3.68 8.74895e-05
0.566667 -3.64 0.000106679
0.566667 -3.6 8.59791e-05
0.566667 -3.56 7.05459e-05
0.566667 -3.52 4.64063e-05
0.566667 -3.48 7.657e-05
0.566667 -3.44 7.8058e-05
0.566667 -3.4 0.000105009
0.566667 -3.36 5.71647e-05
0.566667 -3.32 0.00010024
0.566667 -3.28 0.000117621
0.566667 -3.24 0.000135329
0.566667 -3.2 0.000112093
0.566667 -3.16 0.000118675
0.566667 -3.12 0.000116354
0.566667 -3.08 0.000149469
0.566667 -3.04 0.000126768
0.566667 -3 0.000157905
0.566667 -2.96 0.000123389
0.566667 -2.92 0.000130947
0.566667 -2.88 0.000157845
0.566667 -2.84 0.000179481
0.566667 -2.8 0.00019565
0.566667 -2.76 0.000148513
0.566667 -2.72 0.000217987
0.566667 -2.68 0.000217219
0.566667 -2.64 0.000195942
0.566667 -2.6 0.000195825
0.566667 -2.56 0.000249536
0.566667 -2.52 0.000268032
0.566667 -2.48 0.000249701
0.566667 -2.44 0.000269675
0.566667 -2.4 0.000266386
0.566667 -2.36 0.000354404
0.566667 -2.32 0.000385286
0.566667 -2.28 0.00038294
0.566667 -2.24 0.000343838
0.566667 -2.2 0.000439442
0.566667 -2.16 0.000436346
0.566667 -2.12 0.000468746
0.566667 -2.08 0.000536909
0.566667 -2.04 0.000538611
0.566667 -2 0.000592876
0.566667 -1.96 0.000652296
0.566667 -1.92 0.000713976
0.566667 -1.88 0.000869941
0.566667 -1.84 0.00087559
0.566667 -1.8 0.00113392
0.566667 -1.76 0.00114501
0.566667 -1.72 0.00117419
0.566667 -1.68 0.00119041
0.566667 -1.64 0.00121023
0.566667 -1.6 0.00112413
0.566667 -1.56 0.0011777
0.566667 -1.52 0.00130338
0.566667 -1.48 0.00125996
0.566667 -1.44 0.00116816
0.566667 -1.4 0.00151072
0.566667 -1.36 0.00138754
0.566667 -1.32 0.0013658
0.566667 -1.28 0.00150007
0.566667 -1.24 0.00154575
0.566667 -1.2 0.00147068
0.566667 -1.16 0.00173537
0.566667 -1.12 0.00182558
0.566667 -1.08 0.00179261
0.566667 -1.04 0.00190305
0.566667 -1 0.0018866
0.566667 -0.96 0.00215592
0.566667 -0.92 0.00226094
0.566667 -0.88 0.00222494
0.566667 -0.84 0.00252959
0.566667 -0.8 0.00252649
0.566667 -0.76 0.00289626
0.566667 -0.72 0.00301704
0.566667 -0.68 0.00312337
0.566667 -0.64 0.00338139
0.566667 -0.6 0.00365406
0.566667 -0.56 0.00405419
0.566667 -0.52 0.00433186
0.566667 -0.48 0.00472582
0.566667 -0.44 0.00534488
0.566667 -0.4 0.0057555
0.566667 -0.36 0.00662768
0.566667 -0.32 0.00750896
0.566667 -0.28 0.00854743
0.566667 -0.24 0.00910711
0.566667 -0.2 0.00904671
0.566667 -0.16 0.00845474
0.566667 -0.12 0.00772982
0.566667 -0.08 0.00669252
0.566667 -0.04 0.00499226
0.566667 0 0.00332519
0.566667 0.04 0.00224301
0.566667 0.08 0.00159792
0.566667 0.12 0.00119816
0.566667 0.16 0.000935567
0.566667 0.2 0.000753779
0.566667 0.24 0.000622384
0.566667 0.28 0.000524054
0.566667 0.32 0.000448347
0.566667 0.36 0.000388665
0.566667 0.4 0.000340695
0.566667 0.44 0.000301484
0.566667 0.48 0.000268982
0.566667 0.52 0.000241701
0.566667 0.56 0.000218565
0.566667 0.6 0.00019874
0.566667 0.64 0.000181632
0.566667 0.68 0.000166722
0.566667 0.72 0.000153663
0.566667 0.76 0.00014216
0.566667 0.8 0.000131957
0.566667 0.84 0.000122854
0.566667 0.88 0.000114712
0.566667 0.92 0.000107393
0.566667 0.96 0.00010078
0.566667 1 0
0.566667 1.04 0
0.566667 1.08 0
0.566667 1.12 0
0.566667 1.16 0
0.566667 1.2 0
0.566667 1.24 0
0.566667 1.28 0
0.566667 1.32 0
0.566667 1.36 0
0.566667 1.4 0
0.566667 1.44 0
0.566667 1.48 0
0.566667 1.52 0
0.566667 1.56 0
0.566667 1.6 0
0.566667 1.64 0
0.566667 1.68 0
0.566667 1.72 0
0.566667 1.76 0
0.566667 1.8 0
0.566667 1.84 0
0.566667 1.88 0
0.566667 1.92 0
0.566667 1.96 0
0.566667 2 0
0.566667 2.04 0
0.566667 2.08 0
0.566667 2.12 0
0.566667 2.16 0
0.566667 2.2 0
0.566667 2.24 0
0.566667 2.28 0
0.566667 2.32 0
0.566667 2.36 0
0.566667 2.4 0
0.566667 2.44 0
0.566667 2.48 0
0.566667 2.52 0
0.566667 2.56 0
0.566667 2.6 0
0.566667 2.64 0
0.566667 2.68 0
0.566667 2.72 0
0.566667 2.76 0
0.566667 2.8 0
0.566667 2.84 0
0.566667 2.88 0
0.566667 2.92 0
0.566667 2.96 0
0.566667 3 0
0.566667 3.04 0
0.566667 3.08 0
0.566667 3.12 0
0.566667 3.16 0
0.566667 3.2 0
0.566667 3.24 0
0.566667 3.28 0
0.566667 3.32 0
0.566667 3.36 0
0.566667 3.4 0
0.566667 3.44 0
0.566667 3.48 0
0.566667 3.52 0
0.566667 3.56 0
0.566667 3.6 0
0.566667 3.64 0
0.566667 3.68 0
0.566667 3.72 0
0.566667 3.76 0
0.566667 3.8 0
0.566667 3.84 0
0.566667 3.88 0
0.566667 3.92 0
0.566667 3.96 0
0.566667 4 0
0.583333 -4 4.37151e-05
0.583333 -3.96 2.66833e-05
0.583333 -3.92 5.91225e-05
0.583333 -3.88 5.66737e-05
0.583333 -3.84 7.19899e-05
0.583333 -3.8 5.7119e-05
0.583333 -3.76 7.0778e-05
0.583333 -3.72 5.29211e-05
0.583333 -3.68 7.14075e-05
0.583333 -3.64 0.000108382
0.583333 -3.6 8.12782e-05
0.583333 -3.56 7.58018e-05
0.583333 -3.52 5.84941e-05
0.583333 -3.48 7.21859e-05
0.583333 -3.44 7.83597e-05
0.583333 -3.4 0.000102256
0.583333 -3.36 5.84715e-05
0.583333 -3.32 9.47195e-05
0.583333 -3.28 0.000120683
0.583333 -3.24 0.000153233
0.583333 -3.2 0.000147645
0.583333 -3.16 0.000129834
0.583333 -3.12 0.000110863
0.583333 -3.08 0.000153312
0.583333 -3.04 0.000139562
0.583333 -3 0.000147019
0.583333 -2.96 0.000122442
0.583333 -2.92 0.000160665
0.583333 -2.88 0.000163251
0.583333 -2.84 0.000186681
0.583333 -2.8 0.000179915
0.583333 -2.76 0.00013695
0.583333 -2.72 0.000218439
0.583333 -2.68 0.000250041
0.583333 -2.64 0.000162828
0.583333 -2.6 0.000225724
0.583333 -2.56 0.000254454
0.583333 -2.52 0.00028275
0.583333 -2.48 0.000230439
0.583333 -2.44 0.000244107
0.583333 -2.4 0.00023547
0.583333 -2.36 0.000331118
0.583333 -2.32 0.000357661
0.583333 -2.28 0.000381296
0.583333 -2.24 0.000308033
0.583333 -2.2 0.000422482
0.583333 -2.16 0.000421465
0.583333 -2.12 0.00045541
0.583333 -2.08 0.000497622
0.583333 -2.04 0.000566425
0.583333 -2 0.000610721
0.583333 -1.96 0.000621302
0.583333 -1.92 0.000672839
0.583333 -1.88 0.000845872
0.583333 -1.84 0.000868729
0.583333 -1.8 0.00105967
0.583333 -1.76 0.00111387
0.583333 -1.72 0.0011558
0.583333 -1.68 0.00121409
0.583333 -1.64 0.00117075
0.583333 -1.6 0.00107695
0.583333 -1.56 0.00111794
0.583333 -1.52 0.00127427
0.583333 -1.48 0.00119825
0.583333 -1.44 0.00116971
0.583333 -1.4 0.00142049
0.583333 -1.36 0.00136521
0.583333 -1.32 0.00133067
0.583333 -1.28 0.00143993
0.583333 -1.24 0.00153157
0.583333 -1.2 0.00153248
0.583333 -1.16 0.00168851
0.583333 -1.12 0.00175558
0.583333 -1.08 0.00177164
0.583333 -1.04 0.00188059
0.583333 -1 0.00192387
0.583333 -0.96 0.002096
0.583333 -0.92 0.0022281
0.583333 -0.88 0.00222804
0.583333 -0.84 0.00245103
0.583333 -0.8 0.00247189
0.583333 -0.76 0.00275646
0.583333 -0.72 0.00301698
0.583333 -0.68 0.0030892
0.583333 -0.64 0.00326828
0.583333 -0.6 0.00347906
0.583333 -0.56 0.00374251
0.583333 -0.52 0.00419356
0.583333 -0.48 0.0046087
0.583333 -0.44 0.00517759
0.583333 -0.4 0.00565001
0.583333 -0.36 0.00639126
0.583333 -0.32 0.00731656
0.583333 -0.28 0.0084467
0.583333 -0.24 0.00921907
0.583333 -0.2 0.00924518
0.583333 -0.16 0.00860767
0.583333 -0.12 0.00780747
0.583333 -0.08 0.00677228
0.583333 -0.04 0.00512191
0.583333 0 0.00342934
0.583333 0.04 0.00230649
0.583333 0.08 0.0016363
0.583333 0.12 0.00122259
0.583333 0.16 0.000951962
0.583333 0.2 0.000765267
0.583333 0.24 0.000630719
0.583333 0.28 0.000530268
0.583333 0.32 0.000453078
0.583333 0.36 0.000392338
0.583333 0.4 0.000343585
0.583333 0.44 0.00030378
0.583333 0.48 0.000270828
0.583333 0.52 0.000243194
0.583333 0.56 0.000219781
0.583333 0.6 0.000199732
0.583333 0.64 0.000182447
0.583333 0.68 0.000167392
0.583333 0.72 0.000154215
0.583333 0.76 0.000142615
0.583333 0.8 0.000132329
0.583333 0.84 0.000123158
0.583333 0.88 0.00011496
0.583333 0.92 0.000107592
0.583333 0.96 0.000100937
0.583333 1 0
0.583333 1.04 0
0.583333 1.08 0
0.583333 1.12 0
0.583333 1.16 0
0.583333 1.2 0
0.583333 1.24 0
0.583333 1.28 0
0.583333 1.32 0
0.583333 1.36 0
0.583333 1.4 0
0.583333 1.44 0
0.583333 1.48 0
0.583333 1.52 0
0.583333 1.56 0
0.583333 1.6 0
0.583333 1.64 0
0.583333 1.68 0
0.583333 1.72 0
0.583333 1.76 0
0.583333 1.8 0
0.583333 1.84 0
0.583333 1.88 0
0.583333 1.92 0
0.583333 1.96 0
0.583333 2 0
0.583333 2.04 0
0.583333 2.08 0
0.583333 2.12 0
0.583333 2.16 0
0.583333 2.2 0
0.583333 2.24 0
0.583333 2.28 0
0.583333 2.32 0
0.583333 2.36 0
0.583333 2.4 0
0.583333 2.44 0
0.583333 2.48 0
0.583333 2.52 0
0.583333 2.56 0
0.583333 2.6 0
0.583333 2.64 0
0.583333 2.68 0
0.583333 2.72 0
0.583333 2.76 0
0.583333 2.8 0
0.583333 2.84 0
0.583333 2.88 0
0.583333 2.92 0
0.583333 2.96 0
0.583333 3 0
0.583333 3.04 0
0.583333 3.08 0
0.583333 3.12 0
0.583333 3.16 0
0.583333 3.2 0
0.583333 3.24 0
0.583333 3.28 0
0.583333 3.32 0
0.583333 3.36 0
0.583333 3.4 0
0.583333 3.44 0
0.583333 3.48 0
0.583333 3.52 0
0.583333 3.56 0
0.583333 3.6 0
0.583333 3.64 0
0.583333 3.68 0
0.583333 3.72 0
0.583333 3.76 0
0.583333 3.8 0
0.583333 3.84 0
0.583333 3.88 0
0.583333 3.92 0
0.583333 3.96 0
0.583333 4 0
0.6 -4 4.0533e-05
0.6 -3.96 1.48935e-05
0.6 -3.92 4.90052e-05
0.6 -3.88 4.36405e-05
0.6 -3.84 7.81614e-05
0.6 -3.8 7.09982e-05
0.6 -3.76 4.68958e-05
0.6 -3.72 6.00845e-05
0.6 -3.68 6.69645e-05
0.6 -3.64 9.7265e-05
0.6 -3.6 6.65153e-05
0.6 -3.56 7.27516e-05
0.6 -3.52 8.64139e-05
0.6 -3.48 7.20618e-05
0.6 -3.44 7.0585e-05
0.6 -3.4 9.35083e-05
0.6 -3.36 9.41778e-05
0.6 -3.32 9.42233e-05
0.6 -3.28 0.000112043
0.6 -3.24 0.000144369
0.6 -3.2 0.000161338
0.6 -3.16 0.000145119
0.6 -3.12 9.80496e-05
0.6 -3.08 0.000139885
0.6 -3.04 0.000157582
0.6 -3 0.000146086
0.6 -2.96 0.000152846
0.6 -2.92 0.000176557
0.6 -2.88 0.000163069
0.6 -2.84 0.000178811
0.6 -2.8 0.00016329
0.6 -2.76 0.00014386
0.6 -2.72 0.000235433
0.6 -2.68 0.000251346
0.6 -2.64 0.000157396
0.6 -2.6 0.000248507
0.6 -2.56 0.00023956
0.6 -2.52 0.00028885
0.6 -2.48 0.000235364
0.6 -2.44 0.000241376
0.6 -2.4 0.000242969
0.6 -2.36 0.000303043
0.6 -2.32 0.00033915
0.6 -2.28 0.000382477
0.6 -2.24 0.000318636
0.6 -2.2 0.000412462
0.6 -2.16 0.000431873
0.6 -2.12 0.000462774
0.6 -2.08 0.000486115
0.6 -2.04 0.000567181
0.6 -2 0.000616692
0.6 -1.96 0.000642017
0.6 -1.92 0.000709706
0.6 -1.88 0.000818086
0.6 -1.84 0.000878477
0.6 -1.8 0.00102393
0.6 -1.76 0.00109496
0.6 -1.72 0.00116578
0.6 -1.68 0.00124155
0.6 -1.64 0.00112033
0.6 -1.6 0.00107631
0.6 -1.56 0.00111939
0.6 -1.52 0.00117981
0.6 -1.48 0.00115302
0.6 -1.44 0.00122882
0.6 -1.4 0.00139217
0.6 -1.36 0.00134448
0.6 -1.32 0.00130118
0.6 -1.28 0.0013894
0.6 -1.24 0.00151286
0.6 -1.2 0.00155545
0.6 -1.16 0.001608
0.6 -1.12 0.00170681
0.6 -1.08 0.00170597
0.6 -1.04 0.001822
0.6 -1 0.00194796
0.6 -0.96 0.00203276
0.6 -0.92 0.00219932
0.6 -0.88 0.00224781
0.6 -0.84 0.00237889
0.6 -0.8 0.00238693
0.6 -0.76 0.00260093
0.6 -0.72 0.00297517
0.6 -0.68 0.00305798
0.6 -0.64 0.0031768
0.6 -0.6 0.00335194
0.6 -0.56 0.00355697
0.6 -0.52 0.00413878
0.6 -0.48 0.0044786
0.6 -0.44 0.0049696
0.6 -0.4 0.00547057
0.6 -0.36 0.00625101
0.6 -0.32 0.00720615
0.6 -0.28 0.00836534
0.6 -0.24 0.0092879
0.6 -0.2 0.00943949
0.6 -0.16 0.00877699
0.6 -0.12 0.00789671
0.6 -0.08 0.00684463
0.6 -0.04 0.0052376
0.6 0 0.00352704
0.6 0.04 0.00236677
0.6 0.08 0.00167277
0.6 0.12 0.00124577
0.6 0.16 0.000967487
0.6 0.2 0.000776128
0.6 0.24 0.000638589
0.6 0.28 0.000536128
0.6 0.32 0.000457534
0.6 0.36 0.000395793
0.6 0.4 0.000346299
0.6 0.44 0.000305934
0.6 0.48 0.000272556
0.6 0.52 0.00024459
0.6 0.56 0.000220916
0.6 0.6 0.000200656
0.6 0.64 0.000183203
0.6 0.68 0.000168012
0.6 0.72 0.000154724
0.6 0.76 0.000143032
0.6 0.8 0.000132668
0.6 0.84 0.000123433
0.6 0.88 0.000115183
0.6 0.92 0.000107769
0.6 0.96 0.000101075
0.6 1 0
0.6 1.04 0
0.6 1.08 0
0.6 1.12 0
0.6 1.16 0
0.6 1.2 0
0.6 1.24 0
0.6 1.28 0
0.6 1.32 0
0.6 1.36 0
0.6 1.4 0
0.6 1.44 0
0.6 1.48 0
0.6 1.52 0
0.6 1.56 0
0.6 1.6 0
0.6 1.64 0
0.6 1.68 0
0.6 1.72 0
0.6 1.76 0
0.6 1.8 0
0.6 1.84 0
0.6 1.88 0
0.6 1.92 0
0.6 1.96 0
0.6 2 0
0.6 2.04 0
0.6 2.08 0
0.6 2.12 0
0.6 2.16 0
0.6 2.2 0
0.6 2.24 0
0.6 2.28 0
0.6 2.32 0
0.6 2.36 0
0.6 2.4 0
0.6 2.44 0
0.6 2.48 0
0.6 2.52 0
0.6 2.56 0
0.6 2.6 0
0.6 2.64 0
0.6 2.68 0
0.6 2.72 0
0.6 2.76 0
0.6 2.8 0
0.6 2.84 0
0.6 2.88 0
0.6 2.92 0
0.6 2.96 0
0.6 3 0
0.6 3.04 0
0.6 3.08 0
0.6 3.12 0
0.6 3.16 0
0.6 3.2 0
0.6 3.24 0
0.6 3.28 0
0.6 3.32 0
0.6 3.36 0
0.6 3.4 0
0.6 3.44 0
0.6 3.48 0
0.6 3.52 0
0.6 3.56 0
0.6 3.6 0
0.6 3.64 0
0.6 3.68 0
0.6 3.72 0
0.6 3.76 0
0.6 3.8 0
0.6 3.84 0
0.6 3.88 0
0.6 3.92 0
0.6 3.96 0
0.6 4 0
0.616667 -4 2.75163e-05
0.616667 -3.96 1.07246e-05
0.616667 -3.92 5.42196e-05
0.616667 -3.88 3.63976e-05
0.616667 -3.84 7.16767e-05
0.616667 -3.8 7.02552e-05
0.616667 -3.76 3.75875e-05
0.616667 -3.72 6.19088e-05
0.616667 -3.68 7.05919e-05
0.616667 -3.64 6.98699e-05
0.616667 -3.6 5.75141e-05
0.616667 -3.56 5.93006e-05
0.616667 -3.52 0.000103561
0.616667 -3.48 6.68548e-05
0.616667 -3.44 6.87183e-05
0.616667 -3.4 8.50662e-05
0.616667 -3.36 0.000136641
0.616667 -3.32 9.67645e-05
0.616667 -3.28 0.000108568
0.616667 -3.24 0.000122552
0.616667 -3.2 0.000140059
0.616667 -3.16 0.000145695
0.616667 -3.12 9.13419e-05
0.616667 -3.08 0.00011884
0.616667 -3.04 0.000162729
0.616667 -3 0.000151852
0.616667 -2.96 0.000173349
0.616667 -2.92 0.000162609
0.616667 -2.88 0.000160907
0.616667 -2.84 0.000159158
0.616667 -2.8 0.000169673
0.616667 -2.76 0.00015792
0.616667 -2.72 0.000229811
0.616667 -2.68 0.000217902
0.616667 -2.64 0.000177506
0.616667 -2.6 0.000240975
0.616667 -2.56 0.000231792
0.616667 -2.52 0.00028041
0.616667 -2.48 0.000247063
0.616667 -2.44 0.000265961
0.616667 -2.4 0.000280847
0.616667 -2.36 0.000296084
0.616667 -2.32 0.000339612
0.616667 -2.28 0.000385084
0.616667 -2.24 0.000351161
0.616667 -2.2 0.000399875
0.616667 -2.16 0.000453651
0.616667 -2.12 0.000474171
0.616667 -2.08 0.000494991
0.616667 -2.04 0.000514976
0.616667 -2 0.000579457
0.616667 -1.96 0.000672391
0.616667 -1.92 0.000749362
0.616667 -1.88 0.000804263
0.616667 -1.84 0.000875574
0.616667 -1.8 0.00105264
0.616667 -1.76 0.00109282
0.616667 -1.72 0.00117193
0.616667 -1.68 0.00120292
0.616667 -1.64 0.00106496
0.616667 -1.6 0.00108581
0.616667 -1.56 0.00114552
0.616667 -1.52 0.00112515
0.616667 -1.48 0.0011571
0.616667 -1.44 0.00127873
0.616667 -1.4 0.00139975
0.616667 -1.36 0.00132232
0.616667 -1.32 0.0012649
0.616667 -1.28 0.0013397
0.616667 -1.24 0.00148172
0.616667 -1.2 0.00151091
0.616667 -1.16 0.00153898
0.616667 -1.12 0.00169295
0.616667 -1.08 0.00161158
0.616667 -1.04 0.00175776
0.616667 -1 0.00188966
0.616667 -0.96 0.00199355
0.616667 -0.92 0.002145
0.616667 -0.88 0.00222446
0.616667 -0.84 0.00229537
0.616667 -0.8 0.00234073
0.616667 -0.76 0.00252536
0.616667 -0.72 0.0028425
0.616667 -0.68 0.0029819
0.616667 -0.64 0.00311276
0.616667 -0.6 0.00332399
0.616667 -0.56 0.00358957
0.616667 -0.52 0.00409732
0.616667 -0.48 0.00433597
0.616667 -0.44 0.00484531
0.616667 -0.4 0.00528883
0.616667 -0.36 0.00617208
0.616667 -0.32 0.0070859
0.616667 -0.28 0.00828233
0.616667 -0.24 0.00932567
0.616667 -0.2 0.00962021
0.616667 -0.16 0.00895941
0.616667 -0.12 0.00799896
0.616667 -0.08 0.00691324
0.616667 -0.04 0.00534045
0.616667 0 0.00361796
0.616667 0.04 0.00242363
0.616667 0.08 0.00170721
0.616667 0.12 0.00126764
0.616667 0.16 0.000982119
0.616667 0.2 0.000786353
0.616667 0.24 0.00064599
0.616667 0.28 0.000541632
0.616667 0.32 0.000461716
0.616667 0.36 0.000399032
0.616667 0.4 0.00034884
0.616667 0.44 0.000307946
0.616667 0.48 0.000274169
0.616667 0.52 0.00024589
0.616667 0.56 0.000221971
0.616667 0.6 0.000201512
0.616667 0.64 0.000183901
0.616667 0.68 0.000168583
0.616667 0.72 0.000155191
0.616667 0.76 0.000143414
0.616667 0.8 0.000132975
0.616667 0.84 0.000123682
0.616667 0.88 0.000115382
0.616667 0.92 0.000107926
0.616667 0.96 0.000101195
0.616667 1 0
0.616667 1.04 0
0.616667 1.08 0
0.616667 1.12 0
0.616667 1.16 0
0.616667 1.2 0
0.616667 1.24 0
0.616667 1.28 0
0.616667 1.32 0
0.616667 1.36 0
0.616667 1.4 0
0.616667 1.44 0
0.616667 1.48 0
0.616667 1.52 0
0.616667 1.56 0
0.616667 1.6 0
0.616667 1.64 0
0.616667 1.68 0
0.616667 1.72 0
0.616667 1.76 0
0.616667 1.8 0
0.616667 1.84 0
0.616667 1.88 0
0.616667 1.92 0
0.616667 1.96 0
0.616667 2 0
0.616667 2.04 0
0.616667 2.08 0
0.616667 2.12 0
0.616667 2.16 0
0.616667 2.2 0
0.616667 2.24 0
0.616667 2.28 0
0.616667 2.32 0
0.616667 2.36 0
0.616667 2.4 0
0.616667 2.44 0
0.616667 2.48 0
0.616667 2.52 0
0.616667 2.56 0
0.616667 2.6 0
0.616667 2.64 0
0.616667 2.68 0
0.616667 2.72 0
0.616667 2.76 0
0.616667 2.8 0
0.616667 2.84 0
0.616667 2.88 0
0.616667 2.92 0
0.616667 2.96 0
0.616667 3 0
0.616667 3.04 0
0.616667 3.08 0
0.616667 3.12 0
0.616667 3.16 0
0.616667 3.2 0
0.616667 3.24 0
0.616667 3.28 0
0.616667 3.32 0
0.616667 3.36 0
0.616667 3.4 0
0.616667 3.44 0
0.616667 3.48 0
0.616667 3.52 0
0.616667 3.56 0
0.616667 3.6 0
0.616667 3.64 0
0.616667 3.68 0
0.616667 3.72 0
0.616667 3.76 0
0.616667 3.8 0
0.616667 3.84 0
0.616667 3.88 0
0.616667 3.92 0
0.616667 3.96 0
0.616667 4 0
0.633333 -4 1.69214e-05
0.633333 -3.96 2.18258e-05
0.633333 -3.92 6.65606e-05
0.633333 -3.88 5.08204e-05
0.633333 -3.84 5.95686e-05
0.633333 -3.8 6.18324e-05
0.633333 -3.76 6.13322e-05
0.633333 -3.72 5.35758e-05
0.633333 -3.68 6.4482e-05
0.633333 -3.64 4.39626e-05
0.633333 -3.6 5.91734e-05
0.633333 -3.56 4.44393e-05
0.633333 -3.52 9.89297e-05
0.633333 -3.48 6.11221e-05
0.633333 -3.44 7.63645e-05
0.633333 -3.4 7.79742e-05
0.633333 -3.36 0.000148109
0.633333 -3.32 0.000104913
0.633333 -3.28 0.000114696
0.633333 -3.24 0.000101169
0.633333 -3.2 0.00010558
0.633333 -3.16 0.000127865
0.633333 -3.12 0.000104758
0.633333 -3.08 0.000103935
0.633333 -3.04 0.000153775
0.633333 -3 0.000144634
0.633333 -2.96 0.000156844
0.633333 -2.92 0.000130933
0.633333 -2.88 0.000154712
0.633333 -2.84 0.00014661
0.633333 -2.8 0.000192672
0.633333 -2.76 0.00015994
0.633333 -2.72 0.000190108
0.633333 -2.68 0.000189267
0.633333 -2.64 0.000194069
0.633333 -2.6 0.000220813
0.633333 -2.56 0.000240026
0.633333 -2.52 0.000261429
0.633333 -2.48 0.000248518
0.633333 -2.44 0.000274543
0.633333 -2.4 0.000303788
0.633333 -2.36 0.000310176
0.633333 -2.32 0.000334928
0.633333 -2.28 0.0003815
0.633333 -2.24 0.000357858
0.633333 -2.2 0.000380135
0.633333 -2.16 0.00045842
0.633333 -2.12 0.000465571
0.633333 -2.08 0.000503897
0.633333 -2.04 0.000477164
0.633333 -2 0.000527264
0.633333 -1.96 0.000647287
0.633333 -1.92 0.000738989
0.633333 -1.88 0.000800699
0.633333 -1.84 0.000853565
0.633333 -1.8 0.0010907
0.633333 -1.76 0.00109306
0.633333 -1.72 0.00115716
0.633333 -1.68 0.0011466
0.633333 -1.64 0.0010312
0.633333 -1.6 0.00104301
0.633333 -1.56 0.00113371
0.633333 -1.52 0.00114002
0.633333 -1.48 0.00118302
0.633333 -1.44 0.00125192
0.633333 -1.4 0.00137111
0.633333 -1.36 0.00129245
0.633333 -1.32 0.00122895
0.633333 -1.28 0.00130754
0.633333 -1.24 0.00144006
0.633333 -1.2 0.00146367
0.633333 -1.16 0.00151403
0.633333 -1.12 0.00168532
0.633333 -1.08 0.00154037
0.633333 -1.04 0.00173204
0.633333 -1 0.00180213
0.633333 -0.96 0.00196419
0.633333 -0.92 0.00208164
0.633333 -0.88 0.00213875
0.633333 -0.84 0.00221627
0.633333 -0.8 0.00235435
0.633333 -0.76 0.00250592
0.633333 -0.72 0.00269013
0.633333 -0.68 0.00283428
0.633333 -0.64 0.00307257
0.633333 -0.6 0.00330791
0.633333 -0.56 0.00366076
0.633333 -0.52 0.00400619
0.633333 -0.48 0.00421899
0.633333 -0.44 0.00481528
0.633333 -0.4 0.00518977
0.633333 -0.36 0.00605734
0.633333 -0.32 0.0069098
0.633333 -0.28 0.00816248
0.633333 -0.24 0.00934582
0.633333 -0.2 0.00977713
0.633333 -0.16 0.00914846
0.633333 -0.12 0.00811477
0.633333 -0.08 0.00698119
0.633333 -0.04 0.00543198
0.633333 0 0.00370193
0.633333 0.04 0.00247688
0.633333 0.08 0.00173955
0.633333 0.12 0.00128817
0.633333 0.16 0.000995845
0.633333 0.2 0.00079594
0.633333 0.24 0.000652924
0.633333 0.28 0.000546785
0.633333 0.32 0.000465626
0.633333 0.36 0.000402056
0.633333 0.4 0.000351209
0.633333 0.44 0.000309819
0.633333 0.48 0.000275668
0.633333 0.52 0.000247096
0.633333 0.56 0.000222947
0.633333 0.6 0.000202303
0.633333 0.64 0.000184544
0.633333 0.68 0.000169107
0.633333 0.72 0.000155619
0.633333 0.76 0.000143759
0.633333 0.8 0.000133252
0.633333 0.84 0.000123904
0.633333 0.88 0.000115559
0.633333 0.92 0.000108063
0.633333 0.96 0.000101298
0.633333 1 0
0.633333 1.04 0
0.633333 1.08 0
0.633333 1.12 0
0.633333 1.16 0
0.633333 1.2 0
0.633333 1.24 0
0.633333 1.28 0
0.633333 1.32 0
0.633333 1.36 0
0.633333 1.4 0
0.633333 1.44 0
0.633333 1.48 0
0.633333 1.52 0
0.633333 1.56 0
0.633333 1.6 0
0.633333 1.64 0
0.633333 1.68 0
0.633333 1.72 0
0.633333 1.76 0
0.633333 1.8 0
0.633333 1.84 0
0.633333 1.88 0
0.633333 1.92 0
0.633333 1.96 0
0.633333 2 0
0.633333 2.04 0
0.633333 2.08 0
0.633333 2.12 0
0.633333 2.16 0
0.633333 2.2 0
0.633333 2.24 0
0.633333 2.28 0
0.633333 2.32 0
0.633333 2.36 0
0.633333 2.4 0
0.633333 2.44 0
0.633333 2.48 0
0.633333 2.52 0
0.633333 2.56 0
0.633333 2.6 0
0.633333 2.64 0
0.633333 2.68 0
0.633333 2.72 0
0.633333 2.76 0
0.633333 2.8 0
0.633333 2.84 0
0.633333 2.88 0
0.633333 2.92 0
0.633333 2.96 0
0.633333 3 0
0.633333 3.04 0
0.633333 3.08 0
0.633333 3.12 0
0.633333 3.16 0
0.633333 3.2 0
0.633333 3.24 0
0.633333 3.28 0
0.633333 3.32 0
0.633333 3.36 0
0.633333 3.4 0
0.633333 3.44 0
0.633333 3.48 0
0.633333 3.52 0
0.633333 3.56 0
0.633333 3.6 0
0.633333 3.64 0
0.633333 3.68 0
0.633333 3.72 0
0.633333 3.76 0
0.633333 3.8 0
0.633333 3.84 0
0.633333 3.88 0
0.633333 3.92 0
0.633333 3.96 0
0.633333 4 0
0.65 -4 1.6723e-05
0.65 -3.96 4.1499e-05
0.65 -3.92 6.25554e-05
0.65 -3.88 7.70622e-05
0.65 -3.84 5.41295e-05
0.65 -3.8 6.33975e-05
0.65 -3.76 8.70555e-05
0.65 -3.72 3.979e-05
0.65 -3.68 4.60693e-05
0.65 -3.64 3.94519e-05
0.65 -3.6 6.28344e-05
0.65 -3.56 4.52215e-05
0.65 -3.52 7.99189e-05
0.65 -3.48 6.27935e-05
0.65 -3.44 7.85066e-05
0.65 -3.4 7.34714e-05
0.65 -3.36 0.000121847
0.65 -3.32 0.000115419
0.65 -3.28 0.000118438
0.65 -3.24 9.29338e-05
0.65 -3.2 8.88652e-05
0.65 -3.16 0.000111173
0.65 -3.12 0.000123486
0.65 -3.08 0.000103368
0.65 -3.04 0.000142568
0.65 -3 0.000121108
0.65 -2.96 0.000124917
0.65 -2.92 0.000108074
0.65 -2.88 0.00013731
0.65 -2.84 0.000148547
0.65 -2.8 0.000203419
0.65 -2.76 0.000150891
0.65 -2.72 0.000160347
0.65 -2.68 0.000189432
0.65 -2.64 0.000189255
0.65 -2.6 0.000210576
0.65 -2.56 0.000238593
0.65 -2.52 0.000241993
0.65 -2.48 0.000245804
0.65 -2.44 0.000241336
0.65 -2.4 0.000285258
0.65 -2.36 0.00032193
0.65 -2.32 0.000309466
0.65 -2.28 0.00037519
0.65 -2.24 0.000332968
0.65 -2.2 0.000368348
0.65 -2.16 0.000444327
0.65 -2.12 0.000449147
0.65 -2.08 0.000505472
0.65 -2.04 0.000495199
0.65 -2 0.000507425
0.65 -1.96 0.000581684
0.65 -1.92 0.000700885
0.65 -1.88 0.000788549
0.65 -1.84 0.0008255
0.65 -1.8 0.00107475
0.65 -1.76 0.00108263
0.65 -1.72 0.001127
0.65 -1.68 0.00113705
0.65 -1.64 0.00101351
0.65 -1.6 0.000967903
0.65 -1.56 0.00108076
0.65 -1.52 0.00114752
0.65 -1.48 0.00118338
0.65 -1.44 0.00115808
0.65 -1.4 0.00129767
0.65 -1.36 0.00124816
0.65 -1.32 0.00122233
0.65 -1.28 0.00130883
0.65 -1.24 0.00140486
0.65 -1.2 0.00145847
0.65 -1.16 0.00152847
0.65 -1.12 0.0016625
0.65 -1.08 0.00152131
0.65 -1.04 0.0017445
0.65 -1 0.00176493
0.65 -0.96 0.00191274
0.65 -0.92 0.00203994
0.65 -0.88 0.00203723
0.65 -0.84 0.00219049
0.65 -0.8 0.00235653
0.65 -0.76 0.00247465
0.65 -0.72 0.00260947
0.65 -0.68 0.00267933
0.65 -0.64 0.00305507
0.65 -0.6 0.00322976
0.65 -0.56 0.00359033
0.65 -0.52 0.00387936
0.65 -0.48 0.00415513
0.65 -0.44 0.00478572
0.65 -0.4 0.00515261
0.65 -0.36 0.00585911
0.65 -0.32 0.00672936
0.65 -0.28 0.00801584
0.65 -0.24 0.00934765
0.65 -0.2 0.00990645
0.65 -0.16 0.00933639
0.65 -0.12 0.00824365
0.65 -0.08 0.00705108
0.65 -0.04 0.00551394
0.65 0 0.003779
0.65 0.04 0.00252643
0.65 0.08 0.00176973
0.65 0.12 0.00130734
0.65 0.16 0.00100867
0.65 0.2 0.000804892
0.65 0.24 0.000659396
0.65 0.28 0.00055159
0.65 0.32 0.000469269
0.65 0.36 0.000404869
0.65 0.4 0.00035341
0.65 0.44 0.000311558
0.65 0.48 0.000277057
0.65 0.52 0.00024821
0.65 0.56 0.000223848
0.65 0.6 0.000203031
0.65 0.64 0.000185132
0.65 0.68 0.000169585
0.65 0.72 0.000156007
0.65 0.76 0.000144071
0.65 0.8 0.000133501
0.65 0.84 0.000124102
0.65 0.88 0.000115714
0.65 0.92 0.000108182
0.65 0.96 0.000101385
0.65 1 0
0.65 1.04 0
0.65 1.08 0
0.65 1.12 0
0.65 1.16 0
0.65 1.2 0
0.65 1.24 0
0.65 1.28 0
0.65 1.32 0
0.65 1.36 0
0.65 1.4 0
0.65 1.44 0
0.65 1.48 0
0.65 1.52 0
0.65 1.56 0
0.65 1.6 0
0.65 1.64 0
0.65 1.68 0
0.65 1.72 0
0.65 1.76 0
0.65 1.8 0
0.65 1.84 0
0.65 1.88 0
0.65 1.92 0
0.65 1.96 0
0.65 2 0
0.65 2.04 0
0.65 2.08 0
0.65 2.12 0
0.65 2.16 0
0.65 2.2 0
0.65 2.24 0
0.65 2.28 0
0.65 2.32 0
0.65 2.36 0
0.65 2.4 0
0.65 2.44 0
0.65 2.48 0
0.65 2.52 0
0.65 2.56 0
0.65 2.6 0
0.65 2.64 0
0.65 2.68 0
0.65 2.72 0
0.65 2.76 0
0.65 2.8 0
0.65 2.84 0
0.65 2.88 0
0.65 2.92 0
0.65 2.96 0
0.65 3 0
0.65 3.04 0
0.65 3.08 0
0.65 3.12 0
0.65 3.16 0
0.65 3.2 0
0.65 3.24 0
0.65 3.28 0
0.65 3.32 0
0.65 3.36 0
0.65 3.4 0
0.65 3.44 0
0.65 3.48 0
0.65 3.52 0
0.65 3.56 0
0.65 3.6 0
0.65 3.64 0
0.65 3.68 0
0.65 3.72 0
0.65 3.76 0
0.65 3.8 0
0.65 3.84 0
0.65 3.88 0
0.65 3.92 0
0.65 3.96 0
0.65 4 0
0.666667 -4 2.36436e-05
0.666667 -3.96 5.49163e-05
0.666667 -3.92 4.32119e-05
0.666667 -3.88 8.93564e-05
0.666667 -3.84 5.62834e-05
0.666667 -3.8 6.87602e-05
0.666667 -3.76 8.16752e-05
0.666667 -3.72 2.72912e-05
0.666667 -3.68 4.00131e-05
0.666667 -3.64 5.07939e-05
0.666667 -3.6 6.08702e-05
0.666667 -3.56 6.84679e-05
0.666667 -3.52 5.80576e-05
0.666667 -3.48 6.6986e-05
0.666667 -3.44 7.08787e-05
0.666667 -3.4 7.59717e-05
0.666667 -3.36 8.36164e-05
0.666667 -3.32 0.000118156
0.666667 -3.28 0.000111476
0.666667 -3.24 0.000104849
0.666667 -3.2 9.64375e-05
0.666667 -3.16 0.000112556
0.666667 -3.12 0.00011887
0.666667 -3.08 0.000114879
0.666667 -3.04 0.000135423
0.666667 -3 0.000102344
0.666667 -2.96 0.000114519
0.666667 -2.92 0.00011013
0.666667 -2.88 0.000108721
0.666667 -2.84 0.000155888
0.666667 -2.8 0.000191017
0.666667 -2.76 0.000145248
0.666667 -2.72 0.000175535
0.666667 -2.68 0.000202132
0.666667 -2.64 0.000171094
0.666667 -2.6 0.00020423
0.666667 -2.56 0.000209427
0.666667 -2.52 0.000232215
0.666667 -2.48 0.000248026
0.666667 -2.44 0.000201501
0.666667 -2.4 0.000248678
0.666667 -2.36 0.000316082
0.666667 -2.32 0.000280139
0.666667 -2.28 0.000367971
0.666667 -2.24 0.000312335
0.666667 -2.2 0.000378215
0.666667 -2.16 0.0004355
0.666667 -2.12 0.000447799
0.666667 -2.08 0.000503331
0.666667 -2.04 0.000525175
0.666667 -2 0.000524084
0.666667 -1.96 0.000549288
0.666667 -1.92 0.000669072
0.666667 -1.88 0.000758621
0.666667 -1.84 0.000808434
0.666667 -1.8 0.00101647
0.666667 -1.76 0.00106108
0.666667 -1.72 0.00108532
0.666667 -1.68 0.00115676
0.666667 -1.64 0.000975369
0.666667 -1.6 0.000949597
0.666667 -1.56 0.00103798
0.666667 -1.52 0.00108819
0.666667 -1.48 0.00114224
0.666667 -1.44 0.00107961
0.666667 -1.4 0.00123968
0.666667 -1.36 0.00119462
0.666667 -1.32 0.00124367
0.666667 -1.28 0.00132152
0.666667 -1.24 0.00138614
0.666667 -1.2 0.00145676
0.666667 -1.16 0.00154759
0.666667 -1.12 0.00162926
0.666667 -1.08 0.00152933
0.666667 -1.04 0.00175348
0.666667 -1 0.00177198
0.666667 -0.96 0.0018353
0.666667 -0.92 0.00201974
0.666667 -0.88 0.00197908
0.666667 -0.84 0.00221345
0.666667 -0.8 0.00227532
0.666667 -0.76 0.00243782
0.666667 -0.72 0.00260291
0.666667 -0.68 0.00261812
0.666667 -0.64 0.00302878
0.666667 -0.6 0.00314299
0.666667 -0.56 0.00342797
0.666667 -0.52 0.00376643
0.666667 -0.48 0.0041185
0.666667 -0.44 0.00468715
0.666667 -0.4 0.00510207
0.666667 -0.36 0.00563326
0.666667 -0.32 0.00659859
0.666667 -0.28 0.00787487
0.666667 -0.24 0.00932441
0.666667 -0.2 0.0100122
0.666667 -0.16 0.00951641
0.666667 -0.12 0.00838389
0.666667 -0.08 0.00712498
0.666667 -0.04 0.00558817
0.666667 0 0.00384936
0.666667 0.04 0.00257224
0.666667 0.08 0.00179774
0.666667 0.12 0.00132517
0.666667 0.16 0.00102059
0.666667 0.2 0.000813219
0.666667 0.24 0.000665414
0.666667 0.28 0.000556056
0.666667 0.32 0.000472654
0.666667 0.36 0.000407478
0.666667 0.4 0.000355448
0.666667 0.44 0.000313165
0.666667 0.48 0.000278339
0.666667 0.52 0.000249237
0.666667 0.56 0.000224675
0.666667 0.6 0.000203697
0.666667 0.64 0.000185669
0.666667 0.68 0.000170019
0.666667 0.72 0.000156358
0.666667 0.76 0.000144351
0.666667 0.8 0.000133721
0.666667 0.84 0.000124277
0.666667 0.88 0.000115849
0.666667 0.92 0.000108283
0.666667 0.96 0.000101457
0.666667 1 0
0.666667 1.04 0
0.666667 1.08 0
0.666667 1.12 0
0.666667 1.16 0
0.666667 1.2 0
0.666667 1.24 0
0.666667 1.28 0
0.666667 1.32 0
0.666667 1.36 0
0.666667 1.4 0
0.666667 1.44 0
0.666667 1.48 0
0.666667 1.52 0
0.666667 1.56 0
0.666667 1.6 0
0.666667 1.64 0
0.666667 1.68 0
0.666667 1.72 0
0.666667 1.76 0
0.666667 1.8 0
0.666667 1.84 0
0.666667 1.88 0
0.666667 1.92 0
0.666667 1.96 0
0.666667 2 0
0.666667 2.04 0
0.666667 2.08 0
0.666667 2.12 0
0.666667 2.16 0
0.666667 2.2 0
0.666667 2.24 0
0.666667 2.28 0
0.666667 2.32 0
0.666667 2.36 0
0.666667 2.4 0
0.666667 2.44 0
0.666667 2.48 0
0.666667 2.52 0
0.666667 2.56 0
0.666667 2.6 0
0.666667 2.64 0
0.666667 2.68 0
0.666667 2.72 0
0.666667 2.76 0
0.666667 2.8 0
0.666667 2.84 0
0.666667 2.88 0
0.666667 2.92 0
0.666667 2.96 0
0.666667 3 0
0.666667 3.04 0
0.666667 3.08 0
0.666667 3.12 0
0.666667 3.16 0
0.666667 3.2 0
0.666667 3.24 0
0.666667 3.28 0
0.666667 3.32 0
0.666667 3.36 0
0.666667 3.4 0
0.666667 3.44 0
0.666667 3.48 0
0.666667 3.52 0
0.666667 3.56 0
0.666667 3.6 0
0.666667 3.64 0
0.666667 3.68 0
0.666667 3.72 0
0.666667 3.76 0
0.666667 3.8 0
0.666667 3.84 0
0.666667 3.88 0
0.666667 3.92 0
0.666667 3.96 0
0.666667 4 0
0.683333 -4 3.14987e-05
0.683333 -3.96 5.6287e-05
0.683333 -3.92 2.98779e-05
0.683333 -3.88 7.81626e-05
0.683333 -3.84 5.85739e-05
0.683333 -3.8 6.02441e-05
0.683333 -3.76 6.02692e-05
0.683333 -3.72 1.8691e-05
0.683333 -3.68 6.54197e-05
0.683333 -3.64 5.744e-05
0.683333 -3.6 5.54875e-05
0.683333 -3.56 9.53437e-05
0.683333 -3.52 4.25716e-05
0.683333 -3.48 6.51611e-05
0.683333 -3.44 6.96744e-05
0.683333 -3.4 8.37815e-05
0.683333 -3.36 5.89547e-05
0.683333 -3.32 0.000109045
0.683333 -3.28 9.74101e-05
0.683333 -3.24 0.000123689
0.683333 -3.2 0.000110897
0.683333 -3.16 0.000123524
0.683333 -3.12 9.34139e-05
0.683333 -3.08 0.000124831
0.683333 -3.04 0.000130927
0.683333 -3 0.000101693
0.683333 -2.96 0.000127841
0.683333 -2.92 0.000128488
0.683333 -2.88 8.79425e-05
0.683333 -2.84 0.000158988
0.683333 -2.8 0.000170898
0.683333 -2.76 0.000145512
0.683333 -2.72 0.000205136
0.683333 -2.68 0.000206679
0.683333 -2.64 0.00015494
0.683333 -2.6 0.000190802
0.683333 -2.56 0.000176845
0.683333 -2.52 0.000233314
0.683333 -2.48 0.000242268
0.683333 -2.44 0.000200108
0.683333 -2.4 0.000231131
0.683333 -2.36 0.000301577
0.683333 -2.32 0.000269615
0.683333 -2.28 0.000347427
0.683333 -2.24 0.00031783
0.683333 -2.2 0.000393948
0.683333 -2.16 0.000440557
0.683333 -2.12 0.000451336
0.683333 -2.08 0.000498105
0.683333 -2.04 0.000522148
0.683333 -2 0.000541581
0.683333 -1.96 0.000576899
0.683333 -1.92 0.000640566
0.683333 -1.88 0.000718679
0.683333 -1.84 0.000811543
0.683333 -1.8 0.00097687
0.683333 -1.76 0.00103963
0.683333 -1.72 0.00103881
0.683333 -1.68 0.00115644
0.683333 -1.64 0.000916448
0.683333 -1.6 0.00101024
0.683333 -1.56 0.00103496
0.683333 -1.52 0.00101192
0.683333 -1.48 0.00108173
0.683333 -1.44 0.00107694
0.683333 -1.4 0.00123298
0.683333 -1.36 0.00115679
0.683333 -1.32 0.00124781
0.683333 -1.28 0.00130807
0.683333 -1.24 0.00136715
0.683333 -1.2 0.00140887
0.683333 -1.16 0.00154478
0.683333 -1.12 0.00159258
0.683333 -1.08 0.00151985
0.683333 -1.04 0.00173284
0.683333 -1 0.00176424
0.683333 -0.96 0.00176491
0.683333 -0.92 0.00199767
0.683333 -0.88 0.00197492
0.683333 -0.84 0.00219847
0.683333 -0.8 0.00214997
0.683333 -0.76 0.00243389
0.683333 -0.72 0.00259807
0.683333 -0.68 0.00265638
0.683333 -0.64 0.00293746
0.683333 -0.6 0.00312598
0.683333 -0.56 0.00333768
0.683333 -0.52 0.0036833
0.683333 -0.48 0.00406265
0.683333 -0.44 0.00455004
0.683333 -0.4 0.00502713
0.683333 -0.36 0.00548115
0.683333 -0.32 0.00649537
0.683333 -0.28 0.00774167
0.683333 -0.24 0.00927542
0.683333 -0.2 0.0100975
0.683333 -0.16 0.00968381
0.683333 -0.12 0.00853247
0.683333 -0.08 0.00720441
0.683333 -0.04 0.00565647
0.683333 0 0.00391335
0.683333 0.04 0.00261433
0.683333 0.08 0.0018236
0.683333 0.12 0.00134165
0.683333 0.16 0.00103163
0.683333 0.2 0.000820937
0.683333 0.24 0.000670991
0.683333 0.28 0.000560193
0.683333 0.32 0.000475787
0.683333 0.36 0.00040989
0.683333 0.4 0.000357328
0.683333 0.44 0.000314646
0.683333 0.48 0.000279517
0.683333 0.52 0.000250178
0.683333 0.56 0.000225431
0.683333 0.6 0.000204306
0.683333 0.64 0.000186156
0.683333 0.68 0.000170412
0.683333 0.72 0.000156674
0.683333 0.76 0.0001446
0.683333 0.8 0.000133917
0.683333 0.84 0.000124429
0.683333 0.88 0.000115965
0.683333 0.92 0.000108368
0.683333 0.96 0.000101516
0.683333 1 0
0.683333 1.04 0
0.683333 1.08 0
0.683333 1.12 0
0.683333 1.16 0
0.683333 1.2 0
0.683333 1.24 0
0.683333 1.28 0
0.683333 1.32 0
0.683333 1.36 0
0.683333 1.4 0
0.683333 1.44 0
0.683333 1.48 0
0.683333 1.52 0
0.683333 1.56 0
0.683333 1.6 0
0.683333 1.64 0
0.683333 1.68 0
0.683333 1.72 0
0.683333 1.76 0
0.683333 1.8 0
0.683333 1.84 0
0.683333 1.88 0
0.683333 1.92 0
0.683333 1.96 0
0.683333 2 0
0.683333 2.04 0
0.683333 2.08 0
0.683333 2.12 0
0.683333 2.16 0
0.683333 2.2 0
0.683333 2.24 0
0.683333 2.28 0
0.683333 2.32 0
0.683333 2.36 0
0.683333 2.4 0
0.683333 2.44 0
0.683333 2.48 0
0.683333 2.52 0
0.683333 2.56 0
0.683333 2.6 0
0.683333 2.64 0
0.683333 2.68 0
0.683333 2.72 0
0.683333 2.76 0
0.683333 2.8 0
0.683333 2.84 0
0.683333 2.88 0
0.683333 2.92 0
0.683333 2.96 0
0.683333 3 0
0.683333 3.04 0
0.683333 3.08 0
0.683333 3.12 0
0.683333 3.16 0
0.683333 3.2 0
0.683333 3.24 0
0.683333 3.28 0
0.683333 3.32 0
0.683333 3.36 0
0.683333 3.4 0
0.683333 3.44 0
0.683333 3.48 0
0.683333 3.52 0
0.683333 3.56 0
0.683333 3.6 0
0.683333 3.64 0
0.683333 3.68 0
0.683333 3.72 0
0.683333 3.76 0
0.683333 3.8 0
0.683333 3.84 0
0.683333 3.88 0
0.683333 3.92 0
0.683333 3.96 0
0.683333 4 0
0.7 -4 3.80686e-05
0.7 -3.96 5.14262e-05
0.7 -3.92 2.87057e-05
0.7 -3.88 5.81901e-05
0.7 -3.84 5.80397e-05
0.7 -3.8 4.38456e-05
0.7 -3.76 5.57147e-05
0.7 -3.72 1.82619e-05
0.7 -3.68 0.000101864
0.7 -3.64 5.6523e-05
0.7 -3.6 5.20376e-05
0.7 -3.56 9.85912e-05
0.7 -3.52 4.12072e-05
0.7 -3.48 6.16113e-05
0.7 -3.44 8.09938e-05
0.7 -3.4 8.43935e-05
0.7 -3.36 5.41783e-05
0.7 -3.32 9.49223e-05
0.7 -3.28 8.22595e-05
0.7 -3.24 0.000123357
0.7 -3.2 0.000119002
0.7 -3.16 0.000126155
0.7 -3.12 8.06925e-05
0.7 -3.08 0.000118853
0.7 -3.04 0.000130455
0.7 -3 0.000107167
0.7 -2.96 0.000133811
0.7 -2.92 0.000141501
0.7 -2.88 9.84138e-05
0.7 -2.84 0.000154374
0.7 -2.8 0.000156259
0.7 -2.76 0.000141023
0.7 -2.72 0.000199485
0.7 -2.68 0.000205206
0.7 -2.64 0.000145674
0.7 -2.6 0.000184387
0.7 -2.56 0.000176134
0.7 -2.52 0.000234562
0.7 -2.48 0.000211386
0.7 -2.44 0.000225902
0.7 -2.4 0.000235476
0.7 -2.36 0.000294285
0.7 -2.32 0.000278126
0.7 -2.28 0.000310251
0.7 -2.24 0.000335119
0.7 -2.2 0.00038736
0.7 -2.16 0.000437437
0.7 -2.12 0.000439759
0.7 -2.08 0.000486234
0.7 -2.04 0.000504455
0.7 -2 0.000536569
0.7 -1.96 0.000615746
0.7 -1.92 0.0006042
0.7 -1.88 0.000679916
0.7 -1.84 0.000823037
0.7 -1.8 0.000974224
0.7 -1.76 0.00103097
0.7 -1.72 0.00101568
0.7 -1.68 0.00113194
0.7 -1.64 0.000887398
0.7 -1.6 0.00105512
0.7 -1.56 0.00104237
0.7 -1.52 0.00100549
0.7 -1.48 0.00103739
0.7 -1.44 0.00112107
0.7 -1.4 0.00124178
0.7 -1.36 0.00115849
0.7 -1.32 0.00120503
0.7 -1.28 0.00126522
0.7 -1.24 0.00132882
0.7 -1.2 0.00133872
0.7 -1.16 0.00153312
0.7 -1.12 0.00155456
0.7 -1.08 0.00148096
0.7 -1.04 0.0017019
0.7 -1 0.0017312
0.7 -0.96 0.00173125
0.7 -0.92 0.00196464
0.7 -0.88 0.00199261
0.7 -0.84 0.00209152
0.7 -0.8 0.00209225
0.7 -0.76 0.00243712
0.7 -0.72 0.00254412
0.7 -0.68 0.002683
0.7 -0.64 0.00278257
0.7 -0.6 0.0031495
0.7 -0.56 0.00334941
0.7 -0.52 0.00360937
0.7 -0.48 0.00398244
0.7 -0.44 0.00445306
0.7 -0.4 0.00497645
0.7 -0.36 0.00544537
0.7 -0.32 0.00636695
0.7 -0.28 0.0075971
0.7 -0.24 0.00920585
0.7 -0.2 0.0101595
0.7 -0.16 0.00983565
0.7 -0.12 0.00868524
0.7 -0.08 0.00729023
0.7 -0.04 0.00572052
0.7 0 0.00397143
0.7 0.04 0.00265279
0.7 0.08 0.00184733
0.7 0.12 0.00135683
0.7 0.16 0.00104182
0.7 0.2 0.000828065
0.7 0.24 0.000676142
0.7 0.28 0.000564014
0.7 0.32 0.000478679
0.7 0.36 0.000412111
0.7 0.4 0.000359058
0.7 0.44 0.000316006
0.7 0.48 0.000280597
0.7 0.52 0.000251039
0.7 0.56 0.000226121
0.7 0.6 0.000204859
0.7 0.64 0.000186597
0.7 0.68 0.000170765
0.7 0.72 0.000156956
0.7 0.76 0.000144821
0.7 0.8 0.000134088
0.7 0.84 0.000124562
0.7 0.88 0.000116064
0.7 0.92 0.000108438
0.7 0.96 0.000101562
0.7 1 0
0.7 1.04 0
0.7 1.08 0
0.7 1.12 0
0.7 1.16 0
0.7 1.2 0
0.7 1.24 0
0.7 1.28 0
0.7 1.32 0
0.7 1.36 0
0.7 1.4 0
0.7 1.44 0
0.7 1.48 0
0.7 1.52 0
0.7 1.56 0
0.7 1.6 0
0.7 1.64 0
0.7 1.68 0
0.7 1.72 0
0.7 1.76 0
0.7 1.8 0
0.7 1.84 0
0.7 1.88 0
0.7 1.92 0
0.7 1.96 0
0.7 2 0
0.7 2.04 0
0.7 2.08 0
0.7 2.12 0
0.7 2.16 0
0.7 2.2 0
0.7 2.24 0
0.7 2.28 0
0.7 2.32 0
0.7 2.36 0
0.7 2.4 0
0.7 2.44 0
0.7 2.48 0
0.7 2.52 0
0.7 2.56 0
0.7 2.6 0
0.7 2.64 0
0.7 2.68 0
0.7 2.72 0
0.7 2.76 0
0.7 2.8 0
0.7 2.84 0
0.7 2.88 0
0.7 2.92 0
0.7 2.96 0
0.7 3 0
0.7 3.04 0
0.7 3.08 0
0.7 3.12 0
0.7 3.16 0
0.7 3.2 0
0.7 3.24 0
0.7 3.28 0
0.7 3.32 0
0.7 3.36 0
0.7 3.4 0
0.7 3.44 0
0.7 3.48 0
0.7 3.52 0
0.7 3.56 0
0.7 3.6 0
0.7 3.64 0
0.7 3.68 0
0.7 3.72 0
0.7 3.76 0
0.7 3.8 0
0.7 3.84 0
0.7 3.88 0
0.7 3.92 0
0.7 3.96 0
0.7 4 0
0.716667 -4 4.19056e-05
0.716667 -3.96 4.44011e-05
0.716667 -3.92 2.63216e-05
0.716667 -3.88 4.41248e-05
0.716667 -3.84 5.6902e-05
0.716667 -3.8 4.31562e-05
0.716667 -3.76 6.18186e-05
0.716667 -3.72 3.42319e-05
0.716667 -3.68 0.000109886
0.716667 -3.64 6.46069e-05
0.716667 -3.6 5.17575e-05
0.716667 -3.56 7.66374e-05
0.716667 -3.52 5.46589e-05
0.716667 -3.48 6.51005e-05
0.716667 -3.44 8.60679e-05
0.716667 -3.4 6.92541e-05
0.716667 -3.36 6.45727e-05
0.716667 -3.32 8.11785e-05
0.716667 -3.28 7.06276e-05
0.716667 -3.24 9.85006e-05
0.716667 -3.2 0.000124625
0.716667 -3.16 0.000123482
0.716667 -3.12 9.36485e-05
0.716667 -3.08 0.000101579
0.716667 -3.04 0.000136585
0.716667 -3 0.000105376
0.716667 -2.96 0.000113359
0.716667 -2.92 0.000138686
0.716667 -2.88 0.000135096
0.716667 -2.84 0.000141218
0.716667 -2.8 0.000145337
0.716667 -2.76 0.000130422
0.716667 -2.72 0.00016633
0.716667 -2.68 0.000202304
0.716667 -2.64 0.000140436
0.716667 -2.6 0.000201994
0.716667 -2.56 0.000200708
0.716667 -2.52 0.000226608
0.716667 -2.48 0.000169087
0.716667 -2.44 0.000233173
0.716667 -2.4 0.000238392
0.716667 -2.36 0.000295136
0.716667 -2.32 0.000291976
0.716667 -2.28 0.000282884
0.716667 -2.24 0.000344412
0.716667 -2.2 0.000361513
0.716667 -2.16 0.00040952
0.716667 -2.12 0.000427014
0.716667 -2.08 0.00046861
0.716667 -2.04 0.00050018
0.716667 -2 0.000520269
0.716667 -1.96 0.00061577
0.716667 -1.92 0.00056941
0.716667 -1.88 0.000647223
0.716667 -1.84 0.000810255
0.716667 -1.8 0.000964954
0.716667 -1.76 0.00103257
0.716667 -1.72 0.00103542
0.716667 -1.68 0.00109921
0.716667 -1.64 0.00091036
0.716667 -1.6 0.00100163
0.716667 -1.56 0.0010179
0.716667 -1.52 0.00106419
0.716667 -1.48 0.00103212
0.716667 -1.44 0.00113912
0.716667 -1.4 0.00121699
0.716667 -1.36 0.00118593
0.716667 -1.32 0.0011427
0.716667 -1.28 0.00122486
0.716667 -1.24 0.00128883
0.716667 -1.2 0.00131129
0.716667 -1.16 0.00154184
0.716667 -1.12 0.00152796
0.716667 -1.08 0.00144107
0.716667 -1.04 0.00169223
0.716667 -1 0.00171399
0.716667 -0.96 0.00172556
0.716667 -0.92 0.00193042
0.716667 -0.88 0.00200261
0.716667 -0.84 0.00197455
0.716667 -0.8 0.00213237
0.716667 -0.76 0.00239706
0.716667 -0.72 0.00246532
0.716667 -0.68 0.0026096
0.716667 -0.64 0.00266538
0.716667 -0.6 0.00313547
0.716667 -0.56 0.00334528
0.716667 -0.52 0.00353088
0.716667 -0.48 0.00391221
0.716667 -0.44 0.0044215
0.716667 -0.4 0.00495741
0.716667 -0.36 0.00546873
0.716667 -0.32 0.00621273
0.716667 -0.28 0.00744733
0.716667 -0.24 0.00912243
0.716667 -0.2 0.0101959
0.716667 -0.16 0.00997016
0.716667 -0.12 0.00883733
0.716667 -0.08 0.00738256
0.716667 -0.04 0.00578182
0.716667 0 0.0040241
0.716667 0.04 0.00268773
0.716667 0.08 0.00186901
0.716667 0.12 0.00137075
0.716667 0.16 0.00105118
0.716667 0.2 0.000834624
0.716667 0.24 0.000680883
0.716667 0.28 0.00056753
0.716667 0.32 0.00048134
0.716667 0.36 0.000414152
0.716667 0.4 0.000360644
0.716667 0.44 0.000317252
0.716667 0.48 0.000281584
0.716667 0.52 0.000251824
0.716667 0.56 0.000226747
0.716667 0.6 0.000205359
0.716667 0.64 0.000186994
0.716667 0.68 0.000171082
0.716667 0.72 0.000157208
0.716667 0.76 0.000145015
0.716667 0.8 0.000134237
0.716667 0.84 0.000124675
0.716667 0.88 0.000116147
0.716667 0.92 0.000108494
0.716667 0.96 0.000101598
0.716667 1 0
0.716667 1.04 0
0.716667 1.08 0
0.716667 1.12 0
0.716667 1.16 0
0.716667 1.2 0
0.716667 1.24 0
0.716667 1.28 0
0.716667 1.32 0
0.716667 1.36 0
0.716667 1.4 0
0.716667 1.44 0
0.716667 1.48 0
0.716667 1.52 0
0.716667 1.56 0
0.716667 1.6 0
0.716667 1.64 0
0.716667 1.68 0
0.716667 1.72 0
0.716667 1.76 0
0.716667 1.8 0
0.716667 1.84 0
0.716667 1.88 0
0.716667 1.92 0
0.716667 1.96 0
0.716667 2 0
0.716667 2.04 0
0.716667 2.08 0
0.716667 2.12 0
0.716667 2.16 0
0.716667 2.2 0
0.716667 2.24 0
0.716667 2.28 0
0.716667 2.32 0
0.716667 2.36 0
0.716667 2.4 0
0.716667 2.44 0
0.716667 2.48 0
0.716667 2.52 0
0.716667 2.56 0
0.716667 2.6 0
0.716667 2.64 0
0.716667 2.68 0
0.716667 2.72 0
0.716667 2.76 0
0.716667 2.8 0
0.716667 2.84 0
0.716667 2.88 0
0.716667 2.92 0
0.716667 2.96 0
0.716667 3 0
0.716667 3.04 0
0.716667 3.08 0
0.716667 3.12 0
0.716667 3.16 0
0.716667 3.2 0
0.716667 3.24 0
0.716667 3.28 0
0.716667 3.32 0
0.716667 3.36 0
0.716667 3.4 0
0.716667 3.44 0
0.716667 3.48 0
0.716667 3.52 0
0.716667 3.56 0
0.716667 3.6 0
0.716667 3.64 0
0.716667 3.68 0
0.716667 3.72 0
0.716667 3.76 0
0.716667 3.8 0
0.716667 3.84 0
0.716667 3.88 0
0.716667 3.92 0
0.716667 3.96 0
0.716667 4 0
0.733333 -4 3.99716e-05
0.733333 -3.96 3.17945e-05
0.733333 -3.92 1.89407e-05
0.733333 -3.88 3.45041e-05
0.733333 -3.84 5.50641e-05
0.733333 -3.8 6.2195e-05
0.733333 -3.76 4.83042e-05
0.733333 -3.72 6.39413e-05
0.733333 -3.68 8.31128e-05
0.733333 -3.64 8.69001e-05
0.733333 -3.6 5.47799e-05
0.733333 -3.56 5.42579e-05
0.733333 -3.52 7.1308e-05
0.733333 -3.48 6.98544e-05
0.733333 -3.44 7.17378e-05
0.733333 -3.4 5.06391e-05
0.733333 -3.36 8.2098e-05
0.733333 -3.32 6.4546e-05
0.733333 -3.28 6.92585e-05
0.733333 -3.24 7.68422e-05
0.733333 -3.2 0.000132953
0.733333 -3.16 0.00013443
0.733333 -3.12 0.000104574
0.733333 -3.08 9.80836e-05
0.733333 -3.04 0.000143857
0.733333 -3 0.000101269
0.733333 -2.96 8.49103e-05
0.733333 -2.92 0.000127944
0.733333 -2.88 0.000161595
0.733333 -2.84 0.000125023
0.733333 -2.8 0.000138201
0.733333 -2.76 0.000127771
0.733333 -2.72 0.000154756
0.733333 -2.68 0.000188866
0.733333 -2.64 0.000138637
0.733333 -2.6 0.000226058
0.733333 -2.56 0.000209541
0.733333 -2.52 0.000216024
0.733333 -2.48 0.000149609
0.733333 -2.44 0.000211619
0.733333 -2.4 0.00023235
0.733333 -2.36 0.000291992
0.733333 -2.32 0.000300776
0.733333 -2.28 0.000291428
0.733333 -2.24 0.000341373
0.733333 -2.2 0.000349394
0.733333 -2.16 0.000374968
0.733333 -2.12 0.000433176
0.733333 -2.08 0.000453458
0.733333 -2.04 0.000497443
0.733333 -2 0.000512291
0.733333 -1.96 0.000582245
0.733333 -1.92 0.000548336
0.733333 -1.88 0.000622078
0.733333 -1.84 0.00075285
0.733333 -1.8 0.000918662
0.733333 -1.76 0.00102554
0.733333 -1.72 0.00106112
0.733333 -1.68 0.00104415
0.733333 -1.64 0.000932472
0.733333 -1.6 0.000901326
0.733333 -1.56 0.000965687
0.733333 -1.52 0.00109332
0.733333 -1.48 0.00105803
0.733333 -1.44 0.0011042
0.733333 -1.4 0.00116468
0.733333 -1.36 0.00118939
0.733333 -1.32 0.00110447
0.733333 -1.28 0.00120993
0.733333 -1.24 0.00128606
0.733333 -1.2 0.0013361
0.733333 -1.16 0.00156164
0.733333 -1.12 0.00152485
0.733333 -1.08 0.00143245
0.733333 -1.04 0.00170409
0.733333 -1 0.00172156
0.733333 -0.96 0.00171951
0.733333 -0.92 0.00189648
0.733333 -0.88 0.00199342
0.733333 -0.84 0.00197672
0.733333 -0.8 0.00216871
0.733333 -0.76 0.00233852
0.733333 -0.72 0.00241769
0.733333 -0.68 0.00248725
0.733333 -0.64 0.00268416
0.733333 -0.6 0.00308888
0.733333 -0.56 0.00325877
0.733333 -0.52 0.00345639
0.733333 -0.48 0.00386738
0.733333 -0.44 0.00439787
0.733333 -0.4 0.00491874
0.733333 -0.36 0.0054572
0.733333 -0.32 0.00608281
0.733333 -0.28 0.00732235
0.733333 -0.24 0.00903273
0.733333 -0.2 0.0102139
0.733333 -0.16 0.0100868
0.733333 -0.12 0.00898378
0.733333 -0.08 0.00748072
0.733333 -0.04 0.0058416
0.733333 0 0.00407193
0.733333 0.04 0.00271934
0.733333 0.08 0.00188871
0.733333 0.12 0.00138345
0.733333 0.16 0.00105975
0.733333 0.2 0.000840638
0.733333 0.24 0.000685233
0.733333 0.28 0.000570756
0.733333 0.32 0.000483779
0.733333 0.36 0.000416019
0.733333 0.4 0.000362094
0.733333 0.44 0.000318388
0.733333 0.48 0.000282481
0.733333 0.52 0.000252536
0.733333 0.56 0.000227313
0.733333 0.6 0.000205811
0.733333 0.64 0.00018735
0.733333 0.68 0.000171365
0.733333 0.72 0.00015743
0.733333 0.76 0.000145185
0.733333 0.8 0.000134367
0.733333 0.84 0.000124772
0.733333 0.88 0.000116215
0.733333 0.92 0.000108539
0.733333 0.96 0.000101623
0.733333 1 0
0.733333 1.04 0
0.733333 1.08 0
0.733333 1.12 0
0.733333 1.16 0
0.733333 1.2 0
0.733333 1.24 0
0.733333 1.28 0
0.733333 1.32 0
0.733333 1.36 0
0.733333 1.4 0
0.733333 1.44 0
0.733333 1.48 0
0.733333 1.52 0
0.733333 1.56 0
0.733333 1.6 0
0.733333 1.64 0
0.733333 1.68 0
0.733333 1.72 0
0.733333 1.76 0
0.733333 1.8 0
0.733333 1.84 0
0.733333 1.88 0
0.733333 1.92 0
0.733333 1.96 0
0.733333 2 0
0.733333 2.04 0
0.733333 2.08 0
0.733333 2.12 0
0.733333 2.16 0
0.733333 2.2 0
0.733333 2.24 0
0.733333 2.28 0
0.733333 2.32 0
0.733333 2.36 0
0.733333 2.4 0
0.733333 2.44 0
0.733333 2.48 0
0.733333 2.52 0
0.733333 2.56 0
0.733333 2.6 0
0.733333 2.64 0
0.733333 2.68 0
0.733333 2.72 0
0.733333 2.76 0
0.733333 2.8 0
0.733333 2.84 0
0.733333 2.88 0
0.733333 2.92 0
0.733333 2.96 0
0.733333 3 0
0.733333 3.04 0
0.733333 3.08 0
0.733333 3.12 0
0.733333 3.16 0
0.733333 3.2 0
0.733333 3.24 0
0.733333 3.28 0
0.733333 3.32 0
0.733333 3.36 0
0.733333 3.4 0
0.733333 3.44 0
0.733333 3.48 0
0.733333 3.52 0
0.733333 3.56 0
0.733333 3.6 0
0.733333 3.64 0
0.733333 3.68 0
0.733333 3.72 0
0.733333 3.76 0
0.733333 3.8 0
0.733333 3.84 0
0.733333 3.88 0
0.733333 3.92 0
0.733333 3.96 0
0.733333 4 0
0.75 -4 3.36736e-05
0.75 -3.96 1.34894e-05
0.75 -3.92 2.01258e-05
0.75 -3.88 2.5311e-05
0.75 -3.84 5.14739e-05
0.75 -3.8 7.83316e-05
0.75 -3.76 1.95005e-05
0.75 -3.72 8.35809e-05
0.75 -3.68 5.65964e-05
0.75 -3.64 0.000104823
0.75 -3.6 6.29832e-05
0.75 -3.56 4.76766e-05
0.75 -3.52 7.74512e-05
0.75 -3.48 6.25664e-05
0.75 -3.44 5.42326e-05
0.75 -3.4 5.23072e-05
0.75 -3.36 9.26648e-05
0.75 -3.32 4.59841e-05
0.75 -3.28 8.13581e-05
0.75 -3.24 8.40866e-05
0.75 -3.2 0.000137413
0.75 -3.16 0.00015898
0.75 -3.12 9.20926e-05
0.75 -3.08 0.000123099
0.75 -3.04 0.000144376
0.75 -3 0.00010204
0.75 -2.96 7.95633e-05
0.75 -2.92 0.000120981
0.75 -2.88 0.000153124
0.75 -2.84 0.000120557
0.75 -2.8 0.000142658
0.75 -2.76 0.000140033
0.75 -2.72 0.000176522
0.75 -2.68 0.000167018
0.75 -2.64 0.000142984
0.75 -2.6 0.000219577
0.75 -2.56 0.000185877
0.75 -2.52 0.000215083
0.75 -2.48 0.00015893
0.75 -2.44 0.000193933
0.75 -2.4 0.000232434
0.75 -2.36 0.000276769
0.75 -2.32 0.000296312
0.75 -2.28 0.000320044
0.75 -2.24 0.000325389
0.75 -2.2 0.000363432
0.75 -2.16 0.000362811
0.75 -2.12 0.000432553
0.75 -2.08 0.000449348
0.75 -2.04 0.000487933
0.75 -2 0.000514709
0.75 -1.96 0.000548775
0.75 -1.92 0.000540017
0.75 -1.88 0.000604875
0.75 -1.84 0.000677175
0.75 -1.8 0.000863592
0.75 -1.76 0.00100223
0.75 -1.72 0.00103114
0.75 -1.68 0.000955116
0.75 -1.64 0.000901382
0.75 -1.6 0.000869184
0.75 -1.56 0.000929742
0.75 -1.52 0.00103629
0.75 -1.48 0.00107712
0.75 -1.44 0.00105024
0.75 -1.4 0.00113035
0.75 -1.36 0.00113988
0.75 -1.32 0.00109413
0.75 -1.28 0.00121224
0.75 -1.24 0.00132184
0.75 -1.2 0.00134965
0.75 -1.16 0.00154415
0.75 -1.12 0.00152491
0.75 -1.08 0.00145829
0.75 -1.04 0.00170994
0.75 -1 0.00171164
0.75 -0.96 0.00170699
0.75 -0.92 0.0018517
0.75 -0.88 0.00195938
0.75 -0.84 0.00209247
0.75 -0.8 0.00210833
0.75 -0.76 0.00232922
0.75 -0.72 0.00241002
0.75 -0.68 0.00243865
0.75 -0.64 0.00279734
0.75 -0.6 0.00306827
0.75 -0.56 0.00316388
0.75 -0.52 0.0033945
0.75 -0.48 0.0038219
0.75 -0.44 0.00431911
0.75 -0.4 0.0048422
0.75 -0.36 0.00537687
0.75 -0.32 0.00600953
0.75 -0.28 0.00722906
0.75 -0.24 0.00894134
0.75 -0.2 0.0102261
0.75 -0.16 0.0101866
0.75 -0.12 0.00912027
0.75 -0.08 0.00758329
0.75 -0.04 0.00590086
0.75 0 0.00411546
0.75 0.04 0.00274779
0.75 0.08 0.00190652
0.75 0.12 0.00139499
0.75 0.16 0.00106756
0.75 0.2 0.000846133
0.75 0.24 0.000689211
0.75 0.28 0.000573706
0.75 0.32 0.000486009
0.75 0.36 0.000417722
0.75 0.4 0.000363414
0.75 0.44 0.000319422
0.75 0.48 0.000283295
0.75 0.52 0.00025318
0.75 0.56 0.000227823
0.75 0.6 0.000206216
0.75 0.64 0.000187668
0.75 0.68 0.000171615
0.75 0.72 0.000157626
0.75 0.76 0.000145332
0.75 0.8 0.000134478
0.75 0.84 0.000124854
0.75 0.88 0.000116271
0.75 0.92 0.000108573
0.75 0.96 0.00010164
0.75 1 0
0.75 1.04 0
0.75 1.08 0
0.75 1.12 0
0.75 1.16 0
0.75 1.2 0
0.75 1.24 0
0.75 1.28 0
0.75 1.32 0
0.75 1.36 0
0.75 1.4 0
0.75 1.44 0
0.75 1.48 0
0.75 1.52 0
0.75 1.56 0
0.75 1.6 0
0.75 1.64 0
0.75 1.68 0
0.75 1.72 0
0.75 1.76 0
0.75 1.8 0
0.75 1.84 0
0.75 1.88 0
0.75 1.92 0
0.75 1.96 0
0.75 2 0
0.75 2.04 0
0.75 2.08 0
0.75 2.12 0
0.75 2.16 0
0.75 2.2 0
0.75 2.24 0
0.75 2.28 0
0.75 2.32 0
0.75 2.36 0
0.75 2.4 0
0.75 2.44 0
0.75 2.48 0
0.75 2.52 0
0.75 2.56 0
0.75 2.6 0
0.75 2.64 0
0.75 2.68 0
0.75 2.72 0
0.75 2.76 0
0.75 2.8 0
0.75 2.84 0
0.75 2.88 0
0.75 2.92 0
0.75 2.96 0
0.75 3 0
0.75 3.04 0
0.75 3.08 0
0.75 3.12 0
0.75 3.16 0
0.75 3.2 0
0.75 3.24 0
0.75 3.28 0
0.75 3.32 0
0.75 3.36 0
0.75 3.4 0
0.75 3.44 0
0.75 3.48 0
0.75 3.52 0
0.75 3.56 0
0.75 3.6 0
0.75 3.64 0
0.75 3.68 0
0.75 3.72 0
0.75 3.76 0
0.75 3.8 0
0.75 3.84 0
0.75 3.88 0
0.75 3.92 0
0.75 3.96 0
0.75 4 0
0.766667 -4 3.22961e-05
0.766667 -3.96 1.97912e-07
0.766667 -3.92 3.49476e-05
0.766667 -3.88 2.38498e-05
0.766667 -3.84 5.02425e-05
0.766667 -3.8 7.31236e-05
0.766667 -3.76 1.27074e-05
0.766667 -3.72 6.98638e-05
0.766667 -3.68 5.75215e-05
0.766667 -3.64 0.000100692
0.766667 -3.6 7.44694e-05
0.766667 -3.56 4.92118e-05
0.766667 -3.52 7.34725e-05
0.766667 -3.48 4.75822e-05
0.766667 -3.44 5.49601e-05
0.766667 -3.4 7.94405e-05
0.766667 -3.36 8.31918e-05
0.766667 -3.32 4.09189e-05
0.766667 -3.28 9.78059e-05
0.766667 -3.24 0.000108314
0.766667 -3.2 0.000131056
0.766667 -3.16 0.000169958
0.766667 -3.12 7.77592e-05
0.766667 -3.08 0.000155218
0.766667 -3.04 0.000141086
0.766667 -3 0.000101737
0.766667 -2.96 0.000102084
0.766667 -2.92 0.00012044
0.766667 -2.88 0.000128341
0.766667 -2.84 0.000136856
0.766667 -2.8 0.000155963
0.766667 -2.76 0.00015187
0.766667 -2.72 0.000192681
0.766667 -2.68 0.000164462
0.766667 -2.64 0.000153488
0.766667 -2.6 0.000177478
0.766667 -2.56 0.00015985
0.766667 -2.52 0.000218308
0.766667 -2.48 0.000163954
0.766667 -2.44 0.000200341
0.766667 -2.4 0.000243034
0.766667 -2.36 0.000254875
0.766667 -2.32 0.000273126
0.766667 -2.28 0.000328193
0.766667 -2.24 0.00029754
0.766667 -2.2 0.000375367
0.766667 -2.16 0.000373758
0.766667 -2.12 0.000388441
0.766667 -2.08 0.000455836
0.766667 -2.04 0.000500085
0.766667 -2 0.000516324
0.766667 -1.96 0.000527243
0.766667 -1.92 0.000541852
0.766667 -1.88 0.000591432
0.766667 -1.84 0.000634193
0.766667 -1.8 0.00083463
0.766667 -1.76 0.000982746
0.766667 -1.72 0.000947918
0.766667 -1.68 0.000874712
0.766667 -1.64 0.000849142
0.766667 -1.6 0.000924822
0.766667 -1.56 0.000934624
0.766667 -1.52 0.000947254
0.766667 -1.48 0.00105238
0.766667 -1.44 0.00101132
0.766667 -1.4 0.00113317
0.766667 -1.36 0.00107427
0.766667 -1.32 0.00108708
0.766667 -1.28 0.00121325
0.766667 -1.24 0.00134785
0.766667 -1.2 0.00130002
0.766667 -1.16 0.0014704
0.766667 -1.12 0.00148999
0.766667 -1.08 0.00149281
0.766667 -1.04 0.0016894
0.766667 -1 0.00166663
0.766667 -0.96 0.00170223
0.766667 -0.92 0.0017992
0.766667 -0.88 0.00190718
0.766667 -0.84 0.00217045
0.766667 -0.8 0.00200431
0.766667 -0.76 0.0023612
0.766667 -0.72 0.00238969
0.766667 -0.68 0.00249893
0.766667 -0.64 0.00285526
0.766667 -0.6 0.0030595
0.766667 -0.56 0.00314205
0.766667 -0.52 0.00334144
0.766667 -0.48 0.00375249
0.766667 -0.44 0.00420485
0.766667 -0.4 0.00477814
0.766667 -0.36 0.00527744
0.766667 -0.32 0.00597388
0.766667 -0.28 0.00713854
0.766667 -0.24 0.00884326
0.766667 -0.2 0.0102384
0.766667 -0.16 0.010272
0.766667 -0.12 0.00924367
0.766667 -0.08 0.00768824
0.766667 -0.04 0.00596025
0.766667 0 0.00415524
0.766667 0.04 0.0027733
0.766667 0.08 0.00192255
0.766667 0.12 0.00140543
0.766667 0.16 0.00107466
0.766667 0.2 0.000851135
0.766667 0.24 0.000692834
0.766667 0.28 0.000576393
0.766667 0.32 0.00048804
0.766667 0.36 0.000419271
0.766667 0.4 0.000364612
0.766667 0.44 0.000320359
0.766667 0.48 0.00028403
0.766667 0.52 0.00025376
0.766667 0.56 0.00022828
0.766667 0.6 0.000206578
0.766667 0.64 0.000187951
0.766667 0.68 0.000171836
0.766667 0.72 0.000157796
0.766667 0.76 0.00014546
0.766667 0.8 0.000134573
0.766667 0.84 0.000124922
0.766667 0.88 0.000116315
0.766667 0.92 0.000108597
0.766667 0.96 0.000101649
0.766667 1 0
0.766667 1.04 0
0.766667 1.08 0
0.766667 1.12 0
0.766667 1.16 0
0.766667 1.2 0
0.766667 1.24 0
0.766667 1.28 0
0.766667 1.32 0
0.766667 1.36 0
0.766667 1.4 0
0.766667 1.44 0
0.766667 1.48 0
0.766667 1.52 0
0.766667 1.56 0
0.766667 1.6 0
0.766667 1.64 0
0.766667 1.68 0
0.766667 1.72 0
0.766667 1.76 0
0.766667 1.8 0
0.766667 1.84 0
0.766667 1.88 0
0.766667 1.92 0
0.766667 1.96 0
0.766667 2 0
0.766667 2.04 0
0.766667 2.08 0
0.766667 2.12 0
0.766667 2.16 0
0.766667 2.2 0
0.766667 2.24 0
0.766667 2.28 0
0.766667 2.32 0
0.766667 2.36 0
0.766667 2.4 0
0.766667 2.44 0
0.766667 2.48 0
0.766667 2.52 0
0.766667 2.56 0
0.766667 2.6 0
0.766667 2.64 0
0.766667 2.68 0
0.766667 2.72 0
0.766667 2.76 0
0.766667 2.8 0
0.766667 2.84 0
0.766667 2.88 0
0.766667 2.92 0
0.766667 2.96 0
0.766667 3 0
0.766667 3.04 0
0.766667 3.08 0
0.766667 3.12 0
0.766667 3.16 0
0.766667 3.2 0
0.766667 3.24 0
0.766667 3.28 0
0.766667 3.32 0
0.766667 3.36 0
0.766667 3.4 0
0.766667 3.44 0
0.766667 3.48 0
0.766667 3.52 0
0.766667 3.56 0
0.766667 3.6 0
0.766667 3.64 0
0.766667 3.68 0
0.766667 3.72 0
0.766667 3.76 0
0.766667 3.8 0
0.766667 3.84 0
0.766667 3.88 0
0.766667 3.92 0
0.766667 3.96 0
0.766667 4 0
0.783333 -4 4.28292e-05
0.783333 -3.96 2.67865e-06
0.783333 -3.92 4.82353e-05
0.783333 -3.88 3.63619e-05
0.783333 -3.84 5.5852e-05
0.783333 -3.8 5.35335e-05
0.783333 -3.76 3.86082e-05
0.783333 -3.72 3.28572e-05
0.783333 -3.68 7.03795e-05
0.783333 -3.64 7.97972e-05
0.783333 -3.6 8.17721e-05
0.783333 -3.56 5.08964e-05
0.783333 -3.52 7.19746e-05
0.783333 -3.48 4.66273e-05
0.783333 -3.44 6.88522e-05
0.783333 -3.4 0.000106599
0.783333 -3.36 5.98812e-05
0.783333 -3.32 6.23426e-05
0.783333 -3.28 0.000104252
0.783333 -3.24 0.000116583
0.783333 -3.2 0.000120597
0.783333 -3.16 0.000149045
0.783333 -3.12 8.97938e-05
0.783333 -3.08 0.000159282
0.783333 -3.04 0.000143034
0.783333 -3 9.64536e-05
0.783333 -2.96 0.000127286
0.783333 -2.92 0.000121732
0.783333 -2.88 0.000120204
0.783333 -2.84 0.000160798
0.783333 -2.8 0.000159577
0.783333 -2.76 0.000145196
0.783333 -2.72 0.000178777
0.783333 -2.68 0.000195478
0.783333 -2.64 0.000164567
0.783333 -2.6 0.000137263
0.783333 -2.56 0.000162465
0.783333 -2.52 0.00020605
0.783333 -2.48 0.000143711
0.783333 -2.44 0.00021343
0.783333 -2.4 0.000244779
0.783333 -2.36 0.000241002
0.783333 -2.32 0.000242169
0.783333 -2.28 0.000306778
0.783333 -2.24 0.000275106
0.783333 -2.2 0.00035972
0.783333 -2.16 0.000382888
0.783333 -2.12 0.000330673
0.783333 -2.08 0.000461332
0.783333 -2.04 0.000540945
0.783333 -2 0.00050879
0.783333 -1.96 0.00050215
0.783333 -1.92 0.00055128
0.783333 -1.88 0.000573842
0.783333 -1.84 0.000636345
0.783333 -1.8 0.000815037
0.783333 -1.76 0.000981046
0.783333 -1.72 0.00088363
0.783333 -1.68 0.000860618
0.783333 -1.64 0.000843886
0.783333 -1.6 0.000979111
0.783333 -1.56 0.000954068
0.783333 -1.52 0.000910021
0.783333 -1.48 0.000986292
0.783333 -1.44 0.000984943
0.783333 -1.4 0.00114422
0.783333 -1.36 0.00105878
0.783333 -1.32 0.00107756
0.783333 -1.28 0.00120703
0.783333 -1.24 0.00132774
0.783333 -1.2 0.0012161
0.783333 -1.16 0.00138905
0.783333 -1.12 0.00142577
0.783333 -1.08 0.00150564
0.783333 -1.04 0.00164594
0.783333 -1 0.00162866
0.783333 -0.96 0.00169885
0.783333 -0.92 0.00176175
0.783333 -0.88 0.00186902
0.783333 -0.84 0.00210569
0.783333 -0.8 0.00198548
0.783333 -0.76 0.0023555
0.783333 -0.72 0.00231649
0.783333 -0.68 0.00257775
0.783333 -0.64 0.00278495
0.783333 -0.6 0.0029919
0.783333 -0.56 0.00315711
0.783333 -0.52 0.00329645
0.783333 -0.48 0.00367856
0.783333 -0.44 0.00413753
0.783333 -0.4 0.00475516
0.783333 -0.36 0.00522012
0.783333 -0.32 0.00593833
0.783333 -0.28 0.00702859
0.783333 -0.24 0.00872906
0.783333 -0.2 0.0102457
0.783333 -0.16 0.010346
0.783333 -0.12 0.00935246
0.783333 -0.08 0.00779307
0.783333 -0.04 0.00602015
0.783333 0 0.00419174
0.783333 0.04 0.00279609
0.783333 0.08 0.00193691
0.783333 0.12 0.00141483
0.783333 0.16 0.00108107
0.783333 0.2 0.000855669
0.783333 0.24 0.000696121
0.783333 0.28 0.000578832
0.783333 0.32 0.000489881
0.783333 0.36 0.000420673
0.783333 0.4 0.000365696
0.783333 0.44 0.000321205
0.783333 0.48 0.000284691
0.783333 0.52 0.000254281
0.783333 0.56 0.000228689
0.783333 0.6 0.0002069
0.783333 0.64 0.000188202
0.783333 0.68 0.000172031
0.783333 0.72 0.000157945
0.783333 0.76 0.000145569
0.783333 0.8 0.000134653
0.783333 0.84 0.000124979
0.783333 0.88 0.000116349
0.783333 0.92 0.000108614
0.783333 0.96 0.000101653
0.783333 1 0
0.783333 1.04 0
0.783333 1.08 0
0.783333 1.12 0
0.783333 1.16 0
0.783333 1.2 0
0.783333 1.24 0
0.783333 1.28 0
0.783333 1.32 0
0.783333 1.36 0
0.783333 1.4 0
0.783333 1.44 0
0.783333 1.48 0
0.783333 1.52 0
0.783333 1.56 0
0.783333 1.6 0
0.783333 1.64 0
0.783333 1.68 0
0.783333 1.72 0
0.783333 1.76 0
0.783333 1.8 0
0.783333 1.84 0
0.783333 1.88 0
0.783333 1.92 0
0.783333 1.96 0
0.783333 2 0
0.783333 2.04 0
0.783333 2.08 0
0.783333 2.12 0
0.783333 2.16 0
0.783333 2.2 0
0.783333 2.24 0
0.783333 2.28 0
0.783333 2.32 0
0.783333 2.36 0
0.783333 2.4 0
0.783333 2.44 0
0.783333 2.48 0
0.783333 2.52 0
0.783333 2.56 0
0.783333 2.6 0
0.783333 2.64 0
0.783333 2.68 0
0.783333 2.72 0
0.783333 2.76 0
0.783333 2.8 0
0.783333 2.84 0
0.783333 2.88 0
0.783333 2.92 0
0.783333 2.96 0
0.783333 3 0
0.783333 3.04 0
0.783333 3.08 0
0.783333 3.12 0
0.783333 3.16 0
0.783333 3.2 0
0.783333 3.24 0
0.783333 3.28 0
0.783333 3.32 0
0.783333 3.36 0
0.783333 3.4 0
0.783333 3.44 0
0.783333 3.48 0
0.783333 3.52 0
0.783333 3.56 0
0.783333 3.6 0
0.783333 3.64 0
0.783333 3.68 0
0.783333 3.72 0
0.783333 3.76 0
0.783333 3.8 0
0.783333 3.84 0
0.783333 3.88 0
0.783333 3.92 0
0.783333 3.96 0
0.783333 4 0
0.8 -4 5.7381e-05
0.8 -3.96 1.73987e-05
0.8 -3.92 4.74724e-05
0.8 -3.88 5.17747e-05
0.8 -3.84 6.32081e-05
0.8 -3.8 4.11854e-05
0.8 -3.76 6.55304e-05
0.8 -3.72 1.05132e-05
0.8 -3.68 6.56858e-05
0.8 -3.64 5.96078e-05
0.8 -3.6 8.20496e-05
0.8 -3.56 5.9251e-05
0.8 -3.52 7.8611e-05
0.8 -3.48 6.72113e-05
0.8 -3.44 7.54488e-05
0.8 -3.4 0.000104091
0.8 -3.36 4.7847e-05
0.8 -3.32 9.68234e-05
0.8 -3.28 9.65979e-05
0.8 -3.24 9.9032e-05
0.8 -3.2 0.000117877
0.8 -3.16 0.000114329
0.8 -3.12 0.000113617
0.8 -3.08 0.000132986
0.8 -3.04 0.000148523
0.8 -3 9.70037e-05
0.8 -2.96 0.000132064
0.8 -2.92 0.000119555
0.8 -2.88 0.000127387
0.8 -2.84 0.000167965
0.8 -2.8 0.000143664
0.8 -2.76 0.000127319
0.8 -2.72 0.00015774
0.8 -2.68 0.000226726
0.8 -2.64 0.000168461
0.8 -2.6 0.000131993
0.8 -2.56 0.000180651
0.8 -2.52 0.000175886
0.8 -2.48 0.000124639
0.8 -2.44 0.000211302
0.8 -2.4 0.0002247
0.8 -2.36 0.000247194
0.8 -2.32 0.000227685
0.8 -2.28 0.000287863
0.8 -2.24 0.000278967
0.8 -2.2 0.00033086
0.8 -2.16 0.000372477
0.8 -2.12 0.00033016
0.8 -2.08 0.000452632
0.8 -2.04 0.000555542
0.8 -2 0.000492305
0.8 -1.96 0.000460079
0.8 -1.92 0.000552809
0.8 -1.88 0.000549466
0.8 -1.84 0.00064162
0.8 -1.8 0.000767881
0.8 -1.76 0.000967606
0.8 -1.72 0.000876195
0.8 -1.68 0.000903313
0.8 -1.64 0.000880205
0.8 -1.6 0.000969397
0.8 -1.56 0.000946869
0.8 -1.52 0.000925333
0.8 -1.48 0.000920246
0.8 -1.44 0.000959396
0.8 -1.4 0.00112979
0.8 -1.36 0.00110535
0.8 -1.32 0.00108146
0.8 -1.28 0.00119918
0.8 -1.24 0.00128513
0.8 -1.2 0.00117077
0.8 -1.16 0.00135786
0.8 -1.12 0.00139445
0.8 -1.08 0.00148744
0.8 -1.04 0.00159707
0.8 -1 0.00163117
0.8 -0.96 0.0016646
0.8 -0.92 0.00175015
0.8 -0.88 0.00187562
0.8 -0.84 0.00197091
0.8 -0.8 0.00207226
0.8 -0.76 0.00229226
0.8 -0.72 0.00223058
0.8 -0.68 0.00257796
0.8 -0.64 0.00268079
0.8 -0.6 0.00287583
0.8 -0.56 0.00312274
0.8 -0.52 0.00326831
0.8 -0.48 0.00363855
0.8 -0.44 0.0041501
0.8 -0.4 0.00471718
0.8 -0.36 0.00520256
0.8 -0.32 0.00588512
0.8 -0.28 0.00691463
0.8 -0.24 0.0086019
0.8 -0.2 0.0102418
0.8 -0.16 0.0104102
0.8 -0.12 0.00944658
0.8 -0.08 0.00789513
0.8 -0.04 0.00608057
0.8 0 0.00422537
0.8 0.04 0.00281637
0.8 0.08 0.00194969
0.8 0.12 0.00142326
0.8 0.16 0.00108685
0.8 0.2 0.00085976
0.8 0.24 0.000699091
0.8 0.28 0.000581035
0.8 0.32 0.000491543
0.8 0.36 0.000421938
0.8 0.4 0.000366671
0.8 0.44 0.000321965
0.8 0.48 0.000285282
0.8 0.52 0.000254746
0.8 0.56 0.000229051
0.8 0.6 0.000207185
0.8 0.64 0.000188423
0.8 0.68 0.000172201
0.8 0.72 0.000158073
0.8 0.76 0.000145662
0.8 0.8 0.000134721
0.8 0.84 0.000125025
0.8 0.88 0.000116374
0.8 0.92 0.000108624
0.8 0.96 0.000101651
0.8 1 0
0.8 1.04 0
0.8 1.08 0
0.8 1.12 0
0.8 1.16 0
0.8 1.2 0
0.8 1.24 0
0.8 1.28 0
0.8 1.32 0
0.8 1.36 0
0.8 1.4 0
0.8 1.44 0
0.8 1.48 0
0.8 1.52 0
0.8 1.56 0
0.8 1.6 0
0.8 1.64 0
0.8 1.68 0
0.8 1.72 0
0.8 1.76 0
0.8 1.8 0
0.8 1.84 0
0.8 1.88 0
0.8 1.92 0
0.8 1.96 0
0.8 2 0
0.8 2.04 0
0.8 2.08 0
0.8 2.12 0
0.8 2.16 0
0.8 2.2 0
0.8 2.24 0
0.8 2.28 0
0.8 2.32 0
0.8 2.36 0
0.8 2.4 0
0.8 2.44 0
0.8 2.48 0
0.8 2.52 0
0.8 2.56 0
0.8 2.6 0
0.8 2.64 0
0.8 2.68 0
0.8 2.72 0
0.8 2.76 0
0.8 2.8 0
0.8 2.84 0
0.8 2.88 0
0.8 2.92 0
0.8 2.96 0
0.8 3 0
0.8 3.04 0
0.8 3.08 0
0.8 3.12 0
0.8 3.16 0
0.8 3.2 0
0.8 3.24 0
0.8 3.28 0
0.8 3.32 0
0.8 3.36 0
0.8 3.4 0
0.8 3.44 0
0.8 3.48 0
0.8 3.52 0
0.8 3.56 0
0.8 3.6 0
0.8 3.64 0
0.8 3.68 0
0.8 3.72 0
0.8 3.76 0
0.8 3.8 0
0.8 3.84 0
0.8 3.88 0
0.8 3.92 0
0.8 3.96 0
0.8 4 0
0.816667 -4 5.88514e-05
0.816667 -3.96 3.00711e-05
0.816667 -3.92 3.99617e-05
0.816667 -3.88 5.34576e-05
0.816667 -3.84 6.19852e-05
0.816667 -3.8 5.03944e-05
0.816667 -3.76 7.01986e-05
0.816667 -3.72 2.3559e-05
0.816667 -3.68 4.52222e-05
0.816667 -3.64 4.8405e-05
0.816667 -3.6 8.26151e-05
0.816667 -3.56 7.53783e-05
0.816667 -3.52 8.25193e-05
0.816667 -3.48 8.68515e-05
0.816667 -3.44 7.02893e-05
0.816667 -3.4 7.29638e-05
0.816667 -3.36 6.24705e-05
0.816667 -3.32 0.00011287
0.816667 -3.28 8.26456e-05
0.816667 -3.24 7.63482e-05
0.816667 -3.2 0.00012261
0.816667 -3.16 9.77168e-05
0.816667 -3.12 0.000112791
0.816667 -3.08 0.00011125
0.816667 -3.04 0.000146223
0.816667 -3 0.000110474
0.816667 -2.96 0.000119307
0.816667 -2.92 0.000112181
0.816667 -2.88 0.000120953
0.816667 -2.84 0.000149792
0.816667 -2.8 0.000123998
0.816667 -2.76 0.000124848
0.816667 -2.72 0.000156857
0.816667 -2.68 0.000215357
0.816667 -2.64 0.000160898
0.816667 -2.6 0.000153255
0.816667 -2.56 0.000178413
0.816667 -2.52 0.000152252
0.816667 -2.48 0.000138657
0.816667 -2.44 0.000195351
0.816667 -2.4 0.000199424
0.816667 -2.36 0.00026886
0.816667 -2.32 0.000238561
0.816667 -2.28 0.000293417
0.816667 -2.24 0.000299657
0.816667 -2.2 0.000317484
0.816667 -2.16 0.000344932
0.816667 -2.12 0.000386158
0.816667 -2.08 0.00042876
0.816667 -2.04 0.000501446
0.816667 -2 0.000470966
0.816667 -1.96 0.000412211
0.816667 -1.92 0.000529839
0.816667 -1.88 0.000526908
0.816667 -1.84 0.000614064
0.816667 -1.8 0.000702984
0.816667 -1.76 0.00090387
0.816667 -1.72 0.000873616
0.816667 -1.68 0.000929924
0.816667 -1.64 0.000885295
0.816667 -1.6 0.000928395
0.816667 -1.56 0.000909418
0.816667 -1.52 0.000926119
0.816667 -1.48 0.000890926
0.816667 -1.44 0.000942342
0.816667 -1.4 0.00109425
0.816667 -1.36 0.0011491
0.816667 -1.32 0.00110043
0.816667 -1.28 0.00119701
0.816667 -1.24 0.00126889
0.816667 -1.2 0.00118851
0.816667 -1.16 0.00136813
0.816667 -1.12 0.00143409
0.816667 -1.08 0.00145757
0.816667 -1.04 0.00156425
0.816667 -1 0.00164563
0.816667 -0.96 0.0015931
0.816667 -0.92 0.00174845
0.816667 -0.88 0.00191175
0.816667 -0.84 0.0019085
0.816667 -0.8 0.00214371
0.816667 -0.76 0.0022497
0.816667 -0.72 0.00221257
0.816667 -0.68 0.00250171
0.816667 -0.64 0.00266827
0.816667 -0.6 0.00281146
0.816667 -0.56 0.00303735
0.816667 -0.52 0.00325352
0.816667 -0.48 0.00363924
0.816667 -0.44 0.00417049
0.816667 -0.4 0.00460999
0.816667 -0.36 0.00517233
0.816667 -0.32 0.0058145
0.816667 -0.28 0.00682475
0.816667 -0.24 0.00848284
0.816667 -0.2 0.0102274
0.816667 -0.16 0.0104649
0.816667 -0.12 0.00952707
0.816667 -0.08 0.00799184
0.816667 -0.04 0.00614121
0.816667 0 0.00425645
0.816667 0.04 0.00283435
0.816667 0.08 0.00196103
0.816667 0.12 0.00143077
0.816667 0.16 0.00109202
0.816667 0.2 0.000863434
0.816667 0.24 0.000701761
0.816667 0.28 0.000583015
0.816667 0.32 0.000493036
0.816667 0.36 0.000423072
0.816667 0.4 0.000367545
0.816667 0.44 0.000322645
0.816667 0.48 0.000285809
0.816667 0.52 0.000255159
0.816667 0.56 0.000229372
0.816667 0.6 0.000207437
0.816667 0.64 0.000188616
0.816667 0.68 0.000172348
0.816667 0.72 0.000158182
0.816667 0.76 0.000145741
0.816667 0.8 0.000134777
0.816667 0.84 0.000125062
0.816667 0.88 0.000116393
0.816667 0.92 0.000108629
0.816667 0.96 0.000101646
0.816667 1 0
0.816667 1.04 0
0.816667 1.08 0
0.816667 1.12 0
0.816667 1.16 0
0.816667 1.2 0
0.816667 1.24 0
0.816667 1.28 0
0.816667 1.32 0
0.816667 1.36 0
0.816667 1.4 0
0.816667 1.44 0
0.816667 1.48 0
0.816667 1.52 0
0.816667 1.56 0
0.816667 1.6 0
0.816667 1.64 0
0.816667 1.68 0
0.816667 1.72 0
0.816667 1.76 0
0.816667 1.8 0
0.816667 1.84 0
0.816667 1.88 0
0.816667 1.92 0
0.816667 1.96 0
0.816667 2 0
0.816667 2.04 0
0.816667 2.08 0
0.816667 2.12 0
0.816667 2.16 0
0.816667 2.2 0
0.816667 2.24 0
0.816667 2.28 0
0.816667 2.32 0
0.816667 2.36 0
0.816667 2.4 0
0.816667 2.44 0
0.816667 2.48 0
0.816667 2.52 0
0.816667 2.56 0
0.816667 2.6 0
0.816667 2.64 0
0.816667 2.68 0
0.816667 2.72 0
0.816667 2.76 0
0.816667 2.8 0
0.816667 2.84 0
0.816667 2.88 0
0.816667 2.92 0
0.816667 2.96 0
0.816667 3 0
0.816667 3.04 0
0.816667 3.08 0
0.816667 3.12 0
0.816667 3.16 0
0.816667 3.2 0
0.816667 3.24 0
0.816667 3.28 0
0.816667 3.32 0
0.816667 3.36 0
0.816667 3.4 0
0.816667 3.44 0
0.816667 3.48 0
0.816667 3.52 0
0.816667 3.56 0
0.816667 3.6 0
0.816667 3.64 0
0.816667 3.68 0
0.816667 3.72 0
0.816667 3.76 0
0.816667 3.8 0
0.816667 3.84 0
0.816667 3.88 0
0.816667 3.92 0
0.816667 3.96 0
0.816667 4 0
0.833333 -4 4.24024e-05
0.833333 -3.96 3.23853e-05
0.833333 -3.92 3.64095e-05
0.833333 -3.88 4.34865e-05
0.833333 -3.84 5.20774e-05
0.833333 -3.8 7.48672e-05
0.833333 -3.76 6.55144e-05
0.833333 -3.72 4.97942e-05
0.833333 -3.68 3.6708e-05
0.833333 -3.64 4.42591e-05
0.833333 -3.6 8.84223e-05
0.833333 -3.56 8.27572e-05
0.833333 -3.52 7.0409e-05
0.833333 -3.48 8.10387e-05
0.833333 -3.44 6.65995e-05
0.833333 -3.4 4.44673e-05
0.833333 -3.36 8.81033e-05
0.833333 -3.32 9.70484e-05
0.833333 -3.28 7.15355e-05
0.833333 -3.24 6.63683e-05
0.833333 -3.2 0.000124154
0.833333 -3.16 0.000106307
0.833333 -3.12 8.73302e-05
0.833333 -3.08 0.000119558
0.833333 -3.04 0.000134464
0.833333 -3 0.000124224
0.833333 -2.96 0.000106521
0.833333 -2.92 0.000105529
0.833333 -2.88 9.52114e-05
0.833333 -2.84 0.00012054
0.833333 -2.8 0.000122028
0.833333 -2.76 0.00014812
0.833333 -2.72 0.000169863
0.833333 -2.68 0.000171946
0.833333 -2.64 0.000144846
0.833333 -2.6 0.000171581
0.833333 -2.56 0.000150152
0.833333 -2.52 0.00015412
0.833333 -2.48 0.000165688
0.833333 -2.44 0.000177714
0.833333 -2.4 0.000192311
0.833333 -2.36 0.000282132
0.833333 -2.32 0.00025646
0.833333 -2.28 0.000302384
0.833333 -2.24 0.00030377
0.833333 -2.2 0.000321279
0.833333 -2.16 0.000310222
0.833333 -2.12 0.000408556
0.833333 -2.08 0.000403625
0.833333 -2.04 0.000427703
0.833333 -2 0.000447556
0.833333 -1.96 0.000388539
0.833333 -1.92 0.00049318
0.833333 -1.88 0.000519189
0.833333 -1.84 0.00057267
0.833333 -1.8 0.000667696
0.833333 -1.76 0.000811544
0.833333 -1.72 0.000821402
0.833333 -1.68 0.000893734
0.833333 -1.64 0.000833894
0.833333 -1.6 0.000901731
0.833333 -1.56 0.000876463
0.833333 -1.52 0.000888057
0.833333 -1.48 0.000897401
0.833333 -1.44 0.00094333
0.833333 -1.4 0.00106757
0.833333 -1.36 0.00112355
0.833333 -1.32 0.00111497
0.833333 -1.28 0.00120399
0.833333 -1.24 0.00128938
0.833333 -1.2 0.00121612
0.833333 -1.16 0.00136317
0.833333 -1.12 0.00148977
0.833333 -1.08 0.00144556
0.833333 -1.04 0.00156651
0.833333 -1 0.00163569
0.833333 -0.96 0.00153306
0.833333 -0.92 0.00174339
0.833333 -0.88 0.00192689
0.833333 -0.84 0.00194618
0.833333 -0.8 0.0021035
0.833333 -0.76 0.00228285
0.833333 -0.72 0.00227588
0.833333 -0.68 0.00242025
0.833333 -0.64 0.00272986
0.833333 -0.6 0.00283541
0.833333 -0.56 0.00298062
0.833333 -0.52 0.00322616
0.833333 -0.48 0.00364642
0.833333 -0.44 0.00410842
0.833333 -0.4 0.00448936
0.833333 -0.36 0.00510244
0.833333 -0.32 0.00572862
0.833333 -0.28 0.00676046
0.833333 -0.24 0.00839147
0.833333 -0.2 0.0102068
0.833333 -0.16 0.01051
0.833333 -0.12 0.00959548
0.833333 -0.08 0.00808097
0.833333 -0.04 0.00620145
0.833333 0 0.0042852
0.833333 0.04 0.00285023
0.833333 0.08 0.00197101
0.833333 0.12 0.00143742
0.833333 0.16 0.00109662
0.833333 0.2 0.000866711
0.833333 0.24 0.000704145
0.833333 0.28 0.000584784
0.833333 0.32 0.000494367
0.833333 0.36 0.000424084
0.833333 0.4 0.000368323
0.833333 0.44 0.00032325
0.833333 0.48 0.000286275
0.833333 0.52 0.000255524
0.833333 0.56 0.000229653
0.833333 0.6 0.000207656
0.833333 0.64 0.000188785
0.833333 0.68 0.000172476
0.833333 0.72 0.000158275
0.833333 0.76 0.000145807
0.833333 0.8 0.000134824
0.833333 0.84 0.000125091
0.833333 0.88 0.000116405
0.833333 0.92 0.000108629
0.833333 0.96 0.000101638
0.833333 1 0
0.833333 1.04 0
0.833333 1.08 0
0.833333 1.12 0
0.833333 1.16 0
0.833333 1.2 0
0.833333 1.24 0
0.833333 1.28 0
0.833333 1.32 0
0.833333 1.36 0
0.833333 1.4 0
0.833333 1.44 0
0.833333 1.48 0
0.833333 1.52 0
0.833333 1.56 0
0.833333 1.6 0
0.833333 1.64 0
0.833333 1.68 0
0.833333 1.72 0
0.833333 1.76 0
0.833333 1.8 0
0.833333 1.84 0
0.833333 1.88 0
0.833333 1.92 0
0.833333 1.96 0
0.833333 2 0
0.833333 2.04 0
0.833333 2.08 0
0.833333 2.12 0
0.833333 2.16 0
0.833333 2.2 0
0.833333 2.24 0
0.833333 2.28 0
0.833333 2.32 0
0.833333 2.36 0
0.833333 2.4 0
0.833333 2.44 0
0.833333 2.48 0
0.833333 2.52 0
0.833333 2.56 0
0.833333 2.6 0
0.833333 2.64 0
0.833333 2.68 0
0.833333 2.72 0
0.833333 2.76 0
0.833333 2.8 0
0.833333 2.84 0
0.833333 2.88 0
0.833333 2.92 0
0.833333 2.96 0
0.833333 3 0
0.833333 3.04 0
0.833333 3.08 0
0.833333 3.12 0
0.833333 3.16 0
0.833333 3.2 0
0.833333 3.24 0
0.833333 3.28 0
0.833333 3.32 0
0.833333 3.36 0
0.833333 3.4 0
0.833333 3.44 0
0.833333 3.48 0
0.833333 3.52 0
0.833333 3.56 0
0.833333 3.6 0
0.833333 3.64 0
0.833333 3.68 0
0.833333 3.72 0
0.833333 3.76 0
0.833333 3.8 0
0.833333 3.84 0
0.833333 3.88 0
0.833333 3.92 0
0.833333 3.96 0
0.833333 4 0
0.85 -4 2.48206e-05
0.85 -3.96 2.93753e-05
0.85 -3.92 3.26196e-05
0.85 -3.88 3.96335e-05
0.85 -3.84 4.58934e-05
0.85 -3.8 9.03888e-05
0.85 -3.76 6.51827e-05
0.85 -3.72 5.43975e-05
0.85 -3.68 5.19175e-05
0.85 -3.64 4.69613e-05
0.85 -3.6 9.10167e-05
0.85 -3.56 7.10631e-05
0.85 -3.52 4.62656e-05
0.85 -3.48 5.75328e-05
0.85 -3.44 7.15397e-05
0.85 -3.4 4.38005e-05
0.85 -3.36 9.51796e-05
0.85 -3.32 6.96557e-05
0.85 -3.28 6.79381e-05
0.85 -3.24 6.56575e-05
0.85 -3.2 0.000117898
0.85 -3.16 0.000122449
0.85 -3.12 7.38608e-05
0.85 -3.08 0.000143027
0.85 -3.04 0.000126668
0.85 -3 0.000124657
0.85 -2.96 0.000101723
0.85 -2.92 0.000109524
0.85 -2.88 8.05878e-05
0.85 -2.84 9.95631e-05
0.85 -2.8 0.000135908
0.85 -2.76 0.000174509
0.85 -2.72 0.000178401
0.85 -2.68 0.000150897
0.85 -2.64 0.000130693
0.85 -2.6 0.000174976
0.85 -2.56 0.000128696
0.85 -2.52 0.000169095
0.85 -2.48 0.000156901
0.85 -2.44 0.00016412
0.85 -2.4 0.000199689
0.85 -2.36 0.000266471
0.85 -2.32 0.000261914
0.85 -2.28 0.000284356
0.85 -2.24 0.000281739
0.85 -2.2 0.000323262
0.85 -2.16 0.000279987
0.85 -2.12 0.000344537
0.85 -2.08 0.00039273
0.85 -2.04 0.000416628
0.85 -2 0.000425315
0.85 -1.96 0.000407364
0.85 -1.92 0.000473133
0.85 -1.88 0.000529316
0.85 -1.84 0.000553294
0.85 -1.8 0.000674554
0.85 -1.76 0.000759983
0.85 -1.72 0.000757077
0.85 -1.68 0.000823516
0.85 -1.64 0.000786333
0.85 -1.6 0.000874189
0.85 -1.56 0.000874798
0.85 -1.52 0.000866214
0.85 -1.48 0.000916904
0.85 -1.44 0.00094899
0.85 -1.4 0.00106001
0.85 -1.36 0.00104241
0.85 -1.32 0.00111452
0.85 -1.28 0.00121462
0.85 -1.24 0.00131432
0.85 -1.2 0.0011943
0.85 -1.16 0.00132167
0.85 -1.12 0.00147333
0.85 -1.08 0.00145991
0.85 -1.04 0.00160279
0.85 -1 0.00162126
0.85 -0.96 0.00153609
0.85 -0.92 0.00174481
0.85 -0.88 0.00189522
0.85 -0.84 0.00198954
0.85 -0.8 0.00200554
0.85 -0.76 0.00233763
0.85 -0.72 0.00233956
0.85 -0.68 0.00237773
0.85 -0.64 0.00273914
0.85 -0.6 0.00286196
0.85 -0.56 0.00299425
0.85 -0.52 0.00317523
0.85 -0.48 0.00362282
0.85 -0.44 0.00397526
0.85 -0.4 0.0044641
0.85 -0.36 0.00502496
0.85 -0.32 0.005638
0.85 -0.28 0.00669884
0.85 -0.24 0.00832503
0.85 -0.2 0.0101805
0.85 -0.16 0.0105467
0.85 -0.12 0.00965347
0.85 -0.08 0.00816086
0.85 -0.04 0.00626043
0.85 0 0.00431174
0.85 0.04 0.00286417
0.85 0.08 0.00197974
0.85 0.12 0.00144328
0.85 0.16 0.00110069
0.85 0.2 0.000869613
0.85 0.24 0.000706259
0.85 0.28 0.000586352
0.85 0.32 0.000495546
0.85 0.36 0.000424979
0.85 0.4 0.000369011
0.85 0.44 0.000323784
0.85 0.48 0.000286684
0.85 0.52 0.000255844
0.85 0.56 0.000229899
0.85 0.6 0.000207847
0.85 0.64 0.000188931
0.85 0.68 0.000172585
0.85 0.72 0.000158353
0.85 0.76 0.000145862
0.85 0.8 0.000134862
0.85 0.84 0.000125114
0.85 0.88 0.000116413
0.85 0.92 0.000108626
0.85 0.96 0.000101628
0.85 1 0
0.85 1.04 0
0.85 1.08 0
0.85 1.12 0
0.85 1.16 0
0.85 1.2 0
0.85 1.24 0
0.85 1.28 0
0.85 1.32 0
0.85 1.36 0
0.85 1.4 0
0.85 1.44 0
0.85 1.48 0
0.85 1.52 0
0.85 1.56 0
0.85 1.6 0
0.85 1.64 0
0.85 1.68 0
0.85 1.72 0
0.85 1.76 0
0.85 1.8 0
0.85 1.84 0
0.85 1.88 0
0.85 1.92 0
0.85 1.96 0
0.85 2 0
0.85 2.04 0
0.85 2.08 0
0.85 2.12 0
0.85 2.16 0
0.85 2.2 0
0.85 2.24 0
0.85 2.28 0
0.85 2.32 0
0.85 2.36 0
0.85 2.4 0
0.85 2.44 0
0.85 2.48 0
0.85 2.52 0
0.85 2.56 0
0.85 2.6 0
0.85 2.64 0
0.85 2.68 0
0.85 2.72 0
0.85 2.76 0
0.85 2.8 0
0.85 2.84 0
0.85 2.88 0
0.85 2.92 0
0.85 2.96 0
0.85 3 0
0.85 3.04 0
0.85 3.08 0
0.85 3.12 0
0.85 3.16 0
0.85 3.2 0
0.85 3.24 0
0.85 3.28 0
0.85 3.32 0
0.85 3.36 0
0.85 3.4 0
0.85 3.44 0
0.85 3.48 0
0.85 3.52 0
0.85 3.56 0
0.85 3.6 0
0.85 3.64 0
0.85 3.68 0
0.85 3.72 0
0.85 3.76 0
0.85 3.8 0
0.85 3.84 0
0.85 3.88 0
0.85 3.92 0
0.85 3.96 0
0.85 4 0
0.866667 -4 2.61293e-05
0.866667 -3.96 2.99332e-05
0.866667 -3.92 2.17495e-05
0.866667 -3.88 4.73348e-05
0.866667 -3.84 5.20128e-05
0.866667 -3.8 7.74997e-05
0.866667 -3.76 5.71638e-05
0.866667 -3.72 3.51245e-05
0.866667 -3.68 7.31569e-05
0.866667 -3.64 5.9354e-05
0.866667 -3.6 8.11386e-05
0.866667 -3.56 5.47499e-05
0.866667 -3.52 3.12174e-05
0.866667 -3.48 4.75127e-05
0.866667 -3.44 7.75591e-05
0.866667 -3.4 6.31581e-05
0.866667 -3.36 7.48131e-05
0.866667 -3.32 5.78957e-05
0.866667 -3.28 7.19403e-05
0.866667 -3.24 6.80815e-05
0.866667 -3.2 0.000110249
0.866667 -3.16 0.000134067
0.866667 -3.12 8.74994e-05
0.866667 -3.08 0.000153155
0.866667 -3.04 0.000132755
0.866667 -3 0.000118858
0.866667 -2.96 0.000100771
0.866667 -2.92 0.000122297
0.866667 -2.88 9.66655e-05
0.866667 -2.84 9.66627e-05
0.866667 -2.8 0.000144033
0.866667 -2.76 0.000174662
0.866667 -2.72 0.000181448
0.866667 -2.68 0.00017746
0.866667 -2.64 0.000131129
0.866667 -2.6 0.00016974
0.866667 -2.56 0.000139898
0.866667 -2.52 0.000174517
0.866667 -2.48 0.00011225
0.866667 -2.44 0.000157519
0.866667 -2.4 0.000198334
0.866667 -2.36 0.000234026
0.866667 -2.32 0.000256928
0.866667 -2.28 0.000246828
0.866667 -2.24 0.000260936
0.866667 -2.2 0.000316434
0.866667 -2.16 0.000271251
0.866667 -2.12 0.000262533
0.866667 -2.08 0.000398333
0.866667 -2.04 0.000465511
0.866667 -2 0.00041482
0.866667 -1.96 0.000447971
0.866667 -1.92 0.000478879
0.866667 -1.88 0.000543748
0.866667 -1.84 0.000544706
0.866667 -1.8 0.000681069
0.866667 -1.76 0.000769736
0.866667 -1.72 0.000756481
0.866667 -1.68 0.000774528
0.866667 -1.64 0.000787871
0.866667 -1.6 0.000823676
0.866667 -1.56 0.000893552
0.866667 -1.52 0.000907511
0.866667 -1.48 0.000937386
0.866667 -1.44 0.000938103
0.866667 -1.4 0.00104683
0.866667 -1.36 0.000984085
0.866667 -1.32 0.00110869
0.866667 -1.28 0.00121476
0.866667 -1.24 0.00131614
0.866667 -1.2 0.00113891
0.866667 -1.16 0.00128392
0.866667 -1.12 0.00138658
0.866667 -1.08 0.00147758
0.866667 -1.04 0.00163814
0.866667 -1 0.00163697
0.866667 -0.96 0.00158913
0.866667 -0.92 0.00175866
0.866667 -0.88 0.00183969
0.866667 -0.84 0.0019713
0.866667 -0.8 0.00196796
0.866667 -0.76 0.00233463
0.866667 -0.72 0.00233029
0.866667 -0.68 0.00236023
0.866667 -0.64 0.00264746
0.866667 -0.6 0.00282618
0.866667 -0.56 0.00302903
0.866667 -0.52 0.00314263
0.866667 -0.48 0.00356435
0.866667 -0.44 0.00387532
0.866667 -0.4 0.00453861
0.866667 -0.36 0.0049852
0.866667 -0.32 0.00557297
0.866667 -0.28 0.00662645
0.866667 -0.24 0.00826438
0.866667 -0.2 0.0101447
0.866667 -0.16 0.0105777
0.866667 -0.12 0.00970252
0.866667 -0.08 0.00823054
0.866667 -0.04 0.0063171
0.866667 0 0.0043361
0.866667 0.04 0.00287632
0.866667 0.08 0.0019873
0.866667 0.12 0.00144838
0.866667 0.16 0.00110425
0.866667 0.2 0.00087216
0.866667 0.24 0.000708116
0.866667 0.28 0.000587729
0.866667 0.32 0.000496579
0.866667 0.36 0.000425765
0.866667 0.4 0.000369614
0.866667 0.44 0.00032425
0.866667 0.48 0.00028704
0.866667 0.52 0.000256123
0.866667 0.56 0.000230111
0.866667 0.6 0.000208011
0.866667 0.64 0.000189056
0.866667 0.68 0.000172677
0.866667 0.72 0.000158419
0.866667 0.76 0.000145908
0.866667 0.8 0.000134893
0.866667 0.84 0.000125132
0.866667 0.88 0.000116417
0.866667 0.92 0.000108621
0.866667 0.96 0.000101617
0.866667 1 0
0.866667 1.04 0
0.866667 1.08 0
0.866667 1.12 0
0.866667 1.16 0
0.866667 1.2 0
0.866667 1.24 0
0.866667 1.28 0
0.866667 1.32 0
0.866667 1.36 0
0.866667 1.4 0
0.866667 1.44 0
0.866667 1.48 0
0.866667 1.52 0
0.866667 1.56 0
0.866667 1.6 0
0.866667 1.64 0
0.866667 1.68 0
0.866667 1.72 0
0.866667 1.76 0
0.866667 1.8 0
0.866667 1.84 0
0.866667 1.88 0
0.866667 1.92 0
0.866667 1.96 0
0.866667 2 0
0.866667 2.04 0
0.866667 2.08 0
0.866667 2.12 0
0.866667 2.16 0
0.866667 2.2 0
0.866667 2.24 0
0.866667 2.28 0
0.866667 2.32 0
0.866667 2.36 0
0.866667 2.4 0
0.866667 2.44 0
0.866667 2.48 0
0.866667 2.52 0
0.866667 2.56 0
0.866667 2.6 0
0.866667 2.64 0
0.866667 2.68 0
0.866667 2.72 0
0.866667 2.76 0
0.866667 2.8 0
0.866667 2.84 0
0.866667 2.88 0
0.866667 2.92 0
0.866667 2.96 0
0.866667 3 0
0.866667 3.04 0
0.866667 3.08 0
0.866667 3.12 0
0.866667 3.16 0
0.866667 3.2 0
0.866667 3.24 0
0.866667 3.28 0
0.866667 3.32 0
0.866667 3.36 0
0.866667 3.4 0
0.866667 3.44 0
0.866667 3.48 0
0.866667 3.52 0
0.866667 3.56 0
0.866667 3.6 0
0.866667 3.64 0
0.866667 3.68 0
0.866667 3.72 0
0.866667 3.76 0
0.866667 3.8 0
0.866667 3.84 0
0.866667 3.88 0
0.866667 3.92 0
0.866667 3.96 0
0.866667 4 0
0.883333 -4 4.52853e-05
0.883333 -3.96 3.53563e-05
0.883333 -3.92 1.3189e-05
0.883333 -3.88 5.03603e-05
0.883333 -3.84 6.39978e-05
0.883333 -3.8 4.65493e-05
0.883333 -3.76 3.30176e-05
0.883333 -3.72 2.18393e-05
0.883333 -3.68 8.15154e-05
0.883333 -3.64 7.88299e-05
0.883333 -3.6 6.68249e-05
0.883333 -3.56 5.15236e-05
0.883333 -3.52 4.17558e-05
0.883333 -3.48 6.43364e-05
0.883333 -3.44 7.61659e-05
0.883333 -3.4 7.56504e-05
0.883333 -3.36 4.70217e-05
0.883333 -3.32 6.38135e-05
0.883333 -3.28 7.78388e-05
0.883333 -3.24 7.86254e-05
0.883333 -3.2 0.000108218
0.883333 -3.16 0.000144434
0.883333 -3.12 9.98042e-05
0.883333 -3.08 0.00014745
0.883333 -3.04 0.00014469
0.883333 -3 0.000120532
0.883333 -2.96 0.000101655
0.883333 -2.92 0.000125499
0.883333 -2.88 0.000119973
0.883333 -2.84 0.000111198
0.883333 -2.8 0.000134982
0.883333 -2.76 0.000147547
0.883333 -2.72 0.000185483
0.883333 -2.68 0.000216377
0.883333 -2.64 0.00015034
0.883333 -2.6 0.000157375
0.883333 -2.56 0.000169448
0.883333 -2.52 0.000170324
0.883333 -2.48 9.20804e-05
0.883333 -2.44 0.000161617
0.883333 -2.4 0.000181799
0.883333 -2.36 0.000221859
0.883333 -2.32 0.000251776
0.883333 -2.28 0.000228078
0.883333 -2.24 0.000261944
0.883333 -2.2 0.000310104
0.883333 -2.16 0.000294234
0.883333 -2.12 0.000258483
0.883333 -2.08 0.00040855
0.883333 -2.04 0.000489004
0.883333 -2 0.000429874
0.883333 -1.96 0.000464999
0.883333 -1.92 0.000488259
0.883333 -1.88 0.00054404
0.883333 -1.84 0.00050603
0.883333 -1.8 0.000655207
0.883333 -1.76 0.000777271
0.883333 -1.72 0.000812606
0.883333 -1.68 0.000760618
0.883333 -1.64 0.000794893
0.883333 -1.6 0.000787412
0.883333 -1.56 0.000902946
0.883333 -1.52 0.000977291
0.883333 -1.48 0.00095664
0.883333 -1.44 0.0009127
0.883333 -1.4 0.00100427
0.883333 -1.36 0.000997353
0.883333 -1.32 0.00110328
0.883333 -1.28 0.00119789
0.883333 -1.24 0.00129608
0.883333 -1.2 0.0011239
0.883333 -1.16 0.00129142
0.883333 -1.12 0.00132832
0.883333 -1.08 0.00147042
0.883333 -1.04 0.0016288
0.883333 -1 0.00165902
0.883333 -0.96 0.00163134
0.883333 -0.92 0.00176436
0.883333 -0.88 0.00179154
0.883333 -0.84 0.0019261
0.883333 -0.8 0.00201356
0.883333 -0.76 0.00228195
0.883333 -0.72 0.00227671
0.883333 -0.68 0.00234217
0.883333 -0.64 0.00254786
0.883333 -0.6 0.00279275
0.883333 -0.56 0.00301976
0.883333 -0.52 0.00318449
0.883333 -0.48 0.00350039
0.883333 -0.44 0.00388005
0.883333 -0.4 0.00459363
0.883333 -0.36 0.0049871
0.883333 -0.32 0.00556233
0.883333 -0.28 0.00655436
0.883333 -0.24 0.00819887
0.883333 -0.2 0.0100995
0.883333 -0.16 0.0106055
0.883333 -0.12 0.00974386
0.883333 -0.08 0.00828974
0.883333 -0.04 0.0063703
0.883333 0 0.00435825
0.883333 0.04 0.0028868
0.883333 0.08 0.00199379
0.883333 0.12 0.00145278
0.883333 0.16 0.00110734
0.883333 0.2 0.000874367
0.883333 0.24 0.000709728
0.883333 0.28 0.000588923
0.883333 0.32 0.000497475
0.883333 0.36 0.000426445
0.883333 0.4 0.000370135
0.883333 0.44 0.000324654
0.883333 0.48 0.000287346
0.883333 0.52 0.000256362
0.883333 0.56 0.000230291
0.883333 0.6 0.00020815
0.883333 0.64 0.000189163
0.883333 0.68 0.000172755
0.883333 0.72 0.000158472
0.883333 0.76 0.000145945
0.883333 0.8 0.000134918
0.883333 0.84 0.000125145
0.883333 0.88 0.000116418
0.883333 0.92 0.000108614
0.883333 0.96 0.000101605
0.883333 1 0
0.883333 1.04 0
0.883333 1.08 0
0.883333 1.12 0
0.883333 1.16 0
0.883333 1.2 0
0.883333 1.24 0
0.883333 1.28 0
0.883333 1.32 0
0.883333 1.36 0
0.883333 1.4 0
0.883333 1.44 0
0.883333 1.48 0
0.883333 1.52 0
0.883333 1.56 0
0.883333 1.6 0
0.883333 1.64 0
0.883333 1.68 0
0.883333 1.72 0
0.883333 1.76 0
0.883333 1.8 0
0.883333 1.84 0
0.883333 1.88 0
0.883333 1.92 0
0.883333 1.96 0
0.883333 2 0
0.883333 2.04 0
0.883333 2.08 0
0.883333 2.12 0
0.883333 2.16 0
0.883333 2.2 0
0.883333 2.24 0
0.883333 2.28 0
0.883333 2.32 0
0.883333 2.36 0
0.883333 2.4 0
0.883333 2.44 0
0.883333 2.48 0
0.883333 2.52 0
0.883333 2.56 0
0.883333 2.6 0
0.883333 2.64 0
0.883333 2.68 0
0.883333 2.72 0
0.883333 2.76 0
0.883333 2.8 0
0.883333 2.84 0
0.883333 2.88 0
0.883333 2.92 0
0.883333 2.96 0
0.883333 3 0
0.883333 3.04 0
0.883333 3.08 0
0.883333 3.12 0
0.883333 3.16 0
0.883333 3.2 0
0.883333 3.24 0
0.883333 3.28 0
0.883333 3.32 0
0.883333 3.36 0
0.883333 3.4 0
0.883333 3.44 0
0.883333 3.48 0
0.883333 3.52 0
0.883333 3.56 0
0.883333 3.6 0
0.883333 3.64 0
0.883333 3.68 0
0.883333 3.72 0
0.883333 3.76 0
0.883333 3.8 0
0.883333 3.84 0
0.883333 3.88 0
0.883333 3.92 0
0.883333 3.96 0
0.883333 4 0
0.9 -4 6.17087e-05
0.9 -3.96 3.96592e-05
0.9 -3.92 2.14067e-05
0.9 -3.88 3.61753e-05
0.9 -3.84 7.01841e-05
0.9 -3.8 2.96218e-05
0.9 -3.76 1.4271e-05
0.9 -3.72 3.51142e-05
0.9 -3.68 7.8565e-05
0.9 -3.64 9.60923e-05
0.9 -3.6 6.4738e-05
0.9 -3.56 5.70631e-05
0.9 -3.52 6.98732e-05
0.9 -3.48 8.56823e-05
0.9 -3.44 6.74277e-05
0.9 -3.4 6.88542e-05
0.9 -3.36 3.57813e-05
0.9 -3.32 6.89904e-05
0.9 -3.28 7.77327e-05
0.9 -3.24 9.58047e-05
0.9 -3.2 0.000112857
0.9 -3.16 0.000152442
0.9 -3.12 8.68518e-05
0.9 -3.08 0.000144092
0.9 -3.04 0.00014688
0.9 -3 0.000125396
0.9 -2.96 0.000107039
0.9 -2.92 0.000109466
0.9 -2.88 0.000117993
0.9 -2.84 0.000132142
0.9 -2.8 0.000122422
0.9 -2.76 0.000119866
0.9 -2.72 0.000188744
0.9 -2.68 0.000222909
0.9 -2.64 0.000175661
0.9 -2.6 0.00013533
0.9 -2.56 0.00018378
0.9 -2.52 0.000171262
0.9 -2.48 0.00013484
0.9 -2.44 0.00017277
0.9 -2.4 0.00017056
0.9 -2.36 0.000244769
0.9 -2.32 0.000246372
0.9 -2.28 0.000249786
0.9 -2.24 0.000271186
0.9 -2.2 0.000310387
0.9 -2.16 0.000331207
0.9 -2.12 0.000319684
0.9 -2.08 0.000408535
0.9 -2.04 0.000438658
0.9 -2 0.000465602
0.9 -1.96 0.000439952
0.9 -1.92 0.000482564
0.9 -1.88 0.000527554
0.9 -1.84 0.000444307
0.9 -1.8 0.000627026
0.9 -1.76 0.000727764
0.9 -1.72 0.000837751
0.9 -1.68 0.000753166
0.9 -1.64 0.000749582
0.9 -1.6 0.000807371
0.9 -1.56 0.000888139
0.9 -1.52 0.00100963
0.9 -1.48 0.000958891
0.9 -1.44 0.000895694
0.9 -1.4 0.000948933
0.9 -1.36 0.00104448
0.9 -1.32 0.00108788
0.9 -1.28 0.00118032
0.9 -1.24 0.00126448
0.9 -1.2 0.00118293
0.9 -1.16 0.00133483
0.9 -1.12 0.00135842
0.9 -1.08 0.00143904
0.9 -1.04 0.0015723
0.9 -1 0.00163708
0.9 -0.96 0.00163461
0.9 -0.92 0.00174702
0.9 -0.88 0.00175538
0.9 -0.84 0.00190464
0.9 -0.8 0.00206093
0.9 -0.76 0.00224276
0.9 -0.72 0.00226402
0.9 -0.68 0.00232382
0.9 -0.64 0.002531
0.9 -0.6 0.00284422
0.9 -0.56 0.00296861
0.9 -0.52 0.00328364
0.9 -0.48 0.00346678
0.9 -0.44 0.00395018
0.9 -0.4 0.00454834
0.9 -0.36 0.00500003
0.9 -0.32 0.00559439
0.9 -0.28 0.00649873
0.9 -0.24 0.00813738
0.9 -0.2 0.0100526
0.9 -0.16 0.0106308
0.9 -0.12 0.0097785
0.9 -0.08 0.00833881
0.9 -0.04 0.00641887
0.9 0 0.00437803
0.9 0.04 0.00289573
0.9 0.08 0.00199928
0.9 0.12 0.00145651
0.9 0.16 0.00110996
0.9 0.2 0.00087625
0.9 0.24 0.000711105
0.9 0.28 0.000589943
0.9 0.32 0.000498238
0.9 0.36 0.000427026
0.9 0.4 0.00037058
0.9 0.44 0.000324997
0.9 0.48 0.000287606
0.9 0.52 0.000256564
0.9 0.56 0.000230444
0.9 0.6 0.000208267
0.9 0.64 0.000189252
0.9 0.68 0.000172819
0.9 0.72 0.000158516
0.9 0.76 0.000145975
0.9 0.8 0.000134938
0.9 0.84 0.000125155
0.9 0.88 0.000116417
0.9 0.92 0.000108607
0.9 0.96 0.000101594
0.9 1 0
0.9 1.04 0
0.9 1.08 0
0.9 1.12 0
0.9 1.16 0
0.9 1.2 0
0.9 1.24 0
0.9 1.28 0
0.9 1.32 0
0.9 1.36 0
0.9 1.4 0
0.9 1.44 0
0.9 1.48 0
0.9 1.52 0
0.9 1.56 0
0.9 1.6 0
0.9 1.64 0
0.9 1.68 0
0.9 1.72 0
0.9 1.76 0
0.9 1.8 0
0.9 1.84 0
0.9 1.88 0
0.9 1.92 0
0.9 1.96 0
0.9 2 0
0.9 2.04 0
0.9 2.08 0
0.9 2.12 0
0.9 2.16 0
0.9 2.2 0
0.9 2.24 0
0.9 2.28 0
0.9 2.32 0
0.9 2.36 0
0.9 2.4 0
0.9 2.44 0
0.9 2.48 0
0.9 2.52 0
0.9 2.56 0
0.9 2.6 0
0.9 2.64 0
0.9 2.68 0
0.9 2.72 0
0.9 2.76 0
0.9 2.8 0
0.9 2.84 0
0.9 2.88 0
0.9 2.92 0
0.9 2.96 0
0.9 3 0
0.9 3.04 0
0.9 3.08 0
0.9 3.12 0
0.9 3.16 0
0.9 3.2 0
0.9 3.24 0
0.9 3.28 0
0.9 3.32 0
0.9 3.36 0
0.9 3.4 0
0.9 3.44 0
0.9 3.48 0
0.9 3.52 0
0.9 3.56 0
0.9 3.6 0
0.9 3.64 0
0.9 3.68 0
0.9 3.72 0
0.9 3.76 0
0.9 3.8 0
0.9 3.84 0
0.9 3.88 0
0.9 3.92 0
0.9 3.96 0
0.9 4 0
0.916667 -4 6.05081e-05
0.916667 -3.96 3.8033e-05
0.916667 -3.92 4.10166e-05
0.916667 -3.88 1.72996e-05
0.916667 -3.84 6.85111e-05
0.916667 -3.8 4.18972e-05
0.916667 -3.76 2.38415e-05
0.916667 -3.72 6.16386e-05
0.916667 -3.68 7.45979e-05
0.916667 -3.64 0.00010327
0.916667 -3.6 7.58696e-05
0.916667 -3.56 5.73161e-05
0.916667 -3.52 8.89031e-05
0.916667 -3.48 8.24407e-05
0.916667 -3.44 5.55488e-05
0.916667 -3.4 5.52875e-05
0.916667 -3.36 4.5122e-05
0.916667 -3.32 6.3888e-05
0.916667 -3.28 7.18977e-05
0.916667 -3.24 9.92715e-05
0.916667 -3.2 0.000122888
0.916667 -3.16 0.00014495
0.916667 -3.12 6.83782e-05
0.916667 -3.08 0.00014885
0.916667 -3.04 0.00013535
0.916667 -3 0.000118891
0.916667 -2.96 0.00011334
0.916667 -2.92 9.50617e-05
0.916667 -2.88 9.60622e-05
0.916667 -2.84 0.000140298
0.916667 -2.8 0.000126453
0.916667 -2.76 0.000114498
0.916667 -2.72 0.000191583
0.916667 -2.68 0.000198477
0.916667 -2.64 0.000185602
0.916667 -2.6 0.000115827
0.916667 -2.56 0.000171139
0.916667 -2.52 0.000176593
0.916667 -2.48 0.000198797
0.916667 -2.44 0.000179703
0.916667 -2.4 0.000182406
0.916667 -2.36 0.000271495
0.916667 -2.32 0.000238244
0.916667 -2.28 0.00029354
0.916667 -2.24 0.00026994
0.916667 -2.2 0.000314083
0.916667 -2.16 0.000345732
0.916667 -2.12 0.000345406
0.916667 -2.08 0.000391722
0.916667 -2.04 0.0003632
0.916667 -2 0.000488573
0.916667 -1.96 0.000405134
0.916667 -1.92 0.0004699
0.916667 -1.88 0.000512614
0.916667 -1.84 0.000425094
0.916667 -1.8 0.00064744
0.916667 -1.76 0.000658394
0.916667 -1.72 0.000785705
0.916667 -1.68 0.000728996
0.916667 -1.64 0.000679282
0.916667 -1.6 0.000846262
0.916667 -1.56 0.000858642
0.916667 -1.52 0.000997115
0.916667 -1.48 0.000921798
0.916667 -1.44 0.00090031
0.916667 -1.4 0.000923971
0.916667 -1.36 0.00104936
0.916667 -1.32 0.00105774
0.916667 -1.28 0.00118591
0.916667 -1.24 0.0012249
0.916667 -1.2 0.00126099
0.916667 -1.16 0.00137523
0.916667 -1.12 0.00141094
0.916667 -1.08 0.00141119
0.916667 -1.04 0.00151779
0.916667 -1 0.00158341
0.916667 -0.96 0.0016328
0.916667 -0.92 0.00173063
0.916667 -0.88 0.001725
0.916667 -0.84 0.00188801
0.916667 -0.8 0.0020504
0.916667 -0.76 0.00222858
0.916667 -0.72 0.00231549
0.916667 -0.68 0.00231471
0.916667 -0.64 0.00255883
0.916667 -0.6 0.00292991
0.916667 -0.56 0.00293081
0.916667 -0.52 0.00334252
0.916667 -0.48 0.0034771
0.916667 -0.44 0.00399585
0.916667 -0.4 0.0044697
0.916667 -0.36 0.00500249
0.916667 -0.32 0.00561856
0.916667 -0.28 0.00645958
0.916667 -0.24 0.00809423
0.916667 -0.2 0.0100142
0.916667 -0.16 0.0106528
0.916667 -0.12 0.0098072
0.916667 -0.08 0.00837847
0.916667 -0.04 0.00646176
0.916667 0 0.00439529
0.916667 0.04 0.00290317
0.916667 0.08 0.00200381
0.916667 0.12 0.00145961
0.916667 0.16 0.00111215
0.916667 0.2 0.000877822
0.916667 0.24 0.000712255
0.916667 0.28 0.000590795
0.916667 0.32 0.000498875
0.916667 0.36 0.000427511
0.916667 0.4 0.000370951
0.916667 0.44 0.000325283
0.916667 0.48 0.000287821
0.916667 0.52 0.000256732
0.916667 0.56 0.000230569
0.916667 0.6 0.000208363
0.916667 0.64 0.000189325
0.916667 0.68 0.000172872
0.916667 0.72 0.000158551
0.916667 0.76 0.000145998
0.916667 0.8 0.000134953
0.916667 0.84 0.000125162
0.916667 0.88 0.000116416
0.916667 0.92 0.0001086
0.916667 0.96 0.000101583
0.916667 1 0
0.916667 1.04 0
0.916667 1.08 0
0.916667 1.12 0
0.916667 1.16 0
0.916667 1.2 0
0.916667 1.24 0
0.916667 1.28 0
0.916667 1.32 0
0.916667 1.36 0
0.916667 1.4 0
0.916667 1.44 0
0.916667 1.48 0
0.916667 1.52 0
0.916667 1.56 0
0.916667 1.6 0
0.916667 1.64 0
0.916667 1.68 0
0.916667 1.72 0
0.916667 1.76 0
0.916667 1.8 0
0.916667 1.84 0
0.916667 1.88 0
0.916667 1.92 0
0.916667 1.96 0
0.916667 2 0
0.916667 2.04 0
0.916667 2.08 0
0.916667 2.12 0
0.916667 2.16 0
0.916667 2.2 0
0.916667 2.24 0
0.916667 2.28 0
0.916667 2.32 0
0.916667 2.36 0
0.916667 2.4 0
0.916667 2.44 0
0.916667 2.48 0
0.916667 2.52 0
0.916667 2.56 0
0.916667 2.6 0
0.916667 2.64 0
0.916667 2.68 0
0.916667 2.72 0
0.916667 2.76 0
0.916667 2.8 0
0.916667 2.84 0
0.916667 2.88 0
0.916667 2.92 0
0.916667 2.96 0
0.916667 3 0
0.916667 3.04 0
0.916667 3.08 0
0.916667 3.12 0
0.916667 3.16 0
0.916667 3.2 0
0.916667 3.24 0
0.916667 3.28 0
0.916667 3.32 0
0.916667 3.36 0
0.916667 3.4 0
0.916667 3.44 0
0.916667 3.48 0
0.916667 3.52 0
0.916667 3.56 0
0.916667 3.6 0
0.916667 3.64 0
0.916667 3.68 0
0.916667 3.72 0
0.916667 3.76 0
0.916667 3.8 0
0.916667 3.84 0
0.916667 3.88 0
0.916667 3.92 0
0.916667 3.96 0
0.916667 4 0
0.933333 -4 4.86555e-05
0.933333 -3.96 3.19571e-05
0.933333 -3.92 5.04198e-05
0.933333 -3.88 1.51034e-05
0.933333 -3.84 6.5292e-05
0.933333 -3.8 6.45852e-05
0.933333 -3.76 5.01081e-05
0.933333 -3.72 7.42579e-05
0.933333 -3.68 7.15648e-05
0.933333 -3.64 9.88529e-05
0.933333 -3.6 8.55039e-05
0.933333 -3.56 5.27189e-05
0.933333 -3.52 8.15114e-05
0.933333 -3.48 5.59615e-05
0.933333 -3.44 4.54432e-05
0.933333 -3.4 5.15872e-05
0.933333 -3.36 6.19685e-05
0.933333 -3.32 5.88428e-05
0.933333 -3.28 6.96532e-05
0.933333 -3.24 7.58392e-05
0.933333 -3.2 0.000135779
0.933333 -3.16 0.000119072
0.933333 -3.12 7.57517e-05
0.933333 -3.08 0.000150136
0.933333 -3.04 0.000121094
0.933333 -3 0.000101722
0.933333 -2.96 0.000111394
0.933333 -2.92 0.000108774
0.933333 -2.88 8.55527e-05
0.933333 -2.84 0.000125413
0.933333 -2.8 0.000146537
0.933333 -2.76 0.000129784
0.933333 -2.72 0.000202342
0.933333 -2.68 0.000178346
0.933333 -2.64 0.000172943
0.933333 -2.6 0.00011815
0.933333 -2.56 0.000149605
0.933333 -2.52 0.000172251
0.933333 -2.48 0.000216528
0.933333 -2.44 0.000176733
0.933333 -2.4 0.000206885
0.933333 -2.36 0.000266176
0.933333 -2.32 0.00023432
0.933333 -2.28 0.000323531
0.933333 -2.24 0.000261534
0.933333 -2.2 0.000315556
0.933333 -2.16 0.000324045
0.933333 -2.12 0.000288694
0.933333 -2.08 0.000364211
0.933333 -2.04 0.000333853
0.933333 -2 0.000468629
0.933333 -1.96 0.000399688
0.933333 -1.92 0.000466166
0.933333 -1.88 0.000517471
0.933333 -1.84 0.000482619
0.933333 -1.8 0.00071195
0.933333 -1.76 0.000637567
0.933333 -1.72 0.000709255
0.933333 -1.68 0.000696932
0.933333 -1.64 0.000654934
0.933333 -1.6 0.000833004
0.933333 -1.56 0.000835885
0.933333 -1.52 0.00098289
0.933333 -1.48 0.00085735
0.933333 -1.44 0.000916581
0.933333 -1.4 0.000943895
0.933333 -1.36 0.000989203
0.933333 -1.32 0.00103107
0.933333 -1.28 0.00121132
0.933333 -1.24 0.00118611
0.933333 -1.2 0.00128587
0.933333 -1.16 0.00139124
0.933333 -1.12 0.00139104
0.933333 -1.08 0.00140595
0.933333 -1.04 0.0015125
0.933333 -1 0.00156108
0.933333 -0.96 0.00166107
0.933333 -0.92 0.00174042
0.933333 -0.88 0.00170485
0.933333 -0.84 0.00183571
0.933333 -0.8 0.00200835
0.933333 -0.76 0.00219678
0.933333 -0.72 0.00236661
0.933333 -0.68 0.0023045
0.933333 -0.64 0.00254299
0.933333 -0.6 0.00292753
0.933333 -0.56 0.00294156
0.933333 -0.52 0.00329836
0.933333 -0.48 0.00351181
0.933333 -0.44 0.00398173
0.933333 -0.4 0.0044669
0.933333 -0.36 0.00499704
0.933333 -0.32 0.00559952
0.933333 -0.28 0.0064257
0.933333 -0.24 0.00807162
0.933333 -0.2 0.00998839
0.933333 -0.16 0.0106707
0.933333 -0.12 0.00983046
0.933333 -0.08 0.00840959
0.933333 -0.04 0.00649804
0.933333 0 0.00440981
0.933333 0.04 0.00290919
0.933333 0.08 0.00200746
0.933333 0.12 0.0014621
0.933333 0.16 0.00111392
0.933333 0.2 0.000879094
0.933333 0.24 0.000713186
0.933333 0.28 0.000591484
0.933333 0.32 0.000499389
0.933333 0.36 0.000427904
0.933333 0.4 0.000371251
0.933333 0.44 0.000325514
0.933333 0.48 0.000287994
0.933333 0.52 0.000256866
0.933333 0.56 0.000230669
0.933333 0.6 0.00020844
0.933333 0.64 0.000189383
0.933333 0.68 0.000172913
0.933333 0.72 0.000158578
0.933333 0.76 0.000146017
0.933333 0.8 0.000134965
0.933333 0.84 0.000125167
0.933333 0.88 0.000116413
0.933333 0.92 0.000108594
0.933333 0.96 0.000101574
0.933333 1 0
0.933333 1.04 0
0.933333 1.08 0
0.933333 1.12 0
0.933333 1.16 0
0.933333 1.2 0
0.933333 1.24 0
0.933333 1.28 0
0.933333 1.32 0
0.933333 1.36 0
0.933333 1.4 0
0.933333 1.44 0
0.933333 1.48 0
0.933333 1.52 0
0.933333 1.56 0
0.933333 1.6 0
0.933333 1.64 0
0.933333 1.68 0
0.933333 1.72 0
0.933333 1.76 0
0.933333 1.8 0
0.933333 1.84 0
0.933333 1.88 0
0.933333 1.92 0
0.933333 1.96 0
0.933333 2 0
0.933333 2.04 0
0.933333 2.08 0
0.933333 2.12 0
0.933333 2.16 0
0.933333 2.2 0
0.933333 2.24 0
0.933333 2.28 0
0.933333 2.32 0
0.933333 2.36 0
0.933333 2.4 0
0.933333 2.44 0
0.933333 2.48 0
0.933333 2.52 0
0.933333 2.56 0
0.933333 2.6 0
0.933333 2.64 0
0.933333 2.68 0
0.933333 2.72 0
0.933333 2.76 0
0.933333 2.8 0
0.933333 2.84 0
0.933333 2.88 0
0.933333 2.92 0
0.933333 2.96 0
0.933333 3 0
0.933333 3.04 0
0.933333 3.08 0
0.933333 3.12 0
0.933333 3.16 0
0.933333 3.2 0
0.933333 3.24 0
0.933333 3.28 0
0.933333 3.32 0
0.933333 3.36 0
0.933333 3.4 0
0.933333 3.44 0
0.933333 3.48 0
0.933333 3.52 0
0.933333 3.56 0
0.933333 3.6 0
0.933333 3.64 0
0.933333 3.68 0
0.933333 3.72 0
0.933333 3.76 0
0.933333 3.8 0
0.933333 3.84 0
0.933333 3.88 0
0.933333 3.92 0
0.933333 3.96 0
0.933333 4 0
0.95 -4 4.3858e-05
0.95 -3.96 2.66972e-05
0.95 -3.92 4.03948e-05
0.95 -3.88 3.01773e-05
0.95 -3.84 6.33899e-05
0.95 -3.8 7.33289e-05
0.95 -3.76 6.27943e-05
0.95 -3.72 6.38464e-05
0.95 -3.68 6.67895e-05
0.95 -3.64 8.52629e-05
0.95 -3.6 8.77167e-05
0.95 -3.56 5.33193e-05
0.95 -3.52 5.82775e-05
0.95 -3.48 3.67526e-05
0.95 -3.44 4.45094e-05
0.95 -3.4 5.79008e-05
0.95 -3.36 7.43573e-05
0.95 -3.32 6.6341e-05
0.95 -3.28 7.52597e-05
0.95 -3.24 4.74642e-05
0.95 -3.2 0.000143936
0.95 -3.16 9.72942e-05
0.95 -3.12 0.000101326
0.95 -3.08 0.000144214
0.95 -3.04 0.000117241
0.95 -3 9.04545e-05
0.95 -2.96 0.000101438
0.95 -2.92 0.000140034
0.95 -2.88 9.57937e-05
0.95 -2.84 0.000102901
0.95 -2.8 0.000160076
0.95 -2.76 0.000149607
0.95 -2.72 0.000218607
0.95 -2.68 0.000182091
0.95 -2.64 0.000156383
0.95 -2.6 0.00013877
0.95 -2.56 0.000140498
0.95 -2.52 0.0001605
0.95 -2.48 0.000183895
0.95 -2.44 0.000169513
0.95 -2.4 0.000217619
0.95 -2.36 0.000240403
0.95 -2.32 0.00024
0.95 -2.28 0.000320426
0.95 -2.24 0.000252959
0.95 -2.2 0.000307338
0.95 -2.16 0.000294994
0.95 -2.12 0.000215751
0.95 -2.08 0.000340705
0.95 -2.04 0.000354859
0.95 -2 0.000419477
0.95 -1.96 0.000415128
0.95 -1.92 0.000470735
0.95 -1.88 0.000537529
0.95 -1.84 0.000556852
0.95 -1.8 0.000756513
0.95 -1.76 0.000652824
0.95 -1.72 0.000680492
0.95 -1.68 0.000679937
0.95 -1.64 0.000676001
0.95 -1.6 0.000777276
0.95 -1.56 0.000838753
0.95 -1.52 0.000981085
0.95 -1.48 0.000822166
0.95 -1.44 0.000928472
0.95 -1.4 0.000970312
0.95 -1.36 0.000918471
0.95 -1.32 0.00103068
0.95 -1.28 0.00122058
0.95 -1.24 0.00116957
0.95 -1.2 0.00126174
0.95 -1.16 0.00138723
0.95 -1.12 0.00131625
0.95 -1.08 0.0014111
0.95 -1.04 0.00154908
0.95 -1 0.00158311
0.95 -0.96 0.00169884
0.95 -0.92 0.00174653
0.95 -0.88 0.00169732
0.95 -0.84 0.00177334
0.95 -0.8 0.00198261
0.95 -0.76 0.00214068
0.95 -0.72 0.00235484
0.95 -0.68 0.00226944
0.95 -0.64 0.00249333
0.95 -0.6 0.00282373
0.95 -0.56 0.00298317
0.95 -0.52 0.00321472
0.95 -0.48 0.00353391
0.95 -0.44 0.00394724
0.95 -0.4 0.00453112
0.95 -0.36 0.0049889
0.95 -0.32 0.00555791
0.95 -0.28 0.00639278
0.95 -0.24 0.00805977
0.95 -0.2 0.0099716
0.95 -0.16 0.0106844
0.95 -0.12 0.00984854
0.95 -0.08 0.008433
0.95 -0.04 0.00652695
0.95 0 0.00442139
0.95 0.04 0.00291384
0.95 0.08 0.00201025
0.95 0.12 0.00146402
0.95 0.16 0.00111528
0.95 0.2 0.000880073
0.95 0.24 0.000713904
0.95 0.28 0.000592016
0.95 0.32 0.000499785
0.95 0.36 0.000428206
0.95 0.4 0.000371482
0.95 0.44 0.000325692
0.95 0.48 0.000288127
0.95 0.52 0.00025697
0.95 0.56 0.000230746
0.95 0.6 0.000208498
0.95 0.64 0.000189427
0.95 0.68 0.000172944
0.95 0.72 0.000158598
0.95 0.76 0.00014603
0.95 0.8 0.000134974
0.95 0.84 0.00012517
0.95 0.88 0.000116411
0.95 0.92 0.000108588
0.95 0.96 0.000101567
0.95 1 0
0.95 1.04 0
0.95 1.08 0
0.95 1.12 0
0.95 1.16 0
0.95 1.2 0
0.95 1.24 0
0.95 1.28 0
0.95 1.32 0
0.95 1.36 0
0.95 1.4 0
0.95 1.44 0
0.95 1.48 0
0.95 1.52 0
0.95 1.56 0
0.95 1.6 0
0.95 1.64 0
0.95 1.68 0
0.95 1.72 0
0.95 1.76 0
0.95 1.8 0
0.95 1.84 0
0.95 1.88 0
0.95 1.92 0
0.95 1.96 0
0.95 2 0
0.95 2.04 0
0.95 2.08 0
0.95 2.12 0
0.95 2.16 0
0.95 2.2 0
0.95 2.24 0
0.95 2.28 0
0.95 2.32 0
0.95 2.36 0
0.95 2.4 0
0.95 2.44 0
0.95 2.48 0
0.95 2.52 0
0.95 2.56 0
0.95 2.6 0
0.95 2.64 0
0.95 2.68 0
0.95 2.72 0
0.95 2.76 0
0.95 2.8 0
0.95 2.84 0
0.95 2.88 0
0.95 2.92 0
0.95 2.96 0
0.95 3 0
0.95 3.04 0
0.95 3.08 0
0.95 3.12 0
0.95 3.16 0
0.95 3.2 0
0.95 3.24 0
0.95 3.28 0
0.95 3.32 0
0.95 3.36 0
0.95 3.4 0
0.95 3.44 0
0.95 3.48 0
0.95 3.52 0
0.95 3.56 0
0.95 3.6 0
0.95 3.64 0
0.95 3.68 0
0.95 3.72 0
0.95 3.76 0
0.95 3.8 0
0.95 3.84 0
0.95 3.88 0
0.95 3.92 0
0.95 3.96 0
0.95 4 0
0.966667 -4 5.35759e-05
0.966667 -3.96 2.57019e-05
0.966667 -3.92 2.3852e-05
0.966667 -3.88 4.3502e-05
0.966667 -3.84 5.96129e-05
0.966667 -3.8 6.73619e-05
0.966667 -3.76 5.21792e-05
0.966667 -3.72 4.33523e-05
0.966667 -3.68 6.24627e-05
0.966667 -3.64 6.6594e-05
0.966667 -3.6 9.26483e-05
0.966667 -3.56 5.98823e-05
0.966667 -3.52 4.32082e-05
0.966667 -3.48 4.78764e-05
0.966667 -3.44 5.7812e-05
0.966667 -3.4 6.26482e-05
0.966667 -3.36 8.04553e-05
0.966667 -3.32 8.4357e-05
0.966667 -3.28 8.12401e-05
0.966667 -3.24 4.89469e-05
0.966667 -3.2 0.000139261
0.966667 -3.16 0.00010418
0.966667 -3.12 0.000109641
0.966667 -3.08 0.000142934
0.966667 -3.04 0.000126685
0.966667 -3 9.47959e-05
0.966667 -2.96 9.52234e-05
0.966667 -2.92 0.000151033
0.966667 -2.88 0.000105456
0.966667 -2.84 9.89461e-05
0.966667 -2.8 0.000148877
0.966667 -2.76 0.000163036
0.966667 -2.72 0.000222557
0.966667 -2.68 0.000197915
0.966667 -2.64 0.00015988
0.966667 -2.6 0.000151791
0.966667 -2.56 0.000146729
0.966667 -2.52 0.000161323
0.966667 -2.48 0.000155099
0.966667 -2.44 0.000165463
0.966667 -2.4 0.000203033
0.966667 -2.36 0.000236409
0.966667 -2.32 0.000247745
0.966667 -2.28 0.000291898
0.966667 -2.24 0.000236775
0.966667 -2.2 0.000282981
0.966667 -2.16 0.000295396
0.966667 -2.12 0.000210979
0.966667 -2.08 0.000332688
0.966667 -2.04 0.000377741
0.966667 -2 0.000385258
0.966667 -1.96 0.000411207
0.966667 -1.92 0.00047215
0.966667 -1.88 0.000552209
0.966667 -1.84 0.000561635
0.966667 -1.8 0.000732704
0.966667 -1.76 0.000629509
0.966667 -1.72 0.000705386
0.966667 -1.68 0.000686524
0.966667 -1.64 0.000672442
0.966667 -1.6 0.000760357
0.966667 -1.56 0.000871003
0.966667 -1.52 0.000961509
0.966667 -1.48 0.00086058
0.966667 -1.44 0.000931727
0.966667 -1.4 0.000957199
0.966667 -1.36 0.000900016
0.966667 -1.32 0.00105677
0.966667 -1.28 0.00118608
0.966667 -1.24 0.00118851
0.966667 -1.2 0.00125182
0.966667 -1.16 0.00137339
0.966667 -1.12 0.00128755
0.966667 -1.08 0.0014032
0.966667 -1.04 0.0015824
0.966667 -1 0.00159326
0.966667 -0.96 0.00170031
0.966667 -0.92 0.00169559
0.966667 -0.88 0.00169041
0.966667 -0.84 0.00176665
0.966667 -0.8 0.00197643
0.966667 -0.76 0.00210855
0.966667 -0.72 0.0022902
0.966667 -0.68 0.00220429
0.966667 -0.64 0.00249859
0.966667 -0.6 0.00272867
0.966667 -0.56 0.00301779
0.966667 -0.52 0.00320516
0.966667 -0.48 0.00352171
0.966667 -0.44 0.00394023
0.966667 -0.4 0.00455942
0.966667 -0.36 0.00497434
0.966667 -0.32 0.00553995
0.966667 -0.28 0.00636729
0.966667 -0.24 0.00804955
0.966667 -0.2 0.0099586
0.966667 -0.16 0.0106946
0.966667 -0.12 0.00986153
0.966667 -0.08 0.00844934
0.966667 -0.04 0.00654797
0.966667 0 0.00442981
0.966667 0.04 0.00291714
0.966667 0.08 0.00201222
0.966667 0.12 0.00146538
0.966667 0.16 0.00111625
0.966667 0.2 0.000880769
0.966667 0.24 0.000714414
0.966667 0.28 0.000592393
0.966667 0.32 0.000500066
0.966667 0.36 0.00042842
0.966667 0.4 0.000371645
0.966667 0.44 0.000325818
0.966667 0.48 0.00028822
0.966667 0.52 0.000257043
0.966667 0.56 0.0002308
0.966667 0.6 0.000208539
0.966667 0.64 0.000189459
0.966667 0.68 0.000172966
0.966667 0.72 0.000158612
0.966667 0.76 0.00014604
0.966667 0.8 0.00013498
0.966667 0.84 0.000125172
0.966667 0.88 0.000116409
0.966667 0.92 0.000108584
0.966667 0.96 0.000101561
0.966667 1 0
0.966667 1.04 0
0.966667 1.08 0
0.966667 1.12 0
0.966667 1.16 0
0.966667 1.2 0
0.966667 1.24 0
0.966667 1.28 0
0.966667 1.32 0
0.966667 1.36 0
0.966667 1.4 0
0.966667 1.44 0
0.966667 1.48 0
0.966667 1.52 0
0.966667 1.56 0
0.966667 1.6 0
0.966667 1.64 0
0.966667 1.68 0
0.966667 1.72 0
0.966667 1.76 0
0.966667 1.8 0
0.966667 1.84 0
0.966667 1.88 0
0.966667 1.92 0
0.966667 1.96 0
0.966667 2 0
0.966667 2.04 0
0.966667 2.08 0
0.966667 2.12 0
0.966667 2.16 0
0.966667 2.2 0
0.966667 2.24 0
0.966667 2.28 0
0.966667 2.32 0
0.966667 2.36 0
0.966667 2.4 0
0.966667 2.44 0
0.966667 2.48 0
0.966667 2.52 0
0.966667 2.56 0
0.966667 2.6 0
0.966667 2.64 0
0.966667 2.68 0
0.966667 2.72 0
0.966667 2.76 0
0.966667 2.8 0
0.966667 2.84 0
0.966667 2.88 0
0.966667 2.92 0
0.966667 2.96 0
0.966667 3 0
0.966667 3.04 0
0.966667 3.08 0
0.966667 3.12 0
0.966667 3.16 0
0.966667 3.2 0
0.966667 3.24 0
0.966667 3.28 0
0.966667 3.32 0
0.966667 3.36 0
0.966667 3.4 0
0.966667 3.44 0
0.966667 3.48 0
0.966667 3.52 0
0.966667 3.56 0
0.966667 3.6 0
0.966667 3.64 0
0.966667 3.68 0
0.966667 3.72 0
0.966667 3.76 0
0.966667 3.8 0
0.966667 3.84 0
0.966667 3.88 0
0.966667 3.92 0
0.966667 3.96 0
0.966667 4 0
0.983333 -4 6.90837e-05
0.983333 -3.96 2.77847e-05
0.983333 -3.92 1.4872e-05
0.983333 -3.88 4.45187e-05
0.983333 -3.84 5.33125e-05
0.983333 -3.8 6.02007e-05
0.983333 -3.76 3.39966e-05
0.983333 -3.72 2.81231e-05
0.983333 -3.68 6.17554e-05
0.983333 -3.64 4.96601e-05
0.983333 -3.6 0.000104885
0.983333 -3.56 6.52387e-05
0.983333 -3.52 4.42074e-05
0.983333 -3.48 7.78425e-05
0.983333 -3.44 7.80242e-05
0.983333 -3.4 6.07589e-05
0.983333 -3.36 8.33068e-05
0.983333 -3.32 0.000101058
0.983333 -3.28 8.12393e-05
0.983333 -3.24 7.88991e-05
0.983333 -3.2 0.000125461
0.983333 -3.16 0.000132614
0.983333 -3.12 9.20364e-05
0.983333 -3.08 0.000151535
0.983333 -3.04 0.000140758
0.983333 -3 0.000106996
0.983333 -2.96 9.82819e-05
0.983333 -2.92 0.000132395
0.983333 -2.88 0.000100902
0.983333 -2.84 0.000115662
0.983333 -2.8 0.000122236
0.983333 -2.76 0.000169325
0.983333 -2.72 0.000209335
0.983333 -2.68 0.000208634
0.983333 -2.64 0.000181418
0.983333 -2.6 0.000145945
0.983333 -2.56 0.000157292
0.983333 -2.52 0.000178818
0.983333 -2.48 0.00015933
0.983333 -2.44 0.000165392
0.983333 -2.4 0.00017752
0.983333 -2.36 0.000262761
0.983333 -2.32 0.000249241
0.983333 -2.28 0.000260613
0.983333 -2.24 0.000211862
0.983333 -2.2 0.000251015
0.983333 -2.16 0.000322919
0.983333 -2.12 0.000267255
0.983333 -2.08 0.000337496
0.983333 -2.04 0.000376423
0.983333 -2 0.000383935
0.983333 -1.96 0.000380167
0.983333 -1.92 0.000467285
0.983333 -1.88 0.000552593
0.983333 -1.84 0.000499433
0.983333 -1.8 0.000666865
0.983333 -1.76 0.000555725
0.983333 -1.72 0.000741132
0.983333 -1.68 0.000703975
0.983333 -1.64 0.000621968
0.983333 -1.6 0.000805805
0.983333 -1.56 0.000913013
0.983333 -1.52 0.00091719
0.983333 -1.48 0.000942649
0.983333 -1.44 0.000931281
0.983333 -1.4 0.000911151
0.983333 -1.36 0.000930784
0.983333 -1.32 0.00108764
0.983333 -1.28 0.00112807
0.983333 -1.24 0.00122551
0.983333 -1.2 0.00127992
0.983333 -1.16 0.00135814
0.983333 -1.12 0.00133341
0.983333 -1.08 0.00138164
0.983333 -1.04 0.00158919
0.983333 -1 0.00156348
0.983333 -0.96 0.00166502
0.983333 -0.92 0.00160176
0.983333 -0.88 0.00167695
0.983333 -0.84 0.00181803
0.983333 -0.8 0.00197094
0.983333 -0.76 0.00212163
0.983333 -0.72 0.00222643
0.983333 -0.68 0.00213696
0.983333 -0.64 0.00257335
0.983333 -0.6 0.00271084
0.983333 -0.56 0.00303025
0.983333 -0.52 0.0032785
0.983333 -0.48 0.0034895
0.983333 -0.44 0.00396102
0.983333 -0.4 0.00451692
0.983333 -0.36 0.00495505
0.983333 -0.32 0.00555516
0.983333 -0.28 0.00635435
0.983333 -0.24 0.00804023
0.983333 -0.2 0.00994853
0.983333 -0.16 0.0107013
0.983333 -0.12 0.00986936
0.983333 -0.08 0.008459
0.983333 -0.04 0.00656072
0.983333 0 0.00443494
0.983333 0.04 0.00291911
0.983333 0.08 0.00201339
0.983333 0.12 0.00146619
0.983333 0.16 0.00111683
0.983333 0.2 0.000881184
0.983333 0.24 0.000714718
0.983333 0.28 0.000592618
0.983333 0.32 0.000500233
0.983333 0.36 0.000428549
0.983333 0.4 0.000371743
0.983333 0.44 0.000325893
0.983333 0.48 0.000288276
0.983333 0.52 0.000257086
0.983333 0.56 0.000230832
0.983333 0.6 0.000208563
0.983333 0.64 0.000189477
0.983333 0.68 0.000172979
0.983333 0.72 0.00015862
0.983333 0.76 0.000146045
0.983333 0.8 0.000134983
0.983333 0.84 0.000125174
0.983333 0.88 0.000116408
0.983333 0.92 0.000108581
0.983333 0.96 0.000101558
0.983333 1 0
0.983333 1.04 0
0.983333 1.08 0
0.983333 1.12 0
0.983333 1.16 0
0.983333 1.2 0
0.983333 1.24 0
0.983333 1.28 0
0.983333 1.32 0
0.983333 1.36 0
0.983333 1.4 0
0.983333 1.44 0
0.983333 1.48 0
0.983333 1.52 0
0.983333 1.56 0
0.983333 1.6 0
0.983333 1.64 0
0.983333 1.68 0
0.983333 1.72 0
0.983333 1.76 0
0.983333 1.8 0
0.983333 1.84 0
0.983333 1.88 0
0.983333 1.92 0
0.983333 1.96 0
0.983333 2 0
0.983333 2.04 0
0.983333 2.08 0
0.983333 2.12 0
0.983333 2.16 0
0.983333 2.2 0
0.983333 2.24 0
0.983333 2.28 0
0.983333 2.32 0
0.983333 2.36 0
0.983333 2.4 0
0.983333 2.44 0
0.983333 2.48 0
0.983333 2.52 0
0.983333 2.56 0
0.983333 2.6 0
0.983333 2.64 0
0.983333 2.68 0
0.983333 2.72 0
0.983333 2.76 0
0.983333 2.8 0
0.983333 2.84 0
0.983333 2.88 0
0.983333 2.92 0
0.983333 2.96 0
0.983333 3 0
0.983333 3.04 0
0.983333 3.08 0
0.983333 3.12 0
0.983333 3.16 0
0.983333 3.2 0
0.983333 3.24 0
0.983333 3.28 0
0.983333 3.32 0
0.983333 3.36 0
0.983333 3.4 0
0.983333 3.44 0
0.983333 3.48 0
0.983333 3.52 0
0.983333 3.56 0
0.983333 3.6 0
0.983333 3.64 0
0.983333 3.68 0
0.983333 3.72 0
0.983333 3.76 0
0.983333 3.8 0
0.983333 3.84 0
0.983333 3.88 0
0.983333 3.92 0
0.983333 3.96 0
0.983333 4 0
1 -4 7.63631e-05
1 -3.96 2.91488e-05
1 -3.92 1.31499e-05
1 -3.88 4.21421e-05
1 -3.84 4.99486e-05
1 -3.8 5.79637e-05
1 -3.76 2.59031e-05
1 -3.72 2.31479e-05
1 -3.68 6.23992e-05
1 -3.64 4.27057e-05
1 -3.6 0.000112118
1 -3.56 6.67303e-05
1 -3.52 4.78822e-05
1 -3.48 9.36562e-05
1 -3.44 8.78953e-05
1 -3.4 5.84647e-05
1 -3.36 8.42947e-05
1 -3.32 0.000107474
1 -3.28 7.9661e-05
1 -3.24 9.72045e-05
1 -3.2 0.000117858
1 -3.16 0.000148604
1 -3.12 7.90557e-05
1 -3.08 0.0001576
1 -3.04 0.000147299
1 -3 0.00011313
1 -2.96 0.000101713
1 -2.92 0.00011815
1 -2.88 9.53677e-05
1 -2.84 0.000126917
1 -2.8 0.000108278
1 -2.76 0.000171063
1 -2.72 0.000199857
1 -2.68 0.000211379
1 -2.64 0.000194054
1 -2.6 0.000139201
1 -2.56 0.000161941
1 -2.52 0.000189994
1 -2.48 0.000168903
1 -2.44 0.00016597
1 -2.4 0.00016526
1 -2.36 0.000280478
1 -2.32 0.000248094
1 -2.28 0.000247468
1 -2.24 0.000198678
1 -2.2 0.000235675
1 -2.16 0.000339684
1 -2.12 0.00030205
1 -2.08 0.000341677
1 -2.04 0.000370127
1 -2 0.000390227
1 -1.96 0.000360943
1 -1.92 0.000463898
1 -1.88 0.000549716
1 -1.84 0.000460255
1 -1.8 0.000632059
1 -1.76 0.000512771
1 -1.72 0.000755605
1 -1.68 0.000712753
1 -1.64 0.000589374
1 -1.6 0.000838919
1 -1.56 0.000932439
1 -1.52 0.000892103
1 -1.48 0.00098508
1 -1.44 0.000930916
1 -1.4 0.000885329
1 -1.36 0.000952571
1 -1.32 0.00110079
1 -1.28 0.00109934
1 -1.24 0.00124411
1 -1.2 0.00130075
1 -1.16 0.00135126
1 -1.12 0.00136895
1 -1.08 0.00136962
1 -1.04 0.00158625
1 -1 0.00154084
1 -0.96 0.00164282
1 -0.92 0.00155281
1 -0.88 0.00166904
1 -0.84 0.00185145
1 -0.8 0.00196669
1 -0.76 0.00213713
1 -0.72 0.00220184
1 -0.68 0.00210818
1 -0.64 0.00262026
1 -0.6 0.00272097
1 -0.56 0.00303136
1 -0.52 0.00332624
1 -0.48 0.0034726
1 -0.44 0.0039747
1 -0.4 0.00448317
1 -0.36 0.00494548
1 -0.32 0.00556824
1 -0.28 0.00635109
1 -0.24 0.00803628
1 -0.2 0.00994451
1 -0.16 0.0107037
1 -0.12 0.00987198
1 -0.08 0.0084622
1 -0.04 0.00656499
1 0 0.00443666
1 0.04 0.00291977
1 0.08 0.00201378
1 0.12 0.00146646
1 0.16 0.00111702
1 0.2 0.000881322
1 0.24 0.00071482
1 0.28 0.000592693
1 0.32 0.000500289
1 0.36 0.000428591
1 0.4 0.000371776
1 0.44 0.000325918
1 0.48 0.000288295
1 0.52 0.0002571
1 0.56 0.000230843
1 0.6 0.000208571
1 0.64 0.000189483
1 0.68 0.000172983
1 0.72 0.000158623
1 0.76 0.000146047
1 0.8 0.000134984
1 0.84 0.000125174
1 0.88 0.000116407
1 0.92 0.00010858
1 0.96 0.000101557
1 1 0
1 1.04 0
1 1.08 0
1 1.12 0
1 1.16 0
1 1.2 0
1 1.24 0
1 1.28 0
1 1.32 0
1 1.36 0
1 1.4 0
1 1.44 0
1 1.48 0
1 1.52 0
1 1.56 0
1 1.6 0
1 1.64 0
1 1.68 0
1 1.72 0
1 1.76 0
1 1.8 0
1 1.84 0
1 1.88 0
1 1.92 0
1 1.96 0
1 2 0
1 2.04 0
1 2.08 0
1 2.12 0
1 2.16 0
1 2.2 0
1 2.24 0
1 2.28 0
1 2.32 0
1 2.36 0
1 2.4 0
1 2.44 0
1 2.48 0
1 2.52 0
1 2.56 0
1 2.6 0
1 2.64 0
1 2.68 0
1 2.72 0
1 2.76 0
1 2.8 0
1 2.84 0
1 2.88 0
1 2.92 0
1 2.96 0
1 3 0
1 3.04 0
1 3.08 0
1 3.12 0
1 3.16 0
1 3.2 0
1 3.24 0
1 3.28 0
1 3.32 0
1 3.36 0
1 3.4 0
1 3.44 0
1 3.48 0
1 3.52 0
1 3.56 0
1 3.6 0
1 3.64 0
1 3.68 0
1 3.72 0
1 3.76 0
1 3.8 0
1 3.84 0
1 3.88 0
1 3.92 0
1 3.96 0
1 4 0
  
