# single-particle spectral function of two-orbital Hubbard model
# t00=0.5 t11/t00=0.5 U=16 Jh=U/4 L=60 n=2.33 gamma=1
# k, omega, A(k,omega) incoherent

0 -4 4.25805e-06
0 -3.96 3.91365e-06
0 -3.92 3.47532e-06
0 -3.88 3.94496e-06
0 -3.84 3.84059e-06
0 -3.8 3.88234e-06
0 -3.76 3.16223e-06
0 -3.72 3.99714e-06
0 -3.68 3.96583e-06
0 -3.64 3.88234e-06
0 -3.6 3.56925e-06
0 -3.56 3.84059e-06
0 -3.52 3.96583e-06
0 -3.48 3.73623e-06
0 -3.44 3.68405e-06
0 -3.4 3.84059e-06
0 -3.36 3.80928e-06
0 -3.32 3.78841e-06
0 -3.28 3.71535e-06
0 -3.24 3.7571e-06
0 -3.2 4.09106e-06
0 -3.16 3.69448e-06
0 -3.12 3.27703e-06
0 -3.08 3.77797e-06
0 -3.04 3.65274e-06
0 -3 4.09106e-06
0 -2.96 3.78841e-06
0 -2.92 3.66317e-06
0 -2.88 3.40226e-06
0 -2.84 3.60055e-06
0 -2.8 3.85103e-06
0 -2.76 3.67361e-06
0 -2.72 3.77797e-06
0 -2.68 3.56925e-06
0 -2.64 3.60055e-06
0 -2.6 3.54837e-06
0 -2.56 4.02845e-06
0 -2.52 3.44401e-06
0 -2.48 3.6423e-06
0 -2.44 3.66317e-06
0 -2.4 3.63186e-06
0 -2.36 3.55881e-06
0 -2.32 3.50663e-06
0 -2.28 3.55881e-06
0 -2.24 3.57968e-06
0 -2.2 3.46488e-06
0 -2.16 3.57968e-06
0 -2.12 3.4127e-06
0 -2.08 3.61099e-06
0 -2.04 3.42314e-06
0 -2 3.35008e-06
0 -1.96 3.22484e-06
0 -1.92 3.36052e-06
0 -1.88 3.22484e-06
0 -1.84 3.48575e-06
0 -1.8 3.44401e-06
0 -1.76 3.28746e-06
0 -1.72 3.4127e-06
0 -1.68 3.45444e-06
0 -1.64 3.20397e-06
0 -1.6 3.32921e-06
0 -1.56 3.26659e-06
0 -1.52 3.16223e-06
0 -1.48 3.15179e-06
0 -1.44 3.24572e-06
0 -1.4 3.25615e-06
0 -1.36 3.28746e-06
0 -1.32 3.16223e-06
0 -1.28 3.11004e-06
0 -1.24 3.00568e-06
0 -1.2 3.12048e-06
0 -1.16 3.20397e-06
0 -1.12 3.11004e-06
0 -1.08 3.17266e-06
0 -1.04 3.20397e-06
0 -1 3.17266e-06
0 -0.96 3.1831e-06
0 -0.92 3.13092e-06
0 -0.88 3.0683e-06
0 -0.84 2.99524e-06
0 -0.8 3.00568e-06
0 -0.76 2.93263e-06
0 -0.72 2.91175e-06
0 -0.68 2.88044e-06
0 -0.64 2.90132e-06
0 -0.6 2.84913e-06
0 -0.56 2.84913e-06
0 -0.52 2.78652e-06
0 -0.48 2.81783e-06
0 -0.44 2.79695e-06
0 -0.4 2.80739e-06
0 -0.36 2.81783e-06
0 -0.32 2.82826e-06
0 -0.28 2.87001e-06
0 -0.24 2.82826e-06
0 -0.2 2.76564e-06
0 -0.16 2.67172e-06
0 -0.12 2.61953e-06
0 -0.08 2.56735e-06
0 -0.04 2.53604e-06
0 0 2.52561e-06
0 0.04 2.50473e-06
0 0.08 2.48386e-06
0 0.12 2.45255e-06
0 0.16 2.44212e-06
0 0.2 2.43168e-06
0 0.24 2.42124e-06
0 0.28 2.41081e-06
0 0.32 2.40037e-06
0 0.36 2.38993e-06
0 0.4 2.3795e-06
0 0.44 2.3795e-06
0 0.48 2.38993e-06
0 0.52 2.36906e-06
0 0.56 2.35862e-06
0 0.6 2.33775e-06
0 0.64 2.33775e-06
0 0.68 2.32731e-06
0 0.72 2.31688e-06
0 0.76 2.30644e-06
0 0.8 2.30644e-06
0 0.84 2.29601e-06
0 0.88 2.28557e-06
0 0.92 2.28557e-06
0 0.96 2.27513e-06
0 1 0
0 1.04 0
0 1.08 0
0 1.12 0
0 1.16 0
0 1.2 0
0 1.24 0
0 1.28 0
0 1.32 0
0 1.36 0
0 1.4 0
0 1.44 0
0 1.48 0
0 1.52 0
0 1.56 0
0 1.6 0
0 1.64 0
0 1.68 0
0 1.72 0
0 1.76 0
0 1.8 0
0 1.84 0
0 1.88 0
0 1.92 0
0 1.96 0
0 2 0
0 2.04 0
0 2.08 0
0 2.12 0
0 2.16 0
0 2.2 0
0 2.24 0
0 2.28 0
0 2.32 0
0 2.36 0
0 2.4 0
0 2.44 0
0 2.48 0
0 2.52 0
0 2.56 0
0 2.6 0
0 2.64 0
0 2.68 0
0 2.72 0
0 2.76 0
0 2.8 0
0 2.84 0
0 2.88 0
0 2.92 0
0 2.96 0
0 3 0
0 3.04 0
0 3.08 0
0 3.12 0
0 3.16 0
0 3.2 0
0 3.24 0
0 3.28 0
0 3.32 0
0 3.36 0
0 3.4 0
0 3.44 0
0 3.48 0
0 3.52 0
0 3.56 0
0 3.6 0
0 3.64 0
0 3.68 0
0 3.72 0
0 3.76 0
0 3.8 0
0 3.84 0
0 3.88 0
0 3.92 0
0 3.96 0
0 4 0
0.0166667 -4 4.18109e-06
0.0166667 -3.96 3.97834e-06
0.0166667 -3.92 3.47443e-06
0.0166667 -3.88 3.85185e-06
0.0166667 -3.84 3.85676e-06
0.0166667 -3.8 3.7912e-06
0.0166667 -3.76 3.46978e-06
0.0166667 -3.72 4.03281e-06
0.0166667 -3.68 3.82498e-06
0.0166667 -3.64 3.87592e-06
0.0166667 -3.6 3.62002e-06
0.0166667 -3.56 3.87778e-06
0.0166667 -3.52 3.94282e-06
0.0166667 -3.48 3.73247e-06
0.0166667 -3.44 3.66854e-06
0.0166667 -3.4 3.87272e-06
0.0166667 -3.36 3.84822e-06
0.0166667 -3.32 3.73821e-06
0.0166667 -3.28 3.75667e-06
0.0166667 -3.24 3.73284e-06
0.0166667 -3.2 4.05311e-06
0.0166667 -3.16 3.67125e-06
0.0166667 -3.12 3.38249e-06
0.0166667 -3.08 3.78764e-06
0.0166667 -3.04 3.62932e-06
0.0166667 -3 4.04509e-06
0.0166667 -2.96 3.82821e-06
0.0166667 -2.92 3.66939e-06
0.0166667 -2.88 3.43792e-06
0.0166667 -2.84 3.57367e-06
0.0166667 -2.8 3.79241e-06
0.0166667 -2.76 3.67809e-06
0.0166667 -2.72 3.76284e-06
0.0166667 -2.68 3.54304e-06
0.0166667 -2.64 3.61316e-06
0.0166667 -2.6 3.59682e-06
0.0166667 -2.56 3.9726e-06
0.0166667 -2.52 3.47394e-06
0.0166667 -2.48 3.63013e-06
0.0166667 -2.44 3.57985e-06
0.0166667 -2.4 3.608e-06
0.0166667 -2.36 3.51969e-06
0.0166667 -2.32 3.47032e-06
0.0166667 -2.28 3.52872e-06
0.0166667 -2.24 3.56558e-06
0.0166667 -2.2 3.41609e-06
0.0166667 -2.16 3.60799e-06
0.0166667 -2.12 3.40299e-06
0.0166667 -2.08 3.64107e-06
0.0166667 -2.04 3.44228e-06
0.0166667 -2 3.41229e-06
0.0166667 -1.96 3.28129e-06
0.0166667 -1.92 3.3612e-06
0.0166667 -1.88 3.30092e-06
0.0166667 -1.84 3.47458e-06
0.0166667 -1.8 3.41351e-06
0.0166667 -1.76 3.29531e-06
0.0166667 -1.72 3.3916e-06
0.0166667 -1.68 3.41168e-06
0.0166667 -1.64 3.22059e-06
0.0166667 -1.6 3.31843e-06
0.0166667 -1.56 3.24302e-06
0.0166667 -1.52 3.17345e-06
0.0166667 -1.48 3.15184e-06
0.0166667 -1.44 3.2545e-06
0.0166667 -1.4 3.2388e-06
0.0166667 -1.36 3.25198e-06
0.0166667 -1.32 3.14352e-06
0.0166667 -1.28 3.11232e-06
0.0166667 -1.24 3.04705e-06
0.0166667 -1.2 3.10526e-06
0.0166667 -1.16 3.22474e-06
0.0166667 -1.12 3.10764e-06
0.0166667 -1.08 3.16316e-06
0.0166667 -1.04 3.19272e-06
0.0166667 -1 3.17224e-06
0.0166667 -0.96 3.17585e-06
0.0166667 -0.92 3.13019e-06
0.0166667 -0.88 3.06765e-06
0.0166667 -0.84 2.99997e-06
0.0166667 -0.8 2.99568e-06
0.0166667 -0.76 2.92991e-06
0.0166667 -0.72 2.91304e-06
0.0166667 -0.68 2.88498e-06
0.0166667 -0.64 2.89366e-06
0.0166667 -0.6 2.85662e-06
0.0166667 -0.56 2.84253e-06
0.0166667 -0.52 2.78718e-06
0.0166667 -0.48 2.81044e-06
0.0166667 -0.44 2.79484e-06
0.0166667 -0.4 2.80742e-06
0.0166667 -0.36 2.81782e-06
0.0166667 -0.32 2.82825e-06
0.0166667 -0.28 2.86974e-06
0.0166667 -0.24 2.82813e-06
0.0166667 -0.2 2.7656e-06
0.0166667 -0.16 2.67183e-06
0.0166667 -0.12 2.61943e-06
0.0166667 -0.08 2.56717e-06
0.0166667 -0.04 2.53576e-06
0.0166667 0 2.52521e-06
0.0166667 0.04 2.50433e-06
0.0166667 0.08 2.48346e-06
0.0166667 0.12 2.45218e-06
0.0166667 0.16 2.44174e-06
0.0166667 0.2 2.43131e-06
0.0166667 0.24 2.42087e-06
0.0166667 0.28 2.41043e-06
0.0166667 0.32 2.4e-06
0.0166667 0.36 2.38956e-06
0.0166667 0.4 2.37912e-06
0.0166667 0.44 2.37907e-06
0.0166667 0.48 2.38945e-06
0.0166667 0.52 2.36859e-06
0.0166667 0.56 2.35815e-06
0.0166667 0.6 2.33729e-06
0.0166667 0.64 2.33729e-06
0.0166667 0.68 2.32686e-06
0.0166667 0.72 2.31642e-06
0.0166667 0.76 2.30598e-06
0.0166667 0.8 2.30598e-06
0.0166667 0.84 2.29555e-06
0.0166667 0.88 2.28511e-06
0.0166667 0.92 2.28511e-06
0.0166667 0.96 2.27468e-06
0.0166667 1 0
0.0166667 1.04 0
0.0166667 1.08 0
0.0166667 1.12 0
0.0166667 1.16 0
0.0166667 1.2 0
0.0166667 1.24 0
0.0166667 1.28 0
0.0166667 1.32 0
0.0166667 1.36 0
0.0166667 1.4 0
0.0166667 1.44 0
0.0166667 1.48 0
0.0166667 1.52 0
0.0166667 1.56 0
0.0166667 1.6 0
0.0166667 1.64 0
0.0166667 1.68 0
0.0166667 1.72 0
0.0166667 1.76 0
0.0166667 1.8 0
0.0166667 1.84 0
0.0166667 1.88 0
0.0166667 1.92 0
0.0166667 1.96 0
0.0166667 2 0
0.0166667 2.04 0
0.0166667 2.08 0
0.0166667 2.12 0
0.0166667 2.16 0
0.0166667 2.2 0
0.0166667 2.24 0
0.0166667 2.28 0
0.0166667 2.32 0
0.0166667 2.36 0
0.0166667 2.4 0
0.0166667 2.44 0
0.0166667 2.48 0
0.0166667 2.52 0
0.0166667 2.56 0
0.0166667 2.6 0
0.0166667 2.64 0
0.0166667 2.68 0
0.0166667 2.72 0
0.0166667 2.76 0
0.0166667 2.8 0
0.0166667 2.84 0
0.0166667 2.88 0
0.0166667 2.92 0
0.0166667 2.96 0
0.0166667 3 0
0.0166667 3.04 0
0.0166667 3.08 0
0.0166667 3.12 0
0.0166667 3.16 0
0.0166667 3.2 0
0.0166667 3.24 0
0.0166667 3.28 0
0.0166667 3.32 0
0.0166667 3.36 0
0.0166667 3.4 0
0.0166667 3.44 0
0.0166667 3.48 0
0.0166667 3.52 0
0.0166667 3.56 0
0.0166667 3.6 0
0.0166667 3.64 0
0.0166667 3.68 0
0.0166667 3.72 0
0.0166667 3.76 0
0.0166667 3.8 0
0.0166667 3.84 0
0.0166667 3.88 0
0.0166667 3.92 0
0.0166667 3.96 0
0.0166667 4 0
0.0333333 -4 4.08401e-06
0.0333333 -3.96 4.13541e-06
0.0333333 -3.92 3.47592e-06
0.0333333 -3.88 3.65354e-06
0.0333333 -3.84 3.91532e-06
0.0333333 -3.8 3.60701e-06
0.0333333 -3.76 3.93349e-06
0.0333333 -3.72 4.09933e-06
0.0333333 -3.68 3.61497e-06
0.0333333 -3.64 3.87299e-06
0.0333333 -3.6 3.75469e-06
0.0333333 -3.56 3.93955e-06
0.0333333 -3.52 3.87592e-06
0.0333333 -3.48 3.74246e-06
0.0333333 -3.44 3.61848e-06
0.0333333 -3.4 3.92412e-06
0.0333333 -3.36 3.91134e-06
0.0333333 -3.32 3.57055e-06
0.0333333 -3.28 3.83892e-06
0.0333333 -3.24 3.69396e-06
0.0333333 -3.2 3.9579e-06
0.0333333 -3.16 3.66311e-06
0.0333333 -3.12 3.62527e-06
0.0333333 -3.08 3.81381e-06
0.0333333 -3.04 3.5738e-06
0.0333333 -3 3.92762e-06
0.0333333 -2.96 3.88153e-06
0.0333333 -2.92 3.67772e-06
0.0333333 -2.88 3.52193e-06
0.0333333 -2.84 3.54872e-06
0.0333333 -2.8 3.6885e-06
0.0333333 -2.76 3.66162e-06
0.0333333 -2.72 3.71297e-06
0.0333333 -2.68 3.49828e-06
0.0333333 -2.64 3.6256e-06
0.0333333 -2.6 3.64673e-06
0.0333333 -2.56 3.85772e-06
0.0333333 -2.52 3.51796e-06
0.0333333 -2.48 3.59086e-06
0.0333333 -2.44 3.44784e-06
0.0333333 -2.4 3.57823e-06
0.0333333 -2.36 3.44061e-06
0.0333333 -2.32 3.40833e-06
0.0333333 -2.28 3.46222e-06
0.0333333 -2.24 3.53886e-06
0.0333333 -2.2 3.34417e-06
0.0333333 -2.16 3.66432e-06
0.0333333 -2.12 3.38261e-06
0.0333333 -2.08 3.65445e-06
0.0333333 -2.04 3.47576e-06
0.0333333 -2 3.50414e-06
0.0333333 -1.96 3.39112e-06
0.0333333 -1.92 3.3625e-06
0.0333333 -1.88 3.41837e-06
0.0333333 -1.84 3.44464e-06
0.0333333 -1.8 3.34365e-06
0.0333333 -1.76 3.31624e-06
0.0333333 -1.72 3.33375e-06
0.0333333 -1.68 3.31195e-06
0.0333333 -1.64 3.25597e-06
0.0333333 -1.6 3.28667e-06
0.0333333 -1.56 3.19967e-06
0.0333333 -1.52 3.19728e-06
0.0333333 -1.48 3.1518e-06
0.0333333 -1.44 3.26899e-06
0.0333333 -1.4 3.20093e-06
0.0333333 -1.36 3.17204e-06
0.0333333 -1.32 3.1029e-06
0.0333333 -1.28 3.12169e-06
0.0333333 -1.24 3.13442e-06
0.0333333 -1.2 3.07499e-06
0.0333333 -1.16 3.26376e-06
0.0333333 -1.12 3.10234e-06
0.0333333 -1.08 3.13787e-06
0.0333333 -1.04 3.16345e-06
0.0333333 -1 3.16962e-06
0.0333333 -0.96 3.15713e-06
0.0333333 -0.92 3.12469e-06
0.0333333 -0.88 3.06542e-06
0.0333333 -0.84 3.00962e-06
0.0333333 -0.8 2.97009e-06
0.0333333 -0.76 2.92603e-06
0.0333333 -0.72 2.91469e-06
0.0333333 -0.68 2.89348e-06
0.0333333 -0.64 2.87487e-06
0.0333333 -0.6 2.87073e-06
0.0333333 -0.56 2.82661e-06
0.0333333 -0.52 2.78908e-06
0.0333333 -0.48 2.79122e-06
0.0333333 -0.44 2.78953e-06
0.0333333 -0.4 2.80749e-06
0.0333333 -0.36 2.81781e-06
0.0333333 -0.32 2.82819e-06
0.0333333 -0.28 2.86892e-06
0.0333333 -0.24 2.82774e-06
0.0333333 -0.2 2.76546e-06
0.0333333 -0.16 2.67216e-06
0.0333333 -0.12 2.61913e-06
0.0333333 -0.08 2.56661e-06
0.0333333 -0.04 2.5349e-06
0.0333333 0 2.52401e-06
0.0333333 0.04 2.50313e-06
0.0333333 0.08 2.48226e-06
0.0333333 0.12 2.45107e-06
0.0333333 0.16 2.44063e-06
0.0333333 0.2 2.43019e-06
0.0333333 0.24 2.41976e-06
0.0333333 0.28 2.40932e-06
0.0333333 0.32 2.39888e-06
0.0333333 0.36 2.38845e-06
0.0333333 0.4 2.37801e-06
0.0333333 0.44 2.37778e-06
0.0333333 0.48 2.38799e-06
0.0333333 0.52 2.36718e-06
0.0333333 0.56 2.35674e-06
0.0333333 0.6 2.33592e-06
0.0333333 0.64 2.33592e-06
0.0333333 0.68 2.32549e-06
0.0333333 0.72 2.31505e-06
0.0333333 0.76 2.30461e-06
0.0333333 0.8 2.30461e-06
0.0333333 0.84 2.29418e-06
0.0333333 0.88 2.28374e-06
0.0333333 0.92 2.28374e-06
0.0333333 0.96 2.2733e-06
0.0333333 1 0
0.0333333 1.04 0
0.0333333 1.08 0
0.0333333 1.12 0
0.0333333 1.16 0
0.0333333 1.2 0
0.0333333 1.24 0
0.0333333 1.28 0
0.0333333 1.32 0
0.0333333 1.36 0
0.0333333 1.4 0
0.0333333 1.44 0
0.0333333 1.48 0
0.0333333 1.52 0
0.0333333 1.56 0
0.0333333 1.6 0
0.0333333 1.64 0
0.0333333 1.68 0
0.0333333 1.72 0
0.0333333 1.76 0
0.0333333 1.8 0
0.0333333 1.84 0
0.0333333 1.88 0
0.0333333 1.92 0
0.0333333 1.96 0
0.0333333 2 0
0.0333333 2.04 0
0.0333333 2.08 0
0.0333333 2.12 0
0.0333333 2.16 0
0.0333333 2.2 0
0.0333333 2.24 0
0.0333333 2.28 0
0.0333333 2.32 0
0.0333333 2.36 0
0.0333333 2.4 0
0.0333333 2.44 0
0.0333333 2.48 0
0.0333333 2.52 0
0.0333333 2.56 0
0.0333333 2.6 0
0.0333333 2.64 0
0.0333333 2.68 0
0.0333333 2.72 0
0.0333333 2.76 0
0.0333333 2.8 0
0.0333333 2.84 0
0.0333333 2.88 0
0.0333333 2.92 0
0.0333333 2.96 0
0.0333333 3 0
0.0333333 3.04 0
0.0333333 3.08 0
0.0333333 3.12 0
0.0333333 3.16 0
0.0333333 3.2 0
0.0333333 3.24 0
0.0333333 3.28 0
0.0333333 3.32 0
0.0333333 3.36 0
0.0333333 3.4 0
0.0333333 3.44 0
0.0333333 3.48 0
0.0333333 3.52 0
0.0333333 3.56 0
0.0333333 3.6 0
0.0333333 3.64 0
0.0333333 3.68 0
0.0333333 3.72 0
0.0333333 3.76 0
0.0333333 3.8 0
0.0333333 3.84 0
0.0333333 3.88 0
0.0333333 3.92 0
0.0333333 3.96 0
0.0333333 4 0
0.05 -4 4.13632e-06
0.05 -3.96 4.29046e-06
0.05 -3.92 3.4863e-06
0.05 -3.88 3.51447e-06
0.05 -3.84 4.02196e-06
0.05 -3.8 3.51562e-06
0.05 -3.76 3.92342e-06
0.05 -3.72 4.10941e-06
0.05 -3.68 3.65354e-06
0.05 -3.64 3.88853e-06
0.05 -3.6 3.90073e-06
0.05 -3.56 3.94257e-06
0.05 -3.52 3.81165e-06
0.05 -3.48 3.78301e-06
0.05 -3.44 3.54383e-06
0.05 -3.4 3.90756e-06
0.05 -3.36 3.91419e-06
0.05 -3.32 3.33905e-06
0.05 -3.28 3.881e-06
0.05 -3.24 3.7122e-06
0.05 -3.2 3.84767e-06
0.05 -3.16 3.73651e-06
0.05 -3.12 3.851e-06
0.05 -3.08 3.83144e-06
0.05 -3.04 3.51476e-06
0.05 -3 3.78921e-06
0.05 -2.96 3.84401e-06
0.05 -2.92 3.67195e-06
0.05 -2.88 3.59609e-06
0.05 -2.84 3.59283e-06
0.05 -2.8 3.6513e-06
0.05 -2.76 3.5977e-06
0.05 -2.72 3.632e-06
0.05 -2.68 3.48293e-06
0.05 -2.64 3.5984e-06
0.05 -2.6 3.58276e-06
0.05 -2.56 3.78187e-06
0.05 -2.52 3.51068e-06
0.05 -2.48 3.53048e-06
0.05 -2.44 3.43439e-06
0.05 -2.4 3.58878e-06
0.05 -2.36 3.38e-06
0.05 -2.32 3.41001e-06
0.05 -2.28 3.41886e-06
0.05 -2.24 3.52812e-06
0.05 -2.2 3.3563e-06
0.05 -2.16 3.68962e-06
0.05 -2.12 3.36688e-06
0.05 -2.08 3.55187e-06
0.05 -2.04 3.48508e-06
0.05 -2 3.49223e-06
0.05 -1.96 3.4453e-06
0.05 -1.92 3.35836e-06
0.05 -1.88 3.41692e-06
0.05 -1.84 3.40263e-06
0.05 -1.8 3.27945e-06
0.05 -1.76 3.339e-06
0.05 -1.72 3.25572e-06
0.05 -1.68 3.21939e-06
0.05 -1.64 3.27984e-06
0.05 -1.6 3.24001e-06
0.05 -1.56 3.18168e-06
0.05 -1.52 3.20868e-06
0.05 -1.48 3.14824e-06
0.05 -1.44 3.26749e-06
0.05 -1.4 3.17364e-06
0.05 -1.36 3.10354e-06
0.05 -1.32 3.07434e-06
0.05 -1.28 3.14098e-06
0.05 -1.24 3.19579e-06
0.05 -1.2 3.05813e-06
0.05 -1.16 3.27726e-06
0.05 -1.12 3.09842e-06
0.05 -1.08 3.10537e-06
0.05 -1.04 3.13208e-06
0.05 -1 3.16186e-06
0.05 -0.96 3.13468e-06
0.05 -0.92 3.10942e-06
0.05 -0.88 3.06108e-06
0.05 -0.84 3.0146e-06
0.05 -0.8 2.93978e-06
0.05 -0.76 2.92933e-06
0.05 -0.72 2.91206e-06
0.05 -0.68 2.89575e-06
0.05 -0.64 2.85517e-06
0.05 -0.6 2.87426e-06
0.05 -0.56 2.81021e-06
0.05 -0.52 2.79169e-06
0.05 -0.48 2.76769e-06
0.05 -0.44 2.78363e-06
0.05 -0.4 2.80759e-06
0.05 -0.36 2.81777e-06
0.05 -0.32 2.82808e-06
0.05 -0.28 2.86754e-06
0.05 -0.24 2.82706e-06
0.05 -0.2 2.76521e-06
0.05 -0.16 2.67269e-06
0.05 -0.12 2.61862e-06
0.05 -0.08 2.56567e-06
0.05 -0.04 2.53347e-06
0.05 0 2.52201e-06
0.05 0.04 2.50114e-06
0.05 0.08 2.48026e-06
0.05 0.12 2.44921e-06
0.05 0.16 2.43877e-06
0.05 0.2 2.42834e-06
0.05 0.24 2.4179e-06
0.05 0.28 2.40747e-06
0.05 0.32 2.39703e-06
0.05 0.36 2.38659e-06
0.05 0.4 2.37616e-06
0.05 0.44 2.37565e-06
0.05 0.48 2.38557e-06
0.05 0.52 2.36483e-06
0.05 0.56 2.35439e-06
0.05 0.6 2.33365e-06
0.05 0.64 2.33365e-06
0.05 0.68 2.32321e-06
0.05 0.72 2.31277e-06
0.05 0.76 2.30234e-06
0.05 0.8 2.30234e-06
0.05 0.84 2.2919e-06
0.05 0.88 2.28146e-06
0.05 0.92 2.28146e-06
0.05 0.96 2.27103e-06
0.05 1 0
0.05 1.04 0
0.05 1.08 0
0.05 1.12 0
0.05 1.16 0
0.05 1.2 0
0.05 1.24 0
0.05 1.28 0
0.05 1.32 0
0.05 1.36 0
0.05 1.4 0
0.05 1.44 0
0.05 1.48 0
0.05 1.52 0
0.05 1.56 0
0.05 1.6 0
0.05 1.64 0
0.05 1.68 0
0.05 1.72 0
0.05 1.76 0
0.05 1.8 0
0.05 1.84 0
0.05 1.88 0
0.05 1.92 0
0.05 1.96 0
0.05 2 0
0.05 2.04 0
0.05 2.08 0
0.05 2.12 0
0.05 2.16 0
0.05 2.2 0
0.05 2.24 0
0.05 2.28 0
0.05 2.32 0
0.05 2.36 0
0.05 2.4 0
0.05 2.44 0
0.05 2.48 0
0.05 2.52 0
0.05 2.56 0
0.05 2.6 0
0.05 2.64 0
0.05 2.68 0
0.05 2.72 0
0.05 2.76 0
0.05 2.8 0
0.05 2.84 0
0.05 2.88 0
0.05 2.92 0
0.05 2.96 0
0.05 3 0
0.05 3.04 0
0.05 3.08 0
0.05 3.12 0
0.05 3.16 0
0.05 3.2 0
0.05 3.24 0
0.05 3.28 0
0.05 3.32 0
0.05 3.36 0
0.05 3.4 0
0.05 3.44 0
0.05 3.48 0
0.05 3.52 0
0.05 3.56 0
0.05 3.6 0
0.05 3.64 0
0.05 3.68 0
0.05 3.72 0
0.05 3.76 0
0.05 3.8 0
0.05 3.84 0
0.05 3.88 0
0.05 3.92 0
0.05 3.96 0
0.05 4 0
0.0666667 -4 4.26342e-06
0.0666667 -3.96 4.33432e-06
0.0666667 -3.92 3.51524e-06
0.0666667 -3.88 3.52634e-06
0.0666667 -3.84 4.13203e-06
0.0666667 -3.8 3.62943e-06
0.0666667 -3.76 3.59725e-06
0.0666667 -3.72 4.01514e-06
0.0666667 -3.68 3.90047e-06
0.0666667 -3.64 3.90319e-06
0.0666667 -3.6 3.94256e-06
0.0666667 -3.56 3.87821e-06
0.0666667 -3.52 3.83822e-06
0.0666667 -3.48 3.82071e-06
0.0666667 -3.44 3.48887e-06
0.0666667 -3.4 3.78688e-06
0.0666667 -3.36 3.86066e-06
0.0666667 -3.32 3.24781e-06
0.0666667 -3.28 3.84771e-06
0.0666667 -3.24 3.8175e-06
0.0666667 -3.2 3.76698e-06
0.0666667 -3.16 3.8234e-06
0.0666667 -3.12 3.95099e-06
0.0666667 -3.08 3.79249e-06
0.0666667 -3.04 3.47105e-06
0.0666667 -3 3.68406e-06
0.0666667 -2.96 3.72136e-06
0.0666667 -2.92 3.65282e-06
0.0666667 -2.88 3.60702e-06
0.0666667 -2.84 3.64972e-06
0.0666667 -2.8 3.67818e-06
0.0666667 -2.76 3.5435e-06
0.0666667 -2.72 3.55228e-06
0.0666667 -2.68 3.48425e-06
0.0666667 -2.64 3.5381e-06
0.0666667 -2.6 3.47504e-06
0.0666667 -2.56 3.77552e-06
0.0666667 -2.52 3.47207e-06
0.0666667 -2.48 3.47605e-06
0.0666667 -2.44 3.50785e-06
0.0666667 -2.4 3.61139e-06
0.0666667 -2.36 3.35241e-06
0.0666667 -2.32 3.50348e-06
0.0666667 -2.28 3.45123e-06
0.0666667 -2.24 3.54037e-06
0.0666667 -2.2 3.43029e-06
0.0666667 -2.16 3.64564e-06
0.0666667 -2.12 3.35986e-06
0.0666667 -2.08 3.39591e-06
0.0666667 -2.04 3.4668e-06
0.0666667 -2 3.40575e-06
0.0666667 -1.96 3.40622e-06
0.0666667 -1.92 3.33541e-06
0.0666667 -1.88 3.32319e-06
0.0666667 -1.84 3.3526e-06
0.0666667 -1.8 3.24984e-06
0.0666667 -1.76 3.3423e-06
0.0666667 -1.72 3.18225e-06
0.0666667 -1.68 3.18627e-06
0.0666667 -1.64 3.27303e-06
0.0666667 -1.6 3.19427e-06
0.0666667 -1.56 3.19313e-06
0.0666667 -1.52 3.18425e-06
0.0666667 -1.48 3.13518e-06
0.0666667 -1.44 3.2435e-06
0.0666667 -1.4 3.17774e-06
0.0666667 -1.36 3.08644e-06
0.0666667 -1.32 3.08275e-06
0.0666667 -1.28 3.16519e-06
0.0666667 -1.24 3.19242e-06
0.0666667 -1.2 3.06565e-06
0.0666667 -1.16 3.24472e-06
0.0666667 -1.12 3.09927e-06
0.0666667 -1.08 3.07664e-06
0.0666667 -1.04 3.12176e-06
0.0666667 -1 3.14686e-06
0.0666667 -0.96 3.11758e-06
0.0666667 -0.92 3.08613e-06
0.0666667 -0.88 3.0544e-06
0.0666667 -0.84 3.00872e-06
0.0666667 -0.8 2.9163e-06
0.0666667 -0.76 2.9429e-06
0.0666667 -0.72 2.90249e-06
0.0666667 -0.68 2.88692e-06
0.0666667 -0.64 2.84536e-06
0.0666667 -0.6 2.85745e-06
0.0666667 -0.56 2.80073e-06
0.0666667 -0.52 2.79383e-06
0.0666667 -0.48 2.74887e-06
0.0666667 -0.44 2.78016e-06
0.0666667 -0.4 2.80768e-06
0.0666667 -0.36 2.81766e-06
0.0666667 -0.32 2.82786e-06
0.0666667 -0.28 2.86558e-06
0.0666667 -0.24 2.82606e-06
0.0666667 -0.2 2.7648e-06
0.0666667 -0.16 2.67336e-06
0.0666667 -0.12 2.61788e-06
0.0666667 -0.08 2.56435e-06
0.0666667 -0.04 2.53146e-06
0.0666667 0 2.51922e-06
0.0666667 0.04 2.49835e-06
0.0666667 0.08 2.47748e-06
0.0666667 0.12 2.44662e-06
0.0666667 0.16 2.43619e-06
0.0666667 0.2 2.42575e-06
0.0666667 0.24 2.41531e-06
0.0666667 0.28 2.40488e-06
0.0666667 0.32 2.39444e-06
0.0666667 0.36 2.384e-06
0.0666667 0.4 2.37357e-06
0.0666667 0.44 2.37267e-06
0.0666667 0.48 2.3822e-06
0.0666667 0.52 2.36155e-06
0.0666667 0.56 2.35112e-06
0.0666667 0.6 2.33047e-06
0.0666667 0.64 2.33047e-06
0.0666667 0.68 2.32004e-06
0.0666667 0.72 2.3096e-06
0.0666667 0.76 2.29916e-06
0.0666667 0.8 2.29916e-06
0.0666667 0.84 2.28873e-06
0.0666667 0.88 2.27829e-06
0.0666667 0.92 2.27829e-06
0.0666667 0.96 2.26785e-06
0.0666667 1 0
0.0666667 1.04 0
0.0666667 1.08 0
0.0666667 1.12 0
0.0666667 1.16 0
0.0666667 1.2 0
0.0666667 1.24 0
0.0666667 1.28 0
0.0666667 1.32 0
0.0666667 1.36 0
0.0666667 1.4 0
0.0666667 1.44 0
0.0666667 1.48 0
0.0666667 1.52 0
0.0666667 1.56 0
0.0666667 1.6 0
0.0666667 1.64 0
0.0666667 1.68 0
0.0666667 1.72 0
0.0666667 1.76 0
0.0666667 1.8 0
0.0666667 1.84 0
0.0666667 1.88 0
0.0666667 1.92 0
0.0666667 1.96 0
0.0666667 2 0
0.0666667 2.04 0
0.0666667 2.08 0
0.0666667 2.12 0
0.0666667 2.16 0
0.0666667 2.2 0
0.0666667 2.24 0
0.0666667 2.28 0
0.0666667 2.32 0
0.0666667 2.36 0
0.0666667 2.4 0
0.0666667 2.44 0
0.0666667 2.48 0
0.0666667 2.52 0
0.0666667 2.56 0
0.0666667 2.6 0
0.0666667 2.64 0
0.0666667 2.68 0
0.0666667 2.72 0
0.0666667 2.76 0
0.0666667 2.8 0
0.0666667 2.84 0
0.0666667 2.88 0
0.0666667 2.92 0
0.0666667 2.96 0
0.0666667 3 0
0.0666667 3.04 0
0.0666667 3.08 0
0.0666667 3.12 0
0.0666667 3.16 0
0.0666667 3.2 0
0.0666667 3.24 0
0.0666667 3.28 0
0.0666667 3.32 0
0.0666667 3.36 0
0.0666667 3.4 0
0.0666667 3.44 0
0.0666667 3.48 0
0.0666667 3.52 0
0.0666667 3.56 0
0.0666667 3.6 0
0.0666667 3.64 0
0.0666667 3.68 0
0.0666667 3.72 0
0.0666667 3.76 0
0.0666667 3.8 0
0.0666667 3.84 0
0.0666667 3.88 0
0.0666667 3.92 0
0.0666667 3.96 0
0.0666667 4 0
0.0833333 -4 4.30272e-06
0.0833333 -3.96 4.20436e-06
0.0833333 -3.92 3.58855e-06
0.0833333 -3.88 3.63534e-06
0.0833333 -3.84 4.14941e-06
0.0833333 -3.8 3.87799e-06
0.0833333 -3.76 3.49681e-06
0.0833333 -3.72 3.87513e-06
0.0833333 -3.68 4.04329e-06
0.0833333 -3.64 3.90288e-06
0.0833333 -3.6 3.83049e-06
0.0833333 -3.56 3.82104e-06
0.0833333 -3.52 3.95469e-06
0.0833333 -3.48 3.82566e-06
0.0833333 -3.44 3.50042e-06
0.0833333 -3.4 3.61849e-06
0.0833333 -3.36 3.83338e-06
0.0833333 -3.32 3.4492e-06
0.0833333 -3.28 3.78535e-06
0.0833333 -3.24 3.93187e-06
0.0833333 -3.2 3.75434e-06
0.0833333 -3.16 3.8173e-06
0.0833333 -3.12 3.92216e-06
0.0833333 -3.08 3.68919e-06
0.0833333 -3.04 3.4525e-06
0.0833333 -3 3.64302e-06
0.0833333 -2.96 3.62476e-06
0.0833333 -2.92 3.63597e-06
0.0833333 -2.88 3.55873e-06
0.0833333 -2.84 3.60348e-06
0.0833333 -2.8 3.67526e-06
0.0833333 -2.76 3.57965e-06
0.0833333 -2.72 3.51545e-06
0.0833333 -2.68 3.45038e-06
0.0833333 -2.64 3.49703e-06
0.0833333 -2.6 3.45197e-06
0.0833333 -2.56 3.76909e-06
0.0833333 -2.52 3.48099e-06
0.0833333 -2.48 3.45221e-06
0.0833333 -2.44 3.52686e-06
0.0833333 -2.4 3.61984e-06
0.0833333 -2.36 3.3596e-06
0.0833333 -2.32 3.60931e-06
0.0833333 -2.28 3.54663e-06
0.0833333 -2.24 3.54879e-06
0.0833333 -2.2 3.45748e-06
0.0833333 -2.16 3.53989e-06
0.0833333 -2.12 3.35447e-06
0.0833333 -2.08 3.34863e-06
0.0833333 -2.04 3.44759e-06
0.0833333 -2 3.36182e-06
0.0833333 -1.96 3.33345e-06
0.0833333 -1.92 3.2857e-06
0.0833333 -1.88 3.28329e-06
0.0833333 -1.84 3.29804e-06
0.0833333 -1.8 3.24717e-06
0.0833333 -1.76 3.30756e-06
0.0833333 -1.72 3.13639e-06
0.0833333 -1.68 3.21734e-06
0.0833333 -1.64 3.24283e-06
0.0833333 -1.6 3.1671e-06
0.0833333 -1.56 3.19748e-06
0.0833333 -1.52 3.12701e-06
0.0833333 -1.48 3.11509e-06
0.0833333 -1.44 3.21162e-06
0.0833333 -1.4 3.2032e-06
0.0833333 -1.36 3.12084e-06
0.0833333 -1.32 3.12353e-06
0.0833333 -1.28 3.18088e-06
0.0833333 -1.24 3.1414e-06
0.0833333 -1.2 3.08522e-06
0.0833333 -1.16 3.17953e-06
0.0833333 -1.12 3.10458e-06
0.0833333 -1.08 3.06144e-06
0.0833333 -1.04 3.14133e-06
0.0833333 -1 3.12571e-06
0.0833333 -0.96 3.11188e-06
0.0833333 -0.92 3.06423e-06
0.0833333 -0.88 3.04642e-06
0.0833333 -0.84 2.99489e-06
0.0833333 -0.8 2.90611e-06
0.0833333 -0.76 2.95924e-06
0.0833333 -0.72 2.88835e-06
0.0833333 -0.68 2.87255e-06
0.0833333 -0.64 2.8508e-06
0.0833333 -0.6 2.82784e-06
0.0833333 -0.56 2.79944e-06
0.0833333 -0.52 2.79379e-06
0.0833333 -0.48 2.74156e-06
0.0833333 -0.44 2.78119e-06
0.0833333 -0.4 2.80769e-06
0.0833333 -0.36 2.81742e-06
0.0833333 -0.32 2.8275e-06
0.0833333 -0.28 2.86303e-06
0.0833333 -0.24 2.8247e-06
0.0833333 -0.2 2.76419e-06
0.0833333 -0.16 2.67413e-06
0.0833333 -0.12 2.6169e-06
0.0833333 -0.08 2.56263e-06
0.0833333 -0.04 2.52888e-06
0.0833333 0 2.51565e-06
0.0833333 0.04 2.49478e-06
0.0833333 0.08 2.4739e-06
0.0833333 0.12 2.44331e-06
0.0833333 0.16 2.43287e-06
0.0833333 0.2 2.42243e-06
0.0833333 0.24 2.412e-06
0.0833333 0.28 2.40156e-06
0.0833333 0.32 2.39112e-06
0.0833333 0.36 2.38069e-06
0.0833333 0.4 2.37025e-06
0.0833333 0.44 2.36885e-06
0.0833333 0.48 2.37789e-06
0.0833333 0.52 2.35737e-06
0.0833333 0.56 2.34694e-06
0.0833333 0.6 2.32642e-06
0.0833333 0.64 2.32642e-06
0.0833333 0.68 2.31598e-06
0.0833333 0.72 2.30555e-06
0.0833333 0.76 2.29511e-06
0.0833333 0.8 2.29511e-06
0.0833333 0.84 2.28467e-06
0.0833333 0.88 2.27424e-06
0.0833333 0.92 2.27424e-06
0.0833333 0.96 2.2638e-06
0.0833333 1 0
0.0833333 1.04 0
0.0833333 1.08 0
0.0833333 1.12 0
0.0833333 1.16 0
0.0833333 1.2 0
0.0833333 1.24 0
0.0833333 1.28 0
0.0833333 1.32 0
0.0833333 1.36 0
0.0833333 1.4 0
0.0833333 1.44 0
0.0833333 1.48 0
0.0833333 1.52 0
0.0833333 1.56 0
0.0833333 1.6 0
0.0833333 1.64 0
0.0833333 1.68 0
0.0833333 1.72 0
0.0833333 1.76 0
0.0833333 1.8 0
0.0833333 1.84 0
0.0833333 1.88 0
0.0833333 1.92 0
0.0833333 1.96 0
0.0833333 2 0
0.0833333 2.04 0
0.0833333 2.08 0
0.0833333 2.12 0
0.0833333 2.16 0
0.0833333 2.2 0
0.0833333 2.24 0
0.0833333 2.28 0
0.0833333 2.32 0
0.0833333 2.36 0
0.0833333 2.4 0
0.0833333 2.44 0
0.0833333 2.48 0
0.0833333 2.52 0
0.0833333 2.56 0
0.0833333 2.6 0
0.0833333 2.64 0
0.0833333 2.68 0
0.0833333 2.72 0
0.0833333 2.76 0
0.0833333 2.8 0
0.0833333 2.84 0
0.0833333 2.88 0
0.0833333 2.92 0
0.0833333 2.96 0
0.0833333 3 0
0.0833333 3.04 0
0.0833333 3.08 0
0.0833333 3.12 0
0.0833333 3.16 0
0.0833333 3.2 0
0.0833333 3.24 0
0.0833333 3.28 0
0.0833333 3.32 0
0.0833333 3.36 0
0.0833333 3.4 0
0.0833333 3.44 0
0.0833333 3.48 0
0.0833333 3.52 0
0.0833333 3.56 0
0.0833333 3.6 0
0.0833333 3.64 0
0.0833333 3.68 0
0.0833333 3.72 0
0.0833333 3.76 0
0.0833333 3.8 0
0.0833333 3.84 0
0.0833333 3.88 0
0.0833333 3.92 0
0.0833333 3.96 0
0.0833333 4 0
0.1 -4 4.27347e-06
0.1 -3.96 3.94914e-06
0.1 -3.92 3.7323e-06
0.1 -3.88 3.72602e-06
0.1 -3.84 4.01049e-06
0.1 -3.8 4.05375e-06
0.1 -3.76 3.6342e-06
0.1 -3.72 3.81367e-06
0.1 -3.68 3.94835e-06
0.1 -3.64 3.91972e-06
0.1 -3.6 3.67121e-06
0.1 -3.56 3.83567e-06
0.1 -3.52 4.02522e-06
0.1 -3.48 3.82614e-06
0.1 -3.44 3.57302e-06
0.1 -3.4 3.49979e-06
0.1 -3.36 3.87206e-06
0.1 -3.32 3.81166e-06
0.1 -3.28 3.7691e-06
0.1 -3.24 3.91629e-06
0.1 -3.2 3.82867e-06
0.1 -3.16 3.7425e-06
0.1 -3.12 3.82848e-06
0.1 -3.08 3.60551e-06
0.1 -3.04 3.47481e-06
0.1 -3 3.66161e-06
0.1 -2.96 3.62584e-06
0.1 -2.92 3.62947e-06
0.1 -2.88 3.51377e-06
0.1 -2.84 3.46411e-06
0.1 -2.8 3.61e-06
0.1 -2.76 3.67205e-06
0.1 -2.72 3.52885e-06
0.1 -2.68 3.37189e-06
0.1 -2.64 3.50847e-06
0.1 -2.6 3.47553e-06
0.1 -2.56 3.6905e-06
0.1 -2.52 3.55098e-06
0.1 -2.48 3.45336e-06
0.1 -2.44 3.48364e-06
0.1 -2.4 3.65248e-06
0.1 -2.36 3.4146e-06
0.1 -2.32 3.61452e-06
0.1 -2.28 3.61852e-06
0.1 -2.24 3.51771e-06
0.1 -2.2 3.4053e-06
0.1 -2.16 3.4112e-06
0.1 -2.12 3.3501e-06
0.1 -2.08 3.44493e-06
0.1 -2.04 3.441e-06
0.1 -2 3.36049e-06
0.1 -1.96 3.29566e-06
0.1 -1.92 3.22463e-06
0.1 -1.88 3.33253e-06
0.1 -1.84 3.24913e-06
0.1 -1.8 3.24286e-06
0.1 -1.76 3.24006e-06
0.1 -1.72 3.12794e-06
0.1 -1.68 3.27248e-06
0.1 -1.64 3.21355e-06
0.1 -1.6 3.16397e-06
0.1 -1.56 3.17307e-06
0.1 -1.52 3.07304e-06
0.1 -1.48 3.10247e-06
0.1 -1.44 3.18827e-06
0.1 -1.4 3.21758e-06
0.1 -1.36 3.17567e-06
0.1 -1.32 3.16525e-06
0.1 -1.28 3.17597e-06
0.1 -1.24 3.08311e-06
0.1 -1.2 3.103e-06
0.1 -1.16 3.10847e-06
0.1 -1.12 3.10992e-06
0.1 -1.08 3.06445e-06
0.1 -1.04 3.16752e-06
0.1 -1 3.10317e-06
0.1 -0.96 3.1174e-06
0.1 -0.92 3.05155e-06
0.1 -0.88 3.03974e-06
0.1 -0.84 2.98295e-06
0.1 -0.8 2.90793e-06
0.1 -0.76 2.96429e-06
0.1 -0.72 2.87604e-06
0.1 -0.68 2.86327e-06
0.1 -0.64 2.86829e-06
0.1 -0.6 2.80448e-06
0.1 -0.56 2.80189e-06
0.1 -0.52 2.79043e-06
0.1 -0.48 2.74776e-06
0.1 -0.44 2.78686e-06
0.1 -0.4 2.80757e-06
0.1 -0.36 2.81699e-06
0.1 -0.32 2.82691e-06
0.1 -0.28 2.85986e-06
0.1 -0.24 2.82292e-06
0.1 -0.2 2.76332e-06
0.1 -0.16 2.67491e-06
0.1 -0.12 2.61566e-06
0.1 -0.08 2.56051e-06
0.1 -0.04 2.52573e-06
0.1 0 2.5113e-06
0.1 0.04 2.49043e-06
0.1 0.08 2.46956e-06
0.1 0.12 2.43927e-06
0.1 0.16 2.42883e-06
0.1 0.2 2.4184e-06
0.1 0.24 2.40796e-06
0.1 0.28 2.39753e-06
0.1 0.32 2.38709e-06
0.1 0.36 2.37665e-06
0.1 0.4 2.36622e-06
0.1 0.44 2.36422e-06
0.1 0.48 2.37267e-06
0.1 0.52 2.3523e-06
0.1 0.56 2.34187e-06
0.1 0.6 2.32151e-06
0.1 0.64 2.32151e-06
0.1 0.68 2.31107e-06
0.1 0.72 2.30063e-06
0.1 0.76 2.2902e-06
0.1 0.8 2.2902e-06
0.1 0.84 2.27976e-06
0.1 0.88 2.26932e-06
0.1 0.92 2.26932e-06
0.1 0.96 2.25889e-06
0.1 1 0
0.1 1.04 0
0.1 1.08 0
0.1 1.12 0
0.1 1.16 0
0.1 1.2 0
0.1 1.24 0
0.1 1.28 0
0.1 1.32 0
0.1 1.36 0
0.1 1.4 0
0.1 1.44 0
0.1 1.48 0
0.1 1.52 0
0.1 1.56 0
0.1 1.6 0
0.1 1.64 0
0.1 1.68 0
0.1 1.72 0
0.1 1.76 0
0.1 1.8 0
0.1 1.84 0
0.1 1.88 0
0.1 1.92 0
0.1 1.96 0
0.1 2 0
0.1 2.04 0
0.1 2.08 0
0.1 2.12 0
0.1 2.16 0
0.1 2.2 0
0.1 2.24 0
0.1 2.28 0
0.1 2.32 0
0.1 2.36 0
0.1 2.4 0
0.1 2.44 0
0.1 2.48 0
0.1 2.52 0
0.1 2.56 0
0.1 2.6 0
0.1 2.64 0
0.1 2.68 0
0.1 2.72 0
0.1 2.76 0
0.1 2.8 0
0.1 2.84 0
0.1 2.88 0
0.1 2.92 0
0.1 2.96 0
0.1 3 0
0.1 3.04 0
0.1 3.08 0
0.1 3.12 0
0.1 3.16 0
0.1 3.2 0
0.1 3.24 0
0.1 3.28 0
0.1 3.32 0
0.1 3.36 0
0.1 3.4 0
0.1 3.44 0
0.1 3.48 0
0.1 3.52 0
0.1 3.56 0
0.1 3.6 0
0.1 3.64 0
0.1 3.68 0
0.1 3.72 0
0.1 3.76 0
0.1 3.8 0
0.1 3.84 0
0.1 3.88 0
0.1 3.92 0
0.1 3.96 0
0.1 4 0
0.116667 -4 4.26127e-06
0.116667 -3.96 3.73583e-06
0.116667 -3.92 3.92208e-06
0.116667 -3.88 3.75501e-06
0.116667 -3.84 3.78562e-06
0.116667 -3.8 3.99442e-06
0.116667 -3.76 3.67094e-06
0.116667 -3.72 3.89657e-06
0.116667 -3.68 3.78873e-06
0.116667 -3.64 3.98671e-06
0.116667 -3.6 3.63942e-06
0.116667 -3.56 3.90396e-06
0.116667 -3.52 3.96448e-06
0.116667 -3.48 3.85076e-06
0.116667 -3.44 3.64467e-06
0.116667 -3.4 3.48622e-06
0.116667 -3.36 3.9151e-06
0.116667 -3.32 4.04647e-06
0.116667 -3.28 3.82193e-06
0.116667 -3.24 3.72214e-06
0.116667 -3.2 3.95719e-06
0.116667 -3.16 3.71054e-06
0.116667 -3.12 3.73604e-06
0.116667 -3.08 3.64645e-06
0.116667 -3.04 3.55446e-06
0.116667 -3 3.70932e-06
0.116667 -2.96 3.6767e-06
0.116667 -2.92 3.62562e-06
0.116667 -2.88 3.51945e-06
0.116667 -2.84 3.38657e-06
0.116667 -2.8 3.55389e-06
0.116667 -2.76 3.68292e-06
0.116667 -2.72 3.55706e-06
0.116667 -2.68 3.30121e-06
0.116667 -2.64 3.54098e-06
0.116667 -2.6 3.42664e-06
0.116667 -2.56 3.57557e-06
0.116667 -2.52 3.59599e-06
0.116667 -2.48 3.4593e-06
0.116667 -2.44 3.48351e-06
0.116667 -2.4 3.70826e-06
0.116667 -2.36 3.48153e-06
0.116667 -2.32 3.49747e-06
0.116667 -2.28 3.58667e-06
0.116667 -2.24 3.44017e-06
0.116667 -2.2 3.34442e-06
0.116667 -2.16 3.30332e-06
0.116667 -2.12 3.35989e-06
0.116667 -2.08 3.54249e-06
0.116667 -2.04 3.43459e-06
0.116667 -2 3.3027e-06
0.116667 -1.96 3.29177e-06
0.116667 -1.92 3.18832e-06
0.116667 -1.88 3.37388e-06
0.116667 -1.84 3.22191e-06
0.116667 -1.8 3.21895e-06
0.116667 -1.76 3.1745e-06
0.116667 -1.72 3.14985e-06
0.116667 -1.68 3.30226e-06
0.116667 -1.64 3.20283e-06
0.116667 -1.6 3.17553e-06
0.116667 -1.56 3.14257e-06
0.116667 -1.52 3.0608e-06
0.116667 -1.48 3.10746e-06
0.116667 -1.44 3.17147e-06
0.116667 -1.4 3.19968e-06
0.116667 -1.36 3.21091e-06
0.116667 -1.32 3.17292e-06
0.116667 -1.28 3.15039e-06
0.116667 -1.24 3.04643e-06
0.116667 -1.2 3.12002e-06
0.116667 -1.16 3.05634e-06
0.116667 -1.12 3.10921e-06
0.116667 -1.08 3.08248e-06
0.116667 -1.04 3.16181e-06
0.116667 -1 3.08581e-06
0.116667 -0.96 3.12751e-06
0.116667 -0.92 3.04498e-06
0.116667 -0.88 3.03767e-06
0.116667 -0.84 2.98117e-06
0.116667 -0.8 2.91458e-06
0.116667 -0.76 2.94814e-06
0.116667 -0.72 2.87165e-06
0.116667 -0.68 2.86434e-06
0.116667 -0.64 2.88733e-06
0.116667 -0.6 2.80164e-06
0.116667 -0.56 2.80281e-06
0.116667 -0.52 2.78442e-06
0.116667 -0.48 2.76414e-06
0.116667 -0.44 2.79529e-06
0.116667 -0.4 2.80723e-06
0.116667 -0.36 2.81628e-06
0.116667 -0.32 2.82603e-06
0.116667 -0.28 2.85602e-06
0.116667 -0.24 2.82067e-06
0.116667 -0.2 2.76211e-06
0.116667 -0.16 2.67563e-06
0.116667 -0.12 2.61413e-06
0.116667 -0.08 2.55797e-06
0.116667 -0.04 2.52199e-06
0.116667 0 2.5062e-06
0.116667 0.04 2.48532e-06
0.116667 0.08 2.46445e-06
0.116667 0.12 2.43453e-06
0.116667 0.16 2.42409e-06
0.116667 0.2 2.41366e-06
0.116667 0.24 2.40322e-06
0.116667 0.28 2.39278e-06
0.116667 0.32 2.38235e-06
0.116667 0.36 2.37191e-06
0.116667 0.4 2.36147e-06
0.116667 0.44 2.35879e-06
0.116667 0.48 2.36655e-06
0.116667 0.52 2.34637e-06
0.116667 0.56 2.33593e-06
0.116667 0.6 2.31575e-06
0.116667 0.64 2.31575e-06
0.116667 0.68 2.30532e-06
0.116667 0.72 2.29488e-06
0.116667 0.76 2.28444e-06
0.116667 0.8 2.28444e-06
0.116667 0.84 2.27401e-06
0.116667 0.88 2.26357e-06
0.116667 0.92 2.26357e-06
0.116667 0.96 2.25314e-06
0.116667 1 0
0.116667 1.04 0
0.116667 1.08 0
0.116667 1.12 0
0.116667 1.16 0
0.116667 1.2 0
0.116667 1.24 0
0.116667 1.28 0
0.116667 1.32 0
0.116667 1.36 0
0.116667 1.4 0
0.116667 1.44 0
0.116667 1.48 0
0.116667 1.52 0
0.116667 1.56 0
0.116667 1.6 0
0.116667 1.64 0
0.116667 1.68 0
0.116667 1.72 0
0.116667 1.76 0
0.116667 1.8 0
0.116667 1.84 0
0.116667 1.88 0
0.116667 1.92 0
0.116667 1.96 0
0.116667 2 0
0.116667 2.04 0
0.116667 2.08 0
0.116667 2.12 0
0.116667 2.16 0
0.116667 2.2 0
0.116667 2.24 0
0.116667 2.28 0
0.116667 2.32 0
0.116667 2.36 0
0.116667 2.4 0
0.116667 2.44 0
0.116667 2.48 0
0.116667 2.52 0
0.116667 2.56 0
0.116667 2.6 0
0.116667 2.64 0
0.116667 2.68 0
0.116667 2.72 0
0.116667 2.76 0
0.116667 2.8 0
0.116667 2.84 0
0.116667 2.88 0
0.116667 2.92 0
0.116667 2.96 0
0.116667 3 0
0.116667 3.04 0
0.116667 3.08 0
0.116667 3.12 0
0.116667 3.16 0
0.116667 3.2 0
0.116667 3.24 0
0.116667 3.28 0
0.116667 3.32 0
0.116667 3.36 0
0.116667 3.4 0
0.116667 3.44 0
0.116667 3.48 0
0.116667 3.52 0
0.116667 3.56 0
0.116667 3.6 0
0.116667 3.64 0
0.116667 3.68 0
0.116667 3.72 0
0.116667 3.76 0
0.116667 3.8 0
0.116667 3.84 0
0.116667 3.88 0
0.116667 3.92 0
0.116667 3.96 0
0.116667 4 0
0.133333 -4 4.17995e-06
0.133333 -3.96 3.73828e-06
0.133333 -3.92 4.07232e-06
0.133333 -3.88 3.76973e-06
0.133333 -3.84 3.6607e-06
0.133333 -3.8 3.75959e-06
0.133333 -3.76 3.6669e-06
0.133333 -3.72 4.07022e-06
0.133333 -3.68 3.7461e-06
0.133333 -3.64 4.07261e-06
0.133333 -3.6 3.77388e-06
0.133333 -3.56 3.94892e-06
0.133333 -3.52 3.88503e-06
0.133333 -3.48 3.85774e-06
0.133333 -3.44 3.65165e-06
0.133333 -3.4 3.56342e-06
0.133333 -3.36 3.88412e-06
0.133333 -3.32 4.04353e-06
0.133333 -3.28 3.89683e-06
0.133333 -3.24 3.47451e-06
0.133333 -3.2 4.05043e-06
0.133333 -3.16 3.74941e-06
0.133333 -3.12 3.68319e-06
0.133333 -3.08 3.79845e-06
0.133333 -3.04 3.68238e-06
0.133333 -3 3.75193e-06
0.133333 -2.96 3.69449e-06
0.133333 -2.92 3.61885e-06
0.133333 -2.88 3.546e-06
0.133333 -2.84 3.46561e-06
0.133333 -2.8 3.56014e-06
0.133333 -2.76 3.56222e-06
0.133333 -2.72 3.56589e-06
0.133333 -2.68 3.29216e-06
0.133333 -2.64 3.53534e-06
0.133333 -2.6 3.3414e-06
0.133333 -2.56 3.53433e-06
0.133333 -2.52 3.54787e-06
0.133333 -2.48 3.47153e-06
0.133333 -2.44 3.52952e-06
0.133333 -2.4 3.68326e-06
0.133333 -2.36 3.47056e-06
0.133333 -2.32 3.35822e-06
0.133333 -2.28 3.472e-06
0.133333 -2.24 3.3494e-06
0.133333 -2.2 3.33029e-06
0.133333 -2.16 3.2482e-06
0.133333 -2.12 3.39128e-06
0.133333 -2.08 3.52191e-06
0.133333 -2.04 3.41748e-06
0.133333 -2 3.1872e-06
0.133333 -1.96 3.27516e-06
0.133333 -1.92 3.2027e-06
0.133333 -1.88 3.34912e-06
0.133333 -1.84 3.22339e-06
0.133333 -1.8 3.18202e-06
0.133333 -1.76 3.15059e-06
0.133333 -1.72 3.18425e-06
0.133333 -1.68 3.28493e-06
0.133333 -1.64 3.20699e-06
0.133333 -1.6 3.19019e-06
0.133333 -1.56 3.13669e-06
0.133333 -1.52 3.08879e-06
0.133333 -1.48 3.12121e-06
0.133333 -1.44 3.14451e-06
0.133333 -1.4 3.16185e-06
0.133333 -1.36 3.19891e-06
0.133333 -1.32 3.13324e-06
0.133333 -1.28 3.11574e-06
0.133333 -1.24 3.0438e-06
0.133333 -1.2 3.14108e-06
0.133333 -1.16 3.0422e-06
0.133333 -1.12 3.09854e-06
0.133333 -1.08 3.1044e-06
0.133333 -1.04 3.11246e-06
0.133333 -1 3.0786e-06
0.133333 -0.96 3.13267e-06
0.133333 -0.92 3.03277e-06
0.133333 -0.88 3.04177e-06
0.133333 -0.84 2.98848e-06
0.133333 -0.8 2.91786e-06
0.133333 -0.76 2.91348e-06
0.133333 -0.72 2.87657e-06
0.133333 -0.68 2.87033e-06
0.133333 -0.64 2.89537e-06
0.133333 -0.6 2.81659e-06
0.133333 -0.56 2.801e-06
0.133333 -0.52 2.77878e-06
0.133333 -0.48 2.78377e-06
0.133333 -0.44 2.80337e-06
0.133333 -0.4 2.8066e-06
0.133333 -0.36 2.81523e-06
0.133333 -0.32 2.82476e-06
0.133333 -0.28 2.85149e-06
0.133333 -0.24 2.81785e-06
0.133333 -0.2 2.76049e-06
0.133333 -0.16 2.67618e-06
0.133333 -0.12 2.61228e-06
0.133333 -0.08 2.555e-06
0.133333 -0.04 2.51769e-06
0.133333 0 2.50034e-06
0.133333 0.04 2.47947e-06
0.133333 0.08 2.4586e-06
0.133333 0.12 2.42909e-06
0.133333 0.16 2.41866e-06
0.133333 0.2 2.40822e-06
0.133333 0.24 2.39778e-06
0.133333 0.28 2.38735e-06
0.133333 0.32 2.37691e-06
0.133333 0.36 2.36647e-06
0.133333 0.4 2.35604e-06
0.133333 0.44 2.35258e-06
0.133333 0.48 2.35957e-06
0.133333 0.52 2.3396e-06
0.133333 0.56 2.32916e-06
0.133333 0.6 2.30919e-06
0.133333 0.64 2.30919e-06
0.133333 0.68 2.29875e-06
0.133333 0.72 2.28832e-06
0.133333 0.76 2.27788e-06
0.133333 0.8 2.27788e-06
0.133333 0.84 2.26745e-06
0.133333 0.88 2.25701e-06
0.133333 0.92 2.25701e-06
0.133333 0.96 2.24657e-06
0.133333 1 0
0.133333 1.04 0
0.133333 1.08 0
0.133333 1.12 0
0.133333 1.16 0
0.133333 1.2 0
0.133333 1.24 0
0.133333 1.28 0
0.133333 1.32 0
0.133333 1.36 0
0.133333 1.4 0
0.133333 1.44 0
0.133333 1.48 0
0.133333 1.52 0
0.133333 1.56 0
0.133333 1.6 0
0.133333 1.64 0
0.133333 1.68 0
0.133333 1.72 0
0.133333 1.76 0
0.133333 1.8 0
0.133333 1.84 0
0.133333 1.88 0
0.133333 1.92 0
0.133333 1.96 0
0.133333 2 0
0.133333 2.04 0
0.133333 2.08 0
0.133333 2.12 0
0.133333 2.16 0
0.133333 2.2 0
0.133333 2.24 0
0.133333 2.28 0
0.133333 2.32 0
0.133333 2.36 0
0.133333 2.4 0
0.133333 2.44 0
0.133333 2.48 0
0.133333 2.52 0
0.133333 2.56 0
0.133333 2.6 0
0.133333 2.64 0
0.133333 2.68 0
0.133333 2.72 0
0.133333 2.76 0
0.133333 2.8 0
0.133333 2.84 0
0.133333 2.88 0
0.133333 2.92 0
0.133333 2.96 0
0.133333 3 0
0.133333 3.04 0
0.133333 3.08 0
0.133333 3.12 0
0.133333 3.16 0
0.133333 3.2 0
0.133333 3.24 0
0.133333 3.28 0
0.133333 3.32 0
0.133333 3.36 0
0.133333 3.4 0
0.133333 3.44 0
0.133333 3.48 0
0.133333 3.52 0
0.133333 3.56 0
0.133333 3.6 0
0.133333 3.64 0
0.133333 3.68 0
0.133333 3.72 0
0.133333 3.76 0
0.133333 3.8 0
0.133333 3.84 0
0.133333 3.88 0
0.133333 3.92 0
0.133333 3.96 0
0.133333 4 0
0.15 -4 3.9191e-06
0.15 -3.96 3.97244e-06
0.15 -3.92 4.10947e-06
0.15 -3.88 3.8031e-06
0.15 -3.84 3.76713e-06
0.15 -3.8 3.60275e-06
0.15 -3.76 3.89693e-06
0.15 -3.72 4.23287e-06
0.15 -3.68 3.79679e-06
0.15 -3.64 4.10993e-06
0.15 -3.6 3.90839e-06
0.15 -3.56 3.91265e-06
0.15 -3.52 3.93172e-06
0.15 -3.48 3.79136e-06
0.15 -3.44 3.57834e-06
0.15 -3.4 3.68118e-06
0.15 -3.36 3.78718e-06
0.15 -3.32 3.93113e-06
0.15 -3.28 3.93791e-06
0.15 -3.24 3.35657e-06
0.15 -3.2 4.03076e-06
0.15 -3.16 3.78285e-06
0.15 -3.12 3.67621e-06
0.15 -3.08 3.91419e-06
0.15 -3.04 3.81337e-06
0.15 -3 3.76979e-06
0.15 -2.96 3.6734e-06
0.15 -2.92 3.61886e-06
0.15 -2.88 3.52956e-06
0.15 -2.84 3.59195e-06
0.15 -2.8 3.58014e-06
0.15 -2.76 3.44267e-06
0.15 -2.72 3.56237e-06
0.15 -2.68 3.34838e-06
0.15 -2.64 3.48108e-06
0.15 -2.6 3.36207e-06
0.15 -2.56 3.59887e-06
0.15 -2.52 3.46237e-06
0.15 -2.48 3.50748e-06
0.15 -2.44 3.50866e-06
0.15 -2.4 3.53052e-06
0.15 -2.36 3.36489e-06
0.15 -2.32 3.30719e-06
0.15 -2.28 3.38398e-06
0.15 -2.24 3.29263e-06
0.15 -2.2 3.34187e-06
0.15 -2.16 3.25271e-06
0.15 -2.12 3.42389e-06
0.15 -2.08 3.43552e-06
0.15 -2.04 3.39633e-06
0.15 -2 3.137e-06
0.15 -1.96 3.2304e-06
0.15 -1.92 3.25292e-06
0.15 -1.88 3.29764e-06
0.15 -1.84 3.23707e-06
0.15 -1.8 3.14953e-06
0.15 -1.76 3.17637e-06
0.15 -1.72 3.21049e-06
0.15 -1.68 3.23536e-06
0.15 -1.64 3.20775e-06
0.15 -1.6 3.20418e-06
0.15 -1.56 3.14797e-06
0.15 -1.52 3.11285e-06
0.15 -1.48 3.12714e-06
0.15 -1.44 3.09831e-06
0.15 -1.4 3.1328e-06
0.15 -1.36 3.14245e-06
0.15 -1.32 3.0626e-06
0.15 -1.28 3.08357e-06
0.15 -1.24 3.07421e-06
0.15 -1.2 3.15579e-06
0.15 -1.16 3.06841e-06
0.15 -1.12 3.07882e-06
0.15 -1.08 3.11581e-06
0.15 -1.04 3.05231e-06
0.15 -1 3.08185e-06
0.15 -0.96 3.12597e-06
0.15 -0.92 3.00766e-06
0.15 -0.88 3.04922e-06
0.15 -0.84 2.9942e-06
0.15 -0.8 2.91324e-06
0.15 -0.76 2.87458e-06
0.15 -0.72 2.88641e-06
0.15 -0.68 2.87045e-06
0.15 -0.64 2.88428e-06
0.15 -0.6 2.83254e-06
0.15 -0.56 2.80001e-06
0.15 -0.52 2.7778e-06
0.15 -0.48 2.79919e-06
0.15 -0.44 2.8081e-06
0.15 -0.4 2.80556e-06
0.15 -0.36 2.81372e-06
0.15 -0.32 2.82302e-06
0.15 -0.28 2.84622e-06
0.15 -0.24 2.81441e-06
0.15 -0.2 2.75837e-06
0.15 -0.16 2.67646e-06
0.15 -0.12 2.61008e-06
0.15 -0.08 2.55157e-06
0.15 -0.04 2.5128e-06
0.15 0 2.49376e-06
0.15 0.04 2.47288e-06
0.15 0.08 2.45201e-06
0.15 0.12 2.42298e-06
0.15 0.16 2.41254e-06
0.15 0.2 2.4021e-06
0.15 0.24 2.39167e-06
0.15 0.28 2.38123e-06
0.15 0.32 2.37079e-06
0.15 0.36 2.36036e-06
0.15 0.4 2.34992e-06
0.15 0.44 2.34562e-06
0.15 0.48 2.35175e-06
0.15 0.52 2.33202e-06
0.15 0.56 2.32158e-06
0.15 0.6 2.30185e-06
0.15 0.64 2.30185e-06
0.15 0.68 2.29141e-06
0.15 0.72 2.28097e-06
0.15 0.76 2.27054e-06
0.15 0.8 2.27054e-06
0.15 0.84 2.2601e-06
0.15 0.88 2.24967e-06
0.15 0.92 2.24967e-06
0.15 0.96 2.23923e-06
0.15 1 0
0.15 1.04 0
0.15 1.08 0
0.15 1.12 0
0.15 1.16 0
0.15 1.2 0
0.15 1.24 0
0.15 1.28 0
0.15 1.32 0
0.15 1.36 0
0.15 1.4 0
0.15 1.44 0
0.15 1.48 0
0.15 1.52 0
0.15 1.56 0
0.15 1.6 0
0.15 1.64 0
0.15 1.68 0
0.15 1.72 0
0.15 1.76 0
0.15 1.8 0
0.15 1.84 0
0.15 1.88 0
0.15 1.92 0
0.15 1.96 0
0.15 2 0
0.15 2.04 0
0.15 2.08 0
0.15 2.12 0
0.15 2.16 0
0.15 2.2 0
0.15 2.24 0
0.15 2.28 0
0.15 2.32 0
0.15 2.36 0
0.15 2.4 0
0.15 2.44 0
0.15 2.48 0
0.15 2.52 0
0.15 2.56 0
0.15 2.6 0
0.15 2.64 0
0.15 2.68 0
0.15 2.72 0
0.15 2.76 0
0.15 2.8 0
0.15 2.84 0
0.15 2.88 0
0.15 2.92 0
0.15 2.96 0
0.15 3 0
0.15 3.04 0
0.15 3.08 0
0.15 3.12 0
0.15 3.16 0
0.15 3.2 0
0.15 3.24 0
0.15 3.28 0
0.15 3.32 0
0.15 3.36 0
0.15 3.4 0
0.15 3.44 0
0.15 3.48 0
0.15 3.52 0
0.15 3.56 0
0.15 3.6 0
0.15 3.64 0
0.15 3.68 0
0.15 3.72 0
0.15 3.76 0
0.15 3.8 0
0.15 3.84 0
0.15 3.88 0
0.15 3.92 0
0.15 3.96 0
0.15 4 0
0.166667 -4 3.63026e-06
0.166667 -3.96 4.26539e-06
0.166667 -3.92 4.04687e-06
0.166667 -3.88 3.80786e-06
0.166667 -3.84 4.02862e-06
0.166667 -3.8 3.70482e-06
0.166667 -3.76 4.13838e-06
0.166667 -3.72 4.32661e-06
0.166667 -3.68 3.82361e-06
0.166667 -3.64 4.07678e-06
0.166667 -3.6 3.84319e-06
0.166667 -3.56 3.80806e-06
0.166667 -3.52 4.04063e-06
0.166667 -3.48 3.6789e-06
0.166667 -3.44 3.46059e-06
0.166667 -3.4 3.79053e-06
0.166667 -3.36 3.70127e-06
0.166667 -3.32 3.81505e-06
0.166667 -3.28 3.93906e-06
0.166667 -3.24 3.41642e-06
0.166667 -3.2 3.91986e-06
0.166667 -3.16 3.7527e-06
0.166667 -3.12 3.68831e-06
0.166667 -3.08 3.87999e-06
0.166667 -3.04 3.89247e-06
0.166667 -3 3.7596e-06
0.166667 -2.96 3.66577e-06
0.166667 -2.92 3.63194e-06
0.166667 -2.88 3.46925e-06
0.166667 -2.84 3.59094e-06
0.166667 -2.8 3.54957e-06
0.166667 -2.76 3.46086e-06
0.166667 -2.72 3.57566e-06
0.166667 -2.68 3.4303e-06
0.166667 -2.64 3.43412e-06
0.166667 -2.6 3.47959e-06
0.166667 -2.56 3.66045e-06
0.166667 -2.52 3.45731e-06
0.166667 -2.48 3.55748e-06
0.166667 -2.44 3.39684e-06
0.166667 -2.4 3.38781e-06
0.166667 -2.36 3.27832e-06
0.166667 -2.32 3.34262e-06
0.166667 -2.28 3.39609e-06
0.166667 -2.24 3.2935e-06
0.166667 -2.2 3.33832e-06
0.166667 -2.16 3.28614e-06
0.166667 -2.12 3.42181e-06
0.166667 -2.08 3.39647e-06
0.166667 -2.04 3.37727e-06
0.166667 -2 3.20517e-06
0.166667 -1.96 3.19231e-06
0.166667 -1.92 3.28996e-06
0.166667 -1.88 3.25558e-06
0.166667 -1.84 3.22949e-06
0.166667 -1.8 3.12867e-06
0.166667 -1.76 3.21588e-06
0.166667 -1.72 3.21066e-06
0.166667 -1.68 3.18317e-06
0.166667 -1.64 3.19119e-06
0.166667 -1.6 3.21486e-06
0.166667 -1.56 3.1418e-06
0.166667 -1.52 3.09419e-06
0.166667 -1.48 3.1213e-06
0.166667 -1.44 3.0448e-06
0.166667 -1.4 3.12093e-06
0.166667 -1.36 3.07676e-06
0.166667 -1.32 2.99327e-06
0.166667 -1.28 3.05449e-06
0.166667 -1.24 3.11571e-06
0.166667 -1.2 3.14385e-06
0.166667 -1.16 3.10974e-06
0.166667 -1.12 3.05551e-06
0.166667 -1.08 3.10732e-06
0.166667 -1.04 3.0256e-06
0.166667 -1 3.09027e-06
0.166667 -0.96 3.10732e-06
0.166667 -0.92 2.97724e-06
0.166667 -0.88 3.05234e-06
0.166667 -0.84 2.98628e-06
0.166667 -0.8 2.90176e-06
0.166667 -0.76 2.84754e-06
0.166667 -0.72 2.89412e-06
0.166667 -0.68 2.859e-06
0.166667 -0.64 2.8548e-06
0.166667 -0.6 2.83393e-06
0.166667 -0.56 2.80402e-06
0.166667 -0.52 2.78454e-06
0.166667 -0.48 2.80542e-06
0.166667 -0.44 2.80784e-06
0.166667 -0.4 2.80402e-06
0.166667 -0.36 2.81166e-06
0.166667 -0.32 2.8207e-06
0.166667 -0.28 2.84017e-06
0.166667 -0.24 2.81026e-06
0.166667 -0.2 2.75566e-06
0.166667 -0.16 2.67636e-06
0.166667 -0.12 2.6075e-06
0.166667 -0.08 2.54768e-06
0.166667 -0.04 2.50733e-06
0.166667 0 2.48646e-06
0.166667 0.04 2.46558e-06
0.166667 0.08 2.44471e-06
0.166667 0.12 2.4162e-06
0.166667 0.16 2.40576e-06
0.166667 0.2 2.39533e-06
0.166667 0.24 2.38489e-06
0.166667 0.28 2.37445e-06
0.166667 0.32 2.36402e-06
0.166667 0.36 2.35358e-06
0.166667 0.4 2.34314e-06
0.166667 0.44 2.33793e-06
0.166667 0.48 2.34314e-06
0.166667 0.52 2.32367e-06
0.166667 0.56 2.31323e-06
0.166667 0.6 2.29376e-06
0.166667 0.64 2.29376e-06
0.166667 0.68 2.28332e-06
0.166667 0.72 2.27289e-06
0.166667 0.76 2.26245e-06
0.166667 0.8 2.26245e-06
0.166667 0.84 2.25201e-06
0.166667 0.88 2.24158e-06
0.166667 0.92 2.24158e-06
0.166667 0.96 2.23114e-06
0.166667 1 0
0.166667 1.04 0
0.166667 1.08 0
0.166667 1.12 0
0.166667 1.16 0
0.166667 1.2 0
0.166667 1.24 0
0.166667 1.28 0
0.166667 1.32 0
0.166667 1.36 0
0.166667 1.4 0
0.166667 1.44 0
0.166667 1.48 0
0.166667 1.52 0
0.166667 1.56 0
0.166667 1.6 0
0.166667 1.64 0
0.166667 1.68 0
0.166667 1.72 0
0.166667 1.76 0
0.166667 1.8 0
0.166667 1.84 0
0.166667 1.88 0
0.166667 1.92 0
0.166667 1.96 0
0.166667 2 0
0.166667 2.04 0
0.166667 2.08 0
0.166667 2.12 0
0.166667 2.16 0
0.166667 2.2 0
0.166667 2.24 0
0.166667 2.28 0
0.166667 2.32 0
0.166667 2.36 0
0.166667 2.4 0
0.166667 2.44 0
0.166667 2.48 0
0.166667 2.52 0
0.166667 2.56 0
0.166667 2.6 0
0.166667 2.64 0
0.166667 2.68 0
0.166667 2.72 0
0.166667 2.76 0
0.166667 2.8 0
0.166667 2.84 0
0.166667 2.88 0
0.166667 2.92 0
0.166667 2.96 0
0.166667 3 0
0.166667 3.04 0
0.166667 3.08 0
0.166667 3.12 0
0.166667 3.16 0
0.166667 3.2 0
0.166667 3.24 0
0.166667 3.28 0
0.166667 3.32 0
0.166667 3.36 0
0.166667 3.4 0
0.166667 3.44 0
0.166667 3.48 0
0.166667 3.52 0
0.166667 3.56 0
0.166667 3.6 0
0.166667 3.64 0
0.166667 3.68 0
0.166667 3.72 0
0.166667 3.76 0
0.166667 3.8 0
0.166667 3.84 0
0.166667 3.88 0
0.166667 3.92 0
0.166667 3.96 0
0.166667 4 0
0.183333 -4 3.57177e-06
0.183333 -3.96 4.4293e-06
0.183333 -3.92 3.96193e-06
0.183333 -3.88 3.73248e-06
0.183333 -3.84 4.21809e-06
0.183333 -3.8 3.95e-06
0.183333 -3.76 3.93125e-06
0.183333 -3.72 4.33912e-06
0.183333 -3.68 3.7777e-06
0.183333 -3.64 4.00844e-06
0.183333 -3.6 3.56388e-06
0.183333 -3.56 3.70609e-06
0.183333 -3.52 4.02618e-06
0.183333 -3.48 3.59749e-06
0.183333 -3.44 3.36402e-06
0.183333 -3.4 3.85624e-06
0.183333 -3.36 3.67295e-06
0.183333 -3.32 3.64368e-06
0.183333 -3.28 3.92784e-06
0.183333 -3.24 3.53507e-06
0.183333 -3.2 3.82495e-06
0.183333 -3.16 3.67222e-06
0.183333 -3.12 3.67758e-06
0.183333 -3.08 3.75925e-06
0.183333 -3.04 3.8942e-06
0.183333 -3 3.72287e-06
0.183333 -2.96 3.68072e-06
0.183333 -2.92 3.63464e-06
0.183333 -2.88 3.43761e-06
0.183333 -2.84 3.464e-06
0.183333 -2.8 3.49974e-06
0.183333 -2.76 3.55612e-06
0.183333 -2.72 3.60428e-06
0.183333 -2.68 3.48801e-06
0.183333 -2.64 3.44809e-06
0.183333 -2.6 3.52485e-06
0.183333 -2.56 3.60437e-06
0.183333 -2.52 3.56039e-06
0.183333 -2.48 3.57797e-06
0.183333 -2.44 3.318e-06
0.183333 -2.4 3.3974e-06
0.183333 -2.36 3.30275e-06
0.183333 -2.32 3.37042e-06
0.183333 -2.28 3.45631e-06
0.183333 -2.24 3.33791e-06
0.183333 -2.2 3.30578e-06
0.183333 -2.16 3.292e-06
0.183333 -2.12 3.37456e-06
0.183333 -2.08 3.4014e-06
0.183333 -2.04 3.35056e-06
0.183333 -2 3.28622e-06
0.183333 -1.96 3.19092e-06
0.183333 -1.92 3.27416e-06
0.183333 -1.88 3.21468e-06
0.183333 -1.84 3.17886e-06
0.183333 -1.8 3.11281e-06
0.183333 -1.76 3.21879e-06
0.183333 -1.72 3.1761e-06
0.183333 -1.68 3.14396e-06
0.183333 -1.64 3.15934e-06
0.183333 -1.6 3.20892e-06
0.183333 -1.56 3.10635e-06
0.183333 -1.52 3.04355e-06
0.183333 -1.48 3.10935e-06
0.183333 -1.44 3.00547e-06
0.183333 -1.4 3.10561e-06
0.183333 -1.36 3.0412e-06
0.183333 -1.32 2.95015e-06
0.183333 -1.28 3.0201e-06
0.183333 -1.24 3.12983e-06
0.183333 -1.2 3.10179e-06
0.183333 -1.16 3.13029e-06
0.183333 -1.12 3.03552e-06
0.183333 -1.08 3.08144e-06
0.183333 -1.04 3.04059e-06
0.183333 -1 3.09496e-06
0.183333 -0.96 3.08339e-06
0.183333 -0.92 2.95887e-06
0.183333 -0.88 3.04169e-06
0.183333 -0.84 2.96173e-06
0.183333 -0.8 2.88814e-06
0.183333 -0.76 2.83938e-06
0.183333 -0.72 2.89452e-06
0.183333 -0.68 2.84075e-06
0.183333 -0.64 2.81658e-06
0.183333 -0.6 2.82007e-06
0.183333 -0.56 2.81271e-06
0.183333 -0.52 2.79823e-06
0.183333 -0.48 2.80155e-06
0.183333 -0.44 2.803e-06
0.183333 -0.4 2.80187e-06
0.183333 -0.36 2.80894e-06
0.183333 -0.32 2.81769e-06
0.183333 -0.28 2.8333e-06
0.183333 -0.24 2.80531e-06
0.183333 -0.2 2.75225e-06
0.183333 -0.16 2.67576e-06
0.183333 -0.12 2.60449e-06
0.183333 -0.08 2.54329e-06
0.183333 -0.04 2.50128e-06
0.183333 0 2.47846e-06
0.183333 0.04 2.45759e-06
0.183333 0.08 2.43672e-06
0.183333 0.12 2.40878e-06
0.183333 0.16 2.39834e-06
0.183333 0.2 2.3879e-06
0.183333 0.24 2.37747e-06
0.183333 0.28 2.36703e-06
0.183333 0.32 2.35659e-06
0.183333 0.36 2.34616e-06
0.183333 0.4 2.33572e-06
0.183333 0.44 2.32953e-06
0.183333 0.48 2.33377e-06
0.183333 0.52 2.31458e-06
0.183333 0.56 2.30415e-06
0.183333 0.6 2.28496e-06
0.183333 0.64 2.28496e-06
0.183333 0.68 2.27452e-06
0.183333 0.72 2.26409e-06
0.183333 0.76 2.25365e-06
0.183333 0.8 2.25365e-06
0.183333 0.84 2.24321e-06
0.183333 0.88 2.23278e-06
0.183333 0.92 2.23278e-06
0.183333 0.96 2.22234e-06
0.183333 1 0
0.183333 1.04 0
0.183333 1.08 0
0.183333 1.12 0
0.183333 1.16 0
0.183333 1.2 0
0.183333 1.24 0
0.183333 1.28 0
0.183333 1.32 0
0.183333 1.36 0
0.183333 1.4 0
0.183333 1.44 0
0.183333 1.48 0
0.183333 1.52 0
0.183333 1.56 0
0.183333 1.6 0
0.183333 1.64 0
0.183333 1.68 0
0.183333 1.72 0
0.183333 1.76 0
0.183333 1.8 0
0.183333 1.84 0
0.183333 1.88 0
0.183333 1.92 0
0.183333 1.96 0
0.183333 2 0
0.183333 2.04 0
0.183333 2.08 0
0.183333 2.12 0
0.183333 2.16 0
0.183333 2.2 0
0.183333 2.24 0
0.183333 2.28 0
0.183333 2.32 0
0.183333 2.36 0
0.183333 2.4 0
0.183333 2.44 0
0.183333 2.48 0
0.183333 2.52 0
0.183333 2.56 0
0.183333 2.6 0
0.183333 2.64 0
0.183333 2.68 0
0.183333 2.72 0
0.183333 2.76 0
0.183333 2.8 0
0.183333 2.84 0
0.183333 2.88 0
0.183333 2.92 0
0.183333 2.96 0
0.183333 3 0
0.183333 3.04 0
0.183333 3.08 0
0.183333 3.12 0
0.183333 3.16 0
0.183333 3.2 0
0.183333 3.24 0
0.183333 3.28 0
0.183333 3.32 0
0.183333 3.36 0
0.183333 3.4 0
0.183333 3.44 0
0.183333 3.48 0
0.183333 3.52 0
0.183333 3.56 0
0.183333 3.6 0
0.183333 3.64 0
0.183333 3.68 0
0.183333 3.72 0
0.183333 3.76 0
0.183333 3.8 0
0.183333 3.84 0
0.183333 3.88 0
0.183333 3.92 0
0.183333 3.96 0
0.183333 4 0
0.2 -4 3.70781e-06
0.2 -3.96 4.44792e-06
0.2 -3.92 3.90691e-06
0.2 -3.88 3.62429e-06
0.2 -3.84 4.18419e-06
0.2 -3.8 4.05911e-06
0.2 -3.76 3.46177e-06
0.2 -3.72 4.27108e-06
0.2 -3.68 3.68546e-06
0.2 -3.64 3.93636e-06
0.2 -3.6 3.26166e-06
0.2 -3.56 3.67103e-06
0.2 -3.52 3.87479e-06
0.2 -3.48 3.56457e-06
0.2 -3.44 3.35922e-06
0.2 -3.4 3.86523e-06
0.2 -3.36 3.67955e-06
0.2 -3.32 3.38697e-06
0.2 -3.28 3.90774e-06
0.2 -3.24 3.5858e-06
0.2 -3.2 3.81134e-06
0.2 -3.16 3.58327e-06
0.2 -3.12 3.63117e-06
0.2 -3.08 3.70582e-06
0.2 -3.04 3.83656e-06
0.2 -3 3.65668e-06
0.2 -2.96 3.66465e-06
0.2 -2.92 3.58761e-06
0.2 -2.88 3.47908e-06
0.2 -2.84 3.39371e-06
0.2 -2.8 3.51144e-06
0.2 -2.76 3.56815e-06
0.2 -2.72 3.60461e-06
0.2 -2.68 3.48858e-06
0.2 -2.64 3.50242e-06
0.2 -2.6 3.43306e-06
0.2 -2.56 3.47129e-06
0.2 -2.52 3.67157e-06
0.2 -2.48 3.54387e-06
0.2 -2.44 3.35935e-06
0.2 -2.4 3.47604e-06
0.2 -2.36 3.36997e-06
0.2 -2.32 3.33638e-06
0.2 -2.28 3.45042e-06
0.2 -2.24 3.39073e-06
0.2 -2.2 3.24133e-06
0.2 -2.16 3.23752e-06
0.2 -2.12 3.31503e-06
0.2 -2.08 3.36124e-06
0.2 -2.04 3.3046e-06
0.2 -2 3.2788e-06
0.2 -1.96 3.20821e-06
0.2 -1.92 3.21266e-06
0.2 -1.88 3.18411e-06
0.2 -1.84 3.09939e-06
0.2 -1.8 3.09645e-06
0.2 -1.76 3.16693e-06
0.2 -1.72 3.1158e-06
0.2 -1.68 3.11058e-06
0.2 -1.64 3.12454e-06
0.2 -1.6 3.16816e-06
0.2 -1.56 3.06761e-06
0.2 -1.52 3.00575e-06
0.2 -1.48 3.08895e-06
0.2 -1.44 2.98933e-06
0.2 -1.4 3.06808e-06
0.2 -1.36 3.04028e-06
0.2 -1.32 2.93668e-06
0.2 -1.28 2.97614e-06
0.2 -1.24 3.09569e-06
0.2 -1.2 3.05471e-06
0.2 -1.16 3.11721e-06
0.2 -1.12 3.02311e-06
0.2 -1.08 3.05166e-06
0.2 -1.04 3.06409e-06
0.2 -1 3.08743e-06
0.2 -0.96 3.06286e-06
0.2 -0.92 2.96248e-06
0.2 -0.88 3.01191e-06
0.2 -0.84 2.9307e-06
0.2 -0.8 2.87682e-06
0.2 -0.76 2.84475e-06
0.2 -0.72 2.88696e-06
0.2 -0.68 2.82587e-06
0.2 -0.64 2.78365e-06
0.2 -0.6 2.80499e-06
0.2 -0.56 2.81989e-06
0.2 -0.52 2.81344e-06
0.2 -0.48 2.79057e-06
0.2 -0.44 2.79579e-06
0.2 -0.4 2.79901e-06
0.2 -0.36 2.80546e-06
0.2 -0.32 2.81391e-06
0.2 -0.28 2.82558e-06
0.2 -0.24 2.79948e-06
0.2 -0.2 2.74806e-06
0.2 -0.16 2.67454e-06
0.2 -0.12 2.60101e-06
0.2 -0.08 2.5384e-06
0.2 -0.04 2.49466e-06
0.2 0 2.4698e-06
0.2 0.04 2.44892e-06
0.2 0.08 2.42805e-06
0.2 0.12 2.40073e-06
0.2 0.16 2.39029e-06
0.2 0.2 2.37986e-06
0.2 0.24 2.36942e-06
0.2 0.28 2.35898e-06
0.2 0.32 2.34855e-06
0.2 0.36 2.33811e-06
0.2 0.4 2.32767e-06
0.2 0.44 2.32046e-06
0.2 0.48 2.32369e-06
0.2 0.52 2.30481e-06
0.2 0.56 2.29437e-06
0.2 0.6 2.27549e-06
0.2 0.64 2.27549e-06
0.2 0.68 2.26506e-06
0.2 0.72 2.25462e-06
0.2 0.76 2.24418e-06
0.2 0.8 2.24418e-06
0.2 0.84 2.23375e-06
0.2 0.88 2.22331e-06
0.2 0.92 2.22331e-06
0.2 0.96 2.21287e-06
0.2 1 0
0.2 1.04 0
0.2 1.08 0
0.2 1.12 0
0.2 1.16 0
0.2 1.2 0
0.2 1.24 0
0.2 1.28 0
0.2 1.32 0
0.2 1.36 0
0.2 1.4 0
0.2 1.44 0
0.2 1.48 0
0.2 1.52 0
0.2 1.56 0
0.2 1.6 0
0.2 1.64 0
0.2 1.68 0
0.2 1.72 0
0.2 1.76 0
0.2 1.8 0
0.2 1.84 0
0.2 1.88 0
0.2 1.92 0
0.2 1.96 0
0.2 2 0
0.2 2.04 0
0.2 2.08 0
0.2 2.12 0
0.2 2.16 0
0.2 2.2 0
0.2 2.24 0
0.2 2.28 0
0.2 2.32 0
0.2 2.36 0
0.2 2.4 0
0.2 2.44 0
0.2 2.48 0
0.2 2.52 0
0.2 2.56 0
0.2 2.6 0
0.2 2.64 0
0.2 2.68 0
0.2 2.72 0
0.2 2.76 0
0.2 2.8 0
0.2 2.84 0
0.2 2.88 0
0.2 2.92 0
0.2 2.96 0
0.2 3 0
0.2 3.04 0
0.2 3.08 0
0.2 3.12 0
0.2 3.16 0
0.2 3.2 0
0.2 3.24 0
0.2 3.28 0
0.2 3.32 0
0.2 3.36 0
0.2 3.4 0
0.2 3.44 0
0.2 3.48 0
0.2 3.52 0
0.2 3.56 0
0.2 3.6 0
0.2 3.64 0
0.2 3.68 0
0.2 3.72 0
0.2 3.76 0
0.2 3.8 0
0.2 3.84 0
0.2 3.88 0
0.2 3.92 0
0.2 3.96 0
0.2 4 0
0.216667 -4 3.75187e-06
0.216667 -3.96 4.44303e-06
0.216667 -3.92 3.86481e-06
0.216667 -3.88 3.59627e-06
0.216667 -3.84 3.99432e-06
0.216667 -3.8 3.95397e-06
0.216667 -3.76 3.39269e-06
0.216667 -3.72 4.15453e-06
0.216667 -3.68 3.612e-06
0.216667 -3.64 3.85947e-06
0.216667 -3.6 3.14935e-06
0.216667 -3.56 3.69836e-06
0.216667 -3.52 3.76912e-06
0.216667 -3.48 3.53829e-06
0.216667 -3.44 3.4813e-06
0.216667 -3.4 3.83141e-06
0.216667 -3.36 3.68537e-06
0.216667 -3.32 3.17696e-06
0.216667 -3.28 3.8513e-06
0.216667 -3.24 3.56907e-06
0.216667 -3.2 3.81534e-06
0.216667 -3.16 3.53538e-06
0.216667 -3.12 3.58739e-06
0.216667 -3.08 3.75501e-06
0.216667 -3.04 3.759e-06
0.216667 -3 3.559e-06
0.216667 -2.96 3.58971e-06
0.216667 -2.92 3.48763e-06
0.216667 -2.88 3.53721e-06
0.216667 -2.84 3.49581e-06
0.216667 -2.8 3.58253e-06
0.216667 -2.76 3.48526e-06
0.216667 -2.72 3.54255e-06
0.216667 -2.68 3.43617e-06
0.216667 -2.64 3.51874e-06
0.216667 -2.6 3.33263e-06
0.216667 -2.56 3.41504e-06
0.216667 -2.52 3.68655e-06
0.216667 -2.48 3.48562e-06
0.216667 -2.44 3.45163e-06
0.216667 -2.4 3.43906e-06
0.216667 -2.36 3.36158e-06
0.216667 -2.32 3.29055e-06
0.216667 -2.28 3.34482e-06
0.216667 -2.24 3.42087e-06
0.216667 -2.2 3.15218e-06
0.216667 -2.16 3.15963e-06
0.216667 -2.12 3.284e-06
0.216667 -2.08 3.26781e-06
0.216667 -2.04 3.24651e-06
0.216667 -2 3.23297e-06
0.216667 -1.96 3.20474e-06
0.216667 -1.92 3.15009e-06
0.216667 -1.88 3.19043e-06
0.216667 -1.84 3.03299e-06
0.216667 -1.8 3.08714e-06
0.216667 -1.76 3.09215e-06
0.216667 -1.72 3.05597e-06
0.216667 -1.68 3.06964e-06
0.216667 -1.64 3.09519e-06
0.216667 -1.6 3.09206e-06
0.216667 -1.56 3.05014e-06
0.216667 -1.52 3.00191e-06
0.216667 -1.48 3.05372e-06
0.216667 -1.44 2.98567e-06
0.216667 -1.4 3.02005e-06
0.216667 -1.36 3.0414e-06
0.216667 -1.32 2.93877e-06
0.216667 -1.28 2.9324e-06
0.216667 -1.24 3.03847e-06
0.216667 -1.2 3.03279e-06
0.216667 -1.16 3.08527e-06
0.216667 -1.12 3.01744e-06
0.216667 -1.08 3.0326e-06
0.216667 -1.04 3.0615e-06
0.216667 -1 3.06376e-06
0.216667 -0.96 3.05017e-06
0.216667 -0.92 2.97842e-06
0.216667 -0.88 2.96678e-06
0.216667 -0.84 2.91021e-06
0.216667 -0.8 2.86869e-06
0.216667 -0.76 2.8518e-06
0.216667 -0.72 2.87438e-06
0.216667 -0.68 2.81953e-06
0.216667 -0.64 2.76763e-06
0.216667 -0.6 2.80354e-06
0.216667 -0.56 2.81753e-06
0.216667 -0.52 2.82203e-06
0.216667 -0.48 2.77739e-06
0.216667 -0.44 2.78916e-06
0.216667 -0.4 2.79534e-06
0.216667 -0.36 2.80113e-06
0.216667 -0.32 2.80924e-06
0.216667 -0.28 2.81695e-06
0.216667 -0.24 2.7927e-06
0.216667 -0.2 2.743e-06
0.216667 -0.16 2.67259e-06
0.216667 -0.12 2.59703e-06
0.216667 -0.08 2.53297e-06
0.216667 -0.04 2.48745e-06
0.216667 0 2.46048e-06
0.216667 0.04 2.43961e-06
0.216667 0.08 2.41874e-06
0.216667 0.12 2.39208e-06
0.216667 0.16 2.38164e-06
0.216667 0.2 2.37121e-06
0.216667 0.24 2.36077e-06
0.216667 0.28 2.35034e-06
0.216667 0.32 2.3399e-06
0.216667 0.36 2.32946e-06
0.216667 0.4 2.31903e-06
0.216667 0.44 2.31076e-06
0.216667 0.48 2.31293e-06
0.216667 0.52 2.29438e-06
0.216667 0.56 2.28395e-06
0.216667 0.6 2.2654e-06
0.216667 0.64 2.2654e-06
0.216667 0.68 2.25496e-06
0.216667 0.72 2.24453e-06
0.216667 0.76 2.23409e-06
0.216667 0.8 2.23409e-06
0.216667 0.84 2.22365e-06
0.216667 0.88 2.21322e-06
0.216667 0.92 2.21322e-06
0.216667 0.96 2.20278e-06
0.216667 1 0
0.216667 1.04 0
0.216667 1.08 0
0.216667 1.12 0
0.216667 1.16 0
0.216667 1.2 0
0.216667 1.24 0
0.216667 1.28 0
0.216667 1.32 0
0.216667 1.36 0
0.216667 1.4 0
0.216667 1.44 0
0.216667 1.48 0
0.216667 1.52 0
0.216667 1.56 0
0.216667 1.6 0
0.216667 1.64 0
0.216667 1.68 0
0.216667 1.72 0
0.216667 1.76 0
0.216667 1.8 0
0.216667 1.84 0
0.216667 1.88 0
0.216667 1.92 0
0.216667 1.96 0
0.216667 2 0
0.216667 2.04 0
0.216667 2.08 0
0.216667 2.12 0
0.216667 2.16 0
0.216667 2.2 0
0.216667 2.24 0
0.216667 2.28 0
0.216667 2.32 0
0.216667 2.36 0
0.216667 2.4 0
0.216667 2.44 0
0.216667 2.48 0
0.216667 2.52 0
0.216667 2.56 0
0.216667 2.6 0
0.216667 2.64 0
0.216667 2.68 0
0.216667 2.72 0
0.216667 2.76 0
0.216667 2.8 0
0.216667 2.84 0
0.216667 2.88 0
0.216667 2.92 0
0.216667 2.96 0
0.216667 3 0
0.216667 3.04 0
0.216667 3.08 0
0.216667 3.12 0
0.216667 3.16 0
0.216667 3.2 0
0.216667 3.24 0
0.216667 3.28 0
0.216667 3.32 0
0.216667 3.36 0
0.216667 3.4 0
0.216667 3.44 0
0.216667 3.48 0
0.216667 3.52 0
0.216667 3.56 0
0.216667 3.6 0
0.216667 3.64 0
0.216667 3.68 0
0.216667 3.72 0
0.216667 3.76 0
0.216667 3.8 0
0.216667 3.84 0
0.216667 3.88 0
0.216667 3.92 0
0.216667 3.96 0
0.216667 4 0
0.233333 -4 3.61226e-06
0.233333 -3.96 4.47562e-06
0.233333 -3.92 3.78655e-06
0.233333 -3.88 3.69342e-06
0.233333 -3.84 3.8375e-06
0.233333 -3.8 3.86174e-06
0.233333 -3.76 3.78578e-06
0.233333 -3.72 4.0624e-06
0.233333 -3.68 3.63974e-06
0.233333 -3.64 3.77414e-06
0.233333 -3.6 3.27648e-06
0.233333 -3.56 3.72445e-06
0.233333 -3.52 3.8038e-06
0.233333 -3.48 3.51343e-06
0.233333 -3.44 3.68383e-06
0.233333 -3.4 3.77556e-06
0.233333 -3.36 3.6902e-06
0.233333 -3.32 3.1486e-06
0.233333 -3.28 3.75899e-06
0.233333 -3.24 3.56959e-06
0.233333 -3.2 3.73049e-06
0.233333 -3.16 3.56725e-06
0.233333 -3.12 3.59039e-06
0.233333 -3.08 3.78463e-06
0.233333 -3.04 3.68584e-06
0.233333 -3 3.44377e-06
0.233333 -2.96 3.50739e-06
0.233333 -2.92 3.39324e-06
0.233333 -2.88 3.51814e-06
0.233333 -2.84 3.65669e-06
0.233333 -2.8 3.61833e-06
0.233333 -2.76 3.43948e-06
0.233333 -2.72 3.44335e-06
0.233333 -2.68 3.37152e-06
0.233333 -2.64 3.44956e-06
0.233333 -2.6 3.32543e-06
0.233333 -2.56 3.50243e-06
0.233333 -2.52 3.61224e-06
0.233333 -2.48 3.451e-06
0.233333 -2.44 3.48126e-06
0.233333 -2.4 3.29933e-06
0.233333 -2.36 3.28735e-06
0.233333 -2.32 3.30075e-06
0.233333 -2.28 3.22935e-06
0.233333 -2.24 3.41122e-06
0.233333 -2.2 3.07841e-06
0.233333 -2.16 3.14315e-06
0.233333 -2.12 3.28203e-06
0.233333 -2.08 3.21333e-06
0.233333 -2.04 3.20011e-06
0.233333 -2 3.25408e-06
0.233333 -1.96 3.17047e-06
0.233333 -1.92 3.12178e-06
0.233333 -1.88 3.20957e-06
0.233333 -1.84 3.01158e-06
0.233333 -1.8 3.09835e-06
0.233333 -1.76 3.04626e-06
0.233333 -1.72 3.02167e-06
0.233333 -1.68 3.02266e-06
0.233333 -1.64 3.06897e-06
0.233333 -1.6 3.00888e-06
0.233333 -1.56 3.04325e-06
0.233333 -1.52 3.00275e-06
0.233333 -1.48 3.01437e-06
0.233333 -1.44 2.97731e-06
0.233333 -1.4 2.99175e-06
0.233333 -1.36 3.01908e-06
0.233333 -1.32 2.94042e-06
0.233333 -1.28 2.9074e-06
0.233333 -1.24 3.00611e-06
0.233333 -1.2 3.03909e-06
0.233333 -1.16 3.04635e-06
0.233333 -1.12 3.01329e-06
0.233333 -1.08 3.028e-06
0.233333 -1.04 3.02992e-06
0.233333 -1 3.02672e-06
0.233333 -0.96 3.04223e-06
0.233333 -0.92 2.98399e-06
0.233333 -0.88 2.91925e-06
0.233333 -0.84 2.91166e-06
0.233333 -0.8 2.86067e-06
0.233333 -0.76 2.85188e-06
0.233333 -0.72 2.85997e-06
0.233333 -0.68 2.81681e-06
0.233333 -0.64 2.77194e-06
0.233333 -0.6 2.81677e-06
0.233333 -0.56 2.80239e-06
0.233333 -0.52 2.81742e-06
0.233333 -0.48 2.76648e-06
0.233333 -0.44 2.78542e-06
0.233333 -0.4 2.79075e-06
0.233333 -0.36 2.79583e-06
0.233333 -0.32 2.80359e-06
0.233333 -0.28 2.80739e-06
0.233333 -0.24 2.78489e-06
0.233333 -0.2 2.73698e-06
0.233333 -0.16 2.66979e-06
0.233333 -0.12 2.59251e-06
0.233333 -0.08 2.527e-06
0.233333 -0.04 2.47968e-06
0.233333 0 2.45055e-06
0.233333 0.04 2.42968e-06
0.233333 0.08 2.4088e-06
0.233333 0.12 2.38285e-06
0.233333 0.16 2.37242e-06
0.233333 0.2 2.36198e-06
0.233333 0.24 2.35155e-06
0.233333 0.28 2.34111e-06
0.233333 0.32 2.33067e-06
0.233333 0.36 2.32024e-06
0.233333 0.4 2.3098e-06
0.233333 0.44 2.30045e-06
0.233333 0.48 2.30155e-06
0.233333 0.52 2.28335e-06
0.233333 0.56 2.27292e-06
0.233333 0.6 2.25472e-06
0.233333 0.64 2.25472e-06
0.233333 0.68 2.24429e-06
0.233333 0.72 2.23385e-06
0.233333 0.76 2.22342e-06
0.233333 0.8 2.22342e-06
0.233333 0.84 2.21298e-06
0.233333 0.88 2.20254e-06
0.233333 0.92 2.20254e-06
0.233333 0.96 2.19211e-06
0.233333 1 0
0.233333 1.04 0
0.233333 1.08 0
0.233333 1.12 0
0.233333 1.16 0
0.233333 1.2 0
0.233333 1.24 0
0.233333 1.28 0
0.233333 1.32 0
0.233333 1.36 0
0.233333 1.4 0
0.233333 1.44 0
0.233333 1.48 0
0.233333 1.52 0
0.233333 1.56 0
0.233333 1.6 0
0.233333 1.64 0
0.233333 1.68 0
0.233333 1.72 0
0.233333 1.76 0
0.233333 1.8 0
0.233333 1.84 0
0.233333 1.88 0
0.233333 1.92 0
0.233333 1.96 0
0.233333 2 0
0.233333 2.04 0
0.233333 2.08 0
0.233333 2.12 0
0.233333 2.16 0
0.233333 2.2 0
0.233333 2.24 0
0.233333 2.28 0
0.233333 2.32 0
0.233333 2.36 0
0.233333 2.4 0
0.233333 2.44 0
0.233333 2.48 0
0.233333 2.52 0
0.233333 2.56 0
0.233333 2.6 0
0.233333 2.64 0
0.233333 2.68 0
0.233333 2.72 0
0.233333 2.76 0
0.233333 2.8 0
0.233333 2.84 0
0.233333 2.88 0
0.233333 2.92 0
0.233333 2.96 0
0.233333 3 0
0.233333 3.04 0
0.233333 3.08 0
0.233333 3.12 0
0.233333 3.16 0
0.233333 3.2 0
0.233333 3.24 0
0.233333 3.28 0
0.233333 3.32 0
0.233333 3.36 0
0.233333 3.4 0
0.233333 3.44 0
0.233333 3.48 0
0.233333 3.52 0
0.233333 3.56 0
0.233333 3.6 0
0.233333 3.64 0
0.233333 3.68 0
0.233333 3.72 0
0.233333 3.76 0
0.233333 3.8 0
0.233333 3.84 0
0.233333 3.88 0
0.233333 3.92 0
0.233333 3.96 0
0.233333 4 0
0.25 -4 3.50789e-06
0.25 -3.96 4.46153e-06
0.25 -3.92 3.6519e-06
0.25 -3.88 3.84229e-06
0.25 -3.84 3.8174e-06
0.25 -3.8 3.98905e-06
0.25 -3.76 3.98788e-06
0.25 -3.72 4.03163e-06
0.25 -3.68 3.77662e-06
0.25 -3.64 3.69439e-06
0.25 -3.6 3.50505e-06
0.25 -3.56 3.71072e-06
0.25 -3.52 3.85832e-06
0.25 -3.48 3.52972e-06
0.25 -3.44 3.84714e-06
0.25 -3.4 3.70461e-06
0.25 -3.36 3.70409e-06
0.25 -3.32 3.24899e-06
0.25 -3.28 3.69134e-06
0.25 -3.24 3.63304e-06
0.25 -3.2 3.57431e-06
0.25 -3.16 3.63356e-06
0.25 -3.12 3.62335e-06
0.25 -3.08 3.69745e-06
0.25 -3.04 3.60837e-06
0.25 -3 3.34693e-06
0.25 -2.96 3.48187e-06
0.25 -2.92 3.37676e-06
0.25 -2.88 3.40807e-06
0.25 -2.84 3.6809e-06
0.25 -2.8 3.56304e-06
0.25 -2.76 3.46658e-06
0.25 -2.72 3.37191e-06
0.25 -2.68 3.33829e-06
0.25 -2.64 3.33322e-06
0.25 -2.6 3.34925e-06
0.25 -2.56 3.62461e-06
0.25 -2.52 3.53121e-06
0.25 -2.48 3.44339e-06
0.25 -2.44 3.42484e-06
0.25 -2.4 3.23877e-06
0.25 -2.36 3.2393e-06
0.25 -2.32 3.3444e-06
0.25 -2.28 3.20746e-06
0.25 -2.24 3.35558e-06
0.25 -2.2 3.06114e-06
0.25 -2.16 3.23266e-06
0.25 -2.12 3.27261e-06
0.25 -2.08 3.23266e-06
0.25 -2.04 3.18532e-06
0.25 -2 3.32912e-06
0.25 -1.96 3.12703e-06
0.25 -1.92 3.11965e-06
0.25 -1.88 3.19091e-06
0.25 -1.84 3.02625e-06
0.25 -1.8 3.13135e-06
0.25 -1.76 3.05144e-06
0.25 -1.72 3.01402e-06
0.25 -1.68 2.9883e-06
0.25 -1.64 3.03921e-06
0.25 -1.6 2.95572e-06
0.25 -1.56 3.02087e-06
0.25 -1.52 2.96795e-06
0.25 -1.48 2.99315e-06
0.25 -1.44 2.95625e-06
0.25 -1.4 2.99642e-06
0.25 -1.36 2.99009e-06
0.25 -1.32 2.93612e-06
0.25 -1.28 2.91145e-06
0.25 -1.24 3.01349e-06
0.25 -1.2 3.04913e-06
0.25 -1.16 2.99515e-06
0.25 -1.12 3.00432e-06
0.25 -1.08 3.02699e-06
0.25 -1.04 2.98777e-06
0.25 -1 2.98472e-06
0.25 -0.96 3.03079e-06
0.25 -0.92 2.96384e-06
0.25 -0.88 2.8852e-06
0.25 -0.84 2.93127e-06
0.25 -0.8 2.8483e-06
0.25 -0.76 2.84472e-06
0.25 -0.72 2.84472e-06
0.25 -0.68 2.80782e-06
0.25 -0.64 2.79001e-06
0.25 -0.6 2.82996e-06
0.25 -0.56 2.77957e-06
0.25 -0.52 2.79865e-06
0.25 -0.48 2.75996e-06
0.25 -0.44 2.78516e-06
0.25 -0.4 2.78516e-06
0.25 -0.36 2.78948e-06
0.25 -0.32 2.79686e-06
0.25 -0.28 2.79686e-06
0.25 -0.24 2.77599e-06
0.25 -0.2 2.72992e-06
0.25 -0.16 2.66604e-06
0.25 -0.12 2.58739e-06
0.25 -0.08 2.52045e-06
0.25 -0.04 2.47133e-06
0.25 0 2.44002e-06
0.25 0.04 2.41914e-06
0.25 0.08 2.39827e-06
0.25 0.12 2.37308e-06
0.25 0.16 2.36264e-06
0.25 0.2 2.3522e-06
0.25 0.24 2.34177e-06
0.25 0.28 2.33133e-06
0.25 0.32 2.32089e-06
0.25 0.36 2.31046e-06
0.25 0.4 2.30002e-06
0.25 0.44 2.28959e-06
0.25 0.48 2.28959e-06
0.25 0.52 2.27177e-06
0.25 0.56 2.26133e-06
0.25 0.6 2.24352e-06
0.25 0.64 2.24352e-06
0.25 0.68 2.23308e-06
0.25 0.72 2.22264e-06
0.25 0.76 2.21221e-06
0.25 0.8 2.21221e-06
0.25 0.84 2.20177e-06
0.25 0.88 2.19133e-06
0.25 0.92 2.19133e-06
0.25 0.96 2.1809e-06
0.25 1 0
0.25 1.04 0
0.25 1.08 0
0.25 1.12 0
0.25 1.16 0
0.25 1.2 0
0.25 1.24 0
0.25 1.28 0
0.25 1.32 0
0.25 1.36 0
0.25 1.4 0
0.25 1.44 0
0.25 1.48 0
0.25 1.52 0
0.25 1.56 0
0.25 1.6 0
0.25 1.64 0
0.25 1.68 0
0.25 1.72 0
0.25 1.76 0
0.25 1.8 0
0.25 1.84 0
0.25 1.88 0
0.25 1.92 0
0.25 1.96 0
0.25 2 0
0.25 2.04 0
0.25 2.08 0
0.25 2.12 0
0.25 2.16 0
0.25 2.2 0
0.25 2.24 0
0.25 2.28 0
0.25 2.32 0
0.25 2.36 0
0.25 2.4 0
0.25 2.44 0
0.25 2.48 0
0.25 2.52 0
0.25 2.56 0
0.25 2.6 0
0.25 2.64 0
0.25 2.68 0
0.25 2.72 0
0.25 2.76 0
0.25 2.8 0
0.25 2.84 0
0.25 2.88 0
0.25 2.92 0
0.25 2.96 0
0.25 3 0
0.25 3.04 0
0.25 3.08 0
0.25 3.12 0
0.25 3.16 0
0.25 3.2 0
0.25 3.24 0
0.25 3.28 0
0.25 3.32 0
0.25 3.36 0
0.25 3.4 0
0.25 3.44 0
0.25 3.48 0
0.25 3.52 0
0.25 3.56 0
0.25 3.6 0
0.25 3.64 0
0.25 3.68 0
0.25 3.72 0
0.25 3.76 0
0.25 3.8 0
0.25 3.84 0
0.25 3.88 0
0.25 3.92 0
0.25 3.96 0
0.25 4 0
0.266667 -4 3.59536e-06
0.266667 -3.96 4.30815e-06
0.266667 -3.92 3.50258e-06
0.266667 -3.88 3.94339e-06
0.266667 -3.84 3.87363e-06
0.266667 -3.8 4.2231e-06
0.266667 -3.76 3.72795e-06
0.266667 -3.72 3.99898e-06
0.266667 -3.68 3.88724e-06
0.266667 -3.64 3.64101e-06
0.266667 -3.6 3.63866e-06
0.266667 -3.56 3.69833e-06
0.266667 -3.52 3.81884e-06
0.266667 -3.48 3.57961e-06
0.266667 -3.44 3.86809e-06
0.266667 -3.4 3.63427e-06
0.266667 -3.36 3.71128e-06
0.266667 -3.32 3.3319e-06
0.266667 -3.28 3.70718e-06
0.266667 -3.24 3.7272e-06
0.266667 -3.2 3.5063e-06
0.266667 -3.16 3.60732e-06
0.266667 -3.12 3.61568e-06
0.266667 -3.08 3.55139e-06
0.266667 -3.04 3.50663e-06
0.266667 -3 3.30968e-06
0.266667 -2.96 3.50388e-06
0.266667 -2.92 3.44596e-06
0.266667 -2.88 3.2906e-06
0.266667 -2.84 3.54933e-06
0.266667 -2.8 3.47482e-06
0.266667 -2.76 3.45018e-06
0.266667 -2.72 3.36342e-06
0.266667 -2.68 3.34753e-06
0.266667 -2.64 3.24962e-06
0.266667 -2.6 3.33295e-06
0.266667 -2.56 3.63439e-06
0.266667 -2.52 3.48426e-06
0.266667 -2.48 3.42424e-06
0.266667 -2.44 3.32918e-06
0.266667 -2.4 3.29608e-06
0.266667 -2.36 3.22703e-06
0.266667 -2.32 3.33467e-06
0.266667 -2.28 3.27396e-06
0.266667 -2.24 3.25966e-06
0.266667 -2.2 3.08296e-06
0.266667 -2.16 3.36926e-06
0.266667 -2.12 3.23267e-06
0.266667 -2.08 3.23413e-06
0.266667 -2.04 3.19908e-06
0.266667 -2 3.34322e-06
0.266667 -1.96 3.08769e-06
0.266667 -1.92 3.10592e-06
0.266667 -1.88 3.15004e-06
0.266667 -1.84 3.03638e-06
0.266667 -1.8 3.16823e-06
0.266667 -1.76 3.08017e-06
0.266667 -1.72 3.01052e-06
0.266667 -1.68 2.98223e-06
0.266667 -1.64 3.00541e-06
0.266667 -1.6 2.94588e-06
0.266667 -1.56 2.98178e-06
0.266667 -1.52 2.90104e-06
0.266667 -1.48 2.98886e-06
0.266667 -1.44 2.92462e-06
0.266667 -1.4 3.01705e-06
0.266667 -1.36 2.98754e-06
0.266667 -1.32 2.93025e-06
0.266667 -1.28 2.93447e-06
0.266667 -1.24 3.02449e-06
0.266667 -1.2 3.04306e-06
0.266667 -1.16 2.93527e-06
0.266667 -1.12 2.98693e-06
0.266667 -1.08 3.01299e-06
0.266667 -1.04 2.94568e-06
0.266667 -1 2.94813e-06
0.266667 -0.96 3.00892e-06
0.266667 -0.92 2.92459e-06
0.266667 -0.88 2.87394e-06
0.266667 -0.84 2.9512e-06
0.266667 -0.8 2.82946e-06
0.266667 -0.76 2.83587e-06
0.266667 -0.72 2.82766e-06
0.266667 -0.68 2.78809e-06
0.266667 -0.64 2.80844e-06
0.266667 -0.6 2.8254e-06
0.266667 -0.56 2.75974e-06
0.266667 -0.52 2.77191e-06
0.266667 -0.48 2.75715e-06
0.266667 -0.44 2.78692e-06
0.266667 -0.4 2.77847e-06
0.266667 -0.36 2.782e-06
0.266667 -0.32 2.78899e-06
0.266667 -0.28 2.78535e-06
0.266667 -0.24 2.76593e-06
0.266667 -0.2 2.72175e-06
0.266667 -0.16 2.66123e-06
0.266667 -0.12 2.58165e-06
0.266667 -0.08 2.51332e-06
0.266667 -0.04 2.46241e-06
0.266667 0 2.42892e-06
0.266667 0.04 2.40805e-06
0.266667 0.08 2.38717e-06
0.266667 0.12 2.36277e-06
0.266667 0.16 2.35234e-06
0.266667 0.2 2.3419e-06
0.266667 0.24 2.33146e-06
0.266667 0.28 2.32103e-06
0.266667 0.32 2.31059e-06
0.266667 0.36 2.30015e-06
0.266667 0.4 2.28972e-06
0.266667 0.44 2.27819e-06
0.266667 0.48 2.2771e-06
0.266667 0.52 2.25968e-06
0.266667 0.56 2.24924e-06
0.266667 0.6 2.23182e-06
0.266667 0.64 2.23182e-06
0.266667 0.68 2.22139e-06
0.266667 0.72 2.21095e-06
0.266667 0.76 2.20051e-06
0.266667 0.8 2.20051e-06
0.266667 0.84 2.19008e-06
0.266667 0.88 2.17964e-06
0.266667 0.92 2.17964e-06
0.266667 0.96 2.1692e-06
0.266667 1 0
0.266667 1.04 0
0.266667 1.08 0
0.266667 1.12 0
0.266667 1.16 0
0.266667 1.2 0
0.266667 1.24 0
0.266667 1.28 0
0.266667 1.32 0
0.266667 1.36 0
0.266667 1.4 0
0.266667 1.44 0
0.266667 1.48 0
0.266667 1.52 0
0.266667 1.56 0
0.266667 1.6 0
0.266667 1.64 0
0.266667 1.68 0
0.266667 1.72 0
0.266667 1.76 0
0.266667 1.8 0
0.266667 1.84 0
0.266667 1.88 0
0.266667 1.92 0
0.266667 1.96 0
0.266667 2 0
0.266667 2.04 0
0.266667 2.08 0
0.266667 2.12 0
0.266667 2.16 0
0.266667 2.2 0
0.266667 2.24 0
0.266667 2.28 0
0.266667 2.32 0
0.266667 2.36 0
0.266667 2.4 0
0.266667 2.44 0
0.266667 2.48 0
0.266667 2.52 0
0.266667 2.56 0
0.266667 2.6 0
0.266667 2.64 0
0.266667 2.68 0
0.266667 2.72 0
0.266667 2.76 0
0.266667 2.8 0
0.266667 2.84 0
0.266667 2.88 0
0.266667 2.92 0
0.266667 2.96 0
0.266667 3 0
0.266667 3.04 0
0.266667 3.08 0
0.266667 3.12 0
0.266667 3.16 0
0.266667 3.2 0
0.266667 3.24 0
0.266667 3.28 0
0.266667 3.32 0
0.266667 3.36 0
0.266667 3.4 0
0.266667 3.44 0
0.266667 3.48 0
0.266667 3.52 0
0.266667 3.56 0
0.266667 3.6 0
0.266667 3.64 0
0.266667 3.68 0
0.266667 3.72 0
0.266667 3.76 0
0.266667 3.8 0
0.266667 3.84 0
0.266667 3.88 0
0.266667 3.92 0
0.266667 3.96 0
0.266667 4 0
0.283333 -4 3.76109e-06
0.283333 -3.96 4.05864e-06
0.283333 -3.92 3.43141e-06
0.283333 -3.88 3.97043e-06
0.283333 -3.84 3.88489e-06
0.283333 -3.8 4.29683e-06
0.283333 -3.76 3.52244e-06
0.283333 -3.72 3.88577e-06
0.283333 -3.68 3.84161e-06
0.283333 -3.64 3.63861e-06
0.283333 -3.6 3.59258e-06
0.283333 -3.56 3.74641e-06
0.283333 -3.52 3.76525e-06
0.283333 -3.48 3.59571e-06
0.283333 -3.44 3.7537e-06
0.283333 -3.4 3.6155e-06
0.283333 -3.36 3.69423e-06
0.283333 -3.32 3.36443e-06
0.283333 -3.28 3.77795e-06
0.283333 -3.24 3.79108e-06
0.283333 -3.2 3.63988e-06
0.283333 -3.16 3.44664e-06
0.283333 -3.12 3.53221e-06
0.283333 -3.08 3.45208e-06
0.283333 -3.04 3.39317e-06
0.283333 -3 3.34732e-06
0.283333 -2.96 3.51349e-06
0.283333 -2.92 3.52984e-06
0.283333 -2.88 3.2508e-06
0.283333 -2.84 3.44097e-06
0.283333 -2.8 3.43846e-06
0.283333 -2.76 3.34213e-06
0.283333 -2.72 3.38765e-06
0.283333 -2.68 3.3791e-06
0.283333 -2.64 3.2324e-06
0.283333 -2.6 3.33157e-06
0.283333 -2.56 3.5168e-06
0.283333 -2.52 3.4355e-06
0.283333 -2.48 3.3718e-06
0.283333 -2.44 3.24467e-06
0.283333 -2.4 3.30799e-06
0.283333 -2.36 3.19285e-06
0.283333 -2.32 3.24173e-06
0.283333 -2.28 3.32787e-06
0.283333 -2.24 3.14975e-06
0.283333 -2.2 3.0951e-06
0.283333 -2.16 3.43565e-06
0.283333 -2.12 3.17902e-06
0.283333 -2.08 3.14182e-06
0.283333 -2.04 3.21135e-06
0.283333 -2 3.24481e-06
0.283333 -1.96 3.0414e-06
0.283333 -1.92 3.05669e-06
0.283333 -1.88 3.14311e-06
0.283333 -1.84 3.01151e-06
0.283333 -1.8 3.18469e-06
0.283333 -1.76 3.08374e-06
0.283333 -1.72 2.99446e-06
0.283333 -1.68 2.99611e-06
0.283333 -1.64 2.97482e-06
0.283333 -1.6 2.96015e-06
0.283333 -1.56 2.94906e-06
0.283333 -1.52 2.84872e-06
0.283333 -1.48 2.9699e-06
0.283333 -1.44 2.8856e-06
0.283333 -1.4 3.0263e-06
0.283333 -1.36 3.0065e-06
0.283333 -1.32 2.92689e-06
0.283333 -1.28 2.95149e-06
0.283333 -1.24 2.99723e-06
0.283333 -1.2 3.02873e-06
0.283333 -1.16 2.89516e-06
0.283333 -1.12 2.96211e-06
0.283333 -1.08 2.97855e-06
0.283333 -1.04 2.90259e-06
0.283333 -1 2.92468e-06
0.283333 -0.96 2.97693e-06
0.283333 -0.92 2.88848e-06
0.283333 -0.88 2.88161e-06
0.283333 -0.84 2.95103e-06
0.283333 -0.8 2.80657e-06
0.283333 -0.76 2.82974e-06
0.283333 -0.72 2.80829e-06
0.283333 -0.68 2.7636e-06
0.283333 -0.64 2.81354e-06
0.283333 -0.6 2.79821e-06
0.283333 -0.56 2.75168e-06
0.283333 -0.52 2.74794e-06
0.283333 -0.48 2.75544e-06
0.283333 -0.44 2.78778e-06
0.283333 -0.4 2.77062e-06
0.283333 -0.36 2.77332e-06
0.283333 -0.32 2.77989e-06
0.283333 -0.28 2.77282e-06
0.283333 -0.24 2.75468e-06
0.283333 -0.2 2.7124e-06
0.283333 -0.16 2.65529e-06
0.283333 -0.12 2.57525e-06
0.283333 -0.08 2.50559e-06
0.283333 -0.04 2.45294e-06
0.283333 0 2.41729e-06
0.283333 0.04 2.39641e-06
0.283333 0.08 2.37554e-06
0.283333 0.12 2.35197e-06
0.283333 0.16 2.34153e-06
0.283333 0.2 2.3311e-06
0.283333 0.24 2.32066e-06
0.283333 0.28 2.31022e-06
0.283333 0.32 2.29979e-06
0.283333 0.36 2.28935e-06
0.283333 0.4 2.27891e-06
0.283333 0.44 2.26631e-06
0.283333 0.48 2.26414e-06
0.283333 0.52 2.24713e-06
0.283333 0.56 2.2367e-06
0.283333 0.6 2.21969e-06
0.283333 0.64 2.21969e-06
0.283333 0.68 2.20926e-06
0.283333 0.72 2.19882e-06
0.283333 0.76 2.18838e-06
0.283333 0.8 2.18838e-06
0.283333 0.84 2.17795e-06
0.283333 0.88 2.16751e-06
0.283333 0.92 2.16751e-06
0.283333 0.96 2.15708e-06
0.283333 1 0
0.283333 1.04 0
0.283333 1.08 0
0.283333 1.12 0
0.283333 1.16 0
0.283333 1.2 0
0.283333 1.24 0
0.283333 1.28 0
0.283333 1.32 0
0.283333 1.36 0
0.283333 1.4 0
0.283333 1.44 0
0.283333 1.48 0
0.283333 1.52 0
0.283333 1.56 0
0.283333 1.6 0
0.283333 1.64 0
0.283333 1.68 0
0.283333 1.72 0
0.283333 1.76 0
0.283333 1.8 0
0.283333 1.84 0
0.283333 1.88 0
0.283333 1.92 0
0.283333 1.96 0
0.283333 2 0
0.283333 2.04 0
0.283333 2.08 0
0.283333 2.12 0
0.283333 2.16 0
0.283333 2.2 0
0.283333 2.24 0
0.283333 2.28 0
0.283333 2.32 0
0.283333 2.36 0
0.283333 2.4 0
0.283333 2.44 0
0.283333 2.48 0
0.283333 2.52 0
0.283333 2.56 0
0.283333 2.6 0
0.283333 2.64 0
0.283333 2.68 0
0.283333 2.72 0
0.283333 2.76 0
0.283333 2.8 0
0.283333 2.84 0
0.283333 2.88 0
0.283333 2.92 0
0.283333 2.96 0
0.283333 3 0
0.283333 3.04 0
0.283333 3.08 0
0.283333 3.12 0
0.283333 3.16 0
0.283333 3.2 0
0.283333 3.24 0
0.283333 3.28 0
0.283333 3.32 0
0.283333 3.36 0
0.283333 3.4 0
0.283333 3.44 0
0.283333 3.48 0
0.283333 3.52 0
0.283333 3.56 0
0.283333 3.6 0
0.283333 3.64 0
0.283333 3.68 0
0.283333 3.72 0
0.283333 3.76 0
0.283333 3.8 0
0.283333 3.84 0
0.283333 3.88 0
0.283333 3.92 0
0.283333 3.96 0
0.283333 4 0
0.3 -4 3.87423e-06
0.3 -3.96 3.83613e-06
0.3 -3.92 3.5188e-06
0.3 -3.88 3.96352e-06
0.3 -3.84 3.80479e-06
0.3 -3.8 4.16612e-06
0.3 -3.76 3.70811e-06
0.3 -3.72 3.73603e-06
0.3 -3.68 3.7279e-06
0.3 -3.64 3.71097e-06
0.3 -3.6 3.47465e-06
0.3 -3.56 3.82993e-06
0.3 -3.52 3.82501e-06
0.3 -3.48 3.55601e-06
0.3 -3.44 3.61489e-06
0.3 -3.4 3.68486e-06
0.3 -3.36 3.67358e-06
0.3 -3.32 3.40611e-06
0.3 -3.28 3.80216e-06
0.3 -3.24 3.77999e-06
0.3 -3.2 3.87228e-06
0.3 -3.16 3.29466e-06
0.3 -3.12 3.43224e-06
0.3 -3.08 3.3954e-06
0.3 -3.04 3.32361e-06
0.3 -3 3.43039e-06
0.3 -2.96 3.49118e-06
0.3 -2.92 3.55523e-06
0.3 -2.88 3.29472e-06
0.3 -2.84 3.49382e-06
0.3 -2.8 3.45397e-06
0.3 -2.76 3.2604e-06
0.3 -2.72 3.38809e-06
0.3 -2.68 3.40577e-06
0.3 -2.64 3.24336e-06
0.3 -2.6 3.39679e-06
0.3 -2.56 3.38e-06
0.3 -2.52 3.34782e-06
0.3 -2.48 3.30991e-06
0.3 -2.44 3.2211e-06
0.3 -2.4 3.20594e-06
0.3 -2.36 3.15298e-06
0.3 -2.32 3.13665e-06
0.3 -2.28 3.29214e-06
0.3 -2.24 3.07015e-06
0.3 -2.2 3.10305e-06
0.3 -2.16 3.37318e-06
0.3 -2.12 3.13375e-06
0.3 -2.08 3.02282e-06
0.3 -2.04 3.18584e-06
0.3 -2 3.11369e-06
0.3 -1.96 2.98356e-06
0.3 -1.92 2.98634e-06
0.3 -1.88 3.15058e-06
0.3 -1.84 2.96267e-06
0.3 -1.8 3.16832e-06
0.3 -1.76 3.04007e-06
0.3 -1.72 2.97981e-06
0.3 -1.68 2.99959e-06
0.3 -1.64 2.95359e-06
0.3 -1.6 2.97007e-06
0.3 -1.56 2.93233e-06
0.3 -1.52 2.84552e-06
0.3 -1.48 2.92022e-06
0.3 -1.44 2.84027e-06
0.3 -1.4 3.00848e-06
0.3 -1.36 3.00099e-06
0.3 -1.32 2.92164e-06
0.3 -1.28 2.94114e-06
0.3 -1.24 2.93465e-06
0.3 -1.2 3.02574e-06
0.3 -1.16 2.89229e-06
0.3 -1.12 2.93433e-06
0.3 -1.08 2.93296e-06
0.3 -1.04 2.86617e-06
0.3 -1 2.91621e-06
0.3 -0.96 2.9427e-06
0.3 -0.92 2.87187e-06
0.3 -0.88 2.89248e-06
0.3 -0.84 2.92176e-06
0.3 -0.8 2.7857e-06
0.3 -0.76 2.82521e-06
0.3 -0.72 2.78851e-06
0.3 -0.68 2.74544e-06
0.3 -0.64 2.79802e-06
0.3 -0.6 2.76105e-06
0.3 -0.56 2.75557e-06
0.3 -0.52 2.73653e-06
0.3 -0.48 2.7519e-06
0.3 -0.44 2.78462e-06
0.3 -0.4 2.76155e-06
0.3 -0.36 2.76338e-06
0.3 -0.32 2.76951e-06
0.3 -0.28 2.75927e-06
0.3 -0.24 2.74219e-06
0.3 -0.2 2.70184e-06
0.3 -0.16 2.64814e-06
0.3 -0.12 2.56814e-06
0.3 -0.08 2.49724e-06
0.3 -0.04 2.44291e-06
0.3 0 2.40515e-06
0.3 0.04 2.38428e-06
0.3 0.08 2.3634e-06
0.3 0.12 2.3407e-06
0.3 0.16 2.33026e-06
0.3 0.2 2.31983e-06
0.3 0.24 2.30939e-06
0.3 0.28 2.29895e-06
0.3 0.32 2.28852e-06
0.3 0.36 2.27808e-06
0.3 0.4 2.26764e-06
0.3 0.44 2.25398e-06
0.3 0.48 2.25076e-06
0.3 0.52 2.23419e-06
0.3 0.56 2.22375e-06
0.3 0.6 2.20718e-06
0.3 0.64 2.20718e-06
0.3 0.68 2.19674e-06
0.3 0.72 2.18631e-06
0.3 0.76 2.17587e-06
0.3 0.8 2.17587e-06
0.3 0.84 2.16543e-06
0.3 0.88 2.155e-06
0.3 0.92 2.155e-06
0.3 0.96 2.14456e-06
0.3 1 0
0.3 1.04 0
0.3 1.08 0
0.3 1.12 0
0.3 1.16 0
0.3 1.2 0
0.3 1.24 0
0.3 1.28 0
0.3 1.32 0
0.3 1.36 0
0.3 1.4 0
0.3 1.44 0
0.3 1.48 0
0.3 1.52 0
0.3 1.56 0
0.3 1.6 0
0.3 1.64 0
0.3 1.68 0
0.3 1.72 0
0.3 1.76 0
0.3 1.8 0
0.3 1.84 0
0.3 1.88 0
0.3 1.92 0
0.3 1.96 0
0.3 2 0
0.3 2.04 0
0.3 2.08 0
0.3 2.12 0
0.3 2.16 0
0.3 2.2 0
0.3 2.24 0
0.3 2.28 0
0.3 2.32 0
0.3 2.36 0
0.3 2.4 0
0.3 2.44 0
0.3 2.48 0
0.3 2.52 0
0.3 2.56 0
0.3 2.6 0
0.3 2.64 0
0.3 2.68 0
0.3 2.72 0
0.3 2.76 0
0.3 2.8 0
0.3 2.84 0
0.3 2.88 0
0.3 2.92 0
0.3 2.96 0
0.3 3 0
0.3 3.04 0
0.3 3.08 0
0.3 3.12 0
0.3 3.16 0
0.3 3.2 0
0.3 3.24 0
0.3 3.28 0
0.3 3.32 0
0.3 3.36 0
0.3 3.4 0
0.3 3.44 0
0.3 3.48 0
0.3 3.52 0
0.3 3.56 0
0.3 3.6 0
0.3 3.64 0
0.3 3.68 0
0.3 3.72 0
0.3 3.76 0
0.3 3.8 0
0.3 3.84 0
0.3 3.88 0
0.3 3.92 0
0.3 3.96 0
0.3 4 0
0.316667 -4 3.98005e-06
0.316667 -3.96 3.68931e-06
0.316667 -3.92 3.7472e-06
0.316667 -3.88 3.96971e-06
0.316667 -3.84 3.69603e-06
0.316667 -3.8 4.0366e-06
0.316667 -3.76 3.86228e-06
0.316667 -3.72 3.68606e-06
0.316667 -3.68 3.76002e-06
0.316667 -3.64 3.83815e-06
0.316667 -3.6 3.49199e-06
0.316667 -3.56 3.85321e-06
0.316667 -3.52 3.95709e-06
0.316667 -3.48 3.52344e-06
0.316667 -3.44 3.56526e-06
0.316667 -3.4 3.78323e-06
0.316667 -3.36 3.68191e-06
0.316667 -3.32 3.44147e-06
0.316667 -3.28 3.71981e-06
0.316667 -3.24 3.68865e-06
0.316667 -3.2 3.96599e-06
0.316667 -3.16 3.30033e-06
0.316667 -3.12 3.41139e-06
0.316667 -3.08 3.31654e-06
0.316667 -3.04 3.3409e-06
0.316667 -3 3.49864e-06
0.316667 -2.96 3.47576e-06
0.316667 -2.92 3.52791e-06
0.316667 -2.88 3.36812e-06
0.316667 -2.84 3.62689e-06
0.316667 -2.8 3.45876e-06
0.316667 -2.76 3.28988e-06
0.316667 -2.72 3.34652e-06
0.316667 -2.68 3.40587e-06
0.316667 -2.64 3.23298e-06
0.316667 -2.6 3.43742e-06
0.316667 -2.56 3.31503e-06
0.316667 -2.52 3.24577e-06
0.316667 -2.48 3.27377e-06
0.316667 -2.44 3.28743e-06
0.316667 -2.4 3.14619e-06
0.316667 -2.36 3.17682e-06
0.316667 -2.32 3.10016e-06
0.316667 -2.28 3.19027e-06
0.316667 -2.24 3.05515e-06
0.316667 -2.2 3.15595e-06
0.316667 -2.16 3.2426e-06
0.316667 -2.12 3.08502e-06
0.316667 -2.08 2.98764e-06
0.316667 -2.04 3.11683e-06
0.316667 -2 3.0562e-06
0.316667 -1.96 2.94059e-06
0.316667 -1.92 2.92963e-06
0.316667 -1.88 3.09561e-06
0.316667 -1.84 2.92901e-06
0.316667 -1.8 3.12298e-06
0.316667 -1.76 2.9732e-06
0.316667 -1.72 2.99485e-06
0.316667 -1.68 2.96658e-06
0.316667 -1.64 2.93801e-06
0.316667 -1.6 2.96253e-06
0.316667 -1.56 2.91292e-06
0.316667 -1.52 2.87359e-06
0.316667 -1.48 2.87285e-06
0.316667 -1.44 2.79429e-06
0.316667 -1.4 2.96209e-06
0.316667 -1.36 2.94432e-06
0.316667 -1.32 2.90432e-06
0.316667 -1.28 2.90061e-06
0.316667 -1.24 2.87802e-06
0.316667 -1.2 3.03251e-06
0.316667 -1.16 2.89504e-06
0.316667 -1.12 2.90827e-06
0.316667 -1.08 2.8956e-06
0.316667 -1.04 2.85678e-06
0.316667 -1 2.91821e-06
0.316667 -0.96 2.91612e-06
0.316667 -0.92 2.86939e-06
0.316667 -0.88 2.88825e-06
0.316667 -0.84 2.87216e-06
0.316667 -0.8 2.77304e-06
0.316667 -0.76 2.8172e-06
0.316667 -0.72 2.77184e-06
0.316667 -0.68 2.73917e-06
0.316667 -0.64 2.76445e-06
0.316667 -0.6 2.73318e-06
0.316667 -0.56 2.76247e-06
0.316667 -0.52 2.74086e-06
0.316667 -0.48 2.74484e-06
0.316667 -0.44 2.7755e-06
0.316667 -0.4 2.7512e-06
0.316667 -0.36 2.75213e-06
0.316667 -0.32 2.75782e-06
0.316667 -0.28 2.7447e-06
0.316667 -0.24 2.72845e-06
0.316667 -0.2 2.69002e-06
0.316667 -0.16 2.63971e-06
0.316667 -0.12 2.5603e-06
0.316667 -0.08 2.48826e-06
0.316667 -0.04 2.43234e-06
0.316667 0 2.39254e-06
0.316667 0.04 2.37167e-06
0.316667 0.08 2.3508e-06
0.316667 0.12 2.32899e-06
0.316667 0.16 2.31855e-06
0.316667 0.2 2.30812e-06
0.316667 0.24 2.29768e-06
0.316667 0.28 2.28725e-06
0.316667 0.32 2.27681e-06
0.316667 0.36 2.26637e-06
0.316667 0.4 2.25594e-06
0.316667 0.44 2.24126e-06
0.316667 0.48 2.23701e-06
0.316667 0.52 2.22089e-06
0.316667 0.56 2.21045e-06
0.316667 0.6 2.19433e-06
0.316667 0.64 2.19433e-06
0.316667 0.68 2.1839e-06
0.316667 0.72 2.17346e-06
0.316667 0.76 2.16302e-06
0.316667 0.8 2.16302e-06
0.316667 0.84 2.15259e-06
0.316667 0.88 2.14215e-06
0.316667 0.92 2.14215e-06
0.316667 0.96 2.13171e-06
0.316667 1 0
0.316667 1.04 0
0.316667 1.08 0
0.316667 1.12 0
0.316667 1.16 0
0.316667 1.2 0
0.316667 1.24 0
0.316667 1.28 0
0.316667 1.32 0
0.316667 1.36 0
0.316667 1.4 0
0.316667 1.44 0
0.316667 1.48 0
0.316667 1.52 0
0.316667 1.56 0
0.316667 1.6 0
0.316667 1.64 0
0.316667 1.68 0
0.316667 1.72 0
0.316667 1.76 0
0.316667 1.8 0
0.316667 1.84 0
0.316667 1.88 0
0.316667 1.92 0
0.316667 1.96 0
0.316667 2 0
0.316667 2.04 0
0.316667 2.08 0
0.316667 2.12 0
0.316667 2.16 0
0.316667 2.2 0
0.316667 2.24 0
0.316667 2.28 0
0.316667 2.32 0
0.316667 2.36 0
0.316667 2.4 0
0.316667 2.44 0
0.316667 2.48 0
0.316667 2.52 0
0.316667 2.56 0
0.316667 2.6 0
0.316667 2.64 0
0.316667 2.68 0
0.316667 2.72 0
0.316667 2.76 0
0.316667 2.8 0
0.316667 2.84 0
0.316667 2.88 0
0.316667 2.92 0
0.316667 2.96 0
0.316667 3 0
0.316667 3.04 0
0.316667 3.08 0
0.316667 3.12 0
0.316667 3.16 0
0.316667 3.2 0
0.316667 3.24 0
0.316667 3.28 0
0.316667 3.32 0
0.316667 3.36 0
0.316667 3.4 0
0.316667 3.44 0
0.316667 3.48 0
0.316667 3.52 0
0.316667 3.56 0
0.316667 3.6 0
0.316667 3.64 0
0.316667 3.68 0
0.316667 3.72 0
0.316667 3.76 0
0.316667 3.8 0
0.316667 3.84 0
0.316667 3.88 0
0.316667 3.92 0
0.316667 3.96 0
0.316667 4 0
0.333333 -4 4.10672e-06
0.333333 -3.96 3.57446e-06
0.333333 -3.92 3.9867e-06
0.333333 -3.88 4.01801e-06
0.333333 -3.84 3.66839e-06
0.333333 -3.8 4.03366e-06
0.333333 -3.76 3.63708e-06
0.333333 -3.72 3.77797e-06
0.333333 -3.68 3.95539e-06
0.333333 -3.64 3.9293e-06
0.333333 -3.6 3.73623e-06
0.333333 -3.56 3.77797e-06
0.333333 -3.52 4.01279e-06
0.333333 -3.48 3.54315e-06
0.333333 -3.44 3.63186e-06
0.333333 -3.4 3.78841e-06
0.333333 -3.36 3.6997e-06
0.333333 -3.32 3.39704e-06
0.333333 -3.28 3.5849e-06
0.333333 -3.24 3.57446e-06
0.333333 -3.2 3.80928e-06
0.333333 -3.16 3.40748e-06
0.333333 -3.12 3.49097e-06
0.333333 -3.08 3.25094e-06
0.333333 -3.04 3.40748e-06
0.333333 -3 3.50141e-06
0.333333 -2.96 3.48575e-06
0.333333 -2.92 3.51706e-06
0.333333 -2.88 3.42314e-06
0.333333 -2.84 3.65274e-06
0.333333 -2.8 3.42835e-06
0.333333 -2.76 3.35008e-06
0.333333 -2.72 3.2979e-06
0.333333 -2.68 3.37095e-06
0.333333 -2.64 3.20397e-06
0.333333 -2.6 3.34486e-06
0.333333 -2.56 3.31877e-06
0.333333 -2.52 3.1831e-06
0.333333 -2.48 3.27181e-06
0.333333 -2.44 3.38661e-06
0.333333 -2.4 3.23528e-06
0.333333 -2.36 3.23528e-06
0.333333 -2.32 3.1257e-06
0.333333 -2.28 3.10483e-06
0.333333 -2.24 3.09439e-06
0.333333 -2.2 3.2405e-06
0.333333 -2.16 3.15701e-06
0.333333 -2.12 3.0109e-06
0.333333 -2.08 3.01612e-06
0.333333 -2.04 3.04221e-06
0.333333 -2 3.08395e-06
0.333333 -1.96 2.94306e-06
0.333333 -1.92 2.90653e-06
0.333333 -1.88 2.99003e-06
0.333333 -1.84 2.93263e-06
0.333333 -1.8 3.05786e-06
0.333333 -1.76 2.92741e-06
0.333333 -1.72 3.03699e-06
0.333333 -1.68 2.90132e-06
0.333333 -1.64 2.91697e-06
0.333333 -1.6 2.93784e-06
0.333333 -1.56 2.87523e-06
0.333333 -1.52 2.88566e-06
0.333333 -1.48 2.87001e-06
0.333333 -1.44 2.76043e-06
0.333333 -1.4 2.8961e-06
0.333333 -1.36 2.87001e-06
0.333333 -1.32 2.87001e-06
0.333333 -1.28 2.84392e-06
0.333333 -1.24 2.85957e-06
0.333333 -1.2 3.02133e-06
0.333333 -1.16 2.85435e-06
0.333333 -1.12 2.88566e-06
0.333333 -1.08 2.88044e-06
0.333333 -1.04 2.88044e-06
0.333333 -1 2.92219e-06
0.333333 -0.96 2.90132e-06
0.333333 -0.92 2.85957e-06
0.333333 -0.88 2.85957e-06
0.333333 -0.84 2.82304e-06
0.333333 -0.8 2.77086e-06
0.333333 -0.76 2.80217e-06
0.333333 -0.72 2.76043e-06
0.333333 -0.68 2.73955e-06
0.333333 -0.64 2.7239e-06
0.333333 -0.6 2.7239e-06
0.333333 -0.56 2.76043e-06
0.333333 -0.52 2.75521e-06
0.333333 -0.48 2.73433e-06
0.333333 -0.44 2.76043e-06
0.333333 -0.4 2.73955e-06
0.333333 -0.36 2.73955e-06
0.333333 -0.32 2.74477e-06
0.333333 -0.28 2.72912e-06
0.333333 -0.24 2.71346e-06
0.333333 -0.2 2.67693e-06
0.333333 -0.16 2.62997e-06
0.333333 -0.12 2.5517e-06
0.333333 -0.08 2.47864e-06
0.333333 -0.04 2.42124e-06
0.333333 0 2.3795e-06
0.333333 0.04 2.35862e-06
0.333333 0.08 2.33775e-06
0.333333 0.12 2.31688e-06
0.333333 0.16 2.30644e-06
0.333333 0.2 2.29601e-06
0.333333 0.24 2.28557e-06
0.333333 0.28 2.27513e-06
0.333333 0.32 2.2647e-06
0.333333 0.36 2.25426e-06
0.333333 0.4 2.24382e-06
0.333333 0.44 2.22817e-06
0.333333 0.48 2.22295e-06
0.333333 0.52 2.2073e-06
0.333333 0.56 2.19686e-06
0.333333 0.6 2.18121e-06
0.333333 0.64 2.18121e-06
0.333333 0.68 2.17077e-06
0.333333 0.72 2.16033e-06
0.333333 0.76 2.1499e-06
0.333333 0.8 2.1499e-06
0.333333 0.84 2.13946e-06
0.333333 0.88 2.12902e-06
0.333333 0.92 2.12902e-06
0.333333 0.96 2.11859e-06
0.333333 1 0
0.333333 1.04 0
0.333333 1.08 0
0.333333 1.12 0
0.333333 1.16 0
0.333333 1.2 0
0.333333 1.24 0
0.333333 1.28 0
0.333333 1.32 0
0.333333 1.36 0
0.333333 1.4 0
0.333333 1.44 0
0.333333 1.48 0
0.333333 1.52 0
0.333333 1.56 0
0.333333 1.6 0
0.333333 1.64 0
0.333333 1.68 0
0.333333 1.72 0
0.333333 1.76 0
0.333333 1.8 0
0.333333 1.84 0
0.333333 1.88 0
0.333333 1.92 0
0.333333 1.96 0
0.333333 2 0
0.333333 2.04 0
0.333333 2.08 0
0.333333 2.12 0
0.333333 2.16 0
0.333333 2.2 0
0.333333 2.24 0
0.333333 2.28 0
0.333333 2.32 0
0.333333 2.36 0
0.333333 2.4 0
0.333333 2.44 0
0.333333 2.48 0
0.333333 2.52 0
0.333333 2.56 0
0.333333 2.6 0
0.333333 2.64 0
0.333333 2.68 0
0.333333 2.72 0
0.333333 2.76 0
0.333333 2.8 0
0.333333 2.84 0
0.333333 2.88 0
0.333333 2.92 0
0.333333 2.96 0
0.333333 3 0
0.333333 3.04 0
0.333333 3.08 0
0.333333 3.12 0
0.333333 3.16 0
0.333333 3.2 0
0.333333 3.24 0
0.333333 3.28 0
0.333333 3.32 0
0.333333 3.36 0
0.333333 3.4 0
0.333333 3.44 0
0.333333 3.48 0
0.333333 3.52 0
0.333333 3.56 0
0.333333 3.6 0
0.333333 3.64 0
0.333333 3.68 0
0.333333 3.72 0
0.333333 3.76 0
0.333333 3.8 0
0.333333 3.84 0
0.333333 3.88 0
0.333333 3.92 0
0.333333 3.96 0
0.333333 4 0
0.35 -4 4.12156e-06
0.35 -3.96 3.47999e-06
0.35 -3.92 4.09842e-06
0.35 -3.88 4.10852e-06
0.35 -3.84 3.78627e-06
0.35 -3.8 4.04622e-06
0.35 -3.76 3.45025e-06
0.35 -3.72 3.88039e-06
0.35 -3.68 4.08621e-06
0.35 -3.64 3.89339e-06
0.35 -3.6 4.0568e-06
0.35 -3.56 3.68391e-06
0.35 -3.52 3.9439e-06
0.35 -3.48 3.57073e-06
0.35 -3.44 3.75199e-06
0.35 -3.4 3.66234e-06
0.35 -3.36 3.66123e-06
0.35 -3.32 3.31886e-06
0.35 -3.28 3.4989e-06
0.35 -3.24 3.53103e-06
0.35 -3.2 3.54615e-06
0.35 -3.16 3.46409e-06
0.35 -3.12 3.59404e-06
0.35 -3.08 3.31341e-06
0.35 -3.04 3.42343e-06
0.35 -3 3.43274e-06
0.35 -2.96 3.47287e-06
0.35 -2.92 3.5567e-06
0.35 -2.88 3.44743e-06
0.35 -2.84 3.5209e-06
0.35 -2.8 3.3966e-06
0.35 -2.76 3.35794e-06
0.35 -2.72 3.28497e-06
0.35 -2.68 3.31934e-06
0.35 -2.64 3.1967e-06
0.35 -2.6 3.18045e-06
0.35 -2.56 3.33662e-06
0.35 -2.52 3.17659e-06
0.35 -2.48 3.29154e-06
0.35 -2.44 3.40092e-06
0.35 -2.4 3.32266e-06
0.35 -2.36 3.21597e-06
0.35 -2.32 3.14139e-06
0.35 -2.28 3.08862e-06
0.35 -2.24 3.13143e-06
0.35 -2.2 3.26485e-06
0.35 -2.16 3.16352e-06
0.35 -2.12 2.93394e-06
0.35 -2.08 2.98947e-06
0.35 -2.04 3.0045e-06
0.35 -2 3.11706e-06
0.35 -1.96 2.97949e-06
0.35 -1.92 2.90935e-06
0.35 -1.88 2.94292e-06
0.35 -1.84 2.94994e-06
0.35 -1.8 2.9786e-06
0.35 -1.76 2.92408e-06
0.35 -1.72 3.05648e-06
0.35 -1.68 2.83734e-06
0.35 -1.64 2.88387e-06
0.35 -1.6 2.89254e-06
0.35 -1.56 2.83473e-06
0.35 -1.52 2.85888e-06
0.35 -1.48 2.90067e-06
0.35 -1.44 2.74761e-06
0.35 -1.4 2.8327e-06
0.35 -1.36 2.83132e-06
0.35 -1.32 2.82703e-06
0.35 -1.28 2.7877e-06
0.35 -1.24 2.87698e-06
0.35 -1.2 2.97099e-06
0.35 -1.16 2.77392e-06
0.35 -1.12 2.86447e-06
0.35 -1.08 2.88542e-06
0.35 -1.04 2.90839e-06
0.35 -1 2.91948e-06
0.35 -0.96 2.89305e-06
0.35 -0.92 2.82663e-06
0.35 -0.88 2.81218e-06
0.35 -0.84 2.79345e-06
0.35 -0.8 2.77566e-06
0.35 -0.76 2.78168e-06
0.35 -0.72 2.75253e-06
0.35 -0.68 2.73568e-06
0.35 -0.64 2.69029e-06
0.35 -0.6 2.72513e-06
0.35 -0.56 2.74296e-06
0.35 -0.52 2.76763e-06
0.35 -0.48 2.72177e-06
0.35 -0.44 2.7414e-06
0.35 -0.4 2.72659e-06
0.35 -0.36 2.72563e-06
0.35 -0.32 2.73037e-06
0.35 -0.28 2.71253e-06
0.35 -0.24 2.69723e-06
0.35 -0.2 2.66258e-06
0.35 -0.16 2.61888e-06
0.35 -0.12 2.54231e-06
0.35 -0.08 2.46838e-06
0.35 -0.04 2.40963e-06
0.35 0 2.36605e-06
0.35 0.04 2.34518e-06
0.35 0.08 2.32431e-06
0.35 0.12 2.30439e-06
0.35 0.16 2.29396e-06
0.35 0.2 2.28352e-06
0.35 0.24 2.27308e-06
0.35 0.28 2.26265e-06
0.35 0.32 2.25221e-06
0.35 0.36 2.24178e-06
0.35 0.4 2.23134e-06
0.35 0.44 2.21477e-06
0.35 0.48 2.20863e-06
0.35 0.52 2.19346e-06
0.35 0.56 2.18302e-06
0.35 0.6 2.16785e-06
0.35 0.64 2.16785e-06
0.35 0.68 2.15741e-06
0.35 0.72 2.14698e-06
0.35 0.76 2.13654e-06
0.35 0.8 2.13654e-06
0.35 0.84 2.1261e-06
0.35 0.88 2.11567e-06
0.35 0.92 2.11567e-06
0.35 0.96 2.10523e-06
0.35 1 0
0.35 1.04 0
0.35 1.08 0
0.35 1.12 0
0.35 1.16 0
0.35 1.2 0
0.35 1.24 0
0.35 1.28 0
0.35 1.32 0
0.35 1.36 0
0.35 1.4 0
0.35 1.44 0
0.35 1.48 0
0.35 1.52 0
0.35 1.56 0
0.35 1.6 0
0.35 1.64 0
0.35 1.68 0
0.35 1.72 0
0.35 1.76 0
0.35 1.8 0
0.35 1.84 0
0.35 1.88 0
0.35 1.92 0
0.35 1.96 0
0.35 2 0
0.35 2.04 0
0.35 2.08 0
0.35 2.12 0
0.35 2.16 0
0.35 2.2 0
0.35 2.24 0
0.35 2.28 0
0.35 2.32 0
0.35 2.36 0
0.35 2.4 0
0.35 2.44 0
0.35 2.48 0
0.35 2.52 0
0.35 2.56 0
0.35 2.6 0
0.35 2.64 0
0.35 2.68 0
0.35 2.72 0
0.35 2.76 0
0.35 2.8 0
0.35 2.84 0
0.35 2.88 0
0.35 2.92 0
0.35 2.96 0
0.35 3 0
0.35 3.04 0
0.35 3.08 0
0.35 3.12 0
0.35 3.16 0
0.35 3.2 0
0.35 3.24 0
0.35 3.28 0
0.35 3.32 0
0.35 3.36 0
0.35 3.4 0
0.35 3.44 0
0.35 3.48 0
0.35 3.52 0
0.35 3.56 0
0.35 3.6 0
0.35 3.64 0
0.35 3.68 0
0.35 3.72 0
0.35 3.76 0
0.35 3.8 0
0.35 3.84 0
0.35 3.88 0
0.35 3.92 0
0.35 3.96 0
0.35 4 0
0.366667 -4 3.9613e-06
0.366667 -3.96 3.47969e-06
0.366667 -3.92 4.05465e-06
0.366667 -3.88 4.1805e-06
0.366667 -3.84 3.99594e-06
0.366667 -3.8 3.95062e-06
0.366667 -3.76 3.72579e-06
0.366667 -3.72 3.83945e-06
0.366667 -3.68 4.01162e-06
0.366667 -3.64 3.74606e-06
0.366667 -3.6 4.19079e-06
0.366667 -3.56 3.66435e-06
0.366667 -3.52 3.82867e-06
0.366667 -3.48 3.55225e-06
0.366667 -3.44 3.82941e-06
0.366667 -3.4 3.51167e-06
0.366667 -3.36 3.54332e-06
0.366667 -3.32 3.36578e-06
0.366667 -3.28 3.4898e-06
0.366667 -3.24 3.58107e-06
0.366667 -3.2 3.41527e-06
0.366667 -3.16 3.47536e-06
0.366667 -3.12 3.63702e-06
0.366667 -3.08 3.50067e-06
0.366667 -3.04 3.33702e-06
0.366667 -3 3.33249e-06
0.366667 -2.96 3.38672e-06
0.366667 -2.92 3.58617e-06
0.366667 -2.88 3.44529e-06
0.366667 -2.84 3.37128e-06
0.366667 -2.8 3.38323e-06
0.366667 -2.76 3.35868e-06
0.366667 -2.72 3.30942e-06
0.366667 -2.68 3.28335e-06
0.366667 -2.64 3.22163e-06
0.366667 -2.6 3.10034e-06
0.366667 -2.56 3.32362e-06
0.366667 -2.52 3.19967e-06
0.366667 -2.48 3.32014e-06
0.366667 -2.44 3.29197e-06
0.366667 -2.4 3.23347e-06
0.366667 -2.36 3.10375e-06
0.366667 -2.32 3.10562e-06
0.366667 -2.28 3.12796e-06
0.366667 -2.24 3.10927e-06
0.366667 -2.2 3.18288e-06
0.366667 -2.16 3.20785e-06
0.366667 -2.12 2.91137e-06
0.366667 -2.08 2.88542e-06
0.366667 -2.04 3.00217e-06
0.366667 -2 3.08475e-06
0.366667 -1.96 2.99633e-06
0.366667 -1.92 2.9196e-06
0.366667 -1.88 2.98762e-06
0.366667 -1.84 2.93283e-06
0.366667 -1.8 2.89278e-06
0.366667 -1.76 2.94386e-06
0.366667 -1.72 3.00241e-06
0.366667 -1.68 2.80799e-06
0.366667 -1.64 2.84543e-06
0.366667 -1.6 2.81959e-06
0.366667 -1.56 2.81653e-06
0.366667 -1.52 2.81469e-06
0.366667 -1.48 2.91264e-06
0.366667 -1.44 2.74757e-06
0.366667 -1.4 2.80116e-06
0.366667 -1.36 2.83181e-06
0.366667 -1.32 2.79298e-06
0.366667 -1.28 2.73963e-06
0.366667 -1.24 2.90928e-06
0.366667 -1.2 2.89674e-06
0.366667 -1.16 2.71558e-06
0.366667 -1.12 2.84074e-06
0.366667 -1.08 2.89511e-06
0.366667 -1.04 2.89932e-06
0.366667 -1 2.90471e-06
0.366667 -0.96 2.88022e-06
0.366667 -0.92 2.77691e-06
0.366667 -0.88 2.76316e-06
0.366667 -0.84 2.78851e-06
0.366667 -0.8 2.77952e-06
0.366667 -0.76 2.76088e-06
0.366667 -0.72 2.7429e-06
0.366667 -0.68 2.72156e-06
0.366667 -0.64 2.67342e-06
0.366667 -0.6 2.71987e-06
0.366667 -0.56 2.7135e-06
0.366667 -0.52 2.76629e-06
0.366667 -0.48 2.70875e-06
0.366667 -0.44 2.72147e-06
0.366667 -0.4 2.71232e-06
0.366667 -0.36 2.71037e-06
0.366667 -0.32 2.71461e-06
0.366667 -0.28 2.69497e-06
0.366667 -0.24 2.67978e-06
0.366667 -0.2 2.64696e-06
0.366667 -0.16 2.60645e-06
0.366667 -0.12 2.53211e-06
0.366667 -0.08 2.45748e-06
0.366667 -0.04 2.39752e-06
0.366667 0 2.35224e-06
0.366667 0.04 2.33137e-06
0.366667 0.08 2.3105e-06
0.366667 0.12 2.29157e-06
0.366667 0.16 2.28114e-06
0.366667 0.2 2.2707e-06
0.366667 0.24 2.26026e-06
0.366667 0.28 2.24983e-06
0.366667 0.32 2.23939e-06
0.366667 0.36 2.22895e-06
0.366667 0.4 2.21852e-06
0.366667 0.44 2.2011e-06
0.366667 0.48 2.19411e-06
0.366667 0.52 2.17943e-06
0.366667 0.56 2.169e-06
0.366667 0.6 2.15432e-06
0.366667 0.64 2.15432e-06
0.366667 0.68 2.14388e-06
0.366667 0.72 2.13344e-06
0.366667 0.76 2.12301e-06
0.366667 0.8 2.12301e-06
0.366667 0.84 2.11257e-06
0.366667 0.88 2.10213e-06
0.366667 0.92 2.10213e-06
0.366667 0.96 2.0917e-06
0.366667 1 0
0.366667 1.04 0
0.366667 1.08 0
0.366667 1.12 0
0.366667 1.16 0
0.366667 1.2 0
0.366667 1.24 0
0.366667 1.28 0
0.366667 1.32 0
0.366667 1.36 0
0.366667 1.4 0
0.366667 1.44 0
0.366667 1.48 0
0.366667 1.52 0
0.366667 1.56 0
0.366667 1.6 0
0.366667 1.64 0
0.366667 1.68 0
0.366667 1.72 0
0.366667 1.76 0
0.366667 1.8 0
0.366667 1.84 0
0.366667 1.88 0
0.366667 1.92 0
0.366667 1.96 0
0.366667 2 0
0.366667 2.04 0
0.366667 2.08 0
0.366667 2.12 0
0.366667 2.16 0
0.366667 2.2 0
0.366667 2.24 0
0.366667 2.28 0
0.366667 2.32 0
0.366667 2.36 0
0.366667 2.4 0
0.366667 2.44 0
0.366667 2.48 0
0.366667 2.52 0
0.366667 2.56 0
0.366667 2.6 0
0.366667 2.64 0
0.366667 2.68 0
0.366667 2.72 0
0.366667 2.76 0
0.366667 2.8 0
0.366667 2.84 0
0.366667 2.88 0
0.366667 2.92 0
0.366667 2.96 0
0.366667 3 0
0.366667 3.04 0
0.366667 3.08 0
0.366667 3.12 0
0.366667 3.16 0
0.366667 3.2 0
0.366667 3.24 0
0.366667 3.28 0
0.366667 3.32 0
0.366667 3.36 0
0.366667 3.4 0
0.366667 3.44 0
0.366667 3.48 0
0.366667 3.52 0
0.366667 3.56 0
0.366667 3.6 0
0.366667 3.64 0
0.366667 3.68 0
0.366667 3.72 0
0.366667 3.76 0
0.366667 3.8 0
0.366667 3.84 0
0.366667 3.88 0
0.366667 3.92 0
0.366667 3.96 0
0.366667 4 0
0.383333 -4 3.8116e-06
0.383333 -3.96 3.62314e-06
0.383333 -3.92 3.94027e-06
0.383333 -3.88 4.12747e-06
0.383333 -3.84 4.13222e-06
0.383333 -3.8 3.80687e-06
0.383333 -3.76 4.03885e-06
0.383333 -3.72 3.6588e-06
0.383333 -3.68 3.86904e-06
0.383333 -3.64 3.60104e-06
0.383333 -3.6 4.03599e-06
0.383333 -3.56 3.70408e-06
0.383333 -3.52 3.73229e-06
0.383333 -3.48 3.51748e-06
0.383333 -3.44 3.79558e-06
0.383333 -3.4 3.45733e-06
0.383333 -3.36 3.41467e-06
0.383333 -3.32 3.57031e-06
0.383333 -3.28 3.49311e-06
0.383333 -3.24 3.61717e-06
0.383333 -3.2 3.49029e-06
0.383333 -3.16 3.55837e-06
0.383333 -3.12 3.61858e-06
0.383333 -3.08 3.64234e-06
0.383333 -3.04 3.21971e-06
0.383333 -3 3.25352e-06
0.383333 -2.96 3.2568e-06
0.383333 -2.92 3.51306e-06
0.383333 -2.88 3.41304e-06
0.383333 -2.84 3.34173e-06
0.383333 -2.8 3.3599e-06
0.383333 -2.76 3.37573e-06
0.383333 -2.72 3.33118e-06
0.383333 -2.68 3.26217e-06
0.383333 -2.64 3.23358e-06
0.383333 -2.6 3.13228e-06
0.383333 -2.56 3.26084e-06
0.383333 -2.52 3.22521e-06
0.383333 -2.48 3.34016e-06
0.383333 -2.44 3.1558e-06
0.383333 -2.4 3.0653e-06
0.383333 -2.36 3.00965e-06
0.383333 -2.32 3.04652e-06
0.383333 -2.28 3.17041e-06
0.383333 -2.24 3.02416e-06
0.383333 -2.2 3.06404e-06
0.383333 -2.16 3.21165e-06
0.383333 -2.12 2.95262e-06
0.383333 -2.08 2.82569e-06
0.383333 -2.04 2.99878e-06
0.383333 -2 3.00286e-06
0.383333 -1.96 2.95079e-06
0.383333 -1.92 2.92733e-06
0.383333 -1.88 3.01611e-06
0.383333 -1.84 2.85981e-06
0.383333 -1.8 2.82059e-06
0.383333 -1.76 2.94803e-06
0.383333 -1.72 2.88753e-06
0.383333 -1.68 2.8158e-06
0.383333 -1.64 2.81739e-06
0.383333 -1.6 2.73018e-06
0.383333 -1.56 2.81485e-06
0.383333 -1.52 2.78849e-06
0.383333 -1.48 2.88738e-06
0.383333 -1.44 2.7388e-06
0.383333 -1.4 2.81212e-06
0.383333 -1.36 2.82424e-06
0.383333 -1.32 2.78076e-06
0.383333 -1.28 2.6996e-06
0.383333 -1.24 2.93636e-06
0.383333 -1.2 2.83941e-06
0.383333 -1.16 2.72219e-06
0.383333 -1.12 2.81195e-06
0.383333 -1.08 2.893e-06
0.383333 -1.04 2.84336e-06
0.383333 -1 2.87734e-06
0.383333 -0.96 2.85434e-06
0.383333 -0.92 2.73402e-06
0.383333 -0.88 2.72982e-06
0.383333 -0.84 2.79727e-06
0.383333 -0.8 2.77414e-06
0.383333 -0.76 2.74366e-06
0.383333 -0.72 2.7263e-06
0.383333 -0.68 2.7014e-06
0.383333 -0.64 2.67411e-06
0.383333 -0.6 2.69844e-06
0.383333 -0.56 2.68265e-06
0.383333 -0.52 2.74602e-06
0.383333 -0.48 2.69604e-06
0.383333 -0.44 2.70339e-06
0.383333 -0.4 2.69675e-06
0.383333 -0.36 2.6938e-06
0.383333 -0.32 2.69754e-06
0.383333 -0.28 2.67647e-06
0.383333 -0.24 2.66115e-06
0.383333 -0.2 2.63012e-06
0.383333 -0.16 2.59266e-06
0.383333 -0.12 2.5211e-06
0.383333 -0.08 2.44593e-06
0.383333 -0.04 2.38493e-06
0.383333 0 2.33811e-06
0.383333 0.04 2.31724e-06
0.383333 0.08 2.29636e-06
0.383333 0.12 2.27845e-06
0.383333 0.16 2.26801e-06
0.383333 0.2 2.25757e-06
0.383333 0.24 2.24714e-06
0.383333 0.28 2.2367e-06
0.383333 0.32 2.22627e-06
0.383333 0.36 2.21583e-06
0.383333 0.4 2.20539e-06
0.383333 0.44 2.1872e-06
0.383333 0.48 2.17944e-06
0.383333 0.52 2.16527e-06
0.383333 0.56 2.15483e-06
0.383333 0.6 2.14066e-06
0.383333 0.64 2.14066e-06
0.383333 0.68 2.13022e-06
0.383333 0.72 2.11978e-06
0.383333 0.76 2.10935e-06
0.383333 0.8 2.10935e-06
0.383333 0.84 2.09891e-06
0.383333 0.88 2.08847e-06
0.383333 0.92 2.08847e-06
0.383333 0.96 2.07804e-06
0.383333 1 0
0.383333 1.04 0
0.383333 1.08 0
0.383333 1.12 0
0.383333 1.16 0
0.383333 1.2 0
0.383333 1.24 0
0.383333 1.28 0
0.383333 1.32 0
0.383333 1.36 0
0.383333 1.4 0
0.383333 1.44 0
0.383333 1.48 0
0.383333 1.52 0
0.383333 1.56 0
0.383333 1.6 0
0.383333 1.64 0
0.383333 1.68 0
0.383333 1.72 0
0.383333 1.76 0
0.383333 1.8 0
0.383333 1.84 0
0.383333 1.88 0
0.383333 1.92 0
0.383333 1.96 0
0.383333 2 0
0.383333 2.04 0
0.383333 2.08 0
0.383333 2.12 0
0.383333 2.16 0
0.383333 2.2 0
0.383333 2.24 0
0.383333 2.28 0
0.383333 2.32 0
0.383333 2.36 0
0.383333 2.4 0
0.383333 2.44 0
0.383333 2.48 0
0.383333 2.52 0
0.383333 2.56 0
0.383333 2.6 0
0.383333 2.64 0
0.383333 2.68 0
0.383333 2.72 0
0.383333 2.76 0
0.383333 2.8 0
0.383333 2.84 0
0.383333 2.88 0
0.383333 2.92 0
0.383333 2.96 0
0.383333 3 0
0.383333 3.04 0
0.383333 3.08 0
0.383333 3.12 0
0.383333 3.16 0
0.383333 3.2 0
0.383333 3.24 0
0.383333 3.28 0
0.383333 3.32 0
0.383333 3.36 0
0.383333 3.4 0
0.383333 3.44 0
0.383333 3.48 0
0.383333 3.52 0
0.383333 3.56 0
0.383333 3.6 0
0.383333 3.64 0
0.383333 3.68 0
0.383333 3.72 0
0.383333 3.76 0
0.383333 3.8 0
0.383333 3.84 0
0.383333 3.88 0
0.383333 3.92 0
0.383333 3.96 0
0.383333 4 0
0.4 -4 3.85696e-06
0.4 -3.96 3.82841e-06
0.4 -3.92 3.85146e-06
0.4 -3.88 3.91425e-06
0.4 -3.84 4.05062e-06
0.4 -3.8 3.72093e-06
0.4 -3.76 3.77464e-06
0.4 -3.72 3.48213e-06
0.4 -3.68 3.8225e-06
0.4 -3.64 3.54616e-06
0.4 -3.6 3.75594e-06
0.4 -3.56 3.71589e-06
0.4 -3.52 3.65469e-06
0.4 -3.48 3.53391e-06
0.4 -3.44 3.6565e-06
0.4 -3.4 3.49445e-06
0.4 -3.36 3.36363e-06
0.4 -3.32 3.73818e-06
0.4 -3.28 3.45129e-06
0.4 -3.24 3.52593e-06
0.4 -3.2 3.62508e-06
0.4 -3.16 3.6769e-06
0.4 -3.12 3.59993e-06
0.4 -3.08 3.61617e-06
0.4 -3.04 3.19647e-06
0.4 -3 3.22415e-06
0.4 -2.96 3.16668e-06
0.4 -2.92 3.3325e-06
0.4 -2.88 3.33696e-06
0.4 -2.84 3.39653e-06
0.4 -2.8 3.30547e-06
0.4 -2.76 3.30688e-06
0.4 -2.72 3.30899e-06
0.4 -2.68 3.21289e-06
0.4 -2.64 3.1865e-06
0.4 -2.6 3.1549e-06
0.4 -2.56 3.16153e-06
0.4 -2.52 3.24274e-06
0.4 -2.48 3.32225e-06
0.4 -2.44 3.09598e-06
0.4 -2.4 3.05025e-06
0.4 -2.36 2.99267e-06
0.4 -2.32 3.01155e-06
0.4 -2.28 3.16704e-06
0.4 -2.24 2.93081e-06
0.4 -2.2 2.99209e-06
0.4 -2.16 3.15802e-06
0.4 -2.12 2.98042e-06
0.4 -2.08 2.88936e-06
0.4 -2.04 2.97643e-06
0.4 -2 2.94665e-06
0.4 -1.96 2.85576e-06
0.4 -1.92 2.92994e-06
0.4 -1.88 2.94465e-06
0.4 -1.84 2.76412e-06
0.4 -1.8 2.79068e-06
0.4 -1.76 2.91458e-06
0.4 -1.72 2.79162e-06
0.4 -1.68 2.83061e-06
0.4 -1.64 2.8105e-06
0.4 -1.6 2.66251e-06
0.4 -1.56 2.79655e-06
0.4 -1.52 2.79209e-06
0.4 -1.48 2.86333e-06
0.4 -1.44 2.70842e-06
0.4 -1.4 2.84e-06
0.4 -1.36 2.77966e-06
0.4 -1.32 2.78658e-06
0.4 -1.28 2.66885e-06
0.4 -1.24 2.93762e-06
0.4 -1.2 2.82481e-06
0.4 -1.16 2.76448e-06
0.4 -1.12 2.77937e-06
0.4 -1.08 2.87149e-06
0.4 -1.04 2.77339e-06
0.4 -1 2.84094e-06
0.4 -0.96 2.81637e-06
0.4 -0.92 2.71752e-06
0.4 -0.88 2.71875e-06
0.4 -0.84 2.80119e-06
0.4 -0.8 2.75498e-06
0.4 -0.76 2.72966e-06
0.4 -0.72 2.70157e-06
0.4 -0.68 2.68468e-06
0.4 -0.64 2.68392e-06
0.4 -0.6 2.6678e-06
0.4 -0.56 2.66059e-06
0.4 -0.52 2.71125e-06
0.4 -0.48 2.68316e-06
0.4 -0.44 2.68838e-06
0.4 -0.4 2.67994e-06
0.4 -0.36 2.67595e-06
0.4 -0.32 2.67918e-06
0.4 -0.28 2.65707e-06
0.4 -0.24 2.64142e-06
0.4 -0.2 2.6121e-06
0.4 -0.16 2.57757e-06
0.4 -0.12 2.50926e-06
0.4 -0.08 2.43374e-06
0.4 -0.04 2.37188e-06
0.4 0 2.32369e-06
0.4 0.04 2.30282e-06
0.4 0.08 2.28194e-06
0.4 0.12 2.26506e-06
0.4 0.16 2.25462e-06
0.4 0.2 2.24418e-06
0.4 0.24 2.23375e-06
0.4 0.28 2.22331e-06
0.4 0.32 2.21287e-06
0.4 0.36 2.20244e-06
0.4 0.4 2.192e-06
0.4 0.44 2.17312e-06
0.4 0.48 2.16468e-06
0.4 0.52 2.15102e-06
0.4 0.56 2.14058e-06
0.4 0.6 2.12692e-06
0.4 0.64 2.12692e-06
0.4 0.68 2.11648e-06
0.4 0.72 2.10605e-06
0.4 0.76 2.09561e-06
0.4 0.8 2.09561e-06
0.4 0.84 2.08517e-06
0.4 0.88 2.07474e-06
0.4 0.92 2.07474e-06
0.4 0.96 2.0643e-06
0.4 1 0
0.4 1.04 0
0.4 1.08 0
0.4 1.12 0
0.4 1.16 0
0.4 1.2 0
0.4 1.24 0
0.4 1.28 0
0.4 1.32 0
0.4 1.36 0
0.4 1.4 0
0.4 1.44 0
0.4 1.48 0
0.4 1.52 0
0.4 1.56 0
0.4 1.6 0
0.4 1.64 0
0.4 1.68 0
0.4 1.72 0
0.4 1.76 0
0.4 1.8 0
0.4 1.84 0
0.4 1.88 0
0.4 1.92 0
0.4 1.96 0
0.4 2 0
0.4 2.04 0
0.4 2.08 0
0.4 2.12 0
0.4 2.16 0
0.4 2.2 0
0.4 2.24 0
0.4 2.28 0
0.4 2.32 0
0.4 2.36 0
0.4 2.4 0
0.4 2.44 0
0.4 2.48 0
0.4 2.52 0
0.4 2.56 0
0.4 2.6 0
0.4 2.64 0
0.4 2.68 0
0.4 2.72 0
0.4 2.76 0
0.4 2.8 0
0.4 2.84 0
0.4 2.88 0
0.4 2.92 0
0.4 2.96 0
0.4 3 0
0.4 3.04 0
0.4 3.08 0
0.4 3.12 0
0.4 3.16 0
0.4 3.2 0
0.4 3.24 0
0.4 3.28 0
0.4 3.32 0
0.4 3.36 0
0.4 3.4 0
0.4 3.44 0
0.4 3.48 0
0.4 3.52 0
0.4 3.56 0
0.4 3.6 0
0.4 3.64 0
0.4 3.68 0
0.4 3.72 0
0.4 3.76 0
0.4 3.8 0
0.4 3.84 0
0.4 3.88 0
0.4 3.92 0
0.4 3.96 0
0.4 4 0
0.416667 -4 4.00314e-06
0.416667 -3.96 3.94391e-06
0.416667 -3.92 3.82387e-06
0.416667 -3.88 3.67507e-06
0.416667 -3.84 3.79668e-06
0.416667 -3.8 3.66201e-06
0.416667 -3.76 3.22633e-06
0.416667 -3.72 3.4287e-06
0.416667 -3.68 3.79902e-06
0.416667 -3.64 3.57229e-06
0.416667 -3.6 3.5892e-06
0.416667 -3.56 3.67453e-06
0.416667 -3.52 3.59458e-06
0.416667 -3.48 3.60834e-06
0.416667 -3.44 3.50556e-06
0.416667 -3.4 3.53948e-06
0.416667 -3.36 3.394e-06
0.416667 -3.32 3.67722e-06
0.416667 -3.28 3.39091e-06
0.416667 -3.24 3.3667e-06
0.416667 -3.2 3.6473e-06
0.416667 -3.16 3.65271e-06
0.416667 -3.12 3.61587e-06
0.416667 -3.08 3.511e-06
0.416667 -3.04 3.30267e-06
0.416667 -3 3.2368e-06
0.416667 -2.96 3.15362e-06
0.416667 -2.92 3.15778e-06
0.416667 -2.88 3.2152e-06
0.416667 -2.84 3.39794e-06
0.416667 -2.8 3.24947e-06
0.416667 -2.76 3.13214e-06
0.416667 -2.72 3.2376e-06
0.416667 -2.68 3.12162e-06
0.416667 -2.64 3.09819e-06
0.416667 -2.6 3.0926e-06
0.416667 -2.56 3.07731e-06
0.416667 -2.52 3.23712e-06
0.416667 -2.48 3.2489e-06
0.416667 -2.44 3.10331e-06
0.416667 -2.4 3.19372e-06
0.416667 -2.36 2.98514e-06
0.416667 -2.32 3.00831e-06
0.416667 -2.28 3.10019e-06
0.416667 -2.24 2.88801e-06
0.416667 -2.2 2.95716e-06
0.416667 -2.16 3.085e-06
0.416667 -2.12 2.91616e-06
0.416667 -2.08 2.97782e-06
0.416667 -2.04 2.94876e-06
0.416667 -2 2.9508e-06
0.416667 -1.96 2.76786e-06
0.416667 -1.92 2.92045e-06
0.416667 -1.88 2.84018e-06
0.416667 -1.84 2.707e-06
0.416667 -1.8 2.81732e-06
0.416667 -1.76 2.85449e-06
0.416667 -1.72 2.78515e-06
0.416667 -1.68 2.81925e-06
0.416667 -1.64 2.82037e-06
0.416667 -1.6 2.65243e-06
0.416667 -1.56 2.74881e-06
0.416667 -1.52 2.80861e-06
0.416667 -1.48 2.86825e-06
0.416667 -1.44 2.66818e-06
0.416667 -1.4 2.8464e-06
0.416667 -1.36 2.72789e-06
0.416667 -1.32 2.79145e-06
0.416667 -1.28 2.65401e-06
0.416667 -1.24 2.89307e-06
0.416667 -1.2 2.8402e-06
0.416667 -1.16 2.78658e-06
0.416667 -1.12 2.74778e-06
0.416667 -1.08 2.83267e-06
0.416667 -1.04 2.72956e-06
0.416667 -1 2.801e-06
0.416667 -0.96 2.77648e-06
0.416667 -0.92 2.72551e-06
0.416667 -0.88 2.72246e-06
0.416667 -0.84 2.78677e-06
0.416667 -0.8 2.72345e-06
0.416667 -0.76 2.71571e-06
0.416667 -0.72 2.67285e-06
0.416667 -0.68 2.67587e-06
0.416667 -0.64 2.68953e-06
0.416667 -0.6 2.64518e-06
0.416667 -0.56 2.65036e-06
0.416667 -0.52 2.67348e-06
0.416667 -0.48 2.66884e-06
0.416667 -0.44 2.67564e-06
0.416667 -0.4 2.66192e-06
0.416667 -0.36 2.65689e-06
0.416667 -0.32 2.65959e-06
0.416667 -0.28 2.63684e-06
0.416667 -0.24 2.62064e-06
0.416667 -0.2 2.59297e-06
0.416667 -0.16 2.5612e-06
0.416667 -0.12 2.49659e-06
0.416667 -0.08 2.42093e-06
0.416667 -0.04 2.3584e-06
0.416667 0 2.30902e-06
0.416667 0.04 2.28815e-06
0.416667 0.08 2.26727e-06
0.416667 0.12 2.25143e-06
0.416667 0.16 2.241e-06
0.416667 0.2 2.23056e-06
0.416667 0.24 2.22013e-06
0.416667 0.28 2.20969e-06
0.416667 0.32 2.19925e-06
0.416667 0.36 2.18882e-06
0.416667 0.4 2.17838e-06
0.416667 0.44 2.15891e-06
0.416667 0.48 2.14987e-06
0.416667 0.52 2.13673e-06
0.416667 0.56 2.12629e-06
0.416667 0.6 2.11316e-06
0.416667 0.64 2.11316e-06
0.416667 0.68 2.10272e-06
0.416667 0.72 2.09228e-06
0.416667 0.76 2.08185e-06
0.416667 0.8 2.08185e-06
0.416667 0.84 2.07141e-06
0.416667 0.88 2.06097e-06
0.416667 0.92 2.06097e-06
0.416667 0.96 2.05054e-06
0.416667 1 0
0.416667 1.04 0
0.416667 1.08 0
0.416667 1.12 0
0.416667 1.16 0
0.416667 1.2 0
0.416667 1.24 0
0.416667 1.28 0
0.416667 1.32 0
0.416667 1.36 0
0.416667 1.4 0
0.416667 1.44 0
0.416667 1.48 0
0.416667 1.52 0
0.416667 1.56 0
0.416667 1.6 0
0.416667 1.64 0
0.416667 1.68 0
0.416667 1.72 0
0.416667 1.76 0
0.416667 1.8 0
0.416667 1.84 0
0.416667 1.88 0
0.416667 1.92 0
0.416667 1.96 0
0.416667 2 0
0.416667 2.04 0
0.416667 2.08 0
0.416667 2.12 0
0.416667 2.16 0
0.416667 2.2 0
0.416667 2.24 0
0.416667 2.28 0
0.416667 2.32 0
0.416667 2.36 0
0.416667 2.4 0
0.416667 2.44 0
0.416667 2.48 0
0.416667 2.52 0
0.416667 2.56 0
0.416667 2.6 0
0.416667 2.64 0
0.416667 2.68 0
0.416667 2.72 0
0.416667 2.76 0
0.416667 2.8 0
0.416667 2.84 0
0.416667 2.88 0
0.416667 2.92 0
0.416667 2.96 0
0.416667 3 0
0.416667 3.04 0
0.416667 3.08 0
0.416667 3.12 0
0.416667 3.16 0
0.416667 3.2 0
0.416667 3.24 0
0.416667 3.28 0
0.416667 3.32 0
0.416667 3.36 0
0.416667 3.4 0
0.416667 3.44 0
0.416667 3.48 0
0.416667 3.52 0
0.416667 3.56 0
0.416667 3.6 0
0.416667 3.64 0
0.416667 3.68 0
0.416667 3.72 0
0.416667 3.76 0
0.416667 3.8 0
0.416667 3.84 0
0.416667 3.88 0
0.416667 3.92 0
0.416667 3.96 0
0.416667 4 0
0.433333 -4 4.04653e-06
0.433333 -3.96 3.90792e-06
0.433333 -3.92 3.84283e-06
0.433333 -3.88 3.62095e-06
0.433333 -3.84 3.60778e-06
0.433333 -3.8 3.5764e-06
0.433333 -3.76 3.19481e-06
0.433333 -3.72 3.49005e-06
0.433333 -3.68 3.64848e-06
0.433333 -3.64 3.6315e-06
0.433333 -3.6 3.59689e-06
0.433333 -3.56 3.64689e-06
0.433333 -3.52 3.56117e-06
0.433333 -3.48 3.69185e-06
0.433333 -3.44 3.46143e-06
0.433333 -3.4 3.56553e-06
0.433333 -3.36 3.42975e-06
0.433333 -3.32 3.43948e-06
0.433333 -3.28 3.37756e-06
0.433333 -3.24 3.32783e-06
0.433333 -3.2 3.55105e-06
0.433333 -3.16 3.47899e-06
0.433333 -3.12 3.63293e-06
0.433333 -3.08 3.47601e-06
0.433333 -3.04 3.44498e-06
0.433333 -3 3.26685e-06
0.433333 -2.96 3.17502e-06
0.433333 -2.92 3.11324e-06
0.433333 -2.88 3.08612e-06
0.433333 -2.84 3.30727e-06
0.433333 -2.8 3.228e-06
0.433333 -2.76 3.04866e-06
0.433333 -2.72 3.15009e-06
0.433333 -2.68 3.05746e-06
0.433333 -2.64 3.03645e-06
0.433333 -2.6 3.01704e-06
0.433333 -2.56 3.05895e-06
0.433333 -2.52 3.18476e-06
0.433333 -2.48 3.14276e-06
0.433333 -2.44 3.10625e-06
0.433333 -2.4 3.2576e-06
0.433333 -2.36 2.93712e-06
0.433333 -2.32 3.00336e-06
0.433333 -2.28 2.99759e-06
0.433333 -2.24 2.89926e-06
0.433333 -2.2 2.90881e-06
0.433333 -2.16 3.0154e-06
0.433333 -2.12 2.79541e-06
0.433333 -2.08 2.94793e-06
0.433333 -2.04 2.9161e-06
0.433333 -2 2.96134e-06
0.433333 -1.96 2.73669e-06
0.433333 -1.92 2.8895e-06
0.433333 -1.88 2.80514e-06
0.433333 -1.84 2.72061e-06
0.433333 -1.8 2.8804e-06
0.433333 -1.76 2.7981e-06
0.433333 -1.72 2.85179e-06
0.433333 -1.68 2.77781e-06
0.433333 -1.64 2.83063e-06
0.433333 -1.6 2.69201e-06
0.433333 -1.56 2.70348e-06
0.433333 -1.52 2.81352e-06
0.433333 -1.48 2.86646e-06
0.433333 -1.44 2.64383e-06
0.433333 -1.4 2.8226e-06
0.433333 -1.36 2.71231e-06
0.433333 -1.32 2.77628e-06
0.433333 -1.28 2.66005e-06
0.433333 -1.24 2.80536e-06
0.433333 -1.2 2.85214e-06
0.433333 -1.16 2.77887e-06
0.433333 -1.12 2.72262e-06
0.433333 -1.08 2.78322e-06
0.433333 -1.04 2.72045e-06
0.433333 -1 2.76259e-06
0.433333 -0.96 2.74641e-06
0.433333 -0.92 2.73717e-06
0.433333 -0.88 2.72561e-06
0.433333 -0.84 2.75344e-06
0.433333 -0.8 2.68586e-06
0.433333 -0.76 2.69997e-06
0.433333 -0.72 2.64698e-06
0.433333 -0.68 2.66939e-06
0.433333 -0.64 2.67955e-06
0.433333 -0.6 2.64196e-06
0.433333 -0.56 2.64682e-06
0.433333 -0.52 2.64472e-06
0.433333 -0.48 2.65192e-06
0.433333 -0.44 2.6627e-06
0.433333 -0.4 2.64279e-06
0.433333 -0.36 2.63669e-06
0.433333 -0.32 2.63886e-06
0.433333 -0.28 2.61583e-06
0.433333 -0.24 2.59892e-06
0.433333 -0.2 2.5728e-06
0.433333 -0.16 2.54362e-06
0.433333 -0.12 2.48309e-06
0.433333 -0.08 2.4075e-06
0.433333 -0.04 2.34452e-06
0.433333 0 2.29414e-06
0.433333 0.04 2.27327e-06
0.433333 0.08 2.2524e-06
0.433333 0.12 2.23762e-06
0.433333 0.16 2.22719e-06
0.433333 0.2 2.21675e-06
0.433333 0.24 2.20631e-06
0.433333 0.28 2.19588e-06
0.433333 0.32 2.18544e-06
0.433333 0.36 2.175e-06
0.433333 0.4 2.16457e-06
0.433333 0.44 2.1446e-06
0.433333 0.48 2.13506e-06
0.433333 0.52 2.12246e-06
0.433333 0.56 2.11202e-06
0.433333 0.6 2.09941e-06
0.433333 0.64 2.09941e-06
0.433333 0.68 2.08898e-06
0.433333 0.72 2.07854e-06
0.433333 0.76 2.0681e-06
0.433333 0.8 2.0681e-06
0.433333 0.84 2.05767e-06
0.433333 0.88 2.04723e-06
0.433333 0.92 2.04723e-06
0.433333 0.96 2.03679e-06
0.433333 1 0
0.433333 1.04 0
0.433333 1.08 0
0.433333 1.12 0
0.433333 1.16 0
0.433333 1.2 0
0.433333 1.24 0
0.433333 1.28 0
0.433333 1.32 0
0.433333 1.36 0
0.433333 1.4 0
0.433333 1.44 0
0.433333 1.48 0
0.433333 1.52 0
0.433333 1.56 0
0.433333 1.6 0
0.433333 1.64 0
0.433333 1.68 0
0.433333 1.72 0
0.433333 1.76 0
0.433333 1.8 0
0.433333 1.84 0
0.433333 1.88 0
0.433333 1.92 0
0.433333 1.96 0
0.433333 2 0
0.433333 2.04 0
0.433333 2.08 0
0.433333 2.12 0
0.433333 2.16 0
0.433333 2.2 0
0.433333 2.24 0
0.433333 2.28 0
0.433333 2.32 0
0.433333 2.36 0
0.433333 2.4 0
0.433333 2.44 0
0.433333 2.48 0
0.433333 2.52 0
0.433333 2.56 0
0.433333 2.6 0
0.433333 2.64 0
0.433333 2.68 0
0.433333 2.72 0
0.433333 2.76 0
0.433333 2.8 0
0.433333 2.84 0
0.433333 2.88 0
0.433333 2.92 0
0.433333 2.96 0
0.433333 3 0
0.433333 3.04 0
0.433333 3.08 0
0.433333 3.12 0
0.433333 3.16 0
0.433333 3.2 0
0.433333 3.24 0
0.433333 3.28 0
0.433333 3.32 0
0.433333 3.36 0
0.433333 3.4 0
0.433333 3.44 0
0.433333 3.48 0
0.433333 3.52 0
0.433333 3.56 0
0.433333 3.6 0
0.433333 3.64 0
0.433333 3.68 0
0.433333 3.72 0
0.433333 3.76 0
0.433333 3.8 0
0.433333 3.84 0
0.433333 3.88 0
0.433333 3.92 0
0.433333 3.96 0
0.433333 4 0
0.45 -4 3.98195e-06
0.45 -3.96 3.8065e-06
0.45 -3.92 3.87156e-06
0.45 -3.88 3.8117e-06
0.45 -3.84 3.67947e-06
0.45 -3.8 3.57859e-06
0.45 -3.76 3.70034e-06
0.45 -3.72 3.56904e-06
0.45 -3.68 3.43372e-06
0.45 -3.64 3.70466e-06
0.45 -3.6 3.64404e-06
0.45 -3.56 3.68402e-06
0.45 -3.52 3.52853e-06
0.45 -3.48 3.75255e-06
0.45 -3.44 3.5504e-06
0.45 -3.4 3.60421e-06
0.45 -3.36 3.41844e-06
0.45 -3.32 3.23849e-06
0.45 -3.28 3.42188e-06
0.45 -3.24 3.47092e-06
0.45 -3.2 3.47024e-06
0.45 -3.16 3.39135e-06
0.45 -3.12 3.59371e-06
0.45 -3.08 3.48625e-06
0.45 -3.04 3.51384e-06
0.45 -3 3.29778e-06
0.45 -2.96 3.18104e-06
0.45 -2.92 3.20402e-06
0.45 -2.88 3.02195e-06
0.45 -2.84 3.23454e-06
0.45 -2.8 3.22451e-06
0.45 -2.76 3.18052e-06
0.45 -2.72 3.08912e-06
0.45 -2.68 3.10215e-06
0.45 -2.64 3.03796e-06
0.45 -2.6 3.02889e-06
0.45 -2.56 3.09e-06
0.45 -2.52 3.08685e-06
0.45 -2.48 3.05002e-06
0.45 -2.44 3.07798e-06
0.45 -2.4 3.10236e-06
0.45 -2.36 2.90546e-06
0.45 -2.32 2.9622e-06
0.45 -2.28 2.92116e-06
0.45 -2.24 2.91318e-06
0.45 -2.2 2.86335e-06
0.45 -2.16 2.92937e-06
0.45 -2.12 2.74831e-06
0.45 -2.08 2.81687e-06
0.45 -2.04 2.85044e-06
0.45 -2 2.91406e-06
0.45 -1.96 2.7672e-06
0.45 -1.92 2.84235e-06
0.45 -1.88 2.82528e-06
0.45 -1.84 2.77714e-06
0.45 -1.8 2.93311e-06
0.45 -1.76 2.76956e-06
0.45 -1.72 2.90152e-06
0.45 -1.68 2.73442e-06
0.45 -1.64 2.82617e-06
0.45 -1.6 2.72846e-06
0.45 -1.56 2.69975e-06
0.45 -1.52 2.79338e-06
0.45 -1.48 2.81113e-06
0.45 -1.44 2.6475e-06
0.45 -1.4 2.7941e-06
0.45 -1.36 2.72637e-06
0.45 -1.32 2.73874e-06
0.45 -1.28 2.68009e-06
0.45 -1.24 2.7125e-06
0.45 -1.2 2.84113e-06
0.45 -1.16 2.77125e-06
0.45 -1.12 2.70634e-06
0.45 -1.08 2.73137e-06
0.45 -1.04 2.72442e-06
0.45 -1 2.72891e-06
0.45 -0.96 2.73016e-06
0.45 -0.92 2.73148e-06
0.45 -0.88 2.71584e-06
0.45 -0.84 2.71198e-06
0.45 -0.8 2.65027e-06
0.45 -0.76 2.68378e-06
0.45 -0.72 2.62901e-06
0.45 -0.68 2.65498e-06
0.45 -0.64 2.6504e-06
0.45 -0.6 2.65253e-06
0.45 -0.56 2.64149e-06
0.45 -0.52 2.63055e-06
0.45 -0.48 2.63218e-06
0.45 -0.44 2.64657e-06
0.45 -0.4 2.62261e-06
0.45 -0.36 2.61544e-06
0.45 -0.32 2.61707e-06
0.45 -0.28 2.59412e-06
0.45 -0.24 2.57635e-06
0.45 -0.2 2.5517e-06
0.45 -0.16 2.52491e-06
0.45 -0.12 2.46879e-06
0.45 -0.08 2.39349e-06
0.45 -0.04 2.33026e-06
0.45 0 2.2791e-06
0.45 0.04 2.25823e-06
0.45 0.08 2.23735e-06
0.45 0.12 2.22365e-06
0.45 0.16 2.21322e-06
0.45 0.2 2.20278e-06
0.45 0.24 2.19234e-06
0.45 0.28 2.18191e-06
0.45 0.32 2.17147e-06
0.45 0.36 2.16103e-06
0.45 0.4 2.1506e-06
0.45 0.44 2.13024e-06
0.45 0.48 2.12031e-06
0.45 0.52 2.10824e-06
0.45 0.56 2.09781e-06
0.45 0.6 2.08574e-06
0.45 0.64 2.08574e-06
0.45 0.68 2.0753e-06
0.45 0.72 2.06486e-06
0.45 0.76 2.05443e-06
0.45 0.8 2.05443e-06
0.45 0.84 2.04399e-06
0.45 0.88 2.03355e-06
0.45 0.92 2.03355e-06
0.45 0.96 2.02312e-06
0.45 1 0
0.45 1.04 0
0.45 1.08 0
0.45 1.12 0
0.45 1.16 0
0.45 1.2 0
0.45 1.24 0
0.45 1.28 0
0.45 1.32 0
0.45 1.36 0
0.45 1.4 0
0.45 1.44 0
0.45 1.48 0
0.45 1.52 0
0.45 1.56 0
0.45 1.6 0
0.45 1.64 0
0.45 1.68 0
0.45 1.72 0
0.45 1.76 0
0.45 1.8 0
0.45 1.84 0
0.45 1.88 0
0.45 1.92 0
0.45 1.96 0
0.45 2 0
0.45 2.04 0
0.45 2.08 0
0.45 2.12 0
0.45 2.16 0
0.45 2.2 0
0.45 2.24 0
0.45 2.28 0
0.45 2.32 0
0.45 2.36 0
0.45 2.4 0
0.45 2.44 0
0.45 2.48 0
0.45 2.52 0
0.45 2.56 0
0.45 2.6 0
0.45 2.64 0
0.45 2.68 0
0.45 2.72 0
0.45 2.76 0
0.45 2.8 0
0.45 2.84 0
0.45 2.88 0
0.45 2.92 0
0.45 2.96 0
0.45 3 0
0.45 3.04 0
0.45 3.08 0
0.45 3.12 0
0.45 3.16 0
0.45 3.2 0
0.45 3.24 0
0.45 3.28 0
0.45 3.32 0
0.45 3.36 0
0.45 3.4 0
0.45 3.44 0
0.45 3.48 0
0.45 3.52 0
0.45 3.56 0
0.45 3.6 0
0.45 3.64 0
0.45 3.68 0
0.45 3.72 0
0.45 3.76 0
0.45 3.8 0
0.45 3.84 0
0.45 3.88 0
0.45 3.92 0
0.45 3.96 0
0.45 4 0
0.466667 -4 3.92214e-06
0.466667 -3.96 3.76584e-06
0.466667 -3.92 3.8615e-06
0.466667 -3.88 4.05937e-06
0.466667 -3.84 3.93113e-06
0.466667 -3.8 3.81969e-06
0.466667 -3.76 3.95136e-06
0.466667 -3.72 3.57955e-06
0.466667 -3.68 3.34815e-06
0.466667 -3.64 3.77981e-06
0.466667 -3.6 3.59491e-06
0.466667 -3.56 3.74397e-06
0.466667 -3.52 3.46696e-06
0.466667 -3.48 3.78875e-06
0.466667 -3.44 3.65605e-06
0.466667 -3.4 3.64019e-06
0.466667 -3.36 3.38674e-06
0.466667 -3.32 3.18488e-06
0.466667 -3.28 3.46926e-06
0.466667 -3.24 3.62106e-06
0.466667 -3.2 3.49673e-06
0.466667 -3.16 3.52188e-06
0.466667 -3.12 3.47875e-06
0.466667 -3.08 3.39789e-06
0.466667 -3.04 3.49835e-06
0.466667 -3 3.32648e-06
0.466667 -2.96 3.17883e-06
0.466667 -2.92 3.31146e-06
0.466667 -2.88 3.06419e-06
0.466667 -2.84 3.2742e-06
0.466667 -2.8 3.19248e-06
0.466667 -2.76 3.31152e-06
0.466667 -2.72 3.07268e-06
0.466667 -2.68 3.23291e-06
0.466667 -2.64 3.061e-06
0.466667 -2.6 3.12031e-06
0.466667 -2.56 3.09082e-06
0.466667 -2.52 2.98498e-06
0.466667 -2.48 2.99556e-06
0.466667 -2.44 3.03872e-06
0.466667 -2.4 2.86819e-06
0.466667 -2.36 2.93574e-06
0.466667 -2.32 2.88413e-06
0.466667 -2.28 2.91812e-06
0.466667 -2.24 2.88491e-06
0.466667 -2.2 2.87918e-06
0.466667 -2.16 2.81416e-06
0.466667 -2.12 2.84359e-06
0.466667 -2.08 2.72838e-06
0.466667 -2.04 2.75269e-06
0.466667 -2 2.83771e-06
0.466667 -1.96 2.82076e-06
0.466667 -1.92 2.80419e-06
0.466667 -1.88 2.82218e-06
0.466667 -1.84 2.81482e-06
0.466667 -1.8 2.93599e-06
0.466667 -1.76 2.77252e-06
0.466667 -1.72 2.86716e-06
0.466667 -1.68 2.71896e-06
0.466667 -1.64 2.8039e-06
0.466667 -1.6 2.71378e-06
0.466667 -1.56 2.73327e-06
0.466667 -1.52 2.75128e-06
0.466667 -1.48 2.72601e-06
0.466667 -1.44 2.6641e-06
0.466667 -1.4 2.77778e-06
0.466667 -1.36 2.72421e-06
0.466667 -1.32 2.69723e-06
0.466667 -1.28 2.69513e-06
0.466667 -1.24 2.65791e-06
0.466667 -1.2 2.81353e-06
0.466667 -1.16 2.76864e-06
0.466667 -1.12 2.69655e-06
0.466667 -1.08 2.6881e-06
0.466667 -1.04 2.72012e-06
0.466667 -1 2.7011e-06
0.466667 -0.96 2.72043e-06
0.466667 -0.92 2.70424e-06
0.466667 -0.88 2.69121e-06
0.466667 -0.84 2.67586e-06
0.466667 -0.8 2.62288e-06
0.466667 -0.76 2.669e-06
0.466667 -0.72 2.61927e-06
0.466667 -0.68 2.62808e-06
0.466667 -0.64 2.60819e-06
0.466667 -0.6 2.6583e-06
0.466667 -0.56 2.62894e-06
0.466667 -0.52 2.62713e-06
0.466667 -0.48 2.61057e-06
0.466667 -0.44 2.62514e-06
0.466667 -0.4 2.6015e-06
0.466667 -0.36 2.59324e-06
0.466667 -0.32 2.59433e-06
0.466667 -0.28 2.57178e-06
0.466667 -0.24 2.55304e-06
0.466667 -0.2 2.52976e-06
0.466667 -0.16 2.50516e-06
0.466667 -0.12 2.45369e-06
0.466667 -0.08 2.37891e-06
0.466667 -0.04 2.31566e-06
0.466667 0 2.26393e-06
0.466667 0.04 2.24306e-06
0.466667 0.08 2.22219e-06
0.466667 0.12 2.20957e-06
0.466667 0.16 2.19913e-06
0.466667 0.2 2.1887e-06
0.466667 0.24 2.17826e-06
0.466667 0.28 2.16782e-06
0.466667 0.32 2.15739e-06
0.466667 0.36 2.14695e-06
0.466667 0.4 2.13651e-06
0.466667 0.44 2.11587e-06
0.466667 0.48 2.10566e-06
0.466667 0.52 2.09413e-06
0.466667 0.56 2.0837e-06
0.466667 0.6 2.07217e-06
0.466667 0.64 2.07217e-06
0.466667 0.68 2.06173e-06
0.466667 0.72 2.0513e-06
0.466667 0.76 2.04086e-06
0.466667 0.8 2.04086e-06
0.466667 0.84 2.03042e-06
0.466667 0.88 2.01999e-06
0.466667 0.92 2.01999e-06
0.466667 0.96 2.00955e-06
0.466667 1 0
0.466667 1.04 0
0.466667 1.08 0
0.466667 1.12 0
0.466667 1.16 0
0.466667 1.2 0
0.466667 1.24 0
0.466667 1.28 0
0.466667 1.32 0
0.466667 1.36 0
0.466667 1.4 0
0.466667 1.44 0
0.466667 1.48 0
0.466667 1.52 0
0.466667 1.56 0
0.466667 1.6 0
0.466667 1.64 0
0.466667 1.68 0
0.466667 1.72 0
0.466667 1.76 0
0.466667 1.8 0
0.466667 1.84 0
0.466667 1.88 0
0.466667 1.92 0
0.466667 1.96 0
0.466667 2 0
0.466667 2.04 0
0.466667 2.08 0
0.466667 2.12 0
0.466667 2.16 0
0.466667 2.2 0
0.466667 2.24 0
0.466667 2.28 0
0.466667 2.32 0
0.466667 2.36 0
0.466667 2.4 0
0.466667 2.44 0
0.466667 2.48 0
0.466667 2.52 0
0.466667 2.56 0
0.466667 2.6 0
0.466667 2.64 0
0.466667 2.68 0
0.466667 2.72 0
0.466667 2.76 0
0.466667 2.8 0
0.466667 2.84 0
0.466667 2.88 0
0.466667 2.92 0
0.466667 2.96 0
0.466667 3 0
0.466667 3.04 0
0.466667 3.08 0
0.466667 3.12 0
0.466667 3.16 0
0.466667 3.2 0
0.466667 3.24 0
0.466667 3.28 0
0.466667 3.32 0
0.466667 3.36 0
0.466667 3.4 0
0.466667 3.44 0
0.466667 3.48 0
0.466667 3.52 0
0.466667 3.56 0
0.466667 3.6 0
0.466667 3.64 0
0.466667 3.68 0
0.466667 3.72 0
0.466667 3.76 0
0.466667 3.8 0
0.466667 3.84 0
0.466667 3.88 0
0.466667 3.92 0
0.466667 3.96 0
0.466667 4 0
0.483333 -4 3.83105e-06
0.483333 -3.96 3.80614e-06
0.483333 -3.92 3.78006e-06
0.483333 -3.88 4.10281e-06
0.483333 -3.84 4.06395e-06
0.483333 -3.8 4.1826e-06
0.483333 -3.76 3.59468e-06
0.483333 -3.72 3.51128e-06
0.483333 -3.68 3.40826e-06
0.483333 -3.64 3.81435e-06
0.483333 -3.6 3.4528e-06
0.483333 -3.56 3.74844e-06
0.483333 -3.52 3.41323e-06
0.483333 -3.48 3.79605e-06
0.483333 -3.44 3.62828e-06
0.483333 -3.4 3.60814e-06
0.483333 -3.36 3.37903e-06
0.483333 -3.32 3.21022e-06
0.483333 -3.28 3.47751e-06
0.483333 -3.24 3.59337e-06
0.483333 -3.2 3.57642e-06
0.483333 -3.16 3.68236e-06
0.483333 -3.12 3.31974e-06
0.483333 -3.08 3.20708e-06
0.483333 -3.04 3.46475e-06
0.483333 -3 3.34744e-06
0.483333 -2.96 3.19813e-06
0.483333 -2.92 3.32223e-06
0.483333 -2.88 3.16215e-06
0.483333 -2.84 3.36429e-06
0.483333 -2.8 3.12538e-06
0.483333 -2.76 3.18251e-06
0.483333 -2.72 3.08122e-06
0.483333 -2.68 3.33123e-06
0.483333 -2.64 3.03569e-06
0.483333 -2.6 3.19547e-06
0.483333 -2.56 3.01426e-06
0.483333 -2.52 2.92261e-06
0.483333 -2.48 2.9726e-06
0.483333 -2.44 3.00392e-06
0.483333 -2.4 2.7672e-06
0.483333 -2.36 2.96762e-06
0.483333 -2.32 2.81011e-06
0.483333 -2.28 2.97038e-06
0.483333 -2.24 2.82996e-06
0.483333 -2.2 2.95084e-06
0.483333 -2.16 2.70957e-06
0.483333 -2.12 2.98863e-06
0.483333 -2.08 2.73711e-06
0.483333 -2.04 2.68765e-06
0.483333 -2 2.82159e-06
0.483333 -1.96 2.84429e-06
0.483333 -1.92 2.79668e-06
0.483333 -1.88 2.78877e-06
0.483333 -1.84 2.79497e-06
0.483333 -1.8 2.8868e-06
0.483333 -1.76 2.79263e-06
0.483333 -1.72 2.77777e-06
0.483333 -1.68 2.73018e-06
0.483333 -1.64 2.77265e-06
0.483333 -1.6 2.65352e-06
0.483333 -1.56 2.75941e-06
0.483333 -1.52 2.70577e-06
0.483333 -1.48 2.68552e-06
0.483333 -1.44 2.66796e-06
0.483333 -1.4 2.75299e-06
0.483333 -1.36 2.68775e-06
0.483333 -1.32 2.67765e-06
0.483333 -1.28 2.68662e-06
0.483333 -1.24 2.64563e-06
0.483333 -1.2 2.78381e-06
0.483333 -1.16 2.73872e-06
0.483333 -1.12 2.6871e-06
0.483333 -1.08 2.66614e-06
0.483333 -1.04 2.70421e-06
0.483333 -1 2.67891e-06
0.483333 -0.96 2.70387e-06
0.483333 -0.92 2.6685e-06
0.483333 -0.88 2.65939e-06
0.483333 -0.84 2.65253e-06
0.483333 -0.8 2.6061e-06
0.483333 -0.76 2.65342e-06
0.483333 -0.72 2.61412e-06
0.483333 -0.68 2.59498e-06
0.483333 -0.64 2.56571e-06
0.483333 -0.6 2.64363e-06
0.483333 -0.56 2.60975e-06
0.483333 -0.52 2.62366e-06
0.483333 -0.48 2.58859e-06
0.483333 -0.44 2.59814e-06
0.483333 -0.4 2.57956e-06
0.483333 -0.36 2.57021e-06
0.483333 -0.32 2.57076e-06
0.483333 -0.28 2.54892e-06
0.483333 -0.24 2.52913e-06
0.483333 -0.2 2.50711e-06
0.483333 -0.16 2.48448e-06
0.483333 -0.12 2.43783e-06
0.483333 -0.08 2.3638e-06
0.483333 -0.04 2.30075e-06
0.483333 0 2.24868e-06
0.483333 0.04 2.22781e-06
0.483333 0.08 2.20694e-06
0.483333 0.12 2.19541e-06
0.483333 0.16 2.18497e-06
0.483333 0.2 2.17453e-06
0.483333 0.24 2.1641e-06
0.483333 0.28 2.15366e-06
0.483333 0.32 2.14322e-06
0.483333 0.36 2.13279e-06
0.483333 0.4 2.12235e-06
0.483333 0.44 2.10154e-06
0.483333 0.48 2.09116e-06
0.483333 0.52 2.08017e-06
0.483333 0.56 2.06974e-06
0.483333 0.6 2.05876e-06
0.483333 0.64 2.05876e-06
0.483333 0.68 2.04832e-06
0.483333 0.72 2.03788e-06
0.483333 0.76 2.02745e-06
0.483333 0.8 2.02745e-06
0.483333 0.84 2.01701e-06
0.483333 0.88 2.00657e-06
0.483333 0.92 2.00657e-06
0.483333 0.96 1.99614e-06
0.483333 1 0
0.483333 1.04 0
0.483333 1.08 0
0.483333 1.12 0
0.483333 1.16 0
0.483333 1.2 0
0.483333 1.24 0
0.483333 1.28 0
0.483333 1.32 0
0.483333 1.36 0
0.483333 1.4 0
0.483333 1.44 0
0.483333 1.48 0
0.483333 1.52 0
0.483333 1.56 0
0.483333 1.6 0
0.483333 1.64 0
0.483333 1.68 0
0.483333 1.72 0
0.483333 1.76 0
0.483333 1.8 0
0.483333 1.84 0
0.483333 1.88 0
0.483333 1.92 0
0.483333 1.96 0
0.483333 2 0
0.483333 2.04 0
0.483333 2.08 0
0.483333 2.12 0
0.483333 2.16 0
0.483333 2.2 0
0.483333 2.24 0
0.483333 2.28 0
0.483333 2.32 0
0.483333 2.36 0
0.483333 2.4 0
0.483333 2.44 0
0.483333 2.48 0
0.483333 2.52 0
0.483333 2.56 0
0.483333 2.6 0
0.483333 2.64 0
0.483333 2.68 0
0.483333 2.72 0
0.483333 2.76 0
0.483333 2.8 0
0.483333 2.84 0
0.483333 2.88 0
0.483333 2.92 0
0.483333 2.96 0
0.483333 3 0
0.483333 3.04 0
0.483333 3.08 0
0.483333 3.12 0
0.483333 3.16 0
0.483333 3.2 0
0.483333 3.24 0
0.483333 3.28 0
0.483333 3.32 0
0.483333 3.36 0
0.483333 3.4 0
0.483333 3.44 0
0.483333 3.48 0
0.483333 3.52 0
0.483333 3.56 0
0.483333 3.6 0
0.483333 3.64 0
0.483333 3.68 0
0.483333 3.72 0
0.483333 3.76 0
0.483333 3.8 0
0.483333 3.84 0
0.483333 3.88 0
0.483333 3.92 0
0.483333 3.96 0
0.483333 4 0
0.5 -4 3.60055e-06
0.5 -3.96 3.80928e-06
0.5 -3.92 3.65274e-06
0.5 -3.88 3.8719e-06
0.5 -3.84 3.8719e-06
0.5 -3.8 4.32067e-06
0.5 -3.76 3.1831e-06
0.5 -3.72 3.42314e-06
0.5 -3.68 3.44401e-06
0.5 -3.64 3.76754e-06
0.5 -3.6 3.30834e-06
0.5 -3.56 3.67361e-06
0.5 -3.52 3.42314e-06
0.5 -3.48 3.77797e-06
0.5 -3.44 3.45444e-06
0.5 -3.4 3.50663e-06
0.5 -3.36 3.38139e-06
0.5 -3.32 3.22484e-06
0.5 -3.28 3.46488e-06
0.5 -3.24 3.44401e-06
0.5 -3.2 3.59012e-06
0.5 -3.16 3.6423e-06
0.5 -3.12 3.17266e-06
0.5 -3.08 3.08917e-06
0.5 -3.04 3.45444e-06
0.5 -3 3.33964e-06
0.5 -2.96 3.22484e-06
0.5 -2.92 3.24572e-06
0.5 -2.88 3.21441e-06
0.5 -2.84 3.37095e-06
0.5 -2.8 3.0683e-06
0.5 -2.76 2.93263e-06
0.5 -2.72 3.07873e-06
0.5 -2.68 3.31877e-06
0.5 -2.64 2.9535e-06
0.5 -2.6 3.1831e-06
0.5 -2.56 2.91175e-06
0.5 -2.52 2.90132e-06
0.5 -2.48 2.97437e-06
0.5 -2.44 2.98481e-06
0.5 -2.4 2.82826e-06
0.5 -2.36 2.93263e-06
0.5 -2.32 2.79695e-06
0.5 -2.28 3.00568e-06
0.5 -2.24 2.80739e-06
0.5 -2.2 3.00568e-06
0.5 -2.16 2.67172e-06
0.5 -2.12 3.02655e-06
0.5 -2.08 2.74477e-06
0.5 -2.04 2.71346e-06
0.5 -2 2.88044e-06
0.5 -1.96 2.80739e-06
0.5 -1.92 2.80739e-06
0.5 -1.88 2.77608e-06
0.5 -1.84 2.73433e-06
0.5 -1.8 2.81783e-06
0.5 -1.76 2.80739e-06
0.5 -1.72 2.7239e-06
0.5 -1.68 2.73433e-06
0.5 -1.64 2.74477e-06
0.5 -1.6 2.59866e-06
0.5 -1.56 2.74477e-06
0.5 -1.52 2.68215e-06
0.5 -1.48 2.71346e-06
0.5 -1.44 2.65084e-06
0.5 -1.4 2.69259e-06
0.5 -1.36 2.65084e-06
0.5 -1.32 2.69259e-06
0.5 -1.28 2.65084e-06
0.5 -1.24 2.64041e-06
0.5 -1.2 2.75521e-06
0.5 -1.16 2.67172e-06
0.5 -1.12 2.67172e-06
0.5 -1.08 2.67172e-06
0.5 -1.04 2.68215e-06
0.5 -1 2.66128e-06
0.5 -0.96 2.67172e-06
0.5 -0.92 2.64041e-06
0.5 -0.88 2.62997e-06
0.5 -0.84 2.64041e-06
0.5 -0.8 2.59866e-06
0.5 -0.76 2.62997e-06
0.5 -0.72 2.6091e-06
0.5 -0.68 2.56735e-06
0.5 -0.64 2.53604e-06
0.5 -0.6 2.6091e-06
0.5 -0.56 2.58822e-06
0.5 -0.52 2.6091e-06
0.5 -0.48 2.56735e-06
0.5 -0.44 2.56735e-06
0.5 -0.4 2.55692e-06
0.5 -0.36 2.54648e-06
0.5 -0.32 2.54648e-06
0.5 -0.28 2.52561e-06
0.5 -0.24 2.50473e-06
0.5 -0.2 2.48386e-06
0.5 -0.16 2.46299e-06
0.5 -0.12 2.42124e-06
0.5 -0.08 2.34819e-06
0.5 -0.04 2.28557e-06
0.5 0 2.23339e-06
0.5 0.04 2.21251e-06
0.5 0.08 2.19164e-06
0.5 0.12 2.18121e-06
0.5 0.16 2.17077e-06
0.5 0.2 2.16033e-06
0.5 0.24 2.1499e-06
0.5 0.28 2.13946e-06
0.5 0.32 2.12902e-06
0.5 0.36 2.11859e-06
0.5 0.4 2.10815e-06
0.5 0.44 2.08728e-06
0.5 0.48 2.07684e-06
0.5 0.52 2.06641e-06
0.5 0.56 2.05597e-06
0.5 0.6 2.04553e-06
0.5 0.64 2.04553e-06
0.5 0.68 2.0351e-06
0.5 0.72 2.02466e-06
0.5 0.76 2.01422e-06
0.5 0.8 2.01422e-06
0.5 0.84 2.00379e-06
0.5 0.88 1.99335e-06
0.5 0.92 1.99335e-06
0.5 0.96 1.98291e-06
0.5 1 0
0.5 1.04 0
0.5 1.08 0
0.5 1.12 0
0.5 1.16 0
0.5 1.2 0
0.5 1.24 0
0.5 1.28 0
0.5 1.32 0
0.5 1.36 0
0.5 1.4 0
0.5 1.44 0
0.5 1.48 0
0.5 1.52 0
0.5 1.56 0
0.5 1.6 0
0.5 1.64 0
0.5 1.68 0
0.5 1.72 0
0.5 1.76 0
0.5 1.8 0
0.5 1.84 0
0.5 1.88 0
0.5 1.92 0
0.5 1.96 0
0.5 2 0
0.5 2.04 0
0.5 2.08 0
0.5 2.12 0
0.5 2.16 0
0.5 2.2 0
0.5 2.24 0
0.5 2.28 0
0.5 2.32 0
0.5 2.36 0
0.5 2.4 0
0.5 2.44 0
0.5 2.48 0
0.5 2.52 0
0.5 2.56 0
0.5 2.6 0
0.5 2.64 0
0.5 2.68 0
0.5 2.72 0
0.5 2.76 0
0.5 2.8 0
0.5 2.84 0
0.5 2.88 0
0.5 2.92 0
0.5 2.96 0
0.5 3 0
0.5 3.04 0
0.5 3.08 0
0.5 3.12 0
0.5 3.16 0
0.5 3.2 0
0.5 3.24 0
0.5 3.28 0
0.5 3.32 0
0.5 3.36 0
0.5 3.4 0
0.5 3.44 0
0.5 3.48 0
0.5 3.52 0
0.5 3.56 0
0.5 3.6 0
0.5 3.64 0
0.5 3.68 0
0.5 3.72 0
0.5 3.76 0
0.5 3.8 0
0.5 3.84 0
0.5 3.88 0
0.5 3.92 0
0.5 3.96 0
0.5 4 0
0.516667 -4 3.33152e-06
0.516667 -3.96 3.63085e-06
0.516667 -3.92 3.55552e-06
0.516667 -3.88 3.55903e-06
0.516667 -3.84 3.4498e-06
0.516667 -3.8 4.08269e-06
0.516667 -3.76 3.22282e-06
0.516667 -3.72 3.37622e-06
0.516667 -3.68 3.38659e-06
0.516667 -3.64 3.6473e-06
0.516667 -3.6 3.22782e-06
0.516667 -3.56 3.55535e-06
0.516667 -3.52 3.46094e-06
0.516667 -3.48 3.76859e-06
0.516667 -3.44 3.28846e-06
0.516667 -3.4 3.42379e-06
0.516667 -3.36 3.3449e-06
0.516667 -3.32 3.23472e-06
0.516667 -3.28 3.46723e-06
0.516667 -3.24 3.36793e-06
0.516667 -3.2 3.498e-06
0.516667 -3.16 3.46491e-06
0.516667 -3.12 3.08915e-06
0.516667 -3.08 3.13753e-06
0.516667 -3.04 3.45081e-06
0.516667 -3 3.27763e-06
0.516667 -2.96 3.21406e-06
0.516667 -2.92 3.18901e-06
0.516667 -2.88 3.19234e-06
0.516667 -2.84 3.27876e-06
0.516667 -2.8 3.05991e-06
0.516667 -2.76 2.90876e-06
0.516667 -2.72 3.05263e-06
0.516667 -2.68 3.23754e-06
0.516667 -2.64 2.88506e-06
0.516667 -2.6 3.09587e-06
0.516667 -2.56 2.87277e-06
0.516667 -2.52 2.8949e-06
0.516667 -2.48 3.00773e-06
0.516667 -2.44 2.99671e-06
0.516667 -2.4 2.92178e-06
0.516667 -2.36 2.85725e-06
0.516667 -2.32 2.86343e-06
0.516667 -2.28 2.97218e-06
0.516667 -2.24 2.84837e-06
0.516667 -2.2 3.00441e-06
0.516667 -2.16 2.69744e-06
0.516667 -2.12 2.91861e-06
0.516667 -2.08 2.67842e-06
0.516667 -2.04 2.79376e-06
0.516667 -2 2.9224e-06
0.516667 -1.96 2.7275e-06
0.516667 -1.92 2.79231e-06
0.516667 -1.88 2.7909e-06
0.516667 -1.84 2.68327e-06
0.516667 -1.8 2.76419e-06
0.516667 -1.76 2.79514e-06
0.516667 -1.72 2.75341e-06
0.516667 -1.68 2.69865e-06
0.516667 -1.64 2.72836e-06
0.516667 -1.6 2.58916e-06
0.516667 -1.56 2.69931e-06
0.516667 -1.52 2.69153e-06
0.516667 -1.48 2.7492e-06
0.516667 -1.44 2.62885e-06
0.516667 -1.4 2.61184e-06
0.516667 -1.36 2.64693e-06
0.516667 -1.32 2.72941e-06
0.516667 -1.28 2.60136e-06
0.516667 -1.24 2.61658e-06
0.516667 -1.2 2.7218e-06
0.516667 -1.16 2.611e-06
0.516667 -1.12 2.64777e-06
0.516667 -1.08 2.69427e-06
0.516667 -1.04 2.65631e-06
0.516667 -1 2.64656e-06
0.516667 -0.96 2.62754e-06
0.516667 -0.92 2.62503e-06
0.516667 -0.88 2.60683e-06
0.516667 -0.84 2.63236e-06
0.516667 -0.8 2.59714e-06
0.516667 -0.76 2.59206e-06
0.516667 -0.72 2.60161e-06
0.516667 -0.68 2.55162e-06
0.516667 -0.64 2.52599e-06
0.516667 -0.6 2.57038e-06
0.516667 -0.56 2.56757e-06
0.516667 -0.52 2.5789e-06
0.516667 -0.48 2.54681e-06
0.516667 -0.44 2.53588e-06
0.516667 -0.4 2.5337e-06
0.516667 -0.36 2.52217e-06
0.516667 -0.32 2.52163e-06
0.516667 -0.28 2.50195e-06
0.516667 -0.24 2.48e-06
0.516667 -0.2 2.46016e-06
0.516667 -0.16 2.44081e-06
0.516667 -0.12 2.40397e-06
0.516667 -0.08 2.33212e-06
0.516667 -0.04 2.27016e-06
0.516667 0 2.21809e-06
0.516667 0.04 2.19722e-06
0.516667 0.08 2.17635e-06
0.516667 0.12 2.167e-06
0.516667 0.16 2.15657e-06
0.516667 0.2 2.14613e-06
0.516667 0.24 2.1357e-06
0.516667 0.28 2.12526e-06
0.516667 0.32 2.11482e-06
0.516667 0.36 2.10439e-06
0.516667 0.4 2.09395e-06
0.516667 0.44 2.07313e-06
0.516667 0.48 2.06275e-06
0.516667 0.52 2.05286e-06
0.516667 0.56 2.04243e-06
0.516667 0.6 2.03254e-06
0.516667 0.64 2.03254e-06
0.516667 0.68 2.0221e-06
0.516667 0.72 2.01167e-06
0.516667 0.76 2.00123e-06
0.516667 0.8 2.00123e-06
0.516667 0.84 1.99079e-06
0.516667 0.88 1.98036e-06
0.516667 0.92 1.98036e-06
0.516667 0.96 1.96992e-06
0.516667 1 0
0.516667 1.04 0
0.516667 1.08 0
0.516667 1.12 0
0.516667 1.16 0
0.516667 1.2 0
0.516667 1.24 0
0.516667 1.28 0
0.516667 1.32 0
0.516667 1.36 0
0.516667 1.4 0
0.516667 1.44 0
0.516667 1.48 0
0.516667 1.52 0
0.516667 1.56 0
0.516667 1.6 0
0.516667 1.64 0
0.516667 1.68 0
0.516667 1.72 0
0.516667 1.76 0
0.516667 1.8 0
0.516667 1.84 0
0.516667 1.88 0
0.516667 1.92 0
0.516667 1.96 0
0.516667 2 0
0.516667 2.04 0
0.516667 2.08 0
0.516667 2.12 0
0.516667 2.16 0
0.516667 2.2 0
0.516667 2.24 0
0.516667 2.28 0
0.516667 2.32 0
0.516667 2.36 0
0.516667 2.4 0
0.516667 2.44 0
0.516667 2.48 0
0.516667 2.52 0
0.516667 2.56 0
0.516667 2.6 0
0.516667 2.64 0
0.516667 2.68 0
0.516667 2.72 0
0.516667 2.76 0
0.516667 2.8 0
0.516667 2.84 0
0.516667 2.88 0
0.516667 2.92 0
0.516667 2.96 0
0.516667 3 0
0.516667 3.04 0
0.516667 3.08 0
0.516667 3.12 0
0.516667 3.16 0
0.516667 3.2 0
0.516667 3.24 0
0.516667 3.28 0
0.516667 3.32 0
0.516667 3.36 0
0.516667 3.4 0
0.516667 3.44 0
0.516667 3.48 0
0.516667 3.52 0
0.516667 3.56 0
0.516667 3.6 0
0.516667 3.64 0
0.516667 3.68 0
0.516667 3.72 0
0.516667 3.76 0
0.516667 3.8 0
0.516667 3.84 0
0.516667 3.88 0
0.516667 3.92 0
0.516667 3.96 0
0.516667 4 0
0.533333 -4 3.25735e-06
0.533333 -3.96 3.25802e-06
0.533333 -3.92 3.55037e-06
0.533333 -3.88 3.43666e-06
0.533333 -3.84 3.07382e-06
0.533333 -3.8 3.75257e-06
0.533333 -3.76 3.48162e-06
0.533333 -3.72 3.37111e-06
0.533333 -3.68 3.3605e-06
0.533333 -3.64 3.49133e-06
0.533333 -3.6 3.22854e-06
0.533333 -3.56 3.44047e-06
0.533333 -3.52 3.43066e-06
0.533333 -3.48 3.78277e-06
0.533333 -3.44 3.28884e-06
0.533333 -3.4 3.41754e-06
0.533333 -3.36 3.26499e-06
0.533333 -3.32 3.27433e-06
0.533333 -3.28 3.47995e-06
0.533333 -3.24 3.38988e-06
0.533333 -3.2 3.37567e-06
0.533333 -3.16 3.38411e-06
0.533333 -3.12 3.09321e-06
0.533333 -3.08 3.20965e-06
0.533333 -3.04 3.4349e-06
0.533333 -3 3.16062e-06
0.533333 -2.96 3.16287e-06
0.533333 -2.92 3.22321e-06
0.533333 -2.88 3.17974e-06
0.533333 -2.84 3.21252e-06
0.533333 -2.8 3.09323e-06
0.533333 -2.76 3.09627e-06
0.533333 -2.72 3.03273e-06
0.533333 -2.68 3.17971e-06
0.533333 -2.64 2.90057e-06
0.533333 -2.6 2.99889e-06
0.533333 -2.56 2.91402e-06
0.533333 -2.52 2.89842e-06
0.533333 -2.48 3.06372e-06
0.533333 -2.44 3.02166e-06
0.533333 -2.4 2.95036e-06
0.533333 -2.36 2.80141e-06
0.533333 -2.32 2.95351e-06
0.533333 -2.28 2.89227e-06
0.533333 -2.24 2.91127e-06
0.533333 -2.2 2.98122e-06
0.533333 -2.16 2.71754e-06
0.533333 -2.12 2.78278e-06
0.533333 -2.08 2.62056e-06
0.533333 -2.04 2.8337e-06
0.533333 -2 2.88004e-06
0.533333 -1.96 2.6601e-06
0.533333 -1.92 2.71955e-06
0.533333 -1.88 2.79722e-06
0.533333 -1.84 2.67458e-06
0.533333 -1.8 2.73577e-06
0.533333 -1.76 2.74433e-06
0.533333 -1.72 2.81798e-06
0.533333 -1.68 2.62736e-06
0.533333 -1.64 2.7254e-06
0.533333 -1.6 2.61356e-06
0.533333 -1.56 2.6551e-06
0.533333 -1.52 2.71344e-06
0.533333 -1.48 2.73215e-06
0.533333 -1.44 2.62101e-06
0.533333 -1.4 2.56088e-06
0.533333 -1.36 2.66014e-06
0.533333 -1.32 2.7573e-06
0.533333 -1.28 2.55727e-06
0.533333 -1.24 2.59098e-06
0.533333 -1.2 2.6842e-06
0.533333 -1.16 2.5975e-06
0.533333 -1.12 2.61791e-06
0.533333 -1.08 2.70722e-06
0.533333 -1.04 2.62932e-06
0.533333 -1 2.63235e-06
0.533333 -0.96 2.58578e-06
0.533333 -0.92 2.61433e-06
0.533333 -0.88 2.58645e-06
0.533333 -0.84 2.62162e-06
0.533333 -0.8 2.59755e-06
0.533333 -0.76 2.5416e-06
0.533333 -0.72 2.59065e-06
0.533333 -0.68 2.54347e-06
0.533333 -0.64 2.53257e-06
0.533333 -0.6 2.5438e-06
0.533333 -0.56 2.54696e-06
0.533333 -0.52 2.53787e-06
0.533333 -0.48 2.52567e-06
0.533333 -0.44 2.50683e-06
0.533333 -0.4 2.51005e-06
0.533333 -0.36 2.49743e-06
0.533333 -0.32 2.49634e-06
0.533333 -0.28 2.47806e-06
0.533333 -0.24 2.45505e-06
0.533333 -0.2 2.43614e-06
0.533333 -0.16 2.41808e-06
0.533333 -0.12 2.38606e-06
0.533333 -0.08 2.31564e-06
0.533333 -0.04 2.25457e-06
0.533333 0 2.20284e-06
0.533333 0.04 2.18197e-06
0.533333 0.08 2.1611e-06
0.533333 0.12 2.15284e-06
0.533333 0.16 2.14241e-06
0.533333 0.2 2.13197e-06
0.533333 0.24 2.12153e-06
0.533333 0.28 2.1111e-06
0.533333 0.32 2.10066e-06
0.533333 0.36 2.09022e-06
0.533333 0.4 2.07979e-06
0.533333 0.44 2.05914e-06
0.533333 0.48 2.04893e-06
0.533333 0.52 2.03959e-06
0.533333 0.56 2.02915e-06
0.533333 0.6 2.01981e-06
0.533333 0.64 2.01981e-06
0.533333 0.68 2.00937e-06
0.533333 0.72 1.99893e-06
0.533333 0.76 1.9885e-06
0.533333 0.8 1.9885e-06
0.533333 0.84 1.97806e-06
0.533333 0.88 1.96762e-06
0.533333 0.92 1.96762e-06
0.533333 0.96 1.95719e-06
0.533333 1 0
0.533333 1.04 0
0.533333 1.08 0
0.533333 1.12 0
0.533333 1.16 0
0.533333 1.2 0
0.533333 1.24 0
0.533333 1.28 0
0.533333 1.32 0
0.533333 1.36 0
0.533333 1.4 0
0.533333 1.44 0
0.533333 1.48 0
0.533333 1.52 0
0.533333 1.56 0
0.533333 1.6 0
0.533333 1.64 0
0.533333 1.68 0
0.533333 1.72 0
0.533333 1.76 0
0.533333 1.8 0
0.533333 1.84 0
0.533333 1.88 0
0.533333 1.92 0
0.533333 1.96 0
0.533333 2 0
0.533333 2.04 0
0.533333 2.08 0
0.533333 2.12 0
0.533333 2.16 0
0.533333 2.2 0
0.533333 2.24 0
0.533333 2.28 0
0.533333 2.32 0
0.533333 2.36 0
0.533333 2.4 0
0.533333 2.44 0
0.533333 2.48 0
0.533333 2.52 0
0.533333 2.56 0
0.533333 2.6 0
0.533333 2.64 0
0.533333 2.68 0
0.533333 2.72 0
0.533333 2.76 0
0.533333 2.8 0
0.533333 2.84 0
0.533333 2.88 0
0.533333 2.92 0
0.533333 2.96 0
0.533333 3 0
0.533333 3.04 0
0.533333 3.08 0
0.533333 3.12 0
0.533333 3.16 0
0.533333 3.2 0
0.533333 3.24 0
0.533333 3.28 0
0.533333 3.32 0
0.533333 3.36 0
0.533333 3.4 0
0.533333 3.44 0
0.533333 3.48 0
0.533333 3.52 0
0.533333 3.56 0
0.533333 3.6 0
0.533333 3.64 0
0.533333 3.68 0
0.533333 3.72 0
0.533333 3.76 0
0.533333 3.8 0
0.533333 3.84 0
0.533333 3.88 0
0.533333 3.92 0
0.533333 3.96 0
0.533333 4 0
0.55 -4 3.37383e-06
0.55 -3.96 2.86906e-06
0.55 -3.92 3.63844e-06
0.55 -3.88 3.60894e-06
0.55 -3.84 2.93412e-06
0.55 -3.8 3.73511e-06
0.55 -3.76 3.56156e-06
0.55 -3.72 3.36555e-06
0.55 -3.68 3.44768e-06
0.55 -3.64 3.32596e-06
0.55 -3.6 3.30283e-06
0.55 -3.56 3.36763e-06
0.55 -3.52 3.32181e-06
0.55 -3.48 3.75535e-06
0.55 -3.44 3.45506e-06
0.55 -3.4 3.44478e-06
0.55 -3.36 3.19044e-06
0.55 -3.32 3.30858e-06
0.55 -3.28 3.4735e-06
0.55 -3.24 3.32463e-06
0.55 -3.2 3.32077e-06
0.55 -3.16 3.45272e-06
0.55 -3.12 3.16035e-06
0.55 -3.08 3.13338e-06
0.55 -3.04 3.41639e-06
0.55 -3 3.02949e-06
0.55 -2.96 3.12345e-06
0.55 -2.92 3.29704e-06
0.55 -2.88 3.24468e-06
0.55 -2.84 3.25452e-06
0.55 -2.8 3.13904e-06
0.55 -2.76 3.12624e-06
0.55 -2.72 3.06238e-06
0.55 -2.68 3.18105e-06
0.55 -2.64 2.98668e-06
0.55 -2.6 2.94053e-06
0.55 -2.56 2.96255e-06
0.55 -2.52 2.93425e-06
0.55 -2.48 3.10015e-06
0.55 -2.44 3.01091e-06
0.55 -2.4 2.92913e-06
0.55 -2.36 2.77507e-06
0.55 -2.32 2.97455e-06
0.55 -2.28 2.82887e-06
0.55 -2.24 2.91772e-06
0.55 -2.2 2.9757e-06
0.55 -2.16 2.68021e-06
0.55 -2.12 2.74304e-06
0.55 -2.08 2.68072e-06
0.55 -2.04 2.80063e-06
0.55 -2 2.80566e-06
0.55 -1.96 2.64981e-06
0.55 -1.92 2.61187e-06
0.55 -1.88 2.78773e-06
0.55 -1.84 2.69419e-06
0.55 -1.8 2.71939e-06
0.55 -1.76 2.66402e-06
0.55 -1.72 2.83084e-06
0.55 -1.68 2.56345e-06
0.55 -1.64 2.73356e-06
0.55 -1.6 2.62836e-06
0.55 -1.56 2.63006e-06
0.55 -1.52 2.70976e-06
0.55 -1.48 2.67806e-06
0.55 -1.44 2.62574e-06
0.55 -1.4 2.56477e-06
0.55 -1.36 2.65201e-06
0.55 -1.32 2.74844e-06
0.55 -1.28 2.52876e-06
0.55 -1.24 2.59645e-06
0.55 -1.2 2.65515e-06
0.55 -1.16 2.61017e-06
0.55 -1.12 2.58847e-06
0.55 -1.08 2.6855e-06
0.55 -1.04 2.60879e-06
0.55 -1 2.61555e-06
0.55 -0.96 2.56169e-06
0.55 -0.92 2.59651e-06
0.55 -0.88 2.56315e-06
0.55 -0.84 2.60525e-06
0.55 -0.8 2.59617e-06
0.55 -0.76 2.49197e-06
0.55 -0.72 2.57455e-06
0.55 -0.68 2.53282e-06
0.55 -0.64 2.54435e-06
0.55 -0.6 2.53171e-06
0.55 -0.56 2.52301e-06
0.55 -0.52 2.49732e-06
0.55 -0.48 2.50221e-06
0.55 -0.44 2.482e-06
0.55 -0.4 2.48611e-06
0.55 -0.36 2.47241e-06
0.55 -0.32 2.47078e-06
0.55 -0.28 2.45403e-06
0.55 -0.24 2.43005e-06
0.55 -0.2 2.41193e-06
0.55 -0.16 2.39494e-06
0.55 -0.12 2.36757e-06
0.55 -0.08 2.2988e-06
0.55 -0.04 2.23883e-06
0.55 0 2.18767e-06
0.55 0.04 2.1668e-06
0.55 0.08 2.14593e-06
0.55 0.12 2.13876e-06
0.55 0.16 2.12832e-06
0.55 0.2 2.11788e-06
0.55 0.24 2.10745e-06
0.55 0.28 2.09701e-06
0.55 0.32 2.08658e-06
0.55 0.36 2.07614e-06
0.55 0.4 2.0657e-06
0.55 0.44 2.04534e-06
0.55 0.48 2.03542e-06
0.55 0.52 2.02661e-06
0.55 0.56 2.01618e-06
0.55 0.6 2.00737e-06
0.55 0.64 2.00737e-06
0.55 0.68 1.99693e-06
0.55 0.72 1.9865e-06
0.55 0.76 1.97606e-06
0.55 0.8 1.97606e-06
0.55 0.84 1.96563e-06
0.55 0.88 1.95519e-06
0.55 0.92 1.95519e-06
0.55 0.96 1.94475e-06
0.55 1 0
0.55 1.04 0
0.55 1.08 0
0.55 1.12 0
0.55 1.16 0
0.55 1.2 0
0.55 1.24 0
0.55 1.28 0
0.55 1.32 0
0.55 1.36 0
0.55 1.4 0
0.55 1.44 0
0.55 1.48 0
0.55 1.52 0
0.55 1.56 0
0.55 1.6 0
0.55 1.64 0
0.55 1.68 0
0.55 1.72 0
0.55 1.76 0
0.55 1.8 0
0.55 1.84 0
0.55 1.88 0
0.55 1.92 0
0.55 1.96 0
0.55 2 0
0.55 2.04 0
0.55 2.08 0
0.55 2.12 0
0.55 2.16 0
0.55 2.2 0
0.55 2.24 0
0.55 2.28 0
0.55 2.32 0
0.55 2.36 0
0.55 2.4 0
0.55 2.44 0
0.55 2.48 0
0.55 2.52 0
0.55 2.56 0
0.55 2.6 0
0.55 2.64 0
0.55 2.68 0
0.55 2.72 0
0.55 2.76 0
0.55 2.8 0
0.55 2.84 0
0.55 2.88 0
0.55 2.92 0
0.55 2.96 0
0.55 3 0
0.55 3.04 0
0.55 3.08 0
0.55 3.12 0
0.55 3.16 0
0.55 3.2 0
0.55 3.24 0
0.55 3.28 0
0.55 3.32 0
0.55 3.36 0
0.55 3.4 0
0.55 3.44 0
0.55 3.48 0
0.55 3.52 0
0.55 3.56 0
0.55 3.6 0
0.55 3.64 0
0.55 3.68 0
0.55 3.72 0
0.55 3.76 0
0.55 3.8 0
0.55 3.84 0
0.55 3.88 0
0.55 3.92 0
0.55 3.96 0
0.55 4 0
0.566667 -4 3.4037e-06
0.566667 -3.96 2.72042e-06
0.566667 -3.92 3.76769e-06
0.566667 -3.88 3.91715e-06
0.566667 -3.84 3.02959e-06
0.566667 -3.8 4.06797e-06
0.566667 -3.76 3.54631e-06
0.566667 -3.72 3.34901e-06
0.566667 -3.68 3.54447e-06
0.566667 -3.64 3.17427e-06
0.566667 -3.6 3.40413e-06
0.566667 -3.56 3.36576e-06
0.566667 -3.52 3.22406e-06
0.566667 -3.48 3.59889e-06
0.566667 -3.44 3.65101e-06
0.566667 -3.4 3.44547e-06
0.566667 -3.36 3.15068e-06
0.566667 -3.32 3.26644e-06
0.566667 -3.28 3.45042e-06
0.566667 -3.24 3.07967e-06
0.566667 -3.2 3.35297e-06
0.566667 -3.16 3.50632e-06
0.566667 -3.12 3.22492e-06
0.566667 -3.08 2.9616e-06
0.566667 -3.04 3.39149e-06
0.566667 -3 2.94782e-06
0.566667 -2.96 3.12719e-06
0.566667 -2.92 3.2945e-06
0.566667 -2.88 3.30972e-06
0.566667 -2.84 3.32084e-06
0.566667 -2.8 3.17815e-06
0.566667 -2.76 2.88273e-06
0.566667 -2.72 3.14487e-06
0.566667 -2.68 3.20567e-06
0.566667 -2.64 3.05881e-06
0.566667 -2.6 2.91335e-06
0.566667 -2.56 2.94615e-06
0.566667 -2.52 3.00219e-06
0.566667 -2.48 3.07891e-06
0.566667 -2.44 2.96555e-06
0.566667 -2.4 2.9106e-06
0.566667 -2.36 2.77321e-06
0.566667 -2.32 2.89127e-06
0.566667 -2.28 2.80884e-06
0.566667 -2.24 2.83364e-06
0.566667 -2.2 2.97717e-06
0.566667 -2.16 2.62024e-06
0.566667 -2.12 2.7868e-06
0.566667 -2.08 2.80922e-06
0.566667 -2.04 2.75327e-06
0.566667 -2 2.78397e-06
0.566667 -1.96 2.68421e-06
0.566667 -1.92 2.53832e-06
0.566667 -1.88 2.77392e-06
0.566667 -1.84 2.69984e-06
0.566667 -1.8 2.70392e-06
0.566667 -1.76 2.5869e-06
0.566667 -1.72 2.76626e-06
0.566667 -1.68 2.5517e-06
0.566667 -1.64 2.74699e-06
0.566667 -1.6 2.6098e-06
0.566667 -1.56 2.62242e-06
0.566667 -1.52 2.66658e-06
0.566667 -1.48 2.63959e-06
0.566667 -1.44 2.62282e-06
0.566667 -1.4 2.59278e-06
0.566667 -1.36 2.62176e-06
0.566667 -1.32 2.69747e-06
0.566667 -1.28 2.51334e-06
0.566667 -1.24 2.63464e-06
0.566667 -1.2 2.64753e-06
0.566667 -1.16 2.5948e-06
0.566667 -1.12 2.56564e-06
0.566667 -1.08 2.62801e-06
0.566667 -1.04 2.59754e-06
0.566667 -1 2.59308e-06
0.566667 -0.96 2.5598e-06
0.566667 -0.92 2.56661e-06
0.566667 -0.88 2.53614e-06
0.566667 -0.84 2.58329e-06
0.566667 -0.8 2.58954e-06
0.566667 -0.76 2.4615e-06
0.566667 -0.72 2.54981e-06
0.566667 -0.68 2.51426e-06
0.566667 -0.64 2.54695e-06
0.566667 -0.6 2.5211e-06
0.566667 -0.56 2.49402e-06
0.566667 -0.52 2.46829e-06
0.566667 -0.48 2.47549e-06
0.566667 -0.44 2.46118e-06
0.566667 -0.4 2.46202e-06
0.566667 -0.36 2.44724e-06
0.566667 -0.32 2.44507e-06
0.566667 -0.28 2.42997e-06
0.566667 -0.24 2.40513e-06
0.566667 -0.2 2.3877e-06
0.566667 -0.16 2.37153e-06
0.566667 -0.12 2.34856e-06
0.566667 -0.08 2.28165e-06
0.566667 -0.04 2.22301e-06
0.566667 0 2.17263e-06
0.566667 0.04 2.15176e-06
0.566667 0.08 2.13089e-06
0.566667 0.12 2.12479e-06
0.566667 0.16 2.11435e-06
0.566667 0.2 2.10392e-06
0.566667 0.24 2.09348e-06
0.566667 0.28 2.08304e-06
0.566667 0.32 2.07261e-06
0.566667 0.36 2.06217e-06
0.566667 0.4 2.05173e-06
0.566667 0.44 2.03176e-06
0.566667 0.48 2.02223e-06
0.566667 0.52 2.01396e-06
0.566667 0.56 2.00353e-06
0.566667 0.6 1.99526e-06
0.566667 0.64 1.99526e-06
0.566667 0.68 1.98482e-06
0.566667 0.72 1.97439e-06
0.566667 0.76 1.96395e-06
0.566667 0.8 1.96395e-06
0.566667 0.84 1.95352e-06
0.566667 0.88 1.94308e-06
0.566667 0.92 1.94308e-06
0.566667 0.96 1.93264e-06
0.566667 1 0
0.566667 1.04 0
0.566667 1.08 0
0.566667 1.12 0
0.566667 1.16 0
0.566667 1.2 0
0.566667 1.24 0
0.566667 1.28 0
0.566667 1.32 0
0.566667 1.36 0
0.566667 1.4 0
0.566667 1.44 0
0.566667 1.48 0
0.566667 1.52 0
0.566667 1.56 0
0.566667 1.6 0
0.566667 1.64 0
0.566667 1.68 0
0.566667 1.72 0
0.566667 1.76 0
0.566667 1.8 0
0.566667 1.84 0
0.566667 1.88 0
0.566667 1.92 0
0.566667 1.96 0
0.566667 2 0
0.566667 2.04 0
0.566667 2.08 0
0.566667 2.12 0
0.566667 2.16 0
0.566667 2.2 0
0.566667 2.24 0
0.566667 2.28 0
0.566667 2.32 0
0.566667 2.36 0
0.566667 2.4 0
0.566667 2.44 0
0.566667 2.48 0
0.566667 2.52 0
0.566667 2.56 0
0.566667 2.6 0
0.566667 2.64 0
0.566667 2.68 0
0.566667 2.72 0
0.566667 2.76 0
0.566667 2.8 0
0.566667 2.84 0
0.566667 2.88 0
0.566667 2.92 0
0.566667 2.96 0
0.566667 3 0
0.566667 3.04 0
0.566667 3.08 0
0.566667 3.12 0
0.566667 3.16 0
0.566667 3.2 0
0.566667 3.24 0
0.566667 3.28 0
0.566667 3.32 0
0.566667 3.36 0
0.566667 3.4 0
0.566667 3.44 0
0.566667 3.48 0
0.566667 3.52 0
0.566667 3.56 0
0.566667 3.6 0
0.566667 3.64 0
0.566667 3.68 0
0.566667 3.72 0
0.566667 3.76 0
0.566667 3.8 0
0.566667 3.84 0
0.566667 3.88 0
0.566667 3.92 0
0.566667 3.96 0
0.566667 4 0
0.583333 -4 3.19947e-06
0.583333 -3.96 2.94151e-06
0.583333 -3.92 3.85841e-06
0.583333 -3.88 4.07318e-06
0.583333 -3.84 3.25907e-06
0.583333 -3.8 4.37007e-06
0.583333 -3.76 3.65329e-06
0.583333 -3.72 3.36204e-06
0.583333 -3.68 3.54261e-06
0.583333 -3.64 3.07644e-06
0.583333 -3.6 3.44083e-06
0.583333 -3.56 3.42352e-06
0.583333 -3.52 3.17938e-06
0.583333 -3.48 3.33466e-06
0.583333 -3.44 3.76226e-06
0.583333 -3.4 3.42419e-06
0.583333 -3.36 3.11926e-06
0.583333 -3.32 3.15302e-06
0.583333 -3.28 3.44772e-06
0.583333 -3.24 2.83776e-06
0.583333 -3.2 3.41105e-06
0.583333 -3.16 3.42726e-06
0.583333 -3.12 3.23375e-06
0.583333 -3.08 2.88521e-06
0.583333 -3.04 3.3181e-06
0.583333 -3 2.95627e-06
0.583333 -2.96 3.13413e-06
0.583333 -2.92 3.16742e-06
0.583333 -2.88 3.23169e-06
0.583333 -2.84 3.28265e-06
0.583333 -2.8 3.19612e-06
0.583333 -2.76 2.69716e-06
0.583333 -2.72 3.22457e-06
0.583333 -2.68 3.20004e-06
0.583333 -2.64 3.05314e-06
0.583333 -2.6 2.88336e-06
0.583333 -2.56 2.87163e-06
0.583333 -2.52 3.04988e-06
0.583333 -2.48 3.01014e-06
0.583333 -2.44 2.95205e-06
0.583333 -2.4 2.90133e-06
0.583333 -2.36 2.80725e-06
0.583333 -2.32 2.76955e-06
0.583333 -2.28 2.80346e-06
0.583333 -2.24 2.70684e-06
0.583333 -2.2 2.95059e-06
0.583333 -2.16 2.61906e-06
0.583333 -2.12 2.80522e-06
0.583333 -2.08 2.84923e-06
0.583333 -2.04 2.74057e-06
0.583333 -2 2.806e-06
0.583333 -1.96 2.7066e-06
0.583333 -1.92 2.55531e-06
0.583333 -1.88 2.73715e-06
0.583333 -1.84 2.6659e-06
0.583333 -1.8 2.69664e-06
0.583333 -1.76 2.5538e-06
0.583333 -1.72 2.68502e-06
0.583333 -1.68 2.59669e-06
0.583333 -1.64 2.75621e-06
0.583333 -1.6 2.57641e-06
0.583333 -1.56 2.62668e-06
0.583333 -1.52 2.61702e-06
0.583333 -1.48 2.62409e-06
0.583333 -1.44 2.59756e-06
0.583333 -1.4 2.59935e-06
0.583333 -1.36 2.60865e-06
0.583333 -1.32 2.62504e-06
0.583333 -1.28 2.50381e-06
0.583333 -1.24 2.67157e-06
0.583333 -1.2 2.65903e-06
0.583333 -1.16 2.53952e-06
0.583333 -1.12 2.55185e-06
0.583333 -1.08 2.56294e-06
0.583333 -1.04 2.58331e-06
0.583333 -1 2.5633e-06
0.583333 -0.96 2.56975e-06
0.583333 -0.92 2.52958e-06
0.583333 -0.88 2.51177e-06
0.583333 -0.84 2.55592e-06
0.583333 -0.8 2.57469e-06
0.583333 -0.76 2.46074e-06
0.583333 -0.72 2.51329e-06
0.583333 -0.68 2.49219e-06
0.583333 -0.64 2.52997e-06
0.583333 -0.6 2.49642e-06
0.583333 -0.56 2.46272e-06
0.583333 -0.52 2.45488e-06
0.583333 -0.48 2.44629e-06
0.583333 -0.44 2.44228e-06
0.583333 -0.4 2.43792e-06
0.583333 -0.36 2.42209e-06
0.583333 -0.32 2.41938e-06
0.583333 -0.28 2.40599e-06
0.583333 -0.24 2.38044e-06
0.583333 -0.2 2.36357e-06
0.583333 -0.16 2.348e-06
0.583333 -0.12 2.32912e-06
0.583333 -0.08 2.26426e-06
0.583333 -0.04 2.20714e-06
0.583333 0 2.15776e-06
0.583333 0.04 2.13688e-06
0.583333 0.08 2.11601e-06
0.583333 0.12 2.11098e-06
0.583333 0.16 2.10054e-06
0.583333 0.2 2.0901e-06
0.583333 0.24 2.07967e-06
0.583333 0.28 2.06923e-06
0.583333 0.32 2.05879e-06
0.583333 0.36 2.04836e-06
0.583333 0.4 2.03792e-06
0.583333 0.44 2.01845e-06
0.583333 0.48 2.00941e-06
0.583333 0.52 2.00167e-06
0.583333 0.56 1.99124e-06
0.583333 0.6 1.9835e-06
0.583333 0.64 1.9835e-06
0.583333 0.68 1.97307e-06
0.583333 0.72 1.96263e-06
0.583333 0.76 1.95219e-06
0.583333 0.8 1.95219e-06
0.583333 0.84 1.94176e-06
0.583333 0.88 1.93132e-06
0.583333 0.92 1.93132e-06
0.583333 0.96 1.92088e-06
0.583333 1 0
0.583333 1.04 0
0.583333 1.08 0
0.583333 1.12 0
0.583333 1.16 0
0.583333 1.2 0
0.583333 1.24 0
0.583333 1.28 0
0.583333 1.32 0
0.583333 1.36 0
0.583333 1.4 0
0.583333 1.44 0
0.583333 1.48 0
0.583333 1.52 0
0.583333 1.56 0
0.583333 1.6 0
0.583333 1.64 0
0.583333 1.68 0
0.583333 1.72 0
0.583333 1.76 0
0.583333 1.8 0
0.583333 1.84 0
0.583333 1.88 0
0.583333 1.92 0
0.583333 1.96 0
0.583333 2 0
0.583333 2.04 0
0.583333 2.08 0
0.583333 2.12 0
0.583333 2.16 0
0.583333 2.2 0
0.583333 2.24 0
0.583333 2.28 0
0.583333 2.32 0
0.583333 2.36 0
0.583333 2.4 0
0.583333 2.44 0
0.583333 2.48 0
0.583333 2.52 0
0.583333 2.56 0
0.583333 2.6 0
0.583333 2.64 0
0.583333 2.68 0
0.583333 2.72 0
0.583333 2.76 0
0.583333 2.8 0
0.583333 2.84 0
0.583333 2.88 0
0.583333 2.92 0
0.583333 2.96 0
0.583333 3 0
0.583333 3.04 0
0.583333 3.08 0
0.583333 3.12 0
0.583333 3.16 0
0.583333 3.2 0
0.583333 3.24 0
0.583333 3.28 0
0.583333 3.32 0
0.583333 3.36 0
0.583333 3.4 0
0.583333 3.44 0
0.583333 3.48 0
0.583333 3.52 0
0.583333 3.56 0
0.583333 3.6 0
0.583333 3.64 0
0.583333 3.68 0
0.583333 3.72 0
0.583333 3.76 0
0.583333 3.8 0
0.583333 3.84 0
0.583333 3.88 0
0.583333 3.92 0
0.583333 3.96 0
0.583333 4 0
0.6 -4 2.96104e-06
0.6 -3.96 3.42112e-06
0.6 -3.92 3.8369e-06
0.6 -3.88 3.916e-06
0.6 -3.84 3.50743e-06
0.6 -3.8 4.26913e-06
0.6 -3.76 3.71847e-06
0.6 -3.72 3.43097e-06
0.6 -3.68 3.51043e-06
0.6 -3.64 3.06124e-06
0.6 -3.6 3.35501e-06
0.6 -3.56 3.47267e-06
0.6 -3.52 3.12803e-06
0.6 -3.48 3.1095e-06
0.6 -3.44 3.77927e-06
0.6 -3.4 3.3985e-06
0.6 -3.36 3.0728e-06
0.6 -3.32 3.08359e-06
0.6 -3.28 3.47601e-06
0.6 -3.24 2.82736e-06
0.6 -3.2 3.42629e-06
0.6 -3.16 3.26822e-06
0.6 -3.12 3.19945e-06
0.6 -3.08 2.94738e-06
0.6 -3.04 3.17147e-06
0.6 -3 3.03826e-06
0.6 -2.96 3.09291e-06
0.6 -2.92 2.99253e-06
0.6 -2.88 3.01235e-06
0.6 -2.84 3.16034e-06
0.6 -2.8 3.17306e-06
0.6 -2.76 2.79805e-06
0.6 -2.72 3.23123e-06
0.6 -2.68 3.13853e-06
0.6 -2.64 2.98902e-06
0.6 -2.6 2.84965e-06
0.6 -2.56 2.8062e-06
0.6 -2.52 3.01815e-06
0.6 -2.48 2.93712e-06
0.6 -2.44 2.98597e-06
0.6 -2.4 2.86929e-06
0.6 -2.36 2.8449e-06
0.6 -2.32 2.70629e-06
0.6 -2.28 2.78533e-06
0.6 -2.24 2.62063e-06
0.6 -2.2 2.87961e-06
0.6 -2.16 2.70078e-06
0.6 -2.12 2.74329e-06
0.6 -2.08 2.75449e-06
0.6 -2.04 2.73285e-06
0.6 -2 2.8004e-06
0.6 -1.96 2.68314e-06
0.6 -1.92 2.65259e-06
0.6 -1.88 2.67071e-06
0.6 -1.84 2.60932e-06
0.6 -1.8 2.7114e-06
0.6 -1.76 2.58352e-06
0.6 -1.72 2.66074e-06
0.6 -1.68 2.65552e-06
0.6 -1.64 2.75115e-06
0.6 -1.6 2.56141e-06
0.6 -1.56 2.63588e-06
0.6 -1.52 2.60903e-06
0.6 -1.48 2.59888e-06
0.6 -1.44 2.55761e-06
0.6 -1.4 2.57801e-06
0.6 -1.36 2.63189e-06
0.6 -1.32 2.5633e-06
0.6 -1.28 2.49774e-06
0.6 -1.24 2.67563e-06
0.6 -1.2 2.66965e-06
0.6 -1.16 2.48713e-06
0.6 -1.12 2.54471e-06
0.6 -1.08 2.52659e-06
0.6 -1.04 2.55069e-06
0.6 -1 2.52735e-06
0.6 -0.96 2.57279e-06
0.6 -0.92 2.49575e-06
0.6 -0.88 2.49851e-06
0.6 -0.84 2.52231e-06
0.6 -0.8 2.55011e-06
0.6 -0.76 2.48303e-06
0.6 -0.72 2.46691e-06
0.6 -0.68 2.47582e-06
0.6 -0.64 2.49194e-06
0.6 -0.6 2.45495e-06
0.6 -0.56 2.43484e-06
0.6 -0.52 2.45172e-06
0.6 -0.48 2.41719e-06
0.6 -0.44 2.42241e-06
0.6 -0.4 2.41396e-06
0.6 -0.36 2.39708e-06
0.6 -0.32 2.39385e-06
0.6 -0.28 2.38218e-06
0.6 -0.24 2.35609e-06
0.6 -0.2 2.33968e-06
0.6 -0.16 2.32449e-06
0.6 -0.12 2.30931e-06
0.6 -0.08 2.24669e-06
0.6 -0.04 2.19128e-06
0.6 0 2.14309e-06
0.6 0.04 2.12221e-06
0.6 0.08 2.10134e-06
0.6 0.12 2.09735e-06
0.6 0.16 2.08692e-06
0.6 0.2 2.07648e-06
0.6 0.24 2.06605e-06
0.6 0.28 2.05561e-06
0.6 0.32 2.04517e-06
0.6 0.36 2.03474e-06
0.6 0.4 2.0243e-06
0.6 0.44 2.00542e-06
0.6 0.48 1.99698e-06
0.6 0.52 1.98977e-06
0.6 0.56 1.97933e-06
0.6 0.6 1.97212e-06
0.6 0.64 1.97212e-06
0.6 0.68 1.96168e-06
0.6 0.72 1.95125e-06
0.6 0.76 1.94081e-06
0.6 0.8 1.94081e-06
0.6 0.84 1.93037e-06
0.6 0.88 1.91994e-06
0.6 0.92 1.91994e-06
0.6 0.96 1.9095e-06
0.6 1 0
0.6 1.04 0
0.6 1.08 0
0.6 1.12 0
0.6 1.16 0
0.6 1.2 0
0.6 1.24 0
0.6 1.28 0
0.6 1.32 0
0.6 1.36 0
0.6 1.4 0
0.6 1.44 0
0.6 1.48 0
0.6 1.52 0
0.6 1.56 0
0.6 1.6 0
0.6 1.64 0
0.6 1.68 0
0.6 1.72 0
0.6 1.76 0
0.6 1.8 0
0.6 1.84 0
0.6 1.88 0
0.6 1.92 0
0.6 1.96 0
0.6 2 0
0.6 2.04 0
0.6 2.08 0
0.6 2.12 0
0.6 2.16 0
0.6 2.2 0
0.6 2.24 0
0.6 2.28 0
0.6 2.32 0
0.6 2.36 0
0.6 2.4 0
0.6 2.44 0
0.6 2.48 0
0.6 2.52 0
0.6 2.56 0
0.6 2.6 0
0.6 2.64 0
0.6 2.68 0
0.6 2.72 0
0.6 2.76 0
0.6 2.8 0
0.6 2.84 0
0.6 2.88 0
0.6 2.92 0
0.6 2.96 0
0.6 3 0
0.6 3.04 0
0.6 3.08 0
0.6 3.12 0
0.6 3.16 0
0.6 3.2 0
0.6 3.24 0
0.6 3.28 0
0.6 3.32 0
0.6 3.36 0
0.6 3.4 0
0.6 3.44 0
0.6 3.48 0
0.6 3.52 0
0.6 3.56 0
0.6 3.6 0
0.6 3.64 0
0.6 3.68 0
0.6 3.72 0
0.6 3.76 0
0.6 3.8 0
0.6 3.84 0
0.6 3.88 0
0.6 3.92 0
0.6 3.96 0
0.6 4 0
0.616667 -4 2.94855e-06
0.616667 -3.96 3.89097e-06
0.616667 -3.92 3.69946e-06
0.616667 -3.88 3.57e-06
0.616667 -3.84 3.64551e-06
0.616667 -3.8 3.78658e-06
0.616667 -3.76 3.51977e-06
0.616667 -3.72 3.5265e-06
0.616667 -3.68 3.57253e-06
0.616667 -3.64 3.11239e-06
0.616667 -3.6 3.20923e-06
0.616667 -3.56 3.44681e-06
0.616667 -3.52 3.0423e-06
0.616667 -3.48 3.05503e-06
0.616667 -3.44 3.7303e-06
0.616667 -3.4 3.33498e-06
0.616667 -3.36 3.04837e-06
0.616667 -3.32 3.1831e-06
0.616667 -3.28 3.48926e-06
0.616667 -3.24 3.01751e-06
0.616667 -3.2 3.37939e-06
0.616667 -3.16 3.12586e-06
0.616667 -3.12 3.18236e-06
0.616667 -3.08 3.00024e-06
0.616667 -3.04 2.99737e-06
0.616667 -3 3.12853e-06
0.616667 -2.96 3.02957e-06
0.616667 -2.92 2.89267e-06
0.616667 -2.88 2.83577e-06
0.616667 -2.84 3.09918e-06
0.616667 -2.8 3.10693e-06
0.616667 -2.76 2.94867e-06
0.616667 -2.72 3.14426e-06
0.616667 -2.68 3.04491e-06
0.616667 -2.64 2.93381e-06
0.616667 -2.6 2.84717e-06
0.616667 -2.56 2.79849e-06
0.616667 -2.52 2.91017e-06
0.616667 -2.48 2.8844e-06
0.616667 -2.44 2.97615e-06
0.616667 -2.4 2.81176e-06
0.616667 -2.36 2.81544e-06
0.616667 -2.32 2.72503e-06
0.616667 -2.28 2.77525e-06
0.616667 -2.24 2.61577e-06
0.616667 -2.2 2.77413e-06
0.616667 -2.16 2.79629e-06
0.616667 -2.12 2.65552e-06
0.616667 -2.08 2.64472e-06
0.616667 -2.04 2.68735e-06
0.616667 -2 2.75221e-06
0.616667 -1.96 2.64537e-06
0.616667 -1.92 2.75849e-06
0.616667 -1.88 2.63832e-06
0.616667 -1.84 2.5736e-06
0.616667 -1.8 2.74326e-06
0.616667 -1.76 2.65178e-06
0.616667 -1.72 2.69764e-06
0.616667 -1.68 2.67253e-06
0.616667 -1.64 2.72809e-06
0.616667 -1.6 2.57412e-06
0.616667 -1.56 2.63295e-06
0.616667 -1.52 2.64856e-06
0.616667 -1.48 2.56328e-06
0.616667 -1.44 2.52391e-06
0.616667 -1.4 2.5553e-06
0.616667 -1.36 2.65617e-06
0.616667 -1.32 2.53463e-06
0.616667 -1.28 2.49819e-06
0.616667 -1.24 2.64337e-06
0.616667 -1.2 2.65388e-06
0.616667 -1.16 2.47433e-06
0.616667 -1.12 2.53883e-06
0.616667 -1.08 2.53145e-06
0.616667 -1.04 2.50517e-06
0.616667 -1 2.48953e-06
0.616667 -0.96 2.55463e-06
0.616667 -0.92 2.47396e-06
0.616667 -0.88 2.4986e-06
0.616667 -0.84 2.48259e-06
0.616667 -0.8 2.51709e-06
0.616667 -0.76 2.50646e-06
0.616667 -0.72 2.42036e-06
0.616667 -0.68 2.46894e-06
0.616667 -0.64 2.441e-06
0.616667 -0.6 2.41037e-06
0.616667 -0.56 2.41435e-06
0.616667 -0.52 2.44702e-06
0.616667 -0.48 2.39156e-06
0.616667 -0.44 2.39915e-06
0.616667 -0.4 2.39027e-06
0.616667 -0.36 2.37236e-06
0.616667 -0.32 2.36862e-06
0.616667 -0.28 2.35866e-06
0.616667 -0.24 2.33223e-06
0.616667 -0.2 2.31616e-06
0.616667 -0.16 2.30114e-06
0.616667 -0.12 2.28922e-06
0.616667 -0.08 2.229e-06
0.616667 -0.04 2.17549e-06
0.616667 0 2.12867e-06
0.616667 0.04 2.10779e-06
0.616667 0.08 2.08692e-06
0.616667 0.12 2.08396e-06
0.616667 0.16 2.07353e-06
0.616667 0.2 2.06309e-06
0.616667 0.24 2.05265e-06
0.616667 0.28 2.04222e-06
0.616667 0.32 2.03178e-06
0.616667 0.36 2.02135e-06
0.616667 0.4 2.01091e-06
0.616667 0.44 1.99272e-06
0.616667 0.48 1.98496e-06
0.616667 0.52 1.97826e-06
0.616667 0.56 1.96783e-06
0.616667 0.6 1.96113e-06
0.616667 0.64 1.96113e-06
0.616667 0.68 1.9507e-06
0.616667 0.72 1.94026e-06
0.616667 0.76 1.92982e-06
0.616667 0.8 1.92982e-06
0.616667 0.84 1.91939e-06
0.616667 0.88 1.90895e-06
0.616667 0.92 1.90895e-06
0.616667 0.96 1.89851e-06
0.616667 1 0
0.616667 1.04 0
0.616667 1.08 0
0.616667 1.12 0
0.616667 1.16 0
0.616667 1.2 0
0.616667 1.24 0
0.616667 1.28 0
0.616667 1.32 0
0.616667 1.36 0
0.616667 1.4 0
0.616667 1.44 0
0.616667 1.48 0
0.616667 1.52 0
0.616667 1.56 0
0.616667 1.6 0
0.616667 1.64 0
0.616667 1.68 0
0.616667 1.72 0
0.616667 1.76 0
0.616667 1.8 0
0.616667 1.84 0
0.616667 1.88 0
0.616667 1.92 0
0.616667 1.96 0
0.616667 2 0
0.616667 2.04 0
0.616667 2.08 0
0.616667 2.12 0
0.616667 2.16 0
0.616667 2.2 0
0.616667 2.24 0
0.616667 2.28 0
0.616667 2.32 0
0.616667 2.36 0
0.616667 2.4 0
0.616667 2.44 0
0.616667 2.48 0
0.616667 2.52 0
0.616667 2.56 0
0.616667 2.6 0
0.616667 2.64 0
0.616667 2.68 0
0.616667 2.72 0
0.616667 2.76 0
0.616667 2.8 0
0.616667 2.84 0
0.616667 2.88 0
0.616667 2.92 0
0.616667 2.96 0
0.616667 3 0
0.616667 3.04 0
0.616667 3.08 0
0.616667 3.12 0
0.616667 3.16 0
0.616667 3.2 0
0.616667 3.24 0
0.616667 3.28 0
0.616667 3.32 0
0.616667 3.36 0
0.616667 3.4 0
0.616667 3.44 0
0.616667 3.48 0
0.616667 3.52 0
0.616667 3.56 0
0.616667 3.6 0
0.616667 3.64 0
0.616667 3.68 0
0.616667 3.72 0
0.616667 3.76 0
0.616667 3.8 0
0.616667 3.84 0
0.616667 3.88 0
0.616667 3.92 0
0.616667 3.96 0
0.616667 4 0
0.633333 -4 3.15734e-06
0.633333 -3.96 4.12033e-06
0.633333 -3.92 3.55127e-06
0.633333 -3.88 3.33321e-06
0.633333 -3.84 3.57167e-06
0.633333 -3.8 3.27456e-06
0.633333 -3.76 3.28587e-06
0.633333 -3.72 3.60999e-06
0.633333 -3.68 3.69451e-06
0.633333 -3.64 3.19462e-06
0.633333 -3.6 3.13837e-06
0.633333 -3.56 3.35726e-06
0.633333 -3.52 3.00124e-06
0.633333 -3.48 3.16011e-06
0.633333 -3.44 3.60003e-06
0.633333 -3.4 3.20741e-06
0.633333 -3.36 3.09624e-06
0.633333 -3.32 3.44193e-06
0.633333 -3.28 3.43872e-06
0.633333 -3.24 3.18711e-06
0.633333 -3.2 3.29194e-06
0.633333 -3.16 3.04092e-06
0.633333 -3.12 3.21077e-06
0.633333 -3.08 2.95032e-06
0.633333 -3.04 2.86636e-06
0.633333 -3 3.16e-06
0.633333 -2.96 3.02764e-06
0.633333 -2.92 2.91283e-06
0.633333 -2.88 2.84532e-06
0.633333 -2.84 3.14902e-06
0.633333 -2.8 3.03529e-06
0.633333 -2.76 2.87084e-06
0.633333 -2.72 3.00812e-06
0.633333 -2.68 2.98822e-06
0.633333 -2.64 2.92171e-06
0.633333 -2.6 2.8875e-06
0.633333 -2.56 2.82668e-06
0.633333 -2.52 2.79513e-06
0.633333 -2.48 2.84506e-06
0.633333 -2.44 2.86274e-06
0.633333 -2.4 2.78614e-06
0.633333 -2.36 2.7379e-06
0.633333 -2.32 2.76616e-06
0.633333 -2.28 2.81055e-06
0.633333 -2.24 2.66453e-06
0.633333 -2.2 2.66787e-06
0.633333 -2.16 2.82207e-06
0.633333 -2.12 2.61369e-06
0.633333 -2.08 2.62474e-06
0.633333 -2.04 2.62913e-06
0.633333 -2 2.7098e-06
0.633333 -1.96 2.64883e-06
0.633333 -1.92 2.80032e-06
0.633333 -1.88 2.69894e-06
0.633333 -1.84 2.58872e-06
0.633333 -1.8 2.76163e-06
0.633333 -1.76 2.70273e-06
0.633333 -1.72 2.73357e-06
0.633333 -1.68 2.62431e-06
0.633333 -1.64 2.69487e-06
0.633333 -1.6 2.59521e-06
0.633333 -1.56 2.60196e-06
0.633333 -1.52 2.68707e-06
0.633333 -1.48 2.55694e-06
0.633333 -1.44 2.5086e-06
0.633333 -1.4 2.54283e-06
0.633333 -1.36 2.63393e-06
0.633333 -1.32 2.53898e-06
0.633333 -1.28 2.50687e-06
0.633333 -1.24 2.58844e-06
0.633333 -1.2 2.59867e-06
0.633333 -1.16 2.4922e-06
0.633333 -1.12 2.5295e-06
0.633333 -1.08 2.55352e-06
0.633333 -1.04 2.47346e-06
0.633333 -1 2.45606e-06
0.633333 -0.96 2.51516e-06
0.633333 -0.92 2.46706e-06
0.633333 -0.88 2.50369e-06
0.633333 -0.84 2.44081e-06
0.633333 -0.8 2.48057e-06
0.633333 -0.76 2.50707e-06
0.633333 -0.72 2.38805e-06
0.633333 -0.68 2.46503e-06
0.633333 -0.64 2.39088e-06
0.633333 -0.6 2.38121e-06
0.633333 -0.56 2.39975e-06
0.633333 -0.52 2.42945e-06
0.633333 -0.48 2.3719e-06
0.633333 -0.44 2.3718e-06
0.633333 -0.4 2.36698e-06
0.633333 -0.36 2.34806e-06
0.633333 -0.32 2.34381e-06
0.633333 -0.28 2.33553e-06
0.633333 -0.24 2.30897e-06
0.633333 -0.2 2.29314e-06
0.633333 -0.16 2.27809e-06
0.633333 -0.12 2.26893e-06
0.633333 -0.08 2.21127e-06
0.633333 -0.04 2.15981e-06
0.633333 0 2.11453e-06
0.633333 0.04 2.09366e-06
0.633333 0.08 2.07279e-06
0.633333 0.12 2.07084e-06
0.633333 0.16 2.0604e-06
0.633333 0.2 2.04997e-06
0.633333 0.24 2.03953e-06
0.633333 0.28 2.02909e-06
0.633333 0.32 2.01866e-06
0.633333 0.36 2.00822e-06
0.633333 0.4 1.99778e-06
0.633333 0.44 1.98036e-06
0.633333 0.48 1.97338e-06
0.633333 0.52 1.96719e-06
0.633333 0.56 1.95675e-06
0.633333 0.6 1.95056e-06
0.633333 0.64 1.95056e-06
0.633333 0.68 1.94013e-06
0.633333 0.72 1.92969e-06
0.633333 0.76 1.91925e-06
0.633333 0.8 1.91925e-06
0.633333 0.84 1.90882e-06
0.633333 0.88 1.89838e-06
0.633333 0.92 1.89838e-06
0.633333 0.96 1.88794e-06
0.633333 1 0
0.633333 1.04 0
0.633333 1.08 0
0.633333 1.12 0
0.633333 1.16 0
0.633333 1.2 0
0.633333 1.24 0
0.633333 1.28 0
0.633333 1.32 0
0.633333 1.36 0
0.633333 1.4 0
0.633333 1.44 0
0.633333 1.48 0
0.633333 1.52 0
0.633333 1.56 0
0.633333 1.6 0
0.633333 1.64 0
0.633333 1.68 0
0.633333 1.72 0
0.633333 1.76 0
0.633333 1.8 0
0.633333 1.84 0
0.633333 1.88 0
0.633333 1.92 0
0.633333 1.96 0
0.633333 2 0
0.633333 2.04 0
0.633333 2.08 0
0.633333 2.12 0
0.633333 2.16 0
0.633333 2.2 0
0.633333 2.24 0
0.633333 2.28 0
0.633333 2.32 0
0.633333 2.36 0
0.633333 2.4 0
0.633333 2.44 0
0.633333 2.48 0
0.633333 2.52 0
0.633333 2.56 0
0.633333 2.6 0
0.633333 2.64 0
0.633333 2.68 0
0.633333 2.72 0
0.633333 2.76 0
0.633333 2.8 0
0.633333 2.84 0
0.633333 2.88 0
0.633333 2.92 0
0.633333 2.96 0
0.633333 3 0
0.633333 3.04 0
0.633333 3.08 0
0.633333 3.12 0
0.633333 3.16 0
0.633333 3.2 0
0.633333 3.24 0
0.633333 3.28 0
0.633333 3.32 0
0.633333 3.36 0
0.633333 3.4 0
0.633333 3.44 0
0.633333 3.48 0
0.633333 3.52 0
0.633333 3.56 0
0.633333 3.6 0
0.633333 3.64 0
0.633333 3.68 0
0.633333 3.72 0
0.633333 3.76 0
0.633333 3.8 0
0.633333 3.84 0
0.633333 3.88 0
0.633333 3.92 0
0.633333 3.96 0
0.633333 4 0
0.65 -4 3.39838e-06
0.65 -3.96 4.04755e-06
0.65 -3.92 3.52483e-06
0.65 -3.88 3.37648e-06
0.65 -3.84 3.33717e-06
0.65 -3.8 3.04072e-06
0.65 -3.76 3.38039e-06
0.65 -3.72 3.67616e-06
0.65 -3.68 3.71393e-06
0.65 -3.64 3.29359e-06
0.65 -3.6 3.2004e-06
0.65 -3.56 3.27595e-06
0.65 -3.52 3.05404e-06
0.65 -3.48 3.29703e-06
0.65 -3.44 3.36552e-06
0.65 -3.4 3.07447e-06
0.65 -3.36 3.18864e-06
0.65 -3.32 3.68258e-06
0.65 -3.28 3.34044e-06
0.65 -3.24 3.24356e-06
0.65 -3.2 3.18882e-06
0.65 -3.16 3.02907e-06
0.65 -3.12 3.23818e-06
0.65 -3.08 2.8945e-06
0.65 -3.04 2.7898e-06
0.65 -3 3.11038e-06
0.65 -2.96 3.11173e-06
0.65 -2.92 2.98406e-06
0.65 -2.88 2.95924e-06
0.65 -2.84 3.1724e-06
0.65 -2.8 3.00547e-06
0.65 -2.76 2.70488e-06
0.65 -2.72 2.8857e-06
0.65 -2.68 3.02629e-06
0.65 -2.64 2.92651e-06
0.65 -2.6 2.93724e-06
0.65 -2.56 2.82145e-06
0.65 -2.52 2.74064e-06
0.65 -2.48 2.81593e-06
0.65 -2.44 2.74044e-06
0.65 -2.4 2.83951e-06
0.65 -2.36 2.73469e-06
0.65 -2.32 2.77602e-06
0.65 -2.28 2.87966e-06
0.65 -2.24 2.71586e-06
0.65 -2.2 2.61212e-06
0.65 -2.16 2.77371e-06
0.65 -2.12 2.6151e-06
0.65 -2.08 2.6516e-06
0.65 -2.04 2.6109e-06
0.65 -2 2.69269e-06
0.65 -1.96 2.69549e-06
0.65 -1.92 2.76191e-06
0.65 -1.88 2.79318e-06
0.65 -1.84 2.64511e-06
0.65 -1.8 2.73454e-06
0.65 -1.76 2.68986e-06
0.65 -1.72 2.71679e-06
0.65 -1.68 2.53516e-06
0.65 -1.64 2.6671e-06
0.65 -1.6 2.60314e-06
0.65 -1.56 2.55515e-06
0.65 -1.52 2.674e-06
0.65 -1.48 2.58492e-06
0.65 -1.44 2.50693e-06
0.65 -1.4 2.52379e-06
0.65 -1.36 2.56679e-06
0.65 -1.32 2.55741e-06
0.65 -1.28 2.5197e-06
0.65 -1.24 2.52534e-06
0.65 -1.2 2.5171e-06
0.65 -1.16 2.51418e-06
0.65 -1.12 2.51552e-06
0.65 -1.08 2.5536e-06
0.65 -1.04 2.47211e-06
0.65 -1 2.43256e-06
0.65 -0.96 2.46823e-06
0.65 -0.92 2.47044e-06
0.65 -0.88 2.49892e-06
0.65 -0.84 2.40529e-06
0.65 -0.8 2.44803e-06
0.65 -0.76 2.47406e-06
0.65 -0.72 2.38041e-06
0.65 -0.68 2.45271e-06
0.65 -0.64 2.35443e-06
0.65 -0.6 2.37452e-06
0.65 -0.56 2.38483e-06
0.65 -0.52 2.39474e-06
0.65 -0.48 2.35835e-06
0.65 -0.44 2.34168e-06
0.65 -0.4 2.34422e-06
0.65 -0.36 2.32431e-06
0.65 -0.32 2.31957e-06
0.65 -0.28 2.31287e-06
0.65 -0.24 2.28643e-06
0.65 -0.2 2.27073e-06
0.65 -0.16 2.25547e-06
0.65 -0.12 2.24855e-06
0.65 -0.08 2.19358e-06
0.65 -0.04 2.1443e-06
0.65 0 2.10072e-06
0.65 0.04 2.07985e-06
0.65 0.08 2.05898e-06
0.65 0.12 2.05802e-06
0.65 0.16 2.04758e-06
0.65 0.2 2.03714e-06
0.65 0.24 2.02671e-06
0.65 0.28 2.01627e-06
0.65 0.32 2.00583e-06
0.65 0.36 1.9954e-06
0.65 0.4 1.98496e-06
0.65 0.44 1.96839e-06
0.65 0.48 1.96226e-06
0.65 0.52 1.95656e-06
0.65 0.56 1.94612e-06
0.65 0.6 1.94042e-06
0.65 0.64 1.94042e-06
0.65 0.68 1.92999e-06
0.65 0.72 1.91955e-06
0.65 0.76 1.90911e-06
0.65 0.8 1.90911e-06
0.65 0.84 1.89868e-06
0.65 0.88 1.88824e-06
0.65 0.92 1.88824e-06
0.65 0.96 1.87781e-06
0.65 1 0
0.65 1.04 0
0.65 1.08 0
0.65 1.12 0
0.65 1.16 0
0.65 1.2 0
0.65 1.24 0
0.65 1.28 0
0.65 1.32 0
0.65 1.36 0
0.65 1.4 0
0.65 1.44 0
0.65 1.48 0
0.65 1.52 0
0.65 1.56 0
0.65 1.6 0
0.65 1.64 0
0.65 1.68 0
0.65 1.72 0
0.65 1.76 0
0.65 1.8 0
0.65 1.84 0
0.65 1.88 0
0.65 1.92 0
0.65 1.96 0
0.65 2 0
0.65 2.04 0
0.65 2.08 0
0.65 2.12 0
0.65 2.16 0
0.65 2.2 0
0.65 2.24 0
0.65 2.28 0
0.65 2.32 0
0.65 2.36 0
0.65 2.4 0
0.65 2.44 0
0.65 2.48 0
0.65 2.52 0
0.65 2.56 0
0.65 2.6 0
0.65 2.64 0
0.65 2.68 0
0.65 2.72 0
0.65 2.76 0
0.65 2.8 0
0.65 2.84 0
0.65 2.88 0
0.65 2.92 0
0.65 2.96 0
0.65 3 0
0.65 3.04 0
0.65 3.08 0
0.65 3.12 0
0.65 3.16 0
0.65 3.2 0
0.65 3.24 0
0.65 3.28 0
0.65 3.32 0
0.65 3.36 0
0.65 3.4 0
0.65 3.44 0
0.65 3.48 0
0.65 3.52 0
0.65 3.56 0
0.65 3.6 0
0.65 3.64 0
0.65 3.68 0
0.65 3.72 0
0.65 3.76 0
0.65 3.8 0
0.65 3.84 0
0.65 3.88 0
0.65 3.92 0
0.65 3.96 0
0.65 4 0
0.666667 -4 3.55359e-06
0.666667 -3.96 3.77275e-06
0.666667 -3.92 3.63186e-06
0.666667 -3.88 3.56925e-06
0.666667 -3.84 3.16744e-06
0.666667 -3.8 3.08395e-06
0.666667 -3.76 3.67883e-06
0.666667 -3.72 3.71535e-06
0.666667 -3.68 3.55881e-06
0.666667 -3.64 3.39704e-06
0.666667 -3.6 3.31877e-06
0.666667 -3.56 3.24572e-06
0.666667 -3.52 3.10483e-06
0.666667 -3.48 3.34486e-06
0.666667 -3.44 3.08917e-06
0.666667 -3.4 3.02655e-06
0.666667 -3.36 3.23006e-06
0.666667 -3.32 3.71014e-06
0.666667 -3.28 3.26137e-06
0.666667 -3.24 3.30312e-06
0.666667 -3.2 3.08917e-06
0.666667 -3.16 3.08395e-06
0.666667 -3.12 3.19875e-06
0.666667 -3.08 2.94828e-06
0.666667 -3.04 2.72912e-06
0.666667 -3 3.0109e-06
0.666667 -2.96 3.19354e-06
0.666667 -2.92 3.00568e-06
0.666667 -2.88 2.99524e-06
0.666667 -2.84 3.03699e-06
0.666667 -2.8 3.02133e-06
0.666667 -2.76 2.73433e-06
0.666667 -2.72 2.80739e-06
0.666667 -2.68 3.13092e-06
0.666667 -2.64 2.91175e-06
0.666667 -2.6 2.96915e-06
0.666667 -2.56 2.74477e-06
0.666667 -2.52 2.75521e-06
0.666667 -2.48 2.81261e-06
0.666667 -2.44 2.73955e-06
0.666667 -2.4 2.91175e-06
0.666667 -2.36 2.8387e-06
0.666667 -2.32 2.77086e-06
0.666667 -2.28 2.91697e-06
0.666667 -2.24 2.74999e-06
0.666667 -2.2 2.63519e-06
0.666667 -2.16 2.71868e-06
0.666667 -2.12 2.61432e-06
0.666667 -2.08 2.64041e-06
0.666667 -2.04 2.62475e-06
0.666667 -2 2.67693e-06
0.666667 -1.96 2.7239e-06
0.666667 -1.92 2.68737e-06
0.666667 -1.88 2.80217e-06
0.666667 -1.84 2.70302e-06
0.666667 -1.8 2.66128e-06
0.666667 -1.76 2.61432e-06
0.666667 -1.72 2.66128e-06
0.666667 -1.68 2.45255e-06
0.666667 -1.64 2.65606e-06
0.666667 -1.6 2.59344e-06
0.666667 -1.56 2.53082e-06
0.666667 -1.52 2.61432e-06
0.666667 -1.48 2.58822e-06
0.666667 -1.44 2.50995e-06
0.666667 -1.4 2.48908e-06
0.666667 -1.36 2.50473e-06
0.666667 -1.32 2.56735e-06
0.666667 -1.28 2.53082e-06
0.666667 -1.24 2.47342e-06
0.666667 -1.2 2.44733e-06
0.666667 -1.16 2.53082e-06
0.666667 -1.12 2.49952e-06
0.666667 -1.08 2.51517e-06
0.666667 -1.04 2.48386e-06
0.666667 -1 2.42124e-06
0.666667 -0.96 2.43168e-06
0.666667 -0.92 2.47342e-06
0.666667 -0.88 2.47342e-06
0.666667 -0.84 2.38472e-06
0.666667 -0.8 2.42646e-06
0.666667 -0.76 2.41602e-06
0.666667 -0.72 2.39515e-06
0.666667 -0.68 2.42646e-06
0.666667 -0.64 2.33775e-06
0.666667 -0.6 2.3795e-06
0.666667 -0.56 2.36384e-06
0.666667 -0.52 2.34819e-06
0.666667 -0.48 2.34819e-06
0.666667 -0.44 2.31166e-06
0.666667 -0.4 2.3221e-06
0.666667 -0.36 2.30122e-06
0.666667 -0.32 2.29601e-06
0.666667 -0.28 2.29079e-06
0.666667 -0.24 2.2647e-06
0.666667 -0.2 2.24904e-06
0.666667 -0.16 2.23339e-06
0.666667 -0.12 2.22817e-06
0.666667 -0.08 2.17599e-06
0.666667 -0.04 2.12902e-06
0.666667 0 2.08728e-06
0.666667 0.04 2.06641e-06
0.666667 0.08 2.04553e-06
0.666667 0.12 2.04553e-06
0.666667 0.16 2.0351e-06
0.666667 0.2 2.02466e-06
0.666667 0.24 2.01422e-06
0.666667 0.28 2.00379e-06
0.666667 0.32 1.99335e-06
0.666667 0.36 1.98291e-06
0.666667 0.4 1.97248e-06
0.666667 0.44 1.95682e-06
0.666667 0.48 1.9516e-06
0.666667 0.52 1.94639e-06
0.666667 0.56 1.93595e-06
0.666667 0.6 1.93073e-06
0.666667 0.64 1.93073e-06
0.666667 0.68 1.9203e-06
0.666667 0.72 1.90986e-06
0.666667 0.76 1.89942e-06
0.666667 0.8 1.89942e-06
0.666667 0.84 1.88899e-06
0.666667 0.88 1.87855e-06
0.666667 0.92 1.87855e-06
0.666667 0.96 1.86811e-06
0.666667 1 0
0.666667 1.04 0
0.666667 1.08 0
0.666667 1.12 0
0.666667 1.16 0
0.666667 1.2 0
0.666667 1.24 0
0.666667 1.28 0
0.666667 1.32 0
0.666667 1.36 0
0.666667 1.4 0
0.666667 1.44 0
0.666667 1.48 0
0.666667 1.52 0
0.666667 1.56 0
0.666667 1.6 0
0.666667 1.64 0
0.666667 1.68 0
0.666667 1.72 0
0.666667 1.76 0
0.666667 1.8 0
0.666667 1.84 0
0.666667 1.88 0
0.666667 1.92 0
0.666667 1.96 0
0.666667 2 0
0.666667 2.04 0
0.666667 2.08 0
0.666667 2.12 0
0.666667 2.16 0
0.666667 2.2 0
0.666667 2.24 0
0.666667 2.28 0
0.666667 2.32 0
0.666667 2.36 0
0.666667 2.4 0
0.666667 2.44 0
0.666667 2.48 0
0.666667 2.52 0
0.666667 2.56 0
0.666667 2.6 0
0.666667 2.64 0
0.666667 2.68 0
0.666667 2.72 0
0.666667 2.76 0
0.666667 2.8 0
0.666667 2.84 0
0.666667 2.88 0
0.666667 2.92 0
0.666667 2.96 0
0.666667 3 0
0.666667 3.04 0
0.666667 3.08 0
0.666667 3.12 0
0.666667 3.16 0
0.666667 3.2 0
0.666667 3.24 0
0.666667 3.28 0
0.666667 3.32 0
0.666667 3.36 0
0.666667 3.4 0
0.666667 3.44 0
0.666667 3.48 0
0.666667 3.52 0
0.666667 3.56 0
0.666667 3.6 0
0.666667 3.64 0
0.666667 3.68 0
0.666667 3.72 0
0.666667 3.76 0
0.666667 3.8 0
0.666667 3.84 0
0.666667 3.88 0
0.666667 3.92 0
0.666667 3.96 0
0.666667 4 0
0.683333 -4 3.61548e-06
0.683333 -3.96 3.46732e-06
0.683333 -3.92 3.73786e-06
0.683333 -3.88 3.64012e-06
0.683333 -3.84 3.25507e-06
0.683333 -3.8 3.16741e-06
0.683333 -3.76 3.73796e-06
0.683333 -3.72 3.68013e-06
0.683333 -3.68 3.33899e-06
0.683333 -3.64 3.46034e-06
0.683333 -3.6 3.38671e-06
0.683333 -3.56 3.2478e-06
0.683333 -3.52 3.04546e-06
0.683333 -3.48 3.2774e-06
0.683333 -3.44 2.915e-06
0.683333 -3.4 3.07831e-06
0.683333 -3.36 3.17651e-06
0.683333 -3.32 3.51454e-06
0.683333 -3.28 3.23993e-06
0.683333 -3.24 3.44343e-06
0.683333 -3.2 3.02772e-06
0.683333 -3.16 3.13515e-06
0.683333 -3.12 3.09225e-06
0.683333 -3.08 3.06069e-06
0.683333 -3.04 2.68545e-06
0.683333 -3 2.9134e-06
0.683333 -2.96 3.16648e-06
0.683333 -2.92 2.95058e-06
0.683333 -2.88 2.9315e-06
0.683333 -2.84 2.8294e-06
0.683333 -2.8 3.03999e-06
0.683333 -2.76 2.89679e-06
0.683333 -2.72 2.76926e-06
0.683333 -2.68 3.19665e-06
0.683333 -2.64 2.88407e-06
0.683333 -2.6 2.98797e-06
0.683333 -2.56 2.64764e-06
0.683333 -2.52 2.79913e-06
0.683333 -2.48 2.83644e-06
0.683333 -2.44 2.83512e-06
0.683333 -2.4 2.87558e-06
0.683333 -2.36 2.90772e-06
0.683333 -2.32 2.79711e-06
0.683333 -2.28 2.87122e-06
0.683333 -2.24 2.77887e-06
0.683333 -2.2 2.70186e-06
0.683333 -2.16 2.70702e-06
0.683333 -2.12 2.60843e-06
0.683333 -2.08 2.61699e-06
0.683333 -2.04 2.61941e-06
0.683333 -2 2.67132e-06
0.683333 -1.96 2.68675e-06
0.683333 -1.92 2.63515e-06
0.683333 -1.88 2.71559e-06
0.683333 -1.84 2.72593e-06
0.683333 -1.8 2.57897e-06
0.683333 -1.76 2.52635e-06
0.683333 -1.72 2.62058e-06
0.683333 -1.68 2.40926e-06
0.683333 -1.64 2.65872e-06
0.683333 -1.6 2.57202e-06
0.683333 -1.56 2.54909e-06
0.683333 -1.52 2.56208e-06
0.683333 -1.48 2.526e-06
0.683333 -1.44 2.51878e-06
0.683333 -1.4 2.45853e-06
0.683333 -1.36 2.48914e-06
0.683333 -1.32 2.55713e-06
0.683333 -1.28 2.53976e-06
0.683333 -1.24 2.45849e-06
0.683333 -1.2 2.43005e-06
0.683333 -1.16 2.53799e-06
0.683333 -1.12 2.48552e-06
0.683333 -1.08 2.46255e-06
0.683333 -1.04 2.47648e-06
0.683333 -1 2.41953e-06
0.683333 -0.96 2.41528e-06
0.683333 -0.92 2.46424e-06
0.683333 -0.88 2.42931e-06
0.683333 -0.84 2.38211e-06
0.683333 -0.8 2.41857e-06
0.683333 -0.76 2.35397e-06
0.683333 -0.72 2.41553e-06
0.683333 -0.68 2.39187e-06
0.683333 -0.64 2.33773e-06
0.683333 -0.6 2.37699e-06
0.683333 -0.56 2.33694e-06
0.683333 -0.52 2.30174e-06
0.683333 -0.48 2.33679e-06
0.683333 -0.44 2.28491e-06
0.683333 -0.4 2.30072e-06
0.683333 -0.36 2.27891e-06
0.683333 -0.32 2.27323e-06
0.683333 -0.28 2.26936e-06
0.683333 -0.24 2.24386e-06
0.683333 -0.2 2.22817e-06
0.683333 -0.16 2.21196e-06
0.683333 -0.12 2.20789e-06
0.683333 -0.08 2.15858e-06
0.683333 -0.04 2.11403e-06
0.683333 0 2.07423e-06
0.683333 0.04 2.05336e-06
0.683333 0.08 2.03249e-06
0.683333 0.12 2.03342e-06
0.683333 0.16 2.02298e-06
0.683333 0.2 2.01255e-06
0.683333 0.24 2.00211e-06
0.683333 0.28 1.99167e-06
0.683333 0.32 1.98124e-06
0.683333 0.36 1.9708e-06
0.683333 0.4 1.96037e-06
0.683333 0.44 1.94568e-06
0.683333 0.48 1.94144e-06
0.683333 0.52 1.93669e-06
0.683333 0.56 1.92625e-06
0.683333 0.6 1.9215e-06
0.683333 0.64 1.9215e-06
0.683333 0.68 1.91106e-06
0.683333 0.72 1.90063e-06
0.683333 0.76 1.89019e-06
0.683333 0.8 1.89019e-06
0.683333 0.84 1.87975e-06
0.683333 0.88 1.86932e-06
0.683333 0.92 1.86932e-06
0.683333 0.96 1.85888e-06
0.683333 1 0
0.683333 1.04 0
0.683333 1.08 0
0.683333 1.12 0
0.683333 1.16 0
0.683333 1.2 0
0.683333 1.24 0
0.683333 1.28 0
0.683333 1.32 0
0.683333 1.36 0
0.683333 1.4 0
0.683333 1.44 0
0.683333 1.48 0
0.683333 1.52 0
0.683333 1.56 0
0.683333 1.6 0
0.683333 1.64 0
0.683333 1.68 0
0.683333 1.72 0
0.683333 1.76 0
0.683333 1.8 0
0.683333 1.84 0
0.683333 1.88 0
0.683333 1.92 0
0.683333 1.96 0
0.683333 2 0
0.683333 2.04 0
0.683333 2.08 0
0.683333 2.12 0
0.683333 2.16 0
0.683333 2.2 0
0.683333 2.24 0
0.683333 2.28 0
0.683333 2.32 0
0.683333 2.36 0
0.683333 2.4 0
0.683333 2.44 0
0.683333 2.48 0
0.683333 2.52 0
0.683333 2.56 0
0.683333 2.6 0
0.683333 2.64 0
0.683333 2.68 0
0.683333 2.72 0
0.683333 2.76 0
0.683333 2.8 0
0.683333 2.84 0
0.683333 2.88 0
0.683333 2.92 0
0.683333 2.96 0
0.683333 3 0
0.683333 3.04 0
0.683333 3.08 0
0.683333 3.12 0
0.683333 3.16 0
0.683333 3.2 0
0.683333 3.24 0
0.683333 3.28 0
0.683333 3.32 0
0.683333 3.36 0
0.683333 3.4 0
0.683333 3.44 0
0.683333 3.48 0
0.683333 3.52 0
0.683333 3.56 0
0.683333 3.6 0
0.683333 3.64 0
0.683333 3.68 0
0.683333 3.72 0
0.683333 3.76 0
0.683333 3.8 0
0.683333 3.84 0
0.683333 3.88 0
0.683333 3.92 0
0.683333 3.96 0
0.683333 4 0
0.7 -4 3.58779e-06
0.7 -3.96 3.27714e-06
0.7 -3.92 3.70905e-06
0.7 -3.88 3.48972e-06
0.7 -3.84 3.53598e-06
0.7 -3.8 3.08963e-06
0.7 -3.76 3.47858e-06
0.7 -3.72 3.54552e-06
0.7 -3.68 3.2144e-06
0.7 -3.64 3.43679e-06
0.7 -3.6 3.37829e-06
0.7 -3.56 3.25978e-06
0.7 -3.52 2.94234e-06
0.7 -3.48 3.16162e-06
0.7 -3.44 2.94395e-06
0.7 -3.4 3.17315e-06
0.7 -3.36 3.10232e-06
0.7 -3.32 3.27985e-06
0.7 -3.28 3.24428e-06
0.7 -3.24 3.54331e-06
0.7 -3.2 3.05386e-06
0.7 -3.16 3.10705e-06
0.7 -3.12 2.9852e-06
0.7 -3.08 3.10495e-06
0.7 -3.04 2.72023e-06
0.7 -3 2.84797e-06
0.7 -2.96 3.03613e-06
0.7 -2.92 2.88403e-06
0.7 -2.88 2.92197e-06
0.7 -2.84 2.76954e-06
0.7 -2.8 3.02456e-06
0.7 -2.76 2.92556e-06
0.7 -2.72 2.76597e-06
0.7 -2.68 3.14523e-06
0.7 -2.64 2.87998e-06
0.7 -2.6 2.98724e-06
0.7 -2.56 2.6276e-06
0.7 -2.52 2.83321e-06
0.7 -2.48 2.85307e-06
0.7 -2.44 2.89274e-06
0.7 -2.4 2.7123e-06
0.7 -2.36 2.83868e-06
0.7 -2.32 2.85558e-06
0.7 -2.28 2.76459e-06
0.7 -2.24 2.80424e-06
0.7 -2.2 2.74836e-06
0.7 -2.16 2.72073e-06
0.7 -2.12 2.63721e-06
0.7 -2.08 2.66524e-06
0.7 -2.04 2.59404e-06
0.7 -2 2.71931e-06
0.7 -1.96 2.6155e-06
0.7 -1.92 2.63054e-06
0.7 -1.88 2.64466e-06
0.7 -1.84 2.70792e-06
0.7 -1.8 2.53393e-06
0.7 -1.76 2.48687e-06
0.7 -1.72 2.62112e-06
0.7 -1.68 2.40669e-06
0.7 -1.64 2.66025e-06
0.7 -1.6 2.54245e-06
0.7 -1.56 2.58054e-06
0.7 -1.52 2.55865e-06
0.7 -1.48 2.45111e-06
0.7 -1.44 2.54114e-06
0.7 -1.4 2.44881e-06
0.7 -1.36 2.51493e-06
0.7 -1.32 2.53014e-06
0.7 -1.28 2.55144e-06
0.7 -1.24 2.48829e-06
0.7 -1.2 2.47365e-06
0.7 -1.16 2.51775e-06
0.7 -1.12 2.4757e-06
0.7 -1.08 2.43932e-06
0.7 -1.04 2.44255e-06
0.7 -1 2.42077e-06
0.7 -0.96 2.41515e-06
0.7 -0.92 2.43778e-06
0.7 -0.88 2.38188e-06
0.7 -0.84 2.39131e-06
0.7 -0.8 2.42054e-06
0.7 -0.76 2.30703e-06
0.7 -0.72 2.41866e-06
0.7 -0.68 2.36042e-06
0.7 -0.64 2.34408e-06
0.7 -0.6 2.35618e-06
0.7 -0.56 2.311e-06
0.7 -0.52 2.26743e-06
0.7 -0.48 2.3196e-06
0.7 -0.44 2.26354e-06
0.7 -0.4 2.28017e-06
0.7 -0.36 2.25747e-06
0.7 -0.32 2.25133e-06
0.7 -0.28 2.24867e-06
0.7 -0.24 2.22401e-06
0.7 -0.2 2.20819e-06
0.7 -0.16 2.1913e-06
0.7 -0.12 2.18781e-06
0.7 -0.08 2.14145e-06
0.7 -0.04 2.09938e-06
0.7 0 2.06163e-06
0.7 0.04 2.04075e-06
0.7 0.08 2.01988e-06
0.7 0.12 2.02171e-06
0.7 0.16 2.01128e-06
0.7 0.2 2.00084e-06
0.7 0.24 1.9904e-06
0.7 0.28 1.97997e-06
0.7 0.32 1.96953e-06
0.7 0.36 1.95909e-06
0.7 0.4 1.94866e-06
0.7 0.44 1.935e-06
0.7 0.48 1.93177e-06
0.7 0.52 1.92747e-06
0.7 0.56 1.91703e-06
0.7 0.6 1.91273e-06
0.7 0.64 1.91273e-06
0.7 0.68 1.90229e-06
0.7 0.72 1.89186e-06
0.7 0.76 1.88142e-06
0.7 0.8 1.88142e-06
0.7 0.84 1.87099e-06
0.7 0.88 1.86055e-06
0.7 0.92 1.86055e-06
0.7 0.96 1.85011e-06
0.7 1 0
0.7 1.04 0
0.7 1.08 0
0.7 1.12 0
0.7 1.16 0
0.7 1.2 0
0.7 1.24 0
0.7 1.28 0
0.7 1.32 0
0.7 1.36 0
0.7 1.4 0
0.7 1.44 0
0.7 1.48 0
0.7 1.52 0
0.7 1.56 0
0.7 1.6 0
0.7 1.64 0
0.7 1.68 0
0.7 1.72 0
0.7 1.76 0
0.7 1.8 0
0.7 1.84 0
0.7 1.88 0
0.7 1.92 0
0.7 1.96 0
0.7 2 0
0.7 2.04 0
0.7 2.08 0
0.7 2.12 0
0.7 2.16 0
0.7 2.2 0
0.7 2.24 0
0.7 2.28 0
0.7 2.32 0
0.7 2.36 0
0.7 2.4 0
0.7 2.44 0
0.7 2.48 0
0.7 2.52 0
0.7 2.56 0
0.7 2.6 0
0.7 2.64 0
0.7 2.68 0
0.7 2.72 0
0.7 2.76 0
0.7 2.8 0
0.7 2.84 0
0.7 2.88 0
0.7 2.92 0
0.7 2.96 0
0.7 3 0
0.7 3.04 0
0.7 3.08 0
0.7 3.12 0
0.7 3.16 0
0.7 3.2 0
0.7 3.24 0
0.7 3.28 0
0.7 3.32 0
0.7 3.36 0
0.7 3.4 0
0.7 3.44 0
0.7 3.48 0
0.7 3.52 0
0.7 3.56 0
0.7 3.6 0
0.7 3.64 0
0.7 3.68 0
0.7 3.72 0
0.7 3.76 0
0.7 3.8 0
0.7 3.84 0
0.7 3.88 0
0.7 3.92 0
0.7 3.96 0
0.7 4 0
0.716667 -4 3.49702e-06
0.716667 -3.96 3.25456e-06
0.716667 -3.92 3.54492e-06
0.716667 -3.88 3.28118e-06
0.716667 -3.84 3.75398e-06
0.716667 -3.8 2.86588e-06
0.716667 -3.76 3.25083e-06
0.716667 -3.72 3.37251e-06
0.716667 -3.68 3.22732e-06
0.716667 -3.64 3.3342e-06
0.716667 -3.6 3.32905e-06
0.716667 -3.56 3.29355e-06
0.716667 -3.52 2.96027e-06
0.716667 -3.48 3.08801e-06
0.716667 -3.44 3.12885e-06
0.716667 -3.4 3.26699e-06
0.716667 -3.36 3.10971e-06
0.716667 -3.32 3.16128e-06
0.716667 -3.28 3.21767e-06
0.716667 -3.24 3.45379e-06
0.716667 -3.2 3.18081e-06
0.716667 -3.16 3.03143e-06
0.716667 -3.12 2.92618e-06
0.716667 -3.08 3.07572e-06
0.716667 -3.04 2.85824e-06
0.716667 -3 2.80778e-06
0.716667 -2.96 2.9202e-06
0.716667 -2.92 2.88597e-06
0.716667 -2.88 3.04269e-06
0.716667 -2.84 2.91966e-06
0.716667 -2.8 2.98212e-06
0.716667 -2.76 2.82071e-06
0.716667 -2.72 2.80447e-06
0.716667 -2.68 2.99972e-06
0.716667 -2.64 2.91063e-06
0.716667 -2.6 2.94283e-06
0.716667 -2.56 2.71033e-06
0.716667 -2.52 2.84315e-06
0.716667 -2.48 2.82854e-06
0.716667 -2.44 2.87279e-06
0.716667 -2.4 2.57787e-06
0.716667 -2.36 2.74419e-06
0.716667 -2.32 2.89522e-06
0.716667 -2.28 2.67387e-06
0.716667 -2.24 2.79957e-06
0.716667 -2.2 2.76212e-06
0.716667 -2.16 2.71972e-06
0.716667 -2.12 2.70237e-06
0.716667 -2.08 2.76353e-06
0.716667 -2.04 2.60688e-06
0.716667 -2 2.8017e-06
0.716667 -1.96 2.583e-06
0.716667 -1.92 2.65585e-06
0.716667 -1.88 2.65681e-06
0.716667 -1.84 2.67424e-06
0.716667 -1.8 2.54421e-06
0.716667 -1.76 2.52075e-06
0.716667 -1.72 2.63758e-06
0.716667 -1.68 2.42824e-06
0.716667 -1.64 2.64776e-06
0.716667 -1.6 2.51007e-06
0.716667 -1.56 2.57781e-06
0.716667 -1.52 2.58965e-06
0.716667 -1.48 2.45173e-06
0.716667 -1.44 2.57578e-06
0.716667 -1.4 2.44025e-06
0.716667 -1.36 2.54895e-06
0.716667 -1.32 2.49806e-06
0.716667 -1.28 2.56694e-06
0.716667 -1.24 2.5307e-06
0.716667 -1.2 2.53718e-06
0.716667 -1.16 2.46244e-06
0.716667 -1.12 2.46842e-06
0.716667 -1.08 2.46508e-06
0.716667 -1.04 2.40771e-06
0.716667 -1 2.41721e-06
0.716667 -0.96 2.41823e-06
0.716667 -0.92 2.40121e-06
0.716667 -0.88 2.34998e-06
0.716667 -0.84 2.39937e-06
0.716667 -0.8 2.42299e-06
0.716667 -0.76 2.28182e-06
0.716667 -0.72 2.38974e-06
0.716667 -0.68 2.33885e-06
0.716667 -0.64 2.34462e-06
0.716667 -0.6 2.3235e-06
0.716667 -0.56 2.29459e-06
0.716667 -0.52 2.251e-06
0.716667 -0.48 2.29438e-06
0.716667 -0.44 2.24773e-06
0.716667 -0.4 2.26054e-06
0.716667 -0.36 2.23697e-06
0.716667 -0.32 2.2304e-06
0.716667 -0.28 2.22879e-06
0.716667 -0.24 2.20519e-06
0.716667 -0.2 2.18919e-06
0.716667 -0.16 2.17148e-06
0.716667 -0.12 2.16804e-06
0.716667 -0.08 2.12465e-06
0.716667 -0.04 2.08514e-06
0.716667 0 2.04949e-06
0.716667 0.04 2.02862e-06
0.716667 0.08 2.00774e-06
0.716667 0.12 2.01044e-06
0.716667 0.16 2.00001e-06
0.716667 0.2 1.98957e-06
0.716667 0.24 1.97913e-06
0.716667 0.28 1.9687e-06
0.716667 0.32 1.95826e-06
0.716667 0.36 1.94782e-06
0.716667 0.4 1.93739e-06
0.716667 0.44 1.92478e-06
0.716667 0.48 1.92261e-06
0.716667 0.52 1.91874e-06
0.716667 0.56 1.90831e-06
0.716667 0.6 1.90444e-06
0.716667 0.64 1.90444e-06
0.716667 0.68 1.894e-06
0.716667 0.72 1.88356e-06
0.716667 0.76 1.87313e-06
0.716667 0.8 1.87313e-06
0.716667 0.84 1.86269e-06
0.716667 0.88 1.85226e-06
0.716667 0.92 1.85226e-06
0.716667 0.96 1.84182e-06
0.716667 1 0
0.716667 1.04 0
0.716667 1.08 0
0.716667 1.12 0
0.716667 1.16 0
0.716667 1.2 0
0.716667 1.24 0
0.716667 1.28 0
0.716667 1.32 0
0.716667 1.36 0
0.716667 1.4 0
0.716667 1.44 0
0.716667 1.48 0
0.716667 1.52 0
0.716667 1.56 0
0.716667 1.6 0
0.716667 1.64 0
0.716667 1.68 0
0.716667 1.72 0
0.716667 1.76 0
0.716667 1.8 0
0.716667 1.84 0
0.716667 1.88 0
0.716667 1.92 0
0.716667 1.96 0
0.716667 2 0
0.716667 2.04 0
0.716667 2.08 0
0.716667 2.12 0
0.716667 2.16 0
0.716667 2.2 0
0.716667 2.24 0
0.716667 2.28 0
0.716667 2.32 0
0.716667 2.36 0
0.716667 2.4 0
0.716667 2.44 0
0.716667 2.48 0
0.716667 2.52 0
0.716667 2.56 0
0.716667 2.6 0
0.716667 2.64 0
0.716667 2.68 0
0.716667 2.72 0
0.716667 2.76 0
0.716667 2.8 0
0.716667 2.84 0
0.716667 2.88 0
0.716667 2.92 0
0.716667 2.96 0
0.716667 3 0
0.716667 3.04 0
0.716667 3.08 0
0.716667 3.12 0
0.716667 3.16 0
0.716667 3.2 0
0.716667 3.24 0
0.716667 3.28 0
0.716667 3.32 0
0.716667 3.36 0
0.716667 3.4 0
0.716667 3.44 0
0.716667 3.48 0
0.716667 3.52 0
0.716667 3.56 0
0.716667 3.6 0
0.716667 3.64 0
0.716667 3.68 0
0.716667 3.72 0
0.716667 3.76 0
0.716667 3.8 0
0.716667 3.84 0
0.716667 3.88 0
0.716667 3.92 0
0.716667 3.96 0
0.716667 4 0
0.733333 -4 3.43631e-06
0.733333 -3.96 3.34259e-06
0.733333 -3.92 3.34451e-06
0.733333 -3.88 3.21615e-06
0.733333 -3.84 3.75883e-06
0.733333 -3.8 2.67829e-06
0.733333 -3.76 3.25711e-06
0.733333 -3.72 3.25e-06
0.733333 -3.68 3.27345e-06
0.733333 -3.64 3.20453e-06
0.733333 -3.6 3.26242e-06
0.733333 -3.56 3.35087e-06
0.733333 -3.52 3.11618e-06
0.733333 -3.48 3.08361e-06
0.733333 -3.44 3.31349e-06
0.733333 -3.4 3.34049e-06
0.733333 -3.36 3.19365e-06
0.733333 -3.32 3.11375e-06
0.733333 -3.28 3.14691e-06
0.733333 -3.24 3.21329e-06
0.733333 -3.2 3.33682e-06
0.733333 -3.16 3.01384e-06
0.733333 -3.12 2.89013e-06
0.733333 -3.08 3.07044e-06
0.733333 -3.04 3.0181e-06
0.733333 -3 2.7698e-06
0.733333 -2.96 2.91778e-06
0.733333 -2.92 2.96515e-06
0.733333 -2.88 3.15192e-06
0.733333 -2.84 3.08646e-06
0.733333 -2.8 2.94396e-06
0.733333 -2.76 2.80987e-06
0.733333 -2.72 2.88276e-06
0.733333 -2.68 2.84912e-06
0.733333 -2.64 2.94391e-06
0.733333 -2.6 2.88337e-06
0.733333 -2.56 2.79907e-06
0.733333 -2.52 2.82882e-06
0.733333 -2.48 2.77466e-06
0.733333 -2.44 2.85707e-06
0.733333 -2.4 2.61464e-06
0.733333 -2.36 2.77136e-06
0.733333 -2.32 2.87587e-06
0.733333 -2.28 2.65982e-06
0.733333 -2.24 2.74646e-06
0.733333 -2.2 2.78454e-06
0.733333 -2.16 2.70703e-06
0.733333 -2.12 2.73941e-06
0.733333 -2.08 2.79206e-06
0.733333 -2.04 2.6779e-06
0.733333 -2 2.81969e-06
0.733333 -1.96 2.61231e-06
0.733333 -1.92 2.67497e-06
0.733333 -1.88 2.69212e-06
0.733333 -1.84 2.65778e-06
0.733333 -1.8 2.58844e-06
0.733333 -1.76 2.59995e-06
0.733333 -1.72 2.63212e-06
0.733333 -1.68 2.46112e-06
0.733333 -1.64 2.62226e-06
0.733333 -1.6 2.49287e-06
0.733333 -1.56 2.53424e-06
0.733333 -1.52 2.60726e-06
0.733333 -1.48 2.52786e-06
0.733333 -1.44 2.60682e-06
0.733333 -1.4 2.40257e-06
0.733333 -1.36 2.56663e-06
0.733333 -1.32 2.47042e-06
0.733333 -1.28 2.57507e-06
0.733333 -1.24 2.53759e-06
0.733333 -1.2 2.55706e-06
0.733333 -1.16 2.40484e-06
0.733333 -1.12 2.45912e-06
0.733333 -1.08 2.51182e-06
0.733333 -1.04 2.39565e-06
0.733333 -1 2.40356e-06
0.733333 -0.96 2.41272e-06
0.733333 -0.92 2.37065e-06
0.733333 -0.88 2.34298e-06
0.733333 -0.84 2.39388e-06
0.733333 -0.8 2.41524e-06
0.733333 -0.76 2.27243e-06
0.733333 -0.72 2.33266e-06
0.733333 -0.68 2.32366e-06
0.733333 -0.64 2.33116e-06
0.733333 -0.6 2.29573e-06
0.733333 -0.56 2.29059e-06
0.733333 -0.52 2.2493e-06
0.733333 -0.48 2.26248e-06
0.733333 -0.44 2.23564e-06
0.733333 -0.4 2.2419e-06
0.733333 -0.36 2.2175e-06
0.733333 -0.32 2.21052e-06
0.733333 -0.28 2.20979e-06
0.733333 -0.24 2.18746e-06
0.733333 -0.2 2.17121e-06
0.733333 -0.16 2.1526e-06
0.733333 -0.12 2.14869e-06
0.733333 -0.08 2.10829e-06
0.733333 -0.04 2.07135e-06
0.733333 0 2.03785e-06
0.733333 0.04 2.01698e-06
0.733333 0.08 1.99611e-06
0.733333 0.12 1.99964e-06
0.733333 0.16 1.9892e-06
0.733333 0.2 1.97877e-06
0.733333 0.24 1.96833e-06
0.733333 0.28 1.95789e-06
0.733333 0.32 1.94746e-06
0.733333 0.36 1.93702e-06
0.733333 0.4 1.92658e-06
0.733333 0.44 1.91506e-06
0.733333 0.48 1.91397e-06
0.733333 0.52 1.91051e-06
0.733333 0.56 1.90008e-06
0.733333 0.6 1.89662e-06
0.733333 0.64 1.89662e-06
0.733333 0.68 1.88619e-06
0.733333 0.72 1.87575e-06
0.733333 0.76 1.86531e-06
0.733333 0.8 1.86531e-06
0.733333 0.84 1.85488e-06
0.733333 0.88 1.84444e-06
0.733333 0.92 1.84444e-06
0.733333 0.96 1.83401e-06
0.733333 1 0
0.733333 1.04 0
0.733333 1.08 0
0.733333 1.12 0
0.733333 1.16 0
0.733333 1.2 0
0.733333 1.24 0
0.733333 1.28 0
0.733333 1.32 0
0.733333 1.36 0
0.733333 1.4 0
0.733333 1.44 0
0.733333 1.48 0
0.733333 1.52 0
0.733333 1.56 0
0.733333 1.6 0
0.733333 1.64 0
0.733333 1.68 0
0.733333 1.72 0
0.733333 1.76 0
0.733333 1.8 0
0.733333 1.84 0
0.733333 1.88 0
0.733333 1.92 0
0.733333 1.96 0
0.733333 2 0
0.733333 2.04 0
0.733333 2.08 0
0.733333 2.12 0
0.733333 2.16 0
0.733333 2.2 0
0.733333 2.24 0
0.733333 2.28 0
0.733333 2.32 0
0.733333 2.36 0
0.733333 2.4 0
0.733333 2.44 0
0.733333 2.48 0
0.733333 2.52 0
0.733333 2.56 0
0.733333 2.6 0
0.733333 2.64 0
0.733333 2.68 0
0.733333 2.72 0
0.733333 2.76 0
0.733333 2.8 0
0.733333 2.84 0
0.733333 2.88 0
0.733333 2.92 0
0.733333 2.96 0
0.733333 3 0
0.733333 3.04 0
0.733333 3.08 0
0.733333 3.12 0
0.733333 3.16 0
0.733333 3.2 0
0.733333 3.24 0
0.733333 3.28 0
0.733333 3.32 0
0.733333 3.36 0
0.733333 3.4 0
0.733333 3.44 0
0.733333 3.48 0
0.733333 3.52 0
0.733333 3.56 0
0.733333 3.6 0
0.733333 3.64 0
0.733333 3.68 0
0.733333 3.72 0
0.733333 3.76 0
0.733333 3.8 0
0.733333 3.84 0
0.733333 3.88 0
0.733333 3.92 0
0.733333 3.96 0
0.733333 4 0
0.75 -4 3.46362e-06
0.75 -3.96 3.42838e-06
0.75 -3.92 3.19437e-06
0.75 -3.88 3.2962e-06
0.75 -3.84 3.65505e-06
0.75 -3.8 2.69024e-06
0.75 -3.76 3.33847e-06
0.75 -3.72 3.19035e-06
0.75 -3.68 3.21576e-06
0.75 -3.64 3.08926e-06
0.75 -3.6 3.19511e-06
0.75 -3.56 3.38602e-06
0.75 -3.52 3.23843e-06
0.75 -3.48 3.08695e-06
0.75 -3.44 3.37484e-06
0.75 -3.4 3.35039e-06
0.75 -3.36 3.24655e-06
0.75 -3.32 3.01284e-06
0.75 -3.28 3.07145e-06
0.75 -3.24 2.98363e-06
0.75 -3.2 3.3972e-06
0.75 -3.16 3.08747e-06
0.75 -3.12 2.82634e-06
0.75 -3.08 3.10708e-06
0.75 -3.04 3.09179e-06
0.75 -3 2.72704e-06
0.75 -2.96 3.00957e-06
0.75 -2.92 3.05206e-06
0.75 -2.88 3.08337e-06
0.75 -2.84 3.06101e-06
0.75 -2.8 2.92839e-06
0.75 -2.76 2.92049e-06
0.75 -2.72 2.97341e-06
0.75 -2.68 2.77744e-06
0.75 -2.64 2.94948e-06
0.75 -2.6 2.89171e-06
0.75 -2.56 2.78333e-06
0.75 -2.52 2.79324e-06
0.75 -2.48 2.73495e-06
0.75 -2.44 2.87874e-06
0.75 -2.4 2.75172e-06
0.75 -2.36 2.85556e-06
0.75 -2.32 2.81307e-06
0.75 -2.28 2.72041e-06
0.75 -2.24 2.67665e-06
0.75 -2.2 2.82499e-06
0.75 -2.16 2.71608e-06
0.75 -2.12 2.697e-06
0.75 -2.08 2.71608e-06
0.75 -2.04 2.74255e-06
0.75 -2 2.72399e-06
0.75 -1.96 2.65473e-06
0.75 -1.92 2.66211e-06
0.75 -1.88 2.67434e-06
0.75 -1.84 2.67202e-06
0.75 -1.8 2.62954e-06
0.75 -1.76 2.6677e-06
0.75 -1.72 2.60076e-06
0.75 -1.68 2.50124e-06
0.75 -1.64 2.59644e-06
0.75 -1.6 2.51294e-06
0.75 -1.56 2.48954e-06
0.75 -1.52 2.58421e-06
0.75 -1.48 2.57989e-06
0.75 -1.44 2.61678e-06
0.75 -1.4 2.34701e-06
0.75 -1.36 2.56207e-06
0.75 -1.32 2.44906e-06
0.75 -1.28 2.55722e-06
0.75 -1.24 2.49692e-06
0.75 -1.2 2.50303e-06
0.75 -1.16 2.39002e-06
0.75 -1.12 2.44347e-06
0.75 -1.08 2.52517e-06
0.75 -1.04 2.3974e-06
0.75 -1 2.37959e-06
0.75 -0.96 2.39614e-06
0.75 -0.92 2.35871e-06
0.75 -0.88 2.35387e-06
0.75 -0.84 2.37042e-06
0.75 -0.8 2.39076e-06
0.75 -0.76 2.26911e-06
0.75 -0.72 2.26911e-06
0.75 -0.68 2.30601e-06
0.75 -0.64 2.30295e-06
0.75 -0.6 2.28387e-06
0.75 -0.56 2.29251e-06
0.75 -0.52 2.25256e-06
0.75 -0.48 2.22863e-06
0.75 -0.44 2.22431e-06
0.75 -0.4 2.22431e-06
0.75 -0.36 2.19911e-06
0.75 -0.32 2.19173e-06
0.75 -0.28 2.19173e-06
0.75 -0.24 2.17086e-06
0.75 -0.2 2.15431e-06
0.75 -0.16 2.1347e-06
0.75 -0.12 2.12986e-06
0.75 -0.08 2.09243e-06
0.75 -0.04 2.05807e-06
0.75 0 2.02676e-06
0.75 0.04 2.00588e-06
0.75 0.08 1.98501e-06
0.75 0.12 1.98933e-06
0.75 0.16 1.9789e-06
0.75 0.2 1.96846e-06
0.75 0.24 1.95803e-06
0.75 0.28 1.94759e-06
0.75 0.32 1.93715e-06
0.75 0.36 1.92672e-06
0.75 0.4 1.91628e-06
0.75 0.44 1.90584e-06
0.75 0.48 1.90584e-06
0.75 0.52 1.90279e-06
0.75 0.56 1.89235e-06
0.75 0.6 1.88929e-06
0.75 0.64 1.88929e-06
0.75 0.68 1.87886e-06
0.75 0.72 1.86842e-06
0.75 0.76 1.85798e-06
0.75 0.8 1.85798e-06
0.75 0.84 1.84755e-06
0.75 0.88 1.83711e-06
0.75 0.92 1.83711e-06
0.75 0.96 1.82668e-06
0.75 1 0
0.75 1.04 0
0.75 1.08 0
0.75 1.12 0
0.75 1.16 0
0.75 1.2 0
0.75 1.24 0
0.75 1.28 0
0.75 1.32 0
0.75 1.36 0
0.75 1.4 0
0.75 1.44 0
0.75 1.48 0
0.75 1.52 0
0.75 1.56 0
0.75 1.6 0
0.75 1.64 0
0.75 1.68 0
0.75 1.72 0
0.75 1.76 0
0.75 1.8 0
0.75 1.84 0
0.75 1.88 0
0.75 1.92 0
0.75 1.96 0
0.75 2 0
0.75 2.04 0
0.75 2.08 0
0.75 2.12 0
0.75 2.16 0
0.75 2.2 0
0.75 2.24 0
0.75 2.28 0
0.75 2.32 0
0.75 2.36 0
0.75 2.4 0
0.75 2.44 0
0.75 2.48 0
0.75 2.52 0
0.75 2.56 0
0.75 2.6 0
0.75 2.64 0
0.75 2.68 0
0.75 2.72 0
0.75 2.76 0
0.75 2.8 0
0.75 2.84 0
0.75 2.88 0
0.75 2.92 0
0.75 2.96 0
0.75 3 0
0.75 3.04 0
0.75 3.08 0
0.75 3.12 0
0.75 3.16 0
0.75 3.2 0
0.75 3.24 0
0.75 3.28 0
0.75 3.32 0
0.75 3.36 0
0.75 3.4 0
0.75 3.44 0
0.75 3.48 0
0.75 3.52 0
0.75 3.56 0
0.75 3.6 0
0.75 3.64 0
0.75 3.68 0
0.75 3.72 0
0.75 3.76 0
0.75 3.8 0
0.75 3.84 0
0.75 3.88 0
0.75 3.92 0
0.75 3.96 0
0.75 4 0
0.766667 -4 3.49605e-06
0.766667 -3.96 3.4311e-06
0.766667 -3.92 3.12582e-06
0.766667 -3.88 3.35283e-06
0.766667 -3.84 3.61695e-06
0.766667 -3.8 2.91138e-06
0.766667 -3.76 3.36604e-06
0.766667 -3.72 3.14485e-06
0.766667 -3.68 3.03199e-06
0.766667 -3.64 3.01038e-06
0.766667 -3.6 3.18015e-06
0.766667 -3.56 3.35696e-06
0.766667 -3.52 3.19895e-06
0.766667 -3.48 3.02781e-06
0.766667 -3.44 3.31807e-06
0.766667 -3.4 3.25168e-06
0.766667 -3.36 3.20087e-06
0.766667 -3.32 2.88781e-06
0.766667 -3.28 3.03462e-06
0.766667 -3.24 2.84794e-06
0.766667 -3.2 3.29291e-06
0.766667 -3.16 3.18549e-06
0.766667 -3.12 2.74241e-06
0.766667 -3.08 3.09612e-06
0.766667 -3.04 3.07376e-06
0.766667 -3 2.70021e-06
0.766667 -2.96 3.10043e-06
0.766667 -2.92 3.07013e-06
0.766667 -2.88 2.89393e-06
0.766667 -2.84 2.8783e-06
0.766667 -2.8 2.93658e-06
0.766667 -2.76 2.95321e-06
0.766667 -2.72 3.04286e-06
0.766667 -2.68 2.83097e-06
0.766667 -2.64 2.9432e-06
0.766667 -2.6 2.97433e-06
0.766667 -2.56 2.6858e-06
0.766667 -2.52 2.74781e-06
0.766667 -2.48 2.73127e-06
0.766667 -2.44 2.86871e-06
0.766667 -2.4 2.80321e-06
0.766667 -2.36 2.83987e-06
0.766667 -2.32 2.75886e-06
0.766667 -2.28 2.80272e-06
0.766667 -2.24 2.65357e-06
0.766667 -2.2 2.8238e-06
0.766667 -2.16 2.74248e-06
0.766667 -2.12 2.61391e-06
0.766667 -2.08 2.65436e-06
0.766667 -2.04 2.73238e-06
0.766667 -2 2.60059e-06
0.766667 -1.96 2.66421e-06
0.766667 -1.92 2.61357e-06
0.766667 -1.88 2.62139e-06
0.766667 -1.84 2.70135e-06
0.766667 -1.8 2.64785e-06
0.766667 -1.76 2.68067e-06
0.766667 -1.72 2.57011e-06
0.766667 -1.68 2.5406e-06
0.766667 -1.64 2.58051e-06
0.766667 -1.6 2.56917e-06
0.766667 -1.56 2.4739e-06
0.766667 -1.52 2.53609e-06
0.766667 -1.48 2.53418e-06
0.766667 -1.44 2.60308e-06
0.766667 -1.4 2.32358e-06
0.766667 -1.36 2.53752e-06
0.766667 -1.32 2.43018e-06
0.766667 -1.28 2.50475e-06
0.766667 -1.24 2.44702e-06
0.766667 -1.2 2.40995e-06
0.766667 -1.16 2.41541e-06
0.766667 -1.12 2.42061e-06
0.766667 -1.08 2.47325e-06
0.766667 -1.04 2.38621e-06
0.766667 -1 2.35021e-06
0.766667 -0.96 2.37524e-06
0.766667 -0.92 2.36229e-06
0.766667 -0.88 2.36375e-06
0.766667 -0.84 2.33505e-06
0.766667 -0.8 2.35098e-06
0.766667 -0.76 2.26708e-06
0.766667 -0.72 2.22555e-06
0.766667 -0.68 2.28184e-06
0.766667 -0.64 2.2664e-06
0.766667 -0.6 2.28254e-06
0.766667 -0.56 2.28783e-06
0.766667 -0.52 2.24998e-06
0.766667 -0.48 2.19904e-06
0.766667 -0.44 2.21096e-06
0.766667 -0.4 2.2078e-06
0.766667 -0.36 2.18186e-06
0.766667 -0.32 2.1741e-06
0.766667 -0.28 2.17466e-06
0.766667 -0.24 2.15541e-06
0.766667 -0.2 2.13852e-06
0.766667 -0.16 2.11786e-06
0.766667 -0.12 2.11165e-06
0.766667 -0.08 2.07716e-06
0.766667 -0.04 2.04535e-06
0.766667 0 2.01623e-06
0.766667 0.04 1.99535e-06
0.766667 0.08 1.97448e-06
0.766667 0.12 1.97956e-06
0.766667 0.16 1.96912e-06
0.766667 0.2 1.95868e-06
0.766667 0.24 1.94825e-06
0.766667 0.28 1.93781e-06
0.766667 0.32 1.92737e-06
0.766667 0.36 1.91694e-06
0.766667 0.4 1.9065e-06
0.766667 0.44 1.89716e-06
0.766667 0.48 1.89825e-06
0.766667 0.52 1.89557e-06
0.766667 0.56 1.88513e-06
0.766667 0.6 1.88245e-06
0.766667 0.64 1.88245e-06
0.766667 0.68 1.87201e-06
0.766667 0.72 1.86158e-06
0.766667 0.76 1.85114e-06
0.766667 0.8 1.85114e-06
0.766667 0.84 1.8407e-06
0.766667 0.88 1.83027e-06
0.766667 0.92 1.83027e-06
0.766667 0.96 1.81983e-06
0.766667 1 0
0.766667 1.04 0
0.766667 1.08 0
0.766667 1.12 0
0.766667 1.16 0
0.766667 1.2 0
0.766667 1.24 0
0.766667 1.28 0
0.766667 1.32 0
0.766667 1.36 0
0.766667 1.4 0
0.766667 1.44 0
0.766667 1.48 0
0.766667 1.52 0
0.766667 1.56 0
0.766667 1.6 0
0.766667 1.64 0
0.766667 1.68 0
0.766667 1.72 0
0.766667 1.76 0
0.766667 1.8 0
0.766667 1.84 0
0.766667 1.88 0
0.766667 1.92 0
0.766667 1.96 0
0.766667 2 0
0.766667 2.04 0
0.766667 2.08 0
0.766667 2.12 0
0.766667 2.16 0
0.766667 2.2 0
0.766667 2.24 0
0.766667 2.28 0
0.766667 2.32 0
0.766667 2.36 0
0.766667 2.4 0
0.766667 2.44 0
0.766667 2.48 0
0.766667 2.52 0
0.766667 2.56 0
0.766667 2.6 0
0.766667 2.64 0
0.766667 2.68 0
0.766667 2.72 0
0.766667 2.76 0
0.766667 2.8 0
0.766667 2.84 0
0.766667 2.88 0
0.766667 2.92 0
0.766667 2.96 0
0.766667 3 0
0.766667 3.04 0
0.766667 3.08 0
0.766667 3.12 0
0.766667 3.16 0
0.766667 3.2 0
0.766667 3.24 0
0.766667 3.28 0
0.766667 3.32 0
0.766667 3.36 0
0.766667 3.4 0
0.766667 3.44 0
0.766667 3.48 0
0.766667 3.52 0
0.766667 3.56 0
0.766667 3.6 0
0.766667 3.64 0
0.766667 3.68 0
0.766667 3.72 0
0.766667 3.76 0
0.766667 3.8 0
0.766667 3.84 0
0.766667 3.88 0
0.766667 3.92 0
0.766667 3.96 0
0.766667 4 0
0.783333 -4 3.41687e-06
0.783333 -3.96 3.35331e-06
0.783333 -3.92 3.12846e-06
0.783333 -3.88 3.26243e-06
0.783333 -3.84 3.64893e-06
0.783333 -3.8 3.20771e-06
0.783333 -3.76 3.43257e-06
0.783333 -3.72 3.11203e-06
0.783333 -3.68 2.85378e-06
0.783333 -3.64 2.99382e-06
0.783333 -3.6 3.26173e-06
0.783333 -3.56 3.29196e-06
0.783333 -3.52 3.07565e-06
0.783333 -3.48 2.92555e-06
0.783333 -3.44 3.23519e-06
0.783333 -3.4 3.07779e-06
0.783333 -3.36 3.11843e-06
0.783333 -3.32 2.90361e-06
0.783333 -3.28 3.0422e-06
0.783333 -3.24 2.78927e-06
0.783333 -3.2 3.08567e-06
0.783333 -3.16 3.24876e-06
0.783333 -3.12 2.70794e-06
0.783333 -3.08 3.01346e-06
0.783333 -3.04 3.05554e-06
0.783333 -3 2.71905e-06
0.783333 -2.96 3.1333e-06
0.783333 -2.92 3.00828e-06
0.783333 -2.88 2.80037e-06
0.783333 -2.84 2.75606e-06
0.783333 -2.8 2.96761e-06
0.783333 -2.76 2.86597e-06
0.783333 -2.72 3.08122e-06
0.783333 -2.68 2.98991e-06
0.783333 -2.64 2.96627e-06
0.783333 -2.6 3.00562e-06
0.783333 -2.56 2.64352e-06
0.783333 -2.52 2.71362e-06
0.783333 -2.48 2.74716e-06
0.783333 -2.44 2.80319e-06
0.783333 -2.4 2.7358e-06
0.783333 -2.36 2.76051e-06
0.783333 -2.32 2.75423e-06
0.783333 -2.28 2.84766e-06
0.783333 -2.24 2.70166e-06
0.783333 -2.2 2.73463e-06
0.783333 -2.16 2.72973e-06
0.783333 -2.12 2.57838e-06
0.783333 -2.08 2.71052e-06
0.783333 -2.04 2.66001e-06
0.783333 -2 2.5686e-06
0.783333 -1.96 2.65886e-06
0.783333 -1.92 2.5453e-06
0.783333 -1.88 2.59794e-06
0.783333 -1.84 2.71508e-06
0.783333 -1.8 2.65231e-06
0.783333 -1.76 2.6356e-06
0.783333 -1.72 2.55673e-06
0.783333 -1.68 2.55926e-06
0.783333 -1.64 2.57079e-06
0.783333 -1.6 2.62572e-06
0.783333 -1.56 2.47175e-06
0.783333 -1.52 2.49722e-06
0.783333 -1.48 2.43766e-06
0.783333 -1.44 2.57842e-06
0.783333 -1.4 2.35887e-06
0.783333 -1.36 2.50007e-06
0.783333 -1.32 2.41025e-06
0.783333 -1.28 2.43318e-06
0.783333 -1.24 2.4308e-06
0.783333 -1.2 2.34645e-06
0.783333 -1.16 2.42797e-06
0.783333 -1.12 2.39429e-06
0.783333 -1.08 2.37819e-06
0.783333 -1.04 2.35605e-06
0.783333 -1 2.32296e-06
0.783333 -0.96 2.3588e-06
0.783333 -0.92 2.3632e-06
0.783333 -0.88 2.35472e-06
0.783333 -0.84 2.3001e-06
0.783333 -0.8 2.30494e-06
0.783333 -0.76 2.26806e-06
0.783333 -0.72 2.21639e-06
0.783333 -0.68 2.25687e-06
0.783333 -0.64 2.23127e-06
0.783333 -0.6 2.27478e-06
0.783333 -0.56 2.26656e-06
0.783333 -0.52 2.23534e-06
0.783333 -0.48 2.17883e-06
0.783333 -0.44 2.19427e-06
0.783333 -0.4 2.19243e-06
0.783333 -0.36 2.16577e-06
0.783333 -0.32 2.15766e-06
0.783333 -0.28 2.15863e-06
0.783333 -0.24 2.14113e-06
0.783333 -0.2 2.12387e-06
0.783333 -0.16 2.10211e-06
0.783333 -0.12 2.09418e-06
0.783333 -0.08 2.06256e-06
0.783333 -0.04 2.03326e-06
0.783333 0 2.00629e-06
0.783333 0.04 1.98542e-06
0.783333 0.08 1.96455e-06
0.783333 0.12 1.97033e-06
0.783333 0.16 1.95989e-06
0.783333 0.2 1.94946e-06
0.783333 0.24 1.93902e-06
0.783333 0.28 1.92858e-06
0.783333 0.32 1.91815e-06
0.783333 0.36 1.90771e-06
0.783333 0.4 1.89728e-06
0.783333 0.44 1.88901e-06
0.783333 0.48 1.89118e-06
0.783333 0.52 1.88885e-06
0.783333 0.56 1.87842e-06
0.783333 0.6 1.87609e-06
0.783333 0.64 1.87609e-06
0.783333 0.68 1.86565e-06
0.783333 0.72 1.85522e-06
0.783333 0.76 1.84478e-06
0.783333 0.8 1.84478e-06
0.783333 0.84 1.83434e-06
0.783333 0.88 1.82391e-06
0.783333 0.92 1.82391e-06
0.783333 0.96 1.81347e-06
0.783333 1 0
0.783333 1.04 0
0.783333 1.08 0
0.783333 1.12 0
0.783333 1.16 0
0.783333 1.2 0
0.783333 1.24 0
0.783333 1.28 0
0.783333 1.32 0
0.783333 1.36 0
0.783333 1.4 0
0.783333 1.44 0
0.783333 1.48 0
0.783333 1.52 0
0.783333 1.56 0
0.783333 1.6 0
0.783333 1.64 0
0.783333 1.68 0
0.783333 1.72 0
0.783333 1.76 0
0.783333 1.8 0
0.783333 1.84 0
0.783333 1.88 0
0.783333 1.92 0
0.783333 1.96 0
0.783333 2 0
0.783333 2.04 0
0.783333 2.08 0
0.783333 2.12 0
0.783333 2.16 0
0.783333 2.2 0
0.783333 2.24 0
0.783333 2.28 0
0.783333 2.32 0
0.783333 2.36 0
0.783333 2.4 0
0.783333 2.44 0
0.783333 2.48 0
0.783333 2.52 0
0.783333 2.56 0
0.783333 2.6 0
0.783333 2.64 0
0.783333 2.68 0
0.783333 2.72 0
0.783333 2.76 0
0.783333 2.8 0
0.783333 2.84 0
0.783333 2.88 0
0.783333 2.92 0
0.783333 2.96 0
0.783333 3 0
0.783333 3.04 0
0.783333 3.08 0
0.783333 3.12 0
0.783333 3.16 0
0.783333 3.2 0
0.783333 3.24 0
0.783333 3.28 0
0.783333 3.32 0
0.783333 3.36 0
0.783333 3.4 0
0.783333 3.44 0
0.783333 3.48 0
0.783333 3.52 0
0.783333 3.56 0
0.783333 3.6 0
0.783333 3.64 0
0.783333 3.68 0
0.783333 3.72 0
0.783333 3.76 0
0.783333 3.8 0
0.783333 3.84 0
0.783333 3.88 0
0.783333 3.92 0
0.783333 3.96 0
0.783333 4 0
0.8 -4 3.25022e-06
0.8 -3.96 3.26833e-06
0.8 -3.92 3.15136e-06
0.8 -3.88 3.06247e-06
0.8 -3.84 3.63056e-06
0.8 -3.8 3.41756e-06
0.8 -3.76 3.54127e-06
0.8 -3.72 3.15542e-06
0.8 -3.68 2.8307e-06
0.8 -3.64 3.04442e-06
0.8 -3.6 3.38255e-06
0.8 -3.56 3.26083e-06
0.8 -3.52 3.0246e-06
0.8 -3.48 2.86882e-06
0.8 -3.44 3.18977e-06
0.8 -3.4 2.93437e-06
0.8 -3.36 3.10693e-06
0.8 -3.32 3.10809e-06
0.8 -3.28 3.06624e-06
0.8 -3.24 2.81417e-06
0.8 -3.2 2.91332e-06
0.8 -3.16 3.26851e-06
0.8 -3.12 2.77149e-06
0.8 -3.08 2.97441e-06
0.8 -3.04 3.09146e-06
0.8 -3 2.79243e-06
0.8 -2.96 3.13168e-06
0.8 -2.92 2.92411e-06
0.8 -2.88 2.89357e-06
0.8 -2.84 2.81312e-06
0.8 -2.8 3.01376e-06
0.8 -2.76 2.84015e-06
0.8 -2.72 3.09896e-06
0.8 -2.68 3.14288e-06
0.8 -2.64 3.02315e-06
0.8 -2.6 2.8982e-06
0.8 -2.56 2.72981e-06
0.8 -2.52 2.706e-06
0.8 -2.48 2.76217e-06
0.8 -2.44 2.76927e-06
0.8 -2.4 2.7002e-06
0.8 -2.36 2.79431e-06
0.8 -2.32 2.80152e-06
0.8 -2.28 2.82866e-06
0.8 -2.24 2.76746e-06
0.8 -2.2 2.60704e-06
0.8 -2.16 2.64462e-06
0.8 -2.12 2.6187e-06
0.8 -2.08 2.81935e-06
0.8 -2.04 2.59138e-06
0.8 -2 2.6316e-06
0.8 -1.96 2.68074e-06
0.8 -1.92 2.48655e-06
0.8 -1.88 2.61794e-06
0.8 -1.84 2.69411e-06
0.8 -1.8 2.66233e-06
0.8 -1.76 2.56453e-06
0.8 -1.72 2.54659e-06
0.8 -1.68 2.53891e-06
0.8 -1.64 2.5538e-06
0.8 -1.6 2.63917e-06
0.8 -1.56 2.45817e-06
0.8 -1.52 2.48872e-06
0.8 -1.48 2.39661e-06
0.8 -1.44 2.55674e-06
0.8 -1.4 2.41994e-06
0.8 -1.36 2.46462e-06
0.8 -1.32 2.38986e-06
0.8 -1.28 2.37714e-06
0.8 -1.24 2.44756e-06
0.8 -1.2 2.34642e-06
0.8 -1.16 2.3911e-06
0.8 -1.12 2.37098e-06
0.8 -1.08 2.29974e-06
0.8 -1.04 2.33e-06
0.8 -1 2.3042e-06
0.8 -0.96 2.34964e-06
0.8 -0.92 2.34413e-06
0.8 -0.88 2.32203e-06
0.8 -0.84 2.27612e-06
0.8 -0.8 2.26492e-06
0.8 -0.76 2.27459e-06
0.8 -0.72 2.23484e-06
0.8 -0.68 2.24129e-06
0.8 -0.64 2.20553e-06
0.8 -0.6 2.24774e-06
0.8 -0.56 2.22886e-06
0.8 -0.52 2.20951e-06
0.8 -0.48 2.16976e-06
0.8 -0.44 2.17498e-06
0.8 -0.4 2.1782e-06
0.8 -0.36 2.15088e-06
0.8 -0.32 2.14244e-06
0.8 -0.28 2.14367e-06
0.8 -0.24 2.12801e-06
0.8 -0.2 2.11037e-06
0.8 -0.16 2.0875e-06
0.8 -0.12 2.07753e-06
0.8 -0.08 2.04869e-06
0.8 -0.04 2.02184e-06
0.8 0 1.99698e-06
0.8 0.04 1.9761e-06
0.8 0.08 1.95523e-06
0.8 0.12 1.96168e-06
0.8 0.16 1.95125e-06
0.8 0.2 1.94081e-06
0.8 0.24 1.93037e-06
0.8 0.28 1.91994e-06
0.8 0.32 1.9095e-06
0.8 0.36 1.89906e-06
0.8 0.4 1.88863e-06
0.8 0.44 1.88142e-06
0.8 0.48 1.88464e-06
0.8 0.52 1.88265e-06
0.8 0.56 1.87221e-06
0.8 0.6 1.87022e-06
0.8 0.64 1.87022e-06
0.8 0.68 1.85978e-06
0.8 0.72 1.84935e-06
0.8 0.76 1.83891e-06
0.8 0.8 1.83891e-06
0.8 0.84 1.82847e-06
0.8 0.88 1.81804e-06
0.8 0.92 1.81804e-06
0.8 0.96 1.8076e-06
0.8 1 0
0.8 1.04 0
0.8 1.08 0
0.8 1.12 0
0.8 1.16 0
0.8 1.2 0
0.8 1.24 0
0.8 1.28 0
0.8 1.32 0
0.8 1.36 0
0.8 1.4 0
0.8 1.44 0
0.8 1.48 0
0.8 1.52 0
0.8 1.56 0
0.8 1.6 0
0.8 1.64 0
0.8 1.68 0
0.8 1.72 0
0.8 1.76 0
0.8 1.8 0
0.8 1.84 0
0.8 1.88 0
0.8 1.92 0
0.8 1.96 0
0.8 2 0
0.8 2.04 0
0.8 2.08 0
0.8 2.12 0
0.8 2.16 0
0.8 2.2 0
0.8 2.24 0
0.8 2.28 0
0.8 2.32 0
0.8 2.36 0
0.8 2.4 0
0.8 2.44 0
0.8 2.48 0
0.8 2.52 0
0.8 2.56 0
0.8 2.6 0
0.8 2.64 0
0.8 2.68 0
0.8 2.72 0
0.8 2.76 0
0.8 2.8 0
0.8 2.84 0
0.8 2.88 0
0.8 2.92 0
0.8 2.96 0
0.8 3 0
0.8 3.04 0
0.8 3.08 0
0.8 3.12 0
0.8 3.16 0
0.8 3.2 0
0.8 3.24 0
0.8 3.28 0
0.8 3.32 0
0.8 3.36 0
0.8 3.4 0
0.8 3.44 0
0.8 3.48 0
0.8 3.52 0
0.8 3.56 0
0.8 3.6 0
0.8 3.64 0
0.8 3.68 0
0.8 3.72 0
0.8 3.76 0
0.8 3.8 0
0.8 3.84 0
0.8 3.88 0
0.8 3.92 0
0.8 3.96 0
0.8 4 0
0.816667 -4 3.12016e-06
0.816667 -3.96 3.27154e-06
0.816667 -3.92 3.13084e-06
0.816667 -3.88 2.87341e-06
0.816667 -3.84 3.55204e-06
0.816667 -3.8 3.47295e-06
0.816667 -3.76 3.47917e-06
0.816667 -3.72 3.29734e-06
0.816667 -3.68 2.95301e-06
0.816667 -3.64 3.10198e-06
0.816667 -3.6 3.41708e-06
0.816667 -3.56 3.28609e-06
0.816667 -3.52 3.07289e-06
0.816667 -3.48 2.89438e-06
0.816667 -3.44 3.16564e-06
0.816667 -3.4 2.89451e-06
0.816667 -3.36 3.17992e-06
0.816667 -3.32 3.33487e-06
0.816667 -3.28 3.07449e-06
0.816667 -3.24 2.95043e-06
0.816667 -3.2 2.85281e-06
0.816667 -3.16 3.23614e-06
0.816667 -3.12 2.89795e-06
0.816667 -3.08 3.0629e-06
0.816667 -3.04 3.12562e-06
0.816667 -3 2.89512e-06
0.816667 -2.96 3.14004e-06
0.816667 -2.92 2.88174e-06
0.816667 -2.88 3.03387e-06
0.816667 -2.84 2.94597e-06
0.816667 -2.8 3.04518e-06
0.816667 -2.76 2.92504e-06
0.816667 -2.72 3.09583e-06
0.816667 -2.68 3.1607e-06
0.816667 -2.64 3.0629e-06
0.816667 -2.6 2.76659e-06
0.816667 -2.56 2.85449e-06
0.816667 -2.52 2.72223e-06
0.816667 -2.48 2.77723e-06
0.816667 -2.44 2.81629e-06
0.816667 -2.4 2.78092e-06
0.816667 -2.36 2.94771e-06
0.816667 -2.32 2.86737e-06
0.816667 -2.28 2.7656e-06
0.816667 -2.24 2.77072e-06
0.816667 -2.2 2.54228e-06
0.816667 -2.16 2.54346e-06
0.816667 -2.12 2.67053e-06
0.816667 -2.08 2.84534e-06
0.816667 -2.04 2.56671e-06
0.816667 -2 2.69076e-06
0.816667 -1.96 2.71641e-06
0.816667 -1.92 2.46978e-06
0.816667 -1.88 2.64307e-06
0.816667 -1.84 2.64918e-06
0.816667 -1.8 2.68234e-06
0.816667 -1.76 2.50868e-06
0.816667 -1.72 2.5203e-06
0.816667 -1.68 2.48695e-06
0.816667 -1.64 2.52229e-06
0.816667 -1.6 2.60061e-06
0.816667 -1.56 2.44811e-06
0.816667 -1.52 2.51098e-06
0.816667 -1.48 2.44732e-06
0.816667 -1.44 2.54312e-06
0.816667 -1.4 2.45509e-06
0.816667 -1.36 2.44576e-06
0.816667 -1.32 2.37256e-06
0.816667 -1.28 2.36666e-06
0.816667 -1.24 2.46129e-06
0.816667 -1.2 2.37477e-06
0.816667 -1.16 2.33025e-06
0.816667 -1.12 2.35608e-06
0.816667 -1.08 2.285e-06
0.816667 -1.04 2.32774e-06
0.816667 -1 2.29591e-06
0.816667 -0.96 2.34266e-06
0.816667 -0.92 2.30651e-06
0.816667 -0.88 2.27699e-06
0.816667 -0.84 2.26575e-06
0.816667 -0.8 2.24029e-06
0.816667 -0.76 2.28379e-06
0.816667 -0.72 2.25777e-06
0.816667 -0.68 2.23936e-06
0.816667 -0.64 2.19164e-06
0.816667 -0.6 2.2052e-06
0.816667 -0.56 2.18594e-06
0.816667 -0.52 2.17902e-06
0.816667 -0.48 2.16952e-06
0.816667 -0.44 2.15553e-06
0.816667 -0.4 2.16515e-06
0.816667 -0.36 2.13721e-06
0.816667 -0.32 2.12845e-06
0.816667 -0.28 2.12982e-06
0.816667 -0.24 2.11607e-06
0.816667 -0.2 2.09802e-06
0.816667 -0.16 2.07404e-06
0.816667 -0.12 2.06182e-06
0.816667 -0.08 2.03563e-06
0.816667 -0.04 2.01113e-06
0.816667 0 1.98831e-06
0.816667 0.04 1.96744e-06
0.816667 0.08 1.94657e-06
0.816667 0.12 1.95364e-06
0.816667 0.16 1.9432e-06
0.816667 0.2 1.93276e-06
0.816667 0.24 1.92233e-06
0.816667 0.28 1.91189e-06
0.816667 0.32 1.90145e-06
0.816667 0.36 1.89102e-06
0.816667 0.4 1.88058e-06
0.816667 0.44 1.87439e-06
0.816667 0.48 1.87863e-06
0.816667 0.52 1.87695e-06
0.816667 0.56 1.86651e-06
0.816667 0.6 1.86483e-06
0.816667 0.64 1.86483e-06
0.816667 0.68 1.85439e-06
0.816667 0.72 1.84396e-06
0.816667 0.76 1.83352e-06
0.816667 0.8 1.83352e-06
0.816667 0.84 1.82308e-06
0.816667 0.88 1.81265e-06
0.816667 0.92 1.81265e-06
0.816667 0.96 1.80221e-06
0.816667 1 0
0.816667 1.04 0
0.816667 1.08 0
0.816667 1.12 0
0.816667 1.16 0
0.816667 1.2 0
0.816667 1.24 0
0.816667 1.28 0
0.816667 1.32 0
0.816667 1.36 0
0.816667 1.4 0
0.816667 1.44 0
0.816667 1.48 0
0.816667 1.52 0
0.816667 1.56 0
0.816667 1.6 0
0.816667 1.64 0
0.816667 1.68 0
0.816667 1.72 0
0.816667 1.76 0
0.816667 1.8 0
0.816667 1.84 0
0.816667 1.88 0
0.816667 1.92 0
0.816667 1.96 0
0.816667 2 0
0.816667 2.04 0
0.816667 2.08 0
0.816667 2.12 0
0.816667 2.16 0
0.816667 2.2 0
0.816667 2.24 0
0.816667 2.28 0
0.816667 2.32 0
0.816667 2.36 0
0.816667 2.4 0
0.816667 2.44 0
0.816667 2.48 0
0.816667 2.52 0
0.816667 2.56 0
0.816667 2.6 0
0.816667 2.64 0
0.816667 2.68 0
0.816667 2.72 0
0.816667 2.76 0
0.816667 2.8 0
0.816667 2.84 0
0.816667 2.88 0
0.816667 2.92 0
0.816667 2.96 0
0.816667 3 0
0.816667 3.04 0
0.816667 3.08 0
0.816667 3.12 0
0.816667 3.16 0
0.816667 3.2 0
0.816667 3.24 0
0.816667 3.28 0
0.816667 3.32 0
0.816667 3.36 0
0.816667 3.4 0
0.816667 3.44 0
0.816667 3.48 0
0.816667 3.52 0
0.816667 3.56 0
0.816667 3.6 0
0.816667 3.64 0
0.816667 3.68 0
0.816667 3.72 0
0.816667 3.76 0
0.816667 3.8 0
0.816667 3.84 0
0.816667 3.88 0
0.816667 3.92 0
0.816667 3.96 0
0.816667 4 0
0.833333 -4 3.0699e-06
0.833333 -3.96 3.4158e-06
0.833333 -3.92 3.07075e-06
0.833333 -3.88 2.7775e-06
0.833333 -3.84 3.55864e-06
0.833333 -3.8 3.43367e-06
0.833333 -3.76 3.19841e-06
0.833333 -3.72 3.45894e-06
0.833333 -3.68 3.06441e-06
0.833333 -3.64 3.08258e-06
0.833333 -3.6 3.33705e-06
0.833333 -3.56 3.32e-06
0.833333 -3.52 3.11873e-06
0.833333 -3.48 2.93777e-06
0.833333 -3.44 3.13521e-06
0.833333 -3.4 2.94094e-06
0.833333 -3.36 3.24936e-06
0.833333 -3.32 3.41737e-06
0.833333 -3.28 3.05332e-06
0.833333 -3.24 3.1272e-06
0.833333 -3.2 2.85336e-06
0.833333 -3.16 3.15619e-06
0.833333 -3.12 3.00141e-06
0.833333 -3.08 3.17501e-06
0.833333 -3.04 3.07904e-06
0.833333 -3 2.98231e-06
0.833333 -2.96 3.15963e-06
0.833333 -2.92 2.89081e-06
0.833333 -2.88 3.05349e-06
0.833333 -2.84 2.99442e-06
0.833333 -2.8 3.02536e-06
0.833333 -2.76 2.93665e-06
0.833333 -2.72 3.05145e-06
0.833333 -2.68 3.0507e-06
0.833333 -2.64 3.03644e-06
0.833333 -2.6 2.79268e-06
0.833333 -2.56 2.88317e-06
0.833333 -2.52 2.75234e-06
0.833333 -2.48 2.79828e-06
0.833333 -2.44 2.85455e-06
0.833333 -2.4 2.86359e-06
0.833333 -2.36 3.02526e-06
0.833333 -2.32 2.90878e-06
0.833333 -2.28 2.70919e-06
0.833333 -2.24 2.69698e-06
0.833333 -2.2 2.57911e-06
0.833333 -2.16 2.52693e-06
0.833333 -2.12 2.6626e-06
0.833333 -2.08 2.78187e-06
0.833333 -2.04 2.58191e-06
0.833333 -2 2.68095e-06
0.833333 -1.96 2.70425e-06
0.833333 -1.92 2.51267e-06
0.833333 -1.88 2.64098e-06
0.833333 -1.84 2.61489e-06
0.833333 -1.8 2.69484e-06
0.833333 -1.76 2.49283e-06
0.833333 -1.72 2.48761e-06
0.833333 -1.68 2.44204e-06
0.833333 -1.64 2.48621e-06
0.833333 -1.6 2.54603e-06
0.833333 -1.56 2.47298e-06
0.833333 -1.52 2.5519e-06
0.833333 -1.48 2.52478e-06
0.833333 -1.44 2.53867e-06
0.833333 -1.4 2.4521e-06
0.833333 -1.36 2.44409e-06
0.833333 -1.32 2.3606e-06
0.833333 -1.28 2.40374e-06
0.833333 -1.24 2.44689e-06
0.833333 -1.2 2.36657e-06
0.833333 -1.16 2.29631e-06
0.833333 -1.12 2.35054e-06
0.833333 -1.08 2.33004e-06
0.833333 -1.04 2.3387e-06
0.833333 -1 2.29491e-06
0.833333 -0.96 2.33004e-06
0.833333 -0.92 2.27226e-06
0.833333 -0.88 2.23891e-06
0.833333 -0.84 2.26322e-06
0.833333 -0.8 2.23294e-06
0.833333 -0.76 2.28717e-06
0.833333 -0.72 2.26145e-06
0.833333 -0.68 2.2444e-06
0.833333 -0.64 2.18598e-06
0.833333 -0.6 2.1651e-06
0.833333 -0.56 2.15327e-06
0.833333 -0.52 2.15187e-06
0.833333 -0.48 2.17274e-06
0.833333 -0.44 2.13901e-06
0.833333 -0.4 2.15327e-06
0.833333 -0.36 2.12476e-06
0.833333 -0.32 2.11572e-06
0.833333 -0.28 2.11712e-06
0.833333 -0.24 2.10528e-06
0.833333 -0.2 2.08683e-06
0.833333 -0.16 2.06176e-06
0.833333 -0.12 2.04713e-06
0.833333 -0.08 2.02346e-06
0.833333 -0.04 2.00119e-06
0.833333 0 1.98032e-06
0.833333 0.04 1.95945e-06
0.833333 0.08 1.93857e-06
0.833333 0.12 1.94621e-06
0.833333 0.16 1.93578e-06
0.833333 0.2 1.92534e-06
0.833333 0.24 1.9149e-06
0.833333 0.28 1.90447e-06
0.833333 0.32 1.89403e-06
0.833333 0.36 1.88359e-06
0.833333 0.4 1.87316e-06
0.833333 0.44 1.86794e-06
0.833333 0.48 1.87316e-06
0.833333 0.52 1.87176e-06
0.833333 0.56 1.86132e-06
0.833333 0.6 1.85993e-06
0.833333 0.64 1.85993e-06
0.833333 0.68 1.84949e-06
0.833333 0.72 1.83905e-06
0.833333 0.76 1.82862e-06
0.833333 0.8 1.82862e-06
0.833333 0.84 1.81818e-06
0.833333 0.88 1.80774e-06
0.833333 0.92 1.80774e-06
0.833333 0.96 1.79731e-06
0.833333 1 0
0.833333 1.04 0
0.833333 1.08 0
0.833333 1.12 0
0.833333 1.16 0
0.833333 1.2 0
0.833333 1.24 0
0.833333 1.28 0
0.833333 1.32 0
0.833333 1.36 0
0.833333 1.4 0
0.833333 1.44 0
0.833333 1.48 0
0.833333 1.52 0
0.833333 1.56 0
0.833333 1.6 0
0.833333 1.64 0
0.833333 1.68 0
0.833333 1.72 0
0.833333 1.76 0
0.833333 1.8 0
0.833333 1.84 0
0.833333 1.88 0
0.833333 1.92 0
0.833333 1.96 0
0.833333 2 0
0.833333 2.04 0
0.833333 2.08 0
0.833333 2.12 0
0.833333 2.16 0
0.833333 2.2 0
0.833333 2.24 0
0.833333 2.28 0
0.833333 2.32 0
0.833333 2.36 0
0.833333 2.4 0
0.833333 2.44 0
0.833333 2.48 0
0.833333 2.52 0
0.833333 2.56 0
0.833333 2.6 0
0.833333 2.64 0
0.833333 2.68 0
0.833333 2.72 0
0.833333 2.76 0
0.833333 2.8 0
0.833333 2.84 0
0.833333 2.88 0
0.833333 2.92 0
0.833333 2.96 0
0.833333 3 0
0.833333 3.04 0
0.833333 3.08 0
0.833333 3.12 0
0.833333 3.16 0
0.833333 3.2 0
0.833333 3.24 0
0.833333 3.28 0
0.833333 3.32 0
0.833333 3.36 0
0.833333 3.4 0
0.833333 3.44 0
0.833333 3.48 0
0.833333 3.52 0
0.833333 3.56 0
0.833333 3.6 0
0.833333 3.64 0
0.833333 3.68 0
0.833333 3.72 0
0.833333 3.76 0
0.833333 3.8 0
0.833333 3.84 0
0.833333 3.88 0
0.833333 3.92 0
0.833333 3.96 0
0.833333 4 0
0.85 -4 3.04363e-06
0.85 -3.96 3.64525e-06
0.85 -3.92 3.05694e-06
0.85 -3.88 2.78696e-06
0.85 -3.84 3.715e-06
0.85 -3.8 3.40204e-06
0.85 -3.76 3.01891e-06
0.85 -3.72 3.53873e-06
0.85 -3.68 3.07009e-06
0.85 -3.64 2.97891e-06
0.85 -3.6 3.28098e-06
0.85 -3.56 3.30996e-06
0.85 -3.52 3.09076e-06
0.85 -3.48 2.93139e-06
0.85 -3.44 3.14657e-06
0.85 -3.4 3.01235e-06
0.85 -3.36 3.2532e-06
0.85 -3.32 3.38572e-06
0.85 -3.28 3.01474e-06
0.85 -3.24 3.20655e-06
0.85 -3.2 2.81752e-06
0.85 -3.16 3.10155e-06
0.85 -3.12 3.02395e-06
0.85 -3.08 3.13821e-06
0.85 -3.04 2.96728e-06
0.85 -3 3.01871e-06
0.85 -2.96 3.16016e-06
0.85 -2.92 2.90673e-06
0.85 -2.88 2.9601e-06
0.85 -2.84 2.93895e-06
0.85 -2.8 2.95399e-06
0.85 -2.76 2.79771e-06
0.85 -2.72 2.95761e-06
0.85 -2.68 2.97272e-06
0.85 -2.64 2.96112e-06
0.85 -2.6 2.95549e-06
0.85 -2.56 2.81036e-06
0.85 -2.52 2.79838e-06
0.85 -2.48 2.81725e-06
0.85 -2.44 2.79509e-06
0.85 -2.4 2.82794e-06
0.85 -2.36 2.93866e-06
0.85 -2.32 2.91046e-06
0.85 -2.28 2.7012e-06
0.85 -2.24 2.62248e-06
0.85 -2.2 2.65778e-06
0.85 -2.16 2.62523e-06
0.85 -2.12 2.60653e-06
0.85 -2.08 2.74538e-06
0.85 -2.04 2.61746e-06
0.85 -2 2.63084e-06
0.85 -1.96 2.62929e-06
0.85 -1.92 2.59948e-06
0.85 -1.88 2.61023e-06
0.85 -1.84 2.6221e-06
0.85 -1.8 2.67692e-06
0.85 -1.76 2.51476e-06
0.85 -1.72 2.48337e-06
0.85 -1.68 2.44675e-06
0.85 -1.64 2.46591e-06
0.85 -1.6 2.52172e-06
0.85 -1.56 2.51183e-06
0.85 -1.52 2.59179e-06
0.85 -1.48 2.55116e-06
0.85 -1.44 2.54883e-06
0.85 -1.4 2.43515e-06
0.85 -1.36 2.44838e-06
0.85 -1.32 2.35216e-06
0.85 -1.28 2.45983e-06
0.85 -1.24 2.41109e-06
0.85 -1.2 2.29839e-06
0.85 -1.16 2.30267e-06
0.85 -1.12 2.35024e-06
0.85 -1.08 2.38745e-06
0.85 -1.04 2.33756e-06
0.85 -1 2.29473e-06
0.85 -0.96 2.30891e-06
0.85 -0.92 2.26487e-06
0.85 -0.88 2.22217e-06
0.85 -0.84 2.25941e-06
0.85 -0.8 2.23684e-06
0.85 -0.76 2.27722e-06
0.85 -0.72 2.23715e-06
0.85 -0.68 2.24434e-06
0.85 -0.64 2.1814e-06
0.85 -0.6 2.14443e-06
0.85 -0.56 2.14086e-06
0.85 -0.52 2.13341e-06
0.85 -0.48 2.1734e-06
0.85 -0.44 2.12776e-06
0.85 -0.4 2.14257e-06
0.85 -0.36 2.11353e-06
0.85 -0.32 2.10423e-06
0.85 -0.28 2.10557e-06
0.85 -0.24 2.09563e-06
0.85 -0.2 2.07678e-06
0.85 -0.16 2.05067e-06
0.85 -0.12 2.03355e-06
0.85 -0.08 2.01224e-06
0.85 -0.04 1.99206e-06
0.85 0 1.97302e-06
0.85 0.04 1.95215e-06
0.85 0.08 1.93127e-06
0.85 0.12 1.93943e-06
0.85 0.16 1.929e-06
0.85 0.2 1.91856e-06
0.85 0.24 1.90813e-06
0.85 0.28 1.89769e-06
0.85 0.32 1.88725e-06
0.85 0.36 1.87682e-06
0.85 0.4 1.86638e-06
0.85 0.44 1.86208e-06
0.85 0.48 1.86821e-06
0.85 0.52 1.86707e-06
0.85 0.56 1.85664e-06
0.85 0.6 1.8555e-06
0.85 0.64 1.8555e-06
0.85 0.68 1.84506e-06
0.85 0.72 1.83463e-06
0.85 0.76 1.82419e-06
0.85 0.8 1.82419e-06
0.85 0.84 1.81375e-06
0.85 0.88 1.80332e-06
0.85 0.92 1.80332e-06
0.85 0.96 1.79288e-06
0.85 1 0
0.85 1.04 0
0.85 1.08 0
0.85 1.12 0
0.85 1.16 0
0.85 1.2 0
0.85 1.24 0
0.85 1.28 0
0.85 1.32 0
0.85 1.36 0
0.85 1.4 0
0.85 1.44 0
0.85 1.48 0
0.85 1.52 0
0.85 1.56 0
0.85 1.6 0
0.85 1.64 0
0.85 1.68 0
0.85 1.72 0
0.85 1.76 0
0.85 1.8 0
0.85 1.84 0
0.85 1.88 0
0.85 1.92 0
0.85 1.96 0
0.85 2 0
0.85 2.04 0
0.85 2.08 0
0.85 2.12 0
0.85 2.16 0
0.85 2.2 0
0.85 2.24 0
0.85 2.28 0
0.85 2.32 0
0.85 2.36 0
0.85 2.4 0
0.85 2.44 0
0.85 2.48 0
0.85 2.52 0
0.85 2.56 0
0.85 2.6 0
0.85 2.64 0
0.85 2.68 0
0.85 2.72 0
0.85 2.76 0
0.85 2.8 0
0.85 2.84 0
0.85 2.88 0
0.85 2.92 0
0.85 2.96 0
0.85 3 0
0.85 3.04 0
0.85 3.08 0
0.85 3.12 0
0.85 3.16 0
0.85 3.2 0
0.85 3.24 0
0.85 3.28 0
0.85 3.32 0
0.85 3.36 0
0.85 3.4 0
0.85 3.44 0
0.85 3.48 0
0.85 3.52 0
0.85 3.56 0
0.85 3.6 0
0.85 3.64 0
0.85 3.68 0
0.85 3.72 0
0.85 3.76 0
0.85 3.8 0
0.85 3.84 0
0.85 3.88 0
0.85 3.92 0
0.85 3.96 0
0.85 4 0
0.866667 -4 3.03082e-06
0.866667 -3.96 3.79439e-06
0.866667 -3.92 3.13827e-06
0.866667 -3.88 2.86982e-06
0.866667 -3.84 3.84303e-06
0.866667 -3.8 3.39815e-06
0.866667 -3.76 3.1947e-06
0.866667 -3.72 3.51056e-06
0.866667 -3.68 3.05567e-06
0.866667 -3.64 2.87285e-06
0.866667 -3.6 3.38838e-06
0.866667 -3.56 3.25175e-06
0.866667 -3.52 3.02071e-06
0.866667 -3.48 2.90555e-06
0.866667 -3.44 3.28632e-06
0.866667 -3.4 3.05545e-06
0.866667 -3.36 3.23584e-06
0.866667 -3.32 3.36337e-06
0.866667 -3.28 2.98862e-06
0.866667 -3.24 3.17636e-06
0.866667 -3.2 2.73195e-06
0.866667 -3.16 3.14034e-06
0.866667 -3.12 2.96565e-06
0.866667 -3.08 2.95164e-06
0.866667 -3.04 2.88579e-06
0.866667 -3 2.99902e-06
0.866667 -2.96 3.1336e-06
0.866667 -2.92 2.88646e-06
0.866667 -2.88 2.87796e-06
0.866667 -2.84 2.87857e-06
0.866667 -2.8 2.88125e-06
0.866667 -2.76 2.6918e-06
0.866667 -2.72 2.84896e-06
0.866667 -2.68 3.03044e-06
0.866667 -2.64 2.9076e-06
0.866667 -2.6 3.03973e-06
0.866667 -2.56 2.74868e-06
0.866667 -2.52 2.87252e-06
0.866667 -2.48 2.82342e-06
0.866667 -2.44 2.70779e-06
0.866667 -2.4 2.75109e-06
0.866667 -2.36 2.83798e-06
0.866667 -2.32 2.90014e-06
0.866667 -2.28 2.73786e-06
0.866667 -2.24 2.63182e-06
0.866667 -2.2 2.6939e-06
0.866667 -2.16 2.75675e-06
0.866667 -2.12 2.57892e-06
0.866667 -2.08 2.78283e-06
0.866667 -2.04 2.64525e-06
0.866667 -2 2.59429e-06
0.866667 -1.96 2.56768e-06
0.866667 -1.92 2.68112e-06
0.866667 -1.88 2.57471e-06
0.866667 -1.84 2.67049e-06
0.866667 -1.8 2.62226e-06
0.866667 -1.76 2.55131e-06
0.866667 -1.72 2.52716e-06
0.866667 -1.68 2.50837e-06
0.866667 -1.64 2.47297e-06
0.866667 -1.6 2.54164e-06
0.866667 -1.56 2.49236e-06
0.866667 -1.52 2.6085e-06
0.866667 -1.48 2.51698e-06
0.866667 -1.44 2.57947e-06
0.866667 -1.4 2.41748e-06
0.866667 -1.36 2.45047e-06
0.866667 -1.32 2.34254e-06
0.866667 -1.28 2.49672e-06
0.866667 -1.24 2.372e-06
0.866667 -1.2 2.2141e-06
0.866667 -1.16 2.32084e-06
0.866667 -1.12 2.34843e-06
0.866667 -1.08 2.4103e-06
0.866667 -1.04 2.31888e-06
0.866667 -1 2.28924e-06
0.866667 -0.96 2.2848e-06
0.866667 -0.92 2.28581e-06
0.866667 -0.88 2.22777e-06
0.866667 -0.84 2.24835e-06
0.866667 -0.8 2.24193e-06
0.866667 -0.76 2.25462e-06
0.866667 -0.72 2.19582e-06
0.866667 -0.68 2.23245e-06
0.866667 -0.64 2.17161e-06
0.866667 -0.6 2.14483e-06
0.866667 -0.56 2.14735e-06
0.866667 -0.52 2.12429e-06
0.866667 -0.48 2.16742e-06
0.866667 -0.44 2.1223e-06
0.866667 -0.4 2.13304e-06
0.866667 -0.36 2.10353e-06
0.866667 -0.32 2.094e-06
0.866667 -0.28 2.09521e-06
0.866667 -0.24 2.08709e-06
0.866667 -0.2 2.06787e-06
0.866667 -0.16 2.04076e-06
0.866667 -0.12 2.02117e-06
0.866667 -0.08 2.00202e-06
0.866667 -0.04 1.98377e-06
0.866667 0 1.96643e-06
0.866667 0.04 1.94556e-06
0.866667 0.08 1.92469e-06
0.866667 0.12 1.93332e-06
0.866667 0.16 1.92288e-06
0.866667 0.2 1.91245e-06
0.866667 0.24 1.90201e-06
0.866667 0.28 1.89157e-06
0.866667 0.32 1.88114e-06
0.866667 0.36 1.8707e-06
0.866667 0.4 1.86026e-06
0.866667 0.44 1.85681e-06
0.866667 0.48 1.86379e-06
0.866667 0.52 1.86289e-06
0.866667 0.56 1.85246e-06
0.866667 0.6 1.85155e-06
0.866667 0.64 1.85155e-06
0.866667 0.68 1.84112e-06
0.866667 0.72 1.83068e-06
0.866667 0.76 1.82024e-06
0.866667 0.8 1.82024e-06
0.866667 0.84 1.80981e-06
0.866667 0.88 1.79937e-06
0.866667 0.92 1.79937e-06
0.866667 0.96 1.78893e-06
0.866667 1 0
0.866667 1.04 0
0.866667 1.08 0
0.866667 1.12 0
0.866667 1.16 0
0.866667 1.2 0
0.866667 1.24 0
0.866667 1.28 0
0.866667 1.32 0
0.866667 1.36 0
0.866667 1.4 0
0.866667 1.44 0
0.866667 1.48 0
0.866667 1.52 0
0.866667 1.56 0
0.866667 1.6 0
0.866667 1.64 0
0.866667 1.68 0
0.866667 1.72 0
0.866667 1.76 0
0.866667 1.8 0
0.866667 1.84 0
0.866667 1.88 0
0.866667 1.92 0
0.866667 1.96 0
0.866667 2 0
0.866667 2.04 0
0.866667 2.08 0
0.866667 2.12 0
0.866667 2.16 0
0.866667 2.2 0
0.866667 2.24 0
0.866667 2.28 0
0.866667 2.32 0
0.866667 2.36 0
0.866667 2.4 0
0.866667 2.44 0
0.866667 2.48 0
0.866667 2.52 0
0.866667 2.56 0
0.866667 2.6 0
0.866667 2.64 0
0.866667 2.68 0
0.866667 2.72 0
0.866667 2.76 0
0.866667 2.8 0
0.866667 2.84 0
0.866667 2.88 0
0.866667 2.92 0
0.866667 2.96 0
0.866667 3 0
0.866667 3.04 0
0.866667 3.08 0
0.866667 3.12 0
0.866667 3.16 0
0.866667 3.2 0
0.866667 3.24 0
0.866667 3.28 0
0.866667 3.32 0
0.866667 3.36 0
0.866667 3.4 0
0.866667 3.44 0
0.866667 3.48 0
0.866667 3.52 0
0.866667 3.56 0
0.866667 3.6 0
0.866667 3.64 0
0.866667 3.68 0
0.866667 3.72 0
0.866667 3.76 0
0.866667 3.8 0
0.866667 3.84 0
0.866667 3.88 0
0.866667 3.92 0
0.866667 3.96 0
0.866667 4 0
0.883333 -4 3.08786e-06
0.883333 -3.96 3.71586e-06
0.883333 -3.92 3.24303e-06
0.883333 -3.88 2.96536e-06
0.883333 -3.84 3.71255e-06
0.883333 -3.8 3.33919e-06
0.883333 -3.76 3.49933e-06
0.883333 -3.72 3.42052e-06
0.883333 -3.68 3.13581e-06
0.883333 -3.64 2.83466e-06
0.883333 -3.6 3.59084e-06
0.883333 -3.56 3.17168e-06
0.883333 -3.52 2.96876e-06
0.883333 -3.48 2.94299e-06
0.883333 -3.44 3.53113e-06
0.883333 -3.4 3.03179e-06
0.883333 -3.36 3.27209e-06
0.883333 -3.32 3.36796e-06
0.883333 -3.28 2.99982e-06
0.883333 -3.24 3.17762e-06
0.883333 -3.2 2.68853e-06
0.883333 -3.16 3.20745e-06
0.883333 -3.12 2.85188e-06
0.883333 -3.08 2.80095e-06
0.883333 -3.04 2.89184e-06
0.883333 -3 2.94681e-06
0.883333 -2.96 3.10862e-06
0.883333 -2.92 2.83786e-06
0.883333 -2.88 2.86282e-06
0.883333 -2.84 2.87002e-06
0.883333 -2.8 2.865e-06
0.883333 -2.76 2.75555e-06
0.883333 -2.72 2.78338e-06
0.883333 -2.68 3.11162e-06
0.883333 -2.64 2.91966e-06
0.883333 -2.6 2.93149e-06
0.883333 -2.56 2.76206e-06
0.883333 -2.52 2.97371e-06
0.883333 -2.48 2.81802e-06
0.883333 -2.44 2.73055e-06
0.883333 -2.4 2.79296e-06
0.883333 -2.36 2.86378e-06
0.883333 -2.32 2.91271e-06
0.883333 -2.28 2.77316e-06
0.883333 -2.24 2.71666e-06
0.883333 -2.2 2.66268e-06
0.883333 -2.16 2.81846e-06
0.883333 -2.12 2.62817e-06
0.883333 -2.08 2.802e-06
0.883333 -2.04 2.63031e-06
0.883333 -2 2.584e-06
0.883333 -1.96 2.60007e-06
0.883333 -1.92 2.70379e-06
0.883333 -1.88 2.57001e-06
0.883333 -1.84 2.72597e-06
0.883333 -1.8 2.54802e-06
0.883333 -1.76 2.57418e-06
0.883333 -1.72 2.59472e-06
0.883333 -1.68 2.58643e-06
0.883333 -1.64 2.49776e-06
0.883333 -1.6 2.58067e-06
0.883333 -1.56 2.38962e-06
0.883333 -1.52 2.59341e-06
0.883333 -1.48 2.46616e-06
0.883333 -1.44 2.62376e-06
0.883333 -1.4 2.38964e-06
0.883333 -1.36 2.44809e-06
0.883333 -1.32 2.32814e-06
0.883333 -1.28 2.49333e-06
0.883333 -1.24 2.33857e-06
0.883333 -1.2 2.17807e-06
0.883333 -1.16 2.3267e-06
0.883333 -1.12 2.33977e-06
0.883333 -1.08 2.38998e-06
0.883333 -1.04 2.30251e-06
0.883333 -1 2.27593e-06
0.883333 -0.96 2.26765e-06
0.883333 -0.92 2.30958e-06
0.883333 -0.88 2.24449e-06
0.883333 -0.84 2.23091e-06
0.883333 -0.8 2.23987e-06
0.883333 -0.76 2.22944e-06
0.883333 -0.72 2.15922e-06
0.883333 -0.68 2.21294e-06
0.883333 -0.64 2.15463e-06
0.883333 -0.6 2.15206e-06
0.883333 -0.56 2.16179e-06
0.883333 -0.52 2.12135e-06
0.883333 -0.48 2.1543e-06
0.883333 -0.44 2.12111e-06
0.883333 -0.4 2.12468e-06
0.883333 -0.36 2.09475e-06
0.883333 -0.32 2.08501e-06
0.883333 -0.28 2.08604e-06
0.883333 -0.24 2.07965e-06
0.883333 -0.2 2.06007e-06
0.883333 -0.16 2.03204e-06
0.883333 -0.12 2.01005e-06
0.883333 -0.08 1.99287e-06
0.883333 -0.04 1.97638e-06
0.883333 0 1.96058e-06
0.883333 0.04 1.9397e-06
0.883333 0.08 1.91883e-06
0.883333 0.12 1.92788e-06
0.883333 0.16 1.91745e-06
0.883333 0.2 1.90701e-06
0.883333 0.24 1.89657e-06
0.883333 0.28 1.88614e-06
0.883333 0.32 1.8757e-06
0.883333 0.36 1.86526e-06
0.883333 0.4 1.85483e-06
0.883333 0.44 1.85215e-06
0.883333 0.48 1.8599e-06
0.883333 0.52 1.85921e-06
0.883333 0.56 1.84877e-06
0.883333 0.6 1.84808e-06
0.883333 0.64 1.84808e-06
0.883333 0.68 1.83764e-06
0.883333 0.72 1.82721e-06
0.883333 0.76 1.81677e-06
0.883333 0.8 1.81677e-06
0.883333 0.84 1.80633e-06
0.883333 0.88 1.7959e-06
0.883333 0.92 1.7959e-06
0.883333 0.96 1.78546e-06
0.883333 1 0
0.883333 1.04 0
0.883333 1.08 0
0.883333 1.12 0
0.883333 1.16 0
0.883333 1.2 0
0.883333 1.24 0
0.883333 1.28 0
0.883333 1.32 0
0.883333 1.36 0
0.883333 1.4 0
0.883333 1.44 0
0.883333 1.48 0
0.883333 1.52 0
0.883333 1.56 0
0.883333 1.6 0
0.883333 1.64 0
0.883333 1.68 0
0.883333 1.72 0
0.883333 1.76 0
0.883333 1.8 0
0.883333 1.84 0
0.883333 1.88 0
0.883333 1.92 0
0.883333 1.96 0
0.883333 2 0
0.883333 2.04 0
0.883333 2.08 0
0.883333 2.12 0
0.883333 2.16 0
0.883333 2.2 0
0.883333 2.24 0
0.883333 2.28 0
0.883333 2.32 0
0.883333 2.36 0
0.883333 2.4 0
0.883333 2.44 0
0.883333 2.48 0
0.883333 2.52 0
0.883333 2.56 0
0.883333 2.6 0
0.883333 2.64 0
0.883333 2.68 0
0.883333 2.72 0
0.883333 2.76 0
0.883333 2.8 0
0.883333 2.84 0
0.883333 2.88 0
0.883333 2.92 0
0.883333 2.96 0
0.883333 3 0
0.883333 3.04 0
0.883333 3.08 0
0.883333 3.12 0
0.883333 3.16 0
0.883333 3.2 0
0.883333 3.24 0
0.883333 3.28 0
0.883333 3.32 0
0.883333 3.36 0
0.883333 3.4 0
0.883333 3.44 0
0.883333 3.48 0
0.883333 3.52 0
0.883333 3.56 0
0.883333 3.6 0
0.883333 3.64 0
0.883333 3.68 0
0.883333 3.72 0
0.883333 3.76 0
0.883333 3.8 0
0.883333 3.84 0
0.883333 3.88 0
0.883333 3.92 0
0.883333 3.96 0
0.883333 4 0
0.9 -4 3.18855e-06
0.9 -3.96 3.44417e-06
0.9 -3.92 3.28552e-06
0.9 -3.88 3.00379e-06
0.9 -3.84 3.35361e-06
0.9 -3.8 3.15533e-06
0.9 -3.76 3.52915e-06
0.9 -3.72 3.32787e-06
0.9 -3.68 3.25066e-06
0.9 -3.64 2.85466e-06
0.9 -3.6 3.64846e-06
0.9 -3.56 3.09069e-06
0.9 -3.52 2.95215e-06
0.9 -3.48 3.05484e-06
0.9 -3.44 3.68591e-06
0.9 -3.4 2.93816e-06
0.9 -3.36 3.34724e-06
0.9 -3.32 3.34103e-06
0.9 -3.28 3.04398e-06
0.9 -3.24 3.26699e-06
0.9 -3.2 2.77076e-06
0.9 -3.16 3.17261e-06
0.9 -3.12 2.70565e-06
0.9 -3.08 2.82483e-06
0.9 -3.04 2.94241e-06
0.9 -3 2.89679e-06
0.9 -2.96 3.1115e-06
0.9 -2.92 2.80978e-06
0.9 -2.88 2.86627e-06
0.9 -2.84 2.86926e-06
0.9 -2.8 2.91521e-06
0.9 -2.76 2.86395e-06
0.9 -2.72 2.78857e-06
0.9 -2.68 3.0391e-06
0.9 -2.64 2.96491e-06
0.9 -2.6 2.76847e-06
0.9 -2.56 2.78382e-06
0.9 -2.52 3.07344e-06
0.9 -2.48 2.80296e-06
0.9 -2.44 2.86357e-06
0.9 -2.4 2.94252e-06
0.9 -2.36 2.95044e-06
0.9 -2.32 2.93779e-06
0.9 -2.28 2.76492e-06
0.9 -2.24 2.77674e-06
0.9 -2.2 2.60946e-06
0.9 -2.16 2.79939e-06
0.9 -2.12 2.72424e-06
0.9 -2.08 2.73319e-06
0.9 -2.04 2.57224e-06
0.9 -2 2.58919e-06
0.9 -1.96 2.70012e-06
0.9 -1.92 2.64895e-06
0.9 -1.88 2.60273e-06
0.9 -1.84 2.74817e-06
0.9 -1.8 2.48273e-06
0.9 -1.76 2.56691e-06
0.9 -1.72 2.63635e-06
0.9 -1.68 2.62386e-06
0.9 -1.64 2.51697e-06
0.9 -1.6 2.60524e-06
0.9 -1.56 2.29314e-06
0.9 -1.52 2.56449e-06
0.9 -1.48 2.43222e-06
0.9 -1.44 2.65987e-06
0.9 -1.4 2.35639e-06
0.9 -1.36 2.4336e-06
0.9 -1.32 2.30986e-06
0.9 -1.28 2.45664e-06
0.9 -1.24 2.31649e-06
0.9 -1.2 2.2097e-06
0.9 -1.16 2.3249e-06
0.9 -1.12 2.32345e-06
0.9 -1.08 2.3545e-06
0.9 -1.04 2.30455e-06
0.9 -1 2.25715e-06
0.9 -0.96 2.26379e-06
0.9 -0.92 2.30478e-06
0.9 -0.88 2.25796e-06
0.9 -0.84 2.21344e-06
0.9 -0.8 2.2283e-06
0.9 -0.76 2.21463e-06
0.9 -0.72 2.14444e-06
0.9 -0.68 2.19591e-06
0.9 -0.64 2.13379e-06
0.9 -0.6 2.1494e-06
0.9 -0.56 2.17134e-06
0.9 -0.52 2.12018e-06
0.9 -0.48 2.13706e-06
0.9 -0.44 2.12129e-06
0.9 -0.4 2.11746e-06
0.9 -0.36 2.08718e-06
0.9 -0.32 2.07725e-06
0.9 -0.28 2.07808e-06
0.9 -0.24 2.07327e-06
0.9 -0.2 2.05336e-06
0.9 -0.16 2.02451e-06
0.9 -0.12 2.00027e-06
0.9 -0.08 1.98483e-06
0.9 -0.04 1.96989e-06
0.9 0 1.95547e-06
0.9 0.04 1.9346e-06
0.9 0.08 1.91373e-06
0.9 0.12 1.92314e-06
0.9 0.16 1.9127e-06
0.9 0.2 1.90227e-06
0.9 0.24 1.89183e-06
0.9 0.28 1.88139e-06
0.9 0.32 1.87096e-06
0.9 0.36 1.86052e-06
0.9 0.4 1.85009e-06
0.9 0.44 1.84809e-06
0.9 0.48 1.85654e-06
0.9 0.52 1.85602e-06
0.9 0.56 1.84559e-06
0.9 0.6 1.84508e-06
0.9 0.64 1.84508e-06
0.9 0.68 1.83464e-06
0.9 0.72 1.8242e-06
0.9 0.76 1.81377e-06
0.9 0.8 1.81377e-06
0.9 0.84 1.80333e-06
0.9 0.88 1.7929e-06
0.9 0.92 1.7929e-06
0.9 0.96 1.78246e-06
0.9 1 0
0.9 1.04 0
0.9 1.08 0
0.9 1.12 0
0.9 1.16 0
0.9 1.2 0
0.9 1.24 0
0.9 1.28 0
0.9 1.32 0
0.9 1.36 0
0.9 1.4 0
0.9 1.44 0
0.9 1.48 0
0.9 1.52 0
0.9 1.56 0
0.9 1.6 0
0.9 1.64 0
0.9 1.68 0
0.9 1.72 0
0.9 1.76 0
0.9 1.8 0
0.9 1.84 0
0.9 1.88 0
0.9 1.92 0
0.9 1.96 0
0.9 2 0
0.9 2.04 0
0.9 2.08 0
0.9 2.12 0
0.9 2.16 0
0.9 2.2 0
0.9 2.24 0
0.9 2.28 0
0.9 2.32 0
0.9 2.36 0
0.9 2.4 0
0.9 2.44 0
0.9 2.48 0
0.9 2.52 0
0.9 2.56 0
0.9 2.6 0
0.9 2.64 0
0.9 2.68 0
0.9 2.72 0
0.9 2.76 0
0.9 2.8 0
0.9 2.84 0
0.9 2.88 0
0.9 2.92 0
0.9 2.96 0
0.9 3 0
0.9 3.04 0
0.9 3.08 0
0.9 3.12 0
0.9 3.16 0
0.9 3.2 0
0.9 3.24 0
0.9 3.28 0
0.9 3.32 0
0.9 3.36 0
0.9 3.4 0
0.9 3.44 0
0.9 3.48 0
0.9 3.52 0
0.9 3.56 0
0.9 3.6 0
0.9 3.64 0
0.9 3.68 0
0.9 3.72 0
0.9 3.76 0
0.9 3.8 0
0.9 3.84 0
0.9 3.88 0
0.9 3.92 0
0.9 3.96 0
0.9 4 0
0.916667 -4 3.18911e-06
0.916667 -3.96 3.1872e-06
0.916667 -3.92 3.29837e-06
0.916667 -3.88 2.95602e-06
0.916667 -3.84 3.05095e-06
0.916667 -3.8 2.88873e-06
0.916667 -3.76 3.27436e-06
0.916667 -3.72 3.27714e-06
0.916667 -3.68 3.22603e-06
0.916667 -3.64 2.89046e-06
0.916667 -3.6 3.41646e-06
0.916667 -3.56 3.02393e-06
0.916667 -3.52 2.96388e-06
0.916667 -3.48 3.15348e-06
0.916667 -3.44 3.55049e-06
0.916667 -3.4 2.83904e-06
0.916667 -3.36 3.36677e-06
0.916667 -3.32 3.30874e-06
0.916667 -3.28 3.08944e-06
0.916667 -3.24 3.28487e-06
0.916667 -3.2 2.94248e-06
0.916667 -3.16 3.04575e-06
0.916667 -3.12 2.56593e-06
0.916667 -3.08 2.96009e-06
0.916667 -3.04 2.95135e-06
0.916667 -3 2.87543e-06
0.916667 -2.96 3.13297e-06
0.916667 -2.92 2.83385e-06
0.916667 -2.88 2.85201e-06
0.916667 -2.84 2.82403e-06
0.916667 -2.8 2.98726e-06
0.916667 -2.76 2.86425e-06
0.916667 -2.72 2.83826e-06
0.916667 -2.68 2.83512e-06
0.916667 -2.64 2.97968e-06
0.916667 -2.6 2.74091e-06
0.916667 -2.56 2.72214e-06
0.916667 -2.52 3.13139e-06
0.916667 -2.48 2.77067e-06
0.916667 -2.44 2.96233e-06
0.916667 -2.4 3.0175e-06
0.916667 -2.36 2.97509e-06
0.916667 -2.32 2.92777e-06
0.916667 -2.28 2.71855e-06
0.916667 -2.24 2.73297e-06
0.916667 -2.2 2.59488e-06
0.916667 -2.16 2.77877e-06
0.916667 -2.12 2.80075e-06
0.916667 -2.08 2.65918e-06
0.916667 -2.04 2.53096e-06
0.916667 -2 2.61189e-06
0.916667 -1.96 2.75561e-06
0.916667 -1.92 2.55159e-06
0.916667 -1.88 2.61941e-06
0.916667 -1.84 2.72561e-06
0.916667 -1.8 2.44756e-06
0.916667 -1.76 2.53457e-06
0.916667 -1.72 2.623e-06
0.916667 -1.68 2.59628e-06
0.916667 -1.64 2.51451e-06
0.916667 -1.6 2.60402e-06
0.916667 -1.56 2.32262e-06
0.916667 -1.52 2.55168e-06
0.916667 -1.48 2.4134e-06
0.916667 -1.44 2.66871e-06
0.916667 -1.4 2.35101e-06
0.916667 -1.36 2.39647e-06
0.916667 -1.32 2.29295e-06
0.916667 -1.28 2.41078e-06
0.916667 -1.24 2.31478e-06
0.916667 -1.2 2.2694e-06
0.916667 -1.16 2.32734e-06
0.916667 -1.12 2.30352e-06
0.916667 -1.08 2.33417e-06
0.916667 -1.04 2.31615e-06
0.916667 -1 2.2386e-06
0.916667 -0.96 2.2705e-06
0.916667 -0.92 2.26317e-06
0.916667 -0.88 2.26011e-06
0.916667 -0.84 2.20318e-06
0.916667 -0.8 2.21126e-06
0.916667 -0.76 2.21721e-06
0.916667 -0.72 2.15318e-06
0.916667 -0.68 2.18705e-06
0.916667 -0.64 2.11563e-06
0.916667 -0.6 2.13299e-06
0.916667 -0.56 2.16903e-06
0.916667 -0.52 2.11765e-06
0.916667 -0.48 2.1205e-06
0.916667 -0.44 2.11982e-06
0.916667 -0.4 2.11139e-06
0.916667 -0.36 2.0808e-06
0.916667 -0.32 2.07072e-06
0.916667 -0.28 2.07133e-06
0.916667 -0.24 2.06792e-06
0.916667 -0.2 2.04773e-06
0.916667 -0.16 2.01815e-06
0.916667 -0.12 1.99189e-06
0.916667 -0.08 1.97795e-06
0.916667 -0.04 1.96436e-06
0.916667 0 1.95113e-06
0.916667 0.04 1.93025e-06
0.916667 0.08 1.90938e-06
0.916667 0.12 1.91911e-06
0.916667 0.16 1.90867e-06
0.916667 0.2 1.89823e-06
0.916667 0.24 1.8878e-06
0.916667 0.28 1.87736e-06
0.916667 0.32 1.86692e-06
0.916667 0.36 1.85649e-06
0.916667 0.4 1.84605e-06
0.916667 0.44 1.84465e-06
0.916667 0.48 1.85369e-06
0.916667 0.52 1.85333e-06
0.916667 0.56 1.8429e-06
0.916667 0.6 1.84254e-06
0.916667 0.64 1.84254e-06
0.916667 0.68 1.83211e-06
0.916667 0.72 1.82167e-06
0.916667 0.76 1.81123e-06
0.916667 0.8 1.81123e-06
0.916667 0.84 1.8008e-06
0.916667 0.88 1.79036e-06
0.916667 0.92 1.79036e-06
0.916667 0.96 1.77992e-06
0.916667 1 0
0.916667 1.04 0
0.916667 1.08 0
0.916667 1.12 0
0.916667 1.16 0
0.916667 1.2 0
0.916667 1.24 0
0.916667 1.28 0
0.916667 1.32 0
0.916667 1.36 0
0.916667 1.4 0
0.916667 1.44 0
0.916667 1.48 0
0.916667 1.52 0
0.916667 1.56 0
0.916667 1.6 0
0.916667 1.64 0
0.916667 1.68 0
0.916667 1.72 0
0.916667 1.76 0
0.916667 1.8 0
0.916667 1.84 0
0.916667 1.88 0
0.916667 1.92 0
0.916667 1.96 0
0.916667 2 0
0.916667 2.04 0
0.916667 2.08 0
0.916667 2.12 0
0.916667 2.16 0
0.916667 2.2 0
0.916667 2.24 0
0.916667 2.28 0
0.916667 2.32 0
0.916667 2.36 0
0.916667 2.4 0
0.916667 2.44 0
0.916667 2.48 0
0.916667 2.52 0
0.916667 2.56 0
0.916667 2.6 0
0.916667 2.64 0
0.916667 2.68 0
0.916667 2.72 0
0.916667 2.76 0
0.916667 2.8 0
0.916667 2.84 0
0.916667 2.88 0
0.916667 2.92 0
0.916667 2.96 0
0.916667 3 0
0.916667 3.04 0
0.916667 3.08 0
0.916667 3.12 0
0.916667 3.16 0
0.916667 3.2 0
0.916667 3.24 0
0.916667 3.28 0
0.916667 3.32 0
0.916667 3.36 0
0.916667 3.4 0
0.916667 3.44 0
0.916667 3.48 0
0.916667 3.52 0
0.916667 3.56 0
0.916667 3.6 0
0.916667 3.64 0
0.916667 3.68 0
0.916667 3.72 0
0.916667 3.76 0
0.916667 3.8 0
0.916667 3.84 0
0.916667 3.88 0
0.916667 3.92 0
0.916667 3.96 0
0.916667 4 0
0.933333 -4 3.02516e-06
0.933333 -3.96 3.1082e-06
0.933333 -3.92 3.35e-06
0.933333 -3.88 2.86629e-06
0.933333 -3.84 3.00091e-06
0.933333 -3.8 2.63564e-06
0.933333 -3.76 3.08219e-06
0.933333 -3.72 3.29066e-06
0.933333 -3.68 3.03267e-06
0.933333 -3.64 2.93114e-06
0.933333 -3.6 3.02537e-06
0.933333 -3.56 2.99097e-06
0.933333 -3.52 3.00678e-06
0.933333 -3.48 3.15078e-06
0.933333 -3.44 3.16574e-06
0.933333 -3.4 2.82162e-06
0.933333 -3.36 3.28614e-06
0.933333 -3.32 3.35588e-06
0.933333 -3.28 3.10953e-06
0.933333 -3.24 3.09052e-06
0.933333 -3.2 3.06802e-06
0.933333 -3.16 2.97779e-06
0.933333 -3.12 2.5073e-06
0.933333 -3.08 3.05999e-06
0.933333 -3.04 2.87556e-06
0.933333 -3 2.8911e-06
0.933333 -2.96 3.14345e-06
0.933333 -2.92 2.8827e-06
0.933333 -2.88 2.85173e-06
0.933333 -2.84 2.75541e-06
0.933333 -2.8 3.02688e-06
0.933333 -2.76 2.81158e-06
0.933333 -2.72 2.88515e-06
0.933333 -2.68 2.70428e-06
0.933333 -2.64 2.95293e-06
0.933333 -2.6 2.85565e-06
0.933333 -2.56 2.59226e-06
0.933333 -2.52 3.12538e-06
0.933333 -2.48 2.72595e-06
0.933333 -2.44 2.9303e-06
0.933333 -2.4 2.91749e-06
0.933333 -2.36 2.9516e-06
0.933333 -2.32 2.87205e-06
0.933333 -2.28 2.68192e-06
0.933333 -2.24 2.62763e-06
0.933333 -2.2 2.63347e-06
0.933333 -2.16 2.81817e-06
0.933333 -2.12 2.82472e-06
0.933333 -2.08 2.69831e-06
0.933333 -2.04 2.56203e-06
0.933333 -2 2.65401e-06
0.933333 -1.96 2.70755e-06
0.933333 -1.92 2.47795e-06
0.933333 -1.88 2.56457e-06
0.933333 -1.84 2.68657e-06
0.933333 -1.8 2.44618e-06
0.933333 -1.76 2.49971e-06
0.933333 -1.72 2.57165e-06
0.933333 -1.68 2.53333e-06
0.933333 -1.64 2.49526e-06
0.933333 -1.6 2.58951e-06
0.933333 -1.56 2.47164e-06
0.933333 -1.52 2.56281e-06
0.933333 -1.48 2.39777e-06
0.933333 -1.44 2.65421e-06
0.933333 -1.4 2.39063e-06
0.933333 -1.36 2.34644e-06
0.933333 -1.32 2.28353e-06
0.933333 -1.28 2.37682e-06
0.933333 -1.24 2.33025e-06
0.933333 -1.2 2.30382e-06
0.933333 -1.16 2.33105e-06
0.933333 -1.12 2.28613e-06
0.933333 -1.08 2.33189e-06
0.933333 -1.04 2.31771e-06
0.933333 -1 2.22608e-06
0.933333 -0.96 2.2778e-06
0.933333 -0.92 2.20911e-06
0.933333 -0.88 2.25254e-06
0.933333 -0.84 2.20384e-06
0.933333 -0.8 2.19588e-06
0.933333 -0.76 2.23416e-06
0.933333 -0.72 2.17283e-06
0.933333 -0.68 2.18232e-06
0.933333 -0.64 2.10609e-06
0.933333 -0.6 2.11493e-06
0.933333 -0.56 2.15649e-06
0.933333 -0.52 2.11302e-06
0.933333 -0.48 2.10889e-06
0.933333 -0.44 2.11489e-06
0.933333 -0.4 2.10645e-06
0.933333 -0.36 2.0756e-06
0.933333 -0.32 2.06539e-06
0.933333 -0.28 2.0658e-06
0.933333 -0.24 2.06358e-06
0.933333 -0.2 2.04316e-06
0.933333 -0.16 2.01297e-06
0.933333 -0.12 1.98496e-06
0.933333 -0.08 1.97226e-06
0.933333 -0.04 1.9598e-06
0.933333 0 1.94755e-06
0.933333 0.04 1.92668e-06
0.933333 0.08 1.90581e-06
0.933333 0.12 1.91579e-06
0.933333 0.16 1.90535e-06
0.933333 0.2 1.89492e-06
0.933333 0.24 1.88448e-06
0.933333 0.28 1.87404e-06
0.933333 0.32 1.86361e-06
0.933333 0.36 1.85317e-06
0.933333 0.4 1.84273e-06
0.933333 0.44 1.84183e-06
0.933333 0.48 1.85137e-06
0.933333 0.52 1.85114e-06
0.933333 0.56 1.8407e-06
0.933333 0.6 1.84047e-06
0.933333 0.64 1.84047e-06
0.933333 0.68 1.83004e-06
0.933333 0.72 1.8196e-06
0.933333 0.76 1.80916e-06
0.933333 0.8 1.80916e-06
0.933333 0.84 1.79873e-06
0.933333 0.88 1.78829e-06
0.933333 0.92 1.78829e-06
0.933333 0.96 1.77786e-06
0.933333 1 0
0.933333 1.04 0
0.933333 1.08 0
0.933333 1.12 0
0.933333 1.16 0
0.933333 1.2 0
0.933333 1.24 0
0.933333 1.28 0
0.933333 1.32 0
0.933333 1.36 0
0.933333 1.4 0
0.933333 1.44 0
0.933333 1.48 0
0.933333 1.52 0
0.933333 1.56 0
0.933333 1.6 0
0.933333 1.64 0
0.933333 1.68 0
0.933333 1.72 0
0.933333 1.76 0
0.933333 1.8 0
0.933333 1.84 0
0.933333 1.88 0
0.933333 1.92 0
0.933333 1.96 0
0.933333 2 0
0.933333 2.04 0
0.933333 2.08 0
0.933333 2.12 0
0.933333 2.16 0
0.933333 2.2 0
0.933333 2.24 0
0.933333 2.28 0
0.933333 2.32 0
0.933333 2.36 0
0.933333 2.4 0
0.933333 2.44 0
0.933333 2.48 0
0.933333 2.52 0
0.933333 2.56 0
0.933333 2.6 0
0.933333 2.64 0
0.933333 2.68 0
0.933333 2.72 0
0.933333 2.76 0
0.933333 2.8 0
0.933333 2.84 0
0.933333 2.88 0
0.933333 2.92 0
0.933333 2.96 0
0.933333 3 0
0.933333 3.04 0
0.933333 3.08 0
0.933333 3.12 0
0.933333 3.16 0
0.933333 3.2 0
0.933333 3.24 0
0.933333 3.28 0
0.933333 3.32 0
0.933333 3.36 0
0.933333 3.4 0
0.933333 3.44 0
0.933333 3.48 0
0.933333 3.52 0
0.933333 3.56 0
0.933333 3.6 0
0.933333 3.64 0
0.933333 3.68 0
0.933333 3.72 0
0.933333 3.76 0
0.933333 3.8 0
0.933333 3.84 0
0.933333 3.88 0
0.933333 3.92 0
0.933333 3.96 0
0.933333 4 0
0.95 -4 2.85055e-06
0.95 -3.96 3.1524e-06
0.95 -3.92 3.3733e-06
0.95 -3.88 2.81324e-06
0.95 -3.84 3.08323e-06
0.95 -3.8 2.4223e-06
0.95 -3.76 3.12122e-06
0.95 -3.72 3.35069e-06
0.95 -3.68 2.87191e-06
0.95 -3.64 2.98328e-06
0.95 -3.6 2.75885e-06
0.95 -3.56 3.00156e-06
0.95 -3.52 3.07839e-06
0.95 -3.48 3.04636e-06
0.95 -3.44 2.8264e-06
0.95 -3.4 2.89385e-06
0.95 -3.36 3.18049e-06
0.95 -3.32 3.45203e-06
0.95 -3.28 3.10895e-06
0.95 -3.24 2.82996e-06
0.95 -3.2 3.03791e-06
0.95 -3.16 3.03036e-06
0.95 -3.12 2.6006e-06
0.95 -3.08 3.08927e-06
0.95 -3.04 2.73558e-06
0.95 -3 2.93509e-06
0.95 -2.96 3.12963e-06
0.95 -2.92 2.89335e-06
0.95 -2.88 2.89359e-06
0.95 -2.84 2.72226e-06
0.95 -2.8 3.0147e-06
0.95 -2.76 2.8188e-06
0.95 -2.72 2.90715e-06
0.95 -2.68 2.76057e-06
0.95 -2.64 2.94237e-06
0.95 -2.6 2.97641e-06
0.95 -2.56 2.49952e-06
0.95 -2.52 3.06625e-06
0.95 -2.48 2.70488e-06
0.95 -2.44 2.82848e-06
0.95 -2.4 2.76033e-06
0.95 -2.36 2.96031e-06
0.95 -2.32 2.83497e-06
0.95 -2.28 2.69786e-06
0.95 -2.24 2.59007e-06
0.95 -2.2 2.68126e-06
0.95 -2.16 2.88934e-06
0.95 -2.12 2.81458e-06
0.95 -2.08 2.81918e-06
0.95 -2.04 2.63305e-06
0.95 -2 2.69234e-06
0.95 -1.96 2.62569e-06
0.95 -1.92 2.47771e-06
0.95 -1.88 2.47401e-06
0.95 -1.84 2.67362e-06
0.95 -1.8 2.46762e-06
0.95 -1.76 2.48582e-06
0.95 -1.72 2.52572e-06
0.95 -1.68 2.49067e-06
0.95 -1.64 2.4784e-06
0.95 -1.6 2.57807e-06
0.95 -1.56 2.58485e-06
0.95 -1.52 2.57238e-06
0.95 -1.48 2.38644e-06
0.95 -1.44 2.64099e-06
0.95 -1.4 2.43861e-06
0.95 -1.36 2.32033e-06
0.95 -1.32 2.28435e-06
0.95 -1.28 2.36095e-06
0.95 -1.24 2.3362e-06
0.95 -1.2 2.29451e-06
0.95 -1.16 2.32721e-06
0.95 -1.12 2.2758e-06
0.95 -1.08 2.32668e-06
0.95 -1.04 2.30507e-06
0.95 -1 2.2223e-06
0.95 -0.96 2.27628e-06
0.95 -0.92 2.17886e-06
0.95 -0.88 2.24244e-06
0.95 -0.84 2.21385e-06
0.95 -0.8 2.18756e-06
0.95 -0.76 2.25579e-06
0.95 -0.72 2.18756e-06
0.95 -0.68 2.17295e-06
0.95 -0.64 2.10715e-06
0.95 -0.6 2.11147e-06
0.95 -0.56 2.14061e-06
0.95 -0.52 2.10734e-06
0.95 -0.48 2.10395e-06
0.95 -0.44 2.10673e-06
0.95 -0.4 2.10262e-06
0.95 -0.36 2.07157e-06
0.95 -0.32 2.06126e-06
0.95 -0.28 2.0615e-06
0.95 -0.24 2.06024e-06
0.95 -0.2 2.03962e-06
0.95 -0.16 2.00895e-06
0.95 -0.12 1.97953e-06
0.95 -0.08 1.96781e-06
0.95 -0.04 1.95622e-06
0.95 0 1.94477e-06
0.95 0.04 1.92389e-06
0.95 0.08 1.90302e-06
0.95 0.12 1.9132e-06
0.95 0.16 1.90276e-06
0.95 0.2 1.89233e-06
0.95 0.24 1.88189e-06
0.95 0.28 1.87145e-06
0.95 0.32 1.86102e-06
0.95 0.36 1.85058e-06
0.95 0.4 1.84015e-06
0.95 0.44 1.83963e-06
0.95 0.48 1.84956e-06
0.95 0.52 1.84943e-06
0.95 0.56 1.839e-06
0.95 0.6 1.83887e-06
0.95 0.64 1.83887e-06
0.95 0.68 1.82843e-06
0.95 0.72 1.81799e-06
0.95 0.76 1.80756e-06
0.95 0.8 1.80756e-06
0.95 0.84 1.79712e-06
0.95 0.88 1.78668e-06
0.95 0.92 1.78668e-06
0.95 0.96 1.77625e-06
0.95 1 0
0.95 1.04 0
0.95 1.08 0
0.95 1.12 0
0.95 1.16 0
0.95 1.2 0
0.95 1.24 0
0.95 1.28 0
0.95 1.32 0
0.95 1.36 0
0.95 1.4 0
0.95 1.44 0
0.95 1.48 0
0.95 1.52 0
0.95 1.56 0
0.95 1.6 0
0.95 1.64 0
0.95 1.68 0
0.95 1.72 0
0.95 1.76 0
0.95 1.8 0
0.95 1.84 0
0.95 1.88 0
0.95 1.92 0
0.95 1.96 0
0.95 2 0
0.95 2.04 0
0.95 2.08 0
0.95 2.12 0
0.95 2.16 0
0.95 2.2 0
0.95 2.24 0
0.95 2.28 0
0.95 2.32 0
0.95 2.36 0
0.95 2.4 0
0.95 2.44 0
0.95 2.48 0
0.95 2.52 0
0.95 2.56 0
0.95 2.6 0
0.95 2.64 0
0.95 2.68 0
0.95 2.72 0
0.95 2.76 0
0.95 2.8 0
0.95 2.84 0
0.95 2.88 0
0.95 2.92 0
0.95 2.96 0
0.95 3 0
0.95 3.04 0
0.95 3.08 0
0.95 3.12 0
0.95 3.16 0
0.95 3.2 0
0.95 3.24 0
0.95 3.28 0
0.95 3.32 0
0.95 3.36 0
0.95 3.4 0
0.95 3.44 0
0.95 3.48 0
0.95 3.52 0
0.95 3.56 0
0.95 3.6 0
0.95 3.64 0
0.95 3.68 0
0.95 3.72 0
0.95 3.76 0
0.95 3.8 0
0.95 3.84 0
0.95 3.88 0
0.95 3.92 0
0.95 3.96 0
0.95 4 0
0.966667 -4 2.86582e-06
0.966667 -3.96 3.14969e-06
0.966667 -3.92 3.23102e-06
0.966667 -3.88 2.83368e-06
0.966667 -3.84 3.05228e-06
0.966667 -3.8 2.20846e-06
0.966667 -3.76 3.20449e-06
0.966667 -3.72 3.40766e-06
0.966667 -3.68 2.94028e-06
0.966667 -3.64 3.03331e-06
0.966667 -3.6 2.77052e-06
0.966667 -3.56 3.03956e-06
0.966667 -3.52 3.15218e-06
0.966667 -3.48 2.91044e-06
0.966667 -3.44 2.78639e-06
0.966667 -3.4 2.97499e-06
0.966667 -3.36 3.15396e-06
0.966667 -3.32 3.46088e-06
0.966667 -3.28 3.11085e-06
0.966667 -3.24 2.78293e-06
0.966667 -3.2 2.8656e-06
0.966667 -3.16 3.09193e-06
0.966667 -3.12 2.83427e-06
0.966667 -3.08 3.12356e-06
0.966667 -3.04 2.58206e-06
0.966667 -3 2.98868e-06
0.966667 -2.96 3.10421e-06
0.966667 -2.92 2.83441e-06
0.966667 -2.88 2.94871e-06
0.966667 -2.84 2.74404e-06
0.966667 -2.8 2.97071e-06
0.966667 -2.76 2.853e-06
0.966667 -2.72 2.91402e-06
0.966667 -2.68 2.9058e-06
0.966667 -2.64 2.99911e-06
0.966667 -2.6 3.01564e-06
0.966667 -2.56 2.51202e-06
0.966667 -2.52 2.98757e-06
0.966667 -2.48 2.74124e-06
0.966667 -2.44 2.77254e-06
0.966667 -2.4 2.71956e-06
0.966667 -2.36 2.99868e-06
0.966667 -2.32 2.88416e-06
0.966667 -2.28 2.76448e-06
0.966667 -2.24 2.69505e-06
0.966667 -2.2 2.68662e-06
0.966667 -2.16 2.92385e-06
0.966667 -2.12 2.80385e-06
0.966667 -2.08 2.88028e-06
0.966667 -2.04 2.65816e-06
0.966667 -2 2.698e-06
0.966667 -1.96 2.61602e-06
0.966667 -1.92 2.54748e-06
0.966667 -1.88 2.44511e-06
0.966667 -1.84 2.70393e-06
0.966667 -1.8 2.49581e-06
0.966667 -1.76 2.49916e-06
0.966667 -1.72 2.5135e-06
0.966667 -1.68 2.49856e-06
0.966667 -1.64 2.47749e-06
0.966667 -1.6 2.57512e-06
0.966667 -1.56 2.52826e-06
0.966667 -1.52 2.55327e-06
0.966667 -1.48 2.38654e-06
0.966667 -1.44 2.64859e-06
0.966667 -1.4 2.44248e-06
0.966667 -1.36 2.34623e-06
0.966667 -1.32 2.2928e-06
0.966667 -1.28 2.35737e-06
0.966667 -1.24 2.30767e-06
0.966667 -1.2 2.26163e-06
0.966667 -1.16 2.31722e-06
0.966667 -1.12 2.27291e-06
0.966667 -1.08 2.30264e-06
0.966667 -1.04 2.29123e-06
0.966667 -1 2.22554e-06
0.966667 -0.96 2.26452e-06
0.966667 -0.92 2.18804e-06
0.966667 -0.88 2.2358e-06
0.966667 -0.84 2.22782e-06
0.966667 -0.8 2.18686e-06
0.966667 -0.76 2.27315e-06
0.966667 -0.72 2.18999e-06
0.966667 -0.68 2.15557e-06
0.966667 -0.64 2.11564e-06
0.966667 -0.6 2.12721e-06
0.966667 -0.56 2.12785e-06
0.966667 -0.52 2.10224e-06
0.966667 -0.48 2.10438e-06
0.966667 -0.44 2.09744e-06
0.966667 -0.4 2.09989e-06
0.966667 -0.36 2.0687e-06
0.966667 -0.32 2.05832e-06
0.966667 -0.28 2.05843e-06
0.966667 -0.24 2.05786e-06
0.966667 -0.2 2.0371e-06
0.966667 -0.16 2.00608e-06
0.966667 -0.12 1.97562e-06
0.966667 -0.08 1.96461e-06
0.966667 -0.04 1.95366e-06
0.966667 0 1.94277e-06
0.966667 0.04 1.9219e-06
0.966667 0.08 1.90102e-06
0.966667 0.12 1.91135e-06
0.966667 0.16 1.90091e-06
0.966667 0.2 1.89047e-06
0.966667 0.24 1.88004e-06
0.966667 0.28 1.8696e-06
0.966667 0.32 1.85916e-06
0.966667 0.36 1.84873e-06
0.966667 0.4 1.83829e-06
0.966667 0.44 1.83806e-06
0.966667 0.48 1.84827e-06
0.966667 0.52 1.84821e-06
0.966667 0.56 1.83778e-06
0.966667 0.6 1.83772e-06
0.966667 0.64 1.83772e-06
0.966667 0.68 1.82728e-06
0.966667 0.72 1.81685e-06
0.966667 0.76 1.80641e-06
0.966667 0.8 1.80641e-06
0.966667 0.84 1.79598e-06
0.966667 0.88 1.78554e-06
0.966667 0.92 1.78554e-06
0.966667 0.96 1.7751e-06
0.966667 1 0
0.966667 1.04 0
0.966667 1.08 0
0.966667 1.12 0
0.966667 1.16 0
0.966667 1.2 0
0.966667 1.24 0
0.966667 1.28 0
0.966667 1.32 0
0.966667 1.36 0
0.966667 1.4 0
0.966667 1.44 0
0.966667 1.48 0
0.966667 1.52 0
0.966667 1.56 0
0.966667 1.6 0
0.966667 1.64 0
0.966667 1.68 0
0.966667 1.72 0
0.966667 1.76 0
0.966667 1.8 0
0.966667 1.84 0
0.966667 1.88 0
0.966667 1.92 0
0.966667 1.96 0
0.966667 2 0
0.966667 2.04 0
0.966667 2.08 0
0.966667 2.12 0
0.966667 2.16 0
0.966667 2.2 0
0.966667 2.24 0
0.966667 2.28 0
0.966667 2.32 0
0.966667 2.36 0
0.966667 2.4 0
0.966667 2.44 0
0.966667 2.48 0
0.966667 2.52 0
0.966667 2.56 0
0.966667 2.6 0
0.966667 2.64 0
0.966667 2.68 0
0.966667 2.72 0
0.966667 2.76 0
0.966667 2.8 0
0.966667 2.84 0
0.966667 2.88 0
0.966667 2.92 0
0.966667 2.96 0
0.966667 3 0
0.966667 3.04 0
0.966667 3.08 0
0.966667 3.12 0
0.966667 3.16 0
0.966667 3.2 0
0.966667 3.24 0
0.966667 3.28 0
0.966667 3.32 0
0.966667 3.36 0
0.966667 3.4 0
0.966667 3.44 0
0.966667 3.48 0
0.966667 3.52 0
0.966667 3.56 0
0.966667 3.6 0
0.966667 3.64 0
0.966667 3.68 0
0.966667 3.72 0
0.966667 3.76 0
0.966667 3.8 0
0.966667 3.84 0
0.966667 3.88 0
0.966667 3.92 0
0.966667 3.96 0
0.966667 4 0
0.983333 -4 3.04504e-06
0.983333 -3.96 3.0558e-06
0.983333 -3.92 2.96652e-06
0.983333 -3.88 2.89209e-06
0.983333 -3.84 2.87939e-06
0.983333 -3.8 2.00793e-06
0.983333 -3.76 3.16948e-06
0.983333 -3.72 3.43098e-06
0.983333 -3.68 3.17122e-06
0.983333 -3.64 3.06129e-06
0.983333 -3.6 2.9478e-06
0.983333 -3.56 3.0754e-06
0.983333 -3.52 3.19963e-06
0.983333 -3.48 2.81078e-06
0.983333 -3.44 2.97862e-06
0.983333 -3.4 3.00514e-06
0.983333 -3.36 3.20789e-06
0.983333 -3.32 3.35651e-06
0.983333 -3.28 3.12313e-06
0.983333 -3.24 2.96595e-06
0.983333 -3.2 2.67145e-06
0.983333 -3.16 3.07545e-06
0.983333 -3.12 3.08533e-06
0.983333 -3.08 3.19462e-06
0.983333 -3.04 2.46499e-06
0.983333 -3 3.0313e-06
0.983333 -2.96 3.08507e-06
0.983333 -2.92 2.74546e-06
0.983333 -2.88 2.97869e-06
0.983333 -2.84 2.78707e-06
0.983333 -2.8 2.92843e-06
0.983333 -2.76 2.83974e-06
0.983333 -2.72 2.9192e-06
0.983333 -2.68 3.00189e-06
0.983333 -2.64 3.09412e-06
0.983333 -2.6 2.99867e-06
0.983333 -2.56 2.58817e-06
0.983333 -2.52 2.92481e-06
0.983333 -2.48 2.81245e-06
0.983333 -2.44 2.78763e-06
0.983333 -2.4 2.80189e-06
0.983333 -2.36 3.01671e-06
0.983333 -2.32 2.9912e-06
0.983333 -2.28 2.83839e-06
0.983333 -2.24 2.86874e-06
0.983333 -2.2 2.6521e-06
0.983333 -2.16 2.90762e-06
0.983333 -2.12 2.80461e-06
0.983333 -2.08 2.83728e-06
0.983333 -2.04 2.61856e-06
0.983333 -2 2.67574e-06
0.983333 -1.96 2.6816e-06
0.983333 -1.92 2.6336e-06
0.983333 -1.88 2.49706e-06
0.983333 -1.84 2.75269e-06
0.983333 -1.8 2.5176e-06
0.983333 -1.76 2.52397e-06
0.983333 -1.72 2.52658e-06
0.983333 -1.68 2.53634e-06
0.983333 -1.64 2.488e-06
0.983333 -1.6 2.57667e-06
0.983333 -1.56 2.35722e-06
0.983333 -1.52 2.51448e-06
0.983333 -1.48 2.39521e-06
0.983333 -1.44 2.67042e-06
0.983333 -1.4 2.40396e-06
0.983333 -1.36 2.40253e-06
0.983333 -1.32 2.30235e-06
0.983333 -1.28 2.35806e-06
0.983333 -1.24 2.25831e-06
0.983333 -1.2 2.23321e-06
0.983333 -1.16 2.3091e-06
0.983333 -1.12 2.27411e-06
0.983333 -1.08 2.26979e-06
0.983333 -1.04 2.28587e-06
0.983333 -1 2.2309e-06
0.983333 -0.96 2.2502e-06
0.983333 -0.92 2.21779e-06
0.983333 -0.88 2.2336e-06
0.983333 -0.84 2.23939e-06
0.983333 -0.8 2.18989e-06
0.983333 -0.76 2.28274e-06
0.983333 -0.72 2.18462e-06
0.983333 -0.68 2.13707e-06
0.983333 -0.64 2.12504e-06
0.983333 -0.6 2.14981e-06
0.983333 -0.56 2.12072e-06
0.983333 -0.52 2.09887e-06
0.983333 -0.48 2.10687e-06
0.983333 -0.44 2.09008e-06
0.983333 -0.4 2.09826e-06
0.983333 -0.36 2.06698e-06
0.983333 -0.32 2.05656e-06
0.983333 -0.28 2.05658e-06
0.983333 -0.24 2.05644e-06
0.983333 -0.2 2.0356e-06
0.983333 -0.16 2.00436e-06
0.983333 -0.12 1.97326e-06
0.983333 -0.08 1.96268e-06
0.983333 -0.04 1.95212e-06
0.983333 0 1.94157e-06
0.983333 0.04 1.9207e-06
0.983333 0.08 1.89982e-06
0.983333 0.12 1.91023e-06
0.983333 0.16 1.89979e-06
0.983333 0.2 1.88936e-06
0.983333 0.24 1.87892e-06
0.983333 0.28 1.86849e-06
0.983333 0.32 1.85805e-06
0.983333 0.36 1.84761e-06
0.983333 0.4 1.83718e-06
0.983333 0.44 1.83712e-06
0.983333 0.48 1.8475e-06
0.983333 0.52 1.84748e-06
0.983333 0.56 1.83705e-06
0.983333 0.6 1.83703e-06
0.983333 0.64 1.83703e-06
0.983333 0.68 1.8266e-06
0.983333 0.72 1.81616e-06
0.983333 0.76 1.80572e-06
0.983333 0.8 1.80572e-06
0.983333 0.84 1.79529e-06
0.983333 0.88 1.78485e-06
0.983333 0.92 1.78485e-06
0.983333 0.96 1.77442e-06
0.983333 1 0
0.983333 1.04 0
0.983333 1.08 0
0.983333 1.12 0
0.983333 1.16 0
0.983333 1.2 0
0.983333 1.24 0
0.983333 1.28 0
0.983333 1.32 0
0.983333 1.36 0
0.983333 1.4 0
0.983333 1.44 0
0.983333 1.48 0
0.983333 1.52 0
0.983333 1.56 0
0.983333 1.6 0
0.983333 1.64 0
0.983333 1.68 0
0.983333 1.72 0
0.983333 1.76 0
0.983333 1.8 0
0.983333 1.84 0
0.983333 1.88 0
0.983333 1.92 0
0.983333 1.96 0
0.983333 2 0
0.983333 2.04 0
0.983333 2.08 0
0.983333 2.12 0
0.983333 2.16 0
0.983333 2.2 0
0.983333 2.24 0
0.983333 2.28 0
0.983333 2.32 0
0.983333 2.36 0
0.983333 2.4 0
0.983333 2.44 0
0.983333 2.48 0
0.983333 2.52 0
0.983333 2.56 0
0.983333 2.6 0
0.983333 2.64 0
0.983333 2.68 0
0.983333 2.72 0
0.983333 2.76 0
0.983333 2.8 0
0.983333 2.84 0
0.983333 2.88 0
0.983333 2.92 0
0.983333 2.96 0
0.983333 3 0
0.983333 3.04 0
0.983333 3.08 0
0.983333 3.12 0
0.983333 3.16 0
0.983333 3.2 0
0.983333 3.24 0
0.983333 3.28 0
0.983333 3.32 0
0.983333 3.36 0
0.983333 3.4 0
0.983333 3.44 0
0.983333 3.48 0
0.983333 3.52 0
0.983333 3.56 0
0.983333 3.6 0
0.983333 3.64 0
0.983333 3.68 0
0.983333 3.72 0
0.983333 3.76 0
0.983333 3.8 0
0.983333 3.84 0
0.983333 3.88 0
0.983333 3.92 0
0.983333 3.96 0
0.983333 4 0
1 -4 3.15179e-06
1 -3.96 2.99524e-06
1 -3.92 2.82826e-06
1 -3.88 2.92219e-06
1 -3.84 2.77608e-06
1 -3.8 1.9203e-06
1 -3.76 3.12048e-06
1 -3.72 3.43357e-06
1 -3.68 3.2979e-06
1 -3.64 3.0683e-06
1 -3.6 3.04743e-06
1 -3.56 3.08917e-06
1 -3.52 3.21441e-06
1 -3.48 2.77608e-06
1 -3.44 3.09961e-06
1 -3.4 3.00568e-06
1 -3.36 3.24572e-06
1 -3.32 3.28746e-06
1 -3.28 3.13092e-06
1 -3.24 3.08917e-06
1 -3.2 2.58822e-06
1 -3.16 3.04743e-06
1 -3.12 3.19354e-06
1 -3.08 3.23528e-06
1 -3.04 2.42124e-06
1 -3 3.04743e-06
1 -2.96 3.07873e-06
1 -2.92 2.70302e-06
1 -2.88 2.98481e-06
1 -2.84 2.80739e-06
1 -2.8 2.91175e-06
1 -2.76 2.81783e-06
1 -2.72 2.92219e-06
1 -2.68 3.02655e-06
1 -2.64 3.14135e-06
1 -2.6 2.98481e-06
1 -2.56 2.62997e-06
1 -2.52 2.90132e-06
1 -2.48 2.84913e-06
1 -2.44 2.80739e-06
1 -2.4 2.85957e-06
1 -2.36 3.01612e-06
1 -2.32 3.04743e-06
1 -2.28 2.87001e-06
1 -2.24 2.9535e-06
1 -2.2 2.62997e-06
1 -2.16 2.89088e-06
1 -2.12 2.80739e-06
1 -2.08 2.79695e-06
1 -2.04 2.58822e-06
1 -2 2.66128e-06
1 -1.96 2.7239e-06
1 -1.92 2.67172e-06
1 -1.88 2.53604e-06
1 -1.84 2.77608e-06
1 -1.8 2.52561e-06
1 -1.76 2.53604e-06
1 -1.72 2.53604e-06
1 -1.68 2.55692e-06
1 -1.64 2.4943e-06
1 -1.6 2.57779e-06
1 -1.56 2.2647e-06
1 -1.52 2.4943e-06
1 -1.48 2.40037e-06
1 -1.44 2.68215e-06
1 -1.4 2.3795e-06
1 -1.36 2.43168e-06
1 -1.32 2.30644e-06
1 -1.28 2.35862e-06
1 -1.24 2.23339e-06
1 -1.2 2.22295e-06
1 -1.16 2.30644e-06
1 -1.12 2.27513e-06
1 -1.08 2.25426e-06
1 -1.04 2.28557e-06
1 -1 2.23339e-06
1 -0.96 2.24382e-06
1 -0.92 2.23339e-06
1 -0.88 2.23339e-06
1 -0.84 2.24382e-06
1 -0.8 2.19164e-06
1 -0.76 2.28557e-06
1 -0.72 2.18121e-06
1 -0.68 2.12902e-06
1 -0.64 2.12902e-06
1 -0.6 2.16033e-06
1 -0.56 2.11859e-06
1 -0.52 2.09771e-06
1 -0.48 2.10815e-06
1 -0.44 2.08728e-06
1 -0.4 2.09771e-06
1 -0.36 2.06641e-06
1 -0.32 2.05597e-06
1 -0.28 2.05597e-06
1 -0.24 2.05597e-06
1 -0.2 2.0351e-06
1 -0.16 2.00379e-06
1 -0.12 1.97248e-06
1 -0.08 1.96204e-06
1 -0.04 1.9516e-06
1 0 1.94117e-06
1 0.04 1.9203e-06
1 0.08 1.89942e-06
1 0.12 1.90986e-06
1 0.16 1.89942e-06
1 0.2 1.88899e-06
1 0.24 1.87855e-06
1 0.28 1.86811e-06
1 0.32 1.85768e-06
1 0.36 1.84724e-06
1 0.4 1.8368e-06
1 0.44 1.8368e-06
1 0.48 1.84724e-06
1 0.52 1.84724e-06
1 0.56 1.8368e-06
1 0.6 1.8368e-06
1 0.64 1.8368e-06
1 0.68 1.82637e-06
1 0.72 1.81593e-06
1 0.76 1.8055e-06
1 0.8 1.8055e-06
1 0.84 1.79506e-06
1 0.88 1.78462e-06
1 0.92 1.78462e-06
1 0.96 1.77419e-06
1 1 0
1 1.04 0
1 1.08 0
1 1.12 0
1 1.16 0
1 1.2 0
1 1.24 0
1 1.28 0
1 1.32 0
1 1.36 0
1 1.4 0
1 1.44 0
1 1.48 0
1 1.52 0
1 1.56 0
1 1.6 0
1 1.64 0
1 1.68 0
1 1.72 0
1 1.76 0
1 1.8 0
1 1.84 0
1 1.88 0
1 1.92 0
1 1.96 0
1 2 0
1 2.04 0
1 2.08 0
1 2.12 0
1 2.16 0
1 2.2 0
1 2.24 0
1 2.28 0
1 2.32 0
1 2.36 0
1 2.4 0
1 2.44 0
1 2.48 0
1 2.52 0
1 2.56 0
1 2.6 0
1 2.64 0
1 2.68 0
1 2.72 0
1 2.76 0
1 2.8 0
1 2.84 0
1 2.88 0
1 2.92 0
1 2.96 0
1 3 0
1 3.04 0
1 3.08 0
1 3.12 0
1 3.16 0
1 3.2 0
1 3.24 0
1 3.28 0
1 3.32 0
1 3.36 0
1 3.4 0
1 3.44 0
1 3.48 0
1 3.52 0
1 3.56 0
1 3.6 0
1 3.64 0
1 3.68 0
1 3.72 0
1 3.76 0
1 3.8 0
1 3.84 0
1 3.88 0
1 3.92 0
1 3.96 0
1 4 0
  
