# single-particle spectral function of two-orbital Hubbard model
# t00=0.5 t11/t00=0.5 U=16 Jh=U/4 L=60 n=2.80 gamma=1
# k, omega, A(k,omega) full

0 -4 0.00433197
0 -3.96 0.00380937
0 -3.92 0.00176658
0 -3.88 0.00195888
0 -3.84 0.00160862
0 -3.8 0.00182612
0 -3.76 0.00268522
0 -3.72 0.00273488
0 -3.68 0.00346877
0 -3.64 0.00243939
0 -3.6 0.00211463
0 -3.56 0.00386883
0 -3.52 0.00463863
0 -3.48 0.00682762
0 -3.44 0.00296764
0 -3.4 0.00394105
0 -3.36 0.0026405
0 -3.32 0.00271212
0 -3.28 0.00422071
0 -3.24 0.00503005
0 -3.2 0.00362543
0 -3.16 0.00306298
0 -3.12 0.00216527
0 -3.08 0.00348357
0 -3.04 0.00446133
0 -3 0.00354631
0 -2.96 0.00294179
0 -2.92 0.00191014
0 -2.88 0.00316224
0 -2.84 0.00397735
0 -2.8 0.0035603
0 -2.76 0.00327469
0 -2.72 0.00361149
0 -2.68 0.00454928
0 -2.64 0.00541291
0 -2.6 0.0049477
0 -2.56 0.00306294
0 -2.52 0.00321839
0 -2.48 0.00365241
0 -2.44 0.00533051
0 -2.4 0.00768986
0 -2.36 0.00603247
0 -2.32 0.00407697
0 -2.28 0.004597
0 -2.24 0.00595821
0 -2.2 0.00638397
0 -2.16 0.00706432
0 -2.12 0.00407297
0 -2.08 0.00469131
0 -2.04 0.00528838
0 -2 0.00682326
0 -1.96 0.0100006
0 -1.92 0.00679821
0 -1.88 0.00543351
0 -1.84 0.00566624
0 -1.8 0.0053491
0 -1.76 0.00890466
0 -1.72 0.00908555
0 -1.68 0.00470954
0 -1.64 0.00609409
0 -1.6 0.00500204
0 -1.56 0.00789942
0 -1.52 0.00851848
0 -1.48 0.00646958
0 -1.44 0.00353178
0 -1.4 0.00539332
0 -1.36 0.00593212
0 -1.32 0.0049038
0 -1.28 0.00486587
0 -1.24 0.0048018
0 -1.2 0.00665571
0 -1.16 0.00518016
0 -1.12 0.0051145
0 -1.08 0.00500975
0 -1.04 0.00650664
0 -1 0.00656187
0 -0.96 0.00664257
0 -0.92 0.00712291
0 -0.88 0.00640755
0 -0.84 0.00561046
0 -0.8 0.00879767
0 -0.76 0.00810954
0 -0.72 0.00695832
0 -0.68 0.00788546
0 -0.64 0.00525167
0 -0.6 0.00611286
0 -0.56 0.00774377
0 -0.52 0.0090961
0 -0.48 0.00884534
0 -0.44 0.00825913
0 -0.4 0.00696735
0 -0.36 0.00889559
0 -0.32 0.00979609
0 -0.28 0.00998149
0 -0.24 0.0089695
0 -0.2 0.00624716
0 -0.16 0.00403888
0 -0.12 0.00290978
0 -0.08 0.00227852
0 -0.04 0.00180648
0 0 0.0014506
0 0.04 0.00120951
0 0.08 0.00111928
0 0.12 0.00114292
0 0.16 0.00112391
0 0.2 0.00106643
0 0.24 0.000974613
0 0.28 0.000786507
0 0.32 0.00100746
0 0.36 0.00100975
0 0.4 0.000935445
0 0.44 0.000622082
0 0.48 0.00066557
0 0.52 0.00136413
0 0.56 0.000520275
0 0.6 0.000823275
0 0.64 0.00170359
0 0.68 0.00208539
0 0.72 0.00534411
0 0.76 0.00568158
0 0.8 0.00456542
0 0.84 0.00861351
0 0.88 0.00781626
0 0.92 0.00907456
0 0.96 0.0100795
0 1 0.0106806
0 1.04 0.0132526
0 1.08 0.0139465
0 1.12 0.0159252
0 1.16 0.0200028
0 1.2 0.0210577
0 1.24 0.0227273
0 1.28 0.0257191
0 1.32 0.0327263
0 1.36 0.0379432
0 1.4 0.0360843
0 1.44 0.0273504
0 1.48 0.0197557
0 1.52 0.0151528
0 1.56 0.0121116
0 1.6 0.00919019
0 1.64 0.00630605
0 1.68 0.00495765
0 1.72 0.00396178
0 1.76 0.0032455
0 1.8 0.00259606
0 1.84 0.00218251
0 1.88 0.00195514
0 1.92 0.0017139
0 1.96 0.00142381
0 2 0.00127496
0 2.04 0.00107975
0 2.08 0.00106587
0 2.12 0.000888586
0 2.16 0.000763036
0 2.2 0.000831655
0 2.24 0.000782218
0 2.28 0.000713797
0 2.32 0.000645282
0 2.36 0.000596461
0 2.4 0.000643727
0 2.44 0.000747392
0 2.48 0.00075404
0 2.52 0.0005503
0 2.56 0.000487484
0 2.6 0.00046419
0 2.64 0.000521997
0 2.68 0.000520244
0 2.72 0.000588644
0 2.76 0.00055268
0 2.8 0.000528353
0 2.84 0.00046515
0 2.88 0.000520139
0 2.92 0.000480784
0 2.96 0.000708673
0 3 0.000725851
0 3.04 0.000650041
0 3.08 0.000639782
0 3.12 0.000425179
0 3.16 0.000381273
0 3.2 0.000343326
0 3.24 0.00040201
0 3.28 0.000458168
0 3.32 0.000357415
0 3.36 0.000260743
0 3.4 0.00027049
0 3.44 0.000320731
0 3.48 0.000292021
0 3.52 0.000451854
0 3.56 0.000435177
0 3.6 0.000497043
0 3.64 0.000287084
0 3.68 0.000320909
0 3.72 0.000268779
0 3.76 0.000235716
0 3.8 0.000233525
0 3.84 0.000176281
0 3.88 0.000247582
0 3.92 0.000183044
0 3.96 0.000177492
0 4 0.000126541
0.0166667 -4 0.0042118
0.0166667 -3.96 0.00364413
0.0166667 -3.92 0.00192583
0.0166667 -3.88 0.00170551
0.0166667 -3.84 0.00162832
0.0166667 -3.8 0.00191433
0.0166667 -3.76 0.00328935
0.0166667 -3.72 0.00330066
0.0166667 -3.68 0.00357056
0.0166667 -3.64 0.00259817
0.0166667 -3.6 0.00185331
0.0166667 -3.56 0.00375413
0.0166667 -3.52 0.00475389
0.0166667 -3.48 0.00570546
0.0166667 -3.44 0.00327758
0.0166667 -3.4 0.0036508
0.0166667 -3.36 0.00276149
0.0166667 -3.32 0.00286159
0.0166667 -3.28 0.00401468
0.0166667 -3.24 0.00430434
0.0166667 -3.2 0.00312167
0.0166667 -3.16 0.00232396
0.0166667 -3.12 0.00232005
0.0166667 -3.08 0.00342151
0.0166667 -3.04 0.00446374
0.0166667 -3 0.00407766
0.0166667 -2.96 0.00338763
0.0166667 -2.92 0.00271366
0.0166667 -2.88 0.00371498
0.0166667 -2.84 0.00389643
0.0166667 -2.8 0.00457966
0.0166667 -2.76 0.00333236
0.0166667 -2.72 0.00382377
0.0166667 -2.68 0.00472388
0.0166667 -2.64 0.00536334
0.0166667 -2.6 0.00499917
0.0166667 -2.56 0.00353418
0.0166667 -2.52 0.00335158
0.0166667 -2.48 0.00397172
0.0166667 -2.44 0.00634412
0.0166667 -2.4 0.00749463
0.0166667 -2.36 0.0061298
0.0166667 -2.32 0.00449848
0.0166667 -2.28 0.00432488
0.0166667 -2.24 0.00557074
0.0166667 -2.2 0.00645693
0.0166667 -2.16 0.00670443
0.0166667 -2.12 0.00482274
0.0166667 -2.08 0.00407515
0.0166667 -2.04 0.00489865
0.0166667 -2 0.00694329
0.0166667 -1.96 0.00937718
0.0166667 -1.92 0.00753131
0.0166667 -1.88 0.00572238
0.0166667 -1.84 0.00536984
0.0166667 -1.8 0.00594824
0.0166667 -1.76 0.00845619
0.0166667 -1.72 0.00826265
0.0166667 -1.68 0.00523891
0.0166667 -1.64 0.00570144
0.0166667 -1.6 0.00614637
0.0166667 -1.56 0.00790081
0.0166667 -1.52 0.00786312
0.0166667 -1.48 0.00563843
0.0166667 -1.44 0.00387542
0.0166667 -1.4 0.00537003
0.0166667 -1.36 0.00633716
0.0166667 -1.32 0.00549204
0.0166667 -1.28 0.00492249
0.0166667 -1.24 0.0052533
0.0166667 -1.2 0.00670767
0.0166667 -1.16 0.00522073
0.0166667 -1.12 0.00508614
0.0166667 -1.08 0.00526957
0.0166667 -1.04 0.00620619
0.0166667 -1 0.00609343
0.0166667 -0.96 0.00618422
0.0166667 -0.92 0.00667902
0.0166667 -0.88 0.00622719
0.0166667 -0.84 0.00636528
0.0166667 -0.8 0.00805252
0.0166667 -0.76 0.00747963
0.0166667 -0.72 0.00702415
0.0166667 -0.68 0.00742074
0.0166667 -0.64 0.00565193
0.0166667 -0.6 0.00573413
0.0166667 -0.56 0.00803388
0.0166667 -0.52 0.0092219
0.0166667 -0.48 0.00870803
0.0166667 -0.44 0.00813077
0.0166667 -0.4 0.00711685
0.0166667 -0.36 0.00876918
0.0166667 -0.32 0.00981572
0.0166667 -0.28 0.0100381
0.0166667 -0.24 0.00895096
0.0166667 -0.2 0.00622822
0.0166667 -0.16 0.00399332
0.0166667 -0.12 0.00283921
0.0166667 -0.08 0.00221945
0.0166667 -0.04 0.00180091
0.0166667 0 0.00152474
0.0166667 0.04 0.00134313
0.0166667 0.08 0.00120447
0.0166667 0.12 0.00110111
0.0166667 0.16 0.00101787
0.0166667 0.2 0.00100207
0.0166667 0.24 0.000993187
0.0166667 0.28 0.000827668
0.0166667 0.32 0.000989148
0.0166667 0.36 0.00103608
0.0166667 0.4 0.000978079
0.0166667 0.44 0.000800273
0.0166667 0.48 0.000749046
0.0166667 0.52 0.00129941
0.0166667 0.56 0.000391906
0.0166667 0.6 0.00100955
0.0166667 0.64 0.00216434
0.0166667 0.68 0.00248841
0.0166667 0.72 0.0053336
0.0166667 0.76 0.00615595
0.0166667 0.8 0.00505386
0.0166667 0.84 0.00742744
0.0166667 0.88 0.00815969
0.0166667 0.92 0.00908918
0.0166667 0.96 0.0108131
0.0166667 1 0.0112502
0.0166667 1.04 0.0135594
0.0166667 1.08 0.0138332
0.0166667 1.12 0.0178085
0.0166667 1.16 0.0207699
0.0166667 1.2 0.0220634
0.0166667 1.24 0.0230069
0.0166667 1.28 0.0250885
0.0166667 1.32 0.0327786
0.0166667 1.36 0.0387888
0.0166667 1.4 0.0364929
0.0166667 1.44 0.0273231
0.0166667 1.48 0.0195895
0.0166667 1.52 0.014887
0.0166667 1.56 0.0116612
0.0166667 1.6 0.00902492
0.0166667 1.64 0.00625034
0.0166667 1.68 0.00489331
0.0166667 1.72 0.00380555
0.0166667 1.76 0.00318413
0.0166667 1.8 0.00251435
0.0166667 1.84 0.00223365
0.0166667 1.88 0.00191789
0.0166667 1.92 0.00165042
0.0166667 1.96 0.00144119
0.0166667 2 0.00129379
0.0166667 2.04 0.00114169
0.0166667 2.08 0.0010455
0.0166667 2.12 0.000921816
0.0166667 2.16 0.000865268
0.0166667 2.2 0.000862044
0.0166667 2.24 0.00074548
0.0166667 2.28 0.000687787
0.0166667 2.32 0.000648495
0.0166667 2.36 0.000609931
0.0166667 2.4 0.00061437
0.0166667 2.44 0.000789071
0.0166667 2.48 0.000783964
0.0166667 2.52 0.000571259
0.0166667 2.56 0.000493516
0.0166667 2.6 0.000467839
0.0166667 2.64 0.000475982
0.0166667 2.68 0.000521411
0.0166667 2.72 0.000591204
0.0166667 2.76 0.000566376
0.0166667 2.8 0.000542009
0.0166667 2.84 0.000456576
0.0166667 2.88 0.000484724
0.0166667 2.92 0.000461159
0.0166667 2.96 0.000662697
0.0166667 3 0.000686827
0.0166667 3.04 0.000619379
0.0166667 3.08 0.000604137
0.0166667 3.12 0.000411069
0.0166667 3.16 0.000382235
0.0166667 3.2 0.000356607
0.0166667 3.24 0.000423943
0.0166667 3.28 0.000428576
0.0166667 3.32 0.00036705
0.0166667 3.36 0.000299516
0.0166667 3.4 0.000277658
0.0166667 3.44 0.000308492
0.0166667 3.48 0.000299485
0.0166667 3.52 0.00042019
0.0166667 3.56 0.000424003
0.0166667 3.6 0.000474113
0.0166667 3.64 0.00032931
0.0166667 3.68 0.000322045
0.0166667 3.72 0.00026953
0.0166667 3.76 0.000244772
0.0166667 3.8 0.000223665
0.0166667 3.84 0.000202746
0.0166667 3.88 0.00025518
0.0166667 3.92 0.000179043
0.0166667 3.96 0.000169256
0.0166667 4 0.000132534
0.0333333 -4 0.00412283
0.0333333 -3.96 0.00331853
0.0333333 -3.92 0.00221691
0.0333333 -3.88 0.00129598
0.0333333 -3.84 0.00163506
0.0333333 -3.8 0.002067
0.0333333 -3.76 0.00403313
0.0333333 -3.72 0.00409245
0.0333333 -3.68 0.00358714
0.0333333 -3.64 0.0027348
0.0333333 -3.6 0.00147946
0.0333333 -3.56 0.00350787
0.0333333 -3.52 0.00488501
0.0333333 -3.48 0.00441852
0.0333333 -3.44 0.00377793
0.0333333 -3.4 0.00325339
0.0333333 -3.36 0.00297229
0.0333333 -3.32 0.0030678
0.0333333 -3.28 0.00362548
0.0333333 -3.24 0.00338158
0.0333333 -3.2 0.00242139
0.0333333 -3.16 0.00122246
0.0333333 -3.12 0.00266701
0.0333333 -3.08 0.00345609
0.0333333 -3.04 0.00446438
0.0333333 -3 0.0048311
0.0333333 -2.96 0.00419093
0.0333333 -2.92 0.00412472
0.0333333 -2.88 0.00445714
0.0333333 -2.84 0.00391939
0.0333333 -2.8 0.00611268
0.0333333 -2.76 0.00370723
0.0333333 -2.72 0.0039327
0.0333333 -2.68 0.00472033
0.0333333 -2.64 0.00521699
0.0333333 -2.6 0.00500293
0.0333333 -2.56 0.0045721
0.0333333 -2.52 0.00366812
0.0333333 -2.48 0.00464137
0.0333333 -2.44 0.00739385
0.0333333 -2.4 0.00723052
0.0333333 -2.36 0.00624812
0.0333333 -2.32 0.00484329
0.0333333 -2.28 0.003946
0.0333333 -2.24 0.00493027
0.0333333 -2.2 0.00675316
0.0333333 -2.16 0.00653792
0.0333333 -2.12 0.00592815
0.0333333 -2.08 0.00332538
0.0333333 -2.04 0.00427527
0.0333333 -2 0.00695571
0.0333333 -1.96 0.00822834
0.0333333 -1.92 0.00818194
0.0333333 -1.88 0.00604575
0.0333333 -1.84 0.00454812
0.0333333 -1.8 0.00673555
0.0333333 -1.76 0.00739834
0.0333333 -1.72 0.00675336
0.0333333 -1.68 0.00604186
0.0333333 -1.64 0.00480451
0.0333333 -1.6 0.0076174
0.0333333 -1.56 0.0078576
0.0333333 -1.52 0.00626642
0.0333333 -1.48 0.00418869
0.0333333 -1.44 0.00444931
0.0333333 -1.4 0.00573041
0.0333333 -1.36 0.00717469
0.0333333 -1.32 0.00670477
0.0333333 -1.28 0.00514265
0.0333333 -1.24 0.00601338
0.0333333 -1.2 0.00691088
0.0333333 -1.16 0.00548533
0.0333333 -1.12 0.00494338
0.0333333 -1.08 0.00557257
0.0333333 -1.04 0.00583635
0.0333333 -1 0.00569483
0.0333333 -0.96 0.00573162
0.0333333 -0.92 0.00601824
0.0333333 -0.88 0.00597776
0.0333333 -0.84 0.00720382
0.0333333 -0.8 0.00660797
0.0333333 -0.76 0.00618445
0.0333333 -0.72 0.00713884
0.0333333 -0.68 0.00655928
0.0333333 -0.64 0.00629982
0.0333333 -0.6 0.00517718
0.0333333 -0.56 0.00848721
0.0333333 -0.52 0.00936832
0.0333333 -0.48 0.00854364
0.0333333 -0.44 0.00791064
0.0333333 -0.4 0.00738313
0.0333333 -0.36 0.0085453
0.0333333 -0.32 0.00981026
0.0333333 -0.28 0.0101012
0.0333333 -0.24 0.0088804
0.0333333 -0.2 0.00620924
0.0333333 -0.16 0.003981
0.0333333 -0.12 0.00282209
0.0333333 -0.08 0.00220426
0.0333333 -0.04 0.0018156
0.0333333 0 0.00158541
0.0333333 0.04 0.00143419
0.0333333 0.08 0.00125633
0.0333333 0.12 0.00106636
0.0333333 0.16 0.000945317
0.0333333 0.2 0.00096366
0.0333333 0.24 0.00102048
0.0333333 0.28 0.000886437
0.0333333 0.32 0.000945898
0.0333333 0.36 0.00101776
0.0333333 0.4 0.000978359
0.0333333 0.44 0.00110258
0.0333333 0.48 0.000958578
0.0333333 0.52 0.00114354
0.0333333 0.56 0.000302452
0.0333333 0.6 0.00138287
0.0333333 0.64 0.00295984
0.0333333 0.68 0.00320495
0.0333333 0.72 0.00535139
0.0333333 0.76 0.00645693
0.0333333 0.8 0.0055319
0.0333333 0.84 0.00571838
0.0333333 0.88 0.00885431
0.0333333 0.92 0.00894008
0.0333333 0.96 0.0117241
0.0333333 1 0.0119257
0.0333333 1.04 0.0139924
0.0333333 1.08 0.0138107
0.0333333 1.12 0.0205459
0.0333333 1.16 0.0218963
0.0333333 1.2 0.0236898
0.0333333 1.24 0.0236265
0.0333333 1.28 0.0246529
0.0333333 1.32 0.0329136
0.0333333 1.36 0.0397942
0.0333333 1.4 0.0369763
0.0333333 1.44 0.0271592
0.0333333 1.48 0.0192499
0.0333333 1.52 0.0144784
0.0333333 1.56 0.0109256
0.0333333 1.6 0.0085834
0.0333333 1.64 0.00611791
0.0333333 1.68 0.00475268
0.0333333 1.72 0.00357392
0.0333333 1.76 0.00309652
0.0333333 1.8 0.00241863
0.0333333 1.84 0.00230116
0.0333333 1.88 0.0018373
0.0333333 1.92 0.00155881
0.0333333 1.96 0.00148212
0.0333333 2 0.00132864
0.0333333 2.04 0.00121733
0.0333333 2.08 0.00101787
0.0333333 2.12 0.000961053
0.0333333 2.16 0.00102647
0.0333333 2.2 0.000896204
0.0333333 2.24 0.000705708
0.0333333 2.28 0.000662119
0.0333333 2.32 0.00065008
0.0333333 2.36 0.000637685
0.0333333 2.4 0.000580987
0.0333333 2.44 0.000846617
0.0333333 2.48 0.000820928
0.0333333 2.52 0.00060929
0.0333333 2.56 0.000523836
0.0333333 2.6 0.000479916
0.0333333 2.64 0.000425388
0.0333333 2.68 0.000526456
0.0333333 2.72 0.000603819
0.0333333 2.76 0.00059077
0.0333333 2.8 0.000544135
0.0333333 2.84 0.000438772
0.0333333 2.88 0.000422088
0.0333333 2.92 0.000431835
0.0333333 2.96 0.000579597
0.0333333 3 0.000612012
0.0333333 3.04 0.000553485
0.0333333 3.08 0.000533349
0.0333333 3.12 0.000401411
0.0333333 3.16 0.000383094
0.0333333 3.2 0.000384747
0.0333333 3.24 0.000460418
0.0333333 3.28 0.000378974
0.0333333 3.32 0.000396114
0.0333333 3.36 0.000358942
0.0333333 3.4 0.000285197
0.0333333 3.44 0.000285108
0.0333333 3.48 0.000319754
0.0333333 3.52 0.000371287
0.0333333 3.56 0.000404735
0.0333333 3.6 0.000440812
0.0333333 3.64 0.000388014
0.0333333 3.68 0.000325945
0.0333333 3.72 0.000276767
0.0333333 3.76 0.000260118
0.0333333 3.8 0.000217902
0.0333333 3.84 0.000259366
0.0333333 3.88 0.000280923
0.0333333 3.92 0.000179487
0.0333333 3.96 0.000168732
0.0333333 4 0.000147252
0.05 -4 0.00434623
0.05 -3.96 0.00318346
0.05 -3.92 0.00232406
0.05 -3.88 0.00126219
0.05 -3.84 0.00163519
0.05 -3.8 0.00211764
0.05 -3.76 0.00355627
0.05 -3.72 0.00390844
0.05 -3.68 0.00322298
0.05 -3.64 0.00246756
0.05 -3.6 0.00158048
0.05 -3.56 0.00333576
0.05 -3.52 0.00477848
0.05 -3.48 0.0053147
0.05 -3.44 0.00376674
0.05 -3.4 0.00330912
0.05 -3.36 0.00300635
0.05 -3.32 0.00303107
0.05 -3.28 0.00343716
0.05 -3.24 0.00379676
0.05 -3.2 0.00252769
0.05 -3.16 0.00140365
0.05 -3.12 0.00286042
0.05 -3.08 0.0037653
0.05 -3.04 0.00453739
0.05 -3 0.00475445
0.05 -2.96 0.00461187
0.05 -2.92 0.00458973
0.05 -2.88 0.0042379
0.05 -2.84 0.00425168
0.05 -2.8 0.00600768
0.05 -2.76 0.00436498
0.05 -2.72 0.0035277
0.05 -2.68 0.00410651
0.05 -2.64 0.00508229
0.05 -2.6 0.00472256
0.05 -2.56 0.00513842
0.05 -2.52 0.00398204
0.05 -2.48 0.00518526
0.05 -2.44 0.00647437
0.05 -2.4 0.00730748
0.05 -2.36 0.00618668
0.05 -2.32 0.0042155
0.05 -2.28 0.00399148
0.05 -2.24 0.00471474
0.05 -2.2 0.00718502
0.05 -2.16 0.00743185
0.05 -2.12 0.00600115
0.05 -2.08 0.00386558
0.05 -2.04 0.00425802
0.05 -2 0.00658017
0.05 -1.96 0.00777721
0.05 -1.92 0.00717278
0.05 -1.88 0.00577372
0.05 -1.84 0.00357908
0.05 -1.8 0.00629137
0.05 -1.76 0.00645179
0.05 -1.72 0.00624583
0.05 -1.68 0.00589588
0.05 -1.64 0.00403574
0.05 -1.6 0.00690083
0.05 -1.56 0.00765944
0.05 -1.52 0.00489639
0.05 -1.48 0.0038444
0.05 -1.44 0.00460268
0.05 -1.4 0.00671046
0.05 -1.36 0.0077674
0.05 -1.32 0.00759573
0.05 -1.28 0.00544488
0.05 -1.24 0.00623564
0.05 -1.2 0.00720293
0.05 -1.16 0.00604104
0.05 -1.12 0.00484165
0.05 -1.08 0.00543724
0.05 -1.04 0.00612236
0.05 -1 0.00638348
0.05 -0.96 0.00622674
0.05 -0.92 0.00612122
0.05 -0.88 0.00609372
0.05 -0.84 0.00636701
0.05 -0.8 0.00578538
0.05 -0.76 0.00568088
0.05 -0.72 0.00716784
0.05 -0.68 0.006344
0.05 -0.64 0.00638374
0.05 -0.6 0.00529614
0.05 -0.56 0.00844279
0.05 -0.52 0.00919089
0.05 -0.48 0.00862327
0.05 -0.44 0.00781778
0.05 -0.4 0.00749987
0.05 -0.36 0.00855805
0.05 -0.32 0.00979904
0.05 -0.28 0.0101017
0.05 -0.24 0.00883481
0.05 -0.2 0.00626674
0.05 -0.16 0.00408276
0.05 -0.12 0.00294827
0.05 -0.08 0.00228927
0.05 -0.04 0.00182456
0.05 0 0.00149576
0.05 0.04 0.00126985
0.05 0.08 0.00115524
0.05 0.12 0.00112821
0.05 0.16 0.00108763
0.05 0.2 0.00105254
0.05 0.24 0.00102021
0.05 0.28 0.00089338
0.05 0.32 0.000905817
0.05 0.36 0.000894858
0.05 0.4 0.000858665
0.05 0.44 0.00116959
0.05 0.48 0.00111346
0.05 0.52 0.000988696
0.05 0.56 0.000819789
0.05 0.6 0.00191183
0.05 0.64 0.00319742
0.05 0.68 0.00346135
0.05 0.72 0.00522119
0.05 0.76 0.00524386
0.05 0.8 0.00494437
0.05 0.84 0.0062175
0.05 0.88 0.00944902
0.05 0.92 0.00869685
0.05 0.96 0.0113808
0.05 1 0.0117779
0.05 1.04 0.0139693
0.05 1.08 0.0143229
0.05 1.12 0.0199576
0.05 1.16 0.0217955
0.05 1.2 0.0241351
0.05 1.24 0.0244236
0.05 1.28 0.0263047
0.05 1.32 0.0332004
0.05 1.36 0.038967
0.05 1.4 0.0364145
0.05 1.44 0.0266714
0.05 1.48 0.0189115
0.05 1.52 0.0143393
0.05 1.56 0.0107165
0.05 1.6 0.00803629
0.05 1.64 0.00593393
0.05 1.68 0.00460059
0.05 1.72 0.00358965
0.05 1.76 0.003098
0.05 1.8 0.002502
0.05 1.84 0.00225795
0.05 1.88 0.00178724
0.05 1.92 0.00158687
0.05 1.96 0.0015187
0.05 2 0.00133749
0.05 2.04 0.0011672
0.05 2.08 0.00102254
0.05 2.12 0.000928502
0.05 2.16 0.00102066
0.05 2.2 0.000866723
0.05 2.24 0.000756886
0.05 2.28 0.000705957
0.05 2.32 0.000638444
0.05 2.36 0.000651687
0.05 2.4 0.000610993
0.05 2.44 0.000820654
0.05 2.48 0.000793463
0.05 2.52 0.000628998
0.05 2.56 0.000581355
0.05 2.6 0.000500952
0.05 2.64 0.000481112
0.05 2.68 0.000548378
0.05 2.72 0.000634788
0.05 2.76 0.000603391
0.05 2.8 0.00049538
0.05 2.84 0.000428037
0.05 2.88 0.000403062
0.05 2.92 0.000435227
0.05 2.96 0.000543037
0.05 3 0.000570373
0.05 3.04 0.000511236
0.05 3.08 0.000487571
0.05 3.12 0.000432408
0.05 3.16 0.000382614
0.05 3.2 0.000400786
0.05 3.24 0.000473084
0.05 3.28 0.000375545
0.05 3.32 0.00043464
0.05 3.36 0.000363767
0.05 3.4 0.000281005
0.05 3.44 0.000277023
0.05 3.48 0.000339684
0.05 3.52 0.000373878
0.05 3.56 0.000400257
0.05 3.6 0.000440609
0.05 3.64 0.00036428
0.05 3.68 0.00032743
0.05 3.72 0.00028894
0.05 3.76 0.000260852
0.05 3.8 0.00024961
0.05 3.84 0.000298513
0.05 3.88 0.000317543
0.05 3.92 0.000203745
0.05 3.96 0.000205589
0.05 4 0.000169186
0.0666667 -4 0.00459426
0.0666667 -3.96 0.00341084
0.0666667 -3.92 0.00220809
0.0666667 -3.88 0.00158239
0.0666667 -3.84 0.00178741
0.0666667 -3.8 0.00210009
0.0666667 -3.76 0.00253613
0.0666667 -3.72 0.00317042
0.0666667 -3.68 0.00284939
0.0666667 -3.64 0.00212202
0.0666667 -3.6 0.00201444
0.0666667 -3.56 0.00334946
0.0666667 -3.52 0.00460019
0.0666667 -3.48 0.00664214
0.0666667 -3.44 0.00323965
0.0666667 -3.4 0.00347255
0.0666667 -3.36 0.0028089
0.0666667 -3.32 0.00288154
0.0666667 -3.28 0.00357307
0.0666667 -3.24 0.00470041
0.0666667 -3.2 0.00298933
0.0666667 -3.16 0.00261667
0.0666667 -3.12 0.00265393
0.0666667 -3.08 0.0040401
0.0666667 -3.04 0.00479497
0.0666667 -3 0.00430803
0.0666667 -2.96 0.0046966
0.0666667 -2.92 0.0040542
0.0666667 -2.88 0.00362641
0.0666667 -2.84 0.00450607
0.0666667 -2.8 0.00472016
0.0666667 -2.76 0.00458826
0.0666667 -2.72 0.00338491
0.0666667 -2.68 0.00362828
0.0666667 -2.64 0.00512685
0.0666667 -2.6 0.00424955
0.0666667 -2.56 0.00439877
0.0666667 -2.52 0.00414786
0.0666667 -2.48 0.00542795
0.0666667 -2.44 0.00557093
0.0666667 -2.4 0.00757317
0.0666667 -2.36 0.0060999
0.0666667 -2.32 0.0036916
0.0666667 -2.28 0.00418486
0.0666667 -2.24 0.00479666
0.0666667 -2.2 0.0072555
0.0666667 -2.16 0.00819871
0.0666667 -2.12 0.00570709
0.0666667 -2.08 0.00500675
0.0666667 -2.04 0.00474399
0.0666667 -2 0.00622718
0.0666667 -1.96 0.0081611
0.0666667 -1.92 0.00603473
0.0666667 -1.88 0.00526213
0.0666667 -1.84 0.00306753
0.0666667 -1.8 0.00495187
0.0666667 -1.76 0.0062868
0.0666667 -1.72 0.00701004
0.0666667 -1.68 0.00481533
0.0666667 -1.64 0.00384362
0.0666667 -1.6 0.0050408
0.0666667 -1.56 0.00724099
0.0666667 -1.52 0.00502677
0.0666667 -1.48 0.00474676
0.0666667 -1.44 0.0044058
0.0666667 -1.4 0.00734873
0.0666667 -1.36 0.00789855
0.0666667 -1.32 0.00779914
0.0666667 -1.28 0.00562281
0.0666667 -1.24 0.00607714
0.0666667 -1.2 0.00730761
0.0666667 -1.16 0.0065514
0.0666667 -1.12 0.00519095
0.0666667 -1.08 0.00533357
0.0666667 -1.04 0.00680404
0.0666667 -1 0.00710044
0.0666667 -0.96 0.00691894
0.0666667 -0.92 0.00685161
0.0666667 -0.88 0.00652808
0.0666667 -0.84 0.00500076
0.0666667 -0.8 0.00595171
0.0666667 -0.76 0.00680076
0.0666667 -0.72 0.00705939
0.0666667 -0.68 0.00715942
0.0666667 -0.64 0.00593798
0.0666667 -0.6 0.00596819
0.0666667 -0.56 0.00792123
0.0666667 -0.52 0.00881478
0.0666667 -0.48 0.00881632
0.0666667 -0.44 0.00786938
0.0666667 -0.4 0.00749762
0.0666667 -0.36 0.00888287
0.0666667 -0.32 0.00990274
0.0666667 -0.28 0.0101302
0.0666667 -0.24 0.00892326
0.0666667 -0.2 0.00638494
0.0666667 -0.16 0.00412436
0.0666667 -0.12 0.00293093
0.0666667 -0.08 0.00224075
0.0666667 -0.04 0.00177053
0.0666667 0 0.00144815
0.0666667 0.04 0.00123535
0.0666667 0.08 0.00115487
0.0666667 0.12 0.00116667
0.0666667 0.16 0.00112489
0.0666667 0.2 0.00106611
0.0666667 0.24 0.00101447
0.0666667 0.28 0.00089565
0.0666667 0.32 0.000898432
0.0666667 0.36 0.000828869
0.0666667 0.4 0.000808314
0.0666667 0.44 0.000984945
0.0666667 0.48 0.00105707
0.0666667 0.52 0.00102107
0.0666667 0.56 0.00205726
0.0666667 0.6 0.00291055
0.0666667 0.64 0.00289783
0.0666667 0.68 0.00316426
0.0666667 0.72 0.00452434
0.0666667 0.76 0.0035778
0.0666667 0.8 0.00433311
0.0666667 0.84 0.00846301
0.0666667 0.88 0.00991947
0.0666667 0.92 0.00905271
0.0666667 0.96 0.0108246
0.0666667 1 0.0121226
0.0666667 1.04 0.0138906
0.0666667 1.08 0.0152243
0.0666667 1.12 0.0170206
0.0666667 1.16 0.0210856
0.0666667 1.2 0.0241446
0.0666667 1.24 0.0258329
0.0666667 1.28 0.0291926
0.0666667 1.32 0.0338214
0.0666667 1.36 0.0371096
0.0666667 1.4 0.0348954
0.0666667 1.44 0.0257171
0.0666667 1.48 0.0183993
0.0666667 1.52 0.0140764
0.0666667 1.56 0.0107125
0.0666667 1.6 0.00757903
0.0666667 1.64 0.00565328
0.0666667 1.68 0.00440916
0.0666667 1.72 0.00373377
0.0666667 1.76 0.00310708
0.0666667 1.8 0.0026638
0.0666667 1.84 0.00212454
0.0666667 1.88 0.00181227
0.0666667 1.92 0.00170741
0.0666667 1.96 0.00152994
0.0666667 2 0.00130779
0.0666667 2.04 0.00106545
0.0666667 2.08 0.00103633
0.0666667 2.12 0.00086598
0.0666667 2.16 0.000862245
0.0666667 2.2 0.000819739
0.0666667 2.24 0.000855126
0.0666667 2.28 0.000784825
0.0666667 2.32 0.000621812
0.0666667 2.36 0.000636181
0.0666667 2.4 0.000662905
0.0666667 2.44 0.000729558
0.0666667 2.48 0.000724803
0.0666667 2.52 0.00063122
0.0666667 2.56 0.00062944
0.0666667 2.6 0.000523658
0.0666667 2.64 0.000582525
0.0666667 2.68 0.000599512
0.0666667 2.72 0.000679793
0.0666667 2.76 0.000611305
0.0666667 2.8 0.000448624
0.0666667 2.84 0.000437052
0.0666667 2.88 0.00043209
0.0666667 2.92 0.00045911
0.0666667 2.96 0.000551015
0.0666667 3 0.000569834
0.0666667 3.04 0.000525849
0.0666667 3.08 0.000475289
0.0666667 3.12 0.000469275
0.0666667 3.16 0.000381619
0.0666667 3.2 0.000385553
0.0666667 3.24 0.000472765
0.0666667 3.28 0.000425916
0.0666667 3.32 0.00046109
0.0666667 3.36 0.000340959
0.0666667 3.4 0.0002859
0.0666667 3.44 0.000296681
0.0666667 3.48 0.000339639
0.0666667 3.52 0.000415949
0.0666667 3.56 0.000411264
0.0666667 3.6 0.000448528
0.0666667 3.64 0.000279289
0.0666667 3.68 0.000313998
0.0666667 3.72 0.000283829
0.0666667 3.76 0.000241854
0.0666667 3.8 0.000303224
0.0666667 3.84 0.000293973
0.0666667 3.88 0.000338051
0.0666667 3.92 0.000249845
0.0666667 3.96 0.000259105
0.0666667 4 0.000201948
0.0833333 -4 0.00449915
0.0833333 -3.96 0.00377432
0.0833333 -3.92 0.00212679
0.0833333 -3.88 0.00183709
0.0833333 -3.84 0.00209239
0.0833333 -3.8 0.00220286
0.0833333 -3.76 0.0025438
0.0833333 -3.72 0.00305748
0.0833333 -3.68 0.00301619
0.0833333 -3.64 0.00221511
0.0833333 -3.6 0.00214774
0.0833333 -3.56 0.00344545
0.0833333 -3.52 0.00461615
0.0833333 -3.48 0.00582729
0.0833333 -3.44 0.00289581
0.0833333 -3.4 0.0031521
0.0833333 -3.36 0.00257728
0.0833333 -3.32 0.00284978
0.0833333 -3.28 0.00392797
0.0833333 -3.24 0.00447815
0.0833333 -3.2 0.00296783
0.0833333 -3.16 0.00326322
0.0833333 -3.12 0.00240592
0.0833333 -3.08 0.00405724
0.0833333 -3.04 0.00511384
0.0833333 -3 0.00444259
0.0833333 -2.96 0.00471521
0.0833333 -2.92 0.00359764
0.0833333 -2.88 0.00379721
0.0833333 -2.84 0.00439891
0.0833333 -2.8 0.00424364
0.0833333 -2.76 0.00405313
0.0833333 -2.72 0.0040588
0.0833333 -2.68 0.00393521
0.0833333 -2.64 0.00527345
0.0833333 -2.6 0.00407598
0.0833333 -2.56 0.00304821
0.0833333 -2.52 0.00415213
0.0833333 -2.48 0.00537112
0.0833333 -2.44 0.00666108
0.0833333 -2.4 0.00766827
0.0833333 -2.36 0.00622786
0.0833333 -2.32 0.0044255
0.0833333 -2.28 0.00404993
0.0833333 -2.24 0.00488405
0.0833333 -2.2 0.00665302
0.0833333 -2.16 0.00744335
0.0833333 -2.12 0.00610874
0.0833333 -2.08 0.00499621
0.0833333 -2.04 0.00482995
0.0833333 -2 0.00602304
0.0833333 -1.96 0.00829204
0.0833333 -1.92 0.00640907
0.0833333 -1.88 0.00500712
0.0833333 -1.84 0.00314125
0.0833333 -1.8 0.00412469
0.0833333 -1.76 0.0068387
0.0833333 -1.72 0.00756576
0.0833333 -1.68 0.00388589
0.0833333 -1.64 0.00406522
0.0833333 -1.6 0.00452476
0.0833333 -1.56 0.00670212
0.0833333 -1.52 0.00646518
0.0833333 -1.48 0.00544285
0.0833333 -1.44 0.00430847
0.0833333 -1.4 0.00679481
0.0833333 -1.36 0.00785785
0.0833333 -1.32 0.00743566
0.0833333 -1.28 0.00580351
0.0833333 -1.24 0.00623083
0.0833333 -1.2 0.00714474
0.0833333 -1.16 0.00673311
0.0833333 -1.12 0.00588383
0.0833333 -1.08 0.00576596
0.0833333 -1.04 0.0070442
0.0833333 -1 0.00666862
0.0833333 -0.96 0.00716895
0.0833333 -0.92 0.00735291
0.0833333 -0.88 0.00688001
0.0833333 -0.84 0.00547309
0.0833333 -0.8 0.00663049
0.0833333 -0.76 0.00820822
0.0833333 -0.72 0.00688845
0.0833333 -0.68 0.00819152
0.0833333 -0.64 0.0055806
0.0833333 -0.6 0.00639791
0.0833333 -0.56 0.0076004
0.0833333 -0.52 0.00872975
0.0833333 -0.48 0.00898286
0.0833333 -0.44 0.00802987
0.0833333 -0.4 0.00756665
0.0833333 -0.36 0.00907187
0.0833333 -0.32 0.00995571
0.0833333 -0.28 0.0101191
0.0833333 -0.24 0.00899688
0.0833333 -0.2 0.0064314
0.0833333 -0.16 0.00407066
0.0833333 -0.12 0.00280868
0.0833333 -0.08 0.00215665
0.0833333 -0.04 0.0017755
0.0833333 0 0.00155798
0.0833333 0.04 0.00141654
0.0833333 0.08 0.00124801
0.0833333 0.12 0.00105901
0.0833333 0.16 0.00092314
0.0833333 0.2 0.000949252
0.0833333 0.24 0.00102783
0.0833333 0.28 0.000926192
0.0833333 0.32 0.000925362
0.0833333 0.36 0.00088893
0.0833333 0.4 0.000877977
0.0833333 0.44 0.000821631
0.0833333 0.48 0.00106687
0.0833333 0.52 0.00152467
0.0833333 0.56 0.00327828
0.0833333 0.6 0.00401132
0.0833333 0.64 0.00268218
0.0833333 0.68 0.00272535
0.0833333 0.72 0.00353165
0.0833333 0.76 0.00365592
0.0833333 0.8 0.00517074
0.0833333 0.84 0.00961985
0.0833333 0.88 0.0102048
0.0833333 0.92 0.0101168
0.0833333 0.96 0.0114425
0.0833333 1 0.014091
0.0833333 1.04 0.0145038
0.0833333 1.08 0.0159891
0.0833333 1.12 0.0161264
0.0833333 1.16 0.0215894
0.0833333 1.2 0.0254963
0.0833333 1.24 0.0282697
0.0833333 1.28 0.0312031
0.0833333 1.32 0.0347019
0.0833333 1.36 0.036194
0.0833333 1.4 0.0333196
0.0833333 1.44 0.0243135
0.0833333 1.48 0.0174354
0.0833333 1.52 0.0131885
0.0833333 1.56 0.0100727
0.0833333 1.6 0.00722226
0.0833333 1.64 0.00527654
0.0833333 1.68 0.0041385
0.0833333 1.72 0.00363818
0.0833333 1.76 0.00297802
0.0833333 1.8 0.00265169
0.0833333 1.84 0.00202905
0.0833333 1.88 0.00185588
0.0833333 1.92 0.00174977
0.0833333 1.96 0.00152521
0.0833333 2 0.00127531
0.0833333 2.04 0.00107346
0.0833333 2.08 0.00101822
0.0833333 2.12 0.000870609
0.0833333 2.16 0.000769479
0.0833333 2.2 0.000835067
0.0833333 2.24 0.000878665
0.0833333 2.28 0.000804599
0.0833333 2.32 0.000630265
0.0833333 2.36 0.000611575
0.0833333 2.4 0.000654139
0.0833333 2.44 0.000678355
0.0833333 2.48 0.000688383
0.0833333 2.52 0.00063124
0.0833333 2.56 0.000636056
0.0833333 2.6 0.000533148
0.0833333 2.64 0.000590664
0.0833333 2.68 0.000647992
0.0833333 2.72 0.000711924
0.0833333 2.76 0.000631895
0.0833333 2.8 0.00048126
0.0833333 2.84 0.000469087
0.0833333 2.88 0.000451938
0.0833333 2.92 0.000452485
0.0833333 2.96 0.000541418
0.0833333 3 0.000562513
0.0833333 3.04 0.000554243
0.0833333 3.08 0.00045491
0.0833333 3.12 0.000453309
0.0833333 3.16 0.000372699
0.0833333 3.2 0.000349488
0.0833333 3.24 0.000483301
0.0833333 3.28 0.000471627
0.0833333 3.32 0.000469213
0.0833333 3.36 0.000362922
0.0833333 3.4 0.000320503
0.0833333 3.44 0.000329056
0.0833333 3.48 0.000321932
0.0833333 3.52 0.000423332
0.0833333 3.56 0.000418459
0.0833333 3.6 0.00041804
0.0833333 3.64 0.000239286
0.0833333 3.68 0.000284209
0.0833333 3.72 0.00024679
0.0833333 3.76 0.000218144
0.0833333 3.8 0.000324224
0.0833333 3.84 0.000269639
0.0833333 3.88 0.000328499
0.0833333 3.92 0.000295567
0.0833333 3.96 0.000285133
0.0833333 4 0.000237661
0.1 -4 0.0042531
0.1 -3.96 0.00387316
0.1 -3.92 0.00225338
0.1 -3.88 0.00188207
0.1 -3.84 0.00223644
0.1 -3.8 0.00247925
0.1 -3.76 0.00354364
0.1 -3.72 0.00360073
0.1 -3.68 0.00356974
0.1 -3.64 0.00257922
0.1 -3.6 0.00182527
0.1 -3.56 0.00344178
0.1 -3.52 0.00467118
0.1 -3.48 0.00414272
0.1 -3.44 0.00312249
0.1 -3.4 0.00254165
0.1 -3.36 0.00248548
0.1 -3.32 0.00281558
0.1 -3.28 0.00436035
0.1 -3.24 0.0036034
0.1 -3.2 0.00281603
0.1 -3.16 0.00282267
0.1 -3.12 0.0027204
0.1 -3.08 0.00416365
0.1 -3.04 0.00525122
0.1 -3 0.00497376
0.1 -2.96 0.00446111
0.1 -2.92 0.00367388
0.1 -2.88 0.004425
0.1 -2.84 0.00430359
0.1 -2.8 0.00502744
0.1 -2.76 0.00357991
0.1 -2.72 0.00466967
0.1 -2.68 0.00444463
0.1 -2.64 0.00531346
0.1 -2.6 0.00456616
0.1 -2.56 0.0028327
0.1 -2.52 0.00405385
0.1 -2.48 0.00501262
0.1 -2.44 0.0075771
0.1 -2.4 0.00757004
0.1 -2.36 0.00640213
0.1 -2.32 0.00532354
0.1 -2.28 0.00381944
0.1 -2.24 0.00512719
0.1 -2.2 0.00586636
0.1 -2.16 0.0060485
0.1 -2.12 0.00639841
0.1 -2.08 0.00369553
0.1 -2.04 0.00415919
0.1 -2 0.00527743
0.1 -1.96 0.00735281
0.1 -1.92 0.00683544
0.1 -1.88 0.00467718
0.1 -1.84 0.00322291
0.1 -1.8 0.00421048
0.1 -1.76 0.00714286
0.1 -1.72 0.00680537
0.1 -1.68 0.00381395
0.1 -1.64 0.00415263
0.1 -1.6 0.00530679
0.1 -1.56 0.00628614
0.1 -1.52 0.0074395
0.1 -1.48 0.00500074
0.1 -1.44 0.0043824
0.1 -1.4 0.00576178
0.1 -1.36 0.00779211
0.1 -1.32 0.00666592
0.1 -1.28 0.00612739
0.1 -1.24 0.00661755
0.1 -1.2 0.00704402
0.1 -1.16 0.00677458
0.1 -1.12 0.00623774
0.1 -1.08 0.00632447
0.1 -1.04 0.00670401
0.1 -1 0.00608846
0.1 -0.96 0.0077069
0.1 -0.92 0.00741546
0.1 -0.88 0.00696968
0.1 -0.84 0.00741652
0.1 -0.8 0.00736227
0.1 -0.76 0.00787045
0.1 -0.72 0.00695736
0.1 -0.68 0.00835706
0.1 -0.64 0.00574797
0.1 -0.6 0.0063521
0.1 -0.56 0.0079226
0.1 -0.52 0.00897537
0.1 -0.48 0.00912105
0.1 -0.44 0.00819179
0.1 -0.4 0.00769154
0.1 -0.36 0.0087743
0.1 -0.32 0.00972981
0.1 -0.28 0.00995429
0.1 -0.24 0.00889528
0.1 -0.2 0.00641985
0.1 -0.16 0.00416955
0.1 -0.12 0.00296411
0.1 -0.08 0.00233286
0.1 -0.04 0.00190476
0.1 0 0.00159942
0.1 0.04 0.0013709
0.1 0.08 0.00115832
0.1 0.12 0.000970189
0.1 0.16 0.000866436
0.1 0.2 0.000908777
0.1 0.24 0.000985697
0.1 0.28 0.000883016
0.1 0.32 0.000912041
0.1 0.36 0.000860432
0.1 0.4 0.000865321
0.1 0.44 0.000934811
0.1 0.48 0.00166185
0.1 0.52 0.00252057
0.1 0.56 0.00352581
0.1 0.6 0.00409229
0.1 0.64 0.00263374
0.1 0.68 0.00244183
0.1 0.72 0.00342435
0.1 0.76 0.00563366
0.1 0.8 0.00677306
0.1 0.84 0.00861613
0.1 0.88 0.0100136
0.1 0.92 0.0108698
0.1 0.96 0.0124422
0.1 1 0.0160587
0.1 1.04 0.0156604
0.1 1.08 0.0165206
0.1 1.12 0.0183395
0.1 1.16 0.0234127
0.1 1.2 0.0278822
0.1 1.24 0.0311255
0.1 1.28 0.0323652
0.1 1.32 0.0353652
0.1 1.36 0.0359723
0.1 1.4 0.0317543
0.1 1.44 0.0225812
0.1 1.48 0.0161068
0.1 1.52 0.0120294
0.1 1.56 0.0088701
0.1 1.6 0.00677408
0.1 1.64 0.00491922
0.1 1.68 0.00385565
0.1 1.72 0.00327232
0.1 1.76 0.00277047
0.1 1.8 0.00244531
0.1 1.84 0.00201466
0.1 1.88 0.00181782
0.1 1.92 0.00163609
0.1 1.96 0.0015236
0.1 2 0.00127236
0.1 2.04 0.00115956
0.1 2.08 0.000973812
0.1 2.12 0.00092725
0.1 2.16 0.000839728
0.1 2.2 0.00088448
0.1 2.24 0.000817948
0.1 2.28 0.000750309
0.1 2.32 0.000681246
0.1 2.36 0.000618089
0.1 2.4 0.000606644
0.1 2.44 0.000704124
0.1 2.48 0.000697558
0.1 2.52 0.000626332
0.1 2.56 0.00061874
0.1 2.6 0.000525671
0.1 2.64 0.00050891
0.1 2.68 0.000631153
0.1 2.72 0.000698378
0.1 2.76 0.000650134
0.1 2.8 0.000564085
0.1 2.84 0.000513407
0.1 2.88 0.000431866
0.1 2.92 0.000402071
0.1 2.96 0.000500378
0.1 3 0.000521336
0.1 3.04 0.000520157
0.1 3.08 0.000402404
0.1 3.12 0.00039047
0.1 3.16 0.000341407
0.1 3.2 0.000323367
0.1 3.24 0.000487161
0.1 3.28 0.000465022
0.1 3.32 0.000474678
0.1 3.36 0.000424713
0.1 3.4 0.000361924
0.1 3.44 0.000345088
0.1 3.48 0.000313079
0.1 3.52 0.000371282
0.1 3.56 0.000411291
0.1 3.6 0.000367955
0.1 3.64 0.000276284
0.1 3.68 0.000257837
0.1 3.72 0.000204156
0.1 3.76 0.000206732
0.1 3.8 0.00029155
0.1 3.84 0.000273217
0.1 3.88 0.000312901
0.1 3.92 0.000325597
0.1 3.96 0.000283339
0.1 4 0.0002541
0.116667 -4 0.00421765
0.116667 -3.96 0.00360501
0.116667 -3.92 0.00244162
0.116667 -3.88 0.00194309
0.116667 -3.84 0.00203934
0.116667 -3.8 0.00273777
0.116667 -3.76 0.00421422
0.116667 -3.72 0.00396164
0.116667 -3.68 0.00385805
0.116667 -3.64 0.00267538
0.116667 -3.6 0.00160719
0.116667 -3.56 0.00333517
0.116667 -3.52 0.00444416
0.116667 -3.48 0.00415598
0.116667 -3.44 0.00341495
0.116667 -3.4 0.00220721
0.116667 -3.36 0.00251394
0.116667 -3.32 0.00264256
0.116667 -3.28 0.00470549
0.116667 -3.24 0.00368555
0.116667 -3.2 0.00323303
0.116667 -3.16 0.00235716
0.116667 -3.12 0.00338884
0.116667 -3.08 0.00461246
0.116667 -3.04 0.00530177
0.116667 -3 0.00525839
0.116667 -2.96 0.00392748
0.116667 -2.92 0.00380307
0.116667 -2.88 0.00435666
0.116667 -2.84 0.00448832
0.116667 -2.8 0.00589871
0.116667 -2.76 0.00391225
0.116667 -2.72 0.00444818
0.116667 -2.68 0.00462584
0.116667 -2.64 0.00540668
0.116667 -2.6 0.00539846
0.116667 -2.56 0.00415561
0.116667 -2.52 0.00388465
0.116667 -2.48 0.00460085
0.116667 -2.44 0.00610309
0.116667 -2.4 0.00735885
0.116667 -2.36 0.00619357
0.116667 -2.32 0.00473539
0.116667 -2.28 0.00391212
0.116667 -2.24 0.00532495
0.116667 -2.2 0.00564612
0.116667 -2.16 0.00578799
0.116667 -2.12 0.00540401
0.116667 -2.08 0.00262648
0.116667 -2.04 0.00347026
0.116667 -2 0.00389959
0.116667 -1.96 0.00593007
0.116667 -1.92 0.0056584
0.116667 -1.88 0.00395073
0.116667 -1.84 0.00288021
0.116667 -1.8 0.00446904
0.116667 -1.76 0.0063336
0.116667 -1.72 0.00563878
0.116667 -1.68 0.00430634
0.116667 -1.64 0.00387791
0.116667 -1.6 0.00574767
0.116667 -1.56 0.00618976
0.116667 -1.52 0.00677959
0.116667 -1.48 0.00416407
0.116667 -1.44 0.00442248
0.116667 -1.4 0.00545786
0.116667 -1.36 0.00746617
0.116667 -1.32 0.00583818
0.116667 -1.28 0.00598753
0.116667 -1.24 0.00648585
0.116667 -1.2 0.00724013
0.116667 -1.16 0.00687882
0.116667 -1.12 0.00607924
0.116667 -1.08 0.0065095
0.116667 -1.04 0.00647492
0.116667 -1 0.00675092
0.116667 -0.96 0.008549
0.116667 -0.92 0.0075247
0.116667 -0.88 0.00695712
0.116667 -0.84 0.00811395
0.116667 -0.8 0.00785233
0.116667 -0.76 0.0063738
0.116667 -0.72 0.0076418
0.116667 -0.68 0.00775591
0.116667 -0.64 0.0065315
0.116667 -0.6 0.00631943
0.116667 -0.56 0.00853932
0.116667 -0.52 0.00899308
0.116667 -0.48 0.00900481
0.116667 -0.44 0.00811912
0.116667 -0.4 0.00776789
0.116667 -0.36 0.0084423
0.116667 -0.32 0.00952235
0.116667 -0.28 0.00986941
0.116667 -0.24 0.00885959
0.116667 -0.2 0.00656362
0.116667 -0.16 0.00441992
0.116667 -0.12 0.00320995
0.116667 -0.08 0.0024835
0.116667 -0.04 0.00191852
0.116667 0 0.00149709
0.116667 0.04 0.00119562
0.116667 0.08 0.00107776
0.116667 0.12 0.00108217
0.116667 0.16 0.00103273
0.116667 0.2 0.000904127
0.116667 0.24 0.000811679
0.116667 0.28 0.000672911
0.116667 0.32 0.000730294
0.116667 0.36 0.000668453
0.116667 0.4 0.000904415
0.116667 0.44 0.00145297
0.116667 0.48 0.00275352
0.116667 0.52 0.00341229
0.116667 0.56 0.00275329
0.116667 0.6 0.00302812
0.116667 0.64 0.00239735
0.116667 0.68 0.00256678
0.116667 0.72 0.00475612
0.116667 0.76 0.00744728
0.116667 0.8 0.00736436
0.116667 0.84 0.00732294
0.116667 0.88 0.00964583
0.116667 0.92 0.0108394
0.116667 0.96 0.0127838
0.116667 1 0.0161264
0.116667 1.04 0.0166098
0.116667 1.08 0.0173362
0.116667 1.12 0.0204245
0.116667 1.16 0.0248942
0.116667 1.2 0.0295733
0.116667 1.24 0.0331285
0.116667 1.28 0.0342995
0.116667 1.32 0.0354394
0.116667 1.36 0.0346514
0.116667 1.4 0.0292903
0.116667 1.44 0.0206085
0.116667 1.48 0.0147717
0.116667 1.52 0.0112334
0.116667 1.56 0.00792106
0.116667 1.6 0.00612697
0.116667 1.64 0.00464552
0.116667 1.68 0.00365682
0.116667 1.72 0.00297498
0.116667 1.76 0.00268489
0.116667 1.8 0.00226747
0.116667 1.84 0.00199943
0.116667 1.88 0.00170657
0.116667 1.92 0.00148026
0.116667 1.96 0.00151079
0.116667 2 0.00127471
0.116667 2.04 0.00114972
0.116667 2.08 0.000929491
0.116667 2.12 0.000920041
0.116667 2.16 0.00092563
0.116667 2.2 0.000881585
0.116667 2.24 0.00078789
0.116667 2.28 0.000698144
0.116667 2.32 0.000743355
0.116667 2.36 0.000664468
0.116667 2.4 0.000618874
0.116667 2.44 0.000736954
0.116667 2.48 0.000715962
0.116667 2.52 0.000617388
0.116667 2.56 0.000611822
0.116667 2.6 0.000522037
0.116667 2.64 0.000463816
0.116667 2.68 0.000549499
0.116667 2.72 0.000637212
0.116667 2.76 0.000629587
0.116667 2.8 0.000585175
0.116667 2.84 0.000544573
0.116667 2.88 0.000406274
0.116667 2.92 0.000353488
0.116667 2.96 0.000476089
0.116667 3 0.00047432
0.116667 3.04 0.000424555
0.116667 3.08 0.000343912
0.116667 3.12 0.00033362
0.116667 3.16 0.00028927
0.116667 3.2 0.000318872
0.116667 3.24 0.000461514
0.116667 3.28 0.00042721
0.116667 3.32 0.000479411
0.116667 3.36 0.000465464
0.116667 3.4 0.000371369
0.116667 3.44 0.00032781
0.116667 3.48 0.000318153
0.116667 3.52 0.000321009
0.116667 3.56 0.000396633
0.116667 3.6 0.000354122
0.116667 3.64 0.00031122
0.116667 3.68 0.000252536
0.116667 3.72 0.00019993
0.116667 3.76 0.000211724
0.116667 3.8 0.000252714
0.116667 3.84 0.000317273
0.116667 3.88 0.0003213
0.116667 3.92 0.000345401
0.116667 3.96 0.000294114
0.116667 4 0.000243818
0.133333 -4 0.00429342
0.133333 -3.96 0.00328908
0.133333 -3.92 0.00245622
0.133333 -3.88 0.0021187
0.133333 -3.84 0.00182348
0.133333 -3.8 0.00278034
0.133333 -3.76 0.00411956
0.133333 -3.72 0.00395
0.133333 -3.68 0.00368285
0.133333 -3.64 0.00251665
0.133333 -3.6 0.00198006
0.133333 -3.56 0.0033163
0.133333 -3.52 0.00406146
0.133333 -3.48 0.0050821
0.133333 -3.44 0.00315943
0.133333 -3.4 0.00218327
0.133333 -3.36 0.00260407
0.133333 -3.32 0.00262517
0.133333 -3.28 0.0048768
0.133333 -3.24 0.00470253
0.133333 -3.2 0.00384252
0.133333 -3.16 0.00268107
0.133333 -3.12 0.00347382
0.133333 -3.08 0.00493995
0.133333 -3.04 0.00555393
0.133333 -3 0.00545618
0.133333 -2.96 0.00384088
0.133333 -2.92 0.0036791
0.133333 -2.88 0.00376731
0.133333 -2.84 0.00456202
0.133333 -2.8 0.00621445
0.133333 -2.76 0.00452612
0.133333 -2.72 0.00421323
0.133333 -2.68 0.00506391
0.133333 -2.64 0.00590783
0.133333 -2.6 0.00582328
0.133333 -2.56 0.00533947
0.133333 -2.52 0.00369559
0.133333 -2.48 0.00459591
0.133333 -2.44 0.00449384
0.133333 -2.4 0.00694391
0.133333 -2.36 0.00553908
0.133333 -2.32 0.00328261
0.133333 -2.28 0.0039887
0.133333 -2.24 0.0046693
0.133333 -2.2 0.00594135
0.133333 -2.16 0.0065063
0.133333 -2.12 0.00396315
0.133333 -2.08 0.00272791
0.133333 -2.04 0.00346826
0.133333 -2 0.00321536
0.133333 -1.96 0.0052585
0.133333 -1.92 0.0043257
0.133333 -1.88 0.0034251
0.133333 -1.84 0.00246512
0.133333 -1.8 0.00446111
0.133333 -1.76 0.0049641
0.133333 -1.72 0.00557885
0.133333 -1.68 0.00467479
0.133333 -1.64 0.00359234
0.133333 -1.6 0.00561499
0.133333 -1.56 0.00636512
0.133333 -1.52 0.00538247
0.133333 -1.48 0.00405112
0.133333 -1.44 0.00435278
0.133333 -1.4 0.00580201
0.133333 -1.36 0.00685172
0.133333 -1.32 0.00551155
0.133333 -1.28 0.00481755
0.133333 -1.24 0.00572974
0.133333 -1.2 0.00746711
0.133333 -1.16 0.00681358
0.133333 -1.12 0.00598654
0.133333 -1.08 0.00656111
0.133333 -1.04 0.00680231
0.133333 -1 0.00786803
0.133333 -0.96 0.00827645
0.133333 -0.92 0.00777266
0.133333 -0.88 0.00698674
0.133333 -0.84 0.00676788
0.133333 -0.8 0.0079302
0.133333 -0.76 0.00649002
0.133333 -0.72 0.0087389
0.133333 -0.68 0.00764674
0.133333 -0.64 0.00762038
0.133333 -0.6 0.00657011
0.133333 -0.56 0.00878046
0.133333 -0.52 0.00869938
0.133333 -0.48 0.0085553
0.133333 -0.44 0.00797806
0.133333 -0.4 0.00795093
0.133333 -0.36 0.00865394
0.133333 -0.32 0.00964793
0.133333 -0.28 0.0100036
0.133333 -0.24 0.00905313
0.133333 -0.2 0.00683394
0.133333 -0.16 0.00448703
0.133333 -0.12 0.00307727
0.133333 -0.08 0.00228274
0.133333 -0.04 0.00179063
0.133333 0 0.00154471
0.133333 0.04 0.00140142
0.133333 0.08 0.0012968
0.133333 0.12 0.00117509
0.133333 0.16 0.000975854
0.133333 0.2 0.000705609
0.133333 0.24 0.000589192
0.133333 0.28 0.000485936
0.133333 0.32 0.000414336
0.133333 0.36 0.000717472
0.133333 0.4 0.00151293
0.133333 0.44 0.00229123
0.133333 0.48 0.00347369
0.133333 0.52 0.00345124
0.133333 0.56 0.00196638
0.133333 0.6 0.00228888
0.133333 0.64 0.0022912
0.133333 0.68 0.00341734
0.133333 0.72 0.00633712
0.133333 0.76 0.00759113
0.133333 0.8 0.00686948
0.133333 0.84 0.00761522
0.133333 0.88 0.010051
0.133333 0.92 0.0111549
0.133333 0.96 0.0133939
0.133333 1 0.0154618
0.133333 1.04 0.0173092
0.133333 1.08 0.0189093
0.133333 1.12 0.0205253
0.133333 1.16 0.0253855
0.133333 1.2 0.0303243
0.133333 1.24 0.0339365
0.133333 1.28 0.036918
0.133333 1.32 0.0350539
0.133333 1.36 0.0319588
0.133333 1.4 0.0256882
0.133333 1.44 0.0184577
0.133333 1.48 0.0135644
0.133333 1.52 0.0106193
0.133333 1.56 0.00744055
0.133333 1.6 0.00543644
0.133333 1.64 0.00433912
0.133333 1.68 0.00350877
0.133333 1.72 0.00291575
0.133333 1.76 0.00274303
0.133333 1.8 0.00224437
0.133333 1.84 0.00193609
0.133333 1.88 0.00165052
0.133333 1.92 0.00142483
0.133333 1.96 0.00145599
0.133333 2 0.00124437
0.133333 2.04 0.0010309
0.133333 2.08 0.000894381
0.133333 2.12 0.000822963
0.133333 2.16 0.000877268
0.133333 2.2 0.000834657
0.133333 2.24 0.000839345
0.133333 2.28 0.00068967
0.133333 2.32 0.000756513
0.133333 2.36 0.000706373
0.133333 2.4 0.00070104
0.133333 2.44 0.000720211
0.133333 2.48 0.00073893
0.133333 2.52 0.000625116
0.133333 2.56 0.000618909
0.133333 2.6 0.000541168
0.133333 2.64 0.000494959
0.133333 2.68 0.000496508
0.133333 2.72 0.000569661
0.133333 2.76 0.000569684
0.133333 2.8 0.000505715
0.133333 2.84 0.00054078
0.133333 2.88 0.00041424
0.133333 2.92 0.00034688
0.133333 2.96 0.000491921
0.133333 3 0.000463175
0.133333 3.04 0.000363062
0.133333 3.08 0.000315115
0.133333 3.12 0.00030166
0.133333 3.16 0.000244865
0.133333 3.2 0.000311389
0.133333 3.24 0.000434624
0.133333 3.28 0.00041267
0.133333 3.32 0.000459638
0.133333 3.36 0.000473496
0.133333 3.4 0.000351571
0.133333 3.44 0.000286101
0.133333 3.48 0.000302343
0.133333 3.52 0.000328453
0.133333 3.56 0.00037588
0.133333 3.6 0.00037462
0.133333 3.64 0.000282304
0.133333 3.68 0.000258072
0.133333 3.72 0.000237501
0.133333 3.76 0.000227336
0.133333 3.8 0.000265607
0.133333 3.84 0.000362275
0.133333 3.88 0.000350562
0.133333 3.92 0.000365051
0.133333 3.96 0.000330203
0.133333 4 0.000228724
0.15 -4 0.00423768
0.15 -3.96 0.00324622
0.15 -3.92 0.00229268
0.15 -3.88 0.00219022
0.15 -3.84 0.00197884
0.15 -3.8 0.00265688
0.15 -3.76 0.00393696
0.15 -3.72 0.00399063
0.15 -3.68 0.00348701
0.15 -3.64 0.00258316
0.15 -3.6 0.00266843
0.15 -3.56 0.0034886
0.15 -3.52 0.00394542
0.15 -3.48 0.0047214
0.15 -3.44 0.00263531
0.15 -3.4 0.00220952
0.15 -3.36 0.00278909
0.15 -3.32 0.00305367
0.15 -3.28 0.00506043
0.15 -3.24 0.0053301
0.15 -3.2 0.00396159
0.15 -3.16 0.0032866
0.15 -3.12 0.0028207
0.15 -3.08 0.00465616
0.15 -3.04 0.0058616
0.15 -3 0.0058732
0.15 -2.96 0.00459593
0.15 -2.92 0.00360401
0.15 -2.88 0.0038863
0.15 -2.84 0.00436563
0.15 -2.8 0.00626428
0.15 -2.76 0.00463068
0.15 -2.72 0.00485032
0.15 -2.68 0.00601088
0.15 -2.64 0.00656531
0.15 -2.6 0.00555704
0.15 -2.56 0.00507045
0.15 -2.52 0.00364278
0.15 -2.48 0.00496522
0.15 -2.44 0.00544437
0.15 -2.4 0.00643949
0.15 -2.36 0.0049118
0.15 -2.32 0.00284801
0.15 -2.28 0.00344579
0.15 -2.24 0.0032184
0.15 -2.2 0.00596116
0.15 -2.16 0.00665034
0.15 -2.12 0.00362831
0.15 -2.08 0.00340041
0.15 -2.04 0.00371598
0.15 -2 0.00412827
0.15 -1.96 0.00561358
0.15 -1.92 0.00464173
0.15 -1.88 0.00371208
0.15 -1.84 0.00253017
0.15 -1.8 0.00443755
0.15 -1.76 0.00466232
0.15 -1.72 0.00636463
0.15 -1.68 0.00453317
0.15 -1.64 0.00366357
0.15 -1.6 0.0055733
0.15 -1.56 0.00650378
0.15 -1.52 0.00479338
0.15 -1.48 0.00456718
0.15 -1.44 0.00412089
0.15 -1.4 0.00587524
0.15 -1.36 0.00642807
0.15 -1.32 0.00578095
0.15 -1.28 0.00358797
0.15 -1.24 0.0051837
0.15 -1.2 0.00739517
0.15 -1.16 0.00645028
0.15 -1.12 0.00617719
0.15 -1.08 0.0066942
0.15 -1.04 0.00730086
0.15 -1 0.00780815
0.15 -0.96 0.0069051
0.15 -0.92 0.00770627
0.15 -0.88 0.00704503
0.15 -0.84 0.0057783
0.15 -0.8 0.0078689
0.15 -0.76 0.00872472
0.15 -0.72 0.00929998
0.15 -0.68 0.00868775
0.15 -0.64 0.00828844
0.15 -0.6 0.00687918
0.15 -0.56 0.00855032
0.15 -0.52 0.00892371
0.15 -0.48 0.00845275
0.15 -0.44 0.00848277
0.15 -0.4 0.00839646
0.15 -0.36 0.00897153
0.15 -0.32 0.00960019
0.15 -0.28 0.00989225
0.15 -0.24 0.00908944
0.15 -0.2 0.00692187
0.15 -0.16 0.00443309
0.15 -0.12 0.00297226
0.15 -0.08 0.00227409
0.15 -0.04 0.00192512
0.15 0 0.0017667
0.15 0.04 0.00164443
0.15 0.08 0.00138289
0.15 0.12 0.00100654
0.15 0.16 0.00069197
0.15 0.2 0.000654434
0.15 0.24 0.000551887
0.15 0.28 0.000649295
0.15 0.32 0.000396577
0.15 0.36 0.0014429
0.15 0.4 0.00262143
0.15 0.44 0.00299244
0.15 0.48 0.0031865
0.15 0.52 0.00269265
0.15 0.56 0.00203941
0.15 0.6 0.00292189
0.15 0.64 0.00313434
0.15 0.68 0.00473391
0.15 0.72 0.00666195
0.15 0.76 0.00667143
0.15 0.8 0.00674239
0.15 0.84 0.00911578
0.15 0.88 0.0113683
0.15 0.92 0.0126467
0.15 0.96 0.0150502
0.15 1 0.0163984
0.15 1.04 0.0185677
0.15 1.08 0.0211702
0.15 1.12 0.020855
0.15 1.16 0.026209
0.15 1.2 0.0313833
0.15 1.24 0.0347518
0.15 1.28 0.0382622
0.15 1.32 0.0343845
0.15 1.36 0.0291378
0.15 1.4 0.0220679
0.15 1.44 0.0162733
0.15 1.48 0.0123096
0.15 1.52 0.00955254
0.15 1.56 0.0068483
0.15 1.6 0.00489984
0.15 1.64 0.00389003
0.15 1.68 0.00329374
0.15 1.72 0.00287752
0.15 1.76 0.00274045
0.15 1.8 0.00226936
0.15 1.84 0.00190045
0.15 1.88 0.0017068
0.15 1.92 0.00146413
0.15 1.96 0.00137996
0.15 2 0.00121033
0.15 2.04 0.00099192
0.15 2.08 0.000885426
0.15 2.12 0.000763104
0.15 2.16 0.000761797
0.15 2.2 0.000832295
0.15 2.24 0.000879409
0.15 2.28 0.000680974
0.15 2.32 0.000704099
0.15 2.36 0.000694647
0.15 2.4 0.000742287
0.15 2.44 0.000689371
0.15 2.48 0.000778422
0.15 2.52 0.000649141
0.15 2.56 0.000625765
0.15 2.6 0.000561584
0.15 2.64 0.000510729
0.15 2.68 0.00053674
0.15 2.72 0.000539984
0.15 2.76 0.000518957
0.15 2.8 0.000413381
0.15 2.84 0.000509107
0.15 2.88 0.0004396
0.15 2.92 0.000366629
0.15 2.96 0.000509991
0.15 3 0.000493211
0.15 3.04 0.000397046
0.15 3.08 0.00031596
0.15 3.12 0.000277669
0.15 3.16 0.000237917
0.15 3.2 0.000279623
0.15 3.24 0.000442366
0.15 3.28 0.000431115
0.15 3.32 0.000411907
0.15 3.36 0.000482008
0.15 3.4 0.000337071
0.15 3.44 0.000246508
0.15 3.48 0.000250913
0.15 3.52 0.000363644
0.15 3.56 0.000336895
0.15 3.6 0.000374512
0.15 3.64 0.000229593
0.15 3.68 0.000250243
0.15 3.72 0.00027055
0.15 3.76 0.000245042
0.15 3.8 0.000320086
0.15 3.84 0.000371001
0.15 3.88 0.000381018
0.15 3.92 0.000381366
0.15 3.96 0.000354618
0.15 4 0.000228028
0.166667 -4 0.00421175
0.166667 -3.96 0.00341305
0.166667 -3.92 0.00213557
0.166667 -3.88 0.00199825
0.166667 -3.84 0.00236088
0.166667 -3.8 0.00260302
0.166667 -3.76 0.00393855
0.166667 -3.72 0.00408874
0.166667 -3.68 0.00362879
0.166667 -3.64 0.00295742
0.166667 -3.6 0.00294901
0.166667 -3.56 0.00369099
0.166667 -3.52 0.00410707
0.166667 -3.48 0.0038139
0.166667 -3.44 0.00262045
0.166667 -3.4 0.00233914
0.166667 -3.36 0.00303283
0.166667 -3.32 0.00359433
0.166667 -3.28 0.0054663
0.166667 -3.24 0.00531748
0.166667 -3.2 0.00388602
0.166667 -3.16 0.00339819
0.166667 -3.12 0.00253099
0.166667 -3.08 0.00410083
0.166667 -3.04 0.00581214
0.166667 -3 0.00604309
0.166667 -2.96 0.00541954
0.166667 -2.92 0.0039013
0.166667 -2.88 0.00481769
0.166667 -2.84 0.00456869
0.166667 -2.8 0.00611487
0.166667 -2.76 0.00455318
0.166667 -2.72 0.00557501
0.166667 -2.68 0.0063318
0.166667 -2.64 0.00660046
0.166667 -2.6 0.00511171
0.166667 -2.56 0.00424543
0.166667 -2.52 0.00381048
0.166667 -2.48 0.00498156
0.166667 -2.44 0.00699716
0.166667 -2.4 0.00626146
0.166667 -2.36 0.00480345
0.166667 -2.32 0.003574
0.166667 -2.28 0.00256539
0.166667 -2.24 0.00247675
0.166667 -2.2 0.0053424
0.166667 -2.16 0.00584157
0.166667 -2.12 0.00412059
0.166667 -2.08 0.00364136
0.166667 -2.04 0.0033243
0.166667 -2 0.00541796
0.166667 -1.96 0.00605049
0.166667 -1.92 0.00543612
0.166667 -1.88 0.00437747
0.166667 -1.84 0.00305036
0.166667 -1.8 0.00451621
0.166667 -1.76 0.00593948
0.166667 -1.72 0.00644354
0.166667 -1.68 0.00401934
0.166667 -1.64 0.00392539
0.166667 -1.6 0.00536612
0.166667 -1.56 0.0063218
0.166667 -1.52 0.00522974
0.166667 -1.48 0.00485507
0.166667 -1.44 0.00369119
0.166667 -1.4 0.00549591
0.166667 -1.36 0.00646737
0.166667 -1.32 0.00600706
0.166667 -1.28 0.00383153
0.166667 -1.24 0.00539034
0.166667 -1.2 0.00716636
0.166667 -1.16 0.00630458
0.166667 -1.12 0.00619024
0.166667 -1.08 0.00651815
0.166667 -1.04 0.00735914
0.166667 -1 0.00677094
0.166667 -0.96 0.00652858
0.166667 -0.92 0.00727586
0.166667 -0.88 0.00715469
0.166667 -0.84 0.00696206
0.166667 -0.8 0.00811823
0.166667 -0.76 0.0100444
0.166667 -0.72 0.00875652
0.166667 -0.68 0.00977678
0.166667 -0.64 0.00818611
0.166667 -0.6 0.00720261
0.166667 -0.56 0.00851269
0.166667 -0.52 0.00997345
0.166667 -0.48 0.00919471
0.166667 -0.44 0.00967216
0.166667 -0.4 0.00876846
0.166667 -0.36 0.00860446
0.166667 -0.32 0.00892486
0.166667 -0.28 0.00938104
0.166667 -0.24 0.00890193
0.166667 -0.2 0.00695061
0.166667 -0.16 0.00475402
0.166667 -0.12 0.00348599
0.166667 -0.08 0.00277604
0.166667 -0.04 0.00223604
0.166667 0 0.00173729
0.166667 0.04 0.00131053
0.166667 0.08 0.00103839
0.166667 0.12 0.000875394
0.166667 0.16 0.000706739
0.166667 0.2 0.000885927
0.166667 0.24 0.000776317
0.166667 0.28 0.000527751
0.166667 0.32 0.00119138
0.166667 0.36 0.00259741
0.166667 0.4 0.00322735
0.166667 0.44 0.00298312
0.166667 0.48 0.00231592
0.166667 0.52 0.00209673
0.166667 0.56 0.00279982
0.166667 0.6 0.00413547
0.166667 0.64 0.00461216
0.166667 0.68 0.00550993
0.166667 0.72 0.00599844
0.166667 0.76 0.00620382
0.166667 0.8 0.00756569
0.166667 0.84 0.010417
0.166667 0.88 0.012494
0.166667 0.92 0.0141357
0.166667 0.96 0.016383
0.166667 1 0.0186078
0.166667 1.04 0.0208418
0.166667 1.08 0.0237594
0.166667 1.12 0.023552
0.166667 1.16 0.0283714
0.166667 1.2 0.0331342
0.166667 1.24 0.0368003
0.166667 1.28 0.0376297
0.166667 1.32 0.0330455
0.166667 1.36 0.0264931
0.166667 1.4 0.0193679
0.166667 1.44 0.0142308
0.166667 1.48 0.0109352
0.166667 1.52 0.00810772
0.166667 1.56 0.00589047
0.166667 1.6 0.00450035
0.166667 1.64 0.00342106
0.166667 1.68 0.00300531
0.166667 1.72 0.00267183
0.166667 1.76 0.00256915
0.166667 1.8 0.00222011
0.166667 1.84 0.00195918
0.166667 1.88 0.00175359
0.166667 1.92 0.00148774
0.166667 1.96 0.00135261
0.166667 2 0.00123605
0.166667 2.04 0.00112063
0.166667 2.08 0.000927469
0.166667 2.12 0.00083284
0.166667 2.16 0.000739063
0.166667 2.2 0.000891589
0.166667 2.24 0.000834451
0.166667 2.28 0.000644271
0.166667 2.32 0.000644931
0.166667 2.36 0.000637339
0.166667 2.4 0.000667483
0.166667 2.44 0.000695427
0.166667 2.48 0.000792157
0.166667 2.52 0.000649575
0.166667 2.56 0.000624436
0.166667 2.6 0.000540768
0.166667 2.64 0.000461616
0.166667 2.68 0.000600627
0.166667 2.72 0.000546661
0.166667 2.76 0.000514253
0.166667 2.8 0.000397157
0.166667 2.84 0.000478517
0.166667 2.88 0.000437795
0.166667 2.92 0.000374726
0.166667 2.96 0.000493521
0.166667 3 0.000528486
0.166667 3.04 0.000457344
0.166667 3.08 0.000320957
0.166667 3.12 0.000267999
0.166667 3.16 0.00026742
0.166667 3.2 0.000247952
0.166667 3.24 0.000453835
0.166667 3.28 0.000435958
0.166667 3.32 0.000376524
0.166667 3.36 0.000485885
0.166667 3.4 0.000334512
0.166667 3.44 0.000233285
0.166667 3.48 0.000216282
0.166667 3.52 0.000358665
0.166667 3.56 0.000286837
0.166667 3.6 0.000340644
0.166667 3.64 0.000216981
0.166667 3.68 0.000224535
0.166667 3.72 0.000260727
0.166667 3.76 0.000251788
0.166667 3.8 0.00034688
0.166667 3.84 0.000360086
0.166667 3.88 0.000409398
0.166667 3.92 0.000386465
0.166667 3.96 0.00033966
0.166667 4 0.000231582
0.183333 -4 0.00440074
0.183333 -3.96 0.00352256
0.183333 -3.92 0.00211908
0.183333 -3.88 0.00174628
0.183333 -3.84 0.0025467
0.183333 -3.8 0.00277788
0.183333 -3.76 0.00380721
0.183333 -3.72 0.00401821
0.183333 -3.68 0.00398643
0.183333 -3.64 0.00322948
0.183333 -3.6 0.00258066
0.183333 -3.56 0.00369799
0.183333 -3.52 0.00413069
0.183333 -3.48 0.00433991
0.183333 -3.44 0.00314418
0.183333 -3.4 0.00262399
0.183333 -3.36 0.00315477
0.183333 -3.32 0.0037248
0.183333 -3.28 0.00584577
0.183333 -3.24 0.00552046
0.183333 -3.2 0.00413237
0.183333 -3.16 0.00312303
0.183333 -3.12 0.00324738
0.183333 -3.08 0.00392909
0.183333 -3.04 0.00557433
0.183333 -3 0.00566311
0.183333 -2.96 0.00553721
0.183333 -2.92 0.00455021
0.183333 -2.88 0.005358
0.183333 -2.84 0.00550766
0.183333 -2.8 0.0056917
0.183333 -2.76 0.00494717
0.183333 -2.72 0.00531969
0.183333 -2.68 0.00532344
0.183333 -2.64 0.00584574
0.183333 -2.6 0.00505547
0.183333 -2.56 0.00423442
0.183333 -2.52 0.00390661
0.183333 -2.48 0.00421895
0.183333 -2.44 0.00606811
0.183333 -2.4 0.0064151
0.183333 -2.36 0.00523173
0.183333 -2.32 0.00394539
0.183333 -2.28 0.00227095
0.183333 -2.24 0.00338967
0.183333 -2.2 0.00465645
0.183333 -2.16 0.00509357
0.183333 -2.12 0.00415749
0.183333 -2.08 0.00312946
0.183333 -2.04 0.00243869
0.183333 -2 0.00527855
0.183333 -1.96 0.0057818
0.183333 -1.92 0.0050737
0.183333 -1.88 0.0046248
0.183333 -1.84 0.00358454
0.183333 -1.8 0.00443808
0.183333 -1.76 0.00709099
0.183333 -1.72 0.00551374
0.183333 -1.68 0.00363483
0.183333 -1.64 0.00395044
0.183333 -1.6 0.00473136
0.183333 -1.56 0.00598475
0.183333 -1.52 0.00582718
0.183333 -1.48 0.00473599
0.183333 -1.44 0.00344698
0.183333 -1.4 0.00518794
0.183333 -1.36 0.00650579
0.183333 -1.32 0.00564469
0.183333 -1.28 0.00507368
0.183333 -1.24 0.00583409
0.183333 -1.2 0.00711205
0.183333 -1.16 0.00679178
0.183333 -1.12 0.00588506
0.183333 -1.08 0.00595624
0.183333 -1.04 0.00690639
0.183333 -1 0.00615399
0.183333 -0.96 0.00756535
0.183333 -0.92 0.00699081
0.183333 -0.88 0.00737953
0.183333 -0.84 0.00870961
0.183333 -0.8 0.00845671
0.183333 -0.76 0.00845896
0.183333 -0.72 0.00785442
0.183333 -0.68 0.00933157
0.183333 -0.64 0.00798028
0.183333 -0.6 0.00774361
0.183333 -0.56 0.00919382
0.183333 -0.52 0.0106295
0.183333 -0.48 0.00984084
0.183333 -0.44 0.0102851
0.183333 -0.4 0.00868922
0.183333 -0.36 0.00804594
0.183333 -0.32 0.00849813
0.183333 -0.28 0.0094037
0.183333 -0.24 0.0092972
0.183333 -0.2 0.00745733
0.183333 -0.16 0.00532717
0.183333 -0.12 0.00387852
0.183333 -0.08 0.00284181
0.183333 -0.04 0.00205174
0.183333 0 0.00147057
0.183333 0.04 0.00123929
0.183333 0.08 0.000974964
0.183333 0.12 0.00100771
0.183333 0.16 0.000729835
0.183333 0.2 0.000946742
0.183333 0.24 0.000617065
0.183333 0.28 0.0015883
0.183333 0.32 0.002637
0.183333 0.36 0.00324071
0.183333 0.4 0.0026326
0.183333 0.44 0.00231119
0.183333 0.48 0.00191172
0.183333 0.52 0.00248901
0.183333 0.56 0.0035621
0.183333 0.6 0.00474252
0.183333 0.64 0.0051005
0.183333 0.68 0.00529034
0.183333 0.72 0.00592675
0.183333 0.76 0.00696663
0.183333 0.8 0.00857318
0.183333 0.84 0.0111763
0.183333 0.88 0.0129855
0.183333 0.92 0.0143923
0.183333 0.96 0.0166068
0.183333 1 0.020064
0.183333 1.04 0.023567
0.183333 1.08 0.0264641
0.183333 1.12 0.027324
0.183333 1.16 0.0310362
0.183333 1.2 0.0348471
0.183333 1.24 0.0394993
0.183333 1.28 0.0363832
0.183333 1.32 0.0304236
0.183333 1.36 0.0232105
0.183333 1.4 0.0170179
0.183333 1.44 0.0123586
0.183333 1.48 0.00966301
0.183333 1.52 0.00697987
0.183333 1.56 0.00505915
0.183333 1.6 0.00411977
0.183333 1.64 0.00314647
0.183333 1.68 0.00277082
0.183333 1.72 0.00246337
0.183333 1.76 0.00239232
0.183333 1.8 0.0021206
0.183333 1.84 0.00202663
0.183333 1.88 0.00166352
0.183333 1.92 0.00144611
0.183333 1.96 0.00139467
0.183333 2 0.00130361
0.183333 2.04 0.00125051
0.183333 2.08 0.000991726
0.183333 2.12 0.000934545
0.183333 2.16 0.000820065
0.183333 2.2 0.000937474
0.183333 2.24 0.000781195
0.183333 2.28 0.000635673
0.183333 2.32 0.000642529
0.183333 2.36 0.000590106
0.183333 2.4 0.000541777
0.183333 2.44 0.000712206
0.183333 2.48 0.000723523
0.183333 2.52 0.000607549
0.183333 2.56 0.000599424
0.183333 2.6 0.000482168
0.183333 2.64 0.000421668
0.183333 2.68 0.000580483
0.183333 2.72 0.000553824
0.183333 2.76 0.000532812
0.183333 2.8 0.000434654
0.183333 2.84 0.000461953
0.183333 2.88 0.000396661
0.183333 2.92 0.000362837
0.183333 2.96 0.000455709
0.183333 3 0.000524651
0.183333 3.04 0.000434513
0.183333 3.08 0.000315151
0.183333 3.12 0.00029439
0.183333 3.16 0.000304986
0.183333 3.2 0.000256474
0.183333 3.24 0.000413459
0.183333 3.28 0.000399914
0.183333 3.32 0.000381833
0.183333 3.36 0.000450549
0.183333 3.4 0.000316192
0.183333 3.44 0.000250975
0.183333 3.48 0.000250961
0.183333 3.52 0.000308021
0.183333 3.56 0.00027189
0.183333 3.6 0.000320121
0.183333 3.64 0.000232868
0.183333 3.68 0.000197891
0.183333 3.72 0.000221586
0.183333 3.76 0.000232212
0.183333 3.8 0.000305799
0.183333 3.84 0.000368801
0.183333 3.88 0.00043322
0.183333 3.92 0.000387391
0.183333 3.96 0.000311863
0.183333 4 0.000228372
0.2 -4 0.00447384
0.2 -3.96 0.00352155
0.2 -3.92 0.00227284
0.2 -3.88 0.00180724
0.2 -3.84 0.00254358
0.2 -3.8 0.00312251
0.2 -3.76 0.00374716
0.2 -3.72 0.00409449
0.2 -3.68 0.00432407
0.2 -3.64 0.00322632
0.2 -3.6 0.00217375
0.2 -3.56 0.00352141
0.2 -3.52 0.00391361
0.2 -3.48 0.00537585
0.2 -3.44 0.00341416
0.2 -3.4 0.00276025
0.2 -3.36 0.00314845
0.2 -3.32 0.00362998
0.2 -3.28 0.00578181
0.2 -3.24 0.00605742
0.2 -3.2 0.00431428
0.2 -3.16 0.0030251
0.2 -3.12 0.00393707
0.2 -3.08 0.00412578
0.2 -3.04 0.0057605
0.2 -3 0.00545778
0.2 -2.96 0.00540274
0.2 -2.92 0.0052769
0.2 -2.88 0.00504761
0.2 -2.84 0.00622504
0.2 -2.8 0.00554007
0.2 -2.76 0.00530625
0.2 -2.72 0.00467258
0.2 -2.68 0.00418568
0.2 -2.64 0.00507868
0.2 -2.6 0.00526258
0.2 -2.56 0.00460105
0.2 -2.52 0.00343791
0.2 -2.48 0.00330847
0.2 -2.44 0.00391991
0.2 -2.4 0.00630644
0.2 -2.36 0.0057798
0.2 -2.32 0.00339671
0.2 -2.28 0.00282542
0.2 -2.24 0.00476113
0.2 -2.2 0.00455559
0.2 -2.16 0.00501218
0.2 -2.12 0.00384546
0.2 -2.08 0.00226345
0.2 -2.04 0.0021354
0.2 -2 0.00389519
0.2 -1.96 0.00518867
0.2 -1.92 0.00461319
0.2 -1.88 0.0043544
0.2 -1.84 0.00378777
0.2 -1.8 0.00411542
0.2 -1.76 0.00636308
0.2 -1.72 0.00491715
0.2 -1.68 0.00371584
0.2 -1.64 0.00368273
0.2 -1.6 0.00453512
0.2 -1.56 0.00607064
0.2 -1.52 0.00604388
0.2 -1.48 0.00472433
0.2 -1.44 0.00391376
0.2 -1.4 0.00511095
0.2 -1.36 0.0061072
0.2 -1.32 0.00493575
0.2 -1.28 0.00525842
0.2 -1.24 0.00578897
0.2 -1.2 0.00719131
0.2 -1.16 0.00727455
0.2 -1.12 0.00566843
0.2 -1.08 0.00570185
0.2 -1.04 0.00639988
0.2 -1 0.00623089
0.2 -0.96 0.00765947
0.2 -0.92 0.00697034
0.2 -0.88 0.00754385
0.2 -0.84 0.00843355
0.2 -0.8 0.00821537
0.2 -0.76 0.00619722
0.2 -0.72 0.00763555
0.2 -0.68 0.00749114
0.2 -0.64 0.00828233
0.2 -0.6 0.00818106
0.2 -0.56 0.010036
0.2 -0.52 0.00978052
0.2 -0.48 0.00923005
0.2 -0.44 0.00956776
0.2 -0.4 0.00859613
0.2 -0.36 0.00855743
0.2 -0.32 0.00931724
0.2 -0.28 0.0104552
0.2 -0.24 0.0104041
0.2 -0.2 0.00820432
0.2 -0.16 0.00534143
0.2 -0.12 0.00328817
0.2 -0.08 0.00217809
0.2 -0.04 0.00169753
0.2 0 0.00162809
0.2 0.04 0.00162823
0.2 0.08 0.00136397
0.2 0.12 0.000794049
0.2 0.16 0.000852313
0.2 0.2 0.000542659
0.2 0.24 0.00158557
0.2 0.28 0.00310473
0.2 0.32 0.00352106
0.2 0.36 0.00261934
0.2 0.4 0.00157263
0.2 0.44 0.00192186
0.2 0.48 0.00262573
0.2 0.52 0.00364134
0.2 0.56 0.00405274
0.2 0.6 0.00482942
0.2 0.64 0.00407986
0.2 0.68 0.00502631
0.2 0.72 0.00701224
0.2 0.76 0.00865712
0.2 0.8 0.00929482
0.2 0.84 0.0121242
0.2 0.88 0.0141142
0.2 0.92 0.0147588
0.2 0.96 0.0178681
0.2 1 0.0207735
0.2 1.04 0.0258867
0.2 1.08 0.0292407
0.2 1.12 0.0303128
0.2 1.16 0.0332141
0.2 1.2 0.0364193
0.2 1.24 0.0407791
0.2 1.28 0.0351373
0.2 1.32 0.0265752
0.2 1.36 0.019342
0.2 1.4 0.01404
0.2 1.44 0.0105684
0.2 1.48 0.00868305
0.2 1.52 0.00638117
0.2 1.56 0.00472614
0.2 1.6 0.00376355
0.2 1.64 0.00305857
0.2 1.68 0.00265618
0.2 1.72 0.00248609
0.2 1.76 0.0023801
0.2 1.8 0.00203622
0.2 1.84 0.00195164
0.2 1.88 0.00150529
0.2 1.92 0.00139527
0.2 1.96 0.00143297
0.2 2 0.00131532
0.2 2.04 0.00120936
0.2 2.08 0.00100508
0.2 2.12 0.000915491
0.2 2.16 0.000882179
0.2 2.2 0.000937096
0.2 2.24 0.000817892
0.2 2.28 0.000701908
0.2 2.32 0.000675137
0.2 2.36 0.000583355
0.2 2.4 0.000475069
0.2 2.44 0.000678293
0.2 2.48 0.000608525
0.2 2.52 0.000563658
0.2 2.56 0.000534775
0.2 2.6 0.000445062
0.2 2.64 0.000454471
0.2 2.68 0.000497817
0.2 2.72 0.000549933
0.2 2.76 0.000530171
0.2 2.8 0.000445742
0.2 2.84 0.000443802
0.2 2.88 0.000341227
0.2 2.92 0.000342752
0.2 2.96 0.000426442
0.2 3 0.000468966
0.2 3.04 0.000330624
0.2 3.08 0.000301394
0.2 3.12 0.00033333
0.2 3.16 0.000324213
0.2 3.2 0.000294035
0.2 3.24 0.000343823
0.2 3.28 0.00037001
0.2 3.32 0.000397246
0.2 3.36 0.000391526
0.2 3.4 0.000276368
0.2 3.44 0.000279835
0.2 3.48 0.000311888
0.2 3.52 0.000272254
0.2 3.56 0.000327236
0.2 3.6 0.000332265
0.2 3.64 0.000223751
0.2 3.68 0.000181439
0.2 3.72 0.000191336
0.2 3.76 0.000188122
0.2 3.8 0.00023751
0.2 3.84 0.000390238
0.2 3.88 0.000426945
0.2 3.92 0.000402329
0.2 3.96 0.00031453
0.2 4 0.000239032
0.216667 -4 0.00411251
0.216667 -3.96 0.00356816
0.216667 -3.92 0.00257016
0.216667 -3.88 0.00231001
0.216667 -3.84 0.00273751
0.216667 -3.8 0.00342553
0.216667 -3.76 0.00431264
0.216667 -3.72 0.00463291
0.216667 -3.68 0.0045753
0.216667 -3.64 0.00319065
0.216667 -3.6 0.0024048
0.216667 -3.56 0.003406
0.216667 -3.52 0.00385306
0.216667 -3.48 0.00482826
0.216667 -3.44 0.00312253
0.216667 -3.4 0.00273128
0.216667 -3.36 0.00334946
0.216667 -3.32 0.00399025
0.216667 -3.28 0.00555129
0.216667 -3.24 0.0062683
0.216667 -3.2 0.00404022
0.216667 -3.16 0.00317615
0.216667 -3.12 0.00342638
0.216667 -3.08 0.00421489
0.216667 -3.04 0.00629106
0.216667 -3 0.00593714
0.216667 -2.96 0.00572957
0.216667 -2.92 0.00558247
0.216667 -2.88 0.00476916
0.216667 -2.84 0.00569957
0.216667 -2.8 0.00603194
0.216667 -2.76 0.00465088
0.216667 -2.72 0.00469123
0.216667 -2.68 0.00415141
0.216667 -2.64 0.0048995
0.216667 -2.6 0.00521766
0.216667 -2.56 0.00411636
0.216667 -2.52 0.00242853
0.216667 -2.48 0.00310287
0.216667 -2.44 0.00351115
0.216667 -2.4 0.00574923
0.216667 -2.36 0.00595593
0.216667 -2.32 0.00295157
0.216667 -2.28 0.00353905
0.216667 -2.24 0.00484328
0.216667 -2.2 0.0049621
0.216667 -2.16 0.00533843
0.216667 -2.12 0.0041714
0.216667 -2.08 0.00177998
0.216667 -2.04 0.00276359
0.216667 -2 0.00305916
0.216667 -1.96 0.00508528
0.216667 -1.92 0.00535842
0.216667 -1.88 0.00390155
0.216667 -1.84 0.00349328
0.216667 -1.8 0.00381281
0.216667 -1.76 0.00466572
0.216667 -1.72 0.00540419
0.216667 -1.68 0.00398603
0.216667 -1.64 0.0034518
0.216667 -1.6 0.0051935
0.216667 -1.56 0.00676912
0.216667 -1.52 0.00597698
0.216667 -1.48 0.00486216
0.216667 -1.44 0.00474507
0.216667 -1.4 0.00507745
0.216667 -1.36 0.0056754
0.216667 -1.32 0.00446336
0.216667 -1.28 0.00404776
0.216667 -1.24 0.00535326
0.216667 -1.2 0.0071135
0.216667 -1.16 0.00681408
0.216667 -1.12 0.00567648
0.216667 -1.08 0.00607471
0.216667 -1.04 0.00625669
0.216667 -1 0.00621238
0.216667 -0.96 0.00598824
0.216667 -0.92 0.00676358
0.216667 -0.88 0.00726494
0.216667 -0.84 0.00639043
0.216667 -0.8 0.00749381
0.216667 -0.76 0.00628983
0.216667 -0.72 0.00789531
0.216667 -0.68 0.00621081
0.216667 -0.64 0.00843672
0.216667 -0.6 0.00778371
0.216667 -0.56 0.00980715
0.216667 -0.52 0.00828362
0.216667 -0.48 0.00807764
0.216667 -0.44 0.00877842
0.216667 -0.4 0.00921366
0.216667 -0.36 0.00992278
0.216667 -0.32 0.0104435
0.216667 -0.28 0.0111094
0.216667 -0.24 0.0106571
0.216667 -0.2 0.00812936
0.216667 -0.16 0.00484514
0.216667 -0.12 0.00293015
0.216667 -0.08 0.00253525
0.216667 -0.04 0.00250629
0.216667 0 0.00225081
0.216667 0.04 0.00181422
0.216667 0.08 0.00110201
0.216667 0.12 0.00171549
0.216667 0.16 0.00113001
0.216667 0.2 0.00194718
0.216667 0.24 0.00355244
0.216667 0.28 0.0039076
0.216667 0.32 0.00284083
0.216667 0.36 0.00120298
0.216667 0.4 0.00149401
0.216667 0.44 0.00276088
0.216667 0.48 0.0041238
0.216667 0.52 0.00449196
0.216667 0.56 0.00435479
0.216667 0.6 0.00516149
0.216667 0.64 0.00356709
0.216667 0.68 0.00560016
0.216667 0.72 0.0081691
0.216667 0.76 0.0104304
0.216667 0.8 0.0102193
0.216667 0.84 0.0137351
0.216667 0.88 0.0167651
0.216667 0.92 0.0175472
0.216667 0.96 0.0218931
0.216667 1 0.0225882
0.216667 1.04 0.0276739
0.216667 1.08 0.0321251
0.216667 1.12 0.0334609
0.216667 1.16 0.0354206
0.216667 1.2 0.0381488
0.216667 1.24 0.0392177
0.216667 1.28 0.0324684
0.216667 1.32 0.0223604
0.216667 1.36 0.0159298
0.216667 1.4 0.0108046
0.216667 1.44 0.00889802
0.216667 1.48 0.00788308
0.216667 1.52 0.00586855
0.216667 1.56 0.00459486
0.216667 1.6 0.00348747
0.216667 1.64 0.00295233
0.216667 1.68 0.0025738
0.216667 1.72 0.00264821
0.216667 1.76 0.00242913
0.216667 1.8 0.00196416
0.216667 1.84 0.00172658
0.216667 1.88 0.00145014
0.216667 1.92 0.00138839
0.216667 1.96 0.00139671
0.216667 2 0.00123843
0.216667 2.04 0.00107481
0.216667 2.08 0.000956632
0.216667 2.12 0.000799125
0.216667 2.16 0.000868857
0.216667 2.2 0.000935703
0.216667 2.24 0.000889695
0.216667 2.28 0.000783159
0.216667 2.32 0.000662172
0.216667 2.36 0.000584065
0.216667 2.4 0.00048632
0.216667 2.44 0.000598668
0.216667 2.48 0.000549268
0.216667 2.52 0.000553831
0.216667 2.56 0.000461773
0.216667 2.6 0.000462189
0.216667 2.64 0.000507343
0.216667 2.68 0.000472727
0.216667 2.72 0.000562439
0.216667 2.76 0.000506175
0.216667 2.8 0.000411387
0.216667 2.84 0.000413489
0.216667 2.88 0.00029653
0.216667 2.92 0.000312581
0.216667 2.96 0.000407322
0.216667 3 0.000396318
0.216667 3.04 0.000252218
0.216667 3.08 0.000284678
0.216667 3.12 0.000333704
0.216667 3.16 0.000319312
0.216667 3.2 0.000305842
0.216667 3.24 0.000325439
0.216667 3.28 0.000408438
0.216667 3.32 0.000384273
0.216667 3.36 0.000362404
0.216667 3.4 0.000249815
0.216667 3.44 0.000290587
0.216667 3.48 0.000303572
0.216667 3.52 0.000285796
0.216667 3.56 0.000410927
0.216667 3.6 0.000330774
0.216667 3.64 0.000189047
0.216667 3.68 0.000172649
0.216667 3.72 0.000183012
0.216667 3.76 0.000152424
0.216667 3.8 0.00021316
0.216667 3.84 0.00037938
0.216667 3.88 0.00037976
0.216667 3.92 0.00043393
0.216667 3.96 0.000349824
0.216667 4 0.000283032
0.233333 -4 0.00372887
0.233333 -3.96 0.00368338
0.233333 -3.92 0.00285686
0.233333 -3.88 0.00294993
0.233333 -3.84 0.00317371
0.233333 -3.8 0.00349311
0.233333 -3.76 0.00518363
0.233333 -3.72 0.00507329
0.233333 -3.68 0.00465966
0.233333 -3.64 0.00321794
0.233333 -3.6 0.00302141
0.233333 -3.56 0.00354785
0.233333 -3.52 0.0041183
0.233333 -3.48 0.00369914
0.233333 -3.44 0.00299656
0.233333 -3.4 0.00316123
0.233333 -3.36 0.00394505
0.233333 -3.32 0.00489838
0.233333 -3.28 0.00596857
0.233333 -3.24 0.00614495
0.233333 -3.2 0.00395919
0.233333 -3.16 0.00320034
0.233333 -3.12 0.00236212
0.233333 -3.08 0.0041244
0.233333 -3.04 0.00632409
0.233333 -3 0.00629162
0.233333 -2.96 0.0060488
0.233333 -2.92 0.00501917
0.233333 -2.88 0.00500085
0.233333 -2.84 0.00440261
0.233333 -2.8 0.006282
0.233333 -2.76 0.00329824
0.233333 -2.72 0.00485087
0.233333 -2.68 0.00451178
0.233333 -2.64 0.00501517
0.233333 -2.6 0.00482574
0.233333 -2.56 0.00308356
0.233333 -2.52 0.00170301
0.233333 -2.48 0.00345411
0.233333 -2.44 0.00426563
0.233333 -2.4 0.00545697
0.233333 -2.36 0.00555186
0.233333 -2.32 0.00334964
0.233333 -2.28 0.00376155
0.233333 -2.24 0.0036711
0.233333 -2.2 0.00540199
0.233333 -2.16 0.00579968
0.233333 -2.12 0.00488422
0.233333 -2.08 0.00212757
0.233333 -2.04 0.00333284
0.233333 -2 0.00355748
0.233333 -1.96 0.00545506
0.233333 -1.92 0.00590363
0.233333 -1.88 0.00345183
0.233333 -1.84 0.00277654
0.233333 -1.8 0.0038097
0.233333 -1.76 0.00448508
0.233333 -1.72 0.00610283
0.233333 -1.68 0.0039626
0.233333 -1.64 0.00340995
0.233333 -1.6 0.0056543
0.233333 -1.56 0.00729792
0.233333 -1.52 0.00585516
0.233333 -1.48 0.00459784
0.233333 -1.44 0.00484723
0.233333 -1.4 0.00516639
0.233333 -1.36 0.00576138
0.233333 -1.32 0.00442693
0.233333 -1.28 0.00338019
0.233333 -1.24 0.00515373
0.233333 -1.2 0.00684723
0.233333 -1.16 0.00578987
0.233333 -1.12 0.00585373
0.233333 -1.08 0.00647124
0.233333 -1.04 0.00644068
0.233333 -1 0.00587221
0.233333 -0.96 0.00504133
0.233333 -0.92 0.00638016
0.233333 -0.88 0.00653159
0.233333 -0.84 0.00520289
0.233333 -0.8 0.00711494
0.233333 -0.76 0.00816479
0.233333 -0.72 0.00772095
0.233333 -0.68 0.00692646
0.233333 -0.64 0.00767164
0.233333 -0.6 0.00664981
0.233333 -0.56 0.00816193
0.233333 -0.52 0.00775568
0.233333 -0.48 0.00800049
0.233333 -0.44 0.00932182
0.233333 -0.4 0.010158
0.233333 -0.36 0.0104006
0.233333 -0.32 0.0100888
0.233333 -0.28 0.00990248
0.233333 -0.24 0.0090549
0.233333 -0.2 0.00720321
0.233333 -0.16 0.00512166
0.233333 -0.12 0.00445051
0.233333 -0.08 0.00498056
0.233333 -0.04 0.00516494
0.233333 0 0.00461751
0.233333 0.04 0.00434418
0.233333 0.08 0.00400105
0.233333 0.12 0.00278858
0.233333 0.16 0.00169104
0.233333 0.2 0.00394323
0.233333 0.24 0.0045412
0.233333 0.28 0.0030754
0.233333 0.32 0.00139925
0.233333 0.36 0.000654329
0.233333 0.4 0.00287916
0.233333 0.44 0.00451995
0.233333 0.48 0.00526394
0.233333 0.52 0.00425756
0.233333 0.56 0.00449245
0.233333 0.6 0.00599845
0.233333 0.64 0.00552975
0.233333 0.68 0.00623466
0.233333 0.72 0.00853033
0.233333 0.76 0.011709
0.233333 0.8 0.011914
0.233333 0.84 0.0157522
0.233333 0.88 0.0196605
0.233333 0.92 0.0223418
0.233333 0.96 0.0265463
0.233333 1 0.0259361
0.233333 1.04 0.0297124
0.233333 1.08 0.0354082
0.233333 1.12 0.0381554
0.233333 1.16 0.038102
0.233333 1.2 0.0387862
0.233333 1.24 0.0352768
0.233333 1.28 0.0274896
0.233333 1.32 0.0186195
0.233333 1.36 0.013261
0.233333 1.4 0.00854422
0.233333 1.44 0.00754504
0.233333 1.48 0.00706461
0.233333 1.52 0.00522901
0.233333 1.56 0.00428366
0.233333 1.6 0.00322786
0.233333 1.64 0.00274588
0.233333 1.68 0.00243938
0.233333 1.72 0.00265741
0.233333 1.76 0.0023181
0.233333 1.8 0.00189186
0.233333 1.84 0.00151226
0.233333 1.88 0.00151927
0.233333 1.92 0.00139621
0.233333 1.96 0.00131638
0.233333 2 0.001163
0.233333 2.04 0.00104285
0.233333 2.08 0.000915275
0.233333 2.12 0.00074997
0.233333 2.16 0.000832219
0.233333 2.2 0.000934098
0.233333 2.24 0.000870745
0.233333 2.28 0.000787386
0.233333 2.32 0.000584065
0.233333 2.36 0.000546324
0.233333 2.4 0.000514702
0.233333 2.44 0.000541373
0.233333 2.48 0.000568899
0.233333 2.52 0.000550438
0.233333 2.56 0.000444135
0.233333 2.6 0.000483285
0.233333 2.64 0.000500955
0.233333 2.68 0.00053389
0.233333 2.72 0.000598991
0.233333 2.76 0.000498254
0.233333 2.8 0.000383741
0.233333 2.84 0.000386556
0.233333 2.88 0.000274999
0.233333 2.92 0.000271305
0.233333 2.96 0.000383067
0.233333 3 0.000358715
0.233333 3.04 0.000265445
0.233333 3.08 0.000269548
0.233333 3.12 0.000301842
0.233333 3.16 0.000301749
0.233333 3.2 0.000277832
0.233333 3.24 0.000371608
0.233333 3.28 0.000490567
0.233333 3.32 0.000366291
0.233333 3.36 0.000365752
0.233333 3.4 0.000257566
0.233333 3.44 0.000271357
0.233333 3.48 0.000222237
0.233333 3.52 0.000310019
0.233333 3.56 0.000432157
0.233333 3.6 0.000284165
0.233333 3.64 0.000178517
0.233333 3.68 0.000173599
0.233333 3.72 0.000183649
0.233333 3.76 0.0001637
0.233333 3.8 0.000251565
0.233333 3.84 0.000335723
0.233333 3.88 0.000340256
0.233333 3.92 0.000457457
0.233333 3.96 0.000384403
0.233333 4 0.000327188
0.25 -4 0.00388517
0.25 -3.96 0.00369135
0.25 -3.92 0.00289649
0.25 -3.88 0.00322351
0.25 -3.84 0.00342964
0.25 -3.8 0.00334669
0.25 -3.76 0.00542949
0.25 -3.72 0.00476545
0.25 -3.68 0.0044544
0.25 -3.64 0.0031508
0.25 -3.6 0.00315206
0.25 -3.56 0.00388066
0.25 -3.52 0.00430985
0.25 -3.48 0.00436486
0.25 -3.44 0.00359467
0.25 -3.4 0.00425803
0.25 -3.36 0.00453552
0.25 -3.32 0.00566601
0.25 -3.28 0.00706906
0.25 -3.24 0.00617341
0.25 -3.2 0.00457502
0.25 -3.16 0.00297552
0.25 -3.12 0.00231126
0.25 -3.08 0.00414949
0.25 -3.04 0.00560142
0.25 -3 0.00569046
0.25 -2.96 0.00545962
0.25 -2.92 0.00386721
0.25 -2.88 0.00501438
0.25 -2.84 0.00356629
0.25 -2.8 0.00527514
0.25 -2.76 0.00253539
0.25 -2.72 0.00406706
0.25 -2.68 0.00412919
0.25 -2.64 0.00499666
0.25 -2.6 0.00449023
0.25 -2.56 0.0028736
0.25 -2.52 0.0020216
0.25 -2.48 0.00351331
0.25 -2.44 0.00404772
0.25 -2.4 0.00589911
0.25 -2.36 0.00485377
0.25 -2.32 0.00400787
0.25 -2.28 0.00351002
0.25 -2.24 0.00269373
0.25 -2.2 0.00564455
0.25 -2.16 0.00612653
0.25 -2.12 0.00491694
0.25 -2.08 0.00283767
0.25 -2.04 0.00301935
0.25 -2 0.00431886
0.25 -1.96 0.00555519
0.25 -1.92 0.00477683
0.25 -1.88 0.00321412
0.25 -1.84 0.00216573
0.25 -1.8 0.00414793
0.25 -1.76 0.00611981
0.25 -1.72 0.00605161
0.25 -1.68 0.00374553
0.25 -1.64 0.00333057
0.25 -1.6 0.00533689
0.25 -1.56 0.00676256
0.25 -1.52 0.00585455
0.25 -1.48 0.00392849
0.25 -1.44 0.00400988
0.25 -1.4 0.00542033
0.25 -1.36 0.00601288
0.25 -1.32 0.00458756
0.25 -1.28 0.00411123
0.25 -1.24 0.00538595
0.25 -1.2 0.00664421
0.25 -1.16 0.0056596
0.25 -1.12 0.00654087
0.25 -1.08 0.00650113
0.25 -1.04 0.00659193
0.25 -1 0.00569493
0.25 -0.96 0.00615086
0.25 -0.92 0.00652439
0.25 -0.88 0.00602923
0.25 -0.84 0.00612052
0.25 -0.8 0.00718995
0.25 -0.76 0.00893493
0.25 -0.72 0.00717435
0.25 -0.68 0.00874474
0.25 -0.64 0.00679043
0.25 -0.6 0.00590785
0.25 -0.56 0.00638823
0.25 -0.52 0.00821716
0.25 -0.48 0.00883205
0.25 -0.44 0.0104224
0.25 -0.4 0.0102462
0.25 -0.36 0.00932179
0.25 -0.32 0.00841904
0.25 -0.28 0.00788492
0.25 -0.24 0.00724485
0.25 -0.2 0.00691511
0.25 -0.16 0.00660575
0.25 -0.12 0.00695564
0.25 -0.08 0.00719149
0.25 -0.04 0.00684563
0.25 0 0.0063468
0.25 0.04 0.00613376
0.25 0.08 0.00453758
0.25 0.12 0.00144904
0.25 0.16 0.00368642
0.25 0.2 0.00429274
0.25 0.24 0.00316534
0.25 0.28 0.0015286
0.25 0.32 0.00128053
0.25 0.36 0.00213515
0.25 0.4 0.00469357
0.25 0.44 0.00567521
0.25 0.48 0.00515094
0.25 0.52 0.00344787
0.25 0.56 0.0047046
0.25 0.6 0.00714551
0.25 0.64 0.00862724
0.25 0.68 0.0059138
0.25 0.72 0.0088234
0.25 0.76 0.0128471
0.25 0.8 0.0145009
0.25 0.84 0.0178611
0.25 0.88 0.0214737
0.25 0.92 0.0264075
0.25 0.96 0.0291174
0.25 1 0.0295775
0.25 1.04 0.0330257
0.25 1.08 0.0395402
0.25 1.12 0.04246
0.25 1.16 0.0394819
0.25 1.2 0.0361023
0.25 1.24 0.0303192
0.25 1.28 0.0217871
0.25 1.32 0.0155516
0.25 1.36 0.0108085
0.25 1.4 0.00745032
0.25 1.44 0.0065824
0.25 1.48 0.00626667
0.25 1.52 0.00473623
0.25 1.56 0.0038811
0.25 1.6 0.00292164
0.25 1.64 0.00256944
0.25 1.68 0.00230324
0.25 1.72 0.00242867
0.25 1.76 0.00205044
0.25 1.8 0.00183758
0.25 1.84 0.00143285
0.25 1.88 0.00155794
0.25 1.92 0.00136166
0.25 1.96 0.00127564
0.25 2 0.00116854
0.25 2.04 0.00113089
0.25 2.08 0.000908609
0.25 2.12 0.000816318
0.25 2.16 0.000797287
0.25 2.2 0.000855068
0.25 2.24 0.00077147
0.25 2.28 0.00072321
0.25 2.32 0.000520577
0.25 2.36 0.000484252
0.25 2.4 0.000519293
0.25 2.44 0.000538162
0.25 2.48 0.000583796
0.25 2.52 0.000517706
0.25 2.56 0.000481327
0.25 2.6 0.000443272
0.25 2.64 0.000444842
0.25 2.68 0.000574763
0.25 2.72 0.000610727
0.25 2.76 0.000516407
0.25 2.8 0.000396938
0.25 2.84 0.000374701
0.25 2.88 0.000283756
0.25 2.92 0.000248092
0.25 2.96 0.000353368
0.25 3 0.000370755
0.25 3.04 0.000326563
0.25 3.08 0.000266883
0.25 3.12 0.000299686
0.25 3.16 0.000286549
0.25 3.2 0.000261963
0.25 3.24 0.000407662
0.25 3.28 0.000517594
0.25 3.32 0.00039322
0.25 3.36 0.000352628
0.25 3.4 0.000271264
0.25 3.44 0.000239904
0.25 3.48 0.000177112
0.25 3.52 0.000296812
0.25 3.56 0.000362585
0.25 3.6 0.000236348
0.25 3.64 0.000206638
0.25 3.68 0.000192447
0.25 3.72 0.000188174
0.25 3.76 0.000218894
0.25 3.8 0.000307645
0.25 3.84 0.000324697
0.25 3.88 0.000365895
0.25 3.92 0.000444709
0.25 3.96 0.000397039
0.25 4 0.000313492
0.266667 -4 0.00428706
0.266667 -3.96 0.00354544
0.266667 -3.92 0.00271572
0.266667 -3.88 0.00296197
0.266667 -3.84 0.00330893
0.266667 -3.8 0.00329059
0.266667 -3.76 0.00499901
0.266667 -3.72 0.00419929
0.266667 -3.68 0.00411916
0.266667 -3.64 0.00309039
0.266667 -3.6 0.00266631
0.266667 -3.56 0.00413111
0.266667 -3.52 0.00416932
0.266667 -3.48 0.0059115
0.266667 -3.44 0.00428431
0.266667 -3.4 0.0050844
0.266667 -3.36 0.0046616
0.266667 -3.32 0.005829
0.266667 -3.28 0.00776942
0.266667 -3.24 0.00615491
0.266667 -3.2 0.00503026
0.266667 -3.16 0.00284086
0.266667 -3.12 0.00334202
0.266667 -3.08 0.00429118
0.266667 -3.04 0.00489377
0.266667 -3 0.00468551
0.266667 -2.96 0.0042697
0.266667 -2.92 0.00307359
0.266667 -2.88 0.00433934
0.266667 -2.84 0.00343057
0.266667 -2.8 0.00364584
0.266667 -2.76 0.00266047
0.266667 -2.72 0.00288299
0.266667 -2.68 0.00355588
0.266667 -2.64 0.00496262
0.266667 -2.6 0.00446926
0.266667 -2.56 0.00361792
0.266667 -2.52 0.00302694
0.266667 -2.48 0.00302465
0.266667 -2.44 0.00363299
0.266667 -2.4 0.00636424
0.266667 -2.36 0.00445655
0.266667 -2.32 0.00400445
0.266667 -2.28 0.00310826
0.266667 -2.24 0.00278324
0.266667 -2.2 0.005635
0.266667 -2.16 0.0058082
0.266667 -2.12 0.00438833
0.266667 -2.08 0.00301404
0.266667 -2.04 0.00246816
0.266667 -2 0.0042236
0.266667 -1.96 0.00510618
0.266667 -1.92 0.00350781
0.266667 -1.88 0.00339472
0.266667 -1.84 0.00222563
0.266667 -1.8 0.00452789
0.266667 -1.76 0.00702296
0.266667 -1.72 0.00540016
0.266667 -1.68 0.00380917
0.266667 -1.64 0.00309137
0.266667 -1.6 0.00511297
0.266667 -1.56 0.00559476
0.266667 -1.52 0.00599419
0.266667 -1.48 0.00370433
0.266667 -1.44 0.00346234
0.266667 -1.4 0.00546726
0.266667 -1.36 0.00573771
0.266667 -1.32 0.00456636
0.266667 -1.28 0.0046094
0.266667 -1.24 0.00564646
0.266667 -1.2 0.00666476
0.266667 -1.16 0.0068016
0.266667 -1.12 0.00758658
0.266667 -1.08 0.00651391
0.266667 -1.04 0.0065236
0.266667 -1 0.00594358
0.266667 -0.96 0.00703174
0.266667 -0.92 0.00733245
0.266667 -0.88 0.00641958
0.266667 -0.84 0.00746073
0.266667 -0.8 0.00692907
0.266667 -0.76 0.00761029
0.266667 -0.72 0.00711331
0.266667 -0.68 0.00949896
0.266667 -0.64 0.00701613
0.266667 -0.6 0.00621799
0.266667 -0.56 0.00617427
0.266667 -0.52 0.00853011
0.266667 -0.48 0.00903922
0.266667 -0.44 0.010521
0.266667 -0.4 0.00934588
0.266667 -0.36 0.00804772
0.266667 -0.32 0.00719846
0.266667 -0.28 0.00717208
0.266667 -0.24 0.00723276
0.266667 -0.2 0.00788375
0.266667 -0.16 0.00776719
0.266667 -0.12 0.00666895
0.266667 -0.08 0.00482895
0.266667 -0.04 0.00319691
0.266667 0 0.00269034
0.266667 0.04 0.00236319
0.266667 0.08 0.00160433
0.266667 0.12 0.00336616
0.266667 0.16 0.00370305
0.266667 0.2 0.00222263
0.266667 0.24 0.000997282
0.266667 0.28 0.00133621
0.266667 0.32 0.00316271
0.266667 0.36 0.0045485
0.266667 0.4 0.0054963
0.266667 0.44 0.0052208
0.266667 0.48 0.00440464
0.266667 0.52 0.00360892
0.266667 0.56 0.0055797
0.266667 0.6 0.00823954
0.266667 0.64 0.0097305
0.266667 0.68 0.00577449
0.266667 0.72 0.0102779
0.266667 0.76 0.0147844
0.266667 0.8 0.0178047
0.266667 0.84 0.0202848
0.266667 0.88 0.0234452
0.266667 0.92 0.028862
0.266667 0.96 0.0311024
0.266667 1 0.0332577
0.266667 1.04 0.0378633
0.266667 1.08 0.0442029
0.266667 1.12 0.0429745
0.266667 1.16 0.0370537
0.266667 1.2 0.0300363
0.266667 1.24 0.0251377
0.266667 1.28 0.0174109
0.266667 1.32 0.0129892
0.266667 1.36 0.00879248
0.266667 1.4 0.00650432
0.266667 1.44 0.0058192
0.266667 1.48 0.00567785
0.266667 1.52 0.00446188
0.266667 1.56 0.00361994
0.266667 1.6 0.00268578
0.266667 1.64 0.00250471
0.266667 1.68 0.00223344
0.266667 1.72 0.00214423
0.266667 1.76 0.00184772
0.266667 1.8 0.00177509
0.266667 1.84 0.00143529
0.266667 1.88 0.00146149
0.266667 1.92 0.00128501
0.266667 1.96 0.0012953
0.266667 2 0.00121245
0.266667 2.04 0.00116749
0.266667 2.08 0.000882444
0.266667 2.12 0.000851904
0.266667 2.16 0.000729433
0.266667 2.2 0.000693187
0.266667 2.24 0.000719382
0.266667 2.28 0.000675648
0.266667 2.32 0.000542092
0.266667 2.36 0.000465887
0.266667 2.4 0.000510942
0.266667 2.44 0.000544916
0.266667 2.48 0.000544293
0.266667 2.52 0.000481607
0.266667 2.56 0.000490673
0.266667 2.6 0.00036221
0.266667 2.64 0.000398432
0.266667 2.68 0.000526714
0.266667 2.72 0.000554562
0.266667 2.76 0.000525685
0.266667 2.8 0.000422247
0.266667 2.84 0.000361557
0.266667 2.88 0.000311544
0.266667 2.92 0.000271852
0.266667 2.96 0.000332675
0.266667 3 0.000394391
0.266667 3.04 0.000361987
0.266667 3.08 0.000283862
0.266667 3.12 0.000339362
0.266667 3.16 0.000277716
0.266667 3.2 0.000288979
0.266667 3.24 0.000392578
0.266667 3.28 0.000448468
0.266667 3.32 0.000451808
0.266667 3.36 0.000314018
0.266667 3.4 0.000257004
0.266667 3.44 0.00022241
0.266667 3.48 0.000232316
0.266667 3.52 0.000261168
0.266667 3.56 0.00027899
0.266667 3.6 0.000242205
0.266667 3.64 0.000231296
0.266667 3.68 0.00022068
0.266667 3.72 0.000205199
0.266667 3.76 0.000266929
0.266667 3.8 0.000333671
0.266667 3.84 0.000383335
0.266667 3.88 0.00043091
0.266667 3.92 0.000396223
0.266667 3.96 0.000393633
0.266667 4 0.000241658
0.283333 -4 0.00422516
0.283333 -3.96 0.00345581
0.283333 -3.92 0.00271807
0.283333 -3.88 0.00262461
0.283333 -3.84 0.00316726
0.283333 -3.8 0.00362308
0.283333 -3.76 0.00473664
0.283333 -3.72 0.00428923
0.283333 -3.68 0.00406616
0.283333 -3.64 0.00335
0.283333 -3.6 0.00246486
0.283333 -3.56 0.00408741
0.283333 -3.52 0.00409293
0.283333 -3.48 0.00556355
0.283333 -3.44 0.00415407
0.283333 -3.4 0.00481954
0.283333 -3.36 0.0045944
0.283333 -3.32 0.00571932
0.283333 -3.28 0.00740019
0.283333 -3.24 0.0057218
0.283333 -3.2 0.00454097
0.283333 -3.16 0.00315519
0.283333 -3.12 0.0039488
0.283333 -3.08 0.00427927
0.283333 -3.04 0.00470295
0.283333 -3 0.0041734
0.283333 -2.96 0.00360589
0.283333 -2.92 0.00304968
0.283333 -2.88 0.00362661
0.283333 -2.84 0.00332202
0.283333 -2.8 0.00293429
0.283333 -2.76 0.00269628
0.283333 -2.72 0.00264948
0.283333 -2.68 0.0038253
0.283333 -2.64 0.00506994
0.283333 -2.6 0.00458638
0.283333 -2.56 0.00405455
0.283333 -2.52 0.00356379
0.283333 -2.48 0.00260275
0.283333 -2.44 0.00462854
0.283333 -2.4 0.00596887
0.283333 -2.36 0.00463554
0.283333 -2.32 0.00322644
0.283333 -2.28 0.00281308
0.283333 -2.24 0.00361845
0.283333 -2.2 0.00525021
0.283333 -2.16 0.00494971
0.283333 -2.12 0.0043154
0.283333 -2.08 0.00272915
0.283333 -2.04 0.00277967
0.283333 -2 0.00364162
0.283333 -1.96 0.0046929
0.283333 -1.92 0.0039497
0.283333 -1.88 0.0036652
0.283333 -1.84 0.00274378
0.283333 -1.8 0.00444025
0.283333 -1.76 0.00565305
0.283333 -1.72 0.00476631
0.283333 -1.68 0.00405923
0.283333 -1.64 0.00302481
0.283333 -1.6 0.00526969
0.283333 -1.56 0.00524044
0.283333 -1.52 0.00595142
0.283333 -1.48 0.00440938
0.283333 -1.44 0.00409893
0.283333 -1.4 0.00523151
0.283333 -1.36 0.00515969
0.283333 -1.32 0.00414783
0.283333 -1.28 0.00377306
0.283333 -1.24 0.00557259
0.283333 -1.2 0.00685089
0.283333 -1.16 0.00770348
0.283333 -1.12 0.0075154
0.283333 -1.08 0.0065476
0.283333 -1.04 0.00644668
0.283333 -1 0.00644237
0.283333 -0.96 0.0060271
0.283333 -0.92 0.00781214
0.283333 -0.88 0.0072887
0.283333 -0.84 0.00706267
0.283333 -0.8 0.00615867
0.283333 -0.76 0.00594472
0.283333 -0.72 0.0075664
0.283333 -0.68 0.00834729
0.283333 -0.64 0.00780476
0.283333 -0.6 0.00697415
0.283333 -0.56 0.00778535
0.283333 -0.52 0.00846264
0.283333 -0.48 0.00844687
0.283333 -0.44 0.00984864
0.283333 -0.4 0.0085574
0.283333 -0.36 0.0077507
0.283333 -0.32 0.00700112
0.283333 -0.28 0.00776534
0.283333 -0.24 0.00825742
0.283333 -0.2 0.00864908
0.283333 -0.16 0.007399
0.283333 -0.12 0.00508941
0.283333 -0.08 0.00308249
0.283333 -0.04 0.0021665
0.283333 0 0.00246187
0.283333 0.04 0.00313889
0.283333 0.08 0.00344388
0.283333 0.12 0.0029694
0.283333 0.16 0.00169796
0.283333 0.2 0.000576538
0.283333 0.24 0.000878959
0.283333 0.28 0.00285602
0.283333 0.32 0.00505279
0.283333 0.36 0.00543402
0.283333 0.4 0.00497674
0.283333 0.44 0.00415555
0.283333 0.48 0.00475045
0.283333 0.52 0.00553652
0.283333 0.56 0.00717364
0.283333 0.6 0.0088106
0.283333 0.64 0.00863626
0.283333 0.68 0.00791139
0.283333 0.72 0.0129504
0.283333 0.76 0.0178287
0.283333 0.8 0.0213973
0.283333 0.84 0.0235432
0.283333 0.88 0.0275097
0.283333 0.92 0.0319384
0.283333 0.96 0.0359383
0.283333 1 0.0377985
0.283333 1.04 0.0430026
0.283333 1.08 0.0474809
0.283333 1.12 0.0395384
0.283333 1.16 0.0311061
0.283333 1.2 0.0234618
0.283333 1.24 0.0199857
0.283333 1.28 0.0144212
0.283333 1.32 0.0109481
0.283333 1.36 0.00799554
0.283333 1.4 0.00520354
0.283333 1.44 0.00506213
0.283333 1.48 0.00529731
0.283333 1.52 0.00407102
0.283333 1.56 0.00343938
0.283333 1.6 0.00262942
0.283333 1.64 0.00243889
0.283333 1.68 0.00216238
0.283333 1.72 0.001956
0.283333 1.76 0.0018234
0.283333 1.8 0.00164129
0.283333 1.84 0.0014113
0.283333 1.88 0.00130546
0.283333 1.92 0.00121163
0.283333 1.96 0.0013168
0.283333 2 0.0012122
0.283333 2.04 0.0010526
0.283333 2.08 0.000820251
0.283333 2.12 0.000747321
0.283333 2.16 0.000651278
0.283333 2.2 0.000585666
0.283333 2.24 0.000744766
0.283333 2.28 0.000669699
0.283333 2.32 0.000612773
0.283333 2.36 0.000525876
0.283333 2.4 0.000509801
0.283333 2.44 0.000516589
0.283333 2.48 0.000509353
0.283333 2.52 0.000482552
0.283333 2.56 0.000431257
0.283333 2.6 0.000321505
0.283333 2.64 0.000375529
0.283333 2.68 0.000461609
0.283333 2.72 0.000472183
0.283333 2.76 0.000503662
0.283333 2.8 0.000420914
0.283333 2.84 0.000336418
0.283333 2.88 0.00032338
0.283333 2.92 0.000319731
0.283333 2.96 0.000332473
0.283333 3 0.000386617
0.283333 3.04 0.000356682
0.283333 3.08 0.000307824
0.283333 3.12 0.000349523
0.283333 3.16 0.000264761
0.283333 3.2 0.000309329
0.283333 3.24 0.000375021
0.283333 3.28 0.000364264
0.283333 3.32 0.000471115
0.283333 3.36 0.000297167
0.283333 3.4 0.000226782
0.283333 3.44 0.000222142
0.283333 3.48 0.000303164
0.283333 3.52 0.000254848
0.283333 3.56 0.000263941
0.283333 3.6 0.000284406
0.283333 3.64 0.000227668
0.283333 3.68 0.000232831
0.283333 3.72 0.000231409
0.283333 3.76 0.00026292
0.283333 3.8 0.000327053
0.283333 3.84 0.000447698
0.283333 3.88 0.000447464
0.283333 3.92 0.000341831
0.283333 3.96 0.00038268
0.283333 4 0.000180228
0.3 -4 0.00382245
0.3 -3.96 0.00358566
0.3 -3.92 0.00314511
0.3 -3.88 0.00283208
0.3 -3.84 0.00335202
0.3 -3.8 0.00418311
0.3 -3.76 0.00491581
0.3 -3.72 0.00482164
0.3 -3.68 0.00437856
0.3 -3.64 0.00376755
0.3 -3.6 0.00301986
0.3 -3.56 0.00387402
0.3 -3.52 0.0044707
0.3 -3.48 0.00383638
0.3 -3.44 0.00346434
0.3 -3.4 0.00415788
0.3 -3.36 0.00495266
0.3 -3.32 0.00580878
0.3 -3.28 0.00677344
0.3 -3.24 0.00551986
0.3 -3.2 0.00402028
0.3 -3.16 0.00384715
0.3 -3.12 0.00335219
0.3 -3.08 0.00408972
0.3 -3.04 0.00451925
0.3 -3 0.00397757
0.3 -2.96 0.00369884
0.3 -2.92 0.00309819
0.3 -2.88 0.00338101
0.3 -2.84 0.00305913
0.3 -2.8 0.00341973
0.3 -2.76 0.00213521
0.3 -2.72 0.00316941
0.3 -2.68 0.00436217
0.3 -2.64 0.00509006
0.3 -2.6 0.0046299
0.3 -2.56 0.00358358
0.3 -2.52 0.0031226
0.3 -2.48 0.00275151
0.3 -2.44 0.00546683
0.3 -2.4 0.00503009
0.3 -2.36 0.00496248
0.3 -2.32 0.00244594
0.3 -2.28 0.00284693
0.3 -2.24 0.00443566
0.3 -2.2 0.00459175
0.3 -2.16 0.00460485
0.3 -2.12 0.00470988
0.3 -2.08 0.00305134
0.3 -2.04 0.00373575
0.3 -2 0.00368855
0.3 -1.96 0.00486787
0.3 -1.92 0.00497918
0.3 -1.88 0.00351854
0.3 -1.84 0.00298883
0.3 -1.8 0.00383166
0.3 -1.76 0.00394797
0.3 -1.72 0.00454667
0.3 -1.68 0.00393959
0.3 -1.64 0.00344953
0.3 -1.6 0.00487392
0.3 -1.56 0.0061004
0.3 -1.52 0.00549374
0.3 -1.48 0.0053432
0.3 -1.44 0.00508505
0.3 -1.4 0.00531093
0.3 -1.36 0.00507211
0.3 -1.32 0.00365493
0.3 -1.28 0.00298409
0.3 -1.24 0.00526977
0.3 -1.2 0.00706223
0.3 -1.16 0.00704211
0.3 -1.12 0.00551664
0.3 -1.08 0.00609169
0.3 -1.04 0.00655187
0.3 -1 0.00672073
0.3 -0.96 0.00499259
0.3 -0.92 0.00721152
0.3 -0.88 0.00742951
0.3 -0.84 0.00523774
0.3 -0.8 0.00575916
0.3 -0.76 0.00586404
0.3 -0.72 0.00771604
0.3 -0.68 0.00667362
0.3 -0.64 0.00778754
0.3 -0.6 0.00746848
0.3 -0.56 0.00975163
0.3 -0.52 0.00852798
0.3 -0.48 0.00819041
0.3 -0.44 0.00949177
0.3 -0.4 0.00834832
0.3 -0.36 0.00793332
0.3 -0.32 0.00699455
0.3 -0.28 0.00813351
0.3 -0.24 0.0083694
0.3 -0.2 0.00814975
0.3 -0.16 0.00661131
0.3 -0.12 0.00469654
0.3 -0.08 0.00369983
0.3 -0.04 0.00336391
0.3 0 0.00329262
0.3 0.04 0.0031981
0.3 0.08 0.00238298
0.3 0.12 0.00117476
0.3 0.16 0.000719053
0.3 0.2 0.00121501
0.3 0.24 0.00266263
0.3 0.28 0.00396924
0.3 0.32 0.00476696
0.3 0.36 0.00409791
0.3 0.4 0.00427475
0.3 0.44 0.00438047
0.3 0.48 0.00663267
0.3 0.52 0.00798243
0.3 0.56 0.00864555
0.3 0.6 0.00916382
0.3 0.64 0.00870971
0.3 0.68 0.0119292
0.3 0.72 0.0160081
0.3 0.76 0.0213822
0.3 0.8 0.0250776
0.3 0.84 0.0277559
0.3 0.88 0.0327712
0.3 0.92 0.0374569
0.3 0.96 0.0432459
0.3 1 0.0424958
0.3 1.04 0.0461252
0.3 1.08 0.0467961
0.3 1.12 0.0349977
0.3 1.16 0.0248948
0.3 1.2 0.0189477
0.3 1.24 0.0154551
0.3 1.28 0.0118688
0.3 1.32 0.00965441
0.3 1.36 0.00799304
0.3 1.4 0.00420217
0.3 1.44 0.00436435
0.3 1.48 0.00488699
0.3 1.52 0.00347327
0.3 1.56 0.00317912
0.3 1.6 0.00258175
0.3 1.64 0.00226276
0.3 1.68 0.00198112
0.3 1.72 0.00183571
0.3 1.76 0.00184634
0.3 1.8 0.00147826
0.3 1.84 0.00137669
0.3 1.88 0.00121649
0.3 1.92 0.00115935
0.3 1.96 0.00128111
0.3 2 0.00116526
0.3 2.04 0.000887435
0.3 2.08 0.000785263
0.3 2.12 0.000612661
0.3 2.16 0.000651893
0.3 2.2 0.000636942
0.3 2.24 0.000737109
0.3 2.28 0.000645473
0.3 2.32 0.000646885
0.3 2.36 0.000605136
0.3 2.4 0.000519274
0.3 2.44 0.000476855
0.3 2.48 0.000534331
0.3 2.52 0.000496971
0.3 2.56 0.000373613
0.3 2.6 0.000346313
0.3 2.64 0.000353953
0.3 2.68 0.000460839
0.3 2.72 0.000454032
0.3 2.76 0.00047941
0.3 2.8 0.000404274
0.3 2.84 0.00032705
0.3 2.88 0.000304626
0.3 2.92 0.000340967
0.3 2.96 0.000355746
0.3 3 0.00035255
0.3 3.04 0.000340849
0.3 3.08 0.000315511
0.3 3.12 0.000284482
0.3 3.16 0.00024086
0.3 3.2 0.000272235
0.3 3.24 0.000392862
0.3 3.28 0.000358413
0.3 3.32 0.000420324
0.3 3.36 0.000317307
0.3 3.4 0.000216335
0.3 3.44 0.000220378
0.3 3.48 0.000277944
0.3 3.52 0.000286862
0.3 3.56 0.000301508
0.3 3.6 0.00030634
0.3 3.64 0.000228449
0.3 3.68 0.000221234
0.3 3.72 0.000246869
0.3 3.76 0.000218022
0.3 3.8 0.0003136
0.3 3.84 0.000428626
0.3 3.88 0.000389972
0.3 3.92 0.000310066
0.3 3.96 0.000361941
0.3 4 0.000180989
0.316667 -4 0.00386761
0.316667 -3.96 0.00382879
0.316667 -3.92 0.00362275
0.316667 -3.88 0.00355572
0.316667 -3.84 0.00373848
0.316667 -3.8 0.00440125
0.316667 -3.76 0.00497983
0.316667 -3.72 0.00484368
0.316667 -3.68 0.00458056
0.316667 -3.64 0.00375456
0.316667 -3.6 0.00350669
0.316667 -3.56 0.00392411
0.316667 -3.52 0.00498511
0.316667 -3.48 0.00381709
0.316667 -3.44 0.00332441
0.316667 -3.4 0.00439123
0.316667 -3.36 0.00557738
0.316667 -3.32 0.00603396
0.316667 -3.28 0.00690002
0.316667 -3.24 0.00625198
0.316667 -3.2 0.00458742
0.316667 -3.16 0.0043841
0.316667 -3.12 0.00250489
0.316667 -3.08 0.00389733
0.316667 -3.04 0.0039243
0.316667 -3 0.00361087
0.316667 -2.96 0.00374718
0.316667 -2.92 0.00258825
0.316667 -2.88 0.00313306
0.316667 -2.84 0.00311239
0.316667 -2.8 0.00405441
0.316667 -2.76 0.00170242
0.316667 -2.72 0.00314657
0.316667 -2.68 0.00405013
0.316667 -2.64 0.00496558
0.316667 -2.6 0.00466202
0.316667 -2.56 0.00302677
0.316667 -2.52 0.00241913
0.316667 -2.48 0.00320381
0.316667 -2.44 0.00406146
0.316667 -2.4 0.00454495
0.316667 -2.36 0.00483137
0.316667 -2.32 0.00255822
0.316667 -2.28 0.00324035
0.316667 -2.24 0.00455456
0.316667 -2.2 0.00416821
0.316667 -2.16 0.00520051
0.316667 -2.12 0.00466134
0.316667 -2.08 0.00420473
0.316667 -2.04 0.00409873
0.316667 -2 0.00452912
0.316667 -1.96 0.00541378
0.316667 -1.92 0.00487105
0.316667 -1.88 0.00328847
0.316667 -1.84 0.00291117
0.316667 -1.8 0.00351533
0.316667 -1.76 0.00437556
0.316667 -1.72 0.00495079
0.316667 -1.68 0.00354851
0.316667 -1.64 0.00401797
0.316667 -1.6 0.00412332
0.316667 -1.56 0.00677934
0.316667 -1.52 0.0050292
0.316667 -1.48 0.00549745
0.316667 -1.44 0.00515723
0.316667 -1.4 0.00584178
0.316667 -1.36 0.00548708
0.316667 -1.32 0.00380408
0.316667 -1.28 0.00358638
0.316667 -1.24 0.00511601
0.316667 -1.2 0.00714506
0.316667 -1.16 0.00566053
0.316667 -1.12 0.00356952
0.316667 -1.08 0.00536387
0.316667 -1.04 0.00659269
0.316667 -1 0.00613709
0.316667 -0.96 0.00547462
0.316667 -0.92 0.00616663
0.316667 -0.88 0.00651976
0.316667 -0.84 0.00448387
0.316667 -0.8 0.00619067
0.316667 -0.76 0.00742671
0.316667 -0.72 0.00741789
0.316667 -0.68 0.00625468
0.316667 -0.64 0.00726493
0.316667 -0.6 0.00782323
0.316667 -0.56 0.010257
0.316667 -0.52 0.00843235
0.316667 -0.48 0.00830586
0.316667 -0.44 0.00916985
0.316667 -0.4 0.00812564
0.316667 -0.36 0.00790596
0.316667 -0.32 0.0070674
0.316667 -0.28 0.00804595
0.316667 -0.24 0.00776047
0.316667 -0.2 0.00749169
0.316667 -0.16 0.00689148
0.316667 -0.12 0.00585968
0.316667 -0.08 0.00504689
0.316667 -0.04 0.00407167
0.316667 0 0.00290002
0.316667 0.04 0.00242807
0.316667 0.08 0.00194216
0.316667 0.12 0.00116704
0.316667 0.16 0.00207245
0.316667 0.2 0.00295207
0.316667 0.24 0.0034122
0.316667 0.28 0.00322782
0.316667 0.32 0.00295352
0.316667 0.36 0.00266525
0.316667 0.4 0.00453997
0.316667 0.44 0.00592572
0.316667 0.48 0.00816215
0.316667 0.52 0.00915615
0.316667 0.56 0.00968042
0.316667 0.6 0.0108085
0.316667 0.64 0.0120393
0.316667 0.68 0.0153671
0.316667 0.72 0.0193334
0.316667 0.76 0.0251707
0.316667 0.8 0.029774
0.316667 0.84 0.0324535
0.316667 0.88 0.0368395
0.316667 0.92 0.0442996
0.316667 0.96 0.0490329
0.316667 1 0.0449684
0.316667 1.04 0.0453002
0.316667 1.08 0.0413391
0.316667 1.12 0.0307525
0.316667 1.16 0.020872
0.316667 1.2 0.0161698
0.316667 1.24 0.0123081
0.316667 1.28 0.00989974
0.316667 1.32 0.00914753
0.316667 1.36 0.00731505
0.316667 1.4 0.00392122
0.316667 1.44 0.0038849
0.316667 1.48 0.00429885
0.316667 1.52 0.00304452
0.316667 1.56 0.00289899
0.316667 1.6 0.00230802
0.316667 1.64 0.00204746
0.316667 1.68 0.00174397
0.316667 1.72 0.00172479
0.316667 1.76 0.00176314
0.316667 1.8 0.00143393
0.316667 1.84 0.00141253
0.316667 1.88 0.00120765
0.316667 1.92 0.00110673
0.316667 1.96 0.00118242
0.316667 2 0.00111162
0.316667 2.04 0.000820308
0.316667 2.08 0.000787705
0.316667 2.12 0.000619374
0.316667 2.16 0.000733687
0.316667 2.2 0.000754606
0.316667 2.24 0.000645277
0.316667 2.28 0.000570417
0.316667 2.32 0.00062136
0.316667 2.36 0.000605114
0.316667 2.4 0.000530936
0.316667 2.44 0.00047924
0.316667 2.48 0.00057046
0.316667 2.52 0.000476953
0.316667 2.56 0.000383249
0.316667 2.6 0.000373
0.316667 2.64 0.000340708
0.316667 2.68 0.000483845
0.316667 2.72 0.000521251
0.316667 2.76 0.00049133
0.316667 2.8 0.000415967
0.316667 2.84 0.000359331
0.316667 2.88 0.000295213
0.316667 2.92 0.000328843
0.316667 2.96 0.00039586
0.316667 3 0.000339203
0.316667 3.04 0.000333308
0.316667 3.08 0.000299103
0.316667 3.12 0.000205344
0.316667 3.16 0.000221724
0.316667 3.2 0.000218627
0.316667 3.24 0.000401785
0.316667 3.28 0.000408056
0.316667 3.32 0.000347572
0.316667 3.36 0.000324735
0.316667 3.4 0.000230743
0.316667 3.44 0.00020838
0.316667 3.48 0.000187589
0.316667 3.52 0.000313066
0.316667 3.56 0.000320077
0.316667 3.6 0.000301153
0.316667 3.64 0.000262727
0.316667 3.68 0.000210908
0.316667 3.72 0.000242483
0.316667 3.76 0.000180705
0.316667 3.8 0.000305042
0.316667 3.84 0.000337465
0.316667 3.88 0.000332287
0.316667 3.92 0.000304559
0.316667 3.96 0.00033063
0.316667 4 0.000220882
0.333333 -4 0.00444452
0.333333 -3.96 0.00402262
0.333333 -3.92 0.00366966
0.333333 -3.88 0.00409345
0.333333 -3.84 0.00404831
0.333333 -3.8 0.00401791
0.333333 -3.76 0.00480675
0.333333 -3.72 0.00430639
0.333333 -3.68 0.00427001
0.333333 -3.64 0.00326615
0.333333 -3.6 0.00317993
0.333333 -3.56 0.00451963
0.333333 -3.52 0.00518064
0.333333 -3.48 0.00578641
0.333333 -3.44 0.00411692
0.333333 -3.4 0.00551491
0.333333 -3.36 0.00559873
0.333333 -3.32 0.00607725
0.333333 -3.28 0.00734497
0.333333 -3.24 0.0070497
0.333333 -3.2 0.00538377
0.333333 -3.16 0.0041927
0.333333 -3.12 0.00249849
0.333333 -3.08 0.00369932
0.333333 -3.04 0.00347532
0.333333 -3 0.00338594
0.333333 -2.96 0.00332272
0.333333 -2.92 0.00202427
0.333333 -2.88 0.00266901
0.333333 -2.84 0.0035529
0.333333 -2.8 0.00426995
0.333333 -2.76 0.00204478
0.333333 -2.72 0.00252332
0.333333 -2.68 0.00333426
0.333333 -2.64 0.00503403
0.333333 -2.6 0.00478006
0.333333 -2.56 0.00317301
0.333333 -2.52 0.00228832
0.333333 -2.48 0.00331803
0.333333 -2.44 0.0021461
0.333333 -2.4 0.00472143
0.333333 -2.36 0.00429341
0.333333 -2.32 0.0035106
0.333333 -2.28 0.00354872
0.333333 -2.24 0.00376026
0.333333 -2.2 0.00430733
0.333333 -2.16 0.00563451
0.333333 -2.12 0.00406137
0.333333 -2.08 0.00482028
0.333333 -2.04 0.00354035
0.333333 -2 0.00508446
0.333333 -1.96 0.00574802
0.333333 -1.92 0.0044825
0.333333 -1.88 0.00374218
0.333333 -1.84 0.00321453
0.333333 -1.8 0.00421028
0.333333 -1.76 0.0061661
0.333333 -1.72 0.00564169
0.333333 -1.68 0.0036276
0.333333 -1.64 0.00403958
0.333333 -1.6 0.00453811
0.333333 -1.56 0.00607215
0.333333 -1.52 0.0049969
0.333333 -1.48 0.00480063
0.333333 -1.44 0.00449303
0.333333 -1.4 0.00590899
0.333333 -1.36 0.00572873
0.333333 -1.32 0.00466591
0.333333 -1.28 0.00461034
0.333333 -1.24 0.00532818
0.333333 -1.2 0.00701176
0.333333 -1.16 0.00532475
0.333333 -1.12 0.00413001
0.333333 -1.08 0.00537297
0.333333 -1.04 0.00628435
0.333333 -1 0.00477647
0.333333 -0.96 0.00582908
0.333333 -0.92 0.00576832
0.333333 -0.88 0.0058606
0.333333 -0.84 0.00626026
0.333333 -0.8 0.00677948
0.333333 -0.76 0.00888397
0.333333 -0.72 0.00732369
0.333333 -0.68 0.00710836
0.333333 -0.64 0.00755608
0.333333 -0.6 0.00817252
0.333333 -0.56 0.00878511
0.333333 -0.52 0.00759959
0.333333 -0.48 0.00790742
0.333333 -0.44 0.00830901
0.333333 -0.4 0.00791061
0.333333 -0.36 0.00804556
0.333333 -0.32 0.00775955
0.333333 -0.28 0.00826427
0.333333 -0.24 0.0077544
0.333333 -0.2 0.00765722
0.333333 -0.16 0.00752591
0.333333 -0.12 0.00619743
0.333333 -0.08 0.00442885
0.333333 -0.04 0.00292286
0.333333 0 0.0019624
0.333333 0.04 0.00151371
0.333333 0.08 0.00197057
0.333333 0.12 0.00286204
0.333333 0.16 0.0031782
0.333333 0.2 0.00275311
0.333333 0.24 0.0022739
0.333333 0.28 0.0021534
0.333333 0.32 0.00209422
0.333333 0.36 0.00307526
0.333333 0.4 0.00536849
0.333333 0.44 0.00659529
0.333333 0.48 0.00772221
0.333333 0.52 0.00930865
0.333333 0.56 0.01137
0.333333 0.6 0.0143472
0.333333 0.64 0.0166615
0.333333 0.68 0.0181551
0.333333 0.72 0.0238342
0.333333 0.76 0.0298549
0.333333 0.8 0.0368655
0.333333 0.84 0.0373278
0.333333 0.88 0.0402472
0.333333 0.92 0.0502788
0.333333 0.96 0.0508506
0.333333 1 0.0439803
0.333333 1.04 0.0403745
0.333333 1.08 0.03328
0.333333 1.12 0.0257254
0.333333 1.16 0.0183381
0.333333 1.2 0.0134292
0.333333 1.24 0.0104183
0.333333 1.28 0.00914445
0.333333 1.32 0.00906769
0.333333 1.36 0.00561245
0.333333 1.4 0.003687
0.333333 1.44 0.00362973
0.333333 1.48 0.00369462
0.333333 1.52 0.00297337
0.333333 1.56 0.00273666
0.333333 1.6 0.00194806
0.333333 1.64 0.00190957
0.333333 1.68 0.00163305
0.333333 1.72 0.00164787
0.333333 1.76 0.00160357
0.333333 1.8 0.00153266
0.333333 1.84 0.00146376
0.333333 1.88 0.00119501
0.333333 1.92 0.00104905
0.333333 1.96 0.00106392
0.333333 2 0.00104098
0.333333 2.04 0.00086585
0.333333 2.08 0.000742862
0.333333 2.12 0.000739872
0.333333 2.16 0.000773519
0.333333 2.2 0.000775319
0.333333 2.24 0.000577106
0.333333 2.28 0.00049398
0.333333 2.32 0.000576715
0.333333 2.36 0.000505043
0.333333 2.4 0.00052601
0.333333 2.44 0.000521767
0.333333 2.48 0.000546382
0.333333 2.52 0.000437227
0.333333 2.56 0.000411736
0.333333 2.6 0.000351164
0.333333 2.64 0.000361684
0.333333 2.68 0.000457203
0.333333 2.72 0.000593283
0.333333 2.76 0.000530075
0.333333 2.8 0.000466047
0.333333 2.84 0.0004025
0.333333 2.88 0.000335629
0.333333 2.92 0.00032298
0.333333 2.96 0.000434081
0.333333 3 0.000379879
0.333333 3.04 0.000329842
0.333333 3.08 0.000271706
0.333333 3.12 0.000196392
0.333333 3.16 0.000229731
0.333333 3.2 0.000223673
0.333333 3.24 0.000359554
0.333333 3.28 0.000417555
0.333333 3.32 0.000308333
0.333333 3.36 0.000286328
0.333333 3.4 0.00024406
0.333333 3.44 0.000201302
0.333333 3.48 0.000160653
0.333333 3.52 0.00030635
0.333333 3.56 0.000309669
0.333333 3.6 0.00031078
0.333333 3.64 0.000299827
0.333333 3.68 0.000224367
0.333333 3.72 0.000232194
0.333333 3.76 0.000178932
0.333333 3.8 0.000290669
0.333333 3.84 0.000273595
0.333333 3.88 0.000333062
0.333333 3.92 0.00031125
0.333333 3.96 0.000296451
0.333333 4 0.000250374
0.35 -4 0.00476168
0.35 -3.96 0.00420291
0.35 -3.92 0.00349115
0.35 -3.88 0.00400909
0.35 -3.84 0.00425094
0.35 -3.8 0.0035411
0.35 -3.76 0.00497203
0.35 -3.72 0.00405436
0.35 -3.68 0.00372824
0.35 -3.64 0.00302359
0.35 -3.6 0.00275607
0.35 -3.56 0.00534848
0.35 -3.52 0.00536627
0.35 -3.48 0.00696346
0.35 -3.44 0.00507708
0.35 -3.4 0.00632958
0.35 -3.36 0.00483811
0.35 -3.32 0.00586909
0.35 -3.28 0.0069669
0.35 -3.24 0.00655889
0.35 -3.2 0.00480266
0.35 -3.16 0.00325704
0.35 -3.12 0.0031121
0.35 -3.08 0.00346007
0.35 -3.04 0.00377309
0.35 -3 0.00356413
0.35 -2.96 0.00282516
0.35 -2.92 0.00217453
0.35 -2.88 0.00280159
0.35 -2.84 0.00389409
0.35 -2.8 0.00446882
0.35 -2.76 0.00269993
0.35 -2.72 0.0023873
0.35 -2.68 0.00327294
0.35 -2.64 0.00522705
0.35 -2.6 0.00484262
0.35 -2.56 0.00369915
0.35 -2.52 0.00256768
0.35 -2.48 0.00275883
0.35 -2.44 0.0024554
0.35 -2.4 0.00492897
0.35 -2.36 0.00398084
0.35 -2.32 0.00407681
0.35 -2.28 0.0032407
0.35 -2.24 0.00279405
0.35 -2.2 0.00466753
0.35 -2.16 0.0050955
0.35 -2.12 0.00373492
0.35 -2.08 0.00387973
0.35 -2.04 0.00312303
0.35 -2 0.00452836
0.35 -1.96 0.00565023
0.35 -1.92 0.00506565
0.35 -1.88 0.00461449
0.35 -1.84 0.00400015
0.35 -1.8 0.00530847
0.35 -1.76 0.00669615
0.35 -1.72 0.00563203
0.35 -1.68 0.0042108
0.35 -1.64 0.00356641
0.35 -1.6 0.00584632
0.35 -1.56 0.00478946
0.35 -1.52 0.00501822
0.35 -1.48 0.00405672
0.35 -1.44 0.00416684
0.35 -1.4 0.00508698
0.35 -1.36 0.00569147
0.35 -1.32 0.00522038
0.35 -1.28 0.00466967
0.35 -1.24 0.00571801
0.35 -1.2 0.00678604
0.35 -1.16 0.0060496
0.35 -1.12 0.00624377
0.35 -1.08 0.00619606
0.35 -1.04 0.00594164
0.35 -1 0.00402814
0.35 -0.96 0.00484587
0.35 -0.92 0.00617744
0.35 -0.88 0.00666472
0.35 -0.84 0.0086635
0.35 -0.8 0.00690092
0.35 -0.76 0.00837997
0.35 -0.72 0.00753404
0.35 -0.68 0.00775096
0.35 -0.64 0.00841439
0.35 -0.6 0.00804784
0.35 -0.56 0.00669831
0.35 -0.52 0.00667031
0.35 -0.48 0.00741626
0.35 -0.44 0.00791528
0.35 -0.4 0.0084385
0.35 -0.36 0.00862923
0.35 -0.32 0.00849331
0.35 -0.28 0.00836466
0.35 -0.24 0.0079105
0.35 -0.2 0.00762495
0.35 -0.16 0.00710156
0.35 -0.12 0.00529903
0.35 -0.08 0.00339923
0.35 -0.04 0.00242769
0.35 0 0.00259158
0.35 0.04 0.00315133
0.35 0.08 0.00340791
0.35 0.12 0.00303852
0.35 0.16 0.00221357
0.35 0.2 0.00154479
0.35 0.24 0.00172367
0.35 0.28 0.00265547
0.35 0.32 0.00288106
0.35 0.36 0.00437321
0.35 0.4 0.00545621
0.35 0.44 0.00533753
0.35 0.48 0.00663612
0.35 0.52 0.0101785
0.35 0.56 0.0143321
0.35 0.6 0.0177375
0.35 0.64 0.0203901
0.35 0.68 0.0235928
0.35 0.72 0.0299539
0.35 0.76 0.0359146
0.35 0.8 0.0458563
0.35 0.84 0.0428532
0.35 0.88 0.0457949
0.35 0.92 0.0542439
0.35 0.96 0.0493126
0.35 1 0.0404003
0.35 1.04 0.033065
0.35 1.08 0.0259329
0.35 1.12 0.0198849
0.35 1.16 0.0155901
0.35 1.2 0.0104272
0.35 1.24 0.00875055
0.35 1.28 0.00891038
0.35 1.32 0.00888565
0.35 1.36 0.00411954
0.35 1.4 0.00286921
0.35 1.44 0.00346692
0.35 1.48 0.00332095
0.35 1.52 0.00291642
0.35 1.56 0.00265365
0.35 1.6 0.00188326
0.35 1.64 0.00182671
0.35 1.68 0.0016988
0.35 1.72 0.00162056
0.35 1.76 0.00149047
0.35 1.8 0.00157429
0.35 1.84 0.00135628
0.35 1.88 0.00111972
0.35 1.92 0.00101354
0.35 1.96 0.00099151
0.35 2 0.000929954
0.35 2.04 0.000924122
0.35 2.08 0.00063934
0.35 2.12 0.000786379
0.35 2.16 0.000701197
0.35 2.2 0.000698582
0.35 2.24 0.000626158
0.35 2.28 0.000470711
0.35 2.32 0.000538052
0.35 2.36 0.000399045
0.35 2.4 0.000490719
0.35 2.44 0.000542146
0.35 2.48 0.000485497
0.35 2.52 0.000425769
0.35 2.56 0.000392305
0.35 2.6 0.00032109
0.35 2.64 0.00040367
0.35 2.68 0.000414084
0.35 2.72 0.000591479
0.35 2.76 0.000551036
0.35 2.8 0.000507236
0.35 2.84 0.000402926
0.35 2.88 0.000392089
0.35 2.92 0.000341473
0.35 2.96 0.000452992
0.35 3 0.000453669
0.35 3.04 0.000326919
0.35 3.08 0.000250205
0.35 3.12 0.000244145
0.35 3.16 0.000257947
0.35 3.2 0.000274476
0.35 3.24 0.000306164
0.35 3.28 0.000360877
0.35 3.32 0.000301389
0.35 3.36 0.000239703
0.35 3.4 0.000242244
0.35 3.44 0.000211397
0.35 3.48 0.000230368
0.35 3.52 0.000295654
0.35 3.56 0.000327371
0.35 3.6 0.000346521
0.35 3.64 0.000298143
0.35 3.68 0.000248945
0.35 3.72 0.000229264
0.35 3.76 0.000200712
0.35 3.8 0.000264899
0.35 3.84 0.000288312
0.35 3.88 0.000350984
0.35 3.92 0.000318137
0.35 3.96 0.000268179
0.35 4 0.000262508
0.366667 -4 0.00450511
0.366667 -3.96 0.00447661
0.366667 -3.92 0.00369727
0.366667 -3.88 0.00371623
0.366667 -3.84 0.00440351
0.366667 -3.8 0.00363576
0.366667 -3.76 0.00552258
0.366667 -3.72 0.00433728
0.366667 -3.68 0.00355362
0.366667 -3.64 0.00342096
0.366667 -3.6 0.00324661
0.366667 -3.56 0.00575941
0.366667 -3.52 0.00618941
0.366667 -3.48 0.00655152
0.366667 -3.44 0.00546086
0.366667 -3.4 0.00617536
0.366667 -3.36 0.00428914
0.366667 -3.32 0.00549001
0.366667 -3.28 0.00585937
0.366667 -3.24 0.00525253
0.366667 -3.2 0.00323711
0.366667 -3.16 0.0022753
0.366667 -3.12 0.00346582
0.366667 -3.08 0.00338097
0.366667 -3.04 0.00442114
0.366667 -3 0.00346468
0.366667 -2.96 0.00260553
0.366667 -2.92 0.00274103
0.366667 -2.88 0.00385808
0.366667 -2.84 0.00393289
0.366667 -2.8 0.00480864
0.366667 -2.76 0.00286519
0.366667 -2.72 0.00281621
0.366667 -2.68 0.00343209
0.366667 -2.64 0.00486312
0.366667 -2.6 0.00463445
0.366667 -2.56 0.00385534
0.366667 -2.52 0.00259024
0.366667 -2.48 0.00180692
0.366667 -2.44 0.00378535
0.366667 -2.4 0.0048269
0.366667 -2.36 0.00421359
0.366667 -2.32 0.00338389
0.366667 -2.28 0.00251019
0.366667 -2.24 0.00275833
0.366667 -2.2 0.00475601
0.366667 -2.16 0.00456807
0.366667 -2.12 0.00401305
0.366667 -2.08 0.00237888
0.366667 -2.04 0.0035506
0.366667 -2 0.00355184
0.366667 -1.96 0.00532478
0.366667 -1.92 0.00541118
0.366667 -1.88 0.00483347
0.366667 -1.84 0.00438945
0.366667 -1.8 0.00553458
0.366667 -1.76 0.00560892
0.366667 -1.72 0.0047704
0.366667 -1.68 0.00445232
0.366667 -1.64 0.00357397
0.366667 -1.6 0.00584803
0.366667 -1.56 0.00461332
0.366667 -1.52 0.00465695
0.366667 -1.48 0.00390375
0.366667 -1.44 0.00434572
0.366667 -1.4 0.00454617
0.366667 -1.36 0.00585477
0.366667 -1.32 0.00474226
0.366667 -1.28 0.00424357
0.366667 -1.24 0.00588146
0.366667 -1.2 0.00667086
0.366667 -1.16 0.00613332
0.366667 -1.12 0.0068077
0.366667 -1.08 0.00666841
0.366667 -1.04 0.00609986
0.366667 -1 0.00489203
0.366667 -0.96 0.00448642
0.366667 -0.92 0.00687839
0.366667 -0.88 0.00811391
0.366667 -0.84 0.00835667
0.366667 -0.8 0.00678088
0.366667 -0.76 0.0062966
0.366667 -0.72 0.00750991
0.366667 -0.68 0.0073697
0.366667 -0.64 0.00842073
0.366667 -0.6 0.00736635
0.366667 -0.56 0.00611637
0.366667 -0.52 0.00663269
0.366667 -0.48 0.00793956
0.366667 -0.44 0.00879319
0.366667 -0.4 0.00918727
0.366667 -0.36 0.00895871
0.366667 -0.32 0.00832232
0.366667 -0.28 0.00758419
0.366667 -0.24 0.00719338
0.366667 -0.2 0.0066754
0.366667 -0.16 0.00629746
0.366667 -0.12 0.00533638
0.366667 -0.08 0.00450913
0.366667 -0.04 0.00398202
0.366667 0 0.00360272
0.366667 0.04 0.00326792
0.366667 0.08 0.00244274
0.366667 0.12 0.00148296
0.366667 0.16 0.00134983
0.366667 0.2 0.00200233
0.366667 0.24 0.00289587
0.366667 0.28 0.00379351
0.366667 0.32 0.00362316
0.366667 0.36 0.0045784
0.366667 0.4 0.0047848
0.366667 0.44 0.00443366
0.366667 0.48 0.00732658
0.366667 0.52 0.0119031
0.366667 0.56 0.0170926
0.366667 0.6 0.0192401
0.366667 0.64 0.024767
0.366667 0.68 0.0332176
0.366667 0.72 0.0368204
0.366667 0.76 0.0429402
0.366667 0.8 0.054022
0.366667 0.84 0.0493124
0.366667 0.88 0.0527029
0.366667 0.92 0.055028
0.366667 0.96 0.0451529
0.366667 1 0.0352475
0.366667 1.04 0.0258429
0.366667 1.08 0.020829
0.366667 1.12 0.015472
0.366667 1.16 0.0128372
0.366667 1.2 0.0082325
0.366667 1.24 0.0066917
0.366667 1.28 0.00786412
0.366667 1.32 0.00829987
0.366667 1.36 0.00365744
0.366667 1.4 0.00195018
0.366667 1.44 0.0032978
0.366667 1.48 0.00314212
0.366667 1.52 0.00256319
0.366667 1.56 0.00251743
0.366667 1.6 0.00212381
0.366667 1.64 0.00171205
0.366667 1.68 0.00176042
0.366667 1.72 0.00157861
0.366667 1.76 0.00145236
0.366667 1.8 0.00138974
0.366667 1.84 0.00106287
0.366667 1.88 0.00100286
0.366667 1.92 0.00100183
0.366667 1.96 0.000997393
0.366667 2 0.000830325
0.366667 2.04 0.000913263
0.366667 2.08 0.000603024
0.366667 2.12 0.000687077
0.366667 2.16 0.000609427
0.366667 2.2 0.000661063
0.366667 2.24 0.000711711
0.366667 2.28 0.000494397
0.366667 2.32 0.000501893
0.366667 2.36 0.000395038
0.366667 2.4 0.000453037
0.366667 2.44 0.000503721
0.366667 2.48 0.000462488
0.366667 2.52 0.000433302
0.366667 2.56 0.000372695
0.366667 2.6 0.000347569
0.366667 2.64 0.000420195
0.366667 2.68 0.000431903
0.366667 2.72 0.000530569
0.366667 2.76 0.000528813
0.366667 2.8 0.000486252
0.366667 2.84 0.000362392
0.366667 2.88 0.000392462
0.366667 2.92 0.000362526
0.366667 2.96 0.00045707
0.366667 3 0.000504419
0.366667 3.04 0.000331475
0.366667 3.08 0.000246695
0.366667 3.12 0.000265535
0.366667 3.16 0.000271787
0.366667 3.2 0.000289107
0.366667 3.24 0.000290678
0.366667 3.28 0.00030309
0.366667 3.32 0.000296162
0.366667 3.36 0.000231806
0.366667 3.4 0.0002343
0.366667 3.44 0.000223888
0.366667 3.48 0.000289572
0.366667 3.52 0.000314072
0.366667 3.56 0.000390307
0.366667 3.6 0.000370219
0.366667 3.64 0.000279243
0.366667 3.68 0.000257379
0.366667 3.72 0.000227332
0.366667 3.76 0.000224004
0.366667 3.8 0.000244017
0.366667 3.84 0.000325177
0.366667 3.88 0.000324802
0.366667 3.92 0.000319588
0.366667 3.96 0.000252788
0.366667 4 0.000279465
0.383333 -4 0.00433899
0.383333 -3.96 0.00476916
0.383333 -3.92 0.0042747
0.383333 -3.88 0.00381622
0.383333 -3.84 0.00444016
0.383333 -3.8 0.00418821
0.383333 -3.76 0.00568405
0.383333 -3.72 0.00456191
0.383333 -3.68 0.0038296
0.383333 -3.64 0.0039157
0.383333 -3.6 0.0041314
0.383333 -3.56 0.0055856
0.383333 -3.52 0.00748422
0.383333 -3.48 0.00670518
0.383333 -3.44 0.00539721
0.383333 -3.4 0.00553267
0.383333 -3.36 0.00468001
0.383333 -3.32 0.00495078
0.383333 -3.28 0.00527167
0.383333 -3.24 0.00479118
0.383333 -3.2 0.00255495
0.383333 -3.16 0.00200518
0.383333 -3.12 0.00326125
0.383333 -3.08 0.00356478
0.383333 -3.04 0.00464189
0.383333 -3 0.00267975
0.383333 -2.96 0.00258405
0.383333 -2.92 0.00282922
0.383333 -2.88 0.00455786
0.383333 -2.84 0.00389559
0.383333 -2.8 0.00478965
0.383333 -2.76 0.002481
0.383333 -2.72 0.00277832
0.383333 -2.68 0.00278515
0.383333 -2.64 0.00380412
0.383333 -2.6 0.0041898
0.383333 -2.56 0.00349583
0.383333 -2.52 0.00234381
0.383333 -2.48 0.00125366
0.383333 -2.44 0.00338087
0.383333 -2.4 0.00466398
0.383333 -2.36 0.0046453
0.383333 -2.32 0.00237322
0.383333 -2.28 0.0022109
0.383333 -2.24 0.00357895
0.383333 -2.2 0.00460435
0.383333 -2.16 0.00509327
0.383333 -2.12 0.00444559
0.383333 -2.08 0.00195148
0.383333 -2.04 0.00400944
0.383333 -2 0.00346744
0.383333 -1.96 0.00506702
0.383333 -1.92 0.00425656
0.383333 -1.88 0.00425424
0.383333 -1.84 0.00395843
0.383333 -1.8 0.00474938
0.383333 -1.76 0.0050056
0.383333 -1.72 0.00462232
0.383333 -1.68 0.00422677
0.383333 -1.64 0.00459117
0.383333 -1.6 0.00443855
0.383333 -1.56 0.00577529
0.383333 -1.52 0.0045056
0.383333 -1.48 0.00417912
0.383333 -1.44 0.00429151
0.383333 -1.4 0.00534193
0.383333 -1.36 0.00618418
0.383333 -1.32 0.00407159
0.383333 -1.28 0.00438401
0.383333 -1.24 0.00573297
0.383333 -1.2 0.00659596
0.383333 -1.16 0.00489247
0.383333 -1.12 0.00534468
0.383333 -1.08 0.00627457
0.383333 -1.04 0.00653606
0.383333 -1 0.00616185
0.383333 -0.96 0.0060956
0.383333 -0.92 0.00759009
0.383333 -0.88 0.00831421
0.383333 -0.84 0.00508107
0.383333 -0.8 0.00672802
0.383333 -0.76 0.00539344
0.383333 -0.72 0.00724317
0.383333 -0.68 0.00688836
0.383333 -0.64 0.00750411
0.383333 -0.6 0.00693865
0.383333 -0.56 0.00761644
0.383333 -0.52 0.00714051
0.383333 -0.48 0.00883557
0.383333 -0.44 0.00947388
0.383333 -0.4 0.00866708
0.383333 -0.36 0.00865055
0.383333 -0.32 0.00790047
0.383333 -0.28 0.00682991
0.383333 -0.24 0.00656253
0.383333 -0.2 0.00616773
0.383333 -0.16 0.00658775
0.383333 -0.12 0.00656444
0.383333 -0.08 0.00593616
0.383333 -0.04 0.00479473
0.383333 0 0.00325287
0.383333 0.04 0.00234168
0.383333 0.08 0.00177036
0.383333 0.12 0.00157649
0.383333 0.16 0.00256318
0.383333 0.2 0.00341148
0.383333 0.24 0.00360118
0.383333 0.28 0.00364322
0.383333 0.32 0.00344984
0.383333 0.36 0.00403912
0.383333 0.4 0.00482404
0.383333 0.44 0.00633319
0.383333 0.48 0.00966421
0.383333 0.52 0.0130128
0.383333 0.56 0.0185477
0.383333 0.6 0.0213164
0.383333 0.64 0.0321769
0.383333 0.68 0.0436843
0.383333 0.72 0.0436181
0.383333 0.76 0.050594
0.383333 0.8 0.0592702
0.383333 0.84 0.0550381
0.383333 0.88 0.0552903
0.383333 0.92 0.0506753
0.383333 0.96 0.0383853
0.383333 1 0.0289005
0.383333 1.04 0.0205581
0.383333 1.08 0.0171621
0.383333 1.12 0.0136125
0.383333 1.16 0.0114836
0.383333 1.2 0.00724355
0.383333 1.24 0.00472537
0.383333 1.28 0.00615724
0.383333 1.32 0.00737883
0.383333 1.36 0.00358567
0.383333 1.4 0.00170215
0.383333 1.44 0.00309941
0.383333 1.48 0.00286556
0.383333 1.52 0.00211158
0.383333 1.56 0.00228798
0.383333 1.6 0.00220438
0.383333 1.64 0.00157906
0.383333 1.68 0.00163393
0.383333 1.72 0.00147381
0.383333 1.76 0.0014153
0.383333 1.8 0.00109955
0.383333 1.84 0.000809034
0.383333 1.88 0.000907186
0.383333 1.92 0.000966931
0.383333 1.96 0.00102151
0.383333 2 0.00082215
0.383333 2.04 0.000832962
0.383333 2.08 0.000682736
0.383333 2.12 0.000575631
0.383333 2.16 0.000608551
0.383333 2.2 0.000701393
0.383333 2.24 0.000690859
0.383333 2.28 0.000529203
0.383333 2.32 0.000481542
0.383333 2.36 0.000490266
0.383333 2.4 0.00047055
0.383333 2.44 0.000454845
0.383333 2.48 0.000486795
0.383333 2.52 0.000419328
0.383333 2.56 0.000434444
0.383333 2.6 0.000414797
0.383333 2.64 0.000392124
0.383333 2.68 0.000482614
0.383333 2.72 0.000476215
0.383333 2.76 0.00047298
0.383333 2.8 0.000407346
0.383333 2.84 0.000328094
0.383333 2.88 0.000333856
0.383333 2.92 0.000376097
0.383333 2.96 0.000463368
0.383333 3 0.000501252
0.383333 3.04 0.000349862
0.383333 3.08 0.0002714
0.383333 3.12 0.000233612
0.383333 3.16 0.000254254
0.383333 3.2 0.00024946
0.383333 3.24 0.000284524
0.383333 3.28 0.000287706
0.383333 3.32 0.000284813
0.383333 3.36 0.000250149
0.383333 3.4 0.000224751
0.383333 3.44 0.000217714
0.383333 3.48 0.000256666
0.383333 3.52 0.000340384
0.383333 3.56 0.00043799
0.383333 3.6 0.000363869
0.383333 3.64 0.0002955
0.383333 3.68 0.000246646
0.383333 3.72 0.00021601
0.383333 3.76 0.00023893
0.383333 3.8 0.000245687
0.383333 3.84 0.000315089
0.383333 3.88 0.000280502
0.383333 3.92 0.000308944
0.383333 3.96 0.000256083
0.383333 4 0.000297368
0.4 -4 0.00470601
0.4 -3.96 0.0048863
0.4 -3.92 0.00451345
0.4 -3.88 0.00421041
0.4 -3.84 0.00437654
0.4 -3.8 0.00445273
0.4 -3.76 0.00516574
0.4 -3.72 0.00446391
0.4 -3.68 0.0040481
0.4 -3.64 0.00400544
0.4 -3.6 0.00423072
0.4 -3.56 0.00547403
0.4 -3.52 0.00837181
0.4 -3.48 0.00809055
0.4 -3.44 0.00541221
0.4 -3.4 0.00503314
0.4 -3.36 0.00529728
0.4 -3.32 0.00438157
0.4 -3.28 0.00564998
0.4 -3.24 0.00531026
0.4 -3.2 0.00316888
0.4 -3.16 0.00244109
0.4 -3.12 0.00279552
0.4 -3.08 0.00371925
0.4 -3.04 0.00433749
0.4 -3 0.00213895
0.4 -2.96 0.00269551
0.4 -2.92 0.00231665
0.4 -2.88 0.00374165
0.4 -2.84 0.00382943
0.4 -2.8 0.00421622
0.4 -2.76 0.00210509
0.4 -2.72 0.00213545
0.4 -2.68 0.00190669
0.4 -2.64 0.00301528
0.4 -2.6 0.00383236
0.4 -2.56 0.0031459
0.4 -2.52 0.00238694
0.4 -2.48 0.00176683
0.4 -2.44 0.00214121
0.4 -2.4 0.00460705
0.4 -2.36 0.00487531
0.4 -2.32 0.00254979
0.4 -2.28 0.00273206
0.4 -2.24 0.00398533
0.4 -2.2 0.00447791
0.4 -2.16 0.00576633
0.4 -2.12 0.00476839
0.4 -2.08 0.00265885
0.4 -2.04 0.00351911
0.4 -2 0.00426346
0.4 -1.96 0.00510412
0.4 -1.92 0.00313419
0.4 -1.88 0.00376042
0.4 -1.84 0.00347402
0.4 -1.8 0.00400874
0.4 -1.76 0.00582024
0.4 -1.72 0.00615448
0.4 -1.68 0.00457412
0.4 -1.64 0.0056467
0.4 -1.6 0.00423707
0.4 -1.56 0.00693751
0.4 -1.52 0.00512974
0.4 -1.48 0.00425597
0.4 -1.44 0.00391982
0.4 -1.4 0.00656745
0.4 -1.36 0.00623825
0.4 -1.32 0.00441219
0.4 -1.28 0.00476203
0.4 -1.24 0.00570266
0.4 -1.2 0.00631253
0.4 -1.16 0.00381074
0.4 -1.12 0.00430805
0.4 -1.08 0.00582084
0.4 -1.04 0.0064584
0.4 -1 0.00611671
0.4 -0.96 0.00746969
0.4 -0.92 0.0081221
0.4 -0.88 0.00703524
0.4 -0.84 0.00267278
0.4 -0.8 0.00652565
0.4 -0.76 0.00718332
0.4 -0.72 0.0071746
0.4 -0.68 0.00750202
0.4 -0.64 0.0068433
0.4 -0.6 0.00716041
0.4 -0.56 0.00917707
0.4 -0.52 0.00744632
0.4 -0.48 0.00868126
0.4 -0.44 0.0086561
0.4 -0.4 0.00725969
0.4 -0.36 0.00840476
0.4 -0.32 0.00827815
0.4 -0.28 0.00714698
0.4 -0.24 0.00719349
0.4 -0.2 0.00685653
0.4 -0.16 0.00726086
0.4 -0.12 0.00676318
0.4 -0.08 0.0051039
0.4 -0.04 0.00343718
0.4 0 0.00249681
0.4 0.04 0.00217763
0.4 0.08 0.00273067
0.4 0.12 0.00361979
0.4 0.16 0.00381133
0.4 0.2 0.00325863
0.4 0.24 0.00282689
0.4 0.28 0.00298767
0.4 0.32 0.0037373
0.4 0.36 0.00471649
0.4 0.4 0.00616471
0.4 0.44 0.00967521
0.4 0.48 0.0117703
0.4 0.52 0.0142009
0.4 0.56 0.0211513
0.4 0.6 0.0280003
0.4 0.64 0.041007
0.4 0.68 0.0514902
0.4 0.72 0.0509901
0.4 0.76 0.0587648
0.4 0.8 0.0617675
0.4 0.84 0.0567208
0.4 0.88 0.0498074
0.4 0.92 0.0410767
0.4 0.96 0.0303758
0.4 1 0.0225067
0.4 1.04 0.0175861
0.4 1.08 0.0138423
0.4 1.12 0.0124425
0.4 1.16 0.0114143
0.4 1.2 0.00659867
0.4 1.24 0.00345488
0.4 1.28 0.00518494
0.4 1.32 0.00633403
0.4 1.36 0.00311998
0.4 1.4 0.00197849
0.4 1.44 0.00289139
0.4 1.48 0.00235548
0.4 1.52 0.00189889
0.4 1.56 0.00201222
0.4 1.6 0.00185027
0.4 1.64 0.00150264
0.4 1.68 0.00137715
0.4 1.72 0.00135547
0.4 1.76 0.0013254
0.4 1.8 0.000966015
0.4 1.84 0.000803121
0.4 1.88 0.000876776
0.4 1.92 0.000887103
0.4 1.96 0.000967435
0.4 2 0.000891637
0.4 2.04 0.000733636
0.4 2.08 0.000722869
0.4 2.12 0.000572304
0.4 2.16 0.000666325
0.4 2.2 0.000704661
0.4 2.24 0.000563596
0.4 2.28 0.000549554
0.4 2.32 0.000491953
0.4 2.36 0.000575605
0.4 2.4 0.000547026
0.4 2.44 0.00047476
0.4 2.48 0.000509745
0.4 2.52 0.000411052
0.4 2.56 0.000528577
0.4 2.6 0.000444962
0.4 2.64 0.000346839
0.4 2.68 0.000470915
0.4 2.72 0.000450571
0.4 2.76 0.000403405
0.4 2.8 0.000326642
0.4 2.84 0.000308808
0.4 2.88 0.000288344
0.4 2.92 0.000392649
0.4 2.96 0.000469082
0.4 3 0.000472027
0.4 3.04 0.000374469
0.4 3.08 0.000321616
0.4 3.12 0.00020597
0.4 3.16 0.000227281
0.4 3.2 0.000224409
0.4 3.24 0.000249608
0.4 3.28 0.000286912
0.4 3.32 0.000279722
0.4 3.36 0.000252791
0.4 3.4 0.000207441
0.4 3.44 0.000200341
0.4 3.48 0.000192893
0.4 3.52 0.000330041
0.4 3.56 0.000423599
0.4 3.6 0.000362369
0.4 3.64 0.000335307
0.4 3.68 0.00023618
0.4 3.72 0.000201553
0.4 3.76 0.000239721
0.4 3.8 0.000260046
0.4 3.84 0.00027167
0.4 3.88 0.000286009
0.4 3.92 0.000282343
0.4 3.96 0.000272028
0.4 4 0.000288339
0.416667 -4 0.00507591
0.416667 -3.96 0.00477706
0.416667 -3.92 0.00411442
0.416667 -3.88 0.00434231
0.416667 -3.84 0.00439634
0.416667 -3.8 0.00415458
0.416667 -3.76 0.00470179
0.416667 -3.72 0.00437654
0.416667 -3.68 0.00387948
0.416667 -3.64 0.00411232
0.416667 -3.6 0.00392319
0.416667 -3.56 0.00614
0.416667 -3.52 0.00854879
0.416667 -3.48 0.00867752
0.416667 -3.44 0.00568789
0.416667 -3.4 0.00483201
0.416667 -3.36 0.00501608
0.416667 -3.32 0.00409759
0.416667 -3.28 0.00601318
0.416667 -3.24 0.00531688
0.416667 -3.2 0.00365304
0.416667 -3.16 0.00286762
0.416667 -3.12 0.00235133
0.416667 -3.08 0.00366294
0.416667 -3.04 0.00393596
0.416667 -3 0.00266556
0.416667 -2.96 0.00288366
0.416667 -2.92 0.00180847
0.416667 -2.88 0.00234123
0.416667 -2.84 0.00361114
0.416667 -2.8 0.00361639
0.416667 -2.76 0.00217675
0.416667 -2.72 0.0018832
0.416667 -2.68 0.002116
0.416667 -2.64 0.00330232
0.416667 -2.6 0.0039121
0.416667 -2.56 0.00336368
0.416667 -2.52 0.00275901
0.416667 -2.48 0.00301821
0.416667 -2.44 0.00277985
0.416667 -2.4 0.00456403
0.416667 -2.36 0.0049022
0.416667 -2.32 0.00357678
0.416667 -2.28 0.00336394
0.416667 -2.24 0.00341063
0.416667 -2.2 0.00429383
0.416667 -2.16 0.00522279
0.416667 -2.12 0.00506256
0.416667 -2.08 0.00334651
0.416667 -2.04 0.00265705
0.416667 -2 0.00463793
0.416667 -1.96 0.00546309
0.416667 -1.92 0.0037483
0.416667 -1.88 0.00363625
0.416667 -1.84 0.00354738
0.416667 -1.8 0.00388203
0.416667 -1.76 0.00656184
0.416667 -1.72 0.00745396
0.416667 -1.68 0.00576201
0.416667 -1.64 0.00540142
0.416667 -1.6 0.00593865
0.416667 -1.56 0.00699335
0.416667 -1.52 0.0055489
0.416667 -1.48 0.00387255
0.416667 -1.44 0.00413057
0.416667 -1.4 0.00674407
0.416667 -1.36 0.00626469
0.416667 -1.32 0.00542394
0.416667 -1.28 0.00463743
0.416667 -1.24 0.00611287
0.416667 -1.2 0.00594327
0.416667 -1.16 0.00428129
0.416667 -1.12 0.00468246
0.416667 -1.08 0.00579882
0.416667 -1.04 0.00586128
0.416667 -1 0.00536529
0.416667 -0.96 0.00669647
0.416667 -0.92 0.00801538
0.416667 -0.88 0.00604296
0.416667 -0.84 0.00411156
0.416667 -0.8 0.0059173
0.416667 -0.76 0.00923499
0.416667 -0.72 0.0071937
0.416667 -0.68 0.00880786
0.416667 -0.64 0.00681179
0.416667 -0.6 0.00732949
0.416667 -0.56 0.00846295
0.416667 -0.52 0.0079505
0.416667 -0.48 0.00809635
0.416667 -0.44 0.00783533
0.416667 -0.4 0.00706398
0.416667 -0.36 0.00860902
0.416667 -0.32 0.00865393
0.416667 -0.28 0.00750976
0.416667 -0.24 0.00778673
0.416667 -0.2 0.00711496
0.416667 -0.16 0.00671247
0.416667 -0.12 0.00577239
0.416667 -0.08 0.00418769
0.416667 -0.04 0.00311166
0.416667 0 0.00325903
0.416667 0.04 0.00390825
0.416667 0.08 0.00424853
0.416667 0.12 0.00387895
0.416667 0.16 0.00301803
0.416667 0.2 0.00243498
0.416667 0.24 0.00296406
0.416667 0.28 0.00391701
0.416667 0.32 0.00539188
0.416667 0.36 0.0068791
0.416667 0.4 0.00771549
0.416667 0.44 0.0115921
0.416667 0.48 0.0141062
0.416667 0.52 0.0189316
0.416667 0.56 0.0285637
0.416667 0.6 0.0386742
0.416667 0.64 0.047791
0.416667 0.68 0.0581192
0.416667 0.72 0.059485
0.416667 0.76 0.0655447
0.416667 0.8 0.0615453
0.416667 0.84 0.0524177
0.416667 0.88 0.0397172
0.416667 0.92 0.0299987
0.416667 0.96 0.0235321
0.416667 1 0.017979
0.416667 1.04 0.0159655
0.416667 1.08 0.01097
0.416667 1.12 0.0101365
0.416667 1.16 0.0108434
0.416667 1.2 0.00559922
0.416667 1.24 0.00269976
0.416667 1.28 0.0053151
0.416667 1.32 0.00525865
0.416667 1.36 0.002428
0.416667 1.4 0.00209897
0.416667 1.44 0.00274217
0.416667 1.48 0.00184429
0.416667 1.52 0.00188569
0.416667 1.56 0.00176663
0.416667 1.6 0.00140972
0.416667 1.64 0.00147398
0.416667 1.68 0.00121392
0.416667 1.72 0.00129255
0.416667 1.76 0.00120905
0.416667 1.8 0.0010443
0.416667 1.84 0.000959221
0.416667 1.88 0.000899838
0.416667 1.92 0.000821766
0.416667 1.96 0.000856366
0.416667 2 0.000937015
0.416667 2.04 0.000666276
0.416667 2.08 0.000603365
0.416667 2.12 0.000613559
0.416667 2.16 0.000682383
0.416667 2.2 0.000612275
0.416667 2.24 0.000469833
0.416667 2.28 0.000534334
0.416667 2.32 0.000497495
0.416667 2.36 0.00056115
0.416667 2.4 0.000597687
0.416667 2.44 0.000566031
0.416667 2.48 0.000517615
0.416667 2.52 0.000472443
0.416667 2.56 0.000531706
0.416667 2.6 0.000411081
0.416667 2.64 0.000319437
0.416667 2.68 0.000401988
0.416667 2.72 0.000428189
0.416667 2.76 0.000341502
0.416667 2.8 0.000283751
0.416667 2.84 0.000268622
0.416667 2.88 0.00028992
0.416667 2.92 0.000388544
0.416667 2.96 0.000450233
0.416667 3 0.000459929
0.416667 3.04 0.00038115
0.416667 3.08 0.000366085
0.416667 3.12 0.000228191
0.416667 3.16 0.000216202
0.416667 3.2 0.000247507
0.416667 3.24 0.000233425
0.416667 3.28 0.000280701
0.416667 3.32 0.000284323
0.416667 3.36 0.000233692
0.416667 3.4 0.000190073
0.416667 3.44 0.000197927
0.416667 3.48 0.000199576
0.416667 3.52 0.000289999
0.416667 3.56 0.000378681
0.416667 3.6 0.000388236
0.416667 3.64 0.000329023
0.416667 3.68 0.00023821
0.416667 3.72 0.00019842
0.416667 3.76 0.000223148
0.416667 3.8 0.000256905
0.416667 3.84 0.00025115
0.416667 3.88 0.00033353
0.416667 3.92 0.000251374
0.416667 3.96 0.00027711
0.416667 4 0.000248493
0.433333 -4 0.00490168
0.433333 -3.96 0.00459313
0.433333 -3.92 0.0037015
0.433333 -3.88 0.00409381
0.433333 -3.84 0.00449024
0.433333 -3.8 0.00390946
0.433333 -3.76 0.00486212
0.433333 -3.72 0.0043855
0.433333 -3.68 0.00365519
0.433333 -3.64 0.00477654
0.433333 -3.6 0.00463884
0.433333 -3.56 0.00744373
0.433333 -3.52 0.0086751
0.433333 -3.48 0.00780373
0.433333 -3.44 0.00601028
0.433333 -3.4 0.0049132
0.433333 -3.36 0.00398039
0.433333 -3.32 0.00416571
0.433333 -3.28 0.00555923
0.433333 -3.24 0.0043174
0.433333 -3.2 0.00322629
0.433333 -3.16 0.0027542
0.433333 -3.12 0.00211494
0.433333 -3.08 0.00373062
0.433333 -3.04 0.00372289
0.433333 -3 0.00347124
0.433333 -2.96 0.00273531
0.433333 -2.92 0.0015376
0.433333 -2.88 0.00210799
0.433333 -2.84 0.0034256
0.433333 -2.8 0.00352251
0.433333 -2.76 0.00269224
0.433333 -2.72 0.00226451
0.433333 -2.68 0.0030331
0.433333 -2.64 0.00417503
0.433333 -2.6 0.00444828
0.433333 -2.56 0.00405283
0.433333 -2.52 0.00279053
0.433333 -2.48 0.00376201
0.433333 -2.44 0.0045852
0.433333 -2.4 0.00459382
0.433333 -2.36 0.00478845
0.433333 -2.32 0.00379571
0.433333 -2.28 0.00319311
0.433333 -2.24 0.00271625
0.433333 -2.2 0.00389596
0.433333 -2.16 0.00408015
0.433333 -2.12 0.00513548
0.433333 -2.08 0.00355436
0.433333 -2.04 0.00280221
0.433333 -2 0.00411536
0.433333 -1.96 0.00578325
0.433333 -1.92 0.00483166
0.433333 -1.88 0.00339619
0.433333 -1.84 0.00360807
0.433333 -1.8 0.00396295
0.433333 -1.76 0.00603543
0.433333 -1.72 0.0061694
0.433333 -1.68 0.00623628
0.433333 -1.64 0.00409562
0.433333 -1.6 0.00684516
0.433333 -1.56 0.00606439
0.433333 -1.52 0.00462326
0.433333 -1.48 0.00355478
0.433333 -1.44 0.00538334
0.433333 -1.4 0.00621073
0.433333 -1.36 0.00685677
0.433333 -1.32 0.00586446
0.433333 -1.28 0.00443492
0.433333 -1.24 0.00656615
0.433333 -1.2 0.00601997
0.433333 -1.16 0.00553483
0.433333 -1.12 0.00478966
0.433333 -1.08 0.00573193
0.433333 -1.04 0.00582338
0.433333 -1 0.00567153
0.433333 -0.96 0.0055014
0.433333 -0.92 0.00721685
0.433333 -0.88 0.00641827
0.433333 -0.84 0.00708171
0.433333 -0.8 0.00506339
0.433333 -0.76 0.00852325
0.433333 -0.72 0.00710295
0.433333 -0.68 0.00917869
0.433333 -0.64 0.00707229
0.433333 -0.6 0.00708077
0.433333 -0.56 0.00615373
0.433333 -0.52 0.00892993
0.433333 -0.48 0.00863234
0.433333 -0.44 0.00856493
0.433333 -0.4 0.00821202
0.433333 -0.36 0.008606
0.433333 -0.32 0.00794111
0.433333 -0.28 0.00688055
0.433333 -0.24 0.00696644
0.433333 -0.2 0.00617767
0.433333 -0.16 0.00576095
0.433333 -0.12 0.00590688
0.433333 -0.08 0.00579305
0.433333 -0.04 0.00523199
0.433333 0 0.0045331
0.433333 0.04 0.00391923
0.433333 0.08 0.00295291
0.433333 0.12 0.00209031
0.433333 0.16 0.00236611
0.433333 0.2 0.00360037
0.433333 0.24 0.00505386
0.433333 0.28 0.00583004
0.433333 0.32 0.00712497
0.433333 0.36 0.00907028
0.433333 0.4 0.00927402
0.433333 0.44 0.0132852
0.433333 0.48 0.0196036
0.433333 0.52 0.0284747
0.433333 0.56 0.0402472
0.433333 0.6 0.0487704
0.433333 0.64 0.0532634
0.433333 0.68 0.0663728
0.433333 0.72 0.0665875
0.433333 0.76 0.0666745
0.433333 0.8 0.0566393
0.433333 0.84 0.043755
0.433333 0.88 0.0313455
0.433333 0.92 0.0220094
0.433333 0.96 0.0185149
0.433333 1 0.0158114
0.433333 1.04 0.0144892
0.433333 1.08 0.00895334
0.433333 1.12 0.00760408
0.433333 1.16 0.00889703
0.433333 1.2 0.004669
0.433333 1.24 0.00213054
0.433333 1.28 0.00539636
0.433333 1.32 0.00417354
0.433333 1.36 0.00194383
0.433333 1.4 0.00193673
0.433333 1.44 0.0026937
0.433333 1.48 0.0016134
0.433333 1.52 0.00179595
0.433333 1.56 0.00164355
0.433333 1.6 0.00135752
0.433333 1.64 0.00141434
0.433333 1.68 0.00124457
0.433333 1.72 0.00127646
0.433333 1.76 0.00113601
0.433333 1.8 0.00114174
0.433333 1.84 0.00102635
0.433333 1.88 0.000917986
0.433333 1.92 0.000833926
0.433333 1.96 0.000835599
0.433333 2 0.000894051
0.433333 2.04 0.000647358
0.433333 2.08 0.000470035
0.433333 2.12 0.000588824
0.433333 2.16 0.000642937
0.433333 2.2 0.000539083
0.433333 2.24 0.000508909
0.433333 2.28 0.00048108
0.433333 2.32 0.000451288
0.433333 2.36 0.000466773
0.433333 2.4 0.000547319
0.433333 2.44 0.000633109
0.433333 2.48 0.000535288
0.433333 2.52 0.000569168
0.433333 2.56 0.000450311
0.433333 2.6 0.000373081
0.433333 2.64 0.000320383
0.433333 2.68 0.000383691
0.433333 2.72 0.000404828
0.433333 2.76 0.00031663
0.433333 2.8 0.000263735
0.433333 2.84 0.000215057
0.433333 2.88 0.00028754
0.433333 2.92 0.000314759
0.433333 2.96 0.000400005
0.433333 3 0.000453984
0.433333 3.04 0.000348452
0.433333 3.08 0.000365854
0.433333 3.12 0.000271647
0.433333 3.16 0.000216337
0.433333 3.2 0.000263946
0.433333 3.24 0.000295027
0.433333 3.28 0.000302958
0.433333 3.32 0.000291585
0.433333 3.36 0.000220689
0.433333 3.4 0.000192962
0.433333 3.44 0.000211211
0.433333 3.48 0.000264802
0.433333 3.52 0.00027679
0.433333 3.56 0.000351952
0.433333 3.6 0.000399436
0.433333 3.64 0.00026547
0.433333 3.68 0.000250243
0.433333 3.72 0.000208311
0.433333 3.76 0.000203809
0.433333 3.8 0.000226193
0.433333 3.84 0.000259947
0.433333 3.88 0.000349727
0.433333 3.92 0.000236912
0.433333 3.96 0.000254633
0.433333 4 0.0002046
0.45 -4 0.00449728
0.45 -3.96 0.0045022
0.45 -3.92 0.00387251
0.45 -3.88 0.00388863
0.45 -3.84 0.00436639
0.45 -3.8 0.00429112
0.45 -3.76 0.00526884
0.45 -3.72 0.0043277
0.45 -3.68 0.0038933
0.45 -3.64 0.00555896
0.45 -3.6 0.00623443
0.45 -3.56 0.00852268
0.45 -3.52 0.00927749
0.45 -3.48 0.00753269
0.45 -3.44 0.00604483
0.45 -3.4 0.00514821
0.45 -3.36 0.00332071
0.45 -3.32 0.00421674
0.45 -3.28 0.00479704
0.45 -3.24 0.00355229
0.45 -3.2 0.00268196
0.45 -3.16 0.00232652
0.45 -3.12 0.00227047
0.45 -3.08 0.00412894
0.45 -3.04 0.00381356
0.45 -3 0.00340672
0.45 -2.96 0.00191562
0.45 -2.92 0.00125308
0.45 -2.88 0.00295879
0.45 -2.84 0.00350813
0.45 -2.8 0.00394082
0.45 -2.76 0.00325465
0.45 -2.72 0.0023751
0.45 -2.68 0.0031611
0.45 -2.64 0.00462075
0.45 -2.6 0.00495878
0.45 -2.56 0.00434312
0.45 -2.52 0.00218181
0.45 -2.48 0.00324867
0.45 -2.44 0.00469597
0.45 -2.4 0.00479073
0.45 -2.36 0.00441483
0.45 -2.32 0.00302239
0.45 -2.28 0.00238463
0.45 -2.24 0.00255804
0.45 -2.2 0.00358301
0.45 -2.16 0.00395374
0.45 -2.12 0.00470934
0.45 -2.08 0.00378178
0.45 -2.04 0.00394524
0.45 -2 0.0036973
0.45 -1.96 0.00557856
0.45 -1.92 0.00459138
0.45 -1.88 0.00319903
0.45 -1.84 0.00307964
0.45 -1.8 0.00405783
0.45 -1.76 0.00505236
0.45 -1.72 0.00354114
0.45 -1.68 0.00476812
0.45 -1.64 0.00333288
0.45 -1.6 0.00560816
0.45 -1.56 0.00503702
0.45 -1.52 0.00342862
0.45 -1.48 0.00398411
0.45 -1.44 0.00678291
0.45 -1.4 0.00634634
0.45 -1.36 0.00753971
0.45 -1.32 0.00562797
0.45 -1.28 0.00487056
0.45 -1.24 0.00648422
0.45 -1.2 0.0067484
0.45 -1.16 0.00599715
0.45 -1.12 0.00392758
0.45 -1.08 0.00559624
0.45 -1.04 0.00697262
0.45 -1 0.00670051
0.45 -0.96 0.00581174
0.45 -0.92 0.00653889
0.45 -0.88 0.00713094
0.45 -0.84 0.0071948
0.45 -0.8 0.00458265
0.45 -0.76 0.00636382
0.45 -0.72 0.00755015
0.45 -0.68 0.00784245
0.45 -0.64 0.00775792
0.45 -0.6 0.0071725
0.45 -0.56 0.00537601
0.45 -0.52 0.00918728
0.45 -0.48 0.00961574
0.45 -0.44 0.0093969
0.45 -0.4 0.00852651
0.45 -0.36 0.0081328
0.45 -0.32 0.00725243
0.45 -0.28 0.00658785
0.45 -0.24 0.00625675
0.45 -0.2 0.0060103
0.45 -0.16 0.00628352
0.45 -0.12 0.00721367
0.45 -0.08 0.00719703
0.45 -0.04 0.00598052
0.45 0 0.00415644
0.45 0.04 0.00261522
0.45 0.08 0.00199377
0.45 0.12 0.00264068
0.45 0.16 0.00421216
0.45 0.2 0.00569442
0.45 0.24 0.00642248
0.45 0.28 0.00672772
0.45 0.32 0.00815971
0.45 0.36 0.0112043
0.45 0.4 0.0130177
0.45 0.44 0.0192616
0.45 0.48 0.0292766
0.45 0.52 0.0395371
0.45 0.56 0.0518066
0.45 0.6 0.0567964
0.45 0.64 0.0611851
0.45 0.68 0.0731719
0.45 0.72 0.0673275
0.45 0.76 0.0593583
0.45 0.8 0.0460399
0.45 0.84 0.0342963
0.45 0.88 0.0264407
0.45 0.92 0.0178994
0.45 0.96 0.0141934
0.45 1 0.0144789
0.45 1.04 0.0127037
0.45 1.08 0.00731885
0.45 1.12 0.00648737
0.45 1.16 0.00679489
0.45 1.2 0.00449595
0.45 1.24 0.00209589
0.45 1.28 0.00465413
0.45 1.32 0.00319259
0.45 1.36 0.00161989
0.45 1.4 0.00185652
0.45 1.44 0.00263284
0.45 1.48 0.00161248
0.45 1.52 0.00157257
0.45 1.56 0.00164752
0.45 1.6 0.00161934
0.45 1.64 0.00130273
0.45 1.68 0.00132655
0.45 1.72 0.00125528
0.45 1.76 0.00115516
0.45 1.8 0.00111026
0.45 1.84 0.000930108
0.45 1.88 0.000885266
0.45 1.92 0.000881853
0.45 1.96 0.000952437
0.45 2 0.000791581
0.45 2.04 0.000646847
0.45 2.08 0.000528931
0.45 2.12 0.000541117
0.45 2.16 0.000602111
0.45 2.2 0.000595477
0.45 2.24 0.000632486
0.45 2.28 0.000439757
0.45 2.32 0.000386308
0.45 2.36 0.000380363
0.45 2.4 0.00043527
0.45 2.44 0.00059103
0.45 2.48 0.000553301
0.45 2.52 0.000578037
0.45 2.56 0.000420754
0.45 2.6 0.000385794
0.45 2.64 0.000338436
0.45 2.68 0.000450551
0.45 2.72 0.000412128
0.45 2.76 0.000341637
0.45 2.8 0.000240654
0.45 2.84 0.000213532
0.45 2.88 0.000241278
0.45 2.92 0.000192625
0.45 2.96 0.000346835
0.45 3 0.00040357
0.45 3.04 0.000288904
0.45 3.08 0.000322178
0.45 3.12 0.000286253
0.45 3.16 0.000212834
0.45 3.2 0.000235717
0.45 3.24 0.00037773
0.45 3.28 0.000365232
0.45 3.32 0.000296397
0.45 3.36 0.000227391
0.45 3.4 0.000211608
0.45 3.44 0.000207147
0.45 3.48 0.000289126
0.45 3.52 0.000312849
0.45 3.56 0.000339351
0.45 3.6 0.000350221
0.45 3.64 0.000233512
0.45 3.68 0.000267789
0.45 3.72 0.000219333
0.45 3.76 0.000205397
0.45 3.8 0.000198246
0.45 3.84 0.000257762
0.45 3.88 0.000314312
0.45 3.92 0.000242191
0.45 3.96 0.000222205
0.45 4 0.00017416
0.466667 -4 0.00434905
0.466667 -3.96 0.00451424
0.466667 -3.92 0.00429519
0.466667 -3.88 0.0039658
0.466667 -3.84 0.00398588
0.466667 -3.8 0.00493873
0.466667 -3.76 0.00544022
0.466667 -3.72 0.0045231
0.466667 -3.68 0.00457731
0.466667 -3.64 0.00568758
0.466667 -3.6 0.00692721
0.466667 -3.56 0.0088079
0.466667 -3.52 0.010024
0.466667 -3.48 0.0087507
0.466667 -3.44 0.00555468
0.466667 -3.4 0.00506038
0.466667 -3.36 0.00344064
0.466667 -3.32 0.00397952
0.466667 -3.28 0.00456367
0.466667 -3.24 0.00375848
0.466667 -3.2 0.00264115
0.466667 -3.16 0.00213892
0.466667 -3.12 0.00270819
0.466667 -3.08 0.00434784
0.466667 -3.04 0.0042475
0.466667 -3 0.002747
0.466667 -2.96 0.000891344
0.466667 -2.92 0.00100984
0.466667 -2.88 0.00323813
0.466667 -2.84 0.00359208
0.466667 -2.8 0.00450786
0.466667 -2.76 0.00332762
0.466667 -2.72 0.0019072
0.466667 -2.68 0.00249632
0.466667 -2.64 0.00439718
0.466667 -2.6 0.00483401
0.466667 -2.56 0.00354731
0.466667 -2.52 0.00159668
0.466667 -2.48 0.0022161
0.466667 -2.44 0.00320936
0.466667 -2.4 0.00483103
0.466667 -2.36 0.00388515
0.466667 -2.32 0.00275955
0.466667 -2.28 0.00203158
0.466667 -2.24 0.00246837
0.466667 -2.2 0.00374
0.466667 -2.16 0.00479976
0.466667 -2.12 0.00408897
0.466667 -2.08 0.0042059
0.466667 -2.04 0.00451451
0.466667 -2 0.00385971
0.466667 -1.96 0.00488805
0.466667 -1.92 0.00392725
0.466667 -1.88 0.00368315
0.466667 -1.84 0.00261029
0.466667 -1.8 0.00443757
0.466667 -1.76 0.00469661
0.466667 -1.72 0.00303729
0.466667 -1.68 0.00265891
0.466667 -1.64 0.0038538
0.466667 -1.6 0.00452594
0.466667 -1.56 0.00483896
0.466667 -1.52 0.00394696
0.466667 -1.48 0.00490669
0.466667 -1.44 0.00697082
0.466667 -1.4 0.00702837
0.466667 -1.36 0.00715848
0.466667 -1.32 0.00556879
0.466667 -1.28 0.00556856
0.466667 -1.24 0.00611634
0.466667 -1.2 0.00763225
0.466667 -1.16 0.00573482
0.466667 -1.12 0.00373648
0.466667 -1.08 0.00614835
0.466667 -1.04 0.00840978
0.466667 -1 0.00681246
0.466667 -0.96 0.00638531
0.466667 -0.92 0.00666838
0.466667 -0.88 0.00708476
0.466667 -0.84 0.00472637
0.466667 -0.8 0.00550907
0.466667 -0.76 0.00659546
0.466667 -0.72 0.00884016
0.466667 -0.68 0.00586291
0.466667 -0.64 0.00854104
0.466667 -0.6 0.00793621
0.466667 -0.56 0.00733526
0.466667 -0.52 0.00818085
0.466667 -0.48 0.00931873
0.466667 -0.44 0.00878616
0.466667 -0.4 0.00769156
0.466667 -0.36 0.00792212
0.466667 -0.32 0.00786835
0.466667 -0.28 0.00763831
0.466667 -0.24 0.00709849
0.466667 -0.2 0.00734784
0.466667 -0.16 0.00739719
0.466667 -0.12 0.00724482
0.466667 -0.08 0.00572112
0.466667 -0.04 0.00401756
0.466667 0 0.00333758
0.466667 0.04 0.00346162
0.466667 0.08 0.00445833
0.466667 0.12 0.00579185
0.466667 0.16 0.00619555
0.466667 0.2 0.00592145
0.466667 0.24 0.00620494
0.466667 0.28 0.00777087
0.466667 0.32 0.0105102
0.466667 0.36 0.0152676
0.466667 0.4 0.0209117
0.466667 0.44 0.0306809
0.466667 0.48 0.0408629
0.466667 0.52 0.049332
0.466667 0.56 0.0609244
0.466667 0.6 0.065117
0.466667 0.64 0.070175
0.466667 0.68 0.0712762
0.466667 0.72 0.0593077
0.466667 0.76 0.046206
0.466667 0.8 0.0330797
0.466667 0.84 0.026173
0.466667 0.88 0.0222387
0.466667 0.92 0.0150902
0.466667 0.96 0.0103882
0.466667 1 0.0126252
0.466667 1.04 0.0107151
0.466667 1.08 0.00540404
0.466667 1.12 0.00636511
0.466667 1.16 0.0058931
0.466667 1.2 0.00480965
0.466667 1.24 0.00293296
0.466667 1.28 0.00368702
0.466667 1.32 0.00241454
0.466667 1.36 0.00129596
0.466667 1.4 0.00192134
0.466667 1.44 0.00242101
0.466667 1.48 0.00159526
0.466667 1.52 0.00144003
0.466667 1.56 0.00162421
0.466667 1.6 0.00172208
0.466667 1.64 0.00119105
0.466667 1.68 0.00126457
0.466667 1.72 0.00121362
0.466667 1.76 0.00123567
0.466667 1.8 0.00101842
0.466667 1.84 0.000827181
0.466667 1.88 0.000816131
0.466667 1.92 0.000866544
0.466667 1.96 0.00102631
0.466667 2 0.000687874
0.466667 2.04 0.000620052
0.466667 2.08 0.000712055
0.466667 2.12 0.000591554
0.466667 2.16 0.000572374
0.466667 2.2 0.00070605
0.466667 2.24 0.00070926
0.466667 2.28 0.00046688
0.466667 2.32 0.000384346
0.466667 2.36 0.000358526
0.466667 2.4 0.00036673
0.466667 2.44 0.000478858
0.466667 2.48 0.000533836
0.466667 2.52 0.000471019
0.466667 2.56 0.000486202
0.466667 2.6 0.00041863
0.466667 2.64 0.000354988
0.466667 2.68 0.000504502
0.466667 2.72 0.000455583
0.466667 2.76 0.000378955
0.466667 2.8 0.000230428
0.466667 2.84 0.000275389
0.466667 2.88 0.000194321
0.466667 2.92 0.000128982
0.466667 2.96 0.000323811
0.466667 3 0.000315817
0.466667 3.04 0.000249501
0.466667 3.08 0.000282916
0.466667 3.12 0.000267752
0.466667 3.16 0.000211536
0.466667 3.2 0.000213506
0.466667 3.24 0.000370869
0.466667 3.28 0.000400471
0.466667 3.32 0.000292705
0.466667 3.36 0.000238871
0.466667 3.4 0.000209752
0.466667 3.44 0.000166634
0.466667 3.48 0.000235822
0.466667 3.52 0.000348229
0.466667 3.56 0.000318997
0.466667 3.6 0.000278087
0.466667 3.64 0.000298153
0.466667 3.68 0.000282711
0.466667 3.72 0.000220992
0.466667 3.76 0.00022477
0.466667 3.8 0.000210619
0.466667 3.84 0.000235562
0.466667 3.88 0.00028716
0.466667 3.92 0.000244439
0.466667 3.96 0.000213382
0.466667 4 0.000154231
0.483333 -4 0.00426471
0.483333 -3.96 0.00445722
0.483333 -3.92 0.00423518
0.483333 -3.88 0.00407321
0.483333 -3.84 0.00377674
0.483333 -3.8 0.00503571
0.483333 -3.76 0.005522
0.483333 -3.72 0.00531955
0.483333 -3.68 0.00519286
0.483333 -3.64 0.00544367
0.483333 -3.6 0.00622335
0.483333 -3.56 0.00861117
0.483333 -3.52 0.0104331
0.483333 -3.48 0.00948665
0.483333 -3.44 0.00472526
0.483333 -3.4 0.00431817
0.483333 -3.36 0.0035856
0.483333 -3.32 0.0036761
0.483333 -3.28 0.00478837
0.483333 -3.24 0.00406587
0.483333 -3.2 0.0026571
0.483333 -3.16 0.00233964
0.483333 -3.12 0.00294965
0.483333 -3.08 0.00392161
0.483333 -3.04 0.00471461
0.483333 -3 0.00240666
0.483333 -2.96 0.000487234
0.483333 -2.92 0.00115398
0.483333 -2.88 0.00240773
0.483333 -2.84 0.00334006
0.483333 -2.8 0.00471904
0.483333 -2.76 0.00278532
0.483333 -2.72 0.00167758
0.483333 -2.68 0.00237881
0.483333 -2.64 0.00396186
0.483333 -2.6 0.00411968
0.483333 -2.56 0.00232124
0.483333 -2.52 0.00179953
0.483333 -2.48 0.00189314
0.483333 -2.44 0.00255459
0.483333 -2.4 0.00431118
0.483333 -2.36 0.00367281
0.483333 -2.32 0.00342552
0.483333 -2.28 0.00267323
0.483333 -2.24 0.00224239
0.483333 -2.2 0.00419512
0.483333 -2.16 0.0052214
0.483333 -2.12 0.00389111
0.483333 -2.08 0.00435674
0.483333 -2.04 0.00364018
0.483333 -2 0.00363257
0.483333 -1.96 0.00429992
0.483333 -1.92 0.00423432
0.483333 -1.88 0.00438817
0.483333 -1.84 0.00305099
0.483333 -1.8 0.00477024
0.483333 -1.76 0.00480726
0.483333 -1.72 0.00515673
0.483333 -1.68 0.00229204
0.483333 -1.64 0.00467751
0.483333 -1.6 0.00525643
0.483333 -1.56 0.00571015
0.483333 -1.52 0.00561997
0.483333 -1.48 0.00521219
0.483333 -1.44 0.00560973
0.483333 -1.4 0.0068777
0.483333 -1.36 0.00584417
0.483333 -1.32 0.00569746
0.483333 -1.28 0.00570759
0.483333 -1.24 0.00627222
0.483333 -1.2 0.00810919
0.483333 -1.16 0.00599098
0.483333 -1.12 0.00506207
0.483333 -1.08 0.00732231
0.483333 -1.04 0.00882038
0.483333 -1 0.00636874
0.483333 -0.96 0.00587093
0.483333 -0.92 0.00736154
0.483333 -0.88 0.00705214
0.483333 -0.84 0.00428124
0.483333 -0.8 0.00828911
0.483333 -0.76 0.00946717
0.483333 -0.72 0.00953077
0.483333 -0.68 0.00489698
0.483333 -0.64 0.00809158
0.483333 -0.6 0.00849861
0.483333 -0.56 0.00954775
0.483333 -0.52 0.00770812
0.483333 -0.48 0.00828232
0.483333 -0.44 0.00822658
0.483333 -0.4 0.00790792
0.483333 -0.36 0.00812122
0.483333 -0.32 0.00842853
0.483333 -0.28 0.00817847
0.483333 -0.24 0.00762531
0.483333 -0.2 0.00767915
0.483333 -0.16 0.00691306
0.483333 -0.12 0.00615179
0.483333 -0.08 0.00491989
0.483333 -0.04 0.00416073
0.483333 0 0.00469655
0.483333 0.04 0.00579206
0.483333 0.08 0.00640324
0.483333 0.12 0.00632026
0.483333 0.16 0.00572918
0.483333 0.2 0.00592308
0.483333 0.24 0.00811444
0.483333 0.28 0.01203
0.483333 0.32 0.0164393
0.483333 0.36 0.0229517
0.483333 0.4 0.0324458
0.483333 0.44 0.0438747
0.483333 0.48 0.0525217
0.483333 0.52 0.0592457
0.483333 0.56 0.0685898
0.483333 0.6 0.0721972
0.483333 0.64 0.0719577
0.483333 0.68 0.0588626
0.483333 0.72 0.0460307
0.483333 0.76 0.0333252
0.483333 0.8 0.0229538
0.483333 0.84 0.0193043
0.483333 0.88 0.0172616
0.483333 0.92 0.0119233
0.483333 0.96 0.00820933
0.483333 1 0.0104935
0.483333 1.04 0.00841979
0.483333 1.08 0.00361661
0.483333 1.12 0.00587958
0.483333 1.16 0.00571606
0.483333 1.2 0.00461185
0.483333 1.24 0.00389718
0.483333 1.28 0.00325415
0.483333 1.32 0.00173382
0.483333 1.36 0.00101698
0.483333 1.4 0.00189118
0.483333 1.44 0.00220621
0.483333 1.48 0.00152864
0.483333 1.52 0.00157359
0.483333 1.56 0.00146926
0.483333 1.6 0.00147801
0.483333 1.64 0.00111368
0.483333 1.68 0.00105381
0.483333 1.72 0.00116572
0.483333 1.76 0.00126171
0.483333 1.8 0.000993669
0.483333 1.84 0.000843143
0.483333 1.88 0.000757919
0.483333 1.92 0.000785964
0.483333 1.96 0.000894447
0.483333 2 0.000614335
0.483333 2.04 0.000562366
0.483333 2.08 0.000773001
0.483333 2.12 0.000707501
0.483333 2.16 0.000537995
0.483333 2.2 0.000722572
0.483333 2.24 0.000658409
0.483333 2.28 0.000530384
0.483333 2.32 0.000444817
0.483333 2.36 0.000390504
0.483333 2.4 0.000379857
0.483333 2.44 0.000424705
0.483333 2.48 0.000489111
0.483333 2.52 0.000384069
0.483333 2.56 0.000521386
0.483333 2.6 0.000403646
0.483333 2.64 0.000354702
0.483333 2.68 0.000466044
0.483333 2.72 0.000483724
0.483333 2.76 0.000369971
0.483333 2.8 0.000263346
0.483333 2.84 0.000309507
0.483333 2.88 0.000197242
0.483333 2.92 0.000182164
0.483333 2.96 0.000338599
0.483333 3 0.000284602
0.483333 3.04 0.000265249
0.483333 3.08 0.000286132
0.483333 3.12 0.000245729
0.483333 3.16 0.000224444
0.483333 3.2 0.000245196
0.483333 3.24 0.00028095
0.483333 3.28 0.000344277
0.483333 3.32 0.000272468
0.483333 3.36 0.000237181
0.483333 3.4 0.000170159
0.483333 3.44 0.000120625
0.483333 3.48 0.000177238
0.483333 3.52 0.000331597
0.483333 3.56 0.000306448
0.483333 3.6 0.000270355
0.483333 3.64 0.000385571
0.483333 3.68 0.000276383
0.483333 3.72 0.000211241
0.483333 3.76 0.000229957
0.483333 3.8 0.000260259
0.483333 3.84 0.000234584
0.483333 3.88 0.000304211
0.483333 3.92 0.000225906
0.483333 3.96 0.000230763
0.483333 4 0.000150439
0.5 -4 0.00389135
0.5 -3.96 0.0041081
0.5 -3.92 0.00360078
0.5 -3.88 0.00393601
0.5 -3.84 0.00396684
0.5 -3.8 0.00442546
0.5 -3.76 0.0056876
0.5 -3.72 0.00603231
0.5 -3.68 0.00541786
0.5 -3.64 0.00583355
0.5 -3.6 0.00584561
0.5 -3.56 0.0086563
0.5 -3.52 0.0106122
0.5 -3.48 0.00859365
0.5 -3.44 0.00426697
0.5 -3.4 0.0034577
0.5 -3.36 0.00319709
0.5 -3.32 0.00358655
0.5 -3.28 0.00489046
0.5 -3.24 0.00375507
0.5 -3.2 0.00247422
0.5 -3.16 0.00261332
0.5 -3.12 0.0027466
0.5 -3.08 0.00336944
0.5 -3.04 0.00473776
0.5 -3 0.0023418
0.5 -2.96 0.000828628
0.5 -2.92 0.00158312
0.5 -2.88 0.00177247
0.5 -2.84 0.00309056
0.5 -2.8 0.00425971
0.5 -2.76 0.00219759
0.5 -2.72 0.00203596
0.5 -2.68 0.00294809
0.5 -2.64 0.0037013
0.5 -2.6 0.00370377
0.5 -2.56 0.00212908
0.5 -2.52 0.00264397
0.5 -2.48 0.0023808
0.5 -2.44 0.00294246
0.5 -2.4 0.00352456
0.5 -2.36 0.0039496
0.5 -2.32 0.00366148
0.5 -2.28 0.0035095
0.5 -2.24 0.00265778
0.5 -2.2 0.0045343
0.5 -2.16 0.00491178
0.5 -2.12 0.00424972
0.5 -2.08 0.00401689
0.5 -2.04 0.00244764
0.5 -2 0.00270438
0.5 -1.96 0.00412233
0.5 -1.92 0.00440884
0.5 -1.88 0.00419731
0.5 -1.84 0.00394089
0.5 -1.8 0.00432237
0.5 -1.76 0.00501335
0.5 -1.72 0.00679233
0.5 -1.68 0.00400418
0.5 -1.64 0.00484857
0.5 -1.6 0.00613741
0.5 -1.56 0.00659004
0.5 -1.52 0.00581702
0.5 -1.48 0.00442781
0.5 -1.44 0.00378893
0.5 -1.4 0.00579931
0.5 -1.36 0.00512334
0.5 -1.32 0.00531149
0.5 -1.28 0.00517616
0.5 -1.24 0.00703043
0.5 -1.2 0.0081937
0.5 -1.16 0.00679678
0.5 -1.12 0.00651779
0.5 -1.08 0.00800369
0.5 -1.04 0.00807603
0.5 -1 0.00683575
0.5 -0.96 0.00582507
0.5 -0.92 0.00825061
0.5 -0.88 0.00820849
0.5 -0.84 0.00739678
0.5 -0.8 0.011145
0.5 -0.76 0.0113258
0.5 -0.72 0.00830369
0.5 -0.68 0.00548554
0.5 -0.64 0.0066681
0.5 -0.6 0.00862629
0.5 -0.56 0.00969159
0.5 -0.52 0.0089016
0.5 -0.48 0.00798598
0.5 -0.44 0.00886731
0.5 -0.4 0.00924832
0.5 -0.36 0.00787764
0.5 -0.32 0.00750316
0.5 -0.28 0.00711232
0.5 -0.24 0.00645846
0.5 -0.2 0.00620859
0.5 -0.16 0.00584367
0.5 -0.12 0.00664269
0.5 -0.08 0.00769038
0.5 -0.04 0.00778467
0.5 0 0.00682381
0.5 0.04 0.00578872
0.5 0.08 0.00459949
0.5 0.12 0.00427852
0.5 0.16 0.00588393
0.5 0.2 0.00938435
0.5 0.24 0.0139278
0.5 0.28 0.0193193
0.5 0.32 0.0257986
0.5 0.36 0.0348192
0.5 0.4 0.0463916
0.5 0.44 0.0563151
0.5 0.48 0.0640348
0.5 0.52 0.0693772
0.5 0.56 0.0731385
0.5 0.6 0.0704798
0.5 0.64 0.0610776
0.5 0.68 0.0428359
0.5 0.72 0.0336026
0.5 0.76 0.0244884
0.5 0.8 0.0172681
0.5 0.84 0.0134903
0.5 0.88 0.0131172
0.5 0.92 0.00920952
0.5 0.96 0.00764159
0.5 1 0.00878273
0.5 1.04 0.00571668
0.5 1.08 0.00289184
0.5 1.12 0.00518267
0.5 1.16 0.00485586
0.5 1.2 0.00351032
0.5 1.24 0.00381855
0.5 1.28 0.00323623
0.5 1.32 0.00107205
0.5 1.36 0.00073827
0.5 1.4 0.00180747
0.5 1.44 0.00232347
0.5 1.48 0.00158591
0.5 1.52 0.00184258
0.5 1.56 0.00133533
0.5 1.6 0.00116856
0.5 1.64 0.00106665
0.5 1.68 0.000880038
0.5 1.72 0.00110851
0.5 1.76 0.00114087
0.5 1.8 0.00102605
0.5 1.84 0.000924842
0.5 1.88 0.000729535
0.5 1.92 0.000749291
0.5 1.96 0.000699875
0.5 2 0.00058377
0.5 2.04 0.000516382
0.5 2.08 0.000660592
0.5 2.12 0.000707472
0.5 2.16 0.000528874
0.5 2.2 0.000643216
0.5 2.24 0.000526923
0.5 2.28 0.000534928
0.5 2.32 0.00047663
0.5 2.36 0.000434832
0.5 2.4 0.000422382
0.5 2.44 0.000488621
0.5 2.48 0.000477319
0.5 2.52 0.000430647
0.5 2.56 0.000437744
0.5 2.6 0.000336709
0.5 2.64 0.000332639
0.5 2.68 0.000379801
0.5 2.72 0.000445352
0.5 2.76 0.00031017
0.5 2.8 0.000317308
0.5 2.84 0.000251861
0.5 2.88 0.000220218
0.5 2.92 0.000274394
0.5 2.96 0.000381074
0.5 3 0.00037499
0.5 3.04 0.000321326
0.5 3.08 0.000315555
0.5 3.12 0.000237918
0.5 3.16 0.000239463
0.5 3.2 0.000283139
0.5 3.24 0.000222535
0.5 3.28 0.000234735
0.5 3.32 0.000239995
0.5 3.36 0.000218955
0.5 3.4 0.000128555
0.5 3.44 0.000117117
0.5 3.48 0.000182334
0.5 3.52 0.000285039
0.5 3.56 0.000321044
0.5 3.6 0.000342804
0.5 3.64 0.00036567
0.5 3.68 0.000238607
0.5 3.72 0.000193856
0.5 3.76 0.00020853
0.5 3.8 0.000304336
0.5 3.84 0.00027932
0.5 3.88 0.000320752
0.5 3.92 0.000202643
0.5 3.96 0.00024131
0.5 4 0.000176458
0.516667 -4 0.00346957
0.516667 -3.96 0.00344806
0.516667 -3.92 0.00295175
0.516667 -3.88 0.00358409
0.516667 -3.84 0.00412963
0.516667 -3.8 0.00376614
0.516667 -3.76 0.0056475
0.516667 -3.72 0.00569039
0.516667 -3.68 0.00548702
0.516667 -3.64 0.00694121
0.516667 -3.6 0.00691166
0.516667 -3.56 0.00928022
0.516667 -3.52 0.0108217
0.516667 -3.48 0.00783041
0.516667 -3.44 0.00471297
0.516667 -3.4 0.0033727
0.516667 -3.36 0.00276613
0.516667 -3.32 0.003593
0.516667 -3.28 0.00478519
0.516667 -3.24 0.00348078
0.516667 -3.2 0.00264371
0.516667 -3.16 0.00274634
0.516667 -3.12 0.00250574
0.516667 -3.08 0.00353448
0.516667 -3.04 0.00439855
0.516667 -3 0.00211043
0.516667 -2.96 0.00141068
0.516667 -2.92 0.0018049
0.516667 -2.88 0.00228862
0.516667 -2.84 0.00337973
0.516667 -2.8 0.00355164
0.516667 -2.76 0.00217152
0.516667 -2.72 0.00220941
0.516667 -2.68 0.00292919
0.516667 -2.64 0.00375555
0.516667 -2.6 0.00427705
0.516667 -2.56 0.00325054
0.516667 -2.52 0.00331865
0.516667 -2.48 0.00278413
0.516667 -2.44 0.00269584
0.516667 -2.4 0.00326283
0.516667 -2.36 0.00421458
0.516667 -2.32 0.0029781
0.516667 -2.28 0.00348849
0.516667 -2.24 0.00382635
0.516667 -2.2 0.00476872
0.516667 -2.16 0.00484136
0.516667 -2.12 0.00477847
0.516667 -2.08 0.00352598
0.516667 -2.04 0.00239534
0.516667 -2 0.00252128
0.516667 -1.96 0.00399584
0.516667 -1.92 0.0031529
0.516667 -1.88 0.00335896
0.516667 -1.84 0.00418961
0.516667 -1.8 0.00349441
0.516667 -1.76 0.00554267
0.516667 -1.72 0.00612246
0.516667 -1.68 0.00584861
0.516667 -1.64 0.00482056
0.516667 -1.6 0.00580301
0.516667 -1.56 0.00600288
0.516667 -1.52 0.00393884
0.516667 -1.48 0.00346475
0.516667 -1.44 0.00299282
0.516667 -1.4 0.00521707
0.516667 -1.36 0.00570755
0.516667 -1.32 0.00466823
0.516667 -1.28 0.00444501
0.516667 -1.24 0.00757422
0.516667 -1.2 0.00817432
0.516667 -1.16 0.00683037
0.516667 -1.12 0.00699716
0.516667 -1.08 0.00785313
0.516667 -1.04 0.00705075
0.516667 -1 0.00723636
0.516667 -0.96 0.00744733
0.516667 -0.92 0.0093953
0.516667 -0.88 0.00985814
0.516667 -0.84 0.00991754
0.516667 -0.8 0.0111557
0.516667 -0.76 0.010443
0.516667 -0.72 0.00657042
0.516667 -0.68 0.00681059
0.516667 -0.64 0.0069408
0.516667 -0.6 0.00954177
0.516667 -0.56 0.00911696
0.516667 -0.52 0.00975426
0.516667 -0.48 0.00761218
0.516667 -0.44 0.0085427
0.516667 -0.4 0.00901696
0.516667 -0.36 0.00725894
0.516667 -0.32 0.00680265
0.516667 -0.28 0.00698456
0.516667 -0.24 0.00620868
0.516667 -0.2 0.00618272
0.516667 -0.16 0.00684767
0.516667 -0.12 0.00833671
0.516667 -0.08 0.0093337
0.516667 -0.04 0.00868715
0.516667 0 0.00655621
0.516667 0.04 0.00474591
0.516667 0.08 0.00461228
0.516667 0.12 0.00673797
0.516667 0.16 0.0104057
0.516667 0.2 0.015067
0.516667 0.24 0.0205071
0.516667 0.28 0.0279679
0.516667 0.32 0.0383222
0.516667 0.36 0.0510183
0.516667 0.4 0.0618929
0.516667 0.44 0.0683938
0.516667 0.48 0.0725749
0.516667 0.52 0.0731493
0.516667 0.56 0.0685192
0.516667 0.6 0.0562766
0.516667 0.64 0.0427911
0.516667 0.68 0.0307506
0.516667 0.72 0.0248405
0.516667 0.76 0.0188681
0.516667 0.8 0.013542
0.516667 0.84 0.00966217
0.516667 0.88 0.0108084
0.516667 0.92 0.00765148
0.516667 0.96 0.00720119
0.516667 1 0.00751139
0.516667 1.04 0.00338279
0.516667 1.08 0.00312435
0.516667 1.12 0.00519893
0.516667 1.16 0.00313407
0.516667 1.2 0.00224512
0.516667 1.24 0.00270478
0.516667 1.28 0.00320426
0.516667 1.32 0.000746034
0.516667 1.36 0.000429496
0.516667 1.4 0.00194163
0.516667 1.44 0.00273292
0.516667 1.48 0.00175079
0.516667 1.52 0.0019011
0.516667 1.56 0.00138864
0.516667 1.6 0.001073
0.516667 1.64 0.00105551
0.516667 1.68 0.000895934
0.516667 1.72 0.00103573
0.516667 1.76 0.000933205
0.516667 1.8 0.00100857
0.516667 1.84 0.000975462
0.516667 1.88 0.000716009
0.516667 1.92 0.000803804
0.516667 1.96 0.000718597
0.516667 2 0.000599029
0.516667 2.04 0.0005166
0.516667 2.08 0.000560949
0.516667 2.12 0.000530741
0.516667 2.16 0.000572428
0.516667 2.2 0.000588242
0.516667 2.24 0.000442497
0.516667 2.28 0.000464056
0.516667 2.32 0.000445097
0.516667 2.36 0.000457412
0.516667 2.4 0.00044577
0.516667 2.44 0.00058251
0.516667 2.48 0.000510723
0.516667 2.52 0.00053257
0.516667 2.56 0.000329833
0.516667 2.6 0.000284383
0.516667 2.64 0.000293821
0.516667 2.68 0.00031973
0.516667 2.72 0.000355225
0.516667 2.76 0.000258192
0.516667 2.8 0.000327962
0.516667 2.84 0.000177576
0.516667 2.88 0.000208083
0.516667 2.92 0.000303049
0.516667 2.96 0.00043586
0.516667 3 0.000518719
0.516667 3.04 0.000374765
0.516667 3.08 0.000330835
0.516667 3.12 0.000243736
0.516667 3.16 0.000232965
0.516667 3.2 0.000256284
0.516667 3.24 0.000237941
0.516667 3.28 0.000172811
0.516667 3.32 0.000212899
0.516667 3.36 0.000191311
0.516667 3.4 0.000128795
0.516667 3.44 0.000159847
0.516667 3.48 0.000219039
0.516667 3.52 0.000267724
0.516667 3.56 0.000336253
0.516667 3.6 0.000408998
0.516667 3.64 0.000232225
0.516667 3.68 0.000190199
0.516667 3.72 0.000176586
0.516667 3.76 0.000189304
0.516667 3.8 0.000308786
0.516667 3.84 0.000332154
0.516667 3.88 0.000291661
0.516667 3.92 0.000203754
0.516667 3.96 0.000225175
0.516667 4 0.000213913
0.533333 -4 0.00332622
0.533333 -3.96 0.00279524
0.533333 -3.92 0.00269817
0.533333 -3.88 0.00313105
0.533333 -3.84 0.00384475
0.533333 -3.8 0.00363632
0.533333 -3.76 0.00530917
0.533333 -3.72 0.00481211
0.533333 -3.68 0.00577869
0.533333 -3.64 0.00769547
0.533333 -3.6 0.00813161
0.533333 -3.56 0.0101896
0.533333 -3.52 0.0109205
0.533333 -3.48 0.00855657
0.533333 -3.44 0.00561965
0.533333 -3.4 0.00408736
0.533333 -3.36 0.00295343
0.533333 -3.32 0.00354469
0.533333 -3.28 0.00480945
0.533333 -3.24 0.00394386
0.533333 -3.2 0.00337697
0.533333 -3.16 0.00294223
0.533333 -3.12 0.00278057
0.533333 -3.08 0.00425494
0.533333 -3.04 0.00424919
0.533333 -3 0.00209134
0.533333 -2.96 0.00200333
0.533333 -2.92 0.00168584
0.533333 -2.88 0.00318449
0.533333 -2.84 0.00394151
0.533333 -2.8 0.00353503
0.533333 -2.76 0.00251254
0.533333 -2.72 0.00172187
0.533333 -2.68 0.00202361
0.533333 -2.64 0.00403992
0.533333 -2.6 0.00524304
0.533333 -2.56 0.00423175
0.533333 -2.52 0.0033138
0.533333 -2.48 0.00266908
0.533333 -2.44 0.00208391
0.533333 -2.4 0.0037597
0.533333 -2.36 0.0040593
0.533333 -2.32 0.00275525
0.533333 -2.28 0.00278128
0.533333 -2.24 0.00436064
0.533333 -2.2 0.005055
0.533333 -2.16 0.00527797
0.533333 -2.12 0.00506079
0.533333 -2.08 0.00317812
0.533333 -2.04 0.00321112
0.533333 -2 0.00372582
0.533333 -1.96 0.00363673
0.533333 -1.92 0.00195847
0.533333 -1.88 0.00313276
0.533333 -1.84 0.00380529
0.533333 -1.8 0.0036013
0.533333 -1.76 0.00614526
0.533333 -1.72 0.00492331
0.533333 -1.68 0.00625301
0.533333 -1.64 0.00530603
0.533333 -1.6 0.00557706
0.533333 -1.56 0.00420798
0.533333 -1.52 0.00237854
0.533333 -1.48 0.00326343
0.533333 -1.44 0.00363166
0.533333 -1.4 0.00564967
0.533333 -1.36 0.00655744
0.533333 -1.32 0.00470095
0.533333 -1.28 0.00421876
0.533333 -1.24 0.00749989
0.533333 -1.2 0.00801848
0.533333 -1.16 0.00570034
0.533333 -1.12 0.00682608
0.533333 -1.08 0.00765405
0.533333 -1.04 0.00638575
0.533333 -1 0.00552994
0.533333 -0.96 0.00848862
0.533333 -0.92 0.0102008
0.533333 -0.88 0.0102583
0.533333 -0.84 0.00868908
0.533333 -0.8 0.00845183
0.533333 -0.76 0.00909067
0.533333 -0.72 0.00676958
0.533333 -0.68 0.00776958
0.533333 -0.64 0.00954259
0.533333 -0.6 0.0115418
0.533333 -0.56 0.0103436
0.533333 -0.52 0.00874888
0.533333 -0.48 0.0061892
0.533333 -0.44 0.00649975
0.533333 -0.4 0.00739531
0.533333 -0.36 0.00753001
0.533333 -0.32 0.00790851
0.533333 -0.28 0.00907317
0.533333 -0.24 0.00835184
0.533333 -0.2 0.00858376
0.533333 -0.16 0.0087992
0.533333 -0.12 0.00822927
0.533333 -0.08 0.0066548
0.533333 -0.04 0.00547865
0.533333 0 0.00583902
0.533333 0.04 0.00752694
0.533333 0.08 0.0106363
0.533333 0.12 0.0141232
0.533333 0.16 0.0167414
0.533333 0.2 0.02059
0.533333 0.24 0.028548
0.533333 0.28 0.0411535
0.533333 0.32 0.0553468
0.533333 0.36 0.0690382
0.533333 0.4 0.0749797
0.533333 0.44 0.0768431
0.533333 0.48 0.0716315
0.533333 0.52 0.0638472
0.533333 0.56 0.0525539
0.533333 0.6 0.0369489
0.533333 0.64 0.0273326
0.533333 0.68 0.0232005
0.533333 0.72 0.018378
0.533333 0.76 0.0143024
0.533333 0.8 0.00977542
0.533333 0.84 0.00848446
0.533333 0.88 0.00896472
0.533333 0.92 0.00624609
0.533333 0.96 0.00619101
0.533333 1 0.00654041
0.533333 1.04 0.00263812
0.533333 1.08 0.00320478
0.533333 1.12 0.00546948
0.533333 1.16 0.00176906
0.533333 1.2 0.00164142
0.533333 1.24 0.00171105
0.533333 1.28 0.00306789
0.533333 1.32 0.00114474
0.533333 1.36 0.00048214
0.533333 1.4 0.0022692
0.533333 1.44 0.00288867
0.533333 1.48 0.00175717
0.533333 1.52 0.00155705
0.533333 1.56 0.00145528
0.533333 1.6 0.00114217
0.533333 1.64 0.00108493
0.533333 1.68 0.00104777
0.533333 1.72 0.00097719
0.533333 1.76 0.00080542
0.533333 1.8 0.000898352
0.533333 1.84 0.000977747
0.533333 1.88 0.000707693
0.533333 1.92 0.000842271
0.533333 1.96 0.000923431
0.533333 2 0.000640615
0.533333 2.04 0.000548379
0.533333 2.08 0.000576136
0.533333 2.12 0.000361933
0.533333 2.16 0.000606984
0.533333 2.2 0.000598789
0.533333 2.24 0.000467942
0.533333 2.28 0.000410294
0.533333 2.32 0.000425151
0.533333 2.36 0.000441886
0.533333 2.4 0.000451914
0.533333 2.44 0.000582984
0.533333 2.48 0.000537731
0.533333 2.52 0.000535733
0.533333 2.56 0.000322493
0.533333 2.6 0.000293179
0.533333 2.64 0.000251735
0.533333 2.68 0.000283103
0.533333 2.72 0.000279449
0.533333 2.76 0.000252995
0.533333 2.8 0.000275673
0.533333 2.84 0.000194032
0.533333 2.88 0.000178895
0.533333 2.92 0.000282263
0.533333 2.96 0.000473598
0.533333 3 0.000587053
0.533333 3.04 0.000398298
0.533333 3.08 0.000324293
0.533333 3.12 0.000258447
0.533333 3.16 0.000206078
0.533333 3.2 0.000185368
0.533333 3.24 0.000251354
0.533333 3.28 0.00020135
0.533333 3.32 0.000199896
0.533333 3.36 0.000165206
0.533333 3.4 0.000159729
0.533333 3.44 0.000201925
0.533333 3.48 0.000205508
0.533333 3.52 0.000286388
0.533333 3.56 0.000322756
0.533333 3.6 0.000394649
0.533333 3.64 0.000122753
0.533333 3.68 0.000164097
0.533333 3.72 0.00016669
0.533333 3.76 0.00019352
0.533333 3.8 0.000280109
0.533333 3.84 0.00033646
0.533333 3.88 0.000249119
0.533333 3.92 0.000227346
0.533333 3.96 0.000204397
0.533333 4 0.000215216
0.55 -4 0.00313141
0.55 -3.96 0.00250971
0.55 -3.92 0.00274473
0.55 -3.88 0.00263346
0.55 -3.84 0.00340547
0.55 -3.8 0.00391347
0.55 -3.76 0.00516908
0.55 -3.72 0.00490249
0.55 -3.68 0.00624936
0.55 -3.64 0.00749716
0.55 -3.6 0.00804507
0.55 -3.56 0.0108041
0.55 -3.52 0.0108084
0.55 -3.48 0.00932918
0.55 -3.44 0.00603346
0.55 -3.4 0.00476249
0.55 -3.36 0.00356882
0.55 -3.32 0.00372461
0.55 -3.28 0.00505216
0.55 -3.24 0.00472174
0.55 -3.2 0.00406844
0.55 -3.16 0.00344741
0.55 -3.12 0.00351541
0.55 -3.08 0.0045753
0.55 -3.04 0.0043304
0.55 -3 0.00269547
0.55 -2.96 0.00267298
0.55 -2.92 0.00148669
0.55 -2.88 0.00337197
0.55 -2.84 0.0040546
0.55 -2.8 0.00440184
0.55 -2.76 0.00254618
0.55 -2.72 0.00119603
0.55 -2.68 0.00144917
0.55 -2.64 0.00406222
0.55 -2.6 0.00530199
0.55 -2.56 0.00389447
0.55 -2.52 0.00280973
0.55 -2.48 0.00245634
0.55 -2.44 0.00270466
0.55 -2.4 0.00435735
0.55 -2.36 0.00386663
0.55 -2.32 0.00366412
0.55 -2.28 0.0024808
0.55 -2.24 0.00343046
0.55 -2.2 0.00507713
0.55 -2.16 0.00543536
0.55 -2.12 0.00487655
0.55 -2.08 0.00297075
0.55 -2.04 0.00352265
0.55 -2 0.00447872
0.55 -1.96 0.00343631
0.55 -1.92 0.00261781
0.55 -1.88 0.00352342
0.55 -1.84 0.00377898
0.55 -1.8 0.0047555
0.55 -1.76 0.00589513
0.55 -1.72 0.00512608
0.55 -1.68 0.00554316
0.55 -1.64 0.00583122
0.55 -1.6 0.0061085
0.55 -1.56 0.00332645
0.55 -1.52 0.00278706
0.55 -1.48 0.00343604
0.55 -1.44 0.00472978
0.55 -1.4 0.00606512
0.55 -1.36 0.00664151
0.55 -1.32 0.00524475
0.55 -1.28 0.00526671
0.55 -1.24 0.00733553
0.55 -1.2 0.00746822
0.55 -1.16 0.00463016
0.55 -1.12 0.00595719
0.55 -1.08 0.00756018
0.55 -1.04 0.00621836
0.55 -1 0.00322735
0.55 -0.96 0.00682792
0.55 -0.92 0.00928516
0.55 -0.88 0.00914717
0.55 -0.84 0.00663812
0.55 -0.8 0.00721018
0.55 -0.76 0.00928127
0.55 -0.72 0.00860762
0.55 -0.68 0.00795523
0.55 -0.64 0.010909
0.55 -0.6 0.0128048
0.55 -0.56 0.0127389
0.55 -0.52 0.00832193
0.55 -0.48 0.00615114
0.55 -0.44 0.00672023
0.55 -0.4 0.00817341
0.55 -0.36 0.0086424
0.55 -0.32 0.00854826
0.55 -0.28 0.00981216
0.55 -0.24 0.0090828
0.55 -0.2 0.00923492
0.55 -0.16 0.00847949
0.55 -0.12 0.0072701
0.55 -0.08 0.00630541
0.55 -0.04 0.0071153
0.55 0 0.00952304
0.55 0.04 0.0125258
0.55 0.08 0.0155197
0.55 0.12 0.0180808
0.55 0.16 0.0226739
0.55 0.2 0.0317805
0.55 0.24 0.0461242
0.55 0.28 0.0628112
0.55 0.32 0.074398
0.55 0.36 0.0807103
0.55 0.4 0.0773902
0.55 0.44 0.0731711
0.55 0.48 0.0582268
0.55 0.52 0.0451137
0.55 0.56 0.0329253
0.55 0.6 0.0230015
0.55 0.64 0.0187664
0.55 0.68 0.0166843
0.55 0.72 0.0128438
0.55 0.76 0.0104583
0.55 0.8 0.00671901
0.55 0.84 0.00879655
0.55 0.88 0.00661568
0.55 0.92 0.00410479
0.55 0.96 0.00520972
0.55 1 0.00594276
0.55 1.04 0.00343231
0.55 1.08 0.00262835
0.55 1.12 0.00478803
0.55 1.16 0.00155076
0.55 1.2 0.00152936
0.55 1.24 0.00149258
0.55 1.28 0.00278952
0.55 1.32 0.00194687
0.55 1.36 0.00116929
0.55 1.4 0.00249584
0.55 1.44 0.00246661
0.55 1.48 0.0015211
0.55 1.52 0.00105214
0.55 1.56 0.00124666
0.55 1.6 0.00121479
0.55 1.64 0.00111788
0.55 1.68 0.00114274
0.55 1.72 0.000974295
0.55 1.76 0.000833284
0.55 1.8 0.000760537
0.55 1.84 0.00092897
0.55 1.88 0.000704593
0.55 1.92 0.000760037
0.55 1.96 0.000982271
0.55 2 0.000675462
0.55 2.04 0.000572635
0.55 2.08 0.000598072
0.55 2.12 0.000393214
0.55 2.16 0.000556529
0.55 2.2 0.000600555
0.55 2.24 0.000523022
0.55 2.28 0.000427066
0.55 2.32 0.000459755
0.55 2.36 0.000395912
0.55 2.4 0.000445312
0.55 2.44 0.000493709
0.55 2.48 0.000530214
0.55 2.52 0.000438638
0.55 2.56 0.000375905
0.55 2.6 0.000333824
0.55 2.64 0.000233566
0.55 2.68 0.000243815
0.55 2.72 0.000265139
0.55 2.76 0.000263374
0.55 2.8 0.000218677
0.55 2.84 0.000269959
0.55 2.88 0.000190392
0.55 2.92 0.000289248
0.55 2.96 0.00045735
0.55 3 0.000540901
0.55 3.04 0.000385176
0.55 3.08 0.000319215
0.55 3.12 0.00026724
0.55 3.16 0.000183528
0.55 3.2 0.000148814
0.55 3.24 0.000226204
0.55 3.28 0.000270086
0.55 3.32 0.000194855
0.55 3.36 0.000152347
0.55 3.4 0.000170759
0.55 3.44 0.00020257
0.55 3.48 0.000130823
0.55 3.52 0.000293566
0.55 3.56 0.0003099
0.55 3.6 0.000334374
0.55 3.64 0.000144118
0.55 3.68 0.000166214
0.55 3.72 0.000161626
0.55 3.76 0.000194571
0.55 3.8 0.000244755
0.55 3.84 0.000285485
0.55 3.88 0.000253786
0.55 3.92 0.000240596
0.55 3.96 0.000207766
0.55 4 0.000171238
0.566667 -4 0.00246754
0.566667 -3.96 0.00252336
0.566667 -3.92 0.00278851
0.566667 -3.88 0.00226481
0.566667 -3.84 0.00331246
0.566667 -3.8 0.0041059
0.566667 -3.76 0.005456
0.566667 -3.72 0.00599308
0.566667 -3.68 0.00646527
0.566667 -3.64 0.00704267
0.566667 -3.6 0.00733617
0.566667 -3.56 0.0107316
0.566667 -3.52 0.0108826
0.566667 -3.48 0.00877483
0.566667 -3.44 0.0057788
0.566667 -3.4 0.00494593
0.566667 -3.36 0.00399709
0.566667 -3.32 0.0044646
0.566667 -3.28 0.0053964
0.566667 -3.24 0.00528678
0.566667 -3.2 0.00441034
0.566667 -3.16 0.00404089
0.566667 -3.12 0.00407937
0.566667 -3.08 0.00412984
0.566667 -3.04 0.00406349
0.566667 -3 0.00319387
0.566667 -2.96 0.00307249
0.566667 -2.92 0.00131619
0.566667 -2.88 0.00302615
0.566667 -2.84 0.00373613
0.566667 -2.8 0.0051055
0.566667 -2.76 0.0021616
0.566667 -2.72 0.0012118
0.566667 -2.68 0.00179416
0.566667 -2.64 0.00340999
0.566667 -2.6 0.004207
0.566667 -2.56 0.0029704
0.566667 -2.52 0.00234266
0.566667 -2.48 0.00244948
0.566667 -2.44 0.00388968
0.566667 -2.4 0.00436428
0.566667 -2.36 0.00417539
0.566667 -2.32 0.00430583
0.566667 -2.28 0.00294628
0.566667 -2.24 0.00230615
0.566667 -2.2 0.00447617
0.566667 -2.16 0.00500639
0.566667 -2.12 0.00433825
0.566667 -2.08 0.00290903
0.566667 -2.04 0.00301122
0.566667 -2 0.00339598
0.566667 -1.96 0.00383059
0.566667 -1.92 0.00388837
0.566667 -1.88 0.00351388
0.566667 -1.84 0.00444949
0.566667 -1.8 0.00553839
0.566667 -1.76 0.00496853
0.566667 -1.72 0.00601446
0.566667 -1.68 0.00477432
0.566667 -1.64 0.0055566
0.566667 -1.6 0.00554722
0.566667 -1.56 0.00438644
0.566667 -1.52 0.00392754
0.566667 -1.48 0.00321234
0.566667 -1.44 0.00529298
0.566667 -1.4 0.00607483
0.566667 -1.36 0.00636384
0.566667 -1.32 0.00538633
0.566667 -1.28 0.00724627
0.566667 -1.24 0.00739503
0.566667 -1.2 0.00653288
0.566667 -1.16 0.00443307
0.566667 -1.12 0.00399408
0.566667 -1.08 0.00688874
0.566667 -1.04 0.00668204
0.566667 -1 0.00406414
0.566667 -0.96 0.00445562
0.566667 -0.92 0.00690224
0.566667 -0.88 0.00798573
0.566667 -0.84 0.00779487
0.566667 -0.8 0.0100044
0.566667 -0.76 0.0102742
0.566667 -0.72 0.00972691
0.566667 -0.68 0.00771771
0.566667 -0.64 0.00914817
0.566667 -0.6 0.0122801
0.566667 -0.56 0.0135497
0.566667 -0.52 0.0107527
0.566667 -0.48 0.00974788
0.566667 -0.44 0.0110134
0.566667 -0.4 0.0114218
0.566667 -0.36 0.00888312
0.566667 -0.32 0.00700542
0.566667 -0.28 0.00758369
0.566667 -0.24 0.00655232
0.566667 -0.2 0.00701795
0.566667 -0.16 0.00731591
0.566667 -0.12 0.00920987
0.566667 -0.08 0.0123874
0.566667 -0.04 0.0144121
0.566667 0 0.0142043
0.566667 0.04 0.0142039
0.566667 0.08 0.0153138
0.566667 0.12 0.020914
0.566667 0.16 0.0360101
0.566667 0.2 0.0563743
0.566667 0.24 0.0738433
0.566667 0.28 0.0848253
0.566667 0.32 0.0845165
0.566667 0.36 0.076695
0.566667 0.4 0.0643394
0.566667 0.44 0.0545572
0.566667 0.48 0.0387574
0.566667 0.52 0.0282807
0.566667 0.56 0.0197045
0.566667 0.6 0.0164159
0.566667 0.64 0.0137626
0.566667 0.68 0.010508
0.566667 0.72 0.0091449
0.566667 0.76 0.00803055
0.566667 0.8 0.00532712
0.566667 0.84 0.00848236
0.566667 0.88 0.00489407
0.566667 0.92 0.00207107
0.566667 0.96 0.00440393
0.566667 1 0.00532525
0.566667 1.04 0.00412686
0.566667 1.08 0.00205682
0.566667 1.12 0.00339239
0.566667 1.16 0.00186323
0.566667 1.2 0.00125042
0.566667 1.24 0.00158327
0.566667 1.28 0.00227766
0.566667 1.32 0.00221025
0.566667 1.36 0.00178597
0.566667 1.4 0.00250603
0.566667 1.44 0.00192973
0.566667 1.48 0.00131724
0.566667 1.52 0.000832499
0.566667 1.56 0.000879568
0.566667 1.6 0.00128264
0.566667 1.64 0.00111329
0.566667 1.68 0.00106342
0.566667 1.72 0.00101693
0.566667 1.76 0.000925027
0.566667 1.8 0.000683147
0.566667 1.84 0.00079627
0.566667 1.88 0.000690798
0.566667 1.92 0.000630956
0.566667 1.96 0.000758956
0.566667 2 0.000678957
0.566667 2.04 0.000568899
0.566667 2.08 0.000544058
0.566667 2.12 0.000557046
0.566667 2.16 0.000471842
0.566667 2.2 0.000561681
0.566667 2.24 0.000507361
0.566667 2.28 0.000448603
0.566667 2.32 0.000470931
0.566667 2.36 0.000352935
0.566667 2.4 0.000411452
0.566667 2.44 0.000433498
0.566667 2.48 0.000517129
0.566667 2.52 0.000384255
0.566667 2.56 0.000362423
0.566667 2.6 0.000347363
0.566667 2.64 0.00026702
0.566667 2.68 0.000230208
0.566667 2.72 0.000300638
0.566667 2.76 0.000251227
0.566667 2.8 0.000216112
0.566667 2.84 0.000282651
0.566667 2.88 0.000233579
0.566667 2.92 0.000314768
0.566667 2.96 0.000383554
0.566667 3 0.000441128
0.566667 3.04 0.000332703
0.566667 3.08 0.000320077
0.566667 3.12 0.000246106
0.566667 3.16 0.000179094
0.566667 3.2 0.000166328
0.566667 3.24 0.000236045
0.566667 3.28 0.000309524
0.566667 3.32 0.000199207
0.566667 3.36 0.000159631
0.566667 3.4 0.000145074
0.566667 3.44 0.000170851
0.566667 3.48 8.01073e-05
0.566667 3.52 0.000271478
0.566667 3.56 0.000339129
0.566667 3.6 0.000310905
0.566667 3.64 0.000243955
0.566667 3.68 0.000176232
0.566667 3.72 0.000150508
0.566667 3.76 0.000161061
0.566667 3.8 0.000214912
0.566667 3.84 0.000229044
0.566667 3.88 0.000305482
0.566667 3.92 0.000226691
0.566667 3.96 0.000227275
0.566667 4 0.000138738
0.583333 -4 0.00172867
0.583333 -3.96 0.00239
0.583333 -3.92 0.00259055
0.583333 -3.88 0.00222663
0.583333 -3.84 0.00341283
0.583333 -3.8 0.00396007
0.583333 -3.76 0.00557937
0.583333 -3.72 0.006357
0.583333 -3.68 0.00612339
0.583333 -3.64 0.00703208
0.583333 -3.6 0.00735252
0.583333 -3.56 0.0100677
0.583333 -3.52 0.0113811
0.583333 -3.48 0.00824226
0.583333 -3.44 0.00562005
0.583333 -3.4 0.00508902
0.583333 -3.36 0.00421808
0.583333 -3.32 0.00553997
0.583333 -3.28 0.00596646
0.583333 -3.24 0.00600286
0.583333 -3.2 0.00481362
0.583333 -3.16 0.00416607
0.583333 -3.12 0.00396622
0.583333 -3.08 0.00343762
0.583333 -3.04 0.00330246
0.583333 -3 0.00278277
0.583333 -2.96 0.00266481
0.583333 -2.92 0.00123059
0.583333 -2.88 0.00298551
0.583333 -2.84 0.00367951
0.583333 -2.8 0.00476986
0.583333 -2.76 0.00189959
0.583333 -2.72 0.00145075
0.583333 -2.68 0.0022009
0.583333 -2.64 0.00268419
0.583333 -2.6 0.00322249
0.583333 -2.56 0.00289731
0.583333 -2.52 0.00237898
0.583333 -2.48 0.00244266
0.583333 -2.44 0.00364545
0.583333 -2.4 0.00386784
0.583333 -2.36 0.00473286
0.583333 -2.32 0.00362566
0.583333 -2.28 0.00332553
0.583333 -2.24 0.00249295
0.583333 -2.2 0.00366394
0.583333 -2.16 0.00446946
0.583333 -2.12 0.00396074
0.583333 -2.08 0.00308
0.583333 -2.04 0.00268023
0.583333 -2 0.00220159
0.583333 -1.96 0.00451132
0.583333 -1.92 0.00377246
0.583333 -1.88 0.00337806
0.583333 -1.84 0.00504131
0.583333 -1.8 0.00520264
0.583333 -1.76 0.00491731
0.583333 -1.72 0.00611423
0.583333 -1.68 0.00432118
0.583333 -1.64 0.00475789
0.583333 -1.6 0.00342739
0.583333 -1.56 0.0056655
0.583333 -1.52 0.00414946
0.583333 -1.48 0.00302871
0.583333 -1.44 0.00557211
0.583333 -1.4 0.00674839
0.583333 -1.36 0.00660971
0.583333 -1.32 0.00531401
0.583333 -1.28 0.00801529
0.583333 -1.24 0.007163
0.583333 -1.2 0.00560229
0.583333 -1.16 0.00445844
0.583333 -1.12 0.00234052
0.583333 -1.08 0.00595138
0.583333 -1.04 0.00775455
0.583333 -1 0.00777153
0.583333 -0.96 0.0046249
0.583333 -0.92 0.00594613
0.583333 -0.88 0.00796364
0.583333 -0.84 0.0106455
0.583333 -0.8 0.0133292
0.583333 -0.76 0.0109803
0.583333 -0.72 0.00968814
0.583333 -0.68 0.00762234
0.583333 -0.64 0.00831247
0.583333 -0.6 0.0116554
0.583333 -0.56 0.0123381
0.583333 -0.52 0.0134259
0.583333 -0.48 0.0137314
0.583333 -0.44 0.0137932
0.583333 -0.4 0.0119719
0.583333 -0.36 0.0082179
0.583333 -0.32 0.00702258
0.583333 -0.28 0.00799827
0.583333 -0.24 0.00686251
0.583333 -0.2 0.00795795
0.583333 -0.16 0.00950411
0.583333 -0.12 0.0122058
0.583333 -0.08 0.0152661
0.583333 -0.04 0.0167065
0.583333 0 0.016101
0.583333 0.04 0.0174092
0.583333 0.08 0.0248411
0.583333 0.12 0.0405132
0.583333 0.16 0.0643197
0.583333 0.2 0.0858508
0.583333 0.24 0.0933125
0.583333 0.28 0.0884978
0.583333 0.32 0.0747311
0.583333 0.36 0.0569597
0.583333 0.4 0.0424409
0.583333 0.44 0.0315002
0.583333 0.48 0.0233424
0.583333 0.52 0.0191989
0.583333 0.56 0.0142868
0.583333 0.6 0.0120982
0.583333 0.64 0.00950596
0.583333 0.68 0.00690421
0.583333 0.72 0.00800059
0.583333 0.76 0.00679642
0.583333 0.8 0.0047215
0.583333 0.84 0.00669756
0.583333 0.88 0.00476787
0.583333 0.92 0.00140728
0.583333 0.96 0.00328064
0.583333 1 0.00394236
0.583333 1.04 0.00351114
0.583333 1.08 0.00206927
0.583333 1.12 0.00262274
0.583333 1.16 0.00179101
0.583333 1.2 0.000872399
0.583333 1.24 0.00156582
0.583333 1.28 0.00184641
0.583333 1.32 0.00155458
0.583333 1.36 0.00137997
0.583333 1.4 0.00239563
0.583333 1.44 0.00193471
0.583333 1.48 0.00133677
0.583333 1.52 0.000979988
0.583333 1.56 0.000759806
0.583333 1.6 0.00138069
0.583333 1.64 0.00107872
0.583333 1.68 0.000884156
0.583333 1.72 0.00103572
0.583333 1.76 0.000972122
0.583333 1.8 0.0006969
0.583333 1.84 0.000613296
0.583333 1.88 0.000648026
0.583333 1.92 0.000612452
0.583333 1.96 0.000545409
0.583333 2 0.000636375
0.583333 2.04 0.000540236
0.583333 2.08 0.000497027
0.583333 2.12 0.000624348
0.583333 2.16 0.000476336
0.583333 2.2 0.000545186
0.583333 2.24 0.000464899
0.583333 2.28 0.000418339
0.583333 2.32 0.000393501
0.583333 2.36 0.000344073
0.583333 2.4 0.000361151
0.583333 2.44 0.000462864
0.583333 2.48 0.000507486
0.583333 2.52 0.000433143
0.583333 2.56 0.000271109
0.583333 2.6 0.000311745
0.583333 2.64 0.000334844
0.583333 2.68 0.000268557
0.583333 2.72 0.000338243
0.583333 2.76 0.000242322
0.583333 2.8 0.000253293
0.583333 2.84 0.00021462
0.583333 2.88 0.000239879
0.583333 2.92 0.000275984
0.583333 2.96 0.000299385
0.583333 3 0.000336146
0.583333 3.04 0.000253335
0.583333 3.08 0.000298557
0.583333 3.12 0.000196645
0.583333 3.16 0.000183965
0.583333 3.2 0.000192613
0.583333 3.24 0.000317088
0.583333 3.28 0.000298943
0.583333 3.32 0.000224292
0.583333 3.36 0.000182388
0.583333 3.4 0.00011981
0.583333 3.44 0.000142976
0.583333 3.48 0.000129313
0.583333 3.52 0.000259954
0.583333 3.56 0.000377584
0.583333 3.6 0.00033069
0.583333 3.64 0.000290869
0.583333 3.68 0.000180912
0.583333 3.72 0.000130828
0.583333 3.76 0.000115159
0.583333 3.8 0.000188019
0.583333 3.84 0.000217834
0.583333 3.88 0.000347814
0.583333 3.92 0.000207242
0.583333 3.96 0.000230813
0.583333 4 0.000162929
0.6 -4 0.00158533
0.6 -3.96 0.00190014
0.6 -3.92 0.00206295
0.6 -3.88 0.00235456
0.6 -3.84 0.0031977
0.6 -3.8 0.00358118
0.6 -3.76 0.00507155
0.6 -3.72 0.00520458
0.6 -3.68 0.00538536
0.6 -3.64 0.00697689
0.6 -3.6 0.0077031
0.6 -3.56 0.00932844
0.6 -3.52 0.0117156
0.6 -3.48 0.0093399
0.6 -3.44 0.00605198
0.6 -3.4 0.00570574
0.6 -3.36 0.00477875
0.6 -3.32 0.00643375
0.6 -3.28 0.00693862
0.6 -3.24 0.00716944
0.6 -3.2 0.00533693
0.6 -3.16 0.0036223
0.6 -3.12 0.00328416
0.6 -3.08 0.00290294
0.6 -3.04 0.00261653
0.6 -3 0.00207257
0.6 -2.96 0.00174177
0.6 -2.92 0.00162329
0.6 -2.88 0.00345496
0.6 -2.84 0.00405956
0.6 -2.8 0.00400383
0.6 -2.76 0.00200946
0.6 -2.72 0.0014872
0.6 -2.68 0.00211981
0.6 -2.64 0.00297737
0.6 -2.6 0.00347136
0.6 -2.56 0.00376336
0.6 -2.52 0.00298853
0.6 -2.48 0.00239801
0.6 -2.44 0.00246317
0.6 -2.4 0.00354445
0.6 -2.36 0.00486716
0.6 -2.32 0.00272347
0.6 -2.28 0.00297286
0.6 -2.24 0.0034976
0.6 -2.2 0.00340629
0.6 -2.16 0.00398287
0.6 -2.12 0.0041068
0.6 -2.08 0.00350869
0.6 -2.04 0.00307743
0.6 -2 0.00293304
0.6 -1.96 0.00482842
0.6 -1.92 0.00310504
0.6 -1.88 0.00426864
0.6 -1.84 0.00488107
0.6 -1.8 0.00459562
0.6 -1.76 0.00617017
0.6 -1.72 0.00547944
0.6 -1.68 0.00404748
0.6 -1.64 0.00430306
0.6 -1.6 0.00253341
0.6 -1.56 0.00538389
0.6 -1.52 0.00372121
0.6 -1.48 0.00381554
0.6 -1.44 0.00628047
0.6 -1.4 0.00835297
0.6 -1.36 0.0073597
0.6 -1.32 0.00579107
0.6 -1.28 0.00608823
0.6 -1.24 0.00644669
0.6 -1.2 0.00521033
0.6 -1.16 0.0042753
0.6 -1.12 0.00313946
0.6 -1.08 0.00608745
0.6 -1.04 0.00882124
0.6 -1 0.00988384
0.6 -0.96 0.00716359
0.6 -0.92 0.00834491
0.6 -0.88 0.00893094
0.6 -0.84 0.0107862
0.6 -0.8 0.0122678
0.6 -0.76 0.0113169
0.6 -0.72 0.0102036
0.6 -0.68 0.00809542
0.6 -0.64 0.0118965
0.6 -0.6 0.0124309
0.6 -0.56 0.0113439
0.6 -0.52 0.0131019
0.6 -0.48 0.0136198
0.6 -0.44 0.0108326
0.6 -0.4 0.00879457
0.6 -0.36 0.00915139
0.6 -0.32 0.0119969
0.6 -0.28 0.014806
0.6 -0.24 0.0142143
0.6 -0.2 0.0143427
0.6 -0.16 0.0133476
0.6 -0.12 0.0111654
0.6 -0.08 0.0144518
0.6 -0.04 0.021106
0.6 0 0.0273949
0.6 0.04 0.0390379
0.6 0.08 0.059345
0.6 0.12 0.0808517
0.6 0.16 0.0947071
0.6 0.2 0.0963341
0.6 0.24 0.0843704
0.6 0.28 0.0662713
0.6 0.32 0.0486982
0.6 0.36 0.0333708
0.6 0.4 0.0244998
0.6 0.44 0.0173978
0.6 0.48 0.0154883
0.6 0.52 0.0140396
0.6 0.56 0.0108677
0.6 0.6 0.00782141
0.6 0.64 0.0072753
0.6 0.68 0.0061119
0.6 0.72 0.00773107
0.6 0.76 0.00590747
0.6 0.8 0.00382563
0.6 0.84 0.004561
0.6 0.88 0.00524017
0.6 0.92 0.00197795
0.6 0.96 0.00221251
0.6 1 0.00198521
0.6 1.04 0.00228039
0.6 1.08 0.00229105
0.6 1.12 0.00271176
0.6 1.16 0.00140389
0.6 1.2 0.00103746
0.6 1.24 0.00175079
0.6 1.28 0.00196843
0.6 1.32 0.000750927
0.6 1.36 0.00033657
0.6 1.4 0.0022185
0.6 1.44 0.00236184
0.6 1.48 0.00135443
0.6 1.52 0.00109682
0.6 1.56 0.000928084
0.6 1.6 0.0013932
0.6 1.64 0.00101884
0.6 1.68 0.000770458
0.6 1.72 0.000965494
0.6 1.76 0.000980328
0.6 1.8 0.00075715
0.6 1.84 0.000496741
0.6 1.88 0.000591736
0.6 1.92 0.000704618
0.6 1.96 0.000620565
0.6 2 0.000549415
0.6 2.04 0.000497935
0.6 2.08 0.000522345
0.6 2.12 0.000523718
0.6 2.16 0.000565923
0.6 2.2 0.00057258
0.6 2.24 0.000510259
0.6 2.28 0.000394065
0.6 2.32 0.000303165
0.6 2.36 0.00035747
0.6 2.4 0.000332681
0.6 2.44 0.000494553
0.6 2.48 0.000454317
0.6 2.52 0.000469262
0.6 2.56 0.000204727
0.6 2.6 0.000243855
0.6 2.64 0.000361837
0.6 2.68 0.00030626
0.6 2.72 0.000339415
0.6 2.76 0.000276609
0.6 2.8 0.000272469
0.6 2.84 0.000174277
0.6 2.88 0.00018723
0.6 2.92 0.000167191
0.6 2.96 0.00025388
0.6 3 0.000228623
0.6 3.04 0.000187746
0.6 3.08 0.000237405
0.6 3.12 0.000161329
0.6 3.16 0.000187275
0.6 3.2 0.00020447
0.6 3.24 0.000368419
0.6 3.28 0.000263479
0.6 3.32 0.000257251
0.6 3.36 0.000201392
0.6 3.4 0.000124833
0.6 3.44 0.000131088
0.6 3.48 0.000240479
0.6 3.52 0.000280504
0.6 3.56 0.000348484
0.6 3.6 0.000320328
0.6 3.64 0.000234287
0.6 3.68 0.000178522
0.6 3.72 0.00011457
0.6 3.76 0.000102255
0.6 3.8 0.000167396
0.6 3.84 0.000252868
0.6 3.88 0.000340297
0.6 3.92 0.000205392
0.6 3.96 0.000206074
0.6 4 0.000201624
0.616667 -4 0.00183957
0.616667 -3.96 0.00137825
0.616667 -3.92 0.00140287
0.616667 -3.88 0.00220249
0.616667 -3.84 0.00269964
0.616667 -3.8 0.00316341
0.616667 -3.76 0.00443298
0.616667 -3.72 0.00397151
0.616667 -3.68 0.00469612
0.616667 -3.64 0.00608995
0.616667 -3.6 0.00713856
0.616667 -3.56 0.00895605
0.616667 -3.52 0.0112284
0.616667 -3.48 0.0109385
0.616667 -3.44 0.00670243
0.616667 -3.4 0.0066777
0.616667 -3.36 0.00587768
0.616667 -3.32 0.00702018
0.616667 -3.28 0.00804111
0.616667 -3.24 0.00807092
0.616667 -3.2 0.00539689
0.616667 -3.16 0.00290902
0.616667 -3.12 0.00260496
0.616667 -3.08 0.00244684
0.616667 -3.04 0.00233872
0.616667 -3 0.00211168
0.616667 -2.96 0.00138474
0.616667 -2.92 0.00268678
0.616667 -2.88 0.00408343
0.616667 -2.84 0.00432696
0.616667 -2.8 0.00401113
0.616667 -2.76 0.00210358
0.616667 -2.72 0.00149458
0.616667 -2.68 0.00216486
0.616667 -2.64 0.00407608
0.616667 -2.6 0.00448427
0.616667 -2.56 0.00446942
0.616667 -2.52 0.00366204
0.616667 -2.48 0.00259925
0.616667 -2.44 0.00247907
0.616667 -2.4 0.00386789
0.616667 -2.36 0.00454532
0.616667 -2.32 0.00295361
0.616667 -2.28 0.00244862
0.616667 -2.24 0.00387342
0.616667 -2.2 0.00374228
0.616667 -2.16 0.00343049
0.616667 -2.12 0.00440712
0.616667 -2.08 0.00418765
0.616667 -2.04 0.00355171
0.616667 -2 0.00441146
0.616667 -1.96 0.00465069
0.616667 -1.92 0.00374536
0.616667 -1.88 0.00555751
0.616667 -1.84 0.00425947
0.616667 -1.8 0.00443223
0.616667 -1.76 0.00702638
0.616667 -1.72 0.00487656
0.616667 -1.68 0.00397378
0.616667 -1.64 0.00425533
0.616667 -1.6 0.00440923
0.616667 -1.56 0.00454262
0.616667 -1.52 0.00366256
0.616667 -1.48 0.00513277
0.616667 -1.44 0.00701478
0.616667 -1.4 0.00913007
0.616667 -1.36 0.00786652
0.616667 -1.32 0.00611813
0.616667 -1.28 0.00342219
0.616667 -1.24 0.00611731
0.616667 -1.2 0.00577881
0.616667 -1.16 0.00475144
0.616667 -1.12 0.005721
0.616667 -1.08 0.00750631
0.616667 -1.04 0.00922721
0.616667 -1 0.0085243
0.616667 -0.96 0.00933375
0.616667 -0.92 0.0116839
0.616667 -0.88 0.0100439
0.616667 -0.84 0.00798527
0.616667 -0.8 0.0078951
0.616667 -0.76 0.0108588
0.616667 -0.72 0.0115858
0.616667 -0.68 0.00952339
0.616667 -0.64 0.0160065
0.616667 -0.6 0.0133153
0.616667 -0.56 0.0116402
0.616667 -0.52 0.0120512
0.616667 -0.48 0.011611
0.616667 -0.44 0.00790098
0.616667 -0.4 0.00839926
0.616667 -0.36 0.0124957
0.616667 -0.32 0.0175695
0.616667 -0.28 0.0208883
0.616667 -0.24 0.0207758
0.616667 -0.2 0.0181723
0.616667 -0.16 0.0138943
0.616667 -0.12 0.016379
0.616667 -0.08 0.0250884
0.616667 -0.04 0.0343931
0.616667 0 0.0483534
0.616667 0.04 0.0710954
0.616667 0.08 0.0970565
0.616667 0.12 0.109461
0.616667 0.16 0.0990367
0.616667 0.2 0.0754555
0.616667 0.24 0.0520031
0.616667 0.28 0.0346116
0.616667 0.32 0.0240723
0.616667 0.36 0.0183933
0.616667 0.4 0.0161964
0.616667 0.44 0.0133982
0.616667 0.48 0.0111354
0.616667 0.52 0.0087004
0.616667 0.56 0.00672941
0.616667 0.6 0.00609798
0.616667 0.64 0.0078556
0.616667 0.68 0.00554388
0.616667 0.72 0.006208
0.616667 0.76 0.0051096
0.616667 0.8 0.00301936
0.616667 0.84 0.00354094
0.616667 0.88 0.00506118
0.616667 0.92 0.00268219
0.616667 0.96 0.002048
0.616667 1 0.00066891
0.616667 1.04 0.00173224
0.616667 1.08 0.00217049
0.616667 1.12 0.00263331
0.616667 1.16 0.00135123
0.616667 1.2 0.00166407
0.616667 1.24 0.00221896
0.616667 1.28 0.00234859
0.616667 1.32 0.000654201
0.616667 1.36 3.29801e-05
0.616667 1.4 0.00204707
0.616667 1.44 0.00246454
0.616667 1.48 0.00110751
0.616667 1.52 0.000893375
0.616667 1.56 0.000976057
0.616667 1.6 0.001172
0.616667 1.64 0.000876512
0.616667 1.68 0.000783123
0.616667 1.72 0.000808046
0.616667 1.76 0.000983434
0.616667 1.8 0.00077206
0.616667 1.84 0.000479395
0.616667 1.88 0.000550698
0.616667 1.92 0.000731189
0.616667 1.96 0.000806555
0.616667 2 0.000459754
0.616667 2.04 0.000458771
0.616667 2.08 0.000528786
0.616667 2.12 0.000411115
0.616667 2.16 0.000583061
0.616667 2.2 0.00056015
0.616667 2.24 0.000599139
0.616667 2.28 0.000428461
0.616667 2.32 0.00029789
0.616667 2.36 0.000339954
0.616667 2.4 0.000323436
0.616667 2.44 0.000419093
0.616667 2.48 0.00034053
0.616667 2.52 0.000378647
0.616667 2.56 0.000200921
0.616667 2.6 0.000169365
0.616667 2.64 0.000292437
0.616667 2.68 0.00027427
0.616667 2.72 0.000296512
0.616667 2.76 0.000310966
0.616667 2.8 0.000245035
0.616667 2.84 0.000203518
0.616667 2.88 0.000124033
0.616667 2.92 8.65842e-05
0.616667 2.96 0.000244934
0.616667 3 0.000146183
0.616667 3.04 0.000167162
0.616667 3.08 0.000162259
0.616667 3.12 0.000170489
0.616667 3.16 0.000185577
0.616667 3.2 0.000214007
0.616667 3.24 0.000294061
0.616667 3.28 0.000233649
0.616667 3.32 0.000253787
0.616667 3.36 0.000189678
0.616667 3.4 0.000137103
0.616667 3.44 0.000114071
0.616667 3.48 0.000292104
0.616667 3.52 0.000283988
0.616667 3.56 0.000241334
0.616667 3.6 0.000241123
0.616667 3.64 0.000137207
0.616667 3.68 0.000155768
0.616667 3.72 0.000109323
0.616667 3.76 0.000116389
0.616667 3.8 0.00016322
0.616667 3.84 0.000289119
0.616667 3.88 0.000288506
0.616667 3.92 0.000207397
0.616667 3.96 0.000169493
0.616667 4 0.000176521
0.633333 -4 0.00173238
0.633333 -3.96 0.00119149
0.633333 -3.92 0.00102277
0.633333 -3.88 0.00168216
0.633333 -3.84 0.00237032
0.633333 -3.8 0.00278227
0.633333 -3.76 0.00429773
0.633333 -3.72 0.00398479
0.633333 -3.68 0.00434606
0.633333 -3.64 0.00472611
0.633333 -3.6 0.00586789
0.633333 -3.56 0.00882526
0.633333 -3.52 0.0102801
0.633333 -3.48 0.0110043
0.633333 -3.44 0.0071726
0.633333 -3.4 0.00758755
0.633333 -3.36 0.00701598
0.633333 -3.32 0.00752424
0.633333 -3.28 0.0087752
0.633333 -3.24 0.00801914
0.633333 -3.2 0.0050159
0.633333 -3.16 0.00271403
0.633333 -3.12 0.00241459
0.633333 -3.08 0.00218531
0.633333 -3.04 0.00228888
0.633333 -3 0.00266599
0.633333 -2.96 0.00217892
0.633333 -2.92 0.00368742
0.633333 -2.88 0.00469142
0.633333 -2.84 0.00425129
0.633333 -2.8 0.00483433
0.633333 -2.76 0.00189657
0.633333 -2.72 0.00169691
0.633333 -2.68 0.00265527
0.633333 -2.64 0.00443621
0.633333 -2.6 0.00501631
0.633333 -2.56 0.00444812
0.633333 -2.52 0.0037153
0.633333 -2.48 0.00294296
0.633333 -2.44 0.00350516
0.633333 -2.4 0.00459994
0.633333 -2.36 0.00433844
0.633333 -2.32 0.00389058
0.633333 -2.28 0.00253659
0.633333 -2.24 0.00348161
0.633333 -2.2 0.00407377
0.633333 -2.16 0.0033551
0.633333 -2.12 0.00436948
0.633333 -2.08 0.00497367
0.633333 -2.04 0.00359529
0.633333 -2 0.00447507
0.633333 -1.96 0.00432393
0.633333 -1.92 0.00502384
0.633333 -1.88 0.0053483
0.633333 -1.84 0.00389855
0.633333 -1.8 0.00434744
0.633333 -1.76 0.00631345
0.633333 -1.72 0.00458945
0.633333 -1.68 0.00420071
0.633333 -1.64 0.00419646
0.633333 -1.6 0.00665462
0.633333 -1.56 0.00513045
0.633333 -1.52 0.00414451
0.633333 -1.48 0.00559442
0.633333 -1.44 0.00672887
0.633333 -1.4 0.00775033
0.633333 -1.36 0.00758128
0.633333 -1.32 0.00501227
0.633333 -1.28 0.00326894
0.633333 -1.24 0.00683956
0.633333 -1.2 0.00728172
0.633333 -1.16 0.0063202
0.633333 -1.12 0.00727807
0.633333 -1.08 0.00898428
0.633333 -1.04 0.00915817
0.633333 -1 0.00667567
0.633333 -0.96 0.00950585
0.633333 -0.92 0.0121611
0.633333 -0.88 0.0105632
0.633333 -0.84 0.00601381
0.633333 -0.8 0.00570735
0.633333 -0.76 0.00967168
0.633333 -0.72 0.012323
0.633333 -0.68 0.0121037
0.633333 -0.64 0.01534
0.633333 -0.6 0.0129117
0.633333 -0.56 0.0119035
0.633333 -0.52 0.0139744
0.633333 -0.48 0.0132321
0.633333 -0.44 0.0117332
0.633333 -0.4 0.0137447
0.633333 -0.36 0.0154893
0.633333 -0.32 0.0181397
0.633333 -0.28 0.0188731
0.633333 -0.24 0.0185635
0.633333 -0.2 0.015949
0.633333 -0.16 0.0164737
0.633333 -0.12 0.0276128
0.633333 -0.08 0.0481665
0.633333 -0.04 0.065361
0.633333 0 0.0746878
0.633333 0.04 0.0890677
0.633333 0.08 0.100274
0.633333 0.12 0.0930053
0.633333 0.16 0.0673714
0.633333 0.2 0.0393056
0.633333 0.24 0.0224832
0.633333 0.28 0.0160251
0.633333 0.32 0.0137577
0.633333 0.36 0.0134067
0.633333 0.4 0.0127159
0.633333 0.44 0.0107909
0.633333 0.48 0.00677195
0.633333 0.52 0.00510307
0.633333 0.56 0.00462694
0.633333 0.6 0.00727577
0.633333 0.64 0.00853909
0.633333 0.68 0.00381435
0.633333 0.72 0.00363641
0.633333 0.76 0.00454015
0.633333 0.8 0.00290392
0.633333 0.84 0.00360767
0.633333 0.88 0.00450264
0.633333 0.92 0.00290758
0.633333 0.96 0.00227443
0.633333 1 0.000543138
0.633333 1.04 0.00181765
0.633333 1.08 0.00183407
0.633333 1.12 0.00199624
0.633333 1.16 0.00163141
0.633333 1.2 0.00181146
0.633333 1.24 0.00224497
0.633333 1.28 0.00214329
0.633333 1.32 0.000979592
0.633333 1.36 0.000732338
0.633333 1.4 0.00205111
0.633333 1.44 0.00195551
0.633333 1.48 0.000770231
0.633333 1.52 0.000600713
0.633333 1.56 0.000730701
0.633333 1.6 0.000790309
0.633333 1.64 0.000624096
0.633333 1.68 0.000804891
0.633333 1.72 0.000629716
0.633333 1.76 0.00091789
0.633333 1.8 0.000668492
0.633333 1.84 0.000441847
0.633333 1.88 0.000510397
0.633333 1.92 0.000580728
0.633333 1.96 0.000732948
0.633333 2 0.000423449
0.633333 2.04 0.000437777
0.633333 2.08 0.000428754
0.633333 2.12 0.000404464
0.633333 2.16 0.000429
0.633333 2.2 0.000448023
0.633333 2.24 0.000536501
0.633333 2.28 0.000435301
0.633333 2.32 0.000321169
0.633333 2.36 0.000251682
0.633333 2.4 0.000276813
0.633333 2.44 0.000266614
0.633333 2.48 0.000237937
0.633333 2.52 0.000225454
0.633333 2.56 0.000188031
0.633333 2.6 0.000120773
0.633333 2.64 0.00017123
0.633333 2.68 0.000188051
0.633333 2.72 0.000223658
0.633333 2.76 0.000247384
0.633333 2.8 0.000175371
0.633333 2.84 0.00019849
0.633333 2.88 8.41975e-05
0.633333 2.92 9.18521e-05
0.633333 2.96 0.000238794
0.633333 3 0.000140338
0.633333 3.04 0.000164953
0.633333 3.08 0.000112812
0.633333 3.12 0.000187493
0.633333 3.16 0.000169947
0.633333 3.2 0.000203462
0.633333 3.24 0.000158481
0.633333 3.28 0.000213453
0.633333 3.32 0.000192534
0.633333 3.36 0.000134473
0.633333 3.4 0.000118719
0.633333 3.44 7.6989e-05
0.633333 3.48 0.000216638
0.633333 3.52 0.000215662
0.633333 3.56 0.000126136
0.633333 3.6 0.000145788
0.633333 3.64 7.74398e-05
0.633333 3.68 9.92105e-05
0.633333 3.72 0.000104019
0.633333 3.76 0.000108622
0.633333 3.8 0.000173693
0.633333 3.84 0.000282985
0.633333 3.88 0.000219185
0.633333 3.92 0.000182524
0.633333 3.96 0.000137226
0.633333 4 8.70619e-05
0.65 -4 0.00125205
0.65 -3.96 0.00124311
0.65 -3.92 0.00107069
0.65 -3.88 0.00123578
0.65 -3.84 0.00221149
0.65 -3.8 0.00239484
0.65 -3.76 0.0043009
0.65 -3.72 0.00438139
0.65 -3.68 0.00419187
0.65 -3.64 0.00396077
0.65 -3.6 0.00513554
0.65 -3.56 0.00840583
0.65 -3.52 0.00972737
0.65 -3.48 0.00985461
0.65 -3.44 0.00762426
0.65 -3.4 0.00821511
0.65 -3.36 0.00764962
0.65 -3.32 0.00799134
0.65 -3.28 0.009108
0.65 -3.24 0.00763608
0.65 -3.2 0.00518139
0.65 -3.16 0.00319409
0.65 -3.12 0.00269889
0.65 -3.08 0.00254719
0.65 -3.04 0.00259708
0.65 -3 0.00290199
0.65 -2.96 0.0035866
0.65 -2.92 0.00372351
0.65 -2.88 0.00520216
0.65 -2.84 0.00425952
0.65 -2.8 0.00535123
0.65 -2.76 0.0016695
0.65 -2.72 0.00192381
0.65 -2.68 0.00284981
0.65 -2.64 0.00357802
0.65 -2.6 0.00482531
0.65 -2.56 0.00421773
0.65 -2.52 0.00317437
0.65 -2.48 0.0029547
0.65 -2.44 0.00350378
0.65 -2.4 0.00503902
0.65 -2.36 0.00448393
0.65 -2.32 0.00439922
0.65 -2.28 0.00305356
0.65 -2.24 0.00322817
0.65 -2.2 0.00415884
0.65 -2.16 0.00432898
0.65 -2.12 0.00429029
0.65 -2.08 0.00533971
0.65 -2.04 0.00372028
0.65 -2 0.00390176
0.65 -1.96 0.00414515
0.65 -1.92 0.00504409
0.65 -1.88 0.00380397
0.65 -1.84 0.00407829
0.65 -1.8 0.00422695
0.65 -1.76 0.0052503
0.65 -1.72 0.00484098
0.65 -1.68 0.00459962
0.65 -1.64 0.00439958
0.65 -1.6 0.0070873
0.65 -1.56 0.00681202
0.65 -1.52 0.00491537
0.65 -1.48 0.00504057
0.65 -1.44 0.00567107
0.65 -1.4 0.00565675
0.65 -1.36 0.00661666
0.65 -1.32 0.00336011
0.65 -1.28 0.0055253
0.65 -1.24 0.0079698
0.65 -1.2 0.00904018
0.65 -1.16 0.00765778
0.65 -1.12 0.00715527
0.65 -1.08 0.0098485
0.65 -1.04 0.00926081
0.65 -1 0.00666158
0.65 -0.96 0.00803592
0.65 -0.92 0.0101082
0.65 -0.88 0.0104176
0.65 -0.84 0.006697
0.65 -0.8 0.00768447
0.65 -0.76 0.0101581
0.65 -0.72 0.0123293
0.65 -0.68 0.0149882
0.65 -0.64 0.0122849
0.65 -0.6 0.0125335
0.65 -0.56 0.0114308
0.65 -0.52 0.0166904
0.65 -0.48 0.0175734
0.65 -0.44 0.017928
0.65 -0.4 0.0183135
0.65 -0.36 0.0169367
0.65 -0.32 0.01822
0.65 -0.28 0.0166988
0.65 -0.24 0.0173983
0.65 -0.2 0.0217171
0.65 -0.16 0.0355072
0.65 -0.12 0.0632125
0.65 -0.08 0.0967329
0.65 -0.04 0.111137
0.65 0 0.0961117
0.65 0.04 0.0813164
0.65 0.08 0.0665372
0.65 0.12 0.045408
0.65 0.16 0.0255123
0.65 0.2 0.0141481
0.65 0.24 0.0119552
0.65 0.28 0.0135065
0.65 0.32 0.0132843
0.65 0.36 0.0111578
0.65 0.4 0.00858158
0.65 0.44 0.00580561
0.65 0.48 0.00363139
0.65 0.52 0.00541542
0.65 0.56 0.00546994
0.65 0.6 0.00750618
0.65 0.64 0.00694953
0.65 0.68 0.00233546
0.65 0.72 0.00180489
0.65 0.76 0.0039997
0.65 0.8 0.00291326
0.65 0.84 0.00339265
0.65 0.88 0.00420664
0.65 0.92 0.0027594
0.65 0.96 0.00166347
0.65 1 0.000758473
0.65 1.04 0.00155079
0.65 1.08 0.00165332
0.65 1.12 0.00149022
0.65 1.16 0.00152465
0.65 1.2 0.00112006
0.65 1.24 0.00148727
0.65 1.28 0.00137048
0.65 1.32 0.000792168
0.65 1.36 0.00109626
0.65 1.4 0.00215946
0.65 1.44 0.00138416
0.65 1.48 0.00069348
0.65 1.52 0.000543522
0.65 1.56 0.00055525
0.65 1.6 0.000513098
0.65 1.64 0.000380433
0.65 1.68 0.00067357
0.65 1.72 0.000495111
0.65 1.76 0.000697813
0.65 1.8 0.00045783
0.65 1.84 0.000307302
0.65 1.88 0.000423134
0.65 1.92 0.000353451
0.65 1.96 0.000405366
0.65 2 0.00043465
0.65 2.04 0.000425572
0.65 2.08 0.000295828
0.65 2.12 0.000404677
0.65 2.16 0.000204403
0.65 2.2 0.000295606
0.65 2.24 0.000275662
0.65 2.28 0.000308279
0.65 2.32 0.000242272
0.65 2.36 0.000116516
0.65 2.4 0.000170102
0.65 2.44 0.000171608
0.65 2.48 0.000218277
0.65 2.52 0.00016156
0.65 2.56 0.000129075
0.65 2.6 0.0001336
0.65 2.64 9.17844e-05
0.65 2.68 0.000112487
0.65 2.72 0.000138922
0.65 2.76 7.3782e-05
0.65 2.8 6.44154e-05
0.65 2.84 8.54022e-05
0.65 2.88 5.11912e-05
0.65 2.92 0.000125859
0.65 2.96 0.0002252
0.65 3 0.000189057
0.65 3.04 0.000124418
0.65 3.08 9.65328e-05
0.65 3.12 0.00014805
0.65 3.16 0.000125983
0.65 3.2 0.000130813
0.65 3.24 9.42044e-05
0.65 3.28 0.000181814
0.65 3.32 0.000115928
0.65 3.36 5.78251e-05
0.65 3.4 7.49772e-05
0.65 3.44 3.93897e-05
0.65 3.48 7.81443e-05
0.65 3.52 0.00010077
0.65 3.56 5.68465e-05
0.65 3.6 0.000101199
0.65 3.64 6.73562e-05
0.65 3.68 3.483e-05
0.65 3.72 8.55698e-05
0.65 3.76 6.90489e-05
0.65 3.8 0.000180723
0.65 3.84 0.000234107
0.65 3.88 0.000160091
0.65 3.92 0.000131056
0.65 3.96 0.000109875
0.65 4 1.74687e-05
0.666667 -4 0.00117669
0.666667 -3.96 0.00122558
0.666667 -3.92 0.00117055
0.666667 -3.88 0.00117346
0.666667 -3.84 0.00179693
0.666667 -3.8 0.00195954
0.666667 -3.76 0.00363885
0.666667 -3.72 0.00368243
0.666667 -3.68 0.00378952
0.666667 -3.64 0.00398885
0.666667 -3.6 0.00504567
0.666667 -3.56 0.00748102
0.666667 -3.52 0.00952552
0.666667 -3.48 0.00925322
0.666667 -3.44 0.00807741
0.666667 -3.4 0.00849871
0.666667 -3.36 0.00781262
0.666667 -3.32 0.00830351
0.666667 -3.28 0.00949555
0.666667 -3.24 0.00806915
0.666667 -3.2 0.00633247
0.666667 -3.16 0.00395955
0.666667 -3.12 0.00311873
0.666667 -3.08 0.00348414
0.666667 -3.04 0.00367522
0.666667 -3 0.00307571
0.666667 -2.96 0.0047758
0.666667 -2.92 0.00314131
0.666667 -2.88 0.00534946
0.666667 -2.84 0.00454611
0.666667 -2.8 0.00482839
0.666667 -2.76 0.00175233
0.666667 -2.72 0.00209304
0.666667 -2.68 0.00235921
0.666667 -2.64 0.00309834
0.666667 -2.6 0.00481026
0.666667 -2.56 0.00442378
0.666667 -2.52 0.00292234
0.666667 -2.48 0.00271542
0.666667 -2.44 0.0024697
0.666667 -2.4 0.00482123
0.666667 -2.36 0.00469989
0.666667 -2.32 0.0042767
0.666667 -2.28 0.00341378
0.666667 -2.24 0.00332054
0.666667 -2.2 0.00423156
0.666667 -2.16 0.00557269
0.666667 -2.12 0.00465987
0.666667 -2.08 0.00479268
0.666667 -2.04 0.00434187
0.666667 -2 0.00462753
0.666667 -1.96 0.00437163
0.666667 -1.92 0.00396101
0.666667 -1.88 0.00310248
0.666667 -1.84 0.00447696
0.666667 -1.8 0.00470607
0.666667 -1.76 0.00528936
0.666667 -1.72 0.00569149
0.666667 -1.68 0.00497873
0.666667 -1.64 0.00537149
0.666667 -1.6 0.00695299
0.666667 -1.56 0.00771574
0.666667 -1.52 0.0057184
0.666667 -1.48 0.00465318
0.666667 -1.44 0.00526612
0.666667 -1.4 0.00528433
0.666667 -1.36 0.00575888
0.666667 -1.32 0.00343848
0.666667 -1.28 0.00717226
0.666667 -1.24 0.00869591
0.666667 -1.2 0.0102309
0.666667 -1.16 0.00757568
0.666667 -1.12 0.00706865
0.666667 -1.08 0.0103149
0.666667 -1.04 0.00957956
0.666667 -1 0.00718682
0.666667 -0.96 0.00641253
0.666667 -0.92 0.00932147
0.666667 -0.88 0.0105951
0.666667 -0.84 0.0085471
0.666667 -0.8 0.0106468
0.666667 -0.76 0.0138938
0.666667 -0.72 0.0131496
0.666667 -0.68 0.0161048
0.666667 -0.64 0.0125251
0.666667 -0.6 0.0135907
0.666667 -0.56 0.0118416
0.666667 -0.52 0.0164651
0.666667 -0.48 0.0195121
0.666667 -0.44 0.0194823
0.666667 -0.4 0.0188409
0.666667 -0.36 0.0210777
0.666667 -0.32 0.0273768
0.666667 -0.28 0.0292803
0.666667 -0.24 0.0352643
0.666667 -0.2 0.0496369
0.666667 -0.16 0.0718769
0.666667 -0.12 0.096788
0.666667 -0.08 0.116551
0.666667 -0.04 0.114974
0.666667 0 0.0835339
0.666667 0.04 0.0521723
0.666667 0.08 0.0367463
0.666667 0.12 0.0336054
0.666667 0.16 0.0265772
0.666667 0.2 0.0151039
0.666667 0.24 0.0121135
0.666667 0.28 0.0129614
0.666667 0.32 0.0109163
0.666667 0.36 0.00697902
0.666667 0.4 0.00468915
0.666667 0.44 0.00396382
0.666667 0.48 0.00332391
0.666667 0.52 0.00654143
0.666667 0.56 0.00554696
0.666667 0.6 0.00477197
0.666667 0.64 0.00451985
0.666667 0.68 0.00228599
0.666667 0.72 0.00167358
0.666667 0.76 0.00332569
0.666667 0.8 0.00238115
0.666667 0.84 0.00212442
0.666667 0.88 0.00374253
0.666667 0.92 0.00241132
0.666667 0.96 0.00122931
0.666667 1 0.000528671
0.666667 1.04 0.000760995
0.666667 1.08 0.00158332
0.666667 1.12 0.00145165
0.666667 1.16 0.000724708
0.666667 1.2 0.000419673
0.666667 1.24 0.000918021
0.666667 1.28 0.0010919
0.666667 1.32 6.00197e-05
0.666667 1.36 0.000245636
0.666667 1.4 0.00194859
0.666667 1.44 0.00127746
0.666667 1.48 0.000812614
0.666667 1.52 0.00059812
0.666667 1.56 0.000728116
0.666667 1.6 0.000494273
0.666667 1.64 0.000310128
0.666667 1.68 0.000384289
0.666667 1.72 0.000403836
0.666667 1.76 0.000378737
0.666667 1.8 0.000230435
0.666667 1.84 0.000186723
0.666667 1.88 0.000285315
0.666667 1.92 0.000212683
0.666667 1.96 0.000191195
0.666667 2 0.000427892
0.666667 2.04 0.000391276
0.666667 2.08 0.000239181
0.666667 2.12 0.000276194
0.666667 2.16 8.12003e-05
0.666667 2.2 0.000192071
0.666667 2.24 4.70003e-05
0.666667 2.28 0.000119126
0.666667 2.32 8.06211e-05
0.666667 2.36 1.1934e-05
0.666667 2.4 6.43977e-05
0.666667 2.44 0.00019181
0.666667 2.48 0.000245751
0.666667 2.52 0.000207982
0.666667 2.56 8.82605e-05
0.666667 2.6 0.000196997
0.666667 2.64 7.1458e-05
0.666667 2.68 6.30514e-05
0.666667 2.72 5.94091e-05
0.666667 2.76 8.753e-05
0.666667 2.8 7.29712e-05
0.666667 2.84 4.08689e-05
0.666667 2.88 1.98657e-05
0.666667 2.92 0.000123342
0.666667 2.96 0.000218027
0.666667 3 0.000194769
0.666667 3.04 4.1829e-05
0.666667 3.08 8.80049e-05
0.666667 3.12 5.32256e-05
0.666667 3.16 5.68314e-05
0.666667 3.2 1.58946e-05
0.666667 3.24 0.000113809
0.666667 3.28 0.000131285
0.666667 3.32 8.30841e-05
0.666667 3.36 2.36384e-06
0.666667 3.4 4.44538e-05
0.666667 3.44 3.24833e-05
0.666667 3.48 8.84484e-06
0.666667 3.52 1.88168e-05
0.666667 3.56 2.39306e-05
0.666667 3.6 0.00010416
0.666667 3.64 6.90158e-05
0.666667 3.68 1.34369e-05
0.666667 3.72 5.943e-05
0.666667 3.76 4.46677e-05
0.666667 3.8 0.000169325
0.666667 3.84 0.000180617
0.666667 3.88 0.000133132
0.666667 3.92 8.98834e-05
0.666667 3.96 8.77753e-05
0.666667 4 2.47082e-05
0.683333 -4 0.00174915
0.683333 -3.96 0.00112833
0.683333 -3.92 0.00092611
0.683333 -3.88 0.00123583
0.683333 -3.84 0.00114821
0.683333 -3.8 0.00156196
0.683333 -3.76 0.00242983
0.683333 -3.72 0.0022558
0.683333 -3.68 0.00289669
0.683333 -3.64 0.00388626
0.683333 -3.6 0.00458492
0.683333 -3.56 0.00645321
0.683333 -3.52 0.00882526
0.683333 -3.48 0.00935735
0.683333 -3.44 0.00792679
0.683333 -3.4 0.00838715
0.683333 -3.36 0.00788369
0.683333 -3.32 0.00856916
0.683333 -3.28 0.0101697
0.683333 -3.24 0.00935367
0.683333 -3.2 0.00753272
0.683333 -3.16 0.00466347
0.683333 -3.12 0.00359083
0.683333 -3.08 0.00435529
0.683333 -3.04 0.00513029
0.683333 -3 0.00402967
0.683333 -2.96 0.00550266
0.683333 -2.92 0.00320382
0.683333 -2.88 0.0051167
0.683333 -2.84 0.00468254
0.683333 -2.8 0.00377995
0.683333 -2.76 0.00203932
0.683333 -2.72 0.00240918
0.683333 -2.68 0.00204759
0.683333 -2.64 0.00425561
0.683333 -2.6 0.00554809
0.683333 -2.56 0.00509782
0.683333 -2.52 0.00352356
0.683333 -2.48 0.00282534
0.683333 -2.44 0.00232761
0.683333 -2.4 0.00436043
0.683333 -2.36 0.00484169
0.683333 -2.32 0.0038534
0.683333 -2.28 0.00369595
0.683333 -2.24 0.00326222
0.683333 -2.2 0.00431586
0.683333 -2.16 0.00575994
0.683333 -2.12 0.00509268
0.683333 -2.08 0.00375914
0.683333 -2.04 0.00480884
0.683333 -2 0.00569796
0.683333 -1.96 0.00522334
0.683333 -1.92 0.00321695
0.683333 -1.88 0.00380789
0.683333 -1.84 0.0046447
0.683333 -1.8 0.00562767
0.683333 -1.76 0.00590543
0.683333 -1.72 0.00622933
0.683333 -1.68 0.00534303
0.683333 -1.64 0.00662408
0.683333 -1.6 0.00765689
0.683333 -1.56 0.00749852
0.683333 -1.52 0.00586026
0.683333 -1.48 0.00481737
0.683333 -1.44 0.00579993
0.683333 -1.4 0.00672717
0.683333 -1.36 0.00587595
0.683333 -1.32 0.00527988
0.683333 -1.28 0.00719191
0.683333 -1.24 0.00937425
0.683333 -1.2 0.010737
0.683333 -1.16 0.00701769
0.683333 -1.12 0.00730196
0.683333 -1.08 0.0100579
0.683333 -1.04 0.00966548
0.683333 -1 0.00730418
0.683333 -0.96 0.00672371
0.683333 -0.92 0.0111305
0.683333 -0.88 0.0121871
0.683333 -0.84 0.010632
0.683333 -0.8 0.0122924
0.683333 -0.76 0.0174949
0.683333 -0.72 0.0148121
0.683333 -0.68 0.0145183
0.683333 -0.64 0.0152992
0.683333 -0.6 0.0152672
0.683333 -0.56 0.0153442
0.683333 -0.52 0.0177044
0.683333 -0.48 0.0215756
0.683333 -0.44 0.0229296
0.683333 -0.4 0.0251772
0.683333 -0.36 0.0326717
0.683333 -0.32 0.0453547
0.683333 -0.28 0.0563173
0.683333 -0.24 0.0711825
0.683333 -0.2 0.0889214
0.683333 -0.16 0.103815
0.683333 -0.12 0.105831
0.683333 -0.08 0.0959142
0.683333 -0.04 0.0804704
0.683333 0 0.0586613
0.683333 0.04 0.0423257
0.683333 0.08 0.0330537
0.683333 0.12 0.0260396
0.683333 0.16 0.0174048
0.683333 0.2 0.00934586
0.683333 0.24 0.00946211
0.683333 0.28 0.00664809
0.683333 0.32 0.00563223
0.683333 0.36 0.00558259
0.683333 0.4 0.00363203
0.683333 0.44 0.00474446
0.683333 0.48 0.0039742
0.683333 0.52 0.00487517
0.683333 0.56 0.00281984
0.683333 0.6 0.00205561
0.683333 0.64 0.0037481
0.683333 0.68 0.00256473
0.683333 0.72 0.00164446
0.683333 0.76 0.0028747
0.683333 0.8 0.00181603
0.683333 0.84 0.00146343
0.683333 0.88 0.00258613
0.683333 0.92 0.00189743
0.683333 0.96 0.000938249
0.683333 1 0.000280086
0.683333 1.04 0.00017609
0.683333 1.08 0.00146294
0.683333 1.12 0.00145586
0.683333 1.16 0.000129249
0.683333 1.2 0.000383322
0.683333 1.24 0.00151002
0.683333 1.28 0.00174022
0.683333 1.32 0.000775536
0.683333 1.36 0.00089357
0.683333 1.4 0.00130313
0.683333 1.44 0.00141161
0.683333 1.48 0.000717779
0.683333 1.52 0.000449455
0.683333 1.56 0.000940388
0.683333 1.6 0.00060195
0.683333 1.64 0.000400164
0.683333 1.68 0.000132799
0.683333 1.72 0.000308858
0.683333 1.76 0.000139994
0.683333 1.8 8.39599e-05
0.683333 1.84 0.00020455
0.683333 1.88 0.000163936
0.683333 1.92 0.000180468
0.683333 1.96 0.000265795
0.683333 2 0.00038651
0.683333 2.04 0.0003252
0.683333 2.08 0.000231683
0.683333 2.12 9.20777e-05
0.683333 2.16 0.000103392
0.683333 2.2 0.000155629
0.683333 2.24 6.40682e-05
0.683333 2.28 4.79333e-05
0.683333 2.32 1.35839e-07
0.683333 2.36 3.00663e-06
0.683333 2.4 2.78118e-05
0.683333 2.44 0.000239193
0.683333 2.48 0.000224634
0.683333 2.52 0.000230165
0.683333 2.56 0.000109814
0.683333 2.6 0.000227752
0.683333 2.64 4.7881e-05
0.683333 2.68 1.9912e-05
0.683333 2.72 7.3929e-06
0.683333 2.76 0.000113425
0.683333 2.8 0.000167252
0.683333 2.84 5.39062e-05
0.683333 2.88 2.12503e-05
0.683333 2.92 0.000105157
0.683333 2.96 0.000210594
0.683333 3 0.000123232
0.683333 3.04 1.3845e-05
0.683333 3.08 6.77234e-05
0.683333 3.12 1.99849e-05
0.683333 3.16 7.12957e-06
0.683333 3.2 5.15371e-05
0.683333 3.24 0.000124772
0.683333 3.28 9.52227e-05
0.683333 3.32 9.29532e-05
0.683333 3.36 1.22151e-05
0.683333 3.4 4.44398e-05
0.683333 3.44 5.77394e-05
0.683333 3.48 1.2177e-05
0.683333 3.52 9.23055e-06
0.683333 3.56 1.01562e-05
0.683333 3.6 0.000109814
0.683333 3.64 5.14982e-05
0.683333 3.68 3.89894e-05
0.683333 3.72 3.82971e-05
0.683333 3.76 6.04454e-05
0.683333 3.8 0.000142913
0.683333 3.84 0.00015492
0.683333 3.88 0.000135772
0.683333 3.92 8.9357e-05
0.683333 3.96 8.09737e-05
0.683333 4 7.18087e-05
0.7 -4 0.0022317
0.7 -3.96 0.0011411
0.7 -3.92 0.000512752
0.7 -3.88 0.00109399
0.7 -3.84 0.000826667
0.7 -3.8 0.00138669
0.7 -3.76 0.00164095
0.7 -3.72 0.0016304
0.7 -3.68 0.00186175
0.7 -3.64 0.00300861
0.7 -3.6 0.00354851
0.7 -3.56 0.00575521
0.7 -3.52 0.00745432
0.7 -3.48 0.0088112
0.7 -3.44 0.00681093
0.7 -3.4 0.00787351
0.7 -3.36 0.00794476
0.7 -3.32 0.00894026
0.7 -3.28 0.0107776
0.7 -3.24 0.0104748
0.7 -3.2 0.00789079
0.7 -3.16 0.00534899
0.7 -3.12 0.00440776
0.7 -3.08 0.00488045
0.7 -3.04 0.00594667
0.7 -3 0.00556568
0.7 -2.96 0.00596335
0.7 -2.92 0.00427452
0.7 -2.88 0.00504935
0.7 -2.84 0.00441685
0.7 -2.8 0.00330939
0.7 -2.76 0.00227667
0.7 -2.72 0.00282201
0.7 -2.68 0.00274466
0.7 -2.64 0.0058978
0.7 -2.6 0.00653918
0.7 -2.56 0.0057857
0.7 -2.52 0.00423841
0.7 -2.48 0.00318092
0.7 -2.44 0.00329052
0.7 -2.4 0.00422726
0.7 -2.36 0.00501716
0.7 -2.32 0.00336057
0.7 -2.28 0.00421402
0.7 -2.24 0.00312355
0.7 -2.2 0.00425452
0.7 -2.16 0.00508419
0.7 -2.12 0.0050443
0.7 -2.08 0.00338544
0.7 -2.04 0.00445964
0.7 -2 0.00495361
0.7 -1.96 0.00620874
0.7 -1.92 0.00301339
0.7 -1.88 0.00428934
0.7 -1.84 0.00455879
0.7 -1.8 0.00577382
0.7 -1.76 0.00609564
0.7 -1.72 0.00566351
0.7 -1.68 0.00575679
0.7 -1.64 0.00722391
0.7 -1.6 0.00803184
0.7 -1.56 0.00716172
0.7 -1.52 0.00498644
0.7 -1.48 0.00464277
0.7 -1.44 0.00602305
0.7 -1.4 0.0079367
0.7 -1.36 0.0068064
0.7 -1.32 0.00658268
0.7 -1.28 0.00751958
0.7 -1.24 0.0105484
0.7 -1.2 0.0110603
0.7 -1.16 0.00746617
0.7 -1.12 0.00663553
0.7 -1.08 0.00876432
0.7 -1.04 0.00957017
0.7 -1 0.00811685
0.7 -0.96 0.00926083
0.7 -0.92 0.0124371
0.7 -0.88 0.0140127
0.7 -0.84 0.0128836
0.7 -0.8 0.0132969
0.7 -0.76 0.0163084
0.7 -0.72 0.0155065
0.7 -0.68 0.0124668
0.7 -0.64 0.0161556
0.7 -0.6 0.0171326
0.7 -0.56 0.0218479
0.7 -0.52 0.0272597
0.7 -0.48 0.0312212
0.7 -0.44 0.0384751
0.7 -0.4 0.043245
0.7 -0.36 0.0469444
0.7 -0.32 0.0589599
0.7 -0.28 0.0771311
0.7 -0.24 0.0969862
0.7 -0.2 0.105389
0.7 -0.16 0.101182
0.7 -0.12 0.0811229
0.7 -0.08 0.0525639
0.7 -0.04 0.0318992
0.7 0 0.021265
0.7 0.04 0.0162432
0.7 0.08 0.0149445
0.7 0.12 0.0143579
0.7 0.16 0.0119226
0.7 0.2 0.00806252
0.7 0.24 0.00543605
0.7 0.28 0.00703915
0.7 0.32 0.00658549
0.7 0.36 0.00449478
0.7 0.4 0.0039268
0.7 0.44 0.0059025
0.7 0.48 0.00306951
0.7 0.52 0.00203158
0.7 0.56 0.00306255
0.7 0.6 0.00162409
0.7 0.64 0.0042903
0.7 0.68 0.00183415
0.7 0.72 0.00169401
0.7 0.76 0.00280328
0.7 0.8 0.0018886
0.7 0.84 0.000966295
0.7 0.88 0.00137859
0.7 0.92 0.00124543
0.7 0.96 0.00224204
0.7 1 0.000666093
0.7 1.04 4.36561e-06
0.7 1.08 0.0014469
0.7 1.12 0.00143286
0.7 1.16 0.000318041
0.7 1.2 0.00047136
0.7 1.24 0.00253126
0.7 1.28 0.002295
0.7 1.32 0.000821029
0.7 1.36 0.00101325
0.7 1.4 0.00085488
0.7 1.44 0.00126418
0.7 1.48 0.000292742
0.7 1.52 0.000149072
0.7 1.56 0.000763242
0.7 1.6 0.000588956
0.7 1.64 0.000461877
0.7 1.68 0.000120683
0.7 1.72 0.000203508
0.7 1.76 0.000102549
0.7 1.8 7.46209e-05
0.7 1.84 0.000286239
0.7 1.88 0.000125947
0.7 1.92 0.000161106
0.7 1.96 0.000393625
0.7 2 0.000370764
0.7 2.04 0.000257445
0.7 2.08 0.000191031
0.7 2.12 4.76002e-05
0.7 2.16 0.000175824
0.7 2.2 0.000167964
0.7 2.24 0.000228086
0.7 2.28 0.000130427
0.7 2.32 6.81702e-05
0.7 2.36 7.79717e-05
0.7 2.4 5.13562e-05
0.7 2.44 0.000211531
0.7 2.48 0.000133396
0.7 2.52 0.00013763
0.7 2.56 0.000132262
0.7 2.6 0.000155166
0.7 2.64 4.85641e-06
0.7 2.68 5.53871e-06
0.7 2.72 6.20285e-06
0.7 2.76 2.20961e-05
0.7 2.8 0.00013982
0.7 2.84 1.31072e-05
0.7 2.88 5.70271e-05
0.7 2.92 0.000113209
0.7 2.96 0.000175153
0.7 3 6.12624e-05
0.7 3.04 1.79003e-05
0.7 3.08 4.58155e-05
0.7 3.12 1.46225e-05
0.7 3.16 3.2527e-05
0.7 3.2 2.15828e-05
0.7 3.24 9.38159e-05
0.7 3.28 0.000103958
0.7 3.32 9.13071e-05
0.7 3.36 4.48818e-06
0.7 3.4 5.63528e-05
0.7 3.44 8.31371e-05
0.7 3.48 7.84772e-06
0.7 3.52 4.66344e-05
0.7 3.56 2.92657e-05
0.7 3.6 0.00010869
0.7 3.64 2.26108e-05
0.7 3.68 5.31929e-05
0.7 3.72 2.04829e-05
0.7 3.76 7.5705e-05
0.7 3.8 0.000115876
0.7 3.84 0.000149911
0.7 3.88 0.000135565
0.7 3.92 0.000119072
0.7 3.96 9.348e-05
0.7 4 9.23564e-05
0.716667 -4 0.00205509
0.716667 -3.96 0.00123697
0.716667 -3.92 0.000430841
0.716667 -3.88 0.000907816
0.716667 -3.84 0.00103828
0.716667 -3.8 0.00149552
0.716667 -3.76 0.00175779
0.716667 -3.72 0.00207363
0.716667 -3.68 0.0013257
0.716667 -3.64 0.00181214
0.716667 -3.6 0.00276945
0.716667 -3.56 0.00521471
0.716667 -3.52 0.00626357
0.716667 -3.48 0.00726935
0.716667 -3.44 0.00532455
0.716667 -3.4 0.00692962
0.716667 -3.36 0.0076453
0.716667 -3.32 0.00910976
0.716667 -3.28 0.0108521
0.716667 -3.24 0.0108274
0.716667 -3.2 0.00791106
0.716667 -3.16 0.00622979
0.716667 -3.12 0.00559827
0.716667 -3.08 0.00551713
0.716667 -3.04 0.0061102
0.716667 -3 0.00679505
0.716667 -2.96 0.006279
0.716667 -2.92 0.00534572
0.716667 -2.88 0.00551025
0.716667 -2.84 0.00415797
0.716667 -2.8 0.00396494
0.716667 -2.76 0.00244072
0.716667 -2.72 0.00304187
0.716667 -2.68 0.00403548
0.716667 -2.64 0.00625639
0.716667 -2.6 0.00704692
0.716667 -2.56 0.00594443
0.716667 -2.52 0.00388814
0.716667 -2.48 0.00290539
0.716667 -2.44 0.00363048
0.716667 -2.4 0.00429572
0.716667 -2.36 0.00510538
0.716667 -2.32 0.00341789
0.716667 -2.28 0.00461595
0.716667 -2.24 0.00352097
0.716667 -2.2 0.00425307
0.716667 -2.16 0.00491066
0.716667 -2.12 0.00504093
0.716667 -2.08 0.00413127
0.716667 -2.04 0.0038712
0.716667 -2 0.00342368
0.716667 -1.96 0.00607574
0.716667 -1.92 0.00296873
0.716667 -1.88 0.00410997
0.716667 -1.84 0.00470825
0.716667 -1.8 0.00498626
0.716667 -1.76 0.00624999
0.716667 -1.72 0.00500179
0.716667 -1.68 0.00607735
0.716667 -1.64 0.00724862
0.716667 -1.6 0.00726699
0.716667 -1.56 0.0067058
0.716667 -1.52 0.00425302
0.716667 -1.48 0.00403342
0.716667 -1.44 0.00573734
0.716667 -1.4 0.00795801
0.716667 -1.36 0.00741773
0.716667 -1.32 0.00651332
0.716667 -1.28 0.00880976
0.716667 -1.24 0.0114842
0.716667 -1.2 0.0112967
0.716667 -1.16 0.00836455
0.716667 -1.12 0.00581751
0.716667 -1.08 0.00781544
0.716667 -1.04 0.00984217
0.716667 -1 0.00985766
0.716667 -0.96 0.0115658
0.716667 -0.92 0.0119284
0.716667 -0.88 0.0142954
0.716667 -0.84 0.0145821
0.716667 -0.8 0.014847
0.716667 -0.76 0.0137452
0.716667 -0.72 0.0171078
0.716667 -0.68 0.0157053
0.716667 -0.64 0.0192411
0.716667 -0.6 0.0239174
0.716667 -0.56 0.0316483
0.716667 -0.52 0.0434639
0.716667 -0.48 0.0489853
0.716667 -0.44 0.0615621
0.716667 -0.4 0.0630829
0.716667 -0.36 0.0580882
0.716667 -0.32 0.0653868
0.716667 -0.28 0.0828731
0.716667 -0.24 0.0979915
0.716667 -0.2 0.0919043
0.716667 -0.16 0.0739313
0.716667 -0.12 0.0519729
0.716667 -0.08 0.0311301
0.716667 -0.04 0.0186626
0.716667 0 0.0146357
0.716667 0.04 0.0137373
0.716667 0.08 0.0131584
0.716667 0.12 0.0114752
0.716667 0.16 0.00835953
0.716667 0.2 0.00509178
0.716667 0.24 0.00463686
0.716667 0.28 0.00438961
0.716667 0.32 0.00375777
0.716667 0.36 0.00300143
0.716667 0.4 0.00287048
0.716667 0.44 0.00319474
0.716667 0.48 0.0024465
0.716667 0.52 0.00195814
0.716667 0.56 0.00214184
0.716667 0.6 0.00241649
0.716667 0.64 0.00408979
0.716667 0.68 0.00161303
0.716667 0.72 0.00162458
0.716667 0.76 0.00245921
0.716667 0.8 0.00203315
0.716667 0.84 0.0022263
0.716667 0.88 0.000979472
0.716667 0.92 0.00103223
0.716667 0.96 0.00281954
0.716667 1 0.00132442
0.716667 1.04 0.000377383
0.716667 1.08 0.00160005
0.716667 1.12 0.00181591
0.716667 1.16 1.66102e-05
0.716667 1.2 4.27157e-05
0.716667 1.24 0.00238107
0.716667 1.28 0.001839
0.716667 1.32 0.000557786
0.716667 1.36 0.000224142
0.716667 1.4 0.00119163
0.716667 1.44 0.000825588
0.716667 1.48 0.000107917
0.716667 1.52 2.70976e-05
0.716667 1.56 0.000312594
0.716667 1.6 0.000387384
0.716667 1.64 0.000389506
0.716667 1.68 0.000316169
0.716667 1.72 0.000154501
0.716667 1.76 0.000233478
0.716667 1.8 0.000216421
0.716667 1.84 0.000276433
0.716667 1.88 0.000165362
0.716667 1.92 0.000107417
0.716667 1.96 0.000335811
0.716667 2 0.000387381
0.716667 2.04 0.000215934
0.716667 2.08 0.000146081
0.716667 2.12 0.000169417
0.716667 2.16 0.000203764
0.716667 2.2 0.000215894
0.716667 2.24 0.000284184
0.716667 2.28 0.00022117
0.716667 2.32 0.00016197
0.716667 2.36 0.000151205
0.716667 2.4 8.17869e-05
0.716667 2.44 0.000127462
0.716667 2.48 4.67859e-05
0.716667 2.52 1.46079e-05
0.716667 2.56 9.37629e-05
0.716667 2.6 3.19858e-05
0.716667 2.64 8.72467e-06
0.716667 2.68 5.40564e-05
0.716667 2.72 5.85523e-05
0.716667 2.76 6.57552e-05
0.716667 2.8 7.61356e-06
0.716667 2.84 3.39302e-05
0.716667 2.88 7.40768e-05
0.716667 2.92 0.000124263
0.716667 2.96 0.000115967
0.716667 3 8.14487e-05
0.716667 3.04 0.000111553
0.716667 3.08 4.53057e-05
0.716667 3.12 3.69144e-05
0.716667 3.16 1.28709e-05
0.716667 3.2 5.14237e-05
0.716667 3.24 7.95303e-05
0.716667 3.28 0.00012113
0.716667 3.32 5.38359e-05
0.716667 3.36 5.36017e-06
0.716667 3.4 6.01714e-05
0.716667 3.44 7.95974e-05
0.716667 3.48 7.67616e-06
0.716667 3.52 9.67461e-05
0.716667 3.56 8.56179e-05
0.716667 3.6 0.000126663
0.716667 3.64 1.76877e-05
0.716667 3.68 2.0669e-05
0.716667 3.72 2.87869e-07
0.716667 3.76 5.02564e-05
0.716667 3.8 9.78626e-05
0.716667 3.84 0.000134329
0.716667 3.88 0.000108233
0.716667 3.92 0.000140188
0.716667 3.96 0.000108615
0.716667 4 7.46364e-05
0.733333 -4 0.00162854
0.733333 -3.96 0.00124726
0.733333 -3.92 0.000799261
0.733333 -3.88 0.00100273
0.733333 -3.84 0.00134321
0.733333 -3.8 0.00169539
0.733333 -3.76 0.00229624
0.733333 -3.72 0.00245264
0.733333 -3.68 0.0014538
0.733333 -3.64 0.00103526
0.733333 -3.6 0.00244344
0.733333 -3.56 0.00435243
0.733333 -3.52 0.00573494
0.733333 -3.48 0.00581719
0.733333 -3.44 0.00418571
0.733333 -3.4 0.00546292
0.733333 -3.36 0.00669146
0.733333 -3.32 0.00854343
0.733333 -3.28 0.0103707
0.733333 -3.24 0.010775
0.733333 -3.2 0.00855555
0.733333 -3.16 0.00733327
0.733333 -3.12 0.00658656
0.733333 -3.08 0.00662482
0.733333 -3.04 0.00677241
0.733333 -3 0.00765781
0.733333 -2.96 0.00645592
0.733333 -2.92 0.00562171
0.733333 -2.88 0.00601789
0.733333 -2.84 0.00431914
0.733333 -2.8 0.00516028
0.733333 -2.76 0.00262375
0.733333 -2.72 0.00328892
0.733333 -2.68 0.00503193
0.733333 -2.64 0.00571309
0.733333 -2.6 0.00699807
0.733333 -2.56 0.00538539
0.733333 -2.52 0.00257568
0.733333 -2.48 0.00200807
0.733333 -2.44 0.00297933
0.733333 -2.4 0.00411926
0.733333 -2.36 0.0049425
0.733333 -2.32 0.00467056
0.733333 -2.28 0.00448851
0.733333 -2.24 0.0044981
0.733333 -2.2 0.00454499
0.733333 -2.16 0.00540507
0.733333 -2.12 0.00566396
0.733333 -2.08 0.00521089
0.733333 -2.04 0.00400994
0.733333 -2 0.0037537
0.733333 -1.96 0.0044323
0.733333 -1.92 0.00367671
0.733333 -1.88 0.00475032
0.733333 -1.84 0.00549264
0.733333 -1.8 0.00483448
0.733333 -1.76 0.00676199
0.733333 -1.72 0.00552775
0.733333 -1.68 0.00602884
0.733333 -1.64 0.00739643
0.733333 -1.6 0.00688981
0.733333 -1.56 0.00564003
0.733333 -1.52 0.0048314
0.733333 -1.48 0.0043779
0.733333 -1.44 0.00670734
0.733333 -1.4 0.00811774
0.733333 -1.36 0.007431
0.733333 -1.32 0.00662915
0.733333 -1.28 0.00917046
0.733333 -1.24 0.0111632
0.733333 -1.2 0.010888
0.733333 -1.16 0.00813097
0.733333 -1.12 0.0067421
0.733333 -1.08 0.00884763
0.733333 -1.04 0.010675
0.733333 -1 0.0105573
0.733333 -0.96 0.01149
0.733333 -0.92 0.0127633
0.733333 -0.88 0.013753
0.733333 -0.84 0.0147058
0.733333 -0.8 0.0164516
0.733333 -0.76 0.0174231
0.733333 -0.72 0.0232267
0.733333 -0.68 0.0262457
0.733333 -0.64 0.031057
0.733333 -0.6 0.0373604
0.733333 -0.56 0.0428695
0.733333 -0.52 0.0540221
0.733333 -0.48 0.0617426
0.733333 -0.44 0.0719141
0.733333 -0.4 0.0675436
0.733333 -0.36 0.0634354
0.733333 -0.32 0.0704844
0.733333 -0.28 0.0793522
0.733333 -0.24 0.0812296
0.733333 -0.2 0.0657891
0.733333 -0.16 0.0461951
0.733333 -0.12 0.0334801
0.733333 -0.08 0.0268013
0.733333 -0.04 0.0219802
0.733333 0 0.0169185
0.733333 0.04 0.0131331
0.733333 0.08 0.0116385
0.733333 0.12 0.0106077
0.733333 0.16 0.00819527
0.733333 0.2 0.00513432
0.733333 0.24 0.00484238
0.733333 0.28 0.00514497
0.733333 0.32 0.00419961
0.733333 0.36 0.00307205
0.733333 0.4 0.00325288
0.733333 0.44 0.0037396
0.733333 0.48 0.00307634
0.733333 0.52 0.00217441
0.733333 0.56 0.00223683
0.733333 0.6 0.00221322
0.733333 0.64 0.00273425
0.733333 0.68 0.00166818
0.733333 0.72 0.00162318
0.733333 0.76 0.00138055
0.733333 0.8 0.00128744
0.733333 0.84 0.00280653
0.733333 0.88 0.00113623
0.733333 0.92 0.00165382
0.733333 0.96 0.00209759
0.733333 1 0.00144005
0.733333 1.04 0.00111777
0.733333 1.08 0.00153508
0.733333 1.12 0.00239773
0.733333 1.16 0.000182884
0.733333 1.2 0.00074986
0.733333 1.24 0.00100618
0.733333 1.28 0.0010448
0.733333 1.32 0.000487238
0.733333 1.36 0.000398208
0.733333 1.4 0.00187596
0.733333 1.44 0.000535372
0.733333 1.48 0.00019574
0.733333 1.52 9.66187e-05
0.733333 1.56 5.96906e-05
0.733333 1.6 0.000177524
0.733333 1.64 0.000296247
0.733333 1.68 0.000462631
0.733333 1.72 0.000213307
0.733333 1.76 0.000418693
0.733333 1.8 0.000463203
0.733333 1.84 0.000189264
0.733333 1.88 0.000213842
0.733333 1.92 6.71056e-05
0.733333 1.96 0.000188437
0.733333 2 0.000337112
0.733333 2.04 0.000194512
0.733333 2.08 0.000182834
0.733333 2.12 0.000273111
0.733333 2.16 0.00018123
0.733333 2.2 0.000249786
0.733333 2.24 0.000182695
0.733333 2.28 0.000221003
0.733333 2.32 0.000163137
0.733333 2.36 0.00014749
0.733333 2.4 9.92414e-05
0.733333 2.44 8.22826e-05
0.733333 2.48 2.76012e-05
0.733333 2.52 1.85764e-06
0.733333 2.56 4.47677e-05
0.733333 2.6 7.99093e-06
0.733333 2.64 8.11845e-05
0.733333 2.68 0.000119338
0.733333 2.72 0.000133273
0.733333 2.76 8.27979e-05
0.733333 2.8 0.000112682
0.733333 2.84 6.64552e-06
0.733333 2.88 4.40186e-05
0.733333 2.92 9.48944e-05
0.733333 2.96 8.19398e-05
0.733333 3 0.000126307
0.733333 3.04 0.00017886
0.733333 3.08 7.03984e-05
0.733333 3.12 6.29867e-05
0.733333 3.16 2.95789e-05
0.733333 3.2 8.79513e-05
0.733333 3.24 0.000110198
0.733333 3.28 8.29234e-05
0.733333 3.32 2.39402e-05
0.733333 3.36 2.55474e-05
0.733333 3.4 5.43381e-05
0.733333 3.44 4.82533e-05
0.733333 3.48 1.70006e-05
0.733333 3.52 0.00014409
0.733333 3.56 0.000143171
0.733333 3.6 0.000160491
0.733333 3.64 5.72067e-05
0.733333 3.68 1.04553e-05
0.733333 3.72 7.6784e-06
0.733333 3.76 1.09848e-05
0.733333 3.8 8.92922e-05
0.733333 3.84 9.89348e-05
0.733333 3.88 7.26831e-05
0.733333 3.92 0.000125731
0.733333 3.96 0.000102314
0.733333 4 4.97076e-05
0.75 -4 0.00159398
0.75 -3.96 0.00122862
0.75 -3.92 0.00125041
0.75 -3.88 0.00127068
0.75 -3.84 0.00142894
0.75 -3.8 0.0017504
0.75 -3.76 0.00266691
0.75 -3.72 0.00220408
0.75 -3.68 0.00172401
0.75 -3.64 0.000731975
0.75 -3.6 0.001796
0.75 -3.56 0.00319577
0.75 -3.52 0.00524172
0.75 -3.48 0.00509249
0.75 -3.44 0.00328499
0.75 -3.4 0.00364992
0.75 -3.36 0.00524789
0.75 -3.32 0.00722711
0.75 -3.28 0.00967917
0.75 -3.24 0.0107444
0.75 -3.2 0.00959079
0.75 -3.16 0.00835261
0.75 -3.12 0.00696097
0.75 -3.08 0.00792931
0.75 -3.04 0.0083732
0.75 -3 0.00868751
0.75 -2.96 0.00662035
0.75 -2.92 0.00557611
0.75 -2.88 0.00598733
0.75 -2.84 0.00476836
0.75 -2.8 0.00568371
0.75 -2.76 0.00289974
0.75 -2.72 0.00417583
0.75 -2.68 0.00555791
0.75 -2.64 0.00597971
0.75 -2.6 0.0067531
0.75 -2.56 0.00460321
0.75 -2.52 0.00174641
0.75 -2.48 0.00189714
0.75 -2.44 0.00287651
0.75 -2.4 0.00405483
0.75 -2.36 0.00499067
0.75 -2.32 0.00641244
0.75 -2.28 0.00436434
0.75 -2.24 0.0053264
0.75 -2.2 0.00472261
0.75 -2.16 0.00528314
0.75 -2.12 0.00596694
0.75 -2.08 0.00572232
0.75 -2.04 0.00470053
0.75 -2 0.00531013
0.75 -1.96 0.00291281
0.75 -1.92 0.00533804
0.75 -1.88 0.00635184
0.75 -1.84 0.00663843
0.75 -1.8 0.00621063
0.75 -1.76 0.00667839
0.75 -1.72 0.0063041
0.75 -1.68 0.00561447
0.75 -1.64 0.00753818
0.75 -1.6 0.00752675
0.75 -1.56 0.00506847
0.75 -1.52 0.00567691
0.75 -1.48 0.00625496
0.75 -1.44 0.00954464
0.75 -1.4 0.00953986
0.75 -1.36 0.00805778
0.75 -1.32 0.0075259
0.75 -1.28 0.00808359
0.75 -1.24 0.0101775
0.75 -1.2 0.00977994
0.75 -1.16 0.00713833
0.75 -1.12 0.00853737
0.75 -1.08 0.0111537
0.75 -1.04 0.0121201
0.75 -1 0.0109841
0.75 -0.96 0.0124286
0.75 -0.92 0.0185174
0.75 -0.88 0.0166726
0.75 -0.84 0.0159129
0.75 -0.8 0.0194922
0.75 -0.76 0.0281239
0.75 -0.72 0.0334438
0.75 -0.68 0.0392989
0.75 -0.64 0.0469612
0.75 -0.6 0.0506676
0.75 -0.56 0.0516337
0.75 -0.52 0.0533983
0.75 -0.48 0.0605025
0.75 -0.44 0.0630923
0.75 -0.4 0.05946
0.75 -0.36 0.0673134
0.75 -0.32 0.0772371
0.75 -0.28 0.0747348
0.75 -0.24 0.0635963
0.75 -0.2 0.0473397
0.75 -0.16 0.0327509
0.75 -0.12 0.0250255
0.75 -0.08 0.0216175
0.75 -0.04 0.0185483
0.75 0 0.0150016
0.75 0.04 0.0124073
0.75 0.08 0.0107068
0.75 0.12 0.00886223
0.75 0.16 0.00632655
0.75 0.2 0.00406476
0.75 0.24 0.0042203
0.75 0.28 0.00398945
0.75 0.32 0.00307032
0.75 0.36 0.00328847
0.75 0.4 0.00276209
0.75 0.44 0.00277264
0.75 0.48 0.00211099
0.75 0.52 0.00174855
0.75 0.56 0.00150265
0.75 0.6 0.00153156
0.75 0.64 0.00145711
0.75 0.68 0.0016223
0.75 0.72 0.00159928
0.75 0.76 0.00149679
0.75 0.8 0.00177317
0.75 0.84 0.00177132
0.75 0.88 0.00114724
0.75 0.92 0.00149916
0.75 0.96 0.00172724
0.75 1 0.000976103
0.75 1.04 0.00159519
0.75 1.08 0.00102842
0.75 1.12 0.0023541
0.75 1.16 8.84642e-05
0.75 1.2 0.000746482
0.75 1.24 0.000227944
0.75 1.28 0.00116253
0.75 1.32 0.000561253
0.75 1.36 0.000363451
0.75 1.4 0.00192707
0.75 1.44 0.000587131
0.75 1.48 0.000114608
0.75 1.52 0.000247459
0.75 1.56 0.000171334
0.75 1.6 0.000164382
0.75 1.64 0.000326704
0.75 1.68 0.000367394
0.75 1.72 0.000322904
0.75 1.76 0.000554967
0.75 1.8 0.000681038
0.75 1.84 0.000161394
0.75 1.88 0.000208171
0.75 1.92 8.23399e-05
0.75 1.96 0.000154143
0.75 2 0.000193384
0.75 2.04 0.000188315
0.75 2.08 0.000271997
0.75 2.12 0.000235983
0.75 2.16 0.000160439
0.75 2.2 0.000205541
0.75 2.24 9.91548e-05
0.75 2.28 0.000193042
0.75 2.32 0.000119862
0.75 2.36 8.75371e-05
0.75 2.4 0.000115553
0.75 2.44 0.00010998
0.75 2.48 5.62257e-05
0.75 2.52 8.67492e-05
0.75 2.56 6.44957e-05
0.75 2.6 7.35376e-05
0.75 2.64 0.000130203
0.75 2.68 0.00011479
0.75 2.72 0.000186279
0.75 2.76 7.51486e-05
0.75 2.8 0.000135256
0.75 2.84 1.15351e-05
0.75 2.88 1.28048e-05
0.75 2.92 4.00153e-05
0.75 2.96 0.000102076
0.75 3 0.000100469
0.75 3.04 0.000159001
0.75 3.08 9.64283e-05
0.75 3.12 4.30661e-05
0.75 3.16 6.69312e-05
0.75 3.2 8.17076e-05
0.75 3.24 0.000140061
0.75 3.28 1.44946e-05
0.75 3.32 5.20591e-05
0.75 3.36 6.74785e-05
0.75 3.4 4.09304e-05
0.75 3.44 9.62987e-06
0.75 3.48 6.58266e-05
0.75 3.52 0.000164185
0.75 3.56 0.000160028
0.75 3.6 0.000163157
0.75 3.64 0.000110023
0.75 3.68 2.1416e-05
0.75 3.72 1.74234e-05
0.75 3.76 9.97618e-06
0.75 3.8 8.63291e-05
0.75 3.84 7.61651e-05
0.75 3.88 6.42302e-05
0.75 3.92 8.87154e-05
0.75 3.96 6.97811e-05
0.75 4 3.37891e-05
0.766667 -4 0.00187619
0.766667 -3.96 0.0013359
0.766667 -3.92 0.00145439
0.766667 -3.88 0.00132632
0.766667 -3.84 0.00150903
0.766667 -3.8 0.00167612
0.766667 -3.76 0.00283475
0.766667 -3.72 0.00195977
0.766667 -3.68 0.00167178
0.766667 -3.64 0.000531232
0.766667 -3.6 0.000681338
0.766667 -3.56 0.00236694
0.766667 -3.52 0.00421259
0.766667 -3.48 0.00463747
0.766667 -3.44 0.00229038
0.766667 -3.4 0.00215118
0.766667 -3.36 0.00374685
0.766667 -3.32 0.00570746
0.766667 -3.28 0.00899922
0.766667 -3.24 0.0104263
0.766667 -3.2 0.00978258
0.766667 -3.16 0.0087226
0.766667 -3.12 0.00720099
0.766667 -3.08 0.0090828
0.766667 -3.04 0.00994675
0.766667 -3 0.00967758
0.766667 -2.96 0.00706919
0.766667 -2.92 0.00598081
0.766667 -2.88 0.00579646
0.766667 -2.84 0.00527995
0.766667 -2.8 0.00514065
0.766667 -2.76 0.00346288
0.766667 -2.72 0.00559265
0.766667 -2.68 0.00594628
0.766667 -2.64 0.0071691
0.766667 -2.6 0.00650856
0.766667 -2.56 0.0043527
0.766667 -2.52 0.00235467
0.766667 -2.48 0.00332739
0.766667 -2.44 0.00396586
0.766667 -2.4 0.00503728
0.766667 -2.36 0.00594495
0.766667 -2.32 0.00714494
0.766667 -2.28 0.00491985
0.766667 -2.24 0.00533839
0.766667 -2.2 0.0043178
0.766667 -2.16 0.00420528
0.766667 -2.12 0.00490423
0.766667 -2.08 0.00562629
0.766667 -2.04 0.00507094
0.766667 -2 0.00539841
0.766667 -1.96 0.00344886
0.766667 -1.92 0.00649427
0.766667 -1.88 0.00708623
0.766667 -1.84 0.00752819
0.766667 -1.8 0.00787951
0.766667 -1.76 0.00575596
0.766667 -1.72 0.00589125
0.766667 -1.68 0.00537422
0.766667 -1.64 0.0071268
0.766667 -1.6 0.00739319
0.766667 -1.56 0.00635125
0.766667 -1.52 0.0051965
0.766667 -1.48 0.00806392
0.766667 -1.44 0.0116355
0.766667 -1.4 0.0111131
0.766667 -1.36 0.0097012
0.766667 -1.32 0.00784129
0.766667 -1.28 0.00778655
0.766667 -1.24 0.0101184
0.766667 -1.2 0.00918951
0.766667 -1.16 0.00757963
0.766667 -1.12 0.00944535
0.766667 -1.08 0.013464
0.766667 -1.04 0.0150937
0.766667 -1 0.0149778
0.766667 -0.96 0.0193089
0.766667 -0.92 0.0275712
0.766667 -0.88 0.0250663
0.766667 -0.84 0.0218505
0.766667 -0.8 0.0261144
0.766667 -0.76 0.0376086
0.766667 -0.72 0.0416765
0.766667 -0.68 0.0471879
0.766667 -0.64 0.0537104
0.766667 -0.6 0.0546907
0.766667 -0.56 0.054154
0.766667 -0.52 0.0490164
0.766667 -0.48 0.051931
0.766667 -0.44 0.051686
0.766667 -0.4 0.0571969
0.766667 -0.36 0.0722769
0.766667 -0.32 0.0779093
0.766667 -0.28 0.0662482
0.766667 -0.24 0.0496881
0.766667 -0.2 0.0365319
0.766667 -0.16 0.0262604
0.766667 -0.12 0.0181948
0.766667 -0.08 0.0116283
0.766667 -0.04 0.00732731
0.766667 0 0.00609676
0.766667 0.04 0.00622447
0.766667 0.08 0.00686631
0.766667 0.12 0.00685393
0.766667 0.16 0.00535641
0.766667 0.2 0.00324447
0.766667 0.24 0.00329385
0.766667 0.28 0.00325618
0.766667 0.32 0.00287069
0.766667 0.36 0.00253077
0.766667 0.4 0.00235465
0.766667 0.44 0.00256884
0.766667 0.48 0.00159992
0.766667 0.52 0.00214467
0.766667 0.56 0.00266119
0.766667 0.6 0.00184643
0.766667 0.64 0.00117959
0.766667 0.68 0.00230725
0.766667 0.72 0.00147985
0.766667 0.76 0.00114635
0.766667 0.8 0.00217862
0.766667 0.84 0.000911116
0.766667 0.88 0.00106489
0.766667 0.92 0.000915089
0.766667 0.96 0.00258778
0.766667 1 0.000581275
0.766667 1.04 0.00146016
0.766667 1.08 0.000574941
0.766667 1.12 0.00170128
0.766667 1.16 0.000424366
0.766667 1.2 0.00011265
0.766667 1.24 0.00129338
0.766667 1.28 0.00211554
0.766667 1.32 0.000562467
0.766667 1.36 2.33033e-05
0.766667 1.4 0.00120358
0.766667 1.44 0.000714741
0.766667 1.48 0.000125934
0.766667 1.52 0.000325439
0.766667 1.56 0.000409991
0.766667 1.6 0.000337377
0.766667 1.64 0.000439561
0.766667 1.68 0.000137389
0.766667 1.72 0.000366876
0.766667 1.76 0.000575941
0.766667 1.8 0.00071578
0.766667 1.84 0.000205257
0.766667 1.88 0.000146306
0.766667 1.92 0.000129078
0.766667 1.96 0.000203604
0.766667 2 0.00012385
0.766667 2.04 0.000221498
0.766667 2.08 0.000287075
0.766667 2.12 0.000161143
0.766667 2.16 0.000181898
0.766667 2.2 0.000125595
0.766667 2.24 0.000135697
0.766667 2.28 0.000205582
0.766667 2.32 0.000136069
0.766667 2.36 6.44725e-05
0.766667 2.4 0.000127021
0.766667 2.44 0.000152476
0.766667 2.48 8.25671e-05
0.766667 2.52 0.000151436
0.766667 2.56 0.000115665
0.766667 2.6 0.000153673
0.766667 2.64 8.01029e-05
0.766667 2.68 5.12585e-05
0.766667 2.72 0.00019771
0.766667 2.76 0.000107597
0.766667 2.8 9.59265e-05
0.766667 2.84 4.3432e-05
0.766667 2.88 2.42638e-05
0.766667 2.92 2.10686e-07
0.766667 2.96 0.000137817
0.766667 3 2.0191e-05
0.766667 3.04 7.41722e-05
0.766667 3.08 9.26779e-05
0.766667 3.12 1.75047e-05
0.766667 3.16 8.65923e-05
0.766667 3.2 7.86916e-05
0.766667 3.24 0.000142867
0.766667 3.28 3.07938e-05
0.766667 3.32 0.000125533
0.766667 3.36 0.000112232
0.766667 3.4 1.93752e-05
0.766667 3.44 1.91781e-05
0.766667 3.48 0.000113493
0.766667 3.52 0.000127053
0.766667 3.56 0.000125485
0.766667 3.6 0.000106814
0.766667 3.64 0.000115108
0.766667 3.68 8.93383e-05
0.766667 3.72 6.26057e-05
0.766667 3.76 4.45519e-05
0.766667 3.8 8.38229e-05
0.766667 3.84 0.000102411
0.766667 3.88 8.40815e-05
0.766667 3.92 7.0643e-05
0.766667 3.96 3.22339e-05
0.766667 4 2.42808e-05
0.783333 -4 0.00194766
0.783333 -3.96 0.00140385
0.783333 -3.92 0.00139903
0.783333 -3.88 0.0011
0.783333 -3.84 0.0017199
0.783333 -3.8 0.0016685
0.783333 -3.76 0.00295647
0.783333 -3.72 0.00219081
0.783333 -3.68 0.0015344
0.783333 -3.64 0.000381301
0.783333 -3.6 0.000123616
0.783333 -3.56 0.00227087
0.783333 -3.52 0.00316283
0.783333 -3.48 0.00410561
0.783333 -3.44 0.00157133
0.783333 -3.4 0.00152115
0.783333 -3.36 0.00245026
0.783333 -3.32 0.00440496
0.783333 -3.28 0.00817879
0.783333 -3.24 0.00915057
0.783333 -3.2 0.00845766
0.783333 -3.16 0.00798843
0.783333 -3.12 0.00788699
0.783333 -3.08 0.0100201
0.783333 -3.04 0.0107845
0.783333 -3 0.00999049
0.783333 -2.96 0.00809186
0.783333 -2.92 0.00677078
0.783333 -2.88 0.0063645
0.783333 -2.84 0.0060115
0.783333 -2.8 0.00476935
0.783333 -2.76 0.00452197
0.783333 -2.72 0.00661303
0.783333 -2.68 0.00630981
0.783333 -2.64 0.00766062
0.783333 -2.6 0.00631886
0.783333 -2.56 0.00475041
0.783333 -2.52 0.00370743
0.783333 -2.48 0.004935
0.783333 -2.44 0.0051912
0.783333 -2.4 0.00694371
0.783333 -2.36 0.00750911
0.783333 -2.32 0.00679402
0.783333 -2.28 0.00558819
0.783333 -2.24 0.00453155
0.783333 -2.2 0.00380539
0.783333 -2.16 0.00365606
0.783333 -2.12 0.00375174
0.783333 -2.08 0.00535142
0.783333 -2.04 0.00512463
0.783333 -2 0.00444252
0.783333 -1.96 0.00560066
0.783333 -1.92 0.00618438
0.783333 -1.88 0.00660175
0.783333 -1.84 0.00795293
0.783333 -1.8 0.00841482
0.783333 -1.76 0.00582766
0.783333 -1.72 0.00555016
0.783333 -1.68 0.00594194
0.783333 -1.64 0.00667149
0.783333 -1.6 0.00613466
0.783333 -1.56 0.00825241
0.783333 -1.52 0.00448971
0.783333 -1.48 0.00822865
0.783333 -1.44 0.0105242
0.783333 -1.4 0.011187
0.783333 -1.36 0.0106639
0.783333 -1.32 0.00762043
0.783333 -1.28 0.00946202
0.783333 -1.24 0.0115059
0.783333 -1.2 0.0105922
0.783333 -1.16 0.0105457
0.783333 -1.12 0.0120104
0.783333 -1.08 0.0173341
0.783333 -1.04 0.0206985
0.783333 -1 0.0230131
0.783333 -0.96 0.0296473
0.783333 -0.92 0.0346642
0.783333 -0.88 0.0343205
0.783333 -0.84 0.0305935
0.783333 -0.8 0.0339444
0.783333 -0.76 0.0399756
0.783333 -0.72 0.043492
0.783333 -0.68 0.0471946
0.783333 -0.64 0.0483665
0.783333 -0.6 0.0499064
0.783333 -0.56 0.0510564
0.783333 -0.52 0.0486617
0.783333 -0.48 0.0483485
0.783333 -0.44 0.0534729
0.783333 -0.4 0.066811
0.783333 -0.36 0.0747935
0.783333 -0.32 0.0674553
0.783333 -0.28 0.0512286
0.783333 -0.24 0.0369041
0.783333 -0.2 0.0264935
0.783333 -0.16 0.019101
0.783333 -0.12 0.0133189
0.783333 -0.08 0.00906677
0.783333 -0.04 0.0065141
0.783333 0 0.00598163
0.783333 0.04 0.00621339
0.783333 0.08 0.00620196
0.783333 0.12 0.00545662
0.783333 0.16 0.00398624
0.783333 0.2 0.00267362
0.783333 0.24 0.00293456
0.783333 0.28 0.002587
0.783333 0.32 0.00210896
0.783333 0.36 0.00173088
0.783333 0.4 0.00230607
0.783333 0.44 0.00197182
0.783333 0.48 0.00129811
0.783333 0.52 0.00197807
0.783333 0.56 0.00281154
0.783333 0.6 0.00158309
0.783333 0.64 0.00137871
0.783333 0.68 0.00197995
0.783333 0.72 0.00127867
0.783333 0.76 0.00127555
0.783333 0.8 0.00155945
0.783333 0.84 0.000847512
0.783333 0.88 0.00125504
0.783333 0.92 0.00190395
0.783333 0.96 0.00335901
0.783333 1 0.000589312
0.783333 1.04 0.00117868
0.783333 1.08 0.000698396
0.783333 1.12 0.00147821
0.783333 1.16 0.000456573
0.783333 1.2 0.000225913
0.783333 1.24 0.00311048
0.783333 1.28 0.00263469
0.783333 1.32 0.000600129
0.783333 1.36 0.000244728
0.783333 1.4 0.000624213
0.783333 1.44 0.000653605
0.783333 1.48 0.000226485
0.783333 1.52 2.41498e-05
0.783333 1.56 0.000567932
0.783333 1.6 0.000500781
0.783333 1.64 0.000480021
0.783333 1.68 4.74956e-05
0.783333 1.72 0.000304229
0.783333 1.76 0.000472478
0.783333 1.8 0.000545082
0.783333 1.84 0.000211117
0.783333 1.88 9.27424e-05
0.783333 1.92 0.0001678
0.783333 1.96 0.000188036
0.783333 2 0.000267219
0.783333 2.04 0.0002905
0.783333 2.08 0.000188855
0.783333 2.12 0.000186628
0.783333 2.16 0.000234077
0.783333 2.2 0.000137358
0.783333 2.24 0.000201027
0.783333 2.28 0.000202688
0.783333 2.32 0.00019908
0.783333 2.36 0.000122712
0.783333 2.4 0.000122177
0.783333 2.44 0.00015657
0.783333 2.48 9.92745e-05
0.783333 2.52 0.000119481
0.783333 2.56 9.02961e-05
0.783333 2.6 0.000108584
0.783333 2.64 5.85402e-06
0.783333 2.68 3.5564e-05
0.783333 2.72 0.000181408
0.783333 2.76 0.000166396
0.783333 2.8 7.80215e-05
0.783333 2.84 6.7935e-05
0.783333 2.88 4.40145e-05
0.783333 2.92 2.75512e-05
0.783333 2.96 0.000132369
0.783333 3 1.39293e-05
0.783333 3.04 3.80084e-06
0.783333 3.08 5.66883e-05
0.783333 3.12 2.48626e-05
0.783333 3.16 9.11925e-05
0.783333 3.2 9.26704e-05
0.783333 3.24 0.000151916
0.783333 3.28 0.0001708
0.783333 3.32 0.000183291
0.783333 3.36 0.000130656
0.783333 3.4 9.5722e-07
0.783333 3.44 2.73391e-05
0.783333 3.48 0.00010167
0.783333 3.52 5.15288e-05
0.783333 3.56 5.68404e-05
0.783333 3.6 2.9068e-05
0.783333 3.64 5.64205e-05
0.783333 3.68 0.0001057
0.783333 3.72 8.4657e-05
0.783333 3.76 6.61397e-05
0.783333 3.8 7.5806e-05
0.783333 3.84 0.000162345
0.783333 3.88 0.000103065
0.783333 3.92 9.40167e-05
0.783333 3.96 1.56299e-05
0.783333 4 2.77817e-05
0.8 -4 0.00163259
0.8 -3.96 0.00110996
0.8 -3.92 0.00117561
0.8 -3.88 0.000870409
0.8 -3.84 0.0017595
0.8 -3.8 0.00177202
0.8 -3.76 0.00293961
0.8 -3.72 0.0024983
0.8 -3.68 0.00177507
0.8 -3.64 0.00051402
0.8 -3.6 0.000718424
0.8 -3.56 0.00255825
0.8 -3.52 0.00283564
0.8 -3.48 0.00377657
0.8 -3.44 0.00158743
0.8 -3.4 0.0014771
0.8 -3.36 0.00138176
0.8 -3.32 0.00336525
0.8 -3.28 0.00694527
0.8 -3.24 0.00682341
0.8 -3.2 0.00617422
0.8 -3.16 0.00633973
0.8 -3.12 0.0084067
0.8 -3.08 0.010394
0.8 -3.04 0.0113003
0.8 -3 0.00987348
0.8 -2.96 0.00962118
0.8 -2.92 0.0075063
0.8 -2.88 0.00781823
0.8 -2.84 0.00713405
0.8 -2.8 0.00608821
0.8 -2.76 0.00588686
0.8 -2.72 0.00687518
0.8 -2.68 0.00659301
0.8 -2.64 0.00684694
0.8 -2.6 0.00637852
0.8 -2.56 0.00528664
0.8 -2.52 0.00457081
0.8 -2.48 0.00511039
0.8 -2.44 0.00584551
0.8 -2.4 0.00826297
0.8 -2.36 0.00845907
0.8 -2.32 0.00660462
0.8 -2.28 0.00534206
0.8 -2.24 0.00359487
0.8 -2.2 0.00401424
0.8 -2.16 0.00474049
0.8 -2.12 0.00464246
0.8 -2.08 0.00525198
0.8 -2.04 0.00560717
0.8 -2 0.00500763
0.8 -1.96 0.00702171
0.8 -1.92 0.00563417
0.8 -1.88 0.00675134
0.8 -1.84 0.00807848
0.8 -1.8 0.00804277
0.8 -1.76 0.0076927
0.8 -1.72 0.00721971
0.8 -1.68 0.00717686
0.8 -1.64 0.00711235
0.8 -1.6 0.00622286
0.8 -1.56 0.00852642
0.8 -1.52 0.00583479
0.8 -1.48 0.00761033
0.8 -1.44 0.00816281
0.8 -1.4 0.0104207
0.8 -1.36 0.0101663
0.8 -1.32 0.00936826
0.8 -1.28 0.0117308
0.8 -1.24 0.0138575
0.8 -1.2 0.0142688
0.8 -1.16 0.0151604
0.8 -1.12 0.0200163
0.8 -1.08 0.0246086
0.8 -1.04 0.0278967
0.8 -1 0.0299114
0.8 -0.96 0.0347712
0.8 -0.92 0.0365378
0.8 -0.88 0.037827
0.8 -0.84 0.0353778
0.8 -0.8 0.0368126
0.8 -0.76 0.0380768
0.8 -0.72 0.0410094
0.8 -0.68 0.0431965
0.8 -0.64 0.0421258
0.8 -0.6 0.0449961
0.8 -0.56 0.046733
0.8 -0.52 0.0501806
0.8 -0.48 0.0523673
0.8 -0.44 0.0634619
0.8 -0.4 0.0740049
0.8 -0.36 0.0699237
0.8 -0.32 0.0523231
0.8 -0.28 0.0359513
0.8 -0.24 0.0263194
0.8 -0.2 0.017912
0.8 -0.16 0.0130783
0.8 -0.12 0.0113618
0.8 -0.08 0.0116261
0.8 -0.04 0.0111076
0.8 0 0.00915714
0.8 0.04 0.00761185
0.8 0.08 0.00714056
0.8 0.12 0.00655217
0.8 0.16 0.00489856
0.8 0.2 0.00294616
0.8 0.24 0.00308362
0.8 0.28 0.0030924
0.8 0.32 0.00269241
0.8 0.36 0.00185247
0.8 0.4 0.00173641
0.8 0.44 0.00225016
0.8 0.48 0.00139757
0.8 0.52 0.00148894
0.8 0.56 0.00188751
0.8 0.6 0.00142522
0.8 0.64 0.00148596
0.8 0.68 0.00118388
0.8 0.72 0.000951491
0.8 0.76 0.00105518
0.8 0.8 0.000803028
0.8 0.84 0.00218686
0.8 0.88 0.00145897
0.8 0.92 0.00172638
0.8 0.96 0.00297502
0.8 1 0.000723417
0.8 1.04 0.00115442
0.8 1.08 0.00106824
0.8 1.12 0.00206148
0.8 1.16 0.000264735
0.8 1.2 9.83718e-05
0.8 1.24 0.00365926
0.8 1.28 0.00207028
0.8 1.32 0.000809497
0.8 1.36 0.000337923
0.8 1.4 0.000897302
0.8 1.44 0.00047361
0.8 1.48 0.000281229
0.8 1.52 0.000430597
0.8 1.56 0.000643702
0.8 1.6 0.000519616
0.8 1.64 0.00040609
0.8 1.68 0.000190137
0.8 1.72 0.00020646
0.8 1.76 0.000314765
0.8 1.8 0.000324309
0.8 1.84 0.000186327
0.8 1.88 0.000117478
0.8 1.92 0.000195188
0.8 1.96 0.000141708
0.8 2 0.000463319
0.8 2.04 0.000315925
0.8 2.08 8.0159e-05
0.8 2.12 0.000255208
0.8 2.16 0.000261741
0.8 2.2 0.000240521
0.8 2.24 0.000206187
0.8 2.28 0.000123254
0.8 2.32 0.000223175
0.8 2.36 0.000196912
0.8 2.4 0.00011928
0.8 2.44 0.000140314
0.8 2.48 0.000131018
0.8 2.52 6.11216e-05
0.8 2.56 1.54197e-05
0.8 2.6 1.89904e-05
0.8 2.64 2.34522e-05
0.8 2.68 0.000104918
0.8 2.72 0.000158142
0.8 2.76 0.000188511
0.8 2.8 9.49571e-05
0.8 2.84 2.7218e-05
0.8 2.88 1.97176e-05
0.8 2.92 5.89351e-05
0.8 2.96 9.12529e-05
0.8 3 3.63817e-05
0.8 3.04 1.05246e-05
0.8 3.08 2.23257e-05
0.8 3.12 6.0549e-05
0.8 3.16 8.28986e-05
0.8 3.2 9.32117e-05
0.8 3.24 0.000177032
0.8 3.28 0.000301147
0.8 3.32 0.000186096
0.8 3.36 0.000123029
0.8 3.4 2.62814e-06
0.8 3.44 4.66954e-06
0.8 3.48 4.66432e-05
0.8 3.52 8.40595e-06
0.8 3.56 7.88093e-06
0.8 3.6 4.77172e-06
0.8 3.64 2.66313e-06
0.8 3.68 4.58946e-05
0.8 3.72 6.56762e-05
0.8 3.76 5.54675e-05
0.8 3.8 6.07638e-05
0.8 3.84 0.000190657
0.8 3.88 0.000105314
0.8 3.92 0.000126899
0.8 3.96 2.53728e-05
0.8 4 4.70865e-05
0.816667 -4 0.00120933
0.816667 -3.96 0.000555184
0.816667 -3.92 0.000831876
0.816667 -3.88 0.000807766
0.816667 -3.84 0.00144949
0.816667 -3.8 0.00181508
0.816667 -3.76 0.00266283
0.816667 -3.72 0.00247933
0.816667 -3.68 0.00221587
0.816667 -3.64 0.000881654
0.816667 -3.6 0.00154988
0.816667 -3.56 0.00261992
0.816667 -3.52 0.00298538
0.816667 -3.48 0.0037712
0.816667 -3.44 0.0018586
0.816667 -3.4 0.00125391
0.816667 -3.36 0.00060342
0.816667 -3.32 0.00263386
0.816667 -3.28 0.00535856
0.816667 -3.24 0.00431131
0.816667 -3.2 0.00400456
0.816667 -3.16 0.00462596
0.816667 -3.12 0.00747309
0.816667 -3.08 0.00945731
0.816667 -3.04 0.011569
0.816667 -3 0.0100662
0.816667 -2.96 0.010927
0.816667 -2.92 0.00822817
0.816667 -2.88 0.00928623
0.816667 -2.84 0.00837228
0.816667 -2.8 0.00878023
0.816667 -2.76 0.00704578
0.816667 -2.72 0.00715645
0.816667 -2.68 0.00689565
0.816667 -2.64 0.00620579
0.816667 -2.6 0.00689243
0.816667 -2.56 0.00579963
0.816667 -2.52 0.00484188
0.816667 -2.48 0.00451857
0.816667 -2.44 0.00630528
0.816667 -2.4 0.00812176
0.816667 -2.36 0.00827016
0.816667 -2.32 0.00682601
0.816667 -2.28 0.00455502
0.816667 -2.24 0.0034154
0.816667 -2.2 0.00481539
0.816667 -2.16 0.00657316
0.816667 -2.12 0.0070436
0.816667 -2.08 0.00574109
0.816667 -2.04 0.00645681
0.816667 -2 0.00641578
0.816667 -1.96 0.00663514
0.816667 -1.92 0.00604201
0.816667 -1.88 0.00798265
0.816667 -1.84 0.00792112
0.816667 -1.8 0.00761069
0.816667 -1.76 0.00882021
0.816667 -1.72 0.00930278
0.816667 -1.68 0.00814542
0.816667 -1.64 0.00801597
0.816667 -1.6 0.00845711
0.816667 -1.56 0.00792866
0.816667 -1.52 0.0085487
0.816667 -1.48 0.00838722
0.816667 -1.44 0.008988
0.816667 -1.4 0.0113431
0.816667 -1.36 0.010926
0.816667 -1.32 0.0140926
0.816667 -1.28 0.0142325
0.816667 -1.24 0.017297
0.816667 -1.2 0.0192675
0.816667 -1.16 0.0204448
0.816667 -1.12 0.0299688
0.816667 -1.08 0.0320311
0.816667 -1.04 0.0331173
0.816667 -1 0.0317176
0.816667 -0.96 0.0318697
0.816667 -0.92 0.034347
0.816667 -0.88 0.0351835
0.816667 -0.84 0.0335992
0.816667 -0.8 0.0333234
0.816667 -0.76 0.0367398
0.816667 -0.72 0.0386932
0.816667 -0.68 0.040151
0.816667 -0.64 0.0427255
0.816667 -0.6 0.0445971
0.816667 -0.56 0.0446698
0.816667 -0.52 0.0496791
0.816667 -0.48 0.0587893
0.816667 -0.44 0.0688707
0.816667 -0.4 0.0680463
0.816667 -0.36 0.0587075
0.816667 -0.32 0.041492
0.816667 -0.28 0.027595
0.816667 -0.24 0.0212465
0.816667 -0.2 0.015026
0.816667 -0.16 0.011897
0.816667 -0.12 0.010623
0.816667 -0.08 0.0101668
0.816667 -0.04 0.00921309
0.816667 0 0.00771383
0.816667 0.04 0.00660528
0.816667 0.08 0.00583711
0.816667 0.12 0.0048498
0.816667 0.16 0.00347753
0.816667 0.2 0.00278277
0.816667 0.24 0.00269142
0.816667 0.28 0.00244279
0.816667 0.32 0.00213815
0.816667 0.36 0.00163332
0.816667 0.4 0.00171119
0.816667 0.44 0.00155939
0.816667 0.48 0.00169894
0.816667 0.52 0.0016554
0.816667 0.56 0.00142911
0.816667 0.6 0.00123182
0.816667 0.64 0.00102104
0.816667 0.68 0.00097417
0.816667 0.72 0.000988944
0.816667 0.76 0.00197566
0.816667 0.8 0.000713418
0.816667 0.84 0.00263254
0.816667 0.88 0.00125281
0.816667 0.92 0.000615809
0.816667 0.96 0.00236509
0.816667 1 0.000643949
0.816667 1.04 0.00115125
0.816667 1.08 0.00101157
0.816667 1.12 0.00249922
0.816667 1.16 0.000134
0.816667 1.2 0.000499366
0.816667 1.24 0.00257582
0.816667 1.28 0.00116616
0.816667 1.32 0.000989572
0.816667 1.36 0.000204085
0.816667 1.4 0.00162113
0.816667 1.44 0.000374024
0.816667 1.48 0.000301652
0.816667 1.52 0.000417157
0.816667 1.56 0.000643962
0.816667 1.6 0.000452056
0.816667 1.64 0.00032931
0.816667 1.68 0.000366354
0.816667 1.72 0.000163667
0.816667 1.76 0.000202008
0.816667 1.8 0.000229522
0.816667 1.84 0.00027137
0.816667 1.88 0.00020559
0.816667 1.92 0.000226913
0.816667 1.96 0.000214784
0.816667 2 0.000427449
0.816667 2.04 0.000230926
0.816667 2.08 6.00908e-05
0.816667 2.12 0.000214408
0.816667 2.16 0.000222473
0.816667 2.2 0.00026516
0.816667 2.24 0.000197314
0.816667 2.28 3.98177e-05
0.816667 2.32 0.000202054
0.816667 2.36 0.000205802
0.816667 2.4 0.000146001
0.816667 2.44 0.000145571
0.816667 2.48 0.000176346
0.816667 2.52 6.91533e-05
0.816667 2.56 8.50377e-05
0.816667 2.6 8.72677e-05
0.816667 2.64 1.26765e-05
0.816667 2.68 0.000160365
0.816667 2.72 0.000132425
0.816667 2.76 0.000157119
0.816667 2.8 0.000104877
0.816667 2.84 1.78447e-05
0.816667 2.88 1.9526e-05
0.816667 2.92 5.80179e-05
0.816667 2.96 7.6817e-05
0.816667 3 0.00010696
0.816667 3.04 8.38074e-05
0.816667 3.08 2.48765e-05
0.816667 3.12 9.04152e-05
0.816667 3.16 5.61458e-05
0.816667 3.2 6.74614e-05
0.816667 3.24 0.000168739
0.816667 3.28 0.000270776
0.816667 3.32 0.000148767
0.816667 3.36 0.000109313
0.816667 3.4 1.59224e-05
0.816667 3.44 4.66284e-05
0.816667 3.48 2.03576e-05
0.816667 3.52 3.44461e-05
0.816667 3.56 1.89481e-05
0.816667 3.6 2.66873e-05
0.816667 3.64 1.15742e-05
0.816667 3.68 1.69656e-05
0.816667 3.72 3.94762e-05
0.816667 3.76 4.25165e-05
0.816667 3.8 4.90315e-05
0.816667 3.84 0.000147161
0.816667 3.88 9.60235e-05
0.816667 3.92 0.000114242
0.816667 3.96 4.40636e-05
0.816667 4 5.49084e-05
0.833333 -4 0.000961495
0.833333 -3.96 0.000224398
0.833333 -3.92 0.000496366
0.833333 -3.88 0.00086255
0.833333 -3.84 0.00111441
0.833333 -3.8 0.00170177
0.833333 -3.76 0.00229335
0.833333 -3.72 0.00229182
0.833333 -3.68 0.00221153
0.833333 -3.64 0.00110235
0.833333 -3.6 0.00139711
0.833333 -3.56 0.00235171
0.833333 -3.52 0.00287166
0.833333 -3.48 0.00379642
0.833333 -3.44 0.00161584
0.833333 -3.4 0.000672287
0.833333 -3.36 0.000291117
0.833333 -3.32 0.00228971
0.833333 -3.28 0.00393287
0.833333 -3.24 0.00283928
0.833333 -3.2 0.00269644
0.833333 -3.16 0.00354166
0.833333 -3.12 0.00509179
0.833333 -3.08 0.00715055
0.833333 -3.04 0.010606
0.833333 -3 0.0102759
0.833333 -2.96 0.0109172
0.833333 -2.92 0.00903374
0.833333 -2.88 0.00998162
0.833333 -2.84 0.00927635
0.833333 -2.8 0.0109213
0.833333 -2.76 0.00784015
0.833333 -2.72 0.00807862
0.833333 -2.68 0.00732969
0.833333 -2.64 0.00715141
0.833333 -2.6 0.00781085
0.833333 -2.56 0.00670336
0.833333 -2.52 0.00545735
0.833333 -2.48 0.00515373
0.833333 -2.44 0.00680662
0.833333 -2.4 0.00768713
0.833333 -2.36 0.007842
0.833333 -2.32 0.00668438
0.833333 -2.28 0.00453015
0.833333 -2.24 0.00406432
0.833333 -2.2 0.00553531
0.833333 -2.16 0.00777354
0.833333 -2.12 0.00849171
0.833333 -2.08 0.00703793
0.833333 -2.04 0.00672293
0.833333 -2 0.00582768
0.833333 -1.96 0.00584761
0.833333 -1.92 0.0067231
0.833333 -1.88 0.00848574
0.833333 -1.84 0.00756746
0.833333 -1.8 0.00726921
0.833333 -1.76 0.00722934
0.833333 -1.72 0.00887235
0.833333 -1.68 0.00844714
0.833333 -1.64 0.00836556
0.833333 -1.6 0.010357
0.833333 -1.56 0.00929813
0.833333 -1.52 0.010169
0.833333 -1.48 0.0113016
0.833333 -1.44 0.0139931
0.833333 -1.4 0.0150251
0.833333 -1.36 0.0156188
0.833333 -1.32 0.0191514
0.833333 -1.28 0.0186475
0.833333 -1.24 0.0220869
0.833333 -1.2 0.0243128
0.833333 -1.16 0.0258796
0.833333 -1.12 0.0330388
0.833333 -1.08 0.0335578
0.833333 -1.04 0.0334185
0.833333 -1 0.0301854
0.833333 -0.96 0.0278963
0.833333 -0.92 0.0312943
0.833333 -0.88 0.0318108
0.833333 -0.84 0.0300982
0.833333 -0.8 0.029498
0.833333 -0.76 0.0360683
0.833333 -0.72 0.037478
0.833333 -0.68 0.0389188
0.833333 -0.64 0.0445475
0.833333 -0.6 0.0451169
0.833333 -0.56 0.0449875
0.833333 -0.52 0.0504996
0.833333 -0.48 0.0644463
0.833333 -0.44 0.0680218
0.833333 -0.4 0.0562481
0.833333 -0.36 0.0466386
0.833333 -0.32 0.0350112
0.833333 -0.28 0.0239936
0.833333 -0.24 0.0192933
0.833333 -0.2 0.0148771
0.833333 -0.16 0.0121321
0.833333 -0.12 0.00904565
0.833333 -0.08 0.00563579
0.833333 -0.04 0.00343431
0.833333 0 0.00324943
0.833333 0.04 0.00389509
0.833333 0.08 0.00469004
0.833333 0.12 0.00480735
0.833333 0.16 0.00370776
0.833333 0.2 0.00219732
0.833333 0.24 0.00231102
0.833333 0.28 0.00234546
0.833333 0.32 0.00182149
0.833333 0.36 0.00150176
0.833333 0.4 0.00150243
0.833333 0.44 0.00210683
0.833333 0.48 0.0019162
0.833333 0.52 0.00116455
0.833333 0.56 0.00156964
0.833333 0.6 0.000896961
0.833333 0.64 0.00120207
0.833333 0.68 0.000916444
0.833333 0.72 0.000926758
0.833333 0.76 0.0029315
0.833333 0.8 0.00106987
0.833333 0.84 0.00169262
0.833333 0.88 0.000884046
0.833333 0.92 0.00123881
0.833333 0.96 0.00251089
0.833333 1 0.000354136
0.833333 1.04 0.000991827
0.833333 1.08 0.000639853
0.833333 1.12 0.00210557
0.833333 1.16 0.000197487
0.833333 1.2 0.000418414
0.833333 1.24 0.00144492
0.833333 1.28 0.000952681
0.833333 1.32 0.00097492
0.833333 1.36 5.99427e-05
0.833333 1.4 0.00192398
0.833333 1.44 0.000393355
0.833333 1.48 0.000356077
0.833333 1.52 0.000124347
0.833333 1.56 0.000536284
0.833333 1.6 0.000416431
0.833333 1.64 0.00034627
0.833333 1.68 0.000365093
0.833333 1.72 0.000201622
0.833333 1.76 0.000171651
0.833333 1.8 0.000282195
0.833333 1.84 0.000464304
0.833333 1.88 0.000249786
0.833333 1.92 0.000266415
0.833333 1.96 0.000363522
0.833333 2 0.000184748
0.833333 2.04 0.000107688
0.833333 2.08 0.000110743
0.833333 2.12 8.08453e-05
0.833333 2.16 0.000144043
0.833333 2.2 0.00014988
0.833333 2.24 0.000226001
0.833333 2.28 6.14895e-05
0.833333 2.32 0.000202222
0.833333 2.36 0.000168204
0.833333 2.4 0.00018949
0.833333 2.44 0.000170417
0.833333 2.48 0.000197265
0.833333 2.52 0.000124023
0.833333 2.56 5.89405e-05
0.833333 2.6 5.21364e-05
0.833333 2.64 1.4461e-05
0.833333 2.68 0.000117898
0.833333 2.72 0.000104278
0.833333 2.76 0.000125936
0.833333 2.8 0.000109092
0.833333 2.84 0.000106704
0.833333 2.88 2.98611e-06
0.833333 2.92 1.79533e-05
0.833333 2.96 0.000122414
0.833333 3 0.000130572
0.833333 3.04 0.000152089
0.833333 3.08 5.73311e-05
0.833333 3.12 8.18492e-05
0.833333 3.16 1.3068e-05
0.833333 3.2 4.60933e-05
0.833333 3.24 0.000110366
0.833333 3.28 0.00012002
0.833333 3.32 0.000109446
0.833333 3.36 9.24166e-05
0.833333 3.4 9.60732e-06
0.833333 3.44 9.73505e-05
0.833333 3.48 4.80092e-05
0.833333 3.52 7.90058e-05
0.833333 3.56 3.78709e-05
0.833333 3.6 8.19355e-05
0.833333 3.64 9.01207e-05
0.833333 3.68 1.6079e-05
0.833333 3.72 4.41722e-05
0.833333 3.76 5.10863e-05
0.833333 3.8 5.82188e-05
0.833333 3.84 7.61968e-05
0.833333 3.88 7.35569e-05
0.833333 3.92 5.23231e-05
0.833333 3.96 5.2915e-05
0.833333 4 2.55293e-05
0.85 -4 0.000955054
0.85 -3.96 0.000300083
0.85 -3.92 0.000377289
0.85 -3.88 0.00102814
0.85 -3.84 0.00106427
0.85 -3.8 0.0015697
0.85 -3.76 0.00212204
0.85 -3.72 0.00209992
0.85 -3.68 0.00164968
0.85 -3.64 0.000946024
0.85 -3.6 0.000369015
0.85 -3.56 0.00211094
0.85 -3.52 0.00249732
0.85 -3.48 0.00377006
0.85 -3.44 0.00113886
0.85 -3.4 0.000334702
0.85 -3.36 0.000468315
0.85 -3.32 0.00207731
0.85 -3.28 0.00319609
0.85 -3.24 0.00289631
0.85 -3.2 0.00241134
0.85 -3.16 0.00296727
0.85 -3.12 0.0029577
0.85 -3.08 0.00470857
0.85 -3.04 0.00814839
0.85 -3 0.00938839
0.85 -2.96 0.00911273
0.85 -2.92 0.00925899
0.85 -2.88 0.00981309
0.85 -2.84 0.00965811
0.85 -2.8 0.0113949
0.85 -2.76 0.00863009
0.85 -2.72 0.00909358
0.85 -2.68 0.0079015
0.85 -2.64 0.00916499
0.85 -2.6 0.00894172
0.85 -2.56 0.00810073
0.85 -2.52 0.00693709
0.85 -2.48 0.00725741
0.85 -2.44 0.00727416
0.85 -2.4 0.00847955
0.85 -2.36 0.00812616
0.85 -2.32 0.0065289
0.85 -2.28 0.00529773
0.85 -2.24 0.00451582
0.85 -2.2 0.00632438
0.85 -2.16 0.0083994
0.85 -2.12 0.00867916
0.85 -2.08 0.00843929
0.85 -2.04 0.00619946
0.85 -2 0.00425961
0.85 -1.96 0.00622165
0.85 -1.92 0.00711705
0.85 -1.88 0.0079736
0.85 -1.84 0.00768082
0.85 -1.8 0.0071552
0.85 -1.76 0.00554094
0.85 -1.72 0.00742883
0.85 -1.68 0.00913955
0.85 -1.64 0.0090601
0.85 -1.6 0.0111702
0.85 -1.56 0.0128998
0.85 -1.52 0.0114288
0.85 -1.48 0.0152015
0.85 -1.44 0.0194063
0.85 -1.4 0.0195495
0.85 -1.36 0.0219103
0.85 -1.32 0.0218459
0.85 -1.28 0.0243146
0.85 -1.24 0.0266625
0.85 -1.2 0.0281848
0.85 -1.16 0.0299921
0.85 -1.12 0.0274612
0.85 -1.08 0.0287887
0.85 -1.04 0.0295699
0.85 -1 0.0281497
0.85 -0.96 0.0287061
0.85 -0.92 0.0298405
0.85 -0.88 0.0310835
0.85 -0.84 0.0295966
0.85 -0.8 0.030285
0.85 -0.76 0.0348034
0.85 -0.72 0.0359842
0.85 -0.68 0.0375074
0.85 -0.64 0.0414576
0.85 -0.6 0.0435376
0.85 -0.56 0.046809
0.85 -0.52 0.0568279
0.85 -0.48 0.0688507
0.85 -0.44 0.0662165
0.85 -0.4 0.0488766
0.85 -0.36 0.0371833
0.85 -0.32 0.028462
0.85 -0.28 0.0198253
0.85 -0.24 0.0161356
0.85 -0.2 0.0124434
0.85 -0.16 0.00994143
0.85 -0.12 0.00768425
0.85 -0.08 0.00559402
0.85 -0.04 0.00421664
0.85 0 0.00386204
0.85 0.04 0.0039555
0.85 0.08 0.00394242
0.85 0.12 0.00351874
0.85 0.16 0.00267604
0.85 0.2 0.00192324
0.85 0.24 0.00204023
0.85 0.28 0.00196745
0.85 0.32 0.00147461
0.85 0.36 0.0015388
0.85 0.4 0.00121959
0.85 0.44 0.00140818
0.85 0.48 0.00140983
0.85 0.52 0.00139307
0.85 0.56 0.00147497
0.85 0.6 0.000944914
0.85 0.64 0.00113658
0.85 0.68 0.00104086
0.85 0.72 0.000819107
0.85 0.76 0.00194003
0.85 0.8 0.00131334
0.85 0.84 0.000891491
0.85 0.88 0.000805171
0.85 0.92 0.000807131
0.85 0.96 0.00265378
0.85 1 0.000113613
0.85 1.04 0.00105192
0.85 1.08 0.000649881
0.85 1.12 0.00159456
0.85 1.16 0.000407199
0.85 1.2 5.91581e-06
0.85 1.24 0.00162456
0.85 1.28 0.00148727
0.85 1.32 0.00101381
0.85 1.36 0.000119102
0.85 1.4 0.00159044
0.85 1.44 0.000446736
0.85 1.48 0.000371441
0.85 1.52 0.0004872
0.85 1.56 0.000396279
0.85 1.6 0.00042471
0.85 1.64 0.000426971
0.85 1.68 0.000240906
0.85 1.72 0.000288389
0.85 1.76 0.000196492
0.85 1.8 0.000375217
0.85 1.84 0.000543884
0.85 1.88 0.000178702
0.85 1.92 0.000302073
0.85 1.96 0.000367809
0.85 2 7.79403e-05
0.85 2.04 9.86724e-05
0.85 2.08 0.000157234
0.85 2.12 3.66174e-05
0.85 2.16 0.000104836
0.85 2.2 8.83605e-05
0.85 2.24 0.000236281
0.85 2.28 0.000164431
0.85 2.32 0.000228205
0.85 2.36 0.000159495
0.85 2.4 0.000210501
0.85 2.44 0.00018188
0.85 2.48 0.000168887
0.85 2.52 0.000136755
0.85 2.56 1.68939e-05
0.85 2.6 3.14392e-07
0.85 2.64 1.64634e-05
0.85 2.68 4.0937e-05
0.85 2.72 9.39342e-05
0.85 2.76 0.000149115
0.85 2.8 0.00015297
0.85 2.84 0.000206286
0.85 2.88 9.03233e-05
0.85 2.92 0.000128034
0.85 2.96 0.000184619
0.85 3 0.000112677
0.85 3.04 0.000156445
0.85 3.08 7.36335e-05
0.85 3.12 2.92792e-05
0.85 3.16 2.06844e-05
0.85 3.2 5.59122e-05
0.85 3.24 7.14918e-05
0.85 3.28 3.28478e-05
0.85 3.32 9.11709e-05
0.85 3.36 6.64875e-05
0.85 3.4 1.84424e-05
0.85 3.44 0.000109752
0.85 3.48 7.96894e-05
0.85 3.52 7.78794e-05
0.85 3.56 0.000106007
0.85 3.6 0.000103654
0.85 3.64 0.000150402
0.85 3.68 2.40428e-05
0.85 3.72 6.97514e-05
0.85 3.76 6.45422e-05
0.85 3.8 9.24623e-05
0.85 3.84 5.7342e-05
0.85 3.88 3.41756e-05
0.85 3.92 5.5406e-06
0.85 3.96 5.05225e-05
0.85 4 1.43604e-05
0.866667 -4 0.0010824
0.866667 -3.96 0.000459821
0.866667 -3.92 0.000536885
0.866667 -3.88 0.00131787
0.866667 -3.84 0.00117406
0.866667 -3.8 0.00157001
0.866667 -3.76 0.00225423
0.866667 -3.72 0.00179903
0.866667 -3.68 0.0011788
0.866667 -3.64 0.00055329
0.866667 -3.6 0.000328737
0.866667 -3.56 0.00205487
0.866667 -3.52 0.00242046
0.866667 -3.48 0.00386451
0.866667 -3.44 0.00129975
0.866667 -3.4 0.000681649
0.866667 -3.36 0.000871273
0.866667 -3.32 0.00162245
0.866667 -3.28 0.00312988
0.866667 -3.24 0.00373522
0.866667 -3.2 0.00276806
0.866667 -3.16 0.00246873
0.866667 -3.12 0.00237
0.866667 -3.08 0.00345629
0.866667 -3.04 0.00573327
0.866667 -3 0.00721349
0.866667 -2.96 0.00626035
0.866667 -2.92 0.00799982
0.866667 -2.88 0.00888052
0.866667 -2.84 0.00946047
0.866667 -2.8 0.0108649
0.866667 -2.76 0.00949391
0.866667 -2.72 0.00938534
0.866667 -2.68 0.00870646
0.866667 -2.64 0.0107336
0.866667 -2.6 0.0101835
0.866667 -2.56 0.00953784
0.866667 -2.52 0.00875367
0.866667 -2.48 0.00894216
0.866667 -2.44 0.00809987
0.866667 -2.4 0.0100287
0.866667 -2.36 0.00884158
0.866667 -2.32 0.00731789
0.866667 -2.28 0.00560625
0.866667 -2.24 0.00423371
0.866667 -2.2 0.00769583
0.866667 -2.16 0.00932247
0.866667 -2.12 0.00958015
0.866667 -2.08 0.00883789
0.866667 -2.04 0.00589797
0.866667 -2 0.0054344
0.866667 -1.96 0.00749562
0.866667 -1.92 0.00829318
0.866667 -1.88 0.00865547
0.866667 -1.84 0.00885782
0.866667 -1.8 0.00788877
0.866667 -1.76 0.00730872
0.866667 -1.72 0.00926432
0.866667 -1.68 0.0115082
0.866667 -1.64 0.0122718
0.866667 -1.6 0.0137523
0.866667 -1.56 0.0163195
0.866667 -1.52 0.0154401
0.866667 -1.48 0.0187019
0.866667 -1.44 0.0217555
0.866667 -1.4 0.0223675
0.866667 -1.36 0.0247843
0.866667 -1.32 0.0226162
0.866667 -1.28 0.0269862
0.866667 -1.24 0.028354
0.866667 -1.2 0.0297575
0.866667 -1.16 0.0307923
0.866667 -1.12 0.0218023
0.866667 -1.08 0.0240156
0.866667 -1.04 0.0250581
0.866667 -1 0.0254136
0.866667 -0.96 0.0311419
0.866667 -0.92 0.0306613
0.866667 -0.88 0.0312437
0.866667 -0.84 0.0306261
0.866667 -0.8 0.0332027
0.866667 -0.76 0.0341957
0.866667 -0.72 0.0344949
0.866667 -0.68 0.0353579
0.866667 -0.64 0.0381651
0.866667 -0.6 0.0428627
0.866667 -0.56 0.0501635
0.866667 -0.52 0.0648737
0.866667 -0.48 0.0698388
0.866667 -0.44 0.0632635
0.866667 -0.4 0.0444669
0.866667 -0.36 0.0300823
0.866667 -0.32 0.022186
0.866667 -0.28 0.0159844
0.866667 -0.24 0.0128277
0.866667 -0.2 0.00941977
0.866667 -0.16 0.0076594
0.866667 -0.12 0.00755131
0.866667 -0.08 0.00820639
0.866667 -0.04 0.00808349
0.866667 0 0.00681936
0.866667 0.04 0.00584301
0.866667 0.08 0.00557363
0.866667 0.12 0.00509015
0.866667 0.16 0.00373483
0.866667 0.2 0.00214221
0.866667 0.24 0.00245881
0.866667 0.28 0.00218284
0.866667 0.32 0.00224126
0.866667 0.36 0.00145702
0.866667 0.4 0.00185714
0.866667 0.44 0.0020586
0.866667 0.48 0.00135871
0.866667 0.52 0.00100851
0.866667 0.56 0.00123731
0.866667 0.6 0.00115119
0.866667 0.64 0.000861003
0.866667 0.68 0.00135979
0.866667 0.72 0.00125227
0.866667 0.76 0.00139356
0.866667 0.8 0.00107707
0.866667 0.84 0.00132066
0.866667 0.88 0.000874827
0.866667 0.92 0.000816808
0.866667 0.96 0.00194742
0.866667 1 0.000177734
0.866667 1.04 0.00151686
0.866667 1.08 0.00107907
0.866667 1.12 0.00181104
0.866667 1.16 0.000623275
0.866667 1.2 0.000332101
0.866667 1.24 0.00260016
0.866667 1.28 0.00190777
0.866667 1.32 0.00132237
0.866667 1.36 9.75211e-05
0.866667 1.4 0.00119605
0.866667 1.44 0.000496922
0.866667 1.48 0.000268045
0.866667 1.52 0.000233304
0.866667 1.56 0.000337769
0.866667 1.6 0.00042594
0.866667 1.64 0.000484488
0.866667 1.68 0.000210798
0.866667 1.72 0.00036984
0.866667 1.76 0.000264238
0.866667 1.8 0.000433891
0.866667 1.84 0.000385442
0.866667 1.88 7.24348e-05
0.866667 1.92 0.000309725
0.866667 1.96 0.000184696
0.866667 2 0.000266457
0.866667 2.04 0.000225116
0.866667 2.08 0.00017304
0.866667 2.12 0.000154365
0.866667 2.16 0.000144379
0.866667 2.2 0.000225054
0.866667 2.24 0.00017992
0.866667 2.28 0.000235025
0.866667 2.32 0.000206665
0.866667 2.36 0.000172866
0.866667 2.4 0.000201852
0.866667 2.44 0.000170526
0.866667 2.48 0.000117078
0.866667 2.52 8.70498e-05
0.866667 2.56 3.20217e-05
0.866667 2.6 1.16263e-05
0.866667 2.64 4.6586e-06
0.866667 2.68 4.4424e-05
0.866667 2.72 0.000134993
0.866667 2.76 0.000217392
0.866667 2.8 0.000224394
0.866667 2.84 0.000205751
0.866667 2.88 0.000156425
0.866667 2.92 0.000180573
0.866667 2.96 0.00019525
0.866667 3 0.000100671
0.866667 3.04 0.000110458
0.866667 3.08 4.34665e-05
0.866667 3.12 3.0674e-05
0.866667 3.16 1.39012e-05
0.866667 3.2 7.73557e-05
0.866667 3.24 0.000109798
0.866667 3.28 9.00837e-05
0.866667 3.32 9.66101e-05
0.866667 3.36 5.3962e-05
0.866667 3.4 1.89142e-05
0.866667 3.44 7.91209e-05
0.866667 3.48 7.19864e-05
0.866667 3.52 5.21775e-05
0.866667 3.56 0.000120378
0.866667 3.6 7.41021e-05
0.866667 3.64 0.000136951
0.866667 3.68 3.91621e-05
0.866667 3.72 7.76318e-05
0.866667 3.76 5.88731e-05
0.866667 3.8 0.000127605
0.866667 3.84 9.8106e-05
0.866667 3.88 6.78617e-06
0.866667 3.92 2.68223e-05
0.866667 3.96 4.71768e-05
0.866667 4 1.1918e-05
0.883333 -4 0.00112157
0.883333 -3.96 0.000468412
0.883333 -3.92 0.000824846
0.883333 -3.88 0.00151251
0.883333 -3.84 0.00128791
0.883333 -3.8 0.00165622
0.883333 -3.76 0.00257682
0.883333 -3.72 0.00152425
0.883333 -3.68 0.00127351
0.883333 -3.64 0.000167087
0.883333 -3.6 3.89975e-05
0.883333 -3.56 0.00191957
0.883333 -3.52 0.00260168
0.883333 -3.48 0.00390259
0.883333 -3.44 0.00198434
0.883333 -3.4 0.00136322
0.883333 -3.36 0.00120382
0.883333 -3.32 0.00112354
0.883333 -3.28 0.00321071
0.883333 -3.24 0.00413063
0.883333 -3.2 0.00309659
0.883333 -3.16 0.0021647
0.883333 -3.12 0.00268721
0.883333 -3.08 0.00339617
0.883333 -3.04 0.00475069
0.883333 -3 0.00487189
0.883333 -2.96 0.00372556
0.883333 -2.92 0.00541343
0.883333 -2.88 0.00712278
0.883333 -2.84 0.00851208
0.883333 -2.8 0.0100876
0.883333 -2.76 0.00968914
0.883333 -2.72 0.00900301
0.883333 -2.68 0.00974282
0.883333 -2.64 0.011217
0.883333 -2.6 0.0114348
0.883333 -2.56 0.0108389
0.883333 -2.52 0.0101641
0.883333 -2.48 0.00907502
0.883333 -2.44 0.00958155
0.883333 -2.4 0.0106435
0.883333 -2.36 0.00925269
0.883333 -2.32 0.00810718
0.883333 -2.28 0.00525676
0.883333 -2.24 0.00448161
0.883333 -2.2 0.00900872
0.883333 -2.16 0.0105083
0.883333 -2.12 0.0113176
0.883333 -2.08 0.00837486
0.883333 -2.04 0.00650802
0.883333 -2 0.00859275
0.883333 -1.96 0.00881057
0.883333 -1.92 0.0107494
0.883333 -1.88 0.0111994
0.883333 -1.84 0.0106318
0.883333 -1.8 0.00946819
0.883333 -1.76 0.011142
0.883333 -1.72 0.0141266
0.883333 -1.68 0.0151328
0.883333 -1.64 0.01777
0.883333 -1.6 0.0189084
0.883333 -1.56 0.018891
0.883333 -1.52 0.021496
0.883333 -1.48 0.0211702
0.883333 -1.44 0.0217516
0.883333 -1.4 0.0230852
0.883333 -1.36 0.0234201
0.883333 -1.32 0.0229199
0.883333 -1.28 0.0245778
0.883333 -1.24 0.0266478
0.883333 -1.2 0.0286811
0.883333 -1.16 0.0284697
0.883333 -1.12 0.0228345
0.883333 -1.08 0.0235187
0.883333 -1.04 0.0224327
0.883333 -1 0.0219535
0.883333 -0.96 0.0298949
0.883333 -0.92 0.0324576
0.883333 -0.88 0.0303346
0.883333 -0.84 0.0297502
0.883333 -0.8 0.0334523
0.883333 -0.76 0.0345981
0.883333 -0.72 0.0341283
0.883333 -0.68 0.0341639
0.883333 -0.64 0.0410625
0.883333 -0.6 0.0458669
0.883333 -0.56 0.0543753
0.883333 -0.52 0.0679539
0.883333 -0.48 0.0657107
0.883333 -0.44 0.0561517
0.883333 -0.4 0.038196
0.883333 -0.36 0.0246233
0.883333 -0.32 0.0188066
0.883333 -0.28 0.0152299
0.883333 -0.24 0.0120808
0.883333 -0.2 0.00927332
0.883333 -0.16 0.00795156
0.883333 -0.12 0.0072862
0.883333 -0.08 0.00668453
0.883333 -0.04 0.00589095
0.883333 0 0.00495822
0.883333 0.04 0.0042973
0.883333 0.08 0.00383079
0.883333 0.12 0.00324041
0.883333 0.16 0.00244673
0.883333 0.2 0.00209398
0.883333 0.24 0.00199461
0.883333 0.28 0.00163293
0.883333 0.32 0.00182514
0.883333 0.36 0.0013021
0.883333 0.4 0.00157578
0.883333 0.44 0.00144027
0.883333 0.48 0.00142478
0.883333 0.52 0.00104717
0.883333 0.56 0.00137039
0.883333 0.6 0.0014937
0.883333 0.64 0.00098446
0.883333 0.68 0.00122504
0.883333 0.72 0.00164339
0.883333 0.76 0.00206748
0.883333 0.8 0.000699104
0.883333 0.84 0.00207451
0.883333 0.88 0.000772844
0.883333 0.92 0.000598764
0.883333 0.96 0.00132444
0.883333 1 0.000550138
0.883333 1.04 0.00180555
0.883333 1.08 0.00113663
0.883333 1.12 0.00226968
0.883333 1.16 0.000673849
0.883333 1.2 0.000374859
0.883333 1.24 0.00286656
0.883333 1.28 0.00148005
0.883333 1.32 0.00158241
0.883333 1.36 0.000111323
0.883333 1.4 0.00129228
0.883333 1.44 0.000559283
0.883333 1.48 0.000172692
0.883333 1.52 0.000139062
0.883333 1.56 0.000310478
0.883333 1.6 0.000436446
0.883333 1.64 0.000481912
0.883333 1.68 0.000339667
0.883333 1.72 0.000396554
0.883333 1.76 0.000389167
0.883333 1.8 0.000472714
0.883333 1.84 0.000174384
0.883333 1.88 7.58106e-05
0.883333 1.92 0.00026239
0.883333 1.96 5.12635e-05
0.883333 2 0.000470968
0.883333 2.04 0.000322097
0.883333 2.08 0.000185833
0.883333 2.12 0.000284529
0.883333 2.16 0.000217862
0.883333 2.2 0.000375836
0.883333 2.24 0.00013497
0.883333 2.28 0.000241714
0.883333 2.32 0.000118419
0.883333 2.36 0.000120778
0.883333 2.4 0.000188926
0.883333 2.44 0.000156024
0.883333 2.48 9.14721e-05
0.883333 2.52 4.75422e-05
0.883333 2.56 4.65395e-05
0.883333 2.6 3.07326e-05
0.883333 2.64 8.69294e-05
0.883333 2.68 0.000126476
0.883333 2.72 0.000233039
0.883333 2.76 0.000277567
0.883333 2.8 0.000234986
0.883333 2.84 0.000143323
0.883333 2.88 0.000143094
0.883333 2.92 0.000154796
0.883333 2.96 0.000141194
0.883333 3 0.000119645
0.883333 3.04 7.6637e-05
0.883333 3.08 6.24381e-06
0.883333 3.12 4.26878e-05
0.883333 3.16 3.06858e-05
0.883333 3.2 7.07748e-05
0.883333 3.24 0.000175958
0.883333 3.28 0.000179441
0.883333 3.32 0.000118912
0.883333 3.36 8.9354e-05
0.883333 3.4 4.72129e-05
0.883333 3.44 4.28974e-05
0.883333 3.48 4.81102e-05
0.883333 3.52 7.84933e-05
0.883333 3.56 9.97673e-05
0.883333 3.6 2.50272e-05
0.883333 3.64 7.81085e-05
0.883333 3.68 2.1306e-05
0.883333 3.72 5.76638e-05
0.883333 3.76 3.89763e-05
0.883333 3.8 0.000129304
0.883333 3.84 0.000123178
0.883333 3.88 3.74946e-05
0.883333 3.92 8.52635e-05
0.883333 3.96 4.57386e-05
0.883333 4 3.38491e-05
0.9 -4 0.000938282
0.9 -3.96 0.000511346
0.9 -3.92 0.00107658
0.9 -3.88 0.00134169
0.9 -3.84 0.0015592
0.9 -3.8 0.00171387
0.9 -3.76 0.00285687
0.9 -3.72 0.00164911
0.9 -3.68 0.00159159
0.9 -3.64 9.10737e-05
0.9 -3.6 0.000920187
0.9 -3.56 0.00152194
0.9 -3.52 0.00242993
0.9 -3.48 0.0035021
0.9 -3.44 0.00222297
0.9 -3.4 0.00176339
0.9 -3.36 0.00140261
0.9 -3.32 0.00120838
0.9 -3.28 0.00305739
0.9 -3.24 0.00363398
0.9 -3.2 0.0029586
0.9 -3.16 0.00247051
0.9 -3.12 0.00263834
0.9 -3.08 0.00365071
0.9 -3.04 0.00455664
0.9 -3 0.00334218
0.9 -2.96 0.00235735
0.9 -2.92 0.00283076
0.9 -2.88 0.00483176
0.9 -2.84 0.00682065
0.9 -2.8 0.00872664
0.9 -2.76 0.00841619
0.9 -2.72 0.00832063
0.9 -2.68 0.0103684
0.9 -2.64 0.0110658
0.9 -2.6 0.0123964
0.9 -2.56 0.0121651
0.9 -2.52 0.0110021
0.9 -2.48 0.00885147
0.9 -2.44 0.011057
0.9 -2.4 0.0102294
0.9 -2.36 0.00957118
0.9 -2.32 0.0073453
0.9 -2.28 0.00563593
0.9 -2.24 0.00654139
0.9 -2.2 0.00921457
0.9 -2.16 0.0111494
0.9 -2.12 0.0116227
0.9 -2.08 0.00854076
0.9 -2.04 0.00752676
0.9 -2 0.00921486
0.9 -1.96 0.0105981
0.9 -1.92 0.0132219
0.9 -1.88 0.0135018
0.9 -1.84 0.0121802
0.9 -1.8 0.011121
0.9 -1.76 0.0131751
0.9 -1.72 0.0172956
0.9 -1.68 0.0181944
0.9 -1.64 0.0221438
0.9 -1.6 0.0227549
0.9 -1.56 0.0220492
0.9 -1.52 0.024739
0.9 -1.48 0.0224877
0.9 -1.44 0.0219481
0.9 -1.4 0.0229715
0.9 -1.36 0.0216986
0.9 -1.32 0.0225333
0.9 -1.28 0.020614
0.9 -1.24 0.0239262
0.9 -1.2 0.0260613
0.9 -1.16 0.0257277
0.9 -1.12 0.0269989
0.9 -1.08 0.0248982
0.9 -1.04 0.0216182
0.9 -1 0.0203078
0.9 -0.96 0.0260473
0.9 -0.92 0.0329495
0.9 -0.88 0.029598
0.9 -0.84 0.0277129
0.9 -0.8 0.0310727
0.9 -0.76 0.0337242
0.9 -0.72 0.0342683
0.9 -0.68 0.0353058
0.9 -0.64 0.0470091
0.9 -0.6 0.0501017
0.9 -0.56 0.0576234
0.9 -0.52 0.0665052
0.9 -0.48 0.0594794
0.9 -0.44 0.0476453
0.9 -0.4 0.0329748
0.9 -0.36 0.0215971
0.9 -0.32 0.0173091
0.9 -0.28 0.0154959
0.9 -0.24 0.012461
0.9 -0.2 0.0103122
0.9 -0.16 0.00892663
0.9 -0.12 0.00666897
0.9 -0.08 0.00381706
0.9 -0.04 0.00213612
0.9 0 0.00225551
0.9 0.04 0.00302316
0.9 0.08 0.00378503
0.9 0.12 0.00388098
0.9 0.16 0.00291773
0.9 0.2 0.00165613
0.9 0.24 0.00193746
0.9 0.28 0.00196039
0.9 0.32 0.00136678
0.9 0.36 0.0013253
0.9 0.4 0.00116467
0.9 0.44 0.00171078
0.9 0.48 0.00111617
0.9 0.52 0.00084938
0.9 0.56 0.00148625
0.9 0.6 0.00136968
0.9 0.64 0.0013224
0.9 0.68 0.000916034
0.9 0.72 0.00209713
0.9 0.76 0.000784964
0.9 0.8 0.000718913
0.9 0.84 0.00185647
0.9 0.88 0.000713235
0.9 0.92 0.000830173
0.9 0.96 0.00194092
0.9 1 0.000896967
0.9 1.04 0.00140493
0.9 1.08 0.000487775
0.9 1.12 0.001995
0.9 1.16 0.000535481
0.9 1.2 0.000265479
0.9 1.24 0.00195285
0.9 1.28 0.000465571
0.9 1.32 0.00141721
0.9 1.36 0.000368344
0.9 1.4 0.00176311
0.9 1.44 0.000614063
0.9 1.48 0.0002504
0.9 1.52 2.50856e-06
0.9 1.56 0.000213726
0.9 1.6 0.000504967
0.9 1.64 0.000440226
0.9 1.68 0.000464588
0.9 1.72 0.000368043
0.9 1.76 0.00052841
0.9 1.8 0.000500523
0.9 1.84 0.000141378
0.9 1.88 0.000191199
0.9 1.92 0.000170136
0.9 1.96 0.000138271
0.9 2 0.000388741
0.9 2.04 0.000258595
0.9 2.08 0.000219442
0.9 2.12 0.000283378
0.9 2.16 0.000257641
0.9 2.2 0.000304101
0.9 2.24 0.000193103
0.9 2.28 0.000247288
0.9 2.32 5.24786e-05
0.9 2.36 5.09652e-07
0.9 2.4 0.000173175
0.9 2.44 0.000147338
0.9 2.48 0.000106757
0.9 2.52 7.30043e-05
0.9 2.56 1.52055e-05
0.9 2.6 9.49405e-05
0.9 2.64 0.000137638
0.9 2.68 0.000187116
0.9 2.72 0.00033976
0.9 2.76 0.000297969
0.9 2.8 0.000145186
0.9 2.84 0.000134208
0.9 2.88 9.26759e-05
0.9 2.92 0.000117447
0.9 2.96 7.42078e-05
0.9 3 0.000149808
0.9 3.04 8.80354e-05
0.9 3.08 1.87913e-05
0.9 3.12 3.14281e-06
0.9 3.16 7.04429e-05
0.9 3.2 3.24391e-05
0.9 3.24 0.000184622
0.9 3.28 0.000178791
0.9 3.32 0.000144464
0.9 3.36 0.000156919
0.9 3.4 0.000139111
0.9 3.44 3.79346e-05
0.9 3.48 5.24539e-05
0.9 3.52 0.000167996
0.9 3.56 0.000115368
0.9 3.6 6.10818e-07
0.9 3.64 3.40501e-05
0.9 3.68 1.66589e-05
0.9 3.72 3.59622e-05
0.9 3.76 2.42201e-05
0.9 3.8 9.25841e-05
0.9 3.84 9.09748e-05
0.9 3.88 0.000119476
0.9 3.92 0.000107603
0.9 3.96 3.74777e-05
0.9 4 6.51019e-05
0.916667 -4 0.000731281
0.916667 -3.96 0.000735082
0.916667 -3.92 0.00123958
0.916667 -3.88 0.000956232
0.916667 -3.84 0.00203366
0.916667 -3.8 0.00176355
0.916667 -3.76 0.00283408
0.916667 -3.72 0.0020383
0.916667 -3.68 0.00155643
0.916667 -3.64 0.000158247
0.916667 -3.6 0.00122277
0.916667 -3.56 0.00114162
0.916667 -3.52 0.0018712
0.916667 -3.48 0.0028745
0.916667 -3.44 0.00186864
0.916667 -3.4 0.00176153
0.916667 -3.36 0.0015673
0.916667 -3.32 0.00192227
0.916667 -3.28 0.00280823
0.916667 -3.24 0.00283649
0.916667 -3.2 0.00246836
0.916667 -3.16 0.00312554
0.916667 -3.12 0.00232276
0.916667 -3.08 0.00385065
0.916667 -3.04 0.00377539
0.916667 -3 0.00255756
0.916667 -2.96 0.00208263
0.916667 -2.92 0.00146645
0.916667 -2.88 0.00297712
0.916667 -2.84 0.00496458
0.916667 -2.8 0.0065762
0.916667 -2.76 0.00595323
0.916667 -2.72 0.00706732
0.916667 -2.68 0.00959608
0.916667 -2.64 0.0107514
0.916667 -2.6 0.0126606
0.916667 -2.56 0.0129531
0.916667 -2.52 0.0113511
0.916667 -2.48 0.00971512
0.916667 -2.44 0.0118278
0.916667 -2.4 0.0106735
0.916667 -2.36 0.0106505
0.916667 -2.32 0.00668129
0.916667 -2.28 0.00744886
0.916667 -2.24 0.00920913
0.916667 -2.2 0.00913026
0.916667 -2.16 0.0112616
0.916667 -2.12 0.0103508
0.916667 -2.08 0.0101966
0.916667 -2.04 0.00850445
0.916667 -2 0.0077121
0.916667 -1.96 0.0138617
0.916667 -1.92 0.0152928
0.916667 -1.88 0.0148547
0.916667 -1.84 0.0138314
0.916667 -1.8 0.0129195
0.916667 -1.76 0.0140481
0.916667 -1.72 0.0176013
0.916667 -1.68 0.0196835
0.916667 -1.64 0.0227503
0.916667 -1.6 0.0226924
0.916667 -1.56 0.0249054
0.916667 -1.52 0.0233796
0.916667 -1.48 0.0228757
0.916667 -1.44 0.022693
0.916667 -1.4 0.0226116
0.916667 -1.36 0.0217235
0.916667 -1.32 0.0210313
0.916667 -1.28 0.0192228
0.916667 -1.24 0.0223362
0.916667 -1.2 0.0236991
0.916667 -1.16 0.0244406
0.916667 -1.12 0.0278156
0.916667 -1.08 0.0248937
0.916667 -1.04 0.021505
0.916667 -1 0.0213195
0.916667 -0.96 0.0236167
0.916667 -0.92 0.03106
0.916667 -0.88 0.0300905
0.916667 -0.84 0.0273132
0.916667 -0.8 0.0290465
0.916667 -0.76 0.0315322
0.916667 -0.72 0.0337053
0.916667 -0.68 0.0379774
0.916667 -0.64 0.0491958
0.916667 -0.6 0.0524005
0.916667 -0.56 0.059221
0.916667 -0.52 0.0658058
0.916667 -0.48 0.0550246
0.916667 -0.44 0.0418792
0.916667 -0.4 0.0320478
0.916667 -0.36 0.0208221
0.916667 -0.32 0.0150944
0.916667 -0.28 0.0134468
0.916667 -0.24 0.0109879
0.916667 -0.2 0.00899988
0.916667 -0.16 0.00766439
0.916667 -0.12 0.00614187
0.916667 -0.08 0.00459658
0.916667 -0.04 0.00357136
0.916667 0 0.00314731
0.916667 0.04 0.00300367
0.916667 0.08 0.00285394
0.916667 0.12 0.00254318
0.916667 0.16 0.00202818
0.916667 0.2 0.0016936
0.916667 0.24 0.00170915
0.916667 0.28 0.00146793
0.916667 0.32 0.00126184
0.916667 0.36 0.00144529
0.916667 0.4 0.00111284
0.916667 0.44 0.00122161
0.916667 0.48 0.00103274
0.916667 0.52 0.00115664
0.916667 0.56 0.00112198
0.916667 0.6 0.0011368
0.916667 0.64 0.00126291
0.916667 0.68 0.00172208
0.916667 0.72 0.00242619
0.916667 0.76 0.00164538
0.916667 0.8 0.00116282
0.916667 0.84 0.00100696
0.916667 0.88 0.00102101
0.916667 0.92 0.00051508
0.916667 0.96 0.00291129
0.916667 1 0.000849102
0.916667 1.04 0.000785471
0.916667 1.08 7.71323e-05
0.916667 1.12 0.00119527
0.916667 1.16 0.000462909
0.916667 1.2 0.000237839
0.916667 1.24 0.00092377
0.916667 1.28 9.32778e-05
0.916667 1.32 0.00112593
0.916667 1.36 0.000772808
0.916667 1.4 0.00203696
0.916667 1.44 0.000612549
0.916667 1.48 0.000407181
0.916667 1.52 0.000405378
0.916667 1.56 0.000166784
0.916667 1.6 0.000583224
0.916667 1.64 0.000389495
0.916667 1.68 0.000432631
0.916667 1.72 0.000350179
0.916667 1.76 0.000568529
0.916667 1.8 0.000462115
0.916667 1.84 0.000223933
0.916667 1.88 0.000250581
0.916667 1.92 9.96982e-05
0.916667 1.96 0.000292139
0.916667 2 0.000151556
0.916667 2.04 0.000126615
0.916667 2.08 0.000267963
0.916667 2.12 0.000220699
0.916667 2.16 0.000253885
0.916667 2.2 0.000140148
0.916667 2.24 0.000297676
0.916667 2.28 0.000267847
0.916667 2.32 8.65479e-05
0.916667 2.36 5.09231e-05
0.916667 2.4 0.000124911
0.916667 2.44 0.000131996
0.916667 2.48 0.000129563
0.916667 2.52 0.00012782
0.916667 2.56 9.1417e-05
0.916667 2.6 0.000131689
0.916667 2.64 0.000113038
0.916667 2.68 0.000183614
0.916667 2.72 0.000385666
0.916667 2.76 0.00029332
0.916667 2.8 4.64569e-05
0.916667 2.84 0.000180457
0.916667 2.88 7.80785e-05
0.916667 2.92 0.000113562
0.916667 2.96 5.01031e-05
0.916667 3 0.000150555
0.916667 3.04 0.000113901
0.916667 3.08 2.54253e-05
0.916667 3.12 4.64352e-05
0.916667 3.16 6.82856e-05
0.916667 3.2 2.49271e-06
0.916667 3.24 0.000141469
0.916667 3.28 0.00012443
0.916667 3.32 0.000156754
0.916667 3.36 0.000186887
0.916667 3.4 0.00016877
0.916667 3.44 5.98581e-05
0.916667 3.48 8.23356e-05
0.916667 3.52 0.000234935
0.916667 3.56 0.00017013
0.916667 3.6 1.47729e-05
0.916667 3.64 2.34894e-05
0.916667 3.68 4.66277e-05
0.916667 3.72 3.1339e-05
0.916667 3.76 1.85738e-05
0.916667 3.8 5.32391e-05
0.916667 3.84 6.55434e-05
0.916667 3.88 0.000176962
0.916667 3.92 7.53427e-05
0.916667 3.96 1.72253e-05
0.916667 4 4.51664e-05
0.933333 -4 0.000806052
0.933333 -3.96 0.000878782
0.933333 -3.92 0.00129325
0.933333 -3.88 0.000830168
0.933333 -3.84 0.00233806
0.933333 -3.8 0.00187173
0.933333 -3.76 0.00245247
0.933333 -3.72 0.00206003
0.933333 -3.68 0.00117623
0.933333 -3.64 2.00588e-06
0.933333 -3.6 0.000627047
0.933333 -3.56 0.00117228
0.933333 -3.52 0.00163542
0.933333 -3.48 0.00271568
0.933333 -3.44 0.00180233
0.933333 -3.4 0.00169795
0.933333 -3.36 0.001772
0.933333 -3.32 0.00248078
0.933333 -3.28 0.00269356
0.933333 -3.24 0.00238548
0.933333 -3.2 0.00197337
0.933333 -3.16 0.0032823
0.933333 -3.12 0.00272114
0.933333 -3.08 0.00418825
0.933333 -3.04 0.00249668
0.933333 -3 0.00203371
0.933333 -2.96 0.00233036
0.933333 -2.92 0.00145143
0.933333 -2.88 0.00246676
0.933333 -2.84 0.00380411
0.933333 -2.8 0.00463078
0.933333 -2.76 0.00357154
0.933333 -2.72 0.00494266
0.933333 -2.68 0.00736064
0.933333 -2.64 0.0101815
0.933333 -2.6 0.0119565
0.933333 -2.56 0.0120124
0.933333 -2.52 0.0109039
0.933333 -2.48 0.0109658
0.933333 -2.44 0.0121373
0.933333 -2.4 0.0129608
0.933333 -2.36 0.0125315
0.933333 -2.32 0.00938967
0.933333 -2.28 0.0096621
0.933333 -2.24 0.0103568
0.933333 -2.2 0.0109345
0.933333 -2.16 0.0121123
0.933333 -2.12 0.0107476
0.933333 -2.08 0.0126137
0.933333 -2.04 0.0101367
0.933333 -2 0.00997349
0.933333 -1.96 0.0181775
0.933333 -1.92 0.0182853
0.933333 -1.88 0.0172395
0.933333 -1.84 0.0164409
0.933333 -1.8 0.0157507
0.933333 -1.76 0.0176588
0.933333 -1.72 0.0189814
0.933333 -1.68 0.0201718
0.933333 -1.64 0.0206268
0.933333 -1.6 0.0211896
0.933333 -1.56 0.0242006
0.933333 -1.52 0.0212941
0.933333 -1.48 0.0228226
0.933333 -1.44 0.0224575
0.933333 -1.4 0.0215504
0.933333 -1.36 0.021362
0.933333 -1.32 0.019643
0.933333 -1.28 0.0199356
0.933333 -1.24 0.0216535
0.933333 -1.2 0.0224024
0.933333 -1.16 0.0236139
0.933333 -1.12 0.0252962
0.933333 -1.08 0.0244643
0.933333 -1.04 0.0218105
0.933333 -1 0.0220874
0.933333 -0.96 0.0228898
0.933333 -0.92 0.028188
0.933333 -0.88 0.0301281
0.933333 -0.84 0.0282768
0.933333 -0.8 0.0282724
0.933333 -0.76 0.0318653
0.933333 -0.72 0.0333353
0.933333 -0.68 0.0404641
0.933333 -0.64 0.0479134
0.933333 -0.6 0.0537307
0.933333 -0.56 0.0607539
0.933333 -0.52 0.0675955
0.933333 -0.48 0.0522918
0.933333 -0.44 0.0375219
0.933333 -0.4 0.0312709
0.933333 -0.36 0.0206604
0.933333 -0.32 0.0134075
0.933333 -0.28 0.0112191
0.933333 -0.24 0.0093574
0.933333 -0.2 0.00740412
0.933333 -0.16 0.00640541
0.933333 -0.12 0.006314
0.933333 -0.08 0.0068833
0.933333 -0.04 0.0069025
0.933333 0 0.00591308
0.933333 0.04 0.00515205
0.933333 0.08 0.0049494
0.933333 0.12 0.0044899
0.933333 0.16 0.00328048
0.933333 0.2 0.0019011
0.933333 0.24 0.00207702
0.933333 0.28 0.00215082
0.933333 0.32 0.00173152
0.933333 0.36 0.00138149
0.933333 0.4 0.00154282
0.933333 0.44 0.00190853
0.933333 0.48 0.00103263
0.933333 0.52 0.0016815
0.933333 0.56 0.000872291
0.933333 0.6 0.00109797
0.933333 0.64 0.000908981
0.933333 0.68 0.00181449
0.933333 0.72 0.00212097
0.933333 0.76 0.00109717
0.933333 0.8 0.00156476
0.933333 0.84 0.000800965
0.933333 0.88 0.00144735
0.933333 0.92 0.00137822
0.933333 0.96 0.00256878
0.933333 1 0.000460197
0.933333 1.04 0.000724098
0.933333 1.08 0.000264771
0.933333 1.12 0.0009551
0.933333 1.16 0.000686428
0.933333 1.2 0.000354761
0.933333 1.24 0.000873907
0.933333 1.28 0.000398845
0.933333 1.32 0.00131592
0.933333 1.36 0.000421329
0.933333 1.4 0.00181109
0.933333 1.44 0.000537413
0.933333 1.48 0.000423922
0.933333 1.52 0.000407175
0.933333 1.56 0.000362901
0.933333 1.6 0.000566444
0.933333 1.64 0.000349833
0.933333 1.68 0.000290754
0.933333 1.72 0.000390551
0.933333 1.76 0.000456765
0.933333 1.8 0.000321198
0.933333 1.84 0.000197812
0.933333 1.88 0.000145308
0.933333 1.92 0.000107655
0.933333 1.96 0.00027673
0.933333 2 0.000109513
0.933333 2.04 0.000109867
0.933333 2.08 0.000308888
0.933333 2.12 0.000243217
0.933333 2.16 0.000246166
0.933333 2.2 0.000194874
0.933333 2.24 0.000314647
0.933333 2.28 0.000240599
0.933333 2.32 0.000175119
0.933333 2.36 6.75375e-05
0.933333 2.4 4.87633e-05
0.933333 2.44 0.00011068
0.933333 2.48 0.00013206
0.933333 2.52 0.000147427
0.933333 2.56 6.88398e-05
0.933333 2.6 6.83223e-05
0.933333 2.64 7.96939e-05
0.933333 2.68 0.000171347
0.933333 2.72 0.000346354
0.933333 2.76 0.000287822
0.933333 2.8 5.5067e-05
0.933333 2.84 0.000181733
0.933333 2.88 0.000105658
0.933333 2.92 0.000114404
0.933333 2.96 7.57209e-05
0.933333 3 0.000109542
0.933333 3.04 0.000107854
0.933333 3.08 8.28246e-05
0.933333 3.12 3.04126e-05
0.933333 3.16 3.45498e-05
0.933333 3.2 1.51471e-05
0.933333 3.24 0.000124525
0.933333 3.28 0.000125074
0.933333 3.32 0.000152781
0.933333 3.36 0.000139719
0.933333 3.4 0.000109167
0.933333 3.44 7.74069e-05
0.933333 3.48 0.000100197
0.933333 3.52 0.000206292
0.933333 3.56 0.000188113
0.933333 3.6 4.38474e-05
0.933333 3.64 2.57263e-05
0.933333 3.68 7.94276e-05
0.933333 3.72 3.43065e-05
0.933333 3.76 1.45846e-05
0.933333 3.8 4.82572e-05
0.933333 3.84 0.000117682
0.933333 3.88 0.000152984
0.933333 3.92 3.65986e-05
0.933333 3.96 6.93958e-06
0.933333 4 3.49054e-06
0.95 -4 0.00103788
0.95 -3.96 0.000657703
0.95 -3.92 0.00119753
0.95 -3.88 0.00110792
0.95 -3.84 0.00217776
0.95 -3.8 0.00194696
0.95 -3.76 0.00205646
0.95 -3.72 0.00161007
0.95 -3.68 0.000917185
0.95 -3.64 0.000281041
0.95 -3.6 2.14262e-05
0.95 -3.56 0.00157473
0.95 -3.52 0.00201758
0.95 -3.48 0.0031668
0.95 -3.44 0.00225512
0.95 -3.4 0.00182785
0.95 -3.36 0.00204933
0.95 -3.32 0.00230006
0.95 -3.28 0.00249864
0.95 -3.24 0.00214727
0.95 -3.2 0.00154497
0.95 -3.16 0.00269293
0.95 -3.12 0.00370777
0.95 -3.08 0.00437755
0.95 -3.04 0.0018737
0.95 -3 0.00157504
0.95 -2.96 0.00252381
0.95 -2.92 0.00216603
0.95 -2.88 0.00322552
0.95 -2.84 0.0037462
0.95 -2.8 0.00389269
0.95 -2.76 0.00232199
0.95 -2.72 0.00280895
0.95 -2.68 0.00501801
0.95 -2.64 0.00906044
0.95 -2.6 0.0102811
0.95 -2.56 0.0092783
0.95 -2.52 0.00918376
0.95 -2.48 0.0105921
0.95 -2.44 0.0121519
0.95 -2.4 0.015324
0.95 -2.36 0.0141526
0.95 -2.32 0.0143601
0.95 -2.28 0.0113841
0.95 -2.24 0.0107706
0.95 -2.2 0.0149225
0.95 -2.16 0.0148163
0.95 -2.12 0.0145141
0.95 -2.08 0.0149391
0.95 -2.04 0.0132611
0.95 -2 0.0172051
0.95 -1.96 0.0217126
0.95 -1.92 0.0218586
0.95 -1.88 0.0207135
0.95 -1.84 0.019279
0.95 -1.8 0.0189709
0.95 -1.76 0.0231391
0.95 -1.72 0.0224603
0.95 -1.68 0.0202831
0.95 -1.64 0.0184175
0.95 -1.6 0.0205112
0.95 -1.56 0.0200378
0.95 -1.52 0.0214797
0.95 -1.48 0.0225599
0.95 -1.44 0.0210223
0.95 -1.4 0.0199786
0.95 -1.36 0.0193009
0.95 -1.32 0.0194165
0.95 -1.28 0.0201987
0.95 -1.24 0.0209424
0.95 -1.2 0.0214761
0.95 -1.16 0.0216134
0.95 -1.12 0.0230524
0.95 -1.08 0.02515
0.95 -1.04 0.0228827
0.95 -1 0.0212315
0.95 -0.96 0.0222656
0.95 -0.92 0.0265021
0.95 -0.88 0.0283068
0.95 -0.84 0.0279048
0.95 -0.8 0.0280337
0.95 -0.76 0.0354929
0.95 -0.72 0.0346977
0.95 -0.68 0.0417366
0.95 -0.64 0.0473208
0.95 -0.6 0.0553979
0.95 -0.56 0.0630002
0.95 -0.52 0.0692676
0.95 -0.48 0.0495779
0.95 -0.44 0.0320249
0.95 -0.4 0.0266201
0.95 -0.36 0.0197564
0.95 -0.32 0.0137662
0.95 -0.28 0.0114479
0.95 -0.24 0.00966195
0.95 -0.2 0.00800818
0.95 -0.16 0.00699404
0.95 -0.12 0.00586528
0.95 -0.08 0.00494379
0.95 -0.04 0.00418797
0.95 0 0.00353065
0.95 0.04 0.00305917
0.95 0.08 0.00270797
0.95 0.12 0.00232265
0.95 0.16 0.00191614
0.95 0.2 0.00168928
0.95 0.24 0.00154284
0.95 0.28 0.00159761
0.95 0.32 0.00130164
0.95 0.36 0.00113454
0.95 0.4 0.00114688
0.95 0.44 0.00166366
0.95 0.48 0.000987572
0.95 0.52 0.00155474
0.95 0.56 0.00129186
0.95 0.6 0.000991432
0.95 0.64 0.000932281
0.95 0.68 0.00126615
0.95 0.72 0.0012434
0.95 0.76 0.00155757
0.95 0.8 0.0016966
0.95 0.84 0.0013689
0.95 0.88 0.00157384
0.95 0.92 0.0018677
0.95 0.96 0.00134766
0.95 1 0.000198875
0.95 1.04 0.00102992
0.95 1.08 0.00115473
0.95 1.12 0.00152016
0.95 1.16 0.00098299
0.95 1.2 0.000316613
0.95 1.24 0.00154537
0.95 1.28 0.00121685
0.95 1.32 0.00190343
0.95 1.36 0.000302132
0.95 1.4 0.00142357
0.95 1.44 0.000403005
0.95 1.48 0.00034451
0.95 1.52 1.31684e-05
0.95 1.56 0.000661352
0.95 1.6 0.000467741
0.95 1.64 0.000337734
0.95 1.68 0.000192936
0.95 1.72 0.000422512
0.95 1.76 0.0002973
0.95 1.8 0.0001459
0.95 1.84 5.87554e-05
0.95 1.88 5.67752e-08
0.95 1.92 0.000157641
0.95 1.96 0.000137805
0.95 2 0.00028702
0.95 2.04 0.000221908
0.95 2.08 0.000318067
0.95 2.12 0.000322198
0.95 2.16 0.000255501
0.95 2.2 0.000415851
0.95 2.24 0.000231273
0.95 2.28 0.000147856
0.95 2.32 0.000205484
0.95 2.36 0.000236527
0.95 2.4 1.21655e-05
0.95 2.44 0.000114184
0.95 2.48 0.000138387
0.95 2.52 0.000128007
0.95 2.56 1.62644e-05
0.95 2.6 2.13033e-05
0.95 2.64 8.93202e-05
0.95 2.68 0.000192369
0.95 2.72 0.000267753
0.95 2.76 0.000277481
0.95 2.8 0.000159208
0.95 2.84 0.000117636
0.95 2.88 0.000123256
0.95 2.92 9.17546e-05
0.95 2.96 0.000115752
0.95 3 7.17762e-05
0.95 3.04 6.73925e-05
0.95 3.08 9.15068e-05
0.95 3.12 1.4095e-05
0.95 3.16 1.18667e-05
0.95 3.2 5.75805e-05
0.95 3.24 0.000158319
0.95 3.28 0.000182016
0.95 3.32 0.000151697
0.95 3.36 6.48064e-05
0.95 3.4 3.4926e-05
0.95 3.44 7.66152e-05
0.95 3.48 9.39909e-05
0.95 3.52 0.00011748
0.95 3.56 0.000138161
0.95 3.6 5.61232e-05
0.95 3.64 3.02343e-05
0.95 3.68 8.19871e-05
0.95 3.72 3.32624e-05
0.95 3.76 1.48103e-05
0.95 3.8 7.24941e-05
0.95 3.84 0.000196653
0.95 3.88 8.71604e-05
0.95 3.92 2.66306e-05
0.95 3.96 2.35141e-05
0.95 4 1.50604e-05
0.966667 -4 0.000953773
0.966667 -3.96 0.000203579
0.966667 -3.92 0.000973786
0.966667 -3.88 0.0014248
0.966667 -3.84 0.00178763
0.966667 -3.8 0.00182437
0.966667 -3.76 0.00209135
0.966667 -3.72 0.00135845
0.966667 -3.68 0.00101901
0.966667 -3.64 0.000459333
0.966667 -3.6 0.000261142
0.966667 -3.56 0.00194367
0.966667 -3.52 0.00243338
0.966667 -3.48 0.00358768
0.966667 -3.44 0.00231172
0.966667 -3.4 0.0020884
0.966667 -3.36 0.00241765
0.966667 -3.32 0.00169843
0.966667 -3.28 0.00183924
0.966667 -3.24 0.00160798
0.966667 -3.2 0.00101801
0.966667 -3.16 0.00205146
0.966667 -3.12 0.00401971
0.966667 -3.08 0.00371505
0.966667 -3.04 0.00225941
0.966667 -3 0.00119257
0.966667 -2.96 0.00235093
0.966667 -2.92 0.00301851
0.966667 -2.88 0.00435678
0.966667 -2.84 0.00445207
0.966667 -2.8 0.00404627
0.966667 -2.76 0.00221803
0.966667 -2.72 0.00206144
0.966667 -2.68 0.00403227
0.966667 -2.64 0.00745343
0.966667 -2.6 0.00800347
0.966667 -2.56 0.00636695
0.966667 -2.52 0.00638985
0.966667 -2.48 0.00795139
0.966667 -2.44 0.0112221
0.966667 -2.4 0.0153926
0.966667 -2.36 0.0146156
0.966667 -2.32 0.0163473
0.966667 -2.28 0.0130781
0.966667 -2.24 0.0134039
0.966667 -2.2 0.0187251
0.966667 -2.16 0.0189582
0.966667 -2.12 0.0190021
0.966667 -2.08 0.0172663
0.966667 -2.04 0.0173623
0.966667 -2 0.0228227
0.966667 -1.96 0.0232112
0.966667 -1.92 0.0230939
0.966667 -1.88 0.0219336
0.966667 -1.84 0.0203578
0.966667 -1.8 0.0203088
0.966667 -1.76 0.0246529
0.966667 -1.72 0.0234557
0.966667 -1.68 0.019777
0.966667 -1.64 0.0171715
0.966667 -1.6 0.0187796
0.966667 -1.56 0.017024
0.966667 -1.52 0.0218969
0.966667 -1.48 0.0218852
0.966667 -1.44 0.0199943
0.966667 -1.4 0.0190929
0.966667 -1.36 0.0178951
0.966667 -1.32 0.0194092
0.966667 -1.28 0.0198586
0.966667 -1.24 0.0204401
0.966667 -1.2 0.020026
0.966667 -1.16 0.0187733
0.966667 -1.12 0.0215257
0.966667 -1.08 0.0252921
0.966667 -1.04 0.0245765
0.966667 -1 0.0216994
0.966667 -0.96 0.0226278
0.966667 -0.92 0.0266355
0.966667 -0.88 0.0262227
0.966667 -0.84 0.0255168
0.966667 -0.8 0.0288514
0.966667 -0.76 0.0375696
0.966667 -0.72 0.0373627
0.966667 -0.68 0.0419521
0.966667 -0.64 0.0475572
0.966667 -0.6 0.0557056
0.966667 -0.56 0.0646024
0.966667 -0.52 0.0697183
0.966667 -0.48 0.0480412
0.966667 -0.44 0.0282029
0.966667 -0.4 0.0224459
0.966667 -0.36 0.0189297
0.966667 -0.32 0.0144291
0.966667 -0.28 0.0124024
0.966667 -0.24 0.0105022
0.966667 -0.2 0.00924868
0.966667 -0.16 0.00808322
0.966667 -0.12 0.00562292
0.966667 -0.08 0.00294244
0.966667 -0.04 0.00151742
0.966667 0 0.00181288
0.966667 0.04 0.00264749
0.966667 0.08 0.00340279
0.966667 0.12 0.00350003
0.966667 0.16 0.00258143
0.966667 0.2 0.00137989
0.966667 0.24 0.00185721
0.966667 0.28 0.00162569
0.966667 0.32 0.00150132
0.966667 0.36 0.00108952
0.966667 0.4 0.00122842
0.966667 0.44 0.000971913
0.966667 0.48 0.00104876
0.966667 0.52 0.00102906
0.966667 0.56 0.0017312
0.966667 0.6 0.000818647
0.966667 0.64 0.0015163
0.966667 0.68 0.000941436
0.966667 0.72 0.000619306
0.966667 0.76 0.00163728
0.966667 0.8 0.00184029
0.966667 0.84 0.00161598
0.966667 0.88 0.00149246
0.966667 0.92 0.00145555
0.966667 0.96 0.00131856
0.966667 1 0.000404062
0.966667 1.04 0.000808119
0.966667 1.08 0.00156127
0.966667 1.12 0.00200884
0.966667 1.16 0.000888312
0.966667 1.2 0.000249316
0.966667 1.24 0.00186893
0.966667 1.28 0.001144
0.966667 1.32 0.00216478
0.966667 1.36 0.000349429
0.966667 1.4 0.00141154
0.966667 1.44 0.00023205
0.966667 1.48 0.000436938
0.966667 1.52 0.000101711
0.966667 1.56 0.000678933
0.966667 1.6 0.000420621
0.966667 1.64 0.000358396
0.966667 1.68 0.00020666
0.966667 1.72 0.000336221
0.966667 1.76 0.000242524
0.966667 1.8 4.65777e-05
0.966667 1.84 2.57342e-05
0.966667 1.88 1.75718e-05
0.966667 1.92 0.000159618
0.966667 1.96 0.00012173
0.966667 2 0.000373259
0.966667 2.04 0.00030655
0.966667 2.08 0.000285529
0.966667 2.12 0.000297053
0.966667 2.16 0.000263709
0.966667 2.2 0.000419826
0.966667 2.24 0.000165404
0.966667 2.28 6.50566e-05
0.966667 2.32 0.000132853
0.966667 2.36 0.000252094
0.966667 2.4 7.08772e-05
0.966667 2.44 0.000166069
0.966667 2.48 0.00019002
0.966667 2.52 0.000116361
0.966667 2.56 1.10144e-05
0.966667 2.6 4.95655e-06
0.966667 2.64 9.94916e-05
0.966667 2.68 0.000214662
0.966667 2.72 0.000215996
0.966667 2.76 0.000244672
0.966667 2.8 0.000243518
0.966667 2.84 8.44202e-05
0.966667 2.88 9.83159e-05
0.966667 2.92 7.15598e-05
0.966667 2.96 0.000136867
0.966667 3 9.54267e-05
0.966667 3.04 2.7916e-05
0.966667 3.08 3.46288e-05
0.966667 3.12 7.7013e-06
0.966667 3.16 2.51024e-05
0.966667 3.2 8.98251e-05
0.966667 3.24 0.000186308
0.966667 3.28 0.000198256
0.966667 3.32 0.000173672
0.966667 3.36 4.13467e-05
0.966667 3.4 3.3165e-05
0.966667 3.44 7.1476e-05
0.966667 3.48 8.78781e-05
0.966667 3.52 6.11e-05
0.966667 3.56 8.37024e-05
0.966667 3.6 4.25915e-05
0.966667 3.64 4.79672e-05
0.966667 3.68 6.13444e-05
0.966667 3.72 3.40605e-05
0.966667 3.76 2.89864e-05
0.966667 3.8 9.05684e-05
0.966667 3.84 0.000186549
0.966667 3.88 6.47237e-05
0.966667 3.92 2.72662e-05
0.966667 3.96 3.0177e-05
0.966667 4 7.36755e-06
0.983333 -4 0.000489773
0.983333 -3.96 0.000150711
0.983333 -3.92 0.000744559
0.983333 -3.88 0.00149144
0.983333 -3.84 0.00154624
0.983333 -3.8 0.00155157
0.983333 -3.76 0.00251228
0.983333 -3.72 0.00164081
0.983333 -3.68 0.00128506
0.983333 -3.64 0.000458457
0.983333 -3.6 0.00129966
0.983333 -3.56 0.0020499
0.983333 -3.52 0.00242023
0.983333 -3.48 0.00356294
0.983333 -3.44 0.00159084
0.983333 -3.4 0.00230214
0.983333 -3.36 0.00278832
0.983333 -3.32 0.00127257
0.983333 -3.28 0.000898774
0.983333 -3.24 0.000806236
0.983333 -3.2 0.00044304
0.983333 -3.16 0.00190316
0.983333 -3.12 0.00329896
0.983333 -3.08 0.00238155
0.983333 -3.04 0.00294079
0.983333 -3 0.00090691
0.983333 -2.96 0.00193472
0.983333 -2.92 0.00367793
0.983333 -2.88 0.00510672
0.983333 -2.84 0.00523027
0.983333 -2.8 0.00422454
0.983333 -2.76 0.00257495
0.983333 -2.72 0.00272745
0.983333 -2.68 0.00437615
0.983333 -2.64 0.00595273
0.983333 -2.6 0.00595037
0.983333 -2.56 0.00472612
0.983333 -2.52 0.00370719
0.983333 -2.48 0.00470859
0.983333 -2.44 0.00942759
0.983333 -2.4 0.013465
0.983333 -2.36 0.0141918
0.983333 -2.32 0.0138404
0.983333 -2.28 0.0149694
0.983333 -2.24 0.0181513
0.983333 -2.2 0.0204793
0.983333 -2.16 0.0227405
0.983333 -2.12 0.0212704
0.983333 -2.08 0.0194975
0.983333 -2.04 0.0207921
0.983333 -2 0.0227657
0.983333 -1.96 0.023158
0.983333 -1.92 0.0212106
0.983333 -1.88 0.0197718
0.983333 -1.84 0.0193897
0.983333 -1.8 0.0192611
0.983333 -1.76 0.0208512
0.983333 -1.72 0.0201147
0.983333 -1.68 0.0186948
0.983333 -1.64 0.0164819
0.983333 -1.6 0.0149675
0.983333 -1.56 0.0175982
0.983333 -1.52 0.0204662
0.983333 -1.48 0.0209097
0.983333 -1.44 0.0202037
0.983333 -1.4 0.019343
0.983333 -1.36 0.0187722
0.983333 -1.32 0.0186566
0.983333 -1.28 0.0200625
0.983333 -1.24 0.0206036
0.983333 -1.2 0.0183217
0.983333 -1.16 0.0166105
0.983333 -1.12 0.0195272
0.983333 -1.08 0.0235779
0.983333 -1.04 0.0261001
0.983333 -1 0.0248854
0.983333 -0.96 0.0247631
0.983333 -0.92 0.0275166
0.983333 -0.88 0.0256329
0.983333 -0.84 0.0229421
0.983333 -0.8 0.0308793
0.983333 -0.76 0.0354648
0.983333 -0.72 0.0394825
0.983333 -0.68 0.0416815
0.983333 -0.64 0.0465731
0.983333 -0.6 0.0536001
0.983333 -0.56 0.0644839
0.983333 -0.52 0.0698734
0.983333 -0.48 0.0487051
0.983333 -0.44 0.0284786
0.983333 -0.4 0.0228386
0.983333 -0.36 0.0187941
0.983333 -0.32 0.0131807
0.983333 -0.28 0.0112475
0.983333 -0.24 0.00939195
0.983333 -0.2 0.00817205
0.983333 -0.16 0.007057
0.983333 -0.12 0.00550694
0.983333 -0.08 0.00427992
0.983333 -0.04 0.00344101
0.983333 0 0.0028955
0.983333 0.04 0.00250989
0.983333 0.08 0.00219508
0.983333 0.12 0.0019216
0.983333 0.16 0.00177648
0.983333 0.2 0.00172347
0.983333 0.24 0.00169932
0.983333 0.28 0.00137738
0.983333 0.32 0.00143488
0.983333 0.36 0.0012217
0.983333 0.4 0.00109953
0.983333 0.44 0.000992369
0.983333 0.48 0.00095059
0.983333 0.52 0.000862789
0.983333 0.56 0.00153737
0.983333 0.6 0.00137808
0.983333 0.64 0.00218012
0.983333 0.68 0.00120886
0.983333 0.72 0.000680793
0.983333 0.76 0.0010238
0.983333 0.8 0.00217096
0.983333 0.84 0.00109483
0.983333 0.88 0.00150311
0.983333 0.92 0.000688986
0.983333 0.96 0.00286396
0.983333 1 0.00088193
0.983333 1.04 5.50037e-05
0.983333 1.08 0.00123333
0.983333 1.12 0.00188836
0.983333 1.16 0.000406686
0.983333 1.2 0.0011478
0.983333 1.24 0.00151636
0.983333 1.28 0.000153098
0.983333 1.32 0.00185895
0.983333 1.36 0.000414232
0.983333 1.4 0.00179092
0.983333 1.44 7.41345e-05
0.983333 1.48 0.000732927
0.983333 1.52 0.000281516
0.983333 1.56 0.000371815
0.983333 1.6 0.000475378
0.983333 1.64 0.000392966
0.983333 1.68 0.000273734
0.983333 1.72 0.000158457
0.983333 1.76 0.000305309
0.983333 1.8 4.46638e-05
0.983333 1.84 0.000164966
0.983333 1.88 0.000190394
0.983333 1.92 9.82782e-05
0.983333 1.96 0.000281365
0.983333 2 0.000239358
0.983333 2.04 0.000284318
0.983333 2.08 0.000233878
0.983333 2.12 0.000148302
0.983333 2.16 0.000256727
0.983333 2.2 0.000121487
0.983333 2.24 0.000179687
0.983333 2.28 4.64554e-05
0.983333 2.32 2.12864e-05
0.983333 2.36 0.000107811
0.983333 2.4 0.000183865
0.983333 2.44 0.000239903
0.983333 2.48 0.000272296
0.983333 2.52 0.000132289
0.983333 2.56 0.000111123
0.983333 2.6 0.0001436
0.983333 2.64 7.12106e-05
0.983333 2.68 0.000206626
0.983333 2.72 0.000209366
0.983333 2.76 0.000198335
0.983333 2.8 0.0002508
0.983333 2.84 0.000127658
0.983333 2.88 5.3005e-05
0.983333 2.92 7.87395e-05
0.983333 2.96 0.000136355
0.983333 3 0.00016911
0.983333 3.04 1.20506e-05
0.983333 3.08 4.38051e-05
0.983333 3.12 5.74572e-05
0.983333 3.16 5.77329e-05
0.983333 3.2 9.52433e-05
0.983333 3.24 0.000173149
0.983333 3.28 0.000143713
0.983333 3.32 0.000210243
0.983333 3.36 7.6659e-05
0.983333 3.4 9.60286e-05
0.983333 3.44 7.42346e-05
0.983333 3.48 9.67119e-05
0.983333 3.52 6.69772e-05
0.983333 3.56 7.69965e-05
0.983333 3.6 1.94421e-05
0.983333 3.64 7.75088e-05
0.983333 3.68 4.28433e-05
0.983333 3.72 4.22945e-05
0.983333 3.76 5.24535e-05
0.983333 3.8 8.67623e-05
0.983333 3.84 8.35186e-05
0.983333 3.88 0.000101494
0.983333 3.92 1.61398e-05
0.983333 3.96 3.18694e-05
0.983333 4 3.26579e-06
1 -4 0.000207611
1 -3.96 0.000266671
1 -3.92 0.000648987
1 -3.88 0.00145622
1 -3.84 0.00149384
1 -3.8 0.0014053
1 -3.76 0.00276625
1 -3.72 0.00188934
1 -3.68 0.00141416
1 -3.64 0.000421432
1 -3.6 0.00188438
1 -3.56 0.00203783
1 -3.52 0.0023028
1 -3.48 0.00344318
1 -3.44 0.00109447
1 -3.4 0.00237806
1 -3.36 0.00295188
1 -3.32 0.00115766
1 -3.28 0.000437326
1 -3.24 0.000403533
1 -3.2 0.00017792
1 -3.16 0.00196321
1 -3.12 0.00276615
1 -3.08 0.0016704
1 -3.04 0.00323261
1 -3 0.000791642
1 -2.96 0.00171251
1 -2.92 0.00392969
1 -2.88 0.00533349
1 -2.84 0.00554917
1 -2.8 0.00423633
1 -2.76 0.00276656
1 -2.72 0.003275
1 -2.68 0.00475125
1 -2.64 0.00533263
1 -2.6 0.00511235
1 -2.56 0.00430943
1 -2.52 0.00259553
1 -2.48 0.00326769
1 -2.44 0.0084492
1 -2.4 0.0122803
1 -2.36 0.0138748
1 -2.32 0.011802
1 -2.28 0.0158928
1 -2.24 0.0206692
1 -2.2 0.0207796
1 -2.16 0.0242631
1 -2.12 0.0216781
1 -2.08 0.0205004
1 -2.04 0.0221044
1 -2 0.0214244
1 -1.96 0.0229131
1 -1.92 0.0197303
1 -1.88 0.0180909
1 -1.84 0.0185691
1 -1.8 0.0183224
1 -1.76 0.0180882
1 -1.72 0.0176692
1 -1.68 0.0180924
1 -1.64 0.0162032
1 -1.6 0.0127435
1 -1.56 0.0186724
1 -1.52 0.0193002
1 -1.48 0.0204148
1 -1.44 0.0205731
1 -1.4 0.0196904
1 -1.36 0.0197159
1 -1.32 0.0180921
1 -1.28 0.0203841
1 -1.24 0.0208482
1 -1.2 0.0175357
1 -1.16 0.0158784
1 -1.12 0.018371
1 -1.08 0.0223344
1 -1.04 0.0266986
1 -1 0.0269559
1 -0.96 0.0261712
1 -0.92 0.0279601
1 -0.88 0.0257905
1 -0.84 0.0219292
1 -0.8 0.0320824
1 -0.76 0.0335678
1 -0.72 0.0402083
1 -0.68 0.0415321
1 -0.64 0.0456905
1 -0.6 0.052128
1 -0.56 0.0640682
1 -0.52 0.0700755
1 -0.48 0.0495812
1 -0.44 0.0296525
1 -0.4 0.0242867
1 -0.36 0.0190046
1 -0.32 0.0121783
1 -0.28 0.0102202
1 -0.24 0.00848319
1 -0.2 0.00722436
1 -0.16 0.00629156
1 -0.12 0.00593262
1 -0.08 0.00647807
1 -0.04 0.00657756
1 0 0.00570004
1 0.04 0.0050189
1 0.08 0.00488047
1 0.12 0.00447409
1 0.16 0.00331797
1 0.2 0.00204916
1 0.24 0.00168771
1 0.28 0.00177813
1 0.32 0.00127381
1 0.36 0.00133971
1 0.4 0.00154766
1 0.44 0.00142416
1 0.48 0.000954533
1 0.52 0.000927764
1 0.56 0.00127587
1 0.6 0.00165842
1 0.64 0.00244953
1 0.68 0.00145912
1 0.72 0.000862662
1 0.76 0.00203158
1 0.8 0.0023695
1 0.84 0.000694041
1 0.88 0.00155376
1 0.92 0.000623585
1 0.96 0.00386252
1 1 0.00112807
1 1.04 0.000564275
1 1.08 0.000944681
1 1.12 0.00168923
1 1.16 0.000121448
1 1.2 0.00160058
1 1.24 0.00122139
1 1.28 0.000453764
1 1.32 0.00160442
1 1.36 0.000908884
1 1.4 0.00202949
1 1.44 7.58726e-06
1 1.48 0.000904992
1 1.52 0.000557053
1 1.56 0.000172722
1 1.6 0.000521663
1 1.64 0.000409701
1 1.68 0.0003078
1 1.72 6.39125e-05
1 1.76 0.000354242
1 1.8 6.16895e-05
1 1.84 0.000262882
1 1.88 0.000294171
1 1.92 5.85795e-05
1 1.96 0.000387263
1 2 0.000131321
1 2.04 0.000250202
1 2.08 0.000208603
1 2.12 5.82246e-05
1 2.16 0.000249795
1 2.2 7.2846e-05
1 2.24 0.000204418
1 2.28 5.34448e-05
1 2.32 3.06204e-05
1 2.36 1.50075e-05
1 2.4 0.000241237
1 2.44 0.000275145
1 2.48 0.00031377
1 2.52 0.000145473
1 2.56 0.000188627
1 2.6 0.000225301
1 2.64 4.80596e-05
1 2.68 0.000194941
1 2.72 0.000215021
1 2.76 0.000175655
1 2.8 0.000237052
1 2.84 0.000164144
1 2.88 3.11318e-05
1 2.92 8.9085e-05
1 2.96 0.000132542
1 3 0.000210356
1 3.04 1.03946e-05
1 3.08 7.97236e-05
1 3.12 9.75802e-05
1 3.16 7.43593e-05
1 3.2 9.20803e-05
1 3.24 0.00015736
1 3.28 0.000104729
1 3.32 0.000228651
1 3.36 0.000102903
1 3.4 0.000134525
1 3.44 7.7772e-05
1 3.48 0.000104374
1 3.52 8.19883e-05
1 3.56 8.64342e-05
1 3.6 8.59959e-06
1 3.64 9.29674e-05
1 3.68 3.68718e-05
1 3.72 4.79239e-05
1 3.76 6.43717e-05
1 3.8 8.02558e-05
1 3.84 2.06327e-05
1 3.88 0.000129129
1 3.92 7.12805e-06
1 3.96 3.22171e-05
1 4 6.46013e-06
  
