0.00000 0.01109
0.00025 0.01616
0.00050 0.01682
0.00075 0.01710
0.00100 0.01762
0.00125 0.01782
0.00150 0.01852
0.00175 0.01888
0.00200 0.01948
0.00225 0.01966
0.00250 0.01974
0.00275 0.02038
0.00300 0.02083
0.00325 0.02083
0.00350 0.02157
0.00375 0.02197
0.00400 0.02220
0.00425 0.02245
0.00450 0.02299
0.00475 0.02325
0.00500 0.02381
0.00525 0.02390
0.00550 0.02429
0.00575 0.02463
0.00600 0.02492
0.00625 0.02466
0.00650 0.02585
0.00675 0.02534
0.00700 0.02598
0.00725 0.02631
0.00750 0.02636
0.00775 0.02659
0.00800 0.02700
0.00825 0.02717
0.00850 0.02736
0.00875 0.02793
0.00900 0.02785
0.00925 0.02824
0.00950 0.02863
0.00975 0.02919
0.01000 0.02920
0.01025 0.02933
0.01050 0.02992
0.01075 0.03023
0.01100 0.03039
0.01125 0.03037
0.01150 0.03078
0.01175 0.03101
0.01200 0.03134
0.01225 0.03124
0.01250 0.03223
0.01275 0.03222
0.01300 0.03266
0.01325 0.03273
0.01350 0.03251
0.01375 0.03358
0.01400 0.03337
0.01425 0.03282
0.01450 0.03303
0.01475 0.03417
0.01500 0.03466
0.01525 0.03400
0.01550 0.03485
0.01575 0.03501
0.01600 0.03471
0.01625 0.03510
0.01650 0.03537
0.01675 0.03557
0.01700 0.03540
0.01725 0.03614
0.01750 0.03625
0.01775 0.03617
0.01800 0.03651
0.01825 0.03708
0.01850 0.03748
0.01875 0.03727
0.01900 0.03808
0.01925 0.03757
0.01950 0.03863
0.01975 0.03837
0.02000 0.03845
0.02025 0.03809
0.02050 0.03906
0.02075 0.03926
0.02100 0.03982
0.02125 0.03965
0.02150 0.03985
0.02175 0.04022
0.02200 0.04059
0.02225 0.04069
0.02250 0.04018
0.02275 0.04082
0.02300 0.04099
0.02325 0.04124
0.02350 0.04112
0.02375 0.04159
0.02400 0.04155
0.02425 0.04260
0.02450 0.04238
0.02475 0.04303
0.02500 0.04231
0.02525 0.04329
0.02550 0.04320
0.02575 0.04338
0.02600 0.04351
0.02625 0.04302
0.02650 0.04416
0.02675 0.04351
0.02700 0.04400
0.02725 0.04476
0.02750 0.04387
0.02775 0.04413
0.02800 0.04446
0.02825 0.04493
0.02850 0.04459
0.02875 0.04487
0.02900 0.04521
0.02925 0.04523
0.02950 0.04515
0.02975 0.04582
0.03000 0.04595
0.03025 0.04603
0.03050 0.04601
0.03075 0.04634
0.03100 0.04690
0.03125 0.04702
0.03150 0.04723
0.03175 0.04744
0.03200 0.04841
0.03225 0.04707
0.03250 0.04716
0.03275 0.04724
0.03300 0.04816
0.03325 0.04935
0.03350 0.04854
0.03375 0.04885
0.03400 0.04796
0.03425 0.04946
0.03450 0.04951
0.03475 0.04922
0.03500 0.04919
0.03525 0.05012
0.03550 0.04949
0.03575 0.04934
0.03600 0.05078
0.03625 0.05104
0.03650 0.05078
0.03675 0.05038
0.03700 0.05090
0.03725 0.05109
0.03750 0.05135
0.03775 0.05184
0.03800 0.05192
0.03825 0.05063
0.03850 0.05149
0.03875 0.05206
0.03900 0.05203
0.03925 0.05241
0.03950 0.05270
0.03975 0.05295
0.04000 0.05203
0.04025 0.05309
0.04050 0.05292
0.04075 0.05328
0.04100 0.05346
0.04125 0.05429
0.04150 0.05524
0.04175 0.05391
0.04200 0.05305
0.04225 0.05370
0.04250 0.05266
0.04275 0.05362
0.04300 0.05331
0.04325 0.05402
0.04350 0.05566
0.04375 0.05403
0.04400 0.05497
0.04425 0.05612
0.04450 0.05492
0.04475 0.05605
0.04500 0.05592
0.04525 0.05546
0.04550 0.05569
0.04575 0.05580
0.04600 0.05623
0.04625 0.05605
0.04650 0.05658
0.04675 0.05759
0.04700 0.05624
0.04725 0.05729
0.04750 0.05665
0.04775 0.05751
0.04800 0.05761
0.04825 0.05653
0.04850 0.05723
0.04875 0.05807
0.04900 0.05856
0.04925 0.05707
0.04950 0.05885
0.04975 0.05988
0.05000 0.05967
0.05025 0.05832
0.05050 0.06082
0.05075 0.06040
0.05100 0.05972
0.05125 0.06002
0.05150 0.05990
0.05175 0.06093
0.05200 0.06069
0.05225 0.06029
0.05250 0.05916
0.05275 0.06048
0.05300 0.06140
0.05325 0.06100
0.05350 0.06153
0.05375 0.06225
0.05400 0.06203
0.05425 0.06236
0.05450 0.06335
0.05475 0.06210
0.05500 0.06184
0.05525 0.06274
0.05550 0.06270
0.05575 0.06385
0.05600 0.06340
0.05625 0.06426
0.05650 0.06343
0.05675 0.06260
0.05700 0.06329
0.05725 0.06277
0.05750 0.06295
0.05775 0.06363
0.05800 0.06384
0.05825 0.06307
0.05850 0.06376
0.05875 0.06310
0.05900 0.06474
0.05925 0.06470
0.05950 0.06407
0.05975 0.06533
0.06000 0.06476
0.06025 0.06696
0.06050 0.06631
0.06075 0.06545
0.06100 0.06587
0.06125 0.06628
0.06150 0.06603
0.06175 0.06586
0.06200 0.06585
0.06225 0.06796
0.06250 0.06703
0.06275 0.06698
0.06300 0.06744
0.06325 0.06851
0.06350 0.06829
0.06375 0.06616
0.06400 0.06778
0.06425 0.06836
0.06450 0.06848
0.06475 0.06993
0.06500 0.06783
0.06525 0.06746
0.06550 0.06884
0.06575 0.06766
0.06600 0.06870
0.06625 0.06723
0.06650 0.06742
0.06675 0.06840
0.06700 0.07020
0.06725 0.06904
0.06750 0.06931
0.06775 0.07024
0.06800 0.06944
0.06825 0.06877
0.06850 0.06956
0.06875 0.06896
0.06900 0.06973
0.06925 0.06966
0.06950 0.06942
0.06975 0.06852
0.07000 0.06993
0.07025 0.07051
0.07050 0.07077
0.07075 0.07173
0.07100 0.07110
0.07125 0.07143
0.07150 0.07103
0.07175 0.07056
0.07200 0.07154
0.07225 0.07100
0.07250 0.07076
0.07275 0.07063
0.07300 0.07154
0.07325 0.07087
0.07350 0.07163
0.07375 0.07287
0.07400 0.07228
0.07425 0.07224
0.07450 0.07124
0.07475 0.07134
0.07500 0.07247
0.07525 0.07082
0.07550 0.07213
0.07575 0.07339
0.07600 0.07439
0.07625 0.07245
0.07650 0.07398
0.07675 0.07791
0.07700 0.07567
0.07725 0.07458
0.07750 0.07524
0.07775 0.07568
0.07800 0.07482
0.07825 0.07495
0.07850 0.07500
0.07875 0.07482
0.07900 0.07430
0.07925 0.07385
0.07950 0.07400
0.07975 0.07499
0.08000 0.07490
0.08025 0.07560
0.08050 0.07495
0.08075 0.07599
0.08100 0.07537
0.08125 0.07546
0.08150 0.07714
0.08175 0.07698
0.08200 0.07549
0.08225 0.07651
0.08250 0.07640
0.08275 0.07651
0.08300 0.07707
0.08325 0.07817
0.08350 0.07759
0.08375 0.07797
0.08400 0.07640
0.08425 0.07837
0.08450 0.07605
0.08475 0.07841
0.08500 0.07953
0.08525 0.07980
0.08550 0.07752
0.08575 0.07818
0.08600 0.07878
0.08625 0.07874
0.08650 0.07880
0.08675 0.07960
0.08700 0.07871
0.08725 0.07857
0.08750 0.08122
0.08775 0.08123
0.08800 0.07890
0.08825 0.08019
0.08850 0.07974
0.08875 0.07869
0.08900 0.08041
0.08925 0.08092
0.08950 0.08094
0.08975 0.08145
0.09000 0.08019
0.09025 0.08274
0.09050 0.08511
0.09075 0.08252
0.09100 0.08395
0.09125 0.08284
0.09150 0.08326
0.09175 0.08488
0.09200 0.08817
0.09225 0.08314
0.09250 0.08268
0.09275 0.08323
0.09300 0.08340
0.09325 0.08268
0.09350 0.08366
0.09375 0.08198
0.09400 0.08470
0.09425 0.08454
0.09450 0.08383
0.09475 0.08303
0.09500 0.08143
0.09525 0.08375
0.09550 0.08456
0.09575 0.08377
0.09600 0.08329
0.09625 0.08272
0.09650 0.08541
0.09675 0.08616
0.09700 0.08548
0.09725 0.08391
0.09750 0.08679
0.09775 0.08399
0.09800 0.08533
0.09825 0.08646
0.09850 0.08524
0.09875 0.08558
0.09900 0.08558
0.09925 0.08663
0.09950 0.08635
0.09975 0.08817
0.10000 0.08876
0.10025 0.08777
0.10050 0.08831
0.10075 0.08757
0.10100 0.08905
0.10125 0.09058
0.10150 0.09102
0.10175 0.08998
0.10200 0.08971
0.10225 0.08982
0.10250 0.08948
0.10275 0.08991
0.10300 0.08971
0.10325 0.09125
0.10350 0.09022
0.10375 0.08922
0.10400 0.09053
0.10425 0.08930
0.10450 0.09110
0.10475 0.09031
0.10500 0.09060
0.10525 0.08956
0.10550 0.09055
0.10575 0.08972
0.10600 0.09105
0.10625 0.09038
0.10650 0.09077
0.10675 0.08916
0.10700 0.08991
0.10725 0.09001
0.10750 0.08965
0.10775 0.09074
0.10800 0.09134
0.10825 0.08966
0.10850 0.09080
0.10875 0.09137
0.10900 0.08996
0.10925 0.09174
0.10950 0.09280
0.10975 0.09308
0.11000 0.09392
0.11025 0.09262
0.11050 0.09162
0.11075 0.09313
0.11100 0.09496
0.11125 0.09470
0.11150 0.09439
0.11175 0.09612
0.11200 0.09658
0.11225 0.09320
0.11250 0.09499
0.11275 0.09493
0.11300 0.09557
0.11325 0.09626
0.11350 0.09821
0.11375 0.09820
0.11400 0.09841
0.11425 0.09810
0.11450 0.09806
0.11475 0.09661
0.11500 0.09712
0.11525 0.09729
0.11550 0.09805
0.11575 0.09730
0.11600 0.09763
0.11625 0.09679
0.11650 0.09918
0.11675 0.09909
0.11700 0.10169
0.11725 0.10205
0.11750 0.10068
0.11775 0.10014
0.11800 0.10006
0.11825 0.10055
0.11850 0.10209
0.11875 0.10101
0.11900 0.10050
0.11925 0.10112
0.11950 0.10095
0.11975 0.10130
0.12000 0.10088
0.12025 0.10256
0.12050 0.10026
0.12075 0.10202
0.12100 0.10213
0.12125 0.10234
0.12150 0.10383
0.12175 0.10313
0.12200 0.10268
0.12225 0.10430
0.12250 0.10452
0.12275 0.10509
0.12300 0.10698
0.12325 0.10334
0.12350 0.10524
0.12375 0.10668
0.12400 0.10456
0.12425 0.10456
0.12450 0.10464
0.12475 0.10520
0.12500 0.10428
0.12525 0.10775
0.12550 0.10788
0.12575 0.10707
0.12600 0.10713
0.12625 0.10492
0.12650 0.10527
0.12675 0.10620
0.12700 0.10611
0.12725 0.10634
0.12750 0.10654
0.12775 0.10859
0.12800 0.11204
0.12825 0.10762
0.12850 0.10754
0.12875 0.10729
0.12900 0.10961
0.12925 0.10731
0.12950 0.10987
0.12975 0.11144
0.13000 0.11033
0.13025 0.10961
0.13050 0.11080
0.13075 0.11269
0.13100 0.11211
0.13125 0.11120
0.13150 0.11089
0.13175 0.11225
0.13200 0.11496
0.13225 0.11357
0.13250 0.11270
0.13275 0.11297
0.13300 0.11206
0.13325 0.11253
0.13350 0.11223
0.13375 0.11224
0.13400 0.11557
0.13425 0.11550
0.13450 0.11318
0.13475 0.11489
0.13500 0.11617
0.13525 0.11713
0.13550 0.11586
0.13575 0.11783
0.13600 0.11555
0.13625 0.11611
0.13650 0.11620
0.13675 0.11591
0.13700 0.11609
0.13725 0.11577
0.13750 0.11770
0.13775 0.11698
0.13800 0.11827
0.13825 0.11789
0.13850 0.11633
0.13875 0.11664
0.13900 0.11483
0.13925 0.11636
0.13950 0.11705
0.13975 0.11637
0.14000 0.11559
0.14025 0.11683
0.14050 0.11800
0.14075 0.11631
0.14100 0.11772
0.14125 0.11634
0.14150 0.12142
0.14175 0.12038
0.14200 0.11782
0.14225 0.12027
0.14250 0.12005
0.14275 0.12132
0.14300 0.12147
0.14325 0.11989
0.14350 0.12026
0.14375 0.12170
0.14400 0.11922
0.14425 0.12058
0.14450 0.11800
0.14475 0.12295
0.14500 0.12345
0.14525 0.12922
0.14550 0.12423
0.14575 0.12193
0.14600 0.12218
0.14625 0.12572
0.14650 0.12460
0.14675 0.12453
0.14700 0.12620
0.14725 0.12702
0.14750 0.12604
0.14775 0.12231
0.14800 0.12524
0.14825 0.12454
0.14850 0.12538
0.14875 0.12415
0.14900 0.12712
0.14925 0.12725
0.14950 0.12727
0.14975 0.12651
0.15000 0.12633
0.15025 0.12592
0.15050 0.12641
0.15075 0.12722
0.15100 0.12689
0.15125 0.13052
0.15150 0.13266
0.15175 0.12782
0.15200 0.13087
0.15225 0.13017
0.15250 0.13353
0.15275 0.13259
0.15300 0.13116
0.15325 0.13027
0.15350 0.12854
0.15375 0.12967
0.15400 0.12789
0.15425 0.13068
0.15450 0.12912
0.15475 0.12718
0.15500 0.12820
0.15525 0.12919
0.15550 0.13014
0.15575 0.12864
0.15600 0.12957
0.15625 0.13021
0.15650 0.13158
0.15675 0.13377
0.15700 0.13339
0.15725 0.12894
0.15750 0.13066
0.15775 0.12971
0.15800 0.13075
0.15825 0.13021
0.15850 0.13215
0.15875 0.13088
0.15900 0.13362
0.15925 0.13272
0.15950 0.13372
0.15975 0.13184
0.16000 0.13411
0.16025 0.13479
0.16050 0.13565
0.16075 0.13433
0.16100 0.13598
0.16125 0.13407
0.16150 0.13541
0.16175 0.13841
0.16200 0.13784
0.16225 0.13424
0.16250 0.13305
0.16275 0.13392
0.16300 0.13585
0.16325 0.13765
0.16350 0.13525
0.16375 0.13901
0.16400 0.13638
0.16425 0.13546
0.16450 0.13449
0.16475 0.13551
0.16500 0.13634
0.16525 0.13675
0.16550 0.13528
0.16575 0.13663
0.16600 0.13496
0.16625 0.13613
0.16650 0.13908
0.16675 0.13818
0.16700 0.14095
0.16725 0.13728
0.16750 0.13887
0.16775 0.14151
0.16800 0.14139
0.16825 0.13599
0.16850 0.13731
0.16875 0.13829
0.16900 0.14083
0.16925 0.14088
0.16950 0.13847
0.16975 0.13983
0.17000 0.14076
0.17025 0.14043
0.17050 0.14051
0.17075 0.14066
0.17100 0.14098
0.17125 0.13886
0.17150 0.13948
0.17175 0.14130
0.17200 0.14155
0.17225 0.14280
0.17250 0.14283
0.17275 0.13837
0.17300 0.14206
0.17325 0.14105
0.17350 0.14061
0.17375 0.13971
0.17400 0.14394
0.17425 0.13979
0.17450 0.14048
0.17475 0.14170
0.17500 0.14466
0.17525 0.14510
0.17550 0.14400
0.17575 0.14352
0.17600 0.14675
0.17625 0.14564
0.17650 0.14472
0.17675 0.14236
0.17700 0.14426
0.17725 0.14605
0.17750 0.14276
0.17775 0.14372
0.17800 0.14374
0.17825 0.14188
0.17850 0.14210
0.17875 0.14099
0.17900 0.14138
0.17925 0.14123
0.17950 0.14452
0.17975 0.14352
0.18000 0.14266
0.18025 0.14117
0.18050 0.14488
0.18075 0.14496
0.18100 0.14537
0.18125 0.14512
0.18150 0.14489
0.18175 0.14356
0.18200 0.14691
0.18225 0.14944
0.18250 0.15086
0.18275 0.15002
0.18300 0.14712
0.18325 0.14615
0.18350 0.14559
0.18375 0.14567
0.18400 0.14550
0.18425 0.14567
0.18450 0.14655
0.18475 0.14389
0.18500 0.14274
0.18525 0.14512
0.18550 0.14687
0.18575 0.14378
0.18600 0.14626
0.18625 0.14176
0.18650 0.14446
0.18675 0.14523
0.18700 0.14430
0.18725 0.14318
0.18750 0.14841
0.18775 0.14544
0.18800 0.14489
0.18825 0.14694
0.18850 0.14715
0.18875 0.14360
0.18900 0.14731
0.18925 0.14846
0.18950 0.14462
0.18975 0.14074
0.19000 0.14434
0.19025 0.14512
0.19050 0.14524
0.19075 0.14858
0.19100 0.15064
0.19125 0.14464
0.19150 0.14466
0.19175 0.15145
0.19200 0.14722
0.19225 0.14608
0.19250 0.14799
0.19275 0.14225
0.19300 0.14325
0.19325 0.14591
0.19350 0.14703
0.19375 0.14725
0.19400 0.14461
0.19425 0.14626
0.19450 0.14371
0.19475 0.14443
0.19500 0.14339
0.19525 0.14525
0.19550 0.14509
0.19575 0.14549
0.19600 0.14525
0.19625 0.14876
0.19650 0.14873
0.19675 0.15010
0.19700 0.14993
0.19725 0.14639
0.19750 0.14826
0.19775 0.14892
0.19800 0.14934
0.19825 0.15355
0.19850 0.15522
0.19875 0.15187
0.19900 0.15045
0.19925 0.15076
0.19950 0.15006
0.19975 0.15071
0.20000 0.14972
0.20025 0.15018
0.20050 0.14999
0.20075 0.14981
0.20100 0.15132
0.20125 0.14780
0.20150 0.14950
0.20175 0.15010
0.20200 0.14950
0.20225 0.14769
0.20250 0.14729
0.20275 0.14907
0.20300 0.15257
0.20325 0.15303
0.20350 0.15240
0.20375 0.15271
0.20400 0.15072
0.20425 0.15310
0.20450 0.15096
0.20475 0.14935
0.20500 0.14948
0.20525 0.14861
0.20550 0.14926
0.20575 0.15078
0.20600 0.15096
0.20625 0.15292
0.20650 0.14835
0.20675 0.14898
0.20700 0.15184
0.20725 0.15206
0.20750 0.15142
0.20775 0.15125
0.20800 0.14951
0.20825 0.14951
0.20850 0.15073
0.20875 0.15093
0.20900 0.15133
0.20925 0.15195
0.20950 0.15300
0.20975 0.15727
0.21000 0.15364
0.21025 0.15726
0.21050 0.15599
0.21075 0.15364
0.21100 0.15285
0.21125 0.15455
0.21150 0.15640
0.21175 0.15514
0.21200 0.15628
0.21225 0.15554
0.21250 0.15536
0.21275 0.15630
0.21300 0.15537
0.21325 0.16027
0.21350 0.15738
0.21375 0.15652
0.21400 0.15935
0.21425 0.16125
0.21450 0.16323
0.21475 0.15891
0.21500 0.15732
0.21525 0.15962
0.21550 0.15810
0.21575 0.15887
0.21600 0.15694
0.21625 0.15923
0.21650 0.15726
0.21675 0.16017
0.21700 0.15744
0.21725 0.15911
0.21750 0.15993
0.21775 0.15971
0.21800 0.15849
0.21825 0.16068
0.21850 0.16316
0.21875 0.16076
0.21900 0.15715
0.21925 0.16039
0.21950 0.15692
0.21975 0.15776
0.22000 0.15933
0.22025 0.15723
0.22050 0.15656
0.22075 0.15695
0.22100 0.15585
0.22125 0.15685
0.22150 0.15899
0.22175 0.15964
0.22200 0.15785
0.22225 0.15951
0.22250 0.16158
0.22275 0.15790
0.22300 0.16072
0.22325 0.15940
0.22350 0.16247
0.22375 0.15731
0.22400 0.16057
0.22425 0.15650
0.22450 0.15939
0.22475 0.15838
0.22500 0.15654
0.22525 0.15679
0.22550 0.16203
0.22575 0.15752
0.22600 0.16004
0.22625 0.15925
0.22650 0.15900
0.22675 0.15890
0.22700 0.15898
0.22725 0.15764
0.22750 0.15692
0.22775 0.16061
0.22800 0.15806
0.22825 0.16058
0.22850 0.16027
0.22875 0.15923
0.22900 0.15964
0.22925 0.16055
0.22950 0.16020
0.22975 0.16445
0.23000 0.16336
0.23025 0.15864
0.23050 0.15809
0.23075 0.16100
0.23100 0.15901
0.23125 0.15883
0.23150 0.15899
0.23175 0.16023
0.23200 0.16336
0.23225 0.16193
0.23250 0.16242
0.23275 0.16317
0.23300 0.16309
0.23325 0.16720
0.23350 0.16705
0.23375 0.16244
0.23400 0.16049
0.23425 0.16440
0.23450 0.16336
0.23475 0.16335
0.23500 0.16665
0.23525 0.16139
0.23550 0.16245
0.23575 0.16039
0.23600 0.16339
0.23625 0.16249
0.23650 0.16394
0.23675 0.16116
0.23700 0.16253
0.23725 0.16529
0.23750 0.17011
0.23775 0.17566
0.23800 0.16730
0.23825 0.16350
0.23850 0.16629
0.23875 0.16017
0.23900 0.16564
0.23925 0.16521
0.23950 0.16816
0.23975 0.16888
0.24000 0.16415
0.24025 0.16339
0.24050 0.16767
0.24075 0.16858
0.24100 0.16200
0.24125 0.16469
0.24150 0.16436
0.24175 0.16915
0.24200 0.16824
0.24225 0.17145
0.24250 0.17068
0.24275 0.16719
0.24300 0.16386
0.24325 0.16644
0.24350 0.16859
0.24375 0.16562
0.24400 0.16483
0.24425 0.16600
0.24450 0.16492
0.24475 0.16790
0.24500 0.16596
0.24525 0.16711
0.24550 0.16492
0.24575 0.16491
0.24600 0.16363
0.24625 0.16581
0.24650 0.16530
0.24675 0.16591
0.24700 0.16186
0.24725 0.16337
0.24750 0.16660
0.24775 0.16626
0.24800 0.16400
0.24825 0.16539
0.24850 0.16821
0.24875 0.16591
0.24900 0.16712
0.24925 0.16507
0.24950 0.16771
0.24975 0.17021
0.25000 0.16625
0.25025 0.16668
0.25050 0.17223
0.25075 0.17067
0.25100 0.16867
0.25125 0.16794
0.25150 0.16899
0.25175 0.16972
0.25200 0.16734
0.25225 0.16754
0.25250 0.16851
0.25275 0.16591
0.25300 0.16751
0.25325 0.16794
0.25350 0.16807
0.25375 0.16944
0.25400 0.17081
0.25425 0.17170
0.25450 0.17282
0.25475 0.17116
0.25500 0.17086
0.25525 0.17080
0.25550 0.17207
0.25575 0.17234
0.25600 0.17303
0.25625 0.17072
0.25650 0.17173
0.25675 0.17522
0.25700 0.17308
0.25725 0.17229
0.25750 0.17300
0.25775 0.17025
0.25800 0.17235
0.25825 0.16990
0.25850 0.17580
0.25875 0.17197
0.25900 0.17037
0.25925 0.17015
0.25950 0.17035
0.25975 0.17327
0.26000 0.17140
0.26025 0.17090
0.26050 0.17245
0.26075 0.17208
0.26100 0.17199
0.26125 0.16940
0.26150 0.17018
0.26175 0.17043
0.26200 0.17035
0.26225 0.17053
0.26250 0.17078
0.26275 0.17335
0.26300 0.17042
0.26325 0.17079
0.26350 0.17156
0.26375 0.17445
0.26400 0.17949
0.26425 0.17521
0.26450 0.17553
0.26475 0.17328
0.26500 0.17241
0.26525 0.17325
0.26550 0.17388
0.26575 0.17394
0.26600 0.17624
0.26625 0.17570
0.26650 0.17429
0.26675 0.17821
0.26700 0.18167
0.26725 0.18366
0.26750 0.18086
0.26775 0.17565
0.26800 0.17804
0.26825 0.18358
0.26850 0.17704
0.26875 0.17520
0.26900 0.17752
0.26925 0.17532
0.26950 0.17907
0.26975 0.17617
0.27000 0.18783
0.27025 0.18033
0.27050 0.17821
0.27075 0.17441
0.27100 0.17637
0.27125 0.17861
0.27150 0.18182
0.27175 0.17847
0.27200 0.18209
0.27225 0.18064
0.27250 0.17858
0.27275 0.17743
0.27300 0.18281
0.27325 0.17990
0.27350 0.18054
0.27375 0.18138
0.27400 0.17722
0.27425 0.17748
0.27450 0.18141
0.27475 0.17963
0.27500 0.17776
0.27525 0.17835
0.27550 0.18115
0.27575 0.18125
0.27600 0.17794
0.27625 0.17848
0.27650 0.18124
0.27675 0.18117
0.27700 0.17859
0.27725 0.18409
0.27750 0.18413
0.27775 0.18251
0.27800 0.18050
0.27825 0.18492
0.27850 0.18515
0.27875 0.18808
0.27900 0.18152
0.27925 0.18138
0.27950 0.18155
0.27975 0.17968
0.28000 0.18169
0.28025 0.17846
0.28050 0.17883
0.28075 0.18089
0.28100 0.18023
0.28125 0.18175
0.28150 0.18458
0.28175 0.18554
0.28200 0.18696
0.28225 0.18538
0.28250 0.18325
0.28275 0.18221
0.28300 0.18464
0.28325 0.18624
0.28350 0.18406
0.28375 0.18257
0.28400 0.18575
0.28425 0.18516
0.28450 0.18079
0.28475 0.18711
0.28500 0.18677
0.28525 0.18520
0.28550 0.18614
0.28575 0.18478
0.28600 0.18625
0.28625 0.18406
0.28650 0.18390
0.28675 0.18354
0.28700 0.18683
0.28725 0.18617
0.28750 0.18802
0.28775 0.18481
0.28800 0.18799
0.28825 0.18941
0.28850 0.19211
0.28875 0.19279
0.28900 0.19044
0.28925 0.19022
0.28950 0.20002
0.28975 0.19582
0.29000 0.19373
0.29025 0.19631
0.29050 0.19511
0.29075 0.19184
0.29100 0.19156
0.29125 0.19388
0.29150 0.19317
0.29175 0.19605
0.29200 0.19700
0.29225 0.19869
0.29250 0.19505
0.29275 0.19905
0.29300 0.20127
0.29325 0.20080
0.29350 0.19791
0.29375 0.19606
0.29400 0.20025
0.29425 0.19619
0.29450 0.19700
0.29475 0.19544
0.29500 0.19636
0.29525 0.19675
0.29550 0.20085
0.29575 0.19879
0.29600 0.20417
0.29625 0.19966
0.29650 0.19913
0.29675 0.20296
0.29700 0.20316
0.29725 0.20450
0.29750 0.20372
0.29775 0.20223
0.29800 0.19758
0.29825 0.20085
0.29850 0.20064
0.29875 0.19963
0.29900 0.20293
0.29925 0.20002
0.29950 0.20051
0.29975 0.20956
0.30000 0.20736
0.30025 0.20114
0.30050 0.19586
0.30075 0.19972
0.30100 0.20100
0.30125 0.20057
0.30150 0.19955
0.30175 0.20558
0.30200 0.19747
0.30225 0.19794
0.30250 0.20087
0.30275 0.20097
0.30300 0.20228
0.30325 0.19884
0.30350 0.20040
0.30375 0.19962
0.30400 0.20206
0.30425 0.20223
0.30450 0.19878
0.30475 0.20109
0.30500 0.19984
0.30525 0.20326
0.30550 0.20271
0.30575 0.20455
0.30600 0.20091
0.30625 0.20087
0.30650 0.20068
0.30675 0.20414
0.30700 0.19952
0.30725 0.20066
0.30750 0.19812
0.30775 0.20053
0.30800 0.19993
0.30825 0.20480
0.30850 0.20034
0.30875 0.19960
0.30900 0.20046
0.30925 0.20086
0.30950 0.20424
0.30975 0.20328
0.31000 0.20255
0.31025 0.20153
0.31050 0.20592
0.31075 0.20427
0.31100 0.21518
0.31125 0.20840
0.31150 0.20539
0.31175 0.20516
0.31200 0.20554
0.31225 0.20381
0.31250 0.20405
0.31275 0.20360
0.31300 0.20445
0.31325 0.20521
0.31350 0.20539
0.31375 0.20935
0.31400 0.20508
0.31425 0.20616
0.31450 0.20413
0.31475 0.20421
0.31500 0.20701
0.31525 0.20778
0.31550 0.20764
0.31575 0.20646
0.31600 0.20803
0.31625 0.21001
0.31650 0.20452
0.31675 0.20412
0.31700 0.20277
0.31725 0.20716
0.31750 0.20359
0.31775 0.20263
0.31800 0.20670
0.31825 0.21168
0.31850 0.20744
0.31875 0.20758
0.31900 0.20910
0.31925 0.20735
0.31950 0.20777
0.31975 0.21241
0.32000 0.21331
0.32025 0.21246
0.32050 0.21254
0.32075 0.20907
0.32100 0.20753
0.32125 0.20771
0.32150 0.20875
0.32175 0.20858
0.32200 0.20978
0.32225 0.20902
0.32250 0.21479
0.32275 0.21289
0.32300 0.21812
0.32325 0.21651
0.32350 0.20931
0.32375 0.21199
0.32400 0.21537
0.32425 0.21197
0.32450 0.21088
0.32475 0.21040
0.32500 0.21100
0.32525 0.20829
0.32550 0.21002
0.32575 0.20746
0.32600 0.21124
0.32625 0.20943
0.32650 0.21152
0.32675 0.21441
0.32700 0.21576
0.32725 0.21744
0.32750 0.21543
0.32775 0.21539
0.32800 0.21937
0.32825 0.21865
0.32850 0.22293
0.32875 0.22235
0.32900 0.22110
0.32925 0.21842
0.32950 0.22150
0.32975 0.22990
0.33000 0.22242
0.33025 0.22242
0.33050 0.22650
0.33075 0.22751
0.33100 0.22096
0.33125 0.22748
0.33150 0.22077
0.33175 0.22562
0.33200 0.22172
0.33225 0.22812
0.33250 0.22643
0.33275 0.22820
0.33300 0.23124
0.33325 0.22550
0.33350 0.22344
0.33375 0.22292
0.33400 0.22787
0.33425 0.22033
0.33450 0.21966
0.33475 0.22317
0.33500 0.21965
0.33525 0.22420
0.33550 0.22278
0.33575 0.21956
0.33600 0.21982
0.33625 0.21938
0.33650 0.22486
0.33675 0.22982
0.33700 0.22057
0.33725 0.22234
0.33750 0.21929
0.33775 0.22500
0.33800 0.22773
0.33825 0.23147
0.33850 0.22462
0.33875 0.22696
0.33900 0.22988
0.33925 0.22404
0.33950 0.22622
0.33975 0.23168
0.34000 0.22168
0.34025 0.22401
0.34050 0.22233
0.34075 0.22851
0.34100 0.22890
0.34125 0.22606
0.34150 0.22558
0.34175 0.23363
0.34200 0.22999
0.34225 0.22908
0.34250 0.22763
0.34275 0.23384
0.34300 0.23559
0.34325 0.22955
0.34350 0.23228
0.34375 0.23039
0.34400 0.23026
0.34425 0.23336
0.34450 0.23058
0.34475 0.22919
0.34500 0.23005
0.34525 0.22966
0.34550 0.23557
0.34575 0.23385
0.34600 0.24026
0.34625 0.23250
0.34650 0.23378
0.34675 0.23592
0.34700 0.23799
0.34725 0.24065
0.34750 0.23537
0.34775 0.23741
0.34800 0.23626
0.34825 0.24051
0.34850 0.24685
0.34875 0.23941
0.34900 0.23744
0.34925 0.24106
0.34950 0.24217
0.34975 0.24779
0.35000 0.24258
0.35025 0.24090
0.35050 0.23963
0.35075 0.24107
0.35100 0.24388
0.35125 0.24458
0.35150 0.24558
0.35175 0.24780
0.35200 0.24320
0.35225 0.24957
0.35250 0.24673
0.35275 0.24908
0.35300 0.24906
0.35325 0.24740
0.35350 0.24781
0.35375 0.24252
0.35400 0.24263
0.35425 0.24570
0.35450 0.24553
0.35475 0.24665
0.35500 0.24693
0.35525 0.24956
0.35550 0.25074
0.35575 0.24780
0.35600 0.25142
0.35625 0.25102
0.35650 0.25410
0.35675 0.25850
0.35700 0.25931
0.35725 0.25550
0.35750 0.25217
0.35775 0.25452
0.35800 0.25929
0.35825 0.25492
0.35850 0.24950
0.35875 0.25158
0.35900 0.25682
0.35925 0.24977
0.35950 0.25103
0.35975 0.25983
0.36000 0.25616
0.36025 0.26018
0.36050 0.25571
0.36075 0.25820
0.36100 0.27049
0.36125 0.26551
0.36150 0.26045
0.36175 0.26149
0.36200 0.26622
0.36225 0.26864
0.36250 0.26479
0.36275 0.26697
0.36300 0.26116
0.36325 0.26699
0.36350 0.26802
0.36375 0.26073
0.36400 0.26225
0.36425 0.26167
0.36450 0.25911
0.36475 0.26222
0.36500 0.26359
0.36525 0.25813
0.36550 0.26162
0.36575 0.26557
0.36600 0.26699
0.36625 0.26642
0.36650 0.27056
0.36675 0.27077
0.36700 0.26702
0.36725 0.26955
0.36750 0.27046
0.36775 0.27125
0.36800 0.26777
0.36825 0.27029
0.36850 0.27163
0.36875 0.27170
0.36900 0.26729
0.36925 0.26765
0.36950 0.27042
0.36975 0.26954
0.37000 0.27169
0.37025 0.27495
0.37050 0.27582
0.37075 0.27358
0.37100 0.26991
0.37125 0.27199
0.37150 0.28156
0.37175 0.27108
0.37200 0.27821
0.37225 0.27905
0.37250 0.28066
0.37275 0.27844
0.37300 0.28483
0.37325 0.28283
0.37350 0.28648
0.37375 0.27711
0.37400 0.28386
0.37425 0.28119
0.37450 0.27984
0.37475 0.27988
0.37500 0.28233
0.37525 0.28296
0.37550 0.28604
0.37575 0.28120
0.37600 0.28146
0.37625 0.27748
0.37650 0.27934
0.37675 0.28402
0.37700 0.28851
0.37725 0.28091
0.37750 0.28447
0.37775 0.29124
0.37800 0.28629
0.37825 0.28947
0.37850 0.28953
0.37875 0.28853
0.37900 0.29286
0.37925 0.29635
0.37950 0.29244
0.37975 0.29129
0.38000 0.28958
0.38025 0.29776
0.38050 0.29811
0.38075 0.29657
0.38100 0.31054
0.38125 0.30356
0.38150 0.29625
0.38175 0.30855
0.38200 0.31360
0.38225 0.30889
0.38250 0.30992
0.38275 0.31959
0.38300 0.30823
0.38325 0.30678
0.38350 0.30744
0.38375 0.30674
0.38400 0.31088
0.38425 0.31653
0.38450 0.32818
0.38475 0.31286
0.38500 0.30841
0.38525 0.30734
0.38550 0.31218
0.38575 0.31726
0.38600 0.31672
0.38625 0.30950
0.38650 0.31194
0.38675 0.30874
0.38700 0.31017
0.38725 0.32000
0.38750 0.31610
0.38775 0.31744
0.38800 0.32308
0.38825 0.31945
0.38850 0.32282
0.38875 0.32653
0.38900 0.32197
0.38925 0.32316
0.38950 0.33571
0.38975 0.32599
0.39000 0.31931
0.39025 0.32164
0.39050 0.32250
0.39075 0.32625
0.39100 0.31772
0.39125 0.33501
0.39150 0.32144
0.39175 0.33497
0.39200 0.33491
0.39225 0.33663
0.39250 0.33516
0.39275 0.33318
0.39300 0.33520
0.39325 0.33219
0.39350 0.33636
0.39375 0.34418
0.39400 0.32683
0.39425 0.33251
0.39450 0.33103
0.39475 0.33821
0.39500 0.32957
0.39525 0.33652
0.39550 0.35342
0.39575 0.34034
0.39600 0.33950
0.39625 0.33250
0.39650 0.33780
0.39675 0.33781
0.39700 0.33924
0.39725 0.33914
0.39750 0.33818
0.39775 0.34288
0.39800 0.34499
0.39825 0.34172
0.39850 0.34175
0.39875 0.34330
0.39900 0.33771
0.39925 0.33496
0.39950 0.34310
0.39975 0.34097
0.40000 0.34887
0.40025 0.34447
0.40050 0.33777
0.40075 0.34236
0.40100 0.35475
0.40125 0.34361
0.40150 0.33408
0.40175 0.34203
0.40200 0.34460
0.40225 0.34591
0.40250 0.34924
0.40275 0.34946
0.40300 0.34788
0.40325 0.34714
0.40350 0.34353
0.40375 0.35875
0.40400 0.35442
0.40425 0.35299
0.40450 0.34542
0.40475 0.34561
0.40500 0.34887
0.40525 0.34885
0.40550 0.35559
0.40575 0.35677
0.40600 0.36281
0.40625 0.35781
0.40650 0.35701
0.40675 0.36178
0.40700 0.35710
0.40725 0.35739
0.40750 0.36076
0.40775 0.35647
0.40800 0.36041
0.40825 0.36751
0.40850 0.36264
0.40875 0.35745
0.40900 0.35187
0.40925 0.36074
0.40950 0.36255
0.40975 0.35701
0.41000 0.35869
0.41025 0.35610
0.41050 0.35403
0.41075 0.36275
0.41100 0.37006
0.41125 0.36578
0.41150 0.35618
0.41175 0.36353
0.41200 0.36221
0.41225 0.35451
0.41250 0.35560
0.41275 0.35755
0.41300 0.35475
0.41325 0.35541
0.41350 0.36373
0.41375 0.35072
0.41400 0.35715
0.41425 0.36074
0.41450 0.35517
0.41475 0.35051
0.41500 0.35622
0.41525 0.35280
0.41550 0.35014
0.41575 0.35309
0.41600 0.35542
0.41625 0.35469
0.41650 0.35391
0.41675 0.35709
0.41700 0.34480
0.41725 0.35029
0.41750 0.35742
0.41775 0.35922
0.41800 0.35781
0.41825 0.37981
0.41850 0.37547
0.41875 0.36930
0.41900 0.37000
0.41925 0.36294
0.41950 0.36159
0.41975 0.35810
0.42000 0.36007
0.42025 0.35909
0.42050 0.36328
0.42075 0.37553
0.42100 0.36040
0.42125 0.36788
0.42150 0.35800
0.42175 0.36207
0.42200 0.36673
0.42225 0.38394
0.42250 0.36684
0.42275 0.35311
0.42300 0.36091
0.42325 0.34949
0.42350 0.37746
0.42375 0.35737
0.42400 0.35505
0.42425 0.36304
0.42450 0.35627
0.42475 0.36005
0.42500 0.35943
0.42525 0.35946
0.42550 0.35889
0.42575 0.35986
0.42600 0.36761
0.42625 0.36433
0.42650 0.35830
0.42675 0.35533
0.42700 0.38471
0.42725 0.36407
0.42750 0.35452
0.42775 0.35599
0.42800 0.35298
0.42825 0.35768
0.42850 0.35209
0.42875 0.36055
0.42900 0.34929
0.42925 0.35156
0.42950 0.35540
0.42975 0.34951
0.43000 0.35455
0.43025 0.34651
0.43050 0.34240
0.43075 0.34247
0.43100 0.33657
0.43125 0.33890
0.43150 0.34126
0.43175 0.33151
0.43200 0.33712
0.43225 0.33918
0.43250 0.33400
0.43275 0.33819
0.43300 0.33339
0.43325 0.34060
0.43350 0.34556
0.43375 0.32927
0.43400 0.33921
0.43425 0.33772
0.43450 0.33996
0.43475 0.33716
0.43500 0.34745
0.43525 0.34906
0.43550 0.34590
0.43575 0.36350
0.43600 0.34611
0.43625 0.35203
0.43650 0.35250
0.43675 0.35860
0.43700 0.35594
0.43725 0.34396
0.43750 0.33983
0.43775 0.33530
0.43800 0.33790
0.43825 0.33339
0.43850 0.34483
0.43875 0.34543
0.43900 0.34097
0.43925 0.34519
0.43950 0.34309
0.43975 0.34396
0.44000 0.33667
0.44025 0.33225
0.44050 0.33957
0.44075 0.34097
0.44100 0.34511
0.44125 0.34617
0.44150 0.34992
0.44175 0.33828
0.44200 0.33996
0.44225 0.33883
0.44250 0.34092
0.44275 0.33472
0.44300 0.33825
0.44325 0.34226
0.44350 0.33561
0.44375 0.33234
0.44400 0.33541
0.44425 0.33701
0.44450 0.32977
0.44475 0.33470
0.44500 0.33798
0.44525 0.34049
0.44550 0.34154
0.44575 0.33427
0.44600 0.33280
0.44625 0.33007
0.44650 0.33318
0.44675 0.33685
0.44700 0.33288
0.44725 0.33654
0.44750 0.33275
0.44775 0.33112
0.44800 0.33296
0.44825 0.33264
0.44850 0.32793
0.44875 0.33331
0.44900 0.32829
0.44925 0.33448
0.44950 0.33325
0.44975 0.34550
0.45000 0.33366
0.45025 0.33150
0.45050 0.33285
0.45075 0.34276
0.45100 0.33249
0.45125 0.33529
0.45150 0.32976
0.45175 0.32667
0.45200 0.32575
0.45225 0.32865
0.45250 0.33480
0.45275 0.32703
0.45300 0.32562
0.45325 0.32172
0.45350 0.32842
0.45375 0.34311
0.45400 0.32467
0.45425 0.32922
0.45450 0.32724
0.45475 0.31795
0.45500 0.32275
0.45525 0.32012
0.45550 0.32505
0.45575 0.33212
0.45600 0.32637
0.45625 0.32244
0.45650 0.32853
0.45675 0.32399
0.45700 0.33333
0.45725 0.32585
0.45750 0.33014
0.45775 0.32166
0.45800 0.32820
0.45825 0.32670
0.45850 0.32737
0.45875 0.32476
0.45900 0.32181
0.45925 0.32742
0.45950 0.33083
0.45975 0.32985
0.46000 0.32217
0.46025 0.32873
0.46050 0.33299
0.46075 0.32949
0.46100 0.33184
0.46125 0.33428
0.46150 0.32810
0.46175 0.32825
0.46200 0.32579
0.46225 0.33108
0.46250 0.32402
0.46275 0.32828
0.46300 0.32190
0.46325 0.32128
0.46350 0.33019
0.46375 0.32944
0.46400 0.32896
0.46425 0.32930
0.46450 0.32485
0.46475 0.33221
0.46500 0.33560
0.46525 0.33208
0.46550 0.32901
0.46575 0.32575
0.46600 0.32585
0.46625 0.32973
0.46650 0.32862
0.46675 0.32756
0.46700 0.32833
0.46725 0.32584
0.46750 0.32726
0.46775 0.33440
0.46800 0.33294
0.46825 0.33891
0.46850 0.33719
0.46875 0.33482
0.46900 0.33946
0.46925 0.33855
0.46950 0.33499
0.46975 0.33512
0.47000 0.32858
0.47025 0.33551
0.47050 0.33071
0.47075 0.33141
0.47100 0.32966
0.47125 0.33573
0.47150 0.32824
0.47175 0.33111
0.47200 0.32828
0.47225 0.32867
0.47250 0.33576
0.47275 0.33174
0.47300 0.32816
0.47325 0.33460
0.47350 0.33316
0.47375 0.32892
0.47400 0.32701
0.47425 0.33212
0.47450 0.33275
0.47475 0.33285
0.47500 0.34000
0.47525 0.34707
0.47550 0.34715
0.47575 0.33401
0.47600 0.33930
0.47625 0.33743
0.47650 0.33690
0.47675 0.33404
0.47700 0.34040
0.47725 0.34334
0.47750 0.34192
0.47775 0.34025
0.47800 0.33881
0.47825 0.33490
0.47850 0.34459
0.47875 0.33441
0.47900 0.33212
0.47925 0.33716
0.47950 0.33905
0.47975 0.34111
0.48000 0.34294
0.48025 0.33280
0.48050 0.33586
0.48075 0.34396
0.48100 0.33724
0.48125 0.33959
0.48150 0.34549
0.48175 0.34043
0.48200 0.34007
0.48225 0.34136
0.48250 0.34638
0.48275 0.34621
0.48300 0.34667
0.48325 0.34618
0.48350 0.34628
0.48375 0.35490
0.48400 0.34540
0.48425 0.34383
0.48450 0.34956
0.48475 0.35213
0.48500 0.35302
0.48525 0.34697
0.48550 0.35545
0.48575 0.35397
0.48600 0.35036
0.48625 0.35200
0.48650 0.35981
0.48675 0.34803
0.48700 0.35292
0.48725 0.36814
0.48750 0.35473
0.48775 0.34675
0.48800 0.35012
0.48825 0.34441
0.48850 0.34603
0.48875 0.34552
0.48900 0.33986
0.48925 0.34451
0.48950 0.34082
0.48975 0.33256
0.49000 0.33954
0.49025 0.33990
0.49050 0.33391
0.49075 0.33689
0.49100 0.33428
0.49125 0.33283
0.49150 0.33512
0.49175 0.33895
0.49200 0.33316
0.49225 0.33604
0.49250 0.33403
0.49275 0.33974
0.49300 0.33989
0.49325 0.34363
0.49350 0.33662
0.49375 0.33796
0.49400 0.33907
0.49425 0.33874
0.49450 0.34260
0.49475 0.34448
0.49500 0.33810
0.49525 0.33958
0.49550 0.34719
0.49575 0.34324
0.49600 0.34401
0.49625 0.34740
0.49650 0.34674
0.49675 0.34101
0.49700 0.35114
0.49725 0.35077
0.49750 0.34615
0.49775 0.35384
0.49800 0.35085
0.49825 0.34763
0.49850 0.34989
0.49875 0.34654
0.49900 0.35113
0.49925 0.36234
0.49950 0.37280
0.49975 0.35984
0.50000 0.35234
0.50025 0.35453
0.50050 0.35555
0.50075 0.35646
0.50100 0.35822
0.50125 0.35028
0.50150 0.35658
0.50175 0.35611
0.50200 0.35188
0.50225 0.35048
0.50250 0.35482
0.50275 0.35602
0.50300 0.36524
0.50325 0.35571
0.50350 0.35319
0.50375 0.35289
0.50400 0.35804
0.50425 0.35700
0.50450 0.35278
0.50475 0.35401
0.50500 0.35734
0.50525 0.35484
0.50550 0.35726
0.50575 0.35992
0.50600 0.35180
0.50625 0.34882
0.50650 0.36183
0.50675 0.36363
0.50700 0.36296
0.50725 0.36618
0.50750 0.35905
0.50775 0.35295
0.50800 0.35764
0.50825 0.35541
0.50850 0.35068
0.50875 0.35532
0.50900 0.35393
0.50925 0.35621
0.50950 0.35232
0.50975 0.35667
0.51000 0.36449
0.51025 0.35425
0.51050 0.36908
0.51075 0.36170
0.51100 0.36060
0.51125 0.37539
0.51150 0.37362
0.51175 0.37465
0.51200 0.36605
0.51225 0.36475
0.51250 0.37524
0.51275 0.37361
0.51300 0.36908
0.51325 0.35563
0.51350 0.35442
0.51375 0.35711
0.51400 0.36245
0.51425 0.36213
0.51450 0.36328
0.51475 0.35943
0.51500 0.36036
0.51525 0.35364
0.51550 0.35431
0.51575 0.35793
0.51600 0.35327
0.51625 0.35928
0.51650 0.35529
0.51675 0.35822
0.51700 0.35696
0.51725 0.35426
0.51750 0.35408
0.51775 0.35861
0.51800 0.36342
0.51825 0.35401
0.51850 0.35752
0.51875 0.35685
0.51900 0.35265
0.51925 0.35234
0.51950 0.35924
0.51975 0.35231
0.52000 0.36295
0.52025 0.38554
0.52050 0.36370
0.52075 0.35699
0.52100 0.36889
0.52125 0.35895
0.52150 0.36033
0.52175 0.36000
0.52200 0.35883
0.52225 0.37007
0.52250 0.35974
0.52275 0.35762
0.52300 0.36115
0.52325 0.35422
0.52350 0.35979
0.52375 0.36080
0.52400 0.35391
0.52425 0.35701
0.52450 0.36253
0.52475 0.37704
0.52500 0.35434
0.52525 0.35634
0.52550 0.35200
0.52575 0.35695
0.52600 0.36003
0.52625 0.36527
0.52650 0.35985
0.52675 0.37901
0.52700 0.36439
0.52725 0.37161
0.52750 0.36383
0.52775 0.36331
0.52800 0.36159
0.52825 0.36278
0.52850 0.36306
0.52875 0.35737
0.52900 0.35211
0.52925 0.35668
0.52950 0.35772
0.52975 0.35653
0.53000 0.35796
0.53025 0.36919
0.53050 0.35812
0.53075 0.35722
0.53100 0.35493
0.53125 0.36421
0.53150 0.36168
0.53175 0.36013
0.53200 0.35153
0.53225 0.36061
0.53250 0.35506
0.53275 0.35033
0.53300 0.35238
0.53325 0.35757
0.53350 0.35087
0.53375 0.35375
0.53400 0.35622
0.53425 0.35460
0.53450 0.35045
0.53475 0.35651
0.53500 0.35077
0.53525 0.34222
0.53550 0.34947
0.53575 0.35625
0.53600 0.37321
0.53625 0.35391
0.53650 0.35077
0.53675 0.35196
0.53700 0.34608
0.53725 0.34106
0.53750 0.34481
0.53775 0.35034
0.53800 0.35413
0.53825 0.36036
0.53850 0.35814
0.53875 0.36058
0.53900 0.36080
0.53925 0.35741
0.53950 0.35583
0.53975 0.35767
0.54000 0.35487
0.54025 0.35960
0.54050 0.36442
0.54075 0.36493
0.54100 0.35889
0.54125 0.35897
0.54150 0.36137
0.54175 0.36008
0.54200 0.36282
0.54225 0.36052
0.54250 0.35919
0.54275 0.35036
0.54300 0.35003
0.54325 0.35760
0.54350 0.36431
0.54375 0.36278
0.54400 0.36536
0.54425 0.36861
0.54450 0.37350
0.54475 0.37348
0.54500 0.36047
0.54525 0.36955
0.54550 0.35857
0.54575 0.35827
0.54600 0.36194
0.54625 0.37811
0.54650 0.36022
0.54675 0.35818
0.54700 0.35223
0.54725 0.34930
0.54750 0.35414
0.54775 0.35215
0.54800 0.35267
0.54825 0.35444
0.54850 0.34877
0.54875 0.34993
0.54900 0.35181
0.54925 0.34889
0.54950 0.34510
0.54975 0.35018
0.55000 0.34933
0.55025 0.35645
0.55050 0.35443
0.55075 0.35540
0.55100 0.35673
0.55125 0.35204
0.55150 0.35936
0.55175 0.34944
0.55200 0.35055
0.55225 0.34859
0.55250 0.35156
0.55275 0.34865
0.55300 0.35256
0.55325 0.35260
0.55350 0.34373
0.55375 0.34885
0.55400 0.34788
0.55425 0.34826
0.55450 0.35343
0.55475 0.35319
0.55500 0.35335
0.55525 0.35147
0.55550 0.34331
0.55575 0.34930
0.55600 0.35535
0.55625 0.35082
0.55650 0.34989
0.55675 0.35705
0.55700 0.36084
0.55725 0.35669
0.55750 0.35318
0.55775 0.35714
0.55800 0.36338
0.55825 0.35907
0.55850 0.35235
0.55875 0.35488
0.55900 0.35557
0.55925 0.35844
0.55950 0.35126
0.55975 0.35276
0.56000 0.36132
0.56025 0.35826
0.56050 0.36243
0.56075 0.36589
0.56100 0.36279
0.56125 0.36679
0.56150 0.35785
0.56175 0.36636
0.56200 0.36272
0.56225 0.36314
0.56250 0.36240
0.56275 0.35658
0.56300 0.36022
0.56325 0.36258
0.56350 0.36465
0.56375 0.35640
0.56400 0.36094
0.56425 0.36093
0.56450 0.36119
0.56475 0.36583
0.56500 0.36211
0.56525 0.35930
0.56550 0.36039
0.56575 0.35925
0.56600 0.36230
0.56625 0.36107
0.56650 0.37746
0.56675 0.36085
0.56700 0.36739
0.56725 0.37148
0.56750 0.36970
0.56775 0.37091
0.56800 0.37157
0.56825 0.36445
0.56850 0.38090
0.56875 0.38389
0.56900 0.37649
0.56925 0.37251
0.56950 0.37321
0.56975 0.36387
0.57000 0.36519
0.57025 0.36617
0.57050 0.36705
0.57075 0.37402
0.57100 0.38556
0.57125 0.37663
0.57150 0.36435
0.57175 0.37932
0.57200 0.38325
0.57225 0.38102
0.57250 0.37894
0.57275 0.37514
0.57300 0.38369
0.57325 0.37977
0.57350 0.37551
0.57375 0.37811
0.57400 0.37784
0.57425 0.39277
0.57450 0.38380
0.57475 0.38599
0.57500 0.39339
0.57525 0.39823
0.57550 0.39121
0.57575 0.38898
0.57600 0.39183
0.57625 0.38300
0.57650 0.38284
0.57675 0.39321
0.57700 0.38900
0.57725 0.38904
0.57750 0.39970
0.57775 0.39312
0.57800 0.39963
0.57825 0.39763
0.57850 0.38613
0.57875 0.38702
0.57900 0.39291
0.57925 0.38929
0.57950 0.39300
0.57975 0.39184
0.58000 0.38794
0.58025 0.39216
0.58050 0.39143
0.58075 0.39188
0.58100 0.39432
0.58125 0.39664
0.58150 0.38872
0.58175 0.39481
0.58200 0.38471
0.58225 0.39565
0.58250 0.38181
0.58275 0.39485
0.58300 0.39146
0.58325 0.39559
0.58350 0.39711
0.58375 0.39589
0.58400 0.39854
0.58425 0.39333
0.58450 0.39906
0.58475 0.40063
0.58500 0.40861
0.58525 0.40137
0.58550 0.40303
0.58575 0.39685
0.58600 0.39849
0.58625 0.40026
0.58650 0.39589
0.58675 0.38982
0.58700 0.42236
0.58725 0.39126
0.58750 0.39004
0.58775 0.39208
0.58800 0.39056
0.58825 0.39663
0.58850 0.39597
0.58875 0.40250
0.58900 0.39625
0.58925 0.39686
0.58950 0.40073
0.58975 0.40096
0.59000 0.40697
0.59025 0.39706
0.59050 0.40326
0.59075 0.40262
0.59100 0.39681
0.59125 0.40650
0.59150 0.40342
0.59175 0.39942
0.59200 0.39904
0.59225 0.39828
0.59250 0.39588
0.59275 0.39916
0.59300 0.40025
0.59325 0.40256
0.59350 0.39588
0.59375 0.39861
0.59400 0.39830
0.59425 0.40169
0.59450 0.40552
0.59475 0.39246
0.59500 0.39842
0.59525 0.39889
0.59550 0.40246
0.59575 0.39927
0.59600 0.40271
0.59625 0.39871
0.59650 0.39839
0.59675 0.40047
0.59700 0.40061
0.59725 0.41883
0.59750 0.40775
0.59775 0.40134
0.59800 0.40804
0.59825 0.40375
0.59850 0.41171
0.59875 0.41497
0.59900 0.42090
0.59925 0.41670
0.59950 0.41487
0.59975 0.41133
0.60000 0.40780
0.60025 0.40013
0.60050 0.39594
0.60075 0.40165
0.60100 0.39854
0.60125 0.40582
0.60150 0.40101
0.60175 0.41025
0.60200 0.41173
0.60225 0.41195
0.60250 0.41383
0.60275 0.41955
0.60300 0.41135
0.60325 0.41666
0.60350 0.41178
0.60375 0.41860
0.60400 0.40117
0.60425 0.40468
0.60450 0.40468
0.60475 0.39691
0.60500 0.39888
0.60525 0.38994
0.60550 0.39936
0.60575 0.40011
0.60600 0.39285
0.60625 0.39708
0.60650 0.39453
0.60675 0.40217
0.60700 0.39958
0.60725 0.40024
0.60750 0.39569
0.60775 0.40325
0.60800 0.39493
0.60825 0.39386
0.60850 0.38847
0.60875 0.38923
0.60900 0.38425
0.60925 0.39236
0.60950 0.38996
0.60975 0.39795
0.61000 0.39536
0.61025 0.38979
0.61050 0.39003
0.61075 0.38812
0.61100 0.38952
0.61125 0.39173
0.61150 0.38914
0.61175 0.40088
0.61200 0.39707
0.61225 0.39834
0.61250 0.39618
0.61275 0.40169
0.61300 0.40750
0.61325 0.39657
0.61350 0.39804
0.61375 0.39718
0.61400 0.39160
0.61425 0.39453
0.61450 0.39215
0.61475 0.39574
0.61500 0.39358
0.61525 0.39811
0.61550 0.38643
0.61575 0.39359
0.61600 0.39471
0.61625 0.40386
0.61650 0.39814
0.61675 0.40218
0.61700 0.39462
0.61725 0.38842
0.61750 0.38930
0.61775 0.38918
0.61800 0.38289
0.61825 0.38967
0.61850 0.40460
0.61875 0.39591
0.61900 0.39809
0.61925 0.39449
0.61950 0.39269
0.61975 0.39364
0.62000 0.39421
0.62025 0.39555
0.62050 0.39054
0.62075 0.38800
0.62100 0.39048
0.62125 0.38490
0.62150 0.39400
0.62175 0.38698
0.62200 0.39539
0.62225 0.40182
0.62250 0.39091
0.62275 0.39559
0.62300 0.39645
0.62325 0.38828
0.62350 0.39451
0.62375 0.39274
0.62400 0.39543
0.62425 0.38893
0.62450 0.40807
0.62475 0.40913
0.62500 0.40546
0.62525 0.39866
0.62550 0.39665
0.62575 0.42169
0.62600 0.40394
0.62625 0.41457
0.62650 0.39777
0.62675 0.39458
0.62700 0.39937
0.62725 0.39338
0.62750 0.39152
0.62775 0.39209
0.62800 0.39732
0.62825 0.39556
0.62850 0.39720
0.62875 0.40319
0.62900 0.40120
0.62925 0.39355
0.62950 0.40455
0.62975 0.41867
0.63000 0.42891
0.63025 0.39555
0.63050 0.39965
0.63075 0.40079
0.63100 0.39561
0.63125 0.40506
0.63150 0.40588
0.63175 0.40169
0.63200 0.41264
0.63225 0.41446
0.63250 0.39944
0.63275 0.41205
0.63300 0.41057
0.63325 0.40963
0.63350 0.42520
0.63375 0.42137
0.63400 0.41067
0.63425 0.40505
0.63450 0.40476
0.63475 0.40594
0.63500 0.40748
0.63525 0.40592
0.63550 0.43790
0.63575 0.41632
0.63600 0.41505
0.63625 0.41645
0.63650 0.40977
0.63675 0.41263
0.63700 0.41855
0.63725 0.40397
0.63750 0.40528
0.63775 0.40066
0.63800 0.40110
0.63825 0.39683
0.63850 0.39768
0.63875 0.40003
0.63900 0.39401
0.63925 0.39836
0.63950 0.39211
0.63975 0.39468
0.64000 0.38602
0.64025 0.39440
0.64050 0.39602
0.64075 0.38755
0.64100 0.38997
0.64125 0.39381
0.64150 0.39898
0.64175 0.39721
0.64200 0.38959
0.64225 0.39508
0.64250 0.40000
0.64275 0.39698
0.64300 0.39750
0.64325 0.40118
0.64350 0.41332
0.64375 0.40264
0.64400 0.40854
0.64425 0.40386
0.64450 0.40014
0.64475 0.40680
0.64500 0.39865
0.64525 0.40156
0.64550 0.40038
0.64575 0.39939
0.64600 0.39264
0.64625 0.40589
0.64650 0.40218
0.64675 0.39803
0.64700 0.40609
0.64725 0.39915
0.64750 0.39620
0.64775 0.39723
0.64800 0.39528
0.64825 0.39516
0.64850 0.39897
0.64875 0.39125
0.64900 0.40686
0.64925 0.40241
0.64950 0.40129
0.64975 0.40212
0.65000 0.39876
0.65025 0.39451
0.65050 0.40178
0.65075 0.40385
0.65100 0.39894
0.65125 0.40752
0.65150 0.39637
0.65175 0.40144
0.65200 0.40329
0.65225 0.40340
0.65250 0.39588
0.65275 0.39875
0.65300 0.40603
0.65325 0.40315
0.65350 0.40066
0.65375 0.41977
0.65400 0.40481
0.65425 0.40755
0.65450 0.41695
0.65475 0.41760
0.65500 0.41247
0.65525 0.40981
0.65550 0.40592
0.65575 0.39866
0.65600 0.40986
0.65625 0.40989
0.65650 0.41180
0.65675 0.40304
0.65700 0.41049
0.65725 0.41622
0.65750 0.41397
0.65775 0.40491
0.65800 0.41147
0.65825 0.41193
0.65850 0.41071
0.65875 0.40617
0.65900 0.40736
0.65925 0.41107
0.65950 0.40641
0.65975 0.40465
0.66000 0.40501
0.66025 0.40197
0.66050 0.40211
0.66075 0.41306
0.66100 0.40790
0.66125 0.40697
0.66150 0.40995
0.66175 0.40303
0.66200 0.40077
0.66225 0.40757
0.66250 0.39508
0.66275 0.40291
0.66300 0.40285
0.66325 0.40413
0.66350 0.40284
0.66375 0.40582
0.66400 0.40779
0.66425 0.41088
0.66450 0.41041
0.66475 0.41017
0.66500 0.41401
0.66525 0.41390
0.66550 0.41892
0.66575 0.41576
0.66600 0.41826
0.66625 0.43372
0.66650 0.42216
0.66675 0.41669
0.66700 0.41631
0.66725 0.41939
0.66750 0.43279
0.66775 0.42281
0.66800 0.42863
0.66825 0.42329
0.66850 0.41593
0.66875 0.41769
0.66900 0.42131
0.66925 0.42047
0.66950 0.42983
0.66975 0.42982
0.67000 0.41954
0.67025 0.41970
0.67050 0.42480
0.67075 0.42416
0.67100 0.43004
0.67125 0.42831
0.67150 0.44039
0.67175 0.43757
0.67200 0.42787
0.67225 0.42320
0.67250 0.43211
0.67275 0.42543
0.67300 0.43141
0.67325 0.43743
0.67350 0.43311
0.67375 0.43777
0.67400 0.43882
0.67425 0.43294
0.67450 0.43200
0.67475 0.42930
0.67500 0.42547
0.67525 0.42893
0.67550 0.42602
0.67575 0.43039
0.67600 0.43058
0.67625 0.43806
0.67650 0.43593
0.67675 0.44570
0.67700 0.44271
0.67725 0.44400
0.67750 0.44269
0.67775 0.44414
0.67800 0.43832
0.67825 0.44465
0.67850 0.44077
0.67875 0.44072
0.67900 0.44727
0.67925 0.43649
0.67950 0.44815
0.67975 0.44468
0.68000 0.44551
0.68025 0.44959
0.68050 0.46338
0.68075 0.44397
0.68100 0.44363
0.68125 0.43904
0.68150 0.44436
0.68175 0.44158
0.68200 0.42640
0.68225 0.43511
0.68250 0.43411
0.68275 0.43499
0.68300 0.42710
0.68325 0.43380
0.68350 0.44221
0.68375 0.43605
0.68400 0.44469
0.68425 0.43968
0.68450 0.43467
0.68475 0.42917
0.68500 0.43302
0.68525 0.43153
0.68550 0.43965
0.68575 0.43302
0.68600 0.43619
0.68625 0.44389
0.68650 0.44132
0.68675 0.43142
0.68700 0.43766
0.68725 0.42747
0.68750 0.43274
0.68775 0.43027
0.68800 0.43067
0.68825 0.43153
0.68850 0.44298
0.68875 0.43479
0.68900 0.44177
0.68925 0.44156
0.68950 0.44712
0.68975 0.45846
0.69000 0.44685
0.69025 0.44438
0.69050 0.44408
0.69075 0.44933
0.69100 0.44334
0.69125 0.44416
0.69150 0.44696
0.69175 0.45332
0.69200 0.44892
0.69225 0.43967
0.69250 0.43426
0.69275 0.44303
0.69300 0.44772
0.69325 0.45183
0.69350 0.44954
0.69375 0.44605
0.69400 0.47615
0.69425 0.44335
0.69450 0.44719
0.69475 0.44912
0.69500 0.47082
0.69525 0.45705
0.69550 0.44361
0.69575 0.44717
0.69600 0.45220
0.69625 0.46869
0.69650 0.47420
0.69675 0.45944
0.69700 0.45716
0.69725 0.46111
0.69750 0.45762
0.69775 0.45765
0.69800 0.45139
0.69825 0.45340
0.69850 0.44567
0.69875 0.44888
0.69900 0.44624
0.69925 0.44350
0.69950 0.43915
0.69975 0.44104
0.70000 0.44802
0.70025 0.44772
0.70050 0.44740
0.70075 0.44571
0.70100 0.44648
0.70125 0.44203
0.70150 0.44501
0.70175 0.44202
0.70200 0.43771
0.70225 0.44523
0.70250 0.44196
0.70275 0.44842
0.70300 0.45119
0.70325 0.45216
0.70350 0.46091
0.70375 0.45735
0.70400 0.45747
0.70425 0.45712
0.70450 0.44728
0.70475 0.43807
0.70500 0.44564
0.70525 0.43440
0.70550 0.44275
0.70575 0.44406
0.70600 0.44587
0.70625 0.45758
0.70650 0.45377
0.70675 0.44719
0.70700 0.45419
0.70725 0.45307
0.70750 0.45119
0.70775 0.45254
0.70800 0.45008
0.70825 0.45219
0.70850 0.44451
0.70875 0.45018
0.70900 0.44361
0.70925 0.44484
0.70950 0.45093
0.70975 0.45539
0.71000 0.45090
0.71025 0.45685
0.71050 0.45182
0.71075 0.45721
0.71100 0.45075
0.71125 0.45618
0.71150 0.44488
0.71175 0.45095
0.71200 0.44196
0.71225 0.44510
0.71250 0.44622
0.71275 0.44000
0.71300 0.45366
0.71325 0.46420
0.71350 0.45660
0.71375 0.44691
0.71400 0.44678
0.71425 0.44779
0.71450 0.43936
0.71475 0.44922
0.71500 0.44866
0.71525 0.45724
0.71550 0.45768
0.71575 0.46399
0.71600 0.45876
0.71625 0.45678
0.71650 0.46086
0.71675 0.46186
0.71700 0.45977
0.71725 0.47060
0.71750 0.46442
0.71775 0.46535
0.71800 0.45872
0.71825 0.47386
0.71850 0.46826
0.71875 0.47981
0.71900 0.47321
0.71925 0.47913
0.71950 0.48335
0.71975 0.49914
0.72000 0.47449
0.72025 0.47728
0.72050 0.47038
0.72075 0.47892
0.72100 0.46093
0.72125 0.47074
0.72150 0.46302
0.72175 0.46973
0.72200 0.47099
0.72225 0.46503
0.72250 0.46026
0.72275 0.47217
0.72300 0.46352
0.72325 0.46933
0.72350 0.47429
0.72375 0.47213
0.72400 0.46643
0.72425 0.47134
0.72450 0.46400
0.72475 0.46631
0.72500 0.46495
0.72525 0.46342
0.72550 0.46148
0.72575 0.45210
0.72600 0.47553
0.72625 0.46483
0.72650 0.47661
0.72675 0.47304
0.72700 0.47169
0.72725 0.48187
0.72750 0.47330
0.72775 0.47535
0.72800 0.47623
0.72825 0.48291
0.72850 0.47667
0.72875 0.47638
0.72900 0.49266
0.72925 0.47618
0.72950 0.47691
0.72975 0.47479
0.73000 0.48039
0.73025 0.48447
0.73050 0.49240
0.73075 0.48924
0.73100 0.48818
0.73125 0.47778
0.73150 0.47174
0.73175 0.48478
0.73200 0.48915
0.73225 0.48838
0.73250 0.47734
0.73275 0.47408
0.73300 0.48493
0.73325 0.48005
0.73350 0.48873
0.73375 0.48632
0.73400 0.49092
0.73425 0.49927
0.73450 0.49259
0.73475 0.49839
0.73500 0.48708
0.73525 0.48892
0.73550 0.48135
0.73575 0.48764
0.73600 0.49044
0.73625 0.48016
0.73650 0.48177
0.73675 0.48628
0.73700 0.48363
0.73725 0.49636
0.73750 0.49241
0.73775 0.48282
0.73800 0.48935
0.73825 0.48479
0.73850 0.48640
0.73875 0.48084
0.73900 0.48862
0.73925 0.49290
0.73950 0.49002
0.73975 0.49767
0.74000 0.49081
0.74025 0.50166
0.74050 0.53717
0.74075 0.54573
0.74100 0.50747
0.74125 0.49994
0.74150 0.50826
0.74175 0.50022
0.74200 0.48915
0.74225 0.49509
0.74250 0.49637
0.74275 0.49708
0.74300 0.49119
0.74325 0.48518
0.74350 0.49728
0.74375 0.49376
0.74400 0.50781
0.74425 0.49791
0.74450 0.48989
0.74475 0.49745
0.74500 0.50480
0.74525 0.50217
0.74550 0.50194
0.74575 0.50263
0.74600 0.49816
0.74625 0.50488
0.74650 0.50855
0.74675 0.50786
0.74700 0.51416
0.74725 0.49633
0.74750 0.50974
0.74775 0.51786
0.74800 0.51420
0.74825 0.52536
0.74850 0.52758
0.74875 0.52662
0.74900 0.54144
0.74925 0.50814
0.74950 0.51437
0.74975 0.50308
0.75000 0.51952
0.75025 0.51249
0.75050 0.51431
0.75075 0.51179
0.75100 0.51766
0.75125 0.52675
0.75150 0.51703
0.75175 0.50643
0.75200 0.51735
0.75225 0.51962
0.75250 0.51738
0.75275 0.50332
0.75300 0.51283
0.75325 0.50824
0.75350 0.51133
0.75375 0.51466
0.75400 0.51100
0.75425 0.51547
0.75450 0.50899
0.75475 0.51208
0.75500 0.50546
0.75525 0.51029
0.75550 0.51132
0.75575 0.50154
0.75600 0.50196
0.75625 0.51000
0.75650 0.50484
0.75675 0.50858
0.75700 0.50897
0.75725 0.51917
0.75750 0.51200
0.75775 0.51596
0.75800 0.50481
0.75825 0.51037
0.75850 0.50794
0.75875 0.51168
0.75900 0.51292
0.75925 0.50476
0.75950 0.50858
0.75975 0.50114
0.76000 0.49840
0.76025 0.50339
0.76050 0.50436
0.76075 0.50324
0.76100 0.50405
0.76125 0.50557
0.76150 0.50604
0.76175 0.50403
0.76200 0.50787
0.76225 0.51405
0.76250 0.51554
0.76275 0.49896
0.76300 0.49498
0.76325 0.50458
0.76350 0.49321
0.76375 0.50674
0.76400 0.53108
0.76425 0.50712
0.76450 0.51132
0.76475 0.50373
0.76500 0.51427
0.76525 0.53945
0.76550 0.51306
0.76575 0.51987
0.76600 0.50380
0.76625 0.51565
0.76650 0.51368
0.76675 0.51943
0.76700 0.51990
0.76725 0.53336
0.76750 0.52699
0.76775 0.55420
0.76800 0.51949
0.76825 0.51705
0.76850 0.53741
0.76875 0.53583
0.76900 0.53444
0.76925 0.52341
0.76950 0.53497
0.76975 0.52981
0.77000 0.51142
0.77025 0.51918
0.77050 0.51225
0.77075 0.51395
0.77100 0.53606
0.77125 0.52333
0.77150 0.51575
0.77175 0.52062
0.77200 0.53389
0.77225 0.52818
0.77250 0.52457
0.77275 0.52706
0.77300 0.52757
0.77325 0.52004
0.77350 0.52156
0.77375 0.52053
0.77400 0.52233
0.77425 0.52860
0.77450 0.53758
0.77475 0.53152
0.77500 0.53597
0.77525 0.52273
0.77550 0.53826
0.77575 0.52898
0.77600 0.53626
0.77625 0.52619
0.77650 0.53071
0.77675 0.54497
0.77700 0.54549
0.77725 0.53891
0.77750 0.56023
0.77775 0.54274
0.77800 0.55470
0.77825 0.54129
0.77850 0.53735
0.77875 0.53464
0.77900 0.52747
0.77925 0.52554
0.77950 0.53599
0.77975 0.53203
0.78000 0.53045
0.78025 0.53041
0.78050 0.52509
0.78075 0.52168
0.78100 0.52302
0.78125 0.52311
0.78150 0.53868
0.78175 0.53290
0.78200 0.52573
0.78225 0.53454
0.78250 0.52676
0.78275 0.53020
0.78300 0.53792
0.78325 0.51645
0.78350 0.52847
0.78375 0.52038
0.78400 0.52809
0.78425 0.52633
0.78450 0.53442
0.78475 0.52663
0.78500 0.52730
0.78525 0.53675
0.78550 0.52852
0.78575 0.53520
0.78600 0.53106
0.78625 0.53635
0.78650 0.54565
0.78675 0.54262
0.78700 0.55106
0.78725 0.56029
0.78750 0.54606
0.78775 0.54650
0.78800 0.54313
0.78825 0.54255
0.78850 0.53613
0.78875 0.53600
0.78900 0.53052
0.78925 0.53916
0.78950 0.52692
0.78975 0.52079
0.79000 0.52680
0.79025 0.51357
0.79050 0.53364
0.79075 0.52823
0.79100 0.53681
0.79125 0.52057
0.79150 0.52478
0.79175 0.52917
0.79200 0.51633
0.79225 0.53409
0.79250 0.52777
0.79275 0.52386
0.79300 0.52105
0.79325 0.51704
0.79350 0.52722
0.79375 0.53081
0.79400 0.52673
0.79425 0.52742
0.79450 0.53473
0.79475 0.53074
0.79500 0.54003
0.79525 0.54940
0.79550 0.52781
0.79575 0.54346
0.79600 0.52592
0.79625 0.53574
0.79650 0.54787
0.79675 0.53699
0.79700 0.52702
0.79725 0.54424
0.79750 0.54061
0.79775 0.52957
0.79800 0.53194
0.79825 0.54585
0.79850 0.54896
0.79875 0.54347
0.79900 0.54168
0.79925 0.54799
0.79950 0.54132
0.79975 0.54329
0.80000 0.54132
0.80025 0.53516
0.80050 0.53915
0.80075 0.53977
0.80100 0.54956
0.80125 0.53389
0.80150 0.52721
0.80175 0.52638
0.80200 0.53149
0.80225 0.53574
0.80250 0.55460
0.80275 0.53485
0.80300 0.56189
0.80325 0.54231
0.80350 0.54160
0.80375 0.54718
0.80400 0.54290
0.80425 0.54815
0.80450 0.55566
0.80475 0.55890
0.80500 0.55153
0.80525 0.55481
0.80550 0.55292
0.80575 0.55896
0.80600 0.55297
0.80625 0.55548
0.80650 0.54861
0.80675 0.56146
0.80700 0.55749
0.80725 0.56632
0.80750 0.56034
0.80775 0.55310
0.80800 0.55945
0.80825 0.55243
0.80850 0.56433
0.80875 0.55330
0.80900 0.56045
0.80925 0.56371
0.80950 0.55812
0.80975 0.55756
0.81000 0.55915
0.81025 0.55424
0.81050 0.54897
0.81075 0.55263
0.81100 0.54973
0.81125 0.55627
0.81150 0.55597
0.81175 0.56008
0.81200 0.54674
0.81225 0.55079
0.81250 0.55022
0.81275 0.54765
0.81300 0.55020
0.81325 0.54793
0.81350 0.53802
0.81375 0.55145
0.81400 0.54454
0.81425 0.54245
0.81450 0.54944
0.81475 0.54324
0.81500 0.55406
0.81525 0.54601
0.81550 0.54910
0.81575 0.53659
0.81600 0.54004
0.81625 0.55461
0.81650 0.54760
0.81675 0.55220
0.81700 0.54762
0.81725 0.54014
0.81750 0.55002
0.81775 0.54673
0.81800 0.54129
0.81825 0.54492
0.81850 0.54474
0.81875 0.55323
0.81900 0.55820
0.81925 0.55972
0.81950 0.55686
0.81975 0.56658
0.82000 0.55831
0.82025 0.55509
0.82050 0.56356
0.82075 0.56433
0.82100 0.57663
0.82125 0.57177
0.82150 0.58559
0.82175 0.55750
0.82200 0.56012
0.82225 0.56059
0.82250 0.55725
0.82275 0.55214
0.82300 0.57041
0.82325 0.55926
0.82350 0.56900
0.82375 0.55849
0.82400 0.58200
0.82425 0.55029
0.82450 0.55848
0.82475 0.56259
0.82500 0.54153
0.82525 0.55602
0.82550 0.55463
0.82575 0.55332
0.82600 0.54680
0.82625 0.55337
0.82650 0.55068
0.82675 0.55100
0.82700 0.55522
0.82725 0.55783
0.82750 0.56848
0.82775 0.55338
0.82800 0.55897
0.82825 0.55270
0.82850 0.54713
0.82875 0.55046
0.82900 0.55626
0.82925 0.55913
0.82950 0.57409
0.82975 0.57513
0.83000 0.55837
0.83025 0.57162
0.83050 0.56840
0.83075 0.55610
0.83100 0.57141
0.83125 0.56390
0.83150 0.56611
0.83175 0.56049
0.83200 0.55786
0.83225 0.55992
0.83250 0.55868
0.83275 0.55947
0.83300 0.55937
0.83325 0.54861
0.83350 0.55936
0.83375 0.55467
0.83400 0.55912
0.83425 0.56135
0.83450 0.56038
0.83475 0.55328
0.83500 0.55388
0.83525 0.55984
0.83550 0.55282
0.83575 0.56260
0.83600 0.55123
0.83625 0.55641
0.83650 0.56498
0.83675 0.56126
0.83700 0.55005
0.83725 0.54998
0.83750 0.56022
0.83775 0.54989
0.83800 0.55418
0.83825 0.55727
0.83850 0.55473
0.83875 0.56375
0.83900 0.56329
0.83925 0.56815
0.83950 0.57665
0.83975 0.58416
0.84000 0.57035
0.84025 0.56251
0.84050 0.56691
0.84075 0.57004
0.84100 0.56568
0.84125 0.56519
0.84150 0.56106
0.84175 0.56205
0.84200 0.55524
0.84225 0.56375
0.84250 0.57203
0.84275 0.57285
0.84300 0.56650
0.84325 0.55340
0.84350 0.55780
0.84375 0.55926
0.84400 0.55221
0.84425 0.56064
0.84450 0.55898
0.84475 0.55507
0.84500 0.57026
0.84525 0.57385
0.84550 0.58142
0.84575 0.56489
0.84600 0.55802
0.84625 0.55997
0.84650 0.55290
0.84675 0.56116
0.84700 0.57583
0.84725 0.57039
0.84750 0.56037
0.84775 0.56586
0.84800 0.56400
0.84825 0.56320
0.84850 0.56522
0.84875 0.57047
0.84900 0.56644
0.84925 0.57428
0.84950 0.57226
0.84975 0.56369
0.85000 0.57494
0.85025 0.56233
0.85050 0.57452
0.85075 0.56204
0.85100 0.57918
0.85125 0.55612
0.85150 0.58172
0.85175 0.58886
0.85200 0.57828
0.85225 0.57703
0.85250 0.59297
0.85275 0.59212
0.85300 0.57530
0.85325 0.58369
0.85350 0.58068
0.85375 0.58620
0.85400 0.57669
0.85425 0.58440
0.85450 0.58506
0.85475 0.58234
0.85500 0.58153
0.85525 0.58391
0.85550 0.58295
0.85575 0.58812
0.85600 0.60846
0.85625 0.59926
0.85650 0.57647
0.85675 0.58703
0.85700 0.59178
0.85725 0.58908
0.85750 0.57534
0.85775 0.58774
0.85800 0.57233
0.85825 0.56993
0.85850 0.56966
0.85875 0.57495
0.85900 0.59134
0.85925 0.63610
0.85950 0.58277
0.85975 0.58848
0.86000 0.57978
0.86025 0.57438
0.86050 0.56899
0.86075 0.56420
0.86100 0.56409
0.86125 0.57435
0.86150 0.56396
0.86175 0.55676
0.86200 0.55791
0.86225 0.56045
0.86250 0.55994
0.86275 0.55192
0.86300 0.56638
0.86325 0.56524
0.86350 0.56554
0.86375 0.56086
0.86400 0.56860
0.86425 0.55740
0.86450 0.55704
0.86475 0.55960
0.86500 0.56354
0.86525 0.56638
0.86550 0.56888
0.86575 0.56886
0.86600 0.56119
0.86625 0.57674
0.86650 0.57397
0.86675 0.56590
0.86700 0.56797
0.86725 0.56696
0.86750 0.57481
0.86775 0.57379
0.86800 0.59401
0.86825 0.59111
0.86850 0.58080
0.86875 0.58814
0.86900 0.59532
0.86925 0.58819
0.86950 0.60504
0.86975 0.58606
0.87000 0.57483
0.87025 0.58119
0.87050 0.58101
0.87075 0.57547
0.87100 0.57727
0.87125 0.58359
0.87150 0.58165
0.87175 0.57916
0.87200 0.59497
0.87225 0.58752
0.87250 0.58748
0.87275 0.58449
0.87300 0.57267
0.87325 0.57583
0.87350 0.58431
0.87375 0.57903
0.87400 0.57910
0.87425 0.57674
0.87450 0.56714
0.87475 0.58234
0.87500 0.58211
0.87525 0.58754
0.87550 0.57800
0.87575 0.59355
0.87600 0.59273
0.87625 0.58697
0.87650 0.58789
0.87675 0.59080
0.87700 0.58544
0.87725 0.58397
0.87750 0.57900
0.87775 0.58376
0.87800 0.57514
0.87825 0.57398
0.87850 0.57196
0.87875 0.58461
0.87900 0.57796
0.87925 0.58218
0.87950 0.58756
0.87975 0.57519
0.88000 0.58723
0.88025 0.57950
0.88050 0.59312
0.88075 0.60367
0.88100 0.60081
0.88125 0.59989
0.88150 0.58759
0.88175 0.61532
0.88200 0.61117
0.88225 0.62097
0.88250 0.59748
0.88275 0.60456
0.88300 0.61689
0.88325 0.64019
0.88350 0.62287
0.88375 0.61464
0.88400 0.63883
0.88425 0.61867
0.88450 0.62344
0.88475 0.59889
0.88500 0.60357
0.88525 0.61320
0.88550 0.60439
0.88575 0.59139
0.88600 0.60461
0.88625 0.59347
0.88650 0.61200
0.88675 0.59693
0.88700 0.59191
0.88725 0.59999
0.88750 0.60541
0.88775 0.59572
0.88800 0.61008
0.88825 0.61563
0.88850 0.64821
0.88875 0.62530
0.88900 0.62990
0.88925 0.61888
0.88950 0.60969
0.88975 0.63213
0.89000 0.61473
0.89025 0.61531
0.89050 0.61188
0.89075 0.63920
0.89100 0.64194
0.89125 0.62904
0.89150 0.60675
0.89175 0.59965
0.89200 0.60133
0.89225 0.61013
0.89250 0.59647
0.89275 0.60941
0.89300 0.62371
0.89325 0.60430
0.89350 0.61282
0.89375 0.62169
0.89400 0.60584
0.89425 0.61691
0.89450 0.61481
0.89475 0.61910
0.89500 0.60009
0.89525 0.61733
0.89550 0.61555
0.89575 0.62438
0.89600 0.62633
0.89625 0.61287
0.89650 0.63010
0.89675 0.64933
0.89700 0.62807
0.89725 0.63572
0.89750 0.62876
0.89775 0.63552
0.89800 0.62050
0.89825 0.61843
0.89850 0.60826
0.89875 0.60440
0.89900 0.60590
0.89925 0.59449
0.89950 0.59354
0.89975 0.60028
0.90000 0.58424
0.90025 0.60407
0.90050 0.60809
0.90075 0.59643
0.90100 0.61792
0.90125 0.60890
0.90150 0.61257
0.90175 0.61819
0.90200 0.61050
0.90225 0.62046
0.90250 0.64832
0.90275 0.60497
0.90300 0.61791
0.90325 0.61102
0.90350 0.60072
0.90375 0.61182
0.90400 0.60750
0.90425 0.60870
0.90450 0.62496
0.90475 0.62218
0.90500 0.61061
0.90525 0.61317
0.90550 0.60881
0.90575 0.59710
0.90600 0.60189
0.90625 0.61510
0.90650 0.59031
0.90675 0.61412
0.90700 0.59258
0.90725 0.59575
0.90750 0.59584
0.90775 0.60499
0.90800 0.60694
0.90825 0.59846
0.90850 0.59637
0.90875 0.60250
0.90900 0.60120
0.90925 0.59556
0.90950 0.58672
0.90975 0.59668
0.91000 0.60562
0.91025 0.60502
0.91050 0.60974
0.91075 0.60383
0.91100 0.59172
0.91125 0.60357
0.91150 0.60251
0.91175 0.59139
0.91200 0.59677
0.91225 0.60544
0.91250 0.59741
0.91275 0.59618
0.91300 0.59011
0.91325 0.59132
0.91350 0.57888
0.91375 0.59564
0.91400 0.58185
0.91425 0.60453
0.91450 0.61510
0.91475 0.59825
0.91500 0.60201
0.91525 0.58658
0.91550 0.58823
0.91575 0.59990
0.91600 0.60122
0.91625 0.58718
0.91650 0.58048
0.91675 0.56914
0.91700 0.57251
0.91725 0.57485
0.91750 0.56711
0.91775 0.56873
0.91800 0.57370
0.91825 0.57573
0.91850 0.57397
0.91875 0.56853
0.91900 0.57142
0.91925 0.58100
0.91950 0.58384
0.91975 0.58474
0.92000 0.58049
0.92025 0.57306
0.92050 0.61461
0.92075 0.59551
0.92100 0.58782
0.92125 0.58653
0.92150 0.58659
0.92175 0.57289
0.92200 0.57893
0.92225 0.56732
0.92250 0.58219
0.92275 0.57699
0.92300 0.59327
0.92325 0.60789
0.92350 0.58387
0.92375 0.58558
0.92400 0.59343
0.92425 0.58403
0.92450 0.58229
0.92475 0.57426
0.92500 0.57892
0.92525 0.58033
0.92550 0.57851
0.92575 0.58311
0.92600 0.59822
0.92625 0.60010
0.92650 0.58775
0.92675 0.58577
0.92700 0.59841
0.92725 0.59771
0.92750 0.59755
0.92775 0.61401
0.92800 0.57918
0.92825 0.58920
0.92850 0.58191
0.92875 0.59329
0.92900 0.60068
0.92925 0.57972
0.92950 0.59967
0.92975 0.59155
0.93000 0.59195
0.93025 0.58310
0.93050 0.58890
0.93075 0.59189
0.93100 0.59111
0.93125 0.59478
0.93150 0.59750
0.93175 0.59381
0.93200 0.59524
0.93225 0.59198
0.93250 0.61635
0.93275 0.59800
0.93300 0.58758
0.93325 0.59412
0.93350 0.60383
0.93375 0.59808
0.93400 0.58609
0.93425 0.60585
0.93450 0.60594
0.93475 0.60576
0.93500 0.59860
0.93525 0.61171
0.93550 0.61436
0.93575 0.59619
0.93600 0.59175
0.93625 0.59785
0.93650 0.60485
0.93675 0.60891
0.93700 0.63504
0.93725 0.62102
0.93750 0.64205
0.93775 0.61561
0.93800 0.63920
0.93825 0.63018
0.93850 0.64121
0.93875 0.66361
0.93900 0.63336
0.93925 0.63553
0.93950 0.65833
0.93975 0.62544
0.94000 0.61969
0.94025 0.60678
0.94050 0.61499
0.94075 0.60567
0.94100 0.60751
0.94125 0.61532
0.94150 0.61620
0.94175 0.62830
0.94200 0.63583
0.94225 0.61876
0.94250 0.61696
0.94275 0.61530
0.94300 0.61892
0.94325 0.62751
0.94350 0.63181
0.94375 0.61132
0.94400 0.60732
0.94425 0.59565
0.94450 0.60309
0.94475 0.61348
0.94500 0.59589
0.94525 0.62896
0.94550 0.61472
0.94575 0.64882
0.94600 0.63322
0.94625 0.62124
0.94650 0.62400
0.94675 0.61252
0.94700 0.61967
0.94725 0.60803
0.94750 0.62282
0.94775 0.60455
0.94800 0.60247
0.94825 0.59743
0.94850 0.60353
0.94875 0.60672
0.94900 0.61753
0.94925 0.60699
0.94950 0.60043
0.94975 0.59500
0.95000 0.60409
0.95025 0.59117
0.95050 0.59261
0.95075 0.58002
0.95100 0.60432
0.95125 0.60739
0.95150 0.59082
0.95175 0.59121
0.95200 0.59391
0.95225 0.59477
0.95250 0.59274
0.95275 0.60365
0.95300 0.60717
0.95325 0.63806
0.95350 0.64363
0.95375 0.61468
0.95400 0.60106
0.95425 0.60931
0.95450 0.60152
0.95475 0.60907
0.95500 0.61761
0.95525 0.59538
0.95550 0.59699
0.95575 0.61014
0.95600 0.59874
0.95625 0.60780
0.95650 0.59496
0.95675 0.59093
0.95700 0.59524
0.95725 0.61168
0.95750 0.59196
0.95775 0.60341
0.95800 0.58733
0.95825 0.58584
0.95850 0.59127
0.95875 0.59108
0.95900 0.59055
0.95925 0.60242
0.95950 0.59747
0.95975 0.59400
0.96000 0.59697
0.96025 0.62360
0.96050 0.59173
0.96075 0.59293
0.96100 0.60073
0.96125 0.60321
0.96150 0.59827
0.96175 0.60103
0.96200 0.59244
0.96225 0.60824
0.96250 0.59806
0.96275 0.59969
0.96300 0.60802
0.96325 0.60151
0.96350 0.60653
0.96375 0.61020
0.96400 0.60529
0.96425 0.60138
0.96450 0.60548
0.96475 0.60509
0.96500 0.60636
0.96525 0.60809
0.96550 0.59736
0.96575 0.59875
0.96600 0.59987
0.96625 0.61138
0.96650 0.59963
0.96675 0.59835
0.96700 0.58765
0.96725 0.60615
0.96750 0.60531
0.96775 0.60844
0.96800 0.61173
0.96825 0.62122
0.96850 0.60855
0.96875 0.60998
0.96900 0.61835
0.96925 0.62544
0.96950 0.65100
0.96975 0.62991
0.97000 0.62219
0.97025 0.66499
0.97050 0.64159
0.97075 0.62015
0.97100 0.61342
0.97125 0.60664
0.97150 0.61098
0.97175 0.61198
0.97200 0.61307
0.97225 0.61062
0.97250 0.61852
0.97275 0.61761
0.97300 0.63484
0.97325 0.64404
0.97350 0.63569
0.97375 0.62295
0.97400 0.63651
0.97425 0.62702
0.97450 0.62591
0.97475 0.63362
0.97500 0.62972
0.97525 0.63156
0.97550 0.65019
0.97575 0.65409
0.97600 0.66849
0.97625 0.64807
0.97650 0.65374
0.97675 0.65289
0.97700 0.68670
0.97725 0.64938
0.97750 0.65958
0.97775 0.65163
0.97800 0.65036
0.97825 0.62919
0.97850 0.64098
0.97875 0.63977
0.97900 0.63277
0.97925 0.64061
0.97950 0.64706
0.97975 0.66082
0.98000 0.63496
0.98025 0.63559
0.98050 0.64788
0.98075 0.63722
0.98100 0.68881
0.98125 0.62533
0.98150 0.63324
0.98175 0.61632
0.98200 0.61040
0.98225 0.60992
0.98250 0.61800
0.98275 0.62368
0.98300 0.63598
0.98325 0.61741
0.98350 0.62102
0.98375 0.62123
0.98400 0.61536
0.98425 0.62549
0.98450 0.61381
0.98475 0.62175
0.98500 0.61612
0.98525 0.61619
0.98550 0.62600
0.98575 0.62497
0.98600 0.63747
0.98625 0.63317
0.98650 0.64360
0.98675 0.64415
0.98700 0.64705
0.98725 0.61947
0.98750 0.62045
0.98775 0.62100
0.98800 0.60685
0.98825 0.61602
0.98850 0.61213
0.98875 0.62001
0.98900 0.62337
0.98925 0.62444
0.98950 0.62616
0.98975 0.64106
0.99000 0.62646
0.99025 0.61433
0.99050 0.61820
0.99075 0.60827
0.99100 0.62380
0.99125 0.60729
0.99150 0.61816
0.99175 0.61906
0.99200 0.62634
0.99225 0.62343
0.99250 0.63726
0.99275 0.61058
0.99300 0.62311
0.99325 0.62417
0.99350 0.61480
0.99375 0.61743
0.99400 0.61432
0.99425 0.61955
0.99450 0.61842
0.99475 0.61434
0.99500 0.62254
0.99525 0.62287
0.99550 0.62518
0.99575 0.61191
0.99600 0.62539
0.99625 0.62940
0.99650 0.63585
0.99675 0.62892
0.99700 0.62183
0.99725 0.62714
0.99750 0.62753
0.99775 0.62194
0.99800 0.61868
0.99825 0.60742
0.99850 0.61717
0.99875 0.62767
0.99900 0.62128
0.99925 0.62503
0.99950 0.62926
0.99975 0.62997
1.00000 0.63442
1.00025 0.64343
1.00050 0.63390
1.00075 0.64312
1.00100 0.64099
1.00125 0.64868
1.00150 0.64673
1.00175 0.63941
1.00200 0.64030
1.00225 0.63373
1.00250 0.63374
1.00275 0.64407
1.00300 0.63927
1.00325 0.63066
1.00350 0.62495
1.00375 0.64730
1.00400 0.63109
1.00425 0.62557
1.00450 0.62884
1.00475 0.63501
1.00500 0.61191
1.00525 0.61910
1.00550 0.62307
1.00575 0.63080
1.00600 0.62218
1.00625 0.61205
1.00650 0.62603
1.00675 0.61988
1.00700 0.60726
1.00725 0.61534
1.00750 0.61195
1.00775 0.62335
1.00800 0.62991
1.00825 0.62585
1.00850 0.64045
1.00875 0.63263
1.00900 0.64532
1.00925 0.64112
1.00950 0.62718
1.00975 0.62655
1.01000 0.62592
1.01025 0.61921
1.01050 0.63493
1.01075 0.63093
1.01100 0.63738
1.01125 0.62105
1.01150 0.61676
1.01175 0.61097
1.01200 0.62879
1.01225 0.62351
1.01250 0.63256
1.01275 0.62483
1.01300 0.64326
1.01325 0.63101
1.01350 0.63193
1.01375 0.64649
1.01400 0.63536
1.01425 0.63199
1.01450 0.62908
1.01475 0.62160
1.01500 0.61118
1.01525 0.62610
1.01550 0.62233
1.01575 0.61660
1.01600 0.62973
1.01625 0.63074
1.01650 0.64286
1.01675 0.64814
1.01700 0.63951
1.01725 0.63255
1.01750 0.63374
1.01775 0.64946
1.01800 0.65350
1.01825 0.65614
1.01850 0.63696
1.01875 0.64093
1.01900 0.63469
1.01925 0.63242
1.01950 0.61574
1.01975 0.61711
1.02000 0.63202
1.02025 0.63310
1.02050 0.63302
1.02075 0.64032
1.02100 0.66034
1.02125 0.60799
1.02150 0.61059
1.02175 0.61138
1.02200 0.62503
1.02225 0.60626
1.02250 0.60318
1.02275 0.61655
1.02300 0.61494
1.02325 0.61057
1.02350 0.60599
1.02375 0.59976
1.02400 0.59316
1.02425 0.59707
1.02450 0.62213
1.02475 0.60400
1.02500 0.60918
1.02525 0.59687
1.02550 0.59992
1.02575 0.61265
1.02600 0.58807
1.02625 0.61151
1.02650 0.58905
1.02675 0.58166
1.02700 0.58495
1.02725 0.59640
1.02750 0.58567
1.02775 0.58746
1.02800 0.59271
1.02825 0.59355
1.02850 0.58765
1.02875 0.58911
1.02900 0.59807
1.02925 0.59229
1.02950 0.59063
1.02975 0.60218
1.03000 0.60475
1.03025 0.61570
1.03050 0.60642
1.03075 0.61380
1.03100 0.61705
1.03125 0.60506
1.03150 0.59901
1.03175 0.59977
1.03200 0.61460
1.03225 0.59766
1.03250 0.60885
1.03275 0.63089
1.03300 0.63780
1.03325 0.60388
1.03350 0.59829
1.03375 0.60412
1.03400 0.61116
1.03425 0.60081
1.03450 0.60166
1.03475 0.59043
1.03500 0.58561
1.03525 0.59705
1.03550 0.58592
1.03575 0.58206
1.03600 0.58081
1.03625 0.58283
1.03650 0.59064
1.03675 0.59223
1.03700 0.58889
1.03725 0.60438
1.03750 0.60107
1.03775 0.59019
1.03800 0.58767
1.03825 0.59994
1.03850 0.59164
1.03875 0.59157
1.03900 0.60962
1.03925 0.59290
1.03950 0.59545
1.03975 0.57796
1.04000 0.57844
1.04025 0.58887
1.04050 0.59539
1.04075 0.57523
1.04100 0.59777
1.04125 0.59991
1.04150 0.59457
1.04175 0.58913
1.04200 0.59994
1.04225 0.59916
1.04250 0.59559
1.04275 0.59120
1.04300 0.58868
1.04325 0.59403
1.04350 0.59020
1.04375 0.60723
1.04400 0.61166
1.04425 0.60024
1.04450 0.59573
1.04475 0.58942
1.04500 0.59263
1.04525 0.60039
1.04550 0.60456
1.04575 0.59094
1.04600 0.58700
1.04625 0.60396
1.04650 0.59573
1.04675 0.59243
1.04700 0.59204
1.04725 0.61947
1.04750 0.59316
1.04775 0.59880
1.04800 0.58020
1.04825 0.60727
1.04850 0.57871
1.04875 0.59202
1.04900 0.59267
1.04925 0.60122
1.04950 0.60420
1.04975 0.59226
1.05000 0.60541
1.05025 0.60508
1.05050 0.59621
1.05075 0.62370
1.05100 0.61275
1.05125 0.60368
1.05150 0.60314
1.05175 0.61337
1.05200 0.62665
1.05225 0.65473
1.05250 0.67580
1.05275 0.63233
1.05300 0.59761
1.05325 0.60600
1.05350 0.60025
1.05375 0.61875
1.05400 0.60333
1.05425 0.60860
1.05450 0.60468
1.05475 0.59229
1.05500 0.59580
1.05525 0.60296
1.05550 0.63008
1.05575 0.62689
1.05600 0.62086
1.05625 0.60181
1.05650 0.61240
1.05675 0.60320
1.05700 0.62030
1.05725 0.61175
1.05750 0.60884
1.05775 0.59368
1.05800 0.59634
1.05825 0.62202
1.05850 0.64141
1.05875 0.62485
1.05900 0.61721
1.05925 0.61688
1.05950 0.59256
1.05975 0.60318
1.06000 0.59231
1.06025 0.58425
1.06050 0.58735
1.06075 0.59483
1.06100 0.58771
1.06125 0.59180
1.06150 0.59880
1.06175 0.60235
1.06200 0.58383
1.06225 0.57978
1.06250 0.58188
1.06275 0.57701
1.06300 0.56760
1.06325 0.58355
1.06350 0.57843
1.06375 0.58568
1.06400 0.57720
1.06425 0.59188
1.06450 0.57724
1.06475 0.58838
1.06500 0.56718
1.06525 0.57819
1.06550 0.58360
1.06575 0.57593
1.06600 0.57872
1.06625 0.57400
1.06650 0.58363
1.06675 0.58066
1.06700 0.58253
1.06725 0.56400
1.06750 0.57923
1.06775 0.57412
1.06800 0.57083
1.06825 0.56823
1.06850 0.57176
1.06875 0.59615
1.06900 0.58742
1.06925 0.58249
1.06950 0.59002
1.06975 0.59091
1.07000 0.58773
1.07025 0.58929
1.07050 0.58787
1.07075 0.58306
1.07100 0.57595
1.07125 0.57792
1.07150 0.57668
1.07175 0.58578
1.07200 0.58427
1.07225 0.57575
1.07250 0.58500
1.07275 0.57803
1.07300 0.59801
1.07325 0.58488
1.07350 0.57946
1.07375 0.58581
1.07400 0.58997
1.07425 0.58183
1.07450 0.57692
1.07475 0.57423
1.07500 0.57655
1.07525 0.56972
1.07550 0.57077
1.07575 0.57254
1.07600 0.57104
1.07625 0.57458
1.07650 0.57431
1.07675 0.56794
1.07700 0.57776
1.07725 0.58382
1.07750 0.57508
1.07775 0.58682
1.07800 0.57937
1.07825 0.57775
1.07850 0.58033
1.07875 0.57969
1.07900 0.56627
1.07925 0.57496
1.07950 0.56707
1.07975 0.58920
1.08000 0.57183
1.08025 0.57160
1.08050 0.56484
1.08075 0.56958
1.08100 0.56852
1.08125 0.57595
1.08150 0.57647
1.08175 0.57570
1.08200 0.57664
1.08225 0.56539
1.08250 0.58677
1.08275 0.56574
1.08300 0.56585
1.08325 0.57132
1.08350 0.57712
1.08375 0.55928
1.08400 0.56176
1.08425 0.56934
1.08450 0.56632
1.08475 0.56974
1.08500 0.57164
1.08525 0.57580
1.08550 0.56112
1.08575 0.56455
1.08600 0.56638
1.08625 0.56158
1.08650 0.56142
1.08675 0.55887
1.08700 0.55083
1.08725 0.57452
1.08750 0.55181
1.08775 0.57108
1.08800 0.55704
1.08825 0.56312
1.08850 0.55692
1.08875 0.55337
1.08900 0.55751
1.08925 0.55788
1.08950 0.56734
1.08975 0.56683
1.09000 0.57077
1.09025 0.57780
1.09050 0.57852
1.09075 0.57743
1.09100 0.56928
1.09125 0.56038
1.09150 0.57041
1.09175 0.57097
1.09200 0.58044
1.09225 0.56408
1.09250 0.55996
1.09275 0.55792
1.09300 0.55855
1.09325 0.56548
1.09350 0.56588
1.09375 0.55126
1.09400 0.56845
1.09425 0.56981
1.09450 0.55834
1.09475 0.56130
1.09500 0.56846
1.09525 0.55369
1.09550 0.57619
1.09575 0.57323
1.09600 0.55706
1.09625 0.56982
1.09650 0.56082
1.09675 0.57221
1.09700 0.57343
1.09725 0.56515
1.09750 0.57270
1.09775 0.55975
1.09800 0.56495
1.09825 0.55475
1.09850 0.55754
1.09875 0.55850
1.09900 0.56330
1.09925 0.56746
1.09950 0.56234
1.09975 0.53660
1.10000 0.55648
1.10025 0.54676
1.10050 0.55694
1.10075 0.54354
1.10100 0.56572
1.10125 0.55018
1.10150 0.54277
1.10175 0.54856
1.10200 0.54133
1.10225 0.53674
1.10250 0.55562
1.10275 0.54742
1.10300 0.55688
1.10325 0.54216
1.10350 0.54680
1.10375 0.54309
1.10400 0.54392
1.10425 0.53695
1.10450 0.53719
1.10475 0.54158
1.10500 0.53531
1.10525 0.54169
1.10550 0.54209
1.10575 0.54706
1.10600 0.53440
1.10625 0.54869
1.10650 0.53808
1.10675 0.54432
1.10700 0.53282
1.10725 0.54188
1.10750 0.53817
1.10775 0.53518
1.10800 0.52867
1.10825 0.54051
1.10850 0.53660
1.10875 0.52627
1.10900 0.52462
1.10925 0.53703
1.10950 0.54462
1.10975 0.54117
1.11000 0.54907
1.11025 0.53357
1.11050 0.56379
1.11075 0.53210
1.11100 0.56505
1.11125 0.54199
1.11150 0.52553
1.11175 0.52415
1.11200 0.53446
1.11225 0.53148
1.11250 0.53873
1.11275 0.53994
1.11300 0.53648
1.11325 0.52921
1.11350 0.53702
1.11375 0.52730
1.11400 0.52162
1.11425 0.53986
1.11450 0.53905
1.11475 0.53161
1.11500 0.52916
1.11525 0.54608
1.11550 0.52648
1.11575 0.52509
1.11600 0.52735
1.11625 0.53506
1.11650 0.53045
1.11675 0.53114
1.11700 0.53643
1.11725 0.52056
1.11750 0.50648
1.11775 0.52005
1.11800 0.51479
1.11825 0.51605
1.11850 0.50622
1.11875 0.51770
1.11900 0.52404
1.11925 0.51944
1.11950 0.51287
1.11975 0.53373
1.12000 0.52435
1.12025 0.53253
1.12050 0.51466
1.12075 0.55046
1.12100 0.52100
1.12125 0.51040
1.12150 0.51179
1.12175 0.51863
1.12200 0.50790
1.12225 0.50294
1.12250 0.52415
1.12275 0.50833
1.12300 0.50653
1.12325 0.50391
1.12350 0.51144
1.12375 0.51261
1.12400 0.51315
1.12425 0.52699
1.12450 0.51704
1.12475 0.51207
1.12500 0.51963
1.12525 0.52957
1.12550 0.52594
1.12575 0.52645
1.12600 0.53492
1.12625 0.52051
1.12650 0.52298
1.12675 0.51813
1.12700 0.51595
1.12725 0.50423
1.12750 0.50189
1.12775 0.49556
1.12800 0.50102
1.12825 0.51616
1.12850 0.51619
1.12875 0.51979
1.12900 0.50560
1.12925 0.50391
1.12950 0.50987
1.12975 0.50380
1.13000 0.51869
1.13025 0.50479
1.13050 0.50369
1.13075 0.49054
1.13100 0.51231
1.13125 0.49786
1.13150 0.51860
1.13175 0.50237
1.13200 0.48797
1.13225 0.48851
1.13250 0.48407
1.13275 0.48480
1.13300 0.48085
1.13325 0.47448
1.13350 0.48851
1.13375 0.48994
1.13400 0.48107
1.13425 0.49298
1.13450 0.48716
1.13475 0.48638
1.13500 0.49339
1.13525 0.49094
1.13550 0.49132
1.13575 0.48654
1.13600 0.47606
1.13625 0.48766
1.13650 0.48402
1.13675 0.49267
1.13700 0.49210
1.13725 0.49027
1.13750 0.49450
1.13775 0.48392
1.13800 0.48191
1.13825 0.48902
1.13850 0.48844
1.13875 0.48392
1.13900 0.48128
1.13925 0.48318
1.13950 0.47776
1.13975 0.47551
1.14000 0.48159
1.14025 0.47468
1.14050 0.48671
1.14075 0.48178
1.14100 0.46862
1.14125 0.47930
1.14150 0.47683
1.14175 0.47473
1.14200 0.46808
1.14225 0.47005
1.14250 0.47492
1.14275 0.46325
1.14300 0.45979
1.14325 0.48018
1.14350 0.46146
1.14375 0.45874
1.14400 0.46264
1.14425 0.46032
1.14450 0.45821
1.14475 0.45194
1.14500 0.45375
1.14525 0.45037
1.14550 0.46108
1.14575 0.46642
1.14600 0.45120
1.14625 0.47827
1.14650 0.44855
1.14675 0.45159
1.14700 0.44616
1.14725 0.46283
1.14750 0.46316
1.14775 0.44358
1.14800 0.45728
1.14825 0.44872
1.14850 0.46165
1.14875 0.45499
1.14900 0.44605
1.14925 0.44560
1.14950 0.44813
1.14975 0.45172
1.15000 0.45186
1.15025 0.45212
1.15050 0.45257
1.15075 0.44653
1.15100 0.45497
1.15125 0.44721
1.15150 0.45425
1.15175 0.44530
1.15200 0.45291
1.15225 0.45366
1.15250 0.45287
1.15275 0.45310
1.15300 0.45716
1.15325 0.46359
1.15350 0.46086
1.15375 0.45348
1.15400 0.45803
1.15425 0.46339
1.15450 0.45427
1.15475 0.45107
1.15500 0.44994
1.15525 0.45677
1.15550 0.46330
1.15575 0.46454
1.15600 0.45792
1.15625 0.45950
1.15650 0.46494
1.15675 0.46939
1.15700 0.46606
1.15725 0.45505
1.15750 0.45928
1.15775 0.45315
1.15800 0.45552
1.15825 0.44843
1.15850 0.45524
1.15875 0.44708
1.15900 0.45637
1.15925 0.45410
1.15950 0.45217
1.15975 0.44339
1.16000 0.43744
1.16025 0.44303
1.16050 0.44923
1.16075 0.45797
1.16100 0.45123
1.16125 0.45036
1.16150 0.42744
1.16175 0.42522
1.16200 0.42535
1.16225 0.43517
1.16250 0.43649
1.16275 0.43470
1.16300 0.43919
1.16325 0.42586
1.16350 0.43437
1.16375 0.42979
1.16400 0.43048
1.16425 0.44087
1.16450 0.43343
1.16475 0.43689
1.16500 0.44147
1.16525 0.44152
1.16550 0.44278
1.16575 0.43576
1.16600 0.45474
1.16625 0.45497
1.16650 0.47918
1.16675 0.43843
1.16700 0.43621
1.16725 0.43878
1.16750 0.43300
1.16775 0.43744
1.16800 0.43831
1.16825 0.42450
1.16850 0.43682
1.16875 0.42929
1.16900 0.44754
1.16925 0.43379
1.16950 0.43727
1.16975 0.45386
1.17000 0.44386
1.17025 0.44033
1.17050 0.43535
1.17075 0.44139
1.17100 0.43829
1.17125 0.42618
1.17150 0.43690
1.17175 0.43412
1.17200 0.43530
1.17225 0.42834
1.17250 0.42306
1.17275 0.42775
1.17300 0.41596
1.17325 0.42046
1.17350 0.42782
1.17375 0.43427
1.17400 0.43856
1.17425 0.43733
1.17450 0.43907
1.17475 0.42934
1.17500 0.42503
1.17525 0.42592
1.17550 0.41816
1.17575 0.42529
1.17600 0.41704
1.17625 0.41489
1.17650 0.41439
1.17675 0.42284
1.17700 0.41081
1.17725 0.41773
1.17750 0.41479
1.17775 0.41650
1.17800 0.41405
1.17825 0.41478
1.17850 0.43350
1.17875 0.41548
1.17900 0.41795
1.17925 0.41307
1.17950 0.40694
1.17975 0.41583
1.18000 0.42437
1.18025 0.42148
1.18050 0.41990
1.18075 0.41201
1.18100 0.42053
1.18125 0.41368
1.18150 0.41812
1.18175 0.42534
1.18200 0.41393
1.18225 0.41469
1.18250 0.41627
1.18275 0.42306
1.18300 0.41466
1.18325 0.40146
1.18350 0.41733
1.18375 0.41361
1.18400 0.41405
1.18425 0.41012
1.18450 0.42218
1.18475 0.48027
1.18500 0.41431
1.18525 0.41244
1.18550 0.42677
1.18575 0.42601
1.18600 0.40093
1.18625 0.42594
1.18650 0.42435
1.18675 0.41053
1.18700 0.41703
1.18725 0.41607
1.18750 0.42767
1.18775 0.41972
1.18800 0.40728
1.18825 0.41353
1.18850 0.39270
1.18875 0.40234
1.18900 0.39450
1.18925 0.39608
1.18950 0.39471
1.18975 0.40023
1.19000 0.39084
1.19025 0.39912
1.19050 0.40278
1.19075 0.40248
1.19100 0.40384
1.19125 0.39345
1.19150 0.40291
1.19175 0.40176
1.19200 0.38931
1.19225 0.39899
1.19250 0.41888
1.19275 0.40098
1.19300 0.39316
1.19325 0.38497
1.19350 0.38764
1.19375 0.38385
1.19400 0.39116
1.19425 0.39182
1.19450 0.38133
1.19475 0.37825
1.19500 0.37851
1.19525 0.38691
1.19550 0.37882
1.19575 0.37949
1.19600 0.37968
1.19625 0.37865
1.19650 0.37621
1.19675 0.37733
1.19700 0.37371
1.19725 0.37122
1.19750 0.37330
1.19775 0.37888
1.19800 0.37452
1.19825 0.36805
1.19850 0.37514
1.19875 0.37194
1.19900 0.37405
1.19925 0.36855
1.19950 0.36270
1.19975 0.35897
1.20000 0.36173
1.20025 0.37261
1.20050 0.37170
1.20075 0.38204
1.20100 0.37724
1.20125 0.37450
1.20150 0.37563
1.20175 0.37702
1.20200 0.37873
1.20225 0.36586
1.20250 0.36596
1.20275 0.37066
1.20300 0.37067
1.20325 0.36361
1.20350 0.37281
1.20375 0.37526
1.20400 0.37833
1.20425 0.37272
1.20450 0.37377
1.20475 0.37073
1.20500 0.36699
1.20525 0.37306
1.20550 0.38906
1.20575 0.40225
1.20600 0.38972
1.20625 0.38785
1.20650 0.40528
1.20675 0.39051
1.20700 0.37894
1.20725 0.37075
1.20750 0.36893
1.20775 0.37343
1.20800 0.36516
1.20825 0.37220
1.20850 0.36958
1.20875 0.36513
1.20900 0.37118
1.20925 0.36762
1.20950 0.37451
1.20975 0.37444
1.21000 0.36408
1.21025 0.36740
1.21050 0.36548
1.21075 0.36895
1.21100 0.37822
1.21125 0.39782
1.21150 0.41047
1.21175 0.37943
1.21200 0.40086
1.21225 0.39621
1.21250 0.42724
1.21275 0.38676
1.21300 0.38169
1.21325 0.38472
1.21350 0.38204
1.21375 0.38497
1.21400 0.39298
1.21425 0.41556
1.21450 0.44529
1.21475 0.41029
1.21500 0.41490
1.21525 0.44429
1.21550 0.40052
1.21575 0.37307
1.21600 0.38052
1.21625 0.40759
1.21650 0.38658
1.21675 0.41560
1.21700 0.38803
1.21725 0.37740
1.21750 0.37572
1.21775 0.37725
1.21800 0.37383
1.21825 0.38547
1.21850 0.37516
1.21875 0.37773
1.21900 0.38497
1.21925 0.36968
1.21950 0.38729
1.21975 0.37686
1.22000 0.37957
1.22025 0.38000
1.22050 0.39414
1.22075 0.41016
1.22100 0.38202
1.22125 0.38152
1.22150 0.36703
1.22175 0.36345
1.22200 0.36408
1.22225 0.36071
1.22250 0.36269
1.22275 0.36052
1.22300 0.36919
1.22325 0.37051
1.22350 0.37834
1.22375 0.38348
1.22400 0.36007
1.22425 0.37104
1.22450 0.36377
1.22475 0.37619
1.22500 0.36457
1.22525 0.36653
1.22550 0.37051
1.22575 0.35640
1.22600 0.37680
1.22625 0.38616
1.22650 0.37726
1.22675 0.37940
1.22700 0.38151
1.22725 0.35843
1.22750 0.35733
1.22775 0.35029
1.22800 0.35097
1.22825 0.34214
1.22850 0.34792
1.22875 0.35131
1.22900 0.34465
1.22925 0.34079
1.22950 0.33537
1.22975 0.33955
1.23000 0.33458
1.23025 0.33921
1.23050 0.34367
1.23075 0.34269
1.23100 0.34702
1.23125 0.33583
1.23150 0.34027
1.23175 0.33862
1.23200 0.33283
1.23225 0.33524
1.23250 0.32768
1.23275 0.33066
1.23300 0.33102
1.23325 0.33351
1.23350 0.33878
1.23375 0.33343
1.23400 0.35165
1.23425 0.33803
1.23450 0.32614
1.23475 0.33160
1.23500 0.33339
1.23525 0.33127
1.23550 0.33606
1.23575 0.33012
1.23600 0.32630
1.23625 0.32912
1.23650 0.33578
1.23675 0.34054
1.23700 0.36445
1.23725 0.34587
1.23750 0.33956
1.23775 0.33535
1.23800 0.33019
1.23825 0.33854
1.23850 0.34786
1.23875 0.34136
1.23900 0.34020
1.23925 0.33549
1.23950 0.34054
1.23975 0.33739
1.24000 0.33794
1.24025 0.34314
1.24050 0.33797
1.24075 0.33751
1.24100 0.34423
1.24125 0.33851
1.24150 0.34069
1.24175 0.33749
1.24200 0.34573
1.24225 0.34159
1.24250 0.33921
1.24275 0.34701
1.24300 0.33472
1.24325 0.32910
1.24350 0.32784
1.24375 0.33723
1.24400 0.33077
1.24425 0.33317
1.24450 0.33353
1.24475 0.34077
1.24500 0.34182
1.24525 0.33677
1.24550 0.33443
1.24575 0.34177
1.24600 0.33923
1.24625 0.32813
1.24650 0.33414
1.24675 0.32379
1.24700 0.32293
1.24725 0.33133
1.24750 0.32828
1.24775 0.32596
1.24800 0.33104
1.24825 0.33100
1.24850 0.32900
1.24875 0.32585
1.24900 0.32024
1.24925 0.32737
1.24950 0.32534
1.24975 0.32267
1.25000 0.33432
1.25025 0.33682
1.25050 0.33710
1.25075 0.33432
1.25100 0.33898
1.25125 0.33380
1.25150 0.34488
1.25175 0.34030
1.25200 0.33772
1.25225 0.34172
1.25250 0.33158
1.25275 0.32923
1.25300 0.32797
1.25325 0.33665
1.25350 0.33626
1.25375 0.33830
1.25400 0.33557
1.25425 0.33799
1.25450 0.33301
1.25475 0.33322
1.25500 0.34851
1.25525 0.34658
1.25550 0.34109
1.25575 0.34428
1.25600 0.35636
1.25625 0.34426
1.25650 0.35351
1.25675 0.35436
1.25700 0.36002
1.25725 0.34842
1.25750 0.35179
1.25775 0.34623
1.25800 0.35079
1.25825 0.37135
1.25850 0.37545
1.25875 0.38513
1.25900 0.34623
1.25925 0.34970
1.25950 0.34969
1.25975 0.35727
1.26000 0.41306
1.26025 0.37435
1.26050 0.36150
1.26075 0.34350
1.26100 0.35058
1.26125 0.34557
1.26150 0.34588
1.26175 0.34612
1.26200 0.35491
1.26225 0.37089
1.26250 0.35036
1.26275 0.34048
1.26300 0.32983
1.26325 0.34144
1.26350 0.33899
1.26375 0.33544
1.26400 0.34222
1.26425 0.33763
1.26450 0.33585
1.26475 0.33893
1.26500 0.33773
1.26525 0.34586
1.26550 0.33361
1.26575 0.33777
1.26600 0.32966
1.26625 0.33060
1.26650 0.33179
1.26675 0.32795
1.26700 0.33010
1.26725 0.33053
1.26750 0.33040
1.26775 0.33687
1.26800 0.33975
1.26825 0.33780
1.26850 0.32919
1.26875 0.32283
1.26900 0.32720
1.26925 0.32539
1.26950 0.32757
1.26975 0.34136
1.27000 0.35778
1.27025 0.32626
1.27050 0.32915
1.27075 0.32850
1.27100 0.31862
1.27125 0.32879
1.27150 0.32144
1.27175 0.31765
1.27200 0.32118
1.27225 0.31755
1.27250 0.31696
1.27275 0.32379
1.27300 0.32792
1.27325 0.31124
1.27350 0.32121
1.27375 0.32020
1.27400 0.32277
1.27425 0.33364
1.27450 0.32221
1.27475 0.31668
1.27500 0.31092
1.27525 0.31418
1.27550 0.31146
1.27575 0.31390
1.27600 0.31357
1.27625 0.31458
1.27650 0.31311
1.27675 0.31223
1.27700 0.31912
1.27725 0.31651
1.27750 0.31748
1.27775 0.31028
1.27800 0.31652
1.27825 0.31397
1.27850 0.32424
1.27875 0.32686
1.27900 0.32666
1.27925 0.33272
1.27950 0.33093
1.27975 0.31666
1.28000 0.31947
1.28025 0.32005
1.28050 0.31827
1.28075 0.31937
1.28100 0.31602
1.28125 0.32086
1.28150 0.31445
1.28175 0.31180
1.28200 0.31142
1.28225 0.30867
1.28250 0.31017
1.28275 0.31347
1.28300 0.31054
1.28325 0.31207
1.28350 0.33558
1.28375 0.35910
1.28400 0.32550
1.28425 0.33311
1.28450 0.32649
1.28475 0.32280
1.28500 0.31959
1.28525 0.32775
1.28550 0.32450
1.28575 0.33222
1.28600 0.32776
1.28625 0.32503
1.28650 0.32760
1.28675 0.32109
1.28700 0.32590
1.28725 0.32784
1.28750 0.31889
1.28775 0.32935
1.28800 0.32260
1.28825 0.32795
1.28850 0.31620
1.28875 0.32237
1.28900 0.33256
1.28925 0.32571
1.28950 0.36571
1.28975 0.32767
1.29000 0.32584
1.29025 0.32872
1.29050 0.32029
1.29075 0.32096
1.29100 0.31673
1.29125 0.31050
1.29150 0.31580
1.29175 0.31722
1.29200 0.32769
1.29225 0.32239
1.29250 0.31198
1.29275 0.31884
1.29300 0.31197
1.29325 0.31652
1.29350 0.31611
1.29375 0.31117
1.29400 0.30898
1.29425 0.31194
1.29450 0.31046
1.29475 0.31682
1.29500 0.30859
1.29525 0.30648
1.29550 0.30643
1.29575 0.30554
1.29600 0.30663
1.29625 0.30637
1.29650 0.31068
1.29675 0.30725
1.29700 0.31087
1.29725 0.30659
1.29750 0.30764
1.29775 0.30664
1.29800 0.30447
1.29825 0.31565
1.29850 0.30996
1.29875 0.31540
1.29900 0.31232
1.29925 0.31943
1.29950 0.32022
1.29975 0.32035
1.30000 0.32057
1.30025 0.32064
1.30050 0.34127
1.30075 0.33292
1.30100 0.32956
1.30125 0.33451
1.30150 0.32645
1.30175 0.33109
1.30200 0.32747
1.30225 0.33103
1.30250 0.31660
1.30275 0.32787
1.30300 0.32438
1.30325 0.32892
1.30350 0.33036
1.30375 0.32348
1.30400 0.32392
1.30425 0.33187
1.30450 0.32403
1.30475 0.32485
1.30500 0.31283
1.30525 0.30994
1.30550 0.31561
1.30575 0.31354
1.30600 0.31487
1.30625 0.30966
1.30650 0.31038
1.30675 0.31061
1.30700 0.31376
1.30725 0.32142
1.30750 0.31402
1.30775 0.30786
1.30800 0.31030
1.30825 0.31521
1.30850 0.30361
1.30875 0.31038
1.30900 0.31386
1.30925 0.30931
1.30950 0.30817
1.30975 0.31952
1.31000 0.31692
1.31025 0.30714
1.31050 0.30672
1.31075 0.30534
1.31100 0.30295
1.31125 0.29868
1.31150 0.29734
1.31175 0.30009
1.31200 0.30216
1.31225 0.30312
1.31250 0.30476
1.31275 0.30566
1.31300 0.29588
1.31325 0.30315
1.31350 0.29715
1.31375 0.29852
1.31400 0.30209
1.31425 0.30137
1.31450 0.29885
1.31475 0.30160
1.31500 0.29851
1.31525 0.30192
1.31550 0.30807
1.31575 0.31021
1.31600 0.31468
1.31625 0.31017
1.31650 0.30606
1.31675 0.30926
1.31700 0.31047
1.31725 0.31242
1.31750 0.30924
1.31775 0.30644
1.31800 0.30429
1.31825 0.30496
1.31850 0.30432
1.31875 0.30934
1.31900 0.30574
1.31925 0.30643
1.31950 0.30650
1.31975 0.30995
1.32000 0.30377
1.32025 0.31105
1.32050 0.29923
1.32075 0.29823
1.32100 0.30325
1.32125 0.29533
1.32150 0.29134
1.32175 0.30170
1.32200 0.30338
1.32225 0.30060
1.32250 0.30129
1.32275 0.30507
1.32300 0.30296
1.32325 0.30864
1.32350 0.29598
1.32375 0.30155
1.32400 0.31154
1.32425 0.30628
1.32450 0.30013
1.32475 0.30116
1.32500 0.30146
1.32525 0.31117
1.32550 0.30871
1.32575 0.29838
1.32600 0.30363
1.32625 0.30685
1.32650 0.30228
1.32675 0.30031
1.32700 0.30498
1.32725 0.30136
1.32750 0.30494
1.32775 0.30730
1.32800 0.30442
1.32825 0.30760
1.32850 0.31039
1.32875 0.30521
1.32900 0.31400
1.32925 0.31016
1.32950 0.30914
1.32975 0.31260
1.33000 0.30434
1.33025 0.30566
1.33050 0.30296
1.33075 0.30454
1.33100 0.30313
1.33125 0.30159
1.33150 0.29512
1.33175 0.29958
1.33200 0.30131
1.33225 0.29837
1.33250 0.29765
1.33275 0.30804
1.33300 0.31533
1.33325 0.30978
1.33350 0.30518
1.33375 0.30484
1.33400 0.30377
1.33425 0.30877
1.33450 0.30181
1.33475 0.30282
1.33500 0.30839
1.33525 0.30475
1.33550 0.30631
1.33575 0.31813
1.33600 0.31229
1.33625 0.31586
1.33650 0.30863
1.33675 0.31077
1.33700 0.31054
1.33725 0.31068
1.33750 0.31054
1.33775 0.31247
1.33800 0.32326
1.33825 0.31111
1.33850 0.32151
1.33875 0.30540
1.33900 0.30085
1.33925 0.30957
1.33950 0.30527
1.33975 0.30867
1.34000 0.30629
1.34025 0.30580
1.34050 0.30523
1.34075 0.31118
1.34100 0.31124
1.34125 0.31380
1.34150 0.31251
1.34175 0.31410
1.34200 0.31403
1.34225 0.33682
1.34250 0.32139
1.34275 0.34051
1.34300 0.32672
1.34325 0.31605
1.34350 0.31480
1.34375 0.31213
1.34400 0.31801
1.34425 0.32617
1.34450 0.34591
1.34475 0.31754
1.34500 0.31682
1.34525 0.30982
1.34550 0.31728
1.34575 0.31811
1.34600 0.31182
1.34625 0.32111
1.34650 0.31504
1.34675 0.30987
1.34700 0.31351
1.34725 0.31687
1.34750 0.30896
1.34775 0.30916
1.34800 0.30901
1.34825 0.30903
1.34850 0.31037
1.34875 0.31528
1.34900 0.31372
1.34925 0.30673
1.34950 0.31194
1.34975 0.31854
1.35000 0.32773
1.35025 0.31465
1.35050 0.30931
1.35075 0.30351
1.35100 0.31133
1.35125 0.30598
1.35150 0.30950
1.35175 0.30039
1.35200 0.30171
1.35225 0.30279
1.35250 0.31120
1.35275 0.30702
1.35300 0.31058
1.35325 0.32101
1.35350 0.33123
1.35375 0.32835
1.35400 0.32750
1.35425 0.32574
1.35450 0.32653
1.35475 0.33433
1.35500 0.32971
1.35525 0.33024
1.35550 0.33113
1.35575 0.31957
1.35600 0.31478
1.35625 0.33891
1.35650 0.33936
1.35675 0.33836
1.35700 0.33485
1.35725 0.32154
1.35750 0.32137
1.35775 0.32414
1.35800 0.31480
1.35825 0.31760
1.35850 0.33364
1.35875 0.31954
1.35900 0.31783
1.35925 0.32871
1.35950 0.31969
1.35975 0.34501
1.36000 0.36756
1.36025 0.31965
1.36050 0.32111
1.36075 0.33604
1.36100 0.34027
1.36125 0.33405
1.36150 0.32643
1.36175 0.33568
1.36200 0.32869
1.36225 0.33679
1.36250 0.34289
1.36275 0.32116
1.36300 0.32482
1.36325 0.32992
1.36350 0.32154
1.36375 0.32965
1.36400 0.31735
1.36425 0.32958
1.36450 0.31871
1.36475 0.32397
1.36500 0.31233
1.36525 0.32153
1.36550 0.32561
1.36575 0.31595
1.36600 0.31906
1.36625 0.31271
1.36650 0.32107
1.36675 0.31551
1.36700 0.33065
1.36725 0.32561
1.36750 0.31595
1.36775 0.31819
1.36800 0.31854
1.36825 0.32672
1.36850 0.32046
1.36875 0.34186
1.36900 0.31437
1.36925 0.31879
1.36950 0.31324
1.36975 0.31918
1.37000 0.31888
1.37025 0.31511
1.37050 0.31275
1.37075 0.32420
1.37100 0.32254
1.37125 0.31091
1.37150 0.31651
1.37175 0.31197
1.37200 0.30840
1.37225 0.31518
1.37250 0.31561
1.37275 0.32020
1.37300 0.30882
1.37325 0.31561
1.37350 0.31221
1.37375 0.30765
1.37400 0.30484
1.37425 0.30380
1.37450 0.30330
1.37475 0.30820
1.37500 0.30546
1.37525 0.30629
1.37550 0.30543
1.37575 0.30098
1.37600 0.30221
1.37625 0.31515
1.37650 0.30956
1.37675 0.30836
1.37700 0.31666
1.37725 0.31319
1.37750 0.30785
1.37775 0.31029
1.37800 0.31715
1.37825 0.31556
1.37850 0.30531
1.37875 0.30242
1.37900 0.30978
1.37925 0.33255
1.37950 0.30428
1.37975 0.30798
1.38000 0.31960
1.38025 0.30553
1.38050 0.31325
1.38075 0.30894
1.38100 0.31037
1.38125 0.31431
1.38150 0.32813
1.38175 0.32075
1.38200 0.31566
1.38225 0.31844
1.38250 0.31446
1.38275 0.30971
1.38300 0.31730
1.38325 0.31181
1.38350 0.31976
1.38375 0.31234
1.38400 0.33944
1.38425 0.33390
1.38450 0.32090
1.38475 0.31391
1.38500 0.30694
1.38525 0.30809
1.38550 0.30314
1.38575 0.30883
1.38600 0.29904
1.38625 0.30246
1.38650 0.30306
1.38675 0.29707
1.38700 0.30047
1.38725 0.30224
1.38750 0.29582
1.38775 0.30585
1.38800 0.29844
1.38825 0.30403
1.38850 0.30339
1.38875 0.30509
1.38900 0.30709
1.38925 0.30696
1.38950 0.29942
1.38975 0.29970
1.39000 0.30219
1.39025 0.30033
1.39050 0.31176
1.39075 0.32268
1.39100 0.31375
1.39125 0.31915
1.39150 0.31281
1.39175 0.31225
1.39200 0.30816
1.39225 0.31001
1.39250 0.31210
1.39275 0.30910
1.39300 0.31372
1.39325 0.31478
1.39350 0.31119
1.39375 0.30489
1.39400 0.30672
1.39425 0.30242
1.39450 0.30389
1.39475 0.30418
1.39500 0.30284
1.39525 0.30611
1.39550 0.31095
1.39575 0.30377
1.39600 0.31518
1.39625 0.30798
1.39650 0.30868
1.39675 0.31552
1.39700 0.30826
1.39725 0.30999
1.39750 0.30963
1.39775 0.31122
1.39800 0.31118
1.39825 0.31438
1.39850 0.31647
1.39875 0.30885
1.39900 0.31018
1.39925 0.31361
1.39950 0.30169
1.39975 0.31119
1.40000 0.30303
1.40025 0.31116
1.40050 0.31039
1.40075 0.30672
1.40100 0.30725
1.40125 0.30173
1.40150 0.30809
1.40175 0.30660
1.40200 0.30407
1.40225 0.30333
1.40250 0.29777
1.40275 0.30416
1.40300 0.30865
1.40325 0.31122
1.40350 0.30836
1.40375 0.32090
1.40400 0.31736
1.40425 0.30868
1.40450 0.31121
1.40475 0.30623
1.40500 0.31089
1.40525 0.30896
1.40550 0.31281
1.40575 0.30960
1.40600 0.32025
1.40625 0.31145
1.40650 0.30649
1.40675 0.30436
1.40700 0.30677
1.40725 0.30095
1.40750 0.30115
1.40775 0.30193
1.40800 0.30326
1.40825 0.30676
1.40850 0.32768
1.40875 0.31014
1.40900 0.32228
1.40925 0.32162
1.40950 0.31896
1.40975 0.31510
1.41000 0.30965
1.41025 0.31665
1.41050 0.31065
1.41075 0.31553
1.41100 0.31481
1.41125 0.31007
1.41150 0.30489
1.41175 0.30245
1.41200 0.30966
1.41225 0.31258
1.41250 0.31710
1.41275 0.31663
1.41300 0.31312
1.41325 0.31227
1.41350 0.31378
1.41375 0.30607
1.41400 0.30805
1.41425 0.30809
1.41450 0.30801
1.41475 0.31000
1.41500 0.30162
1.41525 0.30496
1.41550 0.30425
1.41575 0.32168
1.41600 0.31180
1.41625 0.31880
1.41650 0.30623
1.41675 0.30620
1.41700 0.29720
1.41725 0.30198
1.41750 0.29908
1.41775 0.30460
1.41800 0.30787
1.41825 0.30201
1.41850 0.30751
1.41875 0.30872
1.41900 0.30301
1.41925 0.30410
1.41950 0.30362
1.41975 0.30538
1.42000 0.31815
1.42025 0.30648
1.42050 0.30775
1.42075 0.30462
1.42100 0.30368
1.42125 0.30065
1.42150 0.30251
1.42175 0.31058
1.42200 0.31427
1.42225 0.31675
1.42250 0.30923
1.42275 0.30757
1.42300 0.30959
1.42325 0.30582
1.42350 0.31349
1.42375 0.31072
1.42400 0.30665
1.42425 0.31363
1.42450 0.31218
1.42475 0.31123
1.42500 0.31669
1.42525 0.31050
1.42550 0.32409
1.42575 0.31844
1.42600 0.32428
1.42625 0.31509
1.42650 0.32480
1.42675 0.30625
1.42700 0.31464
1.42725 0.31763
1.42750 0.31238
1.42775 0.30978
1.42800 0.30716
1.42825 0.31304
1.42850 0.31590
1.42875 0.31321
1.42900 0.31632
1.42925 0.31191
1.42950 0.31372
1.42975 0.31103
1.43000 0.31252
1.43025 0.31324
1.43050 0.31517
1.43075 0.31329
1.43100 0.30915
1.43125 0.31760
1.43150 0.31157
1.43175 0.30942
1.43200 0.31240
1.43225 0.31823
1.43250 0.31370
1.43275 0.31451
1.43300 0.32007
1.43325 0.31656
1.43350 0.31837
1.43375 0.32995
1.43400 0.31840
1.43425 0.30749
1.43450 0.31542
1.43475 0.30374
1.43500 0.30944
1.43525 0.30412
1.43550 0.31384
1.43575 0.31700
1.43600 0.32309
1.43625 0.33274
1.43650 0.31284
1.43675 0.31225
1.43700 0.31602
1.43725 0.30945
1.43750 0.31463
1.43775 0.31700
1.43800 0.31021
1.43825 0.31160
1.43850 0.30847
1.43875 0.31298
1.43900 0.31001
1.43925 0.31040
1.43950 0.31232
1.43975 0.31013
1.44000 0.31042
1.44025 0.31326
1.44050 0.30965
1.44075 0.30380
1.44100 0.30238
1.44125 0.31271
1.44150 0.31590
1.44175 0.31012
1.44200 0.31777
1.44225 0.31307
1.44250 0.31115
1.44275 0.31362
1.44300 0.30819
1.44325 0.31218
1.44350 0.31101
1.44375 0.31755
1.44400 0.30135
1.44425 0.31098
1.44450 0.30875
1.44475 0.30478
1.44500 0.31017
1.44525 0.31265
1.44550 0.31621
1.44575 0.31165
1.44600 0.30851
1.44625 0.31440
1.44650 0.30361
1.44675 0.30788
1.44700 0.30263
1.44725 0.31055
1.44750 0.30769
1.44775 0.30805
1.44800 0.30239
1.44825 0.30694
1.44850 0.30223
1.44875 0.29792
1.44900 0.30058
1.44925 0.29844
1.44950 0.30554
1.44975 0.30564
1.45000 0.29856
1.45025 0.30737
1.45050 0.30150
1.45075 0.30396
1.45100 0.30342
1.45125 0.30932
1.45150 0.30695
1.45175 0.30766
1.45200 0.30515
1.45225 0.30632
1.45250 0.30426
1.45275 0.30962
1.45300 0.30442
1.45325 0.29976
1.45350 0.29398
1.45375 0.29989
1.45400 0.30146
1.45425 0.29627
1.45450 0.30453
1.45475 0.30089
1.45500 0.29967
1.45525 0.32973
1.45550 0.31972
1.45575 0.30712
1.45600 0.29974
1.45625 0.31020
1.45650 0.30489
1.45675 0.30509
1.45700 0.30577
1.45725 0.30548
1.45750 0.29782
1.45775 0.29962
1.45800 0.29467
1.45825 0.30307
1.45850 0.31116
1.45875 0.30648
1.45900 0.30933
1.45925 0.30796
1.45950 0.30275
1.45975 0.30552
1.46000 0.30242
1.46025 0.30644
1.46050 0.30831
1.46075 0.31670
1.46100 0.31487
1.46125 0.31860
1.46150 0.31823
1.46175 0.31005
1.46200 0.31064
1.46225 0.31049
1.46250 0.31530
1.46275 0.30729
1.46300 0.30972
1.46325 0.30397
1.46350 0.31041
1.46375 0.30576
1.46400 0.30602
1.46425 0.30276
1.46450 0.30690
1.46475 0.30484
1.46500 0.30772
1.46525 0.30055
1.46550 0.30047
1.46575 0.30462
1.46600 0.30089
1.46625 0.30011
1.46650 0.29893
1.46675 0.29915
1.46700 0.29727
1.46725 0.30493
1.46750 0.30084
1.46775 0.29628
1.46800 0.30880
1.46825 0.30031
1.46850 0.30819
1.46875 0.30189
1.46900 0.30654
1.46925 0.29903
1.46950 0.29921
1.46975 0.30757
1.47000 0.30597
1.47025 0.31791
1.47050 0.31299
1.47075 0.30757
1.47100 0.29845
1.47125 0.30317
1.47150 0.30557
1.47175 0.30505
1.47200 0.30982
1.47225 0.30754
1.47250 0.31366
1.47275 0.31162
1.47300 0.31770
1.47325 0.31850
1.47350 0.30874
1.47375 0.31052
1.47400 0.31014
1.47425 0.31588
1.47450 0.31270
1.47475 0.30650
1.47500 0.31041
1.47525 0.30654
1.47550 0.31145
1.47575 0.30538
1.47600 0.29949
1.47625 0.30704
1.47650 0.30918
1.47675 0.30010
1.47700 0.30200
1.47725 0.30572
1.47750 0.29735
1.47775 0.29713
1.47800 0.30136
1.47825 0.30559
1.47850 0.29977
1.47875 0.29794
1.47900 0.30019
1.47925 0.30667
1.47950 0.30252
1.47975 0.30160
1.48000 0.30568
1.48025 0.30552
1.48050 0.30829
1.48075 0.30782
1.48100 0.30752
1.48125 0.30568
1.48150 0.31134
1.48175 0.30537
1.48200 0.33602
1.48225 0.30811
1.48250 0.30444
1.48275 0.30559
1.48300 0.30766
1.48325 0.31134
1.48350 0.31455
1.48375 0.31127
1.48400 0.30936
1.48425 0.31244
1.48450 0.31292
1.48475 0.31349
1.48500 0.31370
1.48525 0.30297
1.48550 0.30906
1.48575 0.31271
1.48600 0.31425
1.48625 0.31762
1.48650 0.32203
1.48675 0.31827
1.48700 0.32302
1.48725 0.31545
1.48750 0.30559
1.48775 0.31057
1.48800 0.31108
1.48825 0.31350
1.48850 0.31356
1.48875 0.31621
1.48900 0.31235
1.48925 0.31157
1.48950 0.31282
1.48975 0.30889
1.49000 0.31810
1.49025 0.31718
1.49050 0.31392
1.49075 0.31416
1.49100 0.31679
1.49125 0.31334
1.49150 0.31484
1.49175 0.31880
1.49200 0.31700
1.49225 0.32018
1.49250 0.31694
1.49275 0.32412
1.49300 0.32222
1.49325 0.32178
1.49350 0.32073
1.49375 0.31812
1.49400 0.32073
1.49425 0.31509
1.49450 0.32234
1.49475 0.31622
1.49500 0.31927
1.49525 0.31532
1.49550 0.31922
1.49575 0.32089
1.49600 0.32037
1.49625 0.31512
1.49650 0.32403
1.49675 0.32108
1.49700 0.31847
1.49725 0.32949
1.49750 0.33838
1.49775 0.34910
1.49800 0.32432
1.49825 0.32715
1.49850 0.32819
1.49875 0.33245
1.49900 0.32185
1.49925 0.33502
1.49950 0.33023
1.49975 0.32780
1.50000 0.33315
1.50025 0.33523
1.50050 0.32123
1.50075 0.33401
1.50100 0.33019
1.50125 0.33798
1.50150 0.33205
1.50175 0.33094
1.50200 0.32724
1.50225 0.32747
1.50250 0.33310
1.50275 0.33179
1.50300 0.33480
1.50325 0.34027
1.50350 0.33098
1.50375 0.32998
1.50400 0.33213
1.50425 0.33083
1.50450 0.33157
1.50475 0.32698
1.50500 0.33090
1.50525 0.32889
1.50550 0.33301
1.50575 0.32992
1.50600 0.32766
1.50625 0.32666
1.50650 0.31900
1.50675 0.32656
1.50700 0.32779
1.50725 0.32287
1.50750 0.32104
1.50775 0.32717
1.50800 0.32849
1.50825 0.32821
1.50850 0.32665
1.50875 0.33042
1.50900 0.32480
1.50925 0.33162
1.50950 0.33216
1.50975 0.33992
1.51000 0.34486
1.51025 0.33814
1.51050 0.33910
1.51075 0.34403
1.51100 0.33628
1.51125 0.33321
1.51150 0.33831
1.51175 0.33927
1.51200 0.33564
1.51225 0.34177
1.51250 0.34581
1.51275 0.34931
1.51300 0.34440
1.51325 0.35051
1.51350 0.35455
1.51375 0.36053
1.51400 0.35496
1.51425 0.34994
1.51450 0.35306
1.51475 0.34781
1.51500 0.35552
1.51525 0.36044
1.51550 0.35895
1.51575 0.36046
1.51600 0.35610
1.51625 0.35792
1.51650 0.36681
1.51675 0.36013
1.51700 0.36396
1.51725 0.35509
1.51750 0.35411
1.51775 0.34775
1.51800 0.34737
1.51825 0.35017
1.51850 0.35254
1.51875 0.35863
1.51900 0.35107
1.51925 0.35812
1.51950 0.36125
1.51975 0.35710
1.52000 0.36113
1.52025 0.36134
1.52050 0.35905
1.52075 0.35436
1.52100 0.36547
1.52125 0.35947
1.52150 0.35877
1.52175 0.36557
1.52200 0.35909
1.52225 0.35662
1.52250 0.36081
1.52275 0.35896
1.52300 0.35816
1.52325 0.36185
1.52350 0.35684
1.52375 0.36523
1.52400 0.37127
1.52425 0.35635
1.52450 0.35833
1.52475 0.35399
1.52500 0.36048
1.52525 0.36004
1.52550 0.35989
1.52575 0.36522
1.52600 0.36224
1.52625 0.35840
1.52650 0.36655
1.52675 0.36643
1.52700 0.37055
1.52725 0.37410
1.52750 0.37329
1.52775 0.36375
1.52800 0.36921
1.52825 0.36761
1.52850 0.35549
1.52875 0.35151
1.52900 0.34280
1.52925 0.34724
1.52950 0.35098
1.52975 0.35227
1.53000 0.34682
1.53025 0.34648
1.53050 0.35099
1.53075 0.35162
1.53100 0.34981
1.53125 0.34452
1.53150 0.35359
1.53175 0.34124
1.53200 0.34120
1.53225 0.33958
1.53250 0.35154
1.53275 0.34569
1.53300 0.35496
1.53325 0.34759
1.53350 0.35208
1.53375 0.35211
1.53400 0.35154
1.53425 0.37275
1.53450 0.36188
1.53475 0.35840
1.53500 0.34966
1.53525 0.34802
1.53550 0.34719
1.53575 0.35378
1.53600 0.35939
1.53625 0.36376
1.53650 0.35124
1.53675 0.34796
1.53700 0.34998
1.53725 0.35502
1.53750 0.35877
1.53775 0.35409
1.53800 0.35394
1.53825 0.34638
1.53850 0.33800
1.53875 0.34440
1.53900 0.33169
1.53925 0.33872
1.53950 0.33076
1.53975 0.33845
1.54000 0.33328
1.54025 0.33093
1.54050 0.33675
1.54075 0.34379
1.54100 0.33451
1.54125 0.33862
1.54150 0.33334
1.54175 0.35022
1.54200 0.33738
1.54225 0.33964
1.54250 0.33321
1.54275 0.33319
1.54300 0.32230
1.54325 0.31927
1.54350 0.33064
1.54375 0.33156
1.54400 0.33477
1.54425 0.33159
1.54450 0.32832
1.54475 0.33088
1.54500 0.32761
1.54525 0.33072
1.54550 0.32613
1.54575 0.32592
1.54600 0.32069
1.54625 0.32348
1.54650 0.32287
1.54675 0.31935
1.54700 0.31257
1.54725 0.32343
1.54750 0.32893
1.54775 0.32067
1.54800 0.31607
1.54825 0.31800
1.54850 0.31584
1.54875 0.31983
1.54900 0.31547
1.54925 0.32047
1.54950 0.31695
1.54975 0.32042
1.55000 0.31841
1.55025 0.31836
1.55050 0.32888
1.55075 0.32098
1.55100 0.31498
1.55125 0.31347
1.55150 0.31461
1.55175 0.32972
1.55200 0.31791
1.55225 0.30949
1.55250 0.31768
1.55275 0.31669
1.55300 0.31259
1.55325 0.31255
1.55350 0.30584
1.55375 0.31611
1.55400 0.32249
1.55425 0.31399
1.55450 0.30526
1.55475 0.29793
1.55500 0.29841
1.55525 0.29684
1.55550 0.30922
1.55575 0.30305
1.55600 0.30302
1.55625 0.30684
1.55650 0.31340
1.55675 0.30886
1.55700 0.31060
1.55725 0.31188
1.55750 0.31443
1.55775 0.31362
1.55800 0.30588
1.55825 0.30993
1.55850 0.30888
1.55875 0.31084
1.55900 0.31203
1.55925 0.30940
1.55950 0.31092
1.55975 0.30845
1.56000 0.30740
1.56025 0.31260
1.56050 0.31041
1.56075 0.31392
1.56100 0.30963
1.56125 0.30738
1.56150 0.30286
1.56175 0.30388
1.56200 0.29974
1.56225 0.29809
1.56250 0.30376
1.56275 0.30194
1.56300 0.30154
1.56325 0.29668
1.56350 0.29989
1.56375 0.30212
1.56400 0.30010
1.56425 0.30363
1.56450 0.32406
1.56475 0.30338
1.56500 0.29522
1.56525 0.30269
1.56550 0.29088
1.56575 0.28722
1.56600 0.29845
1.56625 0.29553
1.56650 0.28391
1.56675 0.29074
1.56700 0.28466
1.56725 0.28803
1.56750 0.28751
1.56775 0.28901
1.56800 0.28794
1.56825 0.29175
1.56850 0.28740
1.56875 0.28173
1.56900 0.29079
1.56925 0.28422
1.56950 0.29014
1.56975 0.29466
1.57000 0.28339
1.57025 0.27745
1.57050 0.28321
1.57075 0.28020
1.57100 0.29552
1.57125 0.28021
1.57150 0.27762
1.57175 0.28259
1.57200 0.28225
1.57225 0.27720
1.57250 0.27457
1.57275 0.27971
1.57300 0.28152
1.57325 0.28578
1.57350 0.28472
1.57375 0.27986
1.57400 0.28627
1.57425 0.28770
1.57450 0.28105
1.57475 0.27886
1.57500 0.28311
1.57525 0.27550
1.57550 0.27505
1.57575 0.28736
1.57600 0.27922
1.57625 0.28774
1.57650 0.27439
1.57675 0.27309
1.57700 0.27618
1.57725 0.27287
1.57750 0.27336
1.57775 0.26733
1.57800 0.27874
1.57825 0.26804
1.57850 0.27573
1.57875 0.28091
1.57900 0.27506
1.57925 0.27951
1.57950 0.27429
1.57975 0.27136
1.58000 0.27278
1.58025 0.27950
1.58050 0.27301
1.58075 0.26761
1.58100 0.26927
1.58125 0.27076
1.58150 0.26883
1.58175 0.27208
1.58200 0.26881
1.58225 0.27530
1.58250 0.27435
1.58275 0.27402
1.58300 0.27758
1.58325 0.27347
1.58350 0.27493
1.58375 0.27087
1.58400 0.26818
1.58425 0.27451
1.58450 0.27331
1.58475 0.27106
1.58500 0.27018
1.58525 0.26697
1.58550 0.27281
1.58575 0.26936
1.58600 0.27044
1.58625 0.26899
1.58650 0.27457
1.58675 0.27248
1.58700 0.27309
1.58725 0.26573
1.58750 0.26987
1.58775 0.27286
1.58800 0.27000
1.58825 0.27275
1.58850 0.27351
1.58875 0.27106
1.58900 0.27291
1.58925 0.27094
1.58950 0.27448
1.58975 0.27653
1.59000 0.27053
1.59025 0.26721
1.59050 0.26764
1.59075 0.26728
1.59100 0.26720
1.59125 0.26550
1.59150 0.27013
1.59175 0.26964
1.59200 0.26656
1.59225 0.26674
1.59250 0.26698
1.59275 0.26144
1.59300 0.26459
1.59325 0.26544
1.59350 0.26706
1.59375 0.26917
1.59400 0.27641
1.59425 0.26375
1.59450 0.26076
1.59475 0.26226
1.59500 0.26490
1.59525 0.26096
1.59550 0.25877
1.59575 0.26100
1.59600 0.25934
1.59625 0.26443
1.59650 0.26557
1.59675 0.26501
1.59700 0.26295
1.59725 0.26883
1.59750 0.27156
1.59775 0.26414
1.59800 0.26108
1.59825 0.26222
1.59850 0.26097
1.59875 0.26326
1.59900 0.26214
1.59925 0.25980
1.59950 0.25776
1.59975 0.25992
1.60000 0.26170
1.60025 0.26078
1.60050 0.26360
1.60075 0.26088
1.60100 0.26285
1.60125 0.25584
1.60150 0.26709
1.60175 0.25685
1.60200 0.25896
1.60225 0.25706
1.60250 0.26312
1.60275 0.26299
1.60300 0.25951
1.60325 0.26067
1.60350 0.25128
1.60375 0.25798
1.60400 0.25962
1.60425 0.26183
1.60450 0.25923
1.60475 0.26549
1.60500 0.25737
1.60525 0.25955
1.60550 0.26484
1.60575 0.26333
1.60600 0.25805
1.60625 0.26011
1.60650 0.26077
1.60675 0.25758
1.60700 0.26198
1.60725 0.26286
1.60750 0.25870
1.60775 0.26041
1.60800 0.25850
1.60825 0.25757
1.60850 0.25999
1.60875 0.26071
1.60900 0.25872
1.60925 0.26119
1.60950 0.26790
1.60975 0.26589
1.61000 0.26359
1.61025 0.25840
1.61050 0.26339
1.61075 0.25497
1.61100 0.25045
1.61125 0.26281
1.61150 0.26402
1.61175 0.25787
1.61200 0.25741
1.61225 0.25281
1.61250 0.25130
1.61275 0.25684
1.61300 0.25129
1.61325 0.24965
1.61350 0.24663
1.61375 0.25083
1.61400 0.25220
1.61425 0.24842
1.61450 0.25142
1.61475 0.25215
1.61500 0.25317
1.61525 0.25659
1.61550 0.25660
1.61575 0.25336
1.61600 0.25152
1.61625 0.25246
1.61650 0.24909
1.61675 0.25810
1.61700 0.25407
1.61725 0.24716
1.61750 0.24748
1.61775 0.25035
1.61800 0.24898
1.61825 0.25408
1.61850 0.25245
1.61875 0.25549
1.61900 0.26680
1.61925 0.25461
1.61950 0.25656
1.61975 0.24645
1.62000 0.25428
1.62025 0.26007
1.62050 0.25777
1.62075 0.25299
1.62100 0.25028
1.62125 0.25284
1.62150 0.24627
1.62175 0.24311
1.62200 0.24060
1.62225 0.25332
1.62250 0.24702
1.62275 0.24247
1.62300 0.24325
1.62325 0.24396
1.62350 0.24549
1.62375 0.24897
1.62400 0.24765
1.62425 0.24780
1.62450 0.24395
1.62475 0.24884
1.62500 0.24344
1.62525 0.24524
1.62550 0.24110
1.62575 0.24879
1.62600 0.25216
1.62625 0.24596
1.62650 0.23911
1.62675 0.24346
1.62700 0.23636
1.62725 0.23728
1.62750 0.23729
1.62775 0.23982
1.62800 0.24027
1.62825 0.24617
1.62850 0.24696
1.62875 0.24546
1.62900 0.24487
1.62925 0.24749
1.62950 0.24740
1.62975 0.24360
1.63000 0.29532
1.63025 0.25163
1.63050 0.24436
1.63075 0.24146
1.63100 0.24349
1.63125 0.24931
1.63150 0.24988
1.63175 0.24100
1.63200 0.24054
1.63225 0.23992
1.63250 0.24299
1.63275 0.24706
1.63300 0.24594
1.63325 0.24553
1.63350 0.25785
1.63375 0.27540
1.63400 0.24986
1.63425 0.24569
1.63450 0.24772
1.63475 0.24077
1.63500 0.24707
1.63525 0.25034
1.63550 0.25485
1.63575 0.27742
1.63600 0.23837
1.63625 0.25461
1.63650 0.23479
1.63675 0.23579
1.63700 0.23619
1.63725 0.23702
1.63750 0.23101
1.63775 0.23690
1.63800 0.23307
1.63825 0.23491
1.63850 0.22812
1.63875 0.23023
1.63900 0.24101
1.63925 0.24306
1.63950 0.23710
1.63975 0.23324
1.64000 0.23839
1.64025 0.23211
1.64050 0.23172
1.64075 0.22780
1.64100 0.22790
1.64125 0.22338
1.64150 0.22432
1.64175 0.22386
1.64200 0.22585
1.64225 0.22464
1.64250 0.23797
1.64275 0.22728
1.64300 0.22490
1.64325 0.23412
1.64350 0.22741
1.64375 0.23806
1.64400 0.22511
1.64425 0.22974
1.64450 0.23278
1.64475 0.22717
1.64500 0.22447
1.64525 0.22987
1.64550 0.22192
1.64575 0.22553
1.64600 0.22421
1.64625 0.22834
1.64650 0.22934
1.64675 0.22420
1.64700 0.23463
1.64725 0.22491
1.64750 0.22216
1.64775 0.22579
1.64800 0.23062
1.64825 0.22482
1.64850 0.22340
1.64875 0.22582
1.64900 0.22748
1.64925 0.23509
1.64950 0.23737
1.64975 0.23087
1.65000 0.22797
1.65025 0.22917
1.65050 0.24369
1.65075 0.22585
1.65100 0.22987
1.65125 0.22241
1.65150 0.22816
1.65175 0.22718
1.65200 0.22620
1.65225 0.22485
1.65250 0.22966
1.65275 0.22568
1.65300 0.22544
1.65325 0.22537
1.65350 0.22442
1.65375 0.22708
1.65400 0.22189
1.65425 0.22703
1.65450 0.24204
1.65475 0.23024
1.65500 0.22450
1.65525 0.22505
1.65550 0.22368
1.65575 0.22694
1.65600 0.22578
1.65625 0.23039
1.65650 0.22513
1.65675 0.22918
1.65700 0.22469
1.65725 0.22552
1.65750 0.22794
1.65775 0.23180
1.65800 0.22695
1.65825 0.22771
1.65850 0.22167
1.65875 0.22542
1.65900 0.22299
1.65925 0.22979
1.65950 0.22651
1.65975 0.22595
1.66000 0.23668
1.66025 0.22915
1.66050 0.22545
1.66075 0.21903
1.66100 0.22007
1.66125 0.22468
1.66150 0.22056
1.66175 0.21948
1.66200 0.21906
1.66225 0.22004
1.66250 0.22041
1.66275 0.21854
1.66300 0.21603
1.66325 0.21718
1.66350 0.21996
1.66375 0.22063
1.66400 0.22347
1.66425 0.21932
1.66450 0.22109
1.66475 0.21637
1.66500 0.21691
1.66525 0.21827
1.66550 0.22064
1.66575 0.21729
1.66600 0.21816
1.66625 0.22113
1.66650 0.22198
1.66675 0.21896
1.66700 0.21880
1.66725 0.22090
1.66750 0.21677
1.66775 0.21245
1.66800 0.21545
1.66825 0.21318
1.66850 0.21739
1.66875 0.21212
1.66900 0.21834
1.66925 0.21538
1.66950 0.21685
1.66975 0.22167
1.67000 0.21971
1.67025 0.21670
1.67050 0.21315
1.67075 0.21876
1.67100 0.21313
1.67125 0.21206
1.67150 0.21584
1.67175 0.22056
1.67200 0.22544
1.67225 0.22346
1.67250 0.22485
1.67275 0.21989
1.67300 0.24182
1.67325 0.22768
1.67350 0.21966
1.67375 0.22258
1.67400 0.23009
1.67425 0.21792
1.67450 0.21806
1.67475 0.22114
1.67500 0.21985
1.67525 0.21619
1.67550 0.22398
1.67575 0.22212
1.67600 0.22898
1.67625 0.25118
1.67650 0.21810
1.67675 0.22027
1.67700 0.21733
1.67725 0.21750
1.67750 0.21762
1.67775 0.21910
1.67800 0.21853
1.67825 0.21941
1.67850 0.22374
1.67875 0.21907
1.67900 0.22837
1.67925 0.21860
1.67950 0.22155
1.67975 0.22137
1.68000 0.21073
1.68025 0.22227
1.68050 0.21573
1.68075 0.21545
1.68100 0.21996
1.68125 0.22226
1.68150 0.22808
1.68175 0.22396
1.68200 0.22503
1.68225 0.21999
1.68250 0.24102
1.68275 0.22534
1.68300 0.21747
1.68325 0.22029
1.68350 0.22018
1.68375 0.22185
1.68400 0.22233
1.68425 0.22373
1.68450 0.23167
1.68475 0.23375
1.68500 0.24767
1.68525 0.22542
1.68550 0.22778
1.68575 0.23219
1.68600 0.23224
1.68625 0.23307
1.68650 0.22871
1.68675 0.22805
1.68700 0.22926
1.68725 0.22634
1.68750 0.22613
1.68775 0.26386
1.68800 0.22359
1.68825 0.22240
1.68850 0.23362
1.68875 0.24586
1.68900 0.23693
1.68925 0.25593
1.68950 0.22539
1.68975 0.21725
1.69000 0.21946
1.69025 0.21851
1.69050 0.22269
1.69075 0.21542
1.69100 0.21685
1.69125 0.21728
1.69150 0.20870
1.69175 0.20730
1.69200 0.21066
1.69225 0.21160
1.69250 0.21292
1.69275 0.21827
1.69300 0.22724
1.69325 0.22663
1.69350 0.22740
1.69375 0.22397
1.69400 0.21679
1.69425 0.21245
1.69450 0.21967
1.69475 0.21848
1.69500 0.21682
1.69525 0.22927
1.69550 0.22660
1.69575 0.22196
1.69600 0.21634
1.69625 0.22766
1.69650 0.22179
1.69675 0.22468
1.69700 0.22696
1.69725 0.23097
1.69750 0.23949
1.69775 0.23518
1.69800 0.22563
1.69825 0.23029
1.69850 0.22835
1.69875 0.22668
1.69900 0.22257
1.69925 0.22173
1.69950 0.21821
1.69975 0.22160
1.70000 0.21624
1.70025 0.21853
1.70050 0.22658
1.70075 0.21889
1.70100 0.21716
1.70125 0.21897
1.70150 0.22496
1.70175 0.22600
1.70200 0.22004
1.70225 0.22213
1.70250 0.21415
1.70275 0.21650
1.70300 0.21547
1.70325 0.22206
1.70350 0.22554
1.70375 0.22216
1.70400 0.22244
1.70425 0.22427
1.70450 0.22372
1.70475 0.21996
1.70500 0.22264
1.70525 0.22480
1.70550 0.22710
1.70575 0.23170
1.70600 0.22821
1.70625 0.23766
1.70650 0.22870
1.70675 0.23002
1.70700 0.23174
1.70725 0.23709
1.70750 0.22737
1.70775 0.23935
1.70800 0.22870
1.70825 0.22769
1.70850 0.21724
1.70875 0.22253
1.70900 0.21760
1.70925 0.22247
1.70950 0.21980
1.70975 0.22417
1.71000 0.22927
1.71025 0.22995
1.71050 0.23227
1.71075 0.22805
1.71100 0.22752
1.71125 0.22439
1.71150 0.21793
1.71175 0.22012
1.71200 0.21820
1.71225 0.21755
1.71250 0.21441
1.71275 0.21978
1.71300 0.22013
1.71325 0.21987
1.71350 0.21611
1.71375 0.22224
1.71400 0.22663
1.71425 0.22297
1.71450 0.21926
1.71475 0.22087
1.71500 0.22278
1.71525 0.21498
1.71550 0.21813
1.71575 0.22370
1.71600 0.22482
1.71625 0.22136
1.71650 0.21702
1.71675 0.22290
1.71700 0.24433
1.71725 0.22524
1.71750 0.22387
1.71775 0.22072
1.71800 0.21436
1.71825 0.21694
1.71850 0.21333
1.71875 0.20942
1.71900 0.21467
1.71925 0.21495
1.71950 0.22099
1.71975 0.22193
1.72000 0.21882
1.72025 0.22229
1.72050 0.21934
1.72075 0.22590
1.72100 0.21568
1.72125 0.21893
1.72150 0.21550
1.72175 0.21214
1.72200 0.21762
1.72225 0.21515
1.72250 0.21420
1.72275 0.20664
1.72300 0.21190
1.72325 0.20863
1.72350 0.21165
1.72375 0.21762
1.72400 0.21244
1.72425 0.21082
1.72450 0.20908
1.72475 0.21413
1.72500 0.20973
1.72525 0.20912
1.72550 0.20932
1.72575 0.20743
1.72600 0.20915
1.72625 0.20694
1.72650 0.20729
1.72675 0.20861
1.72700 0.20712
1.72725 0.20959
1.72750 0.20853
1.72775 0.21199
1.72800 0.21226
1.72825 0.20675
1.72850 0.21417
1.72875 0.21225
1.72900 0.21142
1.72925 0.21541
1.72950 0.21474
1.72975 0.21862
1.73000 0.21601
1.73025 0.21121
1.73050 0.21129
1.73075 0.21025
1.73100 0.21394
1.73125 0.21011
1.73150 0.21403
1.73175 0.21245
1.73200 0.21380
1.73225 0.21117
1.73250 0.21866
1.73275 0.22136
1.73300 0.21175
1.73325 0.20821
1.73350 0.21093
1.73375 0.20934
1.73400 0.20518
1.73425 0.20345
1.73450 0.21156
1.73475 0.20855
1.73500 0.21530
1.73525 0.21633
1.73550 0.21146
1.73575 0.20807
1.73600 0.21170
1.73625 0.21137
1.73650 0.21268
1.73675 0.20859
1.73700 0.21592
1.73725 0.22732
1.73750 0.21841
1.73775 0.22055
1.73800 0.21709
1.73825 0.22268
1.73850 0.22721
1.73875 0.21862
1.73900 0.22655
1.73925 0.21916
1.73950 0.21490
1.73975 0.21895
1.74000 0.21222
1.74025 0.21229
1.74050 0.21475
1.74075 0.21856
1.74100 0.21275
1.74125 0.21649
1.74150 0.21629
1.74175 0.22013
1.74200 0.22342
1.74225 0.21681
1.74250 0.21406
1.74275 0.22046
1.74300 0.21666
1.74325 0.22172
1.74350 0.21831
1.74375 0.21591
1.74400 0.21907
1.74425 0.21305
1.74450 0.21839
1.74475 0.22809
1.74500 0.22641
1.74525 0.21840
1.74550 0.22166
1.74575 0.22023
1.74600 0.22080
1.74625 0.21939
1.74650 0.22627
1.74675 0.22758
1.74700 0.22267
1.74725 0.22068
1.74750 0.22244
1.74775 0.21994
1.74800 0.22094
1.74825 0.22146
1.74850 0.22808
1.74875 0.21957
1.74900 0.22260
1.74925 0.23116
1.74950 0.21786
1.74975 0.21601
1.75000 0.22055
1.75025 0.21463
1.75050 0.23714
1.75075 0.22659
1.75100 0.22466
1.75125 0.21853
1.75150 0.22693
1.75175 0.21845
1.75200 0.21743
1.75225 0.23150
1.75250 0.21957
1.75275 0.21389
1.75300 0.21520
1.75325 0.20992
1.75350 0.21822
1.75375 0.21241
1.75400 0.21192
1.75425 0.20802
1.75450 0.20840
1.75475 0.20553
1.75500 0.21029
1.75525 0.21129
1.75550 0.20900
1.75575 0.21342
1.75600 0.21169
1.75625 0.20459
1.75650 0.21088
1.75675 0.21677
1.75700 0.23300
1.75725 0.26528
1.75750 0.21673
1.75775 0.20714
1.75800 0.20829
1.75825 0.21020
1.75850 0.20954
1.75875 0.21076
1.75900 0.21350
1.75925 0.21146
1.75950 0.20502
1.75975 0.21188
1.76000 0.21366
1.76025 0.21363
1.76050 0.21278
1.76075 0.21003
1.76100 0.20937
1.76125 0.20776
1.76150 0.20952
1.76175 0.21127
1.76200 0.21695
1.76225 0.21051
1.76250 0.21109
1.76275 0.21519
1.76300 0.21601
1.76325 0.21830
1.76350 0.22063
1.76375 0.21800
1.76400 0.22122
1.76425 0.22036
1.76450 0.21995
1.76475 0.21422
1.76500 0.21246
1.76525 0.20895
1.76550 0.21283
1.76575 0.21348
1.76600 0.22005
1.76625 0.22337
1.76650 0.22440
1.76675 0.23173
1.76700 0.22042
1.76725 0.22135
1.76750 0.21281
1.76775 0.21875
1.76800 0.22263
1.76825 0.21876
1.76850 0.21536
1.76875 0.21506
1.76900 0.23017
1.76925 0.21840
1.76950 0.21288
1.76975 0.21203
1.77000 0.21022
1.77025 0.21127
1.77050 0.21068
1.77075 0.20431
1.77100 0.21218
1.77125 0.20732
1.77150 0.20901
1.77175 0.20868
1.77200 0.21086
1.77225 0.20729
1.77250 0.20625
1.77275 0.20840
1.77300 0.20972
1.77325 0.21284
1.77350 0.20650
1.77375 0.21015
1.77400 0.21128
1.77425 0.21455
1.77450 0.21376
1.77475 0.21742
1.77500 0.20912
1.77525 0.21525
1.77550 0.21439
1.77575 0.21215
1.77600 0.20834
1.77625 0.21330
1.77650 0.21184
1.77675 0.21554
1.77700 0.20965
1.77725 0.21499
1.77750 0.21529
1.77775 0.20930
1.77800 0.21764
1.77825 0.22057
1.77850 0.21708
1.77875 0.21774
1.77900 0.21842
1.77925 0.21953
1.77950 0.22013
1.77975 0.21965
1.78000 0.21056
1.78025 0.21294
1.78050 0.21516
1.78075 0.20911
1.78100 0.21384
1.78125 0.23869
1.78150 0.22376
1.78175 0.22081
1.78200 0.21991
1.78225 0.21996
1.78250 0.21353
1.78275 0.23056
1.78300 0.22389
1.78325 0.21509
1.78350 0.21599
1.78375 0.21213
1.78400 0.22447
1.78425 0.21792
1.78450 0.22017
1.78475 0.21488
1.78500 0.21202
1.78525 0.22089
1.78550 0.22128
1.78575 0.21747
1.78600 0.21602
1.78625 0.21672
1.78650 0.22337
1.78675 0.21565
1.78700 0.22933
1.78725 0.22614
1.78750 0.21951
1.78775 0.21679
1.78800 0.21250
1.78825 0.21578
1.78850 0.21061
1.78875 0.21444
1.78900 0.22012
1.78925 0.22970
1.78950 0.21904
1.78975 0.22044
1.79000 0.21381
1.79025 0.21662
1.79050 0.21846
1.79075 0.21597
1.79100 0.21562
1.79125 0.20761
1.79150 0.21156
1.79175 0.21274
1.79200 0.20824
1.79225 0.21186
1.79250 0.21122
1.79275 0.21709
1.79300 0.21577
1.79325 0.21088
1.79350 0.22094
1.79375 0.21723
1.79400 0.21922
1.79425 0.21861
1.79450 0.22188
1.79475 0.22026
1.79500 0.21511
1.79525 0.21774
1.79550 0.21678
1.79575 0.21967
1.79600 0.22141
1.79625 0.22325
1.79650 0.21955
1.79675 0.22245
1.79700 0.22822
1.79725 0.22241
1.79750 0.22151
1.79775 0.22127
1.79800 0.21531
1.79825 0.21782
1.79850 0.21569
1.79875 0.21685
1.79900 0.21556
1.79925 0.21759
1.79950 0.21036
1.79975 0.20714
1.80000 0.20938
1.80025 0.20883
1.80050 0.21238
1.80075 0.21244
1.80100 0.21591
1.80125 0.20832
1.80150 0.21148
1.80175 0.22328
1.80200 0.21236
1.80225 0.20680
1.80250 0.20432
1.80275 0.20176
1.80300 0.20032
1.80325 0.20541
1.80350 0.20244
1.80375 0.20638
1.80400 0.20407
1.80425 0.21513
1.80450 0.22405
1.80475 0.23127
1.80500 0.23292
1.80525 0.22168
1.80550 0.21496
1.80575 0.20675
1.80600 0.20684
1.80625 0.20858
1.80650 0.20662
1.80675 0.20726
1.80700 0.20701
1.80725 0.21250
1.80750 0.21052
1.80775 0.21039
1.80800 0.21344
1.80825 0.21124
1.80850 0.23740
1.80875 0.21938
1.80900 0.21531
1.80925 0.22843
1.80950 0.22211
1.80975 0.22259
1.81000 0.21947
1.81025 0.21191
1.81050 0.20948
1.81075 0.21941
1.81100 0.20868
1.81125 0.21030
1.81150 0.20809
1.81175 0.21997
1.81200 0.21649
1.81225 0.21517
1.81250 0.21524
1.81275 0.21324
1.81300 0.22673
1.81325 0.22311
1.81350 0.21121
1.81375 0.21867
1.81400 0.21163
1.81425 0.21459
1.81450 0.20795
1.81475 0.21291
1.81500 0.20951
1.81525 0.21463
1.81550 0.20692
1.81575 0.20524
1.81600 0.20061
1.81625 0.21385
1.81650 0.21808
1.81675 0.20201
1.81700 0.20826
1.81725 0.19996
1.81750 0.20585
1.81775 0.20269
1.81800 0.20441
1.81825 0.20854
1.81850 0.20312
1.81875 0.20256
1.81900 0.20723
1.81925 0.22333
1.81950 0.20911
1.81975 0.20248
1.82000 0.20255
1.82025 0.20535
1.82050 0.19585
1.82075 0.20007
1.82100 0.19685
1.82125 0.20169
1.82150 0.20010
1.82175 0.19709
1.82200 0.20107
1.82225 0.20343
1.82250 0.21257
1.82275 0.20892
1.82300 0.19705
1.82325 0.19866
1.82350 0.20490
1.82375 0.19608
1.82400 0.19429
1.82425 0.20072
1.82450 0.20008
1.82475 0.20853
1.82500 0.20212
1.82525 0.19736
1.82550 0.19685
1.82575 0.19849
1.82600 0.19950
1.82625 0.19891
1.82650 0.20036
1.82675 0.20521
1.82700 0.20005
1.82725 0.20367
1.82750 0.19609
1.82775 0.19953
1.82800 0.19304
1.82825 0.18992
1.82850 0.19332
1.82875 0.19686
1.82900 0.19335
1.82925 0.19481
1.82950 0.19185
1.82975 0.18996
1.83000 0.18698
1.83025 0.18665
1.83050 0.18813
1.83075 0.18634
1.83100 0.19026
1.83125 0.19023
1.83150 0.19373
1.83175 0.19443
1.83200 0.19970
1.83225 0.19705
1.83250 0.19739
1.83275 0.19620
1.83300 0.20058
1.83325 0.19770
1.83350 0.21174
1.83375 0.20032
1.83400 0.19857
1.83425 0.19596
1.83450 0.19351
1.83475 0.19755
1.83500 0.19882
1.83525 0.19860
1.83550 0.18953
1.83575 0.19487
1.83600 0.19272
1.83625 0.19276
1.83650 0.19338
1.83675 0.19689
1.83700 0.21681
1.83725 0.19941
1.83750 0.19312
1.83775 0.19158
1.83800 0.19481
1.83825 0.19390
1.83850 0.19055
1.83875 0.19837
1.83900 0.19011
1.83925 0.19082
1.83950 0.19268
1.83975 0.19709
1.84000 0.19249
1.84025 0.19078
1.84050 0.19213
1.84075 0.19930
1.84100 0.18977
1.84125 0.19304
1.84150 0.19275
1.84175 0.18910
1.84200 0.19569
1.84225 0.19475
1.84250 0.19073
1.84275 0.18457
1.84300 0.19503
1.84325 0.19084
1.84350 0.18888
1.84375 0.18857
1.84400 0.18801
1.84425 0.18967
1.84450 0.19665
1.84475 0.19239
1.84500 0.19273
1.84525 0.19083
1.84550 0.18802
1.84575 0.19175
1.84600 0.18993
1.84625 0.18316
1.84650 0.19027
1.84675 0.19450
1.84700 0.18569
1.84725 0.18830
1.84750 0.18641
1.84775 0.19073
1.84800 0.18521
1.84825 0.18734
1.84850 0.18523
1.84875 0.18252
1.84900 0.18269
1.84925 0.18117
1.84950 0.18281
1.84975 0.19141
1.85000 0.18974
1.85025 0.18578
1.85050 0.18748
1.85075 0.19287
1.85100 0.19104
1.85125 0.18476
1.85150 0.18343
1.85175 0.18196
1.85200 0.17980
1.85225 0.18164
1.85250 0.18322
1.85275 0.18004
1.85300 0.18214
1.85325 0.18296
1.85350 0.17970
1.85375 0.18237
1.85400 0.17744
1.85425 0.17896
1.85450 0.18518
1.85475 0.18133
1.85500 0.18276
1.85525 0.18333
1.85550 0.17895
1.85575 0.18030
1.85600 0.18053
1.85625 0.18643
1.85650 0.17944
1.85675 0.18267
1.85700 0.18220
1.85725 0.18351
1.85750 0.18335
1.85775 0.18627
1.85800 0.18682
1.85825 0.18822
1.85850 0.18102
1.85875 0.18784
1.85900 0.18307
1.85925 0.18545
1.85950 0.18650
1.85975 0.17852
1.86000 0.18247
1.86025 0.18461
1.86050 0.17902
1.86075 0.18564
1.86100 0.18482
1.86125 0.18599
1.86150 0.18561
1.86175 0.18615
1.86200 0.17901
1.86225 0.18257
1.86250 0.18036
1.86275 0.18116
1.86300 0.18168
1.86325 0.17763
1.86350 0.17311
1.86375 0.17931
1.86400 0.17700
1.86425 0.17794
1.86450 0.18333
1.86475 0.17885
1.86500 0.17999
1.86525 0.18055
1.86550 0.18329
1.86575 0.18643
1.86600 0.17978
1.86625 0.18012
1.86650 0.18484
1.86675 0.18056
1.86700 0.17774
1.86725 0.17852
1.86750 0.17561
1.86775 0.17751
1.86800 0.17615
1.86825 0.17690
1.86850 0.17939
1.86875 0.17508
1.86900 0.17015
1.86925 0.17202
1.86950 0.17107
1.86975 0.16833
1.87000 0.17202
1.87025 0.16598
1.87050 0.16776
1.87075 0.17153
1.87100 0.17244
1.87125 0.17688
1.87150 0.17187
1.87175 0.17297
1.87200 0.17377
1.87225 0.17047
1.87250 0.17276
1.87275 0.17293
1.87300 0.17297
1.87325 0.17301
1.87350 0.17435
1.87375 0.17233
1.87400 0.17010
1.87425 0.16945
1.87450 0.16677
1.87475 0.16966
1.87500 0.16894
1.87525 0.16690
1.87550 0.16485
1.87575 0.16843
1.87600 0.16978
1.87625 0.17016
1.87650 0.16976
1.87675 0.16404
1.87700 0.17702
1.87725 0.17429
1.87750 0.17315
1.87775 0.17050
1.87800 0.16879
1.87825 0.17086
1.87850 0.17248
1.87875 0.17076
1.87900 0.16975
1.87925 0.17205
1.87950 0.17317
1.87975 0.17110
1.88000 0.16955
1.88025 0.16867
1.88050 0.16603
1.88075 0.16849
1.88100 0.16386
1.88125 0.16410
1.88150 0.16413
1.88175 0.16332
1.88200 0.16421
1.88225 0.16416
1.88250 0.16456
1.88275 0.16494
1.88300 0.17075
1.88325 0.16776
1.88350 0.16595
1.88375 0.16922
1.88400 0.16665
1.88425 0.16432
1.88450 0.16337
1.88475 0.16792
1.88500 0.17084
1.88525 0.17681
1.88550 0.17085
1.88575 0.16981
1.88600 0.16812
1.88625 0.16475
1.88650 0.16756
1.88675 0.16631
1.88700 0.16878
1.88725 0.16981
1.88750 0.16849
1.88775 0.16523
1.88800 0.16422
1.88825 0.16412
1.88850 0.16657
1.88875 0.16442
1.88900 0.16590
1.88925 0.16360
1.88950 0.16478
1.88975 0.16394
1.89000 0.16746
1.89025 0.16755
1.89050 0.16664
1.89075 0.16877
1.89100 0.16680
1.89125 0.16638
1.89150 0.16858
1.89175 0.16598
1.89200 0.17141
1.89225 0.16992
1.89250 0.16524
1.89275 0.16512
1.89300 0.16862
1.89325 0.16821
1.89350 0.16578
1.89375 0.16901
1.89400 0.16476
1.89425 0.16804
1.89450 0.16445
1.89475 0.16341
1.89500 0.16914
1.89525 0.16658
1.89550 0.17240
1.89575 0.16629
1.89600 0.16367
1.89625 0.16466
1.89650 0.16608
1.89675 0.16455
1.89700 0.16160
1.89725 0.16284
1.89750 0.16957
1.89775 0.16710
1.89800 0.16709
1.89825 0.16813
1.89850 0.16985
1.89875 0.17126
1.89900 0.16788
1.89925 0.17057
1.89950 0.16566
1.89975 0.16449
1.90000 0.16715
1.90025 0.17039
1.90050 0.16767
1.90075 0.17054
1.90100 0.17110
1.90125 0.16902
1.90150 0.17138
1.90175 0.16480
1.90200 0.17257
1.90225 0.17258
1.90250 0.17102
1.90275 0.16958
1.90300 0.17408
1.90325 0.16807
1.90350 0.17171
1.90375 0.16474
1.90400 0.17127
1.90425 0.17096
1.90450 0.17203
1.90475 0.16900
1.90500 0.17158
1.90525 0.17328
1.90550 0.17451
1.90575 0.17430
1.90600 0.17196
1.90625 0.17737
1.90650 0.16831
1.90675 0.17029
1.90700 0.17182
1.90725 0.16983
1.90750 0.16685
1.90775 0.16474
1.90800 0.16956
1.90825 0.17456
1.90850 0.17195
1.90875 0.17244
1.90900 0.16695
1.90925 0.17179
1.90950 0.16394
1.90975 0.17129
1.91000 0.17410
1.91025 0.17366
1.91050 0.16596
1.91075 0.16313
1.91100 0.16238
1.91125 0.16271
1.91150 0.16523
1.91175 0.16333
1.91200 0.16335
1.91225 0.16495
1.91250 0.16996
1.91275 0.16925
1.91300 0.16454
1.91325 0.16338
1.91350 0.16220
1.91375 0.16708
1.91400 0.16450
1.91425 0.16419
1.91450 0.16583
1.91475 0.15954
1.91500 0.16524
1.91525 0.16212
1.91550 0.16738
1.91575 0.16306
1.91600 0.16471
1.91625 0.16426
1.91650 0.16437
1.91675 0.16966
1.91700 0.16818
1.91725 0.17350
1.91750 0.17307
1.91775 0.17483
1.91800 0.17598
1.91825 0.17267
1.91850 0.17403
1.91875 0.16886
1.91900 0.16583
1.91925 0.17366
1.91950 0.17127
1.91975 0.17021
1.92000 0.17098
1.92025 0.17119
1.92050 0.17253
1.92075 0.17188
1.92100 0.17455
1.92125 0.17891
1.92150 0.17382
1.92175 0.17653
1.92200 0.17579
1.92225 0.17093
1.92250 0.17137
1.92275 0.17284
1.92300 0.17497
1.92325 0.17831
1.92350 0.17927
1.92375 0.17625
1.92400 0.17504
1.92425 0.17603
1.92450 0.17320
1.92475 0.17502
1.92500 0.17598
1.92525 0.17352
1.92550 0.17822
1.92575 0.17134
1.92600 0.17023
1.92625 0.16808
1.92650 0.16898
1.92675 0.17144
1.92700 0.17776
1.92725 0.18759
1.92750 0.16884
1.92775 0.16717
1.92800 0.16838
1.92825 0.17035
1.92850 0.17122
1.92875 0.16911
1.92900 0.16911
1.92925 0.17019
1.92950 0.16796
1.92975 0.17863
1.93000 0.17076
1.93025 0.16839
1.93050 0.16772
1.93075 0.16890
1.93100 0.17052
1.93125 0.17199
1.93150 0.16220
1.93175 0.16706
1.93200 0.16598
1.93225 0.17295
1.93250 0.16276
1.93275 0.15936
1.93300 0.15889
1.93325 0.16128
1.93350 0.15788
1.93375 0.16203
1.93400 0.16013
1.93425 0.15596
1.93450 0.15710
1.93475 0.15651
1.93500 0.15559
1.93525 0.16012
1.93550 0.15800
1.93575 0.15720
1.93600 0.15656
1.93625 0.15791
1.93650 0.15508
1.93675 0.15571
1.93700 0.15604
1.93725 0.15283
1.93750 0.15272
1.93775 0.15979
1.93800 0.15443
1.93825 0.15579
1.93850 0.15947
1.93875 0.16281
1.93900 0.16582
1.93925 0.16383
1.93950 0.16317
1.93975 0.17119
1.94000 0.16523
1.94025 0.16491
1.94050 0.16226
1.94075 0.16164
1.94100 0.15858
1.94125 0.15749
1.94150 0.15765
1.94175 0.15560
1.94200 0.15835
1.94225 0.16342
1.94250 0.15712
1.94275 0.15001
1.94300 0.15206
1.94325 0.15160
1.94350 0.15488
1.94375 0.15088
1.94400 0.14991
1.94425 0.15089
1.94450 0.14992
1.94475 0.15597
1.94500 0.16112
1.94525 0.15566
1.94550 0.15446
1.94575 0.15012
1.94600 0.15444
1.94625 0.15477
1.94650 0.15632
1.94675 0.15137
1.94700 0.15153
1.94725 0.15321
1.94750 0.15169
1.94775 0.15465
1.94800 0.15484
1.94825 0.16319
1.94850 0.15641
1.94875 0.14983
1.94900 0.15263
1.94925 0.15137
1.94950 0.14850
1.94975 0.14946
1.95000 0.14683
1.95025 0.15021
1.95050 0.14734
1.95075 0.14833
1.95100 0.15044
1.95125 0.15342
1.95150 0.15037
1.95175 0.14798
1.95200 0.14655
1.95225 0.15169
1.95250 0.15448
1.95275 0.15297
1.95300 0.15953
1.95325 0.16675
1.95350 0.15675
1.95375 0.15562
1.95400 0.15769
1.95425 0.15482
1.95450 0.16290
1.95475 0.16056
1.95500 0.15604
1.95525 0.15516
1.95550 0.15374
1.95575 0.15500
1.95600 0.15944
1.95625 0.16092
1.95650 0.15610
1.95675 0.15516
1.95700 0.15595
1.95725 0.15732
1.95750 0.15650
1.95775 0.16397
1.95800 0.15680
1.95825 0.15753
1.95850 0.15860
1.95875 0.15310
1.95900 0.15267
1.95925 0.15684
1.95950 0.15331
1.95975 0.15355
1.96000 0.15204
1.96025 0.15043
1.96050 0.15331
1.96075 0.15190
1.96100 0.15223
1.96125 0.15465
1.96150 0.15248
1.96175 0.15296
1.96200 0.15337
1.96225 0.15105
1.96250 0.14931
1.96275 0.14810
1.96300 0.14558
1.96325 0.14948
1.96350 0.14609
1.96375 0.14915
1.96400 0.14811
1.96425 0.15174
1.96450 0.14643
1.96475 0.14612
1.96500 0.14953
1.96525 0.15193
1.96550 0.14888
1.96575 0.14846
1.96600 0.14759
1.96625 0.14989
1.96650 0.14478
1.96675 0.14274
1.96700 0.14432
1.96725 0.14684
1.96750 0.15105
1.96775 0.14932
1.96800 0.14999
1.96825 0.15345
1.96850 0.14561
1.96875 0.15353
1.96900 0.15039
1.96925 0.14453
1.96950 0.14472
1.96975 0.14924
1.97000 0.15070
1.97025 0.14514
1.97050 0.14936
1.97075 0.15123
1.97100 0.15171
1.97125 0.14912
1.97150 0.14687
1.97175 0.14725
1.97200 0.14785
1.97225 0.14555
1.97250 0.14787
1.97275 0.15065
1.97300 0.14567
1.97325 0.14854
1.97350 0.14512
1.97375 0.14859
1.97400 0.14841
1.97425 0.14708
1.97450 0.14689
1.97475 0.14423
1.97500 0.14644
1.97525 0.14451
1.97550 0.14488
1.97575 0.14601
1.97600 0.14380
1.97625 0.14530
1.97650 0.14644
1.97675 0.15268
1.97700 0.15308
1.97725 0.14451
1.97750 0.14838
1.97775 0.14611
1.97800 0.14685
1.97825 0.14819
1.97850 0.14968
1.97875 0.14656
1.97900 0.14626
1.97925 0.14415
1.97950 0.14529
1.97975 0.14673
1.98000 0.14516
1.98025 0.14710
1.98050 0.14768
1.98075 0.14853
1.98100 0.14519
1.98125 0.14945
1.98150 0.15401
1.98175 0.15327
1.98200 0.15432
1.98225 0.14776
1.98250 0.14800
1.98275 0.14652
1.98300 0.14979
1.98325 0.14876
1.98350 0.14897
1.98375 0.14555
1.98400 0.15546
1.98425 0.14766
1.98450 0.14607
1.98475 0.14405
1.98500 0.14661
1.98525 0.14522
1.98550 0.15622
1.98575 0.15257
1.98600 0.14657
1.98625 0.14921
1.98650 0.15180
1.98675 0.15035
1.98700 0.15559
1.98725 0.16118
1.98750 0.15511
1.98775 0.15090
1.98800 0.14829
1.98825 0.14839
1.98850 0.14978
1.98875 0.14791
1.98900 0.15232
1.98925 0.15083
1.98950 0.15192
1.98975 0.15817
1.99000 0.16943
1.99025 0.15157
1.99050 0.15377
1.99075 0.15657
1.99100 0.14993
1.99125 0.15197
1.99150 0.15347
1.99175 0.14941
1.99200 0.14762
1.99225 0.15060
1.99250 0.15113
1.99275 0.15182
1.99300 0.14980
1.99325 0.15023
1.99350 0.15141
1.99375 0.14768
1.99400 0.14926
1.99425 0.14984
1.99450 0.15148
1.99475 0.15031
1.99500 0.14915
1.99525 0.14900
1.99550 0.14764
1.99575 0.14967
1.99600 0.15141
1.99625 0.15445
1.99650 0.15540
1.99675 0.15726
1.99700 0.15521
1.99725 0.15241
1.99750 0.15130
1.99775 0.14919
1.99800 0.14919
1.99825 0.14631
1.99850 0.14587
1.99875 0.15147
1.99900 0.14818
1.99925 0.15164
1.99950 0.15017
1.99975 0.15276
2.00000 0.15162
2.00025 0.15421
2.00050 0.15264
2.00075 0.15333
2.00100 0.15235
2.00125 0.15192
2.00150 0.15144
2.00175 0.15137
2.00200 0.14843
2.00225 0.14823
2.00250 0.15267
2.00275 0.15372
2.00300 0.15197
2.00325 0.15079
2.00350 0.16040
2.00375 0.15367
2.00400 0.14827
2.00425 0.14859
2.00450 0.15618
2.00475 0.15101
2.00500 0.15040
2.00525 0.15070
2.00550 0.15146
2.00575 0.15036
2.00600 0.14734
2.00625 0.14702
2.00650 0.15018
2.00675 0.15180
2.00700 0.15769
2.00725 0.15496
2.00750 0.14886
2.00775 0.14426
2.00800 0.14776
2.00825 0.14725
2.00850 0.15069
2.00875 0.15794
2.00900 0.15056
2.00925 0.15131
2.00950 0.14991
2.00975 0.14987
2.01000 0.15224
2.01025 0.15086
2.01050 0.15420
2.01075 0.14898
2.01100 0.15084
2.01125 0.15006
2.01150 0.15108
2.01175 0.14873
2.01200 0.15069
2.01225 0.15083
2.01250 0.14907
2.01275 0.15358
2.01300 0.15054
2.01325 0.14610
2.01350 0.15125
2.01375 0.14945
2.01400 0.14755
2.01425 0.15025
2.01450 0.15105
2.01475 0.15072
2.01500 0.15207
2.01525 0.14889
2.01550 0.14986
2.01575 0.15307
2.01600 0.15440
2.01625 0.15060
2.01650 0.15161
2.01675 0.15062
2.01700 0.15019
2.01725 0.15161
2.01750 0.15587
2.01775 0.14978
2.01800 0.15096
2.01825 0.15446
2.01850 0.14629
2.01875 0.15251
2.01900 0.14965
2.01925 0.14929
2.01950 0.15107
2.01975 0.15132
2.02000 0.15115
2.02025 0.15015
2.02050 0.15103
2.02075 0.15174
2.02100 0.14886
2.02125 0.15036
2.02150 0.15214
2.02175 0.15088
2.02200 0.14674
2.02225 0.15199
2.02250 0.15174
2.02275 0.14935
2.02300 0.14797
2.02325 0.15234
2.02350 0.14963
2.02375 0.15573
2.02400 0.15386
2.02425 0.15340
2.02450 0.15169
2.02475 0.15310
2.02500 0.15332
2.02525 0.15413
2.02550 0.15064
2.02575 0.15312
2.02600 0.15179
2.02625 0.15573
2.02650 0.15455
2.02675 0.15600
2.02700 0.15867
2.02725 0.15187
2.02750 0.14957
2.02775 0.15078
2.02800 0.14902
2.02825 0.15150
2.02850 0.14781
2.02875 0.14886
2.02900 0.14932
2.02925 0.15280
2.02950 0.15627
2.02975 0.15053
2.03000 0.14899
2.03025 0.14817
2.03050 0.14722
2.03075 0.14844
2.03100 0.14829
2.03125 0.14825
2.03150 0.14976
2.03175 0.15149
2.03200 0.15015
2.03225 0.14964
2.03250 0.15205
2.03275 0.15311
2.03300 0.15172
2.03325 0.15090
2.03350 0.15242
2.03375 0.14915
2.03400 0.14974
2.03425 0.14802
2.03450 0.15032
2.03475 0.14907
2.03500 0.15093
2.03525 0.15061
2.03550 0.14860
2.03575 0.15010
2.03600 0.14647
2.03625 0.14883
2.03650 0.14744
2.03675 0.15054
2.03700 0.14731
2.03725 0.14860
2.03750 0.14920
2.03775 0.15052
2.03800 0.15297
2.03825 0.14531
2.03850 0.15192
2.03875 0.15082
2.03900 0.14966
2.03925 0.15038
2.03950 0.15358
2.03975 0.14957
2.04000 0.14925
2.04025 0.15214
2.04050 0.14762
2.04075 0.15235
2.04100 0.15403
2.04125 0.15028
2.04150 0.14956
2.04175 0.14840
2.04200 0.15020
2.04225 0.15285
2.04250 0.14697
2.04275 0.15214
2.04300 0.15078
2.04325 0.15415
2.04350 0.15117
2.04375 0.15113
2.04400 0.14831
2.04425 0.15067
2.04450 0.15301
2.04475 0.15094
2.04500 0.15219
2.04525 0.16241
2.04550 0.15436
2.04575 0.15390
2.04600 0.15242
2.04625 0.15133
2.04650 0.15091
2.04675 0.15282
2.04700 0.15626
2.04725 0.15148
2.04750 0.14971
2.04775 0.14962
2.04800 0.14646
2.04825 0.15138
2.04850 0.15177
2.04875 0.15691
2.04900 0.15364
2.04925 0.15499
2.04950 0.14962
2.04975 0.15276
2.05000 0.14940
2.05025 0.14925
2.05050 0.14786
2.05075 0.15392
2.05100 0.15127
2.05125 0.16071
2.05150 0.15841
2.05175 0.15063
2.05200 0.15420
2.05225 0.15065
2.05250 0.15049
2.05275 0.14931
2.05300 0.15159
2.05325 0.15062
2.05350 0.14894
2.05375 0.15538
2.05400 0.14780
2.05425 0.15081
2.05450 0.14787
2.05475 0.14783
2.05500 0.14802
2.05525 0.14813
2.05550 0.14989
2.05575 0.15159
2.05600 0.15256
2.05625 0.15373
2.05650 0.14984
2.05675 0.15346
2.05700 0.15247
2.05725 0.15534
2.05750 0.14845
2.05775 0.15435
2.05800 0.15481
2.05825 0.15416
2.05850 0.15421
2.05875 0.14902
2.05900 0.14992
2.05925 0.15029
2.05950 0.15006
2.05975 0.15584
2.06000 0.15047
2.06025 0.15540
2.06050 0.15045
2.06075 0.15144
2.06100 0.15290
2.06125 0.15645
2.06150 0.15254
2.06175 0.15429
2.06200 0.15583
2.06225 0.15898
2.06250 0.15525
2.06275 0.15201
2.06300 0.14885
2.06325 0.14830
2.06350 0.15245
2.06375 0.15224
2.06400 0.15554
2.06425 0.15501
2.06450 0.15165
2.06475 0.15058
2.06500 0.14985
2.06525 0.15662
2.06550 0.14969
2.06575 0.15130
2.06600 0.14675
2.06625 0.14725
2.06650 0.14316
2.06675 0.14649
2.06700 0.14968
2.06725 0.14492
2.06750 0.14765
2.06775 0.14782
2.06800 0.14462
2.06825 0.15135
2.06850 0.14742
2.06875 0.14012
2.06900 0.14223
2.06925 0.13825
2.06950 0.14155
2.06975 0.14647
2.07000 0.14488
2.07025 0.14574
2.07050 0.14480
2.07075 0.14113
2.07100 0.14206
2.07125 0.14192
2.07150 0.14221
2.07175 0.14348
2.07200 0.14015
2.07225 0.14065
2.07250 0.14287
2.07275 0.14160
2.07300 0.14293
2.07325 0.14005
2.07350 0.14336
2.07375 0.14203
2.07400 0.14775
2.07425 0.13969
2.07450 0.13929
2.07475 0.13873
2.07500 0.13826
2.07525 0.14181
2.07550 0.14279
2.07575 0.13824
2.07600 0.13887
2.07625 0.13591
2.07650 0.13776
2.07675 0.14135
2.07700 0.14540
2.07725 0.14508
2.07750 0.13988
2.07775 0.13739
2.07800 0.14073
2.07825 0.14106
2.07850 0.13932
2.07875 0.13950
2.07900 0.13961
2.07925 0.13516
2.07950 0.13816
2.07975 0.13684
2.08000 0.13714
2.08025 0.14087
2.08050 0.13796
2.08075 0.13789
2.08100 0.13476
2.08125 0.13644
2.08150 0.13879
2.08175 0.13804
2.08200 0.13632
2.08225 0.13719
2.08250 0.13707
2.08275 0.13702
2.08300 0.13479
2.08325 0.13552
2.08350 0.13522
2.08375 0.13695
2.08400 0.13546
2.08425 0.13534
2.08450 0.13425
2.08475 0.13569
2.08500 0.13746
2.08525 0.13721
2.08550 0.14070
2.08575 0.14158
2.08600 0.13628
2.08625 0.13915
2.08650 0.13973
2.08675 0.13803
2.08700 0.13790
2.08725 0.13939
2.08750 0.14838
2.08775 0.14166
2.08800 0.14251
2.08825 0.13969
2.08850 0.13654
2.08875 0.13877
2.08900 0.13720
2.08925 0.13844
2.08950 0.14016
2.08975 0.13996
2.09000 0.13839
2.09025 0.14639
2.09050 0.14171
2.09075 0.13641
2.09100 0.13907
2.09125 0.13839
2.09150 0.14237
2.09175 0.14495
2.09200 0.14291
2.09225 0.14379
2.09250 0.14182
2.09275 0.14146
2.09300 0.13870
2.09325 0.13724
2.09350 0.13826
2.09375 0.13930
2.09400 0.14079
2.09425 0.14456
2.09450 0.14248
2.09475 0.14348
2.09500 0.14724
2.09525 0.14014
2.09550 0.14620
2.09575 0.14189
2.09600 0.14164
2.09625 0.14050
2.09650 0.13940
2.09675 0.14379
2.09700 0.14239
2.09725 0.13994
2.09750 0.14104
2.09775 0.13821
2.09800 0.14129
2.09825 0.13834
2.09850 0.13640
2.09875 0.14170
2.09900 0.14080
2.09925 0.14386
2.09950 0.14336
2.09975 0.14253
2.10000 0.14558
2.10025 0.13915
2.10050 0.13825
2.10075 0.13883
2.10100 0.13765
2.10125 0.13981
2.10150 0.14276
2.10175 0.13966
2.10200 0.14164
2.10225 0.13769
2.10250 0.14292
2.10275 0.14248
2.10300 0.14101
2.10325 0.14034
2.10350 0.13863
2.10375 0.13916
2.10400 0.13812
2.10425 0.13818
2.10450 0.13711
2.10475 0.13619
2.10500 0.13455
2.10525 0.13696
2.10550 0.13569
2.10575 0.13845
2.10600 0.16088
2.10625 0.13578
2.10650 0.13543
2.10675 0.13456
2.10700 0.13621
2.10725 0.13617
2.10750 0.13678
2.10775 0.13751
2.10800 0.13431
2.10825 0.13313
2.10850 0.13549
2.10875 0.13444
2.10900 0.14090
2.10925 0.13844
2.10950 0.13379
2.10975 0.13572
2.11000 0.13584
2.11025 0.13454
2.11050 0.13616
2.11075 0.14002
2.11100 0.13777
2.11125 0.13720
2.11150 0.13606
2.11175 0.13652
2.11200 0.14090
2.11225 0.13610
2.11250 0.13693
2.11275 0.13906
2.11300 0.13511
2.11325 0.13757
2.11350 0.13386
2.11375 0.13547
2.11400 0.13465
2.11425 0.13274
2.11450 0.13829
2.11475 0.13543
2.11500 0.13977
2.11525 0.13489
2.11550 0.13684
2.11575 0.13497
2.11600 0.13696
2.11625 0.13527
2.11650 0.13834
2.11675 0.14089
2.11700 0.14373
2.11725 0.14242
2.11750 0.13602
2.11775 0.13503
2.11800 0.13639
2.11825 0.13913
2.11850 0.13659
2.11875 0.13605
2.11900 0.13717
2.11925 0.13686
2.11950 0.13535
2.11975 0.13830
2.12000 0.13569
2.12025 0.13571
2.12050 0.13697
2.12075 0.13925
2.12100 0.13794
2.12125 0.13350
2.12150 0.13609
2.12175 0.13583
2.12200 0.13470
2.12225 0.13570
2.12250 0.13351
2.12275 0.13509
2.12300 0.13442
2.12325 0.13798
2.12350 0.13359
2.12375 0.13454
2.12400 0.13448
2.12425 0.13469
2.12450 0.13426
2.12475 0.13182
2.12500 0.13402
2.12525 0.13348
2.12550 0.13306
2.12575 0.13355
2.12600 0.13534
2.12625 0.13700
2.12650 0.13971
2.12675 0.13533
2.12700 0.13789
2.12725 0.13837
2.12750 0.13584
2.12775 0.13432
2.12800 0.13575
2.12825 0.13539
2.12850 0.13697
2.12875 0.13474
2.12900 0.13825
2.12925 0.13806
2.12950 0.13600
2.12975 0.13640
2.13000 0.13418
2.13025 0.13955
2.13050 0.14910
2.13075 0.13936
2.13100 0.13724
2.13125 0.13650
2.13150 0.13683
2.13175 0.14139
2.13200 0.13628
2.13225 0.13971
2.13250 0.13725
2.13275 0.13855
2.13300 0.13572
2.13325 0.13984
2.13350 0.13751
2.13375 0.13536
2.13400 0.13631
2.13425 0.13550
2.13450 0.13591
2.13475 0.13267
2.13500 0.13843
2.13525 0.13836
2.13550 0.13570
2.13575 0.13744
2.13600 0.13655
2.13625 0.13892
2.13650 0.13537
2.13675 0.13619
2.13700 0.13587
2.13725 0.13604
2.13750 0.13565
2.13775 0.13432
2.13800 0.13628
2.13825 0.13845
2.13850 0.14235
2.13875 0.14319
2.13900 0.13675
2.13925 0.14067
2.13950 0.13737
2.13975 0.13743
2.14000 0.13453
2.14025 0.14386
2.14050 0.13751
2.14075 0.13629
2.14100 0.13815
2.14125 0.13695
2.14150 0.13986
2.14175 0.13876
2.14200 0.14038
2.14225 0.15448
2.14250 0.13912
2.14275 0.14266
2.14300 0.13975
2.14325 0.13793
2.14350 0.13908
2.14375 0.13800
2.14400 0.14071
2.14425 0.13824
2.14450 0.13785
2.14475 0.13837
2.14500 0.13858
2.14525 0.14123
2.14550 0.13797
2.14575 0.14004
2.14600 0.13961
2.14625 0.13812
2.14650 0.13694
2.14675 0.13790
2.14700 0.14027
2.14725 0.13885
2.14750 0.13756
2.14775 0.13744
2.14800 0.14124
2.14825 0.13867
2.14850 0.14288
2.14875 0.14095
2.14900 0.14163
2.14925 0.13886
2.14950 0.13919
2.14975 0.13804
2.15000 0.13845
2.15025 0.13867
2.15050 0.13756
2.15075 0.13870
2.15100 0.13910
2.15125 0.13581
2.15150 0.13964
2.15175 0.13893
2.15200 0.14031
2.15225 0.14392
2.15250 0.14032
2.15275 0.14023
2.15300 0.14100
2.15325 0.14132
2.15350 0.14263
2.15375 0.14606
2.15400 0.14484
2.15425 0.14156
2.15450 0.14133
2.15475 0.14266
2.15500 0.14122
2.15525 0.14509
2.15550 0.14572
2.15575 0.14026
2.15600 0.14075
2.15625 0.15367
2.15650 0.14268
2.15675 0.14023
2.15700 0.14391
2.15725 0.14160
2.15750 0.14044
2.15775 0.14122
2.15800 0.14138
2.15825 0.14544
2.15850 0.13903
2.15875 0.15616
2.15900 0.14800
2.15925 0.14321
2.15950 0.14324
2.15975 0.14551
2.16000 0.14432
2.16025 0.14934
2.16050 0.17749
2.16075 0.14304
2.16100 0.14161
2.16125 0.14106
2.16150 0.13925
2.16175 0.13834
2.16200 0.14283
2.16225 0.14430
2.16250 0.13835
2.16275 0.13564
2.16300 0.13941
2.16325 0.13849
2.16350 0.13737
2.16375 0.13742
2.16400 0.13827
2.16425 0.13771
2.16450 0.14133
2.16475 0.14483
2.16500 0.14153
2.16525 0.14690
2.16550 0.14583
2.16575 0.14179
2.16600 0.14370
2.16625 0.14038
2.16650 0.14119
2.16675 0.14146
2.16700 0.14131
2.16725 0.13944
2.16750 0.14297
2.16775 0.14223
2.16800 0.14114
2.16825 0.14263
2.16850 0.13922
2.16875 0.14002
2.16900 0.13740
2.16925 0.14173
2.16950 0.14138
2.16975 0.14012
2.17000 0.14296
2.17025 0.14974
2.17050 0.14160
2.17075 0.14426
2.17100 0.14603
2.17125 0.14541
2.17150 0.14348
2.17175 0.14319
2.17200 0.14010
2.17225 0.13920
2.17250 0.14199
2.17275 0.13984
2.17300 0.13652
2.17325 0.13777
2.17350 0.14495
2.17375 0.14419
2.17400 0.15114
2.17425 0.14505
2.17450 0.14309
2.17475 0.14394
2.17500 0.13996
2.17525 0.14086
2.17550 0.14274
2.17575 0.14418
2.17600 0.14621
2.17625 0.14368
2.17650 0.13977
2.17675 0.14479
2.17700 0.14299
2.17725 0.14483
2.17750 0.14492
2.17775 0.14362
2.17800 0.14341
2.17825 0.14190
2.17850 0.14028
2.17875 0.14063
2.17900 0.14152
2.17925 0.14196
2.17950 0.14510
2.17975 0.14958
2.18000 0.14192
2.18025 0.13824
2.18050 0.14175
2.18075 0.14257
2.18100 0.13683
2.18125 0.14445
2.18150 0.14077
2.18175 0.14407
2.18200 0.14920
2.18225 0.14431
2.18250 0.13901
2.18275 0.14252
2.18300 0.14131
2.18325 0.13979
2.18350 0.14444
2.18375 0.14256
2.18400 0.14177
2.18425 0.15004
2.18450 0.14392
2.18475 0.14281
2.18500 0.14343
2.18525 0.14420
2.18550 0.13938
2.18575 0.14014
2.18600 0.14498
2.18625 0.14406
2.18650 0.14133
2.18675 0.13539
2.18700 0.13750
2.18725 0.13824
2.18750 0.13763
2.18775 0.13735
2.18800 0.13981
2.18825 0.13782
2.18850 0.13902
2.18875 0.13793
2.18900 0.13809
2.18925 0.13995
2.18950 0.13759
2.18975 0.14029
2.19000 0.13482
2.19025 0.14231
2.19050 0.13637
2.19075 0.13772
2.19100 0.13778
2.19125 0.13633
2.19150 0.13793
2.19175 0.13887
2.19200 0.14038
2.19225 0.13672
2.19250 0.13847
2.19275 0.14827
2.19300 0.14298
2.19325 0.14261
2.19350 0.14254
2.19375 0.13996
2.19400 0.13762
2.19425 0.13776
2.19450 0.13756
2.19475 0.13883
2.19500 0.14050
2.19525 0.13734
2.19550 0.13619
2.19575 0.13720
2.19600 0.14300
2.19625 0.14385
2.19650 0.14065
2.19675 0.14341
2.19700 0.14399
2.19725 0.14537
2.19750 0.14128
2.19775 0.14023
2.19800 0.13914
2.19825 0.14144
2.19850 0.14534
2.19875 0.14174
2.19900 0.14276
2.19925 0.14210
2.19950 0.14098
2.19975 0.14741
2.20000 0.15417
2.20025 0.14934
2.20050 0.14449
2.20075 0.14857
2.20100 0.15277
2.20125 0.14722
2.20150 0.14886
2.20175 0.14317
2.20200 0.14560
2.20225 0.14852
2.20250 0.15141
2.20275 0.14992
2.20300 0.14660
2.20325 0.15232
2.20350 0.14279
2.20375 0.14378
2.20400 0.14553
2.20425 0.14663
2.20450 0.15197
2.20475 0.15111
2.20500 0.14640
2.20525 0.14436
2.20550 0.14406
2.20575 0.14620
2.20600 0.14333
2.20625 0.14489
2.20650 0.14751
2.20675 0.14287
2.20700 0.13985
2.20725 0.14109
2.20750 0.14297
2.20775 0.14006
2.20800 0.14026
2.20825 0.14319
2.20850 0.14282
2.20875 0.14060
2.20900 0.14378
2.20925 0.14099
2.20950 0.14095
2.20975 0.14272
2.21000 0.14499
2.21025 0.14805
2.21050 0.14726
2.21075 0.13801
2.21100 0.14111
2.21125 0.14275
2.21150 0.14208
2.21175 0.14481
2.21200 0.14314
2.21225 0.14001
2.21250 0.14234
2.21275 0.14332
2.21300 0.13916
2.21325 0.14507
2.21350 0.14678
2.21375 0.14378
2.21400 0.13979
2.21425 0.14173
2.21450 0.14047
2.21475 0.14099
2.21500 0.14155
2.21525 0.14111
2.21550 0.14125
2.21575 0.13915
2.21600 0.13953
2.21625 0.13809
2.21650 0.13979
2.21675 0.13883
2.21700 0.14061
2.21725 0.14082
2.21750 0.14018
2.21775 0.13846
2.21800 0.13814
2.21825 0.13639
2.21850 0.13703
2.21875 0.14047
2.21900 0.14635
2.21925 0.14211
2.21950 0.14428
2.21975 0.13886
2.22000 0.13802
2.22025 0.13666
2.22050 0.13869
2.22075 0.13975
2.22100 0.13902
2.22125 0.14306
2.22150 0.13926
2.22175 0.13834
2.22200 0.14264
2.22225 0.14471
2.22250 0.14676
2.22275 0.14431
2.22300 0.13923
2.22325 0.14030
2.22350 0.14267
2.22375 0.14052
2.22400 0.14111
2.22425 0.13851
2.22450 0.13793
2.22475 0.14288
2.22500 0.14449
2.22525 0.14675
2.22550 0.15575
2.22575 0.14203
2.22600 0.14372
2.22625 0.13806
2.22650 0.14125
2.22675 0.13656
2.22700 0.13817
2.22725 0.13854
2.22750 0.13941
2.22775 0.13674
2.22800 0.13868
2.22825 0.13510
2.22850 0.13900
2.22875 0.13673
2.22900 0.14157
2.22925 0.13895
2.22950 0.13785
2.22975 0.14240
2.23000 0.14210
2.23025 0.13773
2.23050 0.13855
2.23075 0.13852
2.23100 0.13492
2.23125 0.13973
2.23150 0.13804
2.23175 0.14220
2.23200 0.14009
2.23225 0.14139
2.23250 0.14719
2.23275 0.13696
2.23300 0.14026
2.23325 0.13795
2.23350 0.13453
2.23375 0.13566
2.23400 0.13767
2.23425 0.13711
2.23450 0.13324
2.23475 0.13235
2.23500 0.13201
2.23525 0.13362
2.23550 0.13472
2.23575 0.13635
2.23600 0.13568
2.23625 0.13850
2.23650 0.13972
2.23675 0.13593
2.23700 0.13703
2.23725 0.13706
2.23750 0.13994
2.23775 0.13926
2.23800 0.13732
2.23825 0.13755
2.23850 0.14411
2.23875 0.13885
2.23900 0.13692
2.23925 0.13560
2.23950 0.13509
2.23975 0.13442
2.24000 0.13679
2.24025 0.13802
2.24050 0.13761
2.24075 0.13433
2.24100 0.13651
2.24125 0.13892
2.24150 0.14024
2.24175 0.14014
2.24200 0.13661
2.24225 0.13832
2.24250 0.13907
2.24275 0.14130
2.24300 0.14004
2.24325 0.14264
2.24350 0.13687
2.24375 0.14019
2.24400 0.13910
2.24425 0.14228
2.24450 0.14099
2.24475 0.13835
2.24500 0.13742
2.24525 0.14073
2.24550 0.14180
2.24575 0.13854
2.24600 0.13720
2.24625 0.13816
2.24650 0.13928
2.24675 0.13761
2.24700 0.13769
2.24725 0.13773
2.24750 0.13762
2.24775 0.13621
2.24800 0.13717
2.24825 0.13378
2.24850 0.13478
2.24875 0.14272
2.24900 0.13849
2.24925 0.13697
2.24950 0.13743
2.24975 0.13600
2.25000 0.14051
2.25025 0.13590
2.25050 0.14057
2.25075 0.13876
2.25100 0.13858
2.25125 0.13653
2.25150 0.13780
2.25175 0.14162
2.25200 0.14945
2.25225 0.14167
2.25250 0.14236
2.25275 0.13937
2.25300 0.13537
2.25325 0.13795
2.25350 0.13545
2.25375 0.13976
2.25400 0.13890
2.25425 0.13864
2.25450 0.14068
2.25475 0.14209
2.25500 0.14074
2.25525 0.14725
2.25550 0.14186
2.25575 0.14161
2.25600 0.13812
2.25625 0.13950
2.25650 0.13933
2.25675 0.14084
2.25700 0.13820
2.25725 0.14164
2.25750 0.13907
2.25775 0.14377
2.25800 0.14182
2.25825 0.13681
2.25850 0.14309
2.25875 0.14375
2.25900 0.14321
2.25925 0.13878
2.25950 0.14505
2.25975 0.14492
2.26000 0.14456
2.26025 0.13908
2.26050 0.14255
2.26075 0.14108
2.26100 0.14272
2.26125 0.13684
2.26150 0.13703
2.26175 0.13885
2.26200 0.13524
2.26225 0.13323
2.26250 0.13562
2.26275 0.13463
2.26300 0.13692
2.26325 0.14122
2.26350 0.15073
2.26375 0.13791
2.26400 0.13914
2.26425 0.13768
2.26450 0.13721
2.26475 0.14108
2.26500 0.14153
2.26525 0.13649
2.26550 0.13555
2.26575 0.13966
2.26600 0.14003
2.26625 0.13471
2.26650 0.13753
2.26675 0.13252
2.26700 0.13516
2.26725 0.13384
2.26750 0.13460
2.26775 0.13506
2.26800 0.13451
2.26825 0.13471
2.26850 0.13406
2.26875 0.13632
2.26900 0.13379
2.26925 0.13524
2.26950 0.13369
2.26975 0.13701
2.27000 0.13336
2.27025 0.13482
2.27050 0.13490
2.27075 0.13527
2.27100 0.13501
2.27125 0.13699
2.27150 0.13555
2.27175 0.13641
2.27200 0.14364
2.27225 0.13799
2.27250 0.14011
2.27275 0.13784
2.27300 0.14227
2.27325 0.13985
2.27350 0.14018
2.27375 0.14043
2.27400 0.13916
2.27425 0.13891
2.27450 0.14211
2.27475 0.13954
2.27500 0.14163
2.27525 0.14102
2.27550 0.14079
2.27575 0.13920
2.27600 0.14022
2.27625 0.14040
2.27650 0.13696
2.27675 0.13965
2.27700 0.14180
2.27725 0.14132
2.27750 0.14139
2.27775 0.14266
2.27800 0.14316
2.27825 0.13904
2.27850 0.13973
2.27875 0.14093
2.27900 0.14000
2.27925 0.14071
2.27950 0.14083
2.27975 0.14117
2.28000 0.14175
2.28025 0.13672
2.28050 0.14387
2.28075 0.14244
2.28100 0.14238
2.28125 0.14162
2.28150 0.14391
2.28175 0.14381
2.28200 0.14111
2.28225 0.14281
2.28250 0.14003
2.28275 0.14417
2.28300 0.14356
2.28325 0.14604
2.28350 0.14266
2.28375 0.14299
2.28400 0.14751
2.28425 0.13827
2.28450 0.14156
2.28475 0.14294
2.28500 0.14074
2.28525 0.14206
2.28550 0.14057
2.28575 0.14376
2.28600 0.14957
2.28625 0.14812
2.28650 0.14202
2.28675 0.14880
2.28700 0.14277
2.28725 0.14489
2.28750 0.14206
2.28775 0.14238
2.28800 0.14432
2.28825 0.14815
2.28850 0.14153
2.28875 0.14053
2.28900 0.15557
2.28925 0.13964
2.28950 0.14237
2.28975 0.13939
2.29000 0.13908
2.29025 0.14266
2.29050 0.13779
2.29075 0.14114
2.29100 0.13669
2.29125 0.14021
2.29150 0.13825
2.29175 0.13578
2.29200 0.14102
2.29225 0.14129
2.29250 0.13945
2.29275 0.14248
2.29300 0.14113
2.29325 0.14953
2.29350 0.13655
2.29375 0.14127
2.29400 0.13979
2.29425 0.13879
2.29450 0.14324
2.29475 0.13944
2.29500 0.14104
2.29525 0.13867
2.29550 0.13695
2.29575 0.13897
2.29600 0.13940
2.29625 0.14158
2.29650 0.14111
2.29675 0.13941
2.29700 0.13844
2.29725 0.14192
2.29750 0.13545
2.29775 0.13880
2.29800 0.14090
2.29825 0.14004
2.29850 0.13600
2.29875 0.13775
2.29900 0.13602
2.29925 0.13627
2.29950 0.13559
2.29975 0.13671
2.30000 0.13678
2.30025 0.13496
2.30050 0.13694
2.30075 0.13429
2.30100 0.13569
2.30125 0.13359
2.30150 0.13244
2.30175 0.13499
2.30200 0.13370
2.30225 0.13116
2.30250 0.13309
2.30275 0.13669
2.30300 0.13397
2.30325 0.13605
2.30350 0.13427
2.30375 0.13429
2.30400 0.13188
2.30425 0.13290
2.30450 0.13367
2.30475 0.13126
2.30500 0.13686
2.30525 0.13619
2.30550 0.13828
2.30575 0.13492
2.30600 0.13318
2.30625 0.13706
2.30650 0.13541
2.30675 0.13188
2.30700 0.13364
2.30725 0.13550
2.30750 0.13269
2.30775 0.13630
2.30800 0.13307
2.30825 0.13656
2.30850 0.13946
2.30875 0.13336
2.30900 0.13649
2.30925 0.13302
2.30950 0.13710
2.30975 0.13310
2.31000 0.13524
2.31025 0.13421
2.31050 0.13402
2.31075 0.14531
2.31100 0.13649
2.31125 0.13615
2.31150 0.13485
2.31175 0.13303
2.31200 0.13449
2.31225 0.13272
2.31250 0.13475
2.31275 0.13198
2.31300 0.13437
2.31325 0.13594
2.31350 0.13433
2.31375 0.13401
2.31400 0.13654
2.31425 0.13388
2.31450 0.13271
2.31475 0.13417
2.31500 0.13483
2.31525 0.13563
2.31550 0.13698
2.31575 0.13172
2.31600 0.13933
2.31625 0.13345
2.31650 0.13117
2.31675 0.13445
2.31700 0.13554
2.31725 0.13588
2.31750 0.13767
2.31775 0.13823
2.31800 0.13647
2.31825 0.13781
2.31850 0.14451
2.31875 0.13289
2.31900 0.13285
2.31925 0.13484
2.31950 0.13060
2.31975 0.13304
2.32000 0.13515
2.32025 0.13690
2.32050 0.13484
2.32075 0.13448
2.32100 0.13539
2.32125 0.13577
2.32150 0.13599
2.32175 0.13267
2.32200 0.13901
2.32225 0.13873
2.32250 0.13654
2.32275 0.13251
2.32300 0.13515
2.32325 0.12937
2.32350 0.13218
2.32375 0.13113
2.32400 0.13092
2.32425 0.12901
2.32450 0.13153
2.32475 0.13142
2.32500 0.13265
2.32525 0.13576
2.32550 0.13000
2.32575 0.13947
2.32600 0.13271
2.32625 0.13185
2.32650 0.13749
2.32675 0.14131
2.32700 0.13443
2.32725 0.13344
2.32750 0.13661
2.32775 0.14031
2.32800 0.13081
2.32825 0.13495
2.32850 0.12868
2.32875 0.13724
2.32900 0.13178
2.32925 0.13148
2.32950 0.13575
2.32975 0.14142
2.33000 0.13784
2.33025 0.13944
2.33050 0.13318
2.33075 0.14021
2.33100 0.13033
2.33125 0.13053
2.33150 0.14558
2.33175 0.13147
2.33200 0.13210
2.33225 0.13319
2.33250 0.13647
2.33275 0.13501
2.33300 0.13429
2.33325 0.13238
2.33350 0.13080
2.33375 0.13405
2.33400 0.13249
2.33425 0.12935
2.33450 0.13252
2.33475 0.13561
2.33500 0.14835
2.33525 0.13468
2.33550 0.12953
2.33575 0.12614
2.33600 0.13612
2.33625 0.12811
2.33650 0.12992
2.33675 0.13428
2.33700 0.13065
2.33725 0.12835
2.33750 0.12804
2.33775 0.12823
2.33800 0.12687
2.33825 0.12925
2.33850 0.12845
2.33875 0.12911
2.33900 0.12822
2.33925 0.12832
2.33950 0.13089
2.33975 0.13753
2.34000 0.13092
2.34025 0.13000
2.34050 0.12851
2.34075 0.12986
2.34100 0.13383
2.34125 0.12977
2.34150 0.13375
2.34175 0.13053
2.34200 0.12902
2.34225 0.13006
2.34250 0.12630
2.34275 0.12805
2.34300 0.12701
2.34325 0.12911
2.34350 0.13330
2.34375 0.13452
2.34400 0.12854
2.34425 0.13871
2.34450 0.13284
2.34475 0.13699
2.34500 0.13320
2.34525 0.13570
2.34550 0.13984
2.34575 0.13425
2.34600 0.13739
2.34625 0.13826
2.34650 0.13149
2.34675 0.13221
2.34700 0.13354
2.34725 0.14016
2.34750 0.14006
2.34775 0.13537
2.34800 0.13149
2.34825 0.14350
2.34850 0.14069
2.34875 0.13706
2.34900 0.14043
2.34925 0.14108
2.34950 0.14541
2.34975 0.14031
2.35000 0.13618
2.35025 0.13246
2.35050 0.13394
2.35075 0.13274
2.35100 0.12851
2.35125 0.13248
2.35150 0.13380
2.35175 0.13451
2.35200 0.13187
2.35225 0.13371
2.35250 0.13567
2.35275 0.13450
2.35300 0.13477
2.35325 0.13415
2.35350 0.13519
2.35375 0.13541
2.35400 0.13283
2.35425 0.13049
2.35450 0.13238
2.35475 0.13392
2.35500 0.13020
2.35525 0.13192
2.35550 0.13301
2.35575 0.13541
2.35600 0.13563
2.35625 0.13678
2.35650 0.13504
2.35675 0.14048
2.35700 0.13678
2.35725 0.13948
2.35750 0.13790
2.35775 0.13843
2.35800 0.14018
2.35825 0.13802
2.35850 0.13798
2.35875 0.13410
2.35900 0.13563
2.35925 0.13332
2.35950 0.13326
2.35975 0.13238
2.36000 0.13036
2.36025 0.12986
2.36050 0.12922
2.36075 0.13136
2.36100 0.13426
2.36125 0.13482
2.36150 0.13823
2.36175 0.13464
2.36200 0.13559
2.36225 0.13493
2.36250 0.13828
2.36275 0.13422
2.36300 0.14094
2.36325 0.14567
2.36350 0.13243
2.36375 0.13249
2.36400 0.13247
2.36425 0.13280
2.36450 0.13131
2.36475 0.12972
2.36500 0.13258
2.36525 0.13011
2.36550 0.13121
2.36575 0.13152
2.36600 0.13640
2.36625 0.13312
2.36650 0.13474
2.36675 0.14511
2.36700 0.14096
2.36725 0.13793
2.36750 0.14099
2.36775 0.13116
2.36800 0.15024
2.36825 0.13952
2.36850 0.14530
2.36875 0.13270
2.36900 0.13501
2.36925 0.13545
2.36950 0.13642
2.36975 0.13226
2.37000 0.13637
2.37025 0.13594
2.37050 0.13298
2.37075 0.13584
2.37100 0.13128
2.37125 0.13516
2.37150 0.13628
2.37175 0.13388
2.37200 0.13162
2.37225 0.13226
2.37250 0.13045
2.37275 0.12958
2.37300 0.13180
2.37325 0.13070
2.37350 0.13044
2.37375 0.13032
2.37400 0.13164
2.37425 0.13379
2.37450 0.13201
2.37475 0.13187
2.37500 0.13148
2.37525 0.13058
2.37550 0.13333
2.37575 0.13206
2.37600 0.12694
2.37625 0.13195
2.37650 0.12828
2.37675 0.13387
2.37700 0.12951
2.37725 0.13432
2.37750 0.13196
2.37775 0.13231
2.37800 0.13127
2.37825 0.13743
2.37850 0.13687
2.37875 0.13809
2.37900 0.13587
2.37925 0.14167
2.37950 0.13714
2.37975 0.13550
2.38000 0.13379
2.38025 0.13108
2.38050 0.13137
2.38075 0.13090
2.38100 0.13263
2.38125 0.12863
2.38150 0.12860
2.38175 0.13037
2.38200 0.12754
2.38225 0.13164
2.38250 0.13218
2.38275 0.12787
2.38300 0.12832
2.38325 0.12644
2.38350 0.13010
2.38375 0.12766
2.38400 0.12440
2.38425 0.12554
2.38450 0.12533
2.38475 0.13092
2.38500 0.12667
2.38525 0.13311
2.38550 0.13154
2.38575 0.13069
2.38600 0.12813
2.38625 0.13424
2.38650 0.13763
2.38675 0.13840
2.38700 0.13415
2.38725 0.12973
2.38750 0.13045
2.38775 0.12721
2.38800 0.12085
2.38825 0.12019
2.38850 0.13011
2.38875 0.12931
2.38900 0.12896
2.38925 0.12579
2.38950 0.13136
2.38975 0.12631
2.39000 0.12784
2.39025 0.12544
2.39050 0.12502
2.39075 0.12500
2.39100 0.12435
2.39125 0.12344
2.39150 0.12378
2.39175 0.12254
2.39200 0.12491
2.39225 0.12598
2.39250 0.12759
2.39275 0.12570
2.39300 0.12998
2.39325 0.12679
2.39350 0.12670
2.39375 0.12030
2.39400 0.12136
2.39425 0.12283
2.39450 0.12301
2.39475 0.12032
2.39500 0.12309
2.39525 0.12489
2.39550 0.11968
2.39575 0.12268
2.39600 0.12278
2.39625 0.12667
2.39650 0.12405
2.39675 0.12594
2.39700 0.12543
2.39725 0.12311
2.39750 0.12708
2.39775 0.12280
2.39800 0.12538
2.39825 0.12686
2.39850 0.12516
2.39875 0.12370
2.39900 0.12750
2.39925 0.12632
2.39950 0.12380
2.39975 0.12668
2.40000 0.12293
2.40025 0.12470
2.40050 0.12371
2.40075 0.11895
2.40100 0.12585
2.40125 0.12648
2.40150 0.12583
2.40175 0.12369
2.40200 0.12179
2.40225 0.12246
2.40250 0.12211
2.40275 0.12187
2.40300 0.12512
2.40325 0.12324
2.40350 0.12586
2.40375 0.12534
2.40400 0.12819
2.40425 0.13016
2.40450 0.13375
2.40475 0.12823
2.40500 0.13141
2.40525 0.13301
2.40550 0.13057
2.40575 0.13166
2.40600 0.12690
2.40625 0.12703
2.40650 0.12641
2.40675 0.12515
2.40700 0.12351
2.40725 0.12671
2.40750 0.12422
2.40775 0.12627
2.40800 0.12241
2.40825 0.12582
2.40850 0.12518
2.40875 0.12107
2.40900 0.12233
2.40925 0.12665
2.40950 0.12467
2.40975 0.12617
2.41000 0.12474
2.41025 0.12569
2.41050 0.12756
2.41075 0.12492
2.41100 0.12518
2.41125 0.12507
2.41150 0.12260
2.41175 0.12177
2.41200 0.12149
2.41225 0.12221
2.41250 0.12065
2.41275 0.12078
2.41300 0.12312
2.41325 0.12302
2.41350 0.12249
2.41375 0.12280
2.41400 0.12169
2.41425 0.12947
2.41450 0.12397
2.41475 0.12709
2.41500 0.12707
2.41525 0.12998
2.41550 0.12589
2.41575 0.12695
2.41600 0.12457
2.41625 0.12463
2.41650 0.12464
2.41675 0.12173
2.41700 0.12364
2.41725 0.12352
2.41750 0.12510
2.41775 0.12090
2.41800 0.12891
2.41825 0.12322
2.41850 0.12886
2.41875 0.12892
2.41900 0.12960
2.41925 0.12942
2.41950 0.12624
2.41975 0.12783
2.42000 0.12523
2.42025 0.12487
2.42050 0.12997
2.42075 0.12643
2.42100 0.12706
2.42125 0.12296
2.42150 0.12311
2.42175 0.12525
2.42200 0.12489
2.42225 0.12743
2.42250 0.12863
2.42275 0.12359
2.42300 0.12521
2.42325 0.12404
2.42350 0.12780
2.42375 0.12508
2.42400 0.12346
2.42425 0.12658
2.42450 0.12458
2.42475 0.12658
2.42500 0.12645
2.42525 0.12201
2.42550 0.12620
2.42575 0.12658
2.42600 0.12454
2.42625 0.12645
2.42650 0.13091
2.42675 0.12963
2.42700 0.12499
2.42725 0.12507
2.42750 0.12648
2.42775 0.12851
2.42800 0.12698
2.42825 0.12583
2.42850 0.12439
2.42875 0.12314
2.42900 0.12562
2.42925 0.12354
2.42950 0.12790
2.42975 0.12793
2.43000 0.12640
2.43025 0.12453
2.43050 0.12719
2.43075 0.12630
2.43100 0.12703
2.43125 0.12389
2.43150 0.12446
2.43175 0.12100
2.43200 0.12470
2.43225 0.11978
2.43250 0.12087
2.43275 0.12210
2.43300 0.12240
2.43325 0.12326
2.43350 0.12577
2.43375 0.12332
2.43400 0.12440
2.43425 0.12423
2.43450 0.12193
2.43475 0.12128
2.43500 0.12317
2.43525 0.12467
2.43550 0.12320
2.43575 0.12299
2.43600 0.12317
2.43625 0.12338
2.43650 0.12366
2.43675 0.12664
2.43700 0.12336
2.43725 0.12306
2.43750 0.12322
2.43775 0.12431
2.43800 0.12272
2.43825 0.12095
2.43850 0.12374
2.43875 0.12286
2.43900 0.11974
2.43925 0.11786
2.43950 0.11891
2.43975 0.12087
2.44000 0.12212
2.44025 0.12542
2.44050 0.12424
2.44075 0.12245
2.44100 0.12312
2.44125 0.12319
2.44150 0.12231
2.44175 0.12046
2.44200 0.12287
2.44225 0.12151
2.44250 0.12276
2.44275 0.12545
2.44300 0.12236
2.44325 0.12116
2.44350 0.12083
2.44375 0.12086
2.44400 0.12333
2.44425 0.12222
2.44450 0.12134
2.44475 0.12532
2.44500 0.12111
2.44525 0.12053
2.44550 0.12165
2.44575 0.12501
2.44600 0.12508
2.44625 0.12396
2.44650 0.12318
2.44675 0.13330
2.44700 0.12540
2.44725 0.12761
2.44750 0.12152
2.44775 0.12299
2.44800 0.12473
2.44825 0.12597
2.44850 0.12108
2.44875 0.12171
2.44900 0.12485
2.44925 0.12325
2.44950 0.12358
2.44975 0.12486
2.45000 0.12602
2.45025 0.12776
2.45050 0.12199
2.45075 0.12595
2.45100 0.12430
2.45125 0.12923
2.45150 0.12452
2.45175 0.12327
2.45200 0.12048
2.45225 0.12251
2.45250 0.12119
2.45275 0.12274
2.45300 0.12571
2.45325 0.12053
2.45350 0.12168
2.45375 0.12120
2.45400 0.12129
2.45425 0.12295
2.45450 0.12469
2.45475 0.12498
2.45500 0.12530
2.45525 0.12374
2.45550 0.12722
2.45575 0.12300
2.45600 0.12475
2.45625 0.12077
2.45650 0.12181
2.45675 0.12208
2.45700 0.12343
2.45725 0.12450
2.45750 0.12314
2.45775 0.12475
2.45800 0.12297
2.45825 0.12075
2.45850 0.12146
2.45875 0.12570
2.45900 0.13121
2.45925 0.13034
2.45950 0.12675
2.45975 0.12679
2.46000 0.12324
2.46025 0.12177
2.46050 0.12357
2.46075 0.12369
2.46100 0.12447
2.46125 0.12272
2.46150 0.12571
2.46175 0.12398
2.46200 0.13035
2.46225 0.12810
2.46250 0.12372
2.46275 0.12121
2.46300 0.12624
2.46325 0.12207
2.46350 0.12353
2.46375 0.12702
2.46400 0.12468
2.46425 0.12981
2.46450 0.12844
2.46475 0.12934
2.46500 0.12868
2.46525 0.12496
2.46550 0.12419
2.46575 0.12453
2.46600 0.12478
2.46625 0.12235
2.46650 0.12385
2.46675 0.12403
2.46700 0.12455
2.46725 0.12733
2.46750 0.12628
2.46775 0.12905
2.46800 0.12634
2.46825 0.12786
2.46850 0.12711
2.46875 0.13061
2.46900 0.12936
2.46925 0.13096
2.46950 0.13091
2.46975 0.12645
2.47000 0.12684
2.47025 0.12640
2.47050 0.13336
2.47075 0.12629
2.47100 0.12870
2.47125 0.12950
2.47150 0.12840
2.47175 0.12639
2.47200 0.12798
2.47225 0.12629
2.47250 0.12482
2.47275 0.12473
2.47300 0.12669
2.47325 0.12691
2.47350 0.12461
2.47375 0.12858
2.47400 0.12685
2.47425 0.12664
2.47450 0.12832
2.47475 0.12345
2.47500 0.12385
2.47525 0.12496
2.47550 0.12287
2.47575 0.12407
2.47600 0.12716
2.47625 0.12929
2.47650 0.12374
2.47675 0.12572
2.47700 0.12514
2.47725 0.12256
2.47750 0.12503
2.47775 0.12843
2.47800 0.12119
2.47825 0.12416
2.47850 0.12241
2.47875 0.12309
2.47900 0.12795
2.47925 0.12767
2.47950 0.12768
2.47975 0.13101
2.48000 0.12755
2.48025 0.13166
2.48050 0.12499
2.48075 0.13843
2.48100 0.12693
2.48125 0.12776
2.48150 0.12718
2.48175 0.12427
2.48200 0.12625
2.48225 0.12661
2.48250 0.12806
2.48275 0.12623
2.48300 0.12706
2.48325 0.12508
2.48350 0.12555
2.48375 0.12647
2.48400 0.12885
2.48425 0.12966
2.48450 0.12689
2.48475 0.12929
2.48500 0.12893
2.48525 0.12895
2.48550 0.13003
2.48575 0.13319
2.48600 0.14193
2.48625 0.13232
2.48650 0.13396
2.48675 0.12771
2.48700 0.13090
2.48725 0.12931
2.48750 0.13130
2.48775 0.13135
2.48800 0.13226
2.48825 0.13143
2.48850 0.13148
2.48875 0.13095
2.48900 0.14013
2.48925 0.14810
2.48950 0.14531
2.48975 0.13880
2.49000 0.12792
2.49025 0.13273
2.49050 0.13008
2.49075 0.14591
2.49100 0.13558
2.49125 0.13315
2.49150 0.13620
2.49175 0.13564
2.49200 0.13192
2.49225 0.13011
2.49250 0.13025
2.49275 0.14218
2.49300 0.13550
2.49325 0.13329
2.49350 0.13222
2.49375 0.13012
2.49400 0.13760
2.49425 0.13703
2.49450 0.13055
2.49475 0.13222
2.49500 0.13482
2.49525 0.13064
2.49550 0.13522
2.49575 0.13199
2.49600 0.13059
2.49625 0.13278
2.49650 0.12955
2.49675 0.13327
2.49700 0.13425
2.49725 0.13260
2.49750 0.13078
2.49775 0.13205
2.49800 0.12989
2.49825 0.12891
2.49850 0.13025
2.49875 0.13266
2.49900 0.13021
2.49925 0.12952
2.49950 0.12872
2.49975 0.12874
2.50000 0.13134
2.50025 0.13419
2.50050 0.13840
2.50075 0.13286
2.50100 0.13238
2.50125 0.12848
2.50150 0.12783
2.50175 0.13039
2.50200 0.13068
2.50225 0.13512
2.50250 0.13466
2.50275 0.13402
2.50300 0.13318
2.50325 0.13658
2.50350 0.13071
2.50375 0.12983
2.50400 0.12733
2.50425 0.13002
2.50450 0.12684
2.50475 0.12553
2.50500 0.12775
2.50525 0.12765
2.50550 0.12630
2.50575 0.12824
2.50600 0.12795
2.50625 0.12893
2.50650 0.13169
2.50675 0.12796
2.50700 0.13186
2.50725 0.12950
2.50750 0.13058
2.50775 0.13122
2.50800 0.12772
2.50825 0.12933
2.50850 0.12933
2.50875 0.13101
2.50900 0.13538
2.50925 0.12692
2.50950 0.12881
2.50975 0.12923
2.51000 0.12697
2.51025 0.12595
2.51050 0.13011
2.51075 0.13061
2.51100 0.13315
2.51125 0.13542
2.51150 0.12945
2.51175 0.13092
2.51200 0.13909
2.51225 0.13982
2.51250 0.13162
2.51275 0.13731
2.51300 0.13941
2.51325 0.14243
2.51350 0.14495
2.51375 0.13512
2.51400 0.13610
2.51425 0.13527
2.51450 0.13635
2.51475 0.13252
2.51500 0.13848
2.51525 0.13190
2.51550 0.13325
2.51575 0.13765
2.51600 0.12540
2.51625 0.13627
2.51650 0.13327
2.51675 0.13036
2.51700 0.12732
2.51725 0.13095
2.51750 0.12898
2.51775 0.12976
2.51800 0.12902
2.51825 0.13030
2.51850 0.12845
2.51875 0.13411
2.51900 0.13646
2.51925 0.13385
2.51950 0.14080
2.51975 0.13591
2.52000 0.13088
2.52025 0.13454
2.52050 0.13904
2.52075 0.13602
2.52100 0.15385
2.52125 0.13910
2.52150 0.12640
2.52175 0.12792
2.52200 0.13480
2.52225 0.12802
2.52250 0.12785
2.52275 0.12473
2.52300 0.12723
2.52325 0.12967
2.52350 0.13261
2.52375 0.12969
2.52400 0.12617
2.52425 0.12804
2.52450 0.12666
2.52475 0.12523
2.52500 0.12473
2.52525 0.12755
2.52550 0.12777
2.52575 0.12415
2.52600 0.12680
2.52625 0.12503
2.52650 0.12956
2.52675 0.12907
2.52700 0.12643
2.52725 0.13557
2.52750 0.13113
2.52775 0.12767
2.52800 0.12111
2.52825 0.12283
2.52850 0.12639
2.52875 0.12812
2.52900 0.12210
2.52925 0.12862
2.52950 0.12628
2.52975 0.12522
2.53000 0.12881
2.53025 0.12351
2.53050 0.12471
2.53075 0.12721
2.53100 0.12514
2.53125 0.12312
2.53150 0.12782
2.53175 0.12562
2.53200 0.12872
2.53225 0.12576
2.53250 0.12122
2.53275 0.12412
2.53300 0.12637
2.53325 0.12871
2.53350 0.12180
2.53375 0.12459
2.53400 0.12178
2.53425 0.12377
2.53450 0.11993
2.53475 0.12225
2.53500 0.12024
2.53525 0.12142
2.53550 0.12121
2.53575 0.12255
2.53600 0.12143
2.53625 0.12457
2.53650 0.12175
2.53675 0.12309
2.53700 0.12079
2.53725 0.12491
2.53750 0.12308
2.53775 0.11888
2.53800 0.12465
2.53825 0.12681
2.53850 0.12544
2.53875 0.12356
2.53900 0.12485
2.53925 0.12713
2.53950 0.12020
2.53975 0.12262
2.54000 0.11845
2.54025 0.12207
2.54050 0.12068
2.54075 0.11891
2.54100 0.12253
2.54125 0.12242
2.54150 0.12519
2.54175 0.11946
2.54200 0.12522
2.54225 0.12747
2.54250 0.12353
2.54275 0.12288
2.54300 0.12227
2.54325 0.12141
2.54350 0.12259
2.54375 0.12020
2.54400 0.11898
2.54425 0.12395
2.54450 0.12082
2.54475 0.11916
2.54500 0.12097
2.54525 0.12472
2.54550 0.13054
2.54575 0.12284
2.54600 0.12053
2.54625 0.12061
2.54650 0.12148
2.54675 0.12106
2.54700 0.11864
2.54725 0.12203
2.54750 0.12127
2.54775 0.12232
2.54800 0.12092
2.54825 0.11836
2.54850 0.12073
2.54875 0.11891
2.54900 0.11852
2.54925 0.11748
2.54950 0.12081
2.54975 0.11846
2.55000 0.11602
2.55025 0.11927
2.55050 0.12032
2.55075 0.11958
2.55100 0.11863
2.55125 0.11824
2.55150 0.11813
2.55175 0.11949
2.55200 0.12053
2.55225 0.11859
2.55250 0.11767
2.55275 0.11774
2.55300 0.11856
2.55325 0.11795
2.55350 0.12243
2.55375 0.12107
2.55400 0.11917
2.55425 0.11562
2.55450 0.11641
2.55475 0.11587
2.55500 0.11329
2.55525 0.11877
2.55550 0.11630
2.55575 0.11831
2.55600 0.11794
2.55625 0.11711
2.55650 0.11675
2.55675 0.11783
2.55700 0.11590
2.55725 0.11906
2.55750 0.11553
2.55775 0.11744
2.55800 0.11726
2.55825 0.11390
2.55850 0.12117
2.55875 0.11767
2.55900 0.11637
2.55925 0.11304
2.55950 0.11418
2.55975 0.11324
2.56000 0.11454
2.56025 0.11351
2.56050 0.11351
2.56075 0.11431
2.56100 0.11287
2.56125 0.11497
2.56150 0.11749
2.56175 0.11322
2.56200 0.11734
2.56225 0.11335
2.56250 0.11446
2.56275 0.11582
2.56300 0.11305
2.56325 0.11198
2.56350 0.11494
2.56375 0.11391
2.56400 0.11292
2.56425 0.11527
2.56450 0.11423
2.56475 0.11243
2.56500 0.11298
2.56525 0.11112
2.56550 0.11236
2.56575 0.11124
2.56600 0.10946
2.56625 0.11150
2.56650 0.11310
2.56675 0.11362
2.56700 0.11298
2.56725 0.11238
2.56750 0.11222
2.56775 0.11148
2.56800 0.11007
2.56825 0.11022
2.56850 0.11267
2.56875 0.11457
2.56900 0.11292
2.56925 0.11248
2.56950 0.11494
2.56975 0.11366
2.57000 0.12253
2.57025 0.11534
2.57050 0.11469
2.57075 0.11022
2.57100 0.11277
2.57125 0.11270
2.57150 0.11823
2.57175 0.11597
2.57200 0.11178
2.57225 0.11228
2.57250 0.11127
2.57275 0.11244
2.57300 0.11217
2.57325 0.11199
2.57350 0.11039
2.57375 0.11214
2.57400 0.11178
2.57425 0.11491
2.57450 0.12246
2.57475 0.12325
2.57500 0.11946
2.57525 0.11882
2.57550 0.11752
2.57575 0.11414
2.57600 0.11901
2.57625 0.11742
2.57650 0.11670
2.57675 0.11762
2.57700 0.11899
2.57725 0.12027
2.57750 0.12054
2.57775 0.11953
2.57800 0.11667
2.57825 0.11601
2.57850 0.11603
2.57875 0.12529
2.57900 0.12142
2.57925 0.11903
2.57950 0.12319
2.57975 0.12360
2.58000 0.11755
2.58025 0.12037
2.58050 0.11800
2.58075 0.12044
2.58100 0.11596
2.58125 0.11778
2.58150 0.11686
2.58175 0.11837
2.58200 0.11803
2.58225 0.11719
2.58250 0.12129
2.58275 0.12265
2.58300 0.12031
2.58325 0.11978
2.58350 0.12166
2.58375 0.11995
2.58400 0.11736
2.58425 0.11904
2.58450 0.11812
2.58475 0.11556
2.58500 0.12255
2.58525 0.11875
2.58550 0.12041
2.58575 0.12011
2.58600 0.11863
2.58625 0.11538
2.58650 0.11784
2.58675 0.11520
2.58700 0.12101
2.58725 0.12005
2.58750 0.12032
2.58775 0.11880
2.58800 0.11512
2.58825 0.11590
2.58850 0.11847
2.58875 0.11578
2.58900 0.11574
2.58925 0.11563
2.58950 0.11603
2.58975 0.11622
2.59000 0.12001
2.59025 0.12270
2.59050 0.12082
2.59075 0.11931
2.59100 0.11956
2.59125 0.12198
2.59150 0.12308
2.59175 0.11820
2.59200 0.12238
2.59225 0.12910
2.59250 0.13525
2.59275 0.12294
2.59300 0.12088
2.59325 0.12074
2.59350 0.12114
2.59375 0.12611
2.59400 0.12110
2.59425 0.12409
2.59450 0.11999
2.59475 0.12539
2.59500 0.12261
2.59525 0.12702
2.59550 0.12126
2.59575 0.12320
2.59600 0.11986
2.59625 0.11814
2.59650 0.11672
2.59675 0.11892
2.59700 0.11816
2.59725 0.11915
2.59750 0.12032
2.59775 0.11566
2.59800 0.11523
2.59825 0.11522
2.59850 0.11474
2.59875 0.12053
2.59900 0.12460
2.59925 0.12813
2.59950 0.12668
2.59975 0.12796
2.60000 0.11734
2.60025 0.11812
2.60050 0.11890
2.60075 0.11673
2.60100 0.12419
2.60125 0.12351
2.60150 0.12072
2.60175 0.11916
2.60200 0.12048
2.60225 0.11730
2.60250 0.11705
2.60275 0.11563
2.60300 0.11828
2.60325 0.11774
2.60350 0.11675
2.60375 0.11564
2.60400 0.12274
2.60425 0.12316
2.60450 0.11991
2.60475 0.12748
2.60500 0.12265
2.60525 0.11824
2.60550 0.11297
2.60575 0.11498
2.60600 0.11561
2.60625 0.12197
2.60650 0.11470
2.60675 0.11610
2.60700 0.12059
2.60725 0.11958
2.60750 0.11729
2.60775 0.11708
2.60800 0.11064
2.60825 0.11229
2.60850 0.11043
2.60875 0.11512
2.60900 0.11016
2.60925 0.11029
2.60950 0.10966
2.60975 0.11078
2.61000 0.10821
2.61025 0.10976
2.61050 0.11284
2.61075 0.11292
2.61100 0.10813
2.61125 0.10981
2.61150 0.10970
2.61175 0.10837
2.61200 0.10710
2.61225 0.10829
2.61250 0.10794
2.61275 0.10543
2.61300 0.10938
2.61325 0.10987
2.61350 0.10616
2.61375 0.10677
2.61400 0.10525
2.61425 0.11144
2.61450 0.10760
2.61475 0.10742
2.61500 0.10754
2.61525 0.10619
2.61550 0.10546
2.61575 0.10641
2.61600 0.10601
2.61625 0.10902
2.61650 0.10763
2.61675 0.10323
2.61700 0.10313
2.61725 0.10433
2.61750 0.10561
2.61775 0.10313
2.61800 0.10525
2.61825 0.10520
2.61850 0.10365
2.61875 0.10530
2.61900 0.10773
2.61925 0.10632
2.61950 0.10321
2.61975 0.10571
2.62000 0.10671
2.62025 0.10261
2.62050 0.10755
2.62075 0.10527
2.62100 0.10721
2.62125 0.10359
2.62150 0.10661
2.62175 0.10800
2.62200 0.10726
2.62225 0.10756
2.62250 0.10963
2.62275 0.11062
2.62300 0.11057
2.62325 0.10972
2.62350 0.10915
2.62375 0.11417
2.62400 0.11099
2.62425 0.10534
2.62450 0.10592
2.62475 0.10690
2.62500 0.10675
2.62525 0.10651
2.62550 0.10661
2.62575 0.10816
2.62600 0.10762
2.62625 0.10342
2.62650 0.10688
2.62675 0.10695
2.62700 0.10430
2.62725 0.13123
2.62750 0.10598
2.62775 0.10506
2.62800 0.10680
2.62825 0.10862
2.62850 0.10976
2.62875 0.10926
2.62900 0.10836
2.62925 0.11323
2.62950 0.10889
2.62975 0.10735
2.63000 0.11374
2.63025 0.10419
2.63050 0.10400
2.63075 0.10358
2.63100 0.10325
2.63125 0.10051
2.63150 0.10223
2.63175 0.09925
2.63200 0.10144
2.63225 0.10106
2.63250 0.10075
2.63275 0.10474
2.63300 0.10375
2.63325 0.10618
2.63350 0.11216
2.63375 0.11210
2.63400 0.11532
2.63425 0.10536
2.63450 0.10169
2.63475 0.09953
2.63500 0.10134
2.63525 0.10153
2.63550 0.10805
2.63575 0.10948
2.63600 0.10061
2.63625 0.10000
2.63650 0.09883
2.63675 0.10221
2.63700 0.10120
2.63725 0.10074
2.63750 0.09998
2.63775 0.10031
2.63800 0.09881
2.63825 0.10010
2.63850 0.10118
2.63875 0.10293
2.63900 0.10370
2.63925 0.10126
2.63950 0.10022
2.63975 0.09918
2.64000 0.10343
2.64025 0.11628
2.64050 0.09744
2.64075 0.09775
2.64100 0.09838
2.64125 0.09757
2.64150 0.09816
2.64175 0.10038
2.64200 0.10376
2.64225 0.10373
2.64250 0.09693
2.64275 0.09834
2.64300 0.09645
2.64325 0.11247
2.64350 0.10078
2.64375 0.10072
2.64400 0.10093
2.64425 0.09995
2.64450 0.10245
2.64475 0.09936
2.64500 0.10403
2.64525 0.10202
2.64550 0.10091
2.64575 0.10056
2.64600 0.09892
2.64625 0.09848
2.64650 0.09789
2.64675 0.09837
2.64700 0.09518
2.64725 0.09609
2.64750 0.09413
2.64775 0.10795
2.64800 0.10307
2.64825 0.09524
2.64850 0.09785
2.64875 0.09688
2.64900 0.09832
2.64925 0.10053
2.64950 0.09807
2.64975 0.09718
2.65000 0.09605
2.65025 0.09430
2.65050 0.09657
2.65075 0.09938
2.65100 0.10186
2.65125 0.09847
2.65150 0.09883
2.65175 0.09836
2.65200 0.09686
2.65225 0.09589
2.65250 0.09530
2.65275 0.09494
2.65300 0.09295
2.65325 0.09486
2.65350 0.09327
2.65375 0.09597
2.65400 0.09628
2.65425 0.09370
2.65450 0.09254
2.65475 0.09094
2.65500 0.09151
2.65525 0.09154
2.65550 0.09899
2.65575 0.09501
2.65600 0.09460
2.65625 0.09236
2.65650 0.09780
2.65675 0.09458
2.65700 0.09296
2.65725 0.09324
2.65750 0.09314
2.65775 0.09047
2.65800 0.09433
2.65825 0.09143
2.65850 0.09207
2.65875 0.09174
2.65900 0.09002
2.65925 0.09353
2.65950 0.09527
2.65975 0.09359
2.66000 0.09207
2.66025 0.09332
2.66050 0.09378
2.66075 0.08854
2.66100 0.09127
2.66125 0.09049
2.66150 0.09342
2.66175 0.08992
2.66200 0.09045
2.66225 0.09327
2.66250 0.09679
2.66275 0.09597
2.66300 0.10353
2.66325 0.09974
2.66350 0.09580
2.66375 0.09432
2.66400 0.09689
2.66425 0.09871
2.66450 0.09955
2.66475 0.10391
2.66500 0.09674
2.66525 0.09543
2.66550 0.09612
2.66575 0.10472
2.66600 0.09402
2.66625 0.09599
2.66650 0.09658
2.66675 0.09635
2.66700 0.09753
2.66725 0.09530
2.66750 0.10424
2.66775 0.09424
2.66800 0.09321
2.66825 0.09328
2.66850 0.09303
2.66875 0.09789
2.66900 0.09971
2.66925 0.09653
2.66950 0.09464
2.66975 0.09721
2.67000 0.09454
2.67025 0.09229
2.67050 0.09347
2.67075 0.09162
2.67100 0.09260
2.67125 0.09063
2.67150 0.09222
2.67175 0.08989
2.67200 0.09282
2.67225 0.09123
2.67250 0.09075
2.67275 0.09235
2.67300 0.09145
2.67325 0.09264
2.67350 0.09246
2.67375 0.09095
2.67400 0.09483
2.67425 0.09547
2.67450 0.09023
2.67475 0.09126
2.67500 0.08961
2.67525 0.09134
2.67550 0.08768
2.67575 0.09244
2.67600 0.08918
2.67625 0.08652
2.67650 0.08663
2.67675 0.08644
2.67700 0.08777
2.67725 0.09069
2.67750 0.08775
2.67775 0.09125
2.67800 0.08945
2.67825 0.09123
2.67850 0.08702
2.67875 0.08793
2.67900 0.08400
2.67925 0.08835
2.67950 0.08633
2.67975 0.08717
2.68000 0.08732
2.68025 0.08305
2.68050 0.08497
2.68075 0.08588
2.68100 0.08255
2.68125 0.08365
2.68150 0.08234
2.68175 0.08479
2.68200 0.08383
2.68225 0.08550
2.68250 0.08473
2.68275 0.08508
2.68300 0.08632
2.68325 0.08538
2.68350 0.08316
2.68375 0.08408
2.68400 0.08192
2.68425 0.08206
2.68450 0.08251
2.68475 0.08413
2.68500 0.08282
2.68525 0.08357
2.68550 0.08365
2.68575 0.08323
2.68600 0.09107
2.68625 0.08339
2.68650 0.08203
2.68675 0.08041
2.68700 0.08130
2.68725 0.08204
2.68750 0.08081
2.68775 0.08077
2.68800 0.08357
2.68825 0.08625
2.68850 0.08219
2.68875 0.07986
2.68900 0.08138
2.68925 0.08353
2.68950 0.08173
2.68975 0.08015
2.69000 0.08073
2.69025 0.08151
2.69050 0.08118
2.69075 0.08315
2.69100 0.08307
2.69125 0.08246
2.69150 0.08172
2.69175 0.08339
2.69200 0.08354
2.69225 0.08033
2.69250 0.08795
2.69275 0.08020
2.69300 0.07996
2.69325 0.08089
2.69350 0.08221
2.69375 0.08131
2.69400 0.08203
2.69425 0.08503
2.69450 0.08082
2.69475 0.08334
2.69500 0.08787
2.69525 0.08173
2.69550 0.08387
2.69575 0.08508
2.69600 0.08391
2.69625 0.07913
2.69650 0.08009
2.69675 0.08138
2.69700 0.07929
2.69725 0.08168
2.69750 0.07994
2.69775 0.07951
2.69800 0.07878
2.69825 0.08042
2.69850 0.07851
2.69875 0.08057
2.69900 0.08001
2.69925 0.08165
2.69950 0.08105
2.69975 0.08289
2.70000 0.08562
2.70025 0.08542
2.70050 0.08578
2.70075 0.08241
2.70100 0.08172
2.70125 0.08229
2.70150 0.08406
2.70175 0.08420
2.70200 0.08187
2.70225 0.08187
2.70250 0.08198
2.70275 0.08276
2.70300 0.08350
2.70325 0.08368
2.70350 0.08241
2.70375 0.08923
2.70400 0.08039
2.70425 0.08091
2.70450 0.08314
2.70475 0.08079
2.70500 0.08292
2.70525 0.08355
2.70550 0.08354
2.70575 0.08260
2.70600 0.08037
2.70625 0.08222
2.70650 0.08293
2.70675 0.08606
2.70700 0.08413
2.70725 0.07905
2.70750 0.08179
2.70775 0.08191
2.70800 0.08125
2.70825 0.08148
2.70850 0.08133
2.70875 0.08141
2.70900 0.08012
2.70925 0.08042
2.70950 0.08494
2.70975 0.07893
2.71000 0.07896
2.71025 0.07850
2.71050 0.08026
2.71075 0.07847
2.71100 0.07953
2.71125 0.08036
2.71150 0.07896
2.71175 0.07962
2.71200 0.07963
2.71225 0.07833
2.71250 0.08243
2.71275 0.07976
2.71300 0.07727
2.71325 0.07755
2.71350 0.08037
2.71375 0.08144
2.71400 0.08004
2.71425 0.07935
2.71450 0.07880
2.71475 0.07839
2.71500 0.08020
2.71525 0.07999
2.71550 0.07988
2.71575 0.07800
2.71600 0.07755
2.71625 0.07968
2.71650 0.08079
2.71675 0.07718
2.71700 0.07895
2.71725 0.07755
2.71750 0.07749
2.71775 0.07851
2.71800 0.07813
2.71825 0.07990
2.71850 0.08095
2.71875 0.07987
2.71900 0.08039
2.71925 0.07865
2.71950 0.07893
2.71975 0.07860
2.72000 0.08066
2.72025 0.08135
2.72050 0.07835
2.72075 0.08073
2.72100 0.08116
2.72125 0.08204
2.72150 0.08129
2.72175 0.08018
2.72200 0.08067
2.72225 0.08124
2.72250 0.08145
2.72275 0.08043
2.72300 0.08040
2.72325 0.08255
2.72350 0.08255
2.72375 0.07862
2.72400 0.08059
2.72425 0.07933
2.72450 0.08472
2.72475 0.08316
2.72500 0.08154
2.72525 0.08070
2.72550 0.07751
2.72575 0.07846
2.72600 0.07927
2.72625 0.08171
2.72650 0.08208
2.72675 0.08076
2.72700 0.08043
2.72725 0.08031
2.72750 0.08186
2.72775 0.08020
2.72800 0.08041
2.72825 0.08230
2.72850 0.08106
2.72875 0.08010
2.72900 0.08031
2.72925 0.07777
2.72950 0.08340
2.72975 0.08027
2.73000 0.07841
2.73025 0.07946
2.73050 0.07930
2.73075 0.08483
2.73100 0.07795
2.73125 0.07757
2.73150 0.07853
2.73175 0.08750
2.73200 0.08034
2.73225 0.08191
2.73250 0.08081
2.73275 0.08236
2.73300 0.07979
2.73325 0.08005
2.73350 0.08500
2.73375 0.08196
2.73400 0.08093
2.73425 0.08048
2.73450 0.08004
2.73475 0.08166
2.73500 0.07950
2.73525 0.08207
2.73550 0.07956
2.73575 0.08254
2.73600 0.08295
2.73625 0.08004
2.73650 0.08012
2.73675 0.08102
2.73700 0.08086
2.73725 0.08073
2.73750 0.07891
2.73775 0.07933
2.73800 0.07918
2.73825 0.08104
2.73850 0.08063
2.73875 0.08204
2.73900 0.08059
2.73925 0.07945
2.73950 0.08400
2.73975 0.08177
2.74000 0.08340
2.74025 0.08395
2.74050 0.08431
2.74075 0.08230
2.74100 0.08638
2.74125 0.08248
2.74150 0.07940
2.74175 0.08002
2.74200 0.08020
2.74225 0.07965
2.74250 0.07929
2.74275 0.08085
2.74300 0.08148
2.74325 0.07983
2.74350 0.08095
2.74375 0.08052
2.74400 0.08039
2.74425 0.07940
2.74450 0.07986
2.74475 0.08077
2.74500 0.07926
2.74525 0.08012
2.74550 0.08053
2.74575 0.08183
2.74600 0.08331
2.74625 0.08271
2.74650 0.08077
2.74675 0.08029
2.74700 0.07985
2.74725 0.08265
2.74750 0.08166
2.74775 0.08039
2.74800 0.08099
2.74825 0.07943
2.74850 0.08088
2.74875 0.08240
2.74900 0.08241
2.74925 0.08174
2.74950 0.08491
2.74975 0.08393
2.75000 0.08338
2.75025 0.08481
2.75050 0.08031
2.75075 0.08158
2.75100 0.08287
2.75125 0.08239
2.75150 0.08123
2.75175 0.08508
2.75200 0.08866
2.75225 0.08704
2.75250 0.08361
2.75275 0.08525
2.75300 0.08466
2.75325 0.08543
2.75350 0.08252
2.75375 0.08327
2.75400 0.08187
2.75425 0.08117
2.75450 0.08248
2.75475 0.08145
2.75500 0.08134
2.75525 0.08147
2.75550 0.08247
2.75575 0.08118
2.75600 0.08313
2.75625 0.08575
2.75650 0.08584
2.75675 0.08751
2.75700 0.08495
2.75725 0.08165
2.75750 0.08253
2.75775 0.08079
2.75800 0.08182
2.75825 0.07897
2.75850 0.07973
2.75875 0.08213
2.75900 0.08314
2.75925 0.08428
2.75950 0.08791
2.75975 0.08491
2.76000 0.08432
2.76025 0.08135
2.76050 0.08415
2.76075 0.08453
2.76100 0.08346
2.76125 0.08467
2.76150 0.08361
2.76175 0.08232
2.76200 0.08340
2.76225 0.08294
2.76250 0.08562
2.76275 0.08194
2.76300 0.08347
2.76325 0.08523
2.76350 0.08238
2.76375 0.08258
2.76400 0.08296
2.76425 0.08515
2.76450 0.08325
2.76475 0.08519
2.76500 0.08280
2.76525 0.08427
2.76550 0.08509
2.76575 0.08863
2.76600 0.08572
2.76625 0.08903
2.76650 0.09053
2.76675 0.08545
2.76700 0.08626
2.76725 0.08751
2.76750 0.08358
2.76775 0.08855
2.76800 0.08386
2.76825 0.08502
2.76850 0.08145
2.76875 0.08308
2.76900 0.08664
2.76925 0.08397
2.76950 0.08402
2.76975 0.08279
2.77000 0.08335
2.77025 0.08467
2.77050 0.08597
2.77075 0.08860
2.77100 0.08397
2.77125 0.08313
2.77150 0.08265
2.77175 0.08363
2.77200 0.09000
2.77225 0.08252
2.77250 0.08423
2.77275 0.08272
2.77300 0.08093
2.77325 0.08025
2.77350 0.08169
2.77375 0.08182
2.77400 0.08184
2.77425 0.08246
2.77450 0.07947
2.77475 0.08469
2.77500 0.08061
2.77525 0.08120
2.77550 0.08309
2.77575 0.08235
2.77600 0.08202
2.77625 0.08114
2.77650 0.08090
2.77675 0.08021
2.77700 0.08178
2.77725 0.08141
2.77750 0.08289
2.77775 0.08214
2.77800 0.08234
2.77825 0.08452
2.77850 0.08077
2.77875 0.08497
2.77900 0.08223
2.77925 0.08354
2.77950 0.08307
2.77975 0.08302
2.78000 0.08349
2.78025 0.08362
2.78050 0.08342
2.78075 0.08275
2.78100 0.08068
2.78125 0.08343
2.78150 0.08229
2.78175 0.08242
2.78200 0.08008
2.78225 0.08243
2.78250 0.07958
2.78275 0.08114
2.78300 0.08227
2.78325 0.08286
2.78350 0.08313
2.78375 0.08923
2.78400 0.09098
2.78425 0.08664
2.78450 0.08253
2.78475 0.08171
2.78500 0.08983
2.78525 0.08570
2.78550 0.08274
2.78575 0.08536
2.78600 0.08394
2.78625 0.08252
2.78650 0.08140
2.78675 0.08396
2.78700 0.08291
2.78725 0.08411
2.78750 0.08274
2.78775 0.08337
2.78800 0.08618
2.78825 0.08250
2.78850 0.08605
2.78875 0.08266
2.78900 0.08631
2.78925 0.08615
2.78950 0.08524
2.78975 0.08387
2.79000 0.08404
2.79025 0.08157
2.79050 0.08145
2.79075 0.08148
2.79100 0.08180
2.79125 0.08969
2.79150 0.08506
2.79175 0.08088
2.79200 0.08253
2.79225 0.08257
2.79250 0.08163
2.79275 0.08445
2.79300 0.08174
2.79325 0.08172
2.79350 0.08039
2.79375 0.07786
2.79400 0.08530
2.79425 0.08997
2.79450 0.09252
2.79475 0.09034
2.79500 0.08395
2.79525 0.08419
2.79550 0.08377
2.79575 0.08486
2.79600 0.08564
2.79625 0.09200
2.79650 0.08360
2.79675 0.08453
2.79700 0.08537
2.79725 0.09434
2.79750 0.08126
2.79775 0.08288
2.79800 0.08168
2.79825 0.08423
2.79850 0.08413
2.79875 0.08470
2.79900 0.08409
2.79925 0.08603
2.79950 0.08490
2.79975 0.08589
2.80000 0.08516
2.80025 0.08627
2.80050 0.08446
2.80075 0.08392
2.80100 0.08335
2.80125 0.08783
2.80150 0.08563
2.80175 0.08611
2.80200 0.08631
2.80225 0.08793
2.80250 0.08627
2.80275 0.08613
2.80300 0.08645
2.80325 0.08585
2.80350 0.08410
2.80375 0.08642
2.80400 0.08979
2.80425 0.08671
2.80450 0.08707
2.80475 0.08762
2.80500 0.08699
2.80525 0.08759
2.80550 0.08729
2.80575 0.08892
2.80600 0.08774
2.80625 0.08964
2.80650 0.08802
2.80675 0.09050
2.80700 0.09390
2.80725 0.10794
2.80750 0.09451
2.80775 0.09466
2.80800 0.09194
2.80825 0.10187
2.80850 0.09325
2.80875 0.09196
2.80900 0.09022
2.80925 0.08800
2.80950 0.09368
2.80975 0.09165
2.81000 0.08640
2.81025 0.08996
2.81050 0.09129
2.81075 0.09162
2.81100 0.09114
2.81125 0.09213
2.81150 0.10245
2.81175 0.09998
2.81200 0.09442
2.81225 0.09852
2.81250 0.09792
2.81275 0.09663
2.81300 0.09857
2.81325 0.09979
2.81350 0.10290
2.81375 0.10391
2.81400 0.09807
2.81425 0.09520
2.81450 0.09663
2.81475 0.09782
2.81500 0.09681
2.81525 0.09373
2.81550 0.09401
2.81575 0.09391
2.81600 0.09196
2.81625 0.09339
2.81650 0.09434
2.81675 0.09539
2.81700 0.09598
2.81725 0.09417
2.81750 0.09423
2.81775 0.09212
2.81800 0.09654
2.81825 0.09469
2.81850 0.09084
2.81875 0.09436
2.81900 0.09433
2.81925 0.09288
2.81950 0.09520
2.81975 0.09275
2.82000 0.09372
2.82025 0.09990
2.82050 0.09771
2.82075 0.09597
2.82100 0.09518
2.82125 0.10061
2.82150 0.09801
2.82175 0.11776
2.82200 0.10464
2.82225 0.10345
2.82250 0.09715
2.82275 0.09667
2.82300 0.09633
2.82325 0.09181
2.82350 0.09791
2.82375 0.09769
2.82400 0.09139
2.82425 0.09181
2.82450 0.09103
2.82475 0.08556
2.82500 0.08533
2.82525 0.09144
2.82550 0.09671
2.82575 0.09152
2.82600 0.08767
2.82625 0.08855
2.82650 0.08528
2.82675 0.08558
2.82700 0.08621
2.82725 0.08788
2.82750 0.08343
2.82775 0.08389
2.82800 0.08445
2.82825 0.08523
2.82850 0.08534
2.82875 0.08395
2.82900 0.08651
2.82925 0.08666
2.82950 0.08376
2.82975 0.08447
2.83000 0.08786
2.83025 0.08497
2.83050 0.08228
2.83075 0.08448
2.83100 0.08162
2.83125 0.08323
2.83150 0.08232
2.83175 0.08352
2.83200 0.08360
2.83225 0.08871
2.83250 0.08520
2.83275 0.08652
2.83300 0.08319
2.83325 0.08295
2.83350 0.08604
2.83375 0.08312
2.83400 0.08538
2.83425 0.08192
2.83450 0.08219
2.83475 0.09089
2.83500 0.08434
2.83525 0.08265
2.83550 0.08114
2.83575 0.08989
2.83600 0.08195
2.83625 0.08222
2.83650 0.08029
2.83675 0.08261
2.83700 0.08085
2.83725 0.07891
2.83750 0.08185
2.83775 0.08195
2.83800 0.08131
2.83825 0.08155
2.83850 0.07940
2.83875 0.08152
2.83900 0.08218
2.83925 0.07997
2.83950 0.07885
2.83975 0.07945
2.84000 0.08175
2.84025 0.08145
2.84050 0.08795
2.84075 0.08128
2.84100 0.08233
2.84125 0.08154
2.84150 0.08053
2.84175 0.07989
2.84200 0.08375
2.84225 0.07987
2.84250 0.08041
2.84275 0.07823
2.84300 0.07849
2.84325 0.07941
2.84350 0.08111
2.84375 0.08070
2.84400 0.07918
2.84425 0.08059
2.84450 0.07997
2.84475 0.07829
2.84500 0.07909
2.84525 0.07646
2.84550 0.08383
2.84575 0.07907
2.84600 0.07869
2.84625 0.07894
2.84650 0.08192
2.84675 0.07617
2.84700 0.08277
2.84725 0.07871
2.84750 0.07776
2.84775 0.07781
2.84800 0.07800
2.84825 0.07802
2.84850 0.07718
2.84875 0.07905
2.84900 0.07819
2.84925 0.07930
2.84950 0.08052
2.84975 0.07955
2.85000 0.07935
2.85025 0.08088
2.85050 0.07845
2.85075 0.08010
2.85100 0.07849
2.85125 0.08236
2.85150 0.07993
2.85175 0.08397
2.85200 0.08103
2.85225 0.08128
2.85250 0.08245
2.85275 0.08044
2.85300 0.08488
2.85325 0.08074
2.85350 0.08110
2.85375 0.07985
2.85400 0.07985
2.85425 0.08149
2.85450 0.08063
2.85475 0.07957
2.85500 0.08108
2.85525 0.08107
2.85550 0.07994
2.85575 0.07888
2.85600 0.07985
2.85625 0.08150
2.85650 0.08345
2.85675 0.07814
2.85700 0.08178
2.85725 0.07928
2.85750 0.07990
2.85775 0.08344
2.85800 0.08215
2.85825 0.07897
2.85850 0.08027
2.85875 0.07743
2.85900 0.07948
2.85925 0.07711
2.85950 0.07899
2.85975 0.08086
2.86000 0.08086
2.86025 0.08062
2.86050 0.07889
2.86075 0.07914
2.86100 0.08003
2.86125 0.08203
2.86150 0.08175
2.86175 0.07929
2.86200 0.08358
2.86225 0.07933
2.86250 0.08175
2.86275 0.07857
2.86300 0.07948
2.86325 0.07934
2.86350 0.07894
2.86375 0.07973
2.86400 0.08088
2.86425 0.07927
2.86450 0.08166
2.86475 0.08061
2.86500 0.07981
2.86525 0.08255
2.86550 0.08452
2.86575 0.08413
2.86600 0.08367
2.86625 0.08595
2.86650 0.08465
2.86675 0.08412
2.86700 0.08576
2.86725 0.08333
2.86750 0.08206
2.86775 0.08872
2.86800 0.09490
2.86825 0.08544
2.86850 0.08115
2.86875 0.08358
2.86900 0.08389
2.86925 0.08346
2.86950 0.08237
2.86975 0.08102
2.87000 0.08303
2.87025 0.08110
2.87050 0.08104
2.87075 0.07967
2.87100 0.08007
2.87125 0.08042
2.87150 0.08221
2.87175 0.08399
2.87200 0.08825
2.87225 0.08271
2.87250 0.08332
2.87275 0.08265
2.87300 0.08635
2.87325 0.08364
2.87350 0.08617
2.87375 0.08206
2.87400 0.08337
2.87425 0.08143
2.87450 0.08348
2.87475 0.08103
2.87500 0.08633
2.87525 0.08160
2.87550 0.08283
2.87575 0.08199
2.87600 0.08487
2.87625 0.08124
2.87650 0.08143
2.87675 0.08391
2.87700 0.08402
2.87725 0.08902
2.87750 0.09720
2.87775 0.08314
2.87800 0.08655
2.87825 0.08447
2.87850 0.08527
2.87875 0.11419
2.87900 0.09357
2.87925 0.08692
2.87950 0.09402
2.87975 0.09546
2.88000 0.09103
2.88025 0.09369
2.88050 0.09198
2.88075 0.09115
2.88100 0.08966
2.88125 0.08740
2.88150 0.09032
2.88175 0.08648
2.88200 0.08649
2.88225 0.09215
2.88250 0.08722
2.88275 0.08673
2.88300 0.08609
2.88325 0.08487
2.88350 0.08432
2.88375 0.08604
2.88400 0.08479
2.88425 0.08500
2.88450 0.09906
2.88475 0.09510
2.88500 0.08659
2.88525 0.08500
2.88550 0.08881
2.88575 0.09776
2.88600 0.08794
2.88625 0.08590
2.88650 0.08768
2.88675 0.08242
2.88700 0.08403
2.88725 0.08521
2.88750 0.09695
2.88775 0.08311
2.88800 0.08690
2.88825 0.08327
2.88850 0.08198
2.88875 0.08853
2.88900 0.08522
2.88925 0.08305
2.88950 0.08370
2.88975 0.08273
2.89000 0.08543
2.89025 0.08610
2.89050 0.08841
2.89075 0.08507
2.89100 0.08564
2.89125 0.08124
2.89150 0.07939
2.89175 0.08245
2.89200 0.07895
2.89225 0.08087
2.89250 0.08305
2.89275 0.08461
2.89300 0.08298
2.89325 0.07693
2.89350 0.07672
2.89375 0.07957
2.89400 0.07536
2.89425 0.07727
2.89450 0.07693
2.89475 0.07749
2.89500 0.07391
2.89525 0.07733
2.89550 0.08069
2.89575 0.07844
2.89600 0.07508
2.89625 0.07607
2.89650 0.07677
2.89675 0.07551
2.89700 0.07435
2.89725 0.07500
2.89750 0.07566
2.89775 0.07910
2.89800 0.07887
2.89825 0.07547
2.89850 0.07993
2.89875 0.07835
2.89900 0.07870
2.89925 0.07498
2.89950 0.07752
2.89975 0.07707
2.90000 0.07921
2.90025 0.07887
2.90050 0.07800
2.90075 0.07805
2.90100 0.07712
2.90125 0.07769
2.90150 0.07672
2.90175 0.07645
2.90200 0.07862
2.90225 0.07776
2.90250 0.07400
2.90275 0.07674
2.90300 0.07740
2.90325 0.07747
2.90350 0.08418
2.90375 0.08776
2.90400 0.07967
2.90425 0.07971
2.90450 0.07636
2.90475 0.08053
2.90500 0.07531
2.90525 0.07596
2.90550 0.07588
2.90575 0.08040
2.90600 0.07747
2.90625 0.07997
2.90650 0.07659
2.90675 0.08071
2.90700 0.07907
2.90725 0.07737
2.90750 0.07845
2.90775 0.07830
2.90800 0.07655
2.90825 0.07800
2.90850 0.07832
2.90875 0.07638
2.90900 0.07799
2.90925 0.07721
2.90950 0.07823
2.90975 0.08267
2.91000 0.07594
2.91025 0.07453
2.91050 0.07593
2.91075 0.07791
2.91100 0.07525
2.91125 0.07571
2.91150 0.07524
2.91175 0.07807
2.91200 0.07606
2.91225 0.07443
2.91250 0.07407
2.91275 0.07371
2.91300 0.07232
2.91325 0.07171
2.91350 0.07410
2.91375 0.07662
2.91400 0.07540
2.91425 0.07472
2.91450 0.07614
2.91475 0.07351
2.91500 0.07439
2.91525 0.07769
2.91550 0.07414
2.91575 0.07451
2.91600 0.07263
2.91625 0.07243
2.91650 0.07308
2.91675 0.07193
2.91700 0.07282
2.91725 0.07322
2.91750 0.07165
2.91775 0.07074
2.91800 0.07227
2.91825 0.07107
2.91850 0.07031
2.91875 0.07301
2.91900 0.07264
2.91925 0.07415
2.91950 0.07306
2.91975 0.07136
2.92000 0.07280
2.92025 0.07429
2.92050 0.07061
2.92075 0.07135
2.92100 0.07116
2.92125 0.07273
2.92150 0.07168
2.92175 0.07306
2.92200 0.07276
2.92225 0.07230
2.92250 0.07137
2.92275 0.07497
2.92300 0.07343
2.92325 0.07407
2.92350 0.07393
2.92375 0.07394
2.92400 0.07417
2.92425 0.07456
2.92450 0.07313
2.92475 0.07587
2.92500 0.07684
2.92525 0.07480
2.92550 0.07530
2.92575 0.07273
2.92600 0.07569
2.92625 0.07855
2.92650 0.07408
2.92675 0.07430
2.92700 0.07297
2.92725 0.07494
2.92750 0.07326
2.92775 0.07445
2.92800 0.07367
2.92825 0.07262
2.92850 0.07383
2.92875 0.07124
2.92900 0.07313
2.92925 0.07582
2.92950 0.07654
2.92975 0.07316
2.93000 0.09951
2.93025 0.07315
2.93050 0.07420
2.93075 0.07305
2.93100 0.07318
2.93125 0.07584
2.93150 0.07442
2.93175 0.07343
2.93200 0.07576
2.93225 0.07353
2.93250 0.07130
2.93275 0.07332
2.93300 0.07478
2.93325 0.09929
2.93350 0.07393
2.93375 0.07462
2.93400 0.07325
2.93425 0.07511
2.93450 0.07419
2.93475 0.07340
2.93500 0.07534
2.93525 0.07365
2.93550 0.07456
2.93575 0.07389
2.93600 0.07202
2.93625 0.07593
2.93650 0.07391
2.93675 0.07865
2.93700 0.07330
2.93725 0.07296
2.93750 0.07248
2.93775 0.07086
2.93800 0.07139
2.93825 0.07322
2.93850 0.07654
2.93875 0.07316
2.93900 0.07482
2.93925 0.07325
2.93950 0.07259
2.93975 0.07521
2.94000 0.07489
2.94025 0.07412
2.94050 0.07603
2.94075 0.07587
2.94100 0.07491
2.94125 0.07347
2.94150 0.07356
2.94175 0.07382
2.94200 0.07470
2.94225 0.07484
2.94250 0.07724
2.94275 0.07608
2.94300 0.07805
2.94325 0.07521
2.94350 0.07960
2.94375 0.07487
2.94400 0.07453
2.94425 0.07360
2.94450 0.07246
2.94475 0.07359
2.94500 0.07196
2.94525 0.07326
2.94550 0.07192
2.94575 0.07042
2.94600 0.07361
2.94625 0.07403
2.94650 0.07303
2.94675 0.07172
2.94700 0.07322
2.94725 0.07287
2.94750 0.07244
2.94775 0.07275
2.94800 0.07329
2.94825 0.07437
2.94850 0.07177
2.94875 0.08038
2.94900 0.07404
2.94925 0.07648
2.94950 0.07251
2.94975 0.07494
2.95000 0.07344
2.95025 0.07256
2.95050 0.07291
2.95075 0.07380
2.95100 0.07352
2.95125 0.07208
2.95150 0.07350
2.95175 0.07951
2.95200 0.07449
2.95225 0.07368
2.95250 0.07451
2.95275 0.07662
2.95300 0.07621
2.95325 0.07373
2.95350 0.07335
2.95375 0.07229
2.95400 0.07266
2.95425 0.07357
2.95450 0.07413
2.95475 0.07272
2.95500 0.07248
2.95525 0.07322
2.95550 0.07399
2.95575 0.07215
2.95600 0.07347
2.95625 0.07670
2.95650 0.07544
2.95675 0.07673
2.95700 0.07672
2.95725 0.07495
2.95750 0.07527
2.95775 0.07341
2.95800 0.07509
2.95825 0.07347
2.95850 0.07401
2.95875 0.07248
2.95900 0.07450
2.95925 0.07705
2.95950 0.07383
2.95975 0.07378
2.96000 0.07515
2.96025 0.07268
2.96050 0.07366
2.96075 0.07298
2.96100 0.07158
2.96125 0.07200
2.96150 0.07497
2.96175 0.07421
2.96200 0.07652
2.96225 0.07327
2.96250 0.07144
2.96275 0.07357
2.96300 0.07223
2.96325 0.07263
2.96350 0.07751
2.96375 0.07145
2.96400 0.07367
2.96425 0.07248
2.96450 0.07370
2.96475 0.07056
2.96500 0.07109
2.96525 0.07132
2.96550 0.07124
2.96575 0.07174
2.96600 0.07306
2.96625 0.07263
2.96650 0.07341
2.96675 0.07376
2.96700 0.07401
2.96725 0.07488
2.96750 0.07370
2.96775 0.07422
2.96800 0.07218
2.96825 0.07313
2.96850 0.07305
2.96875 0.07261
2.96900 0.07248
2.96925 0.07404
2.96950 0.07418
2.96975 0.07529
2.97000 0.07435
2.97025 0.07546
2.97050 0.07518
2.97075 0.07469
2.97100 0.07356
2.97125 0.07390
2.97150 0.07448
2.97175 0.07398
2.97200 0.07542
2.97225 0.07480
2.97250 0.07369
2.97275 0.07423
2.97300 0.07336
2.97325 0.07707
2.97350 0.07395
2.97375 0.07320
2.97400 0.07408
2.97425 0.07391
2.97450 0.07265
2.97475 0.07295
2.97500 0.07203
2.97525 0.07432
2.97550 0.07451
2.97575 0.07682
2.97600 0.10646
2.97625 0.07814
2.97650 0.07560
2.97675 0.07579
2.97700 0.07731
2.97725 0.07908
2.97750 0.07629
2.97775 0.07790
2.97800 0.07506
2.97825 0.07492
2.97850 0.07603
2.97875 0.07920
2.97900 0.07744
2.97925 0.07482
2.97950 0.07335
2.97975 0.07507
2.98000 0.07703
2.98025 0.07311
2.98050 0.07527
2.98075 0.07661
2.98100 0.07877
2.98125 0.07518
2.98150 0.07477
2.98175 0.07522
2.98200 0.07643
2.98225 0.07595
2.98250 0.07638
2.98275 0.07597
2.98300 0.07588
2.98325 0.07872
2.98350 0.07748
2.98375 0.07627
2.98400 0.07825
2.98425 0.07728
2.98450 0.07580
2.98475 0.07537
2.98500 0.07294
2.98525 0.07660
2.98550 0.07606
2.98575 0.07364
2.98600 0.07625
2.98625 0.07562
2.98650 0.07570
2.98675 0.07772
2.98700 0.07781
2.98725 0.07526
2.98750 0.07634
2.98775 0.07890
2.98800 0.07764
2.98825 0.07874
2.98850 0.07931
2.98875 0.07651
2.98900 0.07743
2.98925 0.07508
2.98950 0.07694
2.98975 0.07687
2.99000 0.07609
2.99025 0.07533
2.99050 0.07445
2.99075 0.07647
2.99100 0.07732
2.99125 0.07948
2.99150 0.07750
2.99175 0.07749
2.99200 0.07563
2.99225 0.07447
2.99250 0.07499
2.99275 0.07620
2.99300 0.07425
2.99325 0.07780
2.99350 0.07790
2.99375 0.07493
2.99400 0.07326
2.99425 0.07417
2.99450 0.07358
2.99475 0.07364
2.99500 0.07497
2.99525 0.07379
2.99550 0.07378
2.99575 0.07330
2.99600 0.07213
2.99625 0.07499
2.99650 0.07591
2.99675 0.07496
2.99700 0.07665
2.99725 0.07522
2.99750 0.07593
2.99775 0.07563
2.99800 0.07664
2.99825 0.07536
2.99850 0.07444
2.99875 0.07480
2.99900 0.07373
2.99925 0.07595
2.99950 0.07494
2.99975 0.07412
3.00000 0.07802
3.00025 0.07916
3.00050 0.07986
3.00075 0.07622
3.00100 0.07454
3.00125 0.07632
3.00150 0.07744
3.00175 0.07484
3.00200 0.07656
3.00225 0.07469
3.00250 0.07371
3.00275 0.07655
3.00300 0.07726
3.00325 0.10080
3.00350 0.07923
3.00375 0.07609
3.00400 0.07559
3.00425 0.07535
3.00450 0.08966
3.00475 0.07639
3.00500 0.07461
3.00525 0.07687
3.00550 0.07754
3.00575 0.07615
3.00600 0.07653
3.00625 0.07566
3.00650 0.07597
3.00675 0.07819
3.00700 0.07784
3.00725 0.08091
3.00750 0.08132
3.00775 0.07722
3.00800 0.07854
3.00825 0.08127
3.00850 0.08594
3.00875 0.08620
3.00900 0.07944
3.00925 0.07856
3.00950 0.08115
3.00975 0.08247
3.01000 0.07975
3.01025 0.08522
3.01050 0.08212
3.01075 0.08333
3.01100 0.08377
3.01125 0.08337
3.01150 0.07938
3.01175 0.07872
3.01200 0.07892
3.01225 0.07970
3.01250 0.07694
3.01275 0.07699
3.01300 0.08103
3.01325 0.07768
3.01350 0.07634
3.01375 0.07802
3.01400 0.07658
3.01425 0.07850
3.01450 0.08035
3.01475 0.07879
3.01500 0.07764
3.01525 0.08123
3.01550 0.07886
3.01575 0.07969
3.01600 0.07771
3.01625 0.08099
3.01650 0.07749
3.01675 0.07902
3.01700 0.08263
3.01725 0.07932
3.01750 0.07995
3.01775 0.07928
3.01800 0.08094
3.01825 0.07966
3.01850 0.08374
3.01875 0.08283
3.01900 0.08663
3.01925 0.08131
3.01950 0.08239
3.01975 0.07899
3.02000 0.07803
3.02025 0.08039
3.02050 0.07856
3.02075 0.07751
3.02100 0.08047
3.02125 0.08082
3.02150 0.08088
3.02175 0.07831
3.02200 0.08000
3.02225 0.07634
3.02250 0.07762
3.02275 0.07915
3.02300 0.07956
3.02325 0.08183
3.02350 0.08055
3.02375 0.08018
3.02400 0.08160
3.02425 0.08015
3.02450 0.07960
3.02475 0.08102
3.02500 0.08026
3.02525 0.07937
3.02550 0.08289
3.02575 0.08135
3.02600 0.08094
3.02625 0.07983
3.02650 0.08257
3.02675 0.08359
3.02700 0.07969
3.02725 0.08030
3.02750 0.07946
3.02775 0.08076
3.02800 0.08618
3.02825 0.08508
3.02850 0.08208
3.02875 0.08074
3.02900 0.07934
3.02925 0.07869
3.02950 0.08000
3.02975 0.08077
3.03000 0.07932
3.03025 0.08009
3.03050 0.08044
3.03075 0.07822
3.03100 0.08301
3.03125 0.07970
3.03150 0.07882
3.03175 0.08011
3.03200 0.07755
3.03225 0.07831
3.03250 0.07819
3.03275 0.07918
3.03300 0.08031
3.03325 0.07639
3.03350 0.08023
3.03375 0.08206
3.03400 0.07831
3.03425 0.07793
3.03450 0.07842
3.03475 0.07745
3.03500 0.07959
3.03525 0.07958
3.03550 0.08046
3.03575 0.07757
3.03600 0.07798
3.03625 0.07801
3.03650 0.07784
3.03675 0.07801
3.03700 0.08105
3.03725 0.08168
3.03750 0.08032
3.03775 0.08280
3.03800 0.07922
3.03825 0.08249
3.03850 0.08605
3.03875 0.08879
3.03900 0.08639
3.03925 0.08270
3.03950 0.07943
3.03975 0.08025
3.04000 0.08123
3.04025 0.08096
3.04050 0.08209
3.04075 0.08098
3.04100 0.08380
3.04125 0.08019
3.04150 0.08189
3.04175 0.08470
3.04200 0.07890
3.04225 0.08091
3.04250 0.07959
3.04275 0.08024
3.04300 0.08197
3.04325 0.08101
3.04350 0.08425
3.04375 0.08073
3.04400 0.08028
3.04425 0.07967
3.04450 0.07921
3.04475 0.07903
3.04500 0.08171
3.04525 0.08053
3.04550 0.08546
3.04575 0.07873
3.04600 0.08189
3.04625 0.07926
3.04650 0.08256
3.04675 0.08293
3.04700 0.07920
3.04725 0.07929
3.04750 0.07900
3.04775 0.07855
3.04800 0.07813
3.04825 0.08024
3.04850 0.08610
3.04875 0.08724
3.04900 0.08350
3.04925 0.08052
3.04950 0.07736
3.04975 0.07873
3.05000 0.07847
3.05025 0.07854
3.05050 0.07912
3.05075 0.08127
3.05100 0.07777
3.05125 0.07805
3.05150 0.07529
3.05175 0.07612
3.05200 0.08029
3.05225 0.08178
3.05250 0.07836
3.05275 0.07769
3.05300 0.07761
3.05325 0.07779
3.05350 0.07550
3.05375 0.07982
3.05400 0.07597
3.05425 0.07627
3.05450 0.07899
3.05475 0.07817
3.05500 0.07609
3.05525 0.07404
3.05550 0.07362
3.05575 0.07161
3.05600 0.07315
3.05625 0.07270
3.05650 0.07298
3.05675 0.07330
3.05700 0.07228
3.05725 0.07422
3.05750 0.07514
3.05775 0.07641
3.05800 0.07689
3.05825 0.07542
3.05850 0.07286
3.05875 0.07172
3.05900 0.07439
3.05925 0.07535
3.05950 0.07216
3.05975 0.07631
3.06000 0.07483
3.06025 0.07559
3.06050 0.07688
3.06075 0.07704
3.06100 0.07821
3.06125 0.07480
3.06150 0.07372
3.06175 0.07508
3.06200 0.07414
3.06225 0.07680
3.06250 0.07592
3.06275 0.07452
3.06300 0.07430
3.06325 0.07730
3.06350 0.07299
3.06375 0.07564
3.06400 0.07772
3.06425 0.07801
3.06450 0.07592
3.06475 0.07631
3.06500 0.07510
3.06525 0.07582
3.06550 0.07569
3.06575 0.07543
3.06600 0.07673
3.06625 0.07469
3.06650 0.07464
3.06675 0.07608
3.06700 0.07663
3.06725 0.07311
3.06750 0.07261
3.06775 0.07268
3.06800 0.07349
3.06825 0.07258
3.06850 0.07356
3.06875 0.07635
3.06900 0.07289
3.06925 0.07392
3.06950 0.07393
3.06975 0.07563
3.07000 0.07329
3.07025 0.07213
3.07050 0.07451
3.07075 0.07549
3.07100 0.07531
3.07125 0.07891
3.07150 0.08060
3.07175 0.07753
3.07200 0.07409
3.07225 0.07582
3.07250 0.07813
3.07275 0.07743
3.07300 0.07782
3.07325 0.07558
3.07350 0.07446
3.07375 0.07820
3.07400 0.07332
3.07425 0.07563
3.07450 0.07666
3.07475 0.07552
3.07500 0.07414
3.07525 0.07431
3.07550 0.07582
3.07575 0.07410
3.07600 0.07743
3.07625 0.07737
3.07650 0.07892
3.07675 0.07647
3.07700 0.07941
3.07725 0.07556
3.07750 0.07784
3.07775 0.07849
3.07800 0.07472
3.07825 0.07490
3.07850 0.07493
3.07875 0.07958
3.07900 0.08141
3.07925 0.08143
3.07950 0.07536
3.07975 0.07547
3.08000 0.07439
3.08025 0.07457
3.08050 0.07431
3.08075 0.07339
3.08100 0.07199
3.08125 0.07276
3.08150 0.07035
3.08175 0.07089
3.08200 0.07178
3.08225 0.07066
3.08250 0.07064
3.08275 0.07004
3.08300 0.07107
3.08325 0.07060
3.08350 0.06980
3.08375 0.07153
3.08400 0.07121
3.08425 0.07145
3.08450 0.07198
3.08475 0.07301
3.08500 0.07049
3.08525 0.07191
3.08550 0.07207
3.08575 0.07230
3.08600 0.07111
3.08625 0.06960
3.08650 0.07014
3.08675 0.07267
3.08700 0.07191
3.08725 0.07228
3.08750 0.07185
3.08775 0.07278
3.08800 0.07227
3.08825 0.07450
3.08850 0.07170
3.08875 0.07269
3.08900 0.07206
3.08925 0.07096
3.08950 0.07108
3.08975 0.07420
3.09000 0.07511
3.09025 0.07475
3.09050 0.07557
3.09075 0.07437
3.09100 0.07577
3.09125 0.07898
3.09150 0.07765
3.09175 0.08030
3.09200 0.07671
3.09225 0.07243
3.09250 0.07294
3.09275 0.07321
3.09300 0.07291
3.09325 0.07229
3.09350 0.07219
3.09375 0.07285
3.09400 0.07513
3.09425 0.07019
3.09450 0.07497
3.09475 0.07176
3.09500 0.07540
3.09525 0.07192
3.09550 0.07352
3.09575 0.07047
3.09600 0.07083
3.09625 0.06969
3.09650 0.07004
3.09675 0.06871
3.09700 0.07235
3.09725 0.07357
3.09750 0.07213
3.09775 0.07181
3.09800 0.07120
3.09825 0.07047
3.09850 0.07212
3.09875 0.07074
3.09900 0.06997
3.09925 0.07086
3.09950 0.07266
3.09975 0.07196
3.10000 0.07134
3.10025 0.07318
3.10050 0.07272
3.10075 0.07404
3.10100 0.07703
3.10125 0.07110
3.10150 0.07074
3.10175 0.07107
3.10200 0.07409
3.10225 0.07211
3.10250 0.06982
3.10275 0.07052
3.10300 0.06938
3.10325 0.06998
3.10350 0.06842
3.10375 0.06933
3.10400 0.07086
3.10425 0.06855
3.10450 0.06795
3.10475 0.06871
3.10500 0.06961
3.10525 0.07401
3.10550 0.07301
3.10575 0.07072
3.10600 0.07394
3.10625 0.07459
3.10650 0.06995
3.10675 0.07552
3.10700 0.07364
3.10725 0.07523
3.10750 0.07340
3.10775 0.06973
3.10800 0.06976
3.10825 0.07148
3.10850 0.07118
3.10875 0.06949
3.10900 0.06771
3.10925 0.06913
3.10950 0.07157
3.10975 0.06992
3.11000 0.07050
3.11025 0.06969
3.11050 0.07029
3.11075 0.06852
3.11100 0.06845
3.11125 0.07166
3.11150 0.07147
3.11175 0.06910
3.11200 0.07020
3.11225 0.07278
3.11250 0.07285
3.11275 0.07192
3.11300 0.07275
3.11325 0.07072
3.11350 0.07267
3.11375 0.07168
3.11400 0.07205
3.11425 0.07193
3.11450 0.07112
3.11475 0.06944
3.11500 0.07213
3.11525 0.07555
3.11550 0.07034
3.11575 0.07145
3.11600 0.07197
3.11625 0.07256
3.11650 0.07555
3.11675 0.07308
3.11700 0.07545
3.11725 0.07426
3.11750 0.07304
3.11775 0.07477
3.11800 0.07424
3.11825 0.07333
3.11850 0.07214
3.11875 0.07397
3.11900 0.07234
3.11925 0.07080
3.11950 0.07081
3.11975 0.07100
3.12000 0.07273
3.12025 0.07192
3.12050 0.07296
3.12075 0.07470
3.12100 0.07243
3.12125 0.07166
3.12150 0.06939
3.12175 0.07214
3.12200 0.07378
3.12225 0.07290
3.12250 0.07870
3.12275 0.07464
3.12300 0.07567
3.12325 0.07345
3.12350 0.07530
3.12375 0.06990
3.12400 0.07341
3.12425 0.07094
3.12450 0.07020
3.12475 0.07131
3.12500 0.07264
3.12525 0.07047
3.12550 0.06970
3.12575 0.07200
3.12600 0.07273
3.12625 0.07096
3.12650 0.07374
3.12675 0.07718
3.12700 0.07639
3.12725 0.07427
3.12750 0.07680
3.12775 0.07433
3.12800 0.07589
3.12825 0.07564
3.12850 0.07844
3.12875 0.07300
3.12900 0.07493
3.12925 0.07520
3.12950 0.07018
3.12975 0.07026
3.13000 0.07105
3.13025 0.07105
3.13050 0.06995
3.13075 0.07009
3.13100 0.06985
3.13125 0.06932
3.13150 0.07175
3.13175 0.07226
3.13200 0.07060
3.13225 0.07047
3.13250 0.07118
3.13275 0.06952
3.13300 0.06721
3.13325 0.07035
3.13350 0.07018
3.13375 0.07078
3.13400 0.06938
3.13425 0.07235
3.13450 0.07162
3.13475 0.06896
3.13500 0.06838
3.13525 0.06995
3.13550 0.07378
3.13575 0.07146
3.13600 0.07420
3.13625 0.07769
3.13650 0.08626
3.13675 0.07651
3.13700 0.07309
3.13725 0.06882
3.13750 0.07292
3.13775 0.06983
3.13800 0.06860
3.13825 0.07268
3.13850 0.06964
3.13875 0.07118
3.13900 0.07146
3.13925 0.07427
3.13950 0.07124
3.13975 0.06869
3.14000 0.06678
3.14025 0.06820
3.14050 0.06837
3.14075 0.07066
3.14100 0.07006
3.14125 0.06985
3.14150 0.06980
3.14175 0.06653
3.14200 0.06622
3.14225 0.06954
3.14250 0.06715
3.14275 0.06809
3.14300 0.06886
3.14325 0.07008
3.14350 0.06878
3.14375 0.06848
3.14400 0.06624
3.14425 0.06578
3.14450 0.06733
3.14475 0.06555
3.14500 0.06847
3.14525 0.06440
3.14550 0.06515
3.14575 0.06465
3.14600 0.06508
3.14625 0.06757
3.14650 0.06837
3.14675 0.06717
3.14700 0.07099
3.14725 0.06968
3.14750 0.06996
3.14775 0.06746
3.14800 0.06852
3.14825 0.06949
3.14850 0.06759
3.14875 0.06718
3.14900 0.06729
3.14925 0.06618
3.14950 0.06653
3.14975 0.06496
3.15000 0.06807
3.15025 0.06487
3.15050 0.06599
3.15075 0.06602
3.15100 0.06632
3.15125 0.06687
3.15150 0.06876
3.15175 0.06930
3.15200 0.06617
3.15225 0.06750
3.15250 0.06649
3.15275 0.06617
3.15300 0.06427
3.15325 0.06357
3.15350 0.06391
3.15375 0.06649
3.15400 0.06683
3.15425 0.06489
3.15450 0.06757
3.15475 0.06669
3.15500 0.06559
3.15525 0.06890
3.15550 0.06743
3.15575 0.06516
3.15600 0.06772
3.15625 0.06496
3.15650 0.06527
3.15675 0.06651
3.15700 0.06763
3.15725 0.06576
3.15750 0.06835
3.15775 0.06774
3.15800 0.06836
3.15825 0.06647
3.15850 0.07020
3.15875 0.07193
3.15900 0.07693
3.15925 0.06911
3.15950 0.06857
3.15975 0.07070
3.16000 0.06952
3.16025 0.07063
3.16050 0.07703
3.16075 0.07399
3.16100 0.06890
3.16125 0.07049
3.16150 0.06867
3.16175 0.07031
3.16200 0.07149
3.16225 0.06944
3.16250 0.07096
3.16275 0.07327
3.16300 0.06754
3.16325 0.07170
3.16350 0.07061
3.16375 0.07408
3.16400 0.06749
3.16425 0.06996
3.16450 0.06882
3.16475 0.07044
3.16500 0.07200
3.16525 0.07245
3.16550 0.07055
3.16575 0.08263
3.16600 0.06954
3.16625 0.07240
3.16650 0.07071
3.16675 0.07064
3.16700 0.06975
3.16725 0.06892
3.16750 0.06745
3.16775 0.06832
3.16800 0.06796
3.16825 0.07183
3.16850 0.07021
3.16875 0.07020
3.16900 0.07085
3.16925 0.06775
3.16950 0.06899
3.16975 0.06741
3.17000 0.06737
3.17025 0.06705
3.17050 0.06974
3.17075 0.06823
3.17100 0.07047
3.17125 0.06792
3.17150 0.07213
3.17175 0.06794
3.17200 0.06970
3.17225 0.07047
3.17250 0.06938
3.17275 0.06835
3.17300 0.06949
3.17325 0.07211
3.17350 0.06834
3.17375 0.06811
3.17400 0.06731
3.17425 0.06878
3.17450 0.06586
3.17475 0.06917
3.17500 0.06579
3.17525 0.06680
3.17550 0.06658
3.17575 0.06675
3.17600 0.06518
3.17625 0.06576
3.17650 0.07042
3.17675 0.06849
3.17700 0.07454
3.17725 0.06736
3.17750 0.06437
3.17775 0.06859
3.17800 0.06530
3.17825 0.06892
3.17850 0.06836
3.17875 0.07066
3.17900 0.06974
3.17925 0.07205
3.17950 0.06822
3.17975 0.06614
3.18000 0.06846
3.18025 0.06639
3.18050 0.06622
3.18075 0.06642
3.18100 0.06620
3.18125 0.06689
3.18150 0.06536
3.18175 0.06632
3.18200 0.06479
3.18225 0.06669
3.18250 0.06505
3.18275 0.06544
3.18300 0.06442
3.18325 0.06409
3.18350 0.06644
3.18375 0.06561
3.18400 0.06715
3.18425 0.06703
3.18450 0.06655
3.18475 0.06422
3.18500 0.06407
3.18525 0.06453
3.18550 0.06429
3.18575 0.06468
3.18600 0.06510
3.18625 0.06502
3.18650 0.06527
3.18675 0.06274
3.18700 0.06312
3.18725 0.06423
3.18750 0.06432
3.18775 0.06317
3.18800 0.06301
3.18825 0.06424
3.18850 0.06315
3.18875 0.06374
3.18900 0.06245
3.18925 0.06325
3.18950 0.06611
3.18975 0.06353
3.19000 0.06362
3.19025 0.06403
3.19050 0.06263
3.19075 0.06258
3.19100 0.06458
3.19125 0.06601
3.19150 0.06478
3.19175 0.06199
3.19200 0.06238
3.19225 0.06320
3.19250 0.06329
3.19275 0.06372
3.19300 0.06179
3.19325 0.06357
3.19350 0.06455
3.19375 0.06263
3.19400 0.06284
3.19425 0.06398
3.19450 0.05930
3.19475 0.06202
3.19500 0.06135
3.19525 0.06104
3.19550 0.06108
3.19575 0.06242
3.19600 0.06333
3.19625 0.06213
3.19650 0.06428
3.19675 0.06435
3.19700 0.06370
3.19725 0.06281
3.19750 0.06252
3.19775 0.05949
3.19800 0.06175
3.19825 0.06165
3.19850 0.06051
3.19875 0.06203
3.19900 0.06182
3.19925 0.06228
3.19950 0.06164
3.19975 0.06155
3.20000 0.06293
3.20025 0.06365
3.20050 0.06215
3.20075 0.06148
3.20100 0.06074
3.20125 0.06291
3.20150 0.06067
3.20175 0.06215
3.20200 0.05932
3.20225 0.06031
3.20250 0.05996
3.20275 0.06112
3.20300 0.06286
3.20325 0.05988
3.20350 0.06164
3.20375 0.06029
3.20400 0.05881
3.20425 0.05912
3.20450 0.05868
3.20475 0.05855
3.20500 0.06042
3.20525 0.05779
3.20550 0.05840
3.20575 0.05970
3.20600 0.06015
3.20625 0.05709
3.20650 0.06018
3.20675 0.06001
3.20700 0.06139
3.20725 0.05973
3.20750 0.05890
3.20775 0.06003
3.20800 0.06032
3.20825 0.06001
3.20850 0.05957
3.20875 0.06126
3.20900 0.06196
3.20925 0.06300
3.20950 0.06450
3.20975 0.06040
3.21000 0.06398
3.21025 0.06179
3.21050 0.06001
3.21075 0.06093
3.21100 0.06059
3.21125 0.06126
3.21150 0.06116
3.21175 0.05869
3.21200 0.05901
3.21225 0.05869
3.21250 0.05877
3.21275 0.05829
3.21300 0.05767
3.21325 0.06286
3.21350 0.05830
3.21375 0.05949
3.21400 0.05967
3.21425 0.05710
3.21450 0.05733
3.21475 0.05672
3.21500 0.06296
3.21525 0.05874
3.21550 0.05871
3.21575 0.05927
3.21600 0.05785
3.21625 0.05768
3.21650 0.05945
3.21675 0.05955
3.21700 0.05730
3.21725 0.05748
3.21750 0.05913
3.21775 0.05966
3.21800 0.05771
3.21825 0.05794
3.21850 0.05683
3.21875 0.05710
3.21900 0.05775
3.21925 0.06063
3.21950 0.06134
3.21975 0.05721
3.22000 0.05545
3.22025 0.05544
3.22050 0.05832
3.22075 0.05815
3.22100 0.05545
3.22125 0.05535
3.22150 0.05559
3.22175 0.05457
3.22200 0.06106
3.22225 0.05759
3.22250 0.05577
3.22275 0.05588
3.22300 0.05552
3.22325 0.05406
3.22350 0.05537
3.22375 0.05679
3.22400 0.05524
3.22425 0.05492
3.22450 0.05522
3.22475 0.05477
3.22500 0.05646
3.22525 0.05646
3.22550 0.05667
3.22575 0.05504
3.22600 0.05599
3.22625 0.05597
3.22650 0.05750
3.22675 0.05551
3.22700 0.05516
3.22725 0.05494
3.22750 0.05556
3.22775 0.05583
3.22800 0.05479
3.22825 0.05363
3.22850 0.05327
3.22875 0.05418
3.22900 0.05342
3.22925 0.05366
3.22950 0.05512
3.22975 0.05537
3.23000 0.05589
3.23025 0.05743
3.23050 0.06320
3.23075 0.05441
3.23100 0.05722
3.23125 0.05763
3.23150 0.05922
3.23175 0.05574
3.23200 0.05737
3.23225 0.05586
3.23250 0.05504
3.23275 0.05431
3.23300 0.05529
3.23325 0.05446
3.23350 0.05500
3.23375 0.05522
3.23400 0.05542
3.23425 0.05619
3.23450 0.05311
3.23475 0.05376
3.23500 0.05749
3.23525 0.05579
3.23550 0.05656
3.23575 0.05600
3.23600 0.05724
3.23625 0.05712
3.23650 0.05626
3.23675 0.06005
3.23700 0.05820
3.23725 0.05683
3.23750 0.05343
3.23775 0.05560
3.23800 0.05568
3.23825 0.05338
3.23850 0.05504
3.23875 0.05335
3.23900 0.05340
3.23925 0.05370
3.23950 0.05244
3.23975 0.05166
3.24000 0.05122
3.24025 0.05851
3.24050 0.05374
3.24075 0.05289
3.24100 0.05233
3.24125 0.05148
3.24150 0.05393
3.24175 0.05414
3.24200 0.05359
3.24225 0.05481
3.24250 0.05253
3.24275 0.05181
3.24300 0.05232
3.24325 0.05239
3.24350 0.05335
3.24375 0.05445
3.24400 0.05467
3.24425 0.05158
3.24450 0.05363
3.24475 0.05390
3.24500 0.05266
3.24525 0.05218
3.24550 0.05341
3.24575 0.05189
3.24600 0.05094
3.24625 0.05064
3.24650 0.05136
3.24675 0.05055
3.24700 0.05189
3.24725 0.05436
3.24750 0.05314
3.24775 0.05188
3.24800 0.05069
3.24825 0.05125
3.24850 0.05224
3.24875 0.05238
3.24900 0.05221
3.24925 0.05152
3.24950 0.05103
3.24975 0.05075
3.25000 0.05310
3.25025 0.05162
3.25050 0.05188
3.25075 0.05007
3.25100 0.04786
3.25125 0.04894
3.25150 0.05001
3.25175 0.04950
3.25200 0.05004
3.25225 0.05146
3.25250 0.04916
3.25275 0.04899
3.25300 0.05021
3.25325 0.05139
3.25350 0.05169
3.25375 0.05103
3.25400 0.04991
3.25425 0.04670
3.25450 0.05287
3.25475 0.04912
3.25500 0.04784
3.25525 0.04775
3.25550 0.04870
3.25575 0.04718
3.25600 0.04720
3.25625 0.04861
3.25650 0.04599
3.25675 0.04638
3.25700 0.04833
3.25725 0.04702
3.25750 0.04997
3.25775 0.04796
3.25800 0.05217
3.25825 0.04737
3.25850 0.04949
3.25875 0.04738
3.25900 0.04649
3.25925 0.04753
3.25950 0.04730
3.25975 0.04644
3.26000 0.04674
3.26025 0.04795
3.26050 0.04757
3.26075 0.04858
3.26100 0.04887
3.26125 0.05013
3.26150 0.04897
3.26175 0.04762
3.26200 0.05003
3.26225 0.04989
3.26250 0.04730
3.26275 0.04736
3.26300 0.04780
3.26325 0.04740
3.26350 0.04841
3.26375 0.04840
3.26400 0.04782
3.26425 0.04924
3.26450 0.04710
3.26475 0.05001
3.26500 0.04890
3.26525 0.04914
3.26550 0.04835
3.26575 0.04835
3.26600 0.04987
3.26625 0.04987
3.26650 0.05060
3.26675 0.04892
3.26700 0.04866
3.26725 0.04817
3.26750 0.04796
3.26775 0.04827
3.26800 0.04929
3.26825 0.04792
3.26850 0.05044
3.26875 0.04705
3.26900 0.04906
3.26925 0.04780
3.26950 0.04893
3.26975 0.04948
3.27000 0.04854
3.27025 0.04941
3.27050 0.04807
3.27075 0.04946
3.27100 0.04918
3.27125 0.04963
3.27150 0.04974
3.27175 0.05032
3.27200 0.04761
3.27225 0.04823
3.27250 0.04877
3.27275 0.04920
3.27300 0.04968
3.27325 0.04884
3.27350 0.04803
3.27375 0.04832
3.27400 0.04849
3.27425 0.04673
3.27450 0.04823
3.27475 0.04634
3.27500 0.04968
3.27525 0.04780
3.27550 0.04836
3.27575 0.04756
3.27600 0.04808
3.27625 0.04807
3.27650 0.04728
3.27675 0.04777
3.27700 0.04772
3.27725 0.04844
3.27750 0.04784
3.27775 0.04679
3.27800 0.04720
3.27825 0.04655
3.27850 0.04714
3.27875 0.04693
3.27900 0.04793
3.27925 0.04924
3.27950 0.04743
3.27975 0.04786
3.28000 0.04949
3.28025 0.04871
3.28050 0.04739
3.28075 0.04792
3.28100 0.04808
3.28125 0.04868
3.28150 0.04753
3.28175 0.04949
3.28200 0.04805
3.28225 0.04891
3.28250 0.05412
3.28275 0.04992
3.28300 0.05190
3.28325 0.05140
3.28350 0.04894
3.28375 0.05125
3.28400 0.05153
3.28425 0.05101
3.28450 0.05090
3.28475 0.04802
3.28500 0.04934
3.28525 0.05146
3.28550 0.05053
3.28575 0.05013
3.28600 0.05346
3.28625 0.04926
3.28650 0.05243
3.28675 0.05303
3.28700 0.05031
3.28725 0.05000
3.28750 0.04974
3.28775 0.04910
3.28800 0.04932
3.28825 0.04642
3.28850 0.04856
3.28875 0.04837
3.28900 0.04573
3.28925 0.04700
3.28950 0.04746
3.28975 0.04787
3.29000 0.04849
3.29025 0.04790
3.29050 0.04868
3.29075 0.04717
3.29100 0.04785
3.29125 0.04733
3.29150 0.04685
3.29175 0.04713
3.29200 0.04892
3.29225 0.04837
3.29250 0.04792
3.29275 0.04728
3.29300 0.05004
3.29325 0.04851
3.29350 0.04929
3.29375 0.05028
3.29400 0.04912
3.29425 0.04772
3.29450 0.05166
3.29475 0.05207
3.29500 0.05001
3.29525 0.05071
3.29550 0.05064
3.29575 0.04975
3.29600 0.04846
3.29625 0.05080
3.29650 0.05009
3.29675 0.05131
3.29700 0.05259
3.29725 0.04968
3.29750 0.05251
3.29775 0.05071
3.29800 0.05036
3.29825 0.04934
3.29850 0.05189
3.29875 0.04988
3.29900 0.05002
3.29925 0.04903
3.29950 0.04892
3.29975 0.05022
3.30000 0.04994
3.30025 0.05142
3.30050 0.04983
3.30075 0.04856
3.30100 0.04930
3.30125 0.04976
3.30150 0.04966
3.30175 0.04986
3.30200 0.04788
3.30225 0.04864
3.30250 0.04876
3.30275 0.04945
3.30300 0.04960
3.30325 0.05118
3.30350 0.04843
3.30375 0.04937
3.30400 0.04852
3.30425 0.04835
3.30450 0.05031
3.30475 0.05063
3.30500 0.05015
3.30525 0.05057
3.30550 0.05178
3.30575 0.05248
3.30600 0.05523
3.30625 0.05403
3.30650 0.05119
3.30675 0.05184
3.30700 0.04855
3.30725 0.04644
3.30750 0.04880
3.30775 0.04737
3.30800 0.04832
3.30825 0.04825
3.30850 0.04840
3.30875 0.04803
3.30900 0.04769
3.30925 0.04727
3.30950 0.04868
3.30975 0.04772
3.31000 0.04715
3.31025 0.04836
3.31050 0.04797
3.31075 0.04764
3.31100 0.04719
3.31125 0.04847
3.31150 0.04900
3.31175 0.04964
3.31200 0.04875
3.31225 0.05058
3.31250 0.05111
3.31275 0.04915
3.31300 0.05251
3.31325 0.04906
3.31350 0.04813
3.31375 0.05699
3.31400 0.04962
3.31425 0.04957
3.31450 0.04861
3.31475 0.04879
3.31500 0.04764
3.31525 0.04867
3.31550 0.04764
3.31575 0.05026
3.31600 0.05694
3.31625 0.05044
3.31650 0.05182
3.31675 0.04858
3.31700 0.05061
3.31725 0.05117
3.31750 0.05070
3.31775 0.04984
3.31800 0.04984
3.31825 0.04791
3.31850 0.05151
3.31875 0.05034
3.31900 0.04873
3.31925 0.04957
3.31950 0.04931
3.31975 0.05085
3.32000 0.05147
3.32025 0.04917
3.32050 0.04987
3.32075 0.05139
3.32100 0.04960
3.32125 0.05257
3.32150 0.05615
3.32175 0.05394
3.32200 0.05123
3.32225 0.04997
3.32250 0.04899
3.32275 0.05392
3.32300 0.05108
3.32325 0.04909
3.32350 0.05423
3.32375 0.05126
3.32400 0.05014
3.32425 0.04895
3.32450 0.04714
3.32475 0.05054
3.32500 0.05050
3.32525 0.04872
3.32550 0.04992
3.32575 0.04910
3.32600 0.04864
3.32625 0.04770
3.32650 0.04942
3.32675 0.04905
3.32700 0.05142
3.32725 0.04988
3.32750 0.04860
3.32775 0.05031
3.32800 0.04895
3.32825 0.04952
3.32850 0.04849
3.32875 0.04733
3.32900 0.04805
3.32925 0.04893
3.32950 0.04825
3.32975 0.04886
3.33000 0.04935
3.33025 0.04613
3.33050 0.04847
3.33075 0.04639
3.33100 0.04667
3.33125 0.04804
3.33150 0.04723
3.33175 0.04971
3.33200 0.04974
3.33225 0.04876
3.33250 0.05165
3.33275 0.05006
3.33300 0.04991
3.33325 0.04938
3.33350 0.04969
3.33375 0.05658
3.33400 0.05134
3.33425 0.04948
3.33450 0.05343
3.33475 0.05229
3.33500 0.04971
3.33525 0.05128
3.33550 0.05075
3.33575 0.04956
3.33600 0.04827
3.33625 0.04839
3.33650 0.04986
3.33675 0.04887
3.33700 0.05095
3.33725 0.04854
3.33750 0.05406
3.33775 0.05072
3.33800 0.04977
3.33825 0.05010
3.33850 0.05273
3.33875 0.05014
3.33900 0.05092
3.33925 0.05057
3.33950 0.04962
3.33975 0.04931
3.34000 0.05015
3.34025 0.05043
3.34050 0.05195
3.34075 0.05254
3.34100 0.05069
3.34125 0.05084
3.34150 0.05163
3.34175 0.05218
3.34200 0.05113
3.34225 0.05054
3.34250 0.04907
3.34275 0.05012
3.34300 0.05068
3.34325 0.05145
3.34350 0.05155
3.34375 0.05181
3.34400 0.05091
3.34425 0.05327
3.34450 0.05232
3.34475 0.05255
3.34500 0.05558
3.34525 0.05267
3.34550 0.05017
3.34575 0.05213
3.34600 0.05790
3.34625 0.05457
3.34650 0.05190
3.34675 0.05014
3.34700 0.05204
3.34725 0.05072
3.34750 0.05161
3.34775 0.05170
3.34800 0.05040
3.34825 0.05313
3.34850 0.05852
3.34875 0.05839
3.34900 0.05095
3.34925 0.04917
3.34950 0.05499
3.34975 0.05243
3.35000 0.05046
3.35025 0.05322
3.35050 0.05269
3.35075 0.04995
3.35100 0.05433
3.35125 0.05278
3.35150 0.05045
3.35175 0.04955
3.35200 0.05264
3.35225 0.05193
3.35250 0.05484
3.35275 0.05027
3.35300 0.05293
3.35325 0.05188
3.35350 0.05284
3.35375 0.05013
3.35400 0.05248
3.35425 0.04913
3.35450 0.05062
3.35475 0.04965
3.35500 0.04960
3.35525 0.05012
3.35550 0.04867
3.35575 0.04976
3.35600 0.05001
3.35625 0.05898
3.35650 0.05383
3.35675 0.04875
3.35700 0.04950
3.35725 0.04944
3.35750 0.05031
3.35775 0.04927
3.35800 0.05070
3.35825 0.05155
3.35850 0.04993
3.35875 0.04771
3.35900 0.04945
3.35925 0.05018
3.35950 0.04909
3.35975 0.04938
3.36000 0.05099
3.36025 0.04921
3.36050 0.04871
3.36075 0.04717
3.36100 0.04877
3.36125 0.04960
3.36150 0.04959
3.36175 0.05098
3.36200 0.04969
3.36225 0.05015
3.36250 0.04935
3.36275 0.05109
3.36300 0.05177
3.36325 0.04972
3.36350 0.05430
3.36375 0.05236
3.36400 0.05380
3.36425 0.05560
3.36450 0.05711
3.36475 0.05136
3.36500 0.04964
3.36525 0.04983
3.36550 0.05146
3.36575 0.04881
3.36600 0.05013
3.36625 0.05088
3.36650 0.05197
3.36675 0.05088
3.36700 0.05038
3.36725 0.05016
3.36750 0.04925
3.36775 0.04911
3.36800 0.05076
3.36825 0.04844
3.36850 0.05069
3.36875 0.04811
3.36900 0.05004
3.36925 0.04951
3.36950 0.04997
3.36975 0.04989
3.37000 0.05041
3.37025 0.04949
3.37050 0.04948
3.37075 0.04954
3.37100 0.04871
3.37125 0.04942
3.37150 0.05131
3.37175 0.05284
3.37200 0.05030
3.37225 0.04951
3.37250 0.04869
3.37275 0.05106
3.37300 0.04979
3.37325 0.04897
3.37350 0.04943
3.37375 0.04936
3.37400 0.05177
3.37425 0.04955
3.37450 0.05113
3.37475 0.04939
3.37500 0.04915
3.37525 0.04881
3.37550 0.04713
3.37575 0.04787
3.37600 0.04775
3.37625 0.04741
3.37650 0.04993
3.37675 0.05080
3.37700 0.04850
3.37725 0.05175
3.37750 0.04802
3.37775 0.05001
3.37800 0.04970
3.37825 0.04773
3.37850 0.04838
3.37875 0.04967
3.37900 0.04915
3.37925 0.04916
3.37950 0.04904
3.37975 0.04911
3.38000 0.04944
3.38025 0.05011
3.38050 0.05252
3.38075 0.05003
3.38100 0.05089
3.38125 0.05142
3.38150 0.05111
3.38175 0.04845
3.38200 0.04876
3.38225 0.04898
3.38250 0.05192
3.38275 0.04828
3.38300 0.04873
3.38325 0.04823
3.38350 0.04871
3.38375 0.05116
3.38400 0.04797
3.38425 0.04915
3.38450 0.04879
3.38475 0.04857
3.38500 0.04941
3.38525 0.05055
3.38550 0.05127
3.38575 0.04816
3.38600 0.05133
3.38625 0.05438
3.38650 0.04705
3.38675 0.04705
3.38700 0.04613
3.38725 0.04673
3.38750 0.04694
3.38775 0.04622
3.38800 0.04823
3.38825 0.04819
3.38850 0.04563
3.38875 0.04690
3.38900 0.04765
3.38925 0.04698
3.38950 0.04641
3.38975 0.04723
3.39000 0.04561
3.39025 0.05139
3.39050 0.05009
3.39075 0.04860
3.39100 0.04908
3.39125 0.05322
3.39150 0.04973
3.39175 0.04890
3.39200 0.04746
3.39225 0.04602
3.39250 0.04811
3.39275 0.04824
3.39300 0.04875
3.39325 0.04992
3.39350 0.04828
3.39375 0.05353
3.39400 0.05151
3.39425 0.04881
3.39450 0.04724
3.39475 0.04771
3.39500 0.04872
3.39525 0.04887
3.39550 0.04815
3.39575 0.04751
3.39600 0.04731
3.39625 0.04713
3.39650 0.04707
3.39675 0.05052
3.39700 0.05310
3.39725 0.04986
3.39750 0.04886
3.39775 0.05070
3.39800 0.04961
3.39825 0.04941
3.39850 0.04722
3.39875 0.04941
3.39900 0.04911
3.39925 0.04992
3.39950 0.05137
3.39975 0.04708
3.40000 0.04948
3.40025 0.04947
3.40050 0.04929
3.40075 0.04811
3.40100 0.04995
3.40125 0.05132
3.40150 0.04995
3.40175 0.04828
3.40200 0.04939
3.40225 0.05010
3.40250 0.04988
3.40275 0.05056
3.40300 0.05165
3.40325 0.05185
3.40350 0.05165
3.40375 0.05072
3.40400 0.05048
3.40425 0.05280
3.40450 0.05190
3.40475 0.05128
3.40500 0.05381
3.40525 0.05231
3.40550 0.05147
3.40575 0.05131
3.40600 0.05239
3.40625 0.05643
3.40650 0.04983
3.40675 0.05121
3.40700 0.05057
3.40725 0.05004
3.40750 0.05127
3.40775 0.05054
3.40800 0.04984
3.40825 0.05153
3.40850 0.05236
3.40875 0.05562
3.40900 0.05394
3.40925 0.05335
3.40950 0.05767
3.40975 0.05252
3.41000 0.05517
3.41025 0.05529
3.41050 0.05157
3.41075 0.05743
3.41100 0.05181
3.41125 0.05068
3.41150 0.05336
3.41175 0.04982
3.41200 0.05157
3.41225 0.05266
3.41250 0.05200
3.41275 0.05012
3.41300 0.05201
3.41325 0.05177
3.41350 0.05245
3.41375 0.05522
3.41400 0.05433
3.41425 0.05301
3.41450 0.05352
3.41475 0.05206
3.41500 0.05238
3.41525 0.05252
3.41550 0.05200
3.41575 0.05045
3.41600 0.05133
3.41625 0.05225
3.41650 0.05135
3.41675 0.05449
3.41700 0.05156
3.41725 0.05255
3.41750 0.05482
3.41775 0.05505
3.41800 0.06017
3.41825 0.05626
3.41850 0.05645
3.41875 0.05439
3.41900 0.05527
3.41925 0.05299
3.41950 0.05341
3.41975 0.06107
3.42000 0.05768
3.42025 0.05400
3.42050 0.05190
3.42075 0.05160
3.42100 0.05088
3.42125 0.04980
3.42150 0.05135
3.42175 0.05349
3.42200 0.05353
3.42225 0.05786
3.42250 0.05425
3.42275 0.05464
3.42300 0.05270
3.42325 0.05331
3.42350 0.05382
3.42375 0.06859
3.42400 0.06710
3.42425 0.05447
3.42450 0.05231
3.42475 0.05267
3.42500 0.05280
3.42525 0.05271
3.42550 0.05116
3.42575 0.05288
3.42600 0.05608
3.42625 0.05336
3.42650 0.05354
3.42675 0.05275
3.42700 0.05138
3.42725 0.05454
3.42750 0.05596
3.42775 0.06063
3.42800 0.05574
3.42825 0.05522
3.42850 0.05460
3.42875 0.05571
3.42900 0.05452
3.42925 0.05875
3.42950 0.05815
3.42975 0.06096
3.43000 0.06347
3.43025 0.05998
3.43050 0.05817
3.43075 0.05920
3.43100 0.05877
3.43125 0.05470
3.43150 0.05492
3.43175 0.06224
3.43200 0.06416
3.43225 0.05623
3.43250 0.05548
3.43275 0.06224
3.43300 0.06089
3.43325 0.05871
3.43350 0.05506
3.43375 0.05239
3.43400 0.05583
3.43425 0.05097
3.43450 0.05073
3.43475 0.05330
3.43500 0.05566
3.43525 0.05319
3.43550 0.05465
3.43575 0.05152
3.43600 0.05726
3.43625 0.05481
3.43650 0.05235
3.43675 0.05444
3.43700 0.05481
3.43725 0.06133
3.43750 0.05613
3.43775 0.05452
3.43800 0.05623
3.43825 0.05277
3.43850 0.05276
3.43875 0.05029
3.43900 0.05168
3.43925 0.05572
3.43950 0.05649
3.43975 0.06056
3.44000 0.06350
3.44025 0.05822
3.44050 0.05682
3.44075 0.05532
3.44100 0.05469
3.44125 0.05597
3.44150 0.05628
3.44175 0.05806
3.44200 0.05809
3.44225 0.06067
3.44250 0.05972
3.44275 0.05997
3.44300 0.05748
3.44325 0.05919
3.44350 0.05674
3.44375 0.06208
3.44400 0.05674
3.44425 0.05514
3.44450 0.05672
3.44475 0.05583
3.44500 0.05946
3.44525 0.05809
3.44550 0.05609
3.44575 0.05570
3.44600 0.05621
3.44625 0.05564
3.44650 0.05399
3.44675 0.05403
3.44700 0.05487
3.44725 0.05606
3.44750 0.05461
3.44775 0.05403
3.44800 0.05653
3.44825 0.05382
3.44850 0.05774
3.44875 0.05895
3.44900 0.05976
3.44925 0.05710
3.44950 0.05775
3.44975 0.05826
3.45000 0.05747
3.45025 0.05794
3.45050 0.05749
3.45075 0.05757
3.45100 0.05949
3.45125 0.05438
3.45150 0.05558
3.45175 0.05410
3.45200 0.05509
3.45225 0.05683
3.45250 0.05774
3.45275 0.05642
3.45300 0.05803
3.45325 0.06134
3.45350 0.05663
3.45375 0.05394
3.45400 0.05835
3.45425 0.05567
3.45450 0.05661
3.45475 0.05737
3.45500 0.05594
3.45525 0.06003
3.45550 0.05797
3.45575 0.06188
3.45600 0.06001
3.45625 0.05844
3.45650 0.05670
3.45675 0.05444
3.45700 0.05893
3.45725 0.06066
3.45750 0.05383
3.45775 0.05657
3.45800 0.05902
3.45825 0.05525
3.45850 0.05403
3.45875 0.05435
3.45900 0.05444
3.45925 0.05621
3.45950 0.05445
3.45975 0.05494
3.46000 0.05513
3.46025 0.05703
3.46050 0.05960
3.46075 0.05666
3.46100 0.05809
3.46125 0.05863
3.46150 0.05621
3.46175 0.05747
3.46200 0.05688
3.46225 0.05753
3.46250 0.05885
3.46275 0.05744
3.46300 0.05509
3.46325 0.05621
3.46350 0.05709
3.46375 0.05819
3.46400 0.05776
3.46425 0.05474
3.46450 0.05576
3.46475 0.05682
3.46500 0.05758
3.46525 0.06179
3.46550 0.05868
3.46575 0.05926
3.46600 0.05774
3.46625 0.06185
3.46650 0.06032
3.46675 0.05822
3.46700 0.06329
3.46725 0.05947
3.46750 0.05900
3.46775 0.05636
3.46800 0.05612
3.46825 0.05560
3.46850 0.05447
3.46875 0.05683
3.46900 0.05461
3.46925 0.05476
3.46950 0.05531
3.46975 0.05594
3.47000 0.05687
3.47025 0.05916
3.47050 0.05603
3.47075 0.06239
3.47100 0.06016
3.47125 0.05882
3.47150 0.05938
3.47175 0.05709
3.47200 0.05858
3.47225 0.05949
3.47250 0.05867
3.47275 0.05597
3.47300 0.05872
3.47325 0.05737
3.47350 0.05976
3.47375 0.05783
3.47400 0.05803
3.47425 0.05802
3.47450 0.05884
3.47475 0.05591
3.47500 0.05571
3.47525 0.05701
3.47550 0.05599
3.47575 0.05744
3.47600 0.05486
3.47625 0.05589
3.47650 0.05562
3.47675 0.05420
3.47700 0.05772
3.47725 0.05821
3.47750 0.05512
3.47775 0.05453
3.47800 0.05624
3.47825 0.05312
3.47850 0.05441
3.47875 0.05498
3.47900 0.05426
3.47925 0.05761
3.47950 0.05435
3.47975 0.05406
3.48000 0.05527
3.48025 0.05409
3.48050 0.05285
3.48075 0.05500
3.48100 0.05452
3.48125 0.05333
3.48150 0.05239
3.48175 0.05447
3.48200 0.05633
3.48225 0.05568
3.48250 0.05687
3.48275 0.05666
3.48300 0.05287
3.48325 0.05339
3.48350 0.05637
3.48375 0.05540
3.48400 0.05547
3.48425 0.05544
3.48450 0.05388
3.48475 0.05454
3.48500 0.05146
3.48525 0.05444
3.48550 0.05216
3.48575 0.05365
3.48600 0.05280
3.48625 0.05296
3.48650 0.05288
3.48675 0.05693
3.48700 0.05428
3.48725 0.06338
3.48750 0.05403
3.48775 0.05631
3.48800 0.05253
3.48825 0.05352
3.48850 0.05548
3.48875 0.05419
3.48900 0.05097
3.48925 0.05214
3.48950 0.05599
3.48975 0.05327
3.49000 0.05159
3.49025 0.05259
3.49050 0.05348
3.49075 0.05453
3.49100 0.05463
3.49125 0.05210
3.49150 0.05295
3.49175 0.05008
3.49200 0.05102
3.49225 0.05234
3.49250 0.05050
3.49275 0.05007
3.49300 0.05174
3.49325 0.05051
3.49350 0.05212
3.49375 0.05575
3.49400 0.04904
3.49425 0.05393
3.49450 0.04947
3.49475 0.04964
3.49500 0.04852
3.49525 0.04922
3.49550 0.04843
3.49575 0.04962
3.49600 0.04846
3.49625 0.04980
3.49650 0.05203
3.49675 0.05000
3.49700 0.04891
3.49725 0.05013
3.49750 0.05067
3.49775 0.04817
3.49800 0.05366
3.49825 0.04788
3.49850 0.04716
3.49875 0.04812
3.49900 0.04714
3.49925 0.04779
3.49950 0.04749
3.49975 0.04787
3.50000 0.04801
3.50025 0.04953
3.50050 0.04658
3.50075 0.04530
3.50100 0.04878
3.50125 0.04569
3.50150 0.04570
3.50175 0.04687
3.50200 0.04638
3.50225 0.04514
3.50250 0.04614
3.50275 0.04841
3.50300 0.04517
3.50325 0.04386
3.50350 0.04562
3.50375 0.04642
3.50400 0.04593
3.50425 0.04615
3.50450 0.04599
3.50475 0.04559
3.50500 0.04723
3.50525 0.04515
3.50550 0.04592
3.50575 0.04751
3.50600 0.04573
3.50625 0.04434
3.50650 0.04349
3.50675 0.04209
3.50700 0.04339
3.50725 0.04235
3.50750 0.04256
3.50775 0.04353
3.50800 0.04363
3.50825 0.04460
3.50850 0.04420
3.50875 0.04284
3.50900 0.04382
3.50925 0.04308
3.50950 0.04201
3.50975 0.04294
3.51000 0.04285
3.51025 0.04298
3.51050 0.04373
3.51075 0.04380
3.51100 0.04249
3.51125 0.04302
3.51150 0.04504
3.51175 0.04390
3.51200 0.04143
3.51225 0.04475
3.51250 0.04399
3.51275 0.04342
3.51300 0.04459
3.51325 0.04414
3.51350 0.04266
3.51375 0.04371
3.51400 0.04313
3.51425 0.04375
3.51450 0.04374
3.51475 0.04401
3.51500 0.04533
3.51525 0.04484
3.51550 0.04514
3.51575 0.04424
3.51600 0.04500
3.51625 0.04680
3.51650 0.04466
3.51675 0.04646
3.51700 0.04442
3.51725 0.04540
3.51750 0.04372
3.51775 0.04338
3.51800 0.04402
3.51825 0.04317
3.51850 0.04211
3.51875 0.04277
3.51900 0.04309
3.51925 0.04320
3.51950 0.04182
3.51975 0.04317
3.52000 0.04303
3.52025 0.04260
3.52050 0.04502
3.52075 0.04323
3.52100 0.04240
3.52125 0.04391
3.52150 0.04294
3.52175 0.04459
3.52200 0.04423
3.52225 0.04345
3.52250 0.04412
3.52275 0.04361
3.52300 0.04535
3.52325 0.04445
3.52350 0.04337
3.52375 0.04434
3.52400 0.04264
3.52425 0.04369
3.52450 0.04208
3.52475 0.04208
3.52500 0.04263
3.52525 0.04371
3.52550 0.04282
3.52575 0.04726
3.52600 0.04224
3.52625 0.04239
3.52650 0.04420
3.52675 0.04387
3.52700 0.04388
3.52725 0.04462
3.52750 0.04554
3.52775 0.04433
3.52800 0.04446
3.52825 0.04504
3.52850 0.04374
3.52875 0.04374
3.52900 0.04455
3.52925 0.04297
3.52950 0.04530
3.52975 0.04589
3.53000 0.04606
3.53025 0.04538
3.53050 0.04447
3.53075 0.04303
3.53100 0.04449
3.53125 0.04521
3.53150 0.04385
3.53175 0.04335
3.53200 0.04469
3.53225 0.04651
3.53250 0.04662
3.53275 0.04482
3.53300 0.04482
3.53325 0.04544
3.53350 0.04495
3.53375 0.04549
3.53400 0.04414
3.53425 0.04407
3.53450 0.04471
3.53475 0.04468
3.53500 0.04511
3.53525 0.04398
3.53550 0.04535
3.53575 0.04783
3.53600 0.04563
3.53625 0.04597
3.53650 0.04542
3.53675 0.04464
3.53700 0.04479
3.53725 0.04593
3.53750 0.04609
3.53775 0.04681
3.53800 0.04612
3.53825 0.04559
3.53850 0.04530
3.53875 0.04645
3.53900 0.04623
3.53925 0.04576
3.53950 0.04511
3.53975 0.04641
3.54000 0.04517
3.54025 0.04491
3.54050 0.04656
3.54075 0.04697
3.54100 0.04602
3.54125 0.04507
3.54150 0.04386
3.54175 0.04527
3.54200 0.04570
3.54225 0.04489
3.54250 0.04559
3.54275 0.04578
3.54300 0.04754
3.54325 0.04706
3.54350 0.04656
3.54375 0.04664
3.54400 0.04707
3.54425 0.04572
3.54450 0.04975
3.54475 0.05178
3.54500 0.04824
3.54525 0.05036
3.54550 0.04819
3.54575 0.04883
3.54600 0.04907
3.54625 0.04927
3.54650 0.04873
3.54675 0.04872
3.54700 0.04859
3.54725 0.04929
3.54750 0.05013
3.54775 0.04889
3.54800 0.04929
3.54825 0.04710
3.54850 0.04876
3.54875 0.04760
3.54900 0.04728
3.54925 0.04625
3.54950 0.04664
3.54975 0.04824
3.55000 0.05190
3.55025 0.04680
3.55050 0.04971
3.55075 0.04685
3.55100 0.04813
3.55125 0.04904
3.55150 0.05341
3.55175 0.04784
3.55200 0.04734
3.55225 0.04726
3.55250 0.04700
3.55275 0.04476
3.55300 0.04622
3.55325 0.04615
3.55350 0.04619
3.55375 0.04791
3.55400 0.04532
3.55425 0.04590
3.55450 0.04596
3.55475 0.04668
3.55500 0.04573
3.55525 0.04447
3.55550 0.04430
3.55575 0.04356
3.55600 0.04505
3.55625 0.04500
3.55650 0.04368
3.55675 0.04421
3.55700 0.04412
3.55725 0.04467
3.55750 0.04625
3.55775 0.04536
3.55800 0.04498
3.55825 0.04448
3.55850 0.04486
3.55875 0.04370
3.55900 0.04503
3.55925 0.04442
3.55950 0.04477
3.55975 0.04395
3.56000 0.04389
3.56025 0.04458
3.56050 0.04466
3.56075 0.04453
3.56100 0.04387
3.56125 0.04535
3.56150 0.04390
3.56175 0.04474
3.56200 0.04491
3.56225 0.04437
3.56250 0.04489
3.56275 0.04446
3.56300 0.04346
3.56325 0.04622
3.56350 0.04577
3.56375 0.04662
3.56400 0.04588
3.56425 0.04417
3.56450 0.04548
3.56475 0.04459
3.56500 0.04585
3.56525 0.04648
3.56550 0.04428
3.56575 0.04470
3.56600 0.04539
3.56625 0.04492
3.56650 0.04583
3.56675 0.04466
3.56700 0.04465
3.56725 0.04503
3.56750 0.04360
3.56775 0.04455
3.56800 0.04291
3.56825 0.04486
3.56850 0.04623
3.56875 0.04552
3.56900 0.04464
3.56925 0.04428
3.56950 0.04590
3.56975 0.04487
3.57000 0.04449
3.57025 0.04349
3.57050 0.04384
3.57075 0.04308
3.57100 0.04369
3.57125 0.04461
3.57150 0.04401
3.57175 0.04567
3.57200 0.04374
3.57225 0.04307
3.57250 0.04372
3.57275 0.04321
3.57300 0.04214
3.57325 0.04298
3.57350 0.04326
3.57375 0.04506
3.57400 0.04787
3.57425 0.04546
3.57450 0.04485
3.57475 0.04470
3.57500 0.04393
3.57525 0.04363
3.57550 0.04302
3.57575 0.04307
3.57600 0.04295
3.57625 0.04376
3.57650 0.04470
3.57675 0.04530
3.57700 0.04646
3.57725 0.04635
3.57750 0.04497
3.57775 0.04362
3.57800 0.04379
3.57825 0.04688
3.57850 0.04606
3.57875 0.04690
3.57900 0.04594
3.57925 0.04654
3.57950 0.04451
3.57975 0.04669
3.58000 0.04661
3.58025 0.04490
3.58050 0.04560
3.58075 0.04559
3.58100 0.04562
3.58125 0.04460
3.58150 0.04365
3.58175 0.04653
3.58200 0.04528
3.58225 0.04614
3.58250 0.04496
3.58275 0.04521
3.58300 0.04640
3.58325 0.04751
3.58350 0.04565
3.58375 0.04825
3.58400 0.04730
3.58425 0.04477
3.58450 0.04444
3.58475 0.04499
3.58500 0.04330
3.58525 0.04430
3.58550 0.04272
3.58575 0.04286
3.58600 0.04329
3.58625 0.04275
3.58650 0.04261
3.58675 0.04234
3.58700 0.04074
3.58725 0.04355
3.58750 0.04323
3.58775 0.04159
3.58800 0.04362
3.58825 0.04337
3.58850 0.04433
3.58875 0.04520
3.58900 0.04245
3.58925 0.04387
3.58950 0.04518
3.58975 0.04637
3.59000 0.04543
3.59025 0.04380
3.59050 0.04345
3.59075 0.04260
3.59100 0.04356
3.59125 0.04505
3.59150 0.04325
3.59175 0.04680
3.59200 0.04454
3.59225 0.04203
3.59250 0.04292
3.59275 0.04331
3.59300 0.04328
3.59325 0.04313
3.59350 0.04306
3.59375 0.04449
3.59400 0.04332
3.59425 0.04376
3.59450 0.04360
3.59475 0.04344
3.59500 0.04471
3.59525 0.04383
3.59550 0.04330
3.59575 0.04223
3.59600 0.04166
3.59625 0.04384
3.59650 0.04206
3.59675 0.04402
3.59700 0.04124
3.59725 0.04367
3.59750 0.04300
3.59775 0.04283
3.59800 0.04136
3.59825 0.04155
3.59850 0.04108
3.59875 0.03923
3.59900 0.04113
3.59925 0.04005
3.59950 0.04205
3.59975 0.04094
3.60000 0.03995
3.60025 0.04055
3.60050 0.04099
3.60075 0.03905
3.60100 0.04066
3.60125 0.03974
3.60150 0.04004
3.60175 0.03987
3.60200 0.04090
3.60225 0.03993
3.60250 0.04234
3.60275 0.04128
3.60300 0.04267
3.60325 0.04381
3.60350 0.04174
3.60375 0.04281
3.60400 0.04333
3.60425 0.04208
3.60450 0.04464
3.60475 0.04045
3.60500 0.04203
3.60525 0.04036
3.60550 0.04176
3.60575 0.03990
3.60600 0.04002
3.60625 0.04093
3.60650 0.04007
3.60675 0.04058
3.60700 0.03863
3.60725 0.04023
3.60750 0.03835
3.60775 0.04089
3.60800 0.04026
3.60825 0.04050
3.60850 0.04131
3.60875 0.04089
3.60900 0.03936
3.60925 0.03874
3.60950 0.04104
3.60975 0.03873
3.61000 0.03888
3.61025 0.03893
3.61050 0.04020
3.61075 0.04019
3.61100 0.04036
3.61125 0.04093
3.61150 0.03928
3.61175 0.03962
3.61200 0.03946
3.61225 0.03909
3.61250 0.03960
3.61275 0.04008
3.61300 0.03944
3.61325 0.03926
3.61350 0.03828
3.61375 0.03985
3.61400 0.03821
3.61425 0.03855
3.61450 0.03931
3.61475 0.03853
3.61500 0.03863
3.61525 0.03924
3.61550 0.03929
3.61575 0.03952
3.61600 0.03883
3.61625 0.03936
3.61650 0.04190
3.61675 0.03897
3.61700 0.03910
3.61725 0.03974
3.61750 0.03993
3.61775 0.03982
3.61800 0.04086
3.61825 0.03895
3.61850 0.04028
3.61875 0.03885
3.61900 0.03956
3.61925 0.03941
3.61950 0.04100
3.61975 0.04222
3.62000 0.03893
3.62025 0.03941
3.62050 0.03825
3.62075 0.03826
3.62100 0.03836
3.62125 0.03963
3.62150 0.03961
3.62175 0.03949
3.62200 0.03955
3.62225 0.03898
3.62250 0.03880
3.62275 0.03950
3.62300 0.04003
3.62325 0.03963
3.62350 0.03970
3.62375 0.04054
3.62400 0.03921
3.62425 0.03900
3.62450 0.03945
3.62475 0.04000
3.62500 0.03850
3.62525 0.03994
3.62550 0.03835
3.62575 0.04024
3.62600 0.03838
3.62625 0.03912
3.62650 0.04043
3.62675 0.03983
3.62700 0.03987
3.62725 0.03954
3.62750 0.03972
3.62775 0.03842
3.62800 0.03725
3.62825 0.04049
3.62850 0.03911
3.62875 0.03856
3.62900 0.03981
3.62925 0.04007
3.62950 0.03983
3.62975 0.03925
3.63000 0.04078
3.63025 0.03972
3.63050 0.03923
3.63075 0.03994
3.63100 0.03885
3.63125 0.03912
3.63150 0.04037
3.63175 0.03852
3.63200 0.03833
3.63225 0.03973
3.63250 0.03869
3.63275 0.03896
3.63300 0.04076
3.63325 0.04082
3.63350 0.03783
3.63375 0.04061
3.63400 0.04068
3.63425 0.03919
3.63450 0.03990
3.63475 0.03732
3.63500 0.03919
3.63525 0.03747
3.63550 0.03597
3.63575 0.03721
3.63600 0.03697
3.63625 0.03681
3.63650 0.03950
3.63675 0.03975
3.63700 0.03809
3.63725 0.03896
3.63750 0.03802
3.63775 0.03842
3.63800 0.03887
3.63825 0.03960
3.63850 0.03837
3.63875 0.03752
3.63900 0.03856
3.63925 0.03970
3.63950 0.03797
3.63975 0.04052
3.64000 0.03891
3.64025 0.03808
3.64050 0.03837
3.64075 0.03701
3.64100 0.03978
3.64125 0.04277
3.64150 0.03734
3.64175 0.03903
3.64200 0.03795
3.64225 0.04013
3.64250 0.03827
3.64275 0.03818
3.64300 0.03779
3.64325 0.03883
3.64350 0.03855
3.64375 0.04457
3.64400 0.03920
3.64425 0.03876
3.64450 0.03768
3.64475 0.03891
3.64500 0.03826
3.64525 0.03864
3.64550 0.03795
3.64575 0.03902
3.64600 0.04017
3.64625 0.03813
3.64650 0.03833
3.64675 0.03953
3.64700 0.03979
3.64725 0.03954
3.64750 0.03985
3.64775 0.04150
3.64800 0.03880
3.64825 0.03936
3.64850 0.03861
3.64875 0.03911
3.64900 0.03771
3.64925 0.03855
3.64950 0.03856
3.64975 0.03811
3.65000 0.03897
3.65025 0.03758
3.65050 0.03878
3.65075 0.03718
3.65100 0.03784
3.65125 0.03768
3.65150 0.03788
3.65175 0.03798
3.65200 0.03694
3.65225 0.03830
3.65250 0.04208
3.65275 0.03798
3.65300 0.03770
3.65325 0.03734
3.65350 0.03741
3.65375 0.03700
3.65400 0.03714
3.65425 0.03660
3.65450 0.03809
3.65475 0.03815
3.65500 0.03763
3.65525 0.03823
3.65550 0.03783
3.65575 0.03797
3.65600 0.03718
3.65625 0.03824
3.65650 0.03704
3.65675 0.03804
3.65700 0.03815
3.65725 0.03834
3.65750 0.03832
3.65775 0.03846
3.65800 0.03881
3.65825 0.03699
3.65850 0.03836
3.65875 0.03616
3.65900 0.03688
3.65925 0.03760
3.65950 0.03675
3.65975 0.03938
3.66000 0.03771
3.66025 0.03676
3.66050 0.03620
3.66075 0.03710
3.66100 0.03608
3.66125 0.03697
3.66150 0.03665
3.66175 0.03714
3.66200 0.03755
3.66225 0.03583
3.66250 0.03813
3.66275 0.03768
3.66300 0.03777
3.66325 0.03755
3.66350 0.03676
3.66375 0.03832
3.66400 0.03869
3.66425 0.03693
3.66450 0.03603
3.66475 0.03689
3.66500 0.03725
3.66525 0.03583
3.66550 0.03572
3.66575 0.03567
3.66600 0.03570
3.66625 0.03460
3.66650 0.03604
3.66675 0.03566
3.66700 0.03574
3.66725 0.03609
3.66750 0.03610
3.66775 0.03740
3.66800 0.03785
3.66825 0.03723
3.66850 0.03735
3.66875 0.03656
3.66900 0.03649
3.66925 0.03578
3.66950 0.03649
3.66975 0.03620
3.67000 0.03626
3.67025 0.03603
3.67050 0.03709
3.67075 0.03570
3.67100 0.03575
3.67125 0.03475
3.67150 0.03488
3.67175 0.03499
3.67200 0.03487
3.67225 0.03652
3.67250 0.03614
3.67275 0.03726
3.67300 0.03622
3.67325 0.03536
3.67350 0.03645
3.67375 0.03672
3.67400 0.03656
3.67425 0.03614
3.67450 0.03733
3.67475 0.03567
3.67500 0.03606
3.67525 0.03536
3.67550 0.03563
3.67575 0.03642
3.67600 0.03415
3.67625 0.03531
3.67650 0.03456
3.67675 0.03703
3.67700 0.03425
3.67725 0.03525
3.67750 0.03592
3.67775 0.03684
3.67800 0.03685
3.67825 0.03518
3.67850 0.03630
3.67875 0.03742
3.67900 0.03582
3.67925 0.03562
3.67950 0.03547
3.67975 0.03596
3.68000 0.03477
3.68025 0.03447
3.68050 0.03496
3.68075 0.03533
3.68100 0.03573
3.68125 0.03551
3.68150 0.03640
3.68175 0.03707
3.68200 0.03958
3.68225 0.03659
3.68250 0.03810
3.68275 0.03712
3.68300 0.03660
3.68325 0.03995
3.68350 0.03571
3.68375 0.03601
3.68400 0.03585
3.68425 0.03476
3.68450 0.03538
3.68475 0.03540
3.68500 0.03498
3.68525 0.03537
3.68550 0.03613
3.68575 0.03697
3.68600 0.03573
3.68625 0.03570
3.68650 0.03531
3.68675 0.03572
3.68700 0.03568
3.68725 0.03472
3.68750 0.03496
3.68775 0.03571
3.68800 0.03572
3.68825 0.03671
3.68850 0.03601
3.68875 0.03680
3.68900 0.03541
3.68925 0.03623
3.68950 0.03503
3.68975 0.03545
3.69000 0.03612
3.69025 0.03615
3.69050 0.03695
3.69075 0.03530
3.69100 0.03397
3.69125 0.03467
3.69150 0.03397
3.69175 0.03576
3.69200 0.03387
3.69225 0.03391
3.69250 0.03356
3.69275 0.03469
3.69300 0.03527
3.69325 0.03487
3.69350 0.03467
3.69375 0.03479
3.69400 0.03456
3.69425 0.03443
3.69450 0.03517
3.69475 0.03388
3.69500 0.03452
3.69525 0.03424
3.69550 0.03480
3.69575 0.03373
3.69600 0.03339
3.69625 0.03463
3.69650 0.03376
3.69675 0.03470
3.69700 0.03623
3.69725 0.03482
3.69750 0.03650
3.69775 0.03470
3.69800 0.03487
3.69825 0.03701
3.69850 0.03545
3.69875 0.03469
3.69900 0.03615
3.69925 0.03563
3.69950 0.03618
3.69975 0.03433
3.70000 0.03506
3.70025 0.03491
3.70050 0.03565
3.70075 0.03452
3.70100 0.03527
3.70125 0.03465
3.70150 0.03604
3.70175 0.03585
3.70200 0.03699
3.70225 0.03497
3.70250 0.03428
3.70275 0.03419
3.70300 0.03570
3.70325 0.03585
3.70350 0.03505
3.70375 0.03545
3.70400 0.03426
3.70425 0.03534
3.70450 0.03467
3.70475 0.03437
3.70500 0.03525
3.70525 0.03540
3.70550 0.03578
3.70575 0.03508
3.70600 0.03501
3.70625 0.03558
3.70650 0.03371
3.70675 0.03403
3.70700 0.03492
3.70725 0.03546
3.70750 0.03535
3.70775 0.03570
3.70800 0.03869
3.70825 0.03733
3.70850 0.03595
3.70875 0.03719
3.70900 0.03681
3.70925 0.03590
3.70950 0.03497
3.70975 0.03647
3.71000 0.03589
3.71025 0.03533
3.71050 0.03455
3.71075 0.03483
3.71100 0.03522
3.71125 0.03624
3.71150 0.03646
3.71175 0.03714
3.71200 0.03696
3.71225 0.03786
3.71250 0.03802
3.71275 0.03640
3.71300 0.03732
3.71325 0.03836
3.71350 0.03650
3.71375 0.03594
3.71400 0.03587
3.71425 0.03630
3.71450 0.03520
3.71475 0.03532
3.71500 0.03446
3.71525 0.03312
3.71550 0.03620
3.71575 0.03531
3.71600 0.03502
3.71625 0.03366
3.71650 0.03498
3.71675 0.03368
3.71700 0.03529
3.71725 0.03543
3.71750 0.03514
3.71775 0.03594
3.71800 0.03552
3.71825 0.03668
3.71850 0.03402
3.71875 0.03467
3.71900 0.03644
3.71925 0.03609
3.71950 0.03478
3.71975 0.03519
3.72000 0.03445
3.72025 0.03355
3.72050 0.03318
3.72075 0.03381
3.72100 0.03418
3.72125 0.03307
3.72150 0.03463
3.72175 0.03403
3.72200 0.03449
3.72225 0.03336
3.72250 0.03527
3.72275 0.03480
3.72300 0.03428
3.72325 0.03389
3.72350 0.03352
3.72375 0.03484
3.72400 0.03408
3.72425 0.03464
3.72450 0.03421
3.72475 0.03420
3.72500 0.03542
3.72525 0.03342
3.72550 0.03461
3.72575 0.03427
3.72600 0.03462
3.72625 0.03659
3.72650 0.03593
3.72675 0.03750
3.72700 0.03735
3.72725 0.03796
3.72750 0.04484
3.72775 0.03664
3.72800 0.03560
3.72825 0.03638
3.72850 0.03652
3.72875 0.03687
3.72900 0.03608
3.72925 0.03607
3.72950 0.03587
3.72975 0.03631
3.73000 0.03686
3.73025 0.03700
3.73050 0.03695
3.73075 0.03668
3.73100 0.03495
3.73125 0.03543
3.73150 0.03531
3.73175 0.03653
3.73200 0.03677
3.73225 0.03461
3.73250 0.03769
3.73275 0.03510
3.73300 0.03484
3.73325 0.03549
3.73350 0.03426
3.73375 0.03492
3.73400 0.03661
3.73425 0.03720
3.73450 0.03483
3.73475 0.03551
3.73500 0.03506
3.73525 0.03313
3.73550 0.03398
3.73575 0.03410
3.73600 0.03446
3.73625 0.03343
3.73650 0.03431
3.73675 0.03492
3.73700 0.03440
3.73725 0.03473
3.73750 0.03486
3.73775 0.03591
3.73800 0.03478
3.73825 0.03552
3.73850 0.03561
3.73875 0.03655
3.73900 0.03596
3.73925 0.03587
3.73950 0.03610
3.73975 0.03585
3.74000 0.03611
3.74025 0.03692
3.74050 0.03603
3.74075 0.03692
3.74100 0.03820
3.74125 0.03910
3.74150 0.04044
3.74175 0.03634
3.74200 0.03670
3.74225 0.03587
3.74250 0.03647
3.74275 0.03612
3.74300 0.03651
3.74325 0.03692
3.74350 0.03542
3.74375 0.03695
3.74400 0.03763
3.74425 0.03605
3.74450 0.03568
3.74475 0.03620
3.74500 0.03759
3.74525 0.03657
3.74550 0.03950
3.74575 0.03757
3.74600 0.03763
3.74625 0.03632
3.74650 0.03700
3.74675 0.03630
3.74700 0.03542
3.74725 0.03562
3.74750 0.03635
3.74775 0.03707
3.74800 0.03508
3.74825 0.03703
3.74850 0.03799
3.74875 0.03818
3.74900 0.03589
3.74925 0.03605
3.74950 0.03700
3.74975 0.03556
3.75000 0.03773
3.75025 0.03510
3.75050 0.03547
3.75075 0.03557
3.75100 0.03693
3.75125 0.03625
3.75150 0.03737
3.75175 0.03697
3.75200 0.03932
3.75225 0.03750
3.75250 0.03958
3.75275 0.03730
3.75300 0.03562
3.75325 0.03604
3.75350 0.03592
3.75375 0.03536
3.75400 0.03590
3.75425 0.03823
3.75450 0.03646
3.75475 0.03659
3.75500 0.03503
3.75525 0.03677
3.75550 0.03887
3.75575 0.03836
3.75600 0.03724
3.75625 0.03793
3.75650 0.03650
3.75675 0.04143
3.75700 0.04376
3.75725 0.03840
3.75750 0.04009
3.75775 0.03371
3.75800 0.03702
3.75825 0.03754
3.75850 0.03586
3.75875 0.03642
3.75900 0.03624
3.75925 0.03728
3.75950 0.03790
3.75975 0.03684
3.76000 0.03715
3.76025 0.03781
3.76050 0.03623
3.76075 0.03489
3.76100 0.03457
3.76125 0.03478
3.76150 0.03476
3.76175 0.03327
3.76200 0.03654
3.76225 0.03423
3.76250 0.03363
3.76275 0.03423
3.76300 0.03376
3.76325 0.03299
3.76350 0.03349
3.76375 0.03346
3.76400 0.03344
3.76425 0.03481
3.76450 0.03493
3.76475 0.03553
3.76500 0.03393
3.76525 0.03472
3.76550 0.03536
3.76575 0.03439
3.76600 0.03356
3.76625 0.03362
3.76650 0.03341
3.76675 0.03611
3.76700 0.03465
3.76725 0.03432
3.76750 0.03463
3.76775 0.03426
3.76800 0.03546
3.76825 0.03544
3.76850 0.03595
3.76875 0.03480
3.76900 0.03442
3.76925 0.03585
3.76950 0.03510
3.76975 0.03575
3.77000 0.03660
3.77025 0.03476
3.77050 0.03397
3.77075 0.03566
3.77100 0.03568
3.77125 0.03455
3.77150 0.03560
3.77175 0.03669
3.77200 0.03406
3.77225 0.03411
3.77250 0.03479
3.77275 0.03585
3.77300 0.03826
3.77325 0.03449
3.77350 0.03511
3.77375 0.03361
3.77400 0.03318
3.77425 0.03387
3.77450 0.03371
3.77475 0.03317
3.77500 0.03397
3.77525 0.03445
3.77550 0.03804
3.77575 0.03590
3.77600 0.03382
3.77625 0.03469
3.77650 0.03386
3.77675 0.03479
3.77700 0.03300
3.77725 0.03456
3.77750 0.03413
3.77775 0.03523
3.77800 0.03429
3.77825 0.03489
3.77850 0.03334
3.77875 0.03350
3.77900 0.03367
3.77925 0.03298
3.77950 0.03477
3.77975 0.03443
3.78000 0.03485
3.78025 0.03495
3.78050 0.03401
3.78075 0.03449
3.78100 0.03504
3.78125 0.03664
3.78150 0.03470
3.78175 0.03466
3.78200 0.03414
3.78225 0.03469
3.78250 0.03435
3.78275 0.03469
3.78300 0.03574
3.78325 0.03378
3.78350 0.03493
3.78375 0.03720
3.78400 0.03361
3.78425 0.03385
3.78450 0.03444
3.78475 0.04434
3.78500 0.03386
3.78525 0.03390
3.78550 0.03468
3.78575 0.03537
3.78600 0.03482
3.78625 0.03548
3.78650 0.03494
3.78675 0.03439
3.78700 0.03334
3.78725 0.03287
3.78750 0.03304
3.78775 0.03181
3.78800 0.03210
3.78825 0.03188
3.78850 0.03587
3.78875 0.03303
3.78900 0.03421
3.78925 0.03423
3.78950 0.03477
3.78975 0.03827
3.79000 0.04037
3.79025 0.03605
3.79050 0.03536
3.79075 0.03393
3.79100 0.03449
3.79125 0.03310
3.79150 0.03516
3.79175 0.03298
3.79200 0.03444
3.79225 0.03209
3.79250 0.03244
3.79275 0.03338
3.79300 0.03444
3.79325 0.03554
3.79350 0.03348
3.79375 0.03401
3.79400 0.03331
3.79425 0.03292
3.79450 0.03463
3.79475 0.03296
3.79500 0.03272
3.79525 0.03255
3.79550 0.03309
3.79575 0.03323
3.79600 0.03491
3.79625 0.03517
3.79650 0.03275
3.79675 0.03399
3.79700 0.03626
3.79725 0.03344
3.79750 0.03311
3.79775 0.03302
3.79800 0.03407
3.79825 0.03184
3.79850 0.03266
3.79875 0.03216
3.79900 0.03429
3.79925 0.03241
3.79950 0.03452
3.79975 0.03283
3.80000 0.03317
3.80025 0.03406
3.80050 0.03291
3.80075 0.03313
3.80100 0.03387
3.80125 0.03304
3.80150 0.03282
3.80175 0.03234
3.80200 0.03286
3.80225 0.03271
3.80250 0.03434
3.80275 0.03538
3.80300 0.03344
3.80325 0.03267
3.80350 0.03254
3.80375 0.03287
3.80400 0.03314
3.80425 0.03302
3.80450 0.03234
3.80475 0.03243
3.80500 0.03612
3.80525 0.03277
3.80550 0.03282
3.80575 0.03330
3.80600 0.03506
3.80625 0.03307
3.80650 0.03379
3.80675 0.03402
3.80700 0.03241
3.80725 0.03625
3.80750 0.03653
3.80775 0.03396
3.80800 0.03207
3.80825 0.03299
3.80850 0.03460
3.80875 0.03424
3.80900 0.03261
3.80925 0.03325
3.80950 0.03396
3.80975 0.03230
3.81000 0.03209
3.81025 0.03253
3.81050 0.03309
3.81075 0.03343
3.81100 0.03106
3.81125 0.03162
3.81150 0.03319
3.81175 0.03410
3.81200 0.03188
3.81225 0.03167
3.81250 0.03098
3.81275 0.03078
3.81300 0.03075
3.81325 0.03045
3.81350 0.03198
3.81375 0.03130
3.81400 0.03094
3.81425 0.03098
3.81450 0.03113
3.81475 0.03054
3.81500 0.03248
3.81525 0.03428
3.81550 0.03091
3.81575 0.03012
3.81600 0.03101
3.81625 0.03092
3.81650 0.03137
3.81675 0.03173
3.81700 0.03009
3.81725 0.03024
3.81750 0.03155
3.81775 0.03195
3.81800 0.03085
3.81825 0.03095
3.81850 0.03075
3.81875 0.03062
3.81900 0.03108
3.81925 0.03105
3.81950 0.03080
3.81975 0.03124
3.82000 0.03101
3.82025 0.03146
3.82050 0.03161
3.82075 0.03146
3.82100 0.03288
3.82125 0.03186
3.82150 0.03258
3.82175 0.03188
3.82200 0.03128
3.82225 0.03052
3.82250 0.02971
3.82275 0.03047
3.82300 0.03048
3.82325 0.03035
3.82350 0.03233
3.82375 0.03104
3.82400 0.03317
3.82425 0.03371
3.82450 0.03036
3.82475 0.03269
3.82500 0.03179
3.82525 0.03129
3.82550 0.03210
3.82575 0.03048
3.82600 0.03059
3.82625 0.03060
3.82650 0.03171
3.82675 0.03177
3.82700 0.03354
3.82725 0.03079
3.82750 0.03259
3.82775 0.03259
3.82800 0.03141
3.82825 0.03182
3.82850 0.03123
3.82875 0.03111
3.82900 0.03156
3.82925 0.03238
3.82950 0.03285
3.82975 0.03102
3.83000 0.03149
3.83025 0.03047
3.83050 0.03103
3.83075 0.03245
3.83100 0.03197
3.83125 0.03309
3.83150 0.03118
3.83175 0.03212
3.83200 0.03239
3.83225 0.03306
3.83250 0.03254
3.83275 0.03397
3.83300 0.03170
3.83325 0.03302
3.83350 0.03281
3.83375 0.03163
3.83400 0.03147
3.83425 0.03027
3.83450 0.03211
3.83475 0.03425
3.83500 0.03116
3.83525 0.03185
3.83550 0.03102
3.83575 0.03197
3.83600 0.03119
3.83625 0.03228
3.83650 0.03294
3.83675 0.03276
3.83700 0.03287
3.83725 0.03220
3.83750 0.03181
3.83775 0.03279
3.83800 0.03711
3.83825 0.03286
3.83850 0.03289
3.83875 0.03374
3.83900 0.03438
3.83925 0.03368
3.83950 0.03085
3.83975 0.03144
3.84000 0.03181
3.84025 0.02996
3.84050 0.03060
3.84075 0.03194
3.84100 0.03175
3.84125 0.03173
3.84150 0.03188
3.84175 0.03433
3.84200 0.03293
3.84225 0.03117
3.84250 0.03033
3.84275 0.03225
3.84300 0.03166
3.84325 0.03115
3.84350 0.03219
3.84375 0.03245
3.84400 0.03107
3.84425 0.03350
3.84450 0.03202
3.84475 0.03132
3.84500 0.03270
3.84525 0.03091
3.84550 0.03096
3.84575 0.03226
3.84600 0.03205
3.84625 0.03299
3.84650 0.03249
3.84675 0.03373
3.84700 0.03269
3.84725 0.03202
3.84750 0.03432
3.84775 0.03234
3.84800 0.03188
3.84825 0.03181
3.84850 0.03346
3.84875 0.03363
3.84900 0.03189
3.84925 0.03292
3.84950 0.03856
3.84975 0.03181
3.85000 0.03254
3.85025 0.03273
3.85050 0.03144
3.85075 0.03234
3.85100 0.03179
3.85125 0.03248
3.85150 0.04201
3.85175 0.03408
3.85200 0.03464
3.85225 0.03544
3.85250 0.03962
3.85275 0.03734
3.85300 0.03497
3.85325 0.03485
3.85350 0.03322
3.85375 0.03459
3.85400 0.03274
3.85425 0.03256
3.85450 0.03323
3.85475 0.03248
3.85500 0.03171
3.85525 0.03228
3.85550 0.03268
3.85575 0.03226
3.85600 0.03262
3.85625 0.03276
3.85650 0.03385
3.85675 0.03275
3.85700 0.03308
3.85725 0.03225
3.85750 0.03152
3.85775 0.03268
3.85800 0.03138
3.85825 0.03257
3.85850 0.03189
3.85875 0.03379
3.85900 0.03135
3.85925 0.03166
3.85950 0.03213
3.85975 0.03299
3.86000 0.03201
3.86025 0.03154
3.86050 0.03220
3.86075 0.03315
3.86100 0.03239
3.86125 0.03284
3.86150 0.03205
3.86175 0.03274
3.86200 0.03496
3.86225 0.03272
3.86250 0.03455
3.86275 0.03277
3.86300 0.03350
3.86325 0.03339
3.86350 0.03285
3.86375 0.03217
3.86400 0.03303
3.86425 0.03342
3.86450 0.03325
3.86475 0.03453
3.86500 0.03535
3.86525 0.03312
3.86550 0.03259
3.86575 0.03204
3.86600 0.03405
3.86625 0.03174
3.86650 0.03145
3.86675 0.03046
3.86700 0.03273
3.86725 0.03277
3.86750 0.03237
3.86775 0.03153
3.86800 0.03046
3.86825 0.03392
3.86850 0.03224
3.86875 0.03312
3.86900 0.03265
3.86925 0.03385
3.86950 0.03310
3.86975 0.03184
3.87000 0.03109
3.87025 0.03232
3.87050 0.03417
3.87075 0.03357
3.87100 0.03136
3.87125 0.03167
3.87150 0.03214
3.87175 0.03179
3.87200 0.03201
3.87225 0.03219
3.87250 0.03171
3.87275 0.03361
3.87300 0.03317
3.87325 0.03325
3.87350 0.03316
3.87375 0.03153
3.87400 0.03633
3.87425 0.03548
3.87450 0.03756
3.87475 0.03583
3.87500 0.03226
3.87525 0.03282
3.87550 0.03279
3.87575 0.03261
3.87600 0.03191
3.87625 0.03592
3.87650 0.03158
3.87675 0.03669
3.87700 0.03251
3.87725 0.03353
3.87750 0.03223
3.87775 0.03235
3.87800 0.03259
3.87825 0.03269
3.87850 0.03182
3.87875 0.03450
3.87900 0.03238
3.87925 0.03282
3.87950 0.03063
3.87975 0.03552
3.88000 0.03307
3.88025 0.03074
3.88050 0.03318
3.88075 0.03319
3.88100 0.03639
3.88125 0.03526
3.88150 0.03250
3.88175 0.03349
3.88200 0.03404
3.88225 0.03180
3.88250 0.03187
3.88275 0.03188
3.88300 0.03066
3.88325 0.03058
3.88350 0.03308
3.88375 0.03447
3.88400 0.03323
3.88425 0.03335
3.88450 0.03527
3.88475 0.03291
3.88500 0.03194
3.88525 0.03308
3.88550 0.03145
3.88575 0.03289
3.88600 0.03172
3.88625 0.03195
3.88650 0.03542
3.88675 0.03819
3.88700 0.03352
3.88725 0.03042
3.88750 0.03020
3.88775 0.03199
3.88800 0.03234
3.88825 0.03648
3.88850 0.03282
3.88875 0.03297
3.88900 0.03189
3.88925 0.03493
3.88950 0.03105
3.88975 0.03126
3.89000 0.02991
3.89025 0.03089
3.89050 0.03206
3.89075 0.03193
3.89100 0.03283
3.89125 0.03169
3.89150 0.03097
3.89175 0.03015
3.89200 0.03146
3.89225 0.03100
3.89250 0.02906
3.89275 0.02976
3.89300 0.03021
3.89325 0.03183
3.89350 0.03218
3.89375 0.03077
3.89400 0.03218
3.89425 0.03093
3.89450 0.03143
3.89475 0.03239
3.89500 0.03281
3.89525 0.03048
3.89550 0.03030
3.89575 0.03221
3.89600 0.03094
3.89625 0.03022
3.89650 0.03064
3.89675 0.02940
3.89700 0.03080
3.89725 0.02950
3.89750 0.03104
3.89775 0.03149
3.89800 0.02959
3.89825 0.03047
3.89850 0.02965
3.89875 0.03097
3.89900 0.03047
3.89925 0.02974
3.89950 0.02963
3.89975 0.03099
3.90000 0.03087
3.90025 0.02926
3.90050 0.03019
3.90075 0.03041
3.90100 0.03101
3.90125 0.02928
3.90150 0.02969
3.90175 0.02977
3.90200 0.03052
3.90225 0.02851
3.90250 0.02941
3.90275 0.03177
3.90300 0.03106
3.90325 0.03028
3.90350 0.03100
3.90375 0.02929
3.90400 0.02955
3.90425 0.03096
3.90450 0.02870
3.90475 0.03153
3.90500 0.03100
3.90525 0.03179
3.90550 0.03304
3.90575 0.03423
3.90600 0.02884
3.90625 0.03016
3.90650 0.02929
3.90675 0.02893
3.90700 0.02786
3.90725 0.02948
3.90750 0.02925
3.90775 0.02975
3.90800 0.02842
3.90825 0.02947
3.90850 0.02885
3.90875 0.02637
3.90900 0.02921
3.90925 0.02773
3.90950 0.02815
3.90975 0.03368
3.91000 0.02708
3.91025 0.02729
3.91050 0.02768
3.91075 0.02712
3.91100 0.02644
3.91125 0.02780
3.91150 0.02671
3.91175 0.02797
3.91200 0.02802
3.91225 0.02788
3.91250 0.02749
3.91275 0.02613
3.91300 0.02601
3.91325 0.02657
3.91350 0.02713
3.91375 0.02694
3.91400 0.02767
3.91425 0.02821
3.91450 0.02992
3.91475 0.02845
3.91500 0.02913
3.91525 0.02808
3.91550 0.02896
3.91575 0.02963
3.91600 0.02735
3.91625 0.03058
3.91650 0.02982
3.91675 0.02951
3.91700 0.03004
3.91725 0.02890
3.91750 0.02738
3.91775 0.02663
3.91800 0.02824
3.91825 0.02932
3.91850 0.02918
3.91875 0.02642
3.91900 0.02613
3.91925 0.02793
3.91950 0.02599
3.91975 0.02625
3.92000 0.02810
3.92025 0.02838
3.92050 0.02735
3.92075 0.02978
3.92100 0.02647
3.92125 0.02606
3.92150 0.02652
3.92175 0.02848
3.92200 0.02741
3.92225 0.02831
3.92250 0.02734
3.92275 0.02687
3.92300 0.02657
3.92325 0.02578
3.92350 0.02616
3.92375 0.02729
3.92400 0.02613
3.92425 0.02739
3.92450 0.02651
3.92475 0.02550
3.92500 0.02688
3.92525 0.02738
3.92550 0.02584
3.92575 0.02640
3.92600 0.02626
3.92625 0.02457
3.92650 0.02637
3.92675 0.02699
3.92700 0.02663
3.92725 0.02496
3.92750 0.02636
3.92775 0.02672
3.92800 0.02637
3.92825 0.02690
3.92850 0.02695
3.92875 0.02612
3.92900 0.02614
3.92925 0.02916
3.92950 0.02504
3.92975 0.02551
3.93000 0.02540
3.93025 0.02638
3.93050 0.02967
3.93075 0.02854
3.93100 0.02529
3.93125 0.02626
3.93150 0.02821
3.93175 0.02888
3.93200 0.02773
3.93225 0.02679
3.93250 0.02612
3.93275 0.02650
3.93300 0.02554
3.93325 0.02641
3.93350 0.02740
3.93375 0.03055
3.93400 0.02642
3.93425 0.02709
3.93450 0.02889
3.93475 0.02689
3.93500 0.02493
3.93525 0.02651
3.93550 0.02593
3.93575 0.02530
3.93600 0.02598
3.93625 0.02559
3.93650 0.02526
3.93675 0.02600
3.93700 0.02753
3.93725 0.02571
3.93750 0.02972
3.93775 0.02852
3.93800 0.02732
3.93825 0.02790
3.93850 0.02706
3.93875 0.02759
3.93900 0.02719
3.93925 0.02581
3.93950 0.02717
3.93975 0.02711
3.94000 0.02588
3.94025 0.02619
3.94050 0.02569
3.94075 0.02638
3.94100 0.02587
3.94125 0.02509
3.94150 0.02528
3.94175 0.02487
3.94200 0.02463
3.94225 0.02550
3.94250 0.02516
3.94275 0.02623
3.94300 0.02690
3.94325 0.03163
3.94350 0.02537
3.94375 0.02707
3.94400 0.02864
3.94425 0.02980
3.94450 0.02546
3.94475 0.02643
3.94500 0.02635
3.94525 0.02649
3.94550 0.02514
3.94575 0.02700
3.94600 0.02605
3.94625 0.02637
3.94650 0.02755
3.94675 0.02548
3.94700 0.02534
3.94725 0.02504
3.94750 0.02952
3.94775 0.02845
3.94800 0.02760
3.94825 0.02573
3.94850 0.02645
3.94875 0.02441
3.94900 0.02478
3.94925 0.02604
3.94950 0.02609
3.94975 0.02507
3.95000 0.03656
3.95025 0.02574
3.95050 0.02657
3.95075 0.02656
3.95100 0.02621
3.95125 0.03737
3.95150 0.03363
3.95175 0.03841
3.95200 0.02902
3.95225 0.03569
3.95250 0.02831
3.95275 0.02552
3.95300 0.02588
3.95325 0.02588
3.95350 0.02688
3.95375 0.02627
3.95400 0.02442
3.95425 0.02473
3.95450 0.02616
3.95475 0.02604
3.95500 0.02578
3.95525 0.02676
3.95550 0.02626
3.95575 0.02701
3.95600 0.02666
3.95625 0.02826
3.95650 0.02618
3.95675 0.02625
3.95700 0.02514
3.95725 0.02623
3.95750 0.02609
3.95775 0.02543
3.95800 0.02583
3.95825 0.02516
3.95850 0.02462
3.95875 0.02483
3.95900 0.02512
3.95925 0.02473
3.95950 0.02614
3.95975 0.02550
3.96000 0.02779
3.96025 0.02611
3.96050 0.02598
3.96075 0.02574
3.96100 0.02648
3.96125 0.02544
3.96150 0.02609
3.96175 0.02573
3.96200 0.02496
3.96225 0.02560
3.96250 0.02536
3.96275 0.02684
3.96300 0.02543
3.96325 0.02726
3.96350 0.02700
3.96375 0.02701
3.96400 0.02677
3.96425 0.02619
3.96450 0.02660
3.96475 0.02861
3.96500 0.02761
3.96525 0.02714
3.96550 0.02709
3.96575 0.02702
3.96600 0.02657
3.96625 0.02710
3.96650 0.02805
3.96675 0.02554
3.96700 0.02699
3.96725 0.02695
3.96750 0.02655
3.96775 0.02645
3.96800 0.02563
3.96825 0.02642
3.96850 0.02685
3.96875 0.02578
3.96900 0.02635
3.96925 0.02590
3.96950 0.02592
3.96975 0.02530
3.97000 0.02579
3.97025 0.02578
3.97050 0.02563
3.97075 0.02474
3.97100 0.02545
3.97125 0.02630
3.97150 0.02633
3.97175 0.02662
3.97200 0.02610
3.97225 0.02694
3.97250 0.02698
3.97275 0.02690
3.97300 0.02676
3.97325 0.02718
3.97350 0.03046
3.97375 0.02731
3.97400 0.02829
3.97425 0.02796
3.97450 0.02632
3.97475 0.02838
3.97500 0.02752
3.97525 0.02809
3.97550 0.02627
3.97575 0.02717
3.97600 0.02663
3.97625 0.02551
3.97650 0.02599
3.97675 0.02584
3.97700 0.02683
3.97725 0.02647
3.97750 0.02695
3.97775 0.02665
3.97800 0.02855
3.97825 0.02752
3.97850 0.02731
3.97875 0.02702
3.97900 0.02813
3.97925 0.02716
3.97950 0.02649
3.97975 0.02740
3.98000 0.02818
3.98025 0.02792
3.98050 0.02785
3.98075 0.02922
3.98100 0.02828
3.98125 0.03084
3.98150 0.02884
3.98175 0.02835
3.98200 0.02825
3.98225 0.02784
3.98250 0.02875
3.98275 0.03075
3.98300 0.02994
3.98325 0.03219
3.98350 0.03035
3.98375 0.02846
3.98400 0.02801
3.98425 0.02820
3.98450 0.02818
3.98475 0.02744
3.98500 0.02922
3.98525 0.02891
3.98550 0.02836
3.98575 0.02998
3.98600 0.02946
3.98625 0.03229
3.98650 0.03024
3.98675 0.02825
3.98700 0.02642
3.98725 0.02797
3.98750 0.02817
3.98775 0.02687
3.98800 0.02692
3.98825 0.02867
3.98850 0.02830
3.98875 0.02814
3.98900 0.02661
3.98925 0.02710
3.98950 0.02695
3.98975 0.02657
3.99000 0.02636
3.99025 0.02754
3.99050 0.02800
3.99075 0.02746
3.99100 0.02737
3.99125 0.02757
3.99150 0.02682
3.99175 0.03187
3.99200 0.02897
3.99225 0.02770
3.99250 0.02767
3.99275 0.02753
3.99300 0.02880
3.99325 0.02777
3.99350 0.02806
3.99375 0.02671
3.99400 0.02787
3.99425 0.02811
3.99450 0.02642
3.99475 0.02659
3.99500 0.02907
3.99525 0.02750
3.99550 0.02628
3.99575 0.02926
3.99600 0.02890
3.99625 0.03006
3.99650 0.02877
3.99675 0.02816
3.99700 0.02744
3.99725 0.02885
3.99750 0.02838
3.99775 0.02631
3.99800 0.02659
3.99825 0.02749
3.99850 0.02644
3.99875 0.03318
3.99900 0.02826
3.99925 0.02884
3.99950 0.02715
3.99975 0.02788
4.00000 0.02790
4.00025 0.02762
4.00050 0.02708
4.00075 0.02791
4.00100 0.02814
4.00125 0.02936
4.00150 0.02782
4.00175 0.02682
4.00200 0.02660
4.00225 0.02624
4.00250 0.02669
4.00275 0.02766
4.00300 0.02669
4.00325 0.02934
4.00350 0.02795
4.00375 0.02829
4.00400 0.02901
4.00425 0.03081
4.00450 0.02975
4.00475 0.02853
4.00500 0.02960
4.00525 0.02758
4.00550 0.02611
4.00575 0.02748
4.00600 0.02729
4.00625 0.02698
4.00650 0.02919
4.00675 0.03040
4.00700 0.03093
4.00725 0.02922
4.00750 0.03495
4.00775 0.03465
4.00800 0.03065
4.00825 0.02823
4.00850 0.02835
4.00875 0.02714
4.00900 0.02822
4.00925 0.02652
4.00950 0.02940
4.00975 0.02772
4.01000 0.02905
4.01025 0.02762
4.01050 0.02764
4.01075 0.02814
4.01100 0.02807
4.01125 0.02730
4.01150 0.02994
4.01175 0.02639
4.01200 0.02827
4.01225 0.02377
4.01250 0.02548
4.01275 0.02507
4.01300 0.02676
4.01325 0.02650
4.01350 0.02567
4.01375 0.02513
4.01400 0.02569
4.01425 0.02544
4.01450 0.02671
4.01475 0.02675
4.01500 0.02814
4.01525 0.02603
4.01550 0.02650
4.01575 0.03373
4.01600 0.03738
4.01625 0.03164
4.01650 0.02648
4.01675 0.02655
4.01700 0.02623
4.01725 0.02732
4.01750 0.02698
4.01775 0.02625
4.01800 0.02614
4.01825 0.02778
4.01850 0.02473
4.01875 0.02520
4.01900 0.02529
4.01925 0.02533
4.01950 0.02662
4.01975 0.02494
4.02000 0.02666
4.02025 0.02515
4.02050 0.02487
4.02075 0.02373
4.02100 0.02487
4.02125 0.02580
4.02150 0.02637
4.02175 0.02710
4.02200 0.02538
4.02225 0.02731
4.02250 0.02584
4.02275 0.02505
4.02300 0.02417
4.02325 0.02556
4.02350 0.02469
4.02375 0.02443
4.02400 0.02487
4.02425 0.02628
4.02450 0.02454
4.02475 0.02403
4.02500 0.02320
4.02525 0.02318
4.02550 0.02440
4.02575 0.02448
4.02600 0.02585
4.02625 0.02480
4.02650 0.02594
4.02675 0.02492
4.02700 0.02567
4.02725 0.02542
4.02750 0.02740
4.02775 0.02700
4.02800 0.02553
4.02825 0.02446
4.02850 0.02436
4.02875 0.02615
4.02900 0.02523
4.02925 0.02511
4.02950 0.02488
4.02975 0.02552
4.03000 0.02561
4.03025 0.02625
4.03050 0.02426
4.03075 0.02471
4.03100 0.02486
4.03125 0.02525
4.03150 0.02551
4.03175 0.02482
4.03200 0.02466
4.03225 0.02512
4.03250 0.02498
4.03275 0.02700
4.03300 0.02504
4.03325 0.02414
4.03350 0.02415
4.03375 0.02395
4.03400 0.02573
4.03425 0.02434
4.03450 0.02284
4.03475 0.02360
4.03500 0.02399
4.03525 0.02336
4.03550 0.02364
4.03575 0.02397
4.03600 0.02235
4.03625 0.02517
4.03650 0.03173
4.03675 0.02461
4.03700 0.02424
4.03725 0.02284
4.03750 0.02417
4.03775 0.02484
4.03800 0.02331
4.03825 0.02395
4.03850 0.02433
4.03875 0.02481
4.03900 0.02512
4.03925 0.02406
4.03950 0.02647
4.03975 0.02572
4.04000 0.02489
4.04025 0.02602
4.04050 0.02469
4.04075 0.02608
4.04100 0.02576
4.04125 0.02568
4.04150 0.02749
4.04175 0.02411
4.04200 0.02539
4.04225 0.02478
4.04250 0.02410
4.04275 0.02436
4.04300 0.02369
4.04325 0.02285
4.04350 0.02488
4.04375 0.02308
4.04400 0.02339
4.04425 0.02362
4.04450 0.02289
4.04475 0.02377
4.04500 0.02385
4.04525 0.02195
4.04550 0.02285
4.04575 0.02275
4.04600 0.02462
4.04625 0.02270
4.04650 0.02359
4.04675 0.02334
4.04700 0.02427
4.04725 0.02252
4.04750 0.02293
4.04775 0.02124
4.04800 0.02255
4.04825 0.02349
4.04850 0.02294
4.04875 0.02264
4.04900 0.02357
4.04925 0.02376
4.04950 0.02249
4.04975 0.02436
4.05000 0.02268
4.05025 0.02243
4.05050 0.02221
4.05075 0.02283
4.05100 0.02253
4.05125 0.02288
4.05150 0.02258
4.05175 0.02214
4.05200 0.02475
4.05225 0.02233
4.05250 0.02282
4.05275 0.02280
4.05300 0.02356
4.05325 0.02228
4.05350 0.02227
4.05375 0.02177
4.05400 0.02174
4.05425 0.02236
4.05450 0.02194
4.05475 0.02134
4.05500 0.02248
4.05525 0.02095
4.05550 0.02201
4.05575 0.02203
4.05600 0.02147
4.05625 0.02297
4.05650 0.02240
4.05675 0.02176
4.05700 0.02226
4.05725 0.02243
4.05750 0.02235
4.05775 0.02210
4.05800 0.02151
4.05825 0.02193
4.05850 0.02185
4.05875 0.02134
4.05900 0.02325
4.05925 0.02295
4.05950 0.02392
4.05975 0.02329
4.06000 0.02185
4.06025 0.02096
4.06050 0.02226
4.06075 0.02269
4.06100 0.02381
4.06125 0.02235
4.06150 0.02323
4.06175 0.02375
4.06200 0.02246
4.06225 0.02219
4.06250 0.02151
4.06275 0.02114
4.06300 0.02112
4.06325 0.02047
4.06350 0.02125
4.06375 0.02146
4.06400 0.02146
4.06425 0.02160
4.06450 0.02076
4.06475 0.02117
4.06500 0.02030
4.06525 0.02068
4.06550 0.02003
4.06575 0.02082
4.06600 0.02023
4.06625 0.02069
4.06650 0.02072
4.06675 0.02152
4.06700 0.02118
4.06725 0.02225
4.06750 0.02014
4.06775 0.02067
4.06800 0.02074
4.06825 0.02026
4.06850 0.02088
4.06875 0.02053
4.06900 0.02000
4.06925 0.02184
4.06950 0.01982
4.06975 0.01962
4.07000 0.01932
4.07025 0.02031
4.07050 0.02149
4.07075 0.02109
4.07100 0.02056
4.07125 0.02114
4.07150 0.02129
4.07175 0.02080
4.07200 0.02196
4.07225 0.02129
4.07250 0.01999
4.07275 0.02067
4.07300 0.02127
4.07325 0.02110
4.07350 0.02255
4.07375 0.02242
4.07400 0.02080
4.07425 0.02110
4.07450 0.02214
4.07475 0.01967
4.07500 0.02022
4.07525 0.02111
4.07550 0.01970
4.07575 0.02064
4.07600 0.02014
4.07625 0.02028
4.07650 0.02068
4.07675 0.02083
4.07700 0.02081
4.07725 0.02171
4.07750 0.02047
4.07775 0.02228
4.07800 0.02423
4.07825 0.02249
4.07850 0.02260
4.07875 0.02795
4.07900 0.02121
4.07925 0.02148
4.07950 0.02142
4.07975 0.02273
4.08000 0.02203
4.08025 0.02071
4.08050 0.02343
4.08075 0.02272
4.08100 0.02373
4.08125 0.02401
4.08150 0.02364
4.08175 0.02292
4.08200 0.02266
4.08225 0.02329
4.08250 0.02138
4.08275 0.02081
4.08300 0.02162
4.08325 0.02097
4.08350 0.02212
4.08375 0.02303
4.08400 0.02611
4.08425 0.02230
4.08450 0.02113
4.08475 0.02125
4.08500 0.02080
4.08525 0.02041
4.08550 0.02037
4.08575 0.02029
4.08600 0.02057
4.08625 0.02103
4.08650 0.02046
4.08675 0.02226
4.08700 0.02138
4.08725 0.02123
4.08750 0.02458
4.08775 0.03038
4.08800 0.02202
4.08825 0.02077
4.08850 0.02139
4.08875 0.02105
4.08900 0.02130
4.08925 0.02195
4.08950 0.02321
4.08975 0.02269
4.09000 0.02340
4.09025 0.02181
4.09050 0.02170
4.09075 0.02452
4.09100 0.02587
4.09125 0.02218
4.09150 0.02730
4.09175 0.02551
4.09200 0.02324
4.09225 0.02193
4.09250 0.02128
4.09275 0.02056
4.09300 0.02135
4.09325 0.02131
4.09350 0.02240
4.09375 0.02908
4.09400 0.02492
4.09425 0.02092
4.09450 0.02143
4.09475 0.02093
4.09500 0.02142
4.09525 0.02082
4.09550 0.02193
4.09575 0.02148
4.09600 0.01953
4.09625 0.02065
4.09650 0.02191
4.09675 0.02221
4.09700 0.02185
4.09725 0.02163
4.09750 0.02336
4.09775 0.01988
4.09800 0.02198
4.09825 0.02082
4.09850 0.02368
4.09875 0.02538
4.09900 0.01958
4.09925 0.02126
4.09950 0.01952
4.09975 0.01889
4.10000 0.02021
4.10025 0.02005
4.10050 0.02014
4.10075 0.02039
4.10100 0.01988
4.10125 0.02017
4.10150 0.02000
4.10175 0.01942
4.10200 0.02068
4.10225 0.02268
4.10250 0.02042
4.10275 0.01917
4.10300 0.01991
4.10325 0.02015
4.10350 0.02049
4.10375 0.02229
4.10400 0.02071
4.10425 0.01976
4.10450 0.01893
4.10475 0.01998
4.10500 0.01936
4.10525 0.02016
4.10550 0.02098
4.10575 0.01951
4.10600 0.02115
4.10625 0.01998
4.10650 0.02031
4.10675 0.01987
4.10700 0.01949
4.10725 0.01860
4.10750 0.01900
4.10775 0.01954
4.10800 0.01860
4.10825 0.01935
4.10850 0.01943
4.10875 0.01996
4.10900 0.02052
4.10925 0.02056
4.10950 0.02055
4.10975 0.02073
4.11000 0.02076
4.11025 0.02041
4.11050 0.02139
4.11075 0.02292
4.11100 0.02051
4.11125 0.02118
4.11150 0.02034
4.11175 0.02228
4.11200 0.02057
4.11225 0.02109
4.11250 0.02437
4.11275 0.01922
4.11300 0.01927
4.11325 0.01982
4.11350 0.02025
4.11375 0.02029
4.11400 0.02010
4.11425 0.02097
4.11450 0.01916
4.11475 0.02007
4.11500 0.01944
4.11525 0.01940
4.11550 0.01883
4.11575 0.01804
4.11600 0.01839
4.11625 0.01904
4.11650 0.01882
4.11675 0.02024
4.11700 0.01953
4.11725 0.01899
4.11750 0.01942
4.11775 0.01996
4.11800 0.01987
4.11825 0.02084
4.11850 0.01984
4.11875 0.02012
4.11900 0.02066
4.11925 0.02021
4.11950 0.02019
4.11975 0.02110
4.12000 0.01890
4.12025 0.01916
4.12050 0.02121
4.12075 0.01981
4.12100 0.02126
4.12125 0.02086
4.12150 0.02050
4.12175 0.02039
4.12200 0.02049
4.12225 0.02087
4.12250 0.02128
4.12275 0.02090
4.12300 0.02315
4.12325 0.02203
4.12350 0.02258
4.12375 0.02093
4.12400 0.02144
4.12425 0.02214
4.12450 0.02133
4.12475 0.02181
4.12500 0.02196
4.12525 0.02268
4.12550 0.02171
4.12575 0.02139
4.12600 0.02087
4.12625 0.02198
4.12650 0.02017
4.12675 0.02117
4.12700 0.02047
4.12725 0.01974
4.12750 0.01962
4.12775 0.01942
4.12800 0.01993
4.12825 0.01983
4.12850 0.01949
4.12875 0.02057
4.12900 0.01878
4.12925 0.01991
4.12950 0.01963
4.12975 0.02032
4.13000 0.02174
4.13025 0.02202
4.13050 0.02084
4.13075 0.02130
4.13100 0.01918
4.13125 0.01998
4.13150 0.02051
4.13175 0.02079
4.13200 0.02343
4.13225 0.01987
4.13250 0.02102
4.13275 0.02228
4.13300 0.02212
4.13325 0.02277
4.13350 0.02313
4.13375 0.02837
4.13400 0.02495
4.13425 0.02689
4.13450 0.02111
4.13475 0.02068
4.13500 0.02031
4.13525 0.01991
4.13550 0.02021
4.13575 0.02151
4.13600 0.02029
4.13625 0.02220
4.13650 0.02064
4.13675 0.02123
4.13700 0.02013
4.13725 0.02146
4.13750 0.02280
4.13775 0.02150
4.13800 0.02081
4.13825 0.02027
4.13850 0.02057
4.13875 0.02046
4.13900 0.01933
4.13925 0.01974
4.13950 0.02057
4.13975 0.02207
4.14000 0.02143
4.14025 0.02042
4.14050 0.02044
4.14075 0.01912
4.14100 0.01900
4.14125 0.02006
4.14150 0.01956
4.14175 0.01878
4.14200 0.01908
4.14225 0.01852
4.14250 0.01867
4.14275 0.01850
4.14300 0.01929
4.14325 0.01832
4.14350 0.01891
4.14375 0.01830
4.14400 0.02163
4.14425 0.01893
4.14450 0.01808
4.14475 0.01917
4.14500 0.01826
4.14525 0.01787
4.14550 0.01827
4.14575 0.01761
4.14600 0.01791
4.14625 0.01818
4.14650 0.01830
4.14675 0.01878
4.14700 0.01795
4.14725 0.01793
4.14750 0.01805
4.14775 0.01870
4.14800 0.01799
4.14825 0.02066
4.14850 0.01713
4.14875 0.01735
4.14900 0.01744
4.14925 0.02584
4.14950 0.01850
4.14975 0.01770
4.15000 0.01686
4.15025 0.01727
4.15050 0.01712
4.15075 0.01729
4.15100 0.01719
4.15125 0.01685
4.15150 0.01820
4.15175 0.01763
4.15200 0.01752
4.15225 0.01727
4.15250 0.01646
4.15275 0.01701
4.15300 0.01728
4.15325 0.01781
4.15350 0.01745
4.15375 0.01714
4.15400 0.01758
4.15425 0.01755
4.15450 0.01794
4.15475 0.01887
4.15500 0.01799
4.15525 0.01759
4.15550 0.01765
4.15575 0.01746
4.15600 0.01977
4.15625 0.01742
4.15650 0.01774
4.15675 0.01734
4.15700 0.01824
4.15725 0.01836
4.15750 0.01974
4.15775 0.02307
4.15800 0.01990
4.15825 0.01951
4.15850 0.02022
4.15875 0.01828
4.15900 0.01757
4.15925 0.01852
4.15950 0.01866
4.15975 0.01819
4.16000 0.01817
4.16025 0.01831
4.16050 0.01704
4.16075 0.02156
4.16100 0.01783
4.16125 0.01716
4.16150 0.01725
4.16175 0.01869
4.16200 0.01833
4.16225 0.01806
4.16250 0.01742
4.16275 0.01724
4.16300 0.01745
4.16325 0.01678
4.16350 0.01747
4.16375 0.01871
4.16400 0.01807
4.16425 0.01994
4.16450 0.01759
4.16475 0.01879
4.16500 0.01737
4.16525 0.01740
4.16550 0.01876
4.16575 0.01768
4.16600 0.01833
4.16625 0.01690
4.16650 0.01730
4.16675 0.01618
4.16700 0.01753
4.16725 0.01662
4.16750 0.01660
4.16775 0.01670
4.16800 0.01685
4.16825 0.01686
4.16850 0.01644
4.16875 0.01655
4.16900 0.01709
4.16925 0.01647
4.16950 0.01633
4.16975 0.01644
4.17000 0.01645
4.17025 0.01573
4.17050 0.01644
4.17075 0.01645
4.17100 0.01670
4.17125 0.01626
4.17150 0.01614
4.17175 0.01669
4.17200 0.01667
4.17225 0.01700
4.17250 0.01711
4.17275 0.01723
4.17300 0.01555
4.17325 0.01622
4.17350 0.01732
4.17375 0.01606
4.17400 0.01651
4.17425 0.01602
4.17450 0.01600
4.17475 0.01580
4.17500 0.01586
4.17525 0.01559
4.17550 0.01812
4.17575 0.01614
4.17600 0.01547
4.17625 0.01714
4.17650 0.01681
4.17675 0.01701
4.17700 0.01690
4.17725 0.01587
4.17750 0.01648
4.17775 0.01686
4.17800 0.01572
4.17825 0.01527
4.17850 0.01566
4.17875 0.01690
4.17900 0.01608
4.17925 0.01739
4.17950 0.01577
4.17975 0.01716
4.18000 0.01664
4.18025 0.01623
4.18050 0.01534
4.18075 0.01545
4.18100 0.01535
4.18125 0.01503
4.18150 0.01558
4.18175 0.01651
4.18200 0.01577
4.18225 0.01585
4.18250 0.01672
4.18275 0.01671
4.18300 0.01511
4.18325 0.01497
4.18350 0.01521
4.18375 0.01564
4.18400 0.01573
4.18425 0.01580
4.18450 0.01578
4.18475 0.01613
4.18500 0.01561
4.18525 0.01645
4.18550 0.01550
4.18575 0.01499
4.18600 0.01611
4.18625 0.01514
4.18650 0.01517
4.18675 0.01615
4.18700 0.01498
4.18725 0.01510
4.18750 0.01414
4.18775 0.01473
4.18800 0.01431
4.18825 0.01545
4.18850 0.01532
4.18875 0.01480
4.18900 0.01488
4.18925 0.01498
4.18950 0.01544
4.18975 0.01550
4.19000 0.01484
4.19025 0.01425
4.19050 0.01473
4.19075 0.01444
4.19100 0.01477
4.19125 0.01519
4.19150 0.01499
4.19175 0.01600
4.19200 0.01498
4.19225 0.01534
4.19250 0.01583
4.19275 0.01647
4.19300 0.01602
4.19325 0.01543
4.19350 0.01674
4.19375 0.01556
4.19400 0.01551
4.19425 0.01575
4.19450 0.01616
4.19475 0.01669
4.19500 0.01595
4.19525 0.01596
4.19550 0.01561
4.19575 0.01633
4.19600 0.01564
4.19625 0.01516
4.19650 0.01621
4.19675 0.01549
4.19700 0.01595
4.19725 0.01564
4.19750 0.01689
4.19775 0.01622
4.19800 0.01566
4.19825 0.01559
4.19850 0.01573
4.19875 0.01516
4.19900 0.01628
4.19925 0.01757
4.19950 0.01662
4.19975 0.01595
4.20000 0.01571
4.20025 0.01532
4.20050 0.01593
4.20075 0.01500
4.20100 0.01591
4.20125 0.01594
4.20150 0.01580
4.20175 0.01525
4.20200 0.01607
4.20225 0.01540
4.20250 0.01504
4.20275 0.01711
4.20300 0.01552
4.20325 0.01535
4.20350 0.01476
4.20375 0.01463
4.20400 0.02086
4.20425 0.01778
4.20450 0.01506
4.20475 0.01565
4.20500 0.01536
4.20525 0.01756
4.20550 0.01643
4.20575 0.01552
4.20600 0.01521
4.20625 0.01757
4.20650 0.01626
4.20675 0.01482
4.20700 0.01447
4.20725 0.01558
4.20750 0.01517
4.20775 0.01532
4.20800 0.01641
4.20825 0.01517
4.20850 0.01506
4.20875 0.01471
4.20900 0.01465
4.20925 0.01520
4.20950 0.01527
4.20975 0.01469
4.21000 0.01480
4.21025 0.01472
4.21050 0.01445
4.21075 0.01594
4.21100 0.01490
4.21125 0.01521
4.21150 0.01535
4.21175 0.01511
4.21200 0.01534
4.21225 0.01517
4.21250 0.01520
4.21275 0.01517
4.21300 0.01425
4.21325 0.01509
4.21350 0.01473
4.21375 0.01365
4.21400 0.01465
4.21425 0.01466
4.21450 0.01486
4.21475 0.01388
4.21500 0.01432
4.21525 0.01390
4.21550 0.01373
4.21575 0.01430
4.21600 0.01409
4.21625 0.01383
4.21650 0.01498
4.21675 0.01474
4.21700 0.01501
4.21725 0.01436
4.21750 0.01403
4.21775 0.01466
4.21800 0.01438
4.21825 0.01397
4.21850 0.01495
4.21875 0.01369
4.21900 0.01431
4.21925 0.01552
4.21950 0.01481
4.21975 0.01451
4.22000 0.01766
4.22025 0.01514
4.22050 0.01563
4.22075 0.01730
4.22100 0.01571
4.22125 0.01524
4.22150 0.01468
4.22175 0.01584
4.22200 0.01588
4.22225 0.01503
4.22250 0.01508
4.22275 0.01567
4.22300 0.01607
4.22325 0.01551
4.22350 0.01566
4.22375 0.01562
4.22400 0.01878
4.22425 0.01505
4.22450 0.01526
4.22475 0.01595
4.22500 0.01472
4.22525 0.01496
4.22550 0.01577
4.22575 0.01598
4.22600 0.01742
4.22625 0.01519
4.22650 0.01684
4.22675 0.01558
4.22700 0.01684
4.22725 0.01564
4.22750 0.01573
4.22775 0.01423
4.22800 0.01548
4.22825 0.01510
4.22850 0.01682
4.22875 0.01460
4.22900 0.01442
4.22925 0.01402
4.22950 0.01467
4.22975 0.01476
4.23000 0.01509
4.23025 0.01489
4.23050 0.01515
4.23075 0.01397
4.23100 0.01465
4.23125 0.01481
4.23150 0.01418
4.23175 0.01395
4.23200 0.01436
4.23225 0.01439
4.23250 0.01422
4.23275 0.01402
4.23300 0.01482
4.23325 0.01407
4.23350 0.01444
4.23375 0.01470
4.23400 0.01486
4.23425 0.01425
4.23450 0.01494
4.23475 0.01472
4.23500 0.01496
4.23525 0.01425
4.23550 0.01391
4.23575 0.01347
4.23600 0.01402
4.23625 0.01406
4.23650 0.01402
4.23675 0.01382
4.23700 0.01414
4.23725 0.01548
4.23750 0.01545
4.23775 0.01538
4.23800 0.01531
4.23825 0.01590
4.23850 0.01399
4.23875 0.01385
4.23900 0.01454
4.23925 0.01711
4.23950 0.01519
4.23975 0.01584
4.24000 0.01441
4.24025 0.01529
4.24050 0.01456
4.24075 0.01373
4.24100 0.01442
4.24125 0.01389
4.24150 0.01427
4.24175 0.01386
4.24200 0.01374
4.24225 0.01429
4.24250 0.01490
4.24275 0.01448
4.24300 0.01441
4.24325 0.01415
4.24350 0.01452
4.24375 0.01345
4.24400 0.01382
4.24425 0.01506
4.24450 0.01433
4.24475 0.01435
4.24500 0.01414
4.24525 0.01505
4.24550 0.01737
4.24575 0.01437
4.24600 0.01364
4.24625 0.01384
4.24650 0.01443
4.24675 0.01400
4.24700 0.01487
4.24725 0.01774
4.24750 0.01374
4.24775 0.01472
4.24800 0.01510
4.24825 0.01419
4.24850 0.01426
4.24875 0.01439
4.24900 0.01484
4.24925 0.01455
4.24950 0.01527
4.24975 0.01563
4.25000 0.01427
4.25025 0.01455
4.25050 0.01508
4.25075 0.01520
4.25100 0.01369
4.25125 0.01374
4.25150 0.01393
4.25175 0.01420
4.25200 0.01410
4.25225 0.01363
4.25250 0.01347
4.25275 0.01392
4.25300 0.01434
4.25325 0.01496
4.25350 0.01310
4.25375 0.01410
4.25400 0.01320
4.25425 0.01401
4.25450 0.01320
4.25475 0.01382
4.25500 0.01413
4.25525 0.01378
4.25550 0.01401
4.25575 0.01527
4.25600 0.01522
4.25625 0.01419
4.25650 0.01402
4.25675 0.01374
4.25700 0.01427
4.25725 0.01401
4.25750 0.01392
4.25775 0.01337
4.25800 0.01396
4.25825 0.01365
4.25850 0.01386
4.25875 0.01384
4.25900 0.01360
4.25925 0.01406
4.25950 0.01478
4.25975 0.01436
4.26000 0.01416
4.26025 0.01402
4.26050 0.01407
4.26075 0.01392
4.26100 0.01368
4.26125 0.01389
4.26150 0.01427
4.26175 0.01338
4.26200 0.01415
4.26225 0.01367
4.26250 0.01274
4.26275 0.01352
4.26300 0.01280
4.26325 0.01312
4.26350 0.01448
4.26375 0.01431
4.26400 0.01358
4.26425 0.01486
4.26450 0.01371
4.26475 0.01459
4.26500 0.01350
4.26525 0.01391
4.26550 0.01394
4.26575 0.01291
4.26600 0.01482
4.26625 0.01486
4.26650 0.01314
4.26675 0.01557
4.26700 0.01534
4.26725 0.01433
4.26750 0.01431
4.26775 0.01409
4.26800 0.01465
4.26825 0.01354
4.26850 0.01329
4.26875 0.01363
4.26900 0.01332
4.26925 0.01324
4.26950 0.01333
4.26975 0.01397
4.27000 0.01419
4.27025 0.01348
4.27050 0.01403
4.27075 0.01309
4.27100 0.01425
4.27125 0.01396
4.27150 0.01340
4.27175 0.01405
4.27200 0.01329
4.27225 0.01370
4.27250 0.01591
4.27275 0.01397
4.27300 0.01484
4.27325 0.01566
4.27350 0.01517
4.27375 0.01458
4.27400 0.01471
4.27425 0.01432
4.27450 0.01382
4.27475 0.01358
4.27500 0.01488
4.27525 0.01428
4.27550 0.01425
4.27575 0.01621
4.27600 0.01382
4.27625 0.01363
4.27650 0.01373
4.27675 0.01438
4.27700 0.01421
4.27725 0.01458
4.27750 0.01356
4.27775 0.01348
4.27800 0.01422
4.27825 0.01537
4.27850 0.01554
4.27875 0.01337
4.27900 0.01391
4.27925 0.01491
4.27950 0.01348
4.27975 0.01449
4.28000 0.01461
4.28025 0.01458
4.28050 0.01449
4.28075 0.01397
4.28100 0.01500
4.28125 0.01400
4.28150 0.01403
4.28175 0.01412
4.28200 0.01455
4.28225 0.01457
4.28250 0.01384
4.28275 0.01442
4.28300 0.01521
4.28325 0.01518
4.28350 0.01339
4.28375 0.01400
4.28400 0.01337
4.28425 0.01328
4.28450 0.01360
4.28475 0.01421
4.28500 0.01457
4.28525 0.01516
4.28550 0.01469
4.28575 0.01413
4.28600 0.01404
4.28625 0.01407
4.28650 0.01432
4.28675 0.01342
4.28700 0.01375
4.28725 0.01424
4.28750 0.01317
4.28775 0.01437
4.28800 0.01395
4.28825 0.01437
4.28850 0.01474
4.28875 0.01427
4.28900 0.01507
4.28925 0.01416
4.28950 0.01346
4.28975 0.01373
4.29000 0.01376
4.29025 0.01297
4.29050 0.01334
4.29075 0.01390
4.29100 0.01366
4.29125 0.01326
4.29150 0.01308
4.29175 0.01368
4.29200 0.01376
4.29225 0.01397
4.29250 0.01369
4.29275 0.01389
4.29300 0.01382
4.29325 0.01418
4.29350 0.01570
4.29375 0.01800
4.29400 0.01414
4.29425 0.01298
4.29450 0.01309
4.29475 0.01315
4.29500 0.01309
4.29525 0.01304
4.29550 0.01339
4.29575 0.01333
4.29600 0.01401
4.29625 0.01321
4.29650 0.01368
4.29675 0.01370
4.29700 0.01352
4.29725 0.01390
4.29750 0.01435
4.29775 0.01479
4.29800 0.01437
4.29825 0.01568
4.29850 0.01748
4.29875 0.01583
4.29900 0.01444
4.29925 0.01556
4.29950 0.01547
4.29975 0.01402
4.30000 0.01395
4.30025 0.01672
4.30050 0.01342
4.30075 0.01328
4.30100 0.01387
4.30125 0.01405
4.30150 0.01284
4.30175 0.01344
4.30200 0.01338
4.30225 0.01374
4.30250 0.01313
4.30275 0.01286
4.30300 0.01344
4.30325 0.01287
4.30350 0.01294
4.30375 0.01287
4.30400 0.01274
4.30425 0.01303
4.30450 0.01340
4.30475 0.01392
4.30500 0.01343
4.30525 0.01516
4.30550 0.01366
4.30575 0.01326
4.30600 0.01305
4.30625 0.01323
4.30650 0.01362
4.30675 0.01352
4.30700 0.01295
4.30725 0.01355
4.30750 0.01317
4.30775 0.01337
4.30800 0.01392
4.30825 0.01375
4.30850 0.01270
4.30875 0.01441
4.30900 0.01390
4.30925 0.01335
4.30950 0.01352
4.30975 0.01337
4.31000 0.01368
4.31025 0.01421
4.31050 0.01588
4.31075 0.01367
4.31100 0.01416
4.31125 0.01331
4.31150 0.01354
4.31175 0.01388
4.31200 0.01301
4.31225 0.01355
4.31250 0.01354
4.31275 0.01442
4.31300 0.01492
4.31325 0.01433
4.31350 0.01373
4.31375 0.01417
4.31400 0.01275
4.31425 0.01505
4.31450 0.01396
4.31475 0.01322
4.31500 0.01403
4.31525 0.01391
4.31550 0.01329
4.31575 0.01344
4.31600 0.01302
4.31625 0.01347
4.31650 0.01318
4.31675 0.01252
4.31700 0.01283
4.31725 0.01449
4.31750 0.01318
4.31775 0.01221
4.31800 0.01382
4.31825 0.01205
4.31850 0.01292
4.31875 0.01244
4.31900 0.01280
4.31925 0.01246
4.31950 0.01227
4.31975 0.01366
4.32000 0.01296
4.32025 0.01323
4.32050 0.01333
4.32075 0.01279
4.32100 0.01267
4.32125 0.01280
4.32150 0.01356
4.32175 0.01283
4.32200 0.01222
4.32225 0.01304
4.32250 0.01307
4.32275 0.01370
4.32300 0.01357
4.32325 0.01288
4.32350 0.01299
4.32375 0.01372
4.32400 0.01270
4.32425 0.01312
4.32450 0.01277
4.32475 0.01266
4.32500 0.01276
4.32525 0.01251
4.32550 0.01280
4.32575 0.01213
4.32600 0.01256
4.32625 0.01296
4.32650 0.01203
4.32675 0.01313
4.32700 0.01282
4.32725 0.01194
4.32750 0.01179
4.32775 0.01177
4.32800 0.01256
4.32825 0.01271
4.32850 0.01251
4.32875 0.01363
4.32900 0.01253
4.32925 0.01280
4.32950 0.01273
4.32975 0.01254
4.33000 0.01256
4.33025 0.01236
4.33050 0.01241
4.33075 0.01329
4.33100 0.01308
4.33125 0.01287
4.33150 0.01414
4.33175 0.01309
4.33200 0.01283
4.33225 0.01333
4.33250 0.01308
4.33275 0.01353
4.33300 0.01286
4.33325 0.01213
4.33350 0.01154
4.33375 0.01159
4.33400 0.01176
4.33425 0.01183
4.33450 0.01190
4.33475 0.01222
4.33500 0.01232
4.33525 0.01253
4.33550 0.01238
4.33575 0.01180
4.33600 0.01166
4.33625 0.01258
4.33650 0.01262
4.33675 0.01330
4.33700 0.01349
4.33725 0.01323
4.33750 0.01248
4.33775 0.01185
4.33800 0.01275
4.33825 0.01316
4.33850 0.01336
4.33875 0.01268
4.33900 0.01254
4.33925 0.01597
4.33950 0.01349
4.33975 0.01252
4.34000 0.01228
4.34025 0.01233
4.34050 0.01261
4.34075 0.01212
4.34100 0.01215
4.34125 0.01247
4.34150 0.01310
4.34175 0.01302
4.34200 0.01308
4.34225 0.01175
4.34250 0.01193
4.34275 0.01261
4.34300 0.01209
4.34325 0.01213
4.34350 0.01170
4.34375 0.01216
4.34400 0.01179
4.34425 0.01213
4.34450 0.01153
4.34475 0.01221
4.34500 0.01146
4.34525 0.01177
4.34550 0.01090
4.34575 0.01161
4.34600 0.01129
4.34625 0.01119
4.34650 0.01168
4.34675 0.01111
4.34700 0.01173
4.34725 0.01208
4.34750 0.01222
4.34775 0.01165
4.34800 0.01221
4.34825 0.01226
4.34850 0.01242
4.34875 0.01254
4.34900 0.01277
4.34925 0.01354
4.34950 0.01567
4.34975 0.01309
4.35000 0.01344
4.35025 0.01290
4.35050 0.01278
4.35075 0.01332
4.35100 0.01384
4.35125 0.01317
4.35150 0.01317
4.35175 0.01382
4.35200 0.01379
4.35225 0.01381
4.35250 0.01516
4.35275 0.01386
4.35300 0.01625
4.35325 0.01412
4.35350 0.01514
4.35375 0.01410
4.35400 0.01437
4.35425 0.01407
4.35450 0.01525
4.35475 0.01490
4.35500 0.01583
4.35525 0.01433
4.35550 0.01394
4.35575 0.01422
4.35600 0.01421
4.35625 0.01436
4.35650 0.01407
4.35675 0.01416
4.35700 0.01576
4.35725 0.01473
4.35750 0.01534
4.35775 0.01556
4.35800 0.01465
4.35825 0.01535
4.35850 0.01626
4.35875 0.01532
4.35900 0.01559
4.35925 0.01707
4.35950 0.01850
4.35975 0.01617
4.36000 0.01564
4.36025 0.01855
4.36050 0.01622
4.36075 0.01549
4.36100 0.01684
4.36125 0.01583
4.36150 0.01568
4.36175 0.01741
4.36200 0.01747
4.36225 0.01674
4.36250 0.01740
4.36275 0.01712
4.36300 0.01825
4.36325 0.01958
4.36350 0.01706
4.36375 0.01680
4.36400 0.01696
4.36425 0.01592
4.36450 0.01509
4.36475 0.01540
4.36500 0.01507
4.36525 0.01756
4.36550 0.01882
4.36575 0.01946
4.36600 0.01749
4.36625 0.01838
4.36650 0.01610
4.36675 0.01661
4.36700 0.01577
4.36725 0.01627
4.36750 0.01577
4.36775 0.01552
4.36800 0.01521
4.36825 0.01479
4.36850 0.01522
4.36875 0.01479
4.36900 0.01568
4.36925 0.01552
4.36950 0.01547
4.36975 0.01613
4.37000 0.01503
4.37025 0.01503
4.37050 0.01749
4.37075 0.01510
4.37100 0.01561
4.37125 0.01716
4.37150 0.01687
4.37175 0.01663
4.37200 0.01665
4.37225 0.01575
4.37250 0.01878
4.37275 0.01717
4.37300 0.01753
4.37325 0.01602
4.37350 0.01758
4.37375 0.01741
4.37400 0.01706
4.37425 0.01909
4.37450 0.01642
4.37475 0.02181
4.37500 0.01695
4.37525 0.01809
4.37550 0.01498
4.37575 0.01583
4.37600 0.01661
4.37625 0.01669
4.37650 0.01565
4.37675 0.01536
4.37700 0.01635
4.37725 0.01604
4.37750 0.01614
4.37775 0.01726
4.37800 0.01382
4.37825 0.01516
4.37850 0.01409
4.37875 0.01383
4.37900 0.01490
4.37925 0.01474
4.37950 0.01497
4.37975 0.01491
4.38000 0.01562
4.38025 0.01427
4.38050 0.01633
4.38075 0.01463
4.38100 0.01441
4.38125 0.01398
4.38150 0.01565
4.38175 0.01589
4.38200 0.01566
4.38225 0.01472
4.38250 0.01514
4.38275 0.01664
4.38300 0.01507
4.38325 0.01539
4.38350 0.01352
4.38375 0.01411
4.38400 0.01450
4.38425 0.01385
4.38450 0.01484
4.38475 0.01385
4.38500 0.01462
4.38525 0.01440
4.38550 0.01446
4.38575 0.01372
4.38600 0.01454
4.38625 0.01415
4.38650 0.01352
4.38675 0.01404
4.38700 0.01486
4.38725 0.01423
4.38750 0.01424
4.38775 0.01384
4.38800 0.01461
4.38825 0.01585
4.38850 0.01523
4.38875 0.02008
4.38900 0.01376
4.38925 0.01588
4.38950 0.01515
4.38975 0.01392
4.39000 0.01361
4.39025 0.01335
4.39050 0.01399
4.39075 0.01347
4.39100 0.01319
4.39125 0.01361
4.39150 0.01407
4.39175 0.01450
4.39200 0.01344
4.39225 0.01333
4.39250 0.01377
4.39275 0.01376
4.39300 0.01421
4.39325 0.01379
4.39350 0.01410
4.39375 0.01331
4.39400 0.01387
4.39425 0.01388
4.39450 0.01318
4.39475 0.01258
4.39500 0.01265
4.39525 0.01353
4.39550 0.01385
4.39575 0.01357
4.39600 0.01291
4.39625 0.01453
4.39650 0.01334
4.39675 0.01425
4.39700 0.01418
4.39725 0.01432
4.39750 0.01329
4.39775 0.01455
4.39800 0.01421
4.39825 0.01587
4.39850 0.01454
4.39875 0.01444
4.39900 0.01437
4.39925 0.01561
4.39950 0.01431
4.39975 0.01385
4.40000 0.01365
4.40025 0.01512
4.40050 0.01523
4.40075 0.01470
4.40100 0.01506
4.40125 0.01462
4.40150 0.01562
4.40175 0.01546
4.40200 0.01484
4.40225 0.01471
4.40250 0.01605
4.40275 0.01678
4.40300 0.01571
4.40325 0.01381
4.40350 0.01590
4.40375 0.01450
4.40400 0.01624
4.40425 0.01661
4.40450 0.01533
4.40475 0.01427
4.40500 0.01581
4.40525 0.01529
4.40550 0.01422
4.40575 0.01364
4.40600 0.01425
4.40625 0.01459
4.40650 0.01428
4.40675 0.01434
4.40700 0.01450
4.40725 0.01511
4.40750 0.01502
4.40775 0.01654
4.40800 0.01562
4.40825 0.01564
4.40850 0.01548
4.40875 0.01542
4.40900 0.01422
4.40925 0.01465
4.40950 0.01425
4.40975 0.01419
4.41000 0.01540
4.41025 0.01362
4.41050 0.01438
4.41075 0.01384
4.41100 0.01392
4.41125 0.01401
4.41150 0.01563
4.41175 0.01340
4.41200 0.01365
4.41225 0.01289
4.41250 0.01380
4.41275 0.01362
4.41300 0.01446
4.41325 0.01484
4.41350 0.01542
4.41375 0.01373
4.41400 0.01461
4.41425 0.01363
4.41450 0.01384
4.41475 0.01400
4.41500 0.01432
4.41525 0.01389
4.41550 0.01405
4.41575 0.01548
4.41600 0.01331
4.41625 0.01423
4.41650 0.01483
4.41675 0.01518
4.41700 0.01482
4.41725 0.01384
4.41750 0.01535
4.41775 0.01417
4.41800 0.01490
4.41825 0.01312
4.41850 0.01379
4.41875 0.01333
4.41900 0.01510
4.41925 0.01385
4.41950 0.01374
4.41975 0.01373
4.42000 0.01376
4.42025 0.01297
4.42050 0.01317
4.42075 0.01403
4.42100 0.01386
4.42125 0.01380
4.42150 0.01417
4.42175 0.01364
4.42200 0.01440
4.42225 0.01347
4.42250 0.01397
4.42275 0.01471
4.42300 0.01550
4.42325 0.01379
4.42350 0.01360
4.42375 0.01394
4.42400 0.01475
4.42425 0.01416
4.42450 0.01466
4.42475 0.01348
4.42500 0.01437
4.42525 0.01388
4.42550 0.01425
4.42575 0.01372
4.42600 0.01337
4.42625 0.01423
4.42650 0.01352
4.42675 0.01430
4.42700 0.01429
4.42725 0.01360
4.42750 0.01333
4.42775 0.01378
4.42800 0.01456
4.42825 0.01303
4.42850 0.01340
4.42875 0.01332
4.42900 0.01385
4.42925 0.01552
4.42950 0.01417
4.42975 0.01431
4.43000 0.01391
4.43025 0.01439
4.43050 0.01342
4.43075 0.01492
4.43100 0.01308
4.43125 0.01328
4.43150 0.01268
4.43175 0.01287
4.43200 0.01278
4.43225 0.01334
4.43250 0.01325
4.43275 0.01341
4.43300 0.01325
4.43325 0.01278
4.43350 0.01318
4.43375 0.01281
4.43400 0.01240
4.43425 0.01267
4.43450 0.01273
4.43475 0.01245
4.43500 0.01375
4.43525 0.01364
4.43550 0.01310
4.43575 0.01383
4.43600 0.01342
4.43625 0.01319
4.43650 0.01333
4.43675 0.01317
4.43700 0.01285
4.43725 0.01356
4.43750 0.01342
4.43775 0.01222
4.43800 0.01279
4.43825 0.01294
4.43850 0.01358
4.43875 0.01288
4.43900 0.01265
4.43925 0.01258
4.43950 0.01274
4.43975 0.01277
4.44000 0.01239
4.44025 0.01358
4.44050 0.01438
4.44075 0.01302
4.44100 0.01277
4.44125 0.01279
4.44150 0.01265
4.44175 0.01241
4.44200 0.01300
4.44225 0.01243
4.44250 0.01307
4.44275 0.01299
4.44300 0.01292
4.44325 0.01205
4.44350 0.01232
4.44375 0.01236
4.44400 0.01215
4.44425 0.01132
4.44450 0.01204
4.44475 0.01177
4.44500 0.01195
4.44525 0.01265
4.44550 0.01187
4.44575 0.01197
4.44600 0.01171
4.44625 0.01224
4.44650 0.01345
4.44675 0.01330
4.44700 0.01254
4.44725 0.01187
4.44750 0.01214
4.44775 0.01296
4.44800 0.01168
4.44825 0.01232
4.44850 0.01273
4.44875 0.01238
4.44900 0.01199
4.44925 0.01247
4.44950 0.01311
4.44975 0.01163
4.45000 0.01293
4.45025 0.01319
4.45050 0.01212
4.45075 0.01296
4.45100 0.01257
4.45125 0.01313
4.45150 0.01222
4.45175 0.01352
4.45200 0.01310
4.45225 0.01192
4.45250 0.01210
4.45275 0.01258
4.45300 0.01193
4.45325 0.01291
4.45350 0.01333
4.45375 0.01270
4.45400 0.01272
4.45425 0.01295
4.45450 0.01226
4.45475 0.01285
4.45500 0.01208
4.45525 0.01270
4.45550 0.01215
4.45575 0.01283
4.45600 0.01383
4.45625 0.01204
4.45650 0.01191
4.45675 0.01235
4.45700 0.01490
4.45725 0.01244
4.45750 0.01156
4.45775 0.01188
4.45800 0.01281
4.45825 0.01296
4.45850 0.01211
4.45875 0.01206
4.45900 0.01160
4.45925 0.01140
4.45950 0.01162
4.45975 0.01142
4.46000 0.01144
4.46025 0.01143
4.46050 0.01223
4.46075 0.01142
4.46100 0.01170
4.46125 0.01154
4.46150 0.01171
4.46175 0.01234
4.46200 0.01288
4.46225 0.01101
4.46250 0.01216
4.46275 0.01190
4.46300 0.01167
4.46325 0.01079
4.46350 0.01135
4.46375 0.01190
4.46400 0.01197
4.46425 0.01146
4.46450 0.01155
4.46475 0.01081
4.46500 0.01157
4.46525 0.01183
4.46550 0.01075
4.46575 0.01198
4.46600 0.01157
4.46625 0.01225
4.46650 0.01316
4.46675 0.01120
4.46700 0.01262
4.46725 0.01109
4.46750 0.01127
4.46775 0.01165
4.46800 0.01172
4.46825 0.01151
4.46850 0.01155
4.46875 0.01100
4.46900 0.01068
4.46925 0.01082
4.46950 0.01091
4.46975 0.01135
4.47000 0.01231
4.47025 0.01133
4.47050 0.01096
4.47075 0.01068
4.47100 0.01069
4.47125 0.01073
4.47150 0.01137
4.47175 0.01156
4.47200 0.01038
4.47225 0.01076
4.47250 0.01044
4.47275 0.01104
4.47300 0.01068
4.47325 0.01006
4.47350 0.01019
4.47375 0.01050
4.47400 0.01104
4.47425 0.01056
4.47450 0.01041
4.47475 0.01069
4.47500 0.00993
4.47525 0.01078
4.47550 0.01134
4.47575 0.01209
4.47600 0.01079
4.47625 0.01074
4.47650 0.01026
4.47675 0.01037
4.47700 0.01111
4.47725 0.01080
4.47750 0.01118
4.47775 0.01189
4.47800 0.01117
4.47825 0.01146
4.47850 0.01041
4.47875 0.01122
4.47900 0.01068
4.47925 0.01118
4.47950 0.01159
4.47975 0.01080
4.48000 0.01113
4.48025 0.01141
4.48050 0.01065
4.48075 0.01002
4.48100 0.00985
4.48125 0.01071
4.48150 0.01115
4.48175 0.01071
4.48200 0.01079
4.48225 0.01093
4.48250 0.01050
4.48275 0.01038
4.48300 0.01037
4.48325 0.01112
4.48350 0.01333
4.48375 0.01136
4.48400 0.01120
4.48425 0.01019
4.48450 0.01072
4.48475 0.01136
4.48500 0.01033
4.48525 0.01086
4.48550 0.01104
4.48575 0.01017
4.48600 0.01016
4.48625 0.01062
4.48650 0.01016
4.48675 0.01092
4.48700 0.01137
4.48725 0.01165
4.48750 0.01116
4.48775 0.01391
4.48800 0.01208
4.48825 0.01145
4.48850 0.01042
4.48875 0.01102
4.48900 0.01072
4.48925 0.01066
4.48950 0.01155
4.48975 0.01109
4.49000 0.01036
4.49025 0.01044
4.49050 0.01014
4.49075 0.01049
4.49100 0.01066
4.49125 0.01043
4.49150 0.01004
4.49175 0.01007
4.49200 0.01052
4.49225 0.01003
4.49250 0.01071
4.49275 0.01087
4.49300 0.01036
4.49325 0.01017
4.49350 0.01088
4.49375 0.01011
4.49400 0.01016
4.49425 0.01001
4.49450 0.01056
4.49475 0.01080
4.49500 0.01171
4.49525 0.01109
4.49550 0.01009
4.49575 0.01073
4.49600 0.01123
4.49625 0.01106
4.49650 0.01126
4.49675 0.01047
4.49700 0.01051
4.49725 0.01053
4.49750 0.01124
4.49775 0.01142
4.49800 0.01160
4.49825 0.01071
4.49850 0.01071
4.49875 0.01087
4.49900 0.01057
4.49925 0.00979
4.49950 0.00968
4.49975 0.00991
4.50000 0.01027
4.50025 0.01051
4.50050 0.01172
4.50075 0.01108
4.50100 0.01033
4.50125 0.01125
4.50150 0.01018
4.50175 0.01065
4.50200 0.01005
4.50225 0.01009
4.50250 0.01226
4.50275 0.01071
4.50300 0.01027
4.50325 0.01219
4.50350 0.01212
4.50375 0.01147
4.50400 0.01100
4.50425 0.01068
4.50450 0.01085
4.50475 0.00991
4.50500 0.01029
4.50525 0.00994
4.50550 0.01017
4.50575 0.01207
4.50600 0.01105
4.50625 0.01043
4.50650 0.01139
4.50675 0.01200
4.50700 0.01078
4.50725 0.01145
4.50750 0.01158
4.50775 0.00985
4.50800 0.00989
4.50825 0.01079
4.50850 0.01063
4.50875 0.00992
4.50900 0.01103
4.50925 0.00951
4.50950 0.01045
4.50975 0.01028
4.51000 0.01021
4.51025 0.01016
4.51050 0.00979
4.51075 0.00979
4.51100 0.00941
4.51125 0.01010
4.51150 0.01086
4.51175 0.01117
4.51200 0.01101
4.51225 0.01380
4.51250 0.00996
4.51275 0.01035
4.51300 0.01098
4.51325 0.01172
4.51350 0.01209
4.51375 0.00942
4.51400 0.01061
4.51425 0.01010
4.51450 0.00975
4.51475 0.01028
4.51500 0.00923
4.51525 0.00933
4.51550 0.00956
4.51575 0.00952
4.51600 0.00985
4.51625 0.00982
4.51650 0.00951
4.51675 0.00994
4.51700 0.00945
4.51725 0.00946
4.51750 0.01043
4.51775 0.00989
4.51800 0.01012
4.51825 0.00942
4.51850 0.00930
4.51875 0.00901
4.51900 0.01017
4.51925 0.00916
4.51950 0.00932
4.51975 0.00921
4.52000 0.01014
4.52025 0.00963
4.52050 0.00931
4.52075 0.00928
4.52100 0.00998
4.52125 0.00954
4.52150 0.00910
4.52175 0.00888
4.52200 0.00911
4.52225 0.00880
4.52250 0.00961
4.52275 0.00869
4.52300 0.00870
4.52325 0.00833
4.52350 0.00916
4.52375 0.00890
4.52400 0.00947
4.52425 0.00984
4.52450 0.00943
4.52475 0.00923
4.52500 0.00862
4.52525 0.00873
4.52550 0.00816
4.52575 0.00910
4.52600 0.00969
4.52625 0.01074
4.52650 0.00915
4.52675 0.00873
4.52700 0.00896
4.52725 0.00826
4.52750 0.00824
4.52775 0.00840
4.52800 0.00831
4.52825 0.01026
4.52850 0.00817
4.52875 0.00833
4.52900 0.00802
4.52925 0.00803
4.52950 0.00858
4.52975 0.00971
4.53000 0.00896
4.53025 0.00914
4.53050 0.00880
4.53075 0.00882
4.53100 0.00832
4.53125 0.00801
4.53150 0.00819
4.53175 0.00843
4.53200 0.00825
4.53225 0.00874
4.53250 0.00800
4.53275 0.00807
4.53300 0.00815
4.53325 0.00825
4.53350 0.00830
4.53375 0.00830
4.53400 0.00822
4.53425 0.00928
4.53450 0.00819
4.53475 0.00836
4.53500 0.00847
4.53525 0.00863
4.53550 0.00885
4.53575 0.00868
4.53600 0.00861
4.53625 0.00875
4.53650 0.00849
4.53675 0.00958
4.53700 0.00921
4.53725 0.00929
4.53750 0.00839
4.53775 0.00818
4.53800 0.00899
4.53825 0.00828
4.53850 0.00909
4.53875 0.00962
4.53900 0.00879
4.53925 0.00859
4.53950 0.00854
4.53975 0.00859
4.54000 0.00794
4.54025 0.00825
4.54050 0.00804
4.54075 0.00829
4.54100 0.01059
4.54125 0.00828
4.54150 0.00888
4.54175 0.00824
4.54200 0.00763
4.54225 0.00755
4.54250 0.00821
4.54275 0.00764
4.54300 0.00784
4.54325 0.00802
4.54350 0.00771
4.54375 0.00817
4.54400 0.00813
4.54425 0.00865
4.54450 0.00799
4.54475 0.00826
4.54500 0.00846
4.54525 0.00814
4.54550 0.00775
4.54575 0.00790
4.54600 0.00853
4.54625 0.00746
4.54650 0.00774
4.54675 0.00845
4.54700 0.00810
4.54725 0.00743
4.54750 0.00819
4.54775 0.00871
4.54800 0.00814
4.54825 0.00822
4.54850 0.00820
4.54875 0.00857
4.54900 0.00882
4.54925 0.00812
4.54950 0.00817
4.54975 0.00805
4.55000 0.00820
4.55025 0.00862
4.55050 0.00817
4.55075 0.00845
4.55100 0.00836
4.55125 0.00815
4.55150 0.00786
4.55175 0.00748
4.55200 0.00728
4.55225 0.00781
4.55250 0.00782
4.55275 0.00759
4.55300 0.00763
4.55325 0.00754
4.55350 0.00734
4.55375 0.00748
4.55400 0.00763
4.55425 0.00746
4.55450 0.00973
4.55475 0.00771
4.55500 0.00755
4.55525 0.00753
4.55550 0.00851
4.55575 0.00788
4.55600 0.00878
4.55625 0.00790
4.55650 0.00796
4.55675 0.00802
4.55700 0.00770
4.55725 0.00751
4.55750 0.00788
4.55775 0.00853
4.55800 0.00889
4.55825 0.00792
4.55850 0.00808
4.55875 0.00805
4.55900 0.00774
4.55925 0.00723
4.55950 0.00715
4.55975 0.00739
4.56000 0.00711
4.56025 0.00750
4.56050 0.00757
4.56075 0.00716
4.56100 0.00735
4.56125 0.00729
4.56150 0.00723
4.56175 0.00723
4.56200 0.00768
4.56225 0.00833
4.56250 0.00730
4.56275 0.00761
4.56300 0.00822
4.56325 0.00770
4.56350 0.00831
4.56375 0.00773
4.56400 0.00735
4.56425 0.00767
4.56450 0.00730
4.56475 0.00777
4.56500 0.00737
4.56525 0.00706
4.56550 0.00736
4.56575 0.00801
4.56600 0.00808
4.56625 0.00703
4.56650 0.00780
4.56675 0.00712
4.56700 0.00692
4.56725 0.00897
4.56750 0.00694
4.56775 0.00798
4.56800 0.00759
4.56825 0.00787
4.56850 0.00703
4.56875 0.00777
4.56900 0.00711
4.56925 0.00698
4.56950 0.00698
4.56975 0.00745
4.57000 0.00727
4.57025 0.00668
4.57050 0.00723
4.57075 0.00693
4.57100 0.00724
4.57125 0.00708
4.57150 0.00692
4.57175 0.00759
4.57200 0.00699
4.57225 0.00692
4.57250 0.00746
4.57275 0.00747
4.57300 0.00735
4.57325 0.00737
4.57350 0.00730
4.57375 0.00707
4.57400 0.00831
4.57425 0.00785
4.57450 0.00788
4.57475 0.00692
4.57500 0.00761
4.57525 0.00739
4.57550 0.00979
4.57575 0.00773
4.57600 0.00719
4.57625 0.00691
4.57650 0.00700
4.57675 0.00770
4.57700 0.00705
4.57725 0.00702
4.57750 0.00749
4.57775 0.00738
4.57800 0.00773
4.57825 0.00718
4.57850 0.00716
4.57875 0.00789
4.57900 0.00710
4.57925 0.00706
4.57950 0.00777
4.57975 0.00711
4.58000 0.00689
4.58025 0.00756
4.58050 0.00678
4.58075 0.00716
4.58100 0.00718
4.58125 0.00725
4.58150 0.00694
4.58175 0.00675
4.58200 0.00726
4.58225 0.00720
4.58250 0.00672
4.58275 0.00703
4.58300 0.00775
4.58325 0.00777
4.58350 0.00737
4.58375 0.00727
4.58400 0.00734
4.58425 0.00769
4.58450 0.00758
4.58475 0.00838
4.58500 0.00775
4.58525 0.00762
4.58550 0.00740
4.58575 0.00724
4.58600 0.00837
4.58625 0.00685
4.58650 0.00666
4.58675 0.00721
4.58700 0.00650
4.58725 0.00660
4.58750 0.00639
4.58775 0.00675
4.58800 0.00648
4.58825 0.00631
4.58850 0.00640
4.58875 0.00692
4.58900 0.00624
4.58925 0.00718
4.58950 0.00707
4.58975 0.00672
4.59000 0.00721
4.59025 0.00651
4.59050 0.00669
4.59075 0.00663
4.59100 0.00638
4.59125 0.00638
4.59150 0.00660
4.59175 0.00670
4.59200 0.00710
4.59225 0.00693
4.59250 0.00712
4.59275 0.00655
4.59300 0.00738
4.59325 0.00747
4.59350 0.00737
4.59375 0.00707
4.59400 0.00691
4.59425 0.00714
4.59450 0.00682
4.59475 0.00691
4.59500 0.00967
4.59525 0.00764
4.59550 0.00681
4.59575 0.00674
4.59600 0.00704
4.59625 0.00713
4.59650 0.00647
4.59675 0.00727
4.59700 0.00769
4.59725 0.00805
4.59750 0.00676
4.59775 0.00623
4.59800 0.00647
4.59825 0.00649
4.59850 0.00664
4.59875 0.00721
4.59900 0.00693
4.59925 0.00660
4.59950 0.00692
4.59975 0.00674
4.60000 0.00733
4.60025 0.00799
4.60050 0.00778
4.60075 0.00821
4.60100 0.00684
4.60125 0.00698
4.60150 0.00711
4.60175 0.00711
4.60200 0.00822
4.60225 0.00824
4.60250 0.00661
4.60275 0.00695
4.60300 0.00640
4.60325 0.00626
4.60350 0.00632
4.60375 0.00634
4.60400 0.00616
4.60425 0.00680
4.60450 0.00731
4.60475 0.00789
4.60500 0.00664
4.60525 0.00657
4.60550 0.00705
4.60575 0.00680
4.60600 0.00645
4.60625 0.00647
4.60650 0.00639
4.60675 0.00680
4.60700 0.00617
4.60725 0.00678
4.60750 0.00638
4.60775 0.00644
4.60800 0.00702
4.60825 0.00599
4.60850 0.00715
4.60875 0.00627
4.60900 0.00681
4.60925 0.00681
4.60950 0.00668
4.60975 0.00612
4.61000 0.00630
4.61025 0.00668
4.61050 0.00622
4.61075 0.00631
4.61100 0.00639
4.61125 0.00644
4.61150 0.00683
4.61175 0.00648
4.61200 0.00641
4.61225 0.00610
4.61250 0.00629
4.61275 0.00667
4.61300 0.00617
4.61325 0.00621
4.61350 0.00631
4.61375 0.00652
4.61400 0.00608
4.61425 0.00648
4.61450 0.00604
4.61475 0.00615
4.61500 0.00991
4.61525 0.00689
4.61550 0.00641
4.61575 0.00678
4.61600 0.00608
4.61625 0.00723
4.61650 0.00629
4.61675 0.00608
4.61700 0.00621
4.61725 0.00640
4.61750 0.00615
4.61775 0.00662
4.61800 0.00632
4.61825 0.00640
4.61850 0.00652
4.61875 0.00597
4.61900 0.00651
4.61925 0.00663
4.61950 0.00660
4.61975 0.00685
4.62000 0.00676
4.62025 0.00684
4.62050 0.00631
4.62075 0.00655
4.62100 0.00644
4.62125 0.00653
4.62150 0.00646
4.62175 0.00711
4.62200 0.00696
4.62225 0.00733
4.62250 0.00732
4.62275 0.00692
4.62300 0.00718
4.62325 0.00929
4.62350 0.00782
4.62375 0.00757
4.62400 0.00872
4.62425 0.00756
4.62450 0.00867
4.62475 0.00728
4.62500 0.00729
4.62525 0.00707
4.62550 0.00709
4.62575 0.00822
4.62600 0.00759
4.62625 0.00647
4.62650 0.00787
4.62675 0.00717
4.62700 0.00736
4.62725 0.00684
4.62750 0.00669
4.62775 0.00650
4.62800 0.00706
4.62825 0.00703
4.62850 0.00702
4.62875 0.00705
4.62900 0.00751
4.62925 0.00730
4.62950 0.00685
4.62975 0.00699
4.63000 0.00643
4.63025 0.00667
4.63050 0.00670
4.63075 0.00623
4.63100 0.00646
4.63125 0.00657
4.63150 0.00658
4.63175 0.00706
4.63200 0.00678
4.63225 0.00711
4.63250 0.00703
4.63275 0.00643
4.63300 0.00634
4.63325 0.00670
4.63350 0.00604
4.63375 0.00664
4.63400 0.00624
4.63425 0.00643
4.63450 0.00640
4.63475 0.00626
4.63500 0.00620
4.63525 0.00639
4.63550 0.00603
4.63575 0.00707
4.63600 0.00618
4.63625 0.00732
4.63650 0.00679
4.63675 0.00701
4.63700 0.00667
4.63725 0.00685
4.63750 0.00639
4.63775 0.00655
4.63800 0.00732
4.63825 0.00689
4.63850 0.00730
4.63875 0.00694
4.63900 0.00667
4.63925 0.00605
4.63950 0.00672
4.63975 0.00650
4.64000 0.00604
4.64025 0.00622
4.64050 0.00601
4.64075 0.00656
4.64100 0.00676
4.64125 0.00733
4.64150 0.00620
4.64175 0.00591
4.64200 0.00589
4.64225 0.00597
4.64250 0.00668
4.64275 0.00641
4.64300 0.00634
4.64325 0.00600
4.64350 0.00611
4.64375 0.00615
4.64400 0.00630
4.64425 0.00583
4.64450 0.00589
4.64475 0.00614
4.64500 0.00568
4.64525 0.00606
4.64550 0.00560
4.64575 0.00602
4.64600 0.00552
4.64625 0.00582
4.64650 0.00584
4.64675 0.00592
4.64700 0.00689
4.64725 0.00566
4.64750 0.00580
4.64775 0.00568
4.64800 0.00564
4.64825 0.00597
4.64850 0.00549
4.64875 0.00589
4.64900 0.00568
4.64925 0.00586
4.64950 0.00553
4.64975 0.00544
4.65000 0.00549
4.65025 0.00538
4.65050 0.00555
4.65075 0.00590
4.65100 0.00607
4.65125 0.00581
4.65150 0.00616
4.65175 0.00580
4.65200 0.00590
4.65225 0.00575
4.65250 0.00553
4.65275 0.00551
4.65300 0.00582
4.65325 0.00562
4.65350 0.00555
4.65375 0.00521
4.65400 0.00535
4.65425 0.00512
4.65450 0.00567
4.65475 0.00551
4.65500 0.00540
4.65525 0.00575
4.65550 0.00557
4.65575 0.00572
4.65600 0.00594
4.65625 0.00619
4.65650 0.00558
4.65675 0.00585
4.65700 0.00597
4.65725 0.00564
4.65750 0.00602
4.65775 0.00553
4.65800 0.00593
4.65825 0.00555
4.65850 0.00573
4.65875 0.00616
4.65900 0.00545
4.65925 0.00575
4.65950 0.00565
4.65975 0.00615
4.66000 0.00582
4.66025 0.00583
4.66050 0.00597
4.66075 0.00542
4.66100 0.00518
4.66125 0.00551
4.66150 0.00551
4.66175 0.00608
4.66200 0.00583
4.66225 0.00599
4.66250 0.00607
4.66275 0.00574
4.66300 0.00547
4.66325 0.00566
4.66350 0.00579
4.66375 0.00599
4.66400 0.00622
4.66425 0.00578
4.66450 0.00595
4.66475 0.00578
4.66500 0.00565
4.66525 0.00598
4.66550 0.00818
4.66575 0.00578
4.66600 0.00565
4.66625 0.00600
4.66650 0.00588
4.66675 0.00607
4.66700 0.00633
4.66725 0.00639
4.66750 0.00623
4.66775 0.00568
4.66800 0.00573
4.66825 0.00574
4.66850 0.00561
4.66875 0.00578
4.66900 0.00556
4.66925 0.00575
4.66950 0.00565
4.66975 0.00611
4.67000 0.00600
4.67025 0.00563
4.67050 0.00533
4.67075 0.00555
4.67100 0.00543
4.67125 0.00563
4.67150 0.00535
4.67175 0.00588
4.67200 0.00603
4.67225 0.00546
4.67250 0.00534
4.67275 0.00548
4.67300 0.00613
4.67325 0.00540
4.67350 0.00581
4.67375 0.00584
4.67400 0.00620
4.67425 0.00563
4.67450 0.00518
4.67475 0.00546
4.67500 0.00585
4.67525 0.00558
4.67550 0.00639
4.67575 0.00538
4.67600 0.00599
4.67625 0.00549
4.67650 0.00540
4.67675 0.00522
4.67700 0.00553
4.67725 0.00519
4.67750 0.00554
4.67775 0.00538
4.67800 0.00551
4.67825 0.00545
4.67850 0.00588
4.67875 0.00544
4.67900 0.00566
4.67925 0.00634
4.67950 0.00599
4.67975 0.00567
4.68000 0.00586
4.68025 0.00536
4.68050 0.00527
4.68075 0.00527
4.68100 0.00544
4.68125 0.00647
4.68150 0.00627
4.68175 0.00601
4.68200 0.00731
4.68225 0.00583
4.68250 0.00532
4.68275 0.00534
4.68300 0.00535
4.68325 0.00523
4.68350 0.00537
4.68375 0.00558
4.68400 0.00583
4.68425 0.00587
4.68450 0.00554
4.68475 0.00546
4.68500 0.00574
4.68525 0.00566
4.68550 0.00694
4.68575 0.00631
4.68600 0.00771
4.68625 0.00626
4.68650 0.00518
4.68675 0.00518
4.68700 0.00550
4.68725 0.00520
4.68750 0.00545
4.68775 0.00534
4.68800 0.00542
4.68825 0.00533
4.68850 0.00614
4.68875 0.00655
4.68900 0.00927
4.68925 0.00599
4.68950 0.00586
4.68975 0.00551
4.69000 0.00591
4.69025 0.00600
4.69050 0.00785
4.69075 0.00572
4.69100 0.00552
4.69125 0.00579
4.69150 0.00579
4.69175 0.00542
4.69200 0.00523
4.69225 0.00545
4.69250 0.00534
4.69275 0.00627
4.69300 0.00507
4.69325 0.00526
4.69350 0.00506
4.69375 0.00512
4.69400 0.00516
4.69425 0.00564
4.69450 0.00529
4.69475 0.00555
4.69500 0.00513
4.69525 0.00520
4.69550 0.00537
4.69575 0.00521
4.69600 0.00534
4.69625 0.00542
4.69650 0.00544
4.69675 0.00498
4.69700 0.00531
4.69725 0.00579
4.69750 0.00545
4.69775 0.00519
4.69800 0.00546
4.69825 0.00515
4.69850 0.00517
4.69875 0.00546
4.69900 0.00535
4.69925 0.00584
4.69950 0.00618
4.69975 0.00541
4.70000 0.00565
4.70025 0.00546
4.70050 0.00634
4.70075 0.00547
4.70100 0.00573
4.70125 0.00525
4.70150 0.00591
4.70175 0.00520
4.70200 0.00513
4.70225 0.00529
4.70250 0.00532
4.70275 0.00533
4.70300 0.00547
4.70325 0.00521
4.70350 0.00549
4.70375 0.00555
4.70400 0.00529
4.70425 0.00572
4.70450 0.00537
4.70475 0.00531
4.70500 0.00556
4.70525 0.00543
4.70550 0.00541
4.70575 0.00559
4.70600 0.00543
4.70625 0.00501
4.70650 0.00573
4.70675 0.00531
4.70700 0.00523
4.70725 0.00599
4.70750 0.00578
4.70775 0.00548
4.70800 0.00535
4.70825 0.00687
4.70850 0.00568
4.70875 0.00509
4.70900 0.00530
4.70925 0.00516
4.70950 0.00595
4.70975 0.00651
4.71000 0.00575
4.71025 0.00599
4.71050 0.00573
4.71075 0.00619
4.71100 0.00570
4.71125 0.00544
4.71150 0.00530
4.71175 0.00575
4.71200 0.00556
4.71225 0.00514
4.71250 0.00659
4.71275 0.00589
4.71300 0.00632
4.71325 0.00563
4.71350 0.00583
4.71375 0.00557
4.71400 0.00549
4.71425 0.00519
4.71450 0.00545
4.71475 0.00512
4.71500 0.00527
4.71525 0.00543
4.71550 0.00916
4.71575 0.00622
4.71600 0.00560
4.71625 0.00560
4.71650 0.00508
4.71675 0.00501
4.71700 0.00512
4.71725 0.00536
4.71750 0.00477
4.71775 0.00512
4.71800 0.00517
4.71825 0.00446
4.71850 0.00502
4.71875 0.00478
4.71900 0.00477
4.71925 0.00479
4.71950 0.00476
4.71975 0.00512
4.72000 0.00529
4.72025 0.00598
4.72050 0.00705
4.72075 0.00489
4.72100 0.00486
4.72125 0.00487
4.72150 0.00458
4.72175 0.00493
4.72200 0.00477
4.72225 0.00459
4.72250 0.00526
4.72275 0.00487
4.72300 0.00465
4.72325 0.00502
4.72350 0.00494
4.72375 0.00472
4.72400 0.00539
4.72425 0.00472
4.72450 0.00467
4.72475 0.00476
4.72500 0.00448
4.72525 0.00444
4.72550 0.00469
4.72575 0.00465
4.72600 0.00514
4.72625 0.00449
4.72650 0.00466
4.72675 0.00494
4.72700 0.00497
4.72725 0.00475
4.72750 0.00489
4.72775 0.00512
4.72800 0.00482
4.72825 0.00480
4.72850 0.00507
4.72875 0.00489
4.72900 0.00541
4.72925 0.00503
4.72950 0.00472
4.72975 0.00562
4.73000 0.00500
4.73025 0.00499
4.73050 0.00492
4.73075 0.00516
4.73100 0.00471
4.73125 0.00503
4.73150 0.00487
4.73175 0.00538
4.73200 0.00622
4.73225 0.00521
4.73250 0.00545
4.73275 0.00486
4.73300 0.00522
4.73325 0.00527
4.73350 0.00606
4.73375 0.00479
4.73400 0.00462
4.73425 0.00464
4.73450 0.00505
4.73475 0.00469
4.73500 0.00454
4.73525 0.00495
4.73550 0.00490
4.73575 0.00529
4.73600 0.00520
4.73625 0.00485
4.73650 0.00495
4.73675 0.00493
4.73700 0.00493
4.73725 0.00467
4.73750 0.00472
4.73775 0.00512
4.73800 0.00508
4.73825 0.00464
4.73850 0.00490
4.73875 0.00445
4.73900 0.00448
4.73925 0.00462
4.73950 0.00436
4.73975 0.00461
4.74000 0.00464
4.74025 0.00462
4.74050 0.00453
4.74075 0.00476
4.74100 0.00472
4.74125 0.00435
4.74150 0.00470
4.74175 0.00450
4.74200 0.00465
4.74225 0.00482
4.74250 0.00512
4.74275 0.00473
4.74300 0.00487
4.74325 0.00480
4.74350 0.00443
4.74375 0.00456
4.74400 0.00471
4.74425 0.00461
4.74450 0.00506
4.74475 0.00467
4.74500 0.00465
4.74525 0.00493
4.74550 0.00710
4.74575 0.00501
4.74600 0.00489
4.74625 0.00472
4.74650 0.00446
4.74675 0.00472
4.74700 0.00445
4.74725 0.00453
4.74750 0.00441
4.74775 0.00440
4.74800 0.00463
4.74825 0.00442
4.74850 0.00441
4.74875 0.00464
4.74900 0.00432
4.74925 0.00433
4.74950 0.00460
4.74975 0.00430
4.75000 0.00473
4.75025 0.00494
4.75050 0.00480
4.75075 0.00459
4.75100 0.00455
4.75125 0.00477
4.75150 0.00466
4.75175 0.00478
4.75200 0.00451
4.75225 0.00455
4.75250 0.00452
4.75275 0.00461
4.75300 0.00471
4.75325 0.00497
4.75350 0.00458
4.75375 0.00464
4.75400 0.00442
4.75425 0.00478
4.75450 0.00446
4.75475 0.00434
4.75500 0.00444
4.75525 0.00461
4.75550 0.00519
4.75575 0.00481
4.75600 0.00503
4.75625 0.00476
4.75650 0.00475
4.75675 0.00472
4.75700 0.00470
4.75725 0.00468
4.75750 0.00454
4.75775 0.00456
4.75800 0.00508
4.75825 0.00480
4.75850 0.00524
4.75875 0.00538
4.75900 0.00491
4.75925 0.00492
4.75950 0.00502
4.75975 0.00520
4.76000 0.00505
4.76025 0.00512
4.76050 0.00481
4.76075 0.00481
4.76100 0.00494
4.76125 0.00466
4.76150 0.00496
4.76175 0.00516
4.76200 0.00481
4.76225 0.00463
4.76250 0.00467
4.76275 0.00448
4.76300 0.00454
4.76325 0.00462
4.76350 0.00455
4.76375 0.00431
4.76400 0.00436
4.76425 0.00461
4.76450 0.00454
4.76475 0.00477
4.76500 0.00451
4.76525 0.00492
4.76550 0.00466
4.76575 0.00437
4.76600 0.00483
4.76625 0.00424
4.76650 0.00432
4.76675 0.00440
4.76700 0.00430
4.76725 0.00430
4.76750 0.00426
4.76775 0.00475
4.76800 0.00437
4.76825 0.00462
4.76850 0.00485
4.76875 0.00521
4.76900 0.00466
4.76925 0.00448
4.76950 0.00455
4.76975 0.00460
4.77000 0.00506
4.77025 0.00466
4.77050 0.00431
4.77075 0.00453
4.77100 0.00416
4.77125 0.00437
4.77150 0.00445
4.77175 0.00405
4.77200 0.00433
4.77225 0.00400
4.77250 0.00442
4.77275 0.00433
4.77300 0.00421
4.77325 0.00424
4.77350 0.00447
4.77375 0.00413
4.77400 0.00438
4.77425 0.00463
4.77450 0.00438
4.77475 0.00469
4.77500 0.00456
4.77525 0.00427
4.77550 0.00460
4.77575 0.00447
4.77600 0.00413
4.77625 0.00459
4.77650 0.00435
4.77675 0.00430
4.77700 0.00462
4.77725 0.00474
4.77750 0.00462
4.77775 0.00585
4.77800 0.00521
4.77825 0.00534
4.77850 0.00491
4.77875 0.00492
4.77900 0.00488
4.77925 0.00489
4.77950 0.00487
4.77975 0.00453
4.78000 0.00484
4.78025 0.00464
4.78050 0.00507
4.78075 0.00464
4.78100 0.00484
4.78125 0.00486
4.78150 0.00456
4.78175 0.00475
4.78200 0.00465
4.78225 0.00462
4.78250 0.00560
4.78275 0.00541
4.78300 0.00540
4.78325 0.00542
4.78350 0.00479
4.78375 0.00482
4.78400 0.00570
4.78425 0.00490
4.78450 0.00490
4.78475 0.00567
4.78500 0.00450
4.78525 0.00518
4.78550 0.00457
4.78575 0.00419
4.78600 0.00470
4.78625 0.00432
4.78650 0.00437
4.78675 0.00458
4.78700 0.00422
4.78725 0.00432
4.78750 0.00472
4.78775 0.00420
4.78800 0.00431
4.78825 0.00436
4.78850 0.00421
4.78875 0.00398
4.78900 0.00415
4.78925 0.00467
4.78950 0.00437
4.78975 0.00438
4.79000 0.00424
4.79025 0.00485
4.79050 0.00419
4.79075 0.00421
4.79100 0.00463
4.79125 0.00441
4.79150 0.00430
4.79175 0.00470
4.79200 0.00467
4.79225 0.00584
4.79250 0.00430
4.79275 0.00446
4.79300 0.00447
4.79325 0.00428
4.79350 0.00448
4.79375 0.00410
4.79400 0.00440
4.79425 0.00454
4.79450 0.00429
4.79475 0.00452
4.79500 0.00453
4.79525 0.00467
4.79550 0.00488
4.79575 0.00472
4.79600 0.00452
4.79625 0.00436
4.79650 0.00450
4.79675 0.00470
4.79700 0.00459
4.79725 0.00429
4.79750 0.00450
4.79775 0.00431
4.79800 0.00435
4.79825 0.00468
4.79850 0.00430
4.79875 0.00484
4.79900 0.00430
4.79925 0.00423
4.79950 0.00433
4.79975 0.00443
4.80000 0.00398
4.80025 0.00428
4.80050 0.00452
4.80075 0.00438
4.80100 0.00451
4.80125 0.00413
4.80150 0.00436
4.80175 0.00442
4.80200 0.00427
4.80225 0.00434
4.80250 0.00442
4.80275 0.00419
4.80300 0.00535
4.80325 0.00390
4.80350 0.00429
4.80375 0.00417
4.80400 0.00404
4.80425 0.00410
4.80450 0.00429
4.80475 0.00434
4.80500 0.00467
4.80525 0.00489
4.80550 0.00453
4.80575 0.00462
4.80600 0.00436
4.80625 0.00430
4.80650 0.00436
4.80675 0.00444
4.80700 0.00452
4.80725 0.00531
4.80750 0.00444
4.80775 0.00420
4.80800 0.00469
4.80825 0.00441
4.80850 0.00469
4.80875 0.00423
4.80900 0.00448
4.80925 0.00409
4.80950 0.00419
4.80975 0.00432
4.81000 0.00467
4.81025 0.00423
4.81050 0.00398
4.81075 0.00410
4.81100 0.00412
4.81125 0.00446
4.81150 0.00391
4.81175 0.00403
4.81200 0.00424
4.81225 0.00421
4.81250 0.00423
4.81275 0.00407
4.81300 0.00438
4.81325 0.00392
4.81350 0.00427
4.81375 0.00424
4.81400 0.00416
4.81425 0.00403
4.81450 0.00415
4.81475 0.00400
4.81500 0.00402
4.81525 0.00418
4.81550 0.00430
4.81575 0.00386
4.81600 0.00429
4.81625 0.00434
4.81650 0.00426
4.81675 0.00411
4.81700 0.00407
4.81725 0.00431
4.81750 0.00430
4.81775 0.00413
4.81800 0.00449
4.81825 0.00419
4.81850 0.00447
4.81875 0.00452
4.81900 0.00504
4.81925 0.00452
4.81950 0.00421
4.81975 0.00411
4.82000 0.00436
4.82025 0.00425
4.82050 0.00419
4.82075 0.00421
4.82100 0.00423
4.82125 0.00437
4.82150 0.00419
4.82175 0.00431
4.82200 0.00444
4.82225 0.00400
4.82250 0.00394
4.82275 0.00402
4.82300 0.00427
4.82325 0.00431
4.82350 0.00399
4.82375 0.00401
4.82400 0.00406
4.82425 0.00405
4.82450 0.00405
4.82475 0.00400
4.82500 0.00422
4.82525 0.00394
4.82550 0.00390
4.82575 0.00444
4.82600 0.00740
4.82625 0.00425
4.82650 0.00407
4.82675 0.00427
4.82700 0.00411
4.82725 0.00418
4.82750 0.00439
4.82775 0.00403
4.82800 0.00450
4.82825 0.00432
4.82850 0.00429
4.82875 0.00496
4.82900 0.00468
4.82925 0.00444
4.82950 0.00544
4.82975 0.00488
4.83000 0.00406
4.83025 0.00425
4.83050 0.00390
4.83075 0.00449
4.83100 0.00410
4.83125 0.00402
4.83150 0.00417
4.83175 0.00435
4.83200 0.00408
4.83225 0.00408
4.83250 0.00430
4.83275 0.00403
4.83300 0.00400
4.83325 0.00407
4.83350 0.00414
4.83375 0.00378
4.83400 0.00396
4.83425 0.00378
4.83450 0.00383
4.83475 0.00431
4.83500 0.00381
4.83525 0.00484
4.83550 0.00598
4.83575 0.00536
4.83600 0.00481
4.83625 0.00395
4.83650 0.00423
4.83675 0.00395
4.83700 0.00375
4.83725 0.00382
4.83750 0.00377
4.83775 0.00375
4.83800 0.00395
4.83825 0.00415
4.83850 0.00382
4.83875 0.00397
4.83900 0.00398
4.83925 0.00387
4.83950 0.00629
4.83975 0.00423
4.84000 0.00408
4.84025 0.00394
4.84050 0.00352
4.84075 0.00394
4.84100 0.00404
4.84125 0.00422
4.84150 0.00396
4.84175 0.00398
4.84200 0.00378
4.84225 0.00365
4.84250 0.00343
4.84275 0.00384
4.84300 0.00357
4.84325 0.00362
4.84350 0.00345
4.84375 0.00369
4.84400 0.00393
4.84425 0.00371
4.84450 0.00367
4.84475 0.00405
4.84500 0.00394
4.84525 0.00404
4.84550 0.00382
4.84575 0.00363
4.84600 0.00389
4.84625 0.00392
4.84650 0.00379
4.84675 0.00399
4.84700 0.00402
4.84725 0.00369
4.84750 0.00366
4.84775 0.00381
4.84800 0.00395
4.84825 0.00387
4.84850 0.00422
4.84875 0.00363
4.84900 0.00401
4.84925 0.00410
4.84950 0.00410
4.84975 0.00403
4.85000 0.00393
4.85025 0.00414
4.85050 0.00402
4.85075 0.00409
4.85100 0.00381
4.85125 0.00419
4.85150 0.00373
4.85175 0.00396
4.85200 0.00390
4.85225 0.00396
4.85250 0.00373
4.85275 0.00411
4.85300 0.00402
4.85325 0.00372
4.85350 0.00370
4.85375 0.00405
4.85400 0.00371
4.85425 0.00401
4.85450 0.00394
4.85475 0.00406
4.85500 0.00417
4.85525 0.00409
4.85550 0.00381
4.85575 0.00406
4.85600 0.00389
4.85625 0.00378
4.85650 0.00371
4.85675 0.00352
4.85700 0.00400
4.85725 0.00345
4.85750 0.00377
4.85775 0.00398
4.85800 0.00379
4.85825 0.00387
4.85850 0.00404
4.85875 0.00397
4.85900 0.00394
4.85925 0.00435
4.85950 0.00441
4.85975 0.00445
4.86000 0.00419
4.86025 0.00408
4.86050 0.00416
4.86075 0.00393
4.86100 0.00383
4.86125 0.00382
4.86150 0.00397
4.86175 0.00435
4.86200 0.00419
4.86225 0.00404
4.86250 0.00437
4.86275 0.00386
4.86300 0.00408
4.86325 0.00384
4.86350 0.00408
4.86375 0.00395
4.86400 0.00380
4.86425 0.00393
4.86450 0.00379
4.86475 0.00380
4.86500 0.00370
4.86525 0.00400
4.86550 0.00354
4.86575 0.00413
4.86600 0.00394
4.86625 0.00420
4.86650 0.00394
4.86675 0.00381
4.86700 0.00365
4.86725 0.00397
4.86750 0.00425
4.86775 0.00414
4.86800 0.00414
4.86825 0.00382
4.86850 0.00413
4.86875 0.00353
4.86900 0.00404
4.86925 0.00435
4.86950 0.00372
4.86975 0.00367
4.87000 0.00381
4.87025 0.00388
4.87050 0.00359
4.87075 0.00372
4.87100 0.00371
4.87125 0.00380
4.87150 0.00364
4.87175 0.00422
4.87200 0.00388
4.87225 0.00360
4.87250 0.00382
4.87275 0.00372
4.87300 0.00388
4.87325 0.00382
4.87350 0.00404
4.87375 0.00378
4.87400 0.00394
4.87425 0.00389
4.87450 0.00462
4.87475 0.00379
4.87500 0.00404
4.87525 0.00358
4.87550 0.00395
4.87575 0.00434
4.87600 0.00405
4.87625 0.00452
4.87650 0.00383
4.87675 0.00354
4.87700 0.00389
4.87725 0.00361
4.87750 0.00413
4.87775 0.00378
4.87800 0.00384
4.87825 0.00398
4.87850 0.00376
4.87875 0.00373
4.87900 0.00378
4.87925 0.00383
4.87950 0.00387
4.87975 0.00369
4.88000 0.00360
4.88025 0.00373
4.88050 0.00361
4.88075 0.00364
4.88100 0.00345
4.88125 0.00408
4.88150 0.00371
4.88175 0.00433
4.88200 0.00390
4.88225 0.00457
4.88250 0.00477
4.88275 0.00393
4.88300 0.00383
4.88325 0.00395
4.88350 0.00386
4.88375 0.00382
4.88400 0.00383
4.88425 0.00421
4.88450 0.00394
4.88475 0.00417
4.88500 0.00369
4.88525 0.00396
4.88550 0.00390
4.88575 0.00391
4.88600 0.00379
4.88625 0.00398
4.88650 0.00370
4.88675 0.00387
4.88700 0.00378
4.88725 0.00369
4.88750 0.00364
4.88775 0.00370
4.88800 0.00392
4.88825 0.00408
4.88850 0.00378
4.88875 0.00391
4.88900 0.00542
4.88925 0.00424
4.88950 0.00431
4.88975 0.00446
4.89000 0.00409
4.89025 0.00440
4.89050 0.00437
4.89075 0.00682
4.89100 0.00415
4.89125 0.00418
4.89150 0.00413
4.89175 0.00415
4.89200 0.00437
4.89225 0.00436
4.89250 0.00451
4.89275 0.00627
4.89300 0.00551
4.89325 0.00723
4.89350 0.00696
4.89375 0.00666
4.89400 0.00476
4.89425 0.00419
4.89450 0.00432
4.89475 0.00479
4.89500 0.00434
4.89525 0.00462
4.89550 0.00518
4.89575 0.00491
4.89600 0.00447
4.89625 0.00472
4.89650 0.00474
4.89675 0.00492
4.89700 0.00474
4.89725 0.00593
4.89750 0.00472
4.89775 0.00440
4.89800 0.00482
4.89825 0.00463
4.89850 0.00488
4.89875 0.00564
4.89900 0.00432
4.89925 0.00423
4.89950 0.00483
4.89975 0.00471
4.90000 0.00422
4.90025 0.00464
4.90050 0.00415
4.90075 0.00403
4.90100 0.00399
4.90125 0.00525
4.90150 0.00477
4.90175 0.00475
4.90200 0.00452
4.90225 0.00447
4.90250 0.00421
4.90275 0.00456
4.90300 0.00460
4.90325 0.00453
4.90350 0.00418
4.90375 0.00467
4.90400 0.00440
4.90425 0.00452
4.90450 0.00430
4.90475 0.00444
4.90500 0.00488
4.90525 0.00430
4.90550 0.00451
4.90575 0.00498
4.90600 0.00433
4.90625 0.00504
4.90650 0.00460
4.90675 0.00422
4.90700 0.00483
4.90725 0.00482
4.90750 0.00454
4.90775 0.00526
4.90800 0.00489
4.90825 0.00530
4.90850 0.00572
4.90875 0.00455
4.90900 0.00416
4.90925 0.00437
4.90950 0.00583
4.90975 0.00506
4.91000 0.00471
4.91025 0.00510
4.91050 0.00511
4.91075 0.00478
4.91100 0.00494
4.91125 0.00499
4.91150 0.00449
4.91175 0.00490
4.91200 0.00465
4.91225 0.00492
4.91250 0.00446
4.91275 0.00469
4.91300 0.00440
4.91325 0.00413
4.91350 0.00453
4.91375 0.00463
4.91400 0.00484
4.91425 0.00463
4.91450 0.00434
4.91475 0.00510
4.91500 0.00448
4.91525 0.00464
4.91550 0.00521
4.91575 0.00397
4.91600 0.00411
4.91625 0.00496
4.91650 0.00417
4.91675 0.00432
4.91700 0.00423
4.91725 0.00399
4.91750 0.00381
4.91775 0.00416
4.91800 0.00411
4.91825 0.00394
4.91850 0.00380
4.91875 0.00372
4.91900 0.00395
4.91925 0.00405
4.91950 0.00479
4.91975 0.00469
4.92000 0.00419
4.92025 0.00458
4.92050 0.00393
4.92075 0.00436
4.92100 0.00408
4.92125 0.00387
4.92150 0.00390
4.92175 0.00405
4.92200 0.00401
4.92225 0.00407
4.92250 0.00378
4.92275 0.00416
4.92300 0.00382
4.92325 0.00441
4.92350 0.00365
4.92375 0.00402
4.92400 0.00394
4.92425 0.00379
4.92450 0.00407
4.92475 0.00439
4.92500 0.00436
4.92525 0.00397
4.92550 0.00439
4.92575 0.00401
4.92600 0.00399
4.92625 0.00366
4.92650 0.00380
4.92675 0.00381
4.92700 0.00415
4.92725 0.00425
4.92750 0.00417
4.92775 0.00378
4.92800 0.00394
4.92825 0.00397
4.92850 0.00430
4.92875 0.00410
4.92900 0.00397
4.92925 0.00401
4.92950 0.00422
4.92975 0.00404
4.93000 0.00431
4.93025 0.00484
4.93050 0.00485
4.93075 0.00435
4.93100 0.00389
4.93125 0.00400
4.93150 0.00413
4.93175 0.00382
4.93200 0.00423
4.93225 0.00411
4.93250 0.00356
4.93275 0.00420
4.93300 0.00413
4.93325 0.00437
4.93350 0.00374
4.93375 0.00358
4.93400 0.00400
4.93425 0.00355
4.93450 0.00376
4.93475 0.00338
4.93500 0.00348
4.93525 0.00346
4.93550 0.00383
4.93575 0.00370
4.93600 0.00432
4.93625 0.00364
4.93650 0.00351
4.93675 0.00348
4.93700 0.00383
4.93725 0.00377
4.93750 0.00383
4.93775 0.00413
4.93800 0.00364
4.93825 0.00360
4.93850 0.00357
4.93875 0.00366
4.93900 0.00369
4.93925 0.00375
4.93950 0.00378
4.93975 0.00446
4.94000 0.00391
4.94025 0.00418
4.94050 0.00368
4.94075 0.00381
4.94100 0.00348
4.94125 0.00388
4.94150 0.00367
4.94175 0.00343
4.94200 0.00385
4.94225 0.00383
4.94250 0.00383
4.94275 0.00373
4.94300 0.00412
4.94325 0.00404
4.94350 0.00359
4.94375 0.00358
4.94400 0.00375
4.94425 0.00342
4.94450 0.00380
4.94475 0.00352
4.94500 0.00357
4.94525 0.00395
4.94550 0.00415
4.94575 0.00389
4.94600 0.00382
4.94625 0.00360
4.94650 0.00380
4.94675 0.00366
4.94700 0.00392
4.94725 0.00403
4.94750 0.00368
4.94775 0.00347
4.94800 0.00371
4.94825 0.00347
4.94850 0.00330
4.94875 0.00330
4.94900 0.00433
4.94925 0.00374
4.94950 0.00377
4.94975 0.00351
4.95000 0.00365
4.95025 0.00331
4.95050 0.00350
4.95075 0.00350
4.95100 0.00325
4.95125 0.00326
4.95150 0.00324
4.95175 0.00344
4.95200 0.00309
4.95225 0.00301
4.95250 0.00297
4.95275 0.00293
4.95300 0.00341
4.95325 0.00383
4.95350 0.00677
4.95375 0.00316
4.95400 0.00339
4.95425 0.00349
4.95450 0.00338
4.95475 0.00345
4.95500 0.00331
4.95525 0.00415
4.95550 0.00364
4.95575 0.00339
4.95600 0.00342
4.95625 0.00384
4.95650 0.00328
4.95675 0.00384
4.95700 0.00337
4.95725 0.00349
4.95750 0.00353
4.95775 0.00335
4.95800 0.00359
4.95825 0.00345
4.95850 0.00314
4.95875 0.00378
4.95900 0.00385
4.95925 0.00345
4.95950 0.00334
4.95975 0.00356
4.96000 0.00360
4.96025 0.00313
4.96050 0.00315
4.96075 0.00377
4.96100 0.00335
4.96125 0.00341
4.96150 0.00318
4.96175 0.00376
4.96200 0.00367
4.96225 0.00323
4.96250 0.00336
4.96275 0.00313
4.96300 0.00335
4.96325 0.00311
4.96350 0.00336
4.96375 0.00333
4.96400 0.00320
4.96425 0.00313
4.96450 0.00324
4.96475 0.00328
4.96500 0.00346
4.96525 0.00314
4.96550 0.00338
4.96575 0.00287
4.96600 0.00313
4.96625 0.00296
4.96650 0.00305
4.96675 0.00317
4.96700 0.00316
4.96725 0.00331
4.96750 0.00322
4.96775 0.00310
4.96800 0.00353
4.96825 0.00334
4.96850 0.00325
4.96875 0.00330
4.96900 0.00361
4.96925 0.00341
4.96950 0.00351
4.96975 0.00311
4.97000 0.00363
4.97025 0.00304
4.97050 0.00322
4.97075 0.00333
4.97100 0.00322
4.97125 0.00295
4.97150 0.00328
4.97175 0.00318
4.97200 0.00321
4.97225 0.00304
4.97250 0.00313
4.97275 0.00284
4.97300 0.00324
4.97325 0.00318
4.97350 0.00304
4.97375 0.00327
4.97400 0.00306
4.97425 0.00286
4.97450 0.00276
4.97475 0.00306
4.97500 0.00279
4.97525 0.00284
4.97550 0.00276
4.97575 0.00294
4.97600 0.00326
4.97625 0.00363
4.97650 0.00339
4.97675 0.00442
4.97700 0.00345
4.97725 0.00298
4.97750 0.00279
4.97775 0.00274
4.97800 0.00294
4.97825 0.00306
4.97850 0.00269
4.97875 0.00291
4.97900 0.00295
4.97925 0.00279
4.97950 0.00276
4.97975 0.00285
4.98000 0.00416
4.98025 0.00315
4.98050 0.00273
4.98075 0.00260
4.98100 0.00290
4.98125 0.00280
4.98150 0.00283
4.98175 0.00310
4.98200 0.00298
4.98225 0.00321
4.98250 0.00339
4.98275 0.00314
4.98300 0.00301
4.98325 0.00282
4.98350 0.00278
4.98375 0.00275
4.98400 0.00269
4.98425 0.00267
4.98450 0.00304
4.98475 0.00292
4.98500 0.00303
4.98525 0.00274
4.98550 0.00270
4.98575 0.00274
4.98600 0.00288
4.98625 0.00257
4.98650 0.00276
4.98675 0.00276
4.98700 0.00275
4.98725 0.00282
4.98750 0.00275
4.98775 0.00286
4.98800 0.00272
4.98825 0.00303
4.98850 0.00297
4.98875 0.00297
4.98900 0.00301
4.98925 0.00305
4.98950 0.00291
4.98975 0.00294
4.99000 0.00288
4.99025 0.00268
4.99050 0.00315
4.99075 0.00287
4.99100 0.00316
4.99125 0.00270
4.99150 0.00263
4.99175 0.00288
4.99200 0.00269
4.99225 0.00263
4.99250 0.00238
4.99275 0.00234
4.99300 0.00264
4.99325 0.00257
4.99350 0.00250
4.99375 0.00255
4.99400 0.00261
4.99425 0.00241
4.99450 0.00253
4.99475 0.00268
4.99500 0.00252
4.99525 0.00258
4.99550 0.00253
4.99575 0.00261
4.99600 0.00260
4.99625 0.00246
4.99650 0.00253
4.99675 0.00294
4.99700 0.00265
4.99725 0.00228
4.99750 0.00262
4.99775 0.00241
4.99800 0.00251
4.99825 0.00237
4.99850 0.00250
4.99875 0.00255
4.99900 0.00228
4.99925 0.00241
4.99950 0.00240
4.99975 0.00247
5.00000 0.00000
