# dynamical spin structure factor of generlized Kondo-Heisenberg model
# t=0.5 U=0 Jh=10 L=200 n=1.50 S=1/2
# k, omega, S(k,omega)

0 0 0.00588616
0 0.006 0.00486584
0 0.012 0.00116281
0 0.018 0.00969679
0 0.024 0.00990256
0 0.03 0.00635084
0 0.036 0.00606975
0 0.042 0.00117573
0 0.048 0.00511266
0 0.054 0.0196474
0 0.06 0.0205558
0 0.066 0.0200941
0 0.072 0.0250031
0 0.078 0.0412422
0 0.084 0.0207404
0 0.09 0.0074508
0 0.096 0.00738125
0 0.102 0.00613305
0 0.108 0.0284266
0 0.114 0.00736713
0 0.12 0.0148123
0 0.126 0.0124682
0 0.132 0.00865139
0 0.138 0.00217237
0 0.144 0.00203172
0 0.15 0.0239111
0 0.156 6.43451e-05
0 0.162 0.0118
0 0.168 0.0118182
0 0.174 0.0101826
0 0.18 0.0107005
0 0.186 0.00873448
0 0.192 0.0116788
0 0.198 0.00954784
0 0.204 0.00648251
0 0.21 0.0149721
0 0.216 0.0133197
0 0.222 0.00847193
0 0.228 0.000199271
0 0.234 0.0177829
0 0.24 0.00917333
0 0.246 0.000234924
0 0.252 0.0119314
0 0.258 0.00179015
0 0.264 0.00957316
0 0.27 0.00692958
0 0.276 0.00362721
0 0.282 0.00492575
0 0.288 0.00945821
0 0.294 0.00590142
0 0.3 0.00779641
0 0.306 0.000756367
0 0.312 0.00721547
0 0.318 0.0119916
0 0.324 0.0101233
0 0.33 0.00737588
0 0.336 0.00941121
0 0.342 0.000637061
0 0.348 0.0104771
0 0.354 0.00927824
0 0.36 0.0071305
0 0.366 0.010778
0 0.372 0.00484085
0 0.378 0.00975233
0 0.384 0.00597507
0 0.39 0.012976
0 0.396 0.00203387
0 0.402 0.0110115
0 0.408 0.00271223
0 0.414 0.0112096
0 0.42 0.00382186
0 0.426 0.0172323
0 0.432 0.0125836
0 0.438 0.0138023
0 0.444 0.00642245
0 0.45 0.0053823
0 0.456 0.00551992
0 0.462 0.00528203
0 0.468 0.00915533
0 0.474 0.00135386
0 0.48 0.00652443
0 0.486 0.002091
0 0.492 0.0249543
0 0.498 0.0272082
0 0.504 0.0239197
0 0.51 0.015654
0 0.516 0.0240548
0 0.522 0.0110875
0 0.528 0.0307687
0 0.534 0.000934611
0 0.54 0.00686276
0 0.546 0.0120237
0 0.552 0.0346168
0 0.558 0.022022
0 0.564 0.00763017
0 0.57 0.00351977
0 0.576 0.0133548
0 0.582 0.00732486
0 0.588 0.00109059
0 0.594 0.00313391
0 0.6 0.00226056
0.005 0 0.0204403
0.005 0.006 0.0170874
0.005 0.012 0.00387235
0.005 0.018 0.0192483
0.005 0.024 0.0177474
0.005 0.03 0.00759046
0.005 0.036 0.0110252
0.005 0.042 0.00231477
0.005 0.048 0.00788431
0.005 0.054 0.0306411
0.005 0.06 0.0315273
0.005 0.066 0.0304384
0.005 0.072 0.0373126
0.005 0.078 0.0639803
0.005 0.084 0.0328207
0.005 0.09 0.0123267
0.005 0.096 0.0114812
0.005 0.102 0.0111137
0.005 0.108 0.0436753
0.005 0.114 0.0123271
0.005 0.12 0.0225675
0.005 0.126 0.0187515
0.005 0.132 0.0138675
0.005 0.138 0.00391988
0.005 0.144 0.00306671
0.005 0.15 0.0378335
0.005 0.156 0.00123914
0.005 0.162 0.0169653
0.005 0.168 0.0140113
0.005 0.174 0.0140244
0.005 0.18 0.0176314
0.005 0.186 0.0172305
0.005 0.192 0.0166346
0.005 0.198 0.011293
0.005 0.204 0.00568191
0.005 0.21 0.0248849
0.005 0.216 0.0194739
0.005 0.222 0.0149315
0.005 0.228 0.00121581
0.005 0.234 0.0257668
0.005 0.24 0.0160235
0.005 0.246 0.000182264
0.005 0.252 0.0171754
0.005 0.258 0.00147182
0.005 0.264 0.015226
0.005 0.27 0.00944964
0.005 0.276 0.00305124
0.005 0.282 0.00768801
0.005 0.288 0.012331
0.005 0.294 0.0100655
0.005 0.3 0.0132223
0.005 0.306 0.00316056
0.005 0.312 0.0109218
0.005 0.318 0.0183106
0.005 0.324 0.0157427
0.005 0.33 0.0121105
0.005 0.336 0.0131493
0.005 0.342 0.0019866
0.005 0.348 0.0174612
0.005 0.354 0.0178417
0.005 0.36 0.00987084
0.005 0.366 0.0176586
0.005 0.372 0.0096364
0.005 0.378 0.01525
0.005 0.384 0.0112008
0.005 0.39 0.0217983
0.005 0.396 0.00365262
0.005 0.402 0.0179194
0.005 0.408 0.00489386
0.005 0.414 0.0181177
0.005 0.42 0.00608901
0.005 0.426 0.0260915
0.005 0.432 0.0210983
0.005 0.438 0.0233279
0.005 0.444 0.0122555
0.005 0.45 0.00902972
0.005 0.456 0.0105072
0.005 0.462 0.00814677
0.005 0.468 0.0137
0.005 0.474 0.00193444
0.005 0.48 0.0111217
0.005 0.486 0.00257051
0.005 0.492 0.0403952
0.005 0.498 0.0457561
0.005 0.504 0.0376627
0.005 0.51 0.0252919
0.005 0.516 0.0382445
0.005 0.522 0.0164956
0.005 0.528 0.0533266
0.005 0.534 0.00268303
0.005 0.54 0.00834752
0.005 0.546 0.0185437
0.005 0.552 0.0542322
0.005 0.558 0.0367542
0.005 0.564 0.0132115
0.005 0.57 0.00775109
0.005 0.576 0.0207442
0.005 0.582 0.011783
0.005 0.588 0.00113808
0.005 0.594 0.00392573
0.005 0.6 0.00359504
0.01 0 0.0472776
0.01 0.006 0.0397871
0.01 0.012 0.0178268
0.01 0.018 0.0284707
0.01 0.024 0.0226203
0.01 0.03 0.00154805
0.01 0.036 0.0142423
0.01 0.042 0.0035289
0.01 0.048 0.00718707
0.01 0.054 0.0289297
0.01 0.06 0.0284896
0.01 0.066 0.0264707
0.01 0.072 0.0314068
0.01 0.078 0.0601063
0.01 0.084 0.0322011
0.01 0.09 0.0133064
0.01 0.096 0.0108384
0.01 0.102 0.0134877
0.01 0.108 0.0393842
0.01 0.114 0.0134019
0.01 0.12 0.0202749
0.01 0.126 0.0165757
0.01 0.132 0.0153319
0.01 0.138 0.004982
0.01 0.144 0.00255138
0.01 0.15 0.0363645
0.01 0.156 0.00312209
0.01 0.162 0.013128
0.01 0.168 0.00453142
0.01 0.174 0.00912753
0.01 0.18 0.018181
0.01 0.186 0.0213877
0.01 0.192 0.0132125
0.01 0.198 0.0068087
0.01 0.204 0.00149103
0.01 0.21 0.0262264
0.01 0.216 0.0152494
0.01 0.222 0.0169227
0.01 0.228 0.00500314
0.01 0.234 0.0201547
0.01 0.24 0.0191486
0.01 0.246 0.000258049
0.01 0.252 0.0161597
0.01 0.258 0.0021843
0.01 0.264 0.0149239
0.01 0.27 0.00703457
0.01 0.276 0.000886845
0.01 0.282 0.00853355
0.01 0.288 0.0071234
0.01 0.294 0.0120546
0.01 0.3 0.0142423
0.01 0.306 0.00595792
0.01 0.312 0.0103973
0.01 0.318 0.0173656
0.01 0.324 0.0160955
0.01 0.33 0.013145
0.01 0.336 0.00978748
0.01 0.342 0.00819219
0.01 0.348 0.0192607
0.01 0.354 0.0233374
0.01 0.36 0.0062592
0.01 0.366 0.0194123
0.01 0.372 0.0123446
0.01 0.378 0.0146442
0.01 0.384 0.0150372
0.01 0.39 0.0242118
0.01 0.396 0.00483771
0.01 0.402 0.0182183
0.01 0.408 0.00643759
0.01 0.414 0.0192138
0.01 0.42 0.00545114
0.01 0.426 0.024854
0.01 0.432 0.0231119
0.01 0.438 0.0256277
0.01 0.444 0.0160541
0.01 0.45 0.00913069
0.01 0.456 0.0142036
0.01 0.462 0.00857084
0.01 0.468 0.0124529
0.01 0.474 0.000811659
0.01 0.48 0.0118748
0.01 0.486 0.00147992
0.01 0.492 0.0431013
0.01 0.498 0.0507513
0.01 0.504 0.0380235
0.01 0.51 0.026418
0.01 0.516 0.0385638
0.01 0.522 0.0148445
0.01 0.528 0.0623331
0.01 0.534 0.00395819
0.01 0.54 0.00372128
0.01 0.546 0.0197989
0.01 0.552 0.055073
0.01 0.558 0.0410294
0.01 0.564 0.0154346
0.01 0.57 0.0115175
0.01 0.576 0.0204029
0.01 0.582 0.0124421
0.01 0.588 0.000327434
0.01 0.594 0.00170379
0.01 0.6 0.00285607
0.015 0 0.0838666
0.015 0.006 0.0708738
0.015 0.012 0.0380619
0.015 0.018 0.0392117
0.015 0.024 0.0271626
0.015 0.03 0.0085564
0.015 0.036 0.0172072
0.015 0.042 0.00523204
0.015 0.048 0.00480373
0.015 0.054 0.0213604
0.015 0.06 0.0187886
0.015 0.066 0.0153615
0.015 0.072 0.017035
0.015 0.078 0.0447964
0.015 0.084 0.0259267
0.015 0.09 0.0126633
0.015 0.096 0.00824033
0.015 0.102 0.013766
0.015 0.108 0.025643
0.015 0.114 0.0125584
0.015 0.12 0.0136425
0.015 0.126 0.0112795
0.015 0.132 0.0155614
0.015 0.138 0.00595202
0.015 0.144 0.00148099
0.015 0.15 0.0283126
0.015 0.156 0.00385685
0.015 0.162 0.00528981
0.015 0.168 0.00850128
0.015 0.174 0.000521161
0.015 0.18 0.0150968
0.015 0.186 0.020515
0.015 0.192 0.00743985
0.015 0.198 0.00437834
0.015 0.204 0.008454
0.015 0.21 0.0234365
0.015 0.216 0.00638971
0.015 0.222 0.0172613
0.015 0.228 0.0103748
0.015 0.234 0.0102606
0.015 0.24 0.0205661
0.015 0.246 0.00086763
0.015 0.252 0.0152986
0.015 0.258 0.00701028
0.015 0.264 0.0111741
0.015 0.27 0.00412347
0.015 0.276 0.00344905
0.015 0.282 0.0109019
0.015 0.288 0.000191628
0.015 0.294 0.0126748
0.015 0.3 0.0134603
0.015 0.306 0.00794401
0.015 0.312 0.00940515
0.015 0.318 0.01379
0.015 0.324 0.0152449
0.015 0.33 0.0130806
0.015 0.336 0.00362529
0.015 0.342 0.014793
0.015 0.348 0.0191245
0.015 0.354 0.0262197
0.015 0.36 0.00058565
0.015 0.366 0.0199192
0.015 0.372 0.01304
0.015 0.378 0.0112835
0.015 0.384 0.0186826
0.015 0.39 0.0244891
0.015 0.396 0.00633841
0.015 0.402 0.0150459
0.015 0.408 0.00788287
0.015 0.414 0.0182041
0.015 0.42 0.00339703
0.015 0.426 0.0220427
0.015 0.432 0.0217067
0.015 0.438 0.0242884
0.015 0.444 0.0189447
0.015 0.45 0.00621645
0.015 0.456 0.0173391
0.015 0.462 0.00839277
0.015 0.468 0.00944427
0.015 0.474 0.00110535
0.015 0.48 0.010827
0.015 0.486 0.000196361
0.015 0.492 0.0419906
0.015 0.498 0.0507994
0.015 0.504 0.0351448
0.015 0.51 0.0257018
0.015 0.516 0.033817
0.015 0.522 0.0134117
0.015 0.528 0.066367
0.015 0.534 0.00390864
0.015 0.54 0.00409564
0.015 0.546 0.0216505
0.015 0.552 0.0524718
0.015 0.558 0.0407965
0.015 0.564 0.0168899
0.015 0.57 0.0145892
0.015 0.576 0.0188092
0.015 0.582 0.0118809
0.015 0.588 0.00272571
0.015 0.594 0.00157865
0.015 0.6 0.00139692
0.02 0 0.127078
0.02 0.006 0.107753
0.02 0.012 0.0623598
0.02 0.018 0.0518511
0.02 0.024 0.0326108
0.02 0.03 0.0202491
0.02 0.036 0.0204823
0.02 0.042 0.00791644
0.02 0.048 0.00147963
0.02 0.054 0.0115909
0.02 0.06 0.00674744
0.02 0.066 0.00162523
0.02 0.072 0.000838919
0.02 0.078 0.0271007
0.02 0.084 0.0178525
0.02 0.09 0.0114209
0.02 0.096 0.0053542
0.02 0.102 0.0118894
0.02 0.108 0.00939564
0.02 0.114 0.0106741
0.02 0.12 0.00650617
0.02 0.126 0.00648657
0.02 0.132 0.0156872
0.02 0.138 0.00733085
0.02 0.144 0.000421444
0.02 0.15 0.0176235
0.02 0.156 0.00136342
0.02 0.162 0.00233519
0.02 0.168 0.0174799
0.02 0.174 0.00688118
0.02 0.18 0.0100267
0.02 0.186 0.0145053
0.02 0.192 0.00312548
0.02 0.198 0.00803294
0.02 0.204 0.00975847
0.02 0.21 0.0196567
0.02 0.216 0.00152166
0.02 0.222 0.0166273
0.02 0.228 0.015688
0.02 0.234 0.00269913
0.02 0.24 0.0204873
0.02 0.246 0.00189138
0.02 0.252 0.0171022
0.02 0.258 0.0118825
0.02 0.264 0.00594392
0.02 0.27 0.00387482
0.02 0.276 0.00239141
0.02 0.282 0.0158296
0.02 0.288 0.00470684
0.02 0.294 0.0117721
0.02 0.3 0.0114816
0.02 0.306 0.00791205
0.02 0.312 0.00981363
0.02 0.318 0.00997245
0.02 0.324 0.0143697
0.02 0.33 0.0127587
0.02 0.336 0.00149901
0.02 0.342 0.0197941
0.02 0.348 0.0186357
0.02 0.354 0.0258792
0.02 0.36 0.00770769
0.02 0.366 0.0196406
0.02 0.372 0.0117614
0.02 0.378 0.00743843
0.02 0.384 0.0219327
0.02 0.39 0.0249522
0.02 0.396 0.00796615
0.02 0.402 0.0112559
0.02 0.408 0.00865763
0.02 0.414 0.0165809
0.02 0.42 0.000849254
0.02 0.426 0.0218748
0.02 0.432 0.0175147
0.02 0.438 0.020733
0.02 0.444 0.0206629
0.02 0.45 0.000875989
0.02 0.456 0.0196221
0.02 0.462 0.00875642
0.02 0.468 0.00703587
0.02 0.474 0.00280936
0.02 0.48 0.00924785
0.02 0.486 0.0024359
0.02 0.492 0.0418822
0.02 0.498 0.0492264
0.02 0.504 0.0345249
0.02 0.51 0.0264416
0.02 0.516 0.0296287
0.02 0.522 0.0157242
0.02 0.528 0.0680955
0.02 0.534 0.00207699
0.02 0.54 0.0110724
0.02 0.546 0.0275694
0.02 0.552 0.0541024
0.02 0.558 0.0388266
0.02 0.564 0.0181297
0.02 0.57 0.0159867
0.02 0.576 0.0195986
0.02 0.582 0.011865
0.02 0.588 0.00523352
0.02 0.594 0.00386945
0.02 0.6 0.000103077
0.025 0 0.175637
0.025 0.006 0.149388
0.025 0.012 0.0900487
0.025 0.018 0.0663426
0.025 0.024 0.0393067
0.025 0.03 0.0323798
0.025 0.036 0.0241705
0.025 0.042 0.0120545
0.025 0.048 0.0028724
0.025 0.054 0.000539239
0.025 0.06 0.00613772
0.025 0.066 0.0127881
0.025 0.072 0.0142007
0.025 0.078 0.00993247
0.025 0.084 0.00926503
0.025 0.09 0.0098207
0.025 0.096 0.00272045
0.025 0.102 0.00855531
0.025 0.108 0.00533461
0.025 0.114 0.00824055
0.025 0.12 0.000596333
0.025 0.126 0.00336341
0.025 0.132 0.0150706
0.025 0.138 0.00931591
0.025 0.144 0.000649162
0.025 0.15 0.00552027
0.025 0.156 0.00454727
0.025 0.162 0.00715165
0.025 0.168 0.0191627
0.025 0.174 0.0100063
0.025 0.18 0.004686
0.025 0.186 0.00696008
0.025 0.192 0.000621995
0.025 0.198 0.0139723
0.025 0.204 0.00543732
0.025 0.21 0.0171805
0.025 0.216 0.00448434
0.025 0.222 0.0151949
0.025 0.228 0.0191897
0.025 0.234 6.08355e-05
0.025 0.24 0.0190293
0.025 0.246 0.0025121
0.025 0.252 0.0189565
0.025 0.258 0.0160126
0.025 0.264 0.00109154
0.025 0.27 0.00650645
0.025 0.276 2.80638e-05
0.025 0.282 0.0210605
0.025 0.288 0.00496177
0.025 0.294 0.00937753
0.025 0.3 0.00817809
0.025 0.306 0.00623809
0.025 0.312 0.0106857
0.025 0.318 0.00584471
0.025 0.324 0.0118959
0.025 0.33 0.0114567
0.025 0.336 0.00389392
0.025 0.342 0.023581
0.025 0.348 0.0180198
0.025 0.354 0.02296
0.025 0.36 0.0130268
0.025 0.366 0.0169963
0.025 0.372 0.0102282
0.025 0.378 0.00442029
0.025 0.384 0.0236754
0.025 0.39 0.0263783
0.025 0.396 0.00907995
0.025 0.402 0.00905052
0.025 0.408 0.00795197
0.025 0.414 0.0139357
0.025 0.42 0.00137389
0.025 0.426 0.0234814
0.025 0.432 0.0108302
0.025 0.438 0.0156541
0.025 0.444 0.0212007
0.025 0.45 0.00515531
0.025 0.456 0.0207103
0.025 0.462 0.0097753
0.025 0.468 0.00523056
0.025 0.474 0.00341065
0.025 0.48 0.0078239
0.025 0.486 0.00591741
0.025 0.492 0.0432871
0.025 0.498 0.0466674
0.025 0.504 0.0362065
0.025 0.51 0.0286868
0.025 0.516 0.0279499
0.025 0.522 0.0205736
0.025 0.528 0.067348
0.025 0.534 0.000513104
0.025 0.54 0.0145001
0.025 0.546 0.0360553
0.025 0.552 0.0582826
0.025 0.558 0.0358327
0.025 0.564 0.0192695
0.025 0.57 0.0154634
0.025 0.576 0.0222617
0.025 0.582 0.0129556
0.025 0.588 0.00705975
0.025 0.594 0.00425459
0.025 0.6 0.00127962
0.03 0 0.227357
0.03 0.006 0.194
0.03 0.012 0.119978
0.03 0.018 0.0822614
0.03 0.024 0.0471798
0.03 0.03 0.0438759
0.03 0.036 0.0282072
0.03 0.042 0.0177854
0.03 0.048 0.00818485
0.03 0.054 0.0108632
0.03 0.06 0.0184819
0.03 0.066 0.0259887
0.03 0.072 0.0259709
0.03 0.078 0.00494723
0.03 0.084 0.00159617
0.03 0.09 0.00825007
0.03 0.096 0.000647988
0.03 0.102 0.00549635
0.03 0.108 0.0149812
0.03 0.114 0.00616056
0.03 0.12 0.00287637
0.03 0.126 0.00196416
0.03 0.132 0.0128713
0.03 0.138 0.0115352
0.03 0.144 0.00204237
0.03 0.15 0.00524635
0.03 0.156 0.0114468
0.03 0.162 0.00761681
0.03 0.168 0.0142016
0.03 0.174 0.00813359
0.03 0.18 0.0014891
0.03 0.186 0.00249997
0.03 0.192 0.00073509
0.03 0.198 0.0163223
0.03 0.204 0.000994091
0.03 0.21 0.0171383
0.03 0.216 0.00106128
0.03 0.222 0.0139668
0.03 0.228 0.0195695
0.03 0.234 0.002262
0.03 0.24 0.0173762
0.03 0.246 0.00207198
0.03 0.252 0.0180585
0.03 0.258 0.0175819
0.03 0.264 0.00158444
0.03 0.27 0.0105454
0.03 0.276 0.000431879
0.03 0.282 0.0234304
0.03 0.288 0.0022188
0.03 0.294 0.00697499
0.03 0.3 0.00422367
0.03 0.306 0.00405742
0.03 0.312 0.0101523
0.03 0.318 0.00135279
0.03 0.324 0.00689433
0.03 0.33 0.00842074
0.03 0.336 0.00374654
0.03 0.342 0.0269133
0.03 0.348 0.017131
0.03 0.354 0.0192508
0.03 0.36 0.0154542
0.03 0.366 0.0121575
0.03 0.372 0.0106524
0.03 0.378 0.00327247
0.03 0.384 0.0229457
0.03 0.39 0.0285849
0.03 0.396 0.00935072
0.03 0.402 0.00888841
0.03 0.408 0.00623228
0.03 0.414 0.0100379
0.03 0.42 0.00237385
0.03 0.426 0.0253019
0.03 0.432 0.00397014
0.03 0.438 0.0103975
0.03 0.444 0.0213628
0.03 0.45 0.00934802
0.03 0.456 0.0205438
0.03 0.462 0.0113282
0.03 0.468 0.00350914
0.03 0.474 0.00285628
0.03 0.48 0.00650219
0.03 0.486 0.0103201
0.03 0.492 0.0453579
0.03 0.498 0.0448263
0.03 0.504 0.038381
0.03 0.51 0.031405
0.03 0.516 0.0293732
0.03 0.522 0.0251437
0.03 0.528 0.0648092
0.03 0.534 0.00234943
0.03 0.54 0.0138408
0.03 0.546 0.0427743
0.03 0.552 0.0607054
0.03 0.558 0.0327448
0.03 0.564 0.0211536
0.03 0.57 0.0136313
0.03 0.576 0.0243462
0.03 0.582 0.0148558
0.03 0.588 0.00755042
0.03 0.594 0.00332459
0.03 0.6 0.00179397
0.035 0 0.278154
0.035 0.006 0.238246
0.035 0.012 0.149955
0.035 0.018 0.0984507
0.035 0.024 0.0555903
0.035 0.03 0.0536144
0.035 0.036 0.0321647
0.035 0.042 0.0247338
0.035 0.048 0.0140909
0.035 0.054 0.0216274
0.035 0.06 0.0290358
0.035 0.066 0.0363002
0.035 0.072 0.0334228
0.035 0.078 0.0168099
0.035 0.084 0.00371407
0.035 0.09 0.00707385
0.035 0.096 0.000700878
0.035 0.102 0.00440438
0.035 0.108 0.0177739
0.035 0.114 0.00534276
0.035 0.12 0.00339006
0.035 0.126 0.00161732
0.035 0.132 0.00927864
0.035 0.138 0.0132703
0.035 0.144 0.00398303
0.035 0.15 0.0117993
0.035 0.156 0.0154222
0.035 0.162 0.00408174
0.035 0.168 0.00592465
0.035 0.174 0.00341099
0.035 0.18 0.00196114
0.035 0.186 0.00210805
0.035 0.192 0.00120933
0.035 0.198 0.0129713
0.035 0.204 0.00608013
0.035 0.21 0.0183766
0.035 0.216 0.00619402
0.035 0.222 0.0140499
0.035 0.228 0.016336
0.035 0.234 0.00790553
0.035 0.24 0.016263
0.035 0.246 0.000743853
0.035 0.252 0.0143947
0.035 0.258 0.0148516
0.035 0.264 0.00195652
0.035 0.27 0.0142549
0.035 0.276 0.00151663
0.035 0.282 0.0216699
0.035 0.288 0.000587249
0.035 0.294 0.00649835
0.035 0.3 0.000910314
0.035 0.306 0.0020657
0.035 0.312 0.00746581
0.035 0.318 0.00268334
0.035 0.324 0.0006582
0.035 0.33 0.00375463
0.035 0.336 0.00273437
0.035 0.342 0.029587
0.035 0.348 0.0155556
0.035 0.354 0.0160567
0.035 0.36 0.0154608
0.035 0.366 0.00762901
0.035 0.372 0.0132023
0.035 0.378 0.0041269
0.035 0.384 0.0201308
0.035 0.39 0.0298909
0.035 0.396 0.00863353
0.035 0.402 0.00877959
0.035 0.408 0.00539531
0.035 0.414 0.00548548
0.035 0.42 0.00188836
0.035 0.426 0.0269694
0.035 0.432 9.31473e-06
0.035 0.438 0.00625905
0.035 0.444 0.0217734
0.035 0.45 0.0102839
0.035 0.456 0.0189676
0.035 0.462 0.0132537
0.035 0.468 0.00205988
0.035 0.474 0.002406
0.035 0.48 0.00451204
0.035 0.486 0.0140477
0.035 0.492 0.0467301
0.035 0.498 0.045041
0.035 0.504 0.0389093
0.035 0.51 0.0328574
0.035 0.516 0.0334626
0.035 0.522 0.0269315
0.035 0.528 0.0612084
0.035 0.534 0.00273601
0.035 0.54 0.0105746
0.035 0.546 0.0442898
0.035 0.552 0.0586949
0.035 0.558 0.0302983
0.035 0.564 0.0236616
0.035 0.57 0.0115364
0.035 0.576 0.0237852
0.035 0.582 0.0165903
0.035 0.588 0.00635833
0.035 0.594 0.00265309
0.035 0.6 0.00160182
0.04 0 0.323996
0.04 0.006 0.278841
0.04 0.012 0.177728
0.04 0.018 0.113693
0.04 0.024 0.0638222
0.04 0.03 0.0607162
0.04 0.036 0.0355222
0.04 0.042 0.0321787
0.04 0.048 0.0200385
0.04 0.054 0.0308325
0.04 0.06 0.0368565
0.04 0.066 0.0424843
0.04 0.072 0.0364703
0.04 0.078 0.0254816
0.04 0.084 0.00551804
0.04 0.09 0.00643037
0.04 0.096 0.00112082
0.04 0.102 0.00597671
0.04 0.108 0.0141693
0.04 0.114 0.00635644
0.04 0.12 0.00112476
0.04 0.126 0.00159659
0.04 0.132 0.00601389
0.04 0.138 0.0141593
0.04 0.144 0.00616272
0.04 0.15 0.0133336
0.04 0.156 0.0133744
0.04 0.162 0.00135456
0.04 0.168 0.00211616
0.04 0.174 0.000708563
0.04 0.18 0.00562986
0.04 0.186 0.00292781
0.04 0.192 0.000374189
0.04 0.198 0.00660659
0.04 0.204 0.00899944
0.04 0.21 0.0191803
0.04 0.216 0.0123311
0.04 0.222 0.0156974
0.04 0.228 0.00997113
0.04 0.234 0.0137365
0.04 0.24 0.0149934
0.04 0.246 0.000876871
0.04 0.252 0.0100378
0.04 0.258 0.00820813
0.04 0.264 0.00196645
0.04 0.27 0.0166637
0.04 0.276 0.00362741
0.04 0.282 0.0175854
0.04 0.288 0.000813504
0.04 0.294 0.00831357
0.04 0.3 0.000327376
0.04 0.306 0.000429577
0.04 0.312 0.00395146
0.04 0.318 0.00492958
0.04 0.324 0.00408006
0.04 0.33 0.00116926
0.04 0.336 0.00275738
0.04 0.342 0.0307437
0.04 0.348 0.0131802
0.04 0.354 0.0139544
0.04 0.36 0.0143849
0.04 0.366 0.00612265
0.04 0.372 0.0155731
0.04 0.378 0.00624354
0.04 0.384 0.0174661
0.04 0.39 0.0282561
0.04 0.396 0.00667419
0.04 0.402 0.00680981
0.04 0.408 0.0072594
0.04 0.414 0.00159785
0.04 0.42 0.000485729
0.04 0.426 0.028856
0.04 0.432 0.000530361
0.04 0.438 0.0042768
0.04 0.444 0.0223248
0.04 0.45 0.00872421
0.04 0.456 0.0159125
0.04 0.462 0.015381
0.04 0.468 0.00200291
0.04 0.474 0.0036804
0.04 0.48 0.00165521
0.04 0.486 0.0155755
0.04 0.492 0.046714
0.04 0.498 0.046661
0.04 0.504 0.0366644
0.04 0.51 0.0315243
0.04 0.516 0.0391213
0.04 0.522 0.0247872
0.04 0.528 0.0568498
0.04 0.534 0.00206166
0.04 0.54 0.0066446
0.04 0.546 0.0409976
0.04 0.552 0.053482
0.04 0.558 0.0289645
0.04 0.564 0.0247748
0.04 0.57 0.0103531
0.04 0.576 0.0208451
0.04 0.582 0.0172766
0.04 0.588 0.00362207
0.04 0.594 0.00331909
0.04 0.6 0.000951822
0.045 0 0.362244
0.045 0.006 0.313657
0.045 0.012 0.201763
0.045 0.018 0.127158
0.045 0.024 0.0713195
0.045 0.03 0.0648718
0.045 0.036 0.0379425
0.045 0.042 0.0392703
0.045 0.048 0.0254953
0.045 0.054 0.0379123
0.045 0.06 0.0417086
0.045 0.066 0.0441879
0.045 0.072 0.0359422
0.045 0.078 0.0312248
0.045 0.084 0.00348062
0.045 0.09 0.00609182
0.045 0.096 0.000325158
0.045 0.102 0.00944836
0.045 0.108 0.00645641
0.045 0.114 0.00919405
0.045 0.12 0.00298341
0.045 0.126 0.00143232
0.045 0.132 0.00495593
0.045 0.138 0.014297
0.045 0.144 0.00770356
0.045 0.15 0.0111189
0.045 0.156 0.00496627
0.045 0.162 0.00607952
0.045 0.168 0.00775516
0.045 0.174 0.00183541
0.045 0.18 0.0103292
0.045 0.186 0.00238983
0.045 0.192 0.00185653
0.045 0.198 0.000599308
0.045 0.204 0.0111331
0.045 0.21 0.0196663
0.045 0.216 0.0132918
0.045 0.222 0.0182392
0.045 0.228 0.00202635
0.045 0.234 0.016647
0.045 0.24 0.012443
0.045 0.246 0.00261818
0.045 0.252 0.00621929
0.045 0.258 0.000154279
0.045 0.264 0.00407852
0.045 0.27 0.0174045
0.045 0.276 0.00388391
0.045 0.282 0.0144525
0.045 0.288 0.00232036
0.045 0.294 0.010264
0.045 0.3 0.00167325
0.045 0.306 0.000580996
0.045 0.312 0.00155733
0.045 0.318 0.0049037
0.045 0.324 0.00548784
0.045 0.33 0.00436051
0.045 0.336 0.0051537
0.045 0.342 0.029645
0.045 0.348 0.010453
0.045 0.354 0.0133547
0.045 0.36 0.0131576
0.045 0.366 0.00813693
0.045 0.372 0.015266
0.045 0.378 0.00862156
0.045 0.384 0.0172786
0.045 0.39 0.0232421
0.045 0.396 0.00344184
0.045 0.402 0.0037464
0.045 0.408 0.0116952
0.045 0.414 0.000591893
0.045 0.42 0.00110767
0.045 0.426 0.0304812
0.045 0.432 0.00447679
0.045 0.438 0.0051696
0.045 0.444 0.0226476
0.045 0.45 0.00697692
0.045 0.456 0.0118174
0.045 0.462 0.0173701
0.045 0.468 0.00400629
0.045 0.474 0.006825
0.045 0.48 0.000922081
0.045 0.486 0.0147454
0.045 0.492 0.045426
0.045 0.498 0.0473788
0.045 0.504 0.0319631
0.045 0.51 0.0272177
0.045 0.516 0.0442404
0.045 0.522 0.0195667
0.045 0.528 0.0517131
0.045 0.534 0.00125696
0.045 0.54 0.00353358
0.045 0.546 0.0358376
0.045 0.552 0.0485612
0.045 0.558 0.0285762
0.045 0.564 0.0226144
0.045 0.57 0.0108087
0.045 0.576 0.0175936
0.045 0.582 0.016508
0.045 0.588 0.000148408
0.045 0.594 0.00496966
0.045 0.6 7.53262e-05
0.05 0 0.391674
0.05 0.006 0.341716
0.05 0.012 0.221321
0.05 0.018 0.138472
0.05 0.024 0.0777176
0.05 0.03 0.066359
0.05 0.036 0.0394331
0.05 0.042 0.0452243
0.05 0.048 0.03004
0.05 0.054 0.042664
0.05 0.06 0.0440859
0.05 0.066 0.0419921
0.05 0.072 0.0331636
0.05 0.078 0.0343797
0.05 0.084 0.00181801
0.05 0.09 0.00565249
0.05 0.096 0.00191996
0.05 0.102 0.0130671
0.05 0.108 0.00247871
0.05 0.114 0.01324
0.05 0.12 0.0075338
0.05 0.126 0.0010337
0.05 0.132 0.00650601
0.05 0.138 0.0136526
0.05 0.144 0.00772526
0.05 0.15 0.00661688
0.05 0.156 0.00673913
0.05 0.162 0.00860242
0.05 0.168 0.0104623
0.05 0.174 0.000167603
0.05 0.18 0.0138709
0.05 0.186 0.00140385
0.05 0.192 0.00453663
0.05 0.198 0.00473603
0.05 0.204 0.0140402
0.05 0.21 0.0217229
0.05 0.216 0.00841811
0.05 0.222 0.0207854
0.05 0.228 0.0050851
0.05 0.234 0.0153553
0.05 0.24 0.00867675
0.05 0.246 0.00461084
0.05 0.252 0.00238895
0.05 0.258 0.00646467
0.05 0.264 0.00866491
0.05 0.27 0.0163151
0.05 0.276 0.00254808
0.05 0.282 0.014141
0.05 0.288 0.00732745
0.05 0.294 0.00937426
0.05 0.3 0.00707523
0.05 0.306 0.00070405
0.05 0.312 0.000701122
0.05 0.318 0.00349319
0.05 0.324 0.00392085
0.05 0.33 0.00448462
0.05 0.336 0.0102998
0.05 0.342 0.0262341
0.05 0.348 0.00815921
0.05 0.354 0.0144603
0.05 0.36 0.011723
0.05 0.366 0.0118837
0.05 0.372 0.0121163
0.05 0.378 0.0105421
0.05 0.384 0.0195953
0.05 0.39 0.0169267
0.05 0.396 0.000350743
0.05 0.402 0.00236034
0.05 0.408 0.0164491
0.05 0.414 0.00112045
0.05 0.42 0.00261487
0.05 0.426 0.0304831
0.05 0.432 0.00907485
0.05 0.438 0.0088031
0.05 0.444 0.0228077
0.05 0.45 0.00702033
0.05 0.456 0.00769884
0.05 0.462 0.0188365
0.05 0.468 0.00706296
0.05 0.474 0.00984057
0.05 0.48 0.00177242
0.05 0.486 0.0125295
0.05 0.492 0.0433736
0.05 0.498 0.0456768
0.05 0.504 0.0266037
0.05 0.51 0.0212365
0.05 0.516 0.0465283
0.05 0.522 0.0140884
0.05 0.528 0.0462582
0.05 0.534 0.00131525
0.05 0.54 0.00188496
0.05 0.546 0.0312569
0.05 0.552 0.046674
0.05 0.558 0.0283668
0.05 0.564 0.0180718
0.05 0.57 0.0125388
0.05 0.576 0.0158102
0.05 0.582 0.0143094
0.05 0.588 0.00282086
0.05 0.594 0.00617006
0.05 0.6 0.00164221
0.055 0 0.412838
0.055 0.006 0.3635
0.055 0.012 0.236695
0.055 0.018 0.147827
0.055 0.024 0.0829875
0.055 0.03 0.0659785
0.055 0.036 0.0403841
0.055 0.042 0.049554
0.055 0.048 0.0334426
0.055 0.054 0.0452544
0.055 0.06 0.0450098
0.055 0.066 0.0371603
0.055 0.072 0.0295374
0.055 0.078 0.0352799
0.055 0.084 0.00909438
0.055 0.09 0.00487099
0.055 0.096 0.00549425
0.055 0.102 0.0153387
0.055 0.108 0.0102006
0.055 0.114 0.0174005
0.055 0.12 0.0111408
0.055 0.126 0.000671647
0.055 0.132 0.00958199
0.055 0.138 0.0117796
0.055 0.144 0.00621213
0.055 0.15 0.000885422
0.055 0.156 0.0165371
0.055 0.162 0.00901119
0.055 0.168 0.0107354
0.055 0.174 0.00205491
0.055 0.18 0.0155468
0.055 0.186 0.00269605
0.055 0.192 0.00616208
0.055 0.198 0.0115022
0.055 0.204 0.0179407
0.055 0.21 0.0261436
0.055 0.216 0.000388251
0.055 0.222 0.0226032
0.055 0.228 0.00886776
0.055 0.234 0.0109737
0.055 0.24 0.00488476
0.055 0.246 0.00633827
0.055 0.252 0.00190446
0.055 0.258 0.00956649
0.055 0.264 0.0130287
0.055 0.27 0.0136384
0.055 0.276 0.00123812
0.055 0.282 0.0155268
0.055 0.288 0.0115718
0.055 0.294 0.00467956
0.055 0.3 0.0141685
0.055 0.306 0.000374649
0.055 0.312 4.2705e-05
0.055 0.318 0.00197809
0.055 0.324 0.00125665
0.055 0.33 0.00186829
0.055 0.336 0.017188
0.055 0.342 0.021651
0.055 0.348 0.00690359
0.055 0.354 0.0164249
0.055 0.36 0.00973626
0.055 0.366 0.0151636
0.055 0.372 0.00833856
0.055 0.378 0.0114773
0.055 0.384 0.0220075
0.055 0.39 0.0125935
0.055 0.396 0.00354761
0.055 0.402 0.00413285
0.055 0.408 0.0190045
0.055 0.414 0.000980617
0.055 0.42 0.00394256
0.055 0.426 0.0280047
0.055 0.432 0.0117022
0.055 0.438 0.0133494
0.055 0.444 0.0231763
0.055 0.45 0.00893251
0.055 0.456 0.00463653
0.055 0.462 0.0196894
0.055 0.468 0.00902387
0.055 0.474 0.0102363
0.055 0.48 0.000923364
0.055 0.486 0.00995829
0.055 0.492 0.0410547
0.055 0.498 0.0423202
0.055 0.504 0.0231485
0.055 0.51 0.0151071
0.055 0.516 0.04543
0.055 0.522 0.0113121
0.055 0.528 0.0416904
0.055 0.534 0.00290272
0.055 0.54 0.00113845
0.055 0.546 0.028339
0.055 0.552 0.0478603
0.055 0.558 0.0277101
0.055 0.564 0.0143111
0.055 0.57 0.0142265
0.055 0.576 0.0156024
0.055 0.582 0.0111222
0.055 0.588 0.00434509
0.055 0.594 0.00561784
0.055 0.6 0.00347234
0.06 0 0.428017
0.06 0.006 0.380913
0.06 0.012 0.249168
0.06 0.018 0.155921
0.06 0.024 0.0875128
0.06 0.03 0.0648091
0.06 0.036 0.0414059
0.06 0.042 0.0521872
0.06 0.048 0.0356856
0.06 0.054 0.0461359
0.06 0.06 0.0456478
0.06 0.066 0.0311777
0.06 0.072 0.0261665
0.06 0.078 0.034326
0.06 0.084 0.0167926
0.06 0.09 0.00388105
0.06 0.096 0.00976661
0.06 0.102 0.0160591
0.06 0.108 0.015235
0.06 0.114 0.0204576
0.06 0.12 0.0128842
0.06 0.126 0.000875052
0.06 0.132 0.012909
0.06 0.138 0.00838845
0.06 0.144 0.00444118
0.06 0.15 0.00479902
0.06 0.156 0.0201541
0.06 0.162 0.00800266
0.06 0.168 0.00961995
0.06 0.174 0.00271799
0.06 0.18 0.0161305
0.06 0.186 0.00656858
0.06 0.192 0.00577208
0.06 0.198 0.0204471
0.06 0.204 0.0216701
0.06 0.21 0.030552
0.06 0.216 0.00677319
0.06 0.222 0.0230631
0.06 0.228 0.0077918
0.06 0.234 0.00593774
0.06 0.24 0.00208509
0.06 0.246 0.00651967
0.06 0.252 0.00512389
0.06 0.258 0.00811009
0.06 0.264 0.0136321
0.06 0.27 0.0104866
0.06 0.276 0.000725791
0.06 0.282 0.0156609
0.06 0.288 0.0131016
0.06 0.294 0.0018423
0.06 0.3 0.0198876
0.06 0.306 0.000384572
0.06 0.312 0.00201451
0.06 0.318 0.000640048
0.06 0.324 0.000675434
0.06 0.33 0.00161966
0.06 0.336 0.0233619
0.06 0.342 0.0178827
0.06 0.348 0.00676557
0.06 0.354 0.0171919
0.06 0.36 0.0074317
0.06 0.366 0.0171616
0.06 0.372 0.00624497
0.06 0.378 0.010937
0.06 0.384 0.0220572
0.06 0.39 0.0123382
0.06 0.396 0.00543792
0.06 0.402 0.00753083
0.06 0.408 0.0186746
0.06 0.414 0.00131334
0.06 0.42 0.00478366
0.06 0.426 0.0236569
0.06 0.432 0.011483
0.06 0.438 0.0157922
0.06 0.444 0.0238657
0.06 0.45 0.0109322
0.06 0.456 0.00316479
0.06 0.462 0.0201766
0.06 0.468 0.00845969
0.06 0.474 0.00747018
0.06 0.48 3.04581e-05
0.06 0.486 0.00762587
0.06 0.492 0.0388445
0.06 0.498 0.03937
0.06 0.504 0.0234731
0.06 0.51 0.00982383
0.06 0.516 0.0427169
0.06 0.522 0.0121914
0.06 0.528 0.0390939
0.06 0.534 0.00574625
0.06 0.54 0.000175459
0.06 0.546 0.0279242
0.06 0.552 0.0499538
0.06 0.558 0.0268909
0.06 0.564 0.0138798
0.06 0.57 0.0146179
0.06 0.576 0.0159769
0.06 0.582 0.00790596
0.06 0.588 0.00437205
0.06 0.594 0.00320937
0.06 0.6 0.00454672
0.065 0 0.439269
0.065 0.006 0.395673
0.065 0.012 0.25998
0.065 0.018 0.163292
0.065 0.024 0.0917014
0.065 0.03 0.0637136
0.065 0.036 0.042928
0.065 0.042 0.0533034
0.065 0.048 0.0368708
0.065 0.054 0.0458454
0.065 0.06 0.0469354
0.065 0.066 0.0253445
0.065 0.072 0.0236316
0.065 0.078 0.0321428
0.065 0.084 0.0234553
0.065 0.09 0.00308883
0.065 0.096 0.0137654
0.065 0.102 0.0162081
0.065 0.108 0.0170839
0.065 0.114 0.0215352
0.065 0.12 0.0124604
0.065 0.126 0.00211484
0.065 0.132 0.0156878
0.065 0.138 0.00412998
0.065 0.144 0.00440292
0.065 0.15 0.0092105
0.065 0.156 0.0172575
0.065 0.162 0.00586398
0.065 0.168 0.00840161
0.065 0.174 0.00182185
0.065 0.18 0.0164964
0.065 0.186 0.00953069
0.065 0.192 0.00344793
0.065 0.198 0.0287986
0.065 0.204 0.0235927
0.065 0.21 0.0311291
0.065 0.216 0.00986495
0.065 0.222 0.0218387
0.065 0.228 0.00194651
0.065 0.234 0.00230591
0.065 0.24 0.000467116
0.065 0.246 0.00443349
0.065 0.252 0.00467131
0.065 0.258 0.0028258
0.065 0.264 0.00969321
0.065 0.27 0.00849968
0.065 0.276 0.000283866
0.065 0.282 0.0126266
0.065 0.288 0.0118695
0.065 0.294 0.00711284
0.065 0.3 0.0219808
0.065 0.306 0.000420507
0.065 0.312 0.00477451
0.065 0.318 0.00138752
0.065 0.324 0.0010796
0.065 0.33 0.00376672
0.065 0.336 0.0260864
0.065 0.342 0.0159569
0.065 0.348 0.00731664
0.065 0.354 0.0149829
0.065 0.36 0.005508
0.065 0.366 0.0185726
0.065 0.372 0.00622317
0.065 0.378 0.00880419
0.065 0.384 0.0193888
0.065 0.39 0.015523
0.065 0.396 0.00615329
0.065 0.402 0.00989828
0.065 0.408 0.0169026
0.065 0.414 0.00273692
0.065 0.42 0.00499
0.065 0.426 0.0188691
0.065 0.432 0.00969079
0.065 0.438 0.0142468
0.065 0.444 0.0247162
0.065 0.45 0.0110787
0.065 0.456 0.00312186
0.065 0.462 0.0203822
0.065 0.468 0.0058173
0.065 0.474 0.00358304
0.065 0.48 0.000522118
0.065 0.486 0.00592787
0.065 0.492 0.0368143
0.065 0.498 0.0381714
0.065 0.504 0.0273524
0.065 0.51 0.00657167
0.065 0.516 0.0406232
0.065 0.522 0.0156406
0.065 0.528 0.0381031
0.065 0.534 0.00841165
0.065 0.54 0.00306943
0.065 0.546 0.0305408
0.065 0.552 0.0507317
0.065 0.558 0.0266885
0.065 0.564 0.0168997
0.065 0.57 0.0133132
0.065 0.576 0.016287
0.065 0.582 0.00582231
0.065 0.588 0.00353776
0.065 0.594 0.000208312
0.065 0.6 0.00400495
0.07 0 0.4468
0.07 0.006 0.40796
0.07 0.012 0.269429
0.07 0.018 0.169823
0.07 0.024 0.0956122
0.07 0.03 0.0630078
0.07 0.036 0.0449628
0.07 0.042 0.053105
0.07 0.048 0.0371151
0.07 0.054 0.0448091
0.07 0.06 0.0493205
0.07 0.066 0.0204972
0.07 0.072 0.0219381
0.07 0.078 0.029556
0.07 0.084 0.0279516
0.07 0.09 0.00290375
0.07 0.096 0.0165824
0.07 0.102 0.0170078
0.07 0.108 0.0161235
0.07 0.114 0.0204421
0.07 0.12 0.0101168
0.07 0.126 0.00442113
0.07 0.132 0.0172789
0.07 0.138 0.00060237
0.07 0.144 0.00740411
0.07 0.15 0.0120953
0.07 0.156 0.01153
0.07 0.162 0.00275963
0.07 0.168 0.0080156
0.07 0.174 0.00134074
0.07 0.18 0.0163572
0.07 0.186 0.00775012
0.07 0.192 5.64989e-05
0.07 0.198 0.0323757
0.07 0.204 0.022694
0.07 0.21 0.0266465
0.07 0.216 0.00772252
0.07 0.222 0.0192945
0.07 0.228 0.00694427
0.07 0.234 0.000706305
0.07 0.24 0.000323312
0.07 0.246 0.00107139
0.07 0.252 0.000172836
0.07 0.258 0.00343778
0.07 0.264 0.00425674
0.07 0.27 0.00865157
0.07 0.276 0.000954204
0.07 0.282 0.00742478
0.07 0.288 0.00944566
0.07 0.294 0.00926277
0.07 0.3 0.0205563
0.07 0.306 0.00121554
0.07 0.312 0.00681803
0.07 0.318 0.00486316
0.07 0.324 0.000260976
0.07 0.33 0.00339288
0.07 0.336 0.0242031
0.07 0.342 0.0145451
0.07 0.348 0.00803168
0.07 0.354 0.0102865
0.07 0.36 0.00435378
0.07 0.366 0.020139
0.07 0.372 0.00689049
0.07 0.378 0.00574316
0.07 0.384 0.0156294
0.07 0.39 0.0191504
0.07 0.396 0.00630275
0.07 0.402 0.0103893
0.07 0.408 0.0157206
0.07 0.414 0.0051867
0.07 0.42 0.00511938
0.07 0.426 0.0144845
0.07 0.432 0.00847185
0.07 0.438 0.00984031
0.07 0.444 0.0256881
0.07 0.45 0.0091355
0.07 0.456 0.00400132
0.07 0.462 0.0198285
0.07 0.468 0.00282224
0.07 0.474 0.00146588
0.07 0.48 0.00195754
0.07 0.486 0.00516066
0.07 0.492 0.0347206
0.07 0.498 0.0385031
0.07 0.504 0.0324681
0.07 0.51 0.00705134
0.07 0.516 0.0400387
0.07 0.522 0.0201164
0.07 0.528 0.0368477
0.07 0.534 0.00940408
0.07 0.54 0.00729794
0.07 0.546 0.035042
0.07 0.552 0.0498326
0.07 0.558 0.0272021
0.07 0.564 0.0214922
0.07 0.57 0.0106227
0.07 0.576 0.0168973
0.07 0.582 0.00549792
0.07 0.588 0.00250202
0.07 0.594 0.00164975
0.07 0.6 0.00215533
0.075 0 0.450308
0.075 0.006 0.41753
0.075 0.012 0.277514
0.075 0.018 0.175243
0.075 0.024 0.0991919
0.075 0.03 0.0627023
0.075 0.036 0.0473407
0.075 0.042 0.0518117
0.075 0.048 0.0365837
0.075 0.054 0.0433682
0.075 0.06 0.0527631
0.075 0.066 0.0169373
0.075 0.072 0.0207019
0.075 0.078 0.027415
0.075 0.084 0.0295727
0.075 0.09 0.00351182
0.075 0.096 0.0177273
0.075 0.102 0.0191203
0.075 0.108 0.0134461
0.075 0.114 0.0176847
0.075 0.12 0.00653152
0.075 0.126 0.0072469
0.075 0.132 0.0171874
0.075 0.138 0.000633724
0.075 0.144 0.0128578
0.075 0.15 0.0137475
0.075 0.156 0.00739054
0.075 0.162 0.000349882
0.075 0.168 0.00826096
0.075 0.174 0.00293829
0.075 0.18 0.014318
0.075 0.186 0.00146851
0.075 0.192 0.00375717
0.075 0.198 0.0297383
0.075 0.204 0.0192061
0.075 0.21 0.0201676
0.075 0.216 0.0015552
0.075 0.222 0.0162328
0.075 0.228 0.0159106
0.075 0.234 0.000384713
0.075 0.24 0.000938724
0.075 0.246 0.00147477
0.075 0.252 0.00676337
0.075 0.258 0.00738269
0.075 0.264 0.00134788
0.075 0.27 0.0104119
0.075 0.276 0.00260987
0.075 0.282 0.00312258
0.075 0.288 0.00758802
0.075 0.294 0.0081727
0.075 0.3 0.017287
0.075 0.306 0.00548171
0.075 0.312 0.00775743
0.075 0.318 0.00913358
0.075 0.324 0.000736052
0.075 0.33 0.00086888
0.075 0.336 0.0189868
0.075 0.342 0.011281
0.075 0.348 0.00879922
0.075 0.354 0.00600609
0.075 0.36 0.0038212
0.075 0.366 0.0212294
0.075 0.372 0.00677387
0.075 0.378 0.0029002
0.075 0.384 0.0127798
0.075 0.39 0.0198548
0.075 0.396 0.0064934
0.075 0.402 0.0102681
0.075 0.408 0.0161154
0.075 0.414 0.00808204
0.075 0.42 0.00603584
0.075 0.426 0.0102116
0.075 0.432 0.00869416
0.075 0.438 0.005652
0.075 0.444 0.0266872
0.075 0.45 0.00678446
0.075 0.456 0.00529755
0.075 0.462 0.017919
0.075 0.468 0.000977408
0.075 0.474 0.00269403
0.075 0.48 0.00263143
0.075 0.486 0.0052369
0.075 0.492 0.0324824
0.075 0.498 0.0390616
0.075 0.504 0.0361538
0.075 0.51 0.0118499
0.075 0.516 0.0406773
0.075 0.522 0.0241566
0.075 0.528 0.0336743
0.075 0.534 0.00889502
0.075 0.54 0.0121785
0.075 0.546 0.0389025
0.075 0.552 0.0486429
0.075 0.558 0.0275162
0.075 0.564 0.0251107
0.075 0.57 0.00711381
0.075 0.576 0.0186019
0.075 0.582 0.00660827
0.075 0.588 0.00164161
0.075 0.594 0.00145356
0.075 0.6 0.000193033
0.08 0 0.451005
0.08 0.006 0.4254
0.08 0.012 0.284942
0.08 0.018 0.179857
0.08 0.024 0.102676
0.08 0.03 0.0629082
0.08 0.036 0.0500677
0.08 0.042 0.0497543
0.08 0.048 0.0355351
0.08 0.054 0.0418733
0.08 0.06 0.056888
0.08 0.066 0.0145534
0.08 0.072 0.0194501
0.08 0.078 0.0263119
0.08 0.084 0.0281158
0.08 0.09 0.00479168
0.08 0.096 0.0172433
0.08 0.102 0.0223829
0.08 0.108 0.0105136
0.08 0.114 0.0141755
0.08 0.12 0.00269909
0.08 0.126 0.00975187
0.08 0.132 0.015696
0.08 0.138 0.000748568
0.08 0.144 0.018335
0.08 0.15 0.0138997
0.08 0.156 0.00663633
0.08 0.162 0.00196707
0.08 0.168 0.0077886
0.08 0.174 0.00589208
0.08 0.18 0.00908806
0.08 0.186 0.0046786
0.08 0.192 0.00633251
0.08 0.198 0.0236927
0.08 0.204 0.014393
0.08 0.21 0.0162422
0.08 0.216 0.00544555
0.08 0.222 0.0131247
0.08 0.228 0.021448
0.08 0.234 0.000218963
0.08 0.24 0.00213141
0.08 0.246 0.00179096
0.08 0.252 0.0112126
0.08 0.258 0.007631
0.08 0.264 0.00217636
0.08 0.27 0.012206
0.08 0.276 0.00339021
0.08 0.282 0.00214795
0.08 0.288 0.00690383
0.08 0.294 0.00472236
0.08 0.3 0.0138336
0.08 0.306 0.0105541
0.08 0.312 0.00903186
0.08 0.318 0.0121905
0.08 0.324 0.000546235
0.08 0.33 0.00248749
0.08 0.336 0.0132586
0.08 0.342 0.0056103
0.08 0.348 0.00994648
0.08 0.354 0.00505329
0.08 0.36 0.00372329
0.08 0.366 0.0203295
0.08 0.372 0.00555331
0.08 0.378 0.00106594
0.08 0.384 0.0119645
0.08 0.39 0.0162541
0.08 0.396 0.00709562
0.08 0.402 0.0105793
0.08 0.408 0.017749
0.08 0.414 0.0105713
0.08 0.42 0.00791614
0.08 0.426 0.00557391
0.08 0.432 0.0091405
0.08 0.438 0.00377259
0.08 0.444 0.0269662
0.08 0.45 0.00591279
0.08 0.456 0.00643217
0.08 0.462 0.0148922
0.08 0.468 0.000598413
0.08 0.474 0.00682164
0.08 0.48 0.00163685
0.08 0.486 0.00567307
0.08 0.492 0.030589
0.08 0.498 0.0383608
0.08 0.504 0.0375002
0.08 0.51 0.0189356
0.08 0.516 0.041877
0.08 0.522 0.0258793
0.08 0.528 0.0289486
0.08 0.534 0.00892789
0.08 0.54 0.0172694
0.08 0.546 0.0407013
0.08 0.552 0.0483871
0.08 0.558 0.0267055
0.08 0.564 0.0259781
0.08 0.57 0.00359318
0.08 0.576 0.0216593
0.08 0.582 0.00823281
0.08 0.588 0.00127321
0.08 0.594 0.000289349
0.08 0.6 0.000875078
0.085 0 0.45066
0.085 0.006 0.433032
0.085 0.012 0.29264
0.085 0.018 0.184262
0.085 0.024 0.106385
0.085 0.03 0.0637919
0.085 0.036 0.0532784
0.085 0.042 0.0472871
0.085 0.048 0.034214
0.085 0.054 0.040621
0.085 0.06 0.0611155
0.085 0.066 0.0130712
0.085 0.072 0.0178718
0.085 0.078 0.0263651
0.085 0.084 0.0239594
0.085 0.09 0.00638231
0.085 0.096 0.0155468
0.085 0.102 0.0258622
0.085 0.108 0.00855511
0.085 0.114 0.0108247
0.085 0.12 0.000279452
0.085 0.126 0.0112635
0.085 0.132 0.0139104
0.085 0.138 0.00358899
0.085 0.144 0.0210495
0.085 0.15 0.0121857
0.085 0.156 0.0081777
0.085 0.162 0.0017439
0.085 0.168 0.00539031
0.085 0.174 0.00761694
0.085 0.18 0.000792432
0.085 0.186 0.00595542
0.085 0.192 0.00609118
0.085 0.198 0.0184545
0.085 0.204 0.00971438
0.085 0.21 0.0166412
0.085 0.216 0.0096202
0.085 0.222 0.00998648
0.085 0.228 0.0207725
0.085 0.234 4.80094e-05
0.085 0.24 0.00410561
0.085 0.246 0.000244207
0.085 0.252 0.0121758
0.085 0.258 0.00507501
0.085 0.264 0.00431702
0.085 0.27 0.0126172
0.085 0.276 0.00259523
0.085 0.282 0.00426446
0.085 0.288 0.00664383
0.085 0.294 0.000464593
0.085 0.3 0.0116678
0.085 0.306 0.0130576
0.085 0.312 0.0120789
0.085 0.318 0.0121378
0.085 0.324 0.00194754
0.085 0.33 0.00550766
0.085 0.336 0.00972249
0.085 0.342 0.00034827
0.085 0.348 0.0115343
0.085 0.354 0.00761871
0.085 0.36 0.00405333
0.085 0.366 0.0171999
0.085 0.372 0.00390007
0.085 0.378 0.000184461
0.085 0.384 0.0131951
0.085 0.39 0.00993
0.085 0.396 0.00811213
0.085 0.402 0.0105043
0.085 0.408 0.0197755
0.085 0.414 0.0118525
0.085 0.42 0.0100317
0.085 0.426 0.00121512
0.085 0.432 0.0080821
0.085 0.438 0.00395734
0.085 0.444 0.0253557
0.085 0.45 0.00678489
0.085 0.456 0.00653065
0.085 0.462 0.0120896
0.085 0.468 0.000901157
0.085 0.474 0.0120909
0.085 0.48 0.000176926
0.085 0.486 0.00614279
0.085 0.492 0.0295095
0.085 0.498 0.0356339
0.085 0.504 0.0378095
0.085 0.51 0.0249379
0.085 0.516 0.0426138
0.085 0.522 0.0239622
0.085 0.528 0.024791
0.085 0.534 0.0113576
0.085 0.54 0.0214031
0.085 0.546 0.0415297
0.085 0.552 0.0486346
0.085 0.558 0.0248519
0.085 0.564 0.0241989
0.085 0.57 0.00115144
0.085 0.576 0.0254088
0.085 0.582 0.00951555
0.085 0.588 0.00183767
0.085 0.594 0.00223123
0.085 0.6 0.000690516
0.09 0 0.44934
0.09 0.006 0.440444
0.09 0.012 0.300606
0.09 0.018 0.188597
0.09 0.024 0.110261
0.09 0.03 0.0652817
0.09 0.036 0.0569445
0.09 0.042 0.0446328
0.09 0.048 0.0327201
0.09 0.054 0.0397184
0.09 0.06 0.0647154
0.09 0.066 0.0122705
0.09 0.072 0.0159316
0.09 0.078 0.0272077
0.09 0.084 0.0180315
0.09 0.09 0.00788529
0.09 0.096 0.0131075
0.09 0.102 0.0282091
0.09 0.108 0.00801659
0.09 0.114 0.00820717
0.09 0.12 0.00150602
0.09 0.126 0.0115209
0.09 0.132 0.0127856
0.09 0.138 0.00636287
0.09 0.144 0.0197631
0.09 0.15 0.00946335
0.09 0.156 0.010108
0.09 0.162 0.00146466
0.09 0.168 0.00158661
0.09 0.174 0.00629645
0.09 0.18 0.00850242
0.09 0.186 0.00196552
0.09 0.192 0.00200455
0.09 0.198 0.0157354
0.09 0.204 0.00618591
0.09 0.21 0.0193333
0.09 0.216 0.00928483
0.09 0.222 0.00713865
0.09 0.228 0.0134325
0.09 0.234 0.000472383
0.09 0.24 0.00608841
0.09 0.246 0.00143237
0.09 0.252 0.0121587
0.09 0.258 0.00145695
0.09 0.264 0.0043253
0.09 0.27 0.0110891
0.09 0.276 0.00092828
0.09 0.282 0.00687598
0.09 0.288 0.00560036
0.09 0.294 0.00221702
0.09 0.3 0.012472
0.09 0.306 0.0116147
0.09 0.312 0.0162666
0.09 0.318 0.00878274
0.09 0.324 0.00686223
0.09 0.33 0.00784876
0.09 0.336 0.00968027
0.09 0.342 0.0038027
0.09 0.348 0.0127017
0.09 0.354 0.0110578
0.09 0.36 0.00446331
0.09 0.366 0.0139953
0.09 0.372 0.00256441
0.09 0.378 0.000371367
0.09 0.384 0.0156906
0.09 0.39 0.00412212
0.09 0.396 0.00917756
0.09 0.402 0.00852896
0.09 0.408 0.0215973
0.09 0.414 0.0115365
0.09 0.42 0.011602
0.09 0.426 0.00117596
0.09 0.432 0.00526309
0.09 0.438 0.00492303
0.09 0.444 0.0215309
0.09 0.45 0.00811965
0.09 0.456 0.00474024
0.09 0.462 0.0110459
0.09 0.468 0.000744417
0.09 0.474 0.0164508
0.09 0.48 0.00145599
0.09 0.486 0.0068941
0.09 0.492 0.0286449
0.09 0.498 0.0315402
0.09 0.504 0.0388996
0.09 0.51 0.0279749
0.09 0.516 0.0418505
0.09 0.522 0.0198159
0.09 0.528 0.0229474
0.09 0.534 0.0157336
0.09 0.54 0.0221923
0.09 0.546 0.0434292
0.09 0.552 0.0479342
0.09 0.558 0.0229817
0.09 0.564 0.0213382
0.09 0.57 0.000615989
0.09 0.576 0.0286842
0.09 0.582 0.0100116
0.09 0.588 0.00369009
0.09 0.594 0.00325423
0.09 0.6 0.000655204
0.095 0 0.445948
0.095 0.006 0.446656
0.095 0.012 0.30823
0.095 0.018 0.192649
0.095 0.024 0.114017
0.095 0.03 0.0671349
0.095 0.036 0.0608554
0.095 0.042 0.0419461
0.095 0.048 0.0310874
0.095 0.054 0.0391166
0.095 0.06 0.0668905
0.095 0.066 0.0120672
0.095 0.072 0.0138773
0.095 0.078 0.0282292
0.095 0.084 0.0115747
0.095 0.09 0.00906229
0.095 0.096 0.0102191
0.095 0.102 0.0283738
0.095 0.108 0.00846196
0.095 0.114 0.00641125
0.095 0.12 0.000574396
0.095 0.126 0.0105544
0.095 0.132 0.0124118
0.095 0.138 0.00862358
0.095 0.144 0.0156875
0.095 0.15 0.00724632
0.095 0.156 0.0111489
0.095 0.162 0.003553
0.095 0.168 0.00128359
0.095 0.174 0.00269637
0.095 0.18 0.0154057
0.095 0.186 0.00326472
0.095 0.192 0.00465539
0.095 0.198 0.0141019
0.095 0.204 0.00431583
0.095 0.21 0.0214185
0.095 0.216 0.00614752
0.095 0.222 0.00550488
0.095 0.228 0.00221985
0.095 0.234 0.00270572
0.095 0.24 0.00702101
0.095 0.246 0.0014952
0.095 0.252 0.014699
0.095 0.258 0.0015137
0.095 0.264 0.000800152
0.095 0.27 0.00776498
0.095 0.276 0.000218841
0.095 0.282 0.0071242
0.095 0.288 0.00317638
0.095 0.294 0.000826099
0.095 0.3 0.0170481
0.095 0.306 0.00834374
0.095 0.312 0.0193226
0.095 0.318 0.00383855
0.095 0.324 0.0128301
0.095 0.33 0.00981325
0.095 0.336 0.012543
0.095 0.342 0.00347737
0.095 0.348 0.0121336
0.095 0.354 0.0125183
0.095 0.36 0.00395236
0.095 0.366 0.0134147
0.095 0.372 0.00179081
0.095 0.378 0.00114457
0.095 0.384 0.0183212
0.095 0.39 0.00124256
0.095 0.396 0.00982097
0.095 0.402 0.00474513
0.095 0.408 0.0230184
0.095 0.414 0.00987321
0.095 0.42 0.0125905
0.095 0.426 0.000540915
0.095 0.432 0.00177548
0.095 0.438 0.00572625
0.095 0.444 0.0168067
0.095 0.45 0.00890733
0.095 0.456 0.00113528
0.095 0.462 0.0123085
0.095 0.468 0.000596847
0.095 0.474 0.0183678
0.095 0.48 0.00217642
0.095 0.486 0.00836895
0.095 0.492 0.0265312
0.095 0.498 0.0279212
0.095 0.504 0.040972
0.095 0.51 0.0286332
0.095 0.516 0.0397791
0.095 0.522 0.0171856
0.095 0.528 0.0231942
0.095 0.534 0.019734
0.095 0.54 0.0182977
0.095 0.546 0.0470384
0.095 0.552 0.0455328
0.095 0.558 0.0222993
0.095 0.564 0.0185359
0.095 0.57 0.00176655
0.095 0.576 0.0305354
0.095 0.582 0.00966097
0.095 0.588 0.00677106
0.095 0.594 0.00309708
0.095 0.6 0.00258047
0.1 0 0.440575
0.1 0.006 0.451653
0.1 0.012 0.315524
0.1 0.018 0.196552
0.1 0.024 0.11765
0.1 0.03 0.0692597
0.1 0.036 0.0648404
0.1 0.042 0.0394814
0.1 0.048 0.0294708
0.1 0.054 0.038727
0.1 0.06 0.0669156
0.1 0.066 0.0124522
0.1 0.072 0.0121318
0.1 0.078 0.0288673
0.1 0.084 0.00576379
0.1 0.09 0.00984708
0.1 0.096 0.00707004
0.1 0.102 0.0261778
0.1 0.108 0.00903727
0.1 0.114 0.00510482
0.1 0.12 0.00230514
0.1 0.126 0.00847215
0.1 0.132 0.0124197
0.1 0.138 0.0110865
0.1 0.144 0.0116963
0.1 0.15 0.00571828
0.1 0.156 0.0106054
0.1 0.162 0.0083976
0.1 0.168 0.00098448
0.1 0.174 0.000706105
0.1 0.18 0.0168317
0.1 0.186 0.0054249
0.1 0.192 0.010145
0.1 0.198 0.0117799
0.1 0.204 0.00406893
0.1 0.21 0.0221526
0.1 0.216 0.00367208
0.1 0.222 0.00563468
0.1 0.228 0.00782852
0.1 0.234 0.00636036
0.1 0.24 0.00663772
0.1 0.246 0.0005529
0.1 0.252 0.0203918
0.1 0.258 0.00239352
0.1 0.264 0.00490819
0.1 0.27 0.00318643
0.1 0.276 2.60423e-05
0.1 0.282 0.00403191
0.1 0.288 0.000270088
0.1 0.294 0.00543502
0.1 0.3 0.0235543
0.1 0.306 0.00632179
0.1 0.312 0.019787
0.1 0.318 0.000552658
0.1 0.324 0.0174344
0.1 0.33 0.0116097
0.1 0.336 0.016342
0.1 0.342 3.60852e-06
0.1 0.348 0.00945749
0.1 0.354 0.0113664
0.1 0.36 0.00167677
0.1 0.366 0.0157557
0.1 0.372 0.00138804
0.1 0.378 0.00208683
0.1 0.384 0.0201151
0.1 0.39 0.00147226
0.1 0.396 0.00975738
0.1 0.402 0.00125294
0.1 0.408 0.024083
0.1 0.414 0.00770913
0.1 0.42 0.0135654
0.1 0.426 0.00219271
0.1 0.432 0.00165735
0.1 0.438 0.00546965
0.1 0.444 0.0133757
0.1 0.45 0.00972007
0.1 0.456 0.00283063
0.1 0.462 0.0151406
0.1 0.468 0.0030645
0.1 0.474 0.0174962
0.1 0.48 0.00383882
0.1 0.486 0.0104648
0.1 0.492 0.0225611
0.1 0.498 0.0263639
0.1 0.504 0.0423332
0.1 0.51 0.0286039
0.1 0.516 0.0380208
0.1 0.522 0.0183208
0.1 0.528 0.0239533
0.1 0.534 0.021677
0.1 0.54 0.0120029
0.1 0.546 0.0511022
0.1 0.552 0.0419533
0.1 0.558 0.0234816
0.1 0.564 0.0157173
0.1 0.57 0.00322123
0.1 0.576 0.0307048
0.1 0.582 0.00862099
0.1 0.588 0.0105324
0.1 0.594 0.00231949
0.1 0.6 0.00388471
0.105 0 0.434435
0.105 0.006 0.45634
0.105 0.012 0.32311
0.105 0.018 0.200734
0.105 0.024 0.121424
0.105 0.03 0.0717053
0.105 0.036 0.068792
0.105 0.042 0.037537
0.105 0.048 0.0281491
0.105 0.054 0.0383885
0.105 0.06 0.0642599
0.105 0.066 0.013361
0.105 0.072 0.0110887
0.105 0.078 0.0287439
0.105 0.084 0.00133223
0.105 0.09 0.0102036
0.105 0.096 0.00401654
0.105 0.102 0.0221618
0.105 0.108 0.00913165
0.105 0.114 0.00377936
0.105 0.12 0.00640476
0.105 0.126 0.00551245
0.105 0.132 0.0126039
0.105 0.138 0.0141588
0.105 0.144 0.0104247
0.105 0.15 0.0036071
0.105 0.156 0.00831697
0.105 0.162 0.0136313
0.105 0.168 0.0023649
0.105 0.174 0.00198884
0.105 0.18 0.0119144
0.105 0.186 0.00392446
0.105 0.192 0.0107565
0.105 0.198 0.00901594
0.105 0.204 0.00455558
0.105 0.21 0.0226444
0.105 0.216 0.00347422
0.105 0.222 0.00665297
0.105 0.228 0.0123065
0.105 0.234 0.0100656
0.105 0.24 0.00559539
0.105 0.246 0.0036932
0.105 0.252 0.0260249
0.105 0.258 0.00100929
0.105 0.264 0.0103865
0.105 0.27 0.00160758
0.105 0.276 0.00162236
0.105 0.282 0.000731964
0.105 0.288 0.00385086
0.105 0.294 0.0144338
0.105 0.3 0.027944
0.105 0.306 0.00615208
0.105 0.312 0.0183816
0.105 0.318 0.00353606
0.105 0.324 0.0185823
0.105 0.33 0.0128055
0.105 0.336 0.0192184
0.105 0.342 0.00478827
0.105 0.348 0.00596792
0.105 0.354 0.00900381
0.105 0.36 0.00183257
0.105 0.366 0.0184763
0.105 0.372 0.00106039
0.105 0.378 0.00253407
0.105 0.384 0.0207934
0.105 0.39 0.00333716
0.105 0.396 0.0089509
0.105 0.402 0.000203267
0.105 0.408 0.0248875
0.105 0.414 0.00618915
0.105 0.42 0.0149635
0.105 0.426 0.00484133
0.105 0.432 0.00538571
0.105 0.438 0.00298639
0.105 0.444 0.0128171
0.105 0.45 0.0119379
0.105 0.456 0.00528315
0.105 0.462 0.0181522
0.105 0.468 0.00597245
0.105 0.474 0.0149137
0.105 0.48 0.00783589
0.105 0.486 0.0124233
0.105 0.492 0.0180928
0.105 0.498 0.0268458
0.105 0.504 0.0412473
0.105 0.51 0.0292832
0.105 0.516 0.0379115
0.105 0.522 0.0214084
0.105 0.528 0.024146
0.105 0.534 0.0220691
0.105 0.54 0.00780477
0.105 0.546 0.0536206
0.105 0.552 0.038146
0.105 0.558 0.0261711
0.105 0.564 0.0131497
0.105 0.57 0.00320666
0.105 0.576 0.0296812
0.105 0.582 0.00706319
0.105 0.588 0.014145
0.105 0.594 0.00185923
0.105 0.6 0.00340637
0.11 0 0.42774
0.11 0.006 0.460768
0.11 0.012 0.331112
0.11 0.018 0.205254
0.11 0.024 0.125402
0.11 0.03 0.0743737
0.11 0.036 0.0724957
0.11 0.042 0.0362481
0.11 0.048 0.0273515
0.11 0.054 0.0377638
0.11 0.06 0.0586839
0.11 0.066 0.0145731
0.11 0.072 0.0109455
0.11 0.078 0.0276529
0.11 0.084 0.00162591
0.11 0.09 0.0100779
0.11 0.096 0.00171411
0.11 0.102 0.017029
0.11 0.108 0.00871353
0.11 0.114 0.00205858
0.11 0.12 0.0107697
0.11 0.126 0.00233982
0.11 0.132 0.0128639
0.11 0.138 0.0167903
0.11 0.144 0.0125971
0.11 0.15 0.000258973
0.11 0.156 0.00516436
0.11 0.162 0.0163949
0.11 0.168 0.00607376
0.11 0.174 0.000959456
0.11 0.18 0.00299169
0.11 0.186 0.00187879
0.11 0.192 0.00614499
0.11 0.198 0.00722432
0.11 0.204 0.0043376
0.11 0.21 0.0233538
0.11 0.216 0.00375882
0.11 0.222 0.00672407
0.11 0.228 0.0103418
0.11 0.234 0.0126144
0.11 0.24 0.00479122
0.11 0.246 0.00637392
0.11 0.252 0.0275681
0.11 0.258 0.000765792
0.11 0.264 0.0141857
0.11 0.27 0.0050048
0.11 0.276 0.00400804
0.11 0.282 0.00395684
0.11 0.288 0.00671652
0.11 0.294 0.0219937
0.11 0.3 0.0269634
0.11 0.306 0.00574824
0.11 0.312 0.0166643
0.11 0.318 0.00563317
0.11 0.324 0.0158571
0.11 0.33 0.0125598
0.11 0.336 0.020756
0.11 0.342 0.0085515
0.11 0.348 0.00361187
0.11 0.354 0.00698492
0.11 0.36 0.00468136
0.11 0.366 0.0188225
0.11 0.372 0.000617479
0.11 0.378 0.00181732
0.11 0.384 0.0210419
0.11 0.39 0.00505622
0.11 0.396 0.00761657
0.11 0.402 0.00195436
0.11 0.408 0.0253723
0.11 0.414 0.00624516
0.11 0.42 0.0166063
0.11 0.426 0.00597724
0.11 0.432 0.00977661
0.11 0.438 0.00190848
0.11 0.444 0.0152441
0.11 0.45 0.0159105
0.11 0.456 0.00562899
0.11 0.462 0.0201051
0.11 0.468 0.00843346
0.11 0.474 0.0124201
0.11 0.48 0.013852
0.11 0.486 0.0134878
0.11 0.492 0.0151973
0.11 0.498 0.0279333
0.11 0.504 0.03775
0.11 0.51 0.031345
0.11 0.516 0.0392168
0.11 0.522 0.0229468
0.11 0.528 0.0241422
0.11 0.534 0.0225388
0.11 0.54 0.00793113
0.11 0.546 0.0531773
0.11 0.552 0.0348685
0.11 0.558 0.028883
0.11 0.564 0.0126018
0.11 0.57 0.000661404
0.11 0.576 0.0283943
0.11 0.582 0.00507791
0.11 0.588 0.0168283
0.11 0.594 0.00234318
0.11 0.6 0.00112262
0.115 0 0.419576
0.115 0.006 0.464035
0.115 0.012 0.339088
0.115 0.018 0.20979
0.115 0.024 0.129412
0.115 0.03 0.0770347
0.115 0.036 0.0756725
0.115 0.042 0.0355867
0.115 0.048 0.0271859
0.115 0.054 0.0364292
0.115 0.06 0.0503801
0.115 0.066 0.0157317
0.115 0.072 0.0117285
0.115 0.078 0.0255737
0.115 0.084 0.00357934
0.115 0.09 0.00953565
0.115 0.096 0.000896262
0.115 0.102 0.0114796
0.115 0.108 0.00809949
0.115 0.114 8.4856e-05
0.115 0.12 0.0145408
0.115 0.126 7.92963e-05
0.115 0.132 0.0130016
0.115 0.138 0.0172933
0.115 0.144 0.0166803
0.115 0.15 0.00336125
0.115 0.156 0.00290024
0.115 0.162 0.0160629
0.115 0.168 0.00720177
0.115 0.174 0.00141673
0.115 0.18 0.00525306
0.115 0.186 0.00252324
0.115 0.192 5.44842e-05
0.115 0.198 0.00663686
0.115 0.204 0.00291137
0.115 0.21 0.023081
0.115 0.216 0.00195988
0.115 0.222 0.00471789
0.115 0.228 0.00511096
0.115 0.234 0.0136445
0.115 0.24 0.00484209
0.115 0.246 0.00781871
0.115 0.252 0.0237176
0.115 0.258 0.000647389
0.115 0.264 0.0162983
0.115 0.27 0.00543632
0.115 0.276 0.00639367
0.115 0.282 0.00331458
0.115 0.288 0.00830829
0.115 0.294 0.024496
0.115 0.3 0.0207103
0.115 0.306 0.00324928
0.115 0.312 0.0149505
0.115 0.318 0.00714609
0.115 0.324 0.0107198
0.115 0.33 0.0105018
0.115 0.336 0.0216761
0.115 0.342 0.00964269
0.115 0.348 0.00322698
0.115 0.354 0.0059488
0.115 0.36 0.0052263
0.115 0.366 0.0163658
0.115 0.372 4.64603e-05
0.115 0.378 0.000168163
0.115 0.384 0.022068
0.115 0.39 0.00533011
0.115 0.396 0.00626404
0.115 0.402 0.00532185
0.115 0.408 0.0252629
0.115 0.414 0.00801609
0.115 0.42 0.0178924
0.115 0.426 0.00581524
0.115 0.432 0.0142207
0.115 0.438 0.00736401
0.115 0.444 0.0193485
0.115 0.45 0.0202785
0.115 0.456 0.00512575
0.115 0.462 0.0204739
0.115 0.468 0.00973499
0.115 0.474 0.0112097
0.115 0.48 0.0199552
0.115 0.486 0.0134603
0.115 0.492 0.0143054
0.115 0.498 0.028274
0.115 0.504 0.0333582
0.115 0.51 0.0344074
0.115 0.516 0.0409016
0.115 0.522 0.0220326
0.115 0.528 0.0250214
0.115 0.534 0.0238545
0.115 0.54 0.0103504
0.115 0.546 0.0499429
0.115 0.552 0.0329535
0.115 0.558 0.0298412
0.115 0.564 0.015615
0.115 0.57 0.0039779
0.115 0.576 0.0276163
0.115 0.582 0.00287074
0.115 0.588 0.0181486
0.115 0.594 0.00348214
0.115 0.6 0.00167503
0.12 0 0.409923
0.12 0.006 0.465969
0.12 0.012 0.347043
0.12 0.018 0.214334
0.12 0.024 0.133466
0.12 0.03 0.0796423
0.12 0.036 0.0782261
0.12 0.042 0.0355583
0.12 0.048 0.0277234
0.12 0.054 0.0341018
0.12 0.06 0.0400989
0.12 0.066 0.0164873
0.12 0.072 0.0134424
0.12 0.078 0.0227421
0.12 0.084 0.0052272
0.12 0.09 0.0088693
0.12 0.096 0.00195634
0.12 0.102 0.00642212
0.12 0.108 0.0074334
0.12 0.114 0.00232116
0.12 0.12 0.0171012
0.12 0.126 0.000297164
0.12 0.132 0.0130085
0.12 0.138 0.015261
0.12 0.144 0.019991
0.12 0.15 0.00597878
0.12 0.156 0.00280533
0.12 0.162 0.0143989
0.12 0.168 0.00527026
0.12 0.174 0.00401289
0.12 0.18 0.00827935
0.12 0.186 0.00596467
0.12 0.192 0.00342245
0.12 0.198 0.00592754
0.12 0.204 0.00180647
0.12 0.21 0.0206998
0.12 0.216 0.0014702
0.12 0.222 0.00129461
0.12 0.228 0.00129124
0.12 0.234 0.0132429
0.12 0.24 0.0057997
0.12 0.246 0.00827133
0.12 0.252 0.0167132
0.12 0.258 0.00141356
0.12 0.264 0.0170821
0.12 0.27 0.00245602
0.12 0.276 0.00777979
0.12 0.282 0.000578763
0.12 0.288 0.00843705
0.12 0.294 0.0212504
0.12 0.3 0.0123711
0.12 0.306 0.000665941
0.12 0.312 0.0123162
0.12 0.318 0.00701466
0.12 0.324 0.00547892
0.12 0.33 0.00738798
0.12 0.336 0.0222959
0.12 0.342 0.00827599
0.12 0.348 0.00398466
0.12 0.354 0.0059897
0.12 0.36 0.00369337
0.12 0.366 0.0128706
0.12 0.372 0.000488168
0.12 0.378 0.00101164
0.12 0.384 0.0244584
0.12 0.39 0.00365338
0.12 0.396 0.00544398
0.12 0.402 0.00898799
0.12 0.408 0.0244313
0.12 0.414 0.0106066
0.12 0.42 0.0184383
0.12 0.426 0.00519206
0.12 0.432 0.017525
0.12 0.438 0.0108941
0.12 0.444 0.0230096
0.12 0.45 0.0230932
0.12 0.456 0.00552294
0.12 0.462 0.0197752
0.12 0.468 0.00960432
0.12 0.474 0.0110864
0.12 0.48 0.0241741
0.12 0.486 0.0125436
0.12 0.492 0.0135609
0.12 0.498 0.0277908
0.12 0.504 0.0293228
0.12 0.51 0.0369189
0.12 0.516 0.0422291
0.12 0.522 0.0211513
0.12 0.528 0.0272084
0.12 0.534 0.0255096
0.12 0.54 0.0116257
0.12 0.546 0.0459694
0.12 0.552 0.0333199
0.12 0.558 0.0283325
0.12 0.564 0.0211329
0.12 0.57 0.00888476
0.12 0.576 0.0273562
0.12 0.582 0.00101821
0.12 0.588 0.0181276
0.12 0.594 0.00420985
0.12 0.6 0.0033936
0.125 0 0.399923
0.125 0.006 0.467363
0.125 0.012 0.355564
0.125 0.018 0.219306
0.125 0.024 0.137809
0.125 0.03 0.082376
0.125 0.036 0.0802576
0.125 0.042 0.0362503
0.125 0.048 0.0290286
0.125 0.054 0.0307207
0.125 0.06 0.0290843
0.125 0.066 0.016652
0.125 0.072 0.016129
0.125 0.078 0.0196386
0.125 0.084 0.00709338
0.125 0.09 0.00849459
0.125 0.096 0.00466109
0.125 0.102 0.00284058
0.125 0.108 0.0064374
0.125 0.114 0.00416854
0.125 0.12 0.0180137
0.125 0.126 0.00114775
0.125 0.132 0.0132185
0.125 0.138 0.0122266
0.125 0.144 0.0204532
0.125 0.15 0.00713897
0.125 0.156 0.00455633
0.125 0.162 0.0132348
0.125 0.168 0.00259855
0.125 0.174 0.00590992
0.125 0.18 0.00445799
0.125 0.186 0.00936146
0.125 0.192 0.00265665
0.125 0.198 0.00426733
0.125 0.204 0.00325351
0.125 0.21 0.0170712
0.125 0.216 0.003032
0.125 0.222 0.00164912
0.125 0.228 0.00150023
0.125 0.234 0.0116677
0.125 0.24 0.00689402
0.125 0.246 0.00816105
0.125 0.252 0.0103877
0.125 0.258 0.00335513
0.125 0.264 0.0163617
0.125 0.27 0.00276114
0.125 0.276 0.00730165
0.125 0.282 0.00441482
0.125 0.288 0.00747775
0.125 0.294 0.0148025
0.125 0.3 0.00581371
0.125 0.306 0.00359658
0.125 0.312 0.00853086
0.125 0.318 0.00392408
0.125 0.324 0.00204009
0.125 0.33 0.00474055
0.125 0.336 0.021925
0.125 0.342 0.0062179
0.125 0.348 0.00456459
0.125 0.354 0.00695886
0.125 0.36 0.0019929
0.125 0.366 0.0103744
0.125 0.372 0.000826912
0.125 0.378 6.95967e-05
0.125 0.384 0.0273389
0.125 0.39 0.000641014
0.125 0.396 0.00516912
0.125 0.402 0.0119853
0.125 0.408 0.0233789
0.125 0.414 0.012563
0.125 0.42 0.0185052
0.125 0.426 0.00428464
0.125 0.432 0.0189838
0.125 0.438 0.0118553
0.125 0.444 0.0244012
0.125 0.45 0.0232886
0.125 0.456 0.00726564
0.125 0.462 0.0193888
0.125 0.468 0.00840779
0.125 0.474 0.0109383
0.125 0.48 0.0259752
0.125 0.486 0.010923
0.125 0.492 0.010659
0.125 0.498 0.0275311
0.125 0.504 0.0258405
0.125 0.51 0.0372907
0.125 0.516 0.0426448
0.125 0.522 0.0230252
0.125 0.528 0.0298616
0.125 0.534 0.0268846
0.125 0.54 0.0106743
0.125 0.546 0.0439603
0.125 0.552 0.0361475
0.125 0.558 0.025083
0.125 0.564 0.0260737
0.125 0.57 0.0120983
0.125 0.576 0.0268788
0.125 0.582 0.000226893
0.125 0.588 0.0171001
0.125 0.594 0.00367507
0.125 0.6 0.00316173
0.13 0 0.389935
0.13 0.006 0.468345
0.13 0.012 0.364794
0.13 0.018 0.224924
0.13 0.024 0.142497
0.13 0.03 0.085342
0.13 0.036 0.0818093
0.13 0.042 0.0376854
0.13 0.048 0.0310827
0.13 0.054 0.0263736
0.13 0.06 0.0187918
0.13 0.066 0.0162363
0.13 0.072 0.0197502
0.13 0.078 0.0168312
0.13 0.084 0.00928978
0.13 0.09 0.00875912
0.13 0.096 0.00821858
0.13 0.102 0.00122979
0.13 0.108 0.00474918
0.13 0.114 0.00528221
0.13 0.12 0.0169836
0.13 0.126 0.00309083
0.13 0.132 0.0137518
0.13 0.138 0.0102603
0.13 0.144 0.0179009
0.13 0.15 0.00679515
0.13 0.156 0.00656444
0.13 0.162 0.0125517
0.13 0.168 0.00187321
0.13 0.174 0.00645242
0.13 0.18 0.00364177
0.13 0.186 0.00987506
0.13 0.192 0.000109285
0.13 0.198 0.00284239
0.13 0.204 0.00733427
0.13 0.21 0.0144435
0.13 0.216 0.000303756
0.13 0.222 0.00258812
0.13 0.228 0.00468925
0.13 0.234 0.00981971
0.13 0.24 0.00693129
0.13 0.246 0.00761686
0.13 0.252 0.00769144
0.13 0.258 0.00386538
0.13 0.264 0.0140441
0.13 0.27 0.00811563
0.13 0.276 0.00493452
0.13 0.282 0.00497363
0.13 0.288 0.00652277
0.13 0.294 0.00889154
0.13 0.3 0.00312806
0.13 0.306 0.00403555
0.13 0.312 0.00515788
0.13 0.318 0.00146002
0.13 0.324 0.00132011
0.13 0.33 0.00366784
0.13 0.336 0.0199973
0.13 0.342 0.00497113
0.13 0.348 0.00459496
0.13 0.354 0.00794883
0.13 0.36 0.00183787
0.13 0.366 0.00977781
0.13 0.372 0.00116505
0.13 0.378 0.0035199
0.13 0.384 0.0289443
0.13 0.39 0.00200779
0.13 0.396 0.00474297
0.13 0.402 0.0132114
0.13 0.408 0.0230534
0.13 0.414 0.0128338
0.13 0.42 0.0186994
0.13 0.426 0.00257685
0.13 0.432 0.0190685
0.13 0.438 0.0117599
0.13 0.444 0.0231173
0.13 0.45 0.0210782
0.13 0.456 0.00929473
0.13 0.462 0.02053
0.13 0.468 0.00708162
0.13 0.474 0.00985715
0.13 0.48 0.0263527
0.13 0.486 0.00879447
0.13 0.492 0.0051638
0.13 0.498 0.0284596
0.13 0.504 0.0229911
0.13 0.51 0.0354208
0.13 0.516 0.0416606
0.13 0.522 0.0275697
0.13 0.528 0.0314321
0.13 0.534 0.028009
0.13 0.54 0.00910808
0.13 0.546 0.0451548
0.13 0.552 0.0403716
0.13 0.558 0.0211801
0.13 0.564 0.0280885
0.13 0.57 0.0131067
0.13 0.576 0.0255637
0.13 0.582 0.000624774
0.13 0.588 0.0154899
0.13 0.594 0.00208562
0.13 0.6 0.00108329
0.135 0 0.379063
0.135 0.006 0.467986
0.135 0.012 0.374191
0.135 0.018 0.231044
0.135 0.024 0.147304
0.135 0.03 0.0884858
0.135 0.036 0.0827701
0.135 0.042 0.0397792
0.135 0.048 0.0337814
0.135 0.054 0.0213152
0.135 0.06 0.0105805
0.135 0.066 0.0153852
0.135 0.072 0.0240223
0.135 0.078 0.0147839
0.135 0.084 0.0115556
0.135 0.09 0.00983767
0.135 0.096 0.0117043
0.135 0.102 0.0013324
0.135 0.108 0.00252374
0.135 0.114 0.00564618
0.135 0.12 0.0140603
0.135 0.126 0.00378948
0.135 0.132 0.0140869
0.135 0.138 0.0101348
0.135 0.144 0.0141857
0.135 0.15 0.00508811
0.135 0.156 0.00732337
0.135 0.162 0.0110295
0.135 0.168 0.0035483
0.135 0.174 0.00554465
0.135 0.18 0.0105919
0.135 0.186 0.00720915
0.135 0.192 0.00135818
0.135 0.198 0.00358735
0.135 0.204 0.0110884
0.135 0.21 0.0140192
0.135 0.216 0.00472088
0.135 0.222 0.0016479
0.135 0.228 0.00749947
0.135 0.234 0.00930738
0.135 0.24 0.00546493
0.135 0.246 0.00692474
0.135 0.252 0.00938109
0.135 0.258 0.00380474
0.135 0.264 0.0112599
0.135 0.27 0.0118446
0.135 0.276 0.00168563
0.135 0.282 0.00202306
0.135 0.288 0.00704757
0.135 0.294 0.00572821
0.135 0.3 0.00357526
0.135 0.306 0.00268787
0.135 0.312 0.00423533
0.135 0.318 0.00611131
0.135 0.324 0.00323302
0.135 0.33 0.00401195
0.135 0.336 0.017067
0.135 0.342 0.00473634
0.135 0.348 0.0047539
0.135 0.354 0.00722719
0.135 0.36 0.00311109
0.135 0.366 0.0106966
0.135 0.372 0.00211315
0.135 0.378 0.00862301
0.135 0.384 0.0281776
0.135 0.39 0.00245504
0.135 0.396 0.00343541
0.135 0.402 0.0117452
0.135 0.408 0.023892
0.135 0.414 0.0114378
0.135 0.42 0.0192714
0.135 0.426 0.000367093
0.135 0.432 0.0194272
0.135 0.438 0.0121283
0.135 0.444 0.0201731
0.135 0.45 0.0174178
0.135 0.456 0.0104852
0.135 0.462 0.0230077
0.135 0.468 0.00659318
0.135 0.474 0.00774104
0.135 0.48 0.0266261
0.135 0.486 0.00668137
0.135 0.492 0.000946303
0.135 0.498 0.0302805
0.135 0.504 0.0214621
0.135 0.51 0.0326027
0.135 0.516 0.0395157
0.135 0.522 0.0317588
0.135 0.528 0.0308147
0.135 0.534 0.0290704
0.135 0.54 0.00875933
0.135 0.546 0.0485927
0.135 0.552 0.0443116
0.135 0.558 0.0170774
0.135 0.564 0.0269631
0.135 0.57 0.0131962
0.135 0.576 0.0237056
0.135 0.582 0.00143387
0.135 0.588 0.01372
0.135 0.594 0.000439865
0.135 0.6 0.00191873
0.14 0 0.36698
0.14 0.006 0.465833
0.14 0.012 0.383466
0.14 0.018 0.237702
0.14 0.024 0.152148
0.14 0.03 0.0918423
0.14 0.036 0.0830677
0.14 0.042 0.0424697
0.14 0.048 0.0370441
0.14 0.054 0.0160785
0.14 0.06 0.00551454
0.14 0.066 0.0143124
0.14 0.072 0.0283374
0.14 0.078 0.0137474
0.14 0.084 0.013469
0.14 0.09 0.0116782
0.14 0.096 0.0146088
0.14 0.102 0.00247316
0.14 0.108 0.000614204
0.14 0.114 0.00557183
0.14 0.12 0.00992453
0.14 0.126 0.00230169
0.14 0.132 0.0136078
0.14 0.138 0.0109563
0.14 0.144 0.0120222
0.14 0.15 0.00297397
0.14 0.156 0.00651429
0.14 0.162 0.00810475
0.14 0.168 0.0058693
0.14 0.174 0.00388557
0.14 0.18 0.0115751
0.14 0.186 0.00347188
0.14 0.192 0.00140907
0.14 0.198 0.00659511
0.14 0.204 0.011022
0.14 0.21 0.0146648
0.14 0.216 0.0072368
0.14 0.222 0.000439666
0.14 0.228 0.00696103
0.14 0.234 0.0111417
0.14 0.24 0.00321804
0.14 0.246 0.00674881
0.14 0.252 0.014006
0.14 0.258 0.00447691
0.14 0.264 0.00991893
0.14 0.27 0.0132003
0.14 0.276 0.00111905
0.14 0.282 0.00155098
0.14 0.288 0.0100376
0.14 0.294 0.00496022
0.14 0.3 0.00453456
0.14 0.306 0.00125181
0.14 0.312 0.00607495
0.14 0.318 0.00715859
0.14 0.324 0.00678348
0.14 0.33 0.00467078
0.14 0.336 0.0141007
0.14 0.342 0.00526152
0.14 0.348 0.0056262
0.14 0.354 0.0036353
0.14 0.36 0.00411868
0.14 0.366 0.0119952
0.14 0.372 0.00408091
0.14 0.378 0.0131492
0.14 0.384 0.0254207
0.14 0.39 8.28243e-05
0.14 0.396 0.00128099
0.14 0.402 0.00826965
0.14 0.408 0.025151
0.14 0.414 0.00935733
0.14 0.42 0.0198819
0.14 0.426 0.00436674
0.14 0.432 0.0219084
0.14 0.438 0.0127299
0.14 0.444 0.0167383
0.14 0.45 0.0134686
0.14 0.456 0.0108268
0.14 0.462 0.0251685
0.14 0.468 0.00726459
0.14 0.474 0.00502586
0.14 0.48 0.0271791
0.14 0.486 0.00529639
0.14 0.492 0.00481738
0.14 0.498 0.0314374
0.14 0.504 0.0214945
0.14 0.51 0.0300961
0.14 0.516 0.0370463
0.14 0.522 0.0319836
0.14 0.528 0.0281326
0.14 0.534 0.0299357
0.14 0.54 0.00979229
0.14 0.546 0.0524806
0.14 0.552 0.0465736
0.14 0.558 0.0129889
0.14 0.564 0.0238402
0.14 0.57 0.0141281
0.14 0.576 0.0222027
0.14 0.582 0.00158477
0.14 0.588 0.0122381
0.14 0.594 0.000465575
0.14 0.6 0.00437605
0.145 0 0.354572
0.145 0.006 0.46245
0.145 0.012 0.392914
0.145 0.018 0.24529
0.145 0.024 0.157247
0.145 0.03 0.0956139
0.145 0.036 0.0827706
0.145 0.042 0.0457495
0.145 0.048 0.040833
0.145 0.054 0.0114297
0.145 0.06 0.00419907
0.145 0.066 0.0132563
0.145 0.072 0.0318108
0.145 0.078 0.013735
0.145 0.084 0.0146633
0.145 0.09 0.013938
0.145 0.096 0.0171033
0.145 0.102 0.00392494
0.145 0.108 2.38037e-05
0.145 0.114 0.00554811
0.145 0.12 0.00585709
0.145 0.126 0.000993356
0.145 0.132 0.0123117
0.145 0.138 0.0113512
0.145 0.144 0.0131731
0.145 0.15 0.00175194
0.145 0.156 0.0051336
0.145 0.162 0.00502785
0.145 0.168 0.00724533
0.145 0.174 0.00255196
0.145 0.18 0.00568712
0.145 0.186 0.000911171
0.145 0.192 0.00179886
0.145 0.198 0.0094996
0.145 0.204 0.00624228
0.145 0.21 0.0142096
0.145 0.216 0.00443307
0.145 0.222 0.000412858
0.145 0.228 0.00236163
0.145 0.234 0.0142841
0.145 0.24 0.000870098
0.145 0.246 0.00733563
0.145 0.252 0.0187592
0.145 0.258 0.00584032
0.145 0.264 0.0107105
0.145 0.27 0.0122459
0.145 0.276 0.00262565
0.145 0.282 0.00255226
0.145 0.288 0.0151703
0.145 0.294 0.00503739
0.145 0.3 0.00385727
0.145 0.306 0.000379431
0.145 0.312 0.00871286
0.145 0.318 0.00473143
0.145 0.324 0.0102991
0.145 0.33 0.0046595
0.145 0.336 0.011339
0.145 0.342 0.00671476
0.145 0.348 0.00679969
0.145 0.354 0.00186419
0.145 0.36 0.00333942
0.145 0.366 0.012645
0.145 0.372 0.0065275
0.145 0.378 0.0152852
0.145 0.384 0.0218751
0.145 0.39 0.00387853
0.145 0.396 0.000926566
0.145 0.402 0.0053972
0.145 0.408 0.0254971
0.145 0.414 0.00792992
0.145 0.42 0.0200416
0.145 0.426 0.00841073
0.145 0.432 0.0266935
0.145 0.438 0.012123
0.145 0.444 0.0132179
0.145 0.45 0.0103596
0.145 0.456 0.0110284
0.145 0.462 0.0253887
0.145 0.468 0.00862088
0.145 0.474 0.00216581
0.145 0.48 0.0273257
0.145 0.486 0.00484604
0.145 0.492 0.00496881
0.145 0.498 0.0305668
0.145 0.504 0.0215532
0.145 0.51 0.0284906
0.145 0.516 0.0344184
0.145 0.522 0.0272104
0.145 0.528 0.0245154
0.145 0.534 0.0307299
0.145 0.54 0.0109832
0.145 0.546 0.0555866
0.145 0.552 0.0463929
0.145 0.558 0.00970897
0.145 0.564 0.0202514
0.145 0.57 0.0165843
0.145 0.576 0.0215474
0.145 0.582 0.000687906
0.145 0.588 0.0115115
0.145 0.594 0.000606898
0.145 0.6 0.00495426
0.15 0 0.342314
0.15 0.006 0.458081
0.15 0.012 0.402584
0.15 0.018 0.254022
0.15 0.024 0.162787
0.15 0.03 0.0999107
0.15 0.036 0.0819577
0.15 0.042 0.049536
0.15 0.048 0.045036
0.15 0.054 0.00813484
0.15 0.06 0.00659633
0.15 0.066 0.0123916
0.15 0.072 0.0334717
0.15 0.078 0.0145619
0.15 0.084 0.0149537
0.15 0.09 0.0160428
0.15 0.096 0.0197791
0.15 0.102 0.00493565
0.15 0.108 0.00110872
0.15 0.114 0.00603033
0.15 0.12 0.00320972
0.15 0.126 0.00488443
0.15 0.132 0.0105261
0.15 0.138 0.0107992
0.15 0.144 0.0170807
0.15 0.15 0.00131389
0.15 0.156 0.00457301
0.15 0.162 0.00377658
0.15 0.168 0.00793708
0.15 0.174 0.00211309
0.15 0.18 0.00344317
0.15 0.186 0.000107644
0.15 0.192 0.00346046
0.15 0.198 0.00978212
0.15 0.204 0.00108689
0.15 0.21 0.0116666
0.15 0.216 0.00182132
0.15 0.222 0.00121467
0.15 0.228 0.00449884
0.15 0.234 0.0160935
0.15 0.24 0.002022
0.15 0.246 0.00787784
0.15 0.252 0.0209226
0.15 0.258 0.00707103
0.15 0.264 0.0121895
0.15 0.27 0.00953296
0.15 0.276 0.00256808
0.15 0.282 0.000352857
0.15 0.288 0.0207648
0.15 0.294 0.0051569
0.15 0.3 0.00157782
0.15 0.306 0.000642815
0.15 0.312 0.00956591
0.15 0.318 0.00187873
0.15 0.324 0.0120747
0.15 0.33 0.00375559
0.15 0.336 0.00862399
0.15 0.342 0.00901489
0.15 0.348 0.00727378
0.15 0.354 0.00662757
0.15 0.36 0.000850244
0.15 0.366 0.0126189
0.15 0.372 0.00820733
0.15 0.378 0.0144631
0.15 0.384 0.0186532
0.15 0.39 0.00703972
0.15 0.396 0.0023182
0.15 0.402 0.00549292
0.15 0.408 0.0243438
0.15 0.414 0.00820606
0.15 0.42 0.0195213
0.15 0.426 0.0106687
0.15 0.432 0.0313024
0.15 0.438 0.00948631
0.15 0.444 0.00979977
0.15 0.45 0.00890449
0.15 0.456 0.0113542
0.15 0.462 0.0236409
0.15 0.468 0.00991478
0.15 0.474 0.000557424
0.15 0.48 0.0263191
0.15 0.486 0.00461053
0.15 0.492 0.00248895
0.15 0.498 0.0280602
0.15 0.504 0.0192711
0.15 0.51 0.0281389
0.15 0.516 0.031014
0.15 0.522 0.0206293
0.15 0.528 0.0210976
0.15 0.534 0.0324332
0.15 0.54 0.0112702
0.15 0.546 0.0571515
0.15 0.552 0.0439199
0.15 0.558 0.00825789
0.15 0.564 0.0177451
0.15 0.57 0.0198442
0.15 0.576 0.0215536
0.15 0.582 0.000632919
0.15 0.588 0.0119524
0.15 0.594 0.000503148
0.15 0.6 0.0033784
0.155 0 0.329558
0.155 0.006 0.452058
0.155 0.012 0.411906
0.155 0.018 0.263703
0.155 0.024 0.168759
0.155 0.03 0.104624
0.155 0.036 0.0806747
0.155 0.042 0.0536377
0.155 0.048 0.0494203
0.155 0.054 0.00678851
0.155 0.06 0.0119645
0.155 0.066 0.0117165
0.155 0.072 0.032612
0.155 0.078 0.015956
0.155 0.084 0.0143419
0.155 0.09 0.0174515
0.155 0.096 0.0230806
0.155 0.102 0.00477067
0.155 0.108 0.00330489
0.155 0.114 0.00721032
0.155 0.12 0.00266959
0.155 0.126 0.00819466
0.155 0.132 0.00823727
0.155 0.138 0.00985634
0.155 0.144 0.021024
0.155 0.15 7.80389e-05
0.155 0.156 0.00526775
0.155 0.162 0.00503537
0.155 0.168 0.00905883
0.155 0.174 0.00217311
0.155 0.18 0.0101633
0.155 0.186 0.000990236
0.155 0.192 0.00496662
0.155 0.198 0.00734111
0.155 0.204 0.00770254
0.155 0.21 0.00786359
0.155 0.216 0.0070087
0.155 0.222 0.000987316
0.155 0.228 0.0103096
0.155 0.234 0.0146649
0.155 0.24 0.00608528
0.155 0.246 0.00725954
0.155 0.252 0.0194205
0.155 0.258 0.00780142
0.155 0.264 0.0125018
0.155 0.27 0.00622285
0.155 0.276 0.00117218
0.155 0.282 0.00292881
0.155 0.288 0.0246435
0.155 0.294 0.00561588
0.155 0.3 0.00068507
0.155 0.306 0.0021187
0.155 0.312 0.00760029
0.155 0.318 0.00156335
0.155 0.324 0.0111916
0.155 0.33 0.00227717
0.155 0.336 0.00649732
0.155 0.342 0.0110688
0.155 0.348 0.00669134
0.155 0.354 0.00866535
0.155 0.36 0.00180992
0.155 0.366 0.0129525
0.155 0.372 0.00849364
0.155 0.378 0.0116429
0.155 0.384 0.0166613
0.155 0.39 0.00748021
0.155 0.396 0.00253316
0.155 0.402 0.00812507
0.155 0.408 0.0224323
0.155 0.414 0.0103656
0.155 0.42 0.0183326
0.155 0.426 0.00934537
0.155 0.432 0.0324444
0.155 0.438 0.00564919
0.155 0.444 0.00724263
0.155 0.45 0.00920736
0.155 0.456 0.0113192
0.155 0.462 0.0215165
0.155 0.468 0.0107492
0.155 0.474 0.00298323
0.155 0.48 0.0243342
0.155 0.486 0.00350515
0.155 0.492 0.000155282
0.155 0.498 0.0258964
0.155 0.504 0.0142162
0.155 0.51 0.029102
0.155 0.516 0.0269527
0.155 0.522 0.0174833
0.155 0.528 0.0181839
0.155 0.534 0.0360065
0.155 0.54 0.0110332
0.155 0.546 0.0565889
0.155 0.552 0.0406904
0.155 0.558 0.00874219
0.155 0.564 0.017307
0.155 0.57 0.0225143
0.155 0.576 0.0220586
0.155 0.582 0.00127832
0.155 0.588 0.0137662
0.155 0.594 0.00069431
0.155 0.6 0.000699821
0.16 0 0.315997
0.16 0.006 0.444034
0.16 0.012 0.420447
0.16 0.018 0.274216
0.16 0.024 0.17525
0.16 0.03 0.109636
0.16 0.036 0.0791045
0.16 0.042 0.0578963
0.16 0.048 0.0537505
0.16 0.054 0.00778787
0.16 0.06 0.0190576
0.16 0.066 0.0110391
0.16 0.072 0.0291633
0.16 0.078 0.0176894
0.16 0.084 0.0129056
0.16 0.09 0.0179138
0.16 0.096 0.0269163
0.16 0.102 0.00302154
0.16 0.108 0.00560221
0.16 0.114 0.008834
0.16 0.12 0.0038376
0.16 0.126 0.0103043
0.16 0.132 0.0053535
0.16 0.138 0.00920587
0.16 0.144 0.0219556
0.16 0.15 0.00258013
0.16 0.156 0.00621452
0.16 0.162 0.00733011
0.16 0.168 0.0104526
0.16 0.174 0.00191145
0.16 0.18 0.0103927
0.16 0.186 0.00285282
0.16 0.192 0.00427156
0.16 0.198 0.00425808
0.16 0.204 0.0110455
0.16 0.21 0.00412553
0.16 0.216 0.00812314
0.16 0.222 0.00144982
0.16 0.228 0.0120264
0.16 0.234 0.0107131
0.16 0.24 0.0104393
0.16 0.246 0.00532333
0.16 0.252 0.0154472
0.16 0.258 0.00810318
0.16 0.264 0.0116583
0.16 0.27 0.00408617
0.16 0.276 0.000558406
0.16 0.282 0.00476715
0.16 0.288 0.0253467
0.16 0.294 0.00668577
0.16 0.3 0.00163592
0.16 0.306 0.00249303
0.16 0.312 0.00406386
0.16 0.318 0.00400909
0.16 0.324 0.00792155
0.16 0.33 0.000639379
0.16 0.336 0.00603403
0.16 0.342 0.0117282
0.16 0.348 0.00596948
0.16 0.354 0.00833403
0.16 0.36 0.00294922
0.16 0.366 0.0145693
0.16 0.372 0.00819567
0.16 0.378 0.00865841
0.16 0.384 0.0165188
0.16 0.39 0.00522927
0.16 0.396 0.00183357
0.16 0.402 0.0104018
0.16 0.408 0.021041
0.16 0.414 0.0132893
0.16 0.42 0.0167141
0.16 0.426 0.00435033
0.16 0.432 0.0294622
0.16 0.438 0.00228852
0.16 0.444 0.00629987
0.16 0.45 0.010582
0.16 0.456 0.0105327
0.16 0.462 0.0208667
0.16 0.468 0.0112282
0.16 0.474 0.00505125
0.16 0.48 0.0223628
0.16 0.486 0.00120272
0.16 0.492 0.00010642
0.16 0.498 0.0258155
0.16 0.504 0.00907099
0.16 0.51 0.0306543
0.16 0.516 0.0234168
0.16 0.522 0.0201451
0.16 0.528 0.0153252
0.16 0.534 0.040779
0.16 0.54 0.01194
0.16 0.546 0.054203
0.16 0.552 0.0391475
0.16 0.558 0.0100729
0.16 0.564 0.0187786
0.16 0.57 0.0234014
0.16 0.576 0.0232182
0.16 0.582 0.000547908
0.16 0.588 0.016711
0.16 0.594 0.00133757
0.16 0.6 0.00150466
0.165 0 0.302412
0.165 0.006 0.434605
0.165 0.012 0.4283
0.165 0.018 0.285769
0.165 0.024 0.182551
0.165 0.03 0.114938
0.165 0.036 0.0776313
0.165 0.042 0.0622588
0.165 0.048 0.0578852
0.165 0.054 0.0112767
0.165 0.06 0.026483
0.165 0.066 0.0101086
0.165 0.072 0.0238609
0.165 0.078 0.0196194
0.165 0.084 0.0106737
0.165 0.09 0.0174863
0.165 0.096 0.0306839
0.165 0.102 0.000157574
0.165 0.108 0.00724468
0.165 0.114 0.0102245
0.165 0.12 0.00544783
0.165 0.126 0.0111993
0.165 0.132 0.00253024
0.165 0.138 0.00861205
0.165 0.144 0.0187658
0.165 0.15 0.0049986
0.165 0.156 0.00609548
0.165 0.162 0.00821957
0.165 0.168 0.0104176
0.165 0.174 0.00114079
0.165 0.18 0.00381007
0.165 0.186 0.00467549
0.165 0.192 0.00146925
0.165 0.198 0.00212245
0.165 0.204 0.00988049
0.165 0.21 0.000943245
0.165 0.216 0.00571404
0.165 0.222 0.00507659
0.165 0.228 0.00873107
0.165 0.234 0.00698243
0.165 0.24 0.0128358
0.165 0.246 0.00303507
0.165 0.252 0.011363
0.165 0.258 0.00816126
0.165 0.264 0.0113662
0.165 0.27 0.00457081
0.165 0.276 0.00087493
0.165 0.282 0.004508
0.165 0.288 0.0229098
0.165 0.294 0.00789353
0.165 0.3 0.00112208
0.165 0.306 0.000383841
0.165 0.312 0.00128993
0.165 0.318 0.00706346
0.165 0.324 0.00351832
0.165 0.33 0.000673397
0.165 0.336 0.00755762
0.165 0.342 0.0113051
0.165 0.348 0.00654163
0.165 0.354 0.00747346
0.165 0.36 0.00197773
0.165 0.366 0.0170236
0.165 0.372 0.00852325
0.165 0.378 0.00687061
0.165 0.384 0.0177461
0.165 0.39 0.00232099
0.165 0.396 0.000835733
0.165 0.402 0.0100905
0.165 0.408 0.0208255
0.165 0.414 0.0148982
0.165 0.42 0.0153084
0.165 0.426 0.0019568
0.165 0.432 0.025398
0.165 0.438 8.80584e-05
0.165 0.444 0.00652748
0.165 0.45 0.0120592
0.165 0.456 0.00944017
0.165 0.462 0.0225153
0.165 0.468 0.0116889
0.165 0.474 0.00672153
0.165 0.48 0.021298
0.165 0.486 0.00139412
0.165 0.492 0.00221227
0.165 0.498 0.0279354
0.165 0.504 0.00732264
0.165 0.51 0.0318524
0.165 0.516 0.020929
0.165 0.522 0.0257576
0.165 0.528 0.0121154
0.165 0.534 0.0444588
0.165 0.54 0.0152338
0.165 0.546 0.0515439
0.165 0.552 0.0407314
0.165 0.558 0.0108329
0.165 0.564 0.0211749
0.165 0.57 0.0222335
0.165 0.576 0.0247459
0.165 0.582 0.00125284
0.165 0.588 0.0199901
0.165 0.594 0.00201501
0.165 0.6 0.00224716
0.17 0 0.289317
0.17 0.006 0.424185
0.17 0.012 0.435397
0.17 0.018 0.298458
0.17 0.024 0.190829
0.17 0.03 0.120472
0.17 0.036 0.0766564
0.17 0.042 0.0666763
0.17 0.048 0.0617346
0.17 0.054 0.0170235
0.17 0.06 0.033003
0.17 0.066 0.00877059
0.17 0.072 0.0180651
0.17 0.078 0.0216139
0.17 0.084 0.00764411
0.17 0.09 0.016404
0.17 0.096 0.0335605
0.17 0.102 0.0041201
0.17 0.108 0.0080372
0.17 0.114 0.0106048
0.17 0.12 0.00612724
0.17 0.126 0.0113127
0.17 0.132 0.00102756
0.17 0.138 0.00701148
0.17 0.144 0.0131521
0.17 0.15 0.00521564
0.17 0.156 0.00484232
0.17 0.162 0.00645309
0.17 0.168 0.00773033
0.17 0.174 0.000720796
0.17 0.18 0.00631334
0.17 0.186 0.00389715
0.17 0.192 0.000911842
0.17 0.198 0.000357841
0.17 0.204 0.0045701
0.17 0.21 0.00174406
0.17 0.216 0.00246958
0.17 0.222 0.0077426
0.17 0.228 0.00233175
0.17 0.234 0.0057154
0.17 0.24 0.0115596
0.17 0.246 0.00156068
0.17 0.252 0.0085552
0.17 0.258 0.00863314
0.17 0.264 0.0127154
0.17 0.27 0.00743428
0.17 0.276 0.00142505
0.17 0.282 0.00350795
0.17 0.288 0.0187688
0.17 0.294 0.00854743
0.17 0.3 0.000515201
0.17 0.306 0.00625392
0.17 0.312 0.000726708
0.17 0.318 0.00870794
0.17 0.324 0.000335697
0.17 0.33 0.00101144
0.17 0.336 0.010261
0.17 0.342 0.0113169
0.17 0.348 0.00891467
0.17 0.354 0.00710343
0.17 0.36 0.00023497
0.17 0.366 0.0186399
0.17 0.372 0.00927004
0.17 0.378 0.0062272
0.17 0.384 0.0184251
0.17 0.39 0.00109442
0.17 0.396 3.09026e-05
0.17 0.402 0.0079525
0.17 0.408 0.0215841
0.17 0.414 0.0136547
0.17 0.42 0.0149243
0.17 0.426 0.00634406
0.17 0.432 0.0240942
0.17 0.438 0.00193586
0.17 0.444 0.00641847
0.17 0.45 0.0131567
0.17 0.456 0.00893059
0.17 0.462 0.025901
0.17 0.468 0.0124075
0.17 0.474 0.00773776
0.17 0.48 0.0213985
0.17 0.486 0.00301488
0.17 0.492 0.0047344
0.17 0.498 0.0311184
0.17 0.504 0.00980052
0.17 0.51 0.0326467
0.17 0.516 0.018761
0.17 0.522 0.0296899
0.17 0.528 0.00891903
0.17 0.534 0.0453138
0.17 0.54 0.0200712
0.17 0.546 0.050006
0.17 0.552 0.0443673
0.17 0.558 0.0101487
0.17 0.564 0.0234111
0.17 0.57 0.0199849
0.17 0.576 0.0254476
0.17 0.582 0.00290771
0.17 0.588 0.0226468
0.17 0.594 0.00196744
0.17 0.6 0.00161505
0.175 0 0.27616
0.175 0.006 0.412338
0.175 0.012 0.441112
0.175 0.018 0.312006
0.175 0.024 0.19993
0.175 0.03 0.126036
0.175 0.036 0.0764726
0.175 0.042 0.0710475
0.175 0.048 0.0652107
0.175 0.054 0.0244276
0.175 0.06 0.0377257
0.175 0.066 0.00703796
0.175 0.072 0.0133432
0.175 0.078 0.023468
0.175 0.084 0.00397162
0.175 0.09 0.0150197
0.175 0.096 0.0348438
0.175 0.102 0.00786113
0.175 0.108 0.00817325
0.175 0.114 0.00954449
0.175 0.12 0.00520729
0.175 0.126 0.0113165
0.175 0.132 0.00156085
0.175 0.138 0.00383437
0.175 0.144 0.0083617
0.175 0.15 0.00319531
0.175 0.156 0.00373538
0.175 0.162 0.00302042
0.175 0.168 0.00338842
0.175 0.174 0.00169808
0.175 0.18 0.0150673
0.175 0.186 0.000741739
0.175 0.192 0.000480468
0.175 0.198 0.00231541
0.175 0.204 0.00282341
0.175 0.21 0.00335105
0.175 0.216 0.00053949
0.175 0.222 0.00838894
0.175 0.228 0.00368202
0.175 0.234 0.006645
0.175 0.24 0.00683751
0.175 0.246 0.00146115
0.175 0.252 0.00639645
0.175 0.258 0.0104591
0.175 0.264 0.0147887
0.175 0.27 0.0105437
0.175 0.276 0.00538138
0.175 0.282 0.0034293
0.175 0.288 0.0149481
0.175 0.294 0.00838243
0.175 0.3 0.00282807
0.175 0.306 0.0114395
0.175 0.312 0.00194616
0.175 0.318 0.00872393
0.175 0.324 0.00220661
0.175 0.33 4.39748e-05
0.175 0.336 0.0131774
0.175 0.342 0.0127309
0.175 0.348 0.0120016
0.175 0.354 0.00647017
0.175 0.36 0.00203025
0.175 0.366 0.0178925
0.175 0.372 0.00873316
0.175 0.378 0.00572901
0.175 0.384 0.0167285
0.175 0.39 0.00222195
0.175 0.396 0.000509338
0.175 0.402 0.00674335
0.175 0.408 0.0229504
0.175 0.414 0.0102091
0.175 0.42 0.0157406
0.175 0.426 0.00722801
0.175 0.432 0.0265394
0.175 0.438 0.00468276
0.175 0.444 0.00488962
0.175 0.45 0.0142293
0.175 0.456 0.00929992
0.175 0.462 0.0294605
0.175 0.468 0.0134858
0.175 0.474 0.00763123
0.175 0.48 0.0226041
0.175 0.486 0.00346272
0.175 0.492 0.00631781
0.175 0.498 0.0340963
0.175 0.504 0.0138878
0.175 0.51 0.0335295
0.175 0.516 0.0167499
0.175 0.522 0.0306046
0.175 0.528 0.00693271
0.175 0.534 0.0440093
0.175 0.54 0.0239009
0.175 0.546 0.0492946
0.175 0.552 0.0472603
0.175 0.558 0.00801962
0.175 0.564 0.0245344
0.175 0.57 0.0181368
0.175 0.576 0.0242434
0.175 0.582 0.00323611
0.175 0.588 0.0243015
0.175 0.594 0.000784765
0.175 0.6 0.000469824
0.18 0 0.262562
0.18 0.006 0.398805
0.18 0.012 0.444919
0.18 0.018 0.326135
0.18 0.024 0.209656
0.18 0.03 0.131505
0.18 0.036 0.0773729
0.18 0.042 0.0753065
0.18 0.048 0.0682733
0.18 0.054 0.0326946
0.18 0.06 0.0402432
0.18 0.066 0.00511063
0.18 0.072 0.0109922
0.18 0.078 0.0248933
0.18 0.084 0.00013545
0.18 0.09 0.0137515
0.18 0.096 0.0342566
0.18 0.102 0.0101538
0.18 0.108 0.00795289
0.18 0.114 0.00719315
0.18 0.12 0.00302458
0.18 0.126 0.0118214
0.18 0.132 0.00370343
0.18 0.138 0.000148695
0.18 0.144 0.00690062
0.18 0.15 8.99175e-05
0.18 0.156 0.00394768
0.18 0.162 4.6208e-05
0.18 0.168 2.65696e-05
0.18 0.174 0.00397819
0.18 0.18 0.0185487
0.18 0.186 0.0071085
0.18 0.192 0.00264948
0.18 0.198 0.00536438
0.18 0.204 0.00940668
0.18 0.21 0.00253658
0.18 0.216 0.000306956
0.18 0.222 0.00755327
0.18 0.228 0.00652398
0.18 0.234 0.00741733
0.18 0.24 0.000751403
0.18 0.246 0.0024639
0.18 0.252 0.00365966
0.18 0.258 0.0135614
0.18 0.264 0.0157892
0.18 0.27 0.0115193
0.18 0.276 0.00811687
0.18 0.282 0.00462867
0.18 0.288 0.0130333
0.18 0.294 0.00730544
0.18 0.3 0.0047965
0.18 0.306 0.0117462
0.18 0.312 0.00344282
0.18 0.318 0.00803411
0.18 0.324 0.00156451
0.18 0.33 0.0020117
0.18 0.336 0.0157994
0.18 0.342 0.0149984
0.18 0.348 0.0139199
0.18 0.354 0.00447007
0.18 0.36 0.00227445
0.18 0.366 0.0145733
0.18 0.372 0.00591444
0.18 0.378 0.00478087
0.18 0.384 0.0130244
0.18 0.39 0.00446147
0.18 0.396 0.00084856
0.18 0.402 0.00828756
0.18 0.408 0.0248731
0.18 0.414 0.00730149
0.18 0.42 0.0169531
0.18 0.426 0.00544474
0.18 0.432 0.0303736
0.18 0.438 0.00694348
0.18 0.444 0.00228127
0.18 0.45 0.0159977
0.18 0.456 0.00992108
0.18 0.462 0.0314898
0.18 0.468 0.0148815
0.18 0.474 0.00634453
0.18 0.48 0.0248943
0.18 0.486 0.00402904
0.18 0.492 0.00692281
0.18 0.498 0.0360793
0.18 0.504 0.0162244
0.18 0.51 0.0342925
0.18 0.516 0.0160772
0.18 0.522 0.0307064
0.18 0.528 0.00751746
0.18 0.534 0.0427028
0.18 0.54 0.0246357
0.18 0.546 0.0480548
0.18 0.552 0.0472204
0.18 0.558 0.00543336
0.18 0.564 0.0239762
0.18 0.57 0.0171848
0.18 0.576 0.0215614
0.18 0.582 0.00224188
0.18 0.588 0.0253866
0.18 0.594 0.00112492
0.18 0.6 0.000245449
0.185 0 0.249153
0.185 0.006 0.384198
0.185 0.012 0.446837
0.185 0.018 0.34081
0.185 0.024 0.220007
0.185 0.03 0.136967
0.185 0.036 0.0797146
0.185 0.042 0.0794554
0.185 0.048 0.0709594
0.185 0.054 0.0409785
0.185 0.06 0.0406889
0.185 0.066 0.00339766
0.185 0.072 0.0116305
0.185 0.078 0.0255536
0.185 0.084 0.0031226
0.185 0.09 0.0128769
0.185 0.096 0.0320926
0.185 0.102 0.0100175
0.185 0.108 0.00768683
0.185 0.114 0.00416693
0.185 0.12 0.000521049
0.185 0.126 0.0130054
0.185 0.132 0.00645411
0.185 0.138 0.00183746
0.185 0.144 0.00904838
0.185 0.15 0.00358572
0.185 0.156 0.00534569
0.185 0.162 0.00130661
0.185 0.168 0.00052223
0.185 0.174 0.00610898
0.185 0.18 0.0158846
0.185 0.186 0.0110822
0.185 0.192 0.0063896
0.185 0.198 0.00652313
0.185 0.204 0.0130013
0.185 0.21 0.00124826
0.185 0.216 0.00105196
0.185 0.222 0.0059701
0.185 0.228 0.00553743
0.185 0.234 0.00596663
0.185 0.24 0.00373724
0.185 0.246 0.00354658
0.185 0.252 0.000816975
0.185 0.258 0.0164103
0.185 0.264 0.0149966
0.185 0.27 0.00979778
0.185 0.276 0.00730914
0.185 0.282 0.00611449
0.185 0.288 0.0134127
0.185 0.294 0.00491134
0.185 0.3 0.00494316
0.185 0.306 0.00652896
0.185 0.312 0.00426527
0.185 0.318 0.0071167
0.185 0.324 0.000949939
0.185 0.33 0.00351457
0.185 0.336 0.0176046
0.185 0.342 0.0167364
0.185 0.348 0.0135006
0.185 0.354 0.00145451
0.185 0.36 0.00141705
0.185 0.366 0.00988468
0.185 0.372 0.00236473
0.185 0.378 0.0038551
0.185 0.384 0.00976908
0.185 0.39 0.00618065
0.185 0.396 0.000728571
0.185 0.402 0.0119182
0.185 0.408 0.0271743
0.185 0.414 0.00745423
0.185 0.42 0.0175183
0.185 0.426 0.00280924
0.185 0.432 0.0324956
0.185 0.438 0.0064622
0.185 0.444 7.52763e-05
0.185 0.45 0.0186585
0.185 0.456 0.0101096
0.185 0.462 0.0313054
0.185 0.468 0.0165084
0.185 0.474 0.00493278
0.185 0.48 0.0279603
0.185 0.486 0.00619276
0.185 0.492 0.00698318
0.185 0.498 0.0370057
0.185 0.504 0.0160094
0.185 0.51 0.034421
0.185 0.516 0.0171435
0.185 0.522 0.0316103
0.185 0.528 0.0111655
0.185 0.534 0.0424534
0.185 0.54 0.0222649
0.185 0.546 0.0458011
0.185 0.552 0.0441768
0.185 0.558 0.00400889
0.185 0.564 0.0222035
0.185 0.57 0.0161969
0.185 0.576 0.0192116
0.185 0.582 0.00118689
0.185 0.588 0.0264585
0.185 0.594 0.00294379
0.185 0.6 0.000156162
0.19 0 0.23644
0.19 0.006 0.369056
0.19 0.012 0.446876
0.19 0.018 0.355852
0.19 0.024 0.231008
0.19 0.03 0.142568
0.19 0.036 0.0837567
0.19 0.042 0.0834498
0.19 0.048 0.0733098
0.19 0.054 0.0484164
0.19 0.06 0.0396352
0.19 0.066 0.0024916
0.19 0.072 0.0149753
0.19 0.078 0.0251175
0.19 0.084 0.00509267
0.19 0.09 0.0123199
0.19 0.096 0.0290629
0.19 0.102 0.00740064
0.19 0.108 0.00773199
0.19 0.114 0.00126921
0.19 0.12 0.00148008
0.19 0.126 0.0143906
0.19 0.132 0.0089237
0.19 0.138 0.00064457
0.19 0.144 0.0130733
0.19 0.15 0.00769561
0.19 0.156 0.00674997
0.19 0.162 0.00166964
0.19 0.168 0.00187747
0.19 0.174 0.00662011
0.19 0.18 0.00936632
0.19 0.186 0.010371
0.19 0.192 0.00916506
0.19 0.198 0.00470472
0.19 0.204 0.0129026
0.19 0.21 0.0063168
0.19 0.216 0.00198041
0.19 0.222 0.00377493
0.19 0.228 0.00189124
0.19 0.234 0.0024652
0.19 0.24 0.00440749
0.19 0.246 0.00345448
0.19 0.252 8.89052e-05
0.19 0.258 0.0175267
0.19 0.264 0.0131913
0.19 0.27 0.00705287
0.19 0.276 0.0034255
0.19 0.282 0.00678506
0.19 0.288 0.0151055
0.19 0.294 0.000886605
0.19 0.3 0.00263639
0.19 0.306 0.000543083
0.19 0.312 0.00472025
0.19 0.318 0.00560996
0.19 0.324 0.00391981
0.19 0.33 0.00330568
0.19 0.336 0.0178755
0.19 0.342 0.0168589
0.19 0.348 0.011162
0.19 0.354 0.00103113
0.19 0.36 0.00121089
0.19 0.366 0.00571741
0.19 0.372 0.0010244
0.19 0.378 0.00384159
0.19 0.384 0.00894667
0.19 0.39 0.00670701
0.19 0.396 0.000182826
0.19 0.402 0.0156077
0.19 0.408 0.0288573
0.19 0.414 0.0105161
0.19 0.42 0.0171175
0.19 0.426 0.000512736
0.19 0.432 0.0316466
0.19 0.438 0.00319793
0.19 0.444 0.000933467
0.19 0.45 0.0215417
0.19 0.456 0.0101123
0.19 0.462 0.029873
0.19 0.468 0.018325
0.19 0.474 0.00526155
0.19 0.48 0.030778
0.19 0.486 0.00988252
0.19 0.492 0.00640239
0.19 0.498 0.0376823
0.19 0.504 0.01561
0.19 0.51 0.0346945
0.19 0.516 0.018098
0.19 0.522 0.031994
0.19 0.528 0.0168094
0.19 0.534 0.0421446
0.19 0.54 0.0185141
0.19 0.546 0.0435074
0.19 0.552 0.0399467
0.19 0.558 0.00466967
0.19 0.564 0.0204332
0.19 0.57 0.0142383
0.19 0.576 0.0188667
0.19 0.582 0.00122824
0.19 0.588 0.0273984
0.19 0.594 0.00425343
0.19 0.6 0.000337126
0.195 0 0.223972
0.195 0.006 0.353136
0.195 0.012 0.444613
0.195 0.018 0.370663
0.195 0.024 0.242594
0.195 0.03 0.14837
0.195 0.036 0.0895223
0.195 0.042 0.0871411
0.195 0.048 0.0753143
0.195 0.054 0.0542166
0.195 0.06 0.0378781
0.195 0.066 0.0030294
0.195 0.072 0.0199373
0.195 0.078 0.0233604
0.195 0.084 0.00543346
0.195 0.09 0.0117275
0.195 0.096 0.0259084
0.195 0.102 0.00330556
0.195 0.108 0.00843318
0.195 0.114 0.000744128
0.195 0.12 0.00272997
0.195 0.126 0.0150185
0.195 0.132 0.0104911
0.195 0.138 0.00308353
0.195 0.144 0.0166081
0.195 0.15 0.0112384
0.195 0.156 0.00705208
0.195 0.162 0.0022367
0.195 0.168 0.00539845
0.195 0.174 0.00540846
0.195 0.18 0.00258366
0.195 0.186 0.00650433
0.195 0.192 0.011142
0.195 0.198 0.00201544
0.195 0.204 0.00949023
0.195 0.21 0.00933602
0.195 0.216 0.0024911
0.195 0.222 0.00143174
0.195 0.228 0.00263779
0.195 0.234 0.00104243
0.195 0.24 0.00161442
0.195 0.246 0.00166128
0.195 0.252 0.00270949
0.195 0.258 0.0168133
0.195 0.264 0.011374
0.195 0.27 0.0056041
0.195 0.276 0.000693599
0.195 0.282 0.00648716
0.195 0.288 0.016342
0.195 0.294 0.0040122
0.195 0.3 0.000987339
0.195 0.306 0.00485589
0.195 0.312 0.00553659
0.195 0.318 0.00332099
0.195 0.324 0.00586348
0.195 0.33 0.00140756
0.195 0.336 0.0166324
0.195 0.342 0.0151767
0.195 0.348 0.00851609
0.195 0.354 0.00223682
0.195 0.36 0.00299149
0.195 0.366 0.00359447
0.195 0.372 0.00304626
0.195 0.378 0.00504496
0.195 0.384 0.0100289
0.195 0.39 0.00626389
0.195 0.396 0.00153158
0.195 0.402 0.018122
0.195 0.408 0.0283537
0.195 0.414 0.0135831
0.195 0.42 0.0162201
0.195 0.426 0.00118028
0.195 0.432 0.0287963
0.195 0.438 7.30346e-05
0.195 0.444 3.82366e-05
0.195 0.45 0.0237715
0.195 0.456 0.0108389
0.195 0.462 0.0289195
0.195 0.468 0.0203091
0.195 0.474 0.00859821
0.195 0.48 0.0320865
0.195 0.486 0.0132824
0.195 0.492 0.00469454
0.195 0.498 0.0391382
0.195 0.504 0.0179913
0.195 0.51 0.0368388
0.195 0.516 0.0167705
0.195 0.522 0.0296063
0.195 0.528 0.022159
0.195 0.534 0.0400506
0.195 0.54 0.015427
0.195 0.546 0.0425094
0.195 0.552 0.0369512
0.195 0.558 0.00638537
0.195 0.564 0.0189793
0.195 0.57 0.0118247
0.195 0.576 0.0209295
0.195 0.582 0.00211061
0.195 0.588 0.0275647
0.195 0.594 0.00518299
0.195 0.6 0.000496598
0.2 0 0.211354
0.2 0.006 0.336261
0.2 0.012 0.439735
0.2 0.018 0.38457
0.2 0.024 0.254834
0.2 0.03 0.154483
0.2 0.036 0.096891
0.2 0.042 0.090386
0.2 0.048 0.076966
0.2 0.054 0.0578506
0.2 0.06 0.036248
0.2 0.066 0.00549091
0.2 0.072 0.0250372
0.2 0.078 0.0203087
0.2 0.084 0.00434281
0.2 0.09 0.0108036
0.2 0.096 0.023039
0.2 0.102 0.000940636
0.2 0.108 0.00988718
0.2 0.114 0.0013492
0.2 0.12 0.00348738
0.2 0.126 0.0140147
0.2 0.132 0.0110149
0.2 0.138 0.00704587
0.2 0.144 0.0180801
0.2 0.15 0.0129533
0.2 0.156 0.00613819
0.2 0.162 0.00312724
0.2 0.168 0.00772086
0.2 0.174 0.00347683
0.2 0.18 0.00188085
0.2 0.186 0.00258984
0.2 0.192 0.0128994
0.2 0.198 0.00200238
0.2 0.204 0.00387126
0.2 0.21 0.00764048
0.2 0.216 0.00212366
0.2 0.222 0.000422565
0.2 0.228 0.00659102
0.2 0.234 0.00276361
0.2 0.24 0.00166053
0.2 0.246 0.00117302
0.2 0.252 0.00681227
0.2 0.258 0.0149839
0.2 0.264 0.00951142
0.2 0.27 0.00643287
0.2 0.276 0.00238794
0.2 0.282 0.00593863
0.2 0.288 0.0157385
0.2 0.294 0.00777626
0.2 0.3 0.00374406
0.2 0.306 0.00467448
0.2 0.312 0.00667098
0.2 0.318 0.00102984
0.2 0.324 0.00571484
0.2 0.33 0.000831229
0.2 0.336 0.0152964
0.2 0.342 0.01245
0.2 0.348 0.00717976
0.2 0.354 0.00315622
0.2 0.36 0.00608179
0.2 0.366 0.00375669
0.2 0.372 0.00632736
0.2 0.378 0.00689752
0.2 0.384 0.0107661
0.2 0.39 0.00534072
0.2 0.396 0.00228798
0.2 0.402 0.019758
0.2 0.408 0.0248378
0.2 0.414 0.0133808
0.2 0.42 0.0154697
0.2 0.426 0.0025172
0.2 0.432 0.0256439
0.2 0.438 0.00119732
0.2 0.444 0.00193011
0.2 0.45 0.0251422
0.2 0.456 0.0124905
0.2 0.462 0.0290921
0.2 0.468 0.0223588
0.2 0.474 0.0144363
0.2 0.48 0.0314587
0.2 0.486 0.0144823
0.2 0.492 0.00162786
0.2 0.498 0.0413607
0.2 0.504 0.023507
0.2 0.51 0.0411653
0.2 0.516 0.0129649
0.2 0.522 0.0239234
0.2 0.528 0.0249994
0.2 0.534 0.0358801
0.2 0.54 0.0141043
0.2 0.546 0.0435581
0.2 0.552 0.0366195
0.2 0.558 0.00683543
0.2 0.564 0.0166903
0.2 0.57 0.0104587
0.2 0.576 0.0245926
0.2 0.582 0.00260434
0.2 0.588 0.0266638
0.2 0.594 0.00580471
0.2 0.6 2.63493e-05
0.205 0 0.199101
0.205 0.006 0.31902
0.205 0.012 0.432481
0.205 0.018 0.397145
0.205 0.024 0.268053
0.205 0.03 0.161154
0.205 0.036 0.105702
0.205 0.042 0.0931376
0.205 0.048 0.0783109
0.205 0.054 0.0591598
0.205 0.06 0.0354861
0.205 0.066 0.0100436
0.205 0.072 0.0289477
0.205 0.078 0.0163187
0.205 0.084 0.00244742
0.205 0.09 0.0095662
0.205 0.096 0.0203797
0.205 0.102 0.00450305
0.205 0.108 0.0117123
0.205 0.114 0.000443609
0.205 0.12 0.00415105
0.205 0.126 0.0111779
0.205 0.132 0.0112056
0.205 0.138 0.0091116
0.205 0.144 0.0174618
0.205 0.15 0.0129425
0.205 0.156 0.00514026
0.205 0.162 0.00343355
0.205 0.168 0.00715983
0.205 0.174 0.00145357
0.205 0.18 0.00342625
0.205 0.186 0.000422484
0.205 0.192 0.0137663
0.205 0.198 0.00592583
0.205 0.204 0.00196796
0.205 0.21 0.00118022
0.205 0.216 0.000884494
0.205 0.222 0.00198396
0.205 0.228 0.00908277
0.205 0.234 0.00271019
0.205 0.24 0.00261757
0.205 0.246 0.00391274
0.205 0.252 0.00897708
0.205 0.258 0.0126077
0.205 0.264 0.00673026
0.205 0.27 0.00854592
0.205 0.276 0.00127299
0.205 0.282 0.00592911
0.205 0.288 0.0133749
0.205 0.294 0.00830936
0.205 0.3 0.00385784
0.205 0.306 0.00173858
0.205 0.312 0.00725354
0.205 0.318 7.97894e-05
0.205 0.324 0.00309898
0.205 0.33 0.00187121
0.205 0.336 0.0157404
0.205 0.342 0.00982102
0.205 0.348 0.00772728
0.205 0.354 0.00494642
0.205 0.36 0.00818533
0.205 0.366 0.00514427
0.205 0.372 0.00764744
0.205 0.378 0.00838811
0.205 0.384 0.00960981
0.205 0.39 0.00458647
0.205 0.396 0.00182579
0.205 0.402 0.0211313
0.205 0.408 0.0193274
0.205 0.414 0.00872162
0.205 0.42 0.0152905
0.205 0.426 0.00395161
0.205 0.432 0.0228375
0.205 0.438 0.00117325
0.205 0.444 0.00305235
0.205 0.45 0.0261101
0.205 0.456 0.0138304
0.205 0.462 0.0292237
0.205 0.468 0.024304
0.205 0.474 0.0208022
0.205 0.48 0.0295518
0.205 0.486 0.0131582
0.205 0.492 0.00258909
0.205 0.498 0.0431809
0.205 0.504 0.0291985
0.205 0.51 0.0459176
0.205 0.516 0.00780129
0.205 0.522 0.0162306
0.205 0.528 0.0244572
0.205 0.534 0.0309889
0.205 0.54 0.0140202
0.205 0.546 0.0466847
0.205 0.552 0.0382483
0.205 0.558 0.0046719
0.205 0.564 0.0130092
0.205 0.57 0.0110694
0.205 0.576 0.0283501
0.205 0.582 0.00221525
0.205 0.588 0.0251446
0.205 0.594 0.00572703
0.205 0.6 0.000857849
0.21 0 0.187704
0.21 0.006 0.301987
0.21 0.012 0.423156
0.21 0.018 0.407958
0.21 0.024 0.28254
0.21 0.03 0.168615
0.21 0.036 0.115667
0.21 0.042 0.0953895
0.21 0.048 0.0793938
0.21 0.054 0.0582921
0.21 0.06 0.0361124
0.21 0.066 0.0164786
0.21 0.072 0.030914
0.21 0.078 0.0120104
0.21 0.084 0.000440303
0.21 0.09 0.00836671
0.21 0.096 0.0174599
0.21 0.102 0.00720151
0.21 0.108 0.013134
0.21 0.114 0.00155415
0.21 0.12 0.00493502
0.21 0.126 0.00713239
0.21 0.132 0.0121846
0.21 0.138 0.00879246
0.21 0.144 0.0161302
0.21 0.15 0.0124648
0.21 0.156 0.00565913
0.21 0.162 0.00278126
0.21 0.168 0.00338217
0.21 0.174 0.00103378
0.21 0.18 0.00288054
0.21 0.186 0.00416532
0.21 0.192 0.0124071
0.21 0.198 0.0113234
0.21 0.204 0.00555272
0.21 0.21 0.0073388
0.21 0.216 0.000535007
0.21 0.222 0.00536289
0.21 0.228 0.00966827
0.21 0.234 0.00223309
0.21 0.24 0.00141966
0.21 0.246 0.00583821
0.21 0.252 0.00773421
0.21 0.258 0.0103721
0.21 0.264 0.0026603
0.21 0.27 0.00994824
0.21 0.276 0.000822033
0.21 0.282 0.00675964
0.21 0.288 0.0108522
0.21 0.294 0.00498153
0.21 0.3 0.000771798
0.21 0.306 0.00112569
0.21 0.312 0.00673009
0.21 0.318 0.000316406
0.21 0.324 0.00133451
0.21 0.33 0.00123361
0.21 0.336 0.0186251
0.21 0.342 0.00773371
0.21 0.348 0.0094591
0.21 0.354 0.00682344
0.21 0.36 0.00762572
0.21 0.366 0.0065159
0.21 0.372 0.00603869
0.21 0.378 0.00866573
0.21 0.384 0.00695262
0.21 0.39 0.00484475
0.21 0.396 0.000657779
0.21 0.402 0.0218849
0.21 0.408 0.0142683
0.21 0.414 0.000981476
0.21 0.42 0.0158494
0.21 0.426 0.00574804
0.21 0.432 0.0195136
0.21 0.438 0.00208729
0.21 0.444 0.00216799
0.21 0.45 0.0270121
0.21 0.456 0.0132658
0.21 0.462 0.0277144
0.21 0.468 0.0260248
0.21 0.474 0.0256667
0.21 0.48 0.0271294
0.21 0.486 0.0105688
0.21 0.492 0.00727609
0.21 0.498 0.0438369
0.21 0.504 0.0314153
0.21 0.51 0.0494616
0.21 0.516 0.00210358
0.21 0.522 0.00840402
0.21 0.528 0.021267
0.21 0.534 0.0270774
0.21 0.54 0.0134283
0.21 0.546 0.0510088
0.21 0.552 0.0395556
0.21 0.558 0.000715018
0.21 0.564 0.00981069
0.21 0.57 0.0133737
0.21 0.576 0.0304538
0.21 0.582 0.00198366
0.21 0.588 0.0236989
0.21 0.594 0.00442856
0.21 0.6 0.00123422
0.215 0 0.176772
0.215 0.006 0.284994
0.215 0.012 0.411691
0.215 0.018 0.416352
0.215 0.024 0.298251
0.215 0.03 0.17694
0.215 0.036 0.126281
0.215 0.042 0.0971297
0.215 0.048 0.08021
0.215 0.054 0.0556179
0.215 0.06 0.0382849
0.215 0.066 0.0242346
0.215 0.072 0.0309197
0.215 0.078 0.00810585
0.215 0.084 0.00133033
0.215 0.09 0.00776713
0.215 0.096 0.0137902
0.215 0.102 0.00924296
0.215 0.108 0.0134962
0.215 0.114 0.00383907
0.215 0.12 0.00573475
0.215 0.126 0.00292166
0.215 0.132 0.0141709
0.215 0.138 0.00715963
0.215 0.144 0.0159289
0.215 0.15 0.0121917
0.215 0.156 0.00804151
0.215 0.162 0.00218592
0.215 0.168 0.00256882
0.215 0.174 0.00425556
0.215 0.18 0.00150727
0.215 0.186 0.00929469
0.215 0.192 0.00891701
0.215 0.198 0.0144949
0.215 0.204 0.00536445
0.215 0.21 0.0138328
0.215 0.216 0.00142874
0.215 0.222 0.00816652
0.215 0.228 0.00816784
0.215 0.234 0.00244678
0.215 0.24 0.000259593
0.215 0.246 0.00652126
0.215 0.252 0.00475176
0.215 0.258 0.00928189
0.215 0.264 0.00164787
0.215 0.27 0.00921326
0.215 0.276 0.00160525
0.215 0.282 0.00819196
0.215 0.288 0.010068
0.215 0.294 0.0007643
0.215 0.3 0.004667
0.215 0.306 0.00238456
0.215 0.312 0.00581246
0.215 0.318 0.00124817
0.215 0.324 0.00593278
0.215 0.33 0.000218704
0.215 0.336 0.0227952
0.215 0.342 0.00551692
0.215 0.348 0.0110764
0.215 0.354 0.00644883
0.215 0.36 0.0050867
0.215 0.366 0.00752695
0.215 0.372 0.00355151
0.215 0.378 0.00750318
0.215 0.384 0.00424093
0.215 0.39 0.00659899
0.215 0.396 0.000140887
0.215 0.402 0.0212739
0.215 0.408 0.0117668
0.215 0.414 0.00716538
0.215 0.42 0.0170242
0.215 0.426 0.00744388
0.215 0.432 0.0146839
0.215 0.438 0.00400838
0.215 0.444 0.000595375
0.215 0.45 0.0276364
0.215 0.456 0.0106031
0.215 0.462 0.0244486
0.215 0.468 0.0274027
0.215 0.474 0.0280226
0.215 0.48 0.0242623
0.215 0.486 0.00818424
0.215 0.492 0.0110583
0.215 0.498 0.0439685
0.215 0.504 0.0292567
0.215 0.51 0.0517715
0.215 0.516 0.00329207
0.215 0.522 0.00226345
0.215 0.528 0.0170465
0.215 0.534 0.02514
0.215 0.54 0.0112228
0.215 0.546 0.054643
0.215 0.552 0.0389669
0.215 0.558 0.00324271
0.215 0.564 0.009818
0.215 0.57 0.0163226
0.215 0.576 0.0296445
0.215 0.582 0.00335775
0.215 0.588 0.0227029
0.215 0.594 0.00186458
0.215 0.6 0.000654048
0.22 0 0.165876
0.22 0.006 0.267833
0.22 0.012 0.398061
0.22 0.018 0.421756
0.22 0.024 0.314925
0.22 0.03 0.186156
0.22 0.036 0.136936
0.22 0.042 0.0984217
0.22 0.048 0.0807651
0.22 0.054 0.0517113
0.22 0.06 0.0417439
0.22 0.066 0.0325206
0.22 0.072 0.029594
0.22 0.078 0.00526106
0.22 0.084 0.00303425
0.22 0.09 0.0083113
0.22 0.096 0.00943401
0.22 0.102 0.0110249
0.22 0.108 0.0128556
0.22 0.114 0.00555347
0.22 0.12 0.00616918
0.22 0.126 0.000604351
0.22 0.132 0.0159483
0.22 0.138 0.00553935
0.22 0.144 0.0178466
0.22 0.15 0.0115497
0.22 0.156 0.0103144
0.22 0.162 0.00290197
0.22 0.168 0.00890558
0.22 0.174 0.00710115
0.22 0.18 0.000331367
0.22 0.186 0.0127231
0.22 0.192 0.00529738
0.22 0.198 0.0142001
0.22 0.204 0.00202109
0.22 0.21 0.014808
0.22 0.216 0.00199065
0.22 0.222 0.00869246
0.22 0.228 0.00470321
0.22 0.234 0.00339868
0.22 0.24 2.60333e-05
0.22 0.246 0.00532735
0.22 0.252 0.00271052
0.22 0.258 0.00959824
0.22 0.264 0.00435093
0.22 0.27 0.00650169
0.22 0.276 0.000171136
0.22 0.282 0.00954001
0.22 0.288 0.0116019
0.22 0.294 0.00618785
0.22 0.3 0.0101969
0.22 0.306 0.0022328
0.22 0.312 0.00598853
0.22 0.318 0.0013314
0.22 0.324 0.00903419
0.22 0.33 0.0010466
0.22 0.336 0.0260978
0.22 0.342 0.00250585
0.22 0.348 0.0117376
0.22 0.354 0.0027533
0.22 0.36 0.00291298
0.22 0.366 0.0084277
0.22 0.372 0.00267574
0.22 0.378 0.00541268
0.22 0.384 0.00244138
0.22 0.39 0.00932136
0.22 0.396 0.000110733
0.22 0.402 0.0199205
0.22 0.408 0.012008
0.22 0.414 0.0132589
0.22 0.42 0.0184457
0.22 0.426 0.00795351
0.22 0.432 0.00901626
0.22 0.438 0.00557599
0.22 0.444 0.00417594
0.22 0.45 0.0275422
0.22 0.456 0.00728258
0.22 0.462 0.0210254
0.22 0.468 0.0280362
0.22 0.474 0.0279132
0.22 0.48 0.0209701
0.22 0.486 0.00653626
0.22 0.492 0.012321
0.22 0.498 0.0444406
0.22 0.504 0.0253502
0.22 0.51 0.0531235
0.22 0.516 0.00691021
0.22 0.522 0.00100539
0.22 0.528 0.0133028
0.22 0.534 0.0252865
0.22 0.54 0.00871622
0.22 0.546 0.0558211
0.22 0.552 0.0372359
0.22 0.558 0.00610488
0.22 0.564 0.0134542
0.22 0.57 0.0185797
0.22 0.576 0.0260273
0.22 0.582 0.00654968
0.22 0.588 0.0222893
0.22 0.594 0.00126175
0.22 0.6 0.000649726
0.225 0 0.155406
0.225 0.006 0.250961
0.225 0.012 0.382714
0.225 0.018 0.423981
0.225 0.024 0.332238
0.225 0.03 0.196364
0.225 0.036 0.147093
0.225 0.042 0.0994596
0.225 0.048 0.0811498
0.225 0.054 0.0472675
0.225 0.06 0.0458892
0.225 0.066 0.0405145
0.225 0.072 0.0279193
0.225 0.078 0.00391233
0.225 0.084 0.00516666
0.225 0.09 0.0101651
0.225 0.096 0.00531676
0.225 0.102 0.0129198
0.225 0.108 0.0120719
0.225 0.114 0.00613028
0.225 0.12 0.00576226
0.225 0.126 0.00313873
0.225 0.132 0.0160601
0.225 0.138 0.00443816
0.225 0.144 0.0211247
0.225 0.15 0.00957203
0.225 0.156 0.00966523
0.225 0.162 0.00465643
0.225 0.168 0.0138498
0.225 0.174 0.00745858
0.225 0.18 0.000212672
0.225 0.186 0.0100322
0.225 0.192 0.00325508
0.225 0.198 0.0126711
0.225 0.204 0.0022078
0.225 0.21 0.0092551
0.225 0.216 0.00302223
0.225 0.222 0.00758398
0.225 0.228 1.52414e-05
0.225 0.234 0.0045444
0.225 0.24 0.000959689
0.225 0.246 0.00188265
0.225 0.252 0.00301075
0.225 0.258 0.010348
0.225 0.264 0.00430641
0.225 0.27 0.00345628
0.225 0.276 0.00241801
0.225 0.282 0.00984822
0.225 0.288 0.0140944
0.225 0.294 0.0087945
0.225 0.3 0.0127541
0.225 0.306 0.00165038
0.225 0.312 0.00791505
0.225 0.318 2.13303e-05
0.225 0.324 0.0103284
0.225 0.33 0.000236833
0.225 0.336 0.0267638
0.225 0.342 0.000642848
0.225 0.348 0.0116437
0.225 0.354 0.00213854
0.225 0.36 0.00275826
0.225 0.366 0.00897908
0.225 0.372 0.0035287
0.225 0.378 0.00324456
0.225 0.384 0.00155237
0.225 0.39 0.0116775
0.225 0.396 0.00150866
0.225 0.402 0.019963
0.225 0.408 0.0132368
0.225 0.414 0.0160108
0.225 0.42 0.019724
0.225 0.426 0.00652492
0.225 0.432 0.00477966
0.225 0.438 0.00643452
0.225 0.444 0.00763976
0.225 0.45 0.0263622
0.225 0.456 0.00475105
0.225 0.462 0.0192348
0.225 0.468 0.027188
0.225 0.474 0.0259485
0.225 0.48 0.0183854
0.225 0.486 0.00520749
0.225 0.492 0.0107888
0.225 0.498 0.0448941
0.225 0.504 0.0231869
0.225 0.51 0.0527323
0.225 0.516 0.00790398
0.225 0.522 0.00158412
0.225 0.528 0.0107745
0.225 0.534 0.0268166
0.225 0.54 0.00884464
0.225 0.546 0.0546337
0.225 0.552 0.0362858
0.225 0.558 0.00749851
0.225 0.564 0.0183487
0.225 0.57 0.0190525
0.225 0.576 0.0211665
0.225 0.582 0.0102378
0.225 0.588 0.0226543
0.225 0.594 0.00370047
0.225 0.6 0.00173261
0.23 0 0.145804
0.23 0.006 0.234868
0.23 0.012 0.366161
0.23 0.018 0.422997
0.23 0.024 0.349669
0.23 0.03 0.207639
0.23 0.036 0.15633
0.23 0.042 0.100482
0.23 0.048 0.0815078
0.23 0.054 0.0429262
0.23 0.06 0.0499392
0.23 0.066 0.0475537
0.23 0.072 0.0268699
0.23 0.078 0.00414796
0.23 0.084 0.00814546
0.23 0.09 0.0128579
0.23 0.096 0.00282308
0.23 0.102 0.014883
0.23 0.108 0.0121783
0.23 0.114 0.00549688
0.23 0.12 0.00420479
0.23 0.126 0.00485465
0.23 0.132 0.0142732
0.23 0.138 0.00378603
0.23 0.144 0.0236135
0.23 0.15 0.00568839
0.23 0.156 0.00553699
0.23 0.162 0.00553626
0.23 0.168 0.0160549
0.23 0.174 0.00395911
0.23 0.18 0.000296794
0.23 0.186 0.00105209
0.23 0.192 0.00213698
0.23 0.198 0.0128855
0.23 0.204 0.00514382
0.23 0.21 0.000409037
0.23 0.216 0.00453979
0.23 0.222 0.00706984
0.23 0.228 0.00434038
0.23 0.234 0.00554443
0.23 0.24 0.00383266
0.23 0.246 0.00294667
0.23 0.252 0.00556436
0.23 0.258 0.0109386
0.23 0.264 0.00174209
0.23 0.27 0.00210346
0.23 0.276 0.00420506
0.23 0.282 0.00849275
0.23 0.288 0.0152148
0.23 0.294 0.0076464
0.23 0.3 0.0101182
0.23 0.306 0.0014455
0.23 0.312 0.0104291
0.23 0.318 0.0022578
0.23 0.324 0.0109878
0.23 0.33 0.0023275
0.23 0.336 0.0245898
0.23 0.342 0.0024454
0.23 0.348 0.011668
0.23 0.354 0.00443315
0.23 0.36 0.00418088
0.23 0.366 0.00841957
0.23 0.372 0.0040004
0.23 0.378 0.00158175
0.23 0.384 0.00126202
0.23 0.39 0.0124712
0.23 0.396 0.00378108
0.23 0.402 0.022688
0.23 0.408 0.0132563
0.23 0.414 0.0157902
0.23 0.42 0.0205175
0.23 0.426 0.00345997
0.23 0.432 0.00385534
0.23 0.438 0.00699366
0.23 0.444 0.0104679
0.23 0.45 0.0237132
0.23 0.456 0.00303678
0.23 0.462 0.0196587
0.23 0.468 0.0243697
0.23 0.474 0.0229914
0.23 0.48 0.0183962
0.23 0.486 0.00364253
0.23 0.492 0.00852583
0.23 0.498 0.0443367
0.23 0.504 0.0238589
0.23 0.51 0.0497004
0.23 0.516 0.00719264
0.23 0.522 0.000552909
0.23 0.528 0.00937323
0.23 0.534 0.0283931
0.23 0.54 0.0130925
0.23 0.546 0.053103
0.23 0.552 0.0367262
0.23 0.558 0.00697866
0.23 0.564 0.0216963
0.23 0.57 0.0177749
0.23 0.576 0.0171065
0.23 0.582 0.0127402
0.23 0.588 0.0239499
0.23 0.594 0.00428584
0.23 0.6 0.00154854
0.235 0 0.136732
0.235 0.006 0.219369
0.235 0.012 0.34853
0.235 0.018 0.418666
0.235 0.024 0.366388
0.235 0.03 0.219945
0.235 0.036 0.164364
0.235 0.042 0.101679
0.235 0.048 0.0819647
0.235 0.054 0.0391751
0.235 0.06 0.0531271
0.235 0.066 0.0532546
0.235 0.072 0.027147
0.235 0.078 0.00566971
0.235 0.084 0.0119814
0.235 0.09 0.0154866
0.235 0.096 0.00290207
0.235 0.102 0.0163382
0.235 0.108 0.0135417
0.235 0.114 0.00408404
0.235 0.12 0.00157811
0.235 0.126 0.006121
0.235 0.132 0.0115489
0.235 0.138 0.00397352
0.235 0.144 0.0234078
0.235 0.15 0.000200337
0.235 0.156 0.000729892
0.235 0.162 0.00372548
0.235 0.168 0.0149479
0.235 0.174 0.00274485
0.235 0.18 0.000276916
0.235 0.186 0.00810146
0.235 0.192 9.18955e-06
0.235 0.198 0.0149173
0.235 0.204 0.00613718
0.235 0.21 0.0094811
0.235 0.216 0.00521564
0.235 0.222 0.00874699
0.235 0.228 0.00655411
0.235 0.234 0.00640806
0.235 0.24 0.00757959
0.235 0.246 0.00717974
0.235 0.252 0.00933318
0.235 0.258 0.0125615
0.235 0.264 0.00236388
0.235 0.27 0.00349451
0.235 0.276 0.00410344
0.235 0.282 0.00597509
0.235 0.288 0.0134539
0.235 0.294 0.00371113
0.235 0.3 0.00267464
0.235 0.306 0.0018152
0.235 0.312 0.0115319
0.235 0.318 0.00434768
0.235 0.324 0.0121644
0.235 0.33 0.00599148
0.235 0.336 0.0213047
0.235 0.342 0.0023189
0.235 0.348 0.0124404
0.235 0.354 0.00226047
0.235 0.36 0.00557629
0.235 0.366 0.00663815
0.235 0.372 0.00245725
0.235 0.378 0.000548727
0.235 0.384 0.00157737
0.235 0.39 0.0114263
0.235 0.396 0.00620516
0.235 0.402 0.0265149
0.235 0.408 0.0111167
0.235 0.414 0.0145631
0.235 0.42 0.0203863
0.235 0.426 0.000171379
0.235 0.432 0.00620227
0.235 0.438 0.00650853
0.235 0.444 0.0121874
0.235 0.45 0.0194338
0.235 0.456 0.00123779
0.235 0.462 0.0216708
0.235 0.468 0.0200902
0.235 0.474 0.0199837
0.235 0.48 0.0215645
0.235 0.486 0.0019672
0.235 0.492 0.0084842
0.235 0.498 0.0426162
0.235 0.504 0.025475
0.235 0.51 0.0443951
0.235 0.516 0.00614436
0.235 0.522 0.00155908
0.235 0.528 0.00876174
0.235 0.534 0.0287987
0.235 0.54 0.0196774
0.235 0.546 0.0530896
0.235 0.552 0.0372604
0.235 0.558 0.00439612
0.235 0.564 0.0221561
0.235 0.57 0.0159825
0.235 0.576 0.0152136
0.235 0.582 0.0133616
0.235 0.588 0.0258862
0.235 0.594 0.00279471
0.235 0.6 0.000151801
0.24 0 0.127761
0.24 0.006 0.204192
0.24 0.012 0.329907
0.24 0.018 0.410955
0.24 0.024 0.381489
0.24 0.03 0.233267
0.24 0.036 0.171178
0.24 0.042 0.103215
0.24 0.048 0.0826282
0.24 0.054 0.0364154
0.24 0.06 0.0549196
0.24 0.066 0.0575712
0.24 0.072 0.0290768
0.24 0.078 0.00789086
0.24 0.084 0.0162026
0.24 0.09 0.017321
0.24 0.096 0.00546278
0.24 0.102 0.0167241
0.24 0.108 0.0155874
0.24 0.114 0.00261375
0.24 0.12 0.00157623
0.24 0.126 0.00723988
0.24 0.132 0.00896821
0.24 0.138 0.00606908
0.24 0.144 0.0206003
0.24 0.15 0.00514589
0.24 0.156 0.001232
0.24 0.162 0.000908709
0.24 0.168 0.0112695
0.24 0.174 0.0102345
0.24 0.18 0.000240631
0.24 0.186 0.00992226
0.24 0.192 0.00335925
0.24 0.198 0.0153889
0.24 0.204 0.00616928
0.24 0.21 0.014021
0.24 0.216 0.0037373
0.24 0.222 0.0120397
0.24 0.228 0.00585065
0.24 0.234 0.00704478
0.24 0.24 0.0100308
0.24 0.246 0.00906647
0.24 0.252 0.0121231
0.24 0.258 0.0166837
0.24 0.264 0.00693493
0.24 0.27 0.00701583
0.24 0.276 0.00266513
0.24 0.282 0.00391535
0.24 0.288 0.00930944
0.24 0.294 0.000899731
0.24 0.3 0.0062244
0.24 0.306 0.00234646
0.24 0.312 0.0105602
0.24 0.318 0.00561086
0.24 0.324 0.0135512
0.24 0.33 0.00963078
0.24 0.336 0.0195289
0.24 0.342 0.0010279
0.24 0.348 0.0137834
0.24 0.354 0.00238837
0.24 0.36 0.00615875
0.24 0.366 0.00461512
0.24 0.372 0.000314761
0.24 0.378 7.2919e-05
0.24 0.384 0.00253561
0.24 0.39 0.00930728
0.24 0.396 0.00765007
0.24 0.402 0.0282962
0.24 0.408 0.00762119
0.24 0.414 0.0149291
0.24 0.42 0.0189977
0.24 0.426 0.00315562
0.24 0.432 0.0103257
0.24 0.438 0.00369899
0.24 0.444 0.0124614
0.24 0.45 0.0143622
0.24 0.456 0.00100491
0.24 0.462 0.0242794
0.24 0.468 0.0157767
0.24 0.474 0.0176422
0.24 0.48 0.0257373
0.24 0.486 0.00106826
0.24 0.492 0.011733
0.24 0.498 0.040357
0.24 0.504 0.0254459
0.24 0.51 0.0381571
0.24 0.516 0.00495043
0.24 0.522 0.00478717
0.24 0.528 0.00908463
0.24 0.534 0.0279665
0.24 0.54 0.0251815
0.24 0.546 0.0543903
0.24 0.552 0.0364
0.24 0.558 0.00101903
0.24 0.564 0.019991
0.24 0.57 0.0145949
0.24 0.576 0.0156752
0.24 0.582 0.0128381
0.24 0.588 0.0276374
0.24 0.594 0.000328145
0.24 0.6 0.00236935
0.245 0 0.119205
0.245 0.006 0.189661
0.245 0.012 0.31075
0.245 0.018 0.400198
0.245 0.024 0.394244
0.245 0.03 0.247728
0.245 0.036 0.177102
0.245 0.042 0.105273
0.245 0.048 0.0836111
0.245 0.054 0.0350191
0.245 0.06 0.0551798
0.245 0.066 0.0607892
0.245 0.072 0.032608
0.245 0.078 0.0101154
0.245 0.084 0.0200578
0.245 0.09 0.0182744
0.245 0.096 0.00952206
0.245 0.102 0.0161596
0.245 0.108 0.017284
0.245 0.114 0.00171479
0.245 0.12 0.00438736
0.245 0.126 0.00833416
0.245 0.132 0.00716753
0.245 0.138 0.0105981
0.245 0.144 0.0175237
0.245 0.15 0.0077771
0.245 0.156 0.000381132
0.245 0.162 0.00689584
0.245 0.168 0.00718885
0.245 0.174 0.0156703
0.245 0.18 0.000106986
0.245 0.186 0.00273269
0.245 0.192 0.00525688
0.245 0.198 0.011092
0.245 0.204 0.00666251
0.245 0.21 0.0134731
0.245 0.216 0.000580577
0.245 0.222 0.0145806
0.245 0.228 0.003427
0.245 0.234 0.00688332
0.245 0.24 0.0103363
0.245 0.246 0.00819449
0.245 0.252 0.0109905
0.245 0.258 0.0224372
0.245 0.264 0.0106566
0.245 0.27 0.010804
0.245 0.276 0.00122378
0.245 0.282 0.00378454
0.245 0.288 0.00496682
0.245 0.294 0.00430848
0.245 0.3 0.0119205
0.245 0.306 0.00245623
0.245 0.312 0.00914013
0.245 0.318 0.00596681
0.245 0.324 0.0137587
0.245 0.33 0.0119404
0.245 0.336 0.0207788
0.245 0.342 0.000673824
0.245 0.348 0.0149076
0.245 0.354 0.00533038
0.245 0.36 0.00669455
0.245 0.366 0.00320597
0.245 0.372 0.00216386
0.245 0.378 5.03475e-05
0.245 0.384 0.00346756
0.245 0.39 0.00742337
0.245 0.396 0.00727124
0.245 0.402 0.0265665
0.245 0.408 0.00438348
0.245 0.414 0.0185376
0.245 0.42 0.0166882
0.245 0.426 0.00437635
0.245 0.432 0.0145611
0.245 0.438 0.000746587
0.245 0.444 0.0115442
0.245 0.45 0.0104064
0.245 0.456 0.00317888
0.245 0.462 0.0266404
0.245 0.468 0.0127252
0.245 0.474 0.0161945
0.245 0.48 0.0274992
0.245 0.486 0.00168368
0.245 0.492 0.0165177
0.245 0.498 0.0379206
0.245 0.504 0.022981
0.245 0.51 0.0325606
0.245 0.516 0.00331874
0.245 0.522 0.00802432
0.245 0.528 0.0108928
0.245 0.534 0.0270205
0.245 0.54 0.0274952
0.245 0.546 0.0551438
0.245 0.552 0.0339488
0.245 0.558 0.00082008
0.245 0.564 0.0168148
0.245 0.57 0.0129831
0.245 0.576 0.0176007
0.245 0.582 0.0127061
0.245 0.588 0.0282292
0.245 0.594 0.0014361
0.245 0.6 0.00343052
0.25 0 0.111485
0.25 0.006 0.176179
0.25 0.012 0.291559
0.25 0.018 0.386865
0.25 0.024 0.404022
0.25 0.03 0.263434
0.25 0.036 0.182693
0.25 0.042 0.108005
0.25 0.048 0.0849911
0.25 0.054 0.0352634
0.25 0.06 0.0541729
0.25 0.066 0.063396
0.25 0.072 0.0373333
0.25 0.078 0.0117058
0.25 0.084 0.022902
0.25 0.09 0.0188639
0.25 0.096 0.0138386
0.25 0.102 0.0154378
0.25 0.108 0.017837
0.25 0.114 0.00156828
0.25 0.12 0.00596692
0.25 0.126 0.00941058
0.25 0.132 0.0064578
0.25 0.138 0.0163146
0.25 0.144 0.0169361
0.25 0.15 0.00674576
0.25 0.156 0.0030742
0.25 0.162 0.0122544
0.25 0.168 0.00519837
0.25 0.174 0.0173204
0.25 0.18 4.68995e-05
0.25 0.186 0.00758501
0.25 0.192 0.00284734
0.25 0.198 0.00313133
0.25 0.204 0.00791061
0.25 0.21 0.0103751
0.25 0.216 0.0020511
0.25 0.222 0.0142419
0.25 0.228 0.00184679
0.25 0.234 0.00504232
0.25 0.24 0.0093497
0.25 0.246 0.00561373
0.25 0.252 0.00464911
0.25 0.258 0.0267224
0.25 0.264 0.0120029
0.25 0.27 0.0128575
0.25 0.276 0.000698513
0.25 0.282 0.00543385
0.25 0.288 0.00278266
0.25 0.294 0.00591549
0.25 0.3 0.0113994
0.25 0.306 0.00207253
0.25 0.312 0.00964343
0.25 0.318 0.00565047
0.25 0.324 0.0120557
0.25 0.33 0.011938
0.25 0.336 0.024263
0.25 0.342 0.0029502
0.25 0.348 0.0149893
0.25 0.354 0.00382089
0.25 0.36 0.00829787
0.25 0.366 0.00200264
0.25 0.372 0.00223324
0.25 0.378 0.000299381
0.25 0.384 0.00307186
0.25 0.39 0.00672128
0.25 0.396 0.00518072
0.25 0.402 0.0227351
0.25 0.408 0.00243124
0.25 0.414 0.0249937
0.25 0.42 0.0144238
0.25 0.426 0.00311089
0.25 0.432 0.0176623
0.25 0.438 0.00421154
0.25 0.444 0.0101077
0.25 0.45 0.00908317
0.25 0.456 0.0049886
0.25 0.462 0.0279194
0.25 0.468 0.0112204
0.25 0.474 0.0154523
0.25 0.48 0.0253103
0.25 0.486 0.00336122
0.25 0.492 0.02017
0.25 0.498 0.0355279
0.25 0.504 0.0194678
0.25 0.51 0.029343
0.25 0.516 0.00169496
0.25 0.522 0.00864115
0.25 0.528 0.0140455
0.25 0.534 0.0269223
0.25 0.54 0.0267963
0.25 0.546 0.0538866
0.25 0.552 0.0308473
0.25 0.558 0.000163099
0.25 0.564 0.0151122
0.25 0.57 0.0100356
0.25 0.576 0.0194704
0.25 0.582 0.0140629
0.25 0.588 0.0270972
0.25 0.594 0.00162301
0.25 0.6 0.00229396
0.255 0 0.10431
0.255 0.006 0.163538
0.255 0.012 0.272441
0.255 0.018 0.371277
0.255 0.024 0.410166
0.255 0.03 0.28024
0.255 0.036 0.188594
0.255 0.042 0.111514
0.255 0.048 0.0867653
0.255 0.054 0.0372684
0.255 0.06 0.0524353
0.255 0.066 0.065838
0.255 0.072 0.0425531
0.255 0.078 0.0122139
0.255 0.084 0.0245464
0.255 0.09 0.0198172
0.255 0.096 0.0175344
0.255 0.102 0.0154449
0.255 0.108 0.0170082
0.255 0.114 0.0018146
0.255 0.12 0.0058002
0.255 0.126 0.010497
0.255 0.132 0.00677264
0.255 0.138 0.0207229
0.255 0.144 0.0195532
0.255 0.15 0.00401794
0.255 0.156 0.00394904
0.255 0.162 0.0152035
0.255 0.168 0.00634347
0.255 0.174 0.0155403
0.255 0.18 0.000438998
0.255 0.186 0.0133611
0.255 0.192 0.00359758
0.255 0.198 0.00331368
0.255 0.204 0.00858821
0.255 0.21 0.00747543
0.255 0.216 0.00227418
0.255 0.222 0.0112742
0.255 0.228 0.00297359
0.255 0.234 0.00108137
0.255 0.24 0.00831914
0.255 0.246 0.00338236
0.255 0.252 0.0042737
0.255 0.258 0.0269983
0.255 0.264 0.0103154
0.255 0.27 0.0120285
0.255 0.276 0.00150924
0.255 0.282 0.00702156
0.255 0.288 0.00374441
0.255 0.294 0.00629972
0.255 0.3 0.00564689
0.255 0.306 0.00181938
0.255 0.312 0.0127181
0.255 0.318 0.00492103
0.255 0.324 0.00945762
0.255 0.33 0.0096972
0.255 0.336 0.0275974
0.255 0.342 0.00599653
0.255 0.348 0.0136364
0.255 0.354 0.00115957
0.255 0.36 0.0107926
0.255 0.366 1.04471e-05
0.255 0.372 0.00201481
0.255 0.378 0.000736425
0.255 0.384 0.000641659
0.255 0.39 0.00705913
0.255 0.396 0.0023266
0.255 0.402 0.0191703
0.255 0.408 0.00162889
0.255 0.414 0.0321255
0.255 0.42 0.0129135
0.255 0.426 0.000243846
0.255 0.432 0.0190508
0.255 0.438 0.00497842
0.255 0.444 0.00861719
0.255 0.45 0.00996362
0.255 0.456 0.00701977
0.255 0.462 0.0271253
0.255 0.468 0.0108255
0.255 0.474 0.0150293
0.255 0.48 0.0208423
0.255 0.486 0.00474265
0.255 0.492 0.0215425
0.255 0.498 0.0340958
0.255 0.504 0.0168452
0.255 0.51 0.0295004
0.255 0.516 0.000551
0.255 0.522 0.00481752
0.255 0.528 0.0169312
0.255 0.534 0.0271557
0.255 0.54 0.0243873
0.255 0.546 0.0510602
0.255 0.552 0.0284868
0.255 0.558 0.00284083
0.255 0.564 0.0164821
0.255 0.57 0.0059963
0.255 0.576 0.0199299
0.255 0.582 0.0166123
0.255 0.588 0.0244551
0.255 0.594 0.00079119
0.255 0.6 0.000466275
0.26 0 0.0972469
0.26 0.006 0.151397
0.26 0.012 0.253402
0.26 0.018 0.353756
0.26 0.024 0.412168
0.26 0.03 0.297724
0.26 0.036 0.195509
0.26 0.042 0.115939
0.26 0.048 0.0888866
0.26 0.054 0.0410441
0.26 0.06 0.0506332
0.26 0.066 0.0683259
0.26 0.072 0.0474152
0.26 0.078 0.0114937
0.26 0.084 0.0253272
0.26 0.09 0.0216657
0.26 0.096 0.0204285
0.26 0.102 0.0166721
0.26 0.108 0.015073
0.26 0.114 0.00176162
0.26 0.12 0.00401166
0.26 0.126 0.0116434
0.26 0.132 0.00754072
0.26 0.138 0.0220362
0.26 0.144 0.0232221
0.26 0.15 0.00189331
0.26 0.156 0.00242326
0.26 0.162 0.0144682
0.26 0.168 0.00944786
0.26 0.174 0.012502
0.26 0.18 0.00132051
0.26 0.186 0.0121813
0.26 0.192 0.0105571
0.26 0.198 0.00394069
0.26 0.204 0.00714891
0.26 0.21 0.00533186
0.26 0.216 0.000469922
0.26 0.222 0.00855308
0.26 0.228 0.00611806
0.26 0.234 0.0041723
0.26 0.24 0.0080211
0.26 0.246 0.00357587
0.26 0.252 0.0104996
0.26 0.258 0.0233357
0.26 0.264 0.00681744
0.26 0.27 0.00839273
0.26 0.276 0.00412655
0.26 0.282 0.00660982
0.26 0.288 0.00697027
0.26 0.294 0.00613035
0.26 0.3 0.000819155
0.26 0.306 0.00222577
0.26 0.312 0.0165576
0.26 0.318 0.00405303
0.26 0.324 0.00800606
0.26 0.33 0.00662677
0.26 0.336 0.0285786
0.26 0.342 0.00894028
0.26 0.348 0.0111437
0.26 0.354 0.00579498
0.26 0.36 0.0124965
0.26 0.366 0.00301197
0.26 0.372 0.0036146
0.26 0.378 0.00166928
0.26 0.384 0.00286543
0.26 0.39 0.00747869
0.26 0.396 1.04193e-05
0.26 0.402 0.017153
0.26 0.408 0.00123109
0.26 0.414 0.0373708
0.26 0.42 0.0120942
0.26 0.426 0.00392392
0.26 0.432 0.0192602
0.26 0.438 0.0036833
0.26 0.444 0.00727799
0.26 0.45 0.0110425
0.26 0.456 0.00983236
0.26 0.462 0.0236125
0.26 0.468 0.0113185
0.26 0.474 0.0143017
0.26 0.48 0.0168702
0.26 0.486 0.00523474
0.26 0.492 0.0215411
0.26 0.498 0.0347353
0.26 0.504 0.0158364
0.26 0.51 0.031418
0.26 0.516 0.000624414
0.26 0.522 0.00226903
0.26 0.528 0.0174172
0.26 0.534 0.0260809
0.26 0.54 0.0215145
0.26 0.546 0.0486484
0.26 0.552 0.0283101
0.26 0.558 0.00486277
0.26 0.564 0.0198315
0.26 0.57 0.00221213
0.26 0.576 0.0186025
0.26 0.582 0.0188728
0.26 0.588 0.02126
0.26 0.594 0.000187704
0.26 0.6 0.00293675
0.265 0 0.0905258
0.265 0.006 0.139959
0.265 0.012 0.23476
0.265 0.018 0.334852
0.265 0.024 0.409871
0.265 0.03 0.315259
0.265 0.036 0.204171
0.265 0.042 0.121507
0.265 0.048 0.091328
0.265 0.054 0.0465396
0.265 0.06 0.0494572
0.265 0.066 0.0708215
0.265 0.072 0.0511023
0.265 0.078 0.00978334
0.265 0.084 0.0258421
0.265 0.09 0.0244792
0.265 0.096 0.022949
0.265 0.102 0.0190243
0.265 0.108 0.012757
0.265 0.114 0.000735692
0.265 0.12 0.00131616
0.265 0.126 0.0127087
0.265 0.132 0.00821727
0.265 0.138 0.0204853
0.265 0.144 0.0246534
0.265 0.15 0.000360279
0.265 0.156 0.000307012
0.265 0.162 0.0100835
0.265 0.168 0.0121791
0.265 0.174 0.0105283
0.265 0.18 0.00216258
0.265 0.186 0.00788031
0.265 0.192 0.0143452
0.265 0.198 0.000335618
0.265 0.204 0.00388362
0.265 0.21 0.00283183
0.265 0.216 0.000911885
0.265 0.222 0.00923159
0.265 0.228 0.00833111
0.265 0.234 0.00863351
0.265 0.24 0.00871602
0.265 0.246 0.00666863
0.265 0.252 0.0104151
0.265 0.258 0.0180931
0.265 0.264 0.00395221
0.265 0.27 0.0030554
0.265 0.276 0.00871826
0.265 0.282 0.00394692
0.265 0.288 0.010406
0.265 0.294 0.00531718
0.265 0.3 0.00359483
0.265 0.306 0.00274078
0.265 0.312 0.0185385
0.265 0.318 0.00343651
0.265 0.324 0.00901937
0.265 0.33 0.00459463
0.265 0.336 0.0264962
0.265 0.342 0.0102644
0.265 0.348 0.00851328
0.265 0.354 0.00652827
0.265 0.36 0.0116404
0.265 0.366 0.00618099
0.265 0.372 0.00735313
0.265 0.378 0.00348506
0.265 0.384 0.00538037
0.265 0.39 0.00738115
0.265 0.396 0.000604614
0.265 0.402 0.0169045
0.265 0.408 0.000726902
0.265 0.414 0.0392416
0.265 0.42 0.0116559
0.265 0.426 0.00586476
0.265 0.432 0.0196085
0.265 0.438 0.00202129
0.265 0.444 0.00633362
0.265 0.45 0.0106973
0.265 0.456 0.0127421
0.265 0.462 0.0180967
0.265 0.468 0.0129216
0.265 0.474 0.0122876
0.265 0.48 0.0141684
0.265 0.486 0.00602453
0.265 0.492 0.0218694
0.265 0.498 0.0373208
0.265 0.504 0.0156695
0.265 0.51 0.0312627
0.265 0.516 0.0025007
0.265 0.522 0.00908475
0.265 0.528 0.0147804
0.265 0.534 0.0226666
0.265 0.54 0.0191287
0.265 0.546 0.0483122
0.265 0.552 0.0310018
0.265 0.558 0.00493151
0.265 0.564 0.0222223
0.265 0.57 0.000577092
0.265 0.576 0.0162271
0.265 0.582 0.0194648
0.265 0.588 0.0187153
0.265 0.594 0.000474222
0.265 0.6 0.00336186
0.27 0 0.084532
0.27 0.006 0.129545
0.27 0.012 0.21688
0.27 0.018 0.315154
0.27 0.024 0.403369
0.27 0.03 0.331989
0.27 0.036 0.215158
0.27 0.042 0.128452
0.27 0.048 0.0940862
0.27 0.054 0.0535985
0.27 0.06 0.0494739
0.27 0.066 0.0731463
0.27 0.072 0.0530172
0.27 0.078 0.00772984
0.27 0.084 0.0265679
0.27 0.09 0.0278153
0.27 0.096 0.0256231
0.27 0.102 0.0217555
0.27 0.108 0.0111667
0.27 0.114 0.00160313
0.27 0.12 0.00131901
0.27 0.126 0.0131888
0.27 0.132 0.00900919
0.27 0.138 0.0177291
0.27 0.144 0.022189
0.27 0.15 0.0054685
0.27 0.156 0.000214319
0.27 0.162 0.00438688
0.27 0.168 0.0130429
0.27 0.174 0.0102882
0.27 0.18 0.00235683
0.27 0.186 0.00529718
0.27 0.192 0.0138379
0.27 0.198 0.00457452
0.27 0.204 0.00123991
0.27 0.21 0.000303713
0.27 0.216 0.000289434
0.27 0.222 0.0137249
0.27 0.228 0.00702396
0.27 0.234 0.0102877
0.27 0.24 0.0101136
0.27 0.246 0.0106397
0.27 0.252 0.00514311
0.27 0.258 0.0144343
0.27 0.264 0.00355001
0.27 0.27 0.00230264
0.27 0.276 0.0139764
0.27 0.282 0.000720336
0.27 0.288 0.012023
0.27 0.294 0.00342529
0.27 0.3 0.00213403
0.27 0.306 0.0019673
0.27 0.312 0.017378
0.27 0.318 0.00350415
0.27 0.324 0.0119355
0.27 0.33 0.00437663
0.27 0.336 0.0224852
0.27 0.342 0.00904874
0.27 0.348 0.0069934
0.27 0.354 0.00273299
0.27 0.36 0.00796251
0.27 0.366 0.00875886
0.27 0.372 0.0114373
0.27 0.378 0.00581752
0.27 0.384 0.00553907
0.27 0.39 0.00729129
0.27 0.396 0.00102689
0.27 0.402 0.0183092
0.27 0.408 6.56943e-05
0.27 0.414 0.037971
0.27 0.42 0.0115004
0.27 0.426 0.0051919
0.27 0.432 0.0206933
0.27 0.438 0.00138595
0.27 0.444 0.00571967
0.27 0.45 0.00895709
0.27 0.456 0.0141705
0.27 0.462 0.0129467
0.27 0.468 0.015553
0.27 0.474 0.00809218
0.27 0.48 0.0111184
0.27 0.486 0.00878116
0.27 0.492 0.0235307
0.27 0.498 0.0403488
0.27 0.504 0.0153122
0.27 0.51 0.0266369
0.27 0.516 0.00500392
0.27 0.522 0.0121336
0.27 0.528 0.0103046
0.27 0.534 0.0176688
0.27 0.54 0.0178356
0.27 0.546 0.0496579
0.27 0.552 0.0354103
0.27 0.558 0.00349066
0.27 0.564 0.0219804
0.27 0.57 0.00244604
0.27 0.576 0.0140087
0.27 0.582 0.0182642
0.27 0.588 0.0175761
0.27 0.594 0.00115916
0.27 0.6 0.00166276
0.275 0 0.0790246
0.275 0.006 0.119948
0.275 0.012 0.199773
0.275 0.018 0.295019
0.275 0.024 0.392834
0.275 0.03 0.346834
0.275 0.036 0.228725
0.275 0.042 0.13692
0.275 0.048 0.0971632
0.275 0.054 0.0619139
0.275 0.06 0.0509253
0.275 0.066 0.0750766
0.275 0.072 0.0529507
0.275 0.078 0.00634354
0.275 0.084 0.0276234
0.275 0.09 0.0309681
0.275 0.096 0.028533
0.275 0.102 0.0237155
0.275 0.108 0.0113795
0.275 0.114 0.00509345
0.275 0.12 0.00307392
0.275 0.126 0.01241
0.275 0.132 0.0105704
0.275 0.138 0.0153109
0.275 0.144 0.017109
0.275 0.15 0.0137575
0.275 0.156 0.00140349
0.275 0.162 0.0014447
0.275 0.168 0.0126702
0.275 0.174 0.0106539
0.275 0.18 0.00179548
0.275 0.186 0.00532422
0.275 0.192 0.0102696
0.275 0.198 0.00501273
0.275 0.204 0.0017191
0.275 0.21 0.00221813
0.275 0.216 0.00355956
0.275 0.222 0.0191058
0.275 0.228 0.00265793
0.275 0.234 0.00893028
0.275 0.24 0.0114536
0.275 0.246 0.0124837
0.275 0.252 0.000670751
0.275 0.258 0.0146634
0.275 0.264 0.00578652
0.275 0.27 0.00595146
0.275 0.276 0.0170635
0.275 0.282 0.000931268
0.275 0.288 0.010735
0.275 0.294 0.0007513
0.275 0.3 0.00027007
0.275 0.306 0.000768263
0.275 0.312 0.0138911
0.275 0.318 0.00444651
0.275 0.324 0.0147109
0.275 0.33 0.00498338
0.275 0.336 0.0189753
0.275 0.342 0.00549731
0.275 0.348 0.00716169
0.275 0.354 0.00303977
0.275 0.36 0.00304012
0.275 0.366 0.0105816
0.275 0.372 0.0138511
0.275 0.378 0.00740348
0.275 0.384 0.00381835
0.275 0.39 0.00825789
0.275 0.396 0.00373041
0.275 0.402 0.0205378
0.275 0.408 0.00070938
0.275 0.414 0.0351526
0.275 0.42 0.0113127
0.275 0.426 0.00259097
0.275 0.432 0.0216041
0.275 0.438 0.00262174
0.275 0.444 0.00453123
0.275 0.45 0.00697436
0.275 0.456 0.0133981
0.275 0.462 0.0106826
0.275 0.468 0.0182512
0.275 0.474 0.00190312
0.275 0.48 0.00634137
0.275 0.486 0.0133374
0.275 0.492 0.0260686
0.275 0.498 0.0421089
0.275 0.504 0.0147208
0.275 0.51 0.0191421
0.275 0.516 0.00817754
0.275 0.522 0.00993335
0.275 0.528 0.00578946
0.275 0.534 0.0129998
0.275 0.54 0.0176209
0.275 0.546 0.050468
0.275 0.552 0.0389023
0.275 0.558 0.00149084
0.275 0.564 0.0204556
0.275 0.57 0.00301206
0.275 0.576 0.0128647
0.275 0.582 0.0164035
0.275 0.588 0.0177731
0.275 0.594 0.00113821
0.275 0.6 0.000525502
0.28 0 0.0735946
0.28 0.006 0.110813
0.28 0.012 0.183335
0.28 0.018 0.2747
0.28 0.024 0.378595
0.28 0.03 0.358715
0.28 0.036 0.244826
0.28 0.042 0.146995
0.28 0.048 0.100601
0.28 0.054 0.0710759
0.28 0.06 0.0536179
0.28 0.066 0.0764099
0.28 0.072 0.0511928
0.28 0.078 0.00685312
0.28 0.084 0.0287544
0.28 0.09 0.0333805
0.28 0.096 0.0312748
0.28 0.102 0.024113
0.28 0.108 0.0136803
0.28 0.114 0.00912683
0.28 0.12 0.00354527
0.28 0.126 0.0100236
0.28 0.132 0.0129049
0.28 0.138 0.0137903
0.28 0.144 0.0124687
0.28 0.15 0.0216767
0.28 0.156 0.00358641
0.28 0.162 0.00427779
0.28 0.168 0.0133796
0.28 0.174 0.0103764
0.28 0.18 0.000897056
0.28 0.186 0.00545205
0.28 0.192 0.00522866
0.28 0.198 0.00226797
0.28 0.204 0.00546795
0.28 0.21 0.00057842
0.28 0.216 0.005891
0.28 0.222 0.0217349
0.28 0.228 0.00128383
0.28 0.234 0.00652655
0.28 0.24 0.0120781
0.28 0.246 0.0110922
0.28 0.252 0.0029586
0.28 0.258 0.018594
0.28 0.264 0.00957511
0.28 0.27 0.00669476
0.28 0.276 0.0156263
0.28 0.282 0.000196406
0.28 0.288 0.0067507
0.28 0.294 0.00157969
0.28 0.3 0.000118528
0.28 0.306 0.00428428
0.28 0.312 0.0101274
0.28 0.318 0.00593739
0.28 0.324 0.0154356
0.28 0.33 0.0047696
0.28 0.336 0.0181311
0.28 0.342 0.000763399
0.28 0.348 0.0083222
0.28 0.354 0.00712634
0.28 0.36 0.000723529
0.28 0.366 0.0115622
0.28 0.372 0.014164
0.28 0.378 0.00715172
0.28 0.384 0.00177569
0.28 0.39 0.0106081
0.28 0.396 0.00507662
0.28 0.402 0.0216091
0.28 0.408 0.00174745
0.28 0.414 0.0328046
0.28 0.42 0.0103389
0.28 0.426 0.000556523
0.28 0.432 0.021282
0.28 0.438 0.00553257
0.28 0.444 0.00165601
0.28 0.45 0.00584501
0.28 0.456 0.011632
0.28 0.462 0.0116497
0.28 0.468 0.0196697
0.28 0.474 0.0045796
0.28 0.48 0.00082292
0.28 0.486 0.0172027
0.28 0.492 0.0279021
0.28 0.498 0.0413433
0.28 0.504 0.0146348
0.28 0.51 0.0125018
0.28 0.516 0.0126678
0.28 0.522 0.0040915
0.28 0.528 0.00200326
0.28 0.534 0.0101064
0.28 0.54 0.0178668
0.28 0.546 0.048982
0.28 0.552 0.0395394
0.28 0.558 0.000696371
0.28 0.564 0.0204926
0.28 0.57 0.00155542
0.28 0.576 0.0130636
0.28 0.582 0.0154129
0.28 0.588 0.0186187
0.28 0.594 0.000170697
0.28 0.6 0.00150656
0.285 0 0.0684252
0.285 0.006 0.102275
0.285 0.012 0.167741
0.285 0.018 0.254589
0.285 0.024 0.361258
0.285 0.03 0.366802
0.285 0.036 0.263151
0.285 0.042 0.158767
0.285 0.048 0.104521
0.285 0.054 0.0806358
0.285 0.06 0.0570108
0.285 0.066 0.0770542
0.285 0.072 0.0484895
0.285 0.078 0.0104
0.285 0.084 0.0294951
0.285 0.09 0.0348585
0.285 0.096 0.0334068
0.285 0.102 0.0232275
0.285 0.108 0.0170803
0.285 0.114 0.0129179
0.285 0.12 0.00285584
0.285 0.126 0.00634936
0.285 0.132 0.0150951
0.285 0.138 0.0129629
0.285 0.144 0.0107379
0.285 0.15 0.0252724
0.285 0.156 0.00396105
0.285 0.162 0.0121255
0.285 0.168 0.017163
0.285 0.174 0.00964121
0.285 0.18 0.000178207
0.285 0.186 0.00403345
0.285 0.192 0.000399034
0.285 0.198 0.000570899
0.285 0.204 0.0100449
0.285 0.21 0.00455793
0.285 0.216 0.00488519
0.285 0.222 0.020438
0.285 0.228 0.00132495
0.285 0.234 0.00552873
0.285 0.24 0.0118537
0.285 0.246 0.00823723
0.285 0.252 0.00137142
0.285 0.258 0.023306
0.285 0.264 0.0133741
0.285 0.27 0.00444341
0.285 0.276 0.0101027
0.285 0.282 0.0019782
0.285 0.288 0.00144463
0.285 0.294 0.00286471
0.285 0.3 0.00328346
0.285 0.306 0.00647742
0.285 0.312 0.0078614
0.285 0.318 0.00718182
0.285 0.324 0.0138311
0.285 0.33 0.00329038
0.285 0.336 0.0200663
0.285 0.342 0.00324773
0.285 0.348 0.00905538
0.285 0.354 0.00729441
0.285 0.36 0.00149569
0.285 0.366 0.011307
0.285 0.372 0.0134661
0.285 0.378 0.00522425
0.285 0.384 0.000332764
0.285 0.39 0.0134881
0.285 0.396 0.00347394
0.285 0.402 0.0196774
0.285 0.408 0.00326145
0.285 0.414 0.032413
0.285 0.42 0.0082719
0.285 0.426 0.00312396
0.285 0.432 0.0201617
0.285 0.438 0.00842711
0.285 0.444 0.00285039
0.285 0.45 0.00609635
0.285 0.456 0.0110089
0.285 0.462 0.0135065
0.285 0.468 0.01908
0.285 0.474 0.00919837
0.285 0.48 0.00325955
0.285 0.486 0.0176334
0.285 0.492 0.0277906
0.285 0.498 0.0373824
0.285 0.504 0.0152464
0.285 0.51 0.00912979
0.285 0.516 0.0181428
0.285 0.522 0.0010405
0.285 0.528 0.000919109
0.285 0.534 0.00910912
0.285 0.54 0.0178748
0.285 0.546 0.0458255
0.285 0.552 0.0378299
0.285 0.558 0.00286841
0.285 0.564 0.0235118
0.285 0.57 0.00115311
0.285 0.576 0.0141686
0.285 0.582 0.0164051
0.285 0.588 0.0193353
0.285 0.594 0.00204797
0.285 0.6 0.00115895
0.29 0 0.0638768
0.29 0.006 0.0946138
0.29 0.012 0.153234
0.29 0.018 0.235086
0.29 0.024 0.341561
0.29 0.03 0.370546
0.29 0.036 0.282988
0.29 0.042 0.17228
0.29 0.048 0.109082
0.29 0.054 0.0901204
0.29 0.06 0.0604316
0.29 0.066 0.0771013
0.29 0.072 0.0458002
0.29 0.078 0.0175906
0.29 0.084 0.0294654
0.29 0.09 0.035463
0.29 0.096 0.0348177
0.29 0.102 0.0222151
0.29 0.108 0.019791
0.29 0.114 0.015839
0.29 0.12 0.00161667
0.29 0.126 0.00226834
0.29 0.132 0.0163162
0.29 0.138 0.0124193
0.29 0.144 0.0122859
0.29 0.15 0.0237264
0.29 0.156 0.00136596
0.29 0.162 0.0207724
0.29 0.168 0.023512
0.29 0.174 0.00979496
0.29 0.18 0.000172582
0.29 0.186 0.00256518
0.29 0.192 0.00576343
0.29 0.198 0.00196457
0.29 0.204 0.0124919
0.29 0.21 0.0100595
0.29 0.216 0.00168286
0.29 0.222 0.016949
0.29 0.228 0.00287596
0.29 0.234 0.00670207
0.29 0.24 0.0108658
0.29 0.246 0.00648962
0.29 0.252 0.0010654
0.29 0.258 0.0254645
0.29 0.264 0.0157995
0.29 0.27 0.000445543
0.29 0.276 0.00380363
0.29 0.282 0.00402304
0.29 0.288 0.00320535
0.29 0.294 0.00372291
0.29 0.3 0.00826785
0.29 0.306 0.00649104
0.29 0.312 0.00749867
0.29 0.318 0.00743242
0.29 0.324 0.0113915
0.29 0.33 0.00191179
0.29 0.336 0.0227596
0.29 0.342 0.004461
0.29 0.348 0.00862261
0.29 0.354 0.00391093
0.29 0.36 0.00105046
0.29 0.366 0.00952964
0.29 0.372 0.0130132
0.29 0.378 0.0028631
0.29 0.384 0.000988307
0.29 0.39 0.0155919
0.29 0.396 0.000140035
0.29 0.402 0.0150956
0.29 0.408 0.00526928
0.29 0.414 0.0341976
0.29 0.42 0.00593228
0.29 0.426 0.00455104
0.29 0.432 0.0195872
0.29 0.438 0.00927665
0.29 0.444 0.00752027
0.29 0.45 0.00775749
0.29 0.456 0.0125636
0.29 0.462 0.0135468
0.29 0.468 0.0167637
0.29 0.474 0.0110908
0.29 0.48 0.00535515
0.29 0.486 0.0140113
0.29 0.492 0.0263745
0.29 0.498 0.0310406
0.29 0.504 0.0155844
0.29 0.51 0.00914224
0.29 0.516 0.022513
0.29 0.522 0.00130049
0.29 0.528 0.00207508
0.29 0.534 0.00928345
0.29 0.54 0.0173894
0.29 0.546 0.0432537
0.29 0.552 0.0361464
0.29 0.558 0.00419197
0.29 0.564 0.028033
0.29 0.57 0.00243518
0.29 0.576 0.0152586
0.29 0.582 0.0195863
0.29 0.588 0.0194633
0.29 0.594 0.00287313
0.29 0.6 0.000702573
0.295 0 0.0597471
0.295 0.006 0.0876386
0.295 0.012 0.139747
0.295 0.018 0.216353
0.295 0.024 0.320154
0.295 0.03 0.369605
0.295 0.036 0.303039
0.295 0.042 0.187459
0.295 0.048 0.114419
0.295 0.054 0.0990755
0.295 0.06 0.0632851
0.295 0.066 0.076782
0.295 0.072 0.0439589
0.295 0.078 0.0280943
0.295 0.084 0.0287096
0.295 0.09 0.0353735
0.295 0.096 0.0357055
0.295 0.102 0.0221354
0.295 0.108 0.0204805
0.295 0.114 0.0176333
0.295 0.12 0.000703457
0.295 0.126 0.00117795
0.295 0.132 0.0167117
0.295 0.138 0.0118391
0.295 0.144 0.0156377
0.295 0.15 0.0189719
0.295 0.156 0.00327915
0.295 0.162 0.0260028
0.295 0.168 0.0291227
0.295 0.174 0.0117606
0.295 0.18 0.00039181
0.295 0.186 0.0035279
0.295 0.192 0.00936494
0.295 0.198 0.00332286
0.295 0.204 0.0117498
0.295 0.21 0.0123443
0.295 0.216 6.1968e-05
0.295 0.222 0.0134969
0.295 0.228 0.00838517
0.295 0.234 0.00866189
0.295 0.24 0.00905405
0.295 0.246 0.00673756
0.295 0.252 0.00116145
0.295 0.258 0.0242426
0.295 0.264 0.0163494
0.295 0.27 0.00326181
0.295 0.276 0.000472139
0.295 0.282 0.00514407
0.295 0.288 0.00555195
0.295 0.294 0.0051959
0.295 0.3 0.0128714
0.295 0.306 0.00553436
0.295 0.312 0.00811073
0.295 0.318 0.00664645
0.295 0.324 0.0101874
0.295 0.33 0.00246121
0.295 0.336 0.024204
0.295 0.342 0.00196729
0.295 0.348 0.00779572
0.295 0.354 0.000786696
0.295 0.36 0.00552739
0.295 0.366 0.00657619
0.295 0.372 0.0133023
0.295 0.378 0.00137333
0.295 0.384 0.00319279
0.295 0.39 0.0162485
0.295 0.396 0.00319436
0.295 0.402 0.010602
0.295 0.408 0.00754862
0.295 0.414 0.0367149
0.295 0.42 0.00439699
0.295 0.426 0.00465324
0.295 0.432 0.0199562
0.295 0.438 0.00734027
0.295 0.444 0.0106532
0.295 0.45 0.0104235
0.295 0.456 0.0153851
0.295 0.462 0.0113206
0.295 0.468 0.0135775
0.295 0.474 0.011257
0.295 0.48 0.00716422
0.295 0.486 0.00817489
0.295 0.492 0.025933
0.295 0.498 0.0252714
0.295 0.504 0.0145194
0.295 0.51 0.0110016
0.295 0.516 0.0241464
0.295 0.522 0.00340764
0.295 0.528 6.12134e-05
0.295 0.534 0.00989273
0.295 0.54 0.0166792
0.295 0.546 0.0426171
0.295 0.552 0.0366657
0.295 0.558 0.00366923
0.295 0.564 0.0307293
0.295 0.57 4.09005e-05
0.295 0.576 0.0155487
0.295 0.582 0.0239758
0.295 0.588 0.0189453
0.295 0.594 0.00158058
0.295 0.6 0.000964745
0.3 0 0.0556471
0.3 0.006 0.0810003
0.3 0.012 0.127099
0.3 0.018 0.19844
0.3 0.024 0.29762
0.3 0.03 0.363897
0.3 0.036 0.321523
0.3 0.042 0.204108
0.3 0.048 0.120643
0.3 0.054 0.107169
0.3 0.06 0.0652244
0.3 0.066 0.0763209
0.3 0.072 0.0434132
0.3 0.078 0.0405457
0.3 0.084 0.0278531
0.3 0.09 0.0349352
0.3 0.096 0.0364688
0.3 0.102 0.0232003
0.3 0.108 0.0192738
0.3 0.114 0.018458
0.3 0.12 0.000876068
0.3 0.126 0.00314693
0.3 0.132 0.0170464
0.3 0.138 0.0110759
0.3 0.144 0.0188479
0.3 0.15 0.013344
0.3 0.156 0.00800475
0.3 0.162 0.0268092
0.3 0.168 0.0301997
0.3 0.174 0.0149805
0.3 0.18 0.000713426
0.3 0.186 0.00695798
0.3 0.192 0.00986664
0.3 0.198 0.00681198
0.3 0.204 0.00948969
0.3 0.21 0.0106569
0.3 0.216 0.00218951
0.3 0.222 0.0105772
0.3 0.228 0.0117486
0.3 0.234 0.0094561
0.3 0.24 0.00643954
0.3 0.246 0.00809194
0.3 0.252 0.00143146
0.3 0.258 0.0215545
0.3 0.264 0.0159169
0.3 0.27 0.00510761
0.3 0.276 0.00148535
0.3 0.282 0.00565853
0.3 0.288 0.0051803
0.3 0.294 0.00713526
0.3 0.3 0.0156408
0.3 0.306 0.00528113
0.3 0.312 0.00851947
0.3 0.318 0.00556804
0.3 0.324 0.0115163
0.3 0.33 0.00529616
0.3 0.336 0.024348
0.3 0.342 0.003084
0.3 0.348 0.00808082
0.3 0.354 0.00445965
0.3 0.36 0.00941721
0.3 0.366 0.00343899
0.3 0.372 0.0141989
0.3 0.378 0.00146337
0.3 0.384 0.00644454
0.3 0.39 0.0158838
0.3 0.396 0.00390442
0.3 0.402 0.009055
0.3 0.408 0.00981165
0.3 0.414 0.0372702
0.3 0.42 0.00379966
0.3 0.426 0.00328188
0.3 0.432 0.0204866
0.3 0.438 0.00299915
0.3 0.444 0.0113211
0.3 0.45 0.0133304
0.3 0.456 0.0178274
0.3 0.462 0.00845604
0.3 0.468 0.0103793
0.3 0.474 0.0112843
0.3 0.48 0.0102794
0.3 0.486 0.00270653
0.3 0.492 0.0281006
0.3 0.498 0.0233979
0.3 0.504 0.012033
0.3 0.51 0.0117679
0.3 0.516 0.0237927
0.3 0.522 0.00884621
0.3 0.528 0.00561346
0.3 0.534 0.0103993
0.3 0.54 0.0162127
0.3 0.546 0.0431403
0.3 0.552 0.0397884
0.3 0.558 0.001487
0.3 0.564 0.0292535
0.3 0.57 0.0060775
0.3 0.576 0.0149619
0.3 0.582 0.0276813
0.3 0.588 0.017933
0.3 0.594 0.00120066
0.3 0.6 0.00134983
0.305 0 0.0517217
0.305 0.006 0.0747952
0.305 0.012 0.115373
0.305 0.018 0.18152
0.305 0.024 0.274585
0.305 0.03 0.353678
0.305 0.036 0.336535
0.305 0.042 0.221917
0.305 0.048 0.127893
0.305 0.054 0.114227
0.305 0.06 0.0662988
0.305 0.066 0.0758191
0.305 0.072 0.0441572
0.305 0.078 0.0528806
0.305 0.084 0.0279145
0.305 0.09 0.0346613
0.305 0.096 0.03773
0.305 0.102 0.0247944
0.305 0.108 0.0175553
0.305 0.114 0.0188098
0.305 0.12 0.00243225
0.305 0.126 0.00319217
0.305 0.132 0.0178419
0.305 0.138 0.0102302
0.305 0.144 0.02073
0.305 0.15 0.00852185
0.305 0.156 0.0113754
0.305 0.162 0.0252857
0.305 0.168 0.025433
0.305 0.174 0.0178253
0.305 0.18 0.000633265
0.305 0.186 0.0100749
0.305 0.192 0.00759701
0.305 0.198 0.0125159
0.305 0.204 0.00881205
0.305 0.21 0.00750307
0.305 0.216 0.00590722
0.305 0.222 0.00739291
0.305 0.228 0.0117053
0.305 0.234 0.00836805
0.305 0.24 0.00342347
0.305 0.246 0.00955808
0.305 0.252 0.00428375
0.305 0.258 0.0196711
0.305 0.264 0.016066
0.305 0.27 0.00502476
0.305 0.276 0.00506704
0.305 0.282 0.00629315
0.305 0.288 0.00313454
0.305 0.294 0.00815519
0.305 0.3 0.0154885
0.305 0.306 0.00588478
0.305 0.312 0.00829198
0.305 0.318 0.00493976
0.305 0.324 0.0153631
0.305 0.33 0.00874271
0.305 0.336 0.0244136
0.305 0.342 0.00835472
0.305 0.348 0.0100099
0.305 0.354 0.00609547
0.305 0.36 0.0104223
0.305 0.366 0.00134423
0.305 0.372 0.0153753
0.305 0.378 0.00317611
0.305 0.384 0.00969728
0.305 0.39 0.0155292
0.305 0.396 0.00246488
0.305 0.402 0.0109934
0.305 0.408 0.0119069
0.305 0.414 0.0336096
0.305 0.42 0.00362968
0.305 0.426 0.000275953
0.305 0.432 0.020768
0.305 0.438 0.00302962
0.305 0.444 0.00948397
0.305 0.45 0.0156475
0.305 0.456 0.0193393
0.305 0.462 0.00627568
0.305 0.468 0.0078316
0.305 0.474 0.0117658
0.305 0.48 0.0141317
0.305 0.486 0.000981925
0.305 0.492 0.0319607
0.305 0.498 0.0260361
0.305 0.504 0.00906832
0.305 0.51 0.00842995
0.305 0.516 0.0230892
0.305 0.522 0.0108709
0.305 0.528 0.0120551
0.305 0.534 0.010339
0.305 0.54 0.0162181
0.305 0.546 0.0431704
0.305 0.552 0.0438303
0.305 0.558 0.000703796
0.305 0.564 0.0245672
0.305 0.57 0.0132507
0.305 0.576 0.0139516
0.305 0.582 0.0290893
0.305 0.588 0.0165233
0.305 0.594 0.00363061
0.305 0.6 0.00066773
0.31 0 0.0483104
0.31 0.006 0.0692824
0.31 0.012 0.104739
0.31 0.018 0.165777
0.31 0.024 0.251629
0.31 0.03 0.339468
0.31 0.036 0.346448
0.31 0.042 0.240416
0.31 0.048 0.136333
0.31 0.054 0.120157
0.31 0.06 0.0670193
0.31 0.066 0.0752488
0.31 0.072 0.0458735
0.31 0.078 0.0630132
0.31 0.084 0.0298716
0.31 0.09 0.0349613
0.31 0.096 0.0402024
0.31 0.102 0.0259421
0.31 0.108 0.0167106
0.31 0.114 0.0193322
0.31 0.12 0.00509644
0.31 0.126 0.00136232
0.31 0.132 0.0190565
0.31 0.138 0.0096276
0.31 0.144 0.0211721
0.31 0.15 0.00555324
0.31 0.156 0.0129334
0.31 0.162 0.0238567
0.31 0.168 0.0168397
0.31 0.174 0.0189105
0.31 0.18 0.00121089
0.31 0.186 0.0102557
0.31 0.192 0.00466213
0.31 0.198 0.0179618
0.31 0.204 0.011754
0.31 0.21 0.00599561
0.31 0.216 0.00703608
0.31 0.222 0.0040122
0.31 0.228 0.00952472
0.31 0.234 0.00619872
0.31 0.24 0.000596176
0.31 0.246 0.0109964
0.31 0.252 0.00506442
0.31 0.258 0.0193804
0.31 0.264 0.017312
0.31 0.27 0.00420533
0.31 0.276 0.00802596
0.31 0.282 0.00745993
0.31 0.288 0.00119146
0.31 0.294 0.00735325
0.31 0.3 0.0124286
0.31 0.306 0.00619618
0.31 0.312 0.00756553
0.31 0.318 0.00463657
0.31 0.324 0.0205764
0.31 0.33 0.0104027
0.31 0.336 0.024763
0.31 0.342 0.0121078
0.31 0.348 0.0123176
0.31 0.354 0.00613564
0.31 0.36 0.00798106
0.31 0.366 0.00100156
0.31 0.372 0.0164347
0.31 0.378 0.00592424
0.31 0.384 0.0115331
0.31 0.39 0.0158373
0.31 0.396 0.000297447
0.31 0.402 0.0143527
0.31 0.408 0.0138523
0.31 0.414 0.0261028
0.31 0.42 0.00375806
0.31 0.426 0.00394184
0.31 0.432 0.0214983
0.31 0.438 0.0089872
0.31 0.444 0.0060025
0.31 0.45 0.0168022
0.31 0.456 0.0208347
0.31 0.462 0.00462377
0.31 0.468 0.00646449
0.31 0.474 0.0122243
0.31 0.48 0.0170111
0.31 0.486 0.00308151
0.31 0.492 0.0348545
0.31 0.498 0.030399
0.31 0.504 0.00638541
0.31 0.51 0.00111916
0.31 0.516 0.0225303
0.31 0.522 0.00933998
0.31 0.528 0.0158534
0.31 0.534 0.00956858
0.31 0.54 0.0164881
0.31 0.546 0.0419593
0.31 0.552 0.0460241
0.31 0.558 0.00127717
0.31 0.564 0.020219
0.31 0.57 0.0187629
0.31 0.576 0.0128546
0.31 0.582 0.0281874
0.31 0.588 0.0147237
0.31 0.594 0.00433387
0.31 0.6 0.00139599
0.315 0 0.0452475
0.315 0.006 0.0642996
0.315 0.012 0.0950923
0.315 0.018 0.151196
0.315 0.024 0.229126
0.315 0.03 0.321908
0.315 0.036 0.350225
0.315 0.042 0.258947
0.315 0.048 0.146076
0.315 0.054 0.124907
0.315 0.06 0.0682532
0.315 0.066 0.0745394
0.315 0.072 0.0482262
0.315 0.078 0.0695915
0.315 0.084 0.0342494
0.315 0.09 0.0358586
0.315 0.096 0.0441881
0.315 0.102 0.0258556
0.315 0.108 0.0169607
0.315 0.114 0.0204847
0.315 0.12 0.00816166
0.315 0.126 0.00180622
0.315 0.132 0.0202758
0.315 0.138 0.00954728
0.315 0.144 0.0206673
0.315 0.15 0.00461384
0.315 0.156 0.0127535
0.315 0.162 0.023127
0.315 0.168 0.00801521
0.315 0.174 0.0182642
0.315 0.18 0.0058481
0.315 0.186 0.00778796
0.315 0.192 0.00310896
0.315 0.198 0.0202787
0.315 0.204 0.0174911
0.315 0.21 0.00723723
0.315 0.216 0.00412561
0.315 0.222 0.0022139
0.315 0.228 0.00738762
0.315 0.234 0.0042152
0.315 0.24 0.00153656
0.315 0.246 0.012589
0.315 0.252 0.00389276
0.315 0.258 0.0201974
0.315 0.264 0.0182846
0.315 0.27 0.00366231
0.315 0.276 0.00841009
0.315 0.282 0.00908843
0.315 0.288 0.000652517
0.315 0.294 0.00556475
0.315 0.3 0.00856694
0.315 0.306 0.00575921
0.315 0.312 0.00622767
0.315 0.318 0.00386279
0.315 0.324 0.0253364
0.315 0.33 0.00901649
0.315 0.336 0.0243445
0.315 0.342 0.0139455
0.315 0.348 0.0130186
0.315 0.354 0.00543629
0.315 0.36 0.00375115
0.315 0.366 0.00183464
0.315 0.372 0.0169714
0.315 0.378 0.00868703
0.315 0.384 0.0111471
0.315 0.39 0.0165047
0.315 0.396 0.00121488
0.315 0.402 0.0164403
0.315 0.408 0.0156059
0.315 0.414 0.0182768
0.315 0.42 0.00428367
0.315 0.426 0.00776652
0.315 0.432 0.0233471
0.315 0.438 0.011935
0.315 0.444 0.00261802
0.315 0.45 0.016627
0.315 0.456 0.023269
0.315 0.462 0.00315005
0.315 0.468 0.00668045
0.315 0.474 0.0123267
0.315 0.48 0.018623
0.315 0.486 0.00419192
0.315 0.492 0.0350439
0.315 0.498 0.0327938
0.315 0.504 0.00413491
0.315 0.51 0.00590495
0.315 0.516 0.0224008
0.315 0.522 0.00692594
0.315 0.528 0.0155353
0.315 0.534 0.00858797
0.315 0.54 0.0165708
0.315 0.546 0.0400519
0.315 0.552 0.0446677
0.315 0.558 0.000208626
0.315 0.564 0.0188967
0.315 0.57 0.0209925
0.315 0.576 0.0118033
0.315 0.582 0.0265978
0.315 0.588 0.0127319
0.315 0.594 0.00350765
0.315 0.6 0.00384308
0.32 0 0.042168
0.32 0.006 0.0595186
0.32 0.012 0.0862183
0.32 0.018 0.137655
0.32 0.024 0.207333
0.32 0.03 0.301751
0.32 0.036 0.347631
0.32 0.042 0.276717
0.32 0.048 0.157117
0.32 0.054 0.128594
0.32 0.06 0.0709725
0.32 0.066 0.0737179
0.32 0.072 0.0511458
0.32 0.078 0.0725016
0.32 0.084 0.040906
0.32 0.09 0.0371049
0.32 0.096 0.0490725
0.32 0.102 0.0244955
0.32 0.108 0.0173613
0.32 0.114 0.022216
0.32 0.12 0.0107527
0.32 0.126 0.0054994
0.32 0.132 0.0209587
0.32 0.138 0.0098804
0.32 0.144 0.0197036
0.32 0.15 0.00502892
0.32 0.156 0.0114522
0.32 0.162 0.0222862
0.32 0.168 0.00197064
0.32 0.174 0.0175184
0.32 0.18 0.0123851
0.32 0.186 0.00549305
0.32 0.192 0.00307122
0.32 0.198 0.0188037
0.32 0.204 0.0227557
0.32 0.21 0.0102335
0.32 0.216 3.86248e-05
0.32 0.222 0.00373557
0.32 0.228 0.00672835
0.32 0.234 0.00319174
0.32 0.24 0.00258128
0.32 0.246 0.0140854
0.32 0.252 0.0026253
0.32 0.258 0.0212224
0.32 0.264 0.016909
0.32 0.27 0.00308791
0.32 0.276 0.00673573
0.32 0.282 0.0106974
0.32 0.288 0.00153426
0.32 0.294 0.00460182
0.32 0.3 0.0071321
0.32 0.306 0.00560422
0.32 0.312 0.00392544
0.32 0.318 0.00231763
0.32 0.324 0.0279119
0.32 0.33 0.00521088
0.32 0.336 0.0221379
0.32 0.342 0.0142112
0.32 0.348 0.0113684
0.32 0.354 0.00426927
0.32 0.36 0.000351099
0.32 0.366 0.0023453
0.32 0.372 0.0168711
0.32 0.378 0.0106927
0.32 0.384 0.00858878
0.32 0.39 0.0166103
0.32 0.396 0.00149521
0.32 0.402 0.0162774
0.32 0.408 0.0167982
0.32 0.414 0.0144409
0.32 0.42 0.00466699
0.32 0.426 0.00914948
0.32 0.432 0.0257771
0.32 0.438 0.0106855
0.32 0.444 0.00105155
0.32 0.45 0.0153486
0.32 0.456 0.0262236
0.32 0.462 0.00253602
0.32 0.468 0.00857939
0.32 0.474 0.0126249
0.32 0.48 0.0205748
0.32 0.486 0.0040266
0.32 0.492 0.0332155
0.32 0.498 0.0313425
0.32 0.504 0.00242497
0.32 0.51 0.00837786
0.32 0.516 0.0242493
0.32 0.522 0.00529923
0.32 0.528 0.0127675
0.32 0.534 0.00807818
0.32 0.54 0.0160398
0.32 0.546 0.0385795
0.32 0.552 0.0409019
0.32 0.558 0.00112606
0.32 0.564 0.0201671
0.32 0.57 0.0202364
0.32 0.576 0.0112245
0.32 0.582 0.026128
0.32 0.588 0.0111235
0.32 0.594 0.0025025
0.32 0.6 0.00511281
0.325 0 0.039189
0.325 0.006 0.0550151
0.325 0.012 0.0781395
0.325 0.018 0.125163
0.325 0.024 0.186549
0.325 0.03 0.279904
0.325 0.036 0.33927
0.325 0.042 0.292862
0.325 0.048 0.169287
0.325 0.054 0.131676
0.325 0.06 0.075975
0.325 0.066 0.0730612
0.325 0.072 0.0548944
0.325 0.078 0.0728681
0.325 0.084 0.0490608
0.325 0.09 0.0385898
0.325 0.096 0.053317
0.325 0.102 0.0228246
0.325 0.108 0.0168851
0.325 0.114 0.0238942
0.325 0.12 0.0120871
0.325 0.126 0.00899882
0.325 0.132 0.0207835
0.325 0.138 0.0101658
0.325 0.144 0.0185122
0.325 0.15 0.00606356
0.325 0.156 0.010468
0.325 0.162 0.0207854
0.325 0.168 0.000306228
0.325 0.174 0.0187338
0.325 0.18 0.0179217
0.325 0.186 0.00605422
0.325 0.192 0.00308121
0.325 0.198 0.0156412
0.325 0.204 0.0242039
0.325 0.21 0.0134488
0.325 0.216 0.00134548
0.325 0.222 0.00798163
0.325 0.228 0.00766916
0.325 0.234 0.00330847
0.325 0.24 0.00241912
0.325 0.246 0.0148887
0.325 0.252 0.00242954
0.325 0.258 0.0216266
0.325 0.264 0.0124206
0.325 0.27 0.00137217
0.325 0.276 0.00484779
0.325 0.282 0.0114212
0.325 0.288 0.00271628
0.325 0.294 0.00559492
0.325 0.3 0.00980241
0.325 0.306 0.0065353
0.325 0.312 0.000985308
0.325 0.318 0.000842047
0.325 0.324 0.0276002
0.325 0.33 0.000722978
0.325 0.336 0.0182638
0.325 0.342 0.0134223
0.325 0.348 0.00859315
0.325 0.354 0.00253563
0.325 0.36 0.000780823
0.325 0.366 0.00201595
0.325 0.372 0.0164478
0.325 0.378 0.0120667
0.325 0.384 0.00447275
0.325 0.39 0.0154279
0.325 0.396 0.000970479
0.325 0.402 0.01513
0.325 0.408 0.0169153
0.325 0.414 0.0161036
0.325 0.42 0.00405782
0.325 0.426 0.00748826
0.325 0.432 0.027427
0.325 0.438 0.00816711
0.325 0.444 0.00173277
0.325 0.45 0.0133703
0.325 0.456 0.0282596
0.325 0.462 0.00353792
0.325 0.468 0.0117391
0.325 0.474 0.0139896
0.325 0.48 0.0241044
0.325 0.486 0.00175834
0.325 0.492 0.0313804
0.325 0.498 0.0267766
0.325 0.504 0.00150271
0.325 0.51 0.00650654
0.325 0.516 0.0294289
0.325 0.522 0.00393446
0.325 0.528 0.010323
0.325 0.534 0.00794946
0.325 0.54 0.0146185
0.325 0.546 0.0385384
0.325 0.552 0.0378245
0.325 0.558 0.00154311
0.325 0.564 0.022007
0.325 0.57 0.0183746
0.325 0.576 0.0117707
0.325 0.582 0.0273024
0.325 0.588 0.0105025
0.325 0.594 0.00259271
0.325 0.6 0.00417164
0.33 0 0.0366347
0.33 0.006 0.0510388
0.33 0.012 0.0709779
0.33 0.018 0.11377
0.33 0.024 0.167067
0.33 0.03 0.257303
0.33 0.036 0.326343
0.33 0.042 0.306432
0.33 0.048 0.182194
0.33 0.054 0.134988
0.33 0.06 0.0836687
0.33 0.066 0.0731599
0.33 0.072 0.0598236
0.33 0.078 0.0725331
0.33 0.084 0.05757
0.33 0.09 0.0405507
0.33 0.096 0.0550261
0.33 0.102 0.022276
0.33 0.108 0.0154623
0.33 0.114 0.0246038
0.33 0.12 0.0116647
0.33 0.126 0.0119555
0.33 0.132 0.020035
0.33 0.138 0.0101215
0.33 0.144 0.0171575
0.33 0.15 0.00736259
0.33 0.156 0.0111655
0.33 0.162 0.0189722
0.33 0.168 0.00326677
0.33 0.174 0.0224509
0.33 0.18 0.0194773
0.33 0.186 0.0100362
0.33 0.192 0.0022047
0.33 0.198 0.0136331
0.33 0.204 0.0208296
0.33 0.21 0.0157441
0.33 0.216 0.00067359
0.33 0.222 0.0120644
0.33 0.228 0.00939779
0.33 0.234 0.00444697
0.33 0.24 0.00145303
0.33 0.246 0.014703
0.33 0.252 0.0028944
0.33 0.258 0.0211911
0.33 0.264 0.00618293
0.33 0.27 0.00169853
0.33 0.276 0.00387835
0.33 0.282 0.0103385
0.33 0.288 0.0028482
0.33 0.294 0.00836603
0.33 0.3 0.0152355
0.33 0.306 0.00742899
0.33 0.312 0.0013557
0.33 0.318 0.000556228
0.33 0.324 0.02513
0.33 0.33 0.00285287
0.33 0.336 0.013607
0.33 0.342 0.0122859
0.33 0.348 0.00650797
0.33 0.354 0.000892267
0.33 0.36 0.000490991
0.33 0.366 0.00257273
0.33 0.372 0.015961
0.33 0.378 0.0135398
0.33 0.384 0.000190019
0.33 0.39 0.0129359
0.33 0.396 0.000477142
0.33 0.402 0.0147031
0.33 0.408 0.0160044
0.33 0.414 0.0205382
0.33 0.42 0.00251767
0.33 0.426 0.0043709
0.33 0.432 0.0274381
0.33 0.438 0.00832495
0.33 0.444 0.00381161
0.33 0.45 0.0108941
0.33 0.456 0.0285775
0.33 0.462 0.00538191
0.33 0.468 0.0152356
0.33 0.474 0.0166991
0.33 0.48 0.0281188
0.33 0.486 0.00228717
0.33 0.492 0.0306408
0.33 0.498 0.0217451
0.33 0.504 0.001028
0.33 0.51 0.00383788
0.33 0.516 0.0370497
0.33 0.522 0.00194198
0.33 0.528 0.00938527
0.33 0.534 0.00732164
0.33 0.54 0.0125562
0.33 0.546 0.0402104
0.33 0.552 0.0372837
0.33 0.558 0.00103582
0.33 0.564 0.0235407
0.33 0.57 0.0172132
0.33 0.576 0.0134155
0.33 0.582 0.0292277
0.33 0.588 0.0109025
0.33 0.594 0.00406726
0.33 0.6 0.00131639
0.335 0 0.0343724
0.335 0.006 0.0474607
0.335 0.012 0.064613
0.335 0.018 0.103375
0.335 0.024 0.14904
0.335 0.03 0.234731
0.335 0.036 0.310241
0.335 0.042 0.316411
0.335 0.048 0.195198
0.335 0.054 0.139672
0.335 0.06 0.0939619
0.335 0.066 0.0747912
0.335 0.072 0.0659912
0.335 0.078 0.0732766
0.335 0.084 0.0653736
0.335 0.09 0.0433976
0.335 0.096 0.0528708
0.335 0.102 0.023708
0.335 0.108 0.014005
0.335 0.114 0.0236714
0.335 0.12 0.00933193
0.335 0.126 0.0143093
0.335 0.132 0.0194497
0.335 0.138 0.0100537
0.335 0.144 0.0156965
0.335 0.15 0.00868873
0.335 0.156 0.0130582
0.335 0.162 0.0173068
0.335 0.168 0.00972513
0.335 0.174 0.0266844
0.335 0.18 0.0162255
0.335 0.186 0.0160876
0.335 0.192 0.001423
0.335 0.198 0.0137797
0.335 0.204 0.0146558
0.335 0.21 0.016371
0.335 0.216 0.00312401
0.335 0.222 0.0133494
0.335 0.228 0.0109467
0.335 0.234 0.00625677
0.335 0.24 0.000281671
0.335 0.246 0.0139266
0.335 0.252 0.00348803
0.335 0.258 0.0205322
0.335 0.264 0.000671639
0.335 0.27 0.00457492
0.335 0.276 0.00356775
0.335 0.282 0.0073208
0.335 0.288 0.00125935
0.335 0.294 0.0120069
0.335 0.3 0.0203549
0.335 0.306 0.00645299
0.335 0.312 0.00212858
0.335 0.318 0.00144802
0.335 0.324 0.0220654
0.335 0.33 0.00459939
0.335 0.336 0.00920862
0.335 0.342 0.0115075
0.335 0.348 0.00553326
0.335 0.354 0.00109969
0.335 0.36 0.000866631
0.335 0.366 0.00618848
0.335 0.372 0.0150003
0.335 0.378 0.0153864
0.335 0.384 0.00401526
0.335 0.39 0.00987099
0.335 0.396 0.000110412
0.335 0.402 0.0149826
0.335 0.408 0.0150998
0.335 0.414 0.022935
0.335 0.42 0.00105407
0.335 0.426 0.0018939
0.335 0.432 0.0263597
0.335 0.438 0.0109875
0.335 0.444 0.00634552
0.335 0.45 0.0079217
0.335 0.456 0.0278766
0.335 0.462 0.00615951
0.335 0.468 0.0180354
0.335 0.474 0.0202571
0.335 0.48 0.0301492
0.335 0.486 0.00601621
0.335 0.492 0.0301503
0.335 0.498 0.0191054
0.335 0.504 0.000234731
0.335 0.51 0.00278549
0.335 0.516 0.0450125
0.335 0.522 0.000575293
0.335 0.528 0.0090943
0.335 0.534 0.00578996
0.335 0.54 0.0113036
0.335 0.546 0.0426608
0.335 0.552 0.0380524
0.335 0.558 0.000194476
0.335 0.564 0.0251696
0.335 0.57 0.0169996
0.335 0.576 0.0150765
0.335 0.582 0.0305832
0.335 0.588 0.0117155
0.335 0.594 0.00604984
0.335 0.6 0.00178937
0.34 0 0.0320595
0.34 0.006 0.0439777
0.34 0.012 0.0588116
0.34 0.018 0.0937996
0.34 0.024 0.132526
0.34 0.03 0.212788
0.34 0.036 0.292238
0.34 0.042 0.321879
0.34 0.048 0.207488
0.34 0.054 0.147028
0.34 0.06 0.106296
0.34 0.066 0.0786181
0.34 0.072 0.0729328
0.34 0.078 0.0761545
0.34 0.084 0.0718776
0.34 0.09 0.0474326
0.34 0.096 0.0470556
0.34 0.102 0.0268463
0.34 0.108 0.0135784
0.34 0.114 0.0211586
0.34 0.12 0.00522455
0.34 0.126 0.0159299
0.34 0.132 0.0194721
0.34 0.138 0.0104433
0.34 0.144 0.0142928
0.34 0.15 0.0102401
0.34 0.156 0.0136442
0.34 0.162 0.0157192
0.34 0.168 0.0173865
0.34 0.174 0.0282272
0.34 0.18 0.0101307
0.34 0.186 0.0221858
0.34 0.192 0.00263058
0.34 0.198 0.0147428
0.34 0.204 0.00935898
0.34 0.21 0.0152757
0.34 0.216 0.00273302
0.34 0.222 0.0117727
0.34 0.228 0.0119229
0.34 0.234 0.00807232
0.34 0.24 0.000875294
0.34 0.246 0.0133443
0.34 0.252 0.00500485
0.34 0.258 0.0200805
0.34 0.264 0.00231769
0.34 0.27 0.0051645
0.34 0.276 0.00331001
0.34 0.282 0.00368045
0.34 0.288 0.00178554
0.34 0.294 0.0154888
0.34 0.3 0.0227651
0.34 0.306 0.00397442
0.34 0.312 0.00168666
0.34 0.318 0.00217395
0.34 0.324 0.0198661
0.34 0.33 0.00406202
0.34 0.336 0.00619469
0.34 0.342 0.0111807
0.34 0.348 0.00442583
0.34 0.354 0.00454442
0.34 0.36 0.00299964
0.34 0.366 0.012219
0.34 0.372 0.0127382
0.34 0.378 0.0168071
0.34 0.384 0.00559213
0.34 0.39 0.00754752
0.34 0.396 0.000990352
0.34 0.402 0.0143342
0.34 0.408 0.0155171
0.34 0.414 0.020185
0.34 0.42 0.000310613
0.34 0.426 0.000603528
0.34 0.432 0.0259584
0.34 0.438 0.0123762
0.34 0.444 0.00878204
0.34 0.45 0.00493321
0.34 0.456 0.0273828
0.34 0.462 0.00492474
0.34 0.468 0.0194406
0.34 0.474 0.0237173
0.34 0.48 0.0290016
0.34 0.486 0.00740968
0.34 0.492 0.028154
0.34 0.498 0.0195058
0.34 0.504 0.00331138
0.34 0.51 0.00331995
0.34 0.516 0.052071
0.34 0.522 0.00287477
0.34 0.528 0.00828093
0.34 0.534 0.00433233
0.34 0.54 0.0132194
0.34 0.546 0.0438884
0.34 0.552 0.0377014
0.34 0.558 0.000840843
0.34 0.564 0.0268373
0.34 0.57 0.0170952
0.34 0.576 0.0156049
0.34 0.582 0.0306297
0.34 0.588 0.0122821
0.34 0.594 0.00702094
0.34 0.6 0.00323392
0.345 0 0.0297889
0.345 0.006 0.0406521
0.345 0.012 0.0535625
0.345 0.018 0.0850089
0.345 0.024 0.117621
0.345 0.03 0.191943
0.345 0.036 0.273302
0.345 0.042 0.32221
0.345 0.048 0.218236
0.345 0.054 0.158269
0.345 0.06 0.119837
0.345 0.066 0.0848673
0.345 0.072 0.0797598
0.345 0.078 0.0812096
0.345 0.084 0.0770385
0.345 0.09 0.0527159
0.345 0.096 0.0397133
0.345 0.102 0.0306852
0.345 0.108 0.0146797
0.345 0.114 0.0180466
0.345 0.12 0.000303885
0.345 0.126 0.0164003
0.345 0.132 0.0198881
0.345 0.138 0.0110786
0.345 0.144 0.0133157
0.345 0.15 0.0133283
0.345 0.156 0.0109256
0.345 0.162 0.0141519
0.345 0.168 0.0237467
0.345 0.174 0.0254309
0.345 0.18 0.00479087
0.345 0.186 0.0263531
0.345 0.192 0.00654756
0.345 0.198 0.0147622
0.345 0.204 0.00779502
0.345 0.21 0.0137332
0.345 0.216 0.000626417
0.345 0.222 0.00954241
0.345 0.228 0.012725
0.345 0.234 0.00908777
0.345 0.24 0.00182109
0.345 0.246 0.0133642
0.345 0.252 0.00883362
0.345 0.258 0.0190215
0.345 0.264 0.00267766
0.345 0.27 0.00299678
0.345 0.276 0.00314372
0.345 0.282 0.0016072
0.345 0.288 0.00548876
0.345 0.294 0.0178611
0.345 0.3 0.0220404
0.345 0.306 0.00294779
0.345 0.312 0.00106858
0.345 0.318 0.00138295
0.345 0.324 0.0194938
0.345 0.33 0.00119504
0.345 0.336 0.00533666
0.345 0.342 0.0106623
0.345 0.348 0.00207024
0.345 0.354 0.0102229
0.345 0.36 0.00574366
0.345 0.366 0.016915
0.345 0.372 0.00909846
0.345 0.378 0.0164946
0.345 0.384 0.00418531
0.345 0.39 0.00730639
0.345 0.396 0.00321595
0.345 0.402 0.0118067
0.345 0.408 0.0174224
0.345 0.414 0.0131498
0.345 0.42 9.29709e-05
0.345 0.426 0.000348249
0.345 0.432 0.0278472
0.345 0.438 0.0105024
0.345 0.444 0.0103866
0.345 0.45 0.00329266
0.345 0.456 0.0274056
0.345 0.462 0.00283571
0.345 0.468 0.0191708
0.345 0.474 0.0258595
0.345 0.48 0.0258498
0.345 0.486 0.00680866
0.345 0.492 0.0240971
0.345 0.498 0.0205244
0.345 0.504 0.00763923
0.345 0.51 0.0051599
0.345 0.516 0.0573381
0.345 0.522 0.00402677
0.345 0.528 0.0069326
0.345 0.534 0.00443119
0.345 0.54 0.0194483
0.345 0.546 0.0419487
0.345 0.552 0.035616
0.345 0.558 0.00242004
0.345 0.564 0.027789
0.345 0.57 0.0177165
0.345 0.576 0.0149143
0.345 0.582 0.0295934
0.345 0.588 0.0123736
0.345 0.594 0.0059053
0.345 0.6 0.00243618
0.35 0 0.0278694
0.35 0.006 0.0377285
0.35 0.012 0.0489676
0.35 0.018 0.077037
0.35 0.024 0.104402
0.35 0.03 0.172514
0.35 0.036 0.254001
0.35 0.042 0.317157
0.35 0.048 0.226717
0.35 0.054 0.174134
0.35 0.06 0.133741
0.35 0.066 0.0931528
0.35 0.072 0.0855242
0.35 0.078 0.0875991
0.35 0.084 0.0811574
0.35 0.09 0.0590337
0.35 0.096 0.0340502
0.35 0.102 0.03425
0.35 0.108 0.0172096
0.35 0.114 0.0158931
0.35 0.12 0.00666124
0.35 0.126 0.0152814
0.35 0.132 0.0203498
0.35 0.138 0.0110201
0.35 0.144 0.013309
0.35 0.15 0.0193039
0.35 0.156 0.00600506
0.35 0.162 0.0133966
0.35 0.168 0.0272024
0.35 0.174 0.0198859
0.35 0.18 0.00349759
0.35 0.186 0.0269274
0.35 0.192 0.0119699
0.35 0.198 0.0136868
0.35 0.204 0.0101384
0.35 0.21 0.0138261
0.35 0.216 0.00384969
0.35 0.222 0.00882008
0.35 0.228 0.013992
0.35 0.234 0.00878131
0.35 0.24 0.00147281
0.35 0.246 0.0136404
0.35 0.252 0.0147268
0.35 0.258 0.0164138
0.35 0.264 0.00142035
0.35 0.27 6.30057e-05
0.35 0.276 0.00340486
0.35 0.282 0.00249956
0.35 0.288 0.00903069
0.35 0.294 0.0185562
0.35 0.3 0.0194539
0.35 0.306 0.00553736
0.35 0.312 0.000529829
0.35 0.318 0.000900642
0.35 0.324 0.0214136
0.35 0.33 0.00315141
0.35 0.336 0.00613462
0.35 0.342 0.00927107
0.35 0.348 0.000833916
0.35 0.354 0.0146872
0.35 0.36 0.00670417
0.35 0.366 0.0171054
0.35 0.372 0.00550146
0.35 0.378 0.0138977
0.35 0.384 0.000229847
0.35 0.39 0.0095491
0.35 0.396 0.00535623
0.35 0.402 0.00866866
0.35 0.408 0.0192086
0.35 0.414 0.00590989
0.35 0.42 0.000852509
0.35 0.426 0.00154568
0.35 0.432 0.0317133
0.35 0.438 0.00719417
0.35 0.444 0.0102931
0.35 0.45 0.00424916
0.35 0.456 0.0273236
0.35 0.462 0.00207088
0.35 0.468 0.0172669
0.35 0.474 0.025438
0.35 0.48 0.0226742
0.35 0.486 0.00669707
0.35 0.492 0.0197463
0.35 0.498 0.0193041
0.35 0.504 0.011247
0.35 0.51 0.00868209
0.35 0.516 0.0592104
0.35 0.522 0.00312204
0.35 0.528 0.00586449
0.35 0.534 0.006402
0.35 0.54 0.0279228
0.35 0.546 0.0362911
0.35 0.552 0.0333293
0.35 0.558 0.00444689
0.35 0.564 0.0278738
0.35 0.57 0.0197137
0.35 0.576 0.0137639
0.35 0.582 0.0284468
0.35 0.588 0.012033
0.35 0.594 0.00307971
0.35 0.6 0.000518783
0.355 0 0.0261988
0.355 0.006 0.03511
0.355 0.012 0.0449195
0.355 0.018 0.0697874
0.355 0.024 0.0927948
0.355 0.03 0.154598
0.355 0.036 0.234535
0.355 0.042 0.306839
0.355 0.048 0.232396
0.355 0.054 0.194516
0.355 0.06 0.147379
0.355 0.066 0.102542
0.355 0.072 0.0896419
0.355 0.078 0.0940293
0.355 0.084 0.0845869
0.355 0.09 0.0658984
0.355 0.096 0.0324618
0.355 0.102 0.0370387
0.355 0.108 0.02082
0.355 0.114 0.0160295
0.355 0.12 0.0129565
0.355 0.126 0.0126454
0.355 0.132 0.020883
0.355 0.138 0.00978314
0.355 0.144 0.014637
0.355 0.15 0.0271503
0.355 0.156 0.00252312
0.355 0.162 0.0147378
0.355 0.168 0.0274644
0.355 0.174 0.0153264
0.355 0.18 0.00745764
0.355 0.186 0.0233107
0.355 0.192 0.0168699
0.355 0.198 0.012937
0.355 0.204 0.0142017
0.355 0.21 0.0165383
0.355 0.216 0.00372165
0.355 0.222 0.00996445
0.355 0.228 0.0156974
0.355 0.234 0.00719358
0.355 0.24 0.0016436
0.355 0.246 0.0136753
0.355 0.252 0.0197617
0.355 0.258 0.0134229
0.355 0.264 0.000733868
0.355 0.27 0.00142718
0.355 0.276 0.00391234
0.355 0.282 0.00564698
0.355 0.288 0.0117583
0.355 0.294 0.0178067
0.355 0.3 0.0169208
0.355 0.306 0.0100999
0.355 0.312 0.000632302
0.355 0.318 0.00325157
0.355 0.324 0.0253265
0.355 0.33 0.00702631
0.355 0.336 0.0069941
0.355 0.342 0.00693431
0.355 0.348 0.0022352
0.355 0.354 0.0146764
0.355 0.36 0.00448754
0.355 0.366 0.0134308
0.355 0.372 0.00395987
0.355 0.378 0.0101045
0.355 0.384 0.00480592
0.355 0.39 0.0131562
0.355 0.396 0.00572977
0.355 0.402 0.00714342
0.355 0.408 0.0186063
0.355 0.414 0.00277008
0.355 0.42 0.00223649
0.355 0.426 0.00277299
0.355 0.432 0.0349881
0.355 0.438 0.00458022
0.355 0.444 0.00852702
0.355 0.45 0.00735549
0.355 0.456 0.0269113
0.355 0.462 0.00388616
0.355 0.468 0.0143276
0.355 0.474 0.0220013
0.355 0.48 0.0202295
0.355 0.486 0.00918157
0.355 0.492 0.0178971
0.355 0.498 0.015949
0.355 0.504 0.012509
0.355 0.51 0.01371
0.355 0.516 0.0570746
0.355 0.522 0.0002717
0.355 0.528 0.00559575
0.355 0.534 0.0090435
0.355 0.54 0.0345053
0.355 0.546 0.028327
0.355 0.552 0.0323735
0.355 0.558 0.00581774
0.355 0.564 0.0276626
0.355 0.57 0.0226084
0.355 0.576 0.012722
0.355 0.582 0.0282673
0.355 0.588 0.0112328
0.355 0.594 0.000340784
0.355 0.6 0.00100281
0.36 0 0.0244578
0.36 0.006 0.0325197
0.36 0.012 0.0412036
0.36 0.018 0.063094
0.36 0.024 0.0826283
0.36 0.03 0.138144
0.36 0.036 0.214957
0.36 0.042 0.291733
0.36 0.048 0.235001
0.36 0.054 0.21828
0.36 0.06 0.160467
0.36 0.066 0.111878
0.36 0.072 0.0921354
0.36 0.078 0.0993032
0.36 0.084 0.0874981
0.36 0.09 0.0726613
0.36 0.096 0.0350032
0.36 0.102 0.0391415
0.36 0.108 0.0250462
0.36 0.114 0.0187935
0.36 0.12 0.018097
0.36 0.126 0.00925543
0.36 0.132 0.0215327
0.36 0.138 0.00827902
0.36 0.144 0.016972
0.36 0.15 0.0334075
0.36 0.156 0.00335228
0.36 0.162 0.0184492
0.36 0.168 0.0254181
0.36 0.174 0.0147109
0.36 0.18 0.0149749
0.36 0.186 0.0168859
0.36 0.192 0.0197887
0.36 0.198 0.0137177
0.36 0.204 0.0177211
0.36 0.21 0.0205137
0.36 0.216 4.50914e-05
0.36 0.222 0.0118748
0.36 0.228 0.0167914
0.36 0.234 0.00487603
0.36 0.24 0.00737531
0.36 0.246 0.0137272
0.36 0.252 0.020336
0.36 0.258 0.0130237
0.36 0.264 0.00388986
0.36 0.27 2.37869e-05
0.36 0.276 0.00406873
0.36 0.282 0.00865506
0.36 0.288 0.013185
0.36 0.294 0.0164548
0.36 0.3 0.0158299
0.36 0.306 0.0127735
0.36 0.312 0.00265337
0.36 0.318 0.00409325
0.36 0.324 0.0298554
0.36 0.33 0.008291
0.36 0.336 0.00687859
0.36 0.342 0.00416507
0.36 0.348 0.000724274
0.36 0.354 0.0101245
0.36 0.36 2.14024e-05
0.36 0.366 0.00930057
0.36 0.372 0.00510679
0.36 0.378 0.00749943
0.36 0.384 0.00908292
0.36 0.39 0.0160896
0.36 0.396 0.00416789
0.36 0.402 0.00796085
0.36 0.408 0.0146647
0.36 0.414 0.00512136
0.36 0.42 0.00401632
0.36 0.426 0.00387373
0.36 0.432 0.0348738
0.36 0.438 0.00259373
0.36 0.444 0.00618566
0.36 0.45 0.010506
0.36 0.456 0.027105
0.36 0.462 0.00768721
0.36 0.468 0.0118282
0.36 0.474 0.0167159
0.36 0.48 0.0179887
0.36 0.486 0.014124
0.36 0.492 0.019655
0.36 0.498 0.0130923
0.36 0.504 0.0116068
0.36 0.51 0.0194585
0.36 0.516 0.0532409
0.36 0.522 0.00252536
0.36 0.528 0.00610086
0.36 0.534 0.0109112
0.36 0.54 0.0367306
0.36 0.546 0.0209097
0.36 0.552 0.0328285
0.36 0.558 0.00519456
0.36 0.564 0.0272353
0.36 0.57 0.0243587
0.36 0.576 0.0118873
0.36 0.582 0.0294643
0.36 0.588 0.0099665
0.36 0.594 0.000311709
0.36 0.6 0.00155863
0.365 0 0.0227187
0.365 0.006 0.0300093
0.365 0.012 0.0378126
0.365 0.018 0.0569193
0.365 0.024 0.0737824
0.365 0.03 0.123087
0.365 0.036 0.1954
0.365 0.042 0.272649
0.365 0.048 0.234568
0.365 0.054 0.243294
0.365 0.06 0.173079
0.365 0.066 0.120236
0.365 0.072 0.0935455
0.365 0.078 0.102758
0.365 0.084 0.0897562
0.365 0.09 0.0787478
0.365 0.096 0.0394998
0.365 0.102 0.041199
0.365 0.108 0.0291625
0.365 0.114 0.0233721
0.365 0.12 0.0211676
0.365 0.126 0.00610951
0.365 0.132 0.0218701
0.365 0.138 0.00800831
0.365 0.144 0.0191747
0.365 0.15 0.035354
0.365 0.156 0.00810503
0.365 0.162 0.022857
0.365 0.168 0.0228141
0.365 0.174 0.017995
0.365 0.18 0.0223577
0.365 0.186 0.0106705
0.365 0.192 0.0203547
0.365 0.198 0.0156243
0.365 0.204 0.0201572
0.365 0.21 0.0231263
0.365 0.216 0.00483546
0.365 0.222 0.0135257
0.365 0.228 0.0158996
0.365 0.234 0.00273256
0.365 0.24 0.0131037
0.365 0.246 0.0146909
0.365 0.252 0.0158885
0.365 0.258 0.0167819
0.365 0.264 0.0079822
0.365 0.27 0.00349471
0.365 0.276 0.003657
0.365 0.282 0.00939568
0.365 0.288 0.0131592
0.365 0.294 0.0151717
0.365 0.3 0.0163357
0.365 0.306 0.0119672
0.365 0.312 0.00430284
0.365 0.318 0.00300106
0.365 0.324 0.0330157
0.365 0.33 0.00608916
0.365 0.336 0.00630806
0.365 0.342 0.00174455
0.365 0.348 0.00331503
0.365 0.354 0.00446264
0.365 0.36 0.00421054
0.365 0.366 0.00739297
0.365 0.372 0.00721687
0.365 0.378 0.00812899
0.365 0.384 0.0112242
0.365 0.39 0.0166838
0.365 0.396 0.00203548
0.365 0.402 0.00965521
0.365 0.408 0.00876143
0.365 0.414 0.0103804
0.365 0.42 0.00548144
0.365 0.426 0.00497878
0.365 0.432 0.0308076
0.365 0.438 0.00079635
0.365 0.444 0.00417666
0.365 0.45 0.0119752
0.365 0.456 0.0290267
0.365 0.462 0.0116479
0.365 0.468 0.0115735
0.365 0.474 0.0119718
0.365 0.48 0.0157402
0.365 0.486 0.0195585
0.365 0.492 0.023237
0.365 0.498 0.0124131
0.365 0.504 0.0101716
0.365 0.51 0.0256918
0.365 0.516 0.0510143
0.365 0.522 0.00277544
0.365 0.528 0.00746898
0.365 0.534 0.0115026
0.365 0.54 0.0358845
0.365 0.546 0.0168954
0.365 0.552 0.0338047
0.365 0.558 0.00249967
0.365 0.564 0.026157
0.365 0.57 0.0236396
0.365 0.576 0.0115256
0.365 0.582 0.0314026
0.365 0.588 0.00855879
0.365 0.594 0.00191114
0.365 0.6 0.00140249
0.37 0 0.0212739
0.37 0.006 0.0278162
0.37 0.012 0.0348585
0.37 0.018 0.0513013
0.37 0.024 0.0661752
0.37 0.03 0.109372
0.37 0.036 0.176132
0.37 0.042 0.250615
0.37 0.048 0.231406
0.37 0.054 0.266646
0.37 0.06 0.185515
0.37 0.066 0.127329
0.37 0.072 0.0945537
0.37 0.078 0.104429
0.37 0.084 0.0909682
0.37 0.09 0.0838467
0.37 0.096 0.0432035
0.37 0.102 0.044039
0.37 0.108 0.0321955
0.37 0.114 0.0283126
0.37 0.12 0.0219621
0.37 0.126 0.00383321
0.37 0.132 0.0214265
0.37 0.138 0.00927433
0.37 0.144 0.0199261
0.37 0.15 0.0332272
0.37 0.156 0.0138027
0.37 0.162 0.0253414
0.37 0.168 0.021473
0.37 0.174 0.0223613
0.37 0.18 0.0263149
0.37 0.186 0.00740429
0.37 0.192 0.019318
0.37 0.198 0.0171151
0.37 0.204 0.0220268
0.37 0.21 0.0227538
0.37 0.216 0.00774592
0.37 0.222 0.0147928
0.37 0.228 0.0125517
0.37 0.234 0.00192162
0.37 0.24 0.0156549
0.37 0.246 0.0169133
0.37 0.252 0.0103481
0.37 0.258 0.0228356
0.37 0.264 0.0118217
0.37 0.27 0.0076896
0.37 0.276 0.00314861
0.37 0.282 0.0076923
0.37 0.288 0.0121513
0.37 0.294 0.0141642
0.37 0.3 0.0175887
0.37 0.306 0.00999383
0.37 0.312 0.0039489
0.37 0.318 0.000936944
0.37 0.324 0.0333976
0.37 0.33 0.00143668
0.37 0.336 0.00626811
0.37 0.342 0.000401436
0.37 0.348 0.00840114
0.37 0.354 0.00172441
0.37 0.36 0.00605884
0.37 0.366 0.00793543
0.37 0.372 0.00752632
0.37 0.378 0.0119261
0.37 0.384 0.0109467
0.37 0.39 0.0144867
0.37 0.396 0.000504007
0.37 0.402 0.010081
0.37 0.408 0.00366627
0.37 0.414 0.0139335
0.37 0.42 0.00565998
0.37 0.426 0.00567418
0.37 0.432 0.0246812
0.37 0.438 3.06517e-05
0.37 0.444 0.00239378
0.37 0.45 0.0120519
0.37 0.456 0.0323132
0.37 0.462 0.0141342
0.37 0.468 0.0142602
0.37 0.474 0.00971144
0.37 0.48 0.0144562
0.37 0.486 0.023207
0.37 0.492 0.0257961
0.37 0.498 0.0132888
0.37 0.504 0.00955112
0.37 0.51 0.0321882
0.37 0.516 0.0513793
0.37 0.522 0.000295899
0.37 0.528 0.0101667
0.37 0.534 0.0111909
0.37 0.54 0.0350416
0.37 0.546 0.0173647
0.37 0.552 0.0343839
0.37 0.558 0.000505363
0.37 0.564 0.0248384
0.37 0.57 0.0212587
0.37 0.576 0.0123232
0.37 0.582 0.032773
0.37 0.588 0.00759801
0.37 0.594 0.00599072
0.37 0.6 0.000773291
0.375 0 0.0200452
0.375 0.006 0.0258695
0.375 0.012 0.0322661
0.375 0.018 0.046164
0.375 0.024 0.0596545
0.375 0.03 0.0968884
0.375 0.036 0.157461
0.375 0.042 0.226735
0.375 0.048 0.225998
0.375 0.054 0.285121
0.375 0.06 0.198022
0.375 0.066 0.133639
0.375 0.072 0.0955676
0.375 0.078 0.104907
0.375 0.084 0.0907442
0.375 0.09 0.0879431
0.375 0.096 0.0447561
0.375 0.102 0.0480531
0.375 0.108 0.0333569
0.375 0.114 0.0322122
0.375 0.12 0.0213074
0.375 0.126 0.00260052
0.375 0.132 0.0205141
0.375 0.138 0.0107032
0.375 0.144 0.0187625
0.375 0.15 0.0286209
0.375 0.156 0.0175617
0.375 0.162 0.0245855
0.375 0.168 0.0220512
0.375 0.174 0.02462
0.375 0.18 0.026094
0.375 0.186 0.00781178
0.375 0.192 0.018535
0.375 0.198 0.017234
0.375 0.204 0.0231225
0.375 0.21 0.01988
0.375 0.216 0.00763051
0.375 0.222 0.0158658
0.375 0.228 0.00778109
0.375 0.234 0.00357609
0.375 0.24 0.0138011
0.375 0.246 0.0195268
0.375 0.252 0.00875629
0.375 0.258 0.0276702
0.375 0.264 0.0139204
0.375 0.27 0.0120198
0.375 0.276 0.00326013
0.375 0.282 0.00513036
0.375 0.288 0.0112018
0.375 0.294 0.0137617
0.375 0.3 0.018585
0.375 0.306 0.00979036
0.375 0.312 0.00165519
0.375 0.318 0.000731637
0.375 0.324 0.0309788
0.375 0.33 0.00356203
0.375 0.336 0.00673664
0.375 0.342 0.000293209
0.375 0.348 0.0130978
0.375 0.354 0.00318995
0.375 0.36 0.00486044
0.375 0.366 0.00965303
0.375 0.372 0.00477313
0.375 0.378 0.0165296
0.375 0.384 0.00915938
0.375 0.39 0.0103668
0.375 0.396 0.000284515
0.375 0.402 0.00824157
0.375 0.408 0.00148303
0.375 0.414 0.0126139
0.375 0.42 0.0043825
0.375 0.426 0.00496483
0.375 0.432 0.0189943
0.375 0.438 0.000694417
0.375 0.444 0.000404664
0.375 0.45 0.0122538
0.375 0.456 0.0347377
0.375 0.462 0.0146801
0.375 0.468 0.018621
0.375 0.474 0.0100111
0.375 0.48 0.0152177
0.375 0.486 0.0235994
0.375 0.492 0.026062
0.375 0.498 0.014782
0.375 0.504 0.00953665
0.375 0.51 0.0373332
0.375 0.516 0.0533422
0.375 0.522 0.00214816
0.375 0.528 0.0142759
0.375 0.534 0.0105692
0.375 0.54 0.0358501
0.375 0.546 0.0207695
0.375 0.552 0.0340822
0.375 0.558 0.00147331
0.375 0.564 0.0246707
0.375 0.57 0.018929
0.375 0.576 0.0146307
0.375 0.582 0.0324545
0.375 0.588 0.0075207
0.375 0.594 0.00957564
0.375 0.6 0.000219579
0.38 0 0.0187337
0.38 0.006 0.0239156
0.38 0.012 0.0298494
0.38 0.018 0.0413675
0.38 0.024 0.054041
0.38 0.03 0.0855104
0.38 0.036 0.13969
0.38 0.042 0.202088
0.38 0.048 0.218889
0.38 0.054 0.295908
0.38 0.06 0.210445
0.38 0.066 0.140261
0.38 0.072 0.0965467
0.38 0.078 0.104995
0.38 0.084 0.0890445
0.38 0.09 0.0912813
0.38 0.096 0.0451948
0.38 0.102 0.052918
0.38 0.108 0.0326466
0.38 0.114 0.0341629
0.38 0.12 0.0208364
0.38 0.126 0.00256284
0.38 0.132 0.0200668
0.38 0.138 0.0107764
0.38 0.144 0.0166781
0.38 0.15 0.0222443
0.38 0.156 0.0186163
0.38 0.162 0.0218992
0.38 0.168 0.0236489
0.38 0.174 0.0238052
0.38 0.18 0.0236131
0.38 0.186 0.0107286
0.38 0.192 0.0202242
0.38 0.198 0.0166126
0.38 0.204 0.0225311
0.38 0.21 0.0163236
0.38 0.216 0.00481626
0.38 0.222 0.0162845
0.38 0.228 0.00345352
0.38 0.234 0.00812364
0.38 0.24 0.00868793
0.38 0.246 0.0212741
0.38 0.252 0.0120132
0.38 0.258 0.0291422
0.38 0.264 0.0142125
0.38 0.27 0.0161842
0.38 0.276 0.00442615
0.38 0.282 0.00331226
0.38 0.288 0.0113206
0.38 0.294 0.0146866
0.38 0.3 0.0187047
0.38 0.306 0.0112221
0.38 0.312 0.000330452
0.38 0.318 0.00146696
0.38 0.324 0.0269586
0.38 0.33 0.0069208
0.38 0.336 0.00699881
0.38 0.342 0.000657374
0.38 0.348 0.0161302
0.38 0.354 0.00670451
0.38 0.36 0.00114063
0.38 0.366 0.0111731
0.38 0.372 0.000442909
0.38 0.378 0.0190968
0.38 0.384 0.0074807
0.38 0.39 0.00616591
0.38 0.396 0.000522109
0.38 0.402 0.00494003
0.38 0.408 0.00230656
0.38 0.414 0.00681989
0.38 0.42 0.00311009
0.38 0.426 0.00264198
0.38 0.432 0.0153959
0.38 0.438 0.0024409
0.38 0.444 0.00176695
0.38 0.45 0.0132276
0.38 0.456 0.0337757
0.38 0.462 0.0136826
0.38 0.468 0.0222839
0.38 0.474 0.0112651
0.38 0.48 0.0176527
0.38 0.486 0.0206687
0.38 0.492 0.0246241
0.38 0.498 0.0167681
0.38 0.504 0.00883643
0.38 0.51 0.0392695
0.38 0.516 0.0565249
0.38 0.522 0.00163315
0.38 0.528 0.0185829
0.38 0.534 0.0101693
0.38 0.54 0.0378934
0.38 0.546 0.0240162
0.38 0.552 0.0332321
0.38 0.558 0.000419529
0.38 0.564 0.0263358
0.38 0.57 0.0178561
0.38 0.576 0.0176087
0.38 0.582 0.0302716
0.38 0.588 0.00838736
0.38 0.594 0.0103433
0.38 0.6 0.0012154
0.385 0 0.0173941
0.385 0.006 0.0219967
0.385 0.012 0.0276077
0.385 0.018 0.036896
0.385 0.024 0.0492501
0.385 0.03 0.0751788
0.385 0.036 0.123119
0.385 0.042 0.17766
0.385 0.048 0.210596
0.385 0.054 0.29729
0.385 0.06 0.222021
0.385 0.066 0.148465
0.385 0.072 0.0971594
0.385 0.078 0.105309
0.385 0.084 0.0863791
0.385 0.09 0.094311
0.385 0.096 0.0473568
0.385 0.102 0.0580073
0.385 0.108 0.031109
0.385 0.114 0.0339819
0.385 0.12 0.0221878
0.385 0.126 0.00409988
0.385 0.132 0.0205691
0.385 0.138 0.00946902
0.385 0.144 0.0156395
0.385 0.15 0.0147589
0.385 0.156 0.0182898
0.385 0.162 0.0202166
0.385 0.168 0.0250233
0.385 0.174 0.0217877
0.385 0.18 0.0216271
0.385 0.186 0.0145539
0.385 0.192 0.025145
0.385 0.198 0.0165153
0.385 0.204 0.0204287
0.385 0.21 0.0138746
0.385 0.216 5.96673e-05
0.385 0.222 0.0150313
0.385 0.228 0.000950869
0.385 0.234 0.0146934
0.385 0.24 0.00265801
0.385 0.246 0.02172
0.385 0.252 0.0158513
0.385 0.258 0.027359
0.385 0.264 0.0141757
0.385 0.27 0.0191942
0.385 0.276 0.00650617
0.385 0.282 0.0025224
0.385 0.288 0.0127712
0.385 0.294 0.0170835
0.385 0.3 0.0176631
0.385 0.306 0.0118358
0.385 0.312 0.000263733
0.385 0.318 0.00177825
0.385 0.324 0.0230833
0.385 0.33 0.00744895
0.385 0.336 0.00699055
0.385 0.342 0.000483989
0.385 0.348 0.016066
0.385 0.354 0.00901978
0.385 0.36 0.00418149
0.385 0.366 0.0116233
0.385 0.372 0.00259431
0.385 0.378 0.0183293
0.385 0.384 0.00747267
0.385 0.39 0.00373974
0.385 0.396 0.000336769
0.385 0.402 0.00219093
0.385 0.408 0.00468916
0.385 0.414 0.000262579
0.385 0.42 0.00373974
0.385 0.426 0.000145232
0.385 0.432 0.0145857
0.385 0.438 0.00491969
0.385 0.444 0.00384782
0.385 0.45 0.0139219
0.385 0.456 0.0287993
0.385 0.462 0.0114554
0.385 0.468 0.0235033
0.385 0.474 0.0116088
0.385 0.48 0.0199396
0.385 0.486 0.0158523
0.385 0.492 0.0221044
0.385 0.498 0.0185306
0.385 0.504 0.00666415
0.385 0.51 0.0384515
0.385 0.516 0.0610692
0.385 0.522 0.00177745
0.385 0.528 0.0207668
0.385 0.534 0.0104166
0.385 0.54 0.0403847
0.385 0.546 0.0247034
0.385 0.552 0.0329267
0.385 0.558 0.00355556
0.385 0.564 0.0288139
0.385 0.57 0.0188818
0.385 0.576 0.0194118
0.385 0.582 0.0272205
0.385 0.588 0.010004
0.385 0.594 0.00771337
0.385 0.6 0.00180852
0.39 0 0.0163036
0.39 0.006 0.0203422
0.39 0.012 0.0256592
0.39 0.018 0.0328178
0.39 0.024 0.0452515
0.39 0.03 0.0658801
0.39 0.036 0.107979
0.39 0.042 0.154242
0.39 0.048 0.201524
0.39 0.054 0.289036
0.39 0.06 0.231419
0.39 0.066 0.159058
0.39 0.072 0.0971308
0.39 0.078 0.105997
0.39 0.084 0.0837651
0.39 0.09 0.0975276
0.39 0.096 0.0539038
0.39 0.102 0.0629916
0.39 0.108 0.0304144
0.39 0.114 0.0323712
0.39 0.12 0.0260631
0.39 0.126 0.00748613
0.39 0.132 0.021536
0.39 0.138 0.00804801
0.39 0.144 0.017125
0.39 0.15 0.00864967
0.39 0.156 0.018462
0.39 0.162 0.0216319
0.39 0.168 0.025973
0.39 0.174 0.0213815
0.39 0.18 0.0215263
0.39 0.186 0.0181571
0.39 0.192 0.031249
0.39 0.198 0.017021
0.39 0.204 0.0185845
0.39 0.21 0.0135466
0.39 0.216 0.0053746
0.39 0.222 0.0118184
0.39 0.228 0.000464639
0.39 0.234 0.0214756
0.39 0.24 0.00165347
0.39 0.246 0.02131
0.39 0.252 0.0155842
0.39 0.258 0.0236592
0.39 0.264 0.0149836
0.39 0.27 0.0197351
0.39 0.276 0.00866026
0.39 0.282 0.00214276
0.39 0.288 0.0149146
0.39 0.294 0.0195663
0.39 0.3 0.0154608
0.39 0.306 0.0107076
0.39 0.312 0.00309439
0.39 0.318 0.00222635
0.39 0.324 0.0210104
0.39 0.33 0.00502704
0.39 0.336 0.00745261
0.39 0.342 0.000173832
0.39 0.348 0.0120385
0.39 0.354 0.00860402
0.39 0.36 0.00994009
0.39 0.366 0.0108632
0.39 0.372 0.00270972
0.39 0.378 0.0147791
0.39 0.384 0.00984401
0.39 0.39 0.00356762
0.39 0.396 0.00025944
0.39 0.402 0.00180277
0.39 0.408 0.00716243
0.39 0.414 0.00517465
0.39 0.42 0.00635438
0.39 0.426 0.000397432
0.39 0.432 0.0163742
0.39 0.438 0.00825096
0.39 0.444 0.00551638
0.39 0.45 0.0127728
0.39 0.456 0.0219311
0.39 0.462 0.00824633
0.39 0.468 0.022095
0.39 0.474 0.0101551
0.39 0.48 0.020323
0.39 0.486 0.0112453
0.39 0.492 0.0183509
0.39 0.498 0.018365
0.39 0.504 0.00356121
0.39 0.51 0.0372077
0.39 0.516 0.0655522
0.39 0.522 0.0050253
0.39 0.528 0.0188901
0.39 0.534 0.0113285
0.39 0.54 0.043178
0.39 0.546 0.0224801
0.39 0.552 0.0337624
0.39 0.558 0.00514992
0.39 0.564 0.030411
0.39 0.57 0.0223425
0.39 0.576 0.0184763
0.39 0.582 0.0249781
0.39 0.588 0.0120314
0.39 0.594 0.00364468
0.39 0.6 0.00208674
0.395 0 0.0154043
0.395 0.006 0.0189023
0.395 0.012 0.0239527
0.395 0.018 0.0291042
0.395 0.024 0.0419368
0.395 0.03 0.0575567
0.395 0.036 0.0943364
0.395 0.042 0.132378
0.395 0.048 0.191912
0.395 0.054 0.272411
0.395 0.06 0.237028
0.395 0.066 0.17179
0.395 0.072 0.0965513
0.395 0.078 0.106731
0.395 0.084 0.0824981
0.395 0.09 0.101209
0.395 0.096 0.0652184
0.395 0.102 0.0680032
0.395 0.108 0.0318998
0.395 0.114 0.0308493
0.395 0.12 0.0317803
0.395 0.126 0.0123923
0.395 0.132 0.0221588
0.395 0.138 0.00754587
0.395 0.144 0.0207352
0.395 0.15 0.0071172
0.395 0.156 0.020027
0.395 0.162 0.0257603
0.395 0.168 0.0270728
0.395 0.174 0.02374
0.395 0.18 0.0223423
0.395 0.186 0.0206563
0.395 0.192 0.0348343
0.395 0.198 0.0167975
0.395 0.204 0.0183627
0.395 0.21 0.0154473
0.395 0.216 0.00944876
0.395 0.222 0.00811962
0.395 0.228 0.00134381
0.395 0.234 0.0269722
0.395 0.24 0.00198736
0.395 0.246 0.0204979
0.395 0.252 0.0109431
0.395 0.258 0.0196255
0.395 0.264 0.0161663
0.395 0.27 0.0177178
0.395 0.276 0.00971484
0.395 0.282 0.00193633
0.395 0.288 0.0168035
0.395 0.294 0.0202238
0.395 0.3 0.0125661
0.395 0.306 0.00997089
0.395 0.312 0.00524445
0.395 0.318 0.00250031
0.395 0.324 0.0217246
0.395 0.33 0.000879272
0.395 0.336 0.00881563
0.395 0.342 3.21012e-05
0.395 0.348 0.0052361
0.395 0.354 0.0063442
0.395 0.36 0.0143926
0.395 0.366 0.00945472
0.395 0.372 0.000768063
0.395 0.378 0.00971915
0.395 0.384 0.013806
0.395 0.39 0.00434504
0.395 0.396 0.00109373
0.395 0.402 0.00383763
0.395 0.408 0.00906526
0.395 0.414 0.00628462
0.395 0.42 0.00894519
0.395 0.426 0.0022167
0.395 0.432 0.0194032
0.395 0.438 0.0110972
0.395 0.444 0.00598372
0.395 0.45 0.00938735
0.395 0.456 0.0167008
0.395 0.462 0.00538316
0.395 0.468 0.0191446
0.395 0.474 0.00724985
0.395 0.48 0.0182796
0.395 0.486 0.0082064
0.395 0.492 0.0138183
0.395 0.498 0.0157391
0.395 0.504 0.0005642
0.395 0.51 0.0368116
0.395 0.516 0.0674891
0.395 0.522 0.00510899
0.395 0.528 0.0130619
0.395 0.534 0.0122332
0.395 0.54 0.0460607
0.395 0.546 0.0185952
0.395 0.552 0.0346365
0.395 0.558 0.00361005
0.395 0.564 0.0301589
0.395 0.57 0.0267135
0.395 0.576 0.0149218
0.395 0.582 0.0247861
0.395 0.588 0.0138985
0.395 0.594 0.00133752
0.395 0.6 0.00241683
0.4 0 0.0144162
0.4 0.006 0.0174418
0.4 0.012 0.0223251
0.4 0.018 0.0256608
0.4 0.024 0.0391364
0.4 0.03 0.0501132
0.4 0.036 0.0821037
0.4 0.042 0.112442
0.4 0.048 0.181858
0.4 0.054 0.249858
0.4 0.06 0.237436
0.4 0.066 0.185178
0.4 0.072 0.0959755
0.4 0.078 0.107022
0.4 0.084 0.0837788
0.4 0.09 0.105259
0.4 0.096 0.0788348
0.4 0.102 0.0734146
0.4 0.108 0.0356715
0.4 0.114 0.0312112
0.4 0.12 0.0376823
0.4 0.126 0.0178935
0.4 0.132 0.0221295
0.4 0.138 0.0079119
0.4 0.144 0.0242468
0.4 0.15 0.010986
0.4 0.156 0.0225952
0.4 0.162 0.0303301
0.4 0.168 0.0283548
0.4 0.174 0.0274712
0.4 0.18 0.0216141
0.4 0.186 0.0212812
0.4 0.192 0.0337654
0.4 0.198 0.0150904
0.4 0.204 0.0190053
0.4 0.21 0.0188358
0.4 0.216 0.0106563
0.4 0.222 0.00644746
0.4 0.228 0.0027432
0.4 0.234 0.0307584
0.4 0.24 0.00219742
0.4 0.246 0.0193474
0.4 0.252 0.00546035
0.4 0.258 0.016434
0.4 0.264 0.0164968
0.4 0.27 0.0149042
0.4 0.276 0.00919023
0.4 0.282 0.00233858
0.4 0.288 0.0180123
0.4 0.294 0.0189832
0.4 0.3 0.00985648
0.4 0.306 0.0120888
0.4 0.312 0.0042204
0.4 0.318 0.00179251
0.4 0.324 0.0250654
0.4 0.33 0.00258823
0.4 0.336 0.0106638
0.4 0.342 0.00230509
0.4 0.348 0.000944861
0.4 0.354 0.00408712
0.4 0.36 0.0155466
0.4 0.366 0.0081617
0.4 0.372 0.00113936
0.4 0.378 0.00433144
0.4 0.384 0.0172231
0.4 0.39 0.00440046
0.4 0.396 0.00290757
0.4 0.402 0.00627743
0.4 0.408 0.0100305
0.4 0.414 0.00443469
0.4 0.42 0.00957461
0.4 0.426 0.00752524
0.4 0.432 0.0215813
0.4 0.438 0.0110197
0.4 0.444 0.00417758
0.4 0.45 0.00509218
0.4 0.456 0.0155305
0.4 0.462 0.00544559
0.4 0.468 0.016221
0.4 0.474 0.00404537
0.4 0.48 0.0143197
0.4 0.486 0.00680282
0.4 0.492 0.0106035
0.4 0.498 0.0122969
0.4 0.504 0.00202076
0.4 0.51 0.0367938
0.4 0.516 0.0660615
0.4 0.522 0.00206181
0.4 0.528 0.00570983
0.4 0.534 0.0120923
0.4 0.54 0.0480241
0.4 0.546 0.0145775
0.4 0.552 0.0337639
0.4 0.558 0.0001095
0.4 0.564 0.0281558
0.4 0.57 0.0287263
0.4 0.576 0.0107947
0.4 0.582 0.0263973
0.4 0.588 0.014769
0.4 0.594 0.00257713
0.4 0.6 0.00268038
0.405 0 0.0133784
0.405 0.006 0.015992
0.405 0.012 0.0207799
0.405 0.018 0.0224994
0.405 0.024 0.0367358
0.405 0.03 0.0434921
0.405 0.036 0.0711245
0.405 0.042 0.0947313
0.405 0.048 0.171402
0.405 0.054 0.224422
0.405 0.06 0.231944
0.405 0.066 0.197013
0.405 0.072 0.0962649
0.405 0.078 0.106702
0.405 0.084 0.0882156
0.405 0.09 0.109267
0.405 0.096 0.0909545
0.405 0.102 0.0795364
0.405 0.108 0.0404695
0.405 0.114 0.0346659
0.405 0.12 0.0421578
0.405 0.126 0.0230611
0.405 0.132 0.0217346
0.405 0.138 0.00862998
0.405 0.144 0.0254643
0.405 0.15 0.0178644
0.405 0.156 0.0254899
0.405 0.162 0.0331961
0.405 0.168 0.0290526
0.405 0.174 0.0300046
0.405 0.18 0.0176382
0.405 0.186 0.0201469
0.405 0.192 0.0296579
0.405 0.198 0.0133294
0.405 0.204 0.0187446
0.405 0.21 0.0223563
0.405 0.216 0.00975504
0.405 0.222 0.00821356
0.405 0.228 0.00387373
0.405 0.234 0.0327682
0.405 0.24 0.00873882
0.405 0.246 0.0180353
0.405 0.252 0.00231205
0.405 0.258 0.0142913
0.405 0.264 0.0156899
0.405 0.27 0.0134963
0.405 0.276 0.00802362
0.405 0.282 0.00345949
0.405 0.288 0.0189406
0.405 0.294 0.0182616
0.405 0.3 0.00818108
0.405 0.306 0.0166713
0.405 0.312 0.000622164
0.405 0.318 1.62401e-05
0.405 0.324 0.0297741
0.405 0.33 0.00301634
0.405 0.336 0.0124291
0.405 0.342 0.00625528
0.405 0.348 0.00313374
0.405 0.354 0.00300207
0.405 0.36 0.012541
0.405 0.366 0.00764129
0.405 0.372 0.00195108
0.405 0.378 0.000214739
0.405 0.384 0.0181713
0.405 0.39 0.00333123
0.405 0.396 0.00475687
0.405 0.402 0.00661193
0.405 0.408 0.00934568
0.405 0.414 0.00220361
0.405 0.42 0.0081094
0.405 0.426 0.0136053
0.405 0.432 0.0214883
0.405 0.438 0.00777166
0.405 0.444 1.91243e-05
0.405 0.45 0.0019897
0.405 0.456 0.0181746
0.405 0.462 0.0101308
0.405 0.468 0.0145785
0.405 0.474 0.00187801
0.405 0.48 0.00934688
0.405 0.486 0.0064625
0.405 0.492 0.0109422
0.405 0.498 0.00967127
0.405 0.504 0.00453982
0.405 0.51 0.0369047
0.405 0.516 0.062691
0.405 0.522 0.00102967
0.405 0.528 9.1183e-05
0.405 0.534 0.0103288
0.405 0.54 0.0478383
0.405 0.546 0.0112558
0.405 0.552 0.0310699
0.405 0.558 0.00331949
0.405 0.564 0.0253282
0.405 0.57 0.0263109
0.405 0.576 0.0086306
0.405 0.582 0.0281287
0.405 0.588 0.0138099
0.405 0.594 0.00622357
0.405 0.6 0.00221188
0.41 0 0.012553
0.41 0.006 0.0147706
0.41 0.012 0.0194384
0.41 0.018 0.0197075
0.41 0.024 0.0346603
0.41 0.03 0.0376638
0.41 0.036 0.061222
0.41 0.042 0.079477
0.41 0.048 0.160585
0.41 0.054 0.199027
0.41 0.06 0.220944
0.41 0.066 0.205327
0.41 0.072 0.0982682
0.41 0.078 0.106264
0.41 0.084 0.0953987
0.41 0.09 0.112605
0.41 0.096 0.0988044
0.41 0.102 0.0862056
0.41 0.108 0.0445063
0.41 0.114 0.0411964
0.41 0.12 0.0446003
0.41 0.126 0.0275852
0.41 0.132 0.0215292
0.41 0.138 0.0097068
0.41 0.144 0.0243516
0.41 0.15 0.0243078
0.41 0.156 0.0287453
0.41 0.162 0.0337334
0.41 0.168 0.0287631
0.41 0.174 0.0295355
0.41 0.18 0.0113911
0.41 0.186 0.0188832
0.41 0.192 0.026595
0.41 0.198 0.0137822
0.41 0.204 0.0172235
0.41 0.21 0.0246289
0.41 0.216 0.00918691
0.41 0.222 0.0123237
0.41 0.228 0.0041998
0.41 0.234 0.032247
0.41 0.24 0.013957
0.41 0.246 0.0173219
0.41 0.252 0.00235199
0.41 0.258 0.0128191
0.41 0.264 0.0146814
0.41 0.27 0.0142284
0.41 0.276 0.00785038
0.41 0.282 0.00439466
0.41 0.288 0.0202782
0.41 0.294 0.0204509
0.41 0.3 0.00805062
0.41 0.306 0.0207994
0.41 0.312 0.0024641
0.41 0.318 0.00191856
0.41 0.324 0.0341322
0.41 0.33 0.000195521
0.41 0.336 0.0140796
0.41 0.342 0.0100669
0.41 0.348 0.000728662
0.41 0.354 0.00324356
0.41 0.36 0.00687356
0.41 0.366 0.00868331
0.41 0.372 0.00239423
0.41 0.378 0.00281499
0.41 0.384 0.0168852
0.41 0.39 0.00187133
0.41 0.396 0.00559783
0.41 0.402 0.00401674
0.41 0.408 0.00648328
0.41 0.414 0.00215077
0.41 0.42 0.0057566
0.41 0.426 0.0179315
0.41 0.432 0.0193906
0.41 0.438 0.00416236
0.41 0.444 0.00492296
0.41 0.45 0.00127227
0.41 0.456 0.0224505
0.41 0.462 0.017948
0.41 0.468 0.0144824
0.41 0.474 0.00155257
0.41 0.48 0.00459681
0.41 0.486 0.0066001
0.41 0.492 0.0147461
0.41 0.498 0.00773187
0.41 0.504 0.00689705
0.41 0.51 0.0375409
0.41 0.516 0.0591512
0.41 0.522 0.000972512
0.41 0.528 0.00292316
0.41 0.534 0.00748077
0.41 0.54 0.0453322
0.41 0.546 0.00851009
0.41 0.552 0.0285549
0.41 0.558 0.00391374
0.41 0.564 0.0230085
0.41 0.57 0.0209079
0.41 0.576 0.00939077
0.41 0.582 0.0282437
0.41 0.588 0.0106851
0.41 0.594 0.00936108
0.41 0.6 0.000637213
0.415 0 0.0118999
0.415 0.006 0.0137434
0.415 0.012 0.0182671
0.415 0.018 0.0172782
0.415 0.024 0.0327754
0.415 0.03 0.0325531
0.415 0.036 0.0521959
0.415 0.042 0.066792
0.415 0.048 0.149469
0.415 0.054 0.175875
0.415 0.06 0.205898
0.415 0.066 0.20924
0.415 0.072 0.102518
0.415 0.078 0.106766
0.415 0.084 0.103865
0.415 0.09 0.114412
0.415 0.096 0.102072
0.415 0.102 0.0923555
0.415 0.108 0.0467212
0.415 0.114 0.0495838
0.415 0.12 0.0456916
0.415 0.126 0.0318888
0.415 0.132 0.0221846
0.415 0.138 0.0118163
0.415 0.144 0.0232191
0.415 0.15 0.0280534
0.415 0.156 0.0328607
0.415 0.162 0.0325323
0.415 0.168 0.0282431
0.415 0.174 0.0258926
0.415 0.18 0.00614266
0.415 0.186 0.0196696
0.415 0.192 0.0274863
0.415 0.198 0.0166648
0.415 0.204 0.0160685
0.415 0.21 0.0250095
0.415 0.216 0.0104419
0.415 0.222 0.0161661
0.415 0.228 0.00404237
0.415 0.234 0.0283626
0.415 0.24 0.0153551
0.415 0.246 0.0182143
0.415 0.252 0.00535379
0.415 0.258 0.0123681
0.415 0.264 0.0145269
0.415 0.27 0.0161418
0.415 0.276 0.00941314
0.415 0.282 0.00400796
0.415 0.288 0.0221223
0.415 0.294 0.0249327
0.415 0.3 0.00957895
0.415 0.306 0.021935
0.415 0.312 0.00238159
0.415 0.318 0.00262161
0.415 0.324 0.0366975
0.415 0.33 0.00529999
0.415 0.336 0.0159216
0.415 0.342 0.0117804
0.415 0.348 0.00376749
0.415 0.354 0.00452028
0.415 0.36 0.00184892
0.415 0.366 0.011871
0.415 0.372 0.00356631
0.415 0.378 0.00314177
0.415 0.384 0.0157243
0.415 0.39 0.000706588
0.415 0.396 0.00494164
0.415 0.402 4.52081e-05
0.415 0.408 0.00221934
0.415 0.414 0.00496469
0.415 0.42 0.00378312
0.415 0.426 0.0189013
0.415 0.432 0.0169489
0.415 0.438 0.00265276
0.415 0.444 0.00854041
0.415 0.45 0.00214132
0.415 0.456 0.0263978
0.415 0.462 0.0249014
0.415 0.468 0.0151774
0.415 0.474 0.00277171
0.415 0.48 0.00163829
0.415 0.486 0.00646888
0.415 0.492 0.0192592
0.415 0.498 0.00596083
0.415 0.504 0.00825975
0.415 0.51 0.038119
0.415 0.516 0.0566583
0.415 0.522 0.00259382
0.415 0.528 0.00379531
0.415 0.534 0.00511331
0.415 0.54 0.042108
0.415 0.546 0.00576138
0.415 0.552 0.0278797
0.415 0.558 0.00220151
0.415 0.564 0.0220134
0.415 0.57 0.0159602
0.415 0.576 0.0117597
0.415 0.582 0.0264276
0.415 0.588 0.00598031
0.415 0.594 0.00983296
0.415 0.6 0.00149865
0.42 0 0.0111562
0.42 0.006 0.0126901
0.42 0.012 0.0171172
0.42 0.018 0.0151317
0.42 0.024 0.0309224
0.42 0.03 0.028055
0.42 0.036 0.0438735
0.42 0.042 0.056676
0.42 0.048 0.138149
0.42 0.054 0.156197
0.42 0.06 0.188929
0.42 0.066 0.209188
0.42 0.072 0.109067
0.42 0.078 0.109256
0.42 0.084 0.111594
0.42 0.09 0.113712
0.42 0.096 0.102739
0.42 0.102 0.0962193
0.42 0.108 0.0475315
0.42 0.114 0.0580716
0.42 0.12 0.0468782
0.42 0.126 0.0366818
0.42 0.132 0.0244026
0.42 0.138 0.0156574
0.42 0.144 0.0245278
0.42 0.15 0.0287902
0.42 0.156 0.0377346
0.42 0.162 0.0302613
0.42 0.168 0.0287549
0.42 0.174 0.020289
0.42 0.18 0.00475493
0.42 0.186 0.0231434
0.42 0.192 0.0316471
0.42 0.198 0.0195845
0.42 0.204 0.0172541
0.42 0.21 0.0239602
0.42 0.216 0.0127576
0.42 0.222 0.018071
0.42 0.228 0.00485313
0.42 0.234 0.0221945
0.42 0.24 0.0131817
0.42 0.246 0.0211168
0.42 0.252 0.0107284
0.42 0.258 0.0141734
0.42 0.264 0.0155696
0.42 0.27 0.0180316
0.42 0.276 0.0118999
0.42 0.282 0.00227051
0.42 0.288 0.0236369
0.42 0.294 0.0283881
0.42 0.3 0.01225
0.42 0.306 0.0196963
0.42 0.312 0.00119894
0.42 0.318 0.00165556
0.42 0.324 0.0367957
0.42 0.33 0.00949612
0.42 0.336 0.0180633
0.42 0.342 0.0103467
0.42 0.348 0.00725912
0.42 0.354 0.0064419
0.42 0.36 0.000196519
0.42 0.366 0.0162834
0.42 0.372 0.00520874
0.42 0.378 0.00208409
0.42 0.384 0.0166185
0.42 0.39 0.000231495
0.42 0.396 0.00273982
0.42 0.402 0.00323594
0.42 0.408 0.00137496
0.42 0.414 0.00903544
0.42 0.42 0.00285053
0.42 0.426 0.0170726
0.42 0.432 0.0160932
0.42 0.438 0.00299535
0.42 0.444 0.00967044
0.42 0.45 0.00245784
0.42 0.456 0.0296054
0.42 0.462 0.027822
0.42 0.468 0.0158019
0.42 0.474 0.00437227
0.42 0.48 0.00151761
0.42 0.486 0.00504759
0.42 0.492 0.0212215
0.42 0.498 0.0049378
0.42 0.504 0.00811901
0.42 0.51 0.0372553
0.42 0.516 0.0562385
0.42 0.522 0.00731673
0.42 0.528 0.00468366
0.42 0.534 0.00483618
0.42 0.54 0.0408575
0.42 0.546 0.00287413
0.42 0.552 0.0285601
0.42 0.558 0.000481632
0.42 0.564 0.0219233
0.42 0.57 0.0136921
0.42 0.576 0.0135529
0.42 0.582 0.0238576
0.42 0.588 0.00120316
0.42 0.594 0.00775223
0.42 0.6 0.00301097
0.425 0 0.0103468
0.425 0.006 0.0116297
0.425 0.012 0.0159886
0.425 0.018 0.013275
0.425 0.024 0.029045
0.425 0.03 0.0241149
0.425 0.036 0.0361957
0.425 0.042 0.0490446
0.425 0.048 0.126764
0.425 0.054 0.140319
0.425 0.06 0.172204
0.425 0.066 0.206461
0.425 0.072 0.117473
0.425 0.078 0.114005
0.425 0.084 0.116813
0.425 0.09 0.109957
0.425 0.096 0.103779
0.425 0.102 0.0965091
0.425 0.108 0.0485161
0.425 0.114 0.0652239
0.425 0.12 0.0494461
0.425 0.126 0.0423304
0.425 0.132 0.0285803
0.425 0.138 0.0213139
0.425 0.144 0.0285119
0.425 0.15 0.0281495
0.425 0.156 0.042344
0.425 0.162 0.0272359
0.425 0.168 0.0308694
0.425 0.174 0.0146683
0.425 0.18 0.00731008
0.425 0.186 0.0273927
0.425 0.192 0.0358774
0.425 0.198 0.0201968
0.425 0.204 0.021393
0.425 0.21 0.0226432
0.425 0.216 0.014708
0.425 0.222 0.0185831
0.425 0.228 0.00809251
0.425 0.234 0.017265
0.425 0.24 0.00965549
0.425 0.246 0.0252579
0.425 0.252 0.0165571
0.425 0.258 0.0185116
0.425 0.264 0.0175421
0.425 0.27 0.0196173
0.425 0.276 0.0138241
0.425 0.282 0.000463388
0.425 0.288 0.023689
0.425 0.294 0.0282765
0.425 0.3 0.0146999
0.425 0.306 0.0151844
0.425 0.312 0.00678355
0.425 0.318 0.000301842
0.425 0.324 0.0348565
0.425 0.33 0.0109721
0.425 0.336 0.0202503
0.425 0.342 0.0062241
0.425 0.348 0.00869789
0.425 0.354 0.00843261
0.425 0.36 0.00186244
0.425 0.366 0.019368
0.425 0.372 0.00589288
0.425 0.378 0.00107709
0.425 0.384 0.018871
0.425 0.39 0.000983305
0.425 0.396 0.00044711
0.425 0.402 0.00422618
0.425 0.408 0.00248921
0.425 0.414 0.0119768
0.425 0.42 0.00262951
0.425 0.426 0.0145464
0.425 0.432 0.0176876
0.425 0.438 0.00389302
0.425 0.444 0.00843631
0.425 0.45 0.000733404
0.425 0.456 0.0325313
0.425 0.462 0.026769
0.425 0.468 0.0163213
0.425 0.474 0.00551537
0.425 0.48 0.00363849
0.425 0.486 0.00166445
0.425 0.492 0.0191887
0.425 0.498 0.00511546
0.425 0.504 0.0071337
0.425 0.51 0.0349657
0.425 0.516 0.0580789
0.425 0.522 0.0109138
0.425 0.528 0.00652157
0.425 0.534 0.00688198
0.425 0.54 0.0433082
0.425 0.546 0.000464597
0.425 0.552 0.0291399
0.425 0.558 0.000657926
0.425 0.564 0.0217469
0.425 0.57 0.0139721
0.425 0.576 0.0136863
0.425 0.582 0.0218795
0.425 0.588 0.00186649
0.425 0.594 0.00504638
0.425 0.6 0.00289407
0.43 0 0.00971912
0.43 0.006 0.0107674
0.43 0.012 0.0149975
0.43 0.018 0.0117799
0.43 0.024 0.0271812
0.43 0.03 0.0207258
0.43 0.036 0.0292252
0.43 0.042 0.04371
0.43 0.048 0.115478
0.43 0.054 0.127895
0.43 0.06 0.157403
0.43 0.066 0.202401
0.43 0.072 0.126832
0.43 0.078 0.120034
0.43 0.084 0.118743
0.43 0.09 0.103732
0.43 0.096 0.107455
0.43 0.102 0.0936422
0.43 0.108 0.0512145
0.43 0.114 0.0704477
0.43 0.12 0.053829
0.43 0.126 0.0485158
0.43 0.132 0.0344279
0.43 0.138 0.0280162
0.43 0.144 0.0331305
0.43 0.15 0.0287811
0.43 0.156 0.045651
0.43 0.162 0.0240009
0.43 0.168 0.0339558
0.43 0.174 0.0108424
0.43 0.18 0.0115625
0.43 0.186 0.0294054
0.43 0.192 0.0377236
0.43 0.198 0.0185847
0.43 0.204 0.0272952
0.43 0.21 0.0220783
0.43 0.216 0.016195
0.43 0.222 0.0192298
0.43 0.228 0.0133986
0.43 0.234 0.0170293
0.43 0.24 0.00710382
0.43 0.246 0.0289687
0.43 0.252 0.0200053
0.43 0.258 0.0234489
0.43 0.264 0.019886
0.43 0.27 0.0212334
0.43 0.276 0.0142566
0.43 0.282 1.45626e-06
0.43 0.288 0.0219217
0.43 0.294 0.0254545
0.43 0.3 0.0153742
0.43 0.306 0.00980818
0.43 0.312 0.0124682
0.43 0.318 0.0019386
0.43 0.324 0.032457
0.43 0.33 0.00985378
0.43 0.336 0.0220676
0.43 0.342 0.00166898
0.43 0.348 0.00914334
0.43 0.354 0.00982136
0.43 0.36 0.00416341
0.43 0.366 0.0193212
0.43 0.372 0.00499106
0.43 0.378 0.000924765
0.43 0.384 0.0201442
0.43 0.39 0.003123
0.43 0.396 0.00309526
0.43 0.402 0.00352675
0.43 0.408 0.00115378
0.43 0.414 0.0125801
0.43 0.42 0.00177917
0.43 0.426 0.012921
0.43 0.432 0.0204908
0.43 0.438 0.00472999
0.43 0.444 0.00589008
0.43 0.45 0.00249879
0.43 0.456 0.0350314
0.43 0.462 0.0243592
0.43 0.468 0.0173059
0.43 0.474 0.0066244
0.43 0.48 0.00591319
0.43 0.486 0.00326911
0.43 0.492 0.0141359
0.43 0.498 0.00551306
0.43 0.504 0.00647046
0.43 0.51 0.0327232
0.43 0.516 0.0607386
0.43 0.522 0.0131709
0.43 0.528 0.00872158
0.43 0.534 0.00947419
0.43 0.54 0.0483651
0.43 0.546 0.000944755
0.43 0.552 0.0291715
0.43 0.558 0.00246095
0.43 0.564 0.0211748
0.43 0.57 0.0153014
0.43 0.576 0.0126794
0.43 0.582 0.0207591
0.43 0.588 0.00218641
0.43 0.594 0.00385605
0.43 0.6 0.00110094
0.435 0 0.00924846
0.435 0.006 0.0100809
0.435 0.012 0.0141212
0.435 0.018 0.0106234
0.435 0.024 0.0253503
0.435 0.03 0.017859
0.435 0.036 0.0230789
0.435 0.042 0.0403469
0.435 0.048 0.104447
0.435 0.054 0.118182
0.435 0.06 0.145406
0.435 0.066 0.197717
0.435 0.072 0.13586
0.435 0.078 0.12538
0.435 0.084 0.117916
0.435 0.09 0.0968128
0.435 0.096 0.113978
0.435 0.102 0.0896726
0.435 0.108 0.055874
0.435 0.114 0.0739348
0.435 0.12 0.0595351
0.435 0.126 0.0544271
0.435 0.132 0.0409296
0.435 0.138 0.0342346
0.435 0.144 0.0362609
0.435 0.15 0.0320616
0.435 0.156 0.0474739
0.435 0.162 0.0217848
0.435 0.168 0.0365799
0.435 0.174 0.0095635
0.435 0.18 0.0154797
0.435 0.186 0.0277497
0.435 0.192 0.0375517
0.435 0.198 0.0165034
0.435 0.204 0.0325512
0.435 0.21 0.0227414
0.435 0.216 0.0181549
0.435 0.222 0.0204244
0.435 0.228 0.0182988
0.435 0.234 0.021707
0.435 0.24 0.00661351
0.435 0.246 0.0308588
0.435 0.252 0.0200902
0.435 0.258 0.0263896
0.435 0.264 0.0217994
0.435 0.27 0.0228672
0.435 0.276 0.0133336
0.435 0.282 0.00121252
0.435 0.288 0.0192501
0.435 0.294 0.0230575
0.435 0.3 0.0139331
0.435 0.306 0.0051604
0.435 0.312 0.016768
0.435 0.318 0.00221812
0.435 0.324 0.0316069
0.435 0.33 0.00745313
0.435 0.336 0.0232746
0.435 0.342 4.98724e-05
0.435 0.348 0.00972761
0.435 0.354 0.0102607
0.435 0.36 0.00430185
0.435 0.366 0.0172421
0.435 0.372 0.00396913
0.435 0.378 0.00135028
0.435 0.384 0.0193389
0.435 0.39 0.00558099
0.435 0.396 0.00361797
0.435 0.402 0.00290448
0.435 0.408 0.000736145
0.435 0.414 0.0113629
0.435 0.42 0.000684387
0.435 0.426 0.0122691
0.435 0.432 0.0215891
0.435 0.438 0.00488578
0.435 0.444 0.0036792
0.435 0.45 0.00534578
0.435 0.456 0.0360875
0.435 0.462 0.0234191
0.435 0.468 0.0189369
0.435 0.474 0.00867666
0.435 0.48 0.00638326
0.435 0.486 0.00824343
0.435 0.492 0.00848607
0.435 0.498 0.0051447
0.435 0.504 0.00657032
0.435 0.51 0.0310649
0.435 0.516 0.0625121
0.435 0.522 0.0150926
0.435 0.528 0.0103012
0.435 0.534 0.0100631
0.435 0.54 0.0527722
0.435 0.546 0.00172261
0.435 0.552 0.0290595
0.435 0.558 0.00435509
0.435 0.564 0.0205451
0.435 0.57 0.0158464
0.435 0.576 0.0115947
0.435 0.582 0.019692
0.435 0.588 3.85226e-05
0.435 0.594 0.00502156
0.435 0.6 0.00119864
0.44 0 0.00868888
0.44 0.006 0.00936264
0.44 0.012 0.0132242
0.44 0.018 0.00970255
0.44 0.024 0.0235487
0.44 0.03 0.0154684
0.44 0.036 0.0178912
0.44 0.042 0.0385272
0.44 0.048 0.0938215
0.44 0.054 0.110332
0.44 0.06 0.136231
0.44 0.066 0.192278
0.44 0.072 0.143032
0.44 0.078 0.128036
0.44 0.084 0.115868
0.44 0.09 0.0911957
0.44 0.096 0.121364
0.44 0.102 0.0868836
0.44 0.108 0.0611696
0.44 0.114 0.0762382
0.44 0.12 0.0655531
0.44 0.126 0.0593019
0.44 0.132 0.046736
0.44 0.138 0.0381702
0.44 0.144 0.0376024
0.44 0.15 0.0364117
0.44 0.156 0.0482203
0.44 0.162 0.0219013
0.44 0.168 0.0375709
0.44 0.174 0.0103039
0.44 0.18 0.0189019
0.44 0.186 0.0238927
0.44 0.192 0.037599
0.44 0.198 0.0151319
0.44 0.204 0.034817
0.44 0.21 0.0249278
0.44 0.216 0.0207098
0.44 0.222 0.0211021
0.44 0.228 0.0203676
0.44 0.234 0.028076
0.44 0.24 0.00780338
0.44 0.246 0.0310946
0.44 0.252 0.0190889
0.44 0.258 0.0264782
0.44 0.264 0.0223557
0.44 0.27 0.0239025
0.44 0.276 0.0121764
0.44 0.282 0.00323488
0.44 0.288 0.0173198
0.44 0.294 0.0232903
0.44 0.3 0.0118514
0.44 0.306 0.00300005
0.44 0.312 0.0189705
0.44 0.318 0.00121483
0.44 0.324 0.0334617
0.44 0.33 0.00488601
0.44 0.336 0.0240524
0.44 0.342 0.00311746
0.44 0.348 0.0103621
0.44 0.354 0.00988849
0.44 0.36 0.00185223
0.44 0.366 0.0158095
0.44 0.372 0.00513419
0.44 0.378 0.00165707
0.44 0.384 0.0176918
0.44 0.39 0.00686213
0.44 0.396 0.00205815
0.44 0.402 0.00382283
0.44 0.408 0.000909096
0.44 0.414 0.00975863
0.44 0.42 0.00358675
0.44 0.426 0.0120697
0.44 0.432 0.0188411
0.44 0.438 0.00375197
0.44 0.444 0.00328024
0.44 0.45 0.00637159
0.44 0.456 0.0349806
0.44 0.462 0.0252103
0.44 0.468 0.0206826
0.44 0.474 0.0114353
0.44 0.48 0.00468105
0.44 0.486 0.0113443
0.44 0.492 0.00456699
0.44 0.498 0.00468098
0.44 0.504 0.00702349
0.44 0.51 0.029219
0.44 0.516 0.0630748
0.44 0.522 0.0169499
0.44 0.528 0.0109908
0.44 0.534 0.00768754
0.44 0.54 0.054276
0.44 0.546 0.00248877
0.44 0.552 0.0286158
0.44 0.558 0.00586682
0.44 0.564 0.0198373
0.44 0.57 0.0143284
0.44 0.576 0.0109607
0.44 0.582 0.017805
0.44 0.588 0.00331361
0.44 0.594 0.00755519
0.44 0.6 0.00237542
0.445 0 0.00805316
0.445 0.006 0.00862006
0.445 0.012 0.0123057
0.445 0.018 0.00898947
0.445 0.024 0.0218355
0.445 0.03 0.0135549
0.445 0.036 0.0138102
0.445 0.042 0.0377929
0.445 0.048 0.0837575
0.445 0.054 0.103604
0.445 0.06 0.129216
0.445 0.066 0.185441
0.445 0.072 0.146816
0.445 0.078 0.127068
0.445 0.084 0.114324
0.445 0.09 0.0877239
0.445 0.096 0.126646
0.445 0.102 0.0863868
0.445 0.108 0.0653241
0.445 0.114 0.0778884
0.445 0.12 0.0707885
0.445 0.126 0.0628451
0.445 0.132 0.0508779
0.445 0.138 0.0388037
0.445 0.144 0.0383911
0.445 0.15 0.0386573
0.445 0.156 0.0480853
0.445 0.162 0.024675
0.445 0.168 0.0372216
0.445 0.174 0.0121665
0.445 0.18 0.0228605
0.445 0.186 0.0209348
0.445 0.192 0.0394721
0.445 0.198 0.0145511
0.445 0.204 0.0334696
0.445 0.21 0.0289909
0.445 0.216 0.0223086
0.445 0.222 0.0203946
0.445 0.228 0.0197199
0.445 0.234 0.0324314
0.445 0.24 0.0096628
0.445 0.246 0.0313862
0.445 0.252 0.0200853
0.445 0.258 0.0247305
0.445 0.264 0.0209947
0.445 0.27 0.02371
0.445 0.276 0.0124557
0.445 0.282 0.00488029
0.445 0.288 0.0174232
0.445 0.294 0.0257786
0.445 0.3 0.011285
0.445 0.306 0.00408837
0.445 0.312 0.0192881
0.445 0.318 0.000179572
0.445 0.324 0.0375674
0.445 0.33 0.00246182
0.445 0.336 0.024803
0.445 0.342 0.010106
0.445 0.348 0.0106007
0.445 0.354 0.00896966
0.445 0.36 0.00113869
0.445 0.366 0.0161432
0.445 0.372 0.00900835
0.445 0.378 0.00174776
0.445 0.384 0.0171313
0.445 0.39 0.00677954
0.445 0.396 6.2662e-05
0.445 0.402 0.00597933
0.445 0.408 0.00158893
0.445 0.414 0.00921612
0.445 0.42 0.0042027
0.445 0.426 0.0122576
0.445 0.432 0.0132135
0.445 0.438 0.00235669
0.445 0.444 0.00487815
0.445 0.45 0.00558794
0.445 0.456 0.0322921
0.445 0.462 0.0289291
0.445 0.468 0.0219749
0.445 0.474 0.0130298
0.445 0.48 0.00191255
0.445 0.486 0.0113173
0.445 0.492 0.00333409
0.445 0.498 0.00523816
0.445 0.504 0.00752966
0.445 0.51 0.027395
0.445 0.516 0.0624628
0.445 0.522 0.0178338
0.445 0.528 0.0112467
0.445 0.534 0.00403945
0.445 0.54 0.0538237
0.445 0.546 0.00301524
0.445 0.552 0.027001
0.445 0.558 0.00816284
0.445 0.564 0.0186275
0.445 0.57 0.0112076
0.445 0.576 0.0106834
0.445 0.582 0.0150525
0.445 0.588 0.00649624
0.445 0.594 0.0094665
0.445 0.6 0.00177906
0.45 0 0.0075744
0.45 0.006 0.00804439
0.45 0.012 0.0114818
0.45 0.018 0.00852008
0.45 0.024 0.0203074
0.45 0.03 0.0121541
0.45 0.036 0.0109447
0.45 0.042 0.0376879
0.45 0.048 0.0744158
0.45 0.054 0.0974118
0.45 0.06 0.123347
0.45 0.066 0.176622
0.45 0.072 0.145965
0.45 0.078 0.123175
0.45 0.084 0.114306
0.45 0.09 0.0854885
0.45 0.096 0.127507
0.45 0.102 0.0878504
0.45 0.108 0.0677931
0.45 0.114 0.0792066
0.45 0.12 0.0742798
0.45 0.126 0.065213
0.45 0.132 0.0535134
0.45 0.138 0.036993
0.45 0.144 0.039734
0.45 0.15 0.0370983
0.45 0.156 0.0469737
0.45 0.162 0.0291837
0.45 0.168 0.0373753
0.45 0.174 0.0149017
0.45 0.18 0.0279401
0.45 0.186 0.0210924
0.45 0.192 0.042892
0.45 0.198 0.0149919
0.45 0.204 0.0304206
0.45 0.21 0.0345834
0.45 0.216 0.020896
0.45 0.222 0.0190403
0.45 0.228 0.0189686
0.45 0.234 0.0334087
0.45 0.24 0.011737
0.45 0.246 0.0332159
0.45 0.252 0.0236159
0.45 0.258 0.0223849
0.45 0.264 0.0180841
0.45 0.27 0.0222463
0.45 0.276 0.0153145
0.45 0.282 0.00548544
0.45 0.288 0.0197278
0.45 0.294 0.0286565
0.45 0.3 0.013309
0.45 0.306 0.00692715
0.45 0.312 0.0184344
0.45 0.318 0.000413498
0.45 0.324 0.0423638
0.45 0.33 0.000120311
0.45 0.336 0.0255814
0.45 0.342 0.0174112
0.45 0.348 0.0109568
0.45 0.354 0.00761896
0.45 0.36 0.00231203
0.45 0.366 0.0172008
0.45 0.372 0.0133449
0.45 0.378 0.00239255
0.45 0.384 0.0184287
0.45 0.39 0.00637302
0.45 0.396 0.00120411
0.45 0.402 0.0074102
0.45 0.408 0.00577499
0.45 0.414 0.0106083
0.45 0.42 0.00132341
0.45 0.426 0.0130417
0.45 0.432 0.00811307
0.45 0.438 0.0025514
0.45 0.444 0.00731243
0.45 0.45 0.00396086
0.45 0.456 0.0295054
0.45 0.462 0.0323938
0.45 0.468 0.0228095
0.45 0.474 0.0119775
0.45 0.48 0.000613056
0.45 0.486 0.00854515
0.45 0.492 0.00402983
0.45 0.498 0.00639839
0.45 0.504 0.00843589
0.45 0.51 0.027044
0.45 0.516 0.0596732
0.45 0.522 0.0167455
0.45 0.528 0.0115435
0.45 0.534 0.00185606
0.45 0.54 0.0539946
0.45 0.546 0.00271371
0.45 0.552 0.0240331
0.45 0.558 0.0122225
0.45 0.564 0.0169788
0.45 0.57 0.00869616
0.45 0.576 0.0105431
0.45 0.582 0.0122816
0.45 0.588 0.00863694
0.45 0.594 0.00932759
0.45 0.6 0.000307331
0.455 0 0.00724034
0.455 0.006 0.00762186
0.455 0.012 0.0107444
0.455 0.018 0.00824716
0.455 0.024 0.0189885
0.455 0.03 0.0112578
0.455 0.036 0.00928188
0.455 0.042 0.0377754
0.455 0.048 0.0659401
0.455 0.054 0.091317
0.455 0.06 0.117587
0.455 0.066 0.165704
0.455 0.072 0.139826
0.455 0.078 0.118319
0.455 0.084 0.115747
0.455 0.09 0.0826436
0.455 0.096 0.123174
0.455 0.102 0.0902309
0.455 0.108 0.0698199
0.455 0.114 0.0801814
0.455 0.12 0.075346
0.455 0.126 0.0667138
0.455 0.132 0.0560007
0.455 0.138 0.035378
0.455 0.144 0.0417449
0.455 0.15 0.0326977
0.455 0.156 0.0452636
0.455 0.162 0.034074
0.455 0.168 0.0397042
0.455 0.174 0.0187353
0.455 0.18 0.0335474
0.455 0.186 0.0242726
0.455 0.192 0.0465379
0.455 0.198 0.0173174
0.455 0.204 0.0289759
0.455 0.21 0.039778
0.455 0.216 0.0161282
0.455 0.222 0.0186839
0.455 0.228 0.0205031
0.455 0.234 0.0321742
0.455 0.24 0.0143664
0.455 0.246 0.0359785
0.455 0.252 0.0274976
0.455 0.258 0.0201921
0.455 0.264 0.0149932
0.455 0.27 0.0201441
0.455 0.276 0.0200609
0.455 0.282 0.00502536
0.455 0.288 0.0232164
0.455 0.294 0.0304422
0.455 0.3 0.0171744
0.455 0.306 0.00861593
0.455 0.312 0.0168952
0.455 0.318 0.0018779
0.455 0.324 0.046291
0.455 0.33 0.0019656
0.455 0.336 0.0260287
0.455 0.342 0.0218596
0.455 0.348 0.012513
0.455 0.354 0.00611988
0.455 0.36 0.00108249
0.455 0.366 0.0180082
0.455 0.372 0.0150619
0.455 0.378 0.00430982
0.455 0.384 0.0210789
0.455 0.39 0.0061381
0.455 0.396 0.00226457
0.455 0.402 0.0064822
0.455 0.408 0.00960594
0.455 0.414 0.0135988
0.455 0.42 0.00310161
0.455 0.426 0.0145498
0.455 0.432 0.00621067
0.455 0.438 0.0037571
0.455 0.444 0.00941674
0.455 0.45 0.00243076
0.455 0.456 0.027831
0.455 0.462 0.0337769
0.455 0.468 0.0235976
0.455 0.474 0.00939267
0.455 0.48 0.00232745
0.455 0.486 0.00494779
0.455 0.492 0.0049646
0.455 0.498 0.00678247
0.455 0.504 0.0101062
0.455 0.51 0.0280257
0.455 0.516 0.0543937
0.455 0.522 0.0136326
0.455 0.528 0.0117565
0.455 0.534 0.00226644
0.455 0.54 0.0557051
0.455 0.546 0.00215575
0.455 0.552 0.0206732
0.455 0.558 0.0173729
0.455 0.564 0.0154643
0.455 0.57 0.0086812
0.455 0.576 0.0105197
0.455 0.582 0.0105539
0.455 0.588 0.00947816
0.455 0.594 0.00722068
0.455 0.6 0.000783031
0.46 0 0.00681966
0.46 0.006 0.00715531
0.46 0.012 0.00997364
0.46 0.018 0.00805227
0.46 0.024 0.0178327
0.46 0.03 0.0108064
0.46 0.036 0.00868035
0.46 0.042 0.0376986
0.46 0.048 0.0584444
0.46 0.054 0.0850505
0.46 0.06 0.1111
0.46 0.066 0.153079
0.46 0.072 0.12863
0.46 0.078 0.114572
0.46 0.084 0.117758
0.46 0.09 0.0780654
0.46 0.096 0.114355
0.46 0.102 0.0926765
0.46 0.108 0.0730077
0.46 0.114 0.0803964
0.46 0.12 0.073883
0.46 0.126 0.0676031
0.46 0.132 0.059734
0.46 0.138 0.0365126
0.46 0.144 0.0442495
0.46 0.15 0.0277984
0.46 0.156 0.0444162
0.46 0.162 0.0383979
0.46 0.168 0.0439033
0.46 0.174 0.0234174
0.46 0.18 0.0383099
0.46 0.186 0.0287197
0.46 0.192 0.0493606
0.46 0.198 0.0218596
0.46 0.204 0.0314245
0.46 0.21 0.041894
0.46 0.216 0.0107995
0.46 0.222 0.0200822
0.46 0.228 0.0239608
0.46 0.234 0.0307188
0.46 0.24 0.0176659
0.46 0.246 0.0374042
0.46 0.252 0.0294772
0.46 0.258 0.0189661
0.46 0.264 0.0133695
0.46 0.27 0.0184036
0.46 0.276 0.0241246
0.46 0.282 0.00359226
0.46 0.288 0.0261885
0.46 0.294 0.030715
0.46 0.3 0.020851
0.46 0.306 0.007796
0.46 0.312 0.0149626
0.46 0.318 0.00322033
0.46 0.324 0.0483698
0.46 0.33 0.00341547
0.46 0.336 0.0261554
0.46 0.342 0.0226793
0.46 0.348 0.0153764
0.46 0.354 0.00532796
0.46 0.36 0.00128006
0.46 0.366 0.0189168
0.46 0.372 0.0130598
0.46 0.378 0.00695956
0.46 0.384 0.0241159
0.46 0.39 0.0055802
0.46 0.396 0.00397787
0.46 0.402 0.00382143
0.46 0.408 0.0116094
0.46 0.414 0.0164456
0.46 0.42 0.00603557
0.46 0.426 0.017137
0.46 0.432 0.00737568
0.46 0.438 0.00332156
0.46 0.444 0.0109834
0.46 0.45 0.00145563
0.46 0.456 0.0276169
0.46 0.462 0.0331975
0.46 0.468 0.0246973
0.46 0.474 0.00832483
0.46 0.48 0.00328616
0.46 0.486 0.00234809
0.46 0.492 0.00470369
0.46 0.498 0.00582723
0.46 0.504 0.0120427
0.46 0.51 0.0276614
0.46 0.516 0.0490688
0.46 0.522 0.00969707
0.46 0.528 0.0111033
0.46 0.534 0.00394186
0.46 0.54 0.0575268
0.46 0.546 0.00296541
0.46 0.552 0.0181591
0.46 0.558 0.0221353
0.46 0.564 0.0143064
0.46 0.57 0.0108448
0.46 0.576 0.010719
0.46 0.582 0.0103483
0.46 0.588 0.00929367
0.46 0.594 0.00439367
0.46 0.6 0.00137451
0.465 0 0.006314
0.465 0.006 0.00664139
0.465 0.012 0.00917106
0.465 0.018 0.00789503
0.465 0.024 0.0168248
0.465 0.03 0.0107496
0.465 0.036 0.00893345
0.465 0.042 0.037237
0.465 0.048 0.0520092
0.465 0.054 0.0785503
0.465 0.06 0.10335
0.465 0.066 0.13944
0.465 0.072 0.11363
0.465 0.078 0.112844
0.465 0.084 0.119189
0.465 0.09 0.0724791
0.465 0.096 0.102755
0.465 0.102 0.0949644
0.465 0.108 0.0771813
0.465 0.114 0.0792405
0.465 0.12 0.0706563
0.465 0.126 0.0681167
0.465 0.132 0.064526
0.465 0.138 0.0406539
0.465 0.144 0.0476922
0.465 0.15 0.024762
0.465 0.156 0.0465622
0.465 0.162 0.04163
0.465 0.168 0.0483152
0.465 0.174 0.0280657
0.465 0.18 0.0408117
0.465 0.186 0.0326981
0.465 0.192 0.0508754
0.465 0.198 0.0274295
0.465 0.204 0.0372937
0.465 0.21 0.039885
0.465 0.216 0.00961226
0.465 0.222 0.0225612
0.465 0.228 0.0266201
0.465 0.234 0.0302279
0.465 0.24 0.020764
0.465 0.246 0.0362431
0.465 0.252 0.0293143
0.465 0.258 0.0195452
0.465 0.264 0.0139345
0.465 0.27 0.0178841
0.465 0.276 0.0248908
0.465 0.282 0.00100324
0.465 0.288 0.0270265
0.465 0.294 0.0296657
0.465 0.3 0.0221755
0.465 0.306 0.00656016
0.465 0.312 0.0134525
0.465 0.318 0.00338612
0.465 0.324 0.0480896
0.465 0.33 0.00404844
0.465 0.336 0.0267524
0.465 0.342 0.0212746
0.465 0.348 0.018336
0.465 0.354 0.00626481
0.465 0.36 0.00320529
0.465 0.366 0.0203925
0.465 0.372 0.00902996
0.465 0.378 0.00862581
0.465 0.384 0.0266344
0.465 0.39 0.00466081
0.465 0.396 0.00584314
0.465 0.402 0.00185985
0.465 0.408 0.0117667
0.465 0.414 0.0170907
0.465 0.42 0.00637645
0.465 0.426 0.0212254
0.465 0.432 0.00963459
0.465 0.438 0.00118507
0.465 0.444 0.0123188
0.465 0.45 0.00114897
0.465 0.456 0.0286434
0.465 0.462 0.0323688
0.465 0.468 0.0260592
0.465 0.474 0.0105533
0.465 0.48 0.00355982
0.465 0.486 0.000893399
0.465 0.492 0.00276722
0.465 0.498 0.00387127
0.465 0.504 0.0129841
0.465 0.51 0.02374
0.465 0.516 0.0466698
0.465 0.522 0.00705993
0.465 0.528 0.00891128
0.465 0.534 0.0047538
0.465 0.54 0.0581991
0.465 0.546 0.00581438
0.465 0.552 0.0172546
0.465 0.558 0.025742
0.465 0.564 0.0133527
0.465 0.57 0.0132938
0.465 0.576 0.011058
0.465 0.582 0.0112923
0.465 0.588 0.00872763
0.465 0.594 0.00232601
0.465 0.6 0.00230501
0.47 0 0.00594325
0.47 0.006 0.00625919
0.47 0.012 0.00845248
0.47 0.018 0.00781051
0.47 0.024 0.0159848
0.47 0.03 0.0110486
0.47 0.036 0.00979831
0.47 0.042 0.0362787
0.47 0.048 0.0466624
0.47 0.054 0.0719193
0.47 0.06 0.0941418
0.47 0.066 0.125476
0.47 0.072 0.0969548
0.47 0.078 0.112246
0.47 0.084 0.119068
0.47 0.09 0.0680345
0.47 0.096 0.0904405
0.47 0.102 0.097288
0.47 0.108 0.079914
0.47 0.114 0.0764344
0.47 0.12 0.0671741
0.47 0.126 0.068533
0.47 0.132 0.0683793
0.47 0.138 0.0456236
0.47 0.144 0.0527104
0.47 0.15 0.0254383
0.47 0.156 0.0530112
0.47 0.162 0.0433271
0.47 0.168 0.0523406
0.47 0.174 0.0321008
0.47 0.18 0.0402499
0.47 0.186 0.0356046
0.47 0.192 0.0509299
0.47 0.198 0.032001
0.47 0.204 0.0435397
0.47 0.21 0.0356193
0.47 0.216 0.0151354
0.47 0.222 0.0251341
0.47 0.228 0.0263862
0.47 0.234 0.0303975
0.47 0.24 0.0225514
0.47 0.246 0.0341963
0.47 0.252 0.0285301
0.47 0.258 0.0219432
0.47 0.264 0.0158411
0.47 0.27 0.0187579
0.47 0.276 0.0218142
0.47 0.282 0.00286527
0.47 0.288 0.0250035
0.47 0.294 0.0276643
0.47 0.3 0.0201979
0.47 0.306 0.00858009
0.47 0.312 0.0136096
0.47 0.318 0.00289453
0.47 0.324 0.0453246
0.47 0.33 0.00389338
0.47 0.336 0.0283524
0.47 0.342 0.0197547
0.47 0.348 0.0202573
0.47 0.354 0.00902106
0.47 0.36 0.00415708
0.47 0.366 0.0219657
0.47 0.372 0.00579801
0.47 0.378 0.00807588
0.47 0.384 0.0280883
0.47 0.39 0.00428709
0.47 0.396 0.00636409
0.47 0.402 0.00235378
0.47 0.408 0.0108485
0.47 0.414 0.0148211
0.47 0.42 0.00541316
0.47 0.426 0.0261968
0.47 0.432 0.0113165
0.47 0.438 0.00100446
0.47 0.444 0.0135957
0.47 0.45 0.00161512
0.47 0.456 0.0305128
0.47 0.462 0.0325164
0.47 0.468 0.0270238
0.47 0.474 0.0145203
0.47 0.48 0.00308439
0.47 0.486 0.000410947
0.47 0.492 0.000289022
0.47 0.498 0.00143146
0.47 0.504 0.0120078
0.47 0.51 0.0169609
0.47 0.516 0.0469038
0.47 0.522 0.00757801
0.47 0.528 0.00590432
0.47 0.534 0.00393761
0.47 0.54 0.0585542
0.47 0.546 0.00948515
0.47 0.552 0.0181792
0.47 0.558 0.0281252
0.47 0.564 0.0128211
0.47 0.57 0.0144036
0.47 0.576 0.0110853
0.47 0.582 0.0125661
0.47 0.588 0.00841294
0.47 0.594 0.00205482
0.47 0.6 0.00390234
0.475 0 0.00570725
0.475 0.006 0.00600475
0.475 0.012 0.00782141
0.475 0.018 0.0077671
0.475 0.024 0.0152825
0.475 0.03 0.0116189
0.475 0.036 0.0109867
0.475 0.042 0.0347515
0.475 0.048 0.0423581
0.475 0.054 0.0653301
0.475 0.06 0.0836044
0.475 0.066 0.111643
0.475 0.072 0.0810921
0.475 0.078 0.110497
0.475 0.084 0.116745
0.475 0.09 0.0666356
0.475 0.096 0.0790711
0.475 0.102 0.0996483
0.475 0.108 0.0785673
0.475 0.114 0.0724515
0.475 0.12 0.0649902
0.475 0.126 0.069031
0.475 0.132 0.0693147
0.475 0.138 0.0492504
0.475 0.144 0.0587438
0.475 0.15 0.0304099
0.475 0.156 0.0625657
0.475 0.162 0.0433326
0.475 0.168 0.0570408
0.475 0.174 0.0358372
0.475 0.18 0.0369413
0.475 0.186 0.0379112
0.475 0.192 0.0499445
0.475 0.198 0.034307
0.475 0.204 0.0466278
0.475 0.21 0.0323012
0.475 0.216 0.0243522
0.475 0.222 0.0274286
0.475 0.228 0.0243355
0.475 0.234 0.0298079
0.475 0.24 0.0228717
0.475 0.246 0.0345017
0.475 0.252 0.0286832
0.475 0.258 0.0253045
0.475 0.264 0.0174662
0.475 0.27 0.0203638
0.475 0.276 0.0167769
0.475 0.282 0.00740849
0.475 0.288 0.0208154
0.475 0.294 0.0252982
0.475 0.3 0.0162348
0.475 0.306 0.0148944
0.475 0.312 0.0158467
0.475 0.318 0.00322787
0.475 0.324 0.0406671
0.475 0.33 0.00274951
0.475 0.336 0.0299712
0.475 0.342 0.0197849
0.475 0.348 0.0211186
0.475 0.354 0.0122061
0.475 0.36 0.00459497
0.475 0.366 0.0229747
0.475 0.372 0.00523073
0.475 0.378 0.00597665
0.475 0.384 0.0285083
0.475 0.39 0.00489053
0.475 0.396 0.00460527
0.475 0.402 0.00468491
0.475 0.408 0.00921829
0.475 0.414 0.010665
0.475 0.42 0.00513373
0.475 0.426 0.0301744
0.475 0.432 0.0120068
0.475 0.438 0.00485138
0.475 0.444 0.0148878
0.475 0.45 0.00312329
0.475 0.456 0.0326103
0.475 0.462 0.0331589
0.475 0.468 0.0265796
0.475 0.474 0.0168302
0.475 0.48 0.00216423
0.475 0.486 0.00179434
0.475 0.492 0.00323082
0.475 0.498 0.000441095
0.475 0.504 0.00950948
0.475 0.51 0.00975309
0.475 0.516 0.0469458
0.475 0.522 0.0112464
0.475 0.528 0.00460672
0.475 0.534 0.00263165
0.475 0.54 0.0602826
0.475 0.546 0.0125006
0.475 0.552 0.0204503
0.475 0.558 0.0291001
0.475 0.564 0.0130192
0.475 0.57 0.0135437
0.475 0.576 0.0103824
0.475 0.582 0.0134785
0.475 0.588 0.00854537
0.475 0.594 0.00371077
0.475 0.6 0.00537049
0.48 0 0.00538951
0.48 0.006 0.00569395
0.48 0.012 0.00716934
0.48 0.018 0.00766641
0.48 0.024 0.014643
0.48 0.03 0.012336
0.48 0.036 0.0122054
0.48 0.042 0.0326098
0.48 0.048 0.0389827
0.48 0.054 0.0589642
0.48 0.06 0.0721357
0.48 0.066 0.0980951
0.48 0.072 0.0681328
0.48 0.078 0.105183
0.48 0.084 0.111849
0.48 0.09 0.0685024
0.48 0.096 0.0693625
0.48 0.102 0.101447
0.48 0.108 0.0729626
0.48 0.114 0.0684146
0.48 0.12 0.0648487
0.48 0.126 0.0694326
0.48 0.132 0.0674833
0.48 0.138 0.0518324
0.48 0.144 0.0636112
0.48 0.15 0.0384148
0.48 0.156 0.0713167
0.48 0.162 0.0423965
0.48 0.168 0.062696
0.48 0.174 0.0398179
0.48 0.18 0.0324108
0.48 0.186 0.040415
0.48 0.192 0.0490715
0.48 0.198 0.0346843
0.48 0.204 0.0453498
0.48 0.21 0.0318756
0.48 0.216 0.0303166
0.48 0.222 0.0292693
0.48 0.228 0.0241172
0.48 0.234 0.0274201
0.48 0.24 0.0224436
0.48 0.246 0.0384555
0.48 0.252 0.0298547
0.48 0.258 0.0288852
0.48 0.264 0.0180422
0.48 0.27 0.0218205
0.48 0.276 0.0126501
0.48 0.282 0.0113494
0.48 0.288 0.0164044
0.48 0.294 0.0234623
0.48 0.3 0.0135166
0.48 0.306 0.0220456
0.48 0.312 0.0190666
0.48 0.318 0.00521053
0.48 0.324 0.0356869
0.48 0.33 0.000140463
0.48 0.336 0.0297468
0.48 0.342 0.0220528
0.48 0.348 0.0212013
0.48 0.354 0.013857
0.48 0.36 0.00507144
0.48 0.366 0.0233785
0.48 0.372 0.00743994
0.48 0.378 0.00426827
0.48 0.384 0.028203
0.48 0.39 0.00576766
0.48 0.396 0.000900227
0.48 0.402 0.00677377
0.48 0.408 0.00673597
0.48 0.414 0.00620358
0.48 0.42 0.00675806
0.48 0.426 0.0317018
0.48 0.432 0.0121558
0.48 0.438 0.0097497
0.48 0.444 0.0160252
0.48 0.45 0.00588398
0.48 0.456 0.0340476
0.48 0.462 0.0332037
0.48 0.468 0.0243199
0.48 0.474 0.015482
0.48 0.48 0.00182613
0.48 0.486 0.00226352
0.48 0.492 0.00511903
0.48 0.498 0.000277221
0.48 0.504 0.00699593
0.48 0.51 0.00426468
0.48 0.516 0.045294
0.48 0.522 0.0158692
0.48 0.528 0.00761787
0.48 0.534 0.00264007
0.48 0.54 0.0634882
0.48 0.546 0.0148944
0.48 0.552 0.0227358
0.48 0.558 0.0285453
0.48 0.564 0.0132393
0.48 0.57 0.0109844
0.48 0.576 0.00936422
0.48 0.582 0.0136807
0.48 0.588 0.00890516
0.48 0.594 0.00617456
0.48 0.6 0.00569296
0.485 0 0.00498189
0.485 0.006 0.00531693
0.485 0.012 0.00649451
0.485 0.018 0.00748199
0.485 0.024 0.0140385
0.485 0.03 0.0131026
0.485 0.036 0.0132378
0.485 0.042 0.0298663
0.485 0.048 0.0363786
0.485 0.054 0.0529865
0.485 0.06 0.0603168
0.485 0.066 0.0848326
0.485 0.072 0.0590826
0.485 0.078 0.0951055
0.485 0.084 0.104206
0.485 0.09 0.0722338
0.485 0.096 0.0612376
0.485 0.102 0.10171
0.485 0.108 0.0659231
0.485 0.114 0.0655881
0.485 0.12 0.0663093
0.485 0.126 0.0691926
0.485 0.132 0.0652029
0.485 0.138 0.0556995
0.485 0.144 0.0651625
0.485 0.15 0.0474301
0.485 0.156 0.0750075
0.485 0.162 0.0421508
0.485 0.168 0.0669208
0.485 0.174 0.0439026
0.485 0.18 0.0288559
0.485 0.186 0.0434415
0.485 0.192 0.0492316
0.485 0.198 0.0344953
0.485 0.204 0.0421782
0.485 0.21 0.0343919
0.485 0.216 0.0285093
0.485 0.222 0.0301043
0.485 0.228 0.0285864
0.485 0.234 0.0242573
0.485 0.24 0.0219054
0.485 0.246 0.0438291
0.485 0.252 0.0307946
0.485 0.258 0.0325255
0.485 0.264 0.0183844
0.485 0.27 0.0229359
0.485 0.276 0.0116395
0.485 0.282 0.0138071
0.485 0.288 0.0139486
0.485 0.294 0.023085
0.485 0.3 0.0150551
0.485 0.306 0.025108
0.485 0.312 0.0216816
0.485 0.318 0.00834159
0.485 0.324 0.0324409
0.485 0.33 0.00390914
0.485 0.336 0.0270941
0.485 0.342 0.0260547
0.485 0.348 0.0198859
0.485 0.354 0.0131868
0.485 0.36 0.00565855
0.485 0.366 0.0233924
0.485 0.372 0.0111266
0.485 0.378 0.00420928
0.485 0.384 0.0272681
0.485 0.39 0.00640502
0.485 0.396 0.00344114
0.485 0.402 0.00740389
0.485 0.408 0.00373349
0.485 0.414 0.00245325
0.485 0.42 0.0101061
0.485 0.426 0.0312065
0.485 0.432 0.0123322
0.485 0.438 0.0116808
0.485 0.444 0.0160924
0.485 0.45 0.00955735
0.485 0.456 0.0341526
0.485 0.462 0.0326016
0.485 0.468 0.0211821
0.485 0.474 0.0112595
0.485 0.48 0.0031809
0.485 0.486 0.00118027
0.485 0.492 0.00655711
0.485 0.498 0.00174408
0.485 0.504 0.00580194
0.485 0.51 0.00182816
0.485 0.516 0.0423969
0.485 0.522 0.0188055
0.485 0.528 0.0148748
0.485 0.534 0.00479751
0.485 0.54 0.0662674
0.485 0.546 0.017663
0.485 0.552 0.023659
0.485 0.558 0.0270604
0.485 0.564 0.0120301
0.485 0.57 0.00802861
0.485 0.576 0.00939236
0.485 0.582 0.0131088
0.485 0.588 0.0093634
0.485 0.594 0.00753889
0.485 0.6 0.00463555
0.49 0 0.004691
0.49 0.006 0.0050438
0.49 0.012 0.00590633
0.49 0.018 0.00726523
0.49 0.024 0.0134846
0.49 0.03 0.0138565
0.49 0.036 0.0139672
0.49 0.042 0.0265889
0.49 0.048 0.0343577
0.49 0.054 0.0475048
0.49 0.06 0.0488399
0.49 0.066 0.0719482
0.49 0.072 0.0536108
0.49 0.078 0.0809593
0.49 0.084 0.093871
0.49 0.09 0.076139
0.49 0.096 0.0544534
0.49 0.102 0.0996758
0.49 0.108 0.0609881
0.49 0.114 0.0648844
0.49 0.12 0.0681268
0.49 0.126 0.0678555
0.49 0.132 0.0648157
0.49 0.138 0.0622107
0.49 0.144 0.0636186
0.49 0.15 0.0563532
0.49 0.156 0.0724287
0.49 0.162 0.0439871
0.49 0.168 0.066785
0.49 0.174 0.0474449
0.49 0.18 0.0282235
0.49 0.186 0.0463943
0.49 0.192 0.0499199
0.49 0.198 0.0347498
0.49 0.204 0.0413498
0.49 0.21 0.0392695
0.49 0.216 0.0213802
0.49 0.222 0.0296413
0.49 0.228 0.0368873
0.49 0.234 0.0232491
0.49 0.24 0.0215704
0.49 0.246 0.0470949
0.49 0.252 0.0308943
0.49 0.258 0.0361097
0.49 0.264 0.0198791
0.49 0.27 0.0243645
0.49 0.276 0.0144397
0.49 0.282 0.0152139
0.49 0.288 0.0145686
0.49 0.294 0.0245575
0.49 0.3 0.0213953
0.49 0.306 0.0225339
0.49 0.312 0.0229312
0.49 0.318 0.0115412
0.49 0.324 0.0322642
0.49 0.33 0.00817038
0.49 0.336 0.0236395
0.49 0.342 0.030298
0.49 0.348 0.016224
0.49 0.354 0.0114877
0.49 0.36 0.0062098
0.49 0.366 0.0232224
0.49 0.372 0.0142505
0.49 0.378 0.00540942
0.49 0.384 0.025837
0.49 0.39 0.00727702
0.49 0.396 0.00668206
0.49 0.402 0.00739249
0.49 0.408 0.00140669
0.49 0.414 0.000135185
0.49 0.42 0.013517
0.49 0.426 0.0302213
0.49 0.432 0.0127168
0.49 0.438 0.0104385
0.49 0.444 0.0140224
0.49 0.45 0.0130612
0.49 0.456 0.0332561
0.49 0.462 0.0323983
0.49 0.468 0.0187653
0.49 0.474 0.00631676
0.49 0.48 0.00617181
0.49 0.486 0.000691505
0.49 0.492 0.00963845
0.49 0.498 0.00276208
0.49 0.504 0.00598253
0.49 0.51 0.00225659
0.49 0.516 0.0381888
0.49 0.522 0.0191434
0.49 0.528 0.0229008
0.49 0.534 0.00828331
0.49 0.54 0.0665813
0.49 0.546 0.0210067
0.49 0.552 0.0230424
0.49 0.558 0.0255248
0.49 0.564 0.00893242
0.49 0.57 0.00640112
0.49 0.576 0.0115445
0.49 0.582 0.0120377
0.49 0.588 0.0102271
0.49 0.594 0.00661824
0.49 0.6 0.00279001
0.495 0 0.0045268
0.495 0.006 0.00488116
0.495 0.012 0.00541329
0.495 0.018 0.00701408
0.495 0.024 0.0129502
0.495 0.03 0.014519
0.495 0.036 0.0143341
0.495 0.042 0.0228766
0.495 0.048 0.0327139
0.495 0.054 0.0425398
0.495 0.06 0.0384334
0.495 0.066 0.059808
0.495 0.072 0.0504241
0.495 0.078 0.0650006
0.495 0.084 0.0813446
0.495 0.09 0.0793848
0.495 0.096 0.0490775
0.495 0.102 0.0951699
0.495 0.108 0.0594506
0.495 0.114 0.0665379
0.495 0.12 0.0690658
0.495 0.126 0.0656737
0.495 0.132 0.0666377
0.495 0.138 0.069598
0.495 0.144 0.0619271
0.495 0.15 0.064715
0.495 0.156 0.0664197
0.495 0.162 0.0477713
0.495 0.168 0.062803
0.495 0.174 0.050247
0.495 0.18 0.031303
0.495 0.186 0.0479665
0.495 0.192 0.0498317
0.495 0.198 0.0352603
0.495 0.204 0.0449643
0.495 0.21 0.0458597
0.495 0.216 0.0158397
0.495 0.222 0.028814
0.495 0.228 0.0448709
0.495 0.234 0.0266712
0.495 0.24 0.0219046
0.495 0.246 0.046936
0.495 0.252 0.0316904
0.495 0.258 0.0391311
0.495 0.264 0.022895
0.495 0.27 0.026725
0.495 0.276 0.0200223
0.495 0.282 0.0168069
0.495 0.288 0.0176964
0.495 0.294 0.0273051
0.495 0.3 0.0303294
0.495 0.306 0.0174353
0.495 0.312 0.022863
0.495 0.318 0.0141102
0.495 0.324 0.0347642
0.495 0.33 0.0107643
0.495 0.336 0.0216897
0.495 0.342 0.0329948
0.495 0.348 0.0107805
0.495 0.354 0.0110878
0.495 0.36 0.00697681
0.495 0.366 0.023496
0.495 0.372 0.0149826
0.495 0.378 0.00665104
0.495 0.384 0.0246208
0.495 0.39 0.00867551
0.495 0.396 0.00756062
0.495 0.402 0.0085069
0.495 0.408 0.000824581
0.495 0.414 0.00142021
0.495 0.42 0.0149543
0.495 0.426 0.0297249
0.495 0.432 0.0132283
0.495 0.438 0.00820257
0.495 0.444 0.0102471
0.495 0.45 0.0150392
0.495 0.456 0.0328103
0.495 0.462 0.0336195
0.495 0.468 0.0178073
0.495 0.474 0.00213921
0.495 0.48 0.00920081
0.495 0.486 0.002188
0.495 0.492 0.015732
0.495 0.498 1.00185e-06
0.495 0.504 0.00647355
0.495 0.51 0.00294998
0.495 0.516 0.0321327
0.495 0.522 0.0181988
0.495 0.528 0.0273653
0.495 0.534 0.0113071
0.495 0.54 0.064094
0.495 0.546 0.0237722
0.495 0.552 0.0218726
0.495 0.558 0.0242232
0.495 0.564 0.0051411
0.495 0.57 0.00645989
0.495 0.576 0.0151784
0.495 0.582 0.0111087
0.495 0.588 0.0119172
0.495 0.594 0.00413666
0.495 0.6 0.00108919
0.5 0 0.00428664
0.5 0.006 0.00465816
0.5 0.012 0.00491352
0.5 0.018 0.00666576
0.5 0.024 0.0123577
0.5 0.03 0.0149989
0.5 0.036 0.0143216
0.5 0.042 0.0188748
0.5 0.048 0.0312529
0.5 0.054 0.0380538
0.5 0.06 0.0297499
0.5 0.066 0.0490561
0.5 0.072 0.0480796
0.5 0.078 0.0500199
0.5 0.084 0.0678169
0.5 0.09 0.0819444
0.5 0.096 0.0456242
0.5 0.102 0.0886263
0.5 0.108 0.0595356
0.5 0.114 0.0698869
0.5 0.12 0.0685523
0.5 0.126 0.0637081
0.5 0.132 0.0690045
0.5 0.138 0.0741605
0.5 0.144 0.063252
0.5 0.15 0.0710804
0.5 0.156 0.0612566
0.5 0.162 0.0517171
0.5 0.168 0.0595279
0.5 0.174 0.0528917
0.5 0.18 0.0371667
0.5 0.186 0.0470899
0.5 0.192 0.049078
0.5 0.198 0.0353483
0.5 0.204 0.0510824
0.5 0.21 0.0525189
0.5 0.216 0.0164783
0.5 0.222 0.0292397
0.5 0.228 0.0484446
0.5 0.234 0.0336961
0.5 0.24 0.0234903
0.5 0.246 0.0451174
0.5 0.252 0.0352665
0.5 0.258 0.0409152
0.5 0.264 0.0263088
0.5 0.27 0.0296861
0.5 0.276 0.0258672
0.5 0.282 0.0190835
0.5 0.288 0.0216123
0.5 0.294 0.0299836
0.5 0.3 0.0384931
0.5 0.306 0.0140726
0.5 0.312 0.0215933
0.5 0.318 0.0159333
0.5 0.324 0.0380321
0.5 0.33 0.0107151
0.5 0.336 0.0221758
0.5 0.342 0.0329157
0.5 0.348 0.0061369
0.5 0.354 0.0130828
0.5 0.36 0.0087883
0.5 0.366 0.0249609
0.5 0.372 0.0129854
0.5 0.378 0.0070807
0.5 0.384 0.0243494
0.5 0.39 0.0098911
0.5 0.396 0.00631546
0.5 0.402 0.0113885
0.5 0.408 0.00177906
0.5 0.414 0.00187794
0.5 0.42 0.0139881
0.5 0.426 0.0298904
0.5 0.432 0.0142065
0.5 0.438 0.00576398
0.5 0.444 0.00689165
0.5 0.45 0.0146432
0.5 0.456 0.03427
0.5 0.462 0.036604
0.5 0.468 0.0177625
0.5 0.474 0.000962526
0.5 0.48 0.0103986
0.5 0.486 0.00302223
0.5 0.492 0.0232143
0.5 0.498 0.00594331
0.5 0.504 0.0062329
0.5 0.51 0.000868678
0.5 0.516 0.025656
0.5 0.522 0.0182369
0.5 0.528 0.0265956
0.5 0.534 0.0125326
0.5 0.54 0.0602877
0.5 0.546 0.0243148
0.5 0.552 0.02094
0.5 0.558 0.0232693
0.5 0.564 0.00218125
0.5 0.57 0.00666983
0.5 0.576 0.0181176
0.5 0.582 0.0108955
0.5 0.588 0.0143188
0.5 0.594 0.00207596
0.5 0.6 0.000338252
0.505 0 0.00395381
0.505 0.006 0.00435883
0.505 0.012 0.00439989
0.505 0.018 0.00622364
0.505 0.024 0.0116772
0.505 0.03 0.0152577
0.505 0.036 0.0139862
0.505 0.042 0.014804
0.505 0.048 0.0298246
0.505 0.054 0.0340035
0.505 0.06 0.0232382
0.505 0.066 0.0404636
0.505 0.072 0.0457269
0.505 0.078 0.0382193
0.505 0.084 0.0550919
0.505 0.09 0.0838207
0.505 0.096 0.0450004
0.505 0.102 0.081043
0.505 0.108 0.0584034
0.505 0.114 0.073412
0.505 0.12 0.0668059
0.505 0.126 0.0630915
0.505 0.132 0.0701007
0.505 0.138 0.0735658
0.505 0.144 0.0679105
0.505 0.15 0.0733351
0.505 0.156 0.0594785
0.505 0.162 0.0536579
0.505 0.168 0.061425
0.505 0.174 0.0559339
0.505 0.18 0.0434277
0.505 0.186 0.0439677
0.505 0.192 0.0499658
0.505 0.198 0.0354324
0.505 0.204 0.0557796
0.505 0.21 0.0565216
0.505 0.216 0.0219595
0.505 0.222 0.0314268
0.505 0.228 0.0466907
0.505 0.234 0.0409396
0.505 0.24 0.0264649
0.505 0.246 0.0440435
0.505 0.252 0.040922
0.505 0.258 0.0409747
0.505 0.264 0.0285046
0.505 0.27 0.0321043
0.505 0.276 0.0289699
0.505 0.282 0.0210131
0.505 0.288 0.0246999
0.505 0.294 0.0313718
0.505 0.3 0.043064
0.505 0.306 0.0138429
0.505 0.312 0.0193281
0.505 0.318 0.0171253
0.505 0.324 0.0400533
0.505 0.33 0.00885809
0.505 0.336 0.0243013
0.505 0.342 0.0300795
0.505 0.348 0.00502871
0.505 0.354 0.016003
0.505 0.36 0.0124405
0.505 0.366 0.0273456
0.505 0.372 0.0100043
0.505 0.378 0.00651726
0.505 0.384 0.0246215
0.505 0.39 0.0103201
0.505 0.396 0.00453782
0.505 0.402 0.0147398
0.505 0.408 0.00288825
0.505 0.414 0.00273608
0.505 0.42 0.0122358
0.505 0.426 0.0308309
0.505 0.432 0.0164424
0.505 0.438 0.00283283
0.505 0.444 0.00562454
0.505 0.45 0.0120762
0.505 0.456 0.0375204
0.505 0.462 0.0409087
0.505 0.468 0.0179485
0.505 0.474 0.00297683
0.505 0.48 0.0092925
0.505 0.486 0.00353664
0.505 0.492 0.0283372
0.505 0.498 0.0118919
0.505 0.504 0.00510458
0.505 0.51 0.00361739
0.505 0.516 0.0214604
0.505 0.522 0.0207174
0.505 0.528 0.0225756
0.505 0.534 0.0120044
0.505 0.54 0.057258
0.505 0.546 0.0216219
0.505 0.552 0.0200724
0.505 0.558 0.023588
0.505 0.564 0.000663162
0.505 0.57 0.00577313
0.505 0.576 0.0185204
0.505 0.582 0.0112862
0.505 0.588 0.0165896
0.505 0.594 0.00173085
0.505 0.6 0.000746096
0.51 0 0.00372238
0.51 0.006 0.00414324
0.51 0.012 0.00397331
0.51 0.018 0.00576525
0.51 0.024 0.0109398
0.51 0.03 0.0153165
0.51 0.036 0.013447
0.51 0.042 0.0109313
0.51 0.048 0.0283304
0.51 0.054 0.0303467
0.51 0.06 0.0190513
0.51 0.066 0.0346712
0.51 0.072 0.0433179
0.51 0.078 0.0305231
0.51 0.084 0.0450464
0.51 0.09 0.084682
0.51 0.096 0.0481154
0.51 0.102 0.0738105
0.51 0.108 0.0549332
0.51 0.114 0.0753036
0.51 0.12 0.0645546
0.51 0.126 0.0640313
0.51 0.132 0.0696117
0.51 0.138 0.0688793
0.51 0.144 0.0729488
0.51 0.15 0.0709228
0.51 0.156 0.0615519
0.51 0.162 0.0526736
0.51 0.168 0.0684375
0.51 0.174 0.0589127
0.51 0.18 0.0476285
0.51 0.186 0.0401175
0.51 0.192 0.0546315
0.51 0.198 0.0372903
0.51 0.204 0.0564933
0.51 0.21 0.0563198
0.51 0.216 0.0277397
0.51 0.222 0.0340442
0.51 0.228 0.0421798
0.51 0.234 0.0454872
0.51 0.24 0.0304887
0.51 0.246 0.044102
0.51 0.252 0.0447969
0.51 0.258 0.0393546
0.51 0.264 0.028852
0.51 0.27 0.033007
0.51 0.276 0.0276137
0.51 0.282 0.0210967
0.51 0.288 0.0263943
0.51 0.294 0.0313009
0.51 0.3 0.0426721
0.51 0.306 0.0150488
0.51 0.312 0.0169574
0.51 0.318 0.0177342
0.51 0.324 0.0400529
0.51 0.33 0.00702501
0.51 0.336 0.0266521
0.51 0.342 0.026001
0.51 0.348 0.00810309
0.51 0.354 0.017029
0.51 0.36 0.0177121
0.51 0.366 0.0294731
0.51 0.372 0.008649
0.51 0.378 0.0052321
0.51 0.384 0.0242687
0.51 0.39 0.010367
0.51 0.396 0.00370227
0.51 0.402 0.0167532
0.51 0.408 0.00272386
0.51 0.414 0.00510511
0.51 0.42 0.0112549
0.51 0.426 0.0326808
0.51 0.432 0.0198396
0.51 0.438 0.000179124
0.51 0.444 0.00594737
0.51 0.45 0.0087006
0.51 0.456 0.0405374
0.51 0.462 0.0451664
0.51 0.468 0.0185537
0.51 0.474 0.00351258
0.51 0.48 0.00697517
0.51 0.486 0.00389056
0.51 0.492 0.0289853
0.51 0.498 0.015444
0.51 0.504 0.00371649
0.51 0.51 0.00684661
0.51 0.516 0.0199222
0.51 0.522 0.0251688
0.51 0.528 0.0187349
0.51 0.534 0.0108283
0.51 0.54 0.056525
0.51 0.546 0.0162808
0.51 0.552 0.0187782
0.51 0.558 0.0262176
0.51 0.564 0.000474233
0.51 0.57 0.00463353
0.51 0.576 0.016469
0.51 0.582 0.0115781
0.51 0.588 0.0177376
0.51 0.594 0.00254783
0.51 0.6 0.00175509
0.515 0 0.00361127
0.515 0.006 0.00402573
0.515 0.012 0.00364367
0.515 0.018 0.00531633
0.515 0.024 0.0101587
0.515 0.03 0.0151965
0.515 0.036 0.0128249
0.515 0.042 0.00750561
0.515 0.048 0.0267126
0.515 0.054 0.0270238
0.515 0.06 0.0170187
0.515 0.066 0.0319042
0.515 0.072 0.0412358
0.515 0.078 0.0265212
0.515 0.084 0.0389001
0.515 0.09 0.0841896
0.515 0.096 0.0550147
0.515 0.102 0.0681088
0.515 0.108 0.0506135
0.515 0.114 0.0743862
0.515 0.12 0.0626712
0.515 0.126 0.0655366
0.515 0.132 0.0686971
0.515 0.138 0.0635514
0.515 0.144 0.0748333
0.515 0.15 0.0655476
0.515 0.156 0.0673976
0.515 0.162 0.049784
0.515 0.168 0.0759487
0.515 0.174 0.0604188
0.515 0.18 0.0490442
0.515 0.186 0.0371803
0.515 0.192 0.0620675
0.515 0.198 0.0420271
0.515 0.204 0.0532375
0.515 0.21 0.053818
0.515 0.216 0.0311813
0.515 0.222 0.0354227
0.515 0.228 0.0387439
0.515 0.234 0.0470585
0.515 0.24 0.0351554
0.515 0.246 0.0437581
0.515 0.252 0.0438361
0.515 0.258 0.0371299
0.515 0.264 0.0284332
0.515 0.27 0.0323234
0.515 0.276 0.0228408
0.515 0.282 0.0192793
0.515 0.288 0.027154
0.515 0.294 0.0306913
0.515 0.3 0.0379589
0.515 0.306 0.0157188
0.515 0.312 0.0159559
0.515 0.318 0.0177495
0.515 0.324 0.0386251
0.515 0.33 0.00635097
0.515 0.336 0.0282052
0.515 0.342 0.0229679
0.515 0.348 0.0136772
0.515 0.354 0.0148926
0.515 0.36 0.0229713
0.515 0.366 0.0308794
0.515 0.372 0.0101205
0.515 0.378 0.00387069
0.515 0.384 0.0231742
0.515 0.39 0.0105466
0.515 0.396 0.00423624
0.515 0.402 0.0172233
0.515 0.408 0.000792912
0.515 0.414 0.0088477
0.515 0.42 0.0106741
0.515 0.426 0.0352408
0.515 0.432 0.0225012
0.515 0.438 0.00111675
0.515 0.444 0.00614195
0.515 0.45 0.00660304
0.515 0.456 0.0410331
0.515 0.462 0.047429
0.515 0.468 0.020217
0.515 0.474 0.0022446
0.515 0.48 0.00466153
0.515 0.486 0.00415941
0.515 0.492 0.0271235
0.515 0.498 0.0160736
0.515 0.504 0.00283922
0.515 0.51 0.00679602
0.515 0.516 0.0187892
0.515 0.522 0.0294901
0.515 0.528 0.0170091
0.515 0.534 0.0101228
0.515 0.54 0.0585634
0.515 0.546 0.010841
0.515 0.552 0.0169455
0.515 0.558 0.0304003
0.515 0.564 0.0012687
0.515 0.57 0.00474333
0.515 0.576 0.0137078
0.515 0.582 0.0113585
0.515 0.588 0.0174697
0.515 0.594 0.00282168
0.515 0.6 0.00262961
0.52 0 0.003431
0.52 0.006 0.00384695
0.52 0.012 0.00331212
0.52 0.018 0.00483605
0.52 0.024 0.00932134
0.52 0.03 0.0149051
0.52 0.036 0.0122123
0.52 0.042 0.00473567
0.52 0.048 0.0249574
0.52 0.054 0.0239773
0.52 0.06 0.0166737
0.52 0.066 0.0318032
0.52 0.072 0.0397353
0.52 0.078 0.024905
0.52 0.084 0.0367441
0.52 0.09 0.082288
0.52 0.096 0.06417
0.52 0.102 0.064144
0.52 0.108 0.0478796
0.52 0.114 0.0707328
0.52 0.12 0.0619199
0.52 0.126 0.0661464
0.52 0.132 0.0685042
0.52 0.138 0.0606365
0.52 0.144 0.072438
0.52 0.15 0.0592949
0.52 0.156 0.0763127
0.52 0.162 0.0472512
0.52 0.168 0.0789454
0.52 0.174 0.0593985
0.52 0.18 0.0492968
0.52 0.186 0.0357015
0.52 0.192 0.0683383
0.52 0.198 0.048082
0.52 0.204 0.0478571
0.52 0.21 0.0533122
0.52 0.216 0.0335634
0.52 0.222 0.0356456
0.52 0.228 0.0388253
0.52 0.234 0.0473179
0.52 0.24 0.0398672
0.52 0.246 0.0419397
0.52 0.252 0.0393791
0.52 0.258 0.0363361
0.52 0.264 0.0292871
0.52 0.27 0.0308234
0.52 0.276 0.018176
0.52 0.282 0.01763
0.52 0.288 0.0276807
0.52 0.294 0.0305537
0.52 0.3 0.0316754
0.52 0.306 0.0156372
0.52 0.312 0.0174028
0.52 0.318 0.0172874
0.52 0.324 0.0369622
0.52 0.33 0.00649186
0.52 0.336 0.0286824
0.52 0.342 0.0223842
0.52 0.348 0.0194164
0.52 0.354 0.0115049
0.52 0.36 0.0261059
0.52 0.366 0.0322492
0.52 0.372 0.013227
0.52 0.378 0.00331289
0.52 0.384 0.0228473
0.52 0.39 0.0107808
0.52 0.396 0.00601449
0.52 0.402 0.017735
0.52 0.408 0.0022166
0.52 0.414 0.0124862
0.52 0.42 0.00915959
0.52 0.426 0.0381871
0.52 0.432 0.0223062
0.52 0.438 0.0011462
0.52 0.444 0.00515451
0.52 0.45 0.00745368
0.52 0.456 0.0386378
0.52 0.462 0.0465687
0.52 0.468 0.0230011
0.52 0.474 0.000109733
0.52 0.48 0.00242838
0.52 0.486 0.00472788
0.52 0.492 0.0268908
0.52 0.498 0.0139635
0.52 0.504 0.00281964
0.52 0.51 0.00581478
0.52 0.516 0.016856
0.52 0.522 0.0318189
0.52 0.528 0.016877
0.52 0.534 0.010336
0.52 0.54 0.0627626
0.52 0.546 0.0083789
0.52 0.552 0.0146961
0.52 0.558 0.0334023
0.52 0.564 0.00236418
0.52 0.57 0.00566357
0.52 0.576 0.0120519
0.52 0.582 0.0109893
0.52 0.588 0.0164786
0.52 0.594 0.0013624
0.52 0.6 0.00321452
0.525 0 0.00315694
0.525 0.006 0.00358537
0.525 0.012 0.00296386
0.525 0.018 0.00433448
0.525 0.024 0.00846338
0.525 0.03 0.0144791
0.525 0.036 0.0116893
0.525 0.042 0.0027971
0.525 0.048 0.023097
0.525 0.054 0.0211855
0.525 0.06 0.0173398
0.525 0.066 0.0335045
0.525 0.072 0.038649
0.525 0.078 0.0240782
0.525 0.084 0.0375618
0.525 0.09 0.0789333
0.525 0.096 0.0728146
0.525 0.102 0.0610484
0.525 0.108 0.0477568
0.525 0.114 0.0654882
0.525 0.12 0.0627459
0.525 0.126 0.0648896
0.525 0.132 0.0687343
0.525 0.138 0.0607635
0.525 0.144 0.0674624
0.525 0.15 0.0532769
0.525 0.156 0.08524
0.525 0.162 0.0471094
0.525 0.168 0.0761157
0.525 0.174 0.0565468
0.525 0.18 0.0509517
0.525 0.186 0.0353013
0.525 0.192 0.0699789
0.525 0.198 0.0523091
0.525 0.204 0.0432291
0.525 0.21 0.0575218
0.525 0.216 0.0376683
0.525 0.222 0.0368368
0.525 0.228 0.0421879
0.525 0.234 0.0476951
0.525 0.24 0.0435459
0.525 0.246 0.0397736
0.525 0.252 0.0358357
0.525 0.258 0.0387215
0.525 0.264 0.0325135
0.525 0.27 0.02964
0.525 0.276 0.017228
0.525 0.282 0.0188302
0.525 0.288 0.0281879
0.525 0.294 0.0309726
0.525 0.3 0.0274369
0.525 0.306 0.0159231
0.525 0.312 0.0210616
0.525 0.318 0.0166662
0.525 0.324 0.0363178
0.525 0.33 0.00648183
0.525 0.336 0.0285772
0.525 0.342 0.0236959
0.525 0.348 0.0239047
0.525 0.354 0.010295
0.525 0.36 0.0263082
0.525 0.366 0.0337764
0.525 0.372 0.0158529
0.525 0.378 0.00420133
0.525 0.384 0.0247383
0.525 0.39 0.0113405
0.525 0.396 0.00871096
0.525 0.402 0.0195087
0.525 0.408 0.00487242
0.525 0.414 0.014241
0.525 0.42 0.00655366
0.525 0.426 0.0412188
0.525 0.432 0.0194018
0.525 0.438 4.04626e-06
0.525 0.444 0.00298904
0.525 0.45 0.0111675
0.525 0.456 0.0352746
0.525 0.462 0.0434316
0.525 0.468 0.0261138
0.525 0.474 0.00164882
0.525 0.48 0.000521715
0.525 0.486 0.00586925
0.525 0.492 0.0304095
0.525 0.498 0.00990799
0.525 0.504 0.00324658
0.525 0.51 0.00731199
0.525 0.516 0.0153499
0.525 0.522 0.0322943
0.525 0.528 0.0168125
0.525 0.534 0.0112501
0.525 0.54 0.0674856
0.525 0.546 0.00970751
0.525 0.552 0.0122653
0.525 0.558 0.0327904
0.525 0.564 0.00285161
0.525 0.57 0.00541474
0.525 0.576 0.0121053
0.525 0.582 0.0109583
0.525 0.588 0.0158124
0.525 0.594 0.0013917
0.525 0.6 0.00379408
0.53 0 0.00297049
0.53 0.006 0.00339206
0.53 0.012 0.00269043
0.53 0.018 0.00388603
0.53 0.024 0.00766715
0.53 0.03 0.0139834
0.53 0.036 0.0113169
0.53 0.042 0.00180503
0.53 0.048 0.0211914
0.53 0.054 0.0186543
0.53 0.06 0.0182733
0.53 0.066 0.0359351
0.53 0.072 0.0375196
0.53 0.078 0.022665
0.53 0.084 0.0396818
0.53 0.09 0.0736846
0.53 0.096 0.078204
0.53 0.102 0.0576571
0.53 0.108 0.0491026
0.53 0.114 0.0600952
0.53 0.12 0.0650077
0.53 0.126 0.0616098
0.53 0.132 0.0676657
0.53 0.138 0.0621966
0.53 0.144 0.0624385
0.53 0.15 0.0484615
0.53 0.156 0.0891735
0.53 0.162 0.0500297
0.53 0.168 0.0702256
0.53 0.174 0.0542021
0.53 0.18 0.0552051
0.53 0.186 0.036043
0.53 0.192 0.066751
0.53 0.198 0.0533714
0.53 0.204 0.0422058
0.53 0.21 0.0648796
0.53 0.216 0.0440219
0.53 0.222 0.0412446
0.53 0.228 0.0465834
0.53 0.234 0.0482199
0.53 0.24 0.0454132
0.53 0.246 0.0397057
0.53 0.252 0.0363016
0.53 0.258 0.0444734
0.53 0.264 0.036972
0.53 0.27 0.0297873
0.53 0.276 0.0208045
0.53 0.282 0.0237845
0.53 0.288 0.0283466
0.53 0.294 0.031225
0.53 0.3 0.0275215
0.53 0.306 0.0177816
0.53 0.312 0.0252476
0.53 0.318 0.0162143
0.53 0.324 0.0378648
0.53 0.33 0.0061855
0.53 0.336 0.0288131
0.53 0.342 0.0253834
0.53 0.348 0.0267769
0.53 0.354 0.0127451
0.53 0.36 0.025034
0.53 0.366 0.0342785
0.53 0.372 0.0172202
0.53 0.378 0.00657624
0.53 0.384 0.0286779
0.53 0.39 0.0132692
0.53 0.396 0.0111565
0.53 0.402 0.0215591
0.53 0.408 0.00593685
0.53 0.414 0.0132819
0.53 0.42 0.00412097
0.53 0.426 0.0434101
0.53 0.432 0.0160661
0.53 0.438 0.00307883
0.53 0.444 0.000153709
0.53 0.45 0.0156624
0.53 0.456 0.0332836
0.53 0.462 0.0401244
0.53 0.468 0.0284721
0.53 0.474 0.000614653
0.53 0.48 0.00468352
0.53 0.486 0.00712567
0.53 0.492 0.0358986
0.53 0.498 0.00605
0.53 0.504 0.00299749
0.53 0.51 0.0118401
0.53 0.516 0.0151852
0.53 0.522 0.0325173
0.53 0.528 0.0163708
0.53 0.534 0.0122037
0.53 0.54 0.0707061
0.53 0.546 0.012332
0.53 0.552 0.0103431
0.53 0.558 0.0284672
0.53 0.564 0.00222284
0.53 0.57 0.00310051
0.53 0.576 0.01322
0.53 0.582 0.011081
0.53 0.588 0.0159035
0.53 0.594 0.0036484
0.53 0.6 0.00437418
0.535 0 0.00289809
0.535 0.006 0.00328964
0.535 0.012 0.00250349
0.535 0.018 0.00351323
0.535 0.024 0.00697226
0.535 0.03 0.0134516
0.535 0.036 0.0110979
0.535 0.042 0.00177134
0.535 0.048 0.019301
0.535 0.054 0.0163939
0.535 0.06 0.0188113
0.535 0.066 0.0381285
0.535 0.072 0.0359561
0.535 0.078 0.019805
0.535 0.084 0.0414502
0.535 0.09 0.0658502
0.535 0.096 0.0787485
0.535 0.102 0.0533409
0.535 0.108 0.049846
0.535 0.114 0.0555192
0.535 0.12 0.067753
0.535 0.126 0.0566832
0.535 0.132 0.0636881
0.535 0.138 0.0624471
0.535 0.144 0.0588142
0.535 0.15 0.0462147
0.535 0.156 0.0850771
0.535 0.162 0.0551756
0.535 0.168 0.0650059
0.535 0.174 0.0543812
0.535 0.18 0.0607385
0.535 0.186 0.0391537
0.535 0.192 0.0610696
0.535 0.198 0.0531949
0.535 0.204 0.0454954
0.535 0.21 0.0710209
0.535 0.216 0.0497578
0.535 0.222 0.0489175
0.535 0.228 0.0498841
0.535 0.234 0.0481848
0.535 0.24 0.0462513
0.535 0.246 0.0429423
0.535 0.252 0.040393
0.535 0.258 0.0523629
0.535 0.264 0.0403318
0.535 0.27 0.0317001
0.535 0.276 0.0262421
0.535 0.282 0.0307552
0.535 0.288 0.027863
0.535 0.294 0.0309195
0.535 0.3 0.0316559
0.535 0.306 0.0218923
0.535 0.312 0.0277046
0.535 0.318 0.016075
0.535 0.324 0.0420787
0.535 0.33 0.00672052
0.535 0.336 0.0299624
0.535 0.342 0.0269907
0.535 0.348 0.0280471
0.535 0.354 0.0168108
0.535 0.36 0.0248042
0.535 0.366 0.0327072
0.535 0.372 0.0183392
0.535 0.378 0.0100026
0.535 0.384 0.0332657
0.535 0.39 0.0168483
0.535 0.396 0.0114663
0.535 0.402 0.0215968
0.535 0.408 0.0052517
0.535 0.414 0.0104081
0.535 0.42 0.00313266
0.535 0.426 0.0430959
0.535 0.432 0.0140002
0.535 0.438 0.00756114
0.535 0.444 0.00243556
0.535 0.45 0.0183145
0.535 0.456 0.0334486
0.535 0.462 0.0382104
0.535 0.468 0.029439
0.535 0.474 0.00287198
0.535 0.48 0.00959368
0.535 0.486 0.00751185
0.535 0.492 0.0397282
0.535 0.498 0.00462592
0.535 0.504 0.000964035
0.535 0.51 0.0178542
0.535 0.516 0.0154759
0.535 0.522 0.0333275
0.535 0.528 0.016717
0.535 0.534 0.0123779
0.535 0.54 0.0716128
0.535 0.546 0.0129474
0.535 0.552 0.00976916
0.535 0.558 0.0224173
0.535 0.564 0.000517177
0.535 0.57 7.9593e-05
0.535 0.576 0.0144034
0.535 0.582 0.0108625
0.535 0.588 0.0163057
0.535 0.594 0.00373741
0.535 0.6 0.00469772
0.54 0 0.00276278
0.54 0.006 0.00313142
0.54 0.012 0.00230876
0.54 0.018 0.00316874
0.54 0.024 0.00635778
0.54 0.03 0.0128742
0.54 0.036 0.0109823
0.54 0.042 0.00261661
0.54 0.048 0.0174798
0.54 0.054 0.0144366
0.54 0.06 0.0184649
0.54 0.066 0.0394138
0.54 0.072 0.0338873
0.54 0.078 0.0152539
0.54 0.084 0.04183
0.54 0.09 0.0551879
0.54 0.096 0.0743729
0.54 0.102 0.0481412
0.54 0.108 0.0486557
0.54 0.114 0.0519053
0.54 0.12 0.0692898
0.54 0.126 0.0507545
0.54 0.132 0.0569583
0.54 0.138 0.0599516
0.54 0.144 0.0567571
0.54 0.15 0.0468504
0.54 0.156 0.0751428
0.54 0.162 0.0607622
0.54 0.168 0.0620068
0.54 0.174 0.0566856
0.54 0.18 0.0647757
0.54 0.186 0.0457381
0.54 0.192 0.0555758
0.54 0.198 0.0542966
0.54 0.204 0.0505389
0.54 0.21 0.0727555
0.54 0.216 0.0513823
0.54 0.222 0.0571511
0.54 0.228 0.0521225
0.54 0.234 0.0475172
0.54 0.24 0.0480664
0.54 0.246 0.0479318
0.54 0.252 0.045941
0.54 0.258 0.0606067
0.54 0.264 0.0417382
0.54 0.27 0.03498
0.54 0.276 0.0299584
0.54 0.282 0.0369936
0.54 0.288 0.0270555
0.54 0.294 0.03077
0.54 0.3 0.0377426
0.54 0.306 0.02796
0.54 0.312 0.0272711
0.54 0.318 0.0163741
0.54 0.324 0.0476847
0.54 0.33 0.00933921
0.54 0.336 0.0317512
0.54 0.342 0.0294798
0.54 0.348 0.0279502
0.54 0.354 0.0189866
0.54 0.36 0.0266583
0.54 0.366 0.0296007
0.54 0.372 0.0202508
0.54 0.378 0.0138976
0.54 0.384 0.0369357
0.54 0.39 0.0207375
0.54 0.396 0.00887631
0.54 0.402 0.018607
0.54 0.408 0.00370711
0.54 0.414 0.0076872
0.54 0.42 0.00402673
0.54 0.426 0.0393758
0.54 0.432 0.0128783
0.54 0.438 0.0105917
0.54 0.444 0.00374383
0.54 0.45 0.0179273
0.54 0.456 0.0349862
0.54 0.462 0.0379329
0.54 0.468 0.0292447
0.54 0.474 0.00658011
0.54 0.48 0.0142055
0.54 0.486 0.00616591
0.54 0.492 0.0398258
0.54 0.498 0.0057275
0.54 0.504 0.00284739
0.54 0.51 0.0242883
0.54 0.516 0.0155027
0.54 0.522 0.0339555
0.54 0.528 0.019048
0.54 0.534 0.0114273
0.54 0.54 0.0717973
0.54 0.546 0.0107563
0.54 0.552 0.010362
0.54 0.558 0.0171394
0.54 0.564 0.0021069
0.54 0.57 0.00220257
0.54 0.576 0.0152526
0.54 0.582 0.0105225
0.54 0.588 0.0164756
0.54 0.594 0.00160947
0.54 0.6 0.00494469
0.545 0 0.00253326
0.545 0.006 0.0028923
0.545 0.012 0.00208609
0.545 0.018 0.00284577
0.545 0.024 0.0058159
0.545 0.03 0.0122482
0.545 0.036 0.0109211
0.545 0.042 0.00421967
0.545 0.048 0.0157794
0.545 0.054 0.0128665
0.545 0.06 0.0169529
0.545 0.066 0.0394757
0.545 0.072 0.0315251
0.545 0.078 0.00933331
0.545 0.084 0.0406224
0.545 0.09 0.0425256
0.545 0.096 0.0663488
0.545 0.102 0.042455
0.545 0.108 0.0455018
0.545 0.114 0.0487377
0.545 0.12 0.0676983
0.545 0.126 0.044691
0.545 0.132 0.0495728
0.545 0.138 0.0546892
0.545 0.144 0.0559614
0.545 0.15 0.0485266
0.545 0.156 0.065058
0.545 0.162 0.0646234
0.545 0.168 0.0604161
0.545 0.174 0.0583768
0.545 0.18 0.0654268
0.545 0.186 0.0545413
0.545 0.192 0.0518872
0.545 0.198 0.0561831
0.545 0.204 0.0538695
0.545 0.21 0.0703039
0.545 0.216 0.0485957
0.545 0.222 0.0624669
0.545 0.228 0.055493
0.545 0.234 0.047338
0.545 0.24 0.0520134
0.545 0.246 0.0516453
0.545 0.252 0.0515458
0.545 0.258 0.067023
0.545 0.264 0.0429575
0.545 0.27 0.038765
0.545 0.276 0.0307515
0.545 0.282 0.0411789
0.545 0.288 0.0267876
0.545 0.294 0.0319649
0.545 0.3 0.0432728
0.545 0.306 0.0341365
0.545 0.312 0.0250886
0.545 0.318 0.017472
0.545 0.324 0.0517317
0.545 0.33 0.0138965
0.545 0.336 0.0335183
0.545 0.342 0.0333445
0.545 0.348 0.0274059
0.545 0.354 0.0177679
0.545 0.36 0.0288493
0.545 0.366 0.0263591
0.545 0.372 0.0223252
0.545 0.378 0.0177495
0.545 0.384 0.0383552
0.545 0.39 0.0237856
0.545 0.396 0.00486913
0.545 0.402 0.0140109
0.545 0.408 0.00229966
0.545 0.414 0.00693949
0.545 0.42 0.00648044
0.545 0.426 0.0333951
0.545 0.432 0.0118158
0.545 0.438 0.010306
0.545 0.444 0.0037531
0.545 0.45 0.0154474
0.545 0.456 0.0369064
0.545 0.462 0.0387701
0.545 0.468 0.0286985
0.545 0.474 0.00798918
0.545 0.48 0.0177085
0.545 0.486 0.00280954
0.545 0.492 0.0371401
0.545 0.498 0.00771239
0.545 0.504 0.00689173
0.545 0.51 0.0305989
0.545 0.516 0.015708
0.545 0.522 0.0334714
0.545 0.528 0.0226977
0.545 0.534 0.0101261
0.545 0.54 0.0739017
0.545 0.546 0.00780906
0.545 0.552 0.0107249
0.545 0.558 0.0143343
0.545 0.564 0.00525985
0.545 0.57 0.0020197
0.545 0.576 0.0160718
0.545 0.582 0.0109909
0.545 0.588 0.0166588
0.545 0.594 0.00112055
0.545 0.6 0.00570387
0.55 0 0.00237924
0.55 0.006 0.00271505
0.55 0.012 0.00191916
0.55 0.018 0.00259656
0.55 0.024 0.00536709
0.55 0.03 0.0115892
0.55 0.036 0.0108891
0.55 0.042 0.00643072
0.55 0.048 0.0142373
0.55 0.054 0.0117907
0.55 0.06 0.0142185
0.55 0.066 0.0383258
0.55 0.072 0.0291116
0.55 0.078 0.0027634
0.55 0.084 0.0382128
0.55 0.09 0.0297711
0.55 0.096 0.0568731
0.55 0.102 0.0368824
0.55 0.108 0.0410878
0.55 0.114 0.0452985
0.55 0.12 0.0616634
0.55 0.126 0.0393608
0.55 0.132 0.0439713
0.55 0.138 0.0476737
0.55 0.144 0.0559518
0.55 0.15 0.0486981
0.55 0.156 0.0589411
0.55 0.162 0.0646645
0.55 0.168 0.0592188
0.55 0.174 0.0567224
0.55 0.18 0.0632354
0.55 0.186 0.0614498
0.55 0.192 0.0510529
0.55 0.198 0.0555649
0.55 0.204 0.0547597
0.55 0.21 0.0659368
0.55 0.216 0.0448045
0.55 0.222 0.0636218
0.55 0.228 0.0619319
0.55 0.234 0.0490914
0.55 0.24 0.0570491
0.55 0.246 0.0525705
0.55 0.252 0.0570426
0.55 0.258 0.069263
0.55 0.264 0.0462526
0.55 0.27 0.0425051
0.55 0.276 0.0302239
0.55 0.282 0.0440607
0.55 0.288 0.0277462
0.55 0.294 0.0348346
0.55 0.3 0.0461598
0.55 0.306 0.0375858
0.55 0.312 0.0237556
0.55 0.318 0.0196734
0.55 0.324 0.0516573
0.55 0.33 0.0185539
0.55 0.336 0.0350292
0.55 0.342 0.0371243
0.55 0.348 0.0279215
0.55 0.354 0.014859
0.55 0.36 0.0284063
0.55 0.366 0.0240547
0.55 0.372 0.0227821
0.55 0.378 0.0213151
0.55 0.384 0.0370387
0.55 0.39 0.0267441
0.55 0.396 0.00153635
0.55 0.402 0.0103299
0.55 0.408 0.00149652
0.55 0.414 0.00805696
0.55 0.42 0.00941689
0.55 0.426 0.0273725
0.55 0.432 0.011031
0.55 0.438 0.00824521
0.55 0.444 0.00382269
0.55 0.45 0.0130013
0.55 0.456 0.0386607
0.55 0.462 0.0399523
0.55 0.468 0.0281764
0.55 0.474 0.00641064
0.55 0.48 0.0200131
0.55 0.486 0.00173688
0.55 0.492 0.0343599
0.55 0.498 0.00970033
0.55 0.504 0.0089736
0.55 0.51 0.0358771
0.55 0.516 0.0159226
0.55 0.522 0.0320261
0.55 0.528 0.0252457
0.55 0.534 0.010047
0.55 0.54 0.0784065
0.55 0.546 0.00658599
0.55 0.552 0.00987595
0.55 0.558 0.0141026
0.55 0.564 0.00784101
0.55 0.57 0.000548891
0.55 0.576 0.0170755
0.55 0.582 0.0126195
0.55 0.588 0.0177102
0.55 0.594 0.00273917
0.55 0.6 0.00702592
0.555 0 0.00233434
0.555 0.006 0.00262891
0.555 0.012 0.00182208
0.555 0.018 0.00242571
0.555 0.024 0.00499355
0.555 0.03 0.0108889
0.555 0.036 0.0108585
0.555 0.042 0.0090546
0.555 0.048 0.0128627
0.555 0.054 0.0112752
0.555 0.06 0.0104286
0.555 0.066 0.0362034
0.555 0.072 0.0266893
0.555 0.078 0.00355947
0.555 0.084 0.0350843
0.555 0.09 0.0192446
0.555 0.096 0.0482853
0.555 0.102 0.0322094
0.555 0.108 0.0361555
0.555 0.114 0.0411223
0.555 0.12 0.0512563
0.555 0.126 0.0350916
0.555 0.132 0.0409896
0.555 0.138 0.0401067
0.555 0.144 0.0557013
0.555 0.15 0.0463717
0.555 0.156 0.0565234
0.555 0.162 0.0596957
0.555 0.168 0.0584829
0.555 0.174 0.0511547
0.555 0.18 0.0604047
0.555 0.186 0.0620375
0.555 0.192 0.0537349
0.555 0.198 0.0505384
0.555 0.204 0.0552797
0.555 0.21 0.0612887
0.555 0.216 0.0435319
0.555 0.222 0.0627428
0.555 0.228 0.0704858
0.555 0.234 0.053006
0.555 0.24 0.0609003
0.555 0.246 0.05232
0.555 0.252 0.0620145
0.555 0.258 0.0665868
0.555 0.264 0.0513584
0.555 0.27 0.0461577
0.555 0.276 0.0300939
0.555 0.282 0.0468063
0.555 0.288 0.029802
0.555 0.294 0.038518
0.555 0.3 0.04544
0.555 0.306 0.0367646
0.555 0.312 0.0248973
0.555 0.318 0.0226497
0.555 0.324 0.0476344
0.555 0.33 0.0211678
0.555 0.336 0.0365851
0.555 0.342 0.0384755
0.555 0.348 0.0303358
0.555 0.354 0.013142
0.555 0.36 0.0241216
0.555 0.366 0.0235795
0.555 0.372 0.0208885
0.555 0.378 0.0246943
0.555 0.384 0.0344568
0.555 0.39 0.031035
0.555 0.396 0.000718056
0.555 0.402 0.00919897
0.555 0.408 0.00165793
0.555 0.414 0.00893766
0.555 0.42 0.0113098
0.555 0.426 0.0228181
0.555 0.432 0.0114122
0.555 0.438 0.0066213
0.555 0.444 0.00516283
0.555 0.45 0.0122391
0.555 0.456 0.0395911
0.555 0.462 0.0405815
0.555 0.468 0.0270043
0.555 0.474 0.00326623
0.555 0.48 0.0215324
0.555 0.486 0.00527916
0.555 0.492 0.0334504
0.555 0.498 0.0120828
0.555 0.504 0.00784447
0.555 0.51 0.0397141
0.555 0.516 0.0149422
0.555 0.522 0.0303311
0.555 0.528 0.0246473
0.555 0.534 0.0121651
0.555 0.54 0.0824237
0.555 0.546 0.00796287
0.555 0.552 0.00849516
0.555 0.558 0.0149306
0.555 0.564 0.00864913
0.555 0.57 0.00410081
0.555 0.576 0.0175955
0.555 0.582 0.0143992
0.555 0.588 0.0199839
0.555 0.594 0.00287957
0.555 0.6 0.00810212
0.56 0 0.00223411
0.56 0.006 0.00249749
0.56 0.012 0.00170661
0.56 0.018 0.00227132
0.56 0.024 0.00463295
0.56 0.03 0.0101132
0.56 0.036 0.010797
0.56 0.042 0.0118701
0.56 0.048 0.0116468
0.56 0.054 0.0113189
0.56 0.06 0.00592286
0.56 0.066 0.0334363
0.56 0.072 0.0240898
0.56 0.078 0.00876713
0.56 0.084 0.0314815
0.56 0.09 0.0126313
0.56 0.096 0.0420513
0.56 0.102 0.0291027
0.56 0.108 0.0313018
0.56 0.114 0.0362385
0.56 0.12 0.0382051
0.56 0.126 0.0313799
0.56 0.132 0.0393993
0.56 0.138 0.032997
0.56 0.144 0.0536472
0.56 0.15 0.0425187
0.56 0.156 0.0550146
0.56 0.162 0.0505853
0.56 0.168 0.0583456
0.56 0.174 0.0431934
0.56 0.18 0.0582985
0.56 0.186 0.0551814
0.56 0.192 0.0591004
0.56 0.198 0.0438076
0.56 0.204 0.0566077
0.56 0.21 0.0566501
0.56 0.216 0.0449175
0.56 0.222 0.0630706
0.56 0.228 0.0772748
0.56 0.234 0.057483
0.56 0.24 0.0620005
0.56 0.246 0.0539638
0.56 0.252 0.0646461
0.56 0.258 0.0616117
0.56 0.264 0.0553397
0.56 0.27 0.0494379
0.56 0.276 0.0301086
0.56 0.282 0.0492359
0.56 0.288 0.032191
0.56 0.294 0.0421162
0.56 0.3 0.0422888
0.56 0.306 0.0333297
0.56 0.312 0.0279013
0.56 0.318 0.025624
0.56 0.324 0.0425908
0.56 0.33 0.0210544
0.56 0.336 0.0384845
0.56 0.342 0.0365039
0.56 0.348 0.0337493
0.56 0.354 0.0138362
0.56 0.36 0.0178354
0.56 0.366 0.0256497
0.56 0.372 0.0182163
0.56 0.378 0.0279697
0.56 0.384 0.0335469
0.56 0.39 0.03673
0.56 0.396 0.00296537
0.56 0.402 0.0106352
0.56 0.408 0.003579
0.56 0.414 0.00745749
0.56 0.42 0.0113517
0.56 0.426 0.0204283
0.56 0.432 0.0133057
0.56 0.438 0.00549263
0.56 0.444 0.00747119
0.56 0.45 0.0131473
0.56 0.456 0.0387439
0.56 0.462 0.0401401
0.56 0.468 0.0244196
0.56 0.474 0.000483565
0.56 0.48 0.0225236
0.56 0.486 0.0054613
0.56 0.492 0.034101
0.56 0.498 0.0146133
0.56 0.504 0.00430131
0.56 0.51 0.0428219
0.56 0.516 0.0127711
0.56 0.522 0.0290212
0.56 0.528 0.0209318
0.56 0.534 0.0157671
0.56 0.54 0.0824941
0.56 0.546 0.0109957
0.56 0.552 0.00779914
0.56 0.558 0.0150997
0.56 0.564 0.00779483
0.56 0.57 0.00620065
0.56 0.576 0.0163725
0.56 0.582 0.0149721
0.56 0.588 0.0226472
0.56 0.594 0.00228167
0.56 0.6 0.00819075
0.565 0 0.00204127
0.565 0.006 0.00229015
0.565 0.012 0.00154974
0.565 0.018 0.00211043
0.565 0.024 0.00425481
0.565 0.03 0.00925658
0.565 0.036 0.0107045
0.565 0.042 0.0146765
0.565 0.048 0.010584
0.565 0.054 0.0118633
0.565 0.06 0.00111299
0.565 0.066 0.0303356
0.565 0.072 0.0211295
0.565 0.078 0.012171
0.565 0.084 0.0274077
0.565 0.09 0.0100941
0.565 0.096 0.0381014
0.565 0.102 0.0275715
0.565 0.108 0.0271304
0.565 0.114 0.0311971
0.565 0.12 0.0253499
0.565 0.126 0.0273955
0.565 0.132 0.0373908
0.565 0.138 0.0273053
0.565 0.144 0.0487473
0.565 0.15 0.0389894
0.565 0.156 0.0526186
0.565 0.162 0.0405022
0.565 0.168 0.0579119
0.565 0.174 0.034885
0.565 0.18 0.0558152
0.565 0.186 0.0442049
0.565 0.192 0.0641403
0.565 0.198 0.0407638
0.565 0.204 0.0569183
0.565 0.21 0.0525252
0.565 0.216 0.0462734
0.565 0.222 0.0654417
0.565 0.228 0.0783473
0.565 0.234 0.0602679
0.565 0.24 0.0603931
0.565 0.246 0.0587533
0.565 0.252 0.0630047
0.565 0.258 0.0589062
0.565 0.264 0.0556463
0.565 0.27 0.0512648
0.565 0.276 0.0292344
0.565 0.282 0.0500461
0.565 0.288 0.0343578
0.565 0.294 0.0458012
0.565 0.3 0.0400537
0.565 0.306 0.0311813
0.565 0.312 0.0312805
0.565 0.318 0.0283397
0.565 0.324 0.0396711
0.565 0.33 0.0194181
0.565 0.336 0.0407328
0.565 0.342 0.0326432
0.565 0.348 0.0364203
0.565 0.354 0.0157297
0.565 0.36 0.0127498
0.565 0.366 0.029496
0.565 0.372 0.0173624
0.565 0.378 0.0307741
0.565 0.384 0.0359461
0.565 0.39 0.042915
0.565 0.396 0.00574269
0.565 0.402 0.0135217
0.565 0.408 0.00794861
0.565 0.414 0.0035139
0.565 0.42 0.0101505
0.565 0.426 0.0208745
0.565 0.432 0.0163015
0.565 0.438 0.00475637
0.565 0.444 0.009768
0.565 0.45 0.0140618
0.565 0.456 0.0359077
0.565 0.462 0.0391012
0.565 0.468 0.0211599
0.565 0.474 0.00108205
0.565 0.48 0.0227711
0.565 0.486 0.00202231
0.565 0.492 0.0342536
0.565 0.498 0.0157697
0.565 0.504 0.000934182
0.565 0.51 0.0455298
0.565 0.516 0.0111409
0.565 0.522 0.0290449
0.565 0.528 0.0157439
0.565 0.534 0.018921
0.565 0.54 0.078114
0.565 0.546 0.0136568
0.565 0.552 0.0077229
0.565 0.558 0.0144668
0.565 0.564 0.00677863
0.565 0.57 0.0053336
0.565 0.576 0.0128637
0.565 0.582 0.0142623
0.565 0.588 0.0242772
0.565 0.594 0.00155369
0.565 0.6 0.007361
0.57 0 0.00191362
0.57 0.006 0.00213886
0.57 0.012 0.00142965
0.57 0.018 0.00198209
0.57 0.024 0.00387942
0.57 0.03 0.00835595
0.57 0.036 0.010618
0.57 0.042 0.0173013
0.57 0.048 0.00967247
0.57 0.054 0.0127825
0.57 0.06 0.0036131
0.57 0.066 0.027161
0.57 0.072 0.0178345
0.57 0.078 0.0133744
0.57 0.084 0.0228669
0.57 0.09 0.0101801
0.57 0.096 0.0349274
0.57 0.102 0.0267504
0.57 0.108 0.0242882
0.57 0.114 0.0269061
0.57 0.12 0.0154343
0.57 0.126 0.0229194
0.57 0.132 0.0345319
0.57 0.138 0.0239733
0.57 0.144 0.0417287
0.57 0.15 0.0374932
0.57 0.156 0.0496704
0.57 0.162 0.0331851
0.57 0.168 0.0562701
0.57 0.174 0.0278359
0.57 0.18 0.0507056
0.57 0.186 0.0342602
0.57 0.192 0.0653837
0.57 0.198 0.0440946
0.57 0.204 0.0538406
0.57 0.21 0.050667
0.57 0.216 0.0453779
0.57 0.222 0.0674708
0.57 0.228 0.072837
0.57 0.234 0.0603899
0.57 0.24 0.0573823
0.57 0.246 0.0647672
0.57 0.252 0.0581256
0.57 0.258 0.0610864
0.57 0.264 0.0527948
0.57 0.27 0.0505846
0.57 0.276 0.0279831
0.57 0.282 0.0484845
0.57 0.288 0.0364737
0.57 0.294 0.0503029
0.57 0.3 0.0421101
0.57 0.306 0.033248
0.57 0.312 0.0346346
0.57 0.318 0.0313114
0.57 0.324 0.0397329
0.57 0.33 0.0181704
0.57 0.336 0.0432317
0.57 0.342 0.0294763
0.57 0.348 0.0379835
0.57 0.354 0.0169112
0.57 0.36 0.010728
0.57 0.366 0.0325957
0.57 0.372 0.0194475
0.57 0.378 0.0325567
0.57 0.384 0.0401809
0.57 0.39 0.0490703
0.57 0.396 0.00834868
0.57 0.402 0.0163625
0.57 0.408 0.014208
0.57 0.414 0.000993981
0.57 0.42 0.00881099
0.57 0.426 0.0242911
0.57 0.432 0.0195229
0.57 0.438 0.0061563
0.57 0.444 0.0119082
0.57 0.45 0.0130641
0.57 0.456 0.0324767
0.57 0.462 0.0384834
0.57 0.468 0.0193306
0.57 0.474 0.00175244
0.57 0.48 0.0220906
0.57 0.486 0.00269061
0.57 0.492 0.0321753
0.57 0.498 0.0145372
0.57 0.504 0.000402293
0.57 0.51 0.0469492
0.57 0.516 0.0109404
0.57 0.522 0.0314767
0.57 0.528 0.0109088
0.57 0.534 0.0200412
0.57 0.54 0.0717846
0.57 0.546 0.0140347
0.57 0.552 0.00720796
0.57 0.558 0.0142814
0.57 0.564 0.00686872
0.57 0.57 0.00239662
0.57 0.576 0.00826151
0.57 0.582 0.0136072
0.57 0.588 0.0240439
0.57 0.594 0.000745146
0.57 0.6 0.0060047
0.575 0 0.00189035
0.575 0.006 0.00207661
0.575 0.012 0.0013641
0.575 0.018 0.00188728
0.575 0.024 0.00351229
0.575 0.03 0.00744459
0.575 0.036 0.0105672
0.575 0.042 0.0195754
0.575 0.048 0.00890393
0.575 0.054 0.0138667
0.575 0.06 0.00794441
0.575 0.066 0.0241302
0.575 0.072 0.0145161
0.575 0.078 0.012358
0.575 0.084 0.0181367
0.575 0.09 0.0107394
0.575 0.096 0.0303531
0.575 0.102 0.0253193
0.575 0.108 0.0232397
0.575 0.114 0.0242168
0.575 0.12 0.00988696
0.575 0.126 0.0187418
0.575 0.132 0.032239
0.575 0.138 0.0233455
0.575 0.144 0.0350553
0.575 0.15 0.038635
0.575 0.156 0.0469235
0.575 0.162 0.0302263
0.575 0.168 0.0541081
0.575 0.174 0.0232884
0.575 0.18 0.0427011
0.575 0.186 0.0284815
0.575 0.192 0.0618921
0.575 0.198 0.0508049
0.575 0.204 0.0478445
0.575 0.21 0.0526933
0.575 0.216 0.0423221
0.575 0.222 0.0665102
0.575 0.228 0.0636944
0.575 0.234 0.0589284
0.575 0.24 0.0547299
0.575 0.246 0.0687662
0.575 0.252 0.0549359
0.575 0.258 0.0668744
0.575 0.264 0.0497189
0.575 0.27 0.0478519
0.575 0.276 0.0281096
0.575 0.282 0.0452935
0.575 0.288 0.0389906
0.575 0.294 0.0554132
0.575 0.3 0.0490378
0.575 0.306 0.0392218
0.575 0.312 0.0386572
0.575 0.318 0.0346455
0.575 0.324 0.041326
0.575 0.33 0.0184849
0.575 0.336 0.0458989
0.575 0.342 0.0289931
0.575 0.348 0.0400415
0.575 0.354 0.0169516
0.575 0.36 0.0113064
0.575 0.366 0.0331398
0.575 0.372 0.0231101
0.575 0.378 0.0333067
0.575 0.384 0.0434592
0.575 0.39 0.0547308
0.575 0.396 0.010003
0.575 0.402 0.0179276
0.575 0.408 0.0203666
0.575 0.414 0.00400603
0.575 0.42 0.00789943
0.575 0.426 0.0293339
0.575 0.432 0.0218091
0.575 0.438 0.0102923
0.575 0.444 0.0143857
0.575 0.45 0.00986171
0.575 0.456 0.0305313
0.575 0.462 0.0387301
0.575 0.468 0.0203391
0.575 0.474 0.00207769
0.575 0.48 0.0209794
0.575 0.486 0.00607977
0.575 0.492 0.0281059
0.575 0.498 0.0116741
0.575 0.504 0.00322261
0.575 0.51 0.0466419
0.575 0.516 0.0111873
0.575 0.522 0.0359995
0.575 0.528 0.00798397
0.575 0.534 0.0190085
0.575 0.54 0.0664071
0.575 0.546 0.0118854
0.575 0.552 0.00595309
0.575 0.558 0.0151311
0.575 0.564 0.00800205
0.575 0.57 0.000498715
0.575 0.576 0.00506318
0.575 0.582 0.0141692
0.575 0.588 0.0222192
0.575 0.594 1.35962e-05
0.575 0.6 0.00415375
0.58 0 0.00181872
0.58 0.006 0.00197615
0.58 0.012 0.00127208
0.58 0.018 0.00176652
0.58 0.024 0.00312743
0.58 0.03 0.00653588
0.58 0.036 0.0105531
0.58 0.042 0.0213419
0.58 0.048 0.00826998
0.58 0.054 0.0148558
0.58 0.06 0.0116711
0.58 0.066 0.0214401
0.58 0.072 0.0116536
0.58 0.078 0.00952468
0.58 0.084 0.0138776
0.58 0.09 0.0102732
0.58 0.096 0.0227451
0.58 0.102 0.0223212
0.58 0.108 0.0239753
0.58 0.114 0.0233403
0.58 0.12 0.00836873
0.58 0.126 0.0160757
0.58 0.132 0.0323483
0.58 0.138 0.0244551
0.58 0.144 0.0312046
0.58 0.15 0.0409573
0.58 0.156 0.0437427
0.58 0.162 0.029978
0.58 0.168 0.0529833
0.58 0.174 0.0220379
0.58 0.18 0.0349068
0.58 0.186 0.0265469
0.58 0.192 0.0560073
0.58 0.198 0.0550921
0.58 0.204 0.0419639
0.58 0.21 0.0579818
0.58 0.216 0.0387512
0.58 0.222 0.0629044
0.58 0.228 0.0556131
0.58 0.234 0.0578874
0.58 0.24 0.0537396
0.58 0.246 0.0689723
0.58 0.252 0.0581029
0.58 0.258 0.0731248
0.58 0.264 0.0488062
0.58 0.27 0.0451902
0.58 0.276 0.030001
0.58 0.282 0.0420149
0.58 0.288 0.0417625
0.58 0.294 0.0596124
0.58 0.3 0.0579898
0.58 0.306 0.0462535
0.58 0.312 0.0436611
0.58 0.318 0.0370576
0.58 0.324 0.0428392
0.58 0.33 0.0204038
0.58 0.336 0.048536
0.58 0.342 0.0315354
0.58 0.348 0.0438304
0.58 0.354 0.0172667
0.58 0.36 0.0128625
0.58 0.366 0.032227
0.58 0.372 0.0259977
0.58 0.378 0.0335802
0.58 0.384 0.0446862
0.58 0.39 0.0587037
0.58 0.396 0.0107555
0.58 0.402 0.0178271
0.58 0.408 0.0242561
0.58 0.414 0.00498113
0.58 0.42 0.00784584
0.58 0.426 0.0341403
0.58 0.432 0.0225314
0.58 0.438 0.0139595
0.58 0.444 0.0172141
0.58 0.45 0.00637048
0.58 0.456 0.0308777
0.58 0.462 0.039545
0.58 0.468 0.0235244
0.58 0.474 0.00214905
0.58 0.48 0.0203124
0.58 0.486 0.00767974
0.58 0.492 0.023874
0.58 0.498 0.00886623
0.58 0.504 0.00711763
0.58 0.51 0.0454601
0.58 0.516 0.0113152
0.58 0.522 0.0403739
0.58 0.528 0.00845819
0.58 0.534 0.0169717
0.58 0.54 0.0639114
0.58 0.546 0.00905744
0.58 0.552 0.00467403
0.58 0.558 0.0160273
0.58 0.564 0.00944242
0.58 0.57 0.00227002
0.58 0.576 0.00534871
0.58 0.582 0.015557
0.58 0.588 0.0197187
0.58 0.594 0.00016564
0.58 0.6 0.00183725
0.585 0 0.00165653
0.585 0.006 0.00180228
0.585 0.012 0.00112996
0.585 0.018 0.0015996
0.585 0.024 0.00272827
0.585 0.03 0.00566077
0.585 0.036 0.0105733
0.585 0.042 0.0224964
0.585 0.048 0.00777541
0.585 0.054 0.0155116
0.585 0.06 0.0146916
0.585 0.066 0.0192896
0.585 0.072 0.00967006
0.585 0.078 0.00567054
0.585 0.084 0.0109593
0.585 0.09 0.00870865
0.585 0.096 0.0122492
0.585 0.102 0.0178668
0.585 0.108 0.0259453
0.585 0.114 0.0235559
0.585 0.12 0.00934892
0.585 0.126 0.0156092
0.585 0.132 0.0353445
0.585 0.138 0.0252792
0.585 0.144 0.0305944
0.585 0.15 0.0415012
0.585 0.156 0.0386376
0.585 0.162 0.0294291
0.585 0.168 0.0528228
0.585 0.174 0.0237824
0.585 0.18 0.0315597
0.585 0.186 0.026444
0.585 0.192 0.0504685
0.585 0.198 0.0539605
0.585 0.204 0.0387094
0.585 0.21 0.0637842
0.585 0.216 0.0366635
0.585 0.222 0.0596231
0.585 0.228 0.0519935
0.585 0.234 0.0583507
0.585 0.24 0.0544834
0.585 0.246 0.066005
0.585 0.252 0.0665221
0.585 0.258 0.0776849
0.585 0.264 0.0499468
0.585 0.27 0.04468
0.585 0.276 0.0317639
0.585 0.282 0.0398731
0.585 0.288 0.0438218
0.585 0.294 0.0615038
0.585 0.3 0.0648923
0.585 0.306 0.0514772
0.585 0.312 0.0488078
0.585 0.318 0.0368502
0.585 0.324 0.0443276
0.585 0.33 0.0234508
0.585 0.336 0.0508118
0.585 0.342 0.035736
0.585 0.348 0.0478123
0.585 0.354 0.019358
0.585 0.36 0.0141749
0.585 0.366 0.032445
0.585 0.372 0.0270219
0.585 0.378 0.033734
0.585 0.384 0.0448098
0.585 0.39 0.0602007
0.585 0.396 0.0111409
0.585 0.402 0.0168304
0.585 0.408 0.0250932
0.585 0.414 0.00511443
0.585 0.42 0.00942457
0.585 0.426 0.0381845
0.585 0.432 0.0226788
0.585 0.438 0.0138427
0.585 0.444 0.0200095
0.585 0.45 0.00518896
0.585 0.456 0.0323583
0.585 0.462 0.0407167
0.585 0.468 0.0271505
0.585 0.474 0.0018101
0.585 0.48 0.0203052
0.585 0.486 0.00875282
0.585 0.492 0.0210765
0.585 0.498 0.00745944
0.585 0.504 0.00915475
0.585 0.51 0.0436431
0.585 0.516 0.0123243
0.585 0.522 0.0422673
0.585 0.528 0.0128961
0.585 0.534 0.0151867
0.585 0.54 0.0655757
0.585 0.546 0.00759833
0.585 0.552 0.00353627
0.585 0.558 0.0159867
0.585 0.564 0.01081
0.585 0.57 0.00302495
0.585 0.576 0.00909684
0.585 0.582 0.0162722
0.585 0.588 0.0174165
0.585 0.594 0.000700403
0.585 0.6 0.00015533
0.59 0 0.00155032
0.59 0.006 0.0016775
0.59 0.012 0.00101296
0.59 0.018 0.00143348
0.59 0.024 0.00235882
0.59 0.03 0.00487329
0.59 0.036 0.0106265
0.59 0.042 0.0229963
0.59 0.048 0.0074319
0.59 0.054 0.0156655
0.59 0.06 0.016984
0.59 0.066 0.0178634
0.59 0.072 0.00874092
0.59 0.078 0.00184247
0.59 0.084 0.0100767
0.59 0.09 0.00707813
0.59 0.096 0.00114526
0.59 0.102 0.0132333
0.59 0.108 0.0283151
0.59 0.114 0.0236167
0.59 0.12 0.0112072
0.59 0.126 0.0171428
0.59 0.132 0.039996
0.59 0.138 0.0242753
0.59 0.144 0.0311155
0.59 0.15 0.0382972
0.59 0.156 0.0315902
0.59 0.162 0.0272366
0.59 0.168 0.0513145
0.59 0.174 0.0270098
0.59 0.18 0.0343183
0.59 0.186 0.0268785
0.59 0.192 0.0452284
0.59 0.198 0.0493397
0.59 0.204 0.0382904
0.59 0.21 0.0675402
0.59 0.216 0.0377272
0.59 0.222 0.0587579
0.59 0.228 0.0531696
0.59 0.234 0.0595928
0.59 0.24 0.0558084
0.59 0.246 0.0618122
0.59 0.252 0.0737922
0.59 0.258 0.0798206
0.59 0.264 0.0513126
0.59 0.27 0.0466057
0.59 0.276 0.0316994
0.59 0.282 0.039576
0.59 0.288 0.0441221
0.59 0.294 0.0613581
0.59 0.3 0.0672477
0.59 0.306 0.0539294
0.59 0.312 0.0526238
0.59 0.318 0.0339074
0.59 0.324 0.0471004
0.59 0.33 0.0272737
0.59 0.336 0.0524247
0.59 0.342 0.0395482
0.59 0.348 0.0488337
0.59 0.354 0.0229065
0.59 0.36 0.0149293
0.59 0.366 0.0347785
0.59 0.372 0.0270233
0.59 0.378 0.0336637
0.59 0.384 0.0448214
0.59 0.39 0.0600978
0.59 0.396 0.0115302
0.59 0.402 0.016575
0.59 0.408 0.0239789
0.59 0.414 0.0062387
0.59 0.42 0.0127914
0.59 0.426 0.0420328
0.59 0.432 0.0241836
0.59 0.438 0.0111507
0.59 0.444 0.022879
0.59 0.45 0.00743938
0.59 0.456 0.0333011
0.59 0.462 0.042292
0.59 0.468 0.0301103
0.59 0.474 0.00130643
0.59 0.48 0.0202453
0.59 0.486 0.0103604
0.59 0.492 0.0199629
0.59 0.498 0.00795066
0.59 0.504 0.00885635
0.59 0.51 0.0401105
0.59 0.516 0.0147461
0.59 0.522 0.041109
0.59 0.528 0.0194023
0.59 0.534 0.0138818
0.59 0.54 0.0711998
0.59 0.546 0.00747131
0.59 0.552 0.00147512
0.59 0.558 0.0155909
0.59 0.564 0.0121995
0.59 0.57 0.00269987
0.59 0.576 0.0139852
0.59 0.582 0.0154246
0.59 0.588 0.0158597
0.59 0.594 0.00227329
0.59 0.6 0.000468571
0.595 0 0.00154403
0.595 0.006 0.00163886
0.595 0.012 0.00094484
0.595 0.018 0.00128798
0.595 0.024 0.00203702
0.595 0.03 0.00420247
0.595 0.036 0.0106793
0.595 0.042 0.0228357
0.595 0.048 0.0072419
0.595 0.054 0.0152349
0.595 0.06 0.0185437
0.595 0.066 0.017246
0.595 0.072 0.00873536
0.595 0.078 0.000946788
0.595 0.084 0.0114083
0.595 0.09 0.00646823
0.595 0.096 0.00738723
0.595 0.102 0.0101434
0.595 0.108 0.0302857
0.595 0.114 0.0225596
0.595 0.12 0.0130065
0.595 0.126 0.0200155
0.595 0.132 0.0444426
0.595 0.138 0.021829
0.595 0.144 0.0298797
0.595 0.15 0.0322114
0.595 0.156 0.0251658
0.595 0.162 0.0246974
0.595 0.168 0.04645
0.595 0.174 0.0300612
0.595 0.18 0.0408179
0.595 0.186 0.0277406
0.595 0.192 0.0382843
0.595 0.198 0.044702
0.595 0.204 0.0395424
0.595 0.21 0.0684396
0.595 0.216 0.0420474
0.595 0.222 0.0590879
0.595 0.228 0.0568888
0.595 0.234 0.0597988
0.595 0.24 0.0562359
0.595 0.246 0.0582531
0.595 0.252 0.0751747
0.595 0.258 0.0791672
0.595 0.264 0.0515382
0.595 0.27 0.0496118
0.595 0.276 0.0308909
0.595 0.282 0.0417565
0.595 0.288 0.0424747
0.595 0.294 0.0609792
0.595 0.3 0.0652716
0.595 0.306 0.0545988
0.595 0.312 0.0538747
0.595 0.318 0.0301843
0.595 0.324 0.0516607
0.595 0.33 0.0317023
0.595 0.336 0.0531373
0.595 0.342 0.0418872
0.595 0.348 0.0460017
0.595 0.354 0.025975
0.595 0.36 0.0154182
0.595 0.366 0.0379571
0.595 0.372 0.0274469
0.595 0.378 0.0335186
0.595 0.384 0.0446426
0.595 0.39 0.0596473
0.595 0.396 0.0118687
0.595 0.402 0.0185041
0.595 0.408 0.0229255
0.595 0.414 0.00923076
0.595 0.42 0.0167432
0.595 0.426 0.0454085
0.595 0.432 0.027556
0.595 0.438 0.00945451
0.595 0.444 0.0263566
0.595 0.45 0.0121438
0.595 0.456 0.0334141
0.595 0.462 0.0438558
0.595 0.468 0.0321718
0.595 0.474 0.00146281
0.595 0.48 0.0195391
0.595 0.486 0.0127203
0.595 0.492 0.0200115
0.595 0.498 0.00971024
0.595 0.504 0.00870768
0.595 0.51 0.035188
0.595 0.516 0.0174692
0.595 0.522 0.0378612
0.595 0.528 0.0239322
0.595 0.534 0.0121284
0.595 0.54 0.0773605
0.595 0.546 0.00686691
0.595 0.552 0.00236563
0.595 0.558 0.0162164
0.595 0.564 0.0138751
0.595 0.57 0.00102066
0.595 0.576 0.0170381
0.595 0.582 0.0137806
0.595 0.588 0.015269
0.595 0.594 0.00371775
0.595 0.6 0.00168622
0.6 0 0.00149578
0.6 0.006 0.00156834
0.6 0.012 0.000853879
0.6 0.018 0.00112561
0.6 0.024 0.00173588
0.6 0.03 0.00363646
0.6 0.036 0.0106595
0.6 0.042 0.022043
0.6 0.048 0.00720112
0.6 0.054 0.0142489
0.6 0.06 0.0193284
0.6 0.066 0.0173169
0.6 0.072 0.00930164
0.6 0.078 0.00209167
0.6 0.084 0.0145449
0.6 0.09 0.00707316
0.6 0.096 0.0113819
0.6 0.102 0.00964495
0.6 0.108 0.0311636
0.6 0.114 0.0201294
0.6 0.12 0.014481
0.6 0.126 0.0236538
0.6 0.132 0.0473278
0.6 0.138 0.0198263
0.6 0.144 0.0256882
0.6 0.15 0.0260268
0.6 0.156 0.022381
0.6 0.162 0.0237195
0.6 0.168 0.0390423
0.6 0.174 0.0322836
0.6 0.18 0.0465988
0.6 0.186 0.0288935
0.6 0.192 0.0298141
0.6 0.198 0.0407617
0.6 0.204 0.0414493
0.6 0.21 0.0666137
0.6 0.216 0.0469857
0.6 0.222 0.0574911
0.6 0.228 0.0602411
0.6 0.234 0.0576991
0.6 0.24 0.0549582
0.6 0.246 0.056288
0.6 0.252 0.0723042
0.6 0.258 0.075667
0.6 0.264 0.0508467
0.6 0.27 0.0523693
0.6 0.276 0.0322472
0.6 0.282 0.04687
0.6 0.288 0.0398057
0.6 0.294 0.062195
0.6 0.3 0.0610908
0.6 0.306 0.0550378
0.6 0.312 0.0523748
0.6 0.318 0.0280979
0.6 0.324 0.0564564
0.6 0.33 0.036401
0.6 0.336 0.0527562
0.6 0.342 0.0433624
0.6 0.348 0.0424621
0.6 0.354 0.0272405
0.6 0.36 0.0162626
0.6 0.366 0.0402298
0.6 0.372 0.0286921
0.6 0.378 0.0340636
0.6 0.384 0.0438063
0.6 0.39 0.0587507
0.6 0.396 0.0117913
0.6 0.402 0.0224836
0.6 0.408 0.0231604
0.6 0.414 0.0130762
0.6 0.42 0.0200432
0.6 0.426 0.0467954
0.6 0.432 0.0309617
0.6 0.438 0.00963854
0.6 0.444 0.0305773
0.6 0.45 0.0174214
0.6 0.456 0.0339597
0.6 0.462 0.0445344
0.6 0.468 0.0332314
0.6 0.474 0.00297502
0.6 0.48 0.0186071
0.6 0.486 0.0158322
0.6 0.492 0.0208845
0.6 0.498 0.0112596
0.6 0.504 0.0111955
0.6 0.51 0.0319874
0.6 0.516 0.0194319
0.6 0.522 0.0340784
0.6 0.528 0.0232578
0.6 0.534 0.00897934
0.6 0.54 0.078735
0.6 0.546 0.00458968
0.6 0.552 0.00712944
0.6 0.558 0.0183389
0.6 0.564 0.0160319
0.6 0.57 0.00134555
0.6 0.576 0.016819
0.6 0.582 0.0130127
0.6 0.588 0.0154825
0.6 0.594 0.00427296
0.6 0.6 0.00566111
0.605 0 0.00135851
0.605 0.006 0.00142689
0.605 0.012 0.000716907
0.605 0.018 0.000939065
0.605 0.024 0.0014441
0.605 0.03 0.00316436
0.605 0.036 0.0104984
0.605 0.042 0.020699
0.605 0.048 0.00731006
0.605 0.054 0.0128655
0.605 0.06 0.0192437
0.605 0.066 0.0177372
0.605 0.072 0.0100186
0.605 0.078 0.00168065
0.605 0.084 0.0186816
0.605 0.09 0.0079947
0.605 0.096 0.0112796
0.605 0.102 0.0115015
0.605 0.108 0.0302722
0.605 0.114 0.0165127
0.605 0.12 0.0155335
0.605 0.126 0.0275905
0.605 0.132 0.047969
0.605 0.138 0.0195071
0.605 0.144 0.0199966
0.605 0.15 0.0222447
0.605 0.156 0.0232617
0.605 0.162 0.0242525
0.605 0.168 0.0320882
0.605 0.174 0.0339477
0.605 0.18 0.0482089
0.605 0.186 0.0294674
0.605 0.192 0.0239657
0.605 0.198 0.0355918
0.605 0.204 0.0434439
0.605 0.21 0.0618716
0.605 0.216 0.0485764
0.605 0.222 0.0524587
0.605 0.228 0.0612813
0.605 0.234 0.0536549
0.605 0.24 0.0523056
0.605 0.246 0.0556878
0.605 0.252 0.0695157
0.605 0.258 0.0702829
0.605 0.264 0.0502149
0.605 0.27 0.0546059
0.605 0.276 0.0369948
0.605 0.282 0.0542856
0.605 0.288 0.0376566
0.605 0.294 0.0655698
0.605 0.3 0.0570909
0.605 0.306 0.055852
0.605 0.312 0.0495158
0.605 0.318 0.028728
0.605 0.324 0.0591402
0.605 0.33 0.0405973
0.605 0.336 0.0513929
0.605 0.342 0.0451265
0.605 0.348 0.0425434
0.605 0.354 0.0276172
0.605 0.36 0.0182168
0.605 0.366 0.0406137
0.605 0.372 0.0298549
0.605 0.378 0.0358141
0.605 0.384 0.0422703
0.605 0.39 0.0571739
0.605 0.396 0.0113486
0.605 0.402 0.0264039
0.605 0.408 0.0242114
0.605 0.414 0.0156752
0.605 0.42 0.0228751
0.605 0.426 0.0450873
0.605 0.432 0.032181
0.605 0.438 0.0101973
0.605 0.444 0.0350137
0.605 0.45 0.0219161
0.605 0.456 0.0360803
0.605 0.462 0.044047
0.605 0.468 0.0332129
0.605 0.474 0.00549057
0.605 0.48 0.018237
0.605 0.486 0.0195955
0.605 0.492 0.0222228
0.605 0.498 0.0117437
0.605 0.504 0.0157935
0.605 0.51 0.0329493
0.605 0.516 0.0205405
0.605 0.522 0.0316975
0.605 0.528 0.0177904
0.605 0.534 0.00477461
0.605 0.54 0.072994
0.605 0.546 0.00122093
0.605 0.552 0.0106235
0.605 0.558 0.0212804
0.605 0.564 0.0182913
0.605 0.57 0.00292746
0.605 0.576 0.0141822
0.605 0.582 0.0139477
0.605 0.588 0.0159076
0.605 0.594 0.00365097
0.605 0.6 0.0095696
0.61 0 0.00126772
0.61 0.006 0.00132777
0.61 0.012 0.000605149
0.61 0.018 0.000778676
0.61 0.024 0.00118466
0.61 0.03 0.00279431
0.61 0.036 0.0101569
0.61 0.042 0.0189248
0.61 0.048 0.00756641
0.61 0.054 0.0113318
0.61 0.06 0.0181646
0.61 0.066 0.0180534
0.61 0.072 0.0105228
0.61 0.078 0.00049913
0.61 0.084 0.0228983
0.61 0.09 0.00786935
0.61 0.096 0.00923719
0.61 0.102 0.0145774
0.61 0.108 0.0271128
0.61 0.114 0.0119294
0.61 0.12 0.0159106
0.61 0.126 0.0310944
0.61 0.132 0.0459724
0.61 0.138 0.0199793
0.61 0.144 0.0155871
0.61 0.15 0.0219907
0.61 0.156 0.0243113
0.61 0.162 0.0241557
0.61 0.168 0.0279635
0.61 0.174 0.0351738
0.61 0.18 0.0449519
0.61 0.186 0.0286833
0.61 0.192 0.0249793
0.61 0.198 0.0285176
0.61 0.204 0.0448414
0.61 0.21 0.0542832
0.61 0.216 0.0453097
0.61 0.222 0.0457295
0.61 0.228 0.0593461
0.61 0.234 0.0490982
0.61 0.24 0.0496625
0.61 0.246 0.0553668
0.61 0.252 0.0675075
0.61 0.258 0.0647722
0.61 0.264 0.049922
0.61 0.27 0.0563953
0.61 0.276 0.0428446
0.61 0.282 0.0616932
0.61 0.288 0.0374482
0.61 0.294 0.0701584
0.61 0.3 0.0546008
0.61 0.306 0.056355
0.61 0.312 0.0475429
0.61 0.318 0.0314471
0.61 0.324 0.0592071
0.61 0.33 0.0432202
0.61 0.336 0.049752
0.61 0.342 0.0472039
0.61 0.348 0.04749
0.61 0.354 0.0291147
0.61 0.36 0.0216669
0.61 0.366 0.0390175
0.61 0.372 0.0299759
0.61 0.378 0.0381823
0.61 0.384 0.0406443
0.61 0.39 0.0566286
0.61 0.396 0.0119004
0.61 0.402 0.0278725
0.61 0.408 0.0248177
0.61 0.414 0.0159625
0.61 0.42 0.0258876
0.61 0.426 0.0406531
0.61 0.432 0.0307811
0.61 0.438 0.0107774
0.61 0.444 0.0387099
0.61 0.45 0.0251969
0.61 0.456 0.0392148
0.61 0.462 0.0430201
0.61 0.468 0.0325504
0.61 0.474 0.00766388
0.61 0.48 0.0182572
0.61 0.486 0.0234184
0.61 0.492 0.0228002
0.61 0.498 0.0118886
0.61 0.504 0.0193951
0.61 0.51 0.0364189
0.61 0.516 0.0203178
0.61 0.522 0.0322694
0.61 0.528 0.011183
0.61 0.534 0.000961162
0.61 0.54 0.0635753
0.61 0.546 0.00195454
0.61 0.552 0.0109352
0.61 0.558 0.0240401
0.61 0.564 0.0193881
0.61 0.57 0.00284687
0.61 0.576 0.0110466
0.61 0.582 0.0156777
0.61 0.588 0.0157961
0.61 0.594 0.00215706
0.61 0.6 0.0114011
0.615 0 0.00127187
0.615 0.006 0.00131149
0.615 0.012 0.000545438
0.615 0.018 0.000665213
0.615 0.024 0.000956735
0.615 0.03 0.00252021
0.615 0.036 0.00960858
0.615 0.042 0.0168407
0.615 0.048 0.00794772
0.615 0.054 0.00990197
0.615 0.06 0.015981
0.615 0.066 0.0178446
0.615 0.072 0.0105756
0.615 0.078 0.000301257
0.615 0.084 0.0263928
0.615 0.09 0.0058272
0.615 0.096 0.00736345
0.615 0.102 0.0176691
0.615 0.108 0.021795
0.615 0.114 0.00667314
0.615 0.12 0.0153831
0.615 0.126 0.0330908
0.615 0.132 0.0412258
0.615 0.138 0.0192558
0.615 0.144 0.014252
0.615 0.15 0.0248114
0.615 0.156 0.0220457
0.615 0.162 0.0215288
0.615 0.168 0.0266585
0.615 0.174 0.0352263
0.615 0.18 0.0387171
0.615 0.186 0.0269569
0.615 0.192 0.031768
0.615 0.198 0.0222804
0.615 0.204 0.0445688
0.615 0.21 0.045678
0.615 0.216 0.0399591
0.615 0.222 0.0403848
0.615 0.228 0.0546684
0.615 0.234 0.044897
0.615 0.24 0.0486452
0.615 0.246 0.0544985
0.615 0.252 0.063515
0.615 0.258 0.0606279
0.615 0.264 0.0493034
0.615 0.27 0.056979
0.615 0.276 0.0459366
0.615 0.282 0.0660062
0.615 0.288 0.0399009
0.615 0.294 0.0740174
0.615 0.3 0.0536755
0.615 0.306 0.0556535
0.615 0.312 0.0475901
0.615 0.318 0.034683
0.615 0.324 0.0590155
0.615 0.33 0.043529
0.615 0.336 0.0488474
0.615 0.342 0.0485427
0.615 0.348 0.0546205
0.615 0.354 0.0321548
0.615 0.36 0.0260318
0.615 0.366 0.0365465
0.615 0.372 0.0294365
0.615 0.378 0.0400513
0.615 0.384 0.0402787
0.615 0.39 0.059419
0.615 0.396 0.0154677
0.615 0.402 0.0268482
0.615 0.408 0.0247785
0.615 0.414 0.0150938
0.615 0.42 0.0285453
0.615 0.426 0.0349623
0.615 0.432 0.0280973
0.615 0.438 0.0118061
0.615 0.444 0.0404799
0.615 0.45 0.0273205
0.615 0.456 0.0413885
0.615 0.462 0.0419813
0.615 0.468 0.0320985
0.615 0.474 0.00834517
0.615 0.48 0.0174848
0.615 0.486 0.0264606
0.615 0.492 0.020799
0.615 0.498 0.0125922
0.615 0.504 0.0194024
0.615 0.51 0.0385541
0.615 0.516 0.0179839
0.615 0.522 0.0352621
0.615 0.528 0.00725394
0.615 0.534 0.00160568
0.615 0.54 0.0562778
0.615 0.546 0.00405727
0.615 0.552 0.00780286
0.615 0.558 0.0256491
0.615 0.564 0.0181017
0.615 0.57 0.0012204
0.615 0.576 0.00876427
0.615 0.582 0.0165225
0.615 0.588 0.0148186
0.615 0.594 0.000514744
0.615 0.6 0.0102869
0.62 0 0.00124057
0.62 0.006 0.00126898
0.62 0.012 0.000472408
0.62 0.018 0.000559661
0.62 0.024 0.000718048
0.62 0.03 0.002313
0.62 0.036 0.00883475
0.62 0.042 0.0145554
0.62 0.048 0.00841407
0.62 0.054 0.00877807
0.62 0.06 0.0126781
0.62 0.066 0.0168435
0.62 0.072 0.0100818
0.62 0.078 0.000290463
0.62 0.084 0.0286257
0.62 0.09 0.00203892
0.62 0.096 0.00634673
0.62 0.102 0.0199179
0.62 0.108 0.0151634
0.62 0.114 0.00143979
0.62 0.12 0.014115
0.62 0.126 0.0326801
0.62 0.132 0.0344335
0.62 0.138 0.0166653
0.62 0.144 0.0154696
0.62 0.15 0.0283944
0.62 0.156 0.0166614
0.62 0.162 0.0166651
0.62 0.168 0.0263859
0.62 0.174 0.0329363
0.62 0.18 0.0326493
0.62 0.186 0.0256609
0.62 0.192 0.037855
0.62 0.198 0.0204089
0.62 0.204 0.0417599
0.62 0.21 0.039281
0.62 0.216 0.0366707
0.62 0.222 0.0377579
0.62 0.228 0.048262
0.62 0.234 0.0406772
0.62 0.24 0.0495303
0.62 0.246 0.0535284
0.62 0.252 0.0569548
0.62 0.258 0.0585965
0.62 0.264 0.0477969
0.62 0.27 0.0550302
0.62 0.276 0.0443929
0.62 0.282 0.0654282
0.62 0.288 0.0446807
0.62 0.294 0.0751271
0.62 0.3 0.0538477
0.62 0.306 0.0539166
0.62 0.312 0.0487922
0.62 0.318 0.0369138
0.62 0.324 0.0616951
0.62 0.33 0.0419032
0.62 0.336 0.0493525
0.62 0.342 0.0487643
0.62 0.348 0.0603945
0.62 0.354 0.0347021
0.62 0.36 0.0298179
0.62 0.366 0.0353726
0.62 0.372 0.0300014
0.62 0.378 0.041032
0.62 0.384 0.0427566
0.62 0.39 0.0651996
0.62 0.396 0.0223484
0.62 0.402 0.0260898
0.62 0.408 0.0254485
0.62 0.414 0.0152109
0.62 0.42 0.0298586
0.62 0.426 0.0303318
0.62 0.432 0.0261713
0.62 0.438 0.0119848
0.62 0.444 0.0396433
0.62 0.45 0.0283251
0.62 0.456 0.0410421
0.62 0.462 0.0409088
0.62 0.468 0.0324997
0.62 0.474 0.00755254
0.62 0.48 0.0151713
0.62 0.486 0.0281393
0.62 0.492 0.0155082
0.62 0.498 0.01317
0.62 0.504 0.0158529
0.62 0.51 0.0374445
0.62 0.516 0.0147489
0.62 0.522 0.0382695
0.62 0.528 0.00746896
0.62 0.534 0.00377469
0.62 0.54 0.0536923
0.62 0.546 0.00455412
0.62 0.552 0.00317656
0.62 0.558 0.0253258
0.62 0.564 0.0147089
0.62 0.57 0.00153462
0.62 0.576 0.00769485
0.62 0.582 0.0158243
0.62 0.588 0.0133973
0.62 0.594 0.000671209
0.62 0.6 0.00693723
0.625 0 0.00112351
0.625 0.006 0.0011577
0.625 0.012 0.000361936
0.625 0.018 0.000447274
0.625 0.024 0.000444233
0.625 0.03 0.00216167
0.625 0.036 0.00785485
0.625 0.042 0.0121853
0.625 0.048 0.00892287
0.625 0.054 0.00808613
0.625 0.06 0.00843596
0.625 0.066 0.0150277
0.625 0.072 0.00906255
0.625 0.078 0.00271302
0.625 0.084 0.0293508
0.625 0.09 0.0025359
0.625 0.096 0.0052337
0.625 0.102 0.0207013
0.625 0.108 0.00827823
0.625 0.114 0.00266117
0.625 0.12 0.0126847
0.625 0.126 0.0297821
0.625 0.132 0.0274544
0.625 0.138 0.0137372
0.625 0.144 0.0169572
0.625 0.15 0.0292605
0.625 0.156 0.0116241
0.625 0.162 0.0114075
0.625 0.168 0.0253962
0.625 0.174 0.0277658
0.625 0.18 0.0293517
0.625 0.186 0.02568
0.625 0.192 0.037374
0.625 0.198 0.0229962
0.625 0.204 0.036834
0.625 0.21 0.0371041
0.625 0.216 0.0364168
0.625 0.222 0.0367013
0.625 0.228 0.0418683
0.625 0.234 0.0361296
0.625 0.24 0.050345
0.625 0.246 0.0537372
0.625 0.252 0.051481
0.625 0.258 0.0588929
0.625 0.264 0.0456777
0.625 0.27 0.0503211
0.625 0.276 0.0399026
0.625 0.282 0.0608611
0.625 0.288 0.0503679
0.625 0.294 0.07254
0.625 0.3 0.0547844
0.625 0.306 0.0522684
0.625 0.312 0.0500114
0.625 0.318 0.0375815
0.625 0.324 0.067911
0.625 0.33 0.040044
0.625 0.336 0.0514373
0.625 0.342 0.0492016
0.625 0.348 0.0635635
0.625 0.354 0.0345094
0.625 0.36 0.031598
0.625 0.366 0.036982
0.625 0.372 0.0332653
0.625 0.378 0.0416867
0.625 0.384 0.0484669
0.625 0.39 0.0711449
0.625 0.396 0.0300112
0.625 0.402 0.0282134
0.625 0.408 0.0280566
0.625 0.414 0.0173119
0.625 0.42 0.030225
0.625 0.426 0.0296308
0.625 0.432 0.0271594
0.625 0.438 0.00998762
0.625 0.444 0.0371975
0.625 0.45 0.0281164
0.625 0.456 0.0383658
0.625 0.462 0.0401871
0.625 0.468 0.0339297
0.625 0.474 0.0061006
0.625 0.48 0.0121356
0.625 0.486 0.0280007
0.625 0.492 0.00860624
0.625 0.498 0.0123329
0.625 0.504 0.0108624
0.625 0.51 0.0338509
0.625 0.516 0.0135668
0.625 0.522 0.0400102
0.625 0.528 0.0108671
0.625 0.534 0.00705166
0.625 0.54 0.0540679
0.625 0.546 0.00334609
0.625 0.552 0.000515062
0.625 0.558 0.0233175
0.625 0.564 0.0109284
0.625 0.57 0.00470704
0.625 0.576 0.00764527
0.625 0.582 0.0145645
0.625 0.588 0.0123436
0.625 0.594 0.00136865
0.625 0.6 0.00287137
0.63 0 0.00104571
0.63 0.006 0.00108144
0.63 0.012 0.000280709
0.63 0.018 0.000370235
0.63 0.024 0.000152899
0.63 0.03 0.00208776
0.63 0.036 0.00673504
0.63 0.042 0.00984689
0.63 0.048 0.00942591
0.63 0.054 0.00785237
0.63 0.06 0.00368422
0.63 0.066 0.0126607
0.63 0.072 0.00757832
0.63 0.078 0.00666906
0.63 0.084 0.0285455
0.63 0.09 0.00686874
0.63 0.096 0.00233596
0.63 0.102 0.0195735
0.63 0.108 0.00180969
0.63 0.114 0.00462294
0.63 0.12 0.0116573
0.63 0.126 0.0252274
0.63 0.132 0.0226729
0.63 0.138 0.0125027
0.63 0.144 0.0164611
0.63 0.15 0.0252724
0.63 0.156 0.0100184
0.63 0.162 0.00691002
0.63 0.168 0.0233629
0.63 0.174 0.0205266
0.63 0.18 0.0292437
0.63 0.186 0.0263801
0.63 0.192 0.0304246
0.63 0.198 0.0260618
0.63 0.204 0.0318143
0.63 0.21 0.0379084
0.63 0.216 0.0360305
0.63 0.222 0.0357459
0.63 0.228 0.0371651
0.63 0.234 0.0324857
0.63 0.24 0.0483049
0.63 0.246 0.0555061
0.63 0.252 0.0504409
0.63 0.258 0.0611844
0.63 0.264 0.0434803
0.63 0.27 0.0446554
0.63 0.276 0.0360422
0.63 0.282 0.0551438
0.63 0.288 0.0549779
0.63 0.294 0.0671473
0.63 0.3 0.0561249
0.63 0.306 0.0514182
0.63 0.312 0.0518146
0.63 0.318 0.0375762
0.63 0.324 0.0748826
0.63 0.33 0.0400516
0.63 0.336 0.0551008
0.63 0.342 0.0516904
0.63 0.348 0.0653649
0.63 0.354 0.0319429
0.63 0.36 0.0311905
0.63 0.366 0.0406815
0.63 0.372 0.0389283
0.63 0.378 0.0426433
0.63 0.384 0.055979
0.63 0.39 0.0754473
0.63 0.396 0.0354122
0.63 0.402 0.0325934
0.63 0.408 0.0319308
0.63 0.414 0.0207944
0.63 0.42 0.0310337
0.63 0.426 0.0343103
0.63 0.432 0.0323277
0.63 0.438 0.00788448
0.63 0.444 0.0355015
0.63 0.45 0.0268005
0.63 0.456 0.0347701
0.63 0.462 0.0409094
0.63 0.468 0.0363016
0.63 0.474 0.0046437
0.63 0.48 0.0102047
0.63 0.486 0.0257459
0.63 0.492 0.0033407
0.63 0.498 0.010372
0.63 0.504 0.00684357
0.63 0.51 0.0295377
0.63 0.516 0.0153772
0.63 0.522 0.04192
0.63 0.528 0.0154205
0.63 0.534 0.0116761
0.63 0.54 0.0547537
0.63 0.546 0.00150386
0.63 0.552 0.00241991
0.63 0.558 0.0213769
0.63 0.564 0.0083484
0.63 0.57 0.00690852
0.63 0.576 0.00800642
0.63 0.582 0.0140963
0.63 0.588 0.0120907
0.63 0.594 0.00190381
0.63 0.6 0.00064478
0.635 0 0.00105896
0.635 0.006 0.00108302
0.635 0.012 0.000257671
0.635 0.018 0.000348063
0.635 0.024 0.000147436
0.635 0.03 0.00210482
0.635 0.036 0.0055512
0.635 0.042 0.00762309
0.635 0.048 0.0098557
0.635 0.054 0.00798988
0.635 0.06 0.000940961
0.635 0.066 0.010235
0.635 0.072 0.00563302
0.635 0.078 0.0112839
0.635 0.084 0.0263448
0.635 0.09 0.0103828
0.635 0.096 0.00323025
0.635 0.102 0.0165224
0.635 0.108 0.00389915
0.635 0.114 0.00418387
0.635 0.12 0.0111638
0.635 0.126 0.0202018
0.635 0.132 0.0215049
0.635 0.138 0.0132544
0.635 0.144 0.0134115
0.635 0.15 0.0176891
0.635 0.156 0.0119762
0.635 0.162 0.00264474
0.635 0.168 0.021322
0.635 0.174 0.0131479
0.635 0.18 0.030097
0.635 0.186 0.026106
0.635 0.192 0.0219738
0.635 0.198 0.0253273
0.635 0.204 0.0289411
0.635 0.21 0.0381339
0.635 0.216 0.0317383
0.635 0.222 0.0350328
0.635 0.228 0.0346405
0.635 0.234 0.0316455
0.635 0.24 0.0425954
0.635 0.246 0.0571753
0.635 0.252 0.0525818
0.635 0.258 0.064353
0.635 0.264 0.0410976
0.635 0.27 0.04052
0.635 0.276 0.0351125
0.635 0.282 0.0507398
0.635 0.288 0.0569837
0.635 0.294 0.0613039
0.635 0.3 0.0571904
0.635 0.306 0.0507973
0.635 0.312 0.0555547
0.635 0.318 0.0386231
0.635 0.324 0.0787143
0.635 0.33 0.0428691
0.635 0.336 0.0600202
0.635 0.342 0.0564361
0.635 0.348 0.0675264
0.635 0.354 0.0300539
0.635 0.36 0.0299847
0.635 0.366 0.044828
0.635 0.372 0.0447665
0.635 0.378 0.0439788
0.635 0.384 0.0635302
0.635 0.39 0.0787604
0.635 0.396 0.0379756
0.635 0.402 0.0361436
0.635 0.408 0.0350189
0.635 0.414 0.0247327
0.635 0.42 0.0327839
0.635 0.426 0.042276
0.635 0.432 0.0403899
0.635 0.438 0.00929656
0.635 0.444 0.0359934
0.635 0.45 0.0250784
0.635 0.456 0.0313999
0.635 0.462 0.0432351
0.635 0.468 0.0393637
0.635 0.474 0.00362391
0.635 0.48 0.0106376
0.635 0.486 0.0221998
0.635 0.492 0.0021403
0.635 0.498 0.00876075
0.635 0.504 0.00536202
0.635 0.51 0.0267646
0.635 0.516 0.0177975
0.635 0.522 0.0455106
0.635 0.528 0.0191767
0.635 0.534 0.0162648
0.635 0.54 0.0548839
0.635 0.546 0.00103294
0.635 0.552 0.00816382
0.635 0.558 0.021418
0.635 0.564 0.00751382
0.635 0.57 0.00702339
0.635 0.576 0.00776892
0.635 0.582 0.014496
0.635 0.588 0.0123598
0.635 0.594 0.00240847
0.635 0.6 0.00277443
0.64 0 0.00104315
0.64 0.006 0.00106173
0.64 0.012 0.00023216
0.64 0.018 0.000344071
0.64 0.024 0.00047752
0.64 0.03 0.00219677
0.64 0.036 0.00436195
0.64 0.042 0.00555593
0.64 0.048 0.0101319
0.64 0.054 0.00833434
0.64 0.06 0.00472508
0.64 0.066 0.0083202
0.64 0.072 0.00312927
0.64 0.078 0.015495
0.64 0.084 0.0230728
0.64 0.09 0.0129826
0.64 0.096 0.0103951
0.64 0.102 0.0122085
0.64 0.108 0.00828486
0.64 0.114 0.00206395
0.64 0.12 0.0109329
0.64 0.126 0.0155633
0.64 0.132 0.0231879
0.64 0.138 0.0143271
0.64 0.144 0.009307
0.64 0.15 0.0101701
0.64 0.156 0.0152252
0.64 0.162 0.00221207
0.64 0.168 0.0200707
0.64 0.174 0.00766708
0.64 0.18 0.0284659
0.64 0.186 0.0236379
0.64 0.192 0.0162846
0.64 0.198 0.0202563
0.64 0.204 0.0286259
0.64 0.21 0.0349143
0.64 0.216 0.0232641
0.64 0.222 0.0353307
0.64 0.228 0.0335422
0.64 0.234 0.033573
0.64 0.24 0.0352306
0.64 0.246 0.0560396
0.64 0.252 0.0538019
0.64 0.258 0.0667873
0.64 0.264 0.0380168
0.64 0.27 0.0387536
0.64 0.276 0.036404
0.64 0.282 0.0481665
0.64 0.288 0.0562028
0.64 0.294 0.0573907
0.64 0.3 0.0574574
0.64 0.306 0.0492966
0.64 0.312 0.0607693
0.64 0.318 0.0417605
0.64 0.324 0.0776928
0.64 0.33 0.0474073
0.64 0.336 0.0647998
0.64 0.342 0.0613765
0.64 0.348 0.0706577
0.64 0.354 0.0317367
0.64 0.36 0.0300324
0.64 0.366 0.0489972
0.64 0.372 0.0485261
0.64 0.378 0.0454732
0.64 0.384 0.0705475
0.64 0.39 0.0819922
0.64 0.396 0.0392239
0.64 0.402 0.0371816
0.64 0.408 0.0361316
0.64 0.414 0.028763
0.64 0.42 0.0350373
0.64 0.426 0.0492567
0.64 0.432 0.0476049
0.64 0.438 0.0145066
0.64 0.444 0.0377975
0.64 0.45 0.0240524
0.64 0.456 0.0286047
0.64 0.462 0.0451893
0.64 0.468 0.0426774
0.64 0.474 0.00392948
0.64 0.48 0.0131803
0.64 0.486 0.0196201
0.64 0.492 0.00475831
0.64 0.498 0.00797183
0.64 0.504 0.00689911
0.64 0.51 0.0278006
0.64 0.516 0.0186863
0.64 0.522 0.0495099
0.64 0.528 0.0208993
0.64 0.534 0.0192592
0.64 0.54 0.0547199
0.64 0.546 0.0032022
0.64 0.552 0.0140344
0.64 0.558 0.0235042
0.64 0.564 0.0084202
0.64 0.57 0.00564238
0.64 0.576 0.00631667
0.64 0.582 0.0144738
0.64 0.588 0.012626
0.64 0.594 0.00277996
0.64 0.6 0.00272445
0.645 0 0.000944548
0.645 0.006 0.000972287
0.645 0.012 0.000176813
0.645 0.018 0.000340796
0.645 0.024 0.000836835
0.645 0.03 0.00234762
0.645 0.036 0.00322095
0.645 0.042 0.0036742
0.645 0.048 0.0101834
0.645 0.054 0.00870969
0.645 0.06 0.00703878
0.645 0.066 0.0073942
0.645 0.072 7.44797e-05
0.645 0.078 0.0184728
0.645 0.084 0.0193004
0.645 0.09 0.0148245
0.645 0.096 0.0164587
0.645 0.102 0.00785995
0.645 0.108 0.0104837
0.645 0.114 0.000420203
0.645 0.12 0.0106919
0.645 0.126 0.0115573
0.645 0.132 0.0251891
0.645 0.138 0.0139854
0.645 0.144 0.00655045
0.645 0.15 0.00591364
0.645 0.156 0.0170055
0.645 0.162 0.00690394
0.645 0.168 0.0185541
0.645 0.174 0.00522346
0.645 0.18 0.0222707
0.645 0.186 0.0191754
0.645 0.192 0.0134858
0.645 0.198 0.0141803
0.645 0.204 0.029052
0.645 0.21 0.0283179
0.645 0.216 0.0144676
0.645 0.222 0.0356834
0.645 0.228 0.0330811
0.645 0.234 0.0354854
0.645 0.24 0.0288821
0.645 0.246 0.0508634
0.645 0.252 0.0520119
0.645 0.258 0.0671361
0.645 0.264 0.0344232
0.645 0.27 0.0380191
0.645 0.276 0.0373021
0.645 0.282 0.0465765
0.645 0.288 0.0537602
0.645 0.294 0.0563196
0.645 0.3 0.0571781
0.645 0.306 0.0465833
0.645 0.312 0.064874
0.645 0.318 0.0463418
0.645 0.324 0.0734432
0.645 0.33 0.0512336
0.645 0.336 0.0670971
0.645 0.342 0.063769
0.645 0.348 0.0741935
0.645 0.354 0.0370401
0.645 0.36 0.0325957
0.645 0.366 0.053566
0.645 0.372 0.0498363
0.645 0.378 0.0470296
0.645 0.384 0.0767641
0.645 0.39 0.0846597
0.645 0.396 0.040048
0.645 0.402 0.0374108
0.645 0.408 0.036185
0.645 0.414 0.0327202
0.645 0.42 0.03778
0.645 0.426 0.0528972
0.645 0.432 0.0506309
0.645 0.438 0.0203829
0.645 0.444 0.0392321
0.645 0.45 0.02442
0.645 0.456 0.0266855
0.645 0.462 0.0444042
0.645 0.468 0.0456907
0.645 0.474 0.00662782
0.645 0.48 0.0164832
0.645 0.486 0.0198419
0.645 0.492 0.00843174
0.645 0.498 0.00746058
0.645 0.504 0.0109505
0.645 0.51 0.0325746
0.645 0.516 0.0186144
0.645 0.522 0.0514642
0.645 0.528 0.0205398
0.645 0.534 0.0201927
0.645 0.54 0.0542317
0.645 0.546 0.00753925
0.645 0.552 0.0167311
0.645 0.558 0.0257106
0.645 0.564 0.0108682
0.645 0.57 0.00456793
0.645 0.576 0.0043524
0.645 0.582 0.0128682
0.645 0.588 0.0127482
0.645 0.594 0.00305258
0.645 0.6 8.58179e-05
0.65 0 0.000877553
0.65 0.006 0.000909982
0.65 0.012 0.000150919
0.65 0.018 0.000373154
0.65 0.024 0.00118413
0.65 0.03 0.00255582
0.65 0.036 0.00218078
0.65 0.042 0.00200345
0.65 0.048 0.00995821
0.65 0.054 0.00896464
0.65 0.06 0.00750056
0.65 0.066 0.0077189
0.65 0.072 0.0040145
0.65 0.078 0.0198674
0.65 0.084 0.0157625
0.65 0.09 0.0161044
0.65 0.096 0.018828
0.65 0.102 0.00486787
0.65 0.108 0.0100683
0.65 0.114 0.00214435
0.65 0.12 0.010458
0.65 0.126 0.00801529
0.65 0.132 0.0252222
0.65 0.138 0.0122081
0.65 0.144 0.00656189
0.65 0.15 0.00602549
0.65 0.156 0.0154432
0.65 0.162 0.00920284
0.65 0.168 0.0145783
0.65 0.174 0.00572761
0.65 0.18 0.0125797
0.65 0.186 0.0141105
0.65 0.192 0.0113264
0.65 0.198 0.010653
0.65 0.204 0.0279296
0.65 0.21 0.0210542
0.65 0.216 0.0100481
0.65 0.222 0.0334848
0.65 0.228 0.0331992
0.65 0.234 0.0344634
0.65 0.24 0.0244947
0.65 0.246 0.0435853
0.65 0.252 0.0490043
0.65 0.258 0.0648186
0.65 0.264 0.0315782
0.65 0.27 0.0367524
0.65 0.276 0.0359456
0.65 0.282 0.0454188
0.65 0.288 0.0510504
0.65 0.294 0.056972
0.65 0.3 0.0569925
0.65 0.306 0.0434184
0.65 0.312 0.0656831
0.65 0.318 0.0506177
0.65 0.324 0.069193
0.65 0.33 0.0523273
0.65 0.336 0.0654979
0.65 0.342 0.0625235
0.65 0.348 0.0771552
0.65 0.354 0.0433266
0.65 0.36 0.0373553
0.65 0.366 0.0576404
0.65 0.372 0.0502255
0.65 0.378 0.0486467
0.65 0.384 0.0806523
0.65 0.39 0.0860603
0.65 0.396 0.039974
0.65 0.402 0.0395394
0.65 0.408 0.0371792
0.65 0.414 0.0363145
0.65 0.42 0.0410851
0.65 0.426 0.0542825
0.65 0.432 0.0490088
0.65 0.438 0.0245525
0.65 0.444 0.0399225
0.65 0.45 0.0259831
0.65 0.456 0.0263095
0.65 0.462 0.0409385
0.65 0.468 0.0476725
0.65 0.474 0.0114653
0.65 0.48 0.0192133
0.65 0.486 0.0222425
0.65 0.492 0.00985277
0.65 0.498 0.00752932
0.65 0.504 0.0161657
0.65 0.51 0.0376903
0.65 0.516 0.0185049
0.65 0.522 0.0512944
0.65 0.528 0.0191709
0.65 0.534 0.0196075
0.65 0.54 0.0532974
0.65 0.546 0.0127354
0.65 0.552 0.0161943
0.65 0.558 0.0261269
0.65 0.564 0.0140522
0.65 0.57 0.0049396
0.65 0.576 0.00333649
0.65 0.582 0.00992874
0.65 0.588 0.0129384
0.65 0.594 0.00329886
0.65 0.6 0.00421888
0.655 0 0.00089666
0.655 0.006 0.000920273
0.655 0.012 0.000182685
0.655 0.018 0.000454994
0.655 0.024 0.00148939
0.655 0.03 0.00280288
0.655 0.036 0.00126519
0.655 0.042 0.000549745
0.655 0.048 0.00942126
0.655 0.054 0.00897783
0.655 0.06 0.00610628
0.655 0.066 0.00925811
0.655 0.072 0.00844731
0.655 0.078 0.0197968
0.655 0.084 0.0130922
0.655 0.09 0.0169031
0.655 0.096 0.016733
0.655 0.102 0.00423818
0.655 0.108 0.00775715
0.655 0.114 0.0028243
0.655 0.12 0.0104387
0.655 0.126 0.00478182
0.655 0.132 0.0230754
0.655 0.138 0.0104925
0.655 0.144 0.00865383
0.655 0.15 0.00960702
0.655 0.156 0.0104323
0.655 0.162 0.00752624
0.655 0.168 0.00781997
0.655 0.174 0.00812472
0.655 0.18 0.00310714
0.655 0.186 0.0100581
0.655 0.192 0.00888974
0.655 0.198 0.0100023
0.655 0.204 0.0243218
0.655 0.21 0.0162036
0.655 0.216 0.0113312
0.655 0.222 0.0275133
0.655 0.228 0.0337304
0.655 0.234 0.0305339
0.655 0.24 0.0213758
0.655 0.246 0.0382414
0.655 0.252 0.0479923
0.655 0.258 0.060128
0.655 0.264 0.0308331
0.655 0.27 0.0350708
0.655 0.276 0.0327936
0.655 0.282 0.0450692
0.655 0.288 0.0486017
0.655 0.294 0.0569179
0.655 0.3 0.0570191
0.655 0.306 0.0409527
0.655 0.312 0.0631629
0.655 0.318 0.0532149
0.655 0.324 0.0670902
0.655 0.33 0.0504845
0.655 0.336 0.0613836
0.655 0.342 0.0591962
0.655 0.348 0.0787275
0.655 0.354 0.0477804
0.655 0.36 0.0429293
0.655 0.366 0.0592462
0.655 0.372 0.0515484
0.655 0.378 0.050148
0.655 0.384 0.0804912
0.655 0.39 0.0864582
0.655 0.396 0.0391777
0.655 0.402 0.0438218
0.655 0.408 0.0403567
0.655 0.414 0.0395865
0.655 0.42 0.0437143
0.655 0.426 0.0551222
0.655 0.432 0.0445999
0.655 0.438 0.026812
0.655 0.444 0.0407205
0.655 0.45 0.0280858
0.655 0.456 0.0276248
0.655 0.462 0.0373197
0.655 0.468 0.0476405
0.655 0.474 0.0160696
0.655 0.48 0.0207455
0.655 0.486 0.0244212
0.655 0.492 0.0075687
0.655 0.498 0.00908859
0.655 0.504 0.0205666
0.655 0.51 0.0395763
0.655 0.516 0.0175272
0.655 0.522 0.0513073
0.655 0.528 0.0180024
0.655 0.534 0.0184383
0.655 0.54 0.0524272
0.655 0.546 0.0177769
0.655 0.552 0.0149705
0.655 0.558 0.0246922
0.655 0.564 0.0166948
0.655 0.57 0.00671482
0.655 0.576 0.0037589
0.655 0.582 0.00706326
0.655 0.588 0.0132148
0.655 0.594 0.00311927
0.655 0.6 0.00802295
0.66 0 0.000892021
0.66 0.006 0.000911336
0.66 0.012 0.000214382
0.66 0.018 0.000544337
0.66 0.024 0.00175879
0.66 0.03 0.00304177
0.66 0.036 0.000459931
0.66 0.042 0.00069709
0.66 0.048 0.00856848
0.66 0.054 0.00867554
0.66 0.06 0.00327358
0.66 0.066 0.011649
0.66 0.072 0.0127522
0.66 0.078 0.0186474
0.66 0.084 0.0115245
0.66 0.09 0.0171113
0.66 0.096 0.0115588
0.66 0.102 0.00605773
0.66 0.108 0.00510845
0.66 0.114 0.00301522
0.66 0.12 0.0107363
0.66 0.126 0.00204748
0.66 0.132 0.0204146
0.66 0.138 0.0100253
0.66 0.144 0.0106205
0.66 0.15 0.0141096
0.66 0.156 0.00411384
0.66 0.162 0.00269024
0.66 0.168 0.00158487
0.66 0.174 0.0107843
0.66 0.18 0.00224146
0.66 0.186 0.0080093
0.66 0.192 0.00767453
0.66 0.198 0.00965942
0.66 0.204 0.0188788
0.66 0.21 0.0148907
0.66 0.216 0.0150985
0.66 0.222 0.0200253
0.66 0.228 0.03323
0.66 0.234 0.0263762
0.66 0.24 0.0187202
0.66 0.246 0.0375741
0.66 0.252 0.0500014
0.66 0.258 0.0540891
0.66 0.264 0.0323604
0.66 0.27 0.0342243
0.66 0.276 0.0298064
0.66 0.282 0.0459122
0.66 0.288 0.0459061
0.66 0.294 0.0540935
0.66 0.3 0.0569251
0.66 0.306 0.0401079
0.66 0.312 0.0584651
0.66 0.318 0.053991
0.66 0.324 0.0669887
0.66 0.33 0.0473312
0.66 0.336 0.0581957
0.66 0.342 0.0567925
0.66 0.348 0.0784915
0.66 0.354 0.0495107
0.66 0.36 0.04815
0.66 0.366 0.0577645
0.66 0.372 0.0546675
0.66 0.378 0.0511058
0.66 0.384 0.0770399
0.66 0.39 0.0864496
0.66 0.396 0.039615
0.66 0.402 0.047967
0.66 0.408 0.0454359
0.66 0.414 0.0430908
0.66 0.42 0.0441441
0.66 0.426 0.0551817
0.66 0.432 0.0397594
0.66 0.438 0.0273257
0.66 0.444 0.0424917
0.66 0.45 0.030303
0.66 0.456 0.0294307
0.66 0.462 0.0356992
0.66 0.468 0.0450664
0.66 0.474 0.0174012
0.66 0.48 0.0210333
0.66 0.486 0.0246413
0.66 0.492 0.00316006
0.66 0.498 0.0113953
0.66 0.504 0.0221237
0.66 0.51 0.0377139
0.66 0.516 0.0153708
0.66 0.522 0.0530723
0.66 0.528 0.0173382
0.66 0.534 0.0177357
0.66 0.54 0.0523549
0.66 0.546 0.0217867
0.66 0.552 0.0155535
0.66 0.558 0.0230404
0.66 0.564 0.01805
0.66 0.57 0.0096011
0.66 0.576 0.00456901
0.66 0.582 0.00558791
0.66 0.588 0.0132277
0.66 0.594 0.00180675
0.66 0.6 0.0095111
0.665 0 0.000807543
0.665 0.006 0.000836137
0.665 0.012 0.000214966
0.665 0.018 0.000613753
0.665 0.024 0.00198999
0.665 0.03 0.0032348
0.665 0.036 0.000252611
0.665 0.042 0.00173592
0.665 0.048 0.00744747
0.665 0.054 0.00806007
0.665 0.06 0.000232284
0.665 0.066 0.0142727
0.665 0.072 0.0160107
0.665 0.078 0.0168283
0.665 0.084 0.0107558
0.665 0.09 0.0165666
0.665 0.096 0.00579896
0.665 0.102 0.00931987
0.665 0.108 0.0033428
0.665 0.114 0.00348609
0.665 0.12 0.0112172
0.665 0.126 0.000349618
0.665 0.132 0.0188851
0.665 0.138 0.0102259
0.665 0.144 0.0105256
0.665 0.15 0.0161559
0.665 0.156 6.04162e-05
0.665 0.162 0.00261415
0.665 0.168 0.000361797
0.665 0.174 0.0119999
0.665 0.18 0.00195603
0.665 0.186 0.00800106
0.665 0.192 0.00936835
0.665 0.198 0.00772418
0.665 0.204 0.0131772
0.665 0.21 0.0156729
0.665 0.216 0.0167672
0.665 0.222 0.0148552
0.665 0.228 0.0295532
0.665 0.234 0.0240481
0.665 0.24 0.0161853
0.665 0.246 0.040421
0.665 0.252 0.0524506
0.665 0.258 0.0479147
0.665 0.264 0.034882
0.665 0.27 0.0345635
0.665 0.276 0.0284289
0.665 0.282 0.0473505
0.665 0.288 0.0423024
0.665 0.294 0.04843
0.665 0.3 0.0568159
0.665 0.306 0.0413178
0.665 0.312 0.0524345
0.665 0.318 0.0536044
0.665 0.324 0.0673391
0.665 0.33 0.0450601
0.665 0.336 0.0583162
0.665 0.342 0.0574551
0.665 0.348 0.0766355
0.665 0.354 0.0494298
0.665 0.36 0.0528333
0.665 0.366 0.0546925
0.665 0.372 0.0593072
0.665 0.378 0.0511839
0.665 0.384 0.0736788
0.665 0.39 0.0865313
0.665 0.396 0.0434322
0.665 0.402 0.0501965
0.665 0.408 0.051227
0.665 0.414 0.0471477
0.665 0.42 0.0432787
0.665 0.426 0.0535223
0.665 0.432 0.0367464
0.665 0.438 0.0265905
0.665 0.444 0.0458839
0.665 0.45 0.0325554
0.665 0.456 0.0301163
0.665 0.462 0.0358615
0.665 0.468 0.0410908
0.665 0.474 0.0142758
0.665 0.48 0.0202553
0.665 0.486 0.0227226
0.665 0.492 0.000166403
0.665 0.498 0.0122068
0.665 0.504 0.0199386
0.665 0.51 0.0335542
0.665 0.516 0.0142871
0.665 0.522 0.0559466
0.665 0.528 0.0167496
0.665 0.534 0.0184059
0.665 0.54 0.0530629
0.665 0.546 0.0237751
0.665 0.552 0.0187124
0.665 0.558 0.0227728
0.665 0.564 0.0182229
0.665 0.57 0.0131615
0.665 0.576 0.00459803
0.665 0.582 0.00583915
0.665 0.588 0.0127519
0.665 0.594 0.000657858
0.665 0.6 0.00859864
0.67 0 0.00074771
0.67 0.006 0.000781971
0.67 0.012 0.000236501
0.67 0.018 0.000687138
0.67 0.024 0.00215099
0.67 0.03 0.00337618
0.67 0.036 0.00086684
0.67 0.042 0.00255006
0.67 0.048 0.00615352
0.67 0.054 0.00720463
0.67 0.06 0.00346451
0.67 0.066 0.0164255
0.67 0.072 0.0172883
0.67 0.078 0.0146052
0.67 0.084 0.0100514
0.67 0.09 0.0153599
0.67 0.096 0.00160177
0.67 0.102 0.0124238
0.67 0.108 0.00244763
0.67 0.114 0.00455644
0.67 0.12 0.0116328
0.67 0.126 0.000215437
0.67 0.132 0.0186379
0.67 0.138 0.00923979
0.67 0.144 0.00815613
0.67 0.15 0.0138333
0.67 0.156 0.000262365
0.67 0.162 0.00600572
0.67 0.168 0.00528726
0.67 0.174 0.0108626
0.67 0.18 0.00220455
0.67 0.186 0.00923884
0.67 0.192 0.0133522
0.67 0.198 0.00556092
0.67 0.204 0.00917851
0.67 0.21 0.0160581
0.67 0.216 0.0146518
0.67 0.222 0.0136121
0.67 0.228 0.0220821
0.67 0.234 0.0228428
0.67 0.24 0.0135993
0.67 0.246 0.0428156
0.67 0.252 0.0513209
0.67 0.258 0.0422469
0.67 0.264 0.0365404
0.67 0.27 0.0349393
0.67 0.276 0.0284073
0.67 0.282 0.0480849
0.67 0.288 0.0379286
0.67 0.294 0.0421081
0.67 0.3 0.0572157
0.67 0.306 0.0439716
0.67 0.312 0.045697
0.67 0.318 0.052433
0.67 0.324 0.0668215
0.67 0.33 0.0448882
0.67 0.336 0.0608707
0.67 0.342 0.0610747
0.67 0.348 0.0740814
0.67 0.354 0.0487518
0.67 0.36 0.057336
0.67 0.366 0.0517564
0.67 0.372 0.0644257
0.67 0.378 0.0507816
0.67 0.384 0.0734779
0.67 0.39 0.0877736
0.67 0.396 0.0510323
0.67 0.402 0.0513192
0.67 0.408 0.0566897
0.67 0.414 0.0512859
0.67 0.42 0.0442504
0.67 0.426 0.0509395
0.67 0.432 0.0373746
0.67 0.438 0.0265337
0.67 0.444 0.0511775
0.67 0.45 0.0349764
0.67 0.456 0.0295796
0.67 0.462 0.0362709
0.67 0.468 0.0384129
0.67 0.474 0.00842665
0.67 0.48 0.0189356
0.67 0.486 0.0190223
0.67 0.492 0.00132148
0.67 0.498 0.0109431
0.67 0.504 0.0153234
0.67 0.51 0.0281197
0.67 0.516 0.0163801
0.67 0.522 0.05842
0.67 0.528 0.0161791
0.67 0.534 0.0207005
0.67 0.54 0.0535458
0.67 0.546 0.0236004
0.67 0.552 0.0233565
0.67 0.558 0.0239031
0.67 0.564 0.0173576
0.67 0.57 0.0160806
0.67 0.576 0.0039198
0.67 0.582 0.00717566
0.67 0.588 0.0120912
0.67 0.594 0.00311683
0.67 0.6 0.00662957
0.675 0 0.000769249
0.675 0.006 0.000796614
0.675 0.012 0.000307093
0.675 0.018 0.000774592
0.675 0.024 0.0022249
0.675 0.03 0.00346471
0.675 0.036 0.00136779
0.675 0.042 0.00313349
0.675 0.048 0.00480264
0.675 0.054 0.00621595
0.675 0.06 0.0054923
0.675 0.066 0.0175163
0.675 0.072 0.0160116
0.675 0.078 0.01208
0.675 0.084 0.00857935
0.675 0.09 0.0139825
0.675 0.096 0.000233555
0.675 0.102 0.0140917
0.675 0.108 0.00144656
0.675 0.114 0.0059239
0.675 0.12 0.0117731
0.675 0.126 0.00173508
0.675 0.132 0.0185855
0.675 0.138 0.0059347
0.675 0.144 0.0050342
0.675 0.15 0.00878357
0.675 0.156 0.00449907
0.675 0.162 0.00705112
0.675 0.168 0.0126681
0.675 0.174 0.00806271
0.675 0.18 0.00661022
0.675 0.186 0.01059
0.675 0.192 0.0167145
0.675 0.198 0.00614483
0.675 0.204 0.00835732
0.675 0.21 0.0147535
0.675 0.216 0.0106032
0.675 0.222 0.0143734
0.675 0.228 0.0131904
0.675 0.234 0.0207316
0.675 0.24 0.0112393
0.675 0.246 0.0419387
0.675 0.252 0.0454312
0.675 0.258 0.0370587
0.675 0.264 0.0362055
0.675 0.27 0.0342282
0.675 0.276 0.0281845
0.675 0.282 0.0472358
0.675 0.288 0.0337651
0.675 0.294 0.0380179
0.675 0.3 0.0578774
0.675 0.306 0.0457934
0.675 0.312 0.0392223
0.675 0.318 0.0499975
0.675 0.324 0.0650879
0.675 0.33 0.0462739
0.675 0.336 0.0628911
0.675 0.342 0.0658014
0.675 0.348 0.0720163
0.675 0.354 0.0481271
0.675 0.36 0.0614903
0.675 0.366 0.0496692
0.675 0.372 0.0685441
0.675 0.378 0.0512718
0.675 0.384 0.0770226
0.675 0.39 0.0913452
0.675 0.396 0.0609247
0.675 0.402 0.0533581
0.675 0.408 0.0614629
0.675 0.414 0.0548588
0.675 0.42 0.048861
0.675 0.426 0.0498202
0.675 0.432 0.041537
0.675 0.438 0.0286371
0.675 0.444 0.057022
0.675 0.45 0.0380274
0.675 0.456 0.0295683
0.675 0.462 0.0362589
0.675 0.468 0.039212
0.675 0.474 0.00324235
0.675 0.48 0.0182464
0.675 0.486 0.0140223
0.675 0.492 0.0063194
0.675 0.498 0.00997375
0.675 0.504 0.0112023
0.675 0.51 0.0225838
0.675 0.516 0.0204434
0.675 0.522 0.059553
0.675 0.528 0.0163163
0.675 0.534 0.0240754
0.675 0.54 0.0524432
0.675 0.546 0.0226957
0.675 0.552 0.0270182
0.675 0.558 0.0250122
0.675 0.564 0.0152961
0.675 0.57 0.016751
0.675 0.576 0.00338098
0.675 0.582 0.00846075
0.675 0.588 0.0117406
0.675 0.594 0.00408236
0.675 0.6 0.00507283
0.68 0 0.000772175
0.68 0.006 0.000796961
0.68 0.012 0.000373665
0.68 0.018 0.000837296
0.68 0.024 0.00223112
0.68 0.03 0.00348637
0.68 0.036 0.00174336
0.68 0.042 0.00350078
0.68 0.048 0.00351337
0.68 0.054 0.00520946
0.68 0.06 0.00558923
0.68 0.066 0.0172118
0.68 0.072 0.0122477
0.68 0.078 0.00931482
0.68 0.084 0.00585008
0.68 0.09 0.0130959
0.68 0.096 0.000382653
0.68 0.102 0.0139841
0.68 0.108 0.000475283
0.68 0.114 0.00693869
0.68 0.12 0.0114589
0.68 0.126 0.00447048
0.68 0.132 0.0175836
0.68 0.138 0.00130792
0.68 0.144 0.0031681
0.68 0.15 0.00512805
0.68 0.156 0.00965935
0.68 0.162 0.00698697
0.68 0.168 0.0173244
0.68 0.174 0.00560754
0.68 0.18 0.00838952
0.68 0.186 0.0113008
0.68 0.192 0.0165626
0.68 0.198 0.00986787
0.68 0.204 0.0104058
0.68 0.21 0.0125089
0.68 0.216 0.00673788
0.68 0.222 0.0139728
0.68 0.228 0.00706034
0.68 0.234 0.0173151
0.68 0.24 0.0101603
0.68 0.246 0.0385821
0.68 0.252 0.03841
0.68 0.258 0.0323797
0.68 0.264 0.0343432
0.68 0.27 0.0326314
0.68 0.276 0.026184
0.68 0.282 0.044884
0.68 0.288 0.0307866
0.68 0.294 0.0376632
0.68 0.3 0.0573506
0.68 0.306 0.0436842
0.68 0.312 0.0338376
0.68 0.318 0.0455829
0.68 0.324 0.0623866
0.68 0.33 0.0473545
0.68 0.336 0.0623699
0.68 0.342 0.0694833
0.68 0.348 0.0708149
0.68 0.354 0.0479415
0.68 0.36 0.0641883
0.68 0.366 0.0489781
0.68 0.372 0.0703835
0.68 0.378 0.0540751
0.68 0.384 0.0830748
0.68 0.39 0.0965816
0.68 0.396 0.0705356
0.68 0.402 0.0567452
0.68 0.408 0.0654958
0.68 0.414 0.0579726
0.68 0.42 0.0556316
0.68 0.426 0.0520899
0.68 0.432 0.0466428
0.68 0.438 0.0316246
0.68 0.444 0.0602452
0.68 0.45 0.0422104
0.68 0.456 0.0317066
0.68 0.462 0.0366053
0.68 0.468 0.0433528
0.68 0.474 0.0016016
0.68 0.48 0.0195807
0.68 0.486 0.00910605
0.68 0.492 0.0121519
0.68 0.498 0.0118687
0.68 0.504 0.00961268
0.68 0.51 0.0192255
0.68 0.516 0.0237281
0.68 0.522 0.0595667
0.68 0.528 0.0176162
0.68 0.534 0.0276977
0.68 0.54 0.0490341
0.68 0.546 0.0227333
0.68 0.552 0.0272006
0.68 0.558 0.0251205
0.68 0.564 0.0123498
0.68 0.57 0.0149786
0.68 0.576 0.00338824
0.68 0.582 0.0086255
0.68 0.588 0.0117318
0.68 0.594 0.00297657
0.68 0.6 0.00460628
0.685 0 0.000698491
0.685 0.006 0.000734634
0.685 0.012 0.000404054
0.685 0.018 0.000851402
0.685 0.024 0.00218084
0.685 0.03 0.00344043
0.685 0.036 0.00196637
0.685 0.042 0.00366987
0.685 0.048 0.00240138
0.685 0.054 0.00430233
0.685 0.06 0.00338798
0.685 0.066 0.015498
0.685 0.072 0.00673258
0.685 0.078 0.00651281
0.685 0.084 0.00203853
0.685 0.09 0.0131468
0.685 0.096 0.000194982
0.685 0.102 0.0126288
0.685 0.108 0.00313147
0.685 0.114 0.00695454
0.685 0.12 0.0104236
0.685 0.126 0.00778138
0.685 0.132 0.0151765
0.685 0.138 0.00228396
0.685 0.144 0.00359142
0.685 0.15 0.00574743
0.685 0.156 0.0125617
0.685 0.162 0.00712314
0.685 0.168 0.0170292
0.685 0.174 0.00538247
0.685 0.18 0.00735108
0.685 0.186 0.0114146
0.685 0.192 0.0122285
0.685 0.198 0.0129359
0.685 0.204 0.0131808
0.685 0.21 0.010811
0.685 0.216 0.00297662
0.685 0.222 0.0109917
0.685 0.228 0.00661549
0.685 0.234 0.0146675
0.685 0.24 0.0110784
0.685 0.246 0.0353795
0.685 0.252 0.0352556
0.685 0.258 0.0286551
0.685 0.264 0.0326798
0.685 0.27 0.0309409
0.685 0.276 0.0220407
0.685 0.282 0.0415045
0.685 0.288 0.0290635
0.685 0.294 0.0402423
0.685 0.3 0.0543348
0.685 0.306 0.0364734
0.685 0.312 0.0295818
0.685 0.318 0.0395436
0.685 0.324 0.0590398
0.685 0.33 0.046314
0.685 0.336 0.0597614
0.685 0.342 0.0705437
0.685 0.348 0.0694454
0.685 0.354 0.0485247
0.685 0.36 0.0642317
0.685 0.366 0.0504887
0.685 0.372 0.069782
0.685 0.378 0.0591617
0.685 0.384 0.0899947
0.685 0.39 0.100919
0.685 0.396 0.076991
0.685 0.402 0.0596809
0.685 0.408 0.0683092
0.685 0.414 0.0614558
0.685 0.42 0.0618276
0.685 0.426 0.0579124
0.685 0.432 0.049842
0.685 0.438 0.0337042
0.685 0.444 0.0586178
0.685 0.45 0.0468832
0.685 0.456 0.0355924
0.685 0.462 0.0382951
0.685 0.468 0.0490468
0.685 0.474 0.00455729
0.685 0.48 0.0234551
0.685 0.486 0.00644782
0.685 0.492 0.0156685
0.685 0.498 0.0166104
0.685 0.504 0.00975892
0.685 0.51 0.0190847
0.685 0.516 0.0255189
0.685 0.522 0.0603525
0.685 0.528 0.0193416
0.685 0.534 0.0308831
0.685 0.54 0.0441083
0.685 0.546 0.0235642
0.685 0.552 0.0236443
0.685 0.558 0.0252135
0.685 0.564 0.00968531
0.685 0.57 0.0122517
0.685 0.576 0.00378777
0.685 0.582 0.00724417
0.685 0.588 0.0115039
0.685 0.594 0.000482313
0.685 0.6 0.0049195
0.69 0 0.000643067
0.69 0.006 0.000688726
0.69 0.012 0.000445056
0.69 0.018 0.000844949
0.69 0.024 0.00205412
0.69 0.03 0.00335342
0.69 0.036 0.00198769
0.69 0.042 0.003659
0.69 0.048 0.00156321
0.69 0.054 0.00359088
0.69 0.06 0.00103542
0.69 0.066 0.0126414
0.69 0.072 0.000626479
0.69 0.078 0.00411675
0.69 0.084 0.00202395
0.69 0.09 0.0141938
0.69 0.096 0.000529868
0.69 0.102 0.010945
0.69 0.108 0.00555913
0.69 0.114 0.00557913
0.69 0.12 0.00828823
0.69 0.126 0.0111939
0.69 0.132 0.0116965
0.69 0.138 0.00337294
0.69 0.144 0.00567386
0.69 0.15 0.0098108
0.69 0.156 0.0117884
0.69 0.162 0.0075647
0.69 0.168 0.0135843
0.69 0.174 0.00787801
0.69 0.18 0.00569505
0.69 0.186 0.0113545
0.69 0.192 0.00546753
0.69 0.198 0.010832
0.69 0.204 0.0146868
0.69 0.21 0.00998197
0.69 0.216 0.00144715
0.69 0.222 0.00664902
0.69 0.228 0.0111541
0.69 0.234 0.0152873
0.69 0.24 0.0127995
0.69 0.246 0.033248
0.69 0.252 0.0368033
0.69 0.258 0.0260972
0.69 0.264 0.0325789
0.69 0.27 0.0290315
0.69 0.276 0.017102
0.69 0.282 0.0372093
0.69 0.288 0.027572
0.69 0.294 0.0433517
0.69 0.3 0.0491394
0.69 0.306 0.0271273
0.69 0.312 0.0261847
0.69 0.318 0.0337576
0.69 0.324 0.0553702
0.69 0.33 0.0427991
0.69 0.336 0.0567279
0.69 0.342 0.0681556
0.69 0.348 0.0664534
0.69 0.354 0.0495513
0.69 0.36 0.0616843
0.69 0.366 0.0539844
0.69 0.372 0.0678452
0.69 0.378 0.0647944
0.69 0.384 0.0961028
0.69 0.39 0.10269
0.69 0.396 0.0784298
0.69 0.402 0.0603629
0.69 0.408 0.0689991
0.69 0.414 0.0661033
0.69 0.42 0.0660089
0.69 0.426 0.0656238
0.69 0.432 0.0505526
0.69 0.438 0.0358012
0.69 0.444 0.0534743
0.69 0.45 0.049655
0.69 0.456 0.0394189
0.69 0.462 0.0411949
0.69 0.468 0.0548037
0.69 0.474 0.0113311
0.69 0.48 0.0290668
0.69 0.486 0.00741071
0.69 0.492 0.0159035
0.69 0.498 0.0220819
0.69 0.504 0.00911259
0.69 0.51 0.0198621
0.69 0.516 0.0269048
0.69 0.522 0.0645894
0.69 0.528 0.0199914
0.69 0.534 0.0330695
0.69 0.54 0.0398156
0.69 0.546 0.0233784
0.69 0.552 0.0192144
0.69 0.558 0.0272563
0.69 0.564 0.00850795
0.69 0.57 0.0102309
0.69 0.576 0.00448965
0.69 0.582 0.00492276
0.69 0.588 0.0103778
0.69 0.594 0.00203791
0.69 0.6 0.00507043
0.695 0 0.000664485
0.695 0.006 0.000708026
0.695 0.012 0.00052515
0.695 0.018 0.000837697
0.695 0.024 0.00184329
0.695 0.03 0.0032487
0.695 0.036 0.00176738
0.695 0.042 0.00350663
0.695 0.048 0.0010506
0.695 0.054 0.00311526
0.695 0.06 0.0071772
0.695 0.066 0.0090581
0.695 0.072 0.00489357
0.695 0.078 0.00273115
0.695 0.084 0.00521563
0.695 0.09 0.015984
0.695 0.096 0.00122322
0.695 0.102 0.00978546
0.695 0.108 0.00694008
0.695 0.114 0.00285813
0.695 0.12 0.00474585
0.695 0.126 0.0144265
0.695 0.132 0.00814482
0.695 0.138 0.00277601
0.695 0.144 0.00758479
0.695 0.15 0.0137449
0.695 0.156 0.00833434
0.695 0.162 0.00734446
0.695 0.168 0.0102414
0.695 0.174 0.0121662
0.695 0.18 0.00571279
0.695 0.186 0.0109962
0.695 0.192 0.00107302
0.695 0.198 0.00327308
0.695 0.204 0.0148259
0.695 0.21 0.00886161
0.695 0.216 0.00538335
0.695 0.222 0.00345714
0.695 0.228 0.0166767
0.695 0.234 0.0195579
0.695 0.24 0.0128429
0.695 0.246 0.0305523
0.695 0.252 0.0388794
0.695 0.258 0.0242176
0.695 0.264 0.033418
0.695 0.27 0.0258213
0.695 0.276 0.013694
0.695 0.282 0.0318796
0.695 0.288 0.024857
0.695 0.294 0.0444505
0.695 0.3 0.0433728
0.695 0.306 0.0212412
0.695 0.312 0.0238432
0.695 0.318 0.0303382
0.695 0.324 0.0516822
0.695 0.33 0.0383319
0.695 0.336 0.054179
0.695 0.342 0.0625316
0.695 0.348 0.061816
0.695 0.354 0.0497863
0.695 0.36 0.058245
0.695 0.366 0.0575613
0.695 0.372 0.0658653
0.695 0.378 0.0690965
0.695 0.384 0.0999441
0.695 0.39 0.102878
0.695 0.396 0.0755067
0.695 0.402 0.0592212
0.695 0.408 0.0673374
0.695 0.414 0.0722104
0.695 0.42 0.0682351
0.695 0.426 0.072443
0.695 0.432 0.0501973
0.695 0.438 0.0393074
0.695 0.444 0.0482703
0.695 0.45 0.04811
0.695 0.456 0.0423663
0.695 0.462 0.0440804
0.695 0.468 0.0600824
0.695 0.474 0.0200246
0.695 0.48 0.035197
0.695 0.486 0.0114547
0.695 0.492 0.0142864
0.695 0.498 0.0260262
0.695 0.504 0.00657721
0.695 0.51 0.0185683
0.695 0.516 0.0283773
0.695 0.522 0.0725482
0.695 0.528 0.0185709
0.695 0.534 0.0339137
0.695 0.54 0.0379636
0.695 0.546 0.0212035
0.695 0.552 0.0175125
0.695 0.558 0.0316018
0.695 0.564 0.00925956
0.695 0.57 0.00972289
0.695 0.576 0.00540489
0.695 0.582 0.00307191
0.695 0.588 0.00801009
0.695 0.594 0.00335271
0.695 0.6 0.00444566
0.7 0 0.000672542
0.7 0.006 0.000716936
0.7 0.012 0.000595586
0.7 0.018 0.000803771
0.7 0.024 0.00157879
0.7 0.03 0.0031265
0.7 0.036 0.00130189
0.7 0.042 0.00327277
0.7 0.048 0.000863649
0.7 0.054 0.00285148
0.7 0.06 0.0142056
0.7 0.066 0.00517162
0.7 0.072 0.00902532
0.7 0.078 0.00289351
0.7 0.084 0.006651
0.7 0.09 0.0180564
0.7 0.096 0.00160417
0.7 0.102 0.00962306
0.7 0.108 0.00716806
0.7 0.114 0.000660684
0.7 0.12 0.000136387
0.7 0.126 0.0171512
0.7 0.132 0.00581539
0.7 0.138 0.00270166
0.7 0.144 0.00757822
0.7 0.15 0.0140904
0.7 0.156 0.00488495
0.7 0.162 0.00569398
0.7 0.168 0.00867502
0.7 0.174 0.0166661
0.7 0.18 0.00748649
0.7 0.186 0.00938248
0.7 0.192 0.00544847
0.7 0.198 0.00505105
0.7 0.204 0.0146235
0.7 0.21 0.00641553
0.7 0.216 0.00645697
0.7 0.222 0.00310896
0.7 0.228 0.0186979
0.7 0.234 0.0251553
0.7 0.24 0.0101246
0.7 0.246 0.0257151
0.7 0.252 0.0372691
0.7 0.258 0.0225226
0.7 0.264 0.0327998
0.7 0.27 0.0207256
0.7 0.276 0.0133336
0.7 0.282 0.0259677
0.7 0.288 0.0201375
0.7 0.294 0.042239
0.7 0.3 0.0384584
0.7 0.306 0.0221747
0.7 0.312 0.0229475
0.7 0.318 0.0297989
0.7 0.324 0.0479835
0.7 0.33 0.0352069
0.7 0.336 0.0518818
0.7 0.342 0.0553473
0.7 0.348 0.0574799
0.7 0.354 0.0482127
0.7 0.36 0.0559921
0.7 0.366 0.0590479
0.7 0.372 0.0642691
0.7 0.378 0.0715927
0.7 0.384 0.101125
0.7 0.39 0.1033
0.7 0.396 0.0711528
0.7 0.402 0.058399
0.7 0.408 0.0647196
0.7 0.414 0.079555
0.7 0.42 0.0694351
0.7 0.426 0.0763511
0.7 0.432 0.0505149
0.7 0.438 0.0420942
0.7 0.444 0.044988
0.7 0.45 0.0426025
0.7 0.456 0.0457416
0.7 0.462 0.0460089
0.7 0.468 0.0645372
0.7 0.474 0.0284114
0.7 0.48 0.0412917
0.7 0.486 0.0167065
0.7 0.492 0.0131108
0.7 0.498 0.0271661
0.7 0.504 0.00413721
0.7 0.51 0.0151361
0.7 0.516 0.0299422
0.7 0.522 0.0803737
0.7 0.528 0.0153191
0.7 0.534 0.0336536
0.7 0.54 0.0382704
0.7 0.546 0.0186572
0.7 0.552 0.0194919
0.7 0.558 0.0361851
0.7 0.564 0.0116661
0.7 0.57 0.0108346
0.7 0.576 0.00591627
0.7 0.582 0.00298697
0.7 0.588 0.00451631
0.7 0.594 0.0029684
0.7 0.6 0.00366797
0.705 0 0.000607964
0.705 0.006 0.000665491
0.705 0.012 0.000622836
0.705 0.018 0.000727969
0.705 0.024 0.00128985
0.705 0.03 0.00298927
0.705 0.036 0.000616023
0.705 0.042 0.00301174
0.705 0.048 0.000965301
0.705 0.054 0.00273262
0.705 0.06 0.0211043
0.705 0.066 0.00136061
0.705 0.072 0.0115415
0.705 0.078 0.00481121
0.705 0.084 0.00609487
0.705 0.09 0.0197812
0.705 0.096 0.00138156
0.705 0.102 0.010411
0.705 0.108 0.00655244
0.705 0.114 0.00409725
0.705 0.12 0.00570731
0.705 0.126 0.0188912
0.705 0.132 0.00556202
0.705 0.138 0.00452624
0.705 0.144 0.00520308
0.705 0.15 0.00988463
0.705 0.156 0.00395441
0.705 0.162 0.00314833
0.705 0.168 0.00822028
0.705 0.174 0.0197238
0.705 0.18 0.00879546
0.705 0.186 0.00571362
0.705 0.192 0.0070034
0.705 0.198 0.0090227
0.705 0.204 0.0143788
0.705 0.21 0.00340241
0.705 0.216 0.00421747
0.705 0.222 0.00509096
0.705 0.228 0.0153767
0.705 0.234 0.0285843
0.705 0.24 0.00627361
0.705 0.246 0.0196387
0.705 0.252 0.0321674
0.705 0.258 0.0212222
0.705 0.264 0.0287891
0.705 0.27 0.0147
0.705 0.276 0.0152687
0.705 0.282 0.0206601
0.705 0.288 0.0141006
0.705 0.294 0.037481
0.705 0.3 0.0348475
0.705 0.306 0.0275146
0.705 0.312 0.0232746
0.705 0.318 0.0307588
0.705 0.324 0.0439465
0.705 0.33 0.0345797
0.705 0.336 0.0494646
0.705 0.342 0.0493362
0.705 0.348 0.0556739
0.705 0.354 0.0452895
0.705 0.36 0.0556007
0.705 0.366 0.0576278
0.705 0.372 0.0629053
0.705 0.378 0.0729006
0.705 0.384 0.100388
0.705 0.39 0.104237
0.705 0.396 0.0683565
0.705 0.402 0.0593117
0.705 0.408 0.0635065
0.705 0.414 0.0874134
0.705 0.42 0.0713178
0.705 0.426 0.0781408
0.705 0.432 0.0531492
0.705 0.438 0.0409583
0.705 0.444 0.0433148
0.705 0.45 0.036694
0.705 0.456 0.0513997
0.705 0.462 0.0476082
0.705 0.468 0.0677729
0.705 0.474 0.0346469
0.705 0.48 0.0473448
0.705 0.486 0.0211365
0.705 0.492 0.0138138
0.705 0.498 0.026057
0.705 0.504 0.00513583
0.705 0.51 0.0112062
0.705 0.516 0.0326117
0.705 0.522 0.0835805
0.705 0.528 0.0115789
0.705 0.534 0.03285
0.705 0.54 0.0389178
0.705 0.546 0.0187509
0.705 0.552 0.023024
0.705 0.558 0.0386856
0.705 0.564 0.0149216
0.705 0.57 0.0129455
0.705 0.576 0.00521592
0.705 0.582 0.00486917
0.705 0.588 0.00049409
0.705 0.594 0.00126693
0.705 0.6 0.00409003
0.71 0 0.0005562
0.71 0.006 0.000624634
0.71 0.012 0.0006483
0.71 0.018 0.000641709
0.71 0.024 0.000977853
0.71 0.03 0.00286049
0.71 0.036 0.000245582
0.71 0.042 0.00275763
0.71 0.048 0.00129098
0.71 0.054 0.0026643
0.71 0.06 0.0268387
0.71 0.066 0.00200323
0.71 0.072 0.0127181
0.71 0.078 0.00819116
0.71 0.084 0.00407529
0.71 0.09 0.0204657
0.71 0.096 0.000984305
0.71 0.102 0.0117147
0.71 0.108 0.00520833
0.71 0.114 0.00657257
0.71 0.12 0.0107916
0.71 0.126 0.0192336
0.71 0.132 0.00730554
0.71 0.138 0.00747102
0.71 0.144 0.00154158
0.71 0.15 0.0034374
0.71 0.156 0.00587511
0.71 0.162 0.00131714
0.71 0.168 0.00736129
0.71 0.174 0.0200216
0.71 0.18 0.00741932
0.71 0.186 0.00068735
0.71 0.192 0.00619824
0.71 0.198 0.00795524
0.71 0.204 0.0137034
0.71 0.21 0.00211181
0.71 0.216 0.00105466
0.71 0.222 0.00706958
0.71 0.228 0.00859413
0.71 0.234 0.0273783
0.71 0.24 0.00371886
0.71 0.246 0.014983
0.71 0.252 0.0271373
0.71 0.258 0.0205606
0.71 0.264 0.0219916
0.71 0.27 0.00974684
0.71 0.276 0.0168872
0.71 0.282 0.0168227
0.71 0.288 0.00865004
0.71 0.294 0.0326349
0.71 0.3 0.0324047
0.71 0.306 0.0310684
0.71 0.312 0.0239302
0.71 0.318 0.0314497
0.71 0.324 0.0394695
0.71 0.33 0.035421
0.71 0.336 0.0470714
0.71 0.342 0.0467556
0.71 0.348 0.0568459
0.71 0.354 0.0423617
0.71 0.36 0.0559041
0.71 0.366 0.0540368
0.71 0.372 0.0619508
0.71 0.378 0.0733956
0.71 0.384 0.0984721
0.71 0.39 0.104871
0.71 0.396 0.0683792
0.71 0.402 0.0614926
0.71 0.408 0.0651333
0.71 0.414 0.0947152
0.71 0.42 0.0754545
0.71 0.426 0.080818
0.71 0.432 0.0594129
0.71 0.438 0.0373818
0.71 0.444 0.0427976
0.71 0.45 0.0342407
0.71 0.456 0.0592993
0.71 0.462 0.0505773
0.71 0.468 0.0700331
0.71 0.474 0.0379817
0.71 0.48 0.0530826
0.71 0.486 0.0234909
0.71 0.492 0.016109
0.71 0.498 0.0255619
0.71 0.504 0.0109826
0.71 0.51 0.00690136
0.71 0.516 0.0375096
0.71 0.522 0.0820674
0.71 0.528 0.00926379
0.71 0.534 0.0314263
0.71 0.54 0.039057
0.71 0.546 0.0230277
0.71 0.552 0.0254786
0.71 0.558 0.0387667
0.71 0.564 0.0177531
0.71 0.57 0.0145868
0.71 0.576 0.00336516
0.71 0.582 0.00764212
0.71 0.588 0.00298407
0.71 0.594 0.000996717
0.71 0.6 0.00601883
0.715 0 0.000576927
0.715 0.006 0.000643983
0.715 0.012 0.000700943
0.715 0.018 0.000567575
0.715 0.024 0.000649954
0.715 0.03 0.00276148
0.715 0.036 0.0012012
0.715 0.042 0.00253623
0.715 0.048 0.00174946
0.715 0.054 0.00253207
0.715 0.06 0.0305388
0.715 0.066 0.00452757
0.715 0.072 0.0130623
0.715 0.078 0.012247
0.715 0.084 0.00165267
0.715 0.09 0.0195883
0.715 0.096 0.00121381
0.715 0.102 0.0130183
0.715 0.108 0.00293224
0.715 0.114 0.00751215
0.715 0.12 0.0140555
0.715 0.126 0.0181133
0.715 0.132 0.0103034
0.715 0.138 0.00937954
0.715 0.144 0.001644
0.715 0.15 0.00112051
0.715 0.156 0.00841336
0.715 0.162 0.00147277
0.715 0.168 0.00553701
0.715 0.174 0.017282
0.715 0.18 0.00356127
0.715 0.186 0.00342799
0.715 0.192 0.00421014
0.715 0.198 0.00553259
0.715 0.204 0.0130329
0.715 0.21 0.0042298
0.715 0.216 0.000544413
0.715 0.222 0.00692785
0.715 0.228 0.0023403
0.715 0.234 0.0215458
0.715 0.24 0.00305099
0.715 0.246 0.0134547
0.715 0.252 0.0250791
0.715 0.258 0.019733
0.715 0.264 0.0152018
0.715 0.27 0.00755567
0.715 0.276 0.0158514
0.715 0.282 0.0139782
0.715 0.288 0.00556184
0.715 0.294 0.0300067
0.715 0.3 0.0309741
0.715 0.306 0.0288111
0.715 0.312 0.0239657
0.715 0.318 0.0311091
0.715 0.324 0.0351422
0.715 0.33 0.0354722
0.715 0.336 0.0449208
0.715 0.342 0.0478434
0.715 0.348 0.0595597
0.715 0.354 0.039818
0.715 0.36 0.0552715
0.715 0.366 0.0501269
0.715 0.372 0.0617517
0.715 0.378 0.0728661
0.715 0.384 0.0954931
0.715 0.39 0.105014
0.715 0.396 0.0708389
0.715 0.402 0.0638432
0.715 0.408 0.0688279
0.715 0.414 0.100567
0.715 0.42 0.0815579
0.715 0.426 0.0862734
0.715 0.432 0.0683876
0.715 0.438 0.0366323
0.715 0.444 0.0440178
0.715 0.45 0.0362484
0.715 0.456 0.0670679
0.715 0.462 0.0555971
0.715 0.468 0.0723665
0.715 0.474 0.0392801
0.715 0.48 0.05791
0.715 0.486 0.0240754
0.715 0.492 0.0183754
0.715 0.498 0.0288285
0.715 0.504 0.0194373
0.715 0.51 0.00164852
0.715 0.516 0.0439784
0.715 0.522 0.0799031
0.715 0.528 0.00990158
0.715 0.534 0.0285168
0.715 0.54 0.0400271
0.715 0.546 0.0299952
0.715 0.552 0.0258891
0.715 0.558 0.0376995
0.715 0.564 0.019108
0.715 0.57 0.0145781
0.715 0.576 0.00153315
0.715 0.582 0.00977602
0.715 0.588 0.00472794
0.715 0.594 0.0033295
0.715 0.6 0.00796422
0.72 0 0.000589194
0.72 0.006 0.00065575
0.72 0.012 0.000737494
0.72 0.018 0.000481817
0.72 0.024 0.000340293
0.72 0.03 0.00269374
0.72 0.036 0.00212672
0.72 0.042 0.00236934
0.72 0.048 0.00223725
0.72 0.054 0.00222977
0.72 0.06 0.031669
0.72 0.066 0.00584311
0.72 0.072 0.0130093
0.72 0.078 0.0159053
0.72 0.084 4.57742e-05
0.72 0.09 0.0170327
0.72 0.096 0.00265231
0.72 0.102 0.0138742
0.72 0.108 0.000394271
0.72 0.114 0.00684767
0.72 0.12 0.0145489
0.72 0.126 0.015848
0.72 0.132 0.0136583
0.72 0.138 0.00873347
0.72 0.144 0.00306132
0.72 0.15 0.00111562
0.72 0.156 0.00870093
0.72 0.162 0.00341467
0.72 0.168 0.0034597
0.72 0.174 0.0127997
0.72 0.18 0.000131891
0.72 0.186 0.00440782
0.72 0.192 0.00233307
0.72 0.198 0.00528562
0.72 0.204 0.0135345
0.72 0.21 0.008931
0.72 0.216 0.0006407
0.72 0.222 0.00463494
0.72 0.228 8.32803e-05
0.72 0.234 0.0135886
0.72 0.24 0.0029647
0.72 0.246 0.0142862
0.72 0.252 0.0262284
0.72 0.258 0.0173275
0.72 0.264 0.0109559
0.72 0.27 0.00843921
0.72 0.276 0.0119851
0.72 0.282 0.0109258
0.72 0.288 0.00507239
0.72 0.294 0.0297297
0.72 0.3 0.0303827
0.72 0.306 0.0224865
0.72 0.312 0.0228192
0.72 0.318 0.029827
0.72 0.324 0.0318404
0.72 0.33 0.0333756
0.72 0.336 0.0426903
0.72 0.342 0.0505719
0.72 0.348 0.0620852
0.72 0.354 0.0367058
0.72 0.36 0.053152
0.72 0.366 0.0482229
0.72 0.372 0.0616817
0.72 0.378 0.0712489
0.72 0.384 0.09173
0.72 0.39 0.105081
0.72 0.396 0.0744119
0.72 0.402 0.0658967
0.72 0.408 0.0720696
0.72 0.414 0.104624
0.72 0.42 0.0876673
0.72 0.426 0.0932798
0.72 0.432 0.0760247
0.72 0.438 0.0411309
0.72 0.444 0.0476384
0.72 0.45 0.04079
0.72 0.456 0.0721339
0.72 0.462 0.0612256
0.72 0.468 0.0757052
0.72 0.474 0.0407244
0.72 0.48 0.0616331
0.72 0.486 0.0246693
0.72 0.492 0.0192985
0.72 0.498 0.0356651
0.72 0.504 0.0260297
0.72 0.51 0.00300981
0.72 0.516 0.0502677
0.72 0.522 0.0805129
0.72 0.528 0.0133631
0.72 0.534 0.0238186
0.72 0.54 0.0435363
0.72 0.546 0.0362891
0.72 0.552 0.0251017
0.72 0.558 0.0365877
0.72 0.564 0.0190542
0.72 0.57 0.0134748
0.72 0.576 0.000971222
0.72 0.582 0.0103871
0.72 0.588 0.00414014
0.72 0.594 0.00544915
0.72 0.6 0.00825657
0.725 0 0.000532845
0.725 0.006 0.000609507
0.725 0.012 0.000725584
0.725 0.018 0.000367193
0.725 0.024 7.25195e-05
0.725 0.03 0.00266062
0.725 0.036 0.00289049
0.725 0.042 0.00225993
0.725 0.048 0.0026663
0.725 0.054 0.001701
0.725 0.06 0.0301364
0.725 0.066 0.00568285
0.725 0.072 0.0127383
0.725 0.078 0.0181539
0.725 0.084 0.000299196
0.725 0.09 0.0131608
0.725 0.096 0.00517085
0.725 0.102 0.0137998
0.725 0.108 0.00445257
0.725 0.114 0.00510822
0.725 0.12 0.0121686
0.725 0.126 0.0129247
0.725 0.132 0.0163541
0.725 0.138 0.00595416
0.725 0.144 0.00245196
0.725 0.15 0.0023431
0.725 0.156 0.00579395
0.725 0.162 0.00583754
0.725 0.168 0.00191732
0.725 0.174 0.00886195
0.725 0.18 0.00102691
0.725 0.186 0.00199913
0.725 0.192 0.00128895
0.725 0.198 0.00690953
0.725 0.204 0.0150458
0.725 0.21 0.0132188
0.725 0.216 0.00105963
0.725 0.222 0.0020674
0.725 0.228 0.00207523
0.725 0.234 0.00706615
0.725 0.24 0.0024181
0.725 0.246 0.0152968
0.725 0.252 0.0289521
0.725 0.258 0.0129826
0.725 0.264 0.0095707
0.725 0.27 0.0111132
0.725 0.276 0.00719906
0.725 0.282 0.00751921
0.725 0.288 0.00570497
0.725 0.294 0.0297326
0.725 0.3 0.0300574
0.725 0.306 0.0169538
0.725 0.312 0.0204863
0.725 0.318 0.0276468
0.725 0.324 0.0299563
0.725 0.33 0.0297848
0.725 0.336 0.0397481
0.725 0.342 0.0519148
0.725 0.348 0.0633995
0.725 0.354 0.0325256
0.725 0.36 0.0500484
0.725 0.366 0.0493823
0.725 0.372 0.0599594
0.725 0.378 0.0688602
0.725 0.384 0.0882945
0.725 0.39 0.104888
0.725 0.396 0.0772038
0.725 0.402 0.0671399
0.725 0.408 0.0723149
0.725 0.414 0.106721
0.725 0.42 0.0924093
0.725 0.426 0.0991475
0.725 0.432 0.0785624
0.725 0.438 0.0484222
0.725 0.444 0.0537793
0.725 0.45 0.0455247
0.725 0.456 0.0741589
0.725 0.462 0.0654874
0.725 0.468 0.079984
0.725 0.474 0.0444638
0.725 0.48 0.064684
0.725 0.486 0.0267194
0.725 0.492 0.0196354
0.725 0.498 0.0421662
0.725 0.504 0.0276392
0.725 0.51 0.00462977
0.725 0.516 0.0554396
0.725 0.522 0.0839916
0.725 0.528 0.0175378
0.725 0.534 0.0186532
0.725 0.54 0.0491543
0.725 0.546 0.039381
0.725 0.552 0.025212
0.725 0.558 0.0357703
0.725 0.564 0.0184305
0.725 0.57 0.0129826
0.725 0.576 0.00197215
0.725 0.582 0.00960416
0.725 0.588 0.0016304
0.725 0.594 0.00681476
0.725 0.6 0.00709613
0.73 0 0.000484273
0.73 0.006 0.000569107
0.73 0.012 0.000704299
0.73 0.018 0.00025209
0.73 0.024 0.000165909
0.73 0.03 0.0026819
0.73 0.036 0.0033908
0.73 0.042 0.00219108
0.73 0.048 0.00297724
0.73 0.054 0.000952327
0.73 0.06 0.0263192
0.73 0.066 0.00395505
0.73 0.072 0.0121564
0.73 0.078 0.0184034
0.73 0.084 0.000950397
0.73 0.09 0.00869426
0.73 0.096 0.00775663
0.73 0.102 0.0122411
0.73 0.108 0.00851197
0.73 0.114 0.00326818
0.73 0.12 0.00777468
0.73 0.126 0.0097786
0.73 0.132 0.0172251
0.73 0.138 0.0028059
0.73 0.144 0.000423837
0.73 0.15 0.00575937
0.73 0.156 0.00146484
0.73 0.162 0.00770986
0.73 0.168 0.000805164
0.73 0.174 0.00729251
0.73 0.18 0.00105135
0.73 0.186 0.00162021
0.73 0.192 0.00108903
0.73 0.198 0.00726498
0.73 0.204 0.0153552
0.73 0.21 0.014334
0.73 0.216 0.00262067
0.73 0.222 0.00115986
0.73 0.228 0.00704446
0.73 0.234 0.0044539
0.73 0.24 0.00192351
0.73 0.246 0.0151616
0.73 0.252 0.0311584
0.73 0.258 0.00808442
0.73 0.264 0.00951139
0.73 0.27 0.0133482
0.73 0.276 0.00378502
0.73 0.282 0.00525911
0.73 0.288 0.00553333
0.73 0.294 0.0280016
0.73 0.3 0.028902
0.73 0.306 0.0146169
0.73 0.312 0.0176634
0.73 0.318 0.0243767
0.73 0.324 0.0293422
0.73 0.33 0.0263234
0.73 0.336 0.0360142
0.73 0.342 0.04982
0.73 0.348 0.0626269
0.73 0.354 0.0285606
0.73 0.36 0.0464058
0.73 0.366 0.0516416
0.73 0.372 0.055295
0.73 0.378 0.0657285
0.73 0.384 0.0865348
0.73 0.39 0.103567
0.73 0.396 0.0776183
0.73 0.402 0.0661576
0.73 0.408 0.0688197
0.73 0.414 0.106265
0.73 0.42 0.0957353
0.73 0.426 0.102173
0.73 0.432 0.0771088
0.73 0.438 0.0554938
0.73 0.444 0.0624058
0.73 0.45 0.0497498
0.73 0.456 0.07529
0.73 0.462 0.0681259
0.73 0.468 0.0841822
0.73 0.474 0.0511603
0.73 0.48 0.0676129
0.73 0.486 0.0294529
0.73 0.492 0.0220029
0.73 0.498 0.0450274
0.73 0.504 0.0253084
0.73 0.51 0.00350838
0.73 0.516 0.0591393
0.73 0.522 0.0886704
0.73 0.528 0.019877
0.73 0.534 0.0149965
0.73 0.54 0.0543358
0.73 0.546 0.0393745
0.73 0.552 0.0286427
0.73 0.558 0.0353769
0.73 0.564 0.0176038
0.73 0.57 0.0139945
0.73 0.576 0.00378359
0.73 0.582 0.00799227
0.73 0.588 0.00176133
0.73 0.594 0.00687665
0.73 0.6 0.00634092
0.735 0 0.000504028
0.735 0.006 0.000585416
0.735 0.012 0.000705756
0.735 0.018 0.000161831
0.735 0.024 0.00038969
0.735 0.03 0.00276789
0.735 0.036 0.00356124
0.735 0.042 0.00214826
0.735 0.048 0.00313232
0.735 0.054 3.53068e-05
0.735 0.06 0.0210164
0.735 0.066 0.00081145
0.735 0.072 0.0110211
0.735 0.078 0.0167164
0.735 0.084 0.00314071
0.735 0.09 0.00447503
0.735 0.096 0.00893382
0.735 0.102 0.00882747
0.735 0.108 0.0116573
0.735 0.114 0.00226889
0.735 0.12 0.00285345
0.735 0.126 0.00673005
0.735 0.132 0.0156193
0.735 0.138 0.000613849
0.735 0.144 0.00201371
0.735 0.15 0.00690973
0.735 0.156 0.00131905
0.735 0.162 0.00898375
0.735 0.168 0.000234442
0.735 0.174 0.00846362
0.735 0.18 0.00379479
0.735 0.186 0.00331017
0.735 0.192 0.00164572
0.735 0.198 0.00432935
0.735 0.204 0.012548
0.735 0.21 0.0119236
0.735 0.216 0.00404666
0.735 0.222 0.00247031
0.735 0.228 0.0119452
0.735 0.234 0.00575435
0.735 0.24 0.00252377
0.735 0.246 0.0144856
0.735 0.252 0.0314839
0.735 0.258 0.00464722
0.735 0.264 0.0092888
0.735 0.27 0.0131439
0.735 0.276 0.00283629
0.735 0.282 0.00564858
0.735 0.288 0.00366868
0.735 0.294 0.0246954
0.735 0.3 0.0260355
0.735 0.306 0.0135856
0.735 0.312 0.015524
0.735 0.318 0.0201127
0.735 0.324 0.0298757
0.735 0.33 0.023736
0.735 0.336 0.0324002
0.735 0.342 0.04471
0.735 0.348 0.0584501
0.735 0.354 0.0266021
0.735 0.36 0.0423187
0.735 0.366 0.0512061
0.735 0.372 0.04857
0.735 0.378 0.0613428
0.735 0.384 0.0870849
0.735 0.39 0.100477
0.735 0.396 0.0755905
0.735 0.402 0.0621119
0.735 0.408 0.0633869
0.735 0.414 0.10243
0.735 0.42 0.0971582
0.735 0.426 0.101941
0.735 0.432 0.0770223
0.735 0.438 0.0611318
0.735 0.444 0.0729932
0.735 0.45 0.0541555
0.735 0.456 0.0781695
0.735 0.462 0.0703574
0.735 0.468 0.0870676
0.735 0.474 0.0598363
0.735 0.48 0.0709612
0.735 0.486 0.0306301
0.735 0.492 0.0281578
0.735 0.498 0.0451913
0.735 0.504 0.0234882
0.735 0.51 0.00263762
0.735 0.516 0.0605775
0.735 0.522 0.0928365
0.735 0.528 0.0193219
0.735 0.534 0.0136977
0.735 0.54 0.0567874
0.735 0.546 0.0384139
0.735 0.552 0.0358632
0.735 0.558 0.0355094
0.735 0.564 0.0163694
0.735 0.57 0.0161336
0.735 0.576 0.00515244
0.735 0.582 0.00588679
0.735 0.588 0.00508033
0.735 0.594 0.00597329
0.735 0.6 0.00734673
0.74 0 0.000520445
0.74 0.006 0.000598758
0.74 0.012 0.000694142
0.74 0.018 7.98189e-05
0.74 0.024 0.000588
0.74 0.03 0.00289834
0.74 0.036 0.00337143
0.74 0.042 0.00213061
0.74 0.048 0.00311156
0.74 0.054 0.00096615
0.74 0.06 0.0153167
0.74 0.066 0.00330866
0.74 0.072 0.00913046
0.74 0.078 0.0138006
0.74 0.084 0.00535749
0.74 0.09 0.00121515
0.74 0.096 0.00769849
0.74 0.102 0.00367254
0.74 0.108 0.0130635
0.74 0.114 0.00249183
0.74 0.12 0.00110737
0.74 0.126 0.00402138
0.74 0.132 0.0122353
0.74 0.138 0.000779052
0.74 0.144 0.00389853
0.74 0.15 0.00638185
0.74 0.156 0.000734409
0.74 0.162 0.00989475
0.74 0.168 0.000583195
0.74 0.174 0.0114237
0.74 0.18 0.00469394
0.74 0.186 0.00118579
0.74 0.192 0.00319452
0.74 0.198 0.000579669
0.74 0.204 0.0075396
0.74 0.21 0.00792108
0.74 0.216 0.00366552
0.74 0.222 0.00519488
0.74 0.228 0.0145205
0.74 0.234 0.00893155
0.74 0.24 0.00418184
0.74 0.246 0.0145396
0.74 0.252 0.0302366
0.74 0.258 0.00368917
0.74 0.264 0.00869652
0.74 0.27 0.00971052
0.74 0.276 0.00398323
0.74 0.282 0.00826945
0.74 0.288 0.000662846
0.74 0.294 0.0217119
0.74 0.3 0.0221232
0.74 0.306 0.0112783
0.74 0.312 0.014938
0.74 0.318 0.015464
0.74 0.324 0.0315524
0.74 0.33 0.0214465
0.74 0.336 0.0302159
0.74 0.342 0.0393979
0.74 0.348 0.0500119
0.74 0.354 0.0267551
0.74 0.36 0.0384011
0.74 0.366 0.0462065
0.74 0.372 0.0422996
0.74 0.378 0.0554394
0.74 0.384 0.089447
0.74 0.39 0.0955955
0.74 0.396 0.0723099
0.74 0.402 0.0569897
0.74 0.408 0.0591789
0.74 0.414 0.095173
0.74 0.42 0.0952312
0.74 0.426 0.0988254
0.74 0.432 0.082175
0.74 0.438 0.0640645
0.74 0.444 0.083723
0.74 0.45 0.0592125
0.74 0.456 0.0838628
0.74 0.462 0.0727448
0.74 0.468 0.0882199
0.74 0.474 0.0690745
0.74 0.48 0.0757082
0.74 0.486 0.0293314
0.74 0.492 0.0365403
0.74 0.498 0.0462318
0.74 0.504 0.0260879
0.74 0.51 0.00461282
0.74 0.516 0.0597054
0.74 0.522 0.0949013
0.74 0.528 0.0163753
0.74 0.534 0.0143073
0.74 0.54 0.0562807
0.74 0.546 0.0385233
0.74 0.552 0.0433643
0.74 0.558 0.0360867
0.74 0.564 0.015084
0.74 0.57 0.0189226
0.74 0.576 0.00497764
0.74 0.582 0.00348982
0.74 0.588 0.00765517
0.74 0.594 0.0053052
0.74 0.6 0.00955504
0.745 0 0.00047307
0.745 0.006 0.000558588
0.745 0.012 0.000639344
0.745 0.018 7.11194e-06
0.745 0.024 0.000751943
0.745 0.03 0.00304313
0.745 0.036 0.00284926
0.745 0.042 0.00213836
0.745 0.048 0.00291904
0.745 0.054 0.00193551
0.745 0.06 0.0103866
0.745 0.066 0.00771981
0.745 0.072 0.00648793
0.745 0.078 0.0107508
0.745 0.084 0.00670086
0.745 0.09 0.0006529
0.745 0.096 0.00425164
0.745 0.102 0.00260828
0.745 0.108 0.012368
0.745 0.114 0.00362863
0.745 0.12 0.00318061
0.745 0.126 0.00183036
0.745 0.132 0.00884548
0.745 0.138 0.00224783
0.745 0.144 0.00471224
0.745 0.15 0.00568172
0.745 0.156 0.00256199
0.745 0.162 0.0100147
0.745 0.168 0.000980877
0.745 0.174 0.0144907
0.745 0.18 0.00328964
0.745 0.186 0.00411492
0.745 0.192 0.00572277
0.745 0.198 0.00432029
0.745 0.204 0.00343848
0.745 0.21 0.00454258
0.745 0.216 0.00168996
0.745 0.222 0.00786206
0.745 0.228 0.0141875
0.745 0.234 0.0116272
0.745 0.24 0.0057864
0.745 0.246 0.0150697
0.745 0.252 0.0289529
0.745 0.258 0.00447055
0.745 0.264 0.00839271
0.745 0.27 0.00374847
0.745 0.276 0.00609965
0.745 0.282 0.0110257
0.745 0.288 0.00223088
0.745 0.294 0.0203689
0.745 0.3 0.0196549
0.745 0.306 0.00825606
0.745 0.312 0.015818
0.745 0.318 0.0111687
0.745 0.324 0.0338787
0.745 0.33 0.0188463
0.745 0.336 0.029999
0.745 0.342 0.0370972
0.745 0.348 0.0385025
0.745 0.354 0.0273684
0.745 0.36 0.0359506
0.745 0.366 0.0384661
0.745 0.372 0.0382188
0.745 0.378 0.0487419
0.745 0.384 0.0918167
0.745 0.39 0.0893962
0.745 0.396 0.0684027
0.745 0.402 0.0545666
0.745 0.408 0.0581204
0.745 0.414 0.0859886
0.745 0.42 0.0898175
0.745 0.426 0.094403
0.745 0.432 0.0909761
0.745 0.438 0.0632214
0.745 0.444 0.0922962
0.745 0.45 0.0642449
0.745 0.456 0.0915593
0.745 0.462 0.0748003
0.745 0.468 0.0887859
0.745 0.474 0.078018
0.745 0.48 0.0829277
0.745 0.486 0.0271637
0.745 0.492 0.0433828
0.745 0.498 0.0502061
0.745 0.504 0.0332908
0.745 0.51 0.0106988
0.745 0.516 0.0586868
0.745 0.522 0.0945649
0.745 0.528 0.0118324
0.745 0.534 0.0163695
0.745 0.54 0.0542533
0.745 0.546 0.0400929
0.745 0.552 0.0456269
0.745 0.558 0.0371622
0.745 0.564 0.0148251
0.745 0.57 0.0220721
0.745 0.576 0.00301401
0.745 0.582 0.00141279
0.745 0.588 0.00874119
0.745 0.594 0.00553007
0.745 0.6 0.0112393
0.75 0 0.000429219
0.75 0.006 0.000521217
0.75 0.012 0.000577884
0.75 0.018 7.10898e-05
0.75 0.024 0.000896864
0.75 0.03 0.00318381
0.75 0.036 0.00209219
0.75 0.042 0.00216632
0.75 0.048 0.00257924
0.75 0.054 0.00273876
0.75 0.06 0.00722103
0.75 0.066 0.0116375
0.75 0.072 0.00335483
0.75 0.078 0.00861526
0.75 0.084 0.00662986
0.75 0.09 0.000988927
0.75 0.096 0.000136185
0.75 0.102 0.00913104
0.75 0.108 0.00998787
0.75 0.114 0.00503313
0.75 0.12 0.00321898
0.75 0.126 0.000239839
0.75 0.132 0.00688353
0.75 0.138 0.00388438
0.75 0.144 0.004585
0.75 0.15 0.00516945
0.75 0.156 0.00599127
0.75 0.162 0.00852604
0.75 0.168 0.00429368
0.75 0.174 0.0157549
0.75 0.18 0.0012626
0.75 0.186 0.009966
0.75 0.192 0.00821005
0.75 0.198 0.00483733
0.75 0.204 0.0026596
0.75 0.21 0.00266633
0.75 0.216 0.000436019
0.75 0.222 0.00898832
0.75 0.228 0.011816
0.75 0.234 0.0125015
0.75 0.24 0.00662588
0.75 0.246 0.0140289
0.75 0.252 0.0283968
0.75 0.258 0.0049051
0.75 0.264 0.00883354
0.75 0.27 0.00279439
0.75 0.276 0.00798631
0.75 0.282 0.0121479
0.75 0.288 0.00397069
0.75 0.294 0.0200781
0.75 0.3 0.0208938
0.75 0.306 0.00723709
0.75 0.312 0.0171965
0.75 0.318 0.00763504
0.75 0.324 0.0356151
0.75 0.33 0.0163987
0.75 0.336 0.0308537
0.75 0.342 0.0387887
0.75 0.348 0.0273562
0.75 0.354 0.0270416
0.75 0.36 0.035353
0.75 0.366 0.0311231
0.75 0.372 0.0356846
0.75 0.378 0.0426431
0.75 0.384 0.091432
0.75 0.39 0.0828986
0.75 0.396 0.0633042
0.75 0.402 0.0560625
0.75 0.408 0.0592681
0.75 0.414 0.0774292
0.75 0.42 0.08327
0.75 0.426 0.0909921
0.75 0.432 0.098295
0.75 0.438 0.0607252
0.75 0.444 0.0977102
0.75 0.45 0.0681854
0.75 0.456 0.0997568
0.75 0.462 0.0770672
0.75 0.468 0.0909804
0.75 0.474 0.0860961
0.75 0.48 0.0922665
0.75 0.486 0.0265085
0.75 0.492 0.0467025
0.75 0.498 0.0563112
0.75 0.504 0.0422936
0.75 0.51 0.0215455
0.75 0.516 0.0602734
0.75 0.522 0.0944642
0.75 0.528 0.00671904
0.75 0.534 0.019879
0.75 0.54 0.0523225
0.75 0.546 0.0422434
0.75 0.552 0.0406222
0.75 0.558 0.0390596
0.75 0.564 0.016091
0.75 0.57 0.024676
0.75 0.576 0.000324275
0.75 0.582 0.000599418
0.75 0.588 0.00749528
0.75 0.594 0.00585269
0.75 0.6 0.0112424
0.755 0 0.000449168
0.755 0.006 0.0005374
0.755 0.012 0.000543598
0.755 0.018 8.80182e-05
0.755 0.024 0.00103327
0.755 0.03 0.00330048
0.755 0.036 0.00123767
0.755 0.042 0.00221521
0.755 0.048 0.00211962
0.755 0.054 0.00325733
0.755 0.06 0.00643147
0.755 0.066 0.0143726
0.755 0.072 0.000168398
0.755 0.078 0.00795783
0.755 0.084 0.00516302
0.755 0.09 0.000105004
0.755 0.096 0.00395032
0.755 0.102 0.0150068
0.755 0.108 0.0069781
0.755 0.114 0.00619362
0.755 0.12 0.0017149
0.755 0.126 0.000772073
0.755 0.132 0.0063299
0.755 0.138 0.00471169
0.755 0.144 0.00405598
0.755 0.15 0.00438532
0.755 0.156 0.00710489
0.755 0.162 0.00543223
0.755 0.168 0.00687357
0.755 0.174 0.0138372
0.755 0.18 0.000439963
0.755 0.186 0.0135467
0.755 0.192 0.00908586
0.755 0.198 0.00230858
0.755 0.204 0.00531339
0.755 0.21 0.0020148
0.755 0.216 0.00210187
0.755 0.222 0.00783461
0.755 0.228 0.00854481
0.755 0.234 0.0113337
0.755 0.24 0.00725442
0.755 0.246 0.0100866
0.755 0.252 0.0275171
0.755 0.258 0.00305643
0.755 0.264 0.00998262
0.755 0.27 0.00723723
0.755 0.276 0.00868037
0.755 0.282 0.0114014
0.755 0.288 0.00408688
0.755 0.294 0.0194686
0.755 0.3 0.0251769
0.755 0.306 0.00905181
0.755 0.312 0.0177821
0.755 0.318 0.00476609
0.755 0.324 0.0354458
0.755 0.33 0.0149887
0.755 0.336 0.0309814
0.755 0.342 0.0421971
0.755 0.348 0.0203775
0.755 0.354 0.0258439
0.755 0.36 0.0346884
0.755 0.366 0.0256985
0.755 0.372 0.0326938
0.755 0.378 0.0382425
0.755 0.384 0.0862795
0.755 0.39 0.0772487
0.755 0.396 0.0567725
0.755 0.402 0.0578186
0.755 0.408 0.0600292
0.755 0.414 0.0715797
0.755 0.42 0.078148
0.755 0.426 0.0892591
0.755 0.432 0.100159
0.755 0.438 0.0607516
0.755 0.444 0.100192
0.755 0.45 0.0710976
0.755 0.456 0.107341
0.755 0.462 0.0820269
0.755 0.468 0.0962531
0.755 0.474 0.0924156
0.755 0.48 0.101273
0.755 0.486 0.0283336
0.755 0.492 0.0487181
0.755 0.498 0.0628163
0.755 0.504 0.0503772
0.755 0.51 0.0358005
0.755 0.516 0.0650568
0.755 0.522 0.0982281
0.755 0.528 0.00352203
0.755 0.534 0.0242308
0.755 0.54 0.0515017
0.755 0.546 0.0441612
0.755 0.552 0.0327321
0.755 0.558 0.0415454
0.755 0.564 0.0182685
0.755 0.57 0.0254953
0.755 0.576 0.00117404
0.755 0.582 0.00142718
0.755 0.588 0.00376742
0.755 0.594 0.00509604
0.755 0.6 0.00992102
0.76 0 0.000469514
0.76 0.006 0.000554571
0.76 0.012 0.000506464
0.76 0.018 7.77971e-05
0.76 0.024 0.00114471
0.76 0.03 0.00336032
0.76 0.036 0.000423401
0.76 0.042 0.00229473
0.76 0.048 0.00156225
0.76 0.054 0.00340819
0.76 0.06 0.00812502
0.76 0.066 0.0155063
0.76 0.072 0.00261717
0.76 0.078 0.00862023
0.76 0.084 0.00283785
0.76 0.09 0.00232471
0.76 0.096 0.00621615
0.76 0.102 0.0195571
0.76 0.108 0.00439063
0.76 0.114 0.00696665
0.76 0.12 0.000504861
0.76 0.126 0.00129169
0.76 0.132 0.00584859
0.76 0.138 0.00397487
0.76 0.144 0.00351881
0.76 0.15 0.00329751
0.76 0.156 0.00549282
0.76 0.162 0.0020136
0.76 0.168 0.00580604
0.76 0.174 0.00901154
0.76 0.18 0.000818344
0.76 0.186 0.013498
0.76 0.192 0.00767626
0.76 0.198 0.00185342
0.76 0.204 0.0100169
0.76 0.21 0.00228226
0.76 0.216 0.00632162
0.76 0.222 0.00500284
0.76 0.228 0.00487097
0.76 0.234 0.00857019
0.76 0.24 0.00849326
0.76 0.246 0.00500881
0.76 0.252 0.0250393
0.76 0.258 0.000957436
0.76 0.264 0.0118542
0.76 0.27 0.00723871
0.76 0.276 0.00777043
0.76 0.282 0.00941327
0.76 0.288 0.0026235
0.76 0.294 0.0182597
0.76 0.3 0.0289889
0.76 0.306 0.0113329
0.76 0.312 0.0166659
0.76 0.318 0.00201341
0.76 0.324 0.0327457
0.76 0.33 0.0143615
0.76 0.336 0.0289966
0.76 0.342 0.0435268
0.76 0.348 0.0192858
0.76 0.354 0.024337
0.76 0.36 0.0310809
0.76 0.366 0.0221436
0.76 0.372 0.0282368
0.76 0.378 0.0356973
0.76 0.384 0.0769906
0.76 0.39 0.0725347
0.76 0.396 0.0497668
0.76 0.402 0.0547626
0.76 0.408 0.0588591
0.76 0.414 0.0686468
0.76 0.42 0.0750093
0.76 0.426 0.0872026
0.76 0.432 0.0963878
0.76 0.438 0.0641909
0.76 0.444 0.099569
0.76 0.45 0.0745191
0.76 0.456 0.11377
0.76 0.462 0.0915165
0.76 0.468 0.104004
0.76 0.474 0.0962801
0.76 0.48 0.107314
0.76 0.486 0.0317926
0.76 0.492 0.0537924
0.76 0.498 0.0689373
0.76 0.504 0.0565064
0.76 0.51 0.0490974
0.76 0.516 0.0717295
0.76 0.522 0.105862
0.76 0.528 0.00569526
0.76 0.534 0.0275066
0.76 0.54 0.0523888
0.76 0.546 0.0457551
0.76 0.552 0.0290815
0.76 0.558 0.043336
0.76 0.564 0.0207165
0.76 0.57 0.0242206
0.76 0.576 3.91922e-06
0.76 0.582 0.0031207
0.76 0.588 0.00114784
0.76 0.594 0.00338627
0.76 0.6 0.00865642
0.765 0 0.000429532
0.765 0.006 0.000522103
0.765 0.012 0.000437233
0.765 0.018 6.38078e-05
0.765 0.024 0.00121837
0.765 0.03 0.00334112
0.765 0.036 0.000226492
0.765 0.042 0.00240956
0.765 0.048 0.000931353
0.765 0.054 0.00314508
0.765 0.06 0.0118821
0.765 0.066 0.0150026
0.765 0.072 0.00468262
0.765 0.078 0.0098118
0.765 0.084 0.000441545
0.765 0.09 0.00522236
0.765 0.096 0.0067976
0.765 0.102 0.0224379
0.765 0.108 0.00270157
0.765 0.114 0.00752346
0.765 0.12 0.00255104
0.765 0.126 0.00142177
0.765 0.132 0.0037692
0.765 0.138 0.00229396
0.765 0.144 0.00293225
0.765 0.15 0.00229759
0.765 0.156 0.00280013
0.765 0.162 0.000252831
0.765 0.168 0.000617429
0.765 0.174 0.00363636
0.765 0.18 0.00063798
0.765 0.186 0.0103681
0.765 0.192 0.00488107
0.765 0.198 0.00630411
0.765 0.204 0.0151073
0.765 0.21 0.00358857
0.765 0.216 0.0102098
0.765 0.222 0.00199876
0.765 0.228 0.000893407
0.765 0.234 0.00516732
0.765 0.24 0.00983547
0.765 0.246 0.0025537
0.765 0.252 0.0214042
0.765 0.258 0.00450473
0.765 0.264 0.0147548
0.765 0.27 0.00237762
0.765 0.276 0.00582219
0.765 0.282 0.00667162
0.765 0.288 8.49594e-05
0.765 0.294 0.0173487
0.765 0.3 0.0292486
0.765 0.306 0.011598
0.765 0.312 0.0141154
0.765 0.318 0.0013047
0.765 0.324 0.0276227
0.765 0.33 0.0127893
0.765 0.336 0.0249086
0.765 0.342 0.0405926
0.765 0.348 0.022713
0.765 0.354 0.02219
0.765 0.36 0.0239381
0.765 0.366 0.0202895
0.765 0.372 0.0231903
0.765 0.378 0.0342644
0.765 0.384 0.0663429
0.765 0.39 0.0674473
0.765 0.396 0.0430483
0.765 0.402 0.046185
0.765 0.408 0.0561959
0.765 0.414 0.0669623
0.765 0.42 0.0733368
0.765 0.426 0.0828925
0.765 0.432 0.0899033
0.765 0.438 0.0675729
0.765 0.444 0.0952565
0.765 0.45 0.0798347
0.765 0.456 0.118947
0.765 0.462 0.103769
0.765 0.468 0.112447
0.765 0.474 0.0984013
0.765 0.48 0.110463
0.765 0.486 0.0350228
0.765 0.492 0.0640639
0.765 0.498 0.0749542
0.765 0.504 0.0607907
0.765 0.51 0.0579137
0.765 0.516 0.0792623
0.765 0.522 0.113128
0.765 0.528 0.0144824
0.765 0.534 0.0273909
0.765 0.54 0.0553211
0.765 0.546 0.0472468
0.765 0.552 0.0331258
0.765 0.558 0.0433405
0.765 0.564 0.0233869
0.765 0.57 0.0214024
0.765 0.576 0.00377719
0.765 0.582 0.00439872
0.765 0.588 0.00505346
0.765 0.594 0.00214305
0.765 0.6 0.00851219
0.77 0 0.000387815
0.77 0.006 0.000488947
0.77 0.012 0.000368208
0.77 0.018 3.19167e-05
0.77 0.024 0.00127151
0.77 0.03 0.00325185
0.77 0.036 0.000608319
0.77 0.042 0.00255541
0.77 0.048 0.000256507
0.77 0.054 0.00246559
0.77 0.06 0.0168323
0.77 0.066 0.0132123
0.77 0.072 0.00593102
0.77 0.078 0.0104923
0.77 0.084 0.00134818
0.77 0.09 0.0083194
0.77 0.096 0.00622295
0.77 0.102 0.0235469
0.77 0.108 0.00181157
0.77 0.114 0.0081395
0.77 0.12 0.00365347
0.77 0.126 0.00127171
0.77 0.132 0.000794039
0.77 0.138 0.00112648
0.77 0.144 0.00213335
0.77 0.15 0.00151221
0.77 0.156 0.000931572
0.77 0.162 0.0010677
0.77 0.168 0.00604035
0.77 0.174 0.000866911
0.77 0.18 0.00157134
0.77 0.186 0.00587466
0.77 0.192 0.00226465
0.77 0.198 0.0101442
0.77 0.204 0.0187739
0.77 0.21 0.00600934
0.77 0.216 0.0110721
0.77 0.222 7.42689e-05
0.77 0.228 0.00295842
0.77 0.234 0.00243902
0.77 0.24 0.00956662
0.77 0.246 0.00479723
0.77 0.252 0.018241
0.77 0.258 0.00465172
0.77 0.264 0.0186135
0.77 0.27 0.00505697
0.77 0.276 0.00426838
0.77 0.282 0.00369859
0.77 0.288 0.00260173
0.77 0.294 0.0170912
0.77 0.3 0.0260041
0.77 0.306 0.0102256
0.77 0.312 0.0117615
0.77 0.318 0.00541633
0.77 0.324 0.0206926
0.77 0.33 0.00864755
0.77 0.336 0.0200597
0.77 0.342 0.0345774
0.77 0.348 0.027365
0.77 0.354 0.0184885
0.77 0.36 0.0162686
0.77 0.366 0.0197865
0.77 0.372 0.0188806
0.77 0.378 0.0329006
0.77 0.384 0.0565779
0.77 0.39 0.0608638
0.77 0.396 0.0361393
0.77 0.402 0.0370044
0.77 0.408 0.0528539
0.77 0.414 0.0645924
0.77 0.42 0.072982
0.77 0.426 0.0772553
0.77 0.432 0.0841249
0.77 0.438 0.0681002
0.77 0.444 0.0882206
0.77 0.45 0.0863324
0.77 0.456 0.123301
0.77 0.462 0.114332
0.77 0.468 0.120374
0.77 0.474 0.100852
0.77 0.48 0.113881
0.77 0.486 0.0361789
0.77 0.492 0.0772878
0.77 0.498 0.0812946
0.77 0.504 0.0640561
0.77 0.51 0.0640315
0.77 0.516 0.0871364
0.77 0.522 0.11666
0.77 0.528 0.0267657
0.77 0.534 0.0226737
0.77 0.54 0.0599466
0.77 0.546 0.0486528
0.77 0.552 0.0421468
0.77 0.558 0.0421845
0.77 0.564 0.0259133
0.77 0.57 0.0173579
0.77 0.576 0.00856819
0.77 0.582 0.00467502
0.77 0.588 0.00653006
0.77 0.594 0.00245095
0.77 0.6 0.00929639
0.775 0 0.000404452
0.775 0.006 0.00050539
0.775 0.012 0.000332568
0.775 0.018 3.46483e-05
0.775 0.024 0.00132546
0.775 0.03 0.00311471
0.775 0.036 0.000663018
0.775 0.042 0.00273281
0.775 0.048 0.000435544
0.775 0.054 0.00142647
0.775 0.06 0.0218263
0.775 0.066 0.0107362
0.775 0.072 0.006484
0.775 0.078 0.00986759
0.775 0.084 0.00224205
0.775 0.09 0.0111909
0.775 0.096 0.00517323
0.775 0.102 0.0227804
0.775 0.108 0.00144404
0.775 0.114 0.00896946
0.775 0.12 0.00331944
0.775 0.126 0.000972893
0.775 0.132 0.00708402
0.775 0.138 0.0011536
0.775 0.144 0.00134687
0.775 0.15 0.00087366
0.775 0.156 0.000495464
0.775 0.162 0.00132114
0.775 0.168 0.0105121
0.775 0.174 0.00233365
0.775 0.18 0.00513076
0.775 0.186 0.00182966
0.775 0.192 0.000779684
0.775 0.198 0.0127447
0.775 0.204 0.0191527
0.775 0.21 0.00916524
0.775 0.216 0.00877765
0.775 0.222 0.00121504
0.775 0.228 0.00601733
0.775 0.234 0.00129198
0.775 0.24 0.00684255
0.775 0.246 0.0102438
0.775 0.252 0.0164691
0.775 0.258 0.00116895
0.775 0.264 0.0222535
0.775 0.27 0.011317
0.775 0.276 0.00433524
0.775 0.282 0.00164341
0.775 0.288 0.00439941
0.775 0.294 0.016345
0.775 0.3 0.0215143
0.775 0.306 0.00932753
0.775 0.312 0.0112669
0.775 0.318 0.00967984
0.775 0.324 0.0133229
0.775 0.33 0.00227994
0.775 0.336 0.0162732
0.775 0.342 0.0288877
0.775 0.348 0.0302861
0.775 0.354 0.013305
0.775 0.36 0.0120732
0.775 0.366 0.0193641
0.775 0.372 0.0154163
0.775 0.378 0.0310162
0.775 0.384 0.0479858
0.775 0.39 0.0535328
0.775 0.396 0.028847
0.775 0.402 0.0328326
0.775 0.408 0.0485269
0.775 0.414 0.0610102
0.775 0.42 0.0733457
0.775 0.426 0.0725629
0.775 0.432 0.0804433
0.775 0.438 0.0666194
0.775 0.444 0.081603
0.775 0.45 0.0913246
0.775 0.456 0.127635
0.775 0.462 0.120081
0.775 0.468 0.127486
0.775 0.474 0.105196
0.775 0.48 0.12086
0.775 0.486 0.0348697
0.775 0.492 0.0887664
0.775 0.498 0.0875128
0.775 0.504 0.0679866
0.775 0.51 0.0719731
0.775 0.516 0.0942321
0.775 0.522 0.117848
0.775 0.528 0.0372588
0.775 0.534 0.0138299
0.775 0.54 0.0650169
0.775 0.546 0.0499419
0.775 0.552 0.0501244
0.775 0.558 0.04164
0.775 0.564 0.0271716
0.775 0.57 0.0125963
0.775 0.576 0.0122409
0.775 0.582 0.00439289
0.775 0.588 0.00601471
0.775 0.594 0.003927
0.775 0.6 0.0100033
0.78 0 0.000424769
0.78 0.006 0.000525709
0.78 0.012 0.000303377
0.78 0.018 0.00011755
0.78 0.024 0.0013797
0.78 0.03 0.00294315
0.78 0.036 0.00039237
0.78 0.042 0.00295077
0.78 0.048 0.00112236
0.78 0.054 0.000142327
0.78 0.06 0.0256755
0.78 0.066 0.00821325
0.78 0.072 0.00658553
0.78 0.078 0.00777196
0.78 0.084 0.00243053
0.78 0.09 0.013424
0.78 0.096 0.00388376
0.78 0.102 0.0200171
0.78 0.108 0.00141282
0.78 0.114 0.00995558
0.78 0.12 0.00153499
0.78 0.126 0.000669535
0.78 0.132 0.012744
0.78 0.138 0.00154418
0.78 0.144 0.00122572
0.78 0.15 0.000526587
0.78 0.156 0.000982883
0.78 0.162 0.00178549
0.78 0.168 0.0108244
0.78 0.174 0.00680138
0.78 0.18 0.00751999
0.78 0.186 0.000544765
0.78 0.192 0.00054796
0.78 0.198 0.0137269
0.78 0.204 0.015613
0.78 0.21 0.0123733
0.78 0.216 0.00509126
0.78 0.222 0.00191119
0.78 0.228 0.00819951
0.78 0.234 0.00134435
0.78 0.24 0.00316744
0.78 0.246 0.015746
0.78 0.252 0.0158693
0.78 0.258 0.00307605
0.78 0.264 0.0238368
0.78 0.27 0.0136499
0.78 0.276 0.00587007
0.78 0.282 0.00173267
0.78 0.288 0.00474221
0.78 0.294 0.0139616
0.78 0.3 0.0175848
0.78 0.306 0.00953396
0.78 0.312 0.0124245
0.78 0.318 0.0128215
0.78 0.324 0.00783723
0.78 0.33 0.00384839
0.78 0.336 0.0148801
0.78 0.342 0.0262844
0.78 0.348 0.0304384
0.78 0.354 0.00844413
0.78 0.36 0.0123903
0.78 0.366 0.017588
0.78 0.372 0.0120656
0.78 0.378 0.0287033
0.78 0.384 0.0403281
0.78 0.39 0.0475807
0.78 0.396 0.0228071
0.78 0.402 0.0343329
0.78 0.408 0.0425262
0.78 0.414 0.0569883
0.78 0.42 0.0726468
0.78 0.426 0.0689837
0.78 0.432 0.0778453
0.78 0.438 0.0648548
0.78 0.444 0.0785311
0.78 0.45 0.0924184
0.78 0.456 0.132224
0.78 0.462 0.121583
0.78 0.468 0.133466
0.78 0.474 0.110829
0.78 0.48 0.13157
0.78 0.486 0.033223
0.78 0.492 0.0953009
0.78 0.498 0.0921151
0.78 0.504 0.0740385
0.78 0.51 0.0824732
0.78 0.516 0.0995802
0.78 0.522 0.120356
0.78 0.528 0.0427325
0.78 0.534 0.002549
0.78 0.54 0.069391
0.78 0.546 0.0515175
0.78 0.552 0.0523881
0.78 0.558 0.0426211
0.78 0.564 0.026653
0.78 0.57 0.00913774
0.78 0.576 0.0135214
0.78 0.582 0.00422231
0.78 0.588 0.00498171
0.78 0.594 0.00523461
0.78 0.6 0.0100883
0.785 0 0.000388929
0.785 0.006 0.000499611
0.785 0.012 0.00024976
0.785 0.018 0.000196859
0.785 0.024 0.0014339
0.785 0.03 0.00275233
0.785 0.036 0.000159677
0.785 0.042 0.0032109
0.785 0.048 0.00177448
0.785 0.054 0.00123518
0.785 0.06 0.0273998
0.785 0.066 0.00615594
0.785 0.072 0.00645217
0.785 0.078 0.004769
0.785 0.084 0.00246126
0.785 0.09 0.0145408
0.785 0.096 0.00192564
0.785 0.102 0.0154962
0.785 0.108 0.00156939
0.785 0.114 0.0109335
0.785 0.12 0.00104854
0.785 0.126 0.000461258
0.785 0.132 0.0152624
0.785 0.138 0.000969499
0.785 0.144 0.00232858
0.785 0.15 0.000568533
0.785 0.156 0.00180662
0.785 0.162 0.00209626
0.785 0.168 0.00773509
0.785 0.174 0.0110767
0.785 0.18 0.00655329
0.785 0.186 0.000799577
0.785 0.192 0.00149381
0.785 0.198 0.0131585
0.785 0.204 0.0101254
0.785 0.21 0.014894
0.785 0.216 0.00119664
0.785 0.222 0.00224749
0.785 0.228 0.0100726
0.785 0.234 0.00110547
0.785 0.24 0.00109005
0.785 0.246 0.0194293
0.785 0.252 0.0160898
0.785 0.258 0.00480695
0.785 0.264 0.0223893
0.785 0.27 0.0116857
0.785 0.276 0.00747938
0.785 0.282 0.00381166
0.785 0.288 0.00392181
0.785 0.294 0.0109243
0.785 0.3 0.0147842
0.785 0.306 0.00938492
0.785 0.312 0.013213
0.785 0.318 0.0136765
0.785 0.324 0.0065648
0.785 0.33 0.00690074
0.785 0.336 0.0160533
0.785 0.342 0.0269835
0.785 0.348 0.0286028
0.785 0.354 0.00632123
0.785 0.36 0.0142202
0.785 0.366 0.0142302
0.785 0.372 0.00901725
0.785 0.378 0.0261712
0.785 0.384 0.0344515
0.785 0.39 0.0444707
0.785 0.396 0.0199354
0.785 0.402 0.0369538
0.785 0.408 0.0354119
0.785 0.414 0.0529628
0.785 0.42 0.069651
0.785 0.426 0.0645035
0.785 0.432 0.0750073
0.785 0.438 0.0628447
0.785 0.444 0.0796257
0.785 0.45 0.0895096
0.785 0.456 0.135942
0.785 0.462 0.121468
0.785 0.468 0.137795
0.785 0.474 0.115686
0.785 0.48 0.14289
0.785 0.486 0.0346872
0.785 0.492 0.0977331
0.785 0.498 0.0940227
0.785 0.504 0.0815163
0.785 0.51 0.0918928
0.785 0.516 0.103968
0.785 0.522 0.12537
0.785 0.528 0.0434257
0.785 0.534 0.00915169
0.785 0.54 0.0734206
0.785 0.546 0.0541291
0.785 0.552 0.0487357
0.785 0.558 0.0445365
0.785 0.564 0.0256579
0.785 0.57 0.00939845
0.785 0.576 0.0128591
0.785 0.582 0.00422822
0.785 0.588 0.00412823
0.785 0.594 0.00540082
0.785 0.6 0.00990667
0.79 0 0.000347673
0.79 0.006 0.000469278
0.79 0.012 0.000197684
0.79 0.018 0.00028752
0.79 0.024 0.00150984
0.79 0.03 0.00257163
0.79 0.036 0.000933918
0.79 0.042 0.00349863
0.79 0.048 0.0023508
0.79 0.054 0.00253523
0.79 0.06 0.0264306
0.79 0.066 0.0048797
0.79 0.072 0.0061463
0.79 0.078 0.00192425
0.79 0.084 0.00294972
0.79 0.09 0.0141036
0.79 0.096 0.00136393
0.79 0.102 0.0101661
0.79 0.108 0.00165991
0.79 0.114 0.0117777
0.79 0.12 0.00314198
0.79 0.126 0.000329437
0.79 0.132 0.0138232
0.79 0.138 0.000781026
0.79 0.144 0.00458114
0.79 0.15 0.00061899
0.79 0.156 0.0025912
0.79 0.162 0.00116277
0.79 0.168 0.00380833
0.79 0.174 0.0124035
0.79 0.18 0.00228165
0.79 0.186 0.000808384
0.79 0.192 0.00369605
0.79 0.198 0.011674
0.79 0.204 0.00652621
0.79 0.21 0.0159834
0.79 0.216 0.0030333
0.79 0.222 0.00177828
0.79 0.228 0.0116738
0.79 0.234 0.000648073
0.79 0.24 0.00143472
0.79 0.246 0.0212052
0.79 0.252 0.0170355
0.79 0.258 0.0028949
0.79 0.264 0.0188994
0.79 0.27 0.00688448
0.79 0.276 0.00798628
0.79 0.282 0.00588749
0.79 0.288 0.0028719
0.79 0.294 0.00993548
0.79 0.3 0.013595
0.79 0.306 0.00786973
0.79 0.312 0.0122774
0.79 0.318 0.0118672
0.79 0.324 0.00996306
0.79 0.33 0.00570489
0.79 0.336 0.0187104
0.79 0.342 0.029226
0.79 0.348 0.0261301
0.79 0.354 0.00798502
0.79 0.36 0.0133809
0.79 0.366 0.0101334
0.79 0.372 0.00781144
0.79 0.378 0.0231952
0.79 0.384 0.031646
0.79 0.39 0.0437702
0.79 0.396 0.019758
0.79 0.402 0.0359096
0.79 0.408 0.0289872
0.79 0.414 0.0481475
0.79 0.42 0.0650518
0.79 0.426 0.0580249
0.79 0.432 0.0720347
0.79 0.438 0.060069
0.79 0.444 0.0827068
0.79 0.45 0.0845962
0.79 0.456 0.13675
0.79 0.462 0.121296
0.79 0.468 0.140476
0.79 0.474 0.118617
0.79 0.48 0.151179
0.79 0.486 0.0409688
0.79 0.492 0.100183
0.79 0.498 0.0942698
0.79 0.504 0.0879387
0.79 0.51 0.0977862
0.79 0.516 0.109023
0.79 0.522 0.1307
0.79 0.528 0.041097
0.79 0.534 0.0198195
0.79 0.54 0.0784981
0.79 0.546 0.0580262
0.79 0.552 0.0436768
0.79 0.558 0.046611
0.79 0.564 0.0262129
0.79 0.57 0.0131153
0.79 0.576 0.0119645
0.79 0.582 0.00394697
0.79 0.588 0.00270457
0.79 0.594 0.00465582
0.79 0.6 0.00987519
0.795 0 0.000360791
0.795 0.006 0.000484833
0.795 0.012 0.000178309
0.795 0.018 0.000405888
0.795 0.024 0.00162594
0.795 0.03 0.00242541
0.795 0.036 0.00185815
0.795 0.042 0.00379196
0.795 0.048 0.0028094
0.795 0.054 0.003581
0.795 0.06 0.022737
0.795 0.066 0.00447503
0.795 0.072 0.00553658
0.795 0.078 0.000347844
0.795 0.084 0.0042457
0.795 0.09 0.0120477
0.795 0.096 0.0061617
0.795 0.102 0.00547684
0.795 0.108 0.00133881
0.795 0.114 0.012372
0.795 0.12 0.00323824
0.795 0.126 0.00011754
0.795 0.132 0.00963035
0.795 0.138 0.00234795
0.795 0.144 0.00723581
0.795 0.15 4.73788e-05
0.795 0.156 0.00282491
0.795 0.162 0.00154873
0.795 0.168 0.00146095
0.795 0.174 0.0103374
0.795 0.18 0.00301827
0.795 0.186 0.00347015
0.795 0.192 0.00709685
0.795 0.198 0.0102973
0.795 0.204 0.00759577
0.795 0.21 0.0151401
0.795 0.216 0.00721098
0.795 0.222 9.14566e-05
0.795 0.228 0.0116941
0.795 0.234 0.00361054
0.795 0.24 0.00240428
0.795 0.246 0.0212861
0.795 0.252 0.018424
0.795 0.258 0.00169968
0.795 0.264 0.015721
0.795 0.27 0.00135524
0.795 0.276 0.00750665
0.795 0.282 0.00570697
0.795 0.288 0.00251783
0.795 0.294 0.0123576
0.795 0.3 0.0146991
0.795 0.306 0.00614305
0.795 0.312 0.0107775
0.795 0.318 0.00809395
0.795 0.324 0.0156474
0.795 0.33 0.00143593
0.795 0.336 0.0211688
0.795 0.342 0.0312103
0.795 0.348 0.023823
0.795 0.354 0.0121405
0.795 0.36 0.0083075
0.795 0.366 0.00614138
0.795 0.372 0.00954138
0.795 0.378 0.0194827
0.795 0.384 0.0321202
0.795 0.39 0.0435693
0.795 0.396 0.0197429
0.795 0.402 0.0307604
0.795 0.408 0.0245932
0.795 0.414 0.0416278
0.795 0.42 0.059792
0.795 0.426 0.0510184
0.795 0.432 0.0694635
0.795 0.438 0.0564248
0.795 0.444 0.0845044
0.795 0.45 0.0800312
0.795 0.456 0.133532
0.795 0.462 0.120442
0.795 0.468 0.141975
0.795 0.474 0.120492
0.795 0.48 0.154957
0.795 0.486 0.0503975
0.795 0.492 0.106786
0.795 0.498 0.0952037
0.795 0.504 0.0921765
0.795 0.51 0.101334
0.795 0.516 0.114873
0.795 0.522 0.133489
0.795 0.528 0.0375216
0.795 0.534 0.0290537
0.795 0.54 0.0845903
0.795 0.546 0.0622572
0.795 0.552 0.043217
0.795 0.558 0.049016
0.795 0.564 0.0288923
0.795 0.57 0.0169015
0.795 0.576 0.0121613
0.795 0.582 0.00311288
0.795 0.588 0.000263934
0.795 0.594 0.00423109
0.795 0.6 0.00990432
0.8 0 0.00038187
0.8 0.006 0.000507805
0.8 0.012 0.000167992
0.8 0.018 0.000531048
0.8 0.024 0.00177082
0.8 0.03 0.00231275
0.8 0.036 0.00284336
0.8 0.042 0.0040641
0.8 0.048 0.00311643
0.8 0.054 0.0042166
0.8 0.06 0.0168463
0.8 0.066 0.00480326
0.8 0.072 0.00435766
0.8 0.078 0.000714829
0.8 0.084 0.00621978
0.8 0.09 0.00896989
0.8 0.096 0.0117863
0.8 0.102 0.00268853
0.8 0.108 0.000382111
0.8 0.114 0.0124649
0.8 0.12 0.000338056
0.8 0.126 0.000374502
0.8 0.132 0.00442379
0.8 0.138 0.00200602
0.8 0.144 0.00933115
0.8 0.15 0.00159799
0.8 0.156 0.0021002
0.8 0.162 0.00524101
0.8 0.168 0.00133987
0.8 0.174 0.00667742
0.8 0.18 0.00647337
0.8 0.186 0.00607428
0.8 0.192 0.0111426
0.8 0.198 0.0098785
0.8 0.204 0.0125629
0.8 0.21 0.0126186
0.8 0.216 0.00916063
0.8 0.222 0.00370856
0.8 0.228 0.00858683
0.8 0.234 0.00609089
0.8 0.24 0.00157758
0.8 0.246 0.0194762
0.8 0.252 0.019782
0.8 0.258 0.00738495
0.8 0.264 0.0146972
0.8 0.27 0.00275154
0.8 0.276 0.00690419
0.8 0.282 0.00299482
0.8 0.288 0.00326179
0.8 0.294 0.01623
0.8 0.3 0.0176479
0.8 0.306 0.00599416
0.8 0.312 0.0109791
0.8 0.318 0.00397152
0.8 0.324 0.0197407
0.8 0.33 0.0032937
0.8 0.336 0.0221989
0.8 0.342 0.0321789
0.8 0.348 0.02167
0.8 0.354 0.0160943
0.8 0.36 0.00124616
0.8 0.366 0.00287595
0.8 0.372 0.0131401
0.8 0.378 0.0154555
0.8 0.384 0.0348898
0.8 0.39 0.0417001
0.8 0.396 0.0182416
0.8 0.402 0.0250407
0.8 0.408 0.021886
0.8 0.414 0.0338366
0.8 0.42 0.0533796
0.8 0.426 0.0461904
0.8 0.432 0.066571
0.8 0.438 0.0515612
0.8 0.444 0.0830002
0.8 0.45 0.0770075
0.8 0.456 0.127427
0.8 0.462 0.117643
0.8 0.468 0.142203
0.8 0.474 0.122562
0.8 0.48 0.155149
0.8 0.486 0.0594566
0.8 0.492 0.118757
0.8 0.498 0.0977207
0.8 0.504 0.0962847
0.8 0.51 0.104176
0.8 0.516 0.120275
0.8 0.522 0.132646
0.8 0.528 0.035232
0.8 0.534 0.0372327
0.8 0.54 0.0891513
0.8 0.546 0.0651204
0.8 0.552 0.0497125
0.8 0.558 0.0523548
0.8 0.564 0.0321168
0.8 0.57 0.0176321
0.8 0.576 0.0131365
0.8 0.582 0.00217742
0.8 0.588 0.0044199
0.8 0.594 0.00523226
0.8 0.6 0.0100453
0.805 0 0.000351593
0.805 0.006 0.000488769
0.805 0.012 0.000136102
0.805 0.018 0.000634632
0.805 0.024 0.00192459
0.805 0.03 0.00222155
0.805 0.036 0.00380124
0.805 0.042 0.00427132
0.805 0.048 0.00324397
0.805 0.054 0.00434211
0.805 0.06 0.00973643
0.805 0.066 0.00556162
0.805 0.072 0.00233952
0.805 0.078 0.00298224
0.805 0.084 0.00828709
0.805 0.09 0.00603434
0.805 0.096 0.016916
0.805 0.102 0.00225442
0.805 0.108 0.00102675
0.805 0.114 0.0117036
0.805 0.12 0.00542566
0.805 0.126 0.0011993
0.805 0.132 0.000845384
0.805 0.138 0.000675476
0.805 0.144 0.0102825
0.805 0.15 0.00453345
0.805 0.156 0.000892724
0.805 0.162 0.00817939
0.805 0.168 0.00230746
0.805 0.174 0.00381298
0.805 0.18 0.00639491
0.805 0.186 0.00758219
0.805 0.192 0.0148196
0.805 0.198 0.0104104
0.805 0.204 0.0175498
0.805 0.21 0.00944301
0.805 0.216 0.00661527
0.805 0.222 0.00863258
0.805 0.228 0.00263341
0.805 0.234 0.00649364
0.805 0.24 0.00165472
0.805 0.246 0.0161243
0.805 0.252 0.020787
0.805 0.258 0.012473
0.805 0.264 0.0156886
0.805 0.27 0.0037333
0.805 0.276 0.00654946
0.805 0.282 5.48326e-05
0.805 0.288 0.00492083
0.805 0.294 0.0181546
0.805 0.3 0.0201978
0.805 0.306 0.0074837
0.805 0.312 0.0132969
0.805 0.318 0.0013317
0.805 0.324 0.0197117
0.805 0.33 0.00597297
0.805 0.336 0.0215841
0.805 0.342 0.0319982
0.805 0.348 0.0192358
0.805 0.354 0.0177652
0.805 0.36 0.00386175
0.805 0.366 0.000937318
0.805 0.372 0.016081
0.805 0.378 0.0121601
0.805 0.384 0.0386429
0.805 0.39 0.0370173
0.805 0.396 0.0159049
0.805 0.402 0.0221648
0.805 0.408 0.0194453
0.805 0.414 0.0263578
0.805 0.42 0.045547
0.805 0.426 0.0455651
0.805 0.432 0.062223
0.805 0.438 0.0458877
0.805 0.444 0.0788423
0.805 0.45 0.075194
0.805 0.456 0.120993
0.805 0.462 0.113126
0.805 0.468 0.140408
0.805 0.474 0.124161
0.805 0.48 0.153465
0.805 0.486 0.0653341
0.805 0.492 0.134151
0.805 0.498 0.10058
0.805 0.504 0.103229
0.805 0.51 0.106843
0.805 0.516 0.124801
0.805 0.522 0.129506
0.805 0.528 0.037771
0.805 0.534 0.0448739
0.805 0.54 0.0900461
0.805 0.546 0.0655549
0.805 0.552 0.0595061
0.805 0.558 0.0564451
0.805 0.564 0.0335866
0.805 0.57 0.0152021
0.805 0.576 0.0135276
0.805 0.582 0.00212293
0.805 0.588 0.00805332
0.805 0.594 0.0074571
0.805 0.6 0.0109243
0.81 0 0.000312157
0.81 0.006 0.000463038
0.81 0.012 0.000104732
0.81 0.018 0.000720324
0.81 0.024 0.00208616
0.81 0.03 0.00214966
0.81 0.036 0.00466201
0.81 0.042 0.00435107
0.81 0.048 0.00317137
0.81 0.054 0.00392839
0.81 0.06 0.00262235
0.81 0.066 0.00641717
0.81 0.072 0.00063842
0.81 0.078 0.00641998
0.81 0.084 0.0096698
0.81 0.09 0.00444208
0.81 0.096 0.020177
0.81 0.102 0.00367634
0.81 0.108 0.00220123
0.81 0.114 0.00993059
0.81 0.12 0.0127082
0.81 0.126 0.00210699
0.81 0.132 0.00577186
0.81 0.138 0.00436208
0.81 0.144 0.0102149
0.81 0.15 0.00854616
0.81 0.156 0.000501283
0.81 0.162 0.00880563
0.81 0.168 0.00311229
0.81 0.174 0.00314831
0.81 0.18 0.00306508
0.81 0.186 0.00745895
0.81 0.192 0.0170034
0.81 0.198 0.0108851
0.81 0.204 0.0186674
0.81 0.21 0.00654018
0.81 0.216 1.45714e-05
0.81 0.222 0.0132305
0.81 0.228 0.00353026
0.81 0.234 0.00483122
0.81 0.24 0.00573201
0.81 0.246 0.0129783
0.81 0.252 0.0210842
0.81 0.258 0.0149045
0.81 0.264 0.0167954
0.81 0.27 0.00129591
0.81 0.276 0.00612774
0.81 0.282 0.000781442
0.81 0.288 0.00690822
0.81 0.294 0.0169693
0.81 0.3 0.0197445
0.81 0.306 0.00911985
0.81 0.312 0.0156178
0.81 0.318 0.00118985
0.81 0.324 0.0162312
0.81 0.33 0.00532898
0.81 0.336 0.0198234
0.81 0.342 0.0305289
0.81 0.348 0.0162456
0.81 0.354 0.0169134
0.81 0.36 0.00460193
0.81 0.366 0.000338697
0.81 0.372 0.0166062
0.81 0.378 0.0102568
0.81 0.384 0.0420267
0.81 0.39 0.0303019
0.81 0.396 0.0141246
0.81 0.402 0.0224311
0.81 0.408 0.0163368
0.81 0.414 0.0204892
0.81 0.42 0.038262
0.81 0.426 0.0492405
0.81 0.432 0.0569028
0.81 0.438 0.0421191
0.81 0.444 0.0742146
0.81 0.45 0.073433
0.81 0.456 0.115886
0.81 0.462 0.108972
0.81 0.468 0.136462
0.81 0.474 0.12287
0.81 0.48 0.150942
0.81 0.486 0.066999
0.81 0.492 0.149864
0.81 0.498 0.102997
0.81 0.504 0.113424
0.81 0.51 0.111132
0.81 0.516 0.12936
0.81 0.522 0.126973
0.81 0.528 0.0471155
0.81 0.534 0.0523498
0.81 0.54 0.0894021
0.81 0.546 0.0641292
0.81 0.552 0.0665362
0.81 0.558 0.0599833
0.81 0.564 0.0325657
0.81 0.57 0.0115757
0.81 0.576 0.01262
0.81 0.582 0.00367788
0.81 0.588 0.00957149
0.81 0.594 0.00948627
0.81 0.6 0.0126787
0.815 0 0.000322212
0.815 0.006 0.000479649
0.815 0.012 0.000104925
0.815 0.018 0.00079975
0.815 0.024 0.00225687
0.815 0.03 0.00209624
0.815 0.036 0.00536353
0.815 0.042 0.00424038
0.815 0.048 0.00289777
0.815 0.054 0.00300887
0.815 0.06 0.00330392
0.815 0.066 0.00712736
0.815 0.072 0.004425
0.815 0.078 0.00991687
0.815 0.084 0.0097807
0.815 0.09 0.00479968
0.815 0.096 0.0207915
0.815 0.102 0.00584024
0.815 0.108 0.00227177
0.815 0.114 0.00746378
0.815 0.12 0.019516
0.815 0.126 0.00259976
0.815 0.132 0.00972924
0.815 0.138 0.00712707
0.815 0.144 0.00981181
0.815 0.15 0.0125164
0.815 0.156 0.00176805
0.815 0.162 0.00676221
0.815 0.168 0.00392645
0.815 0.174 0.00484444
0.815 0.18 0.00169287
0.815 0.186 0.0059533
0.815 0.192 0.0168848
0.815 0.198 0.0100104
0.815 0.204 0.0150576
0.815 0.21 0.00400752
0.815 0.216 0.00719529
0.815 0.222 0.0153907
0.815 0.228 0.00675633
0.815 0.234 0.00282488
0.815 0.24 0.00838047
0.815 0.246 0.0123821
0.815 0.252 0.0201818
0.815 0.258 0.0128539
0.815 0.264 0.0159835
0.815 0.27 0.00290784
0.815 0.276 0.0055533
0.815 0.282 0.00138161
0.815 0.288 0.00837712
0.815 0.294 0.0148074
0.815 0.3 0.0153871
0.815 0.306 0.0100516
0.815 0.312 0.0156678
0.815 0.318 0.00310152
0.815 0.324 0.0123583
0.815 0.33 0.00168115
0.815 0.336 0.0176733
0.815 0.342 0.0278459
0.815 0.348 0.0130213
0.815 0.354 0.0146299
0.815 0.36 0.00173728
0.815 0.366 0.000160815
0.815 0.372 0.0147967
0.815 0.378 0.00939851
0.815 0.384 0.0435924
0.815 0.39 0.0240475
0.815 0.396 0.0131321
0.815 0.402 0.0237123
0.815 0.408 0.0129246
0.815 0.414 0.0165159
0.815 0.42 0.0339496
0.815 0.426 0.0545228
0.815 0.432 0.0521991
0.815 0.438 0.042432
0.815 0.444 0.0698844
0.815 0.45 0.0709904
0.815 0.456 0.111471
0.815 0.462 0.107212
0.815 0.468 0.131603
0.815 0.474 0.11724
0.815 0.48 0.147672
0.815 0.486 0.0650612
0.815 0.492 0.163176
0.815 0.498 0.106312
0.815 0.504 0.124466
0.815 0.51 0.12011
0.815 0.516 0.134913
0.815 0.522 0.127207
0.815 0.528 0.0606962
0.815 0.534 0.0598821
0.815 0.54 0.0926182
0.815 0.546 0.0627043
0.815 0.552 0.068383
0.815 0.558 0.0615949
0.815 0.564 0.0312091
0.815 0.57 0.00850184
0.815 0.576 0.01107
0.815 0.582 0.00652643
0.815 0.588 0.00879679
0.815 0.594 0.0102308
0.815 0.6 0.0139494
0.82 0 0.000343735
0.82 0.006 0.000506526
0.82 0.012 0.000117117
0.82 0.018 0.000857268
0.82 0.024 0.00241714
0.82 0.03 0.00204642
0.82 0.036 0.00583259
0.82 0.042 0.00389041
0.82 0.048 0.00245065
0.82 0.054 0.00167056
0.82 0.06 0.00711338
0.82 0.066 0.00759879
0.82 0.072 0.00856718
0.82 0.078 0.0124026
0.82 0.084 0.00853793
0.82 0.09 0.00684597
0.82 0.096 0.0189764
0.82 0.102 0.00763826
0.82 0.108 0.000761036
0.82 0.114 0.0050643
0.82 0.12 0.0240772
0.82 0.126 0.0022353
0.82 0.132 0.0120543
0.82 0.138 0.00807494
0.82 0.144 0.00974208
0.82 0.15 0.0147711
0.82 0.156 0.00403157
0.82 0.162 0.00328037
0.82 0.168 0.00581505
0.82 0.174 0.00849042
0.82 0.18 0.00566891
0.82 0.186 0.00399038
0.82 0.192 0.0142928
0.82 0.198 0.00719523
0.82 0.204 0.00937824
0.82 0.21 0.00166072
0.82 0.216 0.0113286
0.82 0.222 0.0142429
0.82 0.228 0.00573367
0.82 0.234 0.00226396
0.82 0.24 0.00814518
0.82 0.246 0.0153689
0.82 0.252 0.0181708
0.82 0.258 0.00633
0.82 0.264 0.0126579
0.82 0.27 0.00629482
0.82 0.276 0.00540341
0.82 0.282 0.00446741
0.82 0.288 0.00844179
0.82 0.294 0.0145323
0.82 0.3 0.00858226
0.82 0.306 0.010973
0.82 0.312 0.0134017
0.82 0.318 0.00552517
0.82 0.324 0.010866
0.82 0.33 0.00338022
0.82 0.336 0.0161097
0.82 0.342 0.024644
0.82 0.348 0.0104095
0.82 0.354 0.0119696
0.82 0.36 0.00168426
0.82 0.366 0.000304823
0.82 0.372 0.0117321
0.82 0.378 0.00868816
0.82 0.384 0.0423332
0.82 0.39 0.0209222
0.82 0.396 0.0118367
0.82 0.402 0.0239029
0.82 0.408 0.0102182
0.82 0.414 0.0141383
0.82 0.42 0.0324413
0.82 0.426 0.0567832
0.82 0.432 0.0484206
0.82 0.438 0.0440949
0.82 0.444 0.0643484
0.82 0.45 0.0683407
0.82 0.456 0.10576
0.82 0.462 0.107526
0.82 0.468 0.127361
0.82 0.474 0.108725
0.82 0.48 0.143243
0.82 0.486 0.0614843
0.82 0.492 0.171665
0.82 0.498 0.111737
0.82 0.504 0.133804
0.82 0.51 0.133763
0.82 0.516 0.142304
0.82 0.522 0.129752
0.82 0.528 0.0723839
0.82 0.534 0.067397
0.82 0.54 0.102564
0.82 0.546 0.0632661
0.82 0.552 0.0680152
0.82 0.558 0.0614371
0.82 0.564 0.0332708
0.82 0.57 0.00672697
0.82 0.576 0.0100501
0.82 0.582 0.00933862
0.82 0.588 0.00691339
0.82 0.594 0.0101752
0.82 0.6 0.0130925
0.825 0 0.000319122
0.825 0.006 0.000494732
0.825 0.012 0.000110185
0.825 0.018 0.000874159
0.825 0.024 0.00254315
0.825 0.03 0.00198329
0.825 0.036 0.00599373
0.825 0.042 0.00326491
0.825 0.048 0.0018805
0.825 0.054 4.71526e-05
0.825 0.06 0.00832237
0.825 0.066 0.00791652
0.825 0.072 0.0123978
0.825 0.078 0.0131966
0.825 0.084 0.00643149
0.825 0.09 0.00973155
0.825 0.096 0.0157803
0.825 0.102 0.00854166
0.825 0.108 0.00211697
0.825 0.114 0.00359653
0.825 0.12 0.025534
0.825 0.126 0.000986756
0.825 0.132 0.0126726
0.825 0.138 0.00783082
0.825 0.144 0.0100898
0.825 0.15 0.0145288
0.825 0.156 0.00564089
0.825 0.162 0.000678207
0.825 0.168 0.00876512
0.825 0.174 0.0134768
0.825 0.18 0.00736242
0.825 0.186 0.00267297
0.825 0.192 0.00974872
0.825 0.198 0.00299502
0.825 0.204 0.0054198
0.825 0.21 0.00020054
0.825 0.216 0.0113799
0.825 0.222 0.011007
0.825 0.228 0.00164826
0.825 0.234 0.00305669
0.825 0.24 0.00520692
0.825 0.246 0.0204705
0.825 0.252 0.0159697
0.825 0.258 0.00204233
0.825 0.264 0.00793409
0.825 0.27 0.00725314
0.825 0.276 0.00611373
0.825 0.282 0.00608537
0.825 0.288 0.00669786
0.825 0.294 0.0168724
0.825 0.3 0.00214612
0.825 0.306 0.0125373
0.825 0.312 0.0107843
0.825 0.318 0.00692273
0.825 0.324 0.0122028
0.825 0.33 0.00779903
0.825 0.336 0.0161329
0.825 0.342 0.0217803
0.825 0.348 0.00903808
0.825 0.354 0.00923325
0.825 0.36 0.00268781
0.825 0.366 0.000466001
0.825 0.372 0.00842362
0.825 0.378 0.00746792
0.825 0.384 0.0383166
0.825 0.39 0.0220021
0.825 0.396 0.00875879
0.825 0.402 0.0221316
0.825 0.408 0.00853836
0.825 0.414 0.0128264
0.825 0.42 0.0315791
0.825 0.426 0.0530305
0.825 0.432 0.0443861
0.825 0.438 0.0419019
0.825 0.444 0.0568253
0.825 0.45 0.0664498
0.825 0.456 0.0975637
0.825 0.462 0.107257
0.825 0.468 0.124063
0.825 0.474 0.100306
0.825 0.48 0.137268
0.825 0.486 0.0587993
0.825 0.492 0.17326
0.825 0.498 0.117597
0.825 0.504 0.140713
0.825 0.51 0.147327
0.825 0.516 0.152865
0.825 0.522 0.133119
0.825 0.528 0.0777255
0.825 0.534 0.0747085
0.825 0.54 0.116057
0.825 0.546 0.0669842
0.825 0.552 0.0698691
0.825 0.558 0.0615586
0.825 0.564 0.0403944
0.825 0.57 0.00598984
0.825 0.576 0.0102884
0.825 0.582 0.0108821
0.825 0.588 0.0054499
0.825 0.594 0.0106974
0.825 0.6 0.0104745
0.83 0 0.000282699
0.83 0.006 0.000472082
0.83 0.012 9.97726e-05
0.83 0.018 0.000863191
0.83 0.024 0.00263135
0.83 0.03 0.00190495
0.83 0.036 0.00579285
0.83 0.042 0.00234178
0.83 0.048 0.00125307
0.83 0.054 0.00170414
0.83 0.06 0.00698315
0.83 0.066 0.00834702
0.83 0.072 0.0152095
0.83 0.078 0.0121583
0.83 0.084 0.00428094
0.83 0.09 0.012599
0.83 0.096 0.0123785
0.83 0.102 0.00869916
0.83 0.108 0.00572216
0.83 0.114 0.00359833
0.83 0.12 0.0241489
0.83 0.126 0.000633916
0.83 0.132 0.0118737
0.83 0.138 0.00759328
0.83 0.144 0.0103223
0.83 0.15 0.0126378
0.83 0.156 0.00548878
0.83 0.162 0.00102544
0.83 0.168 0.0109861
0.83 0.174 0.0187516
0.83 0.18 0.00649773
0.83 0.186 0.00271617
0.83 0.192 0.00423262
0.83 0.198 0.00107796
0.83 0.204 0.00477536
0.83 0.21 0.00110298
0.83 0.216 0.0093533
0.83 0.222 0.00780418
0.83 0.228 0.00300524
0.83 0.234 0.00313698
0.83 0.24 0.00148314
0.83 0.246 0.0244979
0.83 0.252 0.0140195
0.83 0.258 0.00832099
0.83 0.264 0.00360511
0.83 0.27 0.00606014
0.83 0.276 0.00713541
0.83 0.282 0.00570533
0.83 0.288 0.00375247
0.83 0.294 0.0202289
0.83 0.3 0.00137219
0.83 0.306 0.0136861
0.83 0.312 0.00964264
0.83 0.318 0.00672115
0.83 0.324 0.0146951
0.83 0.33 0.0100635
0.83 0.336 0.0178721
0.83 0.342 0.0193405
0.83 0.348 0.00851665
0.83 0.354 0.00626292
0.83 0.36 0.000321562
0.83 0.366 0.000562396
0.83 0.372 0.00569781
0.83 0.378 0.00562022
0.83 0.384 0.0325712
0.83 0.39 0.0260802
0.83 0.396 0.00311526
0.83 0.402 0.0184579
0.83 0.408 0.00702221
0.83 0.414 0.0116325
0.83 0.42 0.0301571
0.83 0.426 0.0448421
0.83 0.432 0.0396013
0.83 0.438 0.035446
0.83 0.444 0.049606
0.83 0.45 0.0650824
0.83 0.456 0.08764
0.83 0.462 0.10412
0.83 0.468 0.120729
0.83 0.474 0.0934591
0.83 0.48 0.1299
0.83 0.486 0.0586349
0.83 0.492 0.167912
0.83 0.498 0.120605
0.83 0.504 0.14585
0.83 0.51 0.155804
0.83 0.516 0.166952
0.83 0.522 0.138213
0.83 0.528 0.0783888
0.83 0.534 0.0824157
0.83 0.54 0.12734
0.83 0.546 0.0739088
0.83 0.552 0.0754695
0.83 0.558 0.063965
0.83 0.564 0.0495877
0.83 0.57 0.00484609
0.83 0.576 0.0120855
0.83 0.582 0.0111989
0.83 0.588 0.00538532
0.83 0.594 0.0123428
0.83 0.6 0.00861055
0.835 0 0.000291189
0.835 0.006 0.000485512
0.835 0.012 0.000113146
0.835 0.018 0.000844233
0.835 0.024 0.0026849
0.835 0.03 0.00181287
0.835 0.036 0.00520442
0.835 0.042 0.00112608
0.835 0.048 0.000646809
0.835 0.054 0.00343788
0.835 0.06 0.0036511
0.835 0.066 0.00924483
0.835 0.072 0.016451
0.835 0.078 0.00962727
0.835 0.084 0.00280733
0.835 0.09 0.0149903
0.835 0.096 0.00938579
0.835 0.102 0.00846984
0.835 0.108 0.00944983
0.835 0.114 0.00497744
0.835 0.12 0.0210117
0.835 0.126 0.00182071
0.835 0.132 0.00960334
0.835 0.138 0.00792561
0.835 0.144 0.00988866
0.835 0.15 0.0104321
0.835 0.156 0.00392714
0.835 0.162 0.00461949
0.835 0.168 0.0106857
0.835 0.174 0.0227932
0.835 0.18 0.00402745
0.835 0.186 0.00414136
0.835 0.192 0.00112013
0.835 0.198 0.00311594
0.835 0.204 0.00534394
0.835 0.21 0.00485784
0.835 0.216 0.00807421
0.835 0.222 0.00588588
0.835 0.228 0.00600928
0.835 0.234 0.000672029
0.835 0.24 0.000358908
0.835 0.246 0.0248245
0.835 0.252 0.0114311
0.835 0.258 0.00979654
0.835 0.264 0.000848017
0.835 0.27 0.00412397
0.835 0.276 0.00737694
0.835 0.282 0.00471939
0.835 0.288 0.00108619
0.835 0.294 0.0224576
0.835 0.3 0.000989384
0.835 0.306 0.0123422
0.835 0.312 0.0100762
0.835 0.318 0.00550758
0.835 0.324 0.0162222
0.835 0.33 0.00989369
0.835 0.336 0.0199775
0.835 0.342 0.016489
0.835 0.348 0.00759675
0.835 0.354 0.00300803
0.835 0.36 0.00397809
0.835 0.366 0.00221345
0.835 0.372 0.00427788
0.835 0.378 0.00345712
0.835 0.384 0.0266454
0.835 0.39 0.0303418
0.835 0.396 0.00411331
0.835 0.402 0.0135962
0.835 0.408 0.00468016
0.835 0.414 0.00939419
0.835 0.42 0.028366
0.835 0.426 0.0365875
0.835 0.432 0.0349268
0.835 0.438 0.0297492
0.835 0.444 0.0453391
0.835 0.45 0.0622698
0.835 0.456 0.0780238
0.835 0.462 0.0985424
0.835 0.468 0.116258
0.835 0.474 0.0871669
0.835 0.48 0.122107
0.835 0.486 0.0608765
0.835 0.492 0.159071
0.835 0.498 0.119742
0.835 0.504 0.149793
0.835 0.51 0.158697
0.835 0.516 0.18163
0.835 0.522 0.14778
0.835 0.528 0.0806347
0.835 0.534 0.092155
0.835 0.54 0.133984
0.835 0.546 0.0831122
0.835 0.552 0.0829899
0.835 0.558 0.0682864
0.835 0.564 0.0555618
0.835 0.57 0.00159366
0.835 0.576 0.0155857
0.835 0.582 0.0114146
0.835 0.588 0.00694413
0.835 0.594 0.0142466
0.835 0.6 0.00963787
0.84 0 0.000313719
0.84 0.006 0.000509095
0.84 0.012 0.000132068
0.84 0.018 0.000807254
0.84 0.024 0.00269237
0.84 0.03 0.00169267
0.84 0.036 0.00423024
0.84 0.042 0.000345699
0.84 0.048 0.000144805
0.84 0.054 0.00504098
0.84 0.06 0.000769274
0.84 0.066 0.0108496
0.84 0.072 0.0158887
0.84 0.078 0.00623217
0.84 0.084 0.00226395
0.84 0.09 0.0168306
0.84 0.096 0.00676273
0.84 0.102 0.00790882
0.84 0.108 0.0128507
0.84 0.114 0.00699012
0.84 0.12 0.0174455
0.84 0.126 0.00192914
0.84 0.132 0.00562097
0.84 0.138 0.00849399
0.84 0.144 0.00889128
0.84 0.15 0.00830998
0.84 0.156 0.00223755
0.84 0.162 0.00942541
0.84 0.168 0.00824031
0.84 0.174 0.0242635
0.84 0.18 0.00184684
0.84 0.186 0.00625464
0.84 0.192 0.00525368
0.84 0.198 0.00182198
0.84 0.204 0.00327105
0.84 0.21 0.00969757
0.84 0.216 0.00865697
0.84 0.222 0.00533154
0.84 0.228 0.00629706
0.84 0.234 0.00371342
0.84 0.24 0.00107976
0.84 0.246 0.0212135
0.84 0.252 0.00765111
0.84 0.258 0.00677979
0.84 0.264 0.000302545
0.84 0.27 0.0026562
0.84 0.276 0.00643044
0.84 0.282 0.00461927
0.84 0.288 7.24647e-05
0.84 0.294 0.0223269
0.84 0.3 0.00232986
0.84 0.306 0.00769313
0.84 0.312 0.0107962
0.84 0.318 0.0044006
0.84 0.324 0.015504
0.84 0.33 0.00811277
0.84 0.336 0.020619
0.84 0.342 0.0123979
0.84 0.348 0.00537893
0.84 0.354 0.000197043
0.84 0.36 0.00753212
0.84 0.366 0.00276723
0.84 0.372 0.00428879
0.84 0.378 0.00149649
0.84 0.384 0.0222666
0.84 0.39 0.0319724
0.84 0.396 0.0100703
0.84 0.402 0.00895463
0.84 0.408 0.00188461
0.84 0.414 0.00564822
0.84 0.42 0.0260427
0.84 0.426 0.0309549
0.84 0.432 0.0308736
0.84 0.438 0.02766
0.84 0.444 0.0428929
0.84 0.45 0.0560624
0.84 0.456 0.0706242
0.84 0.462 0.0927179
0.84 0.468 0.110576
0.84 0.474 0.0798362
0.84 0.48 0.115029
0.84 0.486 0.0641245
0.84 0.492 0.152122
0.84 0.498 0.117542
0.84 0.504 0.15221
0.84 0.51 0.159686
0.84 0.516 0.191964
0.84 0.522 0.161381
0.84 0.528 0.0885541
0.84 0.534 0.104854
0.84 0.54 0.137841
0.84 0.546 0.0931097
0.84 0.552 0.0897108
0.84 0.558 0.0723409
0.84 0.564 0.056036
0.84 0.57 0.00372426
0.84 0.576 0.0204777
0.84 0.582 0.0122727
0.84 0.588 0.00992139
0.84 0.594 0.0151749
0.84 0.6 0.0131974
0.845 0 0.000293904
0.845 0.006 0.000495701
0.845 0.012 0.000124812
0.845 0.018 0.000733346
0.845 0.024 0.00264291
0.845 0.03 0.00152324
0.845 0.036 0.00291419
0.845 0.042 0.00201894
0.845 0.048 0.000184307
0.845 0.054 0.00643181
0.845 0.06 0.00524718
0.845 0.066 0.0130963
0.845 0.072 0.0136847
0.845 0.078 0.00266475
0.845 0.084 0.00233621
0.845 0.09 0.0181642
0.845 0.096 0.00425922
0.845 0.102 0.00678915
0.845 0.108 0.0154325
0.845 0.114 0.00855055
0.845 0.12 0.0144178
0.845 0.126 0.000828757
0.845 0.132 0.00039187
0.845 0.138 0.00874147
0.845 0.144 0.00814755
0.845 0.15 0.00594327
0.845 0.156 0.00134089
0.845 0.162 0.0122439
0.845 0.168 0.00604705
0.845 0.174 0.0226453
0.845 0.18 0.00203826
0.845 0.186 0.00787372
0.845 0.192 0.00744837
0.845 0.198 0.00224713
0.845 0.204 0.00296802
0.845 0.21 0.0128257
0.845 0.216 0.00973578
0.845 0.222 0.00599712
0.845 0.228 0.00411148
0.845 0.234 0.00726653
0.845 0.24 0.00454401
0.845 0.246 0.0155516
0.845 0.252 0.00440161
0.845 0.258 0.00218033
0.845 0.264 0.000549087
0.845 0.27 0.00201381
0.845 0.276 0.0050174
0.845 0.282 0.00560335
0.845 0.288 0.000927869
0.845 0.294 0.0199591
0.845 0.3 0.00630849
0.845 0.306 0.00129877
0.845 0.312 0.0107028
0.845 0.318 0.00401039
0.845 0.324 0.0122982
0.845 0.33 0.00582457
0.845 0.336 0.0193116
0.845 0.342 0.00728658
0.845 0.348 0.00231506
0.845 0.354 0.00264354
0.845 0.36 0.00819488
0.845 0.366 0.00122443
0.845 0.372 0.00493325
0.845 0.378 0.000131367
0.845 0.384 0.0205103
0.845 0.39 0.0299244
0.845 0.396 0.0119285
0.845 0.402 0.00598845
0.845 0.408 0.000406984
0.845 0.414 0.00117537
0.845 0.42 0.0227221
0.845 0.426 0.0274396
0.845 0.432 0.027006
0.845 0.438 0.0260462
0.845 0.444 0.0386123
0.845 0.45 0.0468218
0.845 0.456 0.0663968
0.845 0.462 0.0876265
0.845 0.468 0.104811
0.845 0.474 0.0712624
0.845 0.48 0.108692
0.845 0.486 0.0662807
0.845 0.492 0.150395
0.845 0.498 0.11739
0.845 0.504 0.152244
0.845 0.51 0.163391
0.845 0.516 0.195708
0.845 0.522 0.173448
0.845 0.528 0.0990163
0.845 0.534 0.11882
0.845 0.54 0.141153
0.845 0.546 0.102388
0.845 0.552 0.0942231
0.845 0.558 0.0752599
0.845 0.564 0.0538026
0.845 0.57 0.00910088
0.845 0.576 0.0257565
0.845 0.582 0.0132467
0.845 0.588 0.0140913
0.845 0.594 0.0146623
0.845 0.6 0.0170166
0.85 0 0.000258417
0.85 0.006 0.00046789
0.85 0.012 0.000103412
0.85 0.018 0.000632715
0.85 0.024 0.00254992
0.85 0.03 0.00129695
0.85 0.036 0.00135855
0.85 0.042 0.00382969
0.85 0.048 0.000302126
0.85 0.054 0.00755552
0.85 0.06 0.00885173
0.85 0.066 0.0155802
0.85 0.072 0.0103595
0.85 0.078 0.000519312
0.85 0.084 0.00236232
0.85 0.09 0.0189836
0.85 0.096 0.00187138
0.85 0.102 0.00505687
0.85 0.108 0.0166199
0.85 0.114 0.008711
0.85 0.12 0.0122539
0.85 0.126 0.00106663
0.85 0.132 0.00471804
0.85 0.138 0.00856233
0.85 0.144 0.00855765
0.85 0.15 0.00335648
0.85 0.156 0.0010901
0.85 0.162 0.0110087
0.85 0.168 0.00613231
0.85 0.174 0.0181958
0.85 0.18 0.0055623
0.85 0.186 0.00797808
0.85 0.192 0.00756516
0.85 0.198 0.00644436
0.85 0.204 0.0101259
0.85 0.21 0.0130781
0.85 0.216 0.00895645
0.85 0.222 0.00799264
0.85 0.228 0.000781195
0.85 0.234 0.00766328
0.85 0.24 0.00711002
0.85 0.246 0.0100618
0.85 0.252 0.00428525
0.85 0.258 0.000824132
0.85 0.264 0.000613883
0.85 0.27 0.00180632
0.85 0.276 0.00418209
0.85 0.282 0.00687288
0.85 0.288 0.00258023
0.85 0.294 0.0168241
0.85 0.3 0.0084991
0.85 0.306 0.00417228
0.85 0.312 0.0100262
0.85 0.318 0.00384235
0.85 0.324 0.00721753
0.85 0.33 0.00366844
0.85 0.336 0.0173263
0.85 0.342 0.0026035
0.85 0.348 0.000147824
0.85 0.354 0.00355613
0.85 0.36 0.00570065
0.85 0.366 0.00200471
0.85 0.372 0.0051916
0.85 0.378 0.000629056
0.85 0.384 0.0206873
0.85 0.39 0.0255774
0.85 0.396 0.00941067
0.85 0.402 0.00505076
0.85 0.408 0.00169915
0.85 0.414 0.00256451
0.85 0.42 0.0192
0.85 0.426 0.0246279
0.85 0.432 0.0235123
0.85 0.438 0.0213948
0.85 0.444 0.0316916
0.85 0.45 0.0374103
0.85 0.456 0.0652205
0.85 0.462 0.082023
0.85 0.468 0.100276
0.85 0.474 0.0623191
0.85 0.48 0.101689
0.85 0.486 0.0647707
0.85 0.492 0.152585
0.85 0.498 0.120231
0.85 0.504 0.149941
0.85 0.51 0.172201
0.85 0.516 0.195745
0.85 0.522 0.178826
0.85 0.528 0.104532
0.85 0.534 0.130923
0.85 0.54 0.144272
0.85 0.546 0.10978
0.85 0.552 0.0971412
0.85 0.558 0.07872
0.85 0.564 0.0532419
0.85 0.57 0.01304
0.85 0.576 0.0303441
0.85 0.582 0.0134834
0.85 0.588 0.0192988
0.85 0.594 0.013181
0.85 0.6 0.0190164
0.855 0 0.000262726
0.855 0.006 0.000472732
0.855 0.012 9.65922e-05
0.855 0.018 0.000528344
0.855 0.024 0.00243851
0.855 0.03 0.00101557
0.855 0.036 0.000287956
0.855 0.042 0.00569725
0.855 0.048 0.000202198
0.855 0.054 0.00838155
0.855 0.06 0.0109358
0.855 0.066 0.0176967
0.855 0.072 0.00664022
0.855 0.078 0.00303808
0.855 0.084 0.00174662
0.855 0.09 0.0192738
0.855 0.096 3.93286e-05
0.855 0.102 0.00309083
0.855 0.108 0.0160572
0.855 0.114 0.00703565
0.855 0.12 0.0107747
0.855 0.126 0.00306551
0.855 0.132 0.00829353
0.855 0.138 0.00827399
0.855 0.144 0.0103494
0.855 0.15 0.00106865
0.855 0.156 0.000812949
0.855 0.162 0.00644256
0.855 0.168 0.00813484
0.855 0.174 0.0116901
0.855 0.18 0.0112826
0.855 0.186 0.00667171
0.855 0.192 0.00601084
0.855 0.198 0.00779264
0.855 0.204 0.0123204
0.855 0.21 0.0118714
0.855 0.216 0.00531304
0.855 0.222 0.0112158
0.855 0.228 0.0018574
0.855 0.234 0.00499951
0.855 0.24 0.00678677
0.855 0.246 0.00609367
0.855 0.252 0.00743141
0.855 0.258 0.00102288
0.855 0.264 0.000867843
0.855 0.27 0.00125836
0.855 0.276 0.00431294
0.855 0.282 0.00766596
0.855 0.288 0.00358846
0.855 0.294 0.0151437
0.855 0.3 0.00744248
0.855 0.306 0.00702539
0.855 0.312 0.00997115
0.855 0.318 0.00292515
0.855 0.324 0.00164498
0.855 0.33 0.00177531
0.855 0.336 0.0161973
0.855 0.342 0.000151
0.855 0.348 0.000877258
0.855 0.354 0.00263564
0.855 0.36 0.00173488
0.855 0.366 0.0059557
0.855 0.372 0.00482985
0.855 0.378 0.00101726
0.855 0.384 0.0207139
0.855 0.39 0.0214765
0.855 0.396 0.00505276
0.855 0.402 0.00525213
0.855 0.408 0.00522988
0.855 0.414 0.0043959
0.855 0.42 0.016975
0.855 0.426 0.0219614
0.855 0.432 0.0215826
0.855 0.438 0.0151588
0.855 0.444 0.0256806
0.855 0.45 0.031027
0.855 0.456 0.0659003
0.855 0.462 0.0746275
0.855 0.468 0.0970073
0.855 0.474 0.0536061
0.855 0.48 0.0927809
0.855 0.486 0.0577792
0.855 0.492 0.15401
0.855 0.498 0.12395
0.855 0.504 0.147307
0.855 0.51 0.183313
0.855 0.516 0.1974
0.855 0.522 0.179033
0.855 0.528 0.10178
0.855 0.534 0.140149
0.855 0.54 0.147482
0.855 0.546 0.114738
0.855 0.552 0.100397
0.855 0.558 0.084316
0.855 0.564 0.0560067
0.855 0.57 0.0163171
0.855 0.576 0.0339194
0.855 0.582 0.0133701
0.855 0.588 0.0251186
0.855 0.594 0.0117387
0.855 0.6 0.0186532
0.86 0 0.000284354
0.86 0.006 0.000492296
0.86 0.012 9.41233e-05
0.86 0.018 0.000419572
0.86 0.024 0.00232103
0.86 0.03 0.000675221
0.86 0.036 0.00186184
0.86 0.042 0.00751936
0.86 0.048 9.41477e-05
0.86 0.054 0.00889288
0.86 0.06 0.0112459
0.86 0.066 0.0188823
0.86 0.072 0.00325075
0.86 0.078 0.0049196
0.86 0.084 0.000324518
0.86 0.09 0.019103
0.86 0.096 0.000961283
0.86 0.102 0.00145467
0.86 0.108 0.013898
0.86 0.114 0.00373308
0.86 0.12 0.00971208
0.86 0.126 0.00453802
0.86 0.132 0.00964459
0.86 0.138 0.00803625
0.86 0.144 0.0128021
0.86 0.15 0.000467243
0.86 0.156 0.000399597
0.86 0.162 0.00161508
0.86 0.168 0.00970613
0.86 0.174 0.00461477
0.86 0.18 0.0165105
0.86 0.186 0.00549997
0.86 0.192 0.00342957
0.86 0.198 0.00551839
0.86 0.204 0.00639024
0.86 0.21 0.0112193
0.86 0.216 0.000186639
0.86 0.222 0.0149539
0.86 0.228 0.00234398
0.86 0.234 0.0014374
0.86 0.24 0.00406518
0.86 0.246 0.0043323
0.86 0.252 0.0110771
0.86 0.258 0.00068295
0.86 0.264 0.00139131
0.86 0.27 0.00036417
0.86 0.276 0.00505134
0.86 0.282 0.00766979
0.86 0.288 0.00327147
0.86 0.294 0.0163
0.86 0.3 0.00372485
0.86 0.306 0.00730721
0.86 0.312 0.0113422
0.86 0.318 0.00122575
0.86 0.324 0.00268049
0.86 0.33 0.000214334
0.86 0.336 0.0163739
0.86 0.342 0.000651523
0.86 0.348 0.000121932
0.86 0.354 0.000263535
0.86 0.36 0.00142415
0.86 0.366 0.00949808
0.86 0.372 0.0044428
0.86 0.378 0.00119988
0.86 0.384 0.0193079
0.86 0.39 0.0192403
0.86 0.396 0.00192907
0.86 0.402 0.00565924
0.86 0.408 0.00862792
0.86 0.414 0.00393559
0.86 0.42 0.0161143
0.86 0.426 0.0191635
0.86 0.432 0.0213402
0.86 0.438 0.0110726
0.86 0.444 0.0239841
0.86 0.45 0.0289711
0.86 0.456 0.0662251
0.86 0.462 0.0663189
0.86 0.468 0.0934837
0.86 0.474 0.0454592
0.86 0.48 0.0826611
0.86 0.486 0.0465429
0.86 0.492 0.15024
0.86 0.498 0.125431
0.86 0.504 0.146974
0.86 0.51 0.18861
0.86 0.516 0.204141
0.86 0.522 0.180653
0.86 0.528 0.0963009
0.86 0.534 0.14874
0.86 0.54 0.152483
0.86 0.546 0.117751
0.86 0.552 0.105379
0.86 0.558 0.0911668
0.86 0.564 0.0607216
0.86 0.57 0.0205367
0.86 0.576 0.0368624
0.86 0.582 0.0145593
0.86 0.588 0.0304787
0.86 0.594 0.0113986
0.86 0.6 0.0169018
0.865 0 0.000269257
0.865 0.006 0.000481976
0.865 0.012 6.99945e-05
0.865 0.018 0.00029518
0.865 0.024 0.00220469
0.865 0.03 0.000272845
0.865 0.036 0.00320617
0.865 0.042 0.00918303
0.865 0.048 0.000539705
0.865 0.054 0.00907121
0.865 0.06 0.00993042
0.865 0.066 0.0188565
0.865 0.072 0.000718017
0.865 0.078 0.00640482
0.865 0.084 0.00154836
0.865 0.09 0.0185842
0.865 0.096 0.000661629
0.865 0.102 0.000437539
0.865 0.108 0.0107195
0.865 0.114 0.00040526
0.865 0.12 0.00905444
0.865 0.126 0.00510165
0.865 0.132 0.00886448
0.865 0.138 0.00744628
0.865 0.144 0.0145661
0.865 0.15 0.000814047
0.865 0.156 0.000557372
0.865 0.162 0.00033206
0.865 0.168 0.0087981
0.865 0.174 0.000687121
0.865 0.18 0.0188165
0.865 0.186 0.00618155
0.865 0.192 0.000543028
0.865 0.198 0.00172631
0.865 0.204 0.00451589
0.865 0.21 0.0112993
0.865 0.216 0.00375505
0.865 0.222 0.0180791
0.865 0.228 0.000309411
0.865 0.234 0.000564105
0.865 0.24 0.00108428
0.865 0.246 0.00513304
0.865 0.252 0.0127773
0.865 0.258 0.00302578
0.865 0.264 0.0020601
0.865 0.27 0.00321071
0.865 0.276 0.0059065
0.865 0.282 0.00677809
0.865 0.288 0.0021041
0.865 0.294 0.0193265
0.865 0.3 0.000254218
0.865 0.306 0.00594101
0.865 0.312 0.0136203
0.865 0.318 0.000117451
0.865 0.324 0.00454687
0.865 0.33 0.000786122
0.865 0.336 0.0175241
0.865 0.342 0.00285359
0.865 0.348 0.00207998
0.865 0.354 0.00300884
0.865 0.36 0.00271632
0.865 0.366 0.0110287
0.865 0.372 0.0046339
0.865 0.378 0.00134907
0.865 0.384 0.0173767
0.865 0.39 0.018695
0.865 0.396 0.00154817
0.865 0.402 0.0062157
0.865 0.408 0.00939529
0.865 0.414 0.0017914
0.865 0.42 0.0153979
0.865 0.426 0.015867
0.865 0.432 0.0209017
0.865 0.438 0.0103856
0.865 0.444 0.026095
0.865 0.45 0.0303093
0.865 0.456 0.063618
0.865 0.462 0.0592976
0.865 0.468 0.0882931
0.865 0.474 0.0390339
0.865 0.48 0.073366
0.865 0.486 0.0357347
0.865 0.492 0.140077
0.865 0.498 0.12323
0.865 0.504 0.148981
0.865 0.51 0.181093
0.865 0.516 0.215705
0.865 0.522 0.187959
0.865 0.528 0.0973696
0.865 0.534 0.159028
0.865 0.54 0.160315
0.865 0.546 0.120439
0.865 0.552 0.111474
0.865 0.558 0.0975314
0.865 0.564 0.0655423
0.865 0.57 0.0258177
0.865 0.576 0.0396013
0.865 0.582 0.0182641
0.865 0.588 0.0338958
0.865 0.594 0.0126718
0.865 0.6 0.0154608
0.87 0 0.000236123
0.87 0.006 0.000457648
0.87 0.012 3.6276e-05
0.87 0.018 0.000167577
0.87 0.024 0.00211041
0.87 0.03 0.000177955
0.87 0.036 0.00418441
0.87 0.042 0.0105764
0.87 0.048 0.00106794
0.87 0.054 0.00889495
0.87 0.06 0.00745033
0.87 0.066 0.0177622
0.87 0.072 0.000750689
0.87 0.078 0.00774274
0.87 0.084 0.00324753
0.87 0.09 0.0177428
0.87 0.096 0.000392806
0.87 0.102 0.000202739
0.87 0.108 0.00715326
0.87 0.114 0.00424274
0.87 0.12 0.00905208
0.87 0.126 0.00461206
0.87 0.132 0.00665001
0.87 0.138 0.00589689
0.87 0.144 0.0143235
0.87 0.15 0.000741739
0.87 0.156 0.00183088
0.87 0.162 0.00153986
0.87 0.168 0.00557972
0.87 0.174 0.00189753
0.87 0.18 0.017403
0.87 0.186 0.00856072
0.87 0.192 0.00175198
0.87 0.198 0.000643651
0.87 0.204 0.0128669
0.87 0.21 0.0106886
0.87 0.216 0.0045724
0.87 0.222 0.0194229
0.87 0.228 0.00351602
0.87 0.234 0.000315979
0.87 0.24 0.00028589
0.87 0.246 0.00796546
0.87 0.252 0.0125794
0.87 0.258 0.00574502
0.87 0.264 0.00239801
0.87 0.27 0.00644481
0.87 0.276 0.00669241
0.87 0.282 0.00498476
0.87 0.288 0.00118262
0.87 0.294 0.0213417
0.87 0.3 0.000488693
0.87 0.306 0.00363731
0.87 0.312 0.0153557
0.87 0.318 0.000894382
0.87 0.324 0.00382265
0.87 0.33 0.00112732
0.87 0.336 0.0194285
0.87 0.342 0.00429676
0.87 0.348 0.00430769
0.87 0.354 0.00690414
0.87 0.36 0.00296631
0.87 0.366 0.00926403
0.87 0.372 0.00551287
0.87 0.378 0.00188506
0.87 0.384 0.0166177
0.87 0.39 0.0186531
0.87 0.396 0.00363147
0.87 0.402 0.00719904
0.87 0.408 0.00662004
0.87 0.414 0.000335637
0.87 0.42 0.0143829
0.87 0.426 0.0124514
0.87 0.432 0.0186643
0.87 0.438 0.0121745
0.87 0.444 0.0291958
0.87 0.45 0.0331906
0.87 0.456 0.0565457
0.87 0.462 0.0544985
0.87 0.468 0.0818952
0.87 0.474 0.0360746
0.87 0.48 0.0658352
0.87 0.486 0.0301249
0.87 0.492 0.126112
0.87 0.498 0.118554
0.87 0.504 0.149589
0.87 0.51 0.163067
0.87 0.516 0.228714
0.87 0.522 0.198901
0.87 0.528 0.108419
0.87 0.534 0.170282
0.87 0.54 0.169126
0.87 0.546 0.124513
0.87 0.552 0.117105
0.87 0.558 0.103598
0.87 0.564 0.0697446
0.87 0.57 0.0307614
0.87 0.576 0.0424811
0.87 0.582 0.0238794
0.87 0.588 0.0344563
0.87 0.594 0.0150817
0.87 0.6 0.0155693
0.875 0 0.000237577
0.875 0.006 0.000463353
0.875 0.012 2.27964e-05
0.875 0.018 6.06914e-05
0.875 0.024 0.002061
0.875 0.03 0.000653852
0.875 0.036 0.0047073
0.875 0.042 0.0115908
0.875 0.048 0.00160863
0.875 0.054 0.00834839
0.875 0.06 0.00443221
0.875 0.066 0.0161221
0.875 0.072 0.00128877
0.875 0.078 0.00897869
0.875 0.084 0.0043066
0.875 0.09 0.0164688
0.875 0.096 0.00102666
0.875 0.102 0.00114287
0.875 0.108 0.0036008
0.875 0.114 0.00674599
0.875 0.12 0.00990381
0.875 0.126 0.00310684
0.875 0.132 0.00407617
0.875 0.138 0.00347716
0.875 0.144 0.0115063
0.875 0.15 0.00450935
0.875 0.156 0.00361978
0.875 0.162 0.00546409
0.875 0.168 0.00221161
0.875 0.174 0.00168123
0.875 0.18 0.0130239
0.875 0.186 0.0101592
0.875 0.192 0.00255417
0.875 0.198 0.000435484
0.875 0.204 0.0127493
0.875 0.21 0.0089235
0.875 0.216 0.00221156
0.875 0.222 0.0182131
0.875 0.228 0.00791008
0.875 0.234 0.00372083
0.875 0.24 0.000403032
0.875 0.246 0.0110175
0.875 0.252 0.011604
0.875 0.258 0.00905749
0.875 0.264 0.00154035
0.875 0.27 0.00853316
0.875 0.276 0.00738766
0.875 0.282 0.00268289
0.875 0.288 0.00133825
0.875 0.294 0.019932
0.875 0.3 0.00514482
0.875 0.306 0.000774747
0.875 0.312 0.0153011
0.875 0.318 0.00283858
0.875 0.324 0.00117459
0.875 0.33 0.00116577
0.875 0.336 0.0219142
0.875 0.342 0.003447
0.875 0.348 0.00643777
0.875 0.354 0.010843
0.875 0.36 0.00372618
0.875 0.366 0.00497719
0.875 0.372 0.00695212
0.875 0.378 0.00319291
0.875 0.384 0.0172613
0.875 0.39 0.0179681
0.875 0.396 0.00683141
0.875 0.402 0.00813844
0.875 0.408 0.00150723
0.875 0.414 0.000257964
0.875 0.42 0.0134453
0.875 0.426 0.00991438
0.875 0.432 0.0155299
0.875 0.438 0.0155776
0.875 0.444 0.0314446
0.875 0.45 0.036189
0.875 0.456 0.0458591
0.875 0.462 0.0507722
0.875 0.468 0.0761461
0.875 0.474 0.0368202
0.875 0.48 0.0589565
0.875 0.486 0.0305213
0.875 0.492 0.112774
0.875 0.498 0.113577
0.875 0.504 0.144489
0.875 0.51 0.145391
0.875 0.516 0.238388
0.875 0.522 0.207877
0.875 0.528 0.123767
0.875 0.534 0.179875
0.875 0.54 0.175953
0.875 0.546 0.130274
0.875 0.552 0.122337
0.875 0.558 0.110748
0.875 0.564 0.0735801
0.875 0.57 0.0341173
0.875 0.576 0.0461583
0.875 0.582 0.0295284
0.875 0.588 0.0327688
0.875 0.594 0.0175453
0.875 0.6 0.0170404
0.88 0 0.000258607
0.88 0.006 0.000486278
0.88 0.012 2.34279e-05
0.88 0.018 2.48008e-05
0.88 0.024 0.00205773
0.88 0.03 0.00114105
0.88 0.036 0.00476042
0.88 0.042 0.0121255
0.88 0.048 0.00210226
0.88 0.054 0.0074258
0.88 0.06 0.00151842
0.88 0.066 0.0146313
0.88 0.072 0.00127874
0.88 0.078 0.0098578
0.88 0.084 0.00472704
0.88 0.09 0.0146411
0.88 0.096 6.17288e-06
0.88 0.102 0.00306411
0.88 0.108 0.000244673
0.88 0.114 0.00747941
0.88 0.12 0.0114274
0.88 0.126 0.000830193
0.88 0.132 0.00193851
0.88 0.138 0.00138705
0.88 0.144 0.00681918
0.88 0.15 0.00941857
0.88 0.156 0.00456503
0.88 0.162 0.00844452
0.88 0.168 0.000781017
0.88 0.174 0.00835044
0.88 0.18 0.00720427
0.88 0.186 0.00845992
0.88 0.192 0.00161979
0.88 0.198 0.00115019
0.88 0.204 0.0046194
0.88 0.21 0.00787013
0.88 0.216 0.00172372
0.88 0.222 0.0147689
0.88 0.228 0.0116845
0.88 0.234 0.00780057
0.88 0.24 0.00225222
0.88 0.246 0.0122596
0.88 0.252 0.0101656
0.88 0.258 0.0122688
0.88 0.264 0.00116813
0.88 0.27 0.00837798
0.88 0.276 0.00779908
0.88 0.282 0.000896106
0.88 0.288 0.00263274
0.88 0.294 0.0151606
0.88 0.3 0.0107147
0.88 0.306 0.0020144
0.88 0.312 0.0131579
0.88 0.318 0.00341768
0.88 0.324 0.00236674
0.88 0.33 0.00152091
0.88 0.336 0.0242625
0.88 0.342 0.00116767
0.88 0.348 0.00795768
0.88 0.354 0.0131102
0.88 0.36 0.00545385
0.88 0.366 0.00110988
0.88 0.372 0.00891793
0.88 0.378 0.00500733
0.88 0.384 0.0179622
0.88 0.39 0.0160353
0.88 0.396 0.00941879
0.88 0.402 0.00782666
0.88 0.408 0.00348269
0.88 0.414 0.00308854
0.88 0.42 0.0119467
0.88 0.426 0.00846078
0.88 0.432 0.0137815
0.88 0.438 0.0192999
0.88 0.444 0.0323953
0.88 0.45 0.038587
0.88 0.456 0.0347854
0.88 0.462 0.0467205
0.88 0.468 0.0722134
0.88 0.474 0.0385744
0.88 0.48 0.051606
0.88 0.486 0.0334413
0.88 0.492 0.103159
0.88 0.498 0.108949
0.88 0.504 0.133162
0.88 0.51 0.137108
0.88 0.516 0.241083
0.88 0.522 0.210606
0.88 0.528 0.134761
0.88 0.534 0.186752
0.88 0.54 0.180381
0.88 0.546 0.136546
0.88 0.552 0.129294
0.88 0.558 0.118759
0.88 0.564 0.0778933
0.88 0.57 0.0358585
0.88 0.576 0.0514357
0.88 0.582 0.0338002
0.88 0.588 0.0308885
0.88 0.594 0.0193127
0.88 0.6 0.018543
0.885 0 0.000247982
0.885 0.006 0.000482964
0.885 0.012 1.16052e-05
0.885 0.018 0.00010336
0.885 0.024 0.00208736
0.885 0.03 0.00163412
0.885 0.036 0.00440235
0.885 0.042 0.0121065
0.885 0.048 0.00250414
0.885 0.054 0.00613087
0.885 0.06 0.000757855
0.885 0.066 0.0139015
0.885 0.072 0.00117494
0.885 0.078 0.00990678
0.885 0.084 0.00496013
0.885 0.09 0.0123146
0.885 0.096 0.00310266
0.885 0.102 0.00605303
0.885 0.108 0.00274302
0.885 0.114 0.00677044
0.885 0.12 0.0130164
0.885 0.126 0.00173485
0.885 0.132 7.85297e-05
0.885 0.138 0.00108916
0.885 0.144 0.0022047
0.885 0.15 0.0134952
0.885 0.156 0.00395353
0.885 0.162 0.00835399
0.885 0.168 0.0015196
0.885 0.174 0.0148971
0.885 0.18 0.00172441
0.885 0.186 0.00376741
0.885 0.192 0.000251768
0.885 0.198 0.00222966
0.885 0.204 0.00529252
0.885 0.21 0.00979267
0.885 0.216 0.00500921
0.885 0.222 0.0108186
0.885 0.228 0.0137126
0.885 0.234 0.010191
0.885 0.24 0.00385168
0.885 0.246 0.0111152
0.885 0.252 0.00841073
0.885 0.258 0.0135187
0.885 0.264 0.00518875
0.885 0.27 0.00649642
0.885 0.276 0.00754995
0.885 0.282 0.000919705
0.885 0.288 0.00450424
0.885 0.294 0.00925108
0.885 0.3 0.0121893
0.885 0.306 0.00360926
0.885 0.312 0.00951556
0.885 0.318 0.000873465
0.885 0.324 0.00535735
0.885 0.33 0.00248694
0.885 0.336 0.0254182
0.885 0.342 0.000110409
0.885 0.348 0.00791992
0.885 0.354 0.0115981
0.885 0.36 0.00693645
0.885 0.366 0.000482738
0.885 0.372 0.0113578
0.885 0.378 0.00644711
0.885 0.384 0.0175195
0.885 0.39 0.0130509
0.885 0.396 0.0102591
0.885 0.402 0.00564344
0.885 0.408 0.00633045
0.885 0.414 0.00830282
0.885 0.42 0.0085217
0.885 0.426 0.00738916
0.885 0.432 0.0143967
0.885 0.438 0.0211717
0.885 0.444 0.0318332
0.885 0.45 0.0398629
0.885 0.456 0.0270771
0.885 0.462 0.0426375
0.885 0.468 0.0696545
0.885 0.474 0.0372722
0.885 0.48 0.0448245
0.885 0.486 0.0346869
0.885 0.492 0.0969822
0.885 0.498 0.103674
0.885 0.504 0.119398
0.885 0.51 0.13776
0.885 0.516 0.236655
0.885 0.522 0.206627
0.885 0.528 0.137702
0.885 0.534 0.192226
0.885 0.54 0.184896
0.885 0.546 0.142382
0.885 0.552 0.139269
0.885 0.558 0.125931
0.885 0.564 0.0835864
0.885 0.57 0.0371475
0.885 0.576 0.0582596
0.885 0.582 0.0368111
0.885 0.588 0.0310454
0.885 0.594 0.0204033
0.885 0.6 0.0190934
0.89 0 0.000216828
0.89 0.006 0.000462081
0.89 0.012 7.93134e-06
0.89 0.018 0.00017152
0.89 0.024 0.0021441
0.89 0.03 0.00212131
0.89 0.036 0.00373801
0.89 0.042 0.0115015
0.89 0.048 0.0027847
0.89 0.054 0.00448371
0.89 0.06 0.00206007
0.89 0.066 0.0142475
0.89 0.072 0.00131343
0.89 0.078 0.00865809
0.89 0.084 0.0055755
0.89 0.09 0.00976922
0.89 0.096 0.00733595
0.89 0.102 0.00926155
0.89 0.108 0.00505812
0.89 0.114 0.00537374
0.89 0.12 0.0138972
0.89 0.126 0.00400541
0.89 0.132 0.00218903
0.89 0.138 0.00284069
0.89 0.144 1.78789e-06
0.89 0.15 0.0154597
0.89 0.156 0.0024504
0.89 0.162 0.00507466
0.89 0.168 0.00309193
0.89 0.174 0.0183471
0.89 0.18 0.00186057
0.89 0.186 0.000710353
0.89 0.192 0.00182752
0.89 0.198 0.00210565
0.89 0.204 0.0101473
0.89 0.21 0.0143416
0.89 0.216 0.0060791
0.89 0.222 0.00851544
0.89 0.228 0.0129498
0.89 0.234 0.00950473
0.89 0.24 0.00438984
0.89 0.246 0.0087359
0.89 0.252 0.00748221
0.89 0.258 0.0110076
0.89 0.264 0.00857615
0.89 0.27 0.00495021
0.89 0.276 0.00643765
0.89 0.282 0.00335902
0.89 0.288 0.00625478
0.89 0.294 0.0045925
0.89 0.3 0.00756884
0.89 0.306 0.00295125
0.89 0.312 0.00537157
0.89 0.318 0.00365254
0.89 0.324 0.00609301
0.89 0.33 0.00372366
0.89 0.336 0.024888
0.89 0.342 0.00133269
0.89 0.348 0.00552659
0.89 0.354 0.00610548
0.89 0.36 0.00655691
0.89 0.366 0.0036012
0.89 0.372 0.0139562
0.89 0.378 0.00681166
0.89 0.384 0.0158636
0.89 0.39 0.00996497
0.89 0.396 0.0096987
0.89 0.402 0.00279864
0.89 0.408 0.00674964
0.89 0.414 0.012135
0.89 0.42 0.00347191
0.89 0.426 0.00660777
0.89 0.432 0.0162908
0.89 0.438 0.0203582
0.89 0.444 0.0298272
0.89 0.45 0.0393958
0.89 0.456 0.0244471
0.89 0.462 0.0402057
0.89 0.468 0.0673797
0.89 0.474 0.0310021
0.89 0.48 0.0407578
0.89 0.486 0.0328727
0.89 0.492 0.0914861
0.89 0.498 0.0974148
0.89 0.504 0.107726
0.89 0.51 0.140402
0.89 0.516 0.228424
0.89 0.522 0.199162
0.89 0.528 0.135329
0.89 0.534 0.197575
0.89 0.54 0.191681
0.89 0.546 0.148282
0.89 0.552 0.150403
0.89 0.558 0.131956
0.89 0.564 0.0904121
0.89 0.57 0.0396455
0.89 0.576 0.0651034
0.89 0.582 0.0397803
0.89 0.588 0.0341157
0.89 0.594 0.0212533
0.89 0.6 0.019092
0.895 0 0.000214498
0.895 0.006 0.0004646
0.895 0.012 1.06735e-05
0.895 0.018 0.000212438
0.895 0.024 0.00222494
0.895 0.03 0.00258621
0.895 0.036 0.0028973
0.895 0.042 0.0103221
0.895 0.048 0.0029322
0.895 0.054 0.00253142
0.895 0.06 0.0022841
0.895 0.066 0.0155501
0.895 0.072 0.00178658
0.895 0.078 0.00590672
0.895 0.084 0.00683412
0.895 0.09 0.00735017
0.895 0.096 0.0108149
0.895 0.102 0.0112463
0.895 0.108 0.00637876
0.895 0.114 0.00392807
0.895 0.12 0.0134203
0.895 0.126 0.00560965
0.895 0.132 0.00476827
0.895 0.138 0.00524684
0.895 0.144 0.00160622
0.895 0.15 0.0153511
0.895 0.156 0.00130027
0.895 0.162 0.000147847
0.895 0.168 0.0043217
0.895 0.174 0.017324
0.895 0.18 0.00299205
0.895 0.186 0.00196234
0.895 0.192 0.00242794
0.895 0.198 0.00149273
0.895 0.204 0.00761621
0.895 0.21 0.0183121
0.895 0.216 0.00504872
0.895 0.222 0.00878552
0.895 0.228 0.00914888
0.895 0.234 0.00615278
0.895 0.24 0.00428921
0.895 0.246 0.00659066
0.895 0.252 0.00839517
0.895 0.258 0.00441101
0.895 0.264 0.00930598
0.895 0.27 0.00566509
0.895 0.276 0.00473405
0.895 0.282 0.00724834
0.895 0.288 0.00741221
0.895 0.294 0.00224548
0.895 0.3 0.000589229
0.895 0.306 0.000178446
0.895 0.312 0.00174403
0.895 0.318 0.00711362
0.895 0.324 0.00379241
0.895 0.33 0.00462062
0.895 0.336 0.0231648
0.895 0.342 0.00506339
0.895 0.348 0.00113746
0.895 0.354 0.000434433
0.895 0.36 0.00404629
0.895 0.366 0.00865118
0.895 0.372 0.0161746
0.895 0.378 0.00609935
0.895 0.384 0.0136203
0.895 0.39 0.00771321
0.895 0.396 0.0089484
0.895 0.402 0.00189114
0.895 0.408 0.00588086
0.895 0.414 0.0119291
0.895 0.42 0.00104488
0.895 0.426 0.006951
0.895 0.432 0.0177322
0.895 0.438 0.0182738
0.895 0.444 0.0271476
0.895 0.45 0.0369253
0.895 0.456 0.0254537
0.895 0.462 0.0405003
0.895 0.468 0.0645405
0.895 0.474 0.022077
0.895 0.48 0.0394874
0.895 0.486 0.0297941
0.895 0.492 0.0841985
0.895 0.498 0.0916792
0.895 0.504 0.099994
0.895 0.51 0.13912
0.895 0.516 0.220577
0.895 0.522 0.193125
0.895 0.528 0.132332
0.895 0.534 0.202406
0.895 0.54 0.200461
0.895 0.546 0.155383
0.895 0.552 0.159379
0.895 0.558 0.138496
0.895 0.564 0.0963911
0.895 0.57 0.0442248
0.895 0.576 0.0698658
0.895 0.582 0.0438118
0.895 0.588 0.0390475
0.895 0.594 0.0223
0.895 0.6 0.0197034
0.9 0 0.000233515
0.9 0.006 0.000484209
0.9 0.012 1.56402e-06
0.9 0.018 0.000224849
0.9 0.024 0.00231051
0.9 0.03 0.00302114
0.9 0.036 0.00202248
0.9 0.042 0.00861882
0.9 0.048 0.00295244
0.9 0.054 0.000346681
0.9 0.06 0.00153519
0.9 0.066 0.0172518
0.9 0.072 0.00241537
0.9 0.078 0.00187506
0.9 0.084 0.0084454
0.9 0.09 0.00525198
0.9 0.096 0.0116501
0.9 0.102 0.0108516
0.9 0.108 0.00665016
0.9 0.114 0.00265896
0.9 0.12 0.0111545
0.9 0.126 0.00661186
0.9 0.132 0.00638737
0.9 0.138 0.00654059
0.9 0.144 0.00652786
0.9 0.15 0.0136766
0.9 0.156 0.000972203
0.9 0.162 0.00442385
0.9 0.168 0.00503549
0.9 0.174 0.0124815
0.9 0.18 0.0023569
0.9 0.186 0.000101704
0.9 0.192 0.00207706
0.9 0.198 0.00123939
0.9 0.204 0.000837958
0.9 0.21 0.0186668
0.9 0.216 0.0036336
0.9 0.222 0.0108686
0.9 0.228 0.00386946
0.9 0.234 0.00169667
0.9 0.24 0.00454638
0.9 0.246 0.00513592
0.9 0.252 0.0102211
0.9 0.258 0.00459548
0.9 0.264 0.00721212
0.9 0.27 0.00860383
0.9 0.276 0.00302153
0.9 0.282 0.0102918
0.9 0.288 0.00781606
0.9 0.294 0.00201382
0.9 0.3 0.00770327
0.9 0.306 0.00486135
0.9 0.312 0.000429865
0.9 0.318 0.00773388
0.9 0.324 0.000128088
0.9 0.33 0.00493208
0.9 0.336 0.0214022
0.9 0.342 0.00892233
0.9 0.348 0.00347751
0.9 0.354 0.00384062
0.9 0.36 0.000884963
0.9 0.366 0.0129229
0.9 0.372 0.0175021
0.9 0.378 0.00471577
0.9 0.384 0.0116643
0.9 0.39 0.00643503
0.9 0.396 0.00830505
0.9 0.402 0.00462472
0.9 0.408 0.00470364
0.9 0.414 0.0077742
0.9 0.42 0.00360198
0.9 0.426 0.00866335
0.9 0.432 0.0179632
0.9 0.438 0.0160404
0.9 0.444 0.0245304
0.9 0.45 0.0332011
0.9 0.456 0.0270489
0.9 0.462 0.0426134
0.9 0.468 0.0604016
0.9 0.474 0.0154464
0.9 0.48 0.038132
0.9 0.486 0.0280313
0.9 0.492 0.0745578
0.9 0.498 0.087999
0.9 0.504 0.0949984
0.9 0.51 0.132395
0.9 0.516 0.215677
0.9 0.522 0.191788
0.9 0.528 0.131097
0.9 0.534 0.205799
0.9 0.54 0.209686
0.9 0.546 0.164123
0.9 0.552 0.165032
0.9 0.558 0.146252
0.9 0.564 0.0992749
0.9 0.57 0.0500637
0.9 0.576 0.0717282
0.9 0.582 0.0489565
0.9 0.588 0.0437002
0.9 0.594 0.0238052
0.9 0.6 0.0214941
0.905 0 0.00022683
0.905 0.006 0.000481504
0.905 0.012 6.04747e-06
0.905 0.018 0.000218287
0.905 0.024 0.00237152
0.905 0.03 0.00342365
0.905 0.036 0.00124456
0.905 0.042 0.00648003
0.905 0.048 0.00286095
0.905 0.054 0.00198121
0.905 0.06 6.25605e-05
0.905 0.066 0.0185621
0.905 0.072 0.00281139
0.905 0.078 0.00279496
0.905 0.084 0.00968415
0.905 0.09 0.00347804
0.905 0.096 0.00897272
0.905 0.102 0.0079672
0.905 0.108 0.00621099
0.905 0.114 0.00147651
0.905 0.12 0.00687591
0.905 0.126 0.0074018
0.905 0.132 0.00585847
0.905 0.138 0.00629773
0.905 0.144 0.0126036
0.905 0.15 0.0107838
0.905 0.156 0.000724142
0.905 0.162 0.00723874
0.905 0.168 0.00511857
0.905 0.174 0.00605063
0.905 0.18 0.000919319
0.905 0.186 0.0020788
0.905 0.192 0.000838386
0.905 0.198 0.00127286
0.905 0.204 0.00488506
0.905 0.21 0.0152933
0.905 0.216 0.00362277
0.905 0.222 0.0135298
0.905 0.228 0.000295746
0.905 0.234 0.00243643
0.905 0.24 0.0052513
0.905 0.246 0.00399319
0.905 0.252 0.0108144
0.905 0.258 0.0128185
0.905 0.264 0.00452216
0.905 0.27 0.0117838
0.905 0.276 0.00165233
0.905 0.282 0.0105173
0.905 0.288 0.00759483
0.905 0.294 0.00319969
0.905 0.3 0.0104684
0.905 0.306 0.00935763
0.905 0.312 0.000357271
0.905 0.318 0.00675281
0.905 0.324 0.00259238
0.905 0.33 0.00492799
0.905 0.336 0.0209218
0.905 0.342 0.0105314
0.905 0.348 0.00616354
0.905 0.354 0.0022353
0.905 0.36 0.00107196
0.905 0.366 0.0141697
0.905 0.372 0.0176894
0.905 0.378 0.00303779
0.905 0.384 0.01114
0.905 0.39 0.00571486
0.905 0.396 0.00670276
0.905 0.402 0.00972918
0.905 0.408 0.00302349
0.905 0.414 0.00245598
0.905 0.42 0.00457261
0.905 0.426 0.0108064
0.905 0.432 0.0178775
0.905 0.438 0.0132303
0.905 0.444 0.0220703
0.905 0.45 0.0298626
0.905 0.456 0.0274511
0.905 0.462 0.0442474
0.905 0.468 0.0545255
0.905 0.474 0.0145953
0.905 0.48 0.0338222
0.905 0.486 0.0282851
0.905 0.492 0.063282
0.905 0.498 0.0859462
0.905 0.504 0.0903675
0.905 0.51 0.122387
0.905 0.516 0.2141
0.905 0.522 0.194298
0.905 0.528 0.13125
0.905 0.534 0.208055
0.905 0.54 0.218336
0.905 0.546 0.17422
0.905 0.552 0.169394
0.905 0.558 0.153072
0.905 0.564 0.0987283
0.905 0.57 0.0556422
0.905 0.576 0.0721268
0.905 0.582 0.0541456
0.905 0.588 0.0464295
0.905 0.594 0.0255428
0.905 0.6 0.0239214
0.91 0 0.000198869
0.91 0.006 0.000460243
0.91 0.012 2.20126e-05
0.91 0.018 0.000185669
0.91 0.024 0.0023921
0.91 0.03 0.00378162
0.91 0.036 0.000653284
0.91 0.042 0.00402668
0.91 0.048 0.00267558
0.91 0.054 0.00434773
0.91 0.06 0.00182073
0.91 0.066 0.0188174
0.91 0.072 0.00251039
0.91 0.078 0.00722905
0.91 0.084 0.00982263
0.91 0.09 0.00202471
0.91 0.096 0.00347028
0.91 0.102 0.0036403
0.91 0.108 0.00555623
0.91 0.114 0.000266009
0.91 0.12 0.000720197
0.91 0.126 0.00830916
0.91 0.132 0.00338312
0.91 0.138 0.00569836
0.91 0.144 0.0172471
0.91 0.15 0.00735579
0.91 0.156 0.000595745
0.91 0.162 0.00791118
0.91 0.168 0.00360138
0.91 0.174 0.000674853
0.91 0.18 0.00119179
0.91 0.186 0.00219685
0.91 0.192 0.00143798
0.91 0.198 0.00111667
0.91 0.204 0.00619226
0.91 0.21 0.0105238
0.91 0.216 0.00521221
0.91 0.222 0.0162283
0.91 0.228 0.00120383
0.91 0.234 0.00547247
0.91 0.24 0.00516408
0.91 0.246 0.00311736
0.91 0.252 0.00933546
0.91 0.258 0.0168422
0.91 0.264 0.00412105
0.91 0.27 0.0132225
0.91 0.276 0.000398062
0.91 0.282 0.00805611
0.91 0.288 0.00713658
0.91 0.294 0.00484312
0.91 0.3 0.00812552
0.91 0.306 0.0118015
0.91 0.312 0.00216722
0.91 0.318 0.00672537
0.91 0.324 0.00130824
0.91 0.33 0.00488237
0.91 0.336 0.0226482
0.91 0.342 0.00875256
0.91 0.348 0.0058423
0.91 0.354 0.00227326
0.91 0.36 0.00138404
0.91 0.366 0.0116741
0.91 0.372 0.0169162
0.91 0.378 0.0013647
0.91 0.384 0.0130081
0.91 0.39 0.00518715
0.91 0.396 0.00345975
0.91 0.402 0.0137252
0.91 0.408 0.000204588
0.91 0.414 0.000615205
0.91 0.42 0.00441061
0.91 0.426 0.0124527
0.91 0.432 0.0193114
0.91 0.438 0.010169
0.91 0.444 0.0198339
0.91 0.45 0.0284516
0.91 0.456 0.0274786
0.91 0.462 0.0435708
0.91 0.468 0.0476894
0.91 0.474 0.0184217
0.91 0.48 0.0269986
0.91 0.486 0.0287998
0.91 0.492 0.0512993
0.91 0.498 0.0840332
0.91 0.504 0.0847322
0.91 0.51 0.113384
0.91 0.516 0.214596
0.91 0.522 0.196673
0.91 0.528 0.1315
0.91 0.534 0.210661
0.91 0.54 0.225705
0.91 0.546 0.185062
0.91 0.552 0.175458
0.91 0.558 0.156027
0.91 0.564 0.0967655
0.91 0.57 0.0606088
0.91 0.576 0.0736263
0.91 0.582 0.0580014
0.91 0.588 0.0471886
0.91 0.594 0.0265883
0.91 0.6 0.0258613
0.915 0 0.000194341
0.915 0.006 0.000458098
0.915 0.012 2.50668e-05
0.915 0.018 0.000109423
0.915 0.024 0.0023708
0.915 0.03 0.00407522
0.915 0.036 0.000287574
0.915 0.042 0.00139801
0.915 0.048 0.00241621
0.915 0.054 0.00662891
0.915 0.06 0.00381186
0.915 0.066 0.017779
0.915 0.072 0.00114788
0.915 0.078 0.0106138
0.915 0.084 0.00862209
0.915 0.09 0.00108167
0.915 0.096 0.00288191
0.915 0.102 0.000425444
0.915 0.108 0.00495825
0.915 0.114 0.000900787
0.915 0.12 0.00647308
0.915 0.126 0.00926685
0.915 0.132 0.000310767
0.915 0.138 0.00607032
0.915 0.144 0.0188294
0.915 0.15 0.00481383
0.915 0.156 0.00338726
0.915 0.162 0.00691744
0.915 0.168 0.000343581
0.915 0.174 0.00190565
0.915 0.18 0.00437
0.915 0.186 0.000447791
0.915 0.192 0.00449047
0.915 0.198 0.0012579
0.915 0.204 0.00327516
0.915 0.21 0.00664611
0.915 0.216 0.00708577
0.915 0.222 0.0188219
0.915 0.228 0.00665788
0.915 0.234 0.00695041
0.915 0.24 0.00322117
0.915 0.246 0.00338023
0.915 0.252 0.0070058
0.915 0.258 0.0147437
0.915 0.264 0.00702554
0.915 0.27 0.0126554
0.915 0.276 0.00124144
0.915 0.282 0.005206
0.915 0.288 0.00691331
0.915 0.294 0.0056098
0.915 0.3 0.00214541
0.915 0.306 0.011095
0.915 0.312 0.006127
0.915 0.318 0.00840858
0.915 0.324 0.00322808
0.915 0.33 0.00459185
0.915 0.336 0.0263287
0.915 0.342 0.00436539
0.915 0.348 0.00310701
0.915 0.354 0.00547288
0.915 0.36 0.00143328
0.915 0.366 0.00683469
0.915 0.372 0.0158103
0.915 0.378 0.00010713
0.915 0.384 0.0170656
0.915 0.39 0.00429047
0.915 0.396 0.000258919
0.915 0.402 0.0143357
0.915 0.408 0.00344898
0.915 0.414 0.000343929
0.915 0.42 0.00284624
0.915 0.426 0.0132346
0.915 0.432 0.0229687
0.915 0.438 0.00876735
0.915 0.444 0.0181284
0.915 0.45 0.029414
0.915 0.456 0.0290328
0.915 0.462 0.0405663
0.915 0.468 0.041735
0.915 0.474 0.0219878
0.915 0.48 0.0209605
0.915 0.486 0.0274538
0.915 0.492 0.0397423
0.915 0.498 0.0819354
0.915 0.504 0.0787482
0.915 0.51 0.108835
0.915 0.516 0.214965
0.915 0.522 0.195365
0.915 0.528 0.131283
0.915 0.534 0.214889
0.915 0.54 0.23053
0.915 0.546 0.19502
0.915 0.552 0.184561
0.915 0.558 0.154705
0.915 0.564 0.096215
0.915 0.57 0.0656473
0.915 0.576 0.0775476
0.915 0.582 0.0599605
0.915 0.588 0.0473256
0.915 0.594 0.0260135
0.915 0.6 0.0263458
0.92 0 0.000211189
0.92 0.006 0.000473606
0.92 0.012 1.46203e-05
0.92 0.018 8.13149e-06
0.92 0.024 0.0023039
0.92 0.03 0.00429405
0.92 0.036 0.000147659
0.92 0.042 0.0012598
0.92 0.048 0.00210644
0.92 0.054 0.00868837
0.92 0.06 0.00567406
0.92 0.066 0.0156911
0.92 0.072 0.00137943
0.92 0.078 0.0124733
0.92 0.084 0.00656774
0.92 0.09 0.00100295
0.92 0.096 0.00777029
0.92 0.102 0.00265266
0.92 0.108 0.00435372
0.92 0.114 0.00176461
0.92 0.12 0.0130121
0.92 0.126 0.00979393
0.92 0.132 0.00201671
0.92 0.138 0.0073645
0.92 0.144 0.0173215
0.92 0.15 0.00450148
0.92 0.156 0.00676829
0.92 0.162 0.00514846
0.92 0.168 0.00553255
0.92 0.174 0.00141243
0.92 0.18 0.00821465
0.92 0.186 0.00122075
0.92 0.192 0.0072124
0.92 0.198 0.00321247
0.92 0.204 0.00127351
0.92 0.21 0.00469976
0.92 0.216 0.00817929
0.92 0.222 0.0206655
0.92 0.228 0.0138351
0.92 0.234 0.00653996
0.92 0.24 0.000201049
0.92 0.246 0.0057221
0.92 0.252 0.00531818
0.92 0.258 0.00727317
0.92 0.264 0.0115038
0.92 0.27 0.0112874
0.92 0.276 0.00328185
0.92 0.282 0.00451193
0.92 0.288 0.00709417
0.92 0.294 0.00436252
0.92 0.3 0.0044837
0.92 0.306 0.00767989
0.92 0.312 0.00948946
0.92 0.318 0.00991938
0.92 0.324 0.00824374
0.92 0.33 0.00366958
0.92 0.336 0.0302639
0.92 0.342 0.000585463
0.92 0.348 0.000423101
0.92 0.354 0.00468495
0.92 0.36 0.0029633
0.92 0.366 0.00233536
0.92 0.372 0.0151431
0.92 0.378 0.00151448
0.92 0.384 0.0216834
0.92 0.39 0.00200593
0.92 0.396 0.00242219
0.92 0.402 0.0127779
0.92 0.408 0.00651824
0.92 0.414 0.00466875
0.92 0.42 0.000349264
0.92 0.426 0.0125841
0.92 0.432 0.0269203
0.92 0.438 0.009675
0.92 0.444 0.0165746
0.92 0.45 0.0318193
0.92 0.456 0.0325762
0.92 0.462 0.0367624
0.92 0.468 0.0377033
0.92 0.474 0.0207507
0.92 0.48 0.0182874
0.92 0.486 0.024412
0.92 0.492 0.0300504
0.92 0.498 0.0805748
0.92 0.504 0.0739974
0.92 0.51 0.107759
0.92 0.516 0.213238
0.92 0.522 0.189797
0.92 0.528 0.131276
0.92 0.534 0.220633
0.92 0.54 0.231831
0.92 0.546 0.201156
0.92 0.552 0.19553
0.92 0.558 0.152055
0.92 0.564 0.0989503
0.92 0.57 0.0706432
0.92 0.576 0.0827695
0.92 0.582 0.0608017
0.92 0.588 0.0483468
0.92 0.594 0.0241103
0.92 0.6 0.0251315
0.925 0 0.000206687
0.925 0.006 0.000470995
0.925 0.012 1.19539e-05
0.925 0.018 0.00014615
0.925 0.024 0.00218685
0.925 0.03 0.00444062
0.925 0.036 0.000204588
0.925 0.042 0.00379646
0.925 0.048 0.00177025
0.925 0.054 0.0103948
0.925 0.06 0.00726242
0.925 0.066 0.0131221
0.925 0.072 0.00482763
0.925 0.078 0.0128057
0.925 0.084 0.00468182
0.925 0.09 0.00202362
0.925 0.096 0.00959257
0.925 0.102 0.00233299
0.925 0.108 0.00356387
0.925 0.114 0.00204251
0.925 0.12 0.0168246
0.925 0.126 0.009293
0.925 0.132 0.00284143
0.925 0.138 0.00820604
0.925 0.144 0.0140047
0.925 0.15 0.00632319
0.925 0.156 0.00903739
0.925 0.162 0.00336471
0.925 0.168 0.00879467
0.925 0.174 0.00146088
0.925 0.18 0.0111759
0.925 0.186 0.00141485
0.925 0.192 0.00831503
0.925 0.198 0.00755973
0.925 0.204 0.00445985
0.925 0.21 0.00526053
0.925 0.216 0.00885025
0.925 0.222 0.0207544
0.925 0.228 0.0192871
0.925 0.234 0.0044369
0.925 0.24 0.00174987
0.925 0.246 0.00963448
0.925 0.252 0.00451616
0.925 0.258 0.00241754
0.925 0.264 0.014694
0.925 0.27 0.0103675
0.925 0.276 0.00483743
0.925 0.282 0.00663697
0.925 0.288 0.00724832
0.925 0.294 0.00140583
0.925 0.3 0.00852348
0.925 0.306 0.00350939
0.925 0.312 0.0107243
0.925 0.318 0.00909843
0.925 0.324 0.0110978
0.925 0.33 0.0023704
0.925 0.336 0.0323603
0.925 0.342 0.0044877
0.925 0.348 0.00324005
0.925 0.354 0.00082676
0.925 0.36 0.00613695
0.925 0.366 7.58195e-05
0.925 0.372 0.0153468
0.925 0.378 0.00327487
0.925 0.384 0.0247716
0.925 0.39 0.00198652
0.925 0.396 0.00218855
0.925 0.402 0.0120204
0.925 0.408 0.00765835
0.925 0.414 0.00995093
0.925 0.42 0.00149289
0.925 0.426 0.0100051
0.925 0.432 0.0281204
0.925 0.438 0.0111983
0.925 0.444 0.0139082
0.925 0.45 0.0338456
0.925 0.456 0.0364514
0.925 0.462 0.0338184
0.925 0.468 0.034615
0.925 0.474 0.0145121
0.925 0.48 0.0184255
0.925 0.486 0.0221849
0.925 0.492 0.0231074
0.925 0.498 0.0801467
0.925 0.504 0.0705047
0.925 0.51 0.105445
0.925 0.516 0.208987
0.925 0.522 0.182122
0.925 0.528 0.132745
0.925 0.534 0.226353
0.925 0.54 0.230514
0.925 0.546 0.201414
0.925 0.552 0.20551
0.925 0.558 0.152349
0.925 0.564 0.105008
0.925 0.57 0.07465
0.925 0.576 0.087156
0.925 0.582 0.0620564
0.925 0.588 0.0507395
0.925 0.594 0.0225415
0.925 0.6 0.0230416
0.93 0 0.000181407
0.93 0.006 0.000450616
0.93 0.012 1.68041e-05
0.93 0.018 0.000293976
0.93 0.024 0.00203081
0.93 0.03 0.00452053
0.93 0.036 0.000401124
0.93 0.042 0.00606152
0.93 0.048 0.001429
0.93 0.054 0.0116382
0.93 0.06 0.00851847
0.93 0.066 0.0107243
0.93 0.072 0.00862059
0.93 0.078 0.0120222
0.93 0.084 0.00401085
0.93 0.09 0.00394863
0.93 0.096 0.00799631
0.93 0.102 1.25813e-05
0.93 0.108 0.0025123
0.93 0.114 0.00158304
0.93 0.12 0.0164713
0.93 0.126 0.00744887
0.93 0.132 0.00192164
0.93 0.138 0.00737801
0.93 0.144 0.0106187
0.93 0.15 0.00825897
0.93 0.156 0.0087939
0.93 0.162 0.00177205
0.93 0.168 0.00753275
0.93 0.174 0.00577735
0.93 0.18 0.0118066
0.93 0.186 0.000297872
0.93 0.192 0.007375
0.93 0.198 0.0121688
0.93 0.204 0.00433042
0.93 0.21 0.00888479
0.93 0.216 0.00991542
0.93 0.222 0.0188725
0.93 0.228 0.0213086
0.93 0.234 0.00166022
0.93 0.24 0.00134164
0.93 0.246 0.0127791
0.93 0.252 0.00419538
0.93 0.258 0.0103195
0.93 0.264 0.0151282
0.93 0.27 0.0104757
0.93 0.276 0.00460582
0.93 0.282 0.00990319
0.93 0.288 0.00656139
0.93 0.294 0.00115336
0.93 0.3 0.00824017
0.93 0.306 0.000831466
0.93 0.312 0.0102272
0.93 0.318 0.00617434
0.93 0.324 0.0111617
0.93 0.33 0.00183615
0.93 0.336 0.0317255
0.93 0.342 0.00725659
0.93 0.348 0.00468124
0.93 0.354 0.00281647
0.93 0.36 0.00911934
0.93 0.366 9.01237e-05
0.93 0.372 0.0163465
0.93 0.378 0.00556778
0.93 0.384 0.0250328
0.93 0.39 0.006119
0.93 0.396 0.00042096
0.93 0.402 0.0131584
0.93 0.408 0.00668757
0.93 0.414 0.01334
0.93 0.42 0.00190562
0.93 0.426 0.00657293
0.93 0.432 0.0257069
0.93 0.438 0.0122981
0.93 0.444 0.00945057
0.93 0.45 0.0338322
0.93 0.456 0.0385959
0.93 0.462 0.0323818
0.93 0.468 0.0308424
0.93 0.474 0.00728322
0.93 0.48 0.0189155
0.93 0.486 0.0227464
0.93 0.492 0.0184696
0.93 0.498 0.0792251
0.93 0.504 0.0659335
0.93 0.51 0.0989438
0.93 0.516 0.203287
0.93 0.522 0.175408
0.93 0.528 0.136186
0.93 0.534 0.230332
0.93 0.54 0.229047
0.93 0.546 0.197515
0.93 0.552 0.211925
0.93 0.558 0.157915
0.93 0.564 0.112784
0.93 0.57 0.0780508
0.93 0.576 0.0901192
0.93 0.582 0.0648302
0.93 0.588 0.0538271
0.93 0.594 0.0229496
0.93 0.6 0.0216321
0.935 0 0.000178149
0.935 0.006 0.000448321
0.935 0.012 7.69562e-06
0.935 0.018 0.0004528
0.935 0.024 0.00186002
0.935 0.03 0.00454313
0.935 0.036 0.000662577
0.935 0.042 0.00791888
0.935 0.048 0.00110401
0.935 0.054 0.0123434
0.935 0.06 0.00944542
0.935 0.066 0.00900579
0.935 0.072 0.0119562
0.935 0.078 0.0107242
0.935 0.084 0.00508647
0.935 0.09 0.00607927
0.935 0.096 0.00376958
0.935 0.102 0.00292702
0.935 0.108 0.00119839
0.935 0.114 0.00037406
0.935 0.12 0.0120397
0.935 0.126 0.00447938
0.935 0.132 0.000407583
0.935 0.138 0.00508057
0.935 0.144 0.00843623
0.935 0.15 0.00746133
0.935 0.156 0.00592389
0.935 0.162 6.00913e-05
0.935 0.168 0.00226571
0.935 0.174 0.010497
0.935 0.18 0.0100939
0.935 0.186 0.00140254
0.935 0.192 0.00498731
0.935 0.198 0.0132775
0.935 0.204 0.000724674
0.935 0.21 0.0149376
0.935 0.216 0.0109856
0.935 0.222 0.0161915
0.935 0.228 0.0202292
0.935 0.234 0.000361521
0.935 0.24 0.00056142
0.935 0.246 0.0127576
0.935 0.252 0.00461674
0.935 0.258 0.0133622
0.935 0.264 0.0137626
0.935 0.27 0.0117564
0.935 0.276 0.00193752
0.935 0.282 0.0116726
0.935 0.288 0.00455341
0.935 0.294 0.0010087
0.935 0.3 0.00426148
0.935 0.306 0.000565064
0.935 0.312 0.00977939
0.935 0.318 0.00355874
0.935 0.324 0.00968076
0.935 0.33 0.00314384
0.935 0.336 0.0290998
0.935 0.342 0.00956397
0.935 0.348 0.00494597
0.935 0.354 0.00378659
0.935 0.36 0.00975158
0.935 0.366 0.000489692
0.935 0.372 0.0178917
0.935 0.378 0.00798065
0.935 0.384 0.0225327
0.935 0.39 0.00822775
0.935 0.396 0.0014937
0.935 0.402 0.014474
0.935 0.408 0.00456097
0.935 0.414 0.0128143
0.935 0.42 0.0017535
0.935 0.426 0.00460925
0.935 0.432 0.0218797
0.935 0.438 0.0138775
0.935 0.444 0.00414117
0.935 0.45 0.0315168
0.935 0.456 0.0385184
0.935 0.462 0.0320348
0.935 0.468 0.0264154
0.935 0.474 0.0032213
0.935 0.48 0.0183011
0.935 0.486 0.0251607
0.935 0.492 0.0149467
0.935 0.498 0.0763163
0.935 0.504 0.05814
0.935 0.51 0.0900317
0.935 0.516 0.1972
0.935 0.522 0.17173
0.935 0.528 0.140541
0.935 0.534 0.232363
0.935 0.54 0.229048
0.935 0.546 0.194417
0.935 0.552 0.2146
0.935 0.558 0.166681
0.935 0.564 0.12026
0.935 0.57 0.0827595
0.935 0.576 0.0931896
0.935 0.582 0.0691002
0.935 0.588 0.0566381
0.935 0.594 0.0255981
0.935 0.6 0.02204
0.94 0 0.000199798
0.94 0.006 0.000466695
0.94 0.012 1.49714e-05
0.94 0.018 0.000611275
0.94 0.024 0.00169151
0.94 0.03 0.00453345
0.94 0.036 0.00091756
0.94 0.042 0.00926093
0.94 0.048 0.000821457
0.94 0.054 0.0124884
0.94 0.06 0.010078
0.94 0.066 0.00815748
0.94 0.072 0.0139891
0.94 0.078 0.00943939
0.94 0.084 0.00767068
0.94 0.09 0.00747775
0.94 0.096 0.00164927
0.94 0.102 0.00482386
0.94 0.108 0.000405911
0.94 0.114 0.00152433
0.94 0.12 0.00523033
0.94 0.126 0.00109
0.94 0.132 0.00319455
0.94 0.138 0.00265057
0.94 0.144 0.00765892
0.94 0.15 0.00259912
0.94 0.156 0.00169231
0.94 0.162 0.00196246
0.94 0.168 0.00352066
0.94 0.174 0.0143172
0.94 0.18 0.00738431
0.94 0.186 0.00366181
0.94 0.192 0.00204563
0.94 0.198 0.00883375
0.94 0.204 0.00476433
0.94 0.21 0.0207928
0.94 0.216 0.010642
0.94 0.222 0.0144693
0.94 0.228 0.0170844
0.94 0.234 0.000705989
0.94 0.24 0.00203058
0.94 0.246 0.00963915
0.94 0.252 0.0066793
0.94 0.258 0.0107101
0.94 0.264 0.0127
0.94 0.27 0.0138603
0.94 0.276 0.00245789
0.94 0.282 0.0103292
0.94 0.288 0.00170787
0.94 0.294 0.00210598
0.94 0.3 0.00122649
0.94 0.306 0.00175348
0.94 0.312 0.0105036
0.94 0.318 0.00317693
0.94 0.324 0.00827719
0.94 0.33 0.00600362
0.94 0.336 0.0258299
0.94 0.342 0.0113665
0.94 0.348 0.00459688
0.94 0.354 0.00251672
0.94 0.36 0.00769097
0.94 0.366 0.000890234
0.94 0.372 0.01988
0.94 0.378 0.00973427
0.94 0.384 0.0184652
0.94 0.39 0.00815211
0.94 0.396 0.00271235
0.94 0.402 0.0139629
0.94 0.408 0.00259322
0.94 0.414 0.00836311
0.94 0.42 0.00178814
0.94 0.426 0.00508714
0.94 0.432 0.0193319
0.94 0.438 0.0159136
0.94 0.444 0.000246459
0.94 0.45 0.0284775
0.94 0.456 0.0374955
0.94 0.462 0.0319176
0.94 0.468 0.0232953
0.94 0.474 0.00280048
0.94 0.48 0.0173253
0.94 0.486 0.026637
0.94 0.492 0.0116117
0.94 0.498 0.0719529
0.94 0.504 0.0480123
0.94 0.51 0.0817647
0.94 0.516 0.19087
0.94 0.522 0.170964
0.94 0.528 0.143982
0.94 0.534 0.233963
0.94 0.54 0.229736
0.94 0.546 0.196211
0.94 0.552 0.216054
0.94 0.558 0.173276
0.94 0.564 0.126513
0.94 0.57 0.0891104
0.94 0.576 0.097795
0.94 0.582 0.0739953
0.94 0.588 0.0588794
0.94 0.594 0.029453
0.94 0.6 0.024067
0.945 0 0.000203731
0.945 0.006 0.000470165
0.945 0.012 2.59006e-05
0.945 0.018 0.000746851
0.945 0.024 0.0015311
0.945 0.03 0.00452811
0.945 0.036 0.00110765
0.945 0.042 0.0100143
0.945 0.048 0.000611325
0.945 0.054 0.0121181
0.945 0.06 0.0104503
0.945 0.066 0.0080004
0.945 0.072 0.0140664
0.945 0.078 0.00844071
0.945 0.084 0.0109201
0.945 0.09 0.00742336
0.945 0.096 0.00674431
0.945 0.102 0.00476639
0.945 0.108 0.0022691
0.945 0.114 0.0039223
0.945 0.12 0.00147641
0.945 0.126 0.0018517
0.945 0.132 0.00544982
0.945 0.138 0.00115664
0.945 0.144 0.00742997
0.945 0.15 0.00417699
0.945 0.156 0.00214955
0.945 0.162 0.00367352
0.945 0.168 0.00602271
0.945 0.174 0.0160228
0.945 0.18 0.00517176
0.945 0.186 0.00704491
0.945 0.192 0.000747583
0.945 0.198 0.00060379
0.945 0.204 0.00995092
0.945 0.21 0.0234813
0.945 0.216 0.00850219
0.945 0.222 0.0146652
0.945 0.228 0.0127043
0.945 0.234 0.000298429
0.945 0.24 0.002084
0.945 0.246 0.00640269
0.945 0.252 0.0105598
0.945 0.258 0.00423451
0.945 0.264 0.0130855
0.945 0.27 0.0154541
0.945 0.276 0.00681519
0.945 0.282 0.00650895
0.945 0.288 0.000656589
0.945 0.294 0.0060494
0.945 0.3 0.00585679
0.945 0.306 0.00263669
0.945 0.312 0.011855
0.945 0.318 0.00462569
0.945 0.324 0.00773082
0.945 0.33 0.00860082
0.945 0.336 0.0227581
0.945 0.342 0.0119093
0.945 0.348 0.00400466
0.945 0.354 0.00136548
0.945 0.36 0.00480939
0.945 0.366 0.00110209
0.945 0.372 0.0221375
0.945 0.378 0.0101103
0.945 0.384 0.0143689
0.945 0.39 0.00783102
0.945 0.396 0.00300104
0.945 0.402 0.0116265
0.945 0.408 0.00171462
0.945 0.414 0.00255016
0.945 0.42 0.00155195
0.945 0.426 0.00655288
0.945 0.432 0.0189546
0.945 0.438 0.0165935
0.945 0.444 0.00222397
0.945 0.45 0.0268828
0.945 0.456 0.0371732
0.945 0.462 0.0312764
0.945 0.468 0.0232965
0.945 0.474 0.00292716
0.945 0.48 0.017647
0.945 0.486 0.0255193
0.945 0.492 0.00783511
0.945 0.498 0.068869
0.945 0.504 0.0385966
0.945 0.51 0.0746404
0.945 0.516 0.184214
0.945 0.522 0.171182
0.945 0.528 0.14526
0.945 0.534 0.236264
0.945 0.54 0.229166
0.945 0.546 0.202963
0.945 0.552 0.218988
0.945 0.558 0.174041
0.945 0.564 0.131908
0.945 0.57 0.0942104
0.945 0.576 0.103122
0.945 0.582 0.0785688
0.945 0.588 0.0610567
0.945 0.594 0.033139
0.945 0.6 0.0265774
0.95 0 0.000181515
0.95 0.006 0.000451947
0.95 0.012 1.75015e-05
0.95 0.018 0.000855185
0.95 0.024 0.00138783
0.95 0.03 0.00455685
0.95 0.036 0.00118153
0.95 0.042 0.0101371
0.95 0.048 0.000503907
0.95 0.054 0.0113415
0.95 0.06 0.0105729
0.95 0.066 0.00807383
0.95 0.072 0.0119515
0.95 0.078 0.00772586
0.95 0.084 0.0138399
0.95 0.09 0.00577719
0.95 0.096 0.0104209
0.95 0.102 0.0027951
0.95 0.108 0.00408657
0.95 0.114 0.00631736
0.95 0.12 0.00599502
0.95 0.126 0.00369993
0.95 0.132 0.00681496
0.95 0.138 0.00049241
0.95 0.144 0.00652525
0.95 0.15 0.00804044
0.95 0.156 0.0044733
0.95 0.162 0.00382001
0.95 0.168 0.00380746
0.95 0.174 0.0152975
0.95 0.18 0.00395602
0.95 0.186 0.0115729
0.95 0.192 0.00269265
0.95 0.198 0.00716368
0.95 0.204 0.0136738
0.95 0.21 0.022321
0.95 0.216 0.00637026
0.95 0.222 0.0162995
0.95 0.228 0.00797381
0.95 0.234 0.0010985
0.95 0.24 0.00136824
0.95 0.246 0.0063107
0.95 0.252 0.0145976
0.95 0.258 0.00228288
0.95 0.264 0.0143259
0.95 0.27 0.0147472
0.95 0.276 0.00935702
0.95 0.282 0.0028038
0.95 0.288 0.00131358
0.95 0.294 0.00830444
0.95 0.3 0.00794346
0.95 0.306 0.00218667
0.95 0.312 0.0128256
0.95 0.318 0.00614904
0.95 0.324 0.00788803
0.95 0.33 0.00895973
0.95 0.336 0.0200488
0.95 0.342 0.0111035
0.95 0.348 0.00324328
0.95 0.354 0.00185654
0.95 0.36 0.00343059
0.95 0.366 0.00145821
0.95 0.372 0.0239674
0.95 0.378 0.0087832
0.95 0.384 0.011268
0.95 0.39 0.00861647
0.95 0.396 0.00236531
0.95 0.402 0.00895066
0.95 0.408 0.00209003
0.95 0.414 0.000711679
0.95 0.42 0.000611966
0.95 0.426 0.00725453
0.95 0.432 0.0203061
0.95 0.438 0.0159747
0.95 0.444 0.00100343
0.95 0.45 0.0273765
0.95 0.456 0.0382914
0.95 0.462 0.0298402
0.95 0.468 0.0259463
0.95 0.474 0.000255857
0.95 0.48 0.0200447
0.95 0.486 0.0225452
0.95 0.492 0.00298969
0.95 0.498 0.0697762
0.95 0.504 0.0317664
0.95 0.51 0.0678563
0.95 0.516 0.177705
0.95 0.522 0.170552
0.95 0.528 0.144045
0.95 0.534 0.238145
0.95 0.54 0.22678
0.95 0.546 0.211717
0.95 0.552 0.223495
0.95 0.558 0.171182
0.95 0.564 0.13685
0.95 0.57 0.0952729
0.95 0.576 0.107122
0.95 0.582 0.0823809
0.95 0.588 0.0637317
0.95 0.594 0.0355729
0.95 0.6 0.0287062
0.955 0 0.00017253
0.955 0.006 0.0004457
0.955 0.012 8.51263e-06
0.955 0.018 0.000954195
0.955 0.024 0.00127523
0.955 0.03 0.00463473
0.955 0.036 0.00109715
0.955 0.042 0.00961983
0.955 0.048 0.000526761
0.955 0.054 0.0103116
0.955 0.06 0.0104331
0.955 0.066 0.00781804
0.955 0.072 0.00794029
0.955 0.078 0.00713161
0.955 0.084 0.0157421
0.955 0.09 0.00301918
0.955 0.096 0.0122729
0.955 0.102 0.000200088
0.955 0.108 0.0052558
0.955 0.114 0.00786348
0.955 0.12 0.007407
0.955 0.126 0.00420089
0.955 0.132 0.00738518
0.955 0.138 8.39427e-05
0.955 0.144 0.00431669
0.955 0.15 0.00551263
0.955 0.156 0.00514627
0.955 0.162 0.00180041
0.955 0.168 0.0015372
0.955 0.174 0.0130738
0.955 0.18 0.00298789
0.955 0.186 0.0161468
0.955 0.192 0.00298514
0.955 0.198 0.0110233
0.955 0.204 0.0162668
0.955 0.21 0.0191927
0.955 0.216 0.00648097
0.955 0.222 0.0179847
0.955 0.228 0.0041163
0.955 0.234 1.50784e-05
0.955 0.24 0.00111177
0.955 0.246 0.00976279
0.955 0.252 0.0158467
0.955 0.258 0.00526574
0.955 0.264 0.015153
0.955 0.27 0.0113963
0.955 0.276 0.00923675
0.955 0.282 0.00196513
0.955 0.288 0.00012977
0.955 0.294 0.00814101
0.955 0.3 0.0070219
0.955 0.306 0.000611817
0.955 0.312 0.0135304
0.955 0.318 0.00686632
0.955 0.324 0.00823738
0.955 0.33 0.00654573
0.955 0.336 0.017616
0.955 0.342 0.0100396
0.955 0.348 0.00247528
0.955 0.354 0.00317628
0.955 0.36 0.00423877
0.955 0.366 0.00221006
0.955 0.372 0.0243326
0.955 0.378 0.00618786
0.955 0.384 0.00941167
0.955 0.39 0.00972543
0.955 0.396 0.000807003
0.955 0.402 0.00711312
0.955 0.408 0.00310409
0.955 0.414 0.00082439
0.955 0.42 0.000687343
0.955 0.426 0.00712349
0.955 0.432 0.0227681
0.955 0.438 0.017077
0.955 0.444 0.00292698
0.955 0.45 0.0283353
0.955 0.456 0.0405865
0.955 0.462 0.0281017
0.955 0.468 0.0283244
0.955 0.474 0.00610058
0.955 0.48 0.0238378
0.955 0.486 0.0194261
0.955 0.492 0.00284566
0.955 0.498 0.0744817
0.955 0.504 0.0271259
0.955 0.51 0.0619012
0.955 0.516 0.171879
0.955 0.522 0.168558
0.955 0.528 0.14043
0.955 0.534 0.237392
0.955 0.54 0.224138
0.955 0.546 0.219626
0.955 0.552 0.227146
0.955 0.558 0.170588
0.955 0.564 0.140839
0.955 0.57 0.0937673
0.955 0.576 0.109501
0.955 0.582 0.0855921
0.955 0.588 0.0667688
0.955 0.594 0.0362125
0.955 0.6 0.0303996
0.96 0 0.000189253
0.96 0.006 0.000462876
0.96 0.012 5.43903e-06
0.96 0.018 0.00105523
0.96 0.024 0.00119579
0.96 0.03 0.00477374
0.96 0.036 0.000836399
0.96 0.042 0.00848304
0.96 0.048 0.000703659
0.96 0.054 0.00920321
0.96 0.06 0.0100233
0.96 0.066 0.00676025
0.96 0.072 0.00281099
0.96 0.078 0.00651277
0.96 0.084 0.0164479
0.96 0.09 2.41513e-05
0.96 0.096 0.0125558
0.96 0.102 0.0029017
0.96 0.108 0.00518267
0.96 0.114 0.00770652
0.96 0.12 0.00599144
0.96 0.126 0.00335818
0.96 0.132 0.00707041
0.96 0.138 0.000765893
0.96 0.144 0.0013004
0.96 0.15 0.00184163
0.96 0.156 0.00446809
0.96 0.162 0.00114722
0.96 0.168 0.00693318
0.96 0.174 0.0109212
0.96 0.18 0.00109586
0.96 0.186 0.0192548
0.96 0.192 0.00126674
0.96 0.198 0.0104863
0.96 0.204 0.0184358
0.96 0.21 0.0160859
0.96 0.216 0.00863449
0.96 0.222 0.0185459
0.96 0.228 0.00207313
0.96 0.234 0.0031245
0.96 0.24 0.0017781
0.96 0.246 0.0140367
0.96 0.252 0.0124112
0.96 0.258 0.00350763
0.96 0.264 0.0150393
0.96 0.27 0.0076529
0.96 0.276 0.00682179
0.96 0.282 0.00474241
0.96 0.288 0.00177781
0.96 0.294 0.00665349
0.96 0.3 0.00419838
0.96 0.306 0.00130895
0.96 0.312 0.0150493
0.96 0.318 0.00748415
0.96 0.324 0.00826846
0.96 0.33 0.0025802
0.96 0.336 0.0155509
0.96 0.342 0.0097612
0.96 0.348 0.00216338
0.96 0.354 0.00338056
0.96 0.36 0.00594994
0.96 0.366 0.00350628
0.96 0.372 0.02284
0.96 0.378 0.00365559
0.96 0.384 0.00877795
0.96 0.39 0.00965939
0.96 0.396 0.00168581
0.96 0.402 0.0063012
0.96 0.408 0.00366888
0.96 0.414 0.00541086
0.96 0.42 0.0023562
0.96 0.426 0.00705134
0.96 0.432 0.0253211
0.96 0.438 0.0210257
0.96 0.444 0.0074265
0.96 0.45 0.0275079
0.96 0.456 0.0434932
0.96 0.462 0.0271007
0.96 0.468 0.0271339
0.96 0.474 0.0147144
0.96 0.48 0.0274053
0.96 0.486 0.0170413
0.96 0.492 0.0080372
0.96 0.498 0.0792614
0.96 0.504 0.0239161
0.96 0.51 0.0576461
0.96 0.516 0.166665
0.96 0.522 0.165202
0.96 0.528 0.135102
0.96 0.534 0.233679
0.96 0.54 0.223215
0.96 0.546 0.225856
0.96 0.552 0.227672
0.96 0.558 0.175579
0.96 0.564 0.143033
0.96 0.57 0.0945473
0.96 0.576 0.1127
0.96 0.582 0.0887321
0.96 0.588 0.0694576
0.96 0.594 0.0354265
0.96 0.6 0.0319231
0.965 0 0.000197064
0.965 0.006 0.000475089
0.965 0.012 8.29769e-06
0.965 0.018 0.00115058
0.965 0.024 0.00113777
0.965 0.03 0.00498125
0.965 0.036 0.000414735
0.965 0.042 0.00678401
0.965 0.048 0.00104561
0.965 0.054 0.0081823
0.965 0.06 0.00937009
0.965 0.066 0.00467646
0.965 0.072 0.00237971
0.965 0.078 0.00587332
0.965 0.084 0.0161732
0.965 0.09 0.00254732
0.965 0.096 0.0119429
0.965 0.102 0.00417226
0.965 0.108 0.00370797
0.965 0.114 0.00551557
0.965 0.12 0.00275328
0.965 0.126 0.00123257
0.965 0.132 0.00566815
0.965 0.138 0.00088244
0.965 0.144 0.001253
0.965 0.15 0.0083645
0.965 0.156 0.0024462
0.965 0.162 0.00243495
0.965 0.168 0.0100964
0.965 0.174 0.00999809
0.965 0.18 0.00189016
0.965 0.186 0.020061
0.965 0.192 0.00173148
0.965 0.198 0.00762103
0.965 0.204 0.0200718
0.965 0.21 0.0131965
0.965 0.216 0.00990956
0.965 0.222 0.0177938
0.965 0.228 0.00170393
0.965 0.234 0.00626438
0.965 0.24 0.00273955
0.965 0.246 0.016168
0.965 0.252 0.00581901
0.965 0.258 0.00140335
0.965 0.264 0.0143509
0.965 0.27 0.00673526
0.965 0.276 0.00339765
0.965 0.282 0.00907721
0.965 0.288 0.00292112
0.965 0.294 0.00507844
0.965 0.3 0.00157246
0.965 0.306 0.00294389
0.965 0.312 0.0179109
0.965 0.318 0.0089863
0.965 0.324 0.00745588
0.965 0.33 0.00106643
0.965 0.336 0.0142945
0.965 0.342 0.0100404
0.965 0.348 0.00253938
0.965 0.354 0.00171776
0.965 0.36 0.00690887
0.965 0.366 0.00524489
0.965 0.372 0.0204461
0.965 0.378 0.00267569
0.965 0.384 0.00952986
0.965 0.39 0.00786941
0.965 0.396 0.0048616
0.965 0.402 0.00601963
0.965 0.408 0.00270497
0.965 0.414 0.00842009
0.965 0.42 0.00497135
0.965 0.426 0.00748311
0.965 0.432 0.0263326
0.965 0.438 0.0241397
0.965 0.444 0.0101932
0.965 0.45 0.0242376
0.965 0.456 0.0465463
0.965 0.462 0.0273849
0.965 0.468 0.0215165
0.965 0.474 0.0234496
0.965 0.48 0.0289974
0.965 0.486 0.0152118
0.965 0.492 0.0101455
0.965 0.498 0.0797459
0.965 0.504 0.0221047
0.965 0.51 0.0545769
0.965 0.516 0.161761
0.965 0.522 0.160042
0.965 0.528 0.129832
0.965 0.534 0.229095
0.965 0.54 0.224252
0.965 0.546 0.231028
0.965 0.552 0.224924
0.965 0.558 0.184046
0.965 0.564 0.143009
0.965 0.57 0.100737
0.965 0.576 0.119135
0.965 0.582 0.0922084
0.965 0.588 0.0712786
0.965 0.594 0.0346097
0.965 0.6 0.0332186
0.97 0 0.000182914
0.97 0.006 0.000471367
0.97 0.012 3.69198e-05
0.97 0.018 0.0012351
0.97 0.024 0.00109208
0.97 0.03 0.00524877
0.97 0.036 0.000129846
0.97 0.042 0.00461879
0.97 0.048 0.00154514
0.97 0.054 0.00737633
0.97 0.06 0.00854507
0.97 0.066 0.00165399
0.97 0.072 0.0065837
0.97 0.078 0.00541979
0.97 0.084 0.0152056
0.97 0.09 0.00397063
0.97 0.096 0.0112976
0.97 0.102 0.0036223
0.97 0.108 0.00130927
0.97 0.114 0.00181433
0.97 0.12 0.00112032
0.97 0.126 0.0020668
0.97 0.132 0.00341424
0.97 0.138 0.000237532
0.97 0.144 0.00221371
0.97 0.15 0.00943297
0.97 0.156 0.00118162
0.97 0.162 0.000322122
0.97 0.168 0.0107714
0.97 0.174 0.0103936
0.97 0.18 0.00445333
0.97 0.186 0.0187464
0.97 0.192 0.00447013
0.97 0.198 0.00497992
0.97 0.204 0.0204864
0.97 0.21 0.00998703
0.97 0.216 0.00780983
0.97 0.222 0.0164578
0.97 0.228 0.00199675
0.97 0.234 0.00652378
0.97 0.24 0.00308295
0.97 0.246 0.0157845
0.97 0.252 0.000685723
0.97 0.258 0.00661142
0.97 0.264 0.0134577
0.97 0.27 0.00972905
0.97 0.276 0.000608409
0.97 0.282 0.0115249
0.97 0.288 0.00263427
0.97 0.294 0.00357766
0.97 0.3 0.000814959
0.97 0.306 0.00391139
0.97 0.312 0.0212508
0.97 0.318 0.0112387
0.97 0.324 0.0054107
0.97 0.33 0.00318059
0.97 0.336 0.0143562
0.97 0.342 0.00968521
0.97 0.348 0.00295122
0.97 0.354 0.000544718
0.97 0.36 0.00682109
0.97 0.366 0.00694731
0.97 0.372 0.0187705
0.97 0.378 0.0036705
0.97 0.384 0.0118025
0.97 0.39 0.00457254
0.97 0.396 0.00790636
0.97 0.402 0.00542711
0.97 0.408 0.000341498
0.97 0.414 0.00639665
0.97 0.42 0.0079326
0.97 0.426 0.0085273
0.97 0.432 0.0247449
0.97 0.438 0.022528
0.97 0.444 0.0109215
0.97 0.45 0.0199265
0.97 0.456 0.0491639
0.97 0.462 0.0281194
0.97 0.468 0.0141161
0.97 0.474 0.0303816
0.97 0.48 0.0275987
0.97 0.486 0.0136034
0.97 0.492 0.007896
0.97 0.498 0.0748213
0.97 0.504 0.0210969
0.97 0.51 0.0520183
0.97 0.516 0.157612
0.97 0.522 0.153512
0.97 0.528 0.126844
0.97 0.534 0.225734
0.97 0.54 0.225934
0.97 0.546 0.235655
0.97 0.552 0.220949
0.97 0.558 0.191726
0.97 0.564 0.140881
0.97 0.57 0.110592
0.97 0.576 0.128028
0.97 0.582 0.095898
0.97 0.588 0.0724458
0.97 0.594 0.0354442
0.97 0.6 0.033875
0.975 0 0.000179352
0.975 0.006 0.000478175
0.975 0.012 6.00633e-05
0.975 0.018 0.00131554
0.975 0.024 0.00105871
0.975 0.03 0.00554572
0.975 0.036 0.000746823
0.975 0.042 0.00213253
0.975 0.048 0.0021716
0.975 0.054 0.00684822
0.975 0.06 0.00764913
0.975 0.066 0.00196807
0.975 0.072 0.00904724
0.975 0.078 0.00549313
0.975 0.084 0.0136125
0.975 0.09 0.00396623
0.975 0.096 0.0114515
0.975 0.102 0.001764
0.975 0.108 0.0010992
0.975 0.114 0.00215111
0.975 0.12 0.00461687
0.975 0.126 0.00617416
0.975 0.132 0.000839789
0.975 0.138 0.00237051
0.975 0.144 0.00131091
0.975 0.15 0.00539268
0.975 0.156 0.0061523
0.975 0.162 0.00422966
0.975 0.168 0.0101112
0.975 0.174 0.0112071
0.975 0.18 0.00453156
0.975 0.186 0.0160692
0.975 0.192 0.00578823
0.975 0.198 0.00367813
0.975 0.204 0.0194819
0.975 0.21 0.00732109
0.975 0.216 0.00333116
0.975 0.222 0.0154703
0.975 0.228 0.00212258
0.975 0.234 0.00286726
0.975 0.24 0.00262609
0.975 0.246 0.0149614
0.975 0.252 0.00101668
0.975 0.258 0.00985386
0.975 0.264 0.0122354
0.975 0.27 0.0144212
0.975 0.276 0.000252305
0.975 0.282 0.00987337
0.975 0.288 0.00154407
0.975 0.294 0.0016327
0.975 0.3 0.00228644
0.975 0.306 0.00399407
0.975 0.312 0.0234795
0.975 0.318 0.0131004
0.975 0.324 0.00238018
0.975 0.33 0.003618
0.975 0.336 0.0155801
0.975 0.342 0.00771535
0.975 0.348 0.00225091
0.975 0.354 0.00147933
0.975 0.36 0.00683309
0.975 0.366 0.00811872
0.975 0.372 0.0184685
0.975 0.378 0.0056696
0.975 0.384 0.0152469
0.975 0.39 0.000259518
0.975 0.396 0.0097478
0.975 0.402 0.00391256
0.975 0.408 0.00501534
0.975 0.414 0.000166338
0.975 0.42 0.00916548
0.975 0.426 0.0102757
0.975 0.432 0.0210111
0.975 0.438 0.0171492
0.975 0.444 0.0107866
0.975 0.45 0.0165736
0.975 0.456 0.0503929
0.975 0.462 0.0276601
0.975 0.468 0.00892855
0.975 0.474 0.0339047
0.975 0.48 0.0236364
0.975 0.486 0.0123134
0.975 0.492 0.00225257
0.975 0.498 0.067276
0.975 0.504 0.0190879
0.975 0.51 0.0505628
0.975 0.516 0.155195
0.975 0.522 0.148345
0.975 0.528 0.126906
0.975 0.534 0.223593
0.975 0.54 0.227174
0.975 0.546 0.238708
0.975 0.552 0.218726
0.975 0.558 0.195999
0.975 0.564 0.137303
0.975 0.57 0.119177
0.975 0.576 0.135547
0.975 0.582 0.0989983
0.975 0.588 0.0735072
0.975 0.594 0.0385972
0.975 0.6 0.0334933
0.98 0 0.000199635
0.98 0.006 0.000506276
0.98 0.012 6.81786e-05
0.98 0.018 0.00139508
0.98 0.024 0.00103636
0.98 0.03 0.00585391
0.98 0.036 0.00138449
0.98 0.042 0.000507719
0.98 0.048 0.00288867
0.98 0.054 0.00661443
0.98 0.06 0.00680042
0.98 0.066 0.00581376
0.98 0.072 0.00950603
0.98 0.078 0.00646602
0.98 0.084 0.0111568
0.98 0.09 0.00237744
0.98 0.096 0.013046
0.98 0.102 0.000375023
0.98 0.108 0.00266131
0.98 0.114 0.00495126
0.98 0.12 0.00712404
0.98 0.126 0.010404
0.98 0.132 0.00211427
0.98 0.138 0.00453509
0.98 0.144 0.000906076
0.98 0.15 0.000549026
0.98 0.156 0.0111064
0.98 0.162 0.00807276
0.98 0.168 0.00904867
0.98 0.174 0.0112335
0.98 0.18 0.00161565
0.98 0.186 0.0130619
0.98 0.192 0.00600285
0.98 0.198 0.00306847
0.98 0.204 0.0177415
0.98 0.21 0.00738543
0.98 0.216 0.000146588
0.98 0.222 0.0153791
0.98 0.228 0.00212047
0.98 0.234 0.00233572
0.98 0.24 0.00220434
0.98 0.246 0.0155458
0.98 0.252 0.00637368
0.98 0.258 0.0102023
0.98 0.264 0.0106237
0.98 0.27 0.0174611
0.98 0.276 0.00102818
0.98 0.282 0.00499178
0.98 0.288 0.00105856
0.98 0.294 0.000833175
0.98 0.3 0.00541865
0.98 0.306 0.00348845
0.98 0.312 0.0236751
0.98 0.318 0.0136124
0.98 0.324 0.000635474
0.98 0.33 0.00284593
0.98 0.336 0.0169858
0.98 0.342 0.00407204
0.98 0.348 0.000217296
0.98 0.354 0.000555108
0.98 0.36 0.00800151
0.98 0.366 0.0087284
0.98 0.372 0.0184574
0.98 0.378 0.00734367
0.98 0.384 0.0191085
0.98 0.39 0.00387315
0.98 0.396 0.00988877
0.98 0.402 0.0021643
0.98 0.408 0.00962869
0.98 0.414 0.00592384
0.98 0.42 0.00769128
0.98 0.426 0.0123176
0.98 0.432 0.0164494
0.98 0.438 0.0120312
0.98 0.444 0.00996869
0.98 0.45 0.0153414
0.98 0.456 0.0496169
0.98 0.462 0.025514
0.98 0.468 0.00780442
0.98 0.474 0.0334624
0.98 0.48 0.0187744
0.98 0.486 0.0114827
0.98 0.492 0.00379982
0.98 0.498 0.0608512
0.98 0.504 0.0147844
0.98 0.51 0.0505435
0.98 0.516 0.155239
0.98 0.522 0.148101
0.98 0.528 0.129063
0.98 0.534 0.221864
0.98 0.54 0.228863
0.98 0.546 0.238534
0.98 0.552 0.220837
0.98 0.558 0.196724
0.98 0.564 0.13436
0.98 0.57 0.122971
0.98 0.576 0.138549
0.98 0.582 0.100644
0.98 0.588 0.0747818
0.98 0.594 0.0430709
0.98 0.6 0.0322974
0.985 0 0.000209877
0.985 0.006 0.000526107
0.985 0.012 7.71671e-05
0.985 0.018 0.00145893
0.985 0.024 0.00101384
0.985 0.03 0.0061508
0.985 0.036 0.00198249
0.985 0.042 0.00308925
0.985 0.048 0.00363439
0.985 0.054 0.00662696
0.985 0.06 0.00608797
0.985 0.066 0.00952367
0.985 0.072 0.00822908
0.985 0.078 0.0084654
0.985 0.084 0.00759318
0.985 0.09 0.000677548
0.985 0.096 0.0161716
0.985 0.102 0.00185623
0.985 0.108 0.00303657
0.985 0.114 0.00567203
0.985 0.12 0.00848973
0.985 0.126 0.0139036
0.985 0.132 0.00602527
0.985 0.138 0.00583085
0.985 0.144 0.00358608
0.985 0.15 0.00101418
0.985 0.156 0.0140989
0.985 0.162 0.00847281
0.985 0.168 0.00746238
0.985 0.174 0.00983589
0.985 0.18 0.00252869
0.985 0.186 0.0109357
0.985 0.192 0.00665641
0.985 0.198 0.00208428
0.985 0.204 0.0161279
0.985 0.21 0.0111454
0.985 0.216 0.000690798
0.985 0.222 0.016186
0.985 0.228 0.00251968
0.985 0.234 0.00485783
0.985 0.24 0.00283323
0.985 0.246 0.0169916
0.985 0.252 0.0121322
0.985 0.258 0.00789153
0.985 0.264 0.00917128
0.985 0.27 0.0173486
0.985 0.276 0.00331867
0.985 0.282 0.000319345
0.985 0.288 0.00227225
0.985 0.294 0.00303085
0.985 0.3 0.00921466
0.985 0.306 0.00339598
0.985 0.312 0.0222884
0.985 0.318 0.0127561
0.985 0.324 0.00261467
0.985 0.33 0.00140103
0.985 0.336 0.017687
0.985 0.342 0.000291905
0.985 0.348 0.00174795
0.985 0.354 0.000744531
0.985 0.36 0.00988436
0.985 0.366 0.00898204
0.985 0.372 0.0169692
0.985 0.378 0.00803511
0.985 0.384 0.0225132
0.985 0.39 0.00622486
0.985 0.396 0.00876157
0.985 0.402 0.00213815
0.985 0.408 0.0118874
0.985 0.414 0.00770923
0.985 0.42 0.00505802
0.985 0.426 0.0138426
0.985 0.432 0.0123567
0.985 0.438 0.00969326
0.985 0.444 0.00758488
0.985 0.45 0.0161508
0.985 0.456 0.047376
0.985 0.462 0.0232466
0.985 0.468 0.009244
0.985 0.474 0.030356
0.985 0.48 0.0145902
0.985 0.486 0.0106095
0.985 0.492 0.0062976
0.985 0.498 0.0571251
0.985 0.504 0.00886392
0.985 0.51 0.0503058
0.985 0.516 0.156868
0.985 0.522 0.15258
0.985 0.528 0.131767
0.985 0.534 0.21971
0.985 0.54 0.231851
0.985 0.546 0.23427
0.985 0.552 0.22635
0.985 0.558 0.194487
0.985 0.564 0.134462
0.985 0.57 0.122247
0.985 0.576 0.136883
0.985 0.582 0.10017
0.985 0.588 0.075847
0.985 0.594 0.0465554
0.985 0.6 0.0313072
0.99 0 0.00019168
0.99 0.006 0.000519168
0.99 0.012 9.50458e-05
0.99 0.018 0.00149072
0.99 0.024 0.000981215
0.99 0.03 0.00637882
0.99 0.036 0.00247486
0.99 0.042 0.00534281
0.99 0.048 0.00430483
0.99 0.054 0.00676095
0.99 0.06 0.00553352
0.99 0.066 0.0127046
0.99 0.072 0.00589899
0.99 0.078 0.0111464
0.99 0.084 0.00311723
0.99 0.09 0.00464075
0.99 0.096 0.0201704
0.99 0.102 0.00224534
0.99 0.108 0.00250084
0.99 0.114 0.00437463
0.99 0.12 0.00893079
0.99 0.126 0.0160266
0.99 0.132 0.0108625
0.99 0.138 0.00602053
0.99 0.144 0.00604734
0.99 0.15 0.00169754
0.99 0.156 0.0139545
0.99 0.162 0.00524262
0.99 0.168 0.00483544
0.99 0.174 0.00738561
0.99 0.18 0.00542782
0.99 0.186 0.010702
0.99 0.192 0.00908622
0.99 0.198 0.00067196
0.99 0.204 0.0149764
0.99 0.21 0.0167794
0.99 0.216 0.00375937
0.99 0.222 0.0175336
0.99 0.228 0.00355035
0.99 0.234 0.00201824
0.99 0.24 0.00466587
0.99 0.246 0.0170206
0.99 0.252 0.0137389
0.99 0.258 0.00397295
0.99 0.264 0.00865888
0.99 0.27 0.0151942
0.99 0.276 0.00487693
0.99 0.282 0.000710374
0.99 0.288 0.00519731
0.99 0.294 0.00395513
0.99 0.3 0.0123521
0.99 0.306 0.00479216
0.99 0.312 0.0206989
0.99 0.318 0.0112127
0.99 0.324 0.00339358
0.99 0.33 0.000282725
0.99 0.336 0.0179061
0.99 0.342 0.0038032
0.99 0.348 0.00176221
0.99 0.354 0.000287632
0.99 0.36 0.0108627
0.99 0.366 0.00877924
0.99 0.372 0.0133374
0.99 0.378 0.0077746
0.99 0.384 0.0246652
0.99 0.39 0.00640804
0.99 0.396 0.00714585
0.99 0.402 0.00526703
0.99 0.408 0.0103734
0.99 0.414 0.00421729
0.99 0.42 0.00321279
0.99 0.426 0.0149144
0.99 0.432 0.0100158
0.99 0.438 0.0105578
0.99 0.444 0.00426197
0.99 0.45 0.0181155
0.99 0.456 0.0452103
0.99 0.462 0.0230777
0.99 0.468 0.0105498
0.99 0.474 0.0272241
0.99 0.48 0.0114151
0.99 0.486 0.0086299
0.99 0.492 0.00211406
0.99 0.498 0.0554198
0.99 0.504 0.00295827
0.99 0.51 0.0480081
0.99 0.516 0.157675
0.99 0.522 0.156613
0.99 0.528 0.134093
0.99 0.534 0.215853
0.99 0.54 0.23453
0.99 0.546 0.22686
0.99 0.552 0.229882
0.99 0.558 0.19007
0.99 0.564 0.13787
0.99 0.57 0.12
0.99 0.576 0.132482
0.99 0.582 0.0972602
0.99 0.588 0.0758084
0.99 0.594 0.0468085
0.99 0.6 0.0317743
0.995 0 0.000175589
0.995 0.006 0.000479225
0.995 0.012 8.96836e-05
0.995 0.018 0.00137884
0.995 0.024 0.000874426
0.995 0.03 0.00595087
0.995 0.036 0.00256008
0.995 0.042 0.00629657
0.995 0.048 0.0043613
0.995 0.054 0.00630701
0.995 0.06 0.00474104
0.995 0.066 0.0135752
0.995 0.072 0.00341957
0.995 0.078 0.0123388
0.995 0.084 0.000718753
0.995 0.09 0.00734018
0.995 0.096 0.0215388
0.995 0.102 0.00174041
0.995 0.108 0.00160897
0.995 0.114 0.00223594
0.995 0.12 0.00814866
0.995 0.126 0.0153921
0.995 0.132 0.013395
0.995 0.138 0.00513513
0.995 0.144 0.00714786
0.995 0.15 0.00564212
0.995 0.156 0.0109012
0.995 0.162 0.000964423
0.995 0.168 0.00189276
0.995 0.174 0.0048636
0.995 0.18 0.00605544
0.995 0.186 0.0108473
0.995 0.192 0.0113977
0.995 0.198 0.000342737
0.995 0.204 0.0133223
0.995 0.21 0.0196462
0.995 0.216 0.00627542
0.995 0.222 0.0175154
0.995 0.228 0.00440593
0.995 0.234 0.00285537
0.995 0.24 0.00575907
0.995 0.246 0.0142098
0.995 0.252 0.0111148
0.995 0.258 0.000358702
0.995 0.264 0.00827856
0.995 0.27 0.0120758
0.995 0.276 0.00463881
0.995 0.282 0.00128237
0.995 0.288 0.00756029
0.995 0.294 0.00335947
0.995 0.3 0.0126139
0.995 0.306 0.00636458
0.995 0.312 0.0184524
0.995 0.318 0.00918592
0.995 0.324 0.00318274
0.995 0.33 0.00155029
0.995 0.336 0.0168016
0.995 0.342 0.00490346
0.995 0.348 0.000274214
0.995 0.354 0.00144279
0.995 0.36 0.00975204
0.995 0.366 0.00729186
0.995 0.372 0.00840348
0.995 0.378 0.00628952
0.995 0.384 0.0236166
0.995 0.39 0.0059236
0.995 0.396 0.00556041
0.995 0.402 0.00886307
0.995 0.408 0.00632367
0.995 0.414 0.0010203
0.995 0.42 0.00184437
0.995 0.426 0.0148296
0.995 0.432 0.00927362
0.995 0.438 0.012762
0.995 0.444 0.00206474
0.995 0.45 0.018101
0.995 0.456 0.0405337
0.995 0.462 0.022753
0.995 0.468 0.00998847
0.995 0.474 0.0230501
0.995 0.48 0.00872193
0.995 0.486 0.00573602
0.995 0.492 0.00534934
0.995 0.498 0.0507838
0.995 0.504 0.0015811
0.995 0.51 0.0413235
0.995 0.516 0.144026
0.995 0.522 0.144079
0.995 0.528 0.124974
0.995 0.534 0.193203
0.995 0.54 0.215756
0.995 0.546 0.201872
0.995 0.552 0.210023
0.995 0.558 0.17086
0.995 0.564 0.130164
0.995 0.57 0.108903
0.995 0.576 0.117724
0.995 0.582 0.0854925
0.995 0.588 0.0685941
0.995 0.594 0.0409998
0.995 0.6 0.0307648
1 0 0.000169248
1 0.006 0.00034338
1 0.012 2.15122e-05
1 0.018 0.000858214
1 0.024 0.000537973
1 0.03 0.00360686
1 0.036 0.00161976
1 0.042 0.00411417
1 0.048 0.00272505
1 0.054 0.00383453
1 0.06 0.00279657
1 0.066 0.00859863
1 0.072 0.00161627
1 0.078 0.00788948
1 0.084 0.0011243
1 0.09 0.0049434
1 0.096 0.0136246
1 0.102 0.000981434
1 0.108 0.000758626
1 0.114 0.000989077
1 0.12 0.00485142
1 0.126 0.00937901
1 0.132 0.00760113
1 0.138 0.00294333
1 0.144 0.00486701
1 0.15 0.00511185
1 0.156 0.00600744
1 0.162 0.000770634
1 0.168 0.000871977
1 0.174 0.0029143
1 0.18 0.00504661
1 0.186 0.00651272
1 0.192 0.00782888
1 0.198 0.000519293
1 0.204 0.00881859
1 0.21 0.0141307
1 0.216 0.00630813
1 0.222 0.0120324
1 0.228 0.00334555
1 0.234 0.000970802
1 0.24 0.00271495
1 0.246 0.00930376
1 0.252 0.00817916
1 0.258 0.00064308
1 0.264 0.00504581
1 0.27 0.00677048
1 0.276 0.00288691
1 0.282 0.000763703
1 0.288 0.00507505
1 0.294 0.00200323
1 0.3 0.00749516
1 0.306 0.00372291
1 0.312 0.0116182
1 0.318 0.00570817
1 0.324 0.00159478
1 0.33 0.00140723
1 0.336 0.0103427
1 0.342 0.00296345
1 0.348 0.000726882
1 0.354 0.000367144
1 0.36 0.00670285
1 0.366 0.00353003
1 0.372 0.00350197
1 0.378 0.00282477
1 0.384 0.0157379
1 0.39 0.00596217
1 0.396 0.00410469
1 0.402 0.00598237
1 0.408 0.00337693
1 0.414 0.00172025
1 0.42 0.000582455
1 0.426 0.00955201
1 0.432 0.00672997
1 0.438 0.0104807
1 0.444 0.00110004
1 0.45 0.0105483
1 0.456 0.0240365
1 0.462 0.0138675
1 0.468 0.00677
1 0.474 0.0110006
1 0.48 0.00611227
1 0.486 0.00426827
1 0.492 0.00424553
1 0.498 0.0329347
1 0.504 0.00324983
1 0.51 0.0251747
1 0.516 0.0878948
1 0.522 0.0885202
1 0.528 0.0777593
1 0.534 0.114331
1 0.54 0.130751
1 0.546 0.120884
1 0.552 0.128151
1 0.558 0.104113
1 0.564 0.0797701
1 0.57 0.065108
1 0.576 0.0705444
1 0.582 0.049893
1 0.588 0.041213
1 0.594 0.0250937
1 0.6 0.0192094
  
