# single-particle spectral function of polarized generlized Kondo-Heisenberg model
# t=0.5 U=10 Jh=10 L=200 n=1.50 S=1/2
# k, omega, A(k,omega) (incoherent)

0 -5 0.000101843
0 -4.96 0.000101843
0 -4.92 0.000101843
0 -4.88 0.000101843
0 -4.84 0.000101843
0 -4.8 0.000101843
0 -4.76 0.000101843
0 -4.72 0.000101843
0 -4.68 0.000101843
0 -4.64 0.000101843
0 -4.6 0.000101843
0 -4.56 0.000101843
0 -4.52 0.000101843
0 -4.48 0.000101843
0 -4.44 0.000101843
0 -4.4 0.000101843
0 -4.36 0.000101843
0 -4.32 0.000101843
0 -4.28 0.000101843
0 -4.24 0.000101843
0 -4.2 0.000101843
0 -4.16 0.000101843
0 -4.12 0.000101843
0 -4.08 0.000101843
0 -4.04 0.000101843
0 -4 0.000101843
0 -3.96 0.000101843
0 -3.92 0.000101843
0 -3.88 0.000101843
0 -3.84 0.000101843
0 -3.8 0.000101843
0 -3.76 0.000101843
0 -3.72 0.000101843
0 -3.68 0.000101843
0 -3.64 0.000101843
0 -3.6 0.000101843
0 -3.56 0.000101843
0 -3.52 0.000101843
0 -3.48 0.000101843
0 -3.44 0.000101843
0 -3.4 0.000101843
0 -3.36 0.000101843
0 -3.32 0.000101843
0 -3.28 0.000101843
0 -3.24 0.000101843
0 -3.2 0.000101843
0 -3.16 0.000101843
0 -3.12 0.000101843
0 -3.08 0.000101843
0 -3.04 0.000101843
0 -3 0.000101843
0 -2.96 0.000102651
0 -2.92 0.00012111
0 -2.88 0.000116156
0 -2.84 0.000128702
0 -2.8 0.000132984
0 -2.76 0.000124527
0 -2.72 0.000128965
0 -2.68 0.000144928
0 -2.64 0.000171903
0 -2.6 0.000217148
0 -2.56 0.000272473
0 -2.52 0.000302888
0 -2.48 0.000376135
0 -2.44 0.000492899
0 -2.4 0.000499186
0 -2.36 0.000566981
0 -2.32 0.000676559
0 -2.28 0.000678805
0 -2.24 0.000778396
0 -2.2 0.00080857
0 -2.16 0.000814914
0 -2.12 0.000876429
0 -2.08 0.00085632
0 -2.04 0.00103519
0 -2 0.00126659
0 -1.96 0.00103485
0 -1.92 0.00117607
0 -1.88 0.00115924
0 -1.84 0.00111746
0 -1.8 0.00139318
0 -1.76 0.00155925
0 -1.72 0.00134826
0 -1.68 0.00141098
0 -1.64 0.00145171
0 -1.6 0.00137616
0 -1.56 0.00163618
0 -1.52 0.0016971
0 -1.48 0.00158657
0 -1.44 0.00164093
0 -1.4 0.00185773
0 -1.36 0.00182302
0 -1.32 0.00193978
0 -1.28 0.0019621
0 -1.24 0.00197366
0 -1.2 0.00205899
0 -1.16 0.00213938
0 -1.12 0.00223528
0 -1.08 0.00218992
0 -1.04 0.00229723
0 -1 0.0023288
0 -0.96 0.0023135
0 -0.92 0.00250752
0 -0.88 0.00251473
0 -0.84 0.00266595
0 -0.8 0.00272159
0 -0.76 0.00287153
0 -0.72 0.00285571
0 -0.68 0.00299929
0 -0.64 0.0031241
0 -0.6 0.003286
0 -0.56 0.00341464
0 -0.52 0.00354086
0 -0.48 0.00377034
0 -0.44 0.00387136
0 -0.4 0.00414988
0 -0.36 0.00444506
0 -0.32 0.00482576
0 -0.28 0.00529238
0 -0.24 0.00577249
0 -0.2 0.00602794
0 -0.16 0.00544112
0 -0.12 0.00382952
0 -0.08 0.00246307
0 -0.04 0.00164286
0 0 0.00116515
0 0.04 0.000870155
0 0.08 0.000677208
0 0.12 0.000544247
0 0.16 0.000448586
0 0.2 0.000377294
0 0.24 0.000322602
0 0.28 0.000279641
0 0.32 0.00024519
0 0.36 0.000217103
0 0.4 0.00019384
0 0.44 0.000174342
0 0.48 0.000157812
0 0.52 0.000143661
0 0.56 0.000131432
0 0.6 0.000120793
0 0.64 0.000111456
0 0.68 0.000103224
0 0.72 9.593e-05
0 0.76 8.94182e-05
0 0.8 8.35841e-05
0 0.84 7.83296e-05
0 0.88 7.35882e-05
0 0.92 6.92712e-05
0 0.96 6.53533e-05
0 1 0
0 1.04 0
0 1.08 0
0 1.12 0
0 1.16 0
0 1.2 0
0 1.24 0
0 1.28 0
0 1.32 0
0 1.36 0
0 1.4 0
0 1.44 0
0 1.48 0
0 1.52 0
0 1.56 0
0 1.6 0
0 1.64 0
0 1.68 0
0 1.72 0
0 1.76 0
0 1.8 0
0 1.84 0
0 1.88 0
0 1.92 0
0 1.96 0
0 2 0
0 2.04 0
0 2.08 0
0 2.12 0
0 2.16 0
0 2.2 0
0 2.24 0
0 2.28 0
0 2.32 0
0 2.36 0
0 2.4 0
0 2.44 0
0 2.48 0
0 2.52 0
0 2.56 0
0 2.6 0
0 2.64 0
0 2.68 0
0 2.72 0
0 2.76 0
0 2.8 0
0 2.84 0
0 2.88 0
0 2.92 0
0 2.96 0
0 3 0
0.005 -5 0.000102799
0.005 -4.96 0.000102799
0.005 -4.92 0.000102799
0.005 -4.88 0.000102799
0.005 -4.84 0.000102799
0.005 -4.8 0.000102799
0.005 -4.76 0.000102799
0.005 -4.72 0.000102799
0.005 -4.68 0.000102799
0.005 -4.64 0.000102799
0.005 -4.6 0.000102799
0.005 -4.56 0.000102799
0.005 -4.52 0.000102799
0.005 -4.48 0.000102799
0.005 -4.44 0.000102799
0.005 -4.4 0.000102799
0.005 -4.36 0.000102799
0.005 -4.32 0.000102799
0.005 -4.28 0.000102799
0.005 -4.24 0.000102799
0.005 -4.2 0.000102799
0.005 -4.16 0.000102799
0.005 -4.12 0.000102799
0.005 -4.08 0.000102799
0.005 -4.04 0.000102799
0.005 -4 0.000102799
0.005 -3.96 0.000102799
0.005 -3.92 0.000102799
0.005 -3.88 0.000102799
0.005 -3.84 0.000102799
0.005 -3.8 0.000102799
0.005 -3.76 0.000102799
0.005 -3.72 0.000102799
0.005 -3.68 0.000102799
0.005 -3.64 0.000102799
0.005 -3.6 0.000102799
0.005 -3.56 0.000102799
0.005 -3.52 0.000102799
0.005 -3.48 0.000102799
0.005 -3.44 0.000102799
0.005 -3.4 0.000102799
0.005 -3.36 0.000102799
0.005 -3.32 0.000102799
0.005 -3.28 0.000102799
0.005 -3.24 0.000102799
0.005 -3.2 0.000102799
0.005 -3.16 0.000102799
0.005 -3.12 0.000102799
0.005 -3.08 0.000102799
0.005 -3.04 0.000102799
0.005 -3 0.000102799
0.005 -2.96 0.000102604
0.005 -2.92 0.000123422
0.005 -2.88 0.00011595
0.005 -2.84 0.000129475
0.005 -2.8 0.000131464
0.005 -2.76 0.000125243
0.005 -2.72 0.000131189
0.005 -2.68 0.000142401
0.005 -2.64 0.000171363
0.005 -2.6 0.000218732
0.005 -2.56 0.000270757
0.005 -2.52 0.000301438
0.005 -2.48 0.000376379
0.005 -2.44 0.000491673
0.005 -2.4 0.00050428
0.005 -2.36 0.000565258
0.005 -2.32 0.000676925
0.005 -2.28 0.000681157
0.005 -2.24 0.00077888
0.005 -2.2 0.000814446
0.005 -2.16 0.000813342
0.005 -2.12 0.000875387
0.005 -2.08 0.000859035
0.005 -2.04 0.00103301
0.005 -2 0.00126465
0.005 -1.96 0.00104315
0.005 -1.92 0.00115626
0.005 -1.88 0.00115191
0.005 -1.84 0.00112164
0.005 -1.8 0.00138379
0.005 -1.76 0.00155698
0.005 -1.72 0.00133187
0.005 -1.68 0.00140033
0.005 -1.64 0.00144832
0.005 -1.6 0.00137184
0.005 -1.56 0.0016415
0.005 -1.52 0.00171614
0.005 -1.48 0.00158653
0.005 -1.44 0.00165885
0.005 -1.4 0.00185539
0.005 -1.36 0.00182491
0.005 -1.32 0.00196184
0.005 -1.28 0.00196056
0.005 -1.24 0.00197552
0.005 -1.2 0.00208316
0.005 -1.16 0.00214355
0.005 -1.12 0.00222076
0.005 -1.08 0.00219787
0.005 -1.04 0.00229832
0.005 -1 0.00233184
0.005 -0.96 0.00234461
0.005 -0.92 0.0025288
0.005 -0.88 0.00252639
0.005 -0.84 0.00266152
0.005 -0.8 0.00274382
0.005 -0.76 0.00288151
0.005 -0.72 0.00288541
0.005 -0.68 0.00298658
0.005 -0.64 0.00312918
0.005 -0.6 0.00328902
0.005 -0.56 0.0034033
0.005 -0.52 0.00352993
0.005 -0.48 0.00375858
0.005 -0.44 0.00389519
0.005 -0.4 0.00415913
0.005 -0.36 0.00446613
0.005 -0.32 0.00481609
0.005 -0.28 0.00528686
0.005 -0.24 0.00576602
0.005 -0.2 0.00603462
0.005 -0.16 0.00544811
0.005 -0.12 0.00383088
0.005 -0.08 0.00246352
0.005 -0.04 0.00164321
0.005 0 0.00116517
0.005 0.04 0.00087013
0.005 0.08 0.000677171
0.005 0.12 0.000544207
0.005 0.16 0.000448548
0.005 0.2 0.00037726
0.005 0.24 0.000322571
0.005 0.28 0.000279614
0.005 0.32 0.000245167
0.005 0.36 0.000217082
0.005 0.4 0.000193821
0.005 0.44 0.000174326
0.005 0.48 0.000157797
0.005 0.52 0.000143647
0.005 0.56 0.00013142
0.005 0.6 0.000120782
0.005 0.64 0.000111446
0.005 0.68 0.000103215
0.005 0.72 9.5922e-05
0.005 0.76 8.94108e-05
0.005 0.8 8.35773e-05
0.005 0.84 7.83233e-05
0.005 0.88 7.35824e-05
0.005 0.92 6.92659e-05
0.005 0.96 6.53484e-05
0.005 1 0
0.005 1.04 0
0.005 1.08 0
0.005 1.12 0
0.005 1.16 0
0.005 1.2 0
0.005 1.24 0
0.005 1.28 0
0.005 1.32 0
0.005 1.36 0
0.005 1.4 0
0.005 1.44 0
0.005 1.48 0
0.005 1.52 0
0.005 1.56 0
0.005 1.6 0
0.005 1.64 0
0.005 1.68 0
0.005 1.72 0
0.005 1.76 0
0.005 1.8 0
0.005 1.84 0
0.005 1.88 0
0.005 1.92 0
0.005 1.96 0
0.005 2 0
0.005 2.04 0
0.005 2.08 0
0.005 2.12 0
0.005 2.16 0
0.005 2.2 0
0.005 2.24 0
0.005 2.28 0
0.005 2.32 0
0.005 2.36 0
0.005 2.4 0
0.005 2.44 0
0.005 2.48 0
0.005 2.52 0
0.005 2.56 0
0.005 2.6 0
0.005 2.64 0
0.005 2.68 0
0.005 2.72 0
0.005 2.76 0
0.005 2.8 0
0.005 2.84 0
0.005 2.88 0
0.005 2.92 0
0.005 2.96 0
0.005 3 0
0.01 -5 0.00010413
0.01 -4.96 0.00010413
0.01 -4.92 0.00010413
0.01 -4.88 0.00010413
0.01 -4.84 0.00010413
0.01 -4.8 0.00010413
0.01 -4.76 0.00010413
0.01 -4.72 0.00010413
0.01 -4.68 0.00010413
0.01 -4.64 0.00010413
0.01 -4.6 0.00010413
0.01 -4.56 0.00010413
0.01 -4.52 0.00010413
0.01 -4.48 0.00010413
0.01 -4.44 0.00010413
0.01 -4.4 0.00010413
0.01 -4.36 0.00010413
0.01 -4.32 0.00010413
0.01 -4.28 0.00010413
0.01 -4.24 0.00010413
0.01 -4.2 0.00010413
0.01 -4.16 0.00010413
0.01 -4.12 0.00010413
0.01 -4.08 0.00010413
0.01 -4.04 0.00010413
0.01 -4 0.00010413
0.01 -3.96 0.00010413
0.01 -3.92 0.00010413
0.01 -3.88 0.00010413
0.01 -3.84 0.00010413
0.01 -3.8 0.00010413
0.01 -3.76 0.00010413
0.01 -3.72 0.00010413
0.01 -3.68 0.00010413
0.01 -3.64 0.00010413
0.01 -3.6 0.00010413
0.01 -3.56 0.00010413
0.01 -3.52 0.00010413
0.01 -3.48 0.00010413
0.01 -3.44 0.00010413
0.01 -3.4 0.00010413
0.01 -3.36 0.00010413
0.01 -3.32 0.00010413
0.01 -3.28 0.00010413
0.01 -3.24 0.00010413
0.01 -3.2 0.00010413
0.01 -3.16 0.00010413
0.01 -3.12 0.00010413
0.01 -3.08 0.00010413
0.01 -3.04 0.00010413
0.01 -3 0.00010413
0.01 -2.96 0.000103194
0.01 -2.92 0.00012653
0.01 -2.88 0.000115128
0.01 -2.84 0.000130709
0.01 -2.8 0.000129119
0.01 -2.76 0.000126667
0.01 -2.72 0.000133676
0.01 -2.68 0.000137441
0.01 -2.64 0.000169693
0.01 -2.6 0.000220129
0.01 -2.56 0.000269762
0.01 -2.52 0.000301642
0.01 -2.48 0.000376889
0.01 -2.44 0.000487927
0.01 -2.4 0.00051059
0.01 -2.36 0.000562775
0.01 -2.32 0.00067689
0.01 -2.28 0.000686613
0.01 -2.24 0.000779926
0.01 -2.2 0.000824626
0.01 -2.16 0.000809148
0.01 -2.12 0.00087645
0.01 -2.08 0.000859769
0.01 -2.04 0.00103136
0.01 -2 0.00125627
0.01 -1.96 0.00105826
0.01 -1.92 0.00113073
0.01 -1.88 0.00114142
0.01 -1.84 0.001131
0.01 -1.8 0.00137327
0.01 -1.76 0.00155176
0.01 -1.72 0.0013076
0.01 -1.68 0.00138305
0.01 -1.64 0.00144207
0.01 -1.6 0.00136893
0.01 -1.56 0.0016527
0.01 -1.52 0.0017417
0.01 -1.48 0.00158738
0.01 -1.44 0.00168357
0.01 -1.4 0.00184559
0.01 -1.36 0.00182843
0.01 -1.32 0.00199102
0.01 -1.28 0.00196425
0.01 -1.24 0.00196964
0.01 -1.2 0.00212245
0.01 -1.16 0.00214555
0.01 -1.12 0.00220198
0.01 -1.08 0.00220693
0.01 -1.04 0.0023035
0.01 -1 0.00234103
0.01 -0.96 0.00240544
0.01 -0.92 0.00256388
0.01 -0.88 0.0025441
0.01 -0.84 0.00264995
0.01 -0.8 0.0027716
0.01 -0.76 0.00288761
0.01 -0.72 0.002937
0.01 -0.68 0.00297094
0.01 -0.64 0.00313133
0.01 -0.6 0.00329909
0.01 -0.56 0.00337866
0.01 -0.52 0.00351579
0.01 -0.48 0.00373216
0.01 -0.44 0.00392823
0.01 -0.4 0.00417389
0.01 -0.36 0.00449541
0.01 -0.32 0.00480542
0.01 -0.28 0.00527003
0.01 -0.24 0.00575114
0.01 -0.2 0.00604406
0.01 -0.16 0.0054559
0.01 -0.12 0.00383365
0.01 -0.08 0.00246474
0.01 -0.04 0.00164395
0.01 0 0.00116521
0.01 0.04 0.000870057
0.01 0.08 0.000677059
0.01 0.12 0.000544089
0.01 0.16 0.000448437
0.01 0.2 0.000377158
0.01 0.24 0.000322481
0.01 0.28 0.000279534
0.01 0.32 0.000245096
0.01 0.36 0.00021702
0.01 0.4 0.000193766
0.01 0.44 0.000174276
0.01 0.48 0.000157753
0.01 0.52 0.000143608
0.01 0.56 0.000131384
0.01 0.6 0.00012075
0.01 0.64 0.000111417
0.01 0.68 0.000103189
0.01 0.72 9.58978e-05
0.01 0.76 8.93887e-05
0.01 0.8 8.3557e-05
0.01 0.84 7.83046e-05
0.01 0.88 7.35651e-05
0.01 0.92 6.925e-05
0.01 0.96 6.53336e-05
0.01 1 0
0.01 1.04 0
0.01 1.08 0
0.01 1.12 0
0.01 1.16 0
0.01 1.2 0
0.01 1.24 0
0.01 1.28 0
0.01 1.32 0
0.01 1.36 0
0.01 1.4 0
0.01 1.44 0
0.01 1.48 0
0.01 1.52 0
0.01 1.56 0
0.01 1.6 0
0.01 1.64 0
0.01 1.68 0
0.01 1.72 0
0.01 1.76 0
0.01 1.8 0
0.01 1.84 0
0.01 1.88 0
0.01 1.92 0
0.01 1.96 0
0.01 2 0
0.01 2.04 0
0.01 2.08 0
0.01 2.12 0
0.01 2.16 0
0.01 2.2 0
0.01 2.24 0
0.01 2.28 0
0.01 2.32 0
0.01 2.36 0
0.01 2.4 0
0.01 2.44 0
0.01 2.48 0
0.01 2.52 0
0.01 2.56 0
0.01 2.6 0
0.01 2.64 0
0.01 2.68 0
0.01 2.72 0
0.01 2.76 0
0.01 2.8 0
0.01 2.84 0
0.01 2.88 0
0.01 2.92 0
0.01 2.96 0
0.01 3 0
0.015 -5 0.000103465
0.015 -4.96 0.000103465
0.015 -4.92 0.000103465
0.015 -4.88 0.000103465
0.015 -4.84 0.000103465
0.015 -4.8 0.000103465
0.015 -4.76 0.000103465
0.015 -4.72 0.000103465
0.015 -4.68 0.000103465
0.015 -4.64 0.000103465
0.015 -4.6 0.000103465
0.015 -4.56 0.000103465
0.015 -4.52 0.000103465
0.015 -4.48 0.000103465
0.015 -4.44 0.000103465
0.015 -4.4 0.000103465
0.015 -4.36 0.000103465
0.015 -4.32 0.000103465
0.015 -4.28 0.000103465
0.015 -4.24 0.000103465
0.015 -4.2 0.000103465
0.015 -4.16 0.000103465
0.015 -4.12 0.000103465
0.015 -4.08 0.000103465
0.015 -4.04 0.000103465
0.015 -4 0.000103465
0.015 -3.96 0.000103465
0.015 -3.92 0.000103465
0.015 -3.88 0.000103465
0.015 -3.84 0.000103465
0.015 -3.8 0.000103465
0.015 -3.76 0.000103465
0.015 -3.72 0.000103465
0.015 -3.68 0.000103465
0.015 -3.64 0.000103465
0.015 -3.6 0.000103465
0.015 -3.56 0.000103465
0.015 -3.52 0.000103465
0.015 -3.48 0.000103465
0.015 -3.44 0.000103465
0.015 -3.4 0.000103465
0.015 -3.36 0.000103465
0.015 -3.32 0.000103465
0.015 -3.28 0.000103465
0.015 -3.24 0.000103465
0.015 -3.2 0.000103465
0.015 -3.16 0.000103465
0.015 -3.12 0.000103465
0.015 -3.08 0.000103465
0.015 -3.04 0.000103465
0.015 -3 0.000103465
0.015 -2.96 0.000105261
0.015 -2.92 0.000125779
0.015 -2.88 0.000113929
0.015 -2.84 0.000130621
0.015 -2.8 0.000129202
0.015 -2.76 0.000127719
0.015 -2.72 0.000131691
0.015 -2.68 0.000135622
0.015 -2.64 0.000167268
0.015 -2.6 0.000218688
0.015 -2.56 0.000274144
0.015 -2.52 0.000307859
0.015 -2.48 0.00037685
0.015 -2.44 0.000481751
0.015 -2.4 0.000507523
0.015 -2.36 0.00056277
0.015 -2.32 0.000675622
0.015 -2.28 0.000692472
0.015 -2.24 0.000780821
0.015 -2.2 0.000827248
0.015 -2.16 0.000804943
0.015 -2.12 0.000884942
0.015 -2.08 0.000850079
0.015 -2.04 0.00103405
0.015 -2 0.0012416
0.015 -1.96 0.00106233
0.015 -1.92 0.00114143
0.015 -1.88 0.00114478
0.015 -1.84 0.00113909
0.015 -1.8 0.00138208
0.015 -1.76 0.00154811
0.015 -1.72 0.0013107
0.015 -1.68 0.001383
0.015 -1.64 0.0014386
0.015 -1.6 0.00137954
0.015 -1.56 0.00165823
0.015 -1.52 0.00173415
0.015 -1.48 0.0015887
0.015 -1.44 0.00167691
0.015 -1.4 0.00182832
0.015 -1.36 0.00182884
0.015 -1.32 0.00197517
0.015 -1.28 0.00198223
0.015 -1.24 0.00194667
0.015 -1.2 0.00212174
0.015 -1.16 0.002132
0.015 -1.12 0.002207
0.015 -1.08 0.00219897
0.015 -1.04 0.00231219
0.015 -1 0.00235701
0.015 -0.96 0.00244295
0.015 -0.92 0.00256817
0.015 -0.88 0.00254979
0.015 -0.84 0.00263615
0.015 -0.8 0.0027523
0.015 -0.76 0.0028605
0.015 -0.72 0.00295062
0.015 -0.68 0.00298036
0.015 -0.64 0.00311679
0.015 -0.6 0.00331041
0.015 -0.56 0.00336183
0.015 -0.52 0.00352524
0.015 -0.48 0.00371112
0.015 -0.44 0.00392176
0.015 -0.4 0.00417613
0.015 -0.36 0.00448463
0.015 -0.32 0.00481734
0.015 -0.28 0.00525101
0.015 -0.24 0.005736
0.015 -0.2 0.00603594
0.015 -0.16 0.00544363
0.015 -0.12 0.00383484
0.015 -0.08 0.00246643
0.015 -0.04 0.00164454
0.015 0 0.00116529
0.015 0.04 0.000869935
0.015 0.08 0.000676872
0.015 0.12 0.000543892
0.015 0.16 0.00044825
0.015 0.2 0.000376989
0.015 0.24 0.000322331
0.015 0.28 0.000279401
0.015 0.32 0.000244979
0.015 0.36 0.000216916
0.015 0.4 0.000193673
0.015 0.44 0.000174194
0.015 0.48 0.00015768
0.015 0.52 0.000143542
0.015 0.56 0.000131325
0.015 0.6 0.000120696
0.015 0.64 0.000111369
0.015 0.68 0.000103145
0.015 0.72 9.58575e-05
0.015 0.76 8.93519e-05
0.015 0.8 8.35231e-05
0.015 0.84 7.82735e-05
0.015 0.88 7.35363e-05
0.015 0.92 6.92235e-05
0.015 0.96 6.5309e-05
0.015 1 0
0.015 1.04 0
0.015 1.08 0
0.015 1.12 0
0.015 1.16 0
0.015 1.2 0
0.015 1.24 0
0.015 1.28 0
0.015 1.32 0
0.015 1.36 0
0.015 1.4 0
0.015 1.44 0
0.015 1.48 0
0.015 1.52 0
0.015 1.56 0
0.015 1.6 0
0.015 1.64 0
0.015 1.68 0
0.015 1.72 0
0.015 1.76 0
0.015 1.8 0
0.015 1.84 0
0.015 1.88 0
0.015 1.92 0
0.015 1.96 0
0.015 2 0
0.015 2.04 0
0.015 2.08 0
0.015 2.12 0
0.015 2.16 0
0.015 2.2 0
0.015 2.24 0
0.015 2.28 0
0.015 2.32 0
0.015 2.36 0
0.015 2.4 0
0.015 2.44 0
0.015 2.48 0
0.015 2.52 0
0.015 2.56 0
0.015 2.6 0
0.015 2.64 0
0.015 2.68 0
0.015 2.72 0
0.015 2.76 0
0.015 2.8 0
0.015 2.84 0
0.015 2.88 0
0.015 2.92 0
0.015 2.96 0
0.015 3 0
0.02 -5 0.000101044
0.02 -4.96 0.000101044
0.02 -4.92 0.000101044
0.02 -4.88 0.000101044
0.02 -4.84 0.000101044
0.02 -4.8 0.000101044
0.02 -4.76 0.000101044
0.02 -4.72 0.000101044
0.02 -4.68 0.000101044
0.02 -4.64 0.000101044
0.02 -4.6 0.000101044
0.02 -4.56 0.000101044
0.02 -4.52 0.000101044
0.02 -4.48 0.000101044
0.02 -4.44 0.000101044
0.02 -4.4 0.000101044
0.02 -4.36 0.000101044
0.02 -4.32 0.000101044
0.02 -4.28 0.000101044
0.02 -4.24 0.000101044
0.02 -4.2 0.000101044
0.02 -4.16 0.000101044
0.02 -4.12 0.000101044
0.02 -4.08 0.000101044
0.02 -4.04 0.000101044
0.02 -4 0.000101044
0.02 -3.96 0.000101044
0.02 -3.92 0.000101044
0.02 -3.88 0.000101044
0.02 -3.84 0.000101044
0.02 -3.8 0.000101044
0.02 -3.76 0.000101044
0.02 -3.72 0.000101044
0.02 -3.68 0.000101044
0.02 -3.64 0.000101044
0.02 -3.6 0.000101044
0.02 -3.56 0.000101044
0.02 -3.52 0.000101044
0.02 -3.48 0.000101044
0.02 -3.44 0.000101044
0.02 -3.4 0.000101044
0.02 -3.36 0.000101044
0.02 -3.32 0.000101044
0.02 -3.28 0.000101044
0.02 -3.24 0.000101044
0.02 -3.2 0.000101044
0.02 -3.16 0.000101044
0.02 -3.12 0.000101044
0.02 -3.08 0.000101044
0.02 -3.04 0.000101044
0.02 -3 0.000101044
0.02 -2.96 0.000107754
0.02 -2.92 0.000123624
0.02 -2.88 0.000113715
0.02 -2.84 0.000129185
0.02 -2.8 0.000130957
0.02 -2.76 0.000128326
0.02 -2.72 0.000128724
0.02 -2.68 0.000139429
0.02 -2.64 0.000165236
0.02 -2.6 0.000219019
0.02 -2.56 0.000279666
0.02 -2.52 0.000313634
0.02 -2.48 0.000375539
0.02 -2.44 0.0004739
0.02 -2.4 0.000501749
0.02 -2.36 0.000563369
0.02 -2.32 0.000675213
0.02 -2.28 0.000697553
0.02 -2.24 0.000781759
0.02 -2.2 0.000821937
0.02 -2.16 0.000805685
0.02 -2.12 0.0008983
0.02 -2.08 0.000838264
0.02 -2.04 0.00103321
0.02 -2 0.00122987
0.02 -1.96 0.00105173
0.02 -1.92 0.00116629
0.02 -1.88 0.00115865
0.02 -1.84 0.00114244
0.02 -1.8 0.00139221
0.02 -1.76 0.00154911
0.02 -1.72 0.00133213
0.02 -1.68 0.0014009
0.02 -1.64 0.00143801
0.02 -1.6 0.00139505
0.02 -1.56 0.00165165
0.02 -1.52 0.00171332
0.02 -1.48 0.00158762
0.02 -1.44 0.00165394
0.02 -1.4 0.00181421
0.02 -1.36 0.00182356
0.02 -1.32 0.00193022
0.02 -1.28 0.00200377
0.02 -1.24 0.00192709
0.02 -1.2 0.00207631
0.02 -1.16 0.0021108
0.02 -1.12 0.00221526
0.02 -1.08 0.00218464
0.02 -1.04 0.00231525
0.02 -1 0.00237988
0.02 -0.96 0.00244814
0.02 -0.92 0.00254501
0.02 -0.88 0.00255711
0.02 -0.84 0.00262654
0.02 -0.8 0.00270602
0.02 -0.76 0.00282235
0.02 -0.72 0.00292378
0.02 -0.68 0.00300098
0.02 -0.64 0.00310163
0.02 -0.6 0.00330539
0.02 -0.56 0.00336851
0.02 -0.52 0.00354921
0.02 -0.48 0.00371154
0.02 -0.44 0.00390051
0.02 -0.4 0.00417107
0.02 -0.36 0.00444914
0.02 -0.32 0.00483895
0.02 -0.28 0.00525
0.02 -0.24 0.00572405
0.02 -0.2 0.00600146
0.02 -0.16 0.0054116
0.02 -0.12 0.00383248
0.02 -0.08 0.00246835
0.02 -0.04 0.00164498
0.02 0 0.0011654
0.02 0.04 0.000869764
0.02 0.08 0.00067661
0.02 0.12 0.000543616
0.02 0.16 0.000447989
0.02 0.2 0.000376753
0.02 0.24 0.00032212
0.02 0.28 0.000279215
0.02 0.32 0.000244814
0.02 0.36 0.00021677
0.02 0.4 0.000193544
0.02 0.44 0.000174079
0.02 0.48 0.000157577
0.02 0.52 0.00014345
0.02 0.56 0.000131242
0.02 0.6 0.000120621
0.02 0.64 0.000111301
0.02 0.68 0.000103083
0.02 0.72 9.58012e-05
0.02 0.76 8.93004e-05
0.02 0.8 8.34758e-05
0.02 0.84 7.82299e-05
0.02 0.88 7.3496e-05
0.02 0.92 6.91864e-05
0.02 0.96 6.52746e-05
0.02 1 0
0.02 1.04 0
0.02 1.08 0
0.02 1.12 0
0.02 1.16 0
0.02 1.2 0
0.02 1.24 0
0.02 1.28 0
0.02 1.32 0
0.02 1.36 0
0.02 1.4 0
0.02 1.44 0
0.02 1.48 0
0.02 1.52 0
0.02 1.56 0
0.02 1.6 0
0.02 1.64 0
0.02 1.68 0
0.02 1.72 0
0.02 1.76 0
0.02 1.8 0
0.02 1.84 0
0.02 1.88 0
0.02 1.92 0
0.02 1.96 0
0.02 2 0
0.02 2.04 0
0.02 2.08 0
0.02 2.12 0
0.02 2.16 0
0.02 2.2 0
0.02 2.24 0
0.02 2.28 0
0.02 2.32 0
0.02 2.36 0
0.02 2.4 0
0.02 2.44 0
0.02 2.48 0
0.02 2.52 0
0.02 2.56 0
0.02 2.6 0
0.02 2.64 0
0.02 2.68 0
0.02 2.72 0
0.02 2.76 0
0.02 2.8 0
0.02 2.84 0
0.02 2.88 0
0.02 2.92 0
0.02 2.96 0
0.02 3 0
0.025 -5 9.94194e-05
0.025 -4.96 9.94194e-05
0.025 -4.92 9.94194e-05
0.025 -4.88 9.94194e-05
0.025 -4.84 9.94194e-05
0.025 -4.8 9.94194e-05
0.025 -4.76 9.94194e-05
0.025 -4.72 9.94194e-05
0.025 -4.68 9.94194e-05
0.025 -4.64 9.94194e-05
0.025 -4.6 9.94194e-05
0.025 -4.56 9.94194e-05
0.025 -4.52 9.94194e-05
0.025 -4.48 9.94194e-05
0.025 -4.44 9.94194e-05
0.025 -4.4 9.94194e-05
0.025 -4.36 9.94194e-05
0.025 -4.32 9.94194e-05
0.025 -4.28 9.94194e-05
0.025 -4.24 9.94194e-05
0.025 -4.2 9.94194e-05
0.025 -4.16 9.94194e-05
0.025 -4.12 9.94194e-05
0.025 -4.08 9.94194e-05
0.025 -4.04 9.94194e-05
0.025 -4 9.94194e-05
0.025 -3.96 9.94194e-05
0.025 -3.92 9.94194e-05
0.025 -3.88 9.94194e-05
0.025 -3.84 9.94194e-05
0.025 -3.8 9.94194e-05
0.025 -3.76 9.94194e-05
0.025 -3.72 9.94194e-05
0.025 -3.68 9.94194e-05
0.025 -3.64 9.94194e-05
0.025 -3.6 9.94194e-05
0.025 -3.56 9.94194e-05
0.025 -3.52 9.94194e-05
0.025 -3.48 9.94194e-05
0.025 -3.44 9.94194e-05
0.025 -3.4 9.94194e-05
0.025 -3.36 9.94194e-05
0.025 -3.32 9.94194e-05
0.025 -3.28 9.94194e-05
0.025 -3.24 9.94194e-05
0.025 -3.2 9.94194e-05
0.025 -3.16 9.94194e-05
0.025 -3.12 9.94194e-05
0.025 -3.08 9.94194e-05
0.025 -3.04 9.94194e-05
0.025 -3 9.94194e-05
0.025 -2.96 0.000108331
0.025 -2.92 0.000124367
0.025 -2.88 0.000115548
0.025 -2.84 0.000128068
0.025 -2.8 0.000130732
0.025 -2.76 0.000128855
0.025 -2.72 0.000129794
0.025 -2.68 0.000144479
0.025 -2.64 0.000164378
0.025 -2.6 0.00022358
0.025 -2.56 0.000279394
0.025 -2.52 0.00031041
0.025 -2.48 0.000373893
0.025 -2.44 0.000465822
0.025 -2.4 0.000504242
0.025 -2.36 0.00056151
0.025 -2.32 0.000677743
0.025 -2.28 0.000701314
0.025 -2.24 0.000784204
0.025 -2.2 0.000818371
0.025 -2.16 0.00081491
0.025 -2.12 0.000910791
0.025 -2.08 0.000840032
0.025 -2.04 0.00102297
0.025 -2 0.00122755
0.025 -1.96 0.00104366
0.025 -1.92 0.00116221
0.025 -1.88 0.00116412
0.025 -1.84 0.00114393
0.025 -1.8 0.00137014
0.025 -1.76 0.00154905
0.025 -1.72 0.0013354
0.025 -1.68 0.00141458
0.025 -1.64 0.00143855
0.025 -1.6 0.00139931
0.025 -1.56 0.0016443
0.025 -1.52 0.00171926
0.025 -1.48 0.0015865
0.025 -1.44 0.00165464
0.025 -1.4 0.00181202
0.025 -1.36 0.00181653
0.025 -1.32 0.00191728
0.025 -1.28 0.00200916
0.025 -1.24 0.00193481
0.025 -1.2 0.00203427
0.025 -1.16 0.0021013
0.025 -1.12 0.00219889
0.025 -1.08 0.00218548
0.025 -1.04 0.00230398
0.025 -1 0.00240434
0.025 -0.96 0.00244756
0.025 -0.92 0.00253806
0.025 -0.88 0.0025743
0.025 -0.84 0.00262571
0.025 -0.8 0.00269377
0.025 -0.76 0.00282313
0.025 -0.72 0.00290397
0.025 -0.68 0.00300605
0.025 -0.64 0.00310993
0.025 -0.6 0.00327656
0.025 -0.56 0.0033934
0.025 -0.52 0.00355272
0.025 -0.48 0.00373236
0.025 -0.44 0.00391832
0.025 -0.4 0.0041774
0.025 -0.36 0.00444895
0.025 -0.32 0.00483872
0.025 -0.28 0.00526911
0.025 -0.24 0.00571332
0.025 -0.2 0.00595081
0.025 -0.16 0.00537926
0.025 -0.12 0.00382826
0.025 -0.08 0.0024705
0.025 -0.04 0.00164578
0.025 0 0.00116554
0.025 0.04 0.000869543
0.025 0.08 0.000676273
0.025 0.12 0.000543261
0.025 0.16 0.000447654
0.025 0.2 0.000376449
0.025 0.24 0.00032185
0.025 0.28 0.000278975
0.025 0.32 0.000244603
0.025 0.36 0.000216583
0.025 0.4 0.000193378
0.025 0.44 0.000173931
0.025 0.48 0.000157445
0.025 0.52 0.000143331
0.025 0.56 0.000131136
0.025 0.6 0.000120525
0.025 0.64 0.000111214
0.025 0.68 0.000103004
0.025 0.72 9.57288e-05
0.025 0.76 8.92343e-05
0.025 0.8 8.3415e-05
0.025 0.84 7.81739e-05
0.025 0.88 7.34443e-05
0.025 0.92 6.91387e-05
0.025 0.96 6.52304e-05
0.025 1 0
0.025 1.04 0
0.025 1.08 0
0.025 1.12 0
0.025 1.16 0
0.025 1.2 0
0.025 1.24 0
0.025 1.28 0
0.025 1.32 0
0.025 1.36 0
0.025 1.4 0
0.025 1.44 0
0.025 1.48 0
0.025 1.52 0
0.025 1.56 0
0.025 1.6 0
0.025 1.64 0
0.025 1.68 0
0.025 1.72 0
0.025 1.76 0
0.025 1.8 0
0.025 1.84 0
0.025 1.88 0
0.025 1.92 0
0.025 1.96 0
0.025 2 0
0.025 2.04 0
0.025 2.08 0
0.025 2.12 0
0.025 2.16 0
0.025 2.2 0
0.025 2.24 0
0.025 2.28 0
0.025 2.32 0
0.025 2.36 0
0.025 2.4 0
0.025 2.44 0
0.025 2.48 0
0.025 2.52 0
0.025 2.56 0
0.025 2.6 0
0.025 2.64 0
0.025 2.68 0
0.025 2.72 0
0.025 2.76 0
0.025 2.8 0
0.025 2.84 0
0.025 2.88 0
0.025 2.92 0
0.025 2.96 0
0.025 3 0
0.03 -5 0.000100036
0.03 -4.96 0.000100036
0.03 -4.92 0.000100036
0.03 -4.88 0.000100036
0.03 -4.84 0.000100036
0.03 -4.8 0.000100036
0.03 -4.76 0.000100036
0.03 -4.72 0.000100036
0.03 -4.68 0.000100036
0.03 -4.64 0.000100036
0.03 -4.6 0.000100036
0.03 -4.56 0.000100036
0.03 -4.52 0.000100036
0.03 -4.48 0.000100036
0.03 -4.44 0.000100036
0.03 -4.4 0.000100036
0.03 -4.36 0.000100036
0.03 -4.32 0.000100036
0.03 -4.28 0.000100036
0.03 -4.24 0.000100036
0.03 -4.2 0.000100036
0.03 -4.16 0.000100036
0.03 -4.12 0.000100036
0.03 -4.08 0.000100036
0.03 -4.04 0.000100036
0.03 -4 0.000100036
0.03 -3.96 0.000100036
0.03 -3.92 0.000100036
0.03 -3.88 0.000100036
0.03 -3.84 0.000100036
0.03 -3.8 0.000100036
0.03 -3.76 0.000100036
0.03 -3.72 0.000100036
0.03 -3.68 0.000100036
0.03 -3.64 0.000100036
0.03 -3.6 0.000100036
0.03 -3.56 0.000100036
0.03 -3.52 0.000100036
0.03 -3.48 0.000100036
0.03 -3.44 0.000100036
0.03 -3.4 0.000100036
0.03 -3.36 0.000100036
0.03 -3.32 0.000100036
0.03 -3.28 0.000100036
0.03 -3.24 0.000100036
0.03 -3.2 0.000100036
0.03 -3.16 0.000100036
0.03 -3.12 0.000100036
0.03 -3.08 0.000100036
0.03 -3.04 0.000100036
0.03 -3 0.000100036
0.03 -2.96 0.000106088
0.03 -2.92 0.000126056
0.03 -2.88 0.000118689
0.03 -2.84 0.000127806
0.03 -2.8 0.000127998
0.03 -2.76 0.000129108
0.03 -2.72 0.000132047
0.03 -2.68 0.00014518
0.03 -2.64 0.000164083
0.03 -2.6 0.000225154
0.03 -2.56 0.000275195
0.03 -2.52 0.000301823
0.03 -2.48 0.000374079
0.03 -2.44 0.000459032
0.03 -2.4 0.000510259
0.03 -2.36 0.000559475
0.03 -2.32 0.000681572
0.03 -2.28 0.000702603
0.03 -2.24 0.000788994
0.03 -2.2 0.000821453
0.03 -2.16 0.00083032
0.03 -2.12 0.000922863
0.03 -2.08 0.000855712
0.03 -2.04 0.00101512
0.03 -2 0.00122745
0.03 -1.96 0.00105532
0.03 -1.92 0.00114123
0.03 -1.88 0.00115454
0.03 -1.84 0.00114943
0.03 -1.8 0.00131901
0.03 -1.76 0.00153647
0.03 -1.72 0.00131596
0.03 -1.68 0.00141052
0.03 -1.64 0.00144206
0.03 -1.6 0.00139691
0.03 -1.56 0.00165424
0.03 -1.52 0.00173829
0.03 -1.48 0.00159388
0.03 -1.44 0.00167962
0.03 -1.4 0.00181372
0.03 -1.36 0.00181593
0.03 -1.32 0.00195269
0.03 -1.28 0.00199659
0.03 -1.24 0.00195732
0.03 -1.2 0.00203149
0.03 -1.16 0.00210732
0.03 -1.12 0.00218083
0.03 -1.08 0.00220004
0.03 -1.04 0.00228322
0.03 -1 0.00241792
0.03 -0.96 0.00245177
0.03 -0.92 0.00256335
0.03 -0.88 0.00257311
0.03 -0.84 0.00263366
0.03 -0.8 0.00272256
0.03 -0.76 0.00286834
0.03 -0.72 0.00291584
0.03 -0.68 0.00300567
0.03 -0.64 0.00313222
0.03 -0.6 0.00324824
0.03 -0.56 0.00341189
0.03 -0.52 0.00353037
0.03 -0.48 0.00375562
0.03 -0.44 0.0039634
0.03 -0.4 0.00419715
0.03 -0.36 0.00449915
0.03 -0.32 0.00481461
0.03 -0.28 0.00527736
0.03 -0.24 0.00569953
0.03 -0.2 0.00590124
0.03 -0.16 0.00535737
0.03 -0.12 0.00382651
0.03 -0.08 0.00247313
0.03 -0.04 0.00164722
0.03 0 0.0011657
0.03 0.04 0.000869272
0.03 0.08 0.000675862
0.03 0.12 0.000542828
0.03 0.16 0.000447245
0.03 0.2 0.000376078
0.03 0.24 0.00032152
0.03 0.28 0.000278683
0.03 0.32 0.000244345
0.03 0.36 0.000216354
0.03 0.4 0.000193176
0.03 0.44 0.000173751
0.03 0.48 0.000157284
0.03 0.52 0.000143187
0.03 0.56 0.000131006
0.03 0.6 0.000120407
0.03 0.64 0.000111108
0.03 0.68 0.000102907
0.03 0.72 9.56405e-05
0.03 0.76 8.91535e-05
0.03 0.8 8.33408e-05
0.03 0.84 7.81056e-05
0.03 0.88 7.33812e-05
0.03 0.92 6.90806e-05
0.03 0.96 6.51764e-05
0.03 1 0
0.03 1.04 0
0.03 1.08 0
0.03 1.12 0
0.03 1.16 0
0.03 1.2 0
0.03 1.24 0
0.03 1.28 0
0.03 1.32 0
0.03 1.36 0
0.03 1.4 0
0.03 1.44 0
0.03 1.48 0
0.03 1.52 0
0.03 1.56 0
0.03 1.6 0
0.03 1.64 0
0.03 1.68 0
0.03 1.72 0
0.03 1.76 0
0.03 1.8 0
0.03 1.84 0
0.03 1.88 0
0.03 1.92 0
0.03 1.96 0
0.03 2 0
0.03 2.04 0
0.03 2.08 0
0.03 2.12 0
0.03 2.16 0
0.03 2.2 0
0.03 2.24 0
0.03 2.28 0
0.03 2.32 0
0.03 2.36 0
0.03 2.4 0
0.03 2.44 0
0.03 2.48 0
0.03 2.52 0
0.03 2.56 0
0.03 2.6 0
0.03 2.64 0
0.03 2.68 0
0.03 2.72 0
0.03 2.76 0
0.03 2.8 0
0.03 2.84 0
0.03 2.88 0
0.03 2.92 0
0.03 2.96 0
0.03 3 0
0.035 -5 0.000101644
0.035 -4.96 0.000101644
0.035 -4.92 0.000101644
0.035 -4.88 0.000101644
0.035 -4.84 0.000101644
0.035 -4.8 0.000101644
0.035 -4.76 0.000101644
0.035 -4.72 0.000101644
0.035 -4.68 0.000101644
0.035 -4.64 0.000101644
0.035 -4.6 0.000101644
0.035 -4.56 0.000101644
0.035 -4.52 0.000101644
0.035 -4.48 0.000101644
0.035 -4.44 0.000101644
0.035 -4.4 0.000101644
0.035 -4.36 0.000101644
0.035 -4.32 0.000101644
0.035 -4.28 0.000101644
0.035 -4.24 0.000101644
0.035 -4.2 0.000101644
0.035 -4.16 0.000101644
0.035 -4.12 0.000101644
0.035 -4.08 0.000101644
0.035 -4.04 0.000101644
0.035 -4 0.000101644
0.035 -3.96 0.000101644
0.035 -3.92 0.000101644
0.035 -3.88 0.000101644
0.035 -3.84 0.000101644
0.035 -3.8 0.000101644
0.035 -3.76 0.000101644
0.035 -3.72 0.000101644
0.035 -3.68 0.000101644
0.035 -3.64 0.000101644
0.035 -3.6 0.000101644
0.035 -3.56 0.000101644
0.035 -3.52 0.000101644
0.035 -3.48 0.000101644
0.035 -3.44 0.000101644
0.035 -3.4 0.000101644
0.035 -3.36 0.000101644
0.035 -3.32 0.000101644
0.035 -3.28 0.000101644
0.035 -3.24 0.000101644
0.035 -3.2 0.000101644
0.035 -3.16 0.000101644
0.035 -3.12 0.000101644
0.035 -3.08 0.000101644
0.035 -3.04 0.000101644
0.035 -3 0.000101644
0.035 -2.96 0.000102881
0.035 -2.92 0.000124558
0.035 -2.88 0.000121638
0.035 -2.84 0.000126446
0.035 -2.8 0.000127257
0.035 -2.76 0.000129077
0.035 -2.72 0.000130554
0.035 -2.68 0.000143125
0.035 -2.64 0.000163396
0.035 -2.6 0.000218361
0.035 -2.56 0.000274517
0.035 -2.52 0.000298962
0.035 -2.48 0.000376636
0.035 -2.44 0.000454435
0.035 -2.4 0.000509356
0.035 -2.36 0.000562085
0.035 -2.32 0.000683718
0.035 -2.28 0.000701609
0.035 -2.24 0.000794234
0.035 -2.2 0.000825868
0.035 -2.16 0.00084488
0.035 -2.12 0.000937878
0.035 -2.08 0.00086976
0.035 -2.04 0.0010247
0.035 -2 0.00122094
0.035 -1.96 0.00107885
0.035 -1.92 0.00114236
0.035 -1.88 0.00114453
0.035 -1.84 0.00116104
0.035 -1.8 0.00127645
0.035 -1.76 0.00151007
0.035 -1.72 0.00130733
0.035 -1.68 0.00140087
0.035 -1.64 0.00144908
0.035 -1.6 0.00140798
0.035 -1.56 0.0016779
0.035 -1.52 0.00172836
0.035 -1.48 0.0016109
0.035 -1.44 0.0016991
0.035 -1.4 0.00180448
0.035 -1.36 0.00182446
0.035 -1.32 0.0019907
0.035 -1.28 0.00198401
0.035 -1.24 0.00196298
0.035 -1.2 0.00205171
0.035 -1.16 0.00211592
0.035 -1.12 0.00219652
0.035 -1.08 0.00221288
0.035 -1.04 0.00226941
0.035 -1 0.00241119
0.035 -0.96 0.00244909
0.035 -0.92 0.00258258
0.035 -0.88 0.00253966
0.035 -0.84 0.00264575
0.035 -0.8 0.00274119
0.035 -0.76 0.00290821
0.035 -0.72 0.00293527
0.035 -0.68 0.00302566
0.035 -0.64 0.00313508
0.035 -0.6 0.00325513
0.035 -0.56 0.00340476
0.035 -0.52 0.00352176
0.035 -0.48 0.00376335
0.035 -0.44 0.00397637
0.035 -0.4 0.00421377
0.035 -0.36 0.00454343
0.035 -0.32 0.00479641
0.035 -0.28 0.00524976
0.035 -0.24 0.00567664
0.035 -0.2 0.00586061
0.035 -0.16 0.00533523
0.035 -0.12 0.00382913
0.035 -0.08 0.00247651
0.035 -0.04 0.00164899
0.035 0 0.00116589
0.035 0.04 0.000868951
0.035 0.08 0.000675375
0.035 0.12 0.000542316
0.035 0.16 0.000446762
0.035 0.2 0.00037564
0.035 0.24 0.00032113
0.035 0.28 0.000278339
0.035 0.32 0.00024404
0.035 0.36 0.000216085
0.035 0.4 0.000192937
0.035 0.44 0.000173538
0.035 0.48 0.000157094
0.035 0.52 0.000143016
0.035 0.56 0.000130852
0.035 0.6 0.000120269
0.035 0.64 0.000110982
0.035 0.68 0.000102793
0.035 0.72 9.55364e-05
0.035 0.76 8.90583e-05
0.035 0.8 8.32532e-05
0.035 0.84 7.8025e-05
0.035 0.88 7.33067e-05
0.035 0.92 6.9012e-05
0.035 0.96 6.51128e-05
0.035 1 0
0.035 1.04 0
0.035 1.08 0
0.035 1.12 0
0.035 1.16 0
0.035 1.2 0
0.035 1.24 0
0.035 1.28 0
0.035 1.32 0
0.035 1.36 0
0.035 1.4 0
0.035 1.44 0
0.035 1.48 0
0.035 1.52 0
0.035 1.56 0
0.035 1.6 0
0.035 1.64 0
0.035 1.68 0
0.035 1.72 0
0.035 1.76 0
0.035 1.8 0
0.035 1.84 0
0.035 1.88 0
0.035 1.92 0
0.035 1.96 0
0.035 2 0
0.035 2.04 0
0.035 2.08 0
0.035 2.12 0
0.035 2.16 0
0.035 2.2 0
0.035 2.24 0
0.035 2.28 0
0.035 2.32 0
0.035 2.36 0
0.035 2.4 0
0.035 2.44 0
0.035 2.48 0
0.035 2.52 0
0.035 2.56 0
0.035 2.6 0
0.035 2.64 0
0.035 2.68 0
0.035 2.72 0
0.035 2.76 0
0.035 2.8 0
0.035 2.84 0
0.035 2.88 0
0.035 2.92 0
0.035 2.96 0
0.035 3 0
0.04 -5 0.000102386
0.04 -4.96 0.000102386
0.04 -4.92 0.000102386
0.04 -4.88 0.000102386
0.04 -4.84 0.000102386
0.04 -4.8 0.000102386
0.04 -4.76 0.000102386
0.04 -4.72 0.000102386
0.04 -4.68 0.000102386
0.04 -4.64 0.000102386
0.04 -4.6 0.000102386
0.04 -4.56 0.000102386
0.04 -4.52 0.000102386
0.04 -4.48 0.000102386
0.04 -4.44 0.000102386
0.04 -4.4 0.000102386
0.04 -4.36 0.000102386
0.04 -4.32 0.000102386
0.04 -4.28 0.000102386
0.04 -4.24 0.000102386
0.04 -4.2 0.000102386
0.04 -4.16 0.000102386
0.04 -4.12 0.000102386
0.04 -4.08 0.000102386
0.04 -4.04 0.000102386
0.04 -4 0.000102386
0.04 -3.96 0.000102386
0.04 -3.92 0.000102386
0.04 -3.88 0.000102386
0.04 -3.84 0.000102386
0.04 -3.8 0.000102386
0.04 -3.76 0.000102386
0.04 -3.72 0.000102386
0.04 -3.68 0.000102386
0.04 -3.64 0.000102386
0.04 -3.6 0.000102386
0.04 -3.56 0.000102386
0.04 -3.52 0.000102386
0.04 -3.48 0.000102386
0.04 -3.44 0.000102386
0.04 -3.4 0.000102386
0.04 -3.36 0.000102386
0.04 -3.32 0.000102386
0.04 -3.28 0.000102386
0.04 -3.24 0.000102386
0.04 -3.2 0.000102386
0.04 -3.16 0.000102386
0.04 -3.12 0.000102386
0.04 -3.08 0.000102386
0.04 -3.04 0.000102386
0.04 -3 0.000102386
0.04 -2.96 0.000101448
0.04 -2.92 0.000121489
0.04 -2.88 0.000124055
0.04 -2.84 0.000122617
0.04 -2.8 0.00013206
0.04 -2.76 0.000129843
0.04 -2.72 0.000128389
0.04 -2.68 0.000143902
0.04 -2.64 0.000162882
0.04 -2.6 0.000210735
0.04 -2.56 0.000277831
0.04 -2.52 0.000303946
0.04 -2.48 0.000379484
0.04 -2.44 0.000452216
0.04 -2.4 0.000505805
0.04 -2.36 0.000568936
0.04 -2.32 0.000684524
0.04 -2.28 0.000701267
0.04 -2.24 0.000796778
0.04 -2.2 0.000826104
0.04 -2.16 0.000853136
0.04 -2.12 0.000952231
0.04 -2.08 0.000872395
0.04 -2.04 0.00104449
0.04 -2 0.0012141
0.04 -1.96 0.00108719
0.04 -1.92 0.00115632
0.04 -1.88 0.0011475
0.04 -1.84 0.00117383
0.04 -1.8 0.00126436
0.04 -1.76 0.00148577
0.04 -1.72 0.0013267
0.04 -1.68 0.00140232
0.04 -1.64 0.00145276
0.04 -1.6 0.0014356
0.04 -1.56 0.00168969
0.04 -1.52 0.00169896
0.04 -1.48 0.00162446
0.04 -1.44 0.00170807
0.04 -1.4 0.00178563
0.04 -1.36 0.00183369
0.04 -1.32 0.00199668
0.04 -1.28 0.00198527
0.04 -1.24 0.00195079
0.04 -1.2 0.00206085
0.04 -1.16 0.00212
0.04 -1.12 0.00222322
0.04 -1.08 0.00222401
0.04 -1.04 0.00227636
0.04 -1 0.00239208
0.04 -0.96 0.0024398
0.04 -0.92 0.00255922
0.04 -0.88 0.00252016
0.04 -0.84 0.00265533
0.04 -0.8 0.00272483
0.04 -0.76 0.00290449
0.04 -0.72 0.0029374
0.04 -0.68 0.00305575
0.04 -0.64 0.00311126
0.04 -0.6 0.00329513
0.04 -0.56 0.00338389
0.04 -0.52 0.00355179
0.04 -0.48 0.00375637
0.04 -0.44 0.00394793
0.04 -0.4 0.00421728
0.04 -0.36 0.00453075
0.04 -0.32 0.00480357
0.04 -0.28 0.00520845
0.04 -0.24 0.00563956
0.04 -0.2 0.00582263
0.04 -0.16 0.0052983
0.04 -0.12 0.00383233
0.04 -0.08 0.00248068
0.04 -0.04 0.00165061
0.04 0 0.00116611
0.04 0.04 0.00086858
0.04 0.08 0.000674814
0.04 0.12 0.000541726
0.04 0.16 0.000446205
0.04 0.2 0.000375136
0.04 0.24 0.000320681
0.04 0.28 0.000277942
0.04 0.32 0.00024369
0.04 0.36 0.000215775
0.04 0.4 0.000192662
0.04 0.44 0.000173294
0.04 0.48 0.000156875
0.04 0.52 0.00014282
0.04 0.56 0.000130676
0.04 0.6 0.000120109
0.04 0.64 0.000110838
0.04 0.68 0.000102662
0.04 0.72 9.54164e-05
0.04 0.76 8.89487e-05
0.04 0.8 8.31524e-05
0.04 0.84 7.79322e-05
0.04 0.88 7.32209e-05
0.04 0.92 6.8933e-05
0.04 0.96 6.50395e-05
0.04 1 0
0.04 1.04 0
0.04 1.08 0
0.04 1.12 0
0.04 1.16 0
0.04 1.2 0
0.04 1.24 0
0.04 1.28 0
0.04 1.32 0
0.04 1.36 0
0.04 1.4 0
0.04 1.44 0
0.04 1.48 0
0.04 1.52 0
0.04 1.56 0
0.04 1.6 0
0.04 1.64 0
0.04 1.68 0
0.04 1.72 0
0.04 1.76 0
0.04 1.8 0
0.04 1.84 0
0.04 1.88 0
0.04 1.92 0
0.04 1.96 0
0.04 2 0
0.04 2.04 0
0.04 2.08 0
0.04 2.12 0
0.04 2.16 0
0.04 2.2 0
0.04 2.24 0
0.04 2.28 0
0.04 2.32 0
0.04 2.36 0
0.04 2.4 0
0.04 2.44 0
0.04 2.48 0
0.04 2.52 0
0.04 2.56 0
0.04 2.6 0
0.04 2.64 0
0.04 2.68 0
0.04 2.72 0
0.04 2.76 0
0.04 2.8 0
0.04 2.84 0
0.04 2.88 0
0.04 2.92 0
0.04 2.96 0
0.04 3 0
0.045 -5 0.000102058
0.045 -4.96 0.000102058
0.045 -4.92 0.000102058
0.045 -4.88 0.000102058
0.045 -4.84 0.000102058
0.045 -4.8 0.000102058
0.045 -4.76 0.000102058
0.045 -4.72 0.000102058
0.045 -4.68 0.000102058
0.045 -4.64 0.000102058
0.045 -4.6 0.000102058
0.045 -4.56 0.000102058
0.045 -4.52 0.000102058
0.045 -4.48 0.000102058
0.045 -4.44 0.000102058
0.045 -4.4 0.000102058
0.045 -4.36 0.000102058
0.045 -4.32 0.000102058
0.045 -4.28 0.000102058
0.045 -4.24 0.000102058
0.045 -4.2 0.000102058
0.045 -4.16 0.000102058
0.045 -4.12 0.000102058
0.045 -4.08 0.000102058
0.045 -4.04 0.000102058
0.045 -4 0.000102058
0.045 -3.96 0.000102058
0.045 -3.92 0.000102058
0.045 -3.88 0.000102058
0.045 -3.84 0.000102058
0.045 -3.8 0.000102058
0.045 -3.76 0.000102058
0.045 -3.72 0.000102058
0.045 -3.68 0.000102058
0.045 -3.64 0.000102058
0.045 -3.6 0.000102058
0.045 -3.56 0.000102058
0.045 -3.52 0.000102058
0.045 -3.48 0.000102058
0.045 -3.44 0.000102058
0.045 -3.4 0.000102058
0.045 -3.36 0.000102058
0.045 -3.32 0.000102058
0.045 -3.28 0.000102058
0.045 -3.24 0.000102058
0.045 -3.2 0.000102058
0.045 -3.16 0.000102058
0.045 -3.12 0.000102058
0.045 -3.08 0.000102058
0.045 -3.04 0.000102058
0.045 -3 0.000102058
0.045 -2.96 0.000102651
0.045 -2.92 0.000120848
0.045 -2.88 0.000126426
0.045 -2.84 0.000119156
0.045 -2.8 0.000138993
0.045 -2.76 0.00013203
0.045 -2.72 0.000131424
0.045 -2.68 0.000146556
0.045 -2.64 0.000164296
0.045 -2.6 0.000211642
0.045 -2.56 0.000278252
0.045 -2.52 0.000308109
0.045 -2.48 0.000380577
0.045 -2.44 0.000452104
0.045 -2.4 0.000510564
0.045 -2.36 0.000574675
0.045 -2.32 0.000686471
0.045 -2.28 0.000703962
0.045 -2.24 0.000796129
0.045 -2.2 0.000824481
0.045 -2.16 0.00085551
0.045 -2.12 0.000957945
0.045 -2.08 0.000869778
0.045 -2.04 0.00105195
0.045 -2 0.00121887
0.045 -1.96 0.00106875
0.045 -1.92 0.00114519
0.045 -1.88 0.00115613
0.045 -1.84 0.00117968
0.045 -1.8 0.00127079
0.045 -1.76 0.00148027
0.045 -1.72 0.0013482
0.045 -1.68 0.00141035
0.045 -1.64 0.00144575
0.045 -1.6 0.00145839
0.045 -1.56 0.00167921
0.045 -1.52 0.00170063
0.045 -1.48 0.00162376
0.045 -1.44 0.00172537
0.045 -1.4 0.00177355
0.045 -1.36 0.00183388
0.045 -1.32 0.00199006
0.045 -1.28 0.00199681
0.045 -1.24 0.00195044
0.045 -1.2 0.0020574
0.045 -1.16 0.00212542
0.045 -1.12 0.00221007
0.045 -1.08 0.00224227
0.045 -1.04 0.00230392
0.045 -1 0.00238294
0.045 -0.96 0.00243844
0.045 -0.92 0.00251446
0.045 -0.88 0.00255899
0.045 -0.84 0.00265844
0.045 -0.8 0.00270641
0.045 -0.76 0.00287624
0.045 -0.72 0.00293367
0.045 -0.68 0.00306367
0.045 -0.64 0.00309255
0.045 -0.6 0.00332359
0.045 -0.56 0.00338239
0.045 -0.52 0.00358202
0.045 -0.48 0.00375235
0.045 -0.44 0.00392998
0.045 -0.4 0.0042138
0.045 -0.36 0.00448265
0.045 -0.32 0.00482446
0.045 -0.28 0.00519562
0.045 -0.24 0.00559264
0.045 -0.2 0.00577551
0.045 -0.16 0.00524784
0.045 -0.12 0.00383043
0.045 -0.08 0.00248529
0.045 -0.04 0.00165214
0.045 0 0.00116635
0.045 0.04 0.000868156
0.045 0.08 0.000674177
0.045 0.12 0.000541059
0.045 0.16 0.000445575
0.045 0.2 0.000374566
0.045 0.24 0.000320174
0.045 0.28 0.000277493
0.045 0.32 0.000243294
0.045 0.36 0.000215424
0.045 0.4 0.000192352
0.045 0.44 0.000173017
0.045 0.48 0.000156628
0.045 0.52 0.000142598
0.045 0.56 0.000130476
0.045 0.6 0.000119928
0.045 0.64 0.000110675
0.045 0.68 0.000102514
0.045 0.72 9.52808e-05
0.045 0.76 8.88247e-05
0.045 0.8 8.30385e-05
0.045 0.84 7.78273e-05
0.045 0.88 7.3124e-05
0.045 0.92 6.88437e-05
0.045 0.96 6.49566e-05
0.045 1 0
0.045 1.04 0
0.045 1.08 0
0.045 1.12 0
0.045 1.16 0
0.045 1.2 0
0.045 1.24 0
0.045 1.28 0
0.045 1.32 0
0.045 1.36 0
0.045 1.4 0
0.045 1.44 0
0.045 1.48 0
0.045 1.52 0
0.045 1.56 0
0.045 1.6 0
0.045 1.64 0
0.045 1.68 0
0.045 1.72 0
0.045 1.76 0
0.045 1.8 0
0.045 1.84 0
0.045 1.88 0
0.045 1.92 0
0.045 1.96 0
0.045 2 0
0.045 2.04 0
0.045 2.08 0
0.045 2.12 0
0.045 2.16 0
0.045 2.2 0
0.045 2.24 0
0.045 2.28 0
0.045 2.32 0
0.045 2.36 0
0.045 2.4 0
0.045 2.44 0
0.045 2.48 0
0.045 2.52 0
0.045 2.56 0
0.045 2.6 0
0.045 2.64 0
0.045 2.68 0
0.045 2.72 0
0.045 2.76 0
0.045 2.8 0
0.045 2.84 0
0.045 2.88 0
0.045 2.92 0
0.045 2.96 0
0.045 3 0
0.05 -5 0.00010154
0.05 -4.96 0.00010154
0.05 -4.92 0.00010154
0.05 -4.88 0.00010154
0.05 -4.84 0.00010154
0.05 -4.8 0.00010154
0.05 -4.76 0.00010154
0.05 -4.72 0.00010154
0.05 -4.68 0.00010154
0.05 -4.64 0.00010154
0.05 -4.6 0.00010154
0.05 -4.56 0.00010154
0.05 -4.52 0.00010154
0.05 -4.48 0.00010154
0.05 -4.44 0.00010154
0.05 -4.4 0.00010154
0.05 -4.36 0.00010154
0.05 -4.32 0.00010154
0.05 -4.28 0.00010154
0.05 -4.24 0.00010154
0.05 -4.2 0.00010154
0.05 -4.16 0.00010154
0.05 -4.12 0.00010154
0.05 -4.08 0.00010154
0.05 -4.04 0.00010154
0.05 -4 0.00010154
0.05 -3.96 0.00010154
0.05 -3.92 0.00010154
0.05 -3.88 0.00010154
0.05 -3.84 0.00010154
0.05 -3.8 0.00010154
0.05 -3.76 0.00010154
0.05 -3.72 0.00010154
0.05 -3.68 0.00010154
0.05 -3.64 0.00010154
0.05 -3.6 0.00010154
0.05 -3.56 0.00010154
0.05 -3.52 0.00010154
0.05 -3.48 0.00010154
0.05 -3.44 0.00010154
0.05 -3.4 0.00010154
0.05 -3.36 0.00010154
0.05 -3.32 0.00010154
0.05 -3.28 0.00010154
0.05 -3.24 0.00010154
0.05 -3.2 0.00010154
0.05 -3.16 0.00010154
0.05 -3.12 0.00010154
0.05 -3.08 0.00010154
0.05 -3.04 0.00010154
0.05 -3 0.00010154
0.05 -2.96 0.000105002
0.05 -2.92 0.000121318
0.05 -2.88 0.00012837
0.05 -2.84 0.000121009
0.05 -2.8 0.000140697
0.05 -2.76 0.000133739
0.05 -2.72 0.000136779
0.05 -2.68 0.000145054
0.05 -2.64 0.00016798
0.05 -2.6 0.000217313
0.05 -2.56 0.00027367
0.05 -2.52 0.000305886
0.05 -2.48 0.000379905
0.05 -2.44 0.000453395
0.05 -2.4 0.000519719
0.05 -2.36 0.000576478
0.05 -2.32 0.000689284
0.05 -2.28 0.000708011
0.05 -2.24 0.000794893
0.05 -2.2 0.000825659
0.05 -2.16 0.000855974
0.05 -2.12 0.000955327
0.05 -2.08 0.000870456
0.05 -2.04 0.00104188
0.05 -2 0.00123309
0.05 -1.96 0.00104593
0.05 -1.92 0.00111888
0.05 -1.88 0.0011547
0.05 -1.84 0.00117383
0.05 -1.8 0.0012824
0.05 -1.76 0.00149195
0.05 -1.72 0.00134421
0.05 -1.68 0.00140804
0.05 -1.64 0.00143187
0.05 -1.6 0.00146128
0.05 -1.56 0.00166955
0.05 -1.52 0.00173795
0.05 -1.48 0.001617
0.05 -1.44 0.00174772
0.05 -1.4 0.00177452
0.05 -1.36 0.00182906
0.05 -1.32 0.00199849
0.05 -1.28 0.00200829
0.05 -1.24 0.00197348
0.05 -1.2 0.00206574
0.05 -1.16 0.00213415
0.05 -1.12 0.00216595
0.05 -1.08 0.00225979
0.05 -1.04 0.00233569
0.05 -1 0.00239635
0.05 -0.96 0.00244353
0.05 -0.92 0.00249798
0.05 -0.88 0.00261813
0.05 -0.84 0.00265816
0.05 -0.8 0.0027145
0.05 -0.76 0.00286476
0.05 -0.72 0.00294531
0.05 -0.68 0.00305
0.05 -0.64 0.00310443
0.05 -0.6 0.00330727
0.05 -0.56 0.00341126
0.05 -0.52 0.00356075
0.05 -0.48 0.003761
0.05 -0.44 0.00394832
0.05 -0.4 0.0042095
0.05 -0.36 0.00445796
0.05 -0.32 0.00483788
0.05 -0.28 0.00521224
0.05 -0.24 0.00555034
0.05 -0.2 0.00571401
0.05 -0.16 0.00519588
0.05 -0.12 0.00382281
0.05 -0.08 0.0024899
0.05 -0.04 0.001654
0.05 0 0.0011666
0.05 0.04 0.00086768
0.05 0.08 0.000673465
0.05 0.12 0.000540313
0.05 0.16 0.000444872
0.05 0.2 0.000373929
0.05 0.24 0.000319608
0.05 0.28 0.000276993
0.05 0.32 0.000242852
0.05 0.36 0.000215033
0.05 0.4 0.000192005
0.05 0.44 0.000172708
0.05 0.48 0.000156353
0.05 0.52 0.000142351
0.05 0.56 0.000130253
0.05 0.6 0.000119727
0.05 0.64 0.000110493
0.05 0.68 0.000102348
0.05 0.72 9.51297e-05
0.05 0.76 8.86865e-05
0.05 0.8 8.29114e-05
0.05 0.84 7.77103e-05
0.05 0.88 7.30158e-05
0.05 0.92 6.87441e-05
0.05 0.96 6.48642e-05
0.05 1 0
0.05 1.04 0
0.05 1.08 0
0.05 1.12 0
0.05 1.16 0
0.05 1.2 0
0.05 1.24 0
0.05 1.28 0
0.05 1.32 0
0.05 1.36 0
0.05 1.4 0
0.05 1.44 0
0.05 1.48 0
0.05 1.52 0
0.05 1.56 0
0.05 1.6 0
0.05 1.64 0
0.05 1.68 0
0.05 1.72 0
0.05 1.76 0
0.05 1.8 0
0.05 1.84 0
0.05 1.88 0
0.05 1.92 0
0.05 1.96 0
0.05 2 0
0.05 2.04 0
0.05 2.08 0
0.05 2.12 0
0.05 2.16 0
0.05 2.2 0
0.05 2.24 0
0.05 2.28 0
0.05 2.32 0
0.05 2.36 0
0.05 2.4 0
0.05 2.44 0
0.05 2.48 0
0.05 2.52 0
0.05 2.56 0
0.05 2.6 0
0.05 2.64 0
0.05 2.68 0
0.05 2.72 0
0.05 2.76 0
0.05 2.8 0
0.05 2.84 0
0.05 2.88 0
0.05 2.92 0
0.05 2.96 0
0.05 3 0
0.055 -5 0.00010118
0.055 -4.96 0.00010118
0.055 -4.92 0.00010118
0.055 -4.88 0.00010118
0.055 -4.84 0.00010118
0.055 -4.8 0.00010118
0.055 -4.76 0.00010118
0.055 -4.72 0.00010118
0.055 -4.68 0.00010118
0.055 -4.64 0.00010118
0.055 -4.6 0.00010118
0.055 -4.56 0.00010118
0.055 -4.52 0.00010118
0.055 -4.48 0.00010118
0.055 -4.44 0.00010118
0.055 -4.4 0.00010118
0.055 -4.36 0.00010118
0.055 -4.32 0.00010118
0.055 -4.28 0.00010118
0.055 -4.24 0.00010118
0.055 -4.2 0.00010118
0.055 -4.16 0.00010118
0.055 -4.12 0.00010118
0.055 -4.08 0.00010118
0.055 -4.04 0.00010118
0.055 -4 0.00010118
0.055 -3.96 0.00010118
0.055 -3.92 0.00010118
0.055 -3.88 0.00010118
0.055 -3.84 0.00010118
0.055 -3.8 0.00010118
0.055 -3.76 0.00010118
0.055 -3.72 0.00010118
0.055 -3.68 0.00010118
0.055 -3.64 0.00010118
0.055 -3.6 0.00010118
0.055 -3.56 0.00010118
0.055 -3.52 0.00010118
0.055 -3.48 0.00010118
0.055 -3.44 0.00010118
0.055 -3.4 0.00010118
0.055 -3.36 0.00010118
0.055 -3.32 0.00010118
0.055 -3.28 0.00010118
0.055 -3.24 0.00010118
0.055 -3.2 0.00010118
0.055 -3.16 0.00010118
0.055 -3.12 0.00010118
0.055 -3.08 0.00010118
0.055 -3.04 0.00010118
0.055 -3 0.00010118
0.055 -2.96 0.000106545
0.055 -2.92 0.000119446
0.055 -2.88 0.000128859
0.055 -2.84 0.000128858
0.055 -2.8 0.000135025
0.055 -2.76 0.000132214
0.055 -2.72 0.000136555
0.055 -2.68 0.000140695
0.055 -2.64 0.000171424
0.055 -2.6 0.000218553
0.055 -2.56 0.000270355
0.055 -2.52 0.000301354
0.055 -2.48 0.000378075
0.055 -2.44 0.000454844
0.055 -2.4 0.000520109
0.055 -2.36 0.000576448
0.055 -2.32 0.000690211
0.055 -2.28 0.000709965
0.055 -2.24 0.000794576
0.055 -2.2 0.000828774
0.055 -2.16 0.000856821
0.055 -2.12 0.000954229
0.055 -2.08 0.000872667
0.055 -2.04 0.00103339
0.055 -2 0.00124373
0.055 -1.96 0.00104932
0.055 -1.92 0.00112208
0.055 -1.88 0.00114446
0.055 -1.84 0.00115759
0.055 -1.8 0.00130296
0.055 -1.76 0.00150687
0.055 -1.72 0.00132694
0.055 -1.68 0.00139428
0.055 -1.64 0.00142394
0.055 -1.6 0.00145607
0.055 -1.56 0.00168257
0.055 -1.52 0.00175744
0.055 -1.48 0.00162048
0.055 -1.44 0.00175113
0.055 -1.4 0.00177519
0.055 -1.36 0.00183386
0.055 -1.32 0.00200993
0.055 -1.28 0.002014
0.055 -1.24 0.00199801
0.055 -1.2 0.00209081
0.055 -1.16 0.00213566
0.055 -1.12 0.00215128
0.055 -1.08 0.00226277
0.055 -1.04 0.00234737
0.055 -1 0.00241884
0.055 -0.96 0.00244048
0.055 -0.92 0.0025166
0.055 -0.88 0.0026244
0.055 -0.84 0.00266285
0.055 -0.8 0.00273182
0.055 -0.76 0.00287817
0.055 -0.72 0.00296663
0.055 -0.68 0.00304384
0.055 -0.64 0.00313107
0.055 -0.6 0.00326849
0.055 -0.56 0.00343992
0.055 -0.52 0.00350833
0.055 -0.48 0.0037686
0.055 -0.44 0.00396845
0.055 -0.4 0.0042024
0.055 -0.36 0.0044731
0.055 -0.32 0.00483404
0.055 -0.28 0.00521691
0.055 -0.24 0.00552052
0.055 -0.2 0.00564348
0.055 -0.16 0.00514754
0.055 -0.12 0.00381484
0.055 -0.08 0.00249448
0.055 -0.04 0.00165638
0.055 0 0.00116687
0.055 0.04 0.000867152
0.055 0.08 0.000672678
0.055 0.12 0.00053949
0.055 0.16 0.000444096
0.055 0.2 0.000373227
0.055 0.24 0.000318984
0.055 0.28 0.000276441
0.055 0.32 0.000242365
0.055 0.36 0.000214602
0.055 0.4 0.000191623
0.055 0.44 0.000172369
0.055 0.48 0.000156049
0.055 0.52 0.000142079
0.055 0.56 0.000130008
0.055 0.6 0.000119505
0.055 0.64 0.000110293
0.055 0.68 0.000102166
0.055 0.72 9.49631e-05
0.055 0.76 8.85342e-05
0.055 0.8 8.27714e-05
0.055 0.84 7.75814e-05
0.055 0.88 7.28967e-05
0.055 0.92 6.86343e-05
0.055 0.96 6.47623e-05
0.055 1 0
0.055 1.04 0
0.055 1.08 0
0.055 1.12 0
0.055 1.16 0
0.055 1.2 0
0.055 1.24 0
0.055 1.28 0
0.055 1.32 0
0.055 1.36 0
0.055 1.4 0
0.055 1.44 0
0.055 1.48 0
0.055 1.52 0
0.055 1.56 0
0.055 1.6 0
0.055 1.64 0
0.055 1.68 0
0.055 1.72 0
0.055 1.76 0
0.055 1.8 0
0.055 1.84 0
0.055 1.88 0
0.055 1.92 0
0.055 1.96 0
0.055 2 0
0.055 2.04 0
0.055 2.08 0
0.055 2.12 0
0.055 2.16 0
0.055 2.2 0
0.055 2.24 0
0.055 2.28 0
0.055 2.32 0
0.055 2.36 0
0.055 2.4 0
0.055 2.44 0
0.055 2.48 0
0.055 2.52 0
0.055 2.56 0
0.055 2.6 0
0.055 2.64 0
0.055 2.68 0
0.055 2.72 0
0.055 2.76 0
0.055 2.8 0
0.055 2.84 0
0.055 2.88 0
0.055 2.92 0
0.055 2.96 0
0.055 3 0
0.06 -5 0.00010095
0.06 -4.96 0.00010095
0.06 -4.92 0.00010095
0.06 -4.88 0.00010095
0.06 -4.84 0.00010095
0.06 -4.8 0.00010095
0.06 -4.76 0.00010095
0.06 -4.72 0.00010095
0.06 -4.68 0.00010095
0.06 -4.64 0.00010095
0.06 -4.6 0.00010095
0.06 -4.56 0.00010095
0.06 -4.52 0.00010095
0.06 -4.48 0.00010095
0.06 -4.44 0.00010095
0.06 -4.4 0.00010095
0.06 -4.36 0.00010095
0.06 -4.32 0.00010095
0.06 -4.28 0.00010095
0.06 -4.24 0.00010095
0.06 -4.2 0.00010095
0.06 -4.16 0.00010095
0.06 -4.12 0.00010095
0.06 -4.08 0.00010095
0.06 -4.04 0.00010095
0.06 -4 0.00010095
0.06 -3.96 0.00010095
0.06 -3.92 0.00010095
0.06 -3.88 0.00010095
0.06 -3.84 0.00010095
0.06 -3.8 0.00010095
0.06 -3.76 0.00010095
0.06 -3.72 0.00010095
0.06 -3.68 0.00010095
0.06 -3.64 0.00010095
0.06 -3.6 0.00010095
0.06 -3.56 0.00010095
0.06 -3.52 0.00010095
0.06 -3.48 0.00010095
0.06 -3.44 0.00010095
0.06 -3.4 0.00010095
0.06 -3.36 0.00010095
0.06 -3.32 0.00010095
0.06 -3.28 0.00010095
0.06 -3.24 0.00010095
0.06 -3.2 0.00010095
0.06 -3.16 0.00010095
0.06 -3.12 0.00010095
0.06 -3.08 0.00010095
0.06 -3.04 0.00010095
0.06 -3 0.00010095
0.06 -2.96 0.000106587
0.06 -2.92 0.000117379
0.06 -2.88 0.000127953
0.06 -2.84 0.000137362
0.06 -2.8 0.000128472
0.06 -2.76 0.000128119
0.06 -2.72 0.000131094
0.06 -2.68 0.000142299
0.06 -2.64 0.000171457
0.06 -2.6 0.000216889
0.06 -2.56 0.000272292
0.06 -2.52 0.000300051
0.06 -2.48 0.000375007
0.06 -2.44 0.000455149
0.06 -2.4 0.000512449
0.06 -2.36 0.00057654
0.06 -2.32 0.000689265
0.06 -2.28 0.000709219
0.06 -2.24 0.000793191
0.06 -2.2 0.000830244
0.06 -2.16 0.000857183
0.06 -2.12 0.000960228
0.06 -2.08 0.00087079
0.06 -2.04 0.00103925
0.06 -2 0.00124705
0.06 -1.96 0.00107988
0.06 -1.92 0.00115165
0.06 -1.88 0.00114393
0.06 -1.84 0.00113618
0.06 -1.8 0.00133006
0.06 -1.76 0.00151932
0.06 -1.72 0.00132746
0.06 -1.68 0.00138635
0.06 -1.64 0.00142988
0.06 -1.6 0.00146054
0.06 -1.56 0.00170502
0.06 -1.52 0.0017339
0.06 -1.48 0.00163523
0.06 -1.44 0.00173718
0.06 -1.4 0.00176484
0.06 -1.36 0.00185157
0.06 -1.32 0.00199987
0.06 -1.28 0.00201071
0.06 -1.24 0.00200878
0.06 -1.2 0.00210824
0.06 -1.16 0.00212193
0.06 -1.12 0.00218093
0.06 -1.08 0.00226186
0.06 -1.04 0.0023275
0.06 -1 0.00242811
0.06 -0.96 0.00243523
0.06 -0.92 0.00252929
0.06 -0.88 0.00258311
0.06 -0.84 0.00267771
0.06 -0.8 0.00273681
0.06 -0.76 0.0028921
0.06 -0.72 0.00297704
0.06 -0.68 0.00304933
0.06 -0.64 0.00314078
0.06 -0.6 0.00325594
0.06 -0.56 0.00343715
0.06 -0.52 0.00349925
0.06 -0.48 0.00375746
0.06 -0.44 0.0039625
0.06 -0.4 0.00419529
0.06 -0.36 0.0044919
0.06 -0.32 0.00481477
0.06 -0.28 0.00518681
0.06 -0.24 0.00549012
0.06 -0.2 0.00557229
0.06 -0.16 0.00509731
0.06 -0.12 0.00381069
0.06 -0.08 0.0024994
0.06 -0.04 0.00165891
0.06 0 0.00116716
0.06 0.04 0.000866569
0.06 0.08 0.000671816
0.06 0.12 0.000538589
0.06 0.16 0.000443248
0.06 0.2 0.000372461
0.06 0.24 0.000318303
0.06 0.28 0.000275839
0.06 0.32 0.000241834
0.06 0.36 0.000214132
0.06 0.4 0.000191206
0.06 0.44 0.000171997
0.06 0.48 0.000155717
0.06 0.52 0.000141781
0.06 0.56 0.000129741
0.06 0.6 0.000119263
0.06 0.64 0.000110074
0.06 0.68 0.000101967
0.06 0.72 9.47812e-05
0.06 0.76 8.83679e-05
0.06 0.8 8.26185e-05
0.06 0.84 7.74406e-05
0.06 0.88 7.27666e-05
0.06 0.92 6.85145e-05
0.06 0.96 6.46511e-05
0.06 1 0
0.06 1.04 0
0.06 1.08 0
0.06 1.12 0
0.06 1.16 0
0.06 1.2 0
0.06 1.24 0
0.06 1.28 0
0.06 1.32 0
0.06 1.36 0
0.06 1.4 0
0.06 1.44 0
0.06 1.48 0
0.06 1.52 0
0.06 1.56 0
0.06 1.6 0
0.06 1.64 0
0.06 1.68 0
0.06 1.72 0
0.06 1.76 0
0.06 1.8 0
0.06 1.84 0
0.06 1.88 0
0.06 1.92 0
0.06 1.96 0
0.06 2 0
0.06 2.04 0
0.06 2.08 0
0.06 2.12 0
0.06 2.16 0
0.06 2.2 0
0.06 2.24 0
0.06 2.28 0
0.06 2.32 0
0.06 2.36 0
0.06 2.4 0
0.06 2.44 0
0.06 2.48 0
0.06 2.52 0
0.06 2.56 0
0.06 2.6 0
0.06 2.64 0
0.06 2.68 0
0.06 2.72 0
0.06 2.76 0
0.06 2.8 0
0.06 2.84 0
0.06 2.88 0
0.06 2.92 0
0.06 2.96 0
0.06 3 0
0.065 -5 0.0001015
0.065 -4.96 0.0001015
0.065 -4.92 0.0001015
0.065 -4.88 0.0001015
0.065 -4.84 0.0001015
0.065 -4.8 0.0001015
0.065 -4.76 0.0001015
0.065 -4.72 0.0001015
0.065 -4.68 0.0001015
0.065 -4.64 0.0001015
0.065 -4.6 0.0001015
0.065 -4.56 0.0001015
0.065 -4.52 0.0001015
0.065 -4.48 0.0001015
0.065 -4.44 0.0001015
0.065 -4.4 0.0001015
0.065 -4.36 0.0001015
0.065 -4.32 0.0001015
0.065 -4.28 0.0001015
0.065 -4.24 0.0001015
0.065 -4.2 0.0001015
0.065 -4.16 0.0001015
0.065 -4.12 0.0001015
0.065 -4.08 0.0001015
0.065 -4.04 0.0001015
0.065 -4 0.0001015
0.065 -3.96 0.0001015
0.065 -3.92 0.0001015
0.065 -3.88 0.0001015
0.065 -3.84 0.0001015
0.065 -3.8 0.0001015
0.065 -3.76 0.0001015
0.065 -3.72 0.0001015
0.065 -3.68 0.0001015
0.065 -3.64 0.0001015
0.065 -3.6 0.0001015
0.065 -3.56 0.0001015
0.065 -3.52 0.0001015
0.065 -3.48 0.0001015
0.065 -3.44 0.0001015
0.065 -3.4 0.0001015
0.065 -3.36 0.0001015
0.065 -3.32 0.0001015
0.065 -3.28 0.0001015
0.065 -3.24 0.0001015
0.065 -3.2 0.0001015
0.065 -3.16 0.0001015
0.065 -3.12 0.0001015
0.065 -3.08 0.0001015
0.065 -3.04 0.0001015
0.065 -3 0.0001015
0.065 -2.96 0.00010567
0.065 -2.92 0.000119275
0.065 -2.88 0.000126775
0.065 -2.84 0.000141407
0.065 -2.8 0.000128849
0.065 -2.76 0.000126103
0.065 -2.72 0.000128498
0.065 -2.68 0.000151074
0.065 -2.64 0.000168027
0.065 -2.6 0.00021982
0.065 -2.56 0.000275045
0.065 -2.52 0.00030218
0.065 -2.48 0.000371248
0.065 -2.44 0.000453973
0.065 -2.4 0.000509712
0.065 -2.36 0.000575808
0.065 -2.32 0.000690158
0.065 -2.28 0.000707652
0.065 -2.24 0.000788565
0.065 -2.2 0.000831091
0.065 -2.16 0.000856415
0.065 -2.12 0.000967351
0.065 -2.08 0.000866671
0.065 -2.04 0.00104662
0.065 -2 0.00125018
0.065 -1.96 0.00110965
0.065 -1.92 0.00115895
0.065 -1.88 0.00116201
0.065 -1.84 0.00111618
0.065 -1.8 0.00134319
0.065 -1.76 0.00153452
0.065 -1.72 0.00134924
0.065 -1.68 0.00139424
0.065 -1.64 0.00144574
0.065 -1.6 0.00147142
0.065 -1.56 0.00171212
0.065 -1.52 0.00170762
0.065 -1.48 0.00164705
0.065 -1.44 0.00173443
0.065 -1.4 0.00175421
0.065 -1.36 0.00186546
0.065 -1.32 0.00197874
0.065 -1.28 0.00199565
0.065 -1.24 0.00201917
0.065 -1.2 0.00210351
0.065 -1.16 0.00210085
0.065 -1.12 0.00220119
0.065 -1.08 0.00228069
0.065 -1.04 0.00229577
0.065 -1 0.00242228
0.065 -0.96 0.00244817
0.065 -0.92 0.00251557
0.065 -0.88 0.00257233
0.065 -0.84 0.00269899
0.065 -0.8 0.0027425
0.065 -0.76 0.00289013
0.065 -0.72 0.00297432
0.065 -0.68 0.00304284
0.065 -0.64 0.00313085
0.065 -0.6 0.00328087
0.065 -0.56 0.00341793
0.065 -0.52 0.00355289
0.065 -0.48 0.0037361
0.065 -0.44 0.0039526
0.065 -0.4 0.00420156
0.065 -0.36 0.00448687
0.065 -0.32 0.00479337
0.065 -0.28 0.00514549
0.065 -0.24 0.00543983
0.065 -0.2 0.00550142
0.065 -0.16 0.00504033
0.065 -0.12 0.00380779
0.065 -0.08 0.00250491
0.065 -0.04 0.00166134
0.065 0 0.00116746
0.065 0.04 0.000865931
0.065 0.08 0.000670878
0.065 0.12 0.000537611
0.065 0.16 0.000442329
0.065 0.2 0.00037163
0.065 0.24 0.000317565
0.065 0.28 0.000275186
0.065 0.32 0.000241258
0.065 0.36 0.000213623
0.065 0.4 0.000190755
0.065 0.44 0.000171596
0.065 0.48 0.000155358
0.065 0.52 0.000141459
0.065 0.56 0.000129451
0.065 0.6 0.000119001
0.065 0.64 0.000109837
0.065 0.68 0.000101751
0.065 0.72 9.45842e-05
0.065 0.76 8.81878e-05
0.065 0.8 8.24529e-05
0.065 0.84 7.72882e-05
0.065 0.88 7.26257e-05
0.065 0.92 6.83846e-05
0.065 0.96 6.45306e-05
0.065 1 0
0.065 1.04 0
0.065 1.08 0
0.065 1.12 0
0.065 1.16 0
0.065 1.2 0
0.065 1.24 0
0.065 1.28 0
0.065 1.32 0
0.065 1.36 0
0.065 1.4 0
0.065 1.44 0
0.065 1.48 0
0.065 1.52 0
0.065 1.56 0
0.065 1.6 0
0.065 1.64 0
0.065 1.68 0
0.065 1.72 0
0.065 1.76 0
0.065 1.8 0
0.065 1.84 0
0.065 1.88 0
0.065 1.92 0
0.065 1.96 0
0.065 2 0
0.065 2.04 0
0.065 2.08 0
0.065 2.12 0
0.065 2.16 0
0.065 2.2 0
0.065 2.24 0
0.065 2.28 0
0.065 2.32 0
0.065 2.36 0
0.065 2.4 0
0.065 2.44 0
0.065 2.48 0
0.065 2.52 0
0.065 2.56 0
0.065 2.6 0
0.065 2.64 0
0.065 2.68 0
0.065 2.72 0
0.065 2.76 0
0.065 2.8 0
0.065 2.84 0
0.065 2.88 0
0.065 2.92 0
0.065 2.96 0
0.065 3 0
0.07 -5 0.000103429
0.07 -4.96 0.000103429
0.07 -4.92 0.000103429
0.07 -4.88 0.000103429
0.07 -4.84 0.000103429
0.07 -4.8 0.000103429
0.07 -4.76 0.000103429
0.07 -4.72 0.000103429
0.07 -4.68 0.000103429
0.07 -4.64 0.000103429
0.07 -4.6 0.000103429
0.07 -4.56 0.000103429
0.07 -4.52 0.000103429
0.07 -4.48 0.000103429
0.07 -4.44 0.000103429
0.07 -4.4 0.000103429
0.07 -4.36 0.000103429
0.07 -4.32 0.000103429
0.07 -4.28 0.000103429
0.07 -4.24 0.000103429
0.07 -4.2 0.000103429
0.07 -4.16 0.000103429
0.07 -4.12 0.000103429
0.07 -4.08 0.000103429
0.07 -4.04 0.000103429
0.07 -4 0.000103429
0.07 -3.96 0.000103429
0.07 -3.92 0.000103429
0.07 -3.88 0.000103429
0.07 -3.84 0.000103429
0.07 -3.8 0.000103429
0.07 -3.76 0.000103429
0.07 -3.72 0.000103429
0.07 -3.68 0.000103429
0.07 -3.64 0.000103429
0.07 -3.6 0.000103429
0.07 -3.56 0.000103429
0.07 -3.52 0.000103429
0.07 -3.48 0.000103429
0.07 -3.44 0.000103429
0.07 -3.4 0.000103429
0.07 -3.36 0.000103429
0.07 -3.32 0.000103429
0.07 -3.28 0.000103429
0.07 -3.24 0.000103429
0.07 -3.2 0.000103429
0.07 -3.16 0.000103429
0.07 -3.12 0.000103429
0.07 -3.08 0.000103429
0.07 -3.04 0.000103429
0.07 -3 0.000103429
0.07 -2.96 0.000104582
0.07 -2.92 0.000122287
0.07 -2.88 0.000125713
0.07 -2.84 0.000142034
0.07 -2.8 0.000136069
0.07 -2.76 0.000129589
0.07 -2.72 0.000131628
0.07 -2.68 0.000156366
0.07 -2.64 0.000164938
0.07 -2.6 0.000224783
0.07 -2.56 0.000274022
0.07 -2.52 0.000305748
0.07 -2.48 0.000368361
0.07 -2.44 0.000452404
0.07 -2.4 0.000513953
0.07 -2.36 0.000573754
0.07 -2.32 0.000694709
0.07 -2.28 0.000706126
0.07 -2.24 0.000782095
0.07 -2.2 0.000835686
0.07 -2.16 0.000857278
0.07 -2.12 0.000968384
0.07 -2.08 0.000867298
0.07 -2.04 0.00103967
0.07 -2 0.00125347
0.07 -1.96 0.00111839
0.07 -1.92 0.00113947
0.07 -1.88 0.0011818
0.07 -1.84 0.00110454
0.07 -1.8 0.00133334
0.07 -1.76 0.0015518
0.07 -1.72 0.00136681
0.07 -1.68 0.00140842
0.07 -1.64 0.0014627
0.07 -1.6 0.00147432
0.07 -1.56 0.00170892
0.07 -1.52 0.00171181
0.07 -1.48 0.00164776
0.07 -1.44 0.00174992
0.07 -1.4 0.00176038
0.07 -1.36 0.00186134
0.07 -1.32 0.00197705
0.07 -1.28 0.00197317
0.07 -1.24 0.00203876
0.07 -1.2 0.00209486
0.07 -1.16 0.0020868
0.07 -1.12 0.00217857
0.07 -1.08 0.00231464
0.07 -1.04 0.00228969
0.07 -1 0.00241896
0.07 -0.96 0.00247031
0.07 -0.92 0.00250848
0.07 -0.88 0.00262093
0.07 -0.84 0.00271928
0.07 -0.8 0.00276395
0.07 -0.76 0.00288003
0.07 -0.72 0.00297272
0.07 -0.68 0.00302485
0.07 -0.64 0.00312649
0.07 -0.6 0.00330741
0.07 -0.56 0.00342052
0.07 -0.52 0.0036007
0.07 -0.48 0.00373275
0.07 -0.44 0.00396278
0.07 -0.4 0.00422833
0.07 -0.36 0.00447485
0.07 -0.32 0.00479296
0.07 -0.28 0.00512011
0.07 -0.24 0.00537293
0.07 -0.2 0.00542474
0.07 -0.16 0.0049789
0.07 -0.12 0.00380041
0.07 -0.08 0.00251064
0.07 -0.04 0.00166394
0.07 0 0.00116776
0.07 0.04 0.000865237
0.07 0.08 0.000669865
0.07 0.12 0.000536557
0.07 0.16 0.000441338
0.07 0.2 0.000370735
0.07 0.24 0.00031677
0.07 0.28 0.000274484
0.07 0.32 0.000240638
0.07 0.36 0.000213075
0.07 0.4 0.000190269
0.07 0.44 0.000171163
0.07 0.48 0.000154972
0.07 0.52 0.000141112
0.07 0.56 0.000129139
0.07 0.6 0.000118719
0.07 0.64 0.000109582
0.07 0.68 0.000101519
0.07 0.72 9.43723e-05
0.07 0.76 8.7994e-05
0.07 0.8 8.22747e-05
0.07 0.84 7.71241e-05
0.07 0.88 7.24741e-05
0.07 0.92 6.82449e-05
0.07 0.96 6.44009e-05
0.07 1 0
0.07 1.04 0
0.07 1.08 0
0.07 1.12 0
0.07 1.16 0
0.07 1.2 0
0.07 1.24 0
0.07 1.28 0
0.07 1.32 0
0.07 1.36 0
0.07 1.4 0
0.07 1.44 0
0.07 1.48 0
0.07 1.52 0
0.07 1.56 0
0.07 1.6 0
0.07 1.64 0
0.07 1.68 0
0.07 1.72 0
0.07 1.76 0
0.07 1.8 0
0.07 1.84 0
0.07 1.88 0
0.07 1.92 0
0.07 1.96 0
0.07 2 0
0.07 2.04 0
0.07 2.08 0
0.07 2.12 0
0.07 2.16 0
0.07 2.2 0
0.07 2.24 0
0.07 2.28 0
0.07 2.32 0
0.07 2.36 0
0.07 2.4 0
0.07 2.44 0
0.07 2.48 0
0.07 2.52 0
0.07 2.56 0
0.07 2.6 0
0.07 2.64 0
0.07 2.68 0
0.07 2.72 0
0.07 2.76 0
0.07 2.8 0
0.07 2.84 0
0.07 2.88 0
0.07 2.92 0
0.07 2.96 0
0.07 3 0
0.075 -5 0.00010559
0.075 -4.96 0.00010559
0.075 -4.92 0.00010559
0.075 -4.88 0.00010559
0.075 -4.84 0.00010559
0.075 -4.8 0.00010559
0.075 -4.76 0.00010559
0.075 -4.72 0.00010559
0.075 -4.68 0.00010559
0.075 -4.64 0.00010559
0.075 -4.6 0.00010559
0.075 -4.56 0.00010559
0.075 -4.52 0.00010559
0.075 -4.48 0.00010559
0.075 -4.44 0.00010559
0.075 -4.4 0.00010559
0.075 -4.36 0.00010559
0.075 -4.32 0.00010559
0.075 -4.28 0.00010559
0.075 -4.24 0.00010559
0.075 -4.2 0.00010559
0.075 -4.16 0.00010559
0.075 -4.12 0.00010559
0.075 -4.08 0.00010559
0.075 -4.04 0.00010559
0.075 -4 0.00010559
0.075 -3.96 0.00010559
0.075 -3.92 0.00010559
0.075 -3.88 0.00010559
0.075 -3.84 0.00010559
0.075 -3.8 0.00010559
0.075 -3.76 0.00010559
0.075 -3.72 0.00010559
0.075 -3.68 0.00010559
0.075 -3.64 0.00010559
0.075 -3.6 0.00010559
0.075 -3.56 0.00010559
0.075 -3.52 0.00010559
0.075 -3.48 0.00010559
0.075 -3.44 0.00010559
0.075 -3.4 0.00010559
0.075 -3.36 0.00010559
0.075 -3.32 0.00010559
0.075 -3.28 0.00010559
0.075 -3.24 0.00010559
0.075 -3.2 0.00010559
0.075 -3.16 0.00010559
0.075 -3.12 0.00010559
0.075 -3.08 0.00010559
0.075 -3.04 0.00010559
0.075 -3 0.00010559
0.075 -2.96 0.000103807
0.075 -2.92 0.000119871
0.075 -2.88 0.000124196
0.075 -2.84 0.000143689
0.075 -2.8 0.000142483
0.075 -2.76 0.000136195
0.075 -2.72 0.000135302
0.075 -2.68 0.000151448
0.075 -2.64 0.000165851
0.075 -2.6 0.000222319
0.075 -2.56 0.00027176
0.075 -2.52 0.00030992
0.075 -2.48 0.000366539
0.075 -2.44 0.000452151
0.075 -2.4 0.000513649
0.075 -2.36 0.000572371
0.075 -2.32 0.000699728
0.075 -2.28 0.000704856
0.075 -2.24 0.000777346
0.075 -2.2 0.000844402
0.075 -2.16 0.000864067
0.075 -2.12 0.000965128
0.075 -2.08 0.000874898
0.075 -2.04 0.00102628
0.075 -2 0.00124841
0.075 -1.96 0.0011155
0.075 -1.92 0.00114696
0.075 -1.88 0.00118029
0.075 -1.84 0.00110614
0.075 -1.8 0.00132202
0.075 -1.76 0.00155928
0.075 -1.72 0.00136512
0.075 -1.68 0.00141795
0.075 -1.64 0.0014766
0.075 -1.6 0.00147207
0.075 -1.56 0.00171853
0.075 -1.52 0.00171888
0.075 -1.48 0.00164412
0.075 -1.44 0.00175873
0.075 -1.4 0.00178083
0.075 -1.36 0.00184989
0.075 -1.32 0.00199601
0.075 -1.28 0.00195564
0.075 -1.24 0.00205088
0.075 -1.2 0.00210261
0.075 -1.16 0.00208417
0.075 -1.12 0.002149
0.075 -1.08 0.00233197
0.075 -1.04 0.0023229
0.075 -1 0.00242621
0.075 -0.96 0.00246744
0.075 -0.92 0.0025389
0.075 -0.88 0.00266545
0.075 -0.84 0.00273599
0.075 -0.8 0.0027819
0.075 -0.76 0.00287484
0.075 -0.72 0.00297466
0.075 -0.68 0.0030266
0.075 -0.64 0.00314167
0.075 -0.6 0.0033068
0.075 -0.56 0.00344314
0.075 -0.52 0.00359043
0.075 -0.48 0.00375581
0.075 -0.44 0.00397628
0.075 -0.4 0.00426312
0.075 -0.36 0.00448354
0.075 -0.32 0.00482038
0.075 -0.28 0.00510394
0.075 -0.24 0.00531444
0.075 -0.2 0.00534068
0.075 -0.16 0.00491624
0.075 -0.12 0.00378719
0.075 -0.08 0.00251601
0.075 -0.04 0.00166707
0.075 0 0.00116807
0.075 0.04 0.000864486
0.075 0.08 0.000668776
0.075 0.12 0.000535426
0.075 0.16 0.000440276
0.075 0.2 0.000369776
0.075 0.24 0.000315919
0.075 0.28 0.000273732
0.075 0.32 0.000239975
0.075 0.36 0.000212488
0.075 0.4 0.00018975
0.075 0.44 0.000170701
0.075 0.48 0.000154559
0.075 0.52 0.000140742
0.075 0.56 0.000128806
0.075 0.6 0.000118417
0.075 0.64 0.000109309
0.075 0.68 0.000101271
0.075 0.72 9.41456e-05
0.075 0.76 8.77867e-05
0.075 0.8 8.20841e-05
0.075 0.84 7.69486e-05
0.075 0.88 7.23119e-05
0.075 0.92 6.80954e-05
0.075 0.96 6.42622e-05
0.075 1 0
0.075 1.04 0
0.075 1.08 0
0.075 1.12 0
0.075 1.16 0
0.075 1.2 0
0.075 1.24 0
0.075 1.28 0
0.075 1.32 0
0.075 1.36 0
0.075 1.4 0
0.075 1.44 0
0.075 1.48 0
0.075 1.52 0
0.075 1.56 0
0.075 1.6 0
0.075 1.64 0
0.075 1.68 0
0.075 1.72 0
0.075 1.76 0
0.075 1.8 0
0.075 1.84 0
0.075 1.88 0
0.075 1.92 0
0.075 1.96 0
0.075 2 0
0.075 2.04 0
0.075 2.08 0
0.075 2.12 0
0.075 2.16 0
0.075 2.2 0
0.075 2.24 0
0.075 2.28 0
0.075 2.32 0
0.075 2.36 0
0.075 2.4 0
0.075 2.44 0
0.075 2.48 0
0.075 2.52 0
0.075 2.56 0
0.075 2.6 0
0.075 2.64 0
0.075 2.68 0
0.075 2.72 0
0.075 2.76 0
0.075 2.8 0
0.075 2.84 0
0.075 2.88 0
0.075 2.92 0
0.075 2.96 0
0.075 3 0
0.08 -5 0.000105687
0.08 -4.96 0.000105687
0.08 -4.92 0.000105687
0.08 -4.88 0.000105687
0.08 -4.84 0.000105687
0.08 -4.8 0.000105687
0.08 -4.76 0.000105687
0.08 -4.72 0.000105687
0.08 -4.68 0.000105687
0.08 -4.64 0.000105687
0.08 -4.6 0.000105687
0.08 -4.56 0.000105687
0.08 -4.52 0.000105687
0.08 -4.48 0.000105687
0.08 -4.44 0.000105687
0.08 -4.4 0.000105687
0.08 -4.36 0.000105687
0.08 -4.32 0.000105687
0.08 -4.28 0.000105687
0.08 -4.24 0.000105687
0.08 -4.2 0.000105687
0.08 -4.16 0.000105687
0.08 -4.12 0.000105687
0.08 -4.08 0.000105687
0.08 -4.04 0.000105687
0.08 -4 0.000105687
0.08 -3.96 0.000105687
0.08 -3.92 0.000105687
0.08 -3.88 0.000105687
0.08 -3.84 0.000105687
0.08 -3.8 0.000105687
0.08 -3.76 0.000105687
0.08 -3.72 0.000105687
0.08 -3.68 0.000105687
0.08 -3.64 0.000105687
0.08 -3.6 0.000105687
0.08 -3.56 0.000105687
0.08 -3.52 0.000105687
0.08 -3.48 0.000105687
0.08 -3.44 0.000105687
0.08 -3.4 0.000105687
0.08 -3.36 0.000105687
0.08 -3.32 0.000105687
0.08 -3.28 0.000105687
0.08 -3.24 0.000105687
0.08 -3.2 0.000105687
0.08 -3.16 0.000105687
0.08 -3.12 0.000105687
0.08 -3.08 0.000105687
0.08 -3.04 0.000105687
0.08 -3 0.000105687
0.08 -2.96 0.000103503
0.08 -2.92 0.00011306
0.08 -2.88 0.000122498
0.08 -2.84 0.000147072
0.08 -2.8 0.000142094
0.08 -2.76 0.00014016
0.08 -2.72 0.000136611
0.08 -2.68 0.000143102
0.08 -2.64 0.000169799
0.08 -2.6 0.000213251
0.08 -2.56 0.000271858
0.08 -2.52 0.000313291
0.08 -2.48 0.000364138
0.08 -2.44 0.000454292
0.08 -2.4 0.000505068
0.08 -2.36 0.00057308
0.08 -2.32 0.000701457
0.08 -2.28 0.00070626
0.08 -2.24 0.000776329
0.08 -2.2 0.000852736
0.08 -2.16 0.000877017
0.08 -2.12 0.000962628
0.08 -2.08 0.000885182
0.08 -2.04 0.00102538
0.08 -2 0.00123601
0.08 -1.96 0.00112115
0.08 -1.92 0.00119875
0.08 -1.88 0.00116006
0.08 -1.84 0.00111902
0.08 -1.8 0.00133
0.08 -1.76 0.00155026
0.08 -1.72 0.0013578
0.08 -1.68 0.0014264
0.08 -1.64 0.00148976
0.08 -1.6 0.00148327
0.08 -1.56 0.00173856
0.08 -1.52 0.00169656
0.08 -1.48 0.00164509
0.08 -1.44 0.00174886
0.08 -1.4 0.00179624
0.08 -1.36 0.00185144
0.08 -1.32 0.00200671
0.08 -1.28 0.00195144
0.08 -1.24 0.002045
0.08 -1.2 0.00211649
0.08 -1.16 0.00208651
0.08 -1.12 0.0021512
0.08 -1.08 0.00231908
0.08 -1.04 0.00236551
0.08 -1 0.00243206
0.08 -0.96 0.00243999
0.08 -0.92 0.00258012
0.08 -0.88 0.00265149
0.08 -0.84 0.00275014
0.08 -0.8 0.00277422
0.08 -0.76 0.00287783
0.08 -0.72 0.00296753
0.08 -0.68 0.00305497
0.08 -0.64 0.00316325
0.08 -0.6 0.00329331
0.08 -0.56 0.0034437
0.08 -0.52 0.00356559
0.08 -0.48 0.00377966
0.08 -0.44 0.00397303
0.08 -0.4 0.00428624
0.08 -0.36 0.00450962
0.08 -0.32 0.00484167
0.08 -0.28 0.0050794
0.08 -0.24 0.00527526
0.08 -0.2 0.00525798
0.08 -0.16 0.0048508
0.08 -0.12 0.00377203
0.08 -0.08 0.00252106
0.08 -0.04 0.00167049
0.08 0 0.00116838
0.08 0.04 0.000863676
0.08 0.08 0.000667611
0.08 0.12 0.000534219
0.08 0.16 0.000439145
0.08 0.2 0.000368756
0.08 0.24 0.000315014
0.08 0.28 0.000272933
0.08 0.32 0.00023927
0.08 0.36 0.000211864
0.08 0.4 0.000189197
0.08 0.44 0.000170209
0.08 0.48 0.00015412
0.08 0.52 0.000140348
0.08 0.56 0.000128451
0.08 0.6 0.000118097
0.08 0.64 0.000109019
0.08 0.68 0.000101007
0.08 0.72 9.39043e-05
0.08 0.76 8.75661e-05
0.08 0.8 8.18813e-05
0.08 0.84 7.67618e-05
0.08 0.88 7.21392e-05
0.08 0.92 6.79363e-05
0.08 0.96 6.41145e-05
0.08 1 0
0.08 1.04 0
0.08 1.08 0
0.08 1.12 0
0.08 1.16 0
0.08 1.2 0
0.08 1.24 0
0.08 1.28 0
0.08 1.32 0
0.08 1.36 0
0.08 1.4 0
0.08 1.44 0
0.08 1.48 0
0.08 1.52 0
0.08 1.56 0
0.08 1.6 0
0.08 1.64 0
0.08 1.68 0
0.08 1.72 0
0.08 1.76 0
0.08 1.8 0
0.08 1.84 0
0.08 1.88 0
0.08 1.92 0
0.08 1.96 0
0.08 2 0
0.08 2.04 0
0.08 2.08 0
0.08 2.12 0
0.08 2.16 0
0.08 2.2 0
0.08 2.24 0
0.08 2.28 0
0.08 2.32 0
0.08 2.36 0
0.08 2.4 0
0.08 2.44 0
0.08 2.48 0
0.08 2.52 0
0.08 2.56 0
0.08 2.6 0
0.08 2.64 0
0.08 2.68 0
0.08 2.72 0
0.08 2.76 0
0.08 2.8 0
0.08 2.84 0
0.08 2.88 0
0.08 2.92 0
0.08 2.96 0
0.08 3 0
0.085 -5 0.000103181
0.085 -4.96 0.000103181
0.085 -4.92 0.000103181
0.085 -4.88 0.000103181
0.085 -4.84 0.000103181
0.085 -4.8 0.000103181
0.085 -4.76 0.000103181
0.085 -4.72 0.000103181
0.085 -4.68 0.000103181
0.085 -4.64 0.000103181
0.085 -4.6 0.000103181
0.085 -4.56 0.000103181
0.085 -4.52 0.000103181
0.085 -4.48 0.000103181
0.085 -4.44 0.000103181
0.085 -4.4 0.000103181
0.085 -4.36 0.000103181
0.085 -4.32 0.000103181
0.085 -4.28 0.000103181
0.085 -4.24 0.000103181
0.085 -4.2 0.000103181
0.085 -4.16 0.000103181
0.085 -4.12 0.000103181
0.085 -4.08 0.000103181
0.085 -4.04 0.000103181
0.085 -4 0.000103181
0.085 -3.96 0.000103181
0.085 -3.92 0.000103181
0.085 -3.88 0.000103181
0.085 -3.84 0.000103181
0.085 -3.8 0.000103181
0.085 -3.76 0.000103181
0.085 -3.72 0.000103181
0.085 -3.68 0.000103181
0.085 -3.64 0.000103181
0.085 -3.6 0.000103181
0.085 -3.56 0.000103181
0.085 -3.52 0.000103181
0.085 -3.48 0.000103181
0.085 -3.44 0.000103181
0.085 -3.4 0.000103181
0.085 -3.36 0.000103181
0.085 -3.32 0.000103181
0.085 -3.28 0.000103181
0.085 -3.24 0.000103181
0.085 -3.2 0.000103181
0.085 -3.16 0.000103181
0.085 -3.12 0.000103181
0.085 -3.08 0.000103181
0.085 -3.04 0.000103181
0.085 -3 0.000103181
0.085 -2.96 0.000103449
0.085 -2.92 0.000109519
0.085 -2.88 0.000122065
0.085 -2.84 0.000148093
0.085 -2.8 0.000137178
0.085 -2.76 0.000138942
0.085 -2.72 0.00013823
0.085 -2.68 0.000139629
0.085 -2.64 0.000172207
0.085 -2.6 0.000208663
0.085 -2.56 0.000271726
0.085 -2.52 0.000314089
0.085 -2.48 0.000361265
0.085 -2.44 0.00045873
0.085 -2.4 0.00049813
0.085 -2.36 0.000574508
0.085 -2.32 0.000700364
0.085 -2.28 0.000712908
0.085 -2.24 0.000778909
0.085 -2.2 0.000857891
0.085 -2.16 0.000889637
0.085 -2.12 0.000959292
0.085 -2.08 0.000893649
0.085 -2.04 0.00103711
0.085 -2 0.00122972
0.085 -1.96 0.00113737
0.085 -1.92 0.00123771
0.085 -1.88 0.00114973
0.085 -1.84 0.0011338
0.085 -1.8 0.00134522
0.085 -1.76 0.00153433
0.085 -1.72 0.00136295
0.085 -1.68 0.00144107
0.085 -1.64 0.00150614
0.085 -1.6 0.00151202
0.085 -1.56 0.00174307
0.085 -1.52 0.0016708
0.085 -1.48 0.0016511
0.085 -1.44 0.00173947
0.085 -1.4 0.00179643
0.085 -1.36 0.00186323
0.085 -1.32 0.00199585
0.085 -1.28 0.00195709
0.085 -1.24 0.00204391
0.085 -1.2 0.00211723
0.085 -1.16 0.00208757
0.085 -1.12 0.00216741
0.085 -1.08 0.00229527
0.085 -1.04 0.00237845
0.085 -1 0.00242867
0.085 -0.96 0.00243243
0.085 -0.92 0.00258477
0.085 -0.88 0.00261294
0.085 -0.84 0.00275976
0.085 -0.8 0.0027583
0.085 -0.76 0.00288618
0.085 -0.72 0.00295029
0.085 -0.68 0.00307632
0.085 -0.64 0.0031774
0.085 -0.6 0.00329421
0.085 -0.56 0.00341147
0.085 -0.52 0.0035887
0.085 -0.48 0.00378159
0.085 -0.44 0.00397037
0.085 -0.4 0.00429022
0.085 -0.36 0.00452732
0.085 -0.32 0.00481434
0.085 -0.28 0.00504895
0.085 -0.24 0.00523225
0.085 -0.2 0.00518398
0.085 -0.16 0.0047805
0.085 -0.12 0.0037579
0.085 -0.08 0.00252634
0.085 -0.04 0.0016736
0.085 0 0.00116869
0.085 0.04 0.000862806
0.085 0.08 0.00066637
0.085 0.12 0.000532937
0.085 0.16 0.000437943
0.085 0.2 0.000367673
0.085 0.24 0.000314053
0.085 0.28 0.000272085
0.085 0.32 0.000238522
0.085 0.36 0.000211203
0.085 0.4 0.000188612
0.085 0.44 0.000169688
0.085 0.48 0.000153654
0.085 0.52 0.00013993
0.085 0.56 0.000128075
0.085 0.6 0.000117757
0.085 0.64 0.000108711
0.085 0.68 0.000100727
0.085 0.72 9.36487e-05
0.085 0.76 8.73323e-05
0.085 0.8 8.16663e-05
0.085 0.84 7.65639e-05
0.085 0.88 7.19563e-05
0.085 0.92 6.77676e-05
0.085 0.96 6.39579e-05
0.085 1 0
0.085 1.04 0
0.085 1.08 0
0.085 1.12 0
0.085 1.16 0
0.085 1.2 0
0.085 1.24 0
0.085 1.28 0
0.085 1.32 0
0.085 1.36 0
0.085 1.4 0
0.085 1.44 0
0.085 1.48 0
0.085 1.52 0
0.085 1.56 0
0.085 1.6 0
0.085 1.64 0
0.085 1.68 0
0.085 1.72 0
0.085 1.76 0
0.085 1.8 0
0.085 1.84 0
0.085 1.88 0
0.085 1.92 0
0.085 1.96 0
0.085 2 0
0.085 2.04 0
0.085 2.08 0
0.085 2.12 0
0.085 2.16 0
0.085 2.2 0
0.085 2.24 0
0.085 2.28 0
0.085 2.32 0
0.085 2.36 0
0.085 2.4 0
0.085 2.44 0
0.085 2.48 0
0.085 2.52 0
0.085 2.56 0
0.085 2.6 0
0.085 2.64 0
0.085 2.68 0
0.085 2.72 0
0.085 2.76 0
0.085 2.8 0
0.085 2.84 0
0.085 2.88 0
0.085 2.92 0
0.085 2.96 0
0.085 3 0
0.09 -5 0.000100466
0.09 -4.96 0.000100466
0.09 -4.92 0.000100466
0.09 -4.88 0.000100466
0.09 -4.84 0.000100466
0.09 -4.8 0.000100466
0.09 -4.76 0.000100466
0.09 -4.72 0.000100466
0.09 -4.68 0.000100466
0.09 -4.64 0.000100466
0.09 -4.6 0.000100466
0.09 -4.56 0.000100466
0.09 -4.52 0.000100466
0.09 -4.48 0.000100466
0.09 -4.44 0.000100466
0.09 -4.4 0.000100466
0.09 -4.36 0.000100466
0.09 -4.32 0.000100466
0.09 -4.28 0.000100466
0.09 -4.24 0.000100466
0.09 -4.2 0.000100466
0.09 -4.16 0.000100466
0.09 -4.12 0.000100466
0.09 -4.08 0.000100466
0.09 -4.04 0.000100466
0.09 -4 0.000100466
0.09 -3.96 0.000100466
0.09 -3.92 0.000100466
0.09 -3.88 0.000100466
0.09 -3.84 0.000100466
0.09 -3.8 0.000100466
0.09 -3.76 0.000100466
0.09 -3.72 0.000100466
0.09 -3.68 0.000100466
0.09 -3.64 0.000100466
0.09 -3.6 0.000100466
0.09 -3.56 0.000100466
0.09 -3.52 0.000100466
0.09 -3.48 0.000100466
0.09 -3.44 0.000100466
0.09 -3.4 0.000100466
0.09 -3.36 0.000100466
0.09 -3.32 0.000100466
0.09 -3.28 0.000100466
0.09 -3.24 0.000100466
0.09 -3.2 0.000100466
0.09 -3.16 0.000100466
0.09 -3.12 0.000100466
0.09 -3.08 0.000100466
0.09 -3.04 0.000100466
0.09 -3 0.000100466
0.09 -2.96 0.000103121
0.09 -2.92 0.000111345
0.09 -2.88 0.000123365
0.09 -2.84 0.000143999
0.09 -2.8 0.000134715
0.09 -2.76 0.000135709
0.09 -2.72 0.000140327
0.09 -2.68 0.000139639
0.09 -2.64 0.000170901
0.09 -2.6 0.000212461
0.09 -2.56 0.000267783
0.09 -2.52 0.000313398
0.09 -2.48 0.000361216
0.09 -2.44 0.000464366
0.09 -2.4 0.000498
0.09 -2.36 0.000574971
0.09 -2.32 0.000699187
0.09 -2.28 0.000722339
0.09 -2.24 0.000784273
0.09 -2.2 0.000861539
0.09 -2.16 0.000893752
0.09 -2.12 0.00095064
0.09 -2.08 0.000899319
0.09 -2.04 0.00104428
0.09 -2 0.00123332
0.09 -1.96 0.00114799
0.09 -1.92 0.00122346
0.09 -1.88 0.00116866
0.09 -1.84 0.00114161
0.09 -1.8 0.00134548
0.09 -1.76 0.0015245
0.09 -1.72 0.00137715
0.09 -1.68 0.0014581
0.09 -1.64 0.00152581
0.09 -1.6 0.00153673
0.09 -1.56 0.00172756
0.09 -1.52 0.00168378
0.09 -1.48 0.00165862
0.09 -1.44 0.00174477
0.09 -1.4 0.00179054
0.09 -1.36 0.0018618
0.09 -1.32 0.001983
0.09 -1.28 0.00196496
0.09 -1.24 0.00206886
0.09 -1.2 0.00211669
0.09 -1.16 0.00208672
0.09 -1.12 0.00216895
0.09 -1.08 0.00227765
0.09 -1.04 0.00236
0.09 -1 0.00242879
0.09 -0.96 0.00245923
0.09 -0.92 0.0025584
0.09 -0.88 0.00261063
0.09 -0.84 0.00276177
0.09 -0.8 0.00276477
0.09 -0.76 0.00289512
0.09 -0.72 0.00294284
0.09 -0.68 0.00307198
0.09 -0.64 0.00319013
0.09 -0.6 0.00330824
0.09 -0.56 0.00339486
0.09 -0.52 0.00363296
0.09 -0.48 0.00377623
0.09 -0.44 0.00399031
0.09 -0.4 0.00427947
0.09 -0.36 0.00452354
0.09 -0.32 0.00475178
0.09 -0.28 0.00501817
0.09 -0.24 0.00515899
0.09 -0.2 0.00511098
0.09 -0.16 0.00470842
0.09 -0.12 0.00374288
0.09 -0.08 0.00253191
0.09 -0.04 0.0016763
0.09 0 0.00116899
0.09 0.04 0.000861875
0.09 0.08 0.000665052
0.09 0.12 0.000531579
0.09 0.16 0.000436673
0.09 0.2 0.000366529
0.09 0.24 0.000313039
0.09 0.28 0.000271189
0.09 0.32 0.000237733
0.09 0.36 0.000210505
0.09 0.4 0.000187993
0.09 0.44 0.000169138
0.09 0.48 0.000153163
0.09 0.52 0.000139489
0.09 0.56 0.000127678
0.09 0.6 0.000117398
0.09 0.64 0.000108387
0.09 0.68 0.000100432
0.09 0.72 9.33789e-05
0.09 0.76 8.70855e-05
0.09 0.8 8.14394e-05
0.09 0.84 7.63549e-05
0.09 0.88 7.17632e-05
0.09 0.92 6.75895e-05
0.09 0.96 6.37927e-05
0.09 1 0
0.09 1.04 0
0.09 1.08 0
0.09 1.12 0
0.09 1.16 0
0.09 1.2 0
0.09 1.24 0
0.09 1.28 0
0.09 1.32 0
0.09 1.36 0
0.09 1.4 0
0.09 1.44 0
0.09 1.48 0
0.09 1.52 0
0.09 1.56 0
0.09 1.6 0
0.09 1.64 0
0.09 1.68 0
0.09 1.72 0
0.09 1.76 0
0.09 1.8 0
0.09 1.84 0
0.09 1.88 0
0.09 1.92 0
0.09 1.96 0
0.09 2 0
0.09 2.04 0
0.09 2.08 0
0.09 2.12 0
0.09 2.16 0
0.09 2.2 0
0.09 2.24 0
0.09 2.28 0
0.09 2.32 0
0.09 2.36 0
0.09 2.4 0
0.09 2.44 0
0.09 2.48 0
0.09 2.52 0
0.09 2.56 0
0.09 2.6 0
0.09 2.64 0
0.09 2.68 0
0.09 2.72 0
0.09 2.76 0
0.09 2.8 0
0.09 2.84 0
0.09 2.88 0
0.09 2.92 0
0.09 2.96 0
0.09 3 0
0.095 -5 0.00010028
0.095 -4.96 0.00010028
0.095 -4.92 0.00010028
0.095 -4.88 0.00010028
0.095 -4.84 0.00010028
0.095 -4.8 0.00010028
0.095 -4.76 0.00010028
0.095 -4.72 0.00010028
0.095 -4.68 0.00010028
0.095 -4.64 0.00010028
0.095 -4.6 0.00010028
0.095 -4.56 0.00010028
0.095 -4.52 0.00010028
0.095 -4.48 0.00010028
0.095 -4.44 0.00010028
0.095 -4.4 0.00010028
0.095 -4.36 0.00010028
0.095 -4.32 0.00010028
0.095 -4.28 0.00010028
0.095 -4.24 0.00010028
0.095 -4.2 0.00010028
0.095 -4.16 0.00010028
0.095 -4.12 0.00010028
0.095 -4.08 0.00010028
0.095 -4.04 0.00010028
0.095 -4 0.00010028
0.095 -3.96 0.00010028
0.095 -3.92 0.00010028
0.095 -3.88 0.00010028
0.095 -3.84 0.00010028
0.095 -3.8 0.00010028
0.095 -3.76 0.00010028
0.095 -3.72 0.00010028
0.095 -3.68 0.00010028
0.095 -3.64 0.00010028
0.095 -3.6 0.00010028
0.095 -3.56 0.00010028
0.095 -3.52 0.00010028
0.095 -3.48 0.00010028
0.095 -3.44 0.00010028
0.095 -3.4 0.00010028
0.095 -3.36 0.00010028
0.095 -3.32 0.00010028
0.095 -3.28 0.00010028
0.095 -3.24 0.00010028
0.095 -3.2 0.00010028
0.095 -3.16 0.00010028
0.095 -3.12 0.00010028
0.095 -3.08 0.00010028
0.095 -3.04 0.00010028
0.095 -3 0.00010028
0.095 -2.96 0.000102296
0.095 -2.92 0.000112761
0.095 -2.88 0.000124975
0.095 -2.84 0.000137387
0.095 -2.8 0.000137796
0.095 -2.76 0.000135068
0.095 -2.72 0.000139207
0.095 -2.68 0.000139613
0.095 -2.64 0.00016916
0.095 -2.6 0.000216792
0.095 -2.56 0.000263257
0.095 -2.52 0.000313308
0.095 -2.48 0.00036586
0.095 -2.44 0.000469376
0.095 -2.4 0.000498198
0.095 -2.36 0.000574994
0.095 -2.32 0.0006985
0.095 -2.28 0.000728432
0.095 -2.24 0.000790995
0.095 -2.2 0.000864854
0.095 -2.16 0.000888257
0.095 -2.12 0.000939547
0.095 -2.08 0.000903384
0.095 -2.04 0.00104024
0.095 -2 0.0012328
0.095 -1.96 0.00114238
0.095 -1.92 0.00119829
0.095 -1.88 0.00120083
0.095 -1.84 0.00114356
0.095 -1.8 0.00133827
0.095 -1.76 0.00152137
0.095 -1.72 0.00138231
0.095 -1.68 0.00146953
0.095 -1.64 0.00154431
0.095 -1.6 0.0015369
0.095 -1.56 0.00171855
0.095 -1.52 0.00172155
0.095 -1.48 0.00166634
0.095 -1.44 0.00175509
0.095 -1.4 0.00179064
0.095 -1.36 0.00183996
0.095 -1.32 0.00198722
0.095 -1.28 0.0019724
0.095 -1.24 0.00209893
0.095 -1.2 0.00214384
0.095 -1.16 0.00208586
0.095 -1.12 0.00217175
0.095 -1.08 0.00226309
0.095 -1.04 0.00234238
0.095 -1 0.00244449
0.095 -0.96 0.00247042
0.095 -0.92 0.00255182
0.095 -0.88 0.00264169
0.095 -0.84 0.00275996
0.095 -0.8 0.00278789
0.095 -0.76 0.00289765
0.095 -0.72 0.00295903
0.095 -0.68 0.00306686
0.095 -0.64 0.00320798
0.095 -0.6 0.00331623
0.095 -0.56 0.00343072
0.095 -0.52 0.00362658
0.095 -0.48 0.00379202
0.095 -0.44 0.00401668
0.095 -0.4 0.00425822
0.095 -0.36 0.0045075
0.095 -0.32 0.00471908
0.095 -0.28 0.00497299
0.095 -0.24 0.00506608
0.095 -0.2 0.00502417
0.095 -0.16 0.0046396
0.095 -0.12 0.00372381
0.095 -0.08 0.00253686
0.095 -0.04 0.0016792
0.095 0 0.00116927
0.095 0.04 0.000860881
0.095 0.08 0.000663659
0.095 0.12 0.000530146
0.095 0.16 0.000435335
0.095 0.2 0.000365324
0.095 0.24 0.000311971
0.095 0.28 0.000270248
0.095 0.32 0.000236903
0.095 0.36 0.000209772
0.095 0.4 0.000187344
0.095 0.44 0.000168559
0.095 0.48 0.000152646
0.095 0.52 0.000139025
0.095 0.56 0.000127261
0.095 0.6 0.000117021
0.095 0.64 0.000108045
0.095 0.68 0.000100121
0.095 0.72 9.30952e-05
0.095 0.76 8.6826e-05
0.095 0.8 8.12008e-05
0.095 0.84 7.61352e-05
0.095 0.88 7.15601e-05
0.095 0.92 6.74023e-05
0.095 0.96 6.36188e-05
0.095 1 0
0.095 1.04 0
0.095 1.08 0
0.095 1.12 0
0.095 1.16 0
0.095 1.2 0
0.095 1.24 0
0.095 1.28 0
0.095 1.32 0
0.095 1.36 0
0.095 1.4 0
0.095 1.44 0
0.095 1.48 0
0.095 1.52 0
0.095 1.56 0
0.095 1.6 0
0.095 1.64 0
0.095 1.68 0
0.095 1.72 0
0.095 1.76 0
0.095 1.8 0
0.095 1.84 0
0.095 1.88 0
0.095 1.92 0
0.095 1.96 0
0.095 2 0
0.095 2.04 0
0.095 2.08 0
0.095 2.12 0
0.095 2.16 0
0.095 2.2 0
0.095 2.24 0
0.095 2.28 0
0.095 2.32 0
0.095 2.36 0
0.095 2.4 0
0.095 2.44 0
0.095 2.48 0
0.095 2.52 0
0.095 2.56 0
0.095 2.6 0
0.095 2.64 0
0.095 2.68 0
0.095 2.72 0
0.095 2.76 0
0.095 2.8 0
0.095 2.84 0
0.095 2.88 0
0.095 2.92 0
0.095 2.96 0
0.095 3 0
0.1 -5 0.000102723
0.1 -4.96 0.000102723
0.1 -4.92 0.000102723
0.1 -4.88 0.000102723
0.1 -4.84 0.000102723
0.1 -4.8 0.000102723
0.1 -4.76 0.000102723
0.1 -4.72 0.000102723
0.1 -4.68 0.000102723
0.1 -4.64 0.000102723
0.1 -4.6 0.000102723
0.1 -4.56 0.000102723
0.1 -4.52 0.000102723
0.1 -4.48 0.000102723
0.1 -4.44 0.000102723
0.1 -4.4 0.000102723
0.1 -4.36 0.000102723
0.1 -4.32 0.000102723
0.1 -4.28 0.000102723
0.1 -4.24 0.000102723
0.1 -4.2 0.000102723
0.1 -4.16 0.000102723
0.1 -4.12 0.000102723
0.1 -4.08 0.000102723
0.1 -4.04 0.000102723
0.1 -4 0.000102723
0.1 -3.96 0.000102723
0.1 -3.92 0.000102723
0.1 -3.88 0.000102723
0.1 -3.84 0.000102723
0.1 -3.8 0.000102723
0.1 -3.76 0.000102723
0.1 -3.72 0.000102723
0.1 -3.68 0.000102723
0.1 -3.64 0.000102723
0.1 -3.6 0.000102723
0.1 -3.56 0.000102723
0.1 -3.52 0.000102723
0.1 -3.48 0.000102723
0.1 -3.44 0.000102723
0.1 -3.4 0.000102723
0.1 -3.36 0.000102723
0.1 -3.32 0.000102723
0.1 -3.28 0.000102723
0.1 -3.24 0.000102723
0.1 -3.2 0.000102723
0.1 -3.16 0.000102723
0.1 -3.12 0.000102723
0.1 -3.08 0.000102723
0.1 -3.04 0.000102723
0.1 -3 0.000102723
0.1 -2.96 0.000101638
0.1 -2.92 0.000111032
0.1 -2.88 0.000125697
0.1 -2.84 0.00013277
0.1 -2.8 0.000142534
0.1 -2.76 0.000137818
0.1 -2.72 0.000136315
0.1 -2.68 0.000142334
0.1 -2.64 0.000170986
0.1 -2.6 0.000216233
0.1 -2.56 0.00026353
0.1 -2.52 0.000311741
0.1 -2.48 0.00037184
0.1 -2.44 0.000471718
0.1 -2.4 0.000496766
0.1 -2.36 0.000576109
0.1 -2.32 0.000697173
0.1 -2.28 0.00072942
0.1 -2.24 0.000797057
0.1 -2.2 0.000865016
0.1 -2.16 0.000881372
0.1 -2.12 0.000934472
0.1 -2.08 0.000907648
0.1 -2.04 0.00103653
0.1 -2 0.0012204
0.1 -1.96 0.00112946
0.1 -1.92 0.00121478
0.1 -1.88 0.0012151
0.1 -1.84 0.00114906
0.1 -1.8 0.00134847
0.1 -1.76 0.00151841
0.1 -1.72 0.00137053
0.1 -1.68 0.00147684
0.1 -1.64 0.00155767
0.1 -1.6 0.00151924
0.1 -1.56 0.00173063
0.1 -1.52 0.00173733
0.1 -1.48 0.00167409
0.1 -1.44 0.00176495
0.1 -1.4 0.00179678
0.1 -1.36 0.00181976
0.1 -1.32 0.00200099
0.1 -1.28 0.00197912
0.1 -1.24 0.00210034
0.1 -1.2 0.00219299
0.1 -1.16 0.00208679
0.1 -1.12 0.00219847
0.1 -1.08 0.00225334
0.1 -1.04 0.00234802
0.1 -1 0.00246359
0.1 -0.96 0.00243207
0.1 -0.92 0.00258293
0.1 -0.88 0.00265947
0.1 -0.84 0.0027629
0.1 -0.8 0.00280092
0.1 -0.76 0.00289287
0.1 -0.72 0.00298395
0.1 -0.68 0.00308112
0.1 -0.64 0.00321668
0.1 -0.6 0.00331701
0.1 -0.56 0.00348469
0.1 -0.52 0.00357986
0.1 -0.48 0.00382258
0.1 -0.44 0.00402267
0.1 -0.4 0.00423045
0.1 -0.36 0.00449319
0.1 -0.32 0.004745
0.1 -0.28 0.00490614
0.1 -0.24 0.00499005
0.1 -0.2 0.00492411
0.1 -0.16 0.00457345
0.1 -0.12 0.00370104
0.1 -0.08 0.00254042
0.1 -0.04 0.00168271
0.1 0 0.00116953
0.1 0.04 0.000859823
0.1 0.08 0.000662189
0.1 0.12 0.000528639
0.1 0.16 0.000433929
0.1 0.2 0.00036406
0.1 0.24 0.000310852
0.1 0.28 0.00026926
0.1 0.32 0.000236033
0.1 0.36 0.000209002
0.1 0.4 0.000186662
0.1 0.44 0.000167953
0.1 0.48 0.000152105
0.1 0.52 0.00013854
0.1 0.56 0.000126824
0.1 0.6 0.000116625
0.1 0.64 0.000107688
0.1 0.68 9.97959e-05
0.1 0.72 9.27978e-05
0.1 0.76 8.65539e-05
0.1 0.8 8.09507e-05
0.1 0.84 7.59048e-05
0.1 0.88 7.13471e-05
0.1 0.92 6.72059e-05
0.1 0.96 6.34366e-05
0.1 1 0
0.1 1.04 0
0.1 1.08 0
0.1 1.12 0
0.1 1.16 0
0.1 1.2 0
0.1 1.24 0
0.1 1.28 0
0.1 1.32 0
0.1 1.36 0
0.1 1.4 0
0.1 1.44 0
0.1 1.48 0
0.1 1.52 0
0.1 1.56 0
0.1 1.6 0
0.1 1.64 0
0.1 1.68 0
0.1 1.72 0
0.1 1.76 0
0.1 1.8 0
0.1 1.84 0
0.1 1.88 0
0.1 1.92 0
0.1 1.96 0
0.1 2 0
0.1 2.04 0
0.1 2.08 0
0.1 2.12 0
0.1 2.16 0
0.1 2.2 0
0.1 2.24 0
0.1 2.28 0
0.1 2.32 0
0.1 2.36 0
0.1 2.4 0
0.1 2.44 0
0.1 2.48 0
0.1 2.52 0
0.1 2.56 0
0.1 2.6 0
0.1 2.64 0
0.1 2.68 0
0.1 2.72 0
0.1 2.76 0
0.1 2.8 0
0.1 2.84 0
0.1 2.88 0
0.1 2.92 0
0.1 2.96 0
0.1 3 0
0.105 -5 0.000105719
0.105 -4.96 0.000105719
0.105 -4.92 0.000105719
0.105 -4.88 0.000105719
0.105 -4.84 0.000105719
0.105 -4.8 0.000105719
0.105 -4.76 0.000105719
0.105 -4.72 0.000105719
0.105 -4.68 0.000105719
0.105 -4.64 0.000105719
0.105 -4.6 0.000105719
0.105 -4.56 0.000105719
0.105 -4.52 0.000105719
0.105 -4.48 0.000105719
0.105 -4.44 0.000105719
0.105 -4.4 0.000105719
0.105 -4.36 0.000105719
0.105 -4.32 0.000105719
0.105 -4.28 0.000105719
0.105 -4.24 0.000105719
0.105 -4.2 0.000105719
0.105 -4.16 0.000105719
0.105 -4.12 0.000105719
0.105 -4.08 0.000105719
0.105 -4.04 0.000105719
0.105 -4 0.000105719
0.105 -3.96 0.000105719
0.105 -3.92 0.000105719
0.105 -3.88 0.000105719
0.105 -3.84 0.000105719
0.105 -3.8 0.000105719
0.105 -3.76 0.000105719
0.105 -3.72 0.000105719
0.105 -3.68 0.000105719
0.105 -3.64 0.000105719
0.105 -3.6 0.000105719
0.105 -3.56 0.000105719
0.105 -3.52 0.000105719
0.105 -3.48 0.000105719
0.105 -3.44 0.000105719
0.105 -3.4 0.000105719
0.105 -3.36 0.000105719
0.105 -3.32 0.000105719
0.105 -3.28 0.000105719
0.105 -3.24 0.000105719
0.105 -3.2 0.000105719
0.105 -3.16 0.000105719
0.105 -3.12 0.000105719
0.105 -3.08 0.000105719
0.105 -3.04 0.000105719
0.105 -3 0.000105719
0.105 -2.96 0.000102174
0.105 -2.92 0.000110594
0.105 -2.88 0.000126137
0.105 -2.84 0.000131251
0.105 -2.8 0.000143344
0.105 -2.76 0.000140726
0.105 -2.72 0.00013837
0.105 -2.68 0.000149251
0.105 -2.64 0.000175066
0.105 -2.6 0.000214588
0.105 -2.56 0.000266787
0.105 -2.52 0.000305086
0.105 -2.48 0.000374286
0.105 -2.44 0.000470246
0.105 -2.4 0.000502293
0.105 -2.36 0.000579055
0.105 -2.32 0.000695738
0.105 -2.28 0.000730236
0.105 -2.24 0.000801802
0.105 -2.2 0.000859206
0.105 -2.16 0.000882201
0.105 -2.12 0.000938154
0.105 -2.08 0.000913796
0.105 -2.04 0.00104156
0.105 -2 0.00121108
0.105 -1.96 0.00112665
0.105 -1.92 0.00125018
0.105 -1.88 0.00120721
0.105 -1.84 0.00116348
0.105 -1.8 0.00137414
0.105 -1.76 0.00151615
0.105 -1.72 0.00135467
0.105 -1.68 0.00148595
0.105 -1.64 0.00156649
0.105 -1.6 0.00150633
0.105 -1.56 0.00174445
0.105 -1.52 0.00172824
0.105 -1.48 0.00168247
0.105 -1.44 0.00178473
0.105 -1.4 0.00180224
0.105 -1.36 0.0018191
0.105 -1.32 0.00200669
0.105 -1.28 0.00198322
0.105 -1.24 0.00208112
0.105 -1.2 0.0022217
0.105 -1.16 0.00209164
0.105 -1.12 0.00222455
0.105 -1.08 0.00226352
0.105 -1.04 0.00236942
0.105 -1 0.00246548
0.105 -0.96 0.00239694
0.105 -0.92 0.00261228
0.105 -0.88 0.0026525
0.105 -0.84 0.00277203
0.105 -0.8 0.00280634
0.105 -0.76 0.00289336
0.105 -0.72 0.0029918
0.105 -0.68 0.003095
0.105 -0.64 0.00320331
0.105 -0.6 0.00332531
0.105 -0.56 0.00350267
0.105 -0.52 0.00357778
0.105 -0.48 0.00382976
0.105 -0.44 0.00401764
0.105 -0.4 0.00420887
0.105 -0.36 0.0044866
0.105 -0.32 0.00477338
0.105 -0.28 0.00484767
0.105 -0.24 0.00494303
0.105 -0.2 0.00483049
0.105 -0.16 0.00450385
0.105 -0.12 0.0036771
0.105 -0.08 0.00254314
0.105 -0.04 0.00168638
0.105 0 0.00116977
0.105 0.04 0.000858698
0.105 0.08 0.000660642
0.105 0.12 0.000527059
0.105 0.16 0.000432457
0.105 0.2 0.000362737
0.105 0.24 0.00030968
0.105 0.28 0.000268227
0.105 0.32 0.000235123
0.105 0.36 0.000208198
0.105 0.4 0.00018595
0.105 0.44 0.00016732
0.105 0.48 0.000151539
0.105 0.52 0.000138032
0.105 0.56 0.000126367
0.105 0.6 0.000116212
0.105 0.64 0.000107314
0.105 0.68 9.94557e-05
0.105 0.72 9.2487e-05
0.105 0.76 8.62695e-05
0.105 0.8 8.06892e-05
0.105 0.84 7.5664e-05
0.105 0.88 7.11246e-05
0.105 0.92 6.70005e-05
0.105 0.96 6.3246e-05
0.105 1 0
0.105 1.04 0
0.105 1.08 0
0.105 1.12 0
0.105 1.16 0
0.105 1.2 0
0.105 1.24 0
0.105 1.28 0
0.105 1.32 0
0.105 1.36 0
0.105 1.4 0
0.105 1.44 0
0.105 1.48 0
0.105 1.52 0
0.105 1.56 0
0.105 1.6 0
0.105 1.64 0
0.105 1.68 0
0.105 1.72 0
0.105 1.76 0
0.105 1.8 0
0.105 1.84 0
0.105 1.88 0
0.105 1.92 0
0.105 1.96 0
0.105 2 0
0.105 2.04 0
0.105 2.08 0
0.105 2.12 0
0.105 2.16 0
0.105 2.2 0
0.105 2.24 0
0.105 2.28 0
0.105 2.32 0
0.105 2.36 0
0.105 2.4 0
0.105 2.44 0
0.105 2.48 0
0.105 2.52 0
0.105 2.56 0
0.105 2.6 0
0.105 2.64 0
0.105 2.68 0
0.105 2.72 0
0.105 2.76 0
0.105 2.8 0
0.105 2.84 0
0.105 2.88 0
0.105 2.92 0
0.105 2.96 0
0.105 3 0
0.11 -5 0.000107761
0.11 -4.96 0.000107761
0.11 -4.92 0.000107761
0.11 -4.88 0.000107761
0.11 -4.84 0.000107761
0.11 -4.8 0.000107761
0.11 -4.76 0.000107761
0.11 -4.72 0.000107761
0.11 -4.68 0.000107761
0.11 -4.64 0.000107761
0.11 -4.6 0.000107761
0.11 -4.56 0.000107761
0.11 -4.52 0.000107761
0.11 -4.48 0.000107761
0.11 -4.44 0.000107761
0.11 -4.4 0.000107761
0.11 -4.36 0.000107761
0.11 -4.32 0.000107761
0.11 -4.28 0.000107761
0.11 -4.24 0.000107761
0.11 -4.2 0.000107761
0.11 -4.16 0.000107761
0.11 -4.12 0.000107761
0.11 -4.08 0.000107761
0.11 -4.04 0.000107761
0.11 -4 0.000107761
0.11 -3.96 0.000107761
0.11 -3.92 0.000107761
0.11 -3.88 0.000107761
0.11 -3.84 0.000107761
0.11 -3.8 0.000107761
0.11 -3.76 0.000107761
0.11 -3.72 0.000107761
0.11 -3.68 0.000107761
0.11 -3.64 0.000107761
0.11 -3.6 0.000107761
0.11 -3.56 0.000107761
0.11 -3.52 0.000107761
0.11 -3.48 0.000107761
0.11 -3.44 0.000107761
0.11 -3.4 0.000107761
0.11 -3.36 0.000107761
0.11 -3.32 0.000107761
0.11 -3.28 0.000107761
0.11 -3.24 0.000107761
0.11 -3.2 0.000107761
0.11 -3.16 0.000107761
0.11 -3.12 0.000107761
0.11 -3.08 0.000107761
0.11 -3.04 0.000107761
0.11 -3 0.000107761
0.11 -2.96 0.00010397
0.11 -2.92 0.000113772
0.11 -2.88 0.000127031
0.11 -2.84 0.000130371
0.11 -2.8 0.000139378
0.11 -2.76 0.000140546
0.11 -2.72 0.000144636
0.11 -2.68 0.000153506
0.11 -2.64 0.000176705
0.11 -2.6 0.000215033
0.11 -2.56 0.00026689
0.11 -2.52 0.0002963
0.11 -2.48 0.000372574
0.11 -2.44 0.000465663
0.11 -2.4 0.000516546
0.11 -2.36 0.000584143
0.11 -2.32 0.000695942
0.11 -2.28 0.000734545
0.11 -2.24 0.00080631
0.11 -2.2 0.000849551
0.11 -2.16 0.000890669
0.11 -2.12 0.000945124
0.11 -2.08 0.000922001
0.11 -2.04 0.00104974
0.11 -2 0.00122017
0.11 -1.96 0.00113941
0.11 -1.92 0.00125105
0.11 -1.88 0.00120572
0.11 -1.84 0.00118038
0.11 -1.8 0.00138635
0.11 -1.76 0.00152085
0.11 -1.72 0.00135482
0.11 -1.68 0.00149448
0.11 -1.64 0.00157228
0.11 -1.6 0.00150654
0.11 -1.56 0.00174046
0.11 -1.52 0.00173331
0.11 -1.48 0.00169424
0.11 -1.44 0.00181025
0.11 -1.4 0.00180486
0.11 -1.36 0.00182582
0.11 -1.32 0.00200099
0.11 -1.28 0.0019862
0.11 -1.24 0.00207738
0.11 -1.2 0.00221153
0.11 -1.16 0.00210271
0.11 -1.12 0.00221713
0.11 -1.08 0.00228996
0.11 -1.04 0.00239261
0.11 -1 0.00245185
0.11 -0.96 0.00243492
0.11 -0.92 0.00260948
0.11 -0.88 0.00265196
0.11 -0.84 0.00277891
0.11 -0.8 0.00282721
0.11 -0.76 0.00291022
0.11 -0.72 0.00298061
0.11 -0.68 0.00309028
0.11 -0.64 0.00318931
0.11 -0.6 0.00334106
0.11 -0.56 0.00349145
0.11 -0.52 0.00364154
0.11 -0.48 0.0038006
0.11 -0.44 0.00402685
0.11 -0.4 0.0042107
0.11 -0.36 0.00448678
0.11 -0.32 0.00473732
0.11 -0.28 0.00482909
0.11 -0.24 0.00489532
0.11 -0.2 0.0047565
0.11 -0.16 0.00442743
0.11 -0.12 0.00365235
0.11 -0.08 0.0025462
0.11 -0.04 0.00168951
0.11 0 0.00116997
0.11 0.04 0.000857505
0.11 0.08 0.000659019
0.11 0.12 0.000525404
0.11 0.16 0.000430918
0.11 0.2 0.000361355
0.11 0.24 0.000308458
0.11 0.28 0.000267151
0.11 0.32 0.000234174
0.11 0.36 0.00020736
0.11 0.4 0.000185208
0.11 0.44 0.000166659
0.11 0.48 0.000150949
0.11 0.52 0.000137503
0.11 0.56 0.000125891
0.11 0.6 0.000115782
0.11 0.64 0.000106924
0.11 0.68 9.91011e-05
0.11 0.72 9.2163e-05
0.11 0.76 8.5973e-05
0.11 0.8 8.04166e-05
0.11 0.84 7.5413e-05
0.11 0.88 7.08925e-05
0.11 0.92 6.67864e-05
0.11 0.96 6.30472e-05
0.11 1 0
0.11 1.04 0
0.11 1.08 0
0.11 1.12 0
0.11 1.16 0
0.11 1.2 0
0.11 1.24 0
0.11 1.28 0
0.11 1.32 0
0.11 1.36 0
0.11 1.4 0
0.11 1.44 0
0.11 1.48 0
0.11 1.52 0
0.11 1.56 0
0.11 1.6 0
0.11 1.64 0
0.11 1.68 0
0.11 1.72 0
0.11 1.76 0
0.11 1.8 0
0.11 1.84 0
0.11 1.88 0
0.11 1.92 0
0.11 1.96 0
0.11 2 0
0.11 2.04 0
0.11 2.08 0
0.11 2.12 0
0.11 2.16 0
0.11 2.2 0
0.11 2.24 0
0.11 2.28 0
0.11 2.32 0
0.11 2.36 0
0.11 2.4 0
0.11 2.44 0
0.11 2.48 0
0.11 2.52 0
0.11 2.56 0
0.11 2.6 0
0.11 2.64 0
0.11 2.68 0
0.11 2.72 0
0.11 2.76 0
0.11 2.8 0
0.11 2.84 0
0.11 2.88 0
0.11 2.92 0
0.11 2.96 0
0.11 3 0
0.115 -5 0.000108967
0.115 -4.96 0.000108967
0.115 -4.92 0.000108967
0.115 -4.88 0.000108967
0.115 -4.84 0.000108967
0.115 -4.8 0.000108967
0.115 -4.76 0.000108967
0.115 -4.72 0.000108967
0.115 -4.68 0.000108967
0.115 -4.64 0.000108967
0.115 -4.6 0.000108967
0.115 -4.56 0.000108967
0.115 -4.52 0.000108967
0.115 -4.48 0.000108967
0.115 -4.44 0.000108967
0.115 -4.4 0.000108967
0.115 -4.36 0.000108967
0.115 -4.32 0.000108967
0.115 -4.28 0.000108967
0.115 -4.24 0.000108967
0.115 -4.2 0.000108967
0.115 -4.16 0.000108967
0.115 -4.12 0.000108967
0.115 -4.08 0.000108967
0.115 -4.04 0.000108967
0.115 -4 0.000108967
0.115 -3.96 0.000108967
0.115 -3.92 0.000108967
0.115 -3.88 0.000108967
0.115 -3.84 0.000108967
0.115 -3.8 0.000108967
0.115 -3.76 0.000108967
0.115 -3.72 0.000108967
0.115 -3.68 0.000108967
0.115 -3.64 0.000108967
0.115 -3.6 0.000108967
0.115 -3.56 0.000108967
0.115 -3.52 0.000108967
0.115 -3.48 0.000108967
0.115 -3.44 0.000108967
0.115 -3.4 0.000108967
0.115 -3.36 0.000108967
0.115 -3.32 0.000108967
0.115 -3.28 0.000108967
0.115 -3.24 0.000108967
0.115 -3.2 0.000108967
0.115 -3.16 0.000108967
0.115 -3.12 0.000108967
0.115 -3.08 0.000108967
0.115 -3.04 0.000108967
0.115 -3 0.000108967
0.115 -2.96 0.000105727
0.115 -2.92 0.000116078
0.115 -2.88 0.000127447
0.115 -2.84 0.000128108
0.115 -2.8 0.000134651
0.115 -2.76 0.000137228
0.115 -2.72 0.000144567
0.115 -2.68 0.000150009
0.115 -2.64 0.000175136
0.115 -2.6 0.000214361
0.115 -2.56 0.000263672
0.115 -2.52 0.000293171
0.115 -2.48 0.000369598
0.115 -2.44 0.00046005
0.115 -2.4 0.000526662
0.115 -2.36 0.000591412
0.115 -2.32 0.000697388
0.115 -2.28 0.000738532
0.115 -2.24 0.000809965
0.115 -2.2 0.000841505
0.115 -2.16 0.000898265
0.115 -2.12 0.000950554
0.115 -2.08 0.000930862
0.115 -2.04 0.00105721
0.115 -2 0.0012377
0.115 -1.96 0.00115409
0.115 -1.92 0.00122397
0.115 -1.88 0.00123086
0.115 -1.84 0.00118865
0.115 -1.8 0.00137479
0.115 -1.76 0.00153179
0.115 -1.72 0.00137698
0.115 -1.68 0.0014961
0.115 -1.64 0.00157199
0.115 -1.6 0.00150779
0.115 -1.56 0.00172738
0.115 -1.52 0.00176137
0.115 -1.48 0.00170894
0.115 -1.44 0.00181666
0.115 -1.4 0.00180759
0.115 -1.36 0.00182158
0.115 -1.32 0.00199231
0.115 -1.28 0.00199513
0.115 -1.24 0.00209312
0.115 -1.2 0.00219707
0.115 -1.16 0.00212049
0.115 -1.12 0.00219885
0.115 -1.08 0.00230333
0.115 -1.04 0.00241782
0.115 -1 0.00244228
0.115 -0.96 0.0025217
0.115 -0.92 0.00260066
0.115 -0.88 0.00267345
0.115 -0.84 0.00277635
0.115 -0.8 0.00285499
0.115 -0.76 0.00293084
0.115 -0.72 0.00297514
0.115 -0.68 0.0030877
0.115 -0.64 0.00320782
0.115 -0.6 0.00334949
0.115 -0.56 0.00349571
0.115 -0.52 0.00368911
0.115 -0.48 0.00377421
0.115 -0.44 0.00404243
0.115 -0.4 0.00423897
0.115 -0.36 0.00448828
0.115 -0.32 0.00465453
0.115 -0.28 0.00482515
0.115 -0.24 0.00481643
0.115 -0.2 0.00468866
0.115 -0.16 0.00434871
0.115 -0.12 0.00362454
0.115 -0.08 0.00254959
0.115 -0.04 0.00169221
0.115 0 0.00117013
0.115 0.04 0.000856242
0.115 0.08 0.000657318
0.115 0.12 0.000523677
0.115 0.16 0.000429314
0.115 0.2 0.000359917
0.115 0.24 0.000307186
0.115 0.28 0.00026603
0.115 0.32 0.000233188
0.115 0.36 0.000206489
0.115 0.4 0.000184437
0.115 0.44 0.000165973
0.115 0.48 0.000150336
0.115 0.52 0.000136953
0.115 0.56 0.000125396
0.115 0.6 0.000115334
0.115 0.64 0.000106519
0.115 0.68 9.87323e-05
0.115 0.72 9.18261e-05
0.115 0.76 8.56647e-05
0.115 0.8 8.01331e-05
0.115 0.84 7.51518e-05
0.115 0.88 7.06512e-05
0.115 0.92 6.65637e-05
0.115 0.96 6.28405e-05
0.115 1 0
0.115 1.04 0
0.115 1.08 0
0.115 1.12 0
0.115 1.16 0
0.115 1.2 0
0.115 1.24 0
0.115 1.28 0
0.115 1.32 0
0.115 1.36 0
0.115 1.4 0
0.115 1.44 0
0.115 1.48 0
0.115 1.52 0
0.115 1.56 0
0.115 1.6 0
0.115 1.64 0
0.115 1.68 0
0.115 1.72 0
0.115 1.76 0
0.115 1.8 0
0.115 1.84 0
0.115 1.88 0
0.115 1.92 0
0.115 1.96 0
0.115 2 0
0.115 2.04 0
0.115 2.08 0
0.115 2.12 0
0.115 2.16 0
0.115 2.2 0
0.115 2.24 0
0.115 2.28 0
0.115 2.32 0
0.115 2.36 0
0.115 2.4 0
0.115 2.44 0
0.115 2.48 0
0.115 2.52 0
0.115 2.56 0
0.115 2.6 0
0.115 2.64 0
0.115 2.68 0
0.115 2.72 0
0.115 2.76 0
0.115 2.8 0
0.115 2.84 0
0.115 2.88 0
0.115 2.92 0
0.115 2.96 0
0.115 3 0
0.12 -5 0.000109741
0.12 -4.96 0.000109741
0.12 -4.92 0.000109741
0.12 -4.88 0.000109741
0.12 -4.84 0.000109741
0.12 -4.8 0.000109741
0.12 -4.76 0.000109741
0.12 -4.72 0.000109741
0.12 -4.68 0.000109741
0.12 -4.64 0.000109741
0.12 -4.6 0.000109741
0.12 -4.56 0.000109741
0.12 -4.52 0.000109741
0.12 -4.48 0.000109741
0.12 -4.44 0.000109741
0.12 -4.4 0.000109741
0.12 -4.36 0.000109741
0.12 -4.32 0.000109741
0.12 -4.28 0.000109741
0.12 -4.24 0.000109741
0.12 -4.2 0.000109741
0.12 -4.16 0.000109741
0.12 -4.12 0.000109741
0.12 -4.08 0.000109741
0.12 -4.04 0.000109741
0.12 -4 0.000109741
0.12 -3.96 0.000109741
0.12 -3.92 0.000109741
0.12 -3.88 0.000109741
0.12 -3.84 0.000109741
0.12 -3.8 0.000109741
0.12 -3.76 0.000109741
0.12 -3.72 0.000109741
0.12 -3.68 0.000109741
0.12 -3.64 0.000109741
0.12 -3.6 0.000109741
0.12 -3.56 0.000109741
0.12 -3.52 0.000109741
0.12 -3.48 0.000109741
0.12 -3.44 0.000109741
0.12 -3.4 0.000109741
0.12 -3.36 0.000109741
0.12 -3.32 0.000109741
0.12 -3.28 0.000109741
0.12 -3.24 0.000109741
0.12 -3.2 0.000109741
0.12 -3.16 0.000109741
0.12 -3.12 0.000109741
0.12 -3.08 0.000109741
0.12 -3.04 0.000109741
0.12 -3 0.000109741
0.12 -2.96 0.000106034
0.12 -2.92 0.000114662
0.12 -2.88 0.000126282
0.12 -2.84 0.000125321
0.12 -2.8 0.000132937
0.12 -2.76 0.000133436
0.12 -2.72 0.000134292
0.12 -2.68 0.0001453
0.12 -2.64 0.000174669
0.12 -2.6 0.000210443
0.12 -2.56 0.000262281
0.12 -2.52 0.000296985
0.12 -2.48 0.000367046
0.12 -2.44 0.000455287
0.12 -2.4 0.000524105
0.12 -2.36 0.000599304
0.12 -2.32 0.0006978
0.12 -2.28 0.000736522
0.12 -2.24 0.000809144
0.12 -2.2 0.000838345
0.12 -2.16 0.000898867
0.12 -2.12 0.000954957
0.12 -2.08 0.000939939
0.12 -2.04 0.0010711
0.12 -2 0.00124313
0.12 -1.96 0.00115148
0.12 -1.92 0.00121689
0.12 -1.88 0.00126316
0.12 -1.84 0.00118523
0.12 -1.8 0.00136325
0.12 -1.76 0.00154032
0.12 -1.72 0.0014064
0.12 -1.68 0.00149399
0.12 -1.64 0.00156306
0.12 -1.6 0.00150018
0.12 -1.56 0.00172022
0.12 -1.52 0.00177597
0.12 -1.48 0.00171786
0.12 -1.44 0.00180154
0.12 -1.4 0.00181288
0.12 -1.36 0.00181415
0.12 -1.32 0.00198721
0.12 -1.28 0.00201149
0.12 -1.24 0.00209733
0.12 -1.2 0.00221278
0.12 -1.16 0.00214231
0.12 -1.12 0.00221312
0.12 -1.08 0.0022958
0.12 -1.04 0.00244662
0.12 -1 0.00244511
0.12 -0.96 0.00256733
0.12 -0.92 0.00262137
0.12 -0.88 0.00269608
0.12 -0.84 0.00276579
0.12 -0.8 0.0028544
0.12 -0.76 0.00292906
0.12 -0.72 0.00299462
0.12 -0.68 0.00310762
0.12 -0.64 0.00324604
0.12 -0.6 0.00335128
0.12 -0.56 0.00351413
0.12 -0.52 0.00366486
0.12 -0.48 0.00379273
0.12 -0.44 0.0040369
0.12 -0.4 0.00427365
0.12 -0.36 0.00448366
0.12 -0.32 0.00460169
0.12 -0.28 0.00477533
0.12 -0.24 0.00471589
0.12 -0.2 0.00460337
0.12 -0.16 0.004275
0.12 -0.12 0.00359261
0.12 -0.08 0.0025517
0.12 -0.04 0.00169516
0.12 0 0.00117024
0.12 0.04 0.000854907
0.12 0.08 0.00065554
0.12 0.12 0.000521878
0.12 0.16 0.000427646
0.12 0.2 0.000358422
0.12 0.24 0.000305865
0.12 0.28 0.000264867
0.12 0.32 0.000232164
0.12 0.36 0.000205585
0.12 0.4 0.000183636
0.12 0.44 0.000165261
0.12 0.48 0.0001497
0.12 0.52 0.000136383
0.12 0.56 0.000124883
0.12 0.6 0.00011487
0.12 0.64 0.000106099
0.12 0.68 9.83497e-05
0.12 0.72 9.14765e-05
0.12 0.76 8.53447e-05
0.12 0.8 7.9839e-05
0.12 0.84 7.48809e-05
0.12 0.88 7.04007e-05
0.12 0.92 6.63326e-05
0.12 0.96 6.26259e-05
0.12 1 0
0.12 1.04 0
0.12 1.08 0
0.12 1.12 0
0.12 1.16 0
0.12 1.2 0
0.12 1.24 0
0.12 1.28 0
0.12 1.32 0
0.12 1.36 0
0.12 1.4 0
0.12 1.44 0
0.12 1.48 0
0.12 1.52 0
0.12 1.56 0
0.12 1.6 0
0.12 1.64 0
0.12 1.68 0
0.12 1.72 0
0.12 1.76 0
0.12 1.8 0
0.12 1.84 0
0.12 1.88 0
0.12 1.92 0
0.12 1.96 0
0.12 2 0
0.12 2.04 0
0.12 2.08 0
0.12 2.12 0
0.12 2.16 0
0.12 2.2 0
0.12 2.24 0
0.12 2.28 0
0.12 2.32 0
0.12 2.36 0
0.12 2.4 0
0.12 2.44 0
0.12 2.48 0
0.12 2.52 0
0.12 2.56 0
0.12 2.6 0
0.12 2.64 0
0.12 2.68 0
0.12 2.72 0
0.12 2.76 0
0.12 2.8 0
0.12 2.84 0
0.12 2.88 0
0.12 2.92 0
0.12 2.96 0
0.12 3 0
0.125 -5 0.00010988
0.125 -4.96 0.00010988
0.125 -4.92 0.00010988
0.125 -4.88 0.00010988
0.125 -4.84 0.00010988
0.125 -4.8 0.00010988
0.125 -4.76 0.00010988
0.125 -4.72 0.00010988
0.125 -4.68 0.00010988
0.125 -4.64 0.00010988
0.125 -4.6 0.00010988
0.125 -4.56 0.00010988
0.125 -4.52 0.00010988
0.125 -4.48 0.00010988
0.125 -4.44 0.00010988
0.125 -4.4 0.00010988
0.125 -4.36 0.00010988
0.125 -4.32 0.00010988
0.125 -4.28 0.00010988
0.125 -4.24 0.00010988
0.125 -4.2 0.00010988
0.125 -4.16 0.00010988
0.125 -4.12 0.00010988
0.125 -4.08 0.00010988
0.125 -4.04 0.00010988
0.125 -4 0.00010988
0.125 -3.96 0.00010988
0.125 -3.92 0.00010988
0.125 -3.88 0.00010988
0.125 -3.84 0.00010988
0.125 -3.8 0.00010988
0.125 -3.76 0.00010988
0.125 -3.72 0.00010988
0.125 -3.68 0.00010988
0.125 -3.64 0.00010988
0.125 -3.6 0.00010988
0.125 -3.56 0.00010988
0.125 -3.52 0.00010988
0.125 -3.48 0.00010988
0.125 -3.44 0.00010988
0.125 -3.4 0.00010988
0.125 -3.36 0.00010988
0.125 -3.32 0.00010988
0.125 -3.28 0.00010988
0.125 -3.24 0.00010988
0.125 -3.2 0.00010988
0.125 -3.16 0.00010988
0.125 -3.12 0.00010988
0.125 -3.08 0.00010988
0.125 -3.04 0.00010988
0.125 -3 0.00010988
0.125 -2.96 0.000104721
0.125 -2.92 0.000113624
0.125 -2.88 0.000124465
0.125 -2.84 0.000124345
0.125 -2.8 0.000134186
0.125 -2.76 0.000131786
0.125 -2.72 0.000125602
0.125 -2.68 0.000148435
0.125 -2.64 0.000177515
0.125 -2.6 0.000206182
0.125 -2.56 0.000262917
0.125 -2.52 0.000300386
0.125 -2.48 0.000364643
0.125 -2.44 0.000452098
0.125 -2.4 0.000518097
0.125 -2.36 0.00060495
0.125 -2.32 0.000696981
0.125 -2.28 0.000729893
0.125 -2.24 0.000802436
0.125 -2.2 0.000838868
0.125 -2.16 0.000895838
0.125 -2.12 0.000959476
0.125 -2.08 0.000950693
0.125 -2.04 0.00109313
0.125 -2 0.00123703
0.125 -1.96 0.00112867
0.125 -1.92 0.00123383
0.125 -1.88 0.00126899
0.125 -1.84 0.00117741
0.125 -1.8 0.00137088
0.125 -1.76 0.0015419
0.125 -1.72 0.0014251
0.125 -1.68 0.00149873
0.125 -1.64 0.00155336
0.125 -1.6 0.00149202
0.125 -1.56 0.00171435
0.125 -1.52 0.00175993
0.125 -1.48 0.00171457
0.125 -1.44 0.00179929
0.125 -1.4 0.0018209
0.125 -1.36 0.00182237
0.125 -1.32 0.00198908
0.125 -1.28 0.00202414
0.125 -1.24 0.00208301
0.125 -1.2 0.00224074
0.125 -1.16 0.00216296
0.125 -1.12 0.00224537
0.125 -1.08 0.00230198
0.125 -1.04 0.00246683
0.125 -1 0.00245379
0.125 -0.96 0.00254461
0.125 -0.92 0.00265674
0.125 -0.88 0.00269944
0.125 -0.84 0.00275196
0.125 -0.8 0.00282524
0.125 -0.76 0.00290287
0.125 -0.72 0.00302919
0.125 -0.68 0.00312869
0.125 -0.64 0.00324979
0.125 -0.6 0.00336336
0.125 -0.56 0.00350311
0.125 -0.52 0.00362409
0.125 -0.48 0.00384147
0.125 -0.44 0.00401638
0.125 -0.4 0.0042875
0.125 -0.36 0.00447084
0.125 -0.32 0.0046058
0.125 -0.28 0.00466925
0.125 -0.24 0.00462751
0.125 -0.2 0.00449951
0.125 -0.16 0.00420771
0.125 -0.12 0.00355812
0.125 -0.08 0.00255132
0.125 -0.04 0.00169847
0.125 0 0.0011703
0.125 0.04 0.000853498
0.125 0.08 0.000653685
0.125 0.12 0.000520007
0.125 0.16 0.000425914
0.125 0.2 0.000356872
0.125 0.24 0.000304497
0.125 0.28 0.000263662
0.125 0.32 0.000231104
0.125 0.36 0.000204649
0.125 0.4 0.000182807
0.125 0.44 0.000164524
0.125 0.48 0.000149042
0.125 0.52 0.000135792
0.125 0.56 0.000124351
0.125 0.6 0.000114389
0.125 0.64 0.000105663
0.125 0.68 9.79536e-05
0.125 0.72 9.11146e-05
0.125 0.76 8.50135e-05
0.125 0.8 7.95344e-05
0.125 0.84 7.46003e-05
0.125 0.88 7.01414e-05
0.125 0.92 6.60931e-05
0.125 0.96 6.24037e-05
0.125 1 0
0.125 1.04 0
0.125 1.08 0
0.125 1.12 0
0.125 1.16 0
0.125 1.2 0
0.125 1.24 0
0.125 1.28 0
0.125 1.32 0
0.125 1.36 0
0.125 1.4 0
0.125 1.44 0
0.125 1.48 0
0.125 1.52 0
0.125 1.56 0
0.125 1.6 0
0.125 1.64 0
0.125 1.68 0
0.125 1.72 0
0.125 1.76 0
0.125 1.8 0
0.125 1.84 0
0.125 1.88 0
0.125 1.92 0
0.125 1.96 0
0.125 2 0
0.125 2.04 0
0.125 2.08 0
0.125 2.12 0
0.125 2.16 0
0.125 2.2 0
0.125 2.24 0
0.125 2.28 0
0.125 2.32 0
0.125 2.36 0
0.125 2.4 0
0.125 2.44 0
0.125 2.48 0
0.125 2.52 0
0.125 2.56 0
0.125 2.6 0
0.125 2.64 0
0.125 2.68 0
0.125 2.72 0
0.125 2.76 0
0.125 2.8 0
0.125 2.84 0
0.125 2.88 0
0.125 2.92 0
0.125 2.96 0
0.125 3 0
0.13 -5 0.000109435
0.13 -4.96 0.000109435
0.13 -4.92 0.000109435
0.13 -4.88 0.000109435
0.13 -4.84 0.000109435
0.13 -4.8 0.000109435
0.13 -4.76 0.000109435
0.13 -4.72 0.000109435
0.13 -4.68 0.000109435
0.13 -4.64 0.000109435
0.13 -4.6 0.000109435
0.13 -4.56 0.000109435
0.13 -4.52 0.000109435
0.13 -4.48 0.000109435
0.13 -4.44 0.000109435
0.13 -4.4 0.000109435
0.13 -4.36 0.000109435
0.13 -4.32 0.000109435
0.13 -4.28 0.000109435
0.13 -4.24 0.000109435
0.13 -4.2 0.000109435
0.13 -4.16 0.000109435
0.13 -4.12 0.000109435
0.13 -4.08 0.000109435
0.13 -4.04 0.000109435
0.13 -4 0.000109435
0.13 -3.96 0.000109435
0.13 -3.92 0.000109435
0.13 -3.88 0.000109435
0.13 -3.84 0.000109435
0.13 -3.8 0.000109435
0.13 -3.76 0.000109435
0.13 -3.72 0.000109435
0.13 -3.68 0.000109435
0.13 -3.64 0.000109435
0.13 -3.6 0.000109435
0.13 -3.56 0.000109435
0.13 -3.52 0.000109435
0.13 -3.48 0.000109435
0.13 -3.44 0.000109435
0.13 -3.4 0.000109435
0.13 -3.36 0.000109435
0.13 -3.32 0.000109435
0.13 -3.28 0.000109435
0.13 -3.24 0.000109435
0.13 -3.2 0.000109435
0.13 -3.16 0.000109435
0.13 -3.12 0.000109435
0.13 -3.08 0.000109435
0.13 -3.04 0.000109435
0.13 -3 0.000109435
0.13 -2.96 0.00010268
0.13 -2.92 0.000116114
0.13 -2.88 0.000123733
0.13 -2.84 0.000126116
0.13 -2.8 0.00013584
0.13 -2.76 0.000132778
0.13 -2.72 0.000129587
0.13 -2.68 0.00015815
0.13 -2.64 0.000179859
0.13 -2.6 0.000203159
0.13 -2.56 0.000260022
0.13 -2.52 0.000298986
0.13 -2.48 0.000362827
0.13 -2.44 0.000450369
0.13 -2.4 0.000519792
0.13 -2.36 0.000606879
0.13 -2.32 0.00069735
0.13 -2.28 0.000725521
0.13 -2.24 0.000794805
0.13 -2.2 0.000839691
0.13 -2.16 0.000896925
0.13 -2.12 0.000963481
0.13 -2.08 0.000963416
0.13 -2.04 0.00110862
0.13 -2 0.00123765
0.13 -1.96 0.0011059
0.13 -1.92 0.00123552
0.13 -1.88 0.00124899
0.13 -1.84 0.00117385
0.13 -1.8 0.00138571
0.13 -1.76 0.00154055
0.13 -1.72 0.00143532
0.13 -1.68 0.0015138
0.13 -1.64 0.00155732
0.13 -1.6 0.0014975
0.13 -1.56 0.00170293
0.13 -1.52 0.00174506
0.13 -1.48 0.00170994
0.13 -1.44 0.0018293
0.13 -1.4 0.00182989
0.13 -1.36 0.00184009
0.13 -1.32 0.00199993
0.13 -1.28 0.00202283
0.13 -1.24 0.00208317
0.13 -1.2 0.00224303
0.13 -1.16 0.00217764
0.13 -1.12 0.00224485
0.13 -1.08 0.00234415
0.13 -1.04 0.00246643
0.13 -1 0.00246899
0.13 -0.96 0.00251377
0.13 -0.92 0.00266778
0.13 -0.88 0.00268877
0.13 -0.84 0.00273936
0.13 -0.8 0.00281139
0.13 -0.76 0.00288397
0.13 -0.72 0.00305346
0.13 -0.68 0.00312736
0.13 -0.64 0.00320385
0.13 -0.6 0.00338432
0.13 -0.56 0.00346364
0.13 -0.52 0.00363451
0.13 -0.48 0.00386571
0.13 -0.44 0.00401684
0.13 -0.4 0.00427115
0.13 -0.36 0.00445568
0.13 -0.32 0.00461409
0.13 -0.28 0.00456848
0.13 -0.24 0.00456414
0.13 -0.2 0.00440079
0.13 -0.16 0.00414092
0.13 -0.12 0.00352252
0.13 -0.08 0.00254926
0.13 -0.04 0.00170138
0.13 0 0.00117029
0.13 0.04 0.000852013
0.13 0.08 0.000651752
0.13 0.12 0.000518064
0.13 0.16 0.000424119
0.13 0.2 0.000355267
0.13 0.24 0.000303081
0.13 0.28 0.000262417
0.13 0.32 0.000230008
0.13 0.36 0.000203681
0.13 0.4 0.000181951
0.13 0.44 0.000163762
0.13 0.48 0.000148362
0.13 0.52 0.000135182
0.13 0.56 0.000123802
0.13 0.6 0.000113893
0.13 0.64 0.000105214
0.13 0.68 9.75443e-05
0.13 0.72 9.07406e-05
0.13 0.76 8.46711e-05
0.13 0.8 7.92196e-05
0.13 0.84 7.43104e-05
0.13 0.88 6.98733e-05
0.13 0.92 6.58457e-05
0.13 0.96 6.21739e-05
0.13 1 0
0.13 1.04 0
0.13 1.08 0
0.13 1.12 0
0.13 1.16 0
0.13 1.2 0
0.13 1.24 0
0.13 1.28 0
0.13 1.32 0
0.13 1.36 0
0.13 1.4 0
0.13 1.44 0
0.13 1.48 0
0.13 1.52 0
0.13 1.56 0
0.13 1.6 0
0.13 1.64 0
0.13 1.68 0
0.13 1.72 0
0.13 1.76 0
0.13 1.8 0
0.13 1.84 0
0.13 1.88 0
0.13 1.92 0
0.13 1.96 0
0.13 2 0
0.13 2.04 0
0.13 2.08 0
0.13 2.12 0
0.13 2.16 0
0.13 2.2 0
0.13 2.24 0
0.13 2.28 0
0.13 2.32 0
0.13 2.36 0
0.13 2.4 0
0.13 2.44 0
0.13 2.48 0
0.13 2.52 0
0.13 2.56 0
0.13 2.6 0
0.13 2.64 0
0.13 2.68 0
0.13 2.72 0
0.13 2.76 0
0.13 2.8 0
0.13 2.84 0
0.13 2.88 0
0.13 2.92 0
0.13 2.96 0
0.13 3 0
0.135 -5 0.000109335
0.135 -4.96 0.000109335
0.135 -4.92 0.000109335
0.135 -4.88 0.000109335
0.135 -4.84 0.000109335
0.135 -4.8 0.000109335
0.135 -4.76 0.000109335
0.135 -4.72 0.000109335
0.135 -4.68 0.000109335
0.135 -4.64 0.000109335
0.135 -4.6 0.000109335
0.135 -4.56 0.000109335
0.135 -4.52 0.000109335
0.135 -4.48 0.000109335
0.135 -4.44 0.000109335
0.135 -4.4 0.000109335
0.135 -4.36 0.000109335
0.135 -4.32 0.000109335
0.135 -4.28 0.000109335
0.135 -4.24 0.000109335
0.135 -4.2 0.000109335
0.135 -4.16 0.000109335
0.135 -4.12 0.000109335
0.135 -4.08 0.000109335
0.135 -4.04 0.000109335
0.135 -4 0.000109335
0.135 -3.96 0.000109335
0.135 -3.92 0.000109335
0.135 -3.88 0.000109335
0.135 -3.84 0.000109335
0.135 -3.8 0.000109335
0.135 -3.76 0.000109335
0.135 -3.72 0.000109335
0.135 -3.68 0.000109335
0.135 -3.64 0.000109335
0.135 -3.6 0.000109335
0.135 -3.56 0.000109335
0.135 -3.52 0.000109335
0.135 -3.48 0.000109335
0.135 -3.44 0.000109335
0.135 -3.4 0.000109335
0.135 -3.36 0.000109335
0.135 -3.32 0.000109335
0.135 -3.28 0.000109335
0.135 -3.24 0.000109335
0.135 -3.2 0.000109335
0.135 -3.16 0.000109335
0.135 -3.12 0.000109335
0.135 -3.08 0.000109335
0.135 -3.04 0.000109335
0.135 -3 0.000109335
0.135 -2.96 0.000100796
0.135 -2.92 0.000118243
0.135 -2.88 0.00012384
0.135 -2.84 0.00012895
0.135 -2.8 0.000136205
0.135 -2.76 0.000135052
0.135 -2.72 0.000139354
0.135 -2.68 0.000166975
0.135 -2.64 0.000177934
0.135 -2.6 0.000200021
0.135 -2.56 0.000253001
0.135 -2.52 0.000297231
0.135 -2.48 0.00036281
0.135 -2.44 0.000449607
0.135 -2.4 0.000525021
0.135 -2.36 0.000606061
0.135 -2.32 0.00069934
0.135 -2.28 0.000726286
0.135 -2.24 0.000792151
0.135 -2.2 0.000838837
0.135 -2.16 0.00090479
0.135 -2.12 0.000968842
0.135 -2.08 0.000975157
0.135 -2.04 0.00110623
0.135 -2 0.00125025
0.135 -1.96 0.00110624
0.135 -1.92 0.00121624
0.135 -1.88 0.00123917
0.135 -1.84 0.00117732
0.135 -1.8 0.00139099
0.135 -1.76 0.00153982
0.135 -1.72 0.00145639
0.135 -1.68 0.00153316
0.135 -1.64 0.0015792
0.135 -1.6 0.00151624
0.135 -1.56 0.0016992
0.135 -1.52 0.00175853
0.135 -1.48 0.00172246
0.135 -1.44 0.00186248
0.135 -1.4 0.0018361
0.135 -1.36 0.00184369
0.135 -1.32 0.00201502
0.135 -1.28 0.00201454
0.135 -1.24 0.0021135
0.135 -1.2 0.00222357
0.135 -1.16 0.00218571
0.135 -1.12 0.00221717
0.135 -1.08 0.00238851
0.135 -1.04 0.00245354
0.135 -1 0.00249873
0.135 -0.96 0.00251495
0.135 -0.92 0.00265576
0.135 -0.88 0.0026794
0.135 -0.84 0.0027371
0.135 -0.8 0.00283158
0.135 -0.76 0.00289828
0.135 -0.72 0.00305523
0.135 -0.68 0.00312688
0.135 -0.64 0.00316746
0.135 -0.6 0.00338925
0.135 -0.56 0.00345546
0.135 -0.52 0.00366679
0.135 -0.48 0.00384498
0.135 -0.44 0.00404618
0.135 -0.4 0.00424087
0.135 -0.36 0.00444164
0.135 -0.32 0.00457738
0.135 -0.28 0.00452494
0.135 -0.24 0.0045068
0.135 -0.2 0.00432438
0.135 -0.16 0.00406873
0.135 -0.12 0.00348533
0.135 -0.08 0.00254717
0.135 -0.04 0.0017034
0.135 0 0.00117021
0.135 0.04 0.000850449
0.135 0.08 0.000649741
0.135 0.12 0.000516051
0.135 0.16 0.000422263
0.135 0.2 0.00035361
0.135 0.24 0.000301619
0.135 0.28 0.000261131
0.135 0.32 0.000228877
0.135 0.36 0.000202683
0.135 0.4 0.000181068
0.135 0.44 0.000162977
0.135 0.48 0.00014766
0.135 0.52 0.000134553
0.135 0.56 0.000123236
0.135 0.6 0.000113381
0.135 0.64 0.00010475
0.135 0.68 9.71221e-05
0.135 0.72 9.03548e-05
0.135 0.76 8.43179e-05
0.135 0.8 7.88948e-05
0.135 0.84 7.40112e-05
0.135 0.88 6.95968e-05
0.135 0.92 6.55903e-05
0.135 0.96 6.19368e-05
0.135 1 0
0.135 1.04 0
0.135 1.08 0
0.135 1.12 0
0.135 1.16 0
0.135 1.2 0
0.135 1.24 0
0.135 1.28 0
0.135 1.32 0
0.135 1.36 0
0.135 1.4 0
0.135 1.44 0
0.135 1.48 0
0.135 1.52 0
0.135 1.56 0
0.135 1.6 0
0.135 1.64 0
0.135 1.68 0
0.135 1.72 0
0.135 1.76 0
0.135 1.8 0
0.135 1.84 0
0.135 1.88 0
0.135 1.92 0
0.135 1.96 0
0.135 2 0
0.135 2.04 0
0.135 2.08 0
0.135 2.12 0
0.135 2.16 0
0.135 2.2 0
0.135 2.24 0
0.135 2.28 0
0.135 2.32 0
0.135 2.36 0
0.135 2.4 0
0.135 2.44 0
0.135 2.48 0
0.135 2.52 0
0.135 2.56 0
0.135 2.6 0
0.135 2.64 0
0.135 2.68 0
0.135 2.72 0
0.135 2.76 0
0.135 2.8 0
0.135 2.84 0
0.135 2.88 0
0.135 2.92 0
0.135 2.96 0
0.135 3 0
0.14 -5 0.000110299
0.14 -4.96 0.000110299
0.14 -4.92 0.000110299
0.14 -4.88 0.000110299
0.14 -4.84 0.000110299
0.14 -4.8 0.000110299
0.14 -4.76 0.000110299
0.14 -4.72 0.000110299
0.14 -4.68 0.000110299
0.14 -4.64 0.000110299
0.14 -4.6 0.000110299
0.14 -4.56 0.000110299
0.14 -4.52 0.000110299
0.14 -4.48 0.000110299
0.14 -4.44 0.000110299
0.14 -4.4 0.000110299
0.14 -4.36 0.000110299
0.14 -4.32 0.000110299
0.14 -4.28 0.000110299
0.14 -4.24 0.000110299
0.14 -4.2 0.000110299
0.14 -4.16 0.000110299
0.14 -4.12 0.000110299
0.14 -4.08 0.000110299
0.14 -4.04 0.000110299
0.14 -4 0.000110299
0.14 -3.96 0.000110299
0.14 -3.92 0.000110299
0.14 -3.88 0.000110299
0.14 -3.84 0.000110299
0.14 -3.8 0.000110299
0.14 -3.76 0.000110299
0.14 -3.72 0.000110299
0.14 -3.68 0.000110299
0.14 -3.64 0.000110299
0.14 -3.6 0.000110299
0.14 -3.56 0.000110299
0.14 -3.52 0.000110299
0.14 -3.48 0.000110299
0.14 -3.44 0.000110299
0.14 -3.4 0.000110299
0.14 -3.36 0.000110299
0.14 -3.32 0.000110299
0.14 -3.28 0.000110299
0.14 -3.24 0.000110299
0.14 -3.2 0.000110299
0.14 -3.16 0.000110299
0.14 -3.12 0.000110299
0.14 -3.08 0.000110299
0.14 -3.04 0.000110299
0.14 -3 0.000110299
0.14 -2.96 9.96663e-05
0.14 -2.92 0.000116434
0.14 -2.88 0.000122972
0.14 -2.84 0.000130119
0.14 -2.8 0.000135883
0.14 -2.76 0.000137296
0.14 -2.72 0.000140305
0.14 -2.68 0.000171877
0.14 -2.64 0.000174345
0.14 -2.6 0.000199166
0.14 -2.56 0.000248843
0.14 -2.52 0.000298821
0.14 -2.48 0.000364545
0.14 -2.44 0.00044887
0.14 -2.4 0.000524545
0.14 -2.36 0.000603713
0.14 -2.32 0.000699179
0.14 -2.28 0.000727846
0.14 -2.24 0.000793249
0.14 -2.2 0.000837762
0.14 -2.16 0.000915428
0.14 -2.12 0.000979891
0.14 -2.08 0.000982711
0.14 -2.04 0.00109794
0.14 -2 0.00126103
0.14 -1.96 0.0011281
0.14 -1.92 0.00121349
0.14 -1.88 0.00126093
0.14 -1.84 0.00118604
0.14 -1.8 0.00139323
0.14 -1.76 0.0015368
0.14 -1.72 0.0014936
0.14 -1.68 0.0015527
0.14 -1.64 0.00160793
0.14 -1.6 0.00153429
0.14 -1.56 0.0017148
0.14 -1.52 0.00177991
0.14 -1.48 0.00175064
0.14 -1.44 0.00186831
0.14 -1.4 0.00183758
0.14 -1.36 0.00183319
0.14 -1.32 0.00202453
0.14 -1.28 0.002015
0.14 -1.24 0.00214178
0.14 -1.2 0.00221688
0.14 -1.16 0.00219091
0.14 -1.12 0.00222347
0.14 -1.08 0.0023943
0.14 -1.04 0.0024482
0.14 -1 0.00253378
0.14 -0.96 0.00251675
0.14 -0.92 0.00265449
0.14 -0.88 0.00267883
0.14 -0.84 0.00275654
0.14 -0.8 0.00284726
0.14 -0.76 0.00293206
0.14 -0.72 0.00304437
0.14 -0.68 0.00315764
0.14 -0.64 0.00319437
0.14 -0.6 0.00337217
0.14 -0.56 0.00350293
0.14 -0.52 0.00365848
0.14 -0.48 0.00382114
0.14 -0.44 0.00406966
0.14 -0.4 0.00422109
0.14 -0.36 0.00442205
0.14 -0.32 0.00451166
0.14 -0.28 0.00451375
0.14 -0.24 0.00443528
0.14 -0.2 0.00426007
0.14 -0.16 0.00399214
0.14 -0.12 0.00344603
0.14 -0.08 0.0025451
0.14 -0.04 0.00170509
0.14 0 0.00117005
0.14 0.04 0.000848805
0.14 0.08 0.000647651
0.14 0.12 0.000513968
0.14 0.16 0.000420345
0.14 0.2 0.000351899
0.14 0.24 0.000300111
0.14 0.28 0.000259807
0.14 0.32 0.000227712
0.14 0.36 0.000201656
0.14 0.4 0.000180159
0.14 0.44 0.000162168
0.14 0.48 0.000146938
0.14 0.52 0.000133906
0.14 0.56 0.000122653
0.14 0.6 0.000112854
0.14 0.64 0.000104272
0.14 0.68 9.66874e-05
0.14 0.72 8.99575e-05
0.14 0.76 8.39541e-05
0.14 0.8 7.85604e-05
0.14 0.84 7.37031e-05
0.14 0.88 6.9312e-05
0.14 0.92 6.53272e-05
0.14 0.96 6.16925e-05
0.14 1 0
0.14 1.04 0
0.14 1.08 0
0.14 1.12 0
0.14 1.16 0
0.14 1.2 0
0.14 1.24 0
0.14 1.28 0
0.14 1.32 0
0.14 1.36 0
0.14 1.4 0
0.14 1.44 0
0.14 1.48 0
0.14 1.52 0
0.14 1.56 0
0.14 1.6 0
0.14 1.64 0
0.14 1.68 0
0.14 1.72 0
0.14 1.76 0
0.14 1.8 0
0.14 1.84 0
0.14 1.88 0
0.14 1.92 0
0.14 1.96 0
0.14 2 0
0.14 2.04 0
0.14 2.08 0
0.14 2.12 0
0.14 2.16 0
0.14 2.2 0
0.14 2.24 0
0.14 2.28 0
0.14 2.32 0
0.14 2.36 0
0.14 2.4 0
0.14 2.44 0
0.14 2.48 0
0.14 2.52 0
0.14 2.56 0
0.14 2.6 0
0.14 2.64 0
0.14 2.68 0
0.14 2.72 0
0.14 2.76 0
0.14 2.8 0
0.14 2.84 0
0.14 2.88 0
0.14 2.92 0
0.14 2.96 0
0.14 3 0
0.145 -5 0.000111764
0.145 -4.96 0.000111764
0.145 -4.92 0.000111764
0.145 -4.88 0.000111764
0.145 -4.84 0.000111764
0.145 -4.8 0.000111764
0.145 -4.76 0.000111764
0.145 -4.72 0.000111764
0.145 -4.68 0.000111764
0.145 -4.64 0.000111764
0.145 -4.6 0.000111764
0.145 -4.56 0.000111764
0.145 -4.52 0.000111764
0.145 -4.48 0.000111764
0.145 -4.44 0.000111764
0.145 -4.4 0.000111764
0.145 -4.36 0.000111764
0.145 -4.32 0.000111764
0.145 -4.28 0.000111764
0.145 -4.24 0.000111764
0.145 -4.2 0.000111764
0.145 -4.16 0.000111764
0.145 -4.12 0.000111764
0.145 -4.08 0.000111764
0.145 -4.04 0.000111764
0.145 -4 0.000111764
0.145 -3.96 0.000111764
0.145 -3.92 0.000111764
0.145 -3.88 0.000111764
0.145 -3.84 0.000111764
0.145 -3.8 0.000111764
0.145 -3.76 0.000111764
0.145 -3.72 0.000111764
0.145 -3.68 0.000111764
0.145 -3.64 0.000111764
0.145 -3.6 0.000111764
0.145 -3.56 0.000111764
0.145 -3.52 0.000111764
0.145 -3.48 0.000111764
0.145 -3.44 0.000111764
0.145 -3.4 0.000111764
0.145 -3.36 0.000111764
0.145 -3.32 0.000111764
0.145 -3.28 0.000111764
0.145 -3.24 0.000111764
0.145 -3.2 0.000111764
0.145 -3.16 0.000111764
0.145 -3.12 0.000111764
0.145 -3.08 0.000111764
0.145 -3.04 0.000111764
0.145 -3 0.000111764
0.145 -2.96 9.99763e-05
0.145 -2.92 0.000114508
0.145 -2.88 0.0001207
0.145 -2.84 0.000128846
0.145 -2.8 0.000136712
0.145 -2.76 0.000139685
0.145 -2.72 0.000132739
0.145 -2.68 0.000173385
0.145 -2.64 0.000174098
0.145 -2.6 0.000205174
0.145 -2.56 0.00025064
0.145 -2.52 0.000299439
0.145 -2.48 0.000367211
0.145 -2.44 0.000447058
0.145 -2.4 0.00052113
0.145 -2.36 0.000599954
0.145 -2.32 0.000693743
0.145 -2.28 0.000725478
0.145 -2.24 0.000792116
0.145 -2.2 0.000840175
0.145 -2.16 0.000924345
0.145 -2.12 0.000995978
0.145 -2.08 0.000986215
0.145 -2.04 0.00110279
0.145 -2 0.00126174
0.145 -1.96 0.00114614
0.145 -1.92 0.00123609
0.145 -1.88 0.00129205
0.145 -1.84 0.00119716
0.145 -1.8 0.00140388
0.145 -1.76 0.00152822
0.145 -1.72 0.00152256
0.145 -1.68 0.00157442
0.145 -1.64 0.00163165
0.145 -1.6 0.00154429
0.145 -1.56 0.00173132
0.145 -1.52 0.00177748
0.145 -1.48 0.00177039
0.145 -1.44 0.00186474
0.145 -1.4 0.0018396
0.145 -1.36 0.00183595
0.145 -1.32 0.00202698
0.145 -1.28 0.00202686
0.145 -1.24 0.00213966
0.145 -1.2 0.00222813
0.145 -1.16 0.00219651
0.145 -1.12 0.00227816
0.145 -1.08 0.00237978
0.145 -1.04 0.00245976
0.145 -1 0.0025496
0.145 -0.96 0.00249768
0.145 -0.92 0.00266752
0.145 -0.88 0.00268652
0.145 -0.84 0.00279611
0.145 -0.8 0.00282777
0.145 -0.76 0.00295364
0.145 -0.72 0.00303806
0.145 -0.68 0.00319494
0.145 -0.64 0.00325137
0.145 -0.6 0.00336398
0.145 -0.56 0.00354893
0.145 -0.52 0.00363113
0.145 -0.48 0.0038379
0.145 -0.44 0.00406228
0.145 -0.4 0.00422004
0.145 -0.36 0.0043906
0.145 -0.32 0.00445529
0.145 -0.28 0.00447492
0.145 -0.24 0.00435069
0.145 -0.2 0.00418714
0.145 -0.16 0.00391759
0.145 -0.12 0.00340592
0.145 -0.08 0.00254127
0.145 -0.04 0.00170731
0.145 0 0.00116979
0.145 0.04 0.000847077
0.145 0.08 0.000645484
0.145 0.12 0.000511815
0.145 0.16 0.000418368
0.145 0.2 0.000350138
0.145 0.24 0.00029856
0.145 0.28 0.000258444
0.145 0.32 0.000226515
0.145 0.36 0.000200599
0.145 0.4 0.000179224
0.145 0.44 0.000161337
0.145 0.48 0.000146196
0.145 0.52 0.00013324
0.145 0.56 0.000122054
0.145 0.6 0.000112312
0.145 0.64 0.000103781
0.145 0.68 9.62405e-05
0.145 0.72 8.95491e-05
0.145 0.76 8.35801e-05
0.145 0.8 7.82165e-05
0.145 0.84 7.33863e-05
0.145 0.88 6.90191e-05
0.145 0.92 6.50566e-05
0.145 0.96 6.14413e-05
0.145 1 0
0.145 1.04 0
0.145 1.08 0
0.145 1.12 0
0.145 1.16 0
0.145 1.2 0
0.145 1.24 0
0.145 1.28 0
0.145 1.32 0
0.145 1.36 0
0.145 1.4 0
0.145 1.44 0
0.145 1.48 0
0.145 1.52 0
0.145 1.56 0
0.145 1.6 0
0.145 1.64 0
0.145 1.68 0
0.145 1.72 0
0.145 1.76 0
0.145 1.8 0
0.145 1.84 0
0.145 1.88 0
0.145 1.92 0
0.145 1.96 0
0.145 2 0
0.145 2.04 0
0.145 2.08 0
0.145 2.12 0
0.145 2.16 0
0.145 2.2 0
0.145 2.24 0
0.145 2.28 0
0.145 2.32 0
0.145 2.36 0
0.145 2.4 0
0.145 2.44 0
0.145 2.48 0
0.145 2.52 0
0.145 2.56 0
0.145 2.6 0
0.145 2.64 0
0.145 2.68 0
0.145 2.72 0
0.145 2.76 0
0.145 2.8 0
0.145 2.84 0
0.145 2.88 0
0.145 2.92 0
0.145 2.96 0
0.145 3 0
0.15 -5 0.000112676
0.15 -4.96 0.000112676
0.15 -4.92 0.000112676
0.15 -4.88 0.000112676
0.15 -4.84 0.000112676
0.15 -4.8 0.000112676
0.15 -4.76 0.000112676
0.15 -4.72 0.000112676
0.15 -4.68 0.000112676
0.15 -4.64 0.000112676
0.15 -4.6 0.000112676
0.15 -4.56 0.000112676
0.15 -4.52 0.000112676
0.15 -4.48 0.000112676
0.15 -4.44 0.000112676
0.15 -4.4 0.000112676
0.15 -4.36 0.000112676
0.15 -4.32 0.000112676
0.15 -4.28 0.000112676
0.15 -4.24 0.000112676
0.15 -4.2 0.000112676
0.15 -4.16 0.000112676
0.15 -4.12 0.000112676
0.15 -4.08 0.000112676
0.15 -4.04 0.000112676
0.15 -4 0.000112676
0.15 -3.96 0.000112676
0.15 -3.92 0.000112676
0.15 -3.88 0.000112676
0.15 -3.84 0.000112676
0.15 -3.8 0.000112676
0.15 -3.76 0.000112676
0.15 -3.72 0.000112676
0.15 -3.68 0.000112676
0.15 -3.64 0.000112676
0.15 -3.6 0.000112676
0.15 -3.56 0.000112676
0.15 -3.52 0.000112676
0.15 -3.48 0.000112676
0.15 -3.44 0.000112676
0.15 -3.4 0.000112676
0.15 -3.36 0.000112676
0.15 -3.32 0.000112676
0.15 -3.28 0.000112676
0.15 -3.24 0.000112676
0.15 -3.2 0.000112676
0.15 -3.16 0.000112676
0.15 -3.12 0.000112676
0.15 -3.08 0.000112676
0.15 -3.04 0.000112676
0.15 -3 0.000112676
0.15 -2.96 0.000102151
0.15 -2.92 0.000117009
0.15 -2.88 0.000118532
0.15 -2.84 0.000127322
0.15 -2.8 0.000139915
0.15 -2.76 0.000143189
0.15 -2.72 0.000131427
0.15 -2.68 0.00017068
0.15 -2.64 0.00017685
0.15 -2.6 0.000213829
0.15 -2.56 0.00025182
0.15 -2.52 0.000295008
0.15 -2.48 0.000370509
0.15 -2.44 0.000443964
0.15 -2.4 0.000522845
0.15 -2.36 0.000595442
0.15 -2.32 0.000685817
0.15 -2.28 0.000720121
0.15 -2.24 0.000787599
0.15 -2.2 0.000847652
0.15 -2.16 0.000930668
0.15 -2.12 0.00101024
0.15 -2.08 0.0009881
0.15 -2.04 0.00111781
0.15 -2 0.00125963
0.15 -1.96 0.00114356
0.15 -1.92 0.00124535
0.15 -1.88 0.0013003
0.15 -1.84 0.00120721
0.15 -1.8 0.00141267
0.15 -1.76 0.00151649
0.15 -1.72 0.0015191
0.15 -1.68 0.00159803
0.15 -1.64 0.00164871
0.15 -1.6 0.00155507
0.15 -1.56 0.00172398
0.15 -1.52 0.00175701
0.15 -1.48 0.00176762
0.15 -1.44 0.00188658
0.15 -1.4 0.0018507
0.15 -1.36 0.00186289
0.15 -1.32 0.00203095
0.15 -1.28 0.00203821
0.15 -1.24 0.00212943
0.15 -1.2 0.00222952
0.15 -1.16 0.00220255
0.15 -1.12 0.00231886
0.15 -1.08 0.0023918
0.15 -1.04 0.00248394
0.15 -1 0.00254324
0.15 -0.96 0.00249987
0.15 -0.92 0.00266145
0.15 -0.88 0.0026954
0.15 -0.84 0.00283598
0.15 -0.8 0.00280688
0.15 -0.76 0.00295755
0.15 -0.72 0.00304398
0.15 -0.68 0.00319424
0.15 -0.64 0.00326853
0.15 -0.6 0.0033872
0.15 -0.56 0.00354035
0.15 -0.52 0.00365108
0.15 -0.48 0.0038766
0.15 -0.44 0.00404211
0.15 -0.4 0.00422406
0.15 -0.36 0.00435504
0.15 -0.32 0.00441002
0.15 -0.28 0.00439397
0.15 -0.24 0.00426426
0.15 -0.2 0.00410159
0.15 -0.16 0.00384934
0.15 -0.12 0.00336609
0.15 -0.08 0.00253456
0.15 -0.04 0.00170989
0.15 0 0.00116944
0.15 0.04 0.000845264
0.15 0.08 0.000643237
0.15 0.12 0.000509594
0.15 0.16 0.000416332
0.15 0.2 0.000348326
0.15 0.24 0.000296966
0.15 0.28 0.000257045
0.15 0.32 0.000225285
0.15 0.36 0.000199515
0.15 0.4 0.000178264
0.15 0.44 0.000160484
0.15 0.48 0.000145434
0.15 0.52 0.000132557
0.15 0.56 0.000121439
0.15 0.6 0.000111756
0.15 0.64 0.000103277
0.15 0.68 9.57817e-05
0.15 0.72 8.91299e-05
0.15 0.76 8.31961e-05
0.15 0.8 7.78635e-05
0.15 0.84 7.30609e-05
0.15 0.88 6.87184e-05
0.15 0.92 6.47787e-05
0.15 0.96 6.11833e-05
0.15 1 0
0.15 1.04 0
0.15 1.08 0
0.15 1.12 0
0.15 1.16 0
0.15 1.2 0
0.15 1.24 0
0.15 1.28 0
0.15 1.32 0
0.15 1.36 0
0.15 1.4 0
0.15 1.44 0
0.15 1.48 0
0.15 1.52 0
0.15 1.56 0
0.15 1.6 0
0.15 1.64 0
0.15 1.68 0
0.15 1.72 0
0.15 1.76 0
0.15 1.8 0
0.15 1.84 0
0.15 1.88 0
0.15 1.92 0
0.15 1.96 0
0.15 2 0
0.15 2.04 0
0.15 2.08 0
0.15 2.12 0
0.15 2.16 0
0.15 2.2 0
0.15 2.24 0
0.15 2.28 0
0.15 2.32 0
0.15 2.36 0
0.15 2.4 0
0.15 2.44 0
0.15 2.48 0
0.15 2.52 0
0.15 2.56 0
0.15 2.6 0
0.15 2.64 0
0.15 2.68 0
0.15 2.72 0
0.15 2.76 0
0.15 2.8 0
0.15 2.84 0
0.15 2.88 0
0.15 2.92 0
0.15 2.96 0
0.15 3 0
0.155 -5 0.000112958
0.155 -4.96 0.000112958
0.155 -4.92 0.000112958
0.155 -4.88 0.000112958
0.155 -4.84 0.000112958
0.155 -4.8 0.000112958
0.155 -4.76 0.000112958
0.155 -4.72 0.000112958
0.155 -4.68 0.000112958
0.155 -4.64 0.000112958
0.155 -4.6 0.000112958
0.155 -4.56 0.000112958
0.155 -4.52 0.000112958
0.155 -4.48 0.000112958
0.155 -4.44 0.000112958
0.155 -4.4 0.000112958
0.155 -4.36 0.000112958
0.155 -4.32 0.000112958
0.155 -4.28 0.000112958
0.155 -4.24 0.000112958
0.155 -4.2 0.000112958
0.155 -4.16 0.000112958
0.155 -4.12 0.000112958
0.155 -4.08 0.000112958
0.155 -4.04 0.000112958
0.155 -4 0.000112958
0.155 -3.96 0.000112958
0.155 -3.92 0.000112958
0.155 -3.88 0.000112958
0.155 -3.84 0.000112958
0.155 -3.8 0.000112958
0.155 -3.76 0.000112958
0.155 -3.72 0.000112958
0.155 -3.68 0.000112958
0.155 -3.64 0.000112958
0.155 -3.6 0.000112958
0.155 -3.56 0.000112958
0.155 -3.52 0.000112958
0.155 -3.48 0.000112958
0.155 -3.44 0.000112958
0.155 -3.4 0.000112958
0.155 -3.36 0.000112958
0.155 -3.32 0.000112958
0.155 -3.28 0.000112958
0.155 -3.24 0.000112958
0.155 -3.2 0.000112958
0.155 -3.16 0.000112958
0.155 -3.12 0.000112958
0.155 -3.08 0.000112958
0.155 -3.04 0.000112958
0.155 -3 0.000112958
0.155 -2.96 0.00010543
0.155 -2.92 0.000120801
0.155 -2.88 0.000117365
0.155 -2.84 0.000128025
0.155 -2.8 0.000144942
0.155 -2.76 0.000147545
0.155 -2.72 0.0001432
0.155 -2.68 0.000165191
0.155 -2.64 0.000178302
0.155 -2.6 0.0002135
0.155 -2.56 0.000247178
0.155 -2.52 0.000290044
0.155 -2.48 0.000372823
0.155 -2.44 0.000440608
0.155 -2.4 0.000526941
0.155 -2.36 0.000592105
0.155 -2.32 0.000681478
0.155 -2.28 0.000715744
0.155 -2.24 0.000784763
0.155 -2.2 0.000856469
0.155 -2.16 0.000935109
0.155 -2.12 0.00101975
0.155 -2.08 0.000990117
0.155 -2.04 0.0011237
0.155 -2 0.00125875
0.155 -1.96 0.00113392
0.155 -1.92 0.00122566
0.155 -1.88 0.00128885
0.155 -1.84 0.00121369
0.155 -1.8 0.00140424
0.155 -1.76 0.00150541
0.155 -1.72 0.00149665
0.155 -1.68 0.00161686
0.155 -1.64 0.00166034
0.155 -1.6 0.00157702
0.155 -1.56 0.00170537
0.155 -1.52 0.0017465
0.155 -1.48 0.00175868
0.155 -1.44 0.001929
0.155 -1.4 0.00187096
0.155 -1.36 0.00188958
0.155 -1.32 0.00203828
0.155 -1.28 0.00204274
0.155 -1.24 0.00214629
0.155 -1.2 0.00221531
0.155 -1.16 0.00220932
0.155 -1.12 0.00230567
0.155 -1.08 0.0024274
0.155 -1.04 0.00251552
0.155 -1 0.00254371
0.155 -0.96 0.00255159
0.155 -0.92 0.00262766
0.155 -0.88 0.00269523
0.155 -0.84 0.00285626
0.155 -0.8 0.00283213
0.155 -0.76 0.00296503
0.155 -0.72 0.00305626
0.155 -0.68 0.00317072
0.155 -0.64 0.00324775
0.155 -0.6 0.00341845
0.155 -0.56 0.00350757
0.155 -0.52 0.00370479
0.155 -0.48 0.00388237
0.155 -0.44 0.00403735
0.155 -0.4 0.00421555
0.155 -0.36 0.00433006
0.155 -0.32 0.00435884
0.155 -0.28 0.00430493
0.155 -0.24 0.00418072
0.155 -0.2 0.00401647
0.155 -0.16 0.0037847
0.155 -0.12 0.00332498
0.155 -0.08 0.00252599
0.155 -0.04 0.00171183
0.155 0 0.00116897
0.155 0.04 0.000843362
0.155 0.08 0.000640912
0.155 0.12 0.000507304
0.155 0.16 0.000414238
0.155 0.2 0.000346465
0.155 0.24 0.00029533
0.155 0.28 0.000255609
0.155 0.32 0.000224024
0.155 0.36 0.000198403
0.155 0.4 0.000177281
0.155 0.44 0.000159609
0.155 0.48 0.000144654
0.155 0.52 0.000131857
0.155 0.56 0.000120809
0.155 0.6 0.000111186
0.155 0.64 0.00010276
0.155 0.68 9.53114e-05
0.155 0.72 8.87001e-05
0.155 0.76 8.28025e-05
0.155 0.8 7.75015e-05
0.155 0.84 7.27274e-05
0.155 0.88 6.84101e-05
0.155 0.92 6.44937e-05
0.155 0.96 6.09186e-05
0.155 1 0
0.155 1.04 0
0.155 1.08 0
0.155 1.12 0
0.155 1.16 0
0.155 1.2 0
0.155 1.24 0
0.155 1.28 0
0.155 1.32 0
0.155 1.36 0
0.155 1.4 0
0.155 1.44 0
0.155 1.48 0
0.155 1.52 0
0.155 1.56 0
0.155 1.6 0
0.155 1.64 0
0.155 1.68 0
0.155 1.72 0
0.155 1.76 0
0.155 1.8 0
0.155 1.84 0
0.155 1.88 0
0.155 1.92 0
0.155 1.96 0
0.155 2 0
0.155 2.04 0
0.155 2.08 0
0.155 2.12 0
0.155 2.16 0
0.155 2.2 0
0.155 2.24 0
0.155 2.28 0
0.155 2.32 0
0.155 2.36 0
0.155 2.4 0
0.155 2.44 0
0.155 2.48 0
0.155 2.52 0
0.155 2.56 0
0.155 2.6 0
0.155 2.64 0
0.155 2.68 0
0.155 2.72 0
0.155 2.76 0
0.155 2.8 0
0.155 2.84 0
0.155 2.88 0
0.155 2.92 0
0.155 2.96 0
0.155 3 0
0.16 -5 0.000113269
0.16 -4.96 0.000113269
0.16 -4.92 0.000113269
0.16 -4.88 0.000113269
0.16 -4.84 0.000113269
0.16 -4.8 0.000113269
0.16 -4.76 0.000113269
0.16 -4.72 0.000113269
0.16 -4.68 0.000113269
0.16 -4.64 0.000113269
0.16 -4.6 0.000113269
0.16 -4.56 0.000113269
0.16 -4.52 0.000113269
0.16 -4.48 0.000113269
0.16 -4.44 0.000113269
0.16 -4.4 0.000113269
0.16 -4.36 0.000113269
0.16 -4.32 0.000113269
0.16 -4.28 0.000113269
0.16 -4.24 0.000113269
0.16 -4.2 0.000113269
0.16 -4.16 0.000113269
0.16 -4.12 0.000113269
0.16 -4.08 0.000113269
0.16 -4.04 0.000113269
0.16 -4 0.000113269
0.16 -3.96 0.000113269
0.16 -3.92 0.000113269
0.16 -3.88 0.000113269
0.16 -3.84 0.000113269
0.16 -3.8 0.000113269
0.16 -3.76 0.000113269
0.16 -3.72 0.000113269
0.16 -3.68 0.000113269
0.16 -3.64 0.000113269
0.16 -3.6 0.000113269
0.16 -3.56 0.000113269
0.16 -3.52 0.000113269
0.16 -3.48 0.000113269
0.16 -3.44 0.000113269
0.16 -3.4 0.000113269
0.16 -3.36 0.000113269
0.16 -3.32 0.000113269
0.16 -3.28 0.000113269
0.16 -3.24 0.000113269
0.16 -3.2 0.000113269
0.16 -3.16 0.000113269
0.16 -3.12 0.000113269
0.16 -3.08 0.000113269
0.16 -3.04 0.000113269
0.16 -3 0.000113269
0.16 -2.96 0.000108181
0.16 -2.92 0.00012049
0.16 -2.88 0.000116328
0.16 -2.84 0.00013052
0.16 -2.8 0.000149816
0.16 -2.76 0.00015053
0.16 -2.72 0.000156896
0.16 -2.68 0.000162889
0.16 -2.64 0.000178134
0.16 -2.6 0.00020213
0.16 -2.56 0.000242212
0.16 -2.52 0.000290085
0.16 -2.48 0.000370072
0.16 -2.44 0.000437955
0.16 -2.4 0.000524696
0.16 -2.36 0.000590709
0.16 -2.32 0.000682856
0.16 -2.28 0.000713511
0.16 -2.24 0.000786326
0.16 -2.2 0.00086092
0.16 -2.16 0.000937308
0.16 -2.12 0.00103066
0.16 -2.08 0.000993093
0.16 -2.04 0.00111623
0.16 -2 0.00125161
0.16 -1.96 0.00114041
0.16 -1.92 0.00121777
0.16 -1.88 0.00128682
0.16 -1.84 0.00121978
0.16 -1.8 0.00138832
0.16 -1.76 0.00149498
0.16 -1.72 0.00149237
0.16 -1.68 0.00162486
0.16 -1.64 0.00166348
0.16 -1.6 0.00160447
0.16 -1.56 0.00171292
0.16 -1.52 0.00175415
0.16 -1.48 0.0017661
0.16 -1.44 0.00196112
0.16 -1.4 0.00188995
0.16 -1.36 0.00189559
0.16 -1.32 0.00203917
0.16 -1.28 0.00204786
0.16 -1.24 0.00218083
0.16 -1.2 0.00221423
0.16 -1.16 0.00221949
0.16 -1.12 0.00228471
0.16 -1.08 0.00244086
0.16 -1.04 0.00254853
0.16 -1 0.00257001
0.16 -0.96 0.00260169
0.16 -0.92 0.00260444
0.16 -0.88 0.0026884
0.16 -0.84 0.00285598
0.16 -0.8 0.00288597
0.16 -0.76 0.00298457
0.16 -0.72 0.00306365
0.16 -0.68 0.00317804
0.16 -0.64 0.00325453
0.16 -0.6 0.00342481
0.16 -0.56 0.00350944
0.16 -0.52 0.00371529
0.16 -0.48 0.00384616
0.16 -0.44 0.00404763
0.16 -0.4 0.00419285
0.16 -0.36 0.00431789
0.16 -0.32 0.0043087
0.16 -0.28 0.00423059
0.16 -0.24 0.00410152
0.16 -0.2 0.00394116
0.16 -0.16 0.00371742
0.16 -0.12 0.00328006
0.16 -0.08 0.00251712
0.16 -0.04 0.00171273
0.16 0 0.00116838
0.16 0.04 0.000841369
0.16 0.08 0.000638508
0.16 0.12 0.000504947
0.16 0.16 0.000412088
0.16 0.2 0.000344556
0.16 0.24 0.000293653
0.16 0.28 0.000254139
0.16 0.32 0.000222733
0.16 0.36 0.000197264
0.16 0.4 0.000176274
0.16 0.44 0.000158715
0.16 0.48 0.000143855
0.16 0.52 0.00013114
0.16 0.56 0.000120164
0.16 0.6 0.000110603
0.16 0.64 0.000102231
0.16 0.68 9.48299e-05
0.16 0.72 8.82601e-05
0.16 0.76 8.23994e-05
0.16 0.8 7.71309e-05
0.16 0.84 7.23859e-05
0.16 0.88 6.80943e-05
0.16 0.92 6.42018e-05
0.16 0.96 6.06476e-05
0.16 1 0
0.16 1.04 0
0.16 1.08 0
0.16 1.12 0
0.16 1.16 0
0.16 1.2 0
0.16 1.24 0
0.16 1.28 0
0.16 1.32 0
0.16 1.36 0
0.16 1.4 0
0.16 1.44 0
0.16 1.48 0
0.16 1.52 0
0.16 1.56 0
0.16 1.6 0
0.16 1.64 0
0.16 1.68 0
0.16 1.72 0
0.16 1.76 0
0.16 1.8 0
0.16 1.84 0
0.16 1.88 0
0.16 1.92 0
0.16 1.96 0
0.16 2 0
0.16 2.04 0
0.16 2.08 0
0.16 2.12 0
0.16 2.16 0
0.16 2.2 0
0.16 2.24 0
0.16 2.28 0
0.16 2.32 0
0.16 2.36 0
0.16 2.4 0
0.16 2.44 0
0.16 2.48 0
0.16 2.52 0
0.16 2.56 0
0.16 2.6 0
0.16 2.64 0
0.16 2.68 0
0.16 2.72 0
0.16 2.76 0
0.16 2.8 0
0.16 2.84 0
0.16 2.88 0
0.16 2.92 0
0.16 2.96 0
0.16 3 0
0.165 -5 0.00011346
0.165 -4.96 0.00011346
0.165 -4.92 0.00011346
0.165 -4.88 0.00011346
0.165 -4.84 0.00011346
0.165 -4.8 0.00011346
0.165 -4.76 0.00011346
0.165 -4.72 0.00011346
0.165 -4.68 0.00011346
0.165 -4.64 0.00011346
0.165 -4.6 0.00011346
0.165 -4.56 0.00011346
0.165 -4.52 0.00011346
0.165 -4.48 0.00011346
0.165 -4.44 0.00011346
0.165 -4.4 0.00011346
0.165 -4.36 0.00011346
0.165 -4.32 0.00011346
0.165 -4.28 0.00011346
0.165 -4.24 0.00011346
0.165 -4.2 0.00011346
0.165 -4.16 0.00011346
0.165 -4.12 0.00011346
0.165 -4.08 0.00011346
0.165 -4.04 0.00011346
0.165 -4 0.00011346
0.165 -3.96 0.00011346
0.165 -3.92 0.00011346
0.165 -3.88 0.00011346
0.165 -3.84 0.00011346
0.165 -3.8 0.00011346
0.165 -3.76 0.00011346
0.165 -3.72 0.00011346
0.165 -3.68 0.00011346
0.165 -3.64 0.00011346
0.165 -3.6 0.00011346
0.165 -3.56 0.00011346
0.165 -3.52 0.00011346
0.165 -3.48 0.00011346
0.165 -3.44 0.00011346
0.165 -3.4 0.00011346
0.165 -3.36 0.00011346
0.165 -3.32 0.00011346
0.165 -3.28 0.00011346
0.165 -3.24 0.00011346
0.165 -3.2 0.00011346
0.165 -3.16 0.00011346
0.165 -3.12 0.00011346
0.165 -3.08 0.00011346
0.165 -3.04 0.00011346
0.165 -3 0.00011346
0.165 -2.96 0.000109629
0.165 -2.92 0.000117989
0.165 -2.88 0.000114667
0.165 -2.84 0.000132258
0.165 -2.8 0.000152839
0.165 -2.76 0.000149922
0.165 -2.72 0.000159175
0.165 -2.68 0.000165869
0.165 -2.64 0.000180669
0.165 -2.6 0.000192435
0.165 -2.56 0.000244133
0.165 -2.52 0.000291362
0.165 -2.48 0.00036058
0.165 -2.44 0.000435831
0.165 -2.4 0.000517741
0.165 -2.36 0.00058941
0.165 -2.32 0.0006865
0.165 -2.28 0.000711246
0.165 -2.24 0.000789015
0.165 -2.2 0.000860407
0.165 -2.16 0.000936792
0.165 -2.12 0.00104787
0.165 -2.08 0.000997533
0.165 -2.04 0.00111106
0.165 -2 0.00123753
0.165 -1.96 0.00116086
0.165 -1.92 0.00125225
0.165 -1.88 0.00130339
0.165 -1.84 0.00123408
0.165 -1.8 0.00138664
0.165 -1.76 0.00148555
0.165 -1.72 0.00151617
0.165 -1.68 0.00162305
0.165 -1.64 0.00165871
0.165 -1.6 0.0016221
0.165 -1.56 0.00175284
0.165 -1.52 0.00176865
0.165 -1.48 0.00178611
0.165 -1.44 0.00197748
0.165 -1.4 0.00189988
0.165 -1.36 0.00189773
0.165 -1.32 0.00203321
0.165 -1.28 0.00206003
0.165 -1.24 0.00219669
0.165 -1.2 0.00223813
0.165 -1.16 0.00223211
0.165 -1.12 0.00230923
0.165 -1.08 0.00242299
0.165 -1.04 0.002567
0.165 -1 0.00260056
0.165 -0.96 0.00259617
0.165 -0.92 0.00261894
0.165 -0.88 0.00269562
0.165 -0.84 0.00284834
0.165 -0.8 0.00290812
0.165 -0.76 0.002997
0.165 -0.72 0.00306339
0.165 -0.68 0.00321456
0.165 -0.64 0.00330576
0.165 -0.6 0.00341646
0.165 -0.56 0.00354165
0.165 -0.52 0.00367777
0.165 -0.48 0.00382178
0.165 -0.44 0.00405431
0.165 -0.4 0.00416837
0.165 -0.36 0.00430456
0.165 -0.32 0.00427244
0.165 -0.28 0.00416081
0.165 -0.24 0.00403194
0.165 -0.2 0.00387194
0.165 -0.16 0.00364533
0.165 -0.12 0.00323192
0.165 -0.08 0.00250774
0.165 -0.04 0.00171326
0.165 0 0.00116766
0.165 0.04 0.000839283
0.165 0.08 0.000636024
0.165 0.12 0.000502524
0.165 0.16 0.000409881
0.165 0.2 0.000342601
0.165 0.24 0.000291936
0.165 0.28 0.000252634
0.165 0.32 0.000221412
0.165 0.36 0.000196101
0.165 0.4 0.000175244
0.165 0.44 0.0001578
0.165 0.48 0.000143038
0.165 0.52 0.000130408
0.165 0.56 0.000119505
0.165 0.6 0.000110007
0.165 0.64 0.000101691
0.165 0.68 9.43376e-05
0.165 0.72 8.78102e-05
0.165 0.76 8.19872e-05
0.165 0.8 7.67519e-05
0.165 0.84 7.20366e-05
0.165 0.88 6.77714e-05
0.165 0.92 6.39032e-05
0.165 0.96 6.03703e-05
0.165 1 0
0.165 1.04 0
0.165 1.08 0
0.165 1.12 0
0.165 1.16 0
0.165 1.2 0
0.165 1.24 0
0.165 1.28 0
0.165 1.32 0
0.165 1.36 0
0.165 1.4 0
0.165 1.44 0
0.165 1.48 0
0.165 1.52 0
0.165 1.56 0
0.165 1.6 0
0.165 1.64 0
0.165 1.68 0
0.165 1.72 0
0.165 1.76 0
0.165 1.8 0
0.165 1.84 0
0.165 1.88 0
0.165 1.92 0
0.165 1.96 0
0.165 2 0
0.165 2.04 0
0.165 2.08 0
0.165 2.12 0
0.165 2.16 0
0.165 2.2 0
0.165 2.24 0
0.165 2.28 0
0.165 2.32 0
0.165 2.36 0
0.165 2.4 0
0.165 2.44 0
0.165 2.48 0
0.165 2.52 0
0.165 2.56 0
0.165 2.6 0
0.165 2.64 0
0.165 2.68 0
0.165 2.72 0
0.165 2.76 0
0.165 2.8 0
0.165 2.84 0
0.165 2.88 0
0.165 2.92 0
0.165 2.96 0
0.165 3 0
0.17 -5 0.00011237
0.17 -4.96 0.00011237
0.17 -4.92 0.00011237
0.17 -4.88 0.00011237
0.17 -4.84 0.00011237
0.17 -4.8 0.00011237
0.17 -4.76 0.00011237
0.17 -4.72 0.00011237
0.17 -4.68 0.00011237
0.17 -4.64 0.00011237
0.17 -4.6 0.00011237
0.17 -4.56 0.00011237
0.17 -4.52 0.00011237
0.17 -4.48 0.00011237
0.17 -4.44 0.00011237
0.17 -4.4 0.00011237
0.17 -4.36 0.00011237
0.17 -4.32 0.00011237
0.17 -4.28 0.00011237
0.17 -4.24 0.00011237
0.17 -4.2 0.00011237
0.17 -4.16 0.00011237
0.17 -4.12 0.00011237
0.17 -4.08 0.00011237
0.17 -4.04 0.00011237
0.17 -4 0.00011237
0.17 -3.96 0.00011237
0.17 -3.92 0.00011237
0.17 -3.88 0.00011237
0.17 -3.84 0.00011237
0.17 -3.8 0.00011237
0.17 -3.76 0.00011237
0.17 -3.72 0.00011237
0.17 -3.68 0.00011237
0.17 -3.64 0.00011237
0.17 -3.6 0.00011237
0.17 -3.56 0.00011237
0.17 -3.52 0.00011237
0.17 -3.48 0.00011237
0.17 -3.44 0.00011237
0.17 -3.4 0.00011237
0.17 -3.36 0.00011237
0.17 -3.32 0.00011237
0.17 -3.28 0.00011237
0.17 -3.24 0.00011237
0.17 -3.2 0.00011237
0.17 -3.16 0.00011237
0.17 -3.12 0.00011237
0.17 -3.08 0.00011237
0.17 -3.04 0.00011237
0.17 -3 0.00011237
0.17 -2.96 0.000110628
0.17 -2.92 0.000118925
0.17 -2.88 0.000113001
0.17 -2.84 0.000132245
0.17 -2.8 0.000153742
0.17 -2.76 0.000146184
0.17 -2.72 0.000151445
0.17 -2.68 0.000167892
0.17 -2.64 0.000186862
0.17 -2.6 0.000193884
0.17 -2.56 0.000249391
0.17 -2.52 0.000286767
0.17 -2.48 0.000349831
0.17 -2.44 0.000433932
0.17 -2.4 0.000515579
0.17 -2.36 0.000586405
0.17 -2.32 0.000689079
0.17 -2.28 0.000707656
0.17 -2.24 0.000790589
0.17 -2.2 0.000860843
0.17 -2.16 0.000934677
0.17 -2.12 0.00106514
0.17 -2.08 0.00100214
0.17 -2.04 0.0011148
0.17 -2 0.00123084
0.17 -1.96 0.00116999
0.17 -1.92 0.00129676
0.17 -1.88 0.00131717
0.17 -1.84 0.00126085
0.17 -1.8 0.0013969
0.17 -1.76 0.00148351
0.17 -1.72 0.00153723
0.17 -1.68 0.00161879
0.17 -1.64 0.00165588
0.17 -1.6 0.00162749
0.17 -1.56 0.00178933
0.17 -1.52 0.00178535
0.17 -1.48 0.00179755
0.17 -1.44 0.001995
0.17 -1.4 0.00190489
0.17 -1.36 0.0019219
0.17 -1.32 0.00203959
0.17 -1.28 0.00207516
0.17 -1.24 0.00218805
0.17 -1.2 0.00226092
0.17 -1.16 0.0022393
0.17 -1.12 0.00235337
0.17 -1.08 0.00241444
0.17 -1.04 0.00255385
0.17 -1 0.00260551
0.17 -0.96 0.00257005
0.17 -0.92 0.00264726
0.17 -0.88 0.00272814
0.17 -0.84 0.00284471
0.17 -0.8 0.00288542
0.17 -0.76 0.00298791
0.17 -0.72 0.00306777
0.17 -0.68 0.00322339
0.17 -0.64 0.0033407
0.17 -0.6 0.00342747
0.17 -0.56 0.00355939
0.17 -0.52 0.00367513
0.17 -0.48 0.00384888
0.17 -0.44 0.0040476
0.17 -0.4 0.00415037
0.17 -0.36 0.00427431
0.17 -0.32 0.00422985
0.17 -0.28 0.00408835
0.17 -0.24 0.00397191
0.17 -0.2 0.00380172
0.17 -0.16 0.00357314
0.17 -0.12 0.00318452
0.17 -0.08 0.00249617
0.17 -0.04 0.00171395
0.17 0 0.00116679
0.17 0.04 0.000837101
0.17 0.08 0.000633461
0.17 0.12 0.000500034
0.17 0.16 0.00040762
0.17 0.2 0.000340599
0.17 0.24 0.000290181
0.17 0.28 0.000251096
0.17 0.32 0.000220063
0.17 0.36 0.000194912
0.17 0.4 0.000174193
0.17 0.44 0.000156866
0.17 0.48 0.000142204
0.17 0.52 0.00012966
0.17 0.56 0.000118832
0.17 0.6 0.000109398
0.17 0.64 0.000101138
0.17 0.68 9.3835e-05
0.17 0.72 8.73508e-05
0.17 0.76 8.15663e-05
0.17 0.8 7.63648e-05
0.17 0.84 7.16799e-05
0.17 0.88 6.74416e-05
0.17 0.92 6.35981e-05
0.17 0.96 6.0087e-05
0.17 1 0
0.17 1.04 0
0.17 1.08 0
0.17 1.12 0
0.17 1.16 0
0.17 1.2 0
0.17 1.24 0
0.17 1.28 0
0.17 1.32 0
0.17 1.36 0
0.17 1.4 0
0.17 1.44 0
0.17 1.48 0
0.17 1.52 0
0.17 1.56 0
0.17 1.6 0
0.17 1.64 0
0.17 1.68 0
0.17 1.72 0
0.17 1.76 0
0.17 1.8 0
0.17 1.84 0
0.17 1.88 0
0.17 1.92 0
0.17 1.96 0
0.17 2 0
0.17 2.04 0
0.17 2.08 0
0.17 2.12 0
0.17 2.16 0
0.17 2.2 0
0.17 2.24 0
0.17 2.28 0
0.17 2.32 0
0.17 2.36 0
0.17 2.4 0
0.17 2.44 0
0.17 2.48 0
0.17 2.52 0
0.17 2.56 0
0.17 2.6 0
0.17 2.64 0
0.17 2.68 0
0.17 2.72 0
0.17 2.76 0
0.17 2.8 0
0.17 2.84 0
0.17 2.88 0
0.17 2.92 0
0.17 2.96 0
0.17 3 0
0.175 -5 0.000109592
0.175 -4.96 0.000109592
0.175 -4.92 0.000109592
0.175 -4.88 0.000109592
0.175 -4.84 0.000109592
0.175 -4.8 0.000109592
0.175 -4.76 0.000109592
0.175 -4.72 0.000109592
0.175 -4.68 0.000109592
0.175 -4.64 0.000109592
0.175 -4.6 0.000109592
0.175 -4.56 0.000109592
0.175 -4.52 0.000109592
0.175 -4.48 0.000109592
0.175 -4.44 0.000109592
0.175 -4.4 0.000109592
0.175 -4.36 0.000109592
0.175 -4.32 0.000109592
0.175 -4.28 0.000109592
0.175 -4.24 0.000109592
0.175 -4.2 0.000109592
0.175 -4.16 0.000109592
0.175 -4.12 0.000109592
0.175 -4.08 0.000109592
0.175 -4.04 0.000109592
0.175 -4 0.000109592
0.175 -3.96 0.000109592
0.175 -3.92 0.000109592
0.175 -3.88 0.000109592
0.175 -3.84 0.000109592
0.175 -3.8 0.000109592
0.175 -3.76 0.000109592
0.175 -3.72 0.000109592
0.175 -3.68 0.000109592
0.175 -3.64 0.000109592
0.175 -3.6 0.000109592
0.175 -3.56 0.000109592
0.175 -3.52 0.000109592
0.175 -3.48 0.000109592
0.175 -3.44 0.000109592
0.175 -3.4 0.000109592
0.175 -3.36 0.000109592
0.175 -3.32 0.000109592
0.175 -3.28 0.000109592
0.175 -3.24 0.000109592
0.175 -3.2 0.000109592
0.175 -3.16 0.000109592
0.175 -3.12 0.000109592
0.175 -3.08 0.000109592
0.175 -3.04 0.000109592
0.175 -3 0.000109592
0.175 -2.96 0.000112143
0.175 -2.92 0.000122374
0.175 -2.88 0.000111944
0.175 -2.84 0.000132029
0.175 -2.8 0.00015283
0.175 -2.76 0.0001427
0.175 -2.72 0.00014546
0.175 -2.68 0.000164616
0.175 -2.64 0.000191318
0.175 -2.6 0.000199522
0.175 -2.56 0.000249014
0.175 -2.52 0.000278442
0.175 -2.48 0.00034547
0.175 -2.44 0.000433435
0.175 -2.4 0.000518892
0.175 -2.36 0.000582691
0.175 -2.32 0.000691315
0.175 -2.28 0.000704644
0.175 -2.24 0.000794389
0.175 -2.2 0.000867736
0.175 -2.16 0.000932981
0.175 -2.12 0.00107305
0.175 -2.08 0.00100365
0.175 -2.04 0.00111338
0.175 -2 0.00123916
0.175 -1.96 0.00115747
0.175 -1.92 0.00130747
0.175 -1.88 0.00131369
0.175 -1.84 0.00129227
0.175 -1.8 0.00139742
0.175 -1.76 0.00149588
0.175 -1.72 0.00153012
0.175 -1.68 0.00162217
0.175 -1.64 0.00166172
0.175 -1.6 0.00163606
0.175 -1.56 0.0017983
0.175 -1.52 0.0018055
0.175 -1.48 0.00179591
0.175 -1.44 0.0020107
0.175 -1.4 0.00191321
0.175 -1.36 0.0019603
0.175 -1.32 0.00207052
0.175 -1.28 0.00208985
0.175 -1.24 0.00218098
0.175 -1.2 0.00226493
0.175 -1.16 0.00223663
0.175 -1.12 0.00236256
0.175 -1.08 0.00243197
0.175 -1.04 0.00251465
0.175 -1 0.00259144
0.175 -0.96 0.00258885
0.175 -0.92 0.00265999
0.175 -0.88 0.00276245
0.175 -0.84 0.00285037
0.175 -0.8 0.00286798
0.175 -0.76 0.00297456
0.175 -0.72 0.00308984
0.175 -0.68 0.00319425
0.175 -0.64 0.00332319
0.175 -0.6 0.00345648
0.175 -0.56 0.00356122
0.175 -0.52 0.00373701
0.175 -0.48 0.00389508
0.175 -0.44 0.00402745
0.175 -0.4 0.00413443
0.175 -0.36 0.00422127
0.175 -0.32 0.00415429
0.175 -0.28 0.00402638
0.175 -0.24 0.00390705
0.175 -0.2 0.00372857
0.175 -0.16 0.00350698
0.175 -0.12 0.00314062
0.175 -0.08 0.00248173
0.175 -0.04 0.00171426
0.175 0 0.00116577
0.175 0.04 0.000834819
0.175 0.08 0.000630818
0.175 0.12 0.000497479
0.175 0.16 0.000405305
0.175 0.2 0.000338553
0.175 0.24 0.000288388
0.175 0.28 0.000249527
0.175 0.32 0.000218686
0.175 0.36 0.000193699
0.175 0.4 0.000173121
0.175 0.44 0.000155913
0.175 0.48 0.000141354
0.175 0.52 0.000128898
0.175 0.56 0.000118145
0.175 0.6 0.000108777
0.175 0.64 0.000100575
0.175 0.68 9.33222e-05
0.175 0.72 8.68822e-05
0.175 0.76 8.11368e-05
0.175 0.8 7.59699e-05
0.175 0.84 7.13159e-05
0.175 0.88 6.71051e-05
0.175 0.92 6.32868e-05
0.175 0.96 5.97978e-05
0.175 1 0
0.175 1.04 0
0.175 1.08 0
0.175 1.12 0
0.175 1.16 0
0.175 1.2 0
0.175 1.24 0
0.175 1.28 0
0.175 1.32 0
0.175 1.36 0
0.175 1.4 0
0.175 1.44 0
0.175 1.48 0
0.175 1.52 0
0.175 1.56 0
0.175 1.6 0
0.175 1.64 0
0.175 1.68 0
0.175 1.72 0
0.175 1.76 0
0.175 1.8 0
0.175 1.84 0
0.175 1.88 0
0.175 1.92 0
0.175 1.96 0
0.175 2 0
0.175 2.04 0
0.175 2.08 0
0.175 2.12 0
0.175 2.16 0
0.175 2.2 0
0.175 2.24 0
0.175 2.28 0
0.175 2.32 0
0.175 2.36 0
0.175 2.4 0
0.175 2.44 0
0.175 2.48 0
0.175 2.52 0
0.175 2.56 0
0.175 2.6 0
0.175 2.64 0
0.175 2.68 0
0.175 2.72 0
0.175 2.76 0
0.175 2.8 0
0.175 2.84 0
0.175 2.88 0
0.175 2.92 0
0.175 2.96 0
0.175 3 0
0.18 -5 0.000106639
0.18 -4.96 0.000106639
0.18 -4.92 0.000106639
0.18 -4.88 0.000106639
0.18 -4.84 0.000106639
0.18 -4.8 0.000106639
0.18 -4.76 0.000106639
0.18 -4.72 0.000106639
0.18 -4.68 0.000106639
0.18 -4.64 0.000106639
0.18 -4.6 0.000106639
0.18 -4.56 0.000106639
0.18 -4.52 0.000106639
0.18 -4.48 0.000106639
0.18 -4.44 0.000106639
0.18 -4.4 0.000106639
0.18 -4.36 0.000106639
0.18 -4.32 0.000106639
0.18 -4.28 0.000106639
0.18 -4.24 0.000106639
0.18 -4.2 0.000106639
0.18 -4.16 0.000106639
0.18 -4.12 0.000106639
0.18 -4.08 0.000106639
0.18 -4.04 0.000106639
0.18 -4 0.000106639
0.18 -3.96 0.000106639
0.18 -3.92 0.000106639
0.18 -3.88 0.000106639
0.18 -3.84 0.000106639
0.18 -3.8 0.000106639
0.18 -3.76 0.000106639
0.18 -3.72 0.000106639
0.18 -3.68 0.000106639
0.18 -3.64 0.000106639
0.18 -3.6 0.000106639
0.18 -3.56 0.000106639
0.18 -3.52 0.000106639
0.18 -3.48 0.000106639
0.18 -3.44 0.000106639
0.18 -3.4 0.000106639
0.18 -3.36 0.000106639
0.18 -3.32 0.000106639
0.18 -3.28 0.000106639
0.18 -3.24 0.000106639
0.18 -3.2 0.000106639
0.18 -3.16 0.000106639
0.18 -3.12 0.000106639
0.18 -3.08 0.000106639
0.18 -3.04 0.000106639
0.18 -3 0.000106639
0.18 -2.96 0.00011353
0.18 -2.92 0.000122356
0.18 -2.88 0.000111024
0.18 -2.84 0.000132842
0.18 -2.8 0.00015002
0.18 -2.76 0.000142953
0.18 -2.72 0.000147516
0.18 -2.68 0.000160817
0.18 -2.64 0.000189848
0.18 -2.6 0.000199029
0.18 -2.56 0.00024279
0.18 -2.52 0.000275091
0.18 -2.48 0.000347662
0.18 -2.44 0.000436137
0.18 -2.4 0.00051863
0.18 -2.36 0.000580499
0.18 -2.32 0.000694652
0.18 -2.28 0.000704912
0.18 -2.24 0.000803043
0.18 -2.2 0.000879882
0.18 -2.16 0.000933335
0.18 -2.12 0.0010726
0.18 -2.08 0.00100114
0.18 -2.04 0.00109891
0.18 -2 0.00124927
0.18 -1.96 0.0011461
0.18 -1.92 0.00129723
0.18 -1.88 0.00130811
0.18 -1.84 0.00131534
0.18 -1.8 0.0013857
0.18 -1.76 0.00151979
0.18 -1.72 0.00151122
0.18 -1.68 0.00164
0.18 -1.64 0.00166948
0.18 -1.6 0.00165812
0.18 -1.56 0.00180038
0.18 -1.52 0.00181967
0.18 -1.48 0.00179829
0.18 -1.44 0.00200499
0.18 -1.4 0.00192592
0.18 -1.36 0.00198444
0.18 -1.32 0.00210639
0.18 -1.28 0.0021098
0.18 -1.24 0.00218709
0.18 -1.2 0.00226811
0.18 -1.16 0.00223322
0.18 -1.12 0.00234849
0.18 -1.08 0.00244059
0.18 -1.04 0.00247994
0.18 -1 0.00258849
0.18 -0.96 0.00263586
0.18 -0.92 0.00267294
0.18 -0.88 0.00276571
0.18 -0.84 0.00286748
0.18 -0.8 0.00289129
0.18 -0.76 0.00298388
0.18 -0.72 0.00312082
0.18 -0.68 0.00318814
0.18 -0.64 0.00329962
0.18 -0.6 0.00346751
0.18 -0.56 0.00358142
0.18 -0.52 0.00378256
0.18 -0.48 0.00390602
0.18 -0.44 0.00399672
0.18 -0.4 0.00411418
0.18 -0.36 0.00415122
0.18 -0.32 0.0040678
0.18 -0.28 0.00397869
0.18 -0.24 0.00382321
0.18 -0.2 0.00365336
0.18 -0.16 0.00344665
0.18 -0.12 0.00309828
0.18 -0.08 0.00246576
0.18 -0.04 0.00171334
0.18 0 0.00116459
0.18 0.04 0.000832435
0.18 0.08 0.000628096
0.18 0.12 0.00049486
0.18 0.16 0.000402937
0.18 0.2 0.000336464
0.18 0.24 0.000286559
0.18 0.28 0.000247926
0.18 0.32 0.000217283
0.18 0.36 0.000192464
0.18 0.4 0.000172029
0.18 0.44 0.000154943
0.18 0.48 0.000140488
0.18 0.52 0.000128121
0.18 0.56 0.000117446
0.18 0.6 0.000108145
0.18 0.64 0.000100001
0.18 0.68 9.27998e-05
0.18 0.72 8.64047e-05
0.18 0.76 8.06991e-05
0.18 0.8 7.55675e-05
0.18 0.84 7.09449e-05
0.18 0.88 6.67621e-05
0.18 0.92 6.29694e-05
0.18 0.96 5.95031e-05
0.18 1 0
0.18 1.04 0
0.18 1.08 0
0.18 1.12 0
0.18 1.16 0
0.18 1.2 0
0.18 1.24 0
0.18 1.28 0
0.18 1.32 0
0.18 1.36 0
0.18 1.4 0
0.18 1.44 0
0.18 1.48 0
0.18 1.52 0
0.18 1.56 0
0.18 1.6 0
0.18 1.64 0
0.18 1.68 0
0.18 1.72 0
0.18 1.76 0
0.18 1.8 0
0.18 1.84 0
0.18 1.88 0
0.18 1.92 0
0.18 1.96 0
0.18 2 0
0.18 2.04 0
0.18 2.08 0
0.18 2.12 0
0.18 2.16 0
0.18 2.2 0
0.18 2.24 0
0.18 2.28 0
0.18 2.32 0
0.18 2.36 0
0.18 2.4 0
0.18 2.44 0
0.18 2.48 0
0.18 2.52 0
0.18 2.56 0
0.18 2.6 0
0.18 2.64 0
0.18 2.68 0
0.18 2.72 0
0.18 2.76 0
0.18 2.8 0
0.18 2.84 0
0.18 2.88 0
0.18 2.92 0
0.18 2.96 0
0.18 3 0
0.185 -5 0.000105474
0.185 -4.96 0.000105474
0.185 -4.92 0.000105474
0.185 -4.88 0.000105474
0.185 -4.84 0.000105474
0.185 -4.8 0.000105474
0.185 -4.76 0.000105474
0.185 -4.72 0.000105474
0.185 -4.68 0.000105474
0.185 -4.64 0.000105474
0.185 -4.6 0.000105474
0.185 -4.56 0.000105474
0.185 -4.52 0.000105474
0.185 -4.48 0.000105474
0.185 -4.44 0.000105474
0.185 -4.4 0.000105474
0.185 -4.36 0.000105474
0.185 -4.32 0.000105474
0.185 -4.28 0.000105474
0.185 -4.24 0.000105474
0.185 -4.2 0.000105474
0.185 -4.16 0.000105474
0.185 -4.12 0.000105474
0.185 -4.08 0.000105474
0.185 -4.04 0.000105474
0.185 -4 0.000105474
0.185 -3.96 0.000105474
0.185 -3.92 0.000105474
0.185 -3.88 0.000105474
0.185 -3.84 0.000105474
0.185 -3.8 0.000105474
0.185 -3.76 0.000105474
0.185 -3.72 0.000105474
0.185 -3.68 0.000105474
0.185 -3.64 0.000105474
0.185 -3.6 0.000105474
0.185 -3.56 0.000105474
0.185 -3.52 0.000105474
0.185 -3.48 0.000105474
0.185 -3.44 0.000105474
0.185 -3.4 0.000105474
0.185 -3.36 0.000105474
0.185 -3.32 0.000105474
0.185 -3.28 0.000105474
0.185 -3.24 0.000105474
0.185 -3.2 0.000105474
0.185 -3.16 0.000105474
0.185 -3.12 0.000105474
0.185 -3.08 0.000105474
0.185 -3.04 0.000105474
0.185 -3 0.000105474
0.185 -2.96 0.000113141
0.185 -2.92 0.000118376
0.185 -2.88 0.000109961
0.185 -2.84 0.000133915
0.185 -2.8 0.00014619
0.185 -2.76 0.000147494
0.185 -2.72 0.000153219
0.185 -2.68 0.000160971
0.185 -2.64 0.000185376
0.185 -2.6 0.000195739
0.185 -2.56 0.000238635
0.185 -2.52 0.00027817
0.185 -2.48 0.000349276
0.185 -2.44 0.00044167
0.185 -2.4 0.000511944
0.185 -2.36 0.000580161
0.185 -2.32 0.000697092
0.185 -2.28 0.000708406
0.185 -2.24 0.000812538
0.185 -2.2 0.000891457
0.185 -2.16 0.000937011
0.185 -2.12 0.00107224
0.185 -2.08 0.000999016
0.185 -2.04 0.00108889
0.185 -2 0.00124757
0.185 -1.96 0.00116174
0.185 -1.92 0.00130842
0.185 -1.88 0.00131787
0.185 -1.84 0.00132566
0.185 -1.8 0.0013831
0.185 -1.76 0.00154384
0.185 -1.72 0.00151061
0.185 -1.68 0.00166695
0.185 -1.64 0.00167139
0.185 -1.6 0.00168107
0.185 -1.56 0.00182205
0.185 -1.52 0.00181671
0.185 -1.48 0.00181467
0.185 -1.44 0.0019826
0.185 -1.4 0.00193928
0.185 -1.36 0.00199033
0.185 -1.32 0.00211757
0.185 -1.28 0.00213755
0.185 -1.24 0.00219455
0.185 -1.2 0.00228509
0.185 -1.16 0.00224087
0.185 -1.12 0.00236528
0.185 -1.08 0.00242194
0.185 -1.04 0.00247626
0.185 -1 0.00260508
0.185 -0.96 0.00264197
0.185 -0.92 0.00271374
0.185 -0.88 0.0027429
0.185 -0.84 0.00289117
0.185 -0.8 0.00292927
0.185 -0.76 0.00301393
0.185 -0.72 0.00313467
0.185 -0.68 0.00323302
0.185 -0.64 0.00331488
0.185 -0.6 0.00344851
0.185 -0.56 0.00361284
0.185 -0.52 0.00375121
0.185 -0.48 0.00388654
0.185 -0.44 0.00397
0.185 -0.4 0.00409178
0.185 -0.36 0.0040814
0.185 -0.32 0.00401831
0.185 -0.28 0.00392257
0.185 -0.24 0.00372827
0.185 -0.2 0.0035777
0.185 -0.16 0.0033855
0.185 -0.12 0.00305314
0.185 -0.08 0.00244964
0.185 -0.04 0.00171132
0.185 0 0.00116323
0.185 0.04 0.000829947
0.185 0.08 0.000625293
0.185 0.12 0.000492177
0.185 0.16 0.000400518
0.185 0.2 0.000334332
0.185 0.24 0.000284694
0.185 0.28 0.000246296
0.185 0.32 0.000215855
0.185 0.36 0.000191206
0.185 0.4 0.000170918
0.185 0.44 0.000153955
0.185 0.48 0.000139606
0.185 0.52 0.000127331
0.185 0.56 0.000116735
0.185 0.6 0.000107502
0.185 0.64 9.94174e-05
0.185 0.68 9.22681e-05
0.185 0.72 8.59187e-05
0.185 0.76 8.02536e-05
0.185 0.8 7.51578e-05
0.185 0.84 7.05673e-05
0.185 0.88 6.6413e-05
0.185 0.92 6.26462e-05
0.185 0.96 5.92029e-05
0.185 1 0
0.185 1.04 0
0.185 1.08 0
0.185 1.12 0
0.185 1.16 0
0.185 1.2 0
0.185 1.24 0
0.185 1.28 0
0.185 1.32 0
0.185 1.36 0
0.185 1.4 0
0.185 1.44 0
0.185 1.48 0
0.185 1.52 0
0.185 1.56 0
0.185 1.6 0
0.185 1.64 0
0.185 1.68 0
0.185 1.72 0
0.185 1.76 0
0.185 1.8 0
0.185 1.84 0
0.185 1.88 0
0.185 1.92 0
0.185 1.96 0
0.185 2 0
0.185 2.04 0
0.185 2.08 0
0.185 2.12 0
0.185 2.16 0
0.185 2.2 0
0.185 2.24 0
0.185 2.28 0
0.185 2.32 0
0.185 2.36 0
0.185 2.4 0
0.185 2.44 0
0.185 2.48 0
0.185 2.52 0
0.185 2.56 0
0.185 2.6 0
0.185 2.64 0
0.185 2.68 0
0.185 2.72 0
0.185 2.76 0
0.185 2.8 0
0.185 2.84 0
0.185 2.88 0
0.185 2.92 0
0.185 2.96 0
0.185 3 0
0.19 -5 0.00010622
0.19 -4.96 0.00010622
0.19 -4.92 0.00010622
0.19 -4.88 0.00010622
0.19 -4.84 0.00010622
0.19 -4.8 0.00010622
0.19 -4.76 0.00010622
0.19 -4.72 0.00010622
0.19 -4.68 0.00010622
0.19 -4.64 0.00010622
0.19 -4.6 0.00010622
0.19 -4.56 0.00010622
0.19 -4.52 0.00010622
0.19 -4.48 0.00010622
0.19 -4.44 0.00010622
0.19 -4.4 0.00010622
0.19 -4.36 0.00010622
0.19 -4.32 0.00010622
0.19 -4.28 0.00010622
0.19 -4.24 0.00010622
0.19 -4.2 0.00010622
0.19 -4.16 0.00010622
0.19 -4.12 0.00010622
0.19 -4.08 0.00010622
0.19 -4.04 0.00010622
0.19 -4 0.00010622
0.19 -3.96 0.00010622
0.19 -3.92 0.00010622
0.19 -3.88 0.00010622
0.19 -3.84 0.00010622
0.19 -3.8 0.00010622
0.19 -3.76 0.00010622
0.19 -3.72 0.00010622
0.19 -3.68 0.00010622
0.19 -3.64 0.00010622
0.19 -3.6 0.00010622
0.19 -3.56 0.00010622
0.19 -3.52 0.00010622
0.19 -3.48 0.00010622
0.19 -3.44 0.00010622
0.19 -3.4 0.00010622
0.19 -3.36 0.00010622
0.19 -3.32 0.00010622
0.19 -3.28 0.00010622
0.19 -3.24 0.00010622
0.19 -3.2 0.00010622
0.19 -3.16 0.00010622
0.19 -3.12 0.00010622
0.19 -3.08 0.00010622
0.19 -3.04 0.00010622
0.19 -3 0.00010622
0.19 -2.96 0.000110426
0.19 -2.92 0.00011645
0.19 -2.88 0.000109639
0.19 -2.84 0.000134584
0.19 -2.8 0.000144391
0.19 -2.76 0.000153773
0.19 -2.72 0.000156103
0.19 -2.68 0.000161352
0.19 -2.64 0.000182806
0.19 -2.6 0.000199434
0.19 -2.56 0.000239334
0.19 -2.52 0.000279526
0.19 -2.48 0.000346041
0.19 -2.44 0.000446795
0.19 -2.4 0.000506746
0.19 -2.36 0.00058039
0.19 -2.32 0.000695665
0.19 -2.28 0.000712065
0.19 -2.24 0.000817491
0.19 -2.2 0.000898438
0.19 -2.16 0.000944584
0.19 -2.12 0.00107392
0.19 -2.08 0.00100238
0.19 -2.04 0.00110189
0.19 -2 0.00124065
0.19 -1.96 0.00119755
0.19 -1.92 0.00134187
0.19 -1.88 0.00133287
0.19 -1.84 0.00132904
0.19 -1.8 0.00139669
0.19 -1.76 0.00156161
0.19 -1.72 0.00152506
0.19 -1.68 0.00168609
0.19 -1.64 0.00167352
0.19 -1.6 0.00168567
0.19 -1.56 0.00185095
0.19 -1.52 0.00180423
0.19 -1.48 0.0018331
0.19 -1.44 0.00197045
0.19 -1.4 0.00195282
0.19 -1.36 0.00199979
0.19 -1.32 0.00210424
0.19 -1.28 0.00216153
0.19 -1.24 0.0022025
0.19 -1.2 0.00230073
0.19 -1.16 0.00225498
0.19 -1.12 0.0024135
0.19 -1.08 0.00241513
0.19 -1.04 0.00250167
0.19 -1 0.00262287
0.19 -0.96 0.00260739
0.19 -0.92 0.0027616
0.19 -0.88 0.00273237
0.19 -0.84 0.00290897
0.19 -0.8 0.00294301
0.19 -0.76 0.00303573
0.19 -0.72 0.00312375
0.19 -0.68 0.00327009
0.19 -0.64 0.00333638
0.19 -0.6 0.00342948
0.19 -0.56 0.00361063
0.19 -0.52 0.00370462
0.19 -0.48 0.00388474
0.19 -0.44 0.00397081
0.19 -0.4 0.00407242
0.19 -0.36 0.00403391
0.19 -0.32 0.00399947
0.19 -0.28 0.00384036
0.19 -0.24 0.00364622
0.19 -0.2 0.0035066
0.19 -0.16 0.0033189
0.19 -0.12 0.00300359
0.19 -0.08 0.00243285
0.19 -0.04 0.00170915
0.19 0 0.00116168
0.19 0.04 0.000827351
0.19 0.08 0.00062241
0.19 0.12 0.000489432
0.19 0.16 0.000398049
0.19 0.2 0.000332159
0.19 0.24 0.000282796
0.19 0.28 0.000244637
0.19 0.32 0.000214401
0.19 0.36 0.000189928
0.19 0.4 0.000169787
0.19 0.44 0.000152951
0.19 0.48 0.00013871
0.19 0.52 0.000126528
0.19 0.56 0.000116011
0.19 0.6 0.000106848
0.19 0.64 9.88237e-05
0.19 0.68 9.17274e-05
0.19 0.72 8.54245e-05
0.19 0.76 7.98005e-05
0.19 0.8 7.47412e-05
0.19 0.84 7.01832e-05
0.19 0.88 6.60578e-05
0.19 0.92 6.23174e-05
0.19 0.96 5.88975e-05
0.19 1 0
0.19 1.04 0
0.19 1.08 0
0.19 1.12 0
0.19 1.16 0
0.19 1.2 0
0.19 1.24 0
0.19 1.28 0
0.19 1.32 0
0.19 1.36 0
0.19 1.4 0
0.19 1.44 0
0.19 1.48 0
0.19 1.52 0
0.19 1.56 0
0.19 1.6 0
0.19 1.64 0
0.19 1.68 0
0.19 1.72 0
0.19 1.76 0
0.19 1.8 0
0.19 1.84 0
0.19 1.88 0
0.19 1.92 0
0.19 1.96 0
0.19 2 0
0.19 2.04 0
0.19 2.08 0
0.19 2.12 0
0.19 2.16 0
0.19 2.2 0
0.19 2.24 0
0.19 2.28 0
0.19 2.32 0
0.19 2.36 0
0.19 2.4 0
0.19 2.44 0
0.19 2.48 0
0.19 2.52 0
0.19 2.56 0
0.19 2.6 0
0.19 2.64 0
0.19 2.68 0
0.19 2.72 0
0.19 2.76 0
0.19 2.8 0
0.19 2.84 0
0.19 2.88 0
0.19 2.92 0
0.19 2.96 0
0.19 3 0
0.195 -5 0.000107321
0.195 -4.96 0.000107321
0.195 -4.92 0.000107321
0.195 -4.88 0.000107321
0.195 -4.84 0.000107321
0.195 -4.8 0.000107321
0.195 -4.76 0.000107321
0.195 -4.72 0.000107321
0.195 -4.68 0.000107321
0.195 -4.64 0.000107321
0.195 -4.6 0.000107321
0.195 -4.56 0.000107321
0.195 -4.52 0.000107321
0.195 -4.48 0.000107321
0.195 -4.44 0.000107321
0.195 -4.4 0.000107321
0.195 -4.36 0.000107321
0.195 -4.32 0.000107321
0.195 -4.28 0.000107321
0.195 -4.24 0.000107321
0.195 -4.2 0.000107321
0.195 -4.16 0.000107321
0.195 -4.12 0.000107321
0.195 -4.08 0.000107321
0.195 -4.04 0.000107321
0.195 -4 0.000107321
0.195 -3.96 0.000107321
0.195 -3.92 0.000107321
0.195 -3.88 0.000107321
0.195 -3.84 0.000107321
0.195 -3.8 0.000107321
0.195 -3.76 0.000107321
0.195 -3.72 0.000107321
0.195 -3.68 0.000107321
0.195 -3.64 0.000107321
0.195 -3.6 0.000107321
0.195 -3.56 0.000107321
0.195 -3.52 0.000107321
0.195 -3.48 0.000107321
0.195 -3.44 0.000107321
0.195 -3.4 0.000107321
0.195 -3.36 0.000107321
0.195 -3.32 0.000107321
0.195 -3.28 0.000107321
0.195 -3.24 0.000107321
0.195 -3.2 0.000107321
0.195 -3.16 0.000107321
0.195 -3.12 0.000107321
0.195 -3.08 0.000107321
0.195 -3.04 0.000107321
0.195 -3 0.000107321
0.195 -2.96 0.000106724
0.195 -2.92 0.000118994
0.195 -2.88 0.000110682
0.195 -2.84 0.000135975
0.195 -2.8 0.000146791
0.195 -2.76 0.000158759
0.195 -2.72 0.000156193
0.195 -2.68 0.000159217
0.195 -2.64 0.000181792
0.195 -2.6 0.000208199
0.195 -2.56 0.000239581
0.195 -2.52 0.000273265
0.195 -2.48 0.000341316
0.195 -2.44 0.000448441
0.195 -2.4 0.000508181
0.195 -2.36 0.000580875
0.195 -2.32 0.000691722
0.195 -2.28 0.000713148
0.195 -2.24 0.000818953
0.195 -2.2 0.000901217
0.195 -2.16 0.000954574
0.195 -2.12 0.00107185
0.195 -2.08 0.00100978
0.195 -2.04 0.00112809
0.195 -2 0.00124132
0.195 -1.96 0.00122299
0.195 -1.92 0.00136026
0.195 -1.88 0.00133335
0.195 -1.84 0.00132954
0.195 -1.8 0.0014054
0.195 -1.76 0.00157717
0.195 -1.72 0.00152622
0.195 -1.68 0.00168708
0.195 -1.64 0.00168593
0.195 -1.6 0.00167501
0.195 -1.56 0.00185886
0.195 -1.52 0.00180024
0.195 -1.48 0.00183983
0.195 -1.44 0.00197486
0.195 -1.4 0.00196803
0.195 -1.36 0.00201828
0.195 -1.32 0.00209335
0.195 -1.28 0.00216971
0.195 -1.24 0.00222575
0.195 -1.2 0.00230769
0.195 -1.16 0.00226027
0.195 -1.12 0.00244034
0.195 -1.08 0.00245216
0.195 -1.04 0.00253424
0.195 -1 0.00263017
0.195 -0.96 0.00260071
0.195 -0.92 0.00276818
0.195 -0.88 0.00275205
0.195 -0.84 0.00291546
0.195 -0.8 0.00293833
0.195 -0.76 0.00303247
0.195 -0.72 0.00311472
0.195 -0.68 0.00325119
0.195 -0.64 0.00332005
0.195 -0.6 0.00343407
0.195 -0.56 0.00357618
0.195 -0.52 0.0037273
0.195 -0.48 0.00390549
0.195 -0.44 0.00399905
0.195 -0.4 0.00405444
0.195 -0.36 0.00401407
0.195 -0.32 0.0039467
0.195 -0.28 0.00374847
0.195 -0.24 0.00358711
0.195 -0.2 0.00344515
0.195 -0.16 0.00325103
0.195 -0.12 0.00295265
0.195 -0.08 0.0024138
0.195 -0.04 0.00170704
0.195 0 0.00115993
0.195 0.04 0.000824644
0.195 0.08 0.000619447
0.195 0.12 0.000486624
0.195 0.16 0.00039553
0.195 0.2 0.000329947
0.195 0.24 0.000280864
0.195 0.28 0.000242951
0.195 0.32 0.000212925
0.195 0.36 0.000188628
0.195 0.4 0.000168639
0.195 0.44 0.000151932
0.195 0.48 0.0001378
0.195 0.52 0.000125712
0.195 0.56 0.000115277
0.195 0.6 0.000106184
0.195 0.64 9.82205e-05
0.195 0.68 9.11782e-05
0.195 0.72 8.49225e-05
0.195 0.76 7.93402e-05
0.195 0.8 7.43179e-05
0.195 0.84 6.97929e-05
0.195 0.88 6.56969e-05
0.195 0.92 6.19832e-05
0.195 0.96 5.8587e-05
0.195 1 0
0.195 1.04 0
0.195 1.08 0
0.195 1.12 0
0.195 1.16 0
0.195 1.2 0
0.195 1.24 0
0.195 1.28 0
0.195 1.32 0
0.195 1.36 0
0.195 1.4 0
0.195 1.44 0
0.195 1.48 0
0.195 1.52 0
0.195 1.56 0
0.195 1.6 0
0.195 1.64 0
0.195 1.68 0
0.195 1.72 0
0.195 1.76 0
0.195 1.8 0
0.195 1.84 0
0.195 1.88 0
0.195 1.92 0
0.195 1.96 0
0.195 2 0
0.195 2.04 0
0.195 2.08 0
0.195 2.12 0
0.195 2.16 0
0.195 2.2 0
0.195 2.24 0
0.195 2.28 0
0.195 2.32 0
0.195 2.36 0
0.195 2.4 0
0.195 2.44 0
0.195 2.48 0
0.195 2.52 0
0.195 2.56 0
0.195 2.6 0
0.195 2.64 0
0.195 2.68 0
0.195 2.72 0
0.195 2.76 0
0.195 2.8 0
0.195 2.84 0
0.195 2.88 0
0.195 2.92 0
0.195 2.96 0
0.195 3 0
0.2 -5 0.000108077
0.2 -4.96 0.000108077
0.2 -4.92 0.000108077
0.2 -4.88 0.000108077
0.2 -4.84 0.000108077
0.2 -4.8 0.000108077
0.2 -4.76 0.000108077
0.2 -4.72 0.000108077
0.2 -4.68 0.000108077
0.2 -4.64 0.000108077
0.2 -4.6 0.000108077
0.2 -4.56 0.000108077
0.2 -4.52 0.000108077
0.2 -4.48 0.000108077
0.2 -4.44 0.000108077
0.2 -4.4 0.000108077
0.2 -4.36 0.000108077
0.2 -4.32 0.000108077
0.2 -4.28 0.000108077
0.2 -4.24 0.000108077
0.2 -4.2 0.000108077
0.2 -4.16 0.000108077
0.2 -4.12 0.000108077
0.2 -4.08 0.000108077
0.2 -4.04 0.000108077
0.2 -4 0.000108077
0.2 -3.96 0.000108077
0.2 -3.92 0.000108077
0.2 -3.88 0.000108077
0.2 -3.84 0.000108077
0.2 -3.8 0.000108077
0.2 -3.76 0.000108077
0.2 -3.72 0.000108077
0.2 -3.68 0.000108077
0.2 -3.64 0.000108077
0.2 -3.6 0.000108077
0.2 -3.56 0.000108077
0.2 -3.52 0.000108077
0.2 -3.48 0.000108077
0.2 -3.44 0.000108077
0.2 -3.4 0.000108077
0.2 -3.36 0.000108077
0.2 -3.32 0.000108077
0.2 -3.28 0.000108077
0.2 -3.24 0.000108077
0.2 -3.2 0.000108077
0.2 -3.16 0.000108077
0.2 -3.12 0.000108077
0.2 -3.08 0.000108077
0.2 -3.04 0.000108077
0.2 -3 0.000108077
0.2 -2.96 0.00010398
0.2 -2.92 0.000120959
0.2 -2.88 0.000112171
0.2 -2.84 0.00013892
0.2 -2.8 0.000150371
0.2 -2.76 0.0001613
0.2 -2.72 0.000158495
0.2 -2.68 0.000160563
0.2 -2.64 0.000179181
0.2 -2.6 0.000210352
0.2 -2.56 0.000236656
0.2 -2.52 0.000262637
0.2 -2.48 0.000339332
0.2 -2.44 0.000446857
0.2 -2.4 0.000511166
0.2 -2.36 0.000582605
0.2 -2.32 0.000689998
0.2 -2.28 0.000712177
0.2 -2.24 0.000821964
0.2 -2.2 0.000902603
0.2 -2.16 0.000964007
0.2 -2.12 0.0010654
0.2 -2.08 0.00101418
0.2 -2.04 0.00114382
0.2 -2 0.0012476
0.2 -1.96 0.00122347
0.2 -1.92 0.00135274
0.2 -1.88 0.00132521
0.2 -1.84 0.00132348
0.2 -1.8 0.00139685
0.2 -1.76 0.00159306
0.2 -1.72 0.00150916
0.2 -1.68 0.00168133
0.2 -1.64 0.00170495
0.2 -1.6 0.00167227
0.2 -1.56 0.00185234
0.2 -1.52 0.00180882
0.2 -1.48 0.00183979
0.2 -1.44 0.00197793
0.2 -1.4 0.00198279
0.2 -1.36 0.00202359
0.2 -1.32 0.00209932
0.2 -1.28 0.00216819
0.2 -1.24 0.00225971
0.2 -1.2 0.00232938
0.2 -1.16 0.00225771
0.2 -1.12 0.00243183
0.2 -1.08 0.002498
0.2 -1.04 0.00255635
0.2 -1 0.00263264
0.2 -0.96 0.00263687
0.2 -0.92 0.00273215
0.2 -0.88 0.00277744
0.2 -0.84 0.00292141
0.2 -0.8 0.00294657
0.2 -0.76 0.00302165
0.2 -0.72 0.00313208
0.2 -0.68 0.00322253
0.2 -0.64 0.00329872
0.2 -0.6 0.00344927
0.2 -0.56 0.00356526
0.2 -0.52 0.00379032
0.2 -0.48 0.00389857
0.2 -0.44 0.00401621
0.2 -0.4 0.00403178
0.2 -0.36 0.00399581
0.2 -0.32 0.00383328
0.2 -0.28 0.00367533
0.2 -0.24 0.0035344
0.2 -0.2 0.00338886
0.2 -0.16 0.00319011
0.2 -0.12 0.00290465
0.2 -0.08 0.00239221
0.2 -0.04 0.00170406
0.2 0 0.00115796
0.2 0.04 0.000821825
0.2 0.08 0.000616403
0.2 0.12 0.000483755
0.2 0.16 0.000392964
0.2 0.2 0.000327696
0.2 0.24 0.000278901
0.2 0.28 0.000241238
0.2 0.32 0.000211425
0.2 0.36 0.00018731
0.2 0.4 0.000167474
0.2 0.44 0.000150897
0.2 0.48 0.000136877
0.2 0.52 0.000124884
0.2 0.56 0.000114531
0.2 0.6 0.00010551
0.2 0.64 9.76084e-05
0.2 0.68 9.06207e-05
0.2 0.72 8.4413e-05
0.2 0.76 7.88729e-05
0.2 0.8 7.38881e-05
0.2 0.84 6.93966e-05
0.2 0.88 6.53305e-05
0.2 0.92 6.16438e-05
0.2 0.96 5.82717e-05
0.2 1 0
0.2 1.04 0
0.2 1.08 0
0.2 1.12 0
0.2 1.16 0
0.2 1.2 0
0.2 1.24 0
0.2 1.28 0
0.2 1.32 0
0.2 1.36 0
0.2 1.4 0
0.2 1.44 0
0.2 1.48 0
0.2 1.52 0
0.2 1.56 0
0.2 1.6 0
0.2 1.64 0
0.2 1.68 0
0.2 1.72 0
0.2 1.76 0
0.2 1.8 0
0.2 1.84 0
0.2 1.88 0
0.2 1.92 0
0.2 1.96 0
0.2 2 0
0.2 2.04 0
0.2 2.08 0
0.2 2.12 0
0.2 2.16 0
0.2 2.2 0
0.2 2.24 0
0.2 2.28 0
0.2 2.32 0
0.2 2.36 0
0.2 2.4 0
0.2 2.44 0
0.2 2.48 0
0.2 2.52 0
0.2 2.56 0
0.2 2.6 0
0.2 2.64 0
0.2 2.68 0
0.2 2.72 0
0.2 2.76 0
0.2 2.8 0
0.2 2.84 0
0.2 2.88 0
0.2 2.92 0
0.2 2.96 0
0.2 3 0
0.205 -5 0.000109915
0.205 -4.96 0.000109915
0.205 -4.92 0.000109915
0.205 -4.88 0.000109915
0.205 -4.84 0.000109915
0.205 -4.8 0.000109915
0.205 -4.76 0.000109915
0.205 -4.72 0.000109915
0.205 -4.68 0.000109915
0.205 -4.64 0.000109915
0.205 -4.6 0.000109915
0.205 -4.56 0.000109915
0.205 -4.52 0.000109915
0.205 -4.48 0.000109915
0.205 -4.44 0.000109915
0.205 -4.4 0.000109915
0.205 -4.36 0.000109915
0.205 -4.32 0.000109915
0.205 -4.28 0.000109915
0.205 -4.24 0.000109915
0.205 -4.2 0.000109915
0.205 -4.16 0.000109915
0.205 -4.12 0.000109915
0.205 -4.08 0.000109915
0.205 -4.04 0.000109915
0.205 -4 0.000109915
0.205 -3.96 0.000109915
0.205 -3.92 0.000109915
0.205 -3.88 0.000109915
0.205 -3.84 0.000109915
0.205 -3.8 0.000109915
0.205 -3.76 0.000109915
0.205 -3.72 0.000109915
0.205 -3.68 0.000109915
0.205 -3.64 0.000109915
0.205 -3.6 0.000109915
0.205 -3.56 0.000109915
0.205 -3.52 0.000109915
0.205 -3.48 0.000109915
0.205 -3.44 0.000109915
0.205 -3.4 0.000109915
0.205 -3.36 0.000109915
0.205 -3.32 0.000109915
0.205 -3.28 0.000109915
0.205 -3.24 0.000109915
0.205 -3.2 0.000109915
0.205 -3.16 0.000109915
0.205 -3.12 0.000109915
0.205 -3.08 0.000109915
0.205 -3.04 0.000109915
0.205 -3 0.000109915
0.205 -2.96 0.000103211
0.205 -2.92 0.000118217
0.205 -2.88 0.000113048
0.205 -2.84 0.00014176
0.205 -2.8 0.000149241
0.205 -2.76 0.000161843
0.205 -2.72 0.000165004
0.205 -2.68 0.0001694
0.205 -2.64 0.000176162
0.205 -2.6 0.000203113
0.205 -2.56 0.000234611
0.205 -2.52 0.000254192
0.205 -2.48 0.000339139
0.205 -2.44 0.000444943
0.205 -2.4 0.000509994
0.205 -2.36 0.000585862
0.205 -2.32 0.000692155
0.205 -2.28 0.000711856
0.205 -2.24 0.000827571
0.205 -2.2 0.000905451
0.205 -2.16 0.000971577
0.205 -2.12 0.00106277
0.205 -2.08 0.00101189
0.205 -2.04 0.00114695
0.205 -2 0.00125284
0.205 -1.96 0.00121538
0.205 -1.92 0.00134998
0.205 -1.88 0.00133258
0.205 -1.84 0.00130897
0.205 -1.8 0.00139198
0.205 -1.76 0.00160011
0.205 -1.72 0.00150311
0.205 -1.68 0.00168829
0.205 -1.64 0.00172029
0.205 -1.6 0.00168876
0.205 -1.56 0.00186378
0.205 -1.52 0.00182076
0.205 -1.48 0.00184711
0.205 -1.44 0.00197701
0.205 -1.4 0.00199462
0.205 -1.36 0.00200625
0.205 -1.32 0.00211142
0.205 -1.28 0.00217322
0.205 -1.24 0.00227609
0.205 -1.2 0.00237179
0.205 -1.16 0.00226899
0.205 -1.12 0.00243488
0.205 -1.08 0.00250329
0.205 -1.04 0.00256496
0.205 -1 0.00263303
0.205 -0.96 0.00265084
0.205 -0.92 0.00270698
0.205 -0.88 0.00278364
0.205 -0.84 0.00293588
0.205 -0.8 0.00297263
0.205 -0.76 0.00303217
0.205 -0.72 0.00315913
0.205 -0.68 0.00324601
0.205 -0.64 0.00333027
0.205 -0.6 0.00345684
0.205 -0.56 0.00359388
0.205 -0.52 0.0038006
0.205 -0.48 0.00384688
0.205 -0.44 0.0039877
0.205 -0.4 0.00400283
0.205 -0.36 0.00394546
0.205 -0.32 0.00372065
0.205 -0.28 0.00362269
0.205 -0.24 0.00346827
0.205 -0.2 0.00332515
0.205 -0.16 0.00313721
0.205 -0.12 0.00286081
0.205 -0.08 0.00236948
0.205 -0.04 0.00169952
0.205 0 0.00115577
0.205 0.04 0.000818888
0.205 0.08 0.000613279
0.205 0.12 0.000480826
0.205 0.16 0.000390351
0.205 0.2 0.000325408
0.205 0.24 0.000276908
0.205 0.28 0.0002395
0.205 0.32 0.000209904
0.205 0.36 0.000185972
0.205 0.4 0.000166293
0.205 0.44 0.000149848
0.205 0.48 0.00013594
0.205 0.52 0.000124045
0.205 0.56 0.000113776
0.205 0.6 0.000104826
0.205 0.64 9.69878e-05
0.205 0.68 9.00555e-05
0.205 0.72 8.38963e-05
0.205 0.76 7.8399e-05
0.205 0.8 7.34523e-05
0.205 0.84 6.89947e-05
0.205 0.88 6.49588e-05
0.205 0.92 6.12995e-05
0.205 0.96 5.79518e-05
0.205 1 0
0.205 1.04 0
0.205 1.08 0
0.205 1.12 0
0.205 1.16 0
0.205 1.2 0
0.205 1.24 0
0.205 1.28 0
0.205 1.32 0
0.205 1.36 0
0.205 1.4 0
0.205 1.44 0
0.205 1.48 0
0.205 1.52 0
0.205 1.56 0
0.205 1.6 0
0.205 1.64 0
0.205 1.68 0
0.205 1.72 0
0.205 1.76 0
0.205 1.8 0
0.205 1.84 0
0.205 1.88 0
0.205 1.92 0
0.205 1.96 0
0.205 2 0
0.205 2.04 0
0.205 2.08 0
0.205 2.12 0
0.205 2.16 0
0.205 2.2 0
0.205 2.24 0
0.205 2.28 0
0.205 2.32 0
0.205 2.36 0
0.205 2.4 0
0.205 2.44 0
0.205 2.48 0
0.205 2.52 0
0.205 2.56 0
0.205 2.6 0
0.205 2.64 0
0.205 2.68 0
0.205 2.72 0
0.205 2.76 0
0.205 2.8 0
0.205 2.84 0
0.205 2.88 0
0.205 2.92 0
0.205 2.96 0
0.205 3 0
0.21 -5 0.000114235
0.21 -4.96 0.000114235
0.21 -4.92 0.000114235
0.21 -4.88 0.000114235
0.21 -4.84 0.000114235
0.21 -4.8 0.000114235
0.21 -4.76 0.000114235
0.21 -4.72 0.000114235
0.21 -4.68 0.000114235
0.21 -4.64 0.000114235
0.21 -4.6 0.000114235
0.21 -4.56 0.000114235
0.21 -4.52 0.000114235
0.21 -4.48 0.000114235
0.21 -4.44 0.000114235
0.21 -4.4 0.000114235
0.21 -4.36 0.000114235
0.21 -4.32 0.000114235
0.21 -4.28 0.000114235
0.21 -4.24 0.000114235
0.21 -4.2 0.000114235
0.21 -4.16 0.000114235
0.21 -4.12 0.000114235
0.21 -4.08 0.000114235
0.21 -4.04 0.000114235
0.21 -4 0.000114235
0.21 -3.96 0.000114235
0.21 -3.92 0.000114235
0.21 -3.88 0.000114235
0.21 -3.84 0.000114235
0.21 -3.8 0.000114235
0.21 -3.76 0.000114235
0.21 -3.72 0.000114235
0.21 -3.68 0.000114235
0.21 -3.64 0.000114235
0.21 -3.6 0.000114235
0.21 -3.56 0.000114235
0.21 -3.52 0.000114235
0.21 -3.48 0.000114235
0.21 -3.44 0.000114235
0.21 -3.4 0.000114235
0.21 -3.36 0.000114235
0.21 -3.32 0.000114235
0.21 -3.28 0.000114235
0.21 -3.24 0.000114235
0.21 -3.2 0.000114235
0.21 -3.16 0.000114235
0.21 -3.12 0.000114235
0.21 -3.08 0.000114235
0.21 -3.04 0.000114235
0.21 -3 0.000114235
0.21 -2.96 0.000104114
0.21 -2.92 0.00011401
0.21 -2.88 0.000113887
0.21 -2.84 0.000142189
0.21 -2.8 0.000142618
0.21 -2.76 0.000160575
0.21 -2.72 0.000170983
0.21 -2.68 0.00017789
0.21 -2.64 0.000177523
0.21 -2.6 0.000197509
0.21 -2.56 0.000235467
0.21 -2.52 0.000251508
0.21 -2.48 0.000338293
0.21 -2.44 0.000444772
0.21 -2.4 0.000506429
0.21 -2.36 0.000589597
0.21 -2.32 0.000694781
0.21 -2.28 0.000713431
0.21 -2.24 0.000832171
0.21 -2.2 0.000911148
0.21 -2.16 0.000978753
0.21 -2.12 0.00106855
0.21 -2.08 0.00100783
0.21 -2.04 0.00115513
0.21 -2 0.00126396
0.21 -1.96 0.00122023
0.21 -1.92 0.00137103
0.21 -1.88 0.00135805
0.21 -1.84 0.00129483
0.21 -1.8 0.00141313
0.21 -1.76 0.00158989
0.21 -1.72 0.00152768
0.21 -1.68 0.00170811
0.21 -1.64 0.00173437
0.21 -1.6 0.00171001
0.21 -1.56 0.00189541
0.21 -1.52 0.00183223
0.21 -1.48 0.00186451
0.21 -1.44 0.00198921
0.21 -1.4 0.00200703
0.21 -1.36 0.00199287
0.21 -1.32 0.00212164
0.21 -1.28 0.00218822
0.21 -1.24 0.00226541
0.21 -1.2 0.00239333
0.21 -1.16 0.00230469
0.21 -1.12 0.00247373
0.21 -1.08 0.00248378
0.21 -1.04 0.00256619
0.21 -1 0.00262883
0.21 -0.96 0.00261623
0.21 -0.92 0.00272722
0.21 -0.88 0.00278456
0.21 -0.84 0.00294628
0.21 -0.8 0.00299323
0.21 -0.76 0.0030678
0.21 -0.72 0.00316134
0.21 -0.68 0.00329092
0.21 -0.64 0.00339211
0.21 -0.6 0.00346184
0.21 -0.56 0.00360625
0.21 -0.52 0.0037478
0.21 -0.48 0.00380748
0.21 -0.44 0.00393177
0.21 -0.4 0.00396986
0.21 -0.36 0.00386493
0.21 -0.32 0.00367435
0.21 -0.28 0.00356772
0.21 -0.24 0.00339187
0.21 -0.2 0.00325026
0.21 -0.16 0.00308409
0.21 -0.12 0.0028182
0.21 -0.08 0.0023468
0.21 -0.04 0.00169404
0.21 0 0.00115335
0.21 0.04 0.000815833
0.21 0.08 0.000610074
0.21 0.12 0.000477837
0.21 0.16 0.000387692
0.21 0.2 0.000323084
0.21 0.24 0.000274885
0.21 0.28 0.000237737
0.21 0.32 0.000208363
0.21 0.36 0.000184617
0.21 0.4 0.000165096
0.21 0.44 0.000148785
0.21 0.48 0.000134992
0.21 0.52 0.000123194
0.21 0.56 0.00011301
0.21 0.6 0.000104134
0.21 0.64 9.63591e-05
0.21 0.68 8.94829e-05
0.21 0.72 8.33727e-05
0.21 0.76 7.79187e-05
0.21 0.8 7.30107e-05
0.21 0.84 6.85874e-05
0.21 0.88 6.45822e-05
0.21 0.92 6.09505e-05
0.21 0.96 5.76276e-05
0.21 1 0
0.21 1.04 0
0.21 1.08 0
0.21 1.12 0
0.21 1.16 0
0.21 1.2 0
0.21 1.24 0
0.21 1.28 0
0.21 1.32 0
0.21 1.36 0
0.21 1.4 0
0.21 1.44 0
0.21 1.48 0
0.21 1.52 0
0.21 1.56 0
0.21 1.6 0
0.21 1.64 0
0.21 1.68 0
0.21 1.72 0
0.21 1.76 0
0.21 1.8 0
0.21 1.84 0
0.21 1.88 0
0.21 1.92 0
0.21 1.96 0
0.21 2 0
0.21 2.04 0
0.21 2.08 0
0.21 2.12 0
0.21 2.16 0
0.21 2.2 0
0.21 2.24 0
0.21 2.28 0
0.21 2.32 0
0.21 2.36 0
0.21 2.4 0
0.21 2.44 0
0.21 2.48 0
0.21 2.52 0
0.21 2.56 0
0.21 2.6 0
0.21 2.64 0
0.21 2.68 0
0.21 2.72 0
0.21 2.76 0
0.21 2.8 0
0.21 2.84 0
0.21 2.88 0
0.21 2.92 0
0.21 2.96 0
0.21 3 0
0.215 -5 0.000119653
0.215 -4.96 0.000119653
0.215 -4.92 0.000119653
0.215 -4.88 0.000119653
0.215 -4.84 0.000119653
0.215 -4.8 0.000119653
0.215 -4.76 0.000119653
0.215 -4.72 0.000119653
0.215 -4.68 0.000119653
0.215 -4.64 0.000119653
0.215 -4.6 0.000119653
0.215 -4.56 0.000119653
0.215 -4.52 0.000119653
0.215 -4.48 0.000119653
0.215 -4.44 0.000119653
0.215 -4.4 0.000119653
0.215 -4.36 0.000119653
0.215 -4.32 0.000119653
0.215 -4.28 0.000119653
0.215 -4.24 0.000119653
0.215 -4.2 0.000119653
0.215 -4.16 0.000119653
0.215 -4.12 0.000119653
0.215 -4.08 0.000119653
0.215 -4.04 0.000119653
0.215 -4 0.000119653
0.215 -3.96 0.000119653
0.215 -3.92 0.000119653
0.215 -3.88 0.000119653
0.215 -3.84 0.000119653
0.215 -3.8 0.000119653
0.215 -3.76 0.000119653
0.215 -3.72 0.000119653
0.215 -3.68 0.000119653
0.215 -3.64 0.000119653
0.215 -3.6 0.000119653
0.215 -3.56 0.000119653
0.215 -3.52 0.000119653
0.215 -3.48 0.000119653
0.215 -3.44 0.000119653
0.215 -3.4 0.000119653
0.215 -3.36 0.000119653
0.215 -3.32 0.000119653
0.215 -3.28 0.000119653
0.215 -3.24 0.000119653
0.215 -3.2 0.000119653
0.215 -3.16 0.000119653
0.215 -3.12 0.000119653
0.215 -3.08 0.000119653
0.215 -3.04 0.000119653
0.215 -3 0.000119653
0.215 -2.96 0.000105504
0.215 -2.92 0.000113857
0.215 -2.88 0.000115919
0.215 -2.84 0.000140324
0.215 -2.8 0.000136807
0.215 -2.76 0.000156975
0.215 -2.72 0.000170905
0.215 -2.68 0.000177435
0.215 -2.64 0.000183985
0.215 -2.6 0.000202268
0.215 -2.56 0.000235067
0.215 -2.52 0.000255674
0.215 -2.48 0.00033783
0.215 -2.44 0.000445581
0.215 -2.4 0.000503879
0.215 -2.36 0.000592864
0.215 -2.32 0.000695236
0.215 -2.28 0.000715667
0.215 -2.24 0.000833489
0.215 -2.2 0.000918523
0.215 -2.16 0.000986419
0.215 -2.12 0.00107689
0.215 -2.08 0.00101037
0.215 -2.04 0.00117179
0.215 -2 0.00128828
0.215 -1.96 0.00123785
0.215 -1.92 0.00139428
0.215 -1.88 0.00137616
0.215 -1.84 0.00129253
0.215 -1.8 0.00144725
0.215 -1.76 0.00157454
0.215 -1.72 0.00156342
0.215 -1.68 0.00172108
0.215 -1.64 0.00175748
0.215 -1.6 0.00172033
0.215 -1.56 0.00191062
0.215 -1.52 0.00184555
0.215 -1.48 0.00188203
0.215 -1.44 0.00201168
0.215 -1.4 0.00202545
0.215 -1.36 0.00201014
0.215 -1.32 0.00213942
0.215 -1.28 0.00220189
0.215 -1.24 0.00225312
0.215 -1.2 0.00236858
0.215 -1.16 0.0023429
0.215 -1.12 0.00250813
0.215 -1.08 0.00249269
0.215 -1.04 0.00256905
0.215 -1 0.00263163
0.215 -0.96 0.00259936
0.215 -0.92 0.00276744
0.215 -0.88 0.00281027
0.215 -0.84 0.00293371
0.215 -0.8 0.00299597
0.215 -0.76 0.00310221
0.215 -0.72 0.00314111
0.215 -0.68 0.00328589
0.215 -0.64 0.00340927
0.215 -0.6 0.0034713
0.215 -0.56 0.00357098
0.215 -0.52 0.00371003
0.215 -0.48 0.00382582
0.215 -0.44 0.00389967
0.215 -0.4 0.00393218
0.215 -0.36 0.0037943
0.215 -0.32 0.0036665
0.215 -0.28 0.00349691
0.215 -0.24 0.00332441
0.215 -0.2 0.00317739
0.215 -0.16 0.00302431
0.215 -0.12 0.00277298
0.215 -0.08 0.00232376
0.215 -0.04 0.00168869
0.215 0 0.00115068
0.215 0.04 0.000812657
0.215 0.08 0.000606789
0.215 0.12 0.00047479
0.215 0.16 0.000384989
0.215 0.2 0.000320725
0.215 0.24 0.000272834
0.215 0.28 0.000235951
0.215 0.32 0.000206802
0.215 0.36 0.000183245
0.215 0.4 0.000163885
0.215 0.44 0.00014771
0.215 0.48 0.000134033
0.215 0.52 0.000122334
0.215 0.56 0.000112236
0.215 0.6 0.000103434
0.215 0.64 9.57226e-05
0.215 0.68 8.89032e-05
0.215 0.72 8.28428e-05
0.215 0.76 7.74325e-05
0.215 0.8 7.25635e-05
0.215 0.84 6.8175e-05
0.215 0.88 6.42007e-05
0.215 0.92 6.0597e-05
0.215 0.96 5.72991e-05
0.215 1 0
0.215 1.04 0
0.215 1.08 0
0.215 1.12 0
0.215 1.16 0
0.215 1.2 0
0.215 1.24 0
0.215 1.28 0
0.215 1.32 0
0.215 1.36 0
0.215 1.4 0
0.215 1.44 0
0.215 1.48 0
0.215 1.52 0
0.215 1.56 0
0.215 1.6 0
0.215 1.64 0
0.215 1.68 0
0.215 1.72 0
0.215 1.76 0
0.215 1.8 0
0.215 1.84 0
0.215 1.88 0
0.215 1.92 0
0.215 1.96 0
0.215 2 0
0.215 2.04 0
0.215 2.08 0
0.215 2.12 0
0.215 2.16 0
0.215 2.2 0
0.215 2.24 0
0.215 2.28 0
0.215 2.32 0
0.215 2.36 0
0.215 2.4 0
0.215 2.44 0
0.215 2.48 0
0.215 2.52 0
0.215 2.56 0
0.215 2.6 0
0.215 2.64 0
0.215 2.68 0
0.215 2.72 0
0.215 2.76 0
0.215 2.8 0
0.215 2.84 0
0.215 2.88 0
0.215 2.92 0
0.215 2.96 0
0.215 3 0
0.22 -5 0.000122812
0.22 -4.96 0.000122812
0.22 -4.92 0.000122812
0.22 -4.88 0.000122812
0.22 -4.84 0.000122812
0.22 -4.8 0.000122812
0.22 -4.76 0.000122812
0.22 -4.72 0.000122812
0.22 -4.68 0.000122812
0.22 -4.64 0.000122812
0.22 -4.6 0.000122812
0.22 -4.56 0.000122812
0.22 -4.52 0.000122812
0.22 -4.48 0.000122812
0.22 -4.44 0.000122812
0.22 -4.4 0.000122812
0.22 -4.36 0.000122812
0.22 -4.32 0.000122812
0.22 -4.28 0.000122812
0.22 -4.24 0.000122812
0.22 -4.2 0.000122812
0.22 -4.16 0.000122812
0.22 -4.12 0.000122812
0.22 -4.08 0.000122812
0.22 -4.04 0.000122812
0.22 -4 0.000122812
0.22 -3.96 0.000122812
0.22 -3.92 0.000122812
0.22 -3.88 0.000122812
0.22 -3.84 0.000122812
0.22 -3.8 0.000122812
0.22 -3.76 0.000122812
0.22 -3.72 0.000122812
0.22 -3.68 0.000122812
0.22 -3.64 0.000122812
0.22 -3.6 0.000122812
0.22 -3.56 0.000122812
0.22 -3.52 0.000122812
0.22 -3.48 0.000122812
0.22 -3.44 0.000122812
0.22 -3.4 0.000122812
0.22 -3.36 0.000122812
0.22 -3.32 0.000122812
0.22 -3.28 0.000122812
0.22 -3.24 0.000122812
0.22 -3.2 0.000122812
0.22 -3.16 0.000122812
0.22 -3.12 0.000122812
0.22 -3.08 0.000122812
0.22 -3.04 0.000122812
0.22 -3 0.000122812
0.22 -2.96 0.000106085
0.22 -2.92 0.000117834
0.22 -2.88 0.000118861
0.22 -2.84 0.00013816
0.22 -2.8 0.000136696
0.22 -2.76 0.000151641
0.22 -2.72 0.000166704
0.22 -2.68 0.000171891
0.22 -2.64 0.000190074
0.22 -2.6 0.000212035
0.22 -2.56 0.000231645
0.22 -2.52 0.00026561
0.22 -2.48 0.000339214
0.22 -2.44 0.000445041
0.22 -2.4 0.000500976
0.22 -2.36 0.000595455
0.22 -2.32 0.00069635
0.22 -2.28 0.000717908
0.22 -2.24 0.000832835
0.22 -2.2 0.000924906
0.22 -2.16 0.000992304
0.22 -2.12 0.00108214
0.22 -2.08 0.00102233
0.22 -2.04 0.00117846
0.22 -2 0.00131138
0.22 -1.96 0.00125188
0.22 -1.92 0.00139483
0.22 -1.88 0.0013729
0.22 -1.84 0.00130215
0.22 -1.8 0.00146529
0.22 -1.76 0.00157939
0.22 -1.72 0.00158051
0.22 -1.68 0.00171642
0.22 -1.64 0.00178559
0.22 -1.6 0.00172579
0.22 -1.56 0.00189273
0.22 -1.52 0.0018575
0.22 -1.48 0.00189135
0.22 -1.44 0.00201762
0.22 -1.4 0.0020488
0.22 -1.36 0.00204577
0.22 -1.32 0.00216807
0.22 -1.28 0.00220812
0.22 -1.24 0.00225855
0.22 -1.2 0.00234525
0.22 -1.16 0.00235555
0.22 -1.12 0.00250167
0.22 -1.08 0.00253319
0.22 -1.04 0.00258068
0.22 -1 0.0026597
0.22 -0.96 0.00265014
0.22 -0.92 0.00279033
0.22 -0.88 0.00285988
0.22 -0.84 0.00290492
0.22 -0.8 0.00299272
0.22 -0.76 0.00310915
0.22 -0.72 0.00313584
0.22 -0.68 0.00324376
0.22 -0.64 0.00337333
0.22 -0.6 0.00347496
0.22 -0.56 0.00354345
0.22 -0.52 0.00372463
0.22 -0.48 0.00385768
0.22 -0.44 0.00390737
0.22 -0.4 0.0038871
0.22 -0.36 0.00376057
0.22 -0.32 0.00361535
0.22 -0.28 0.00342061
0.22 -0.24 0.0032728
0.22 -0.2 0.0031202
0.22 -0.16 0.00296253
0.22 -0.12 0.00272441
0.22 -0.08 0.00229925
0.22 -0.04 0.00168339
0.22 0 0.00114776
0.22 0.04 0.000809355
0.22 0.08 0.000603423
0.22 0.12 0.000471686
0.22 0.16 0.000382243
0.22 0.2 0.000318332
0.22 0.24 0.000270756
0.22 0.28 0.000234143
0.22 0.32 0.000205222
0.22 0.36 0.000181858
0.22 0.4 0.000162659
0.22 0.44 0.000146622
0.22 0.48 0.000133062
0.22 0.52 0.000121464
0.22 0.56 0.000111452
0.22 0.6 0.000102726
0.22 0.64 9.50789e-05
0.22 0.68 8.83168e-05
0.22 0.72 8.23066e-05
0.22 0.76 7.69406e-05
0.22 0.8 7.2111e-05
0.22 0.84 6.77577e-05
0.22 0.88 6.38148e-05
0.22 0.92 6.02391e-05
0.22 0.96 5.69666e-05
0.22 1 0
0.22 1.04 0
0.22 1.08 0
0.22 1.12 0
0.22 1.16 0
0.22 1.2 0
0.22 1.24 0
0.22 1.28 0
0.22 1.32 0
0.22 1.36 0
0.22 1.4 0
0.22 1.44 0
0.22 1.48 0
0.22 1.52 0
0.22 1.56 0
0.22 1.6 0
0.22 1.64 0
0.22 1.68 0
0.22 1.72 0
0.22 1.76 0
0.22 1.8 0
0.22 1.84 0
0.22 1.88 0
0.22 1.92 0
0.22 1.96 0
0.22 2 0
0.22 2.04 0
0.22 2.08 0
0.22 2.12 0
0.22 2.16 0
0.22 2.2 0
0.22 2.24 0
0.22 2.28 0
0.22 2.32 0
0.22 2.36 0
0.22 2.4 0
0.22 2.44 0
0.22 2.48 0
0.22 2.52 0
0.22 2.56 0
0.22 2.6 0
0.22 2.64 0
0.22 2.68 0
0.22 2.72 0
0.22 2.76 0
0.22 2.8 0
0.22 2.84 0
0.22 2.88 0
0.22 2.92 0
0.22 2.96 0
0.22 3 0
0.225 -5 0.000122223
0.225 -4.96 0.000122223
0.225 -4.92 0.000122223
0.225 -4.88 0.000122223
0.225 -4.84 0.000122223
0.225 -4.8 0.000122223
0.225 -4.76 0.000122223
0.225 -4.72 0.000122223
0.225 -4.68 0.000122223
0.225 -4.64 0.000122223
0.225 -4.6 0.000122223
0.225 -4.56 0.000122223
0.225 -4.52 0.000122223
0.225 -4.48 0.000122223
0.225 -4.44 0.000122223
0.225 -4.4 0.000122223
0.225 -4.36 0.000122223
0.225 -4.32 0.000122223
0.225 -4.28 0.000122223
0.225 -4.24 0.000122223
0.225 -4.2 0.000122223
0.225 -4.16 0.000122223
0.225 -4.12 0.000122223
0.225 -4.08 0.000122223
0.225 -4.04 0.000122223
0.225 -4 0.000122223
0.225 -3.96 0.000122223
0.225 -3.92 0.000122223
0.225 -3.88 0.000122223
0.225 -3.84 0.000122223
0.225 -3.8 0.000122223
0.225 -3.76 0.000122223
0.225 -3.72 0.000122223
0.225 -3.68 0.000122223
0.225 -3.64 0.000122223
0.225 -3.6 0.000122223
0.225 -3.56 0.000122223
0.225 -3.52 0.000122223
0.225 -3.48 0.000122223
0.225 -3.44 0.000122223
0.225 -3.4 0.000122223
0.225 -3.36 0.000122223
0.225 -3.32 0.000122223
0.225 -3.28 0.000122223
0.225 -3.24 0.000122223
0.225 -3.2 0.000122223
0.225 -3.16 0.000122223
0.225 -3.12 0.000122223
0.225 -3.08 0.000122223
0.225 -3.04 0.000122223
0.225 -3 0.000122223
0.225 -2.96 0.000105479
0.225 -2.92 0.000121026
0.225 -2.88 0.000121037
0.225 -2.84 0.000136722
0.225 -2.8 0.000138921
0.225 -2.76 0.000147549
0.225 -2.72 0.000165883
0.225 -2.68 0.000169703
0.225 -2.64 0.000190857
0.225 -2.6 0.000216316
0.225 -2.56 0.000230716
0.225 -2.52 0.000275879
0.225 -2.48 0.000339703
0.225 -2.44 0.000441776
0.225 -2.4 0.000495979
0.225 -2.36 0.000596957
0.225 -2.32 0.000702337
0.225 -2.28 0.000722114
0.225 -2.24 0.00083225
0.225 -2.2 0.000929291
0.225 -2.16 0.000993914
0.225 -2.12 0.00108838
0.225 -2.08 0.0010386
0.225 -2.04 0.00116671
0.225 -2 0.00131288
0.225 -1.96 0.00125283
0.225 -1.92 0.00138123
0.225 -1.88 0.00136855
0.225 -1.84 0.0013138
0.225 -1.8 0.00146531
0.225 -1.76 0.00161029
0.225 -1.72 0.0015787
0.225 -1.68 0.00170725
0.225 -1.64 0.00180205
0.225 -1.6 0.00173979
0.225 -1.56 0.00187672
0.225 -1.52 0.00186478
0.225 -1.48 0.00189283
0.225 -1.44 0.0020023
0.225 -1.4 0.00207275
0.225 -1.36 0.00206921
0.225 -1.32 0.00218891
0.225 -1.28 0.00221379
0.225 -1.24 0.00226657
0.225 -1.2 0.00238018
0.225 -1.16 0.00234685
0.225 -1.12 0.00247885
0.225 -1.08 0.00255604
0.225 -1.04 0.00260092
0.225 -1 0.00270345
0.225 -0.96 0.0027172
0.225 -0.92 0.00279927
0.225 -0.88 0.00289969
0.225 -0.84 0.00288866
0.225 -0.8 0.00299648
0.225 -0.76 0.00309184
0.225 -0.72 0.0031592
0.225 -0.68 0.00324247
0.225 -0.64 0.00335103
0.225 -0.6 0.0034703
0.225 -0.56 0.00357858
0.225 -0.52 0.00374208
0.225 -0.48 0.0038349
0.225 -0.44 0.00391417
0.225 -0.4 0.00383678
0.225 -0.36 0.00373896
0.225 -0.32 0.00350555
0.225 -0.28 0.00335514
0.225 -0.24 0.00322192
0.225 -0.2 0.00307364
0.225 -0.16 0.00290788
0.225 -0.12 0.00267555
0.225 -0.08 0.00227314
0.225 -0.04 0.00167694
0.225 0 0.00114456
0.225 0.04 0.000805927
0.225 0.08 0.000599977
0.225 0.12 0.000468525
0.225 0.16 0.000379456
0.225 0.2 0.000315908
0.225 0.24 0.000268652
0.225 0.28 0.000232313
0.225 0.32 0.000203624
0.225 0.36 0.000180455
0.225 0.4 0.000161421
0.225 0.44 0.000145523
0.225 0.48 0.000132081
0.225 0.52 0.000120585
0.225 0.56 0.000110661
0.225 0.6 0.00010201
0.225 0.64 9.44283e-05
0.225 0.68 8.77241e-05
0.225 0.72 8.17647e-05
0.225 0.76 7.64433e-05
0.225 0.8 7.16536e-05
0.225 0.84 6.73357e-05
0.225 0.88 6.34245e-05
0.225 0.92 5.98773e-05
0.225 0.96 5.66303e-05
0.225 1 0
0.225 1.04 0
0.225 1.08 0
0.225 1.12 0
0.225 1.16 0
0.225 1.2 0
0.225 1.24 0
0.225 1.28 0
0.225 1.32 0
0.225 1.36 0
0.225 1.4 0
0.225 1.44 0
0.225 1.48 0
0.225 1.52 0
0.225 1.56 0
0.225 1.6 0
0.225 1.64 0
0.225 1.68 0
0.225 1.72 0
0.225 1.76 0
0.225 1.8 0
0.225 1.84 0
0.225 1.88 0
0.225 1.92 0
0.225 1.96 0
0.225 2 0
0.225 2.04 0
0.225 2.08 0
0.225 2.12 0
0.225 2.16 0
0.225 2.2 0
0.225 2.24 0
0.225 2.28 0
0.225 2.32 0
0.225 2.36 0
0.225 2.4 0
0.225 2.44 0
0.225 2.48 0
0.225 2.52 0
0.225 2.56 0
0.225 2.6 0
0.225 2.64 0
0.225 2.68 0
0.225 2.72 0
0.225 2.76 0
0.225 2.8 0
0.225 2.84 0
0.225 2.88 0
0.225 2.92 0
0.225 2.96 0
0.225 3 0
0.23 -5 0.000120053
0.23 -4.96 0.000120053
0.23 -4.92 0.000120053
0.23 -4.88 0.000120053
0.23 -4.84 0.000120053
0.23 -4.8 0.000120053
0.23 -4.76 0.000120053
0.23 -4.72 0.000120053
0.23 -4.68 0.000120053
0.23 -4.64 0.000120053
0.23 -4.6 0.000120053
0.23 -4.56 0.000120053
0.23 -4.52 0.000120053
0.23 -4.48 0.000120053
0.23 -4.44 0.000120053
0.23 -4.4 0.000120053
0.23 -4.36 0.000120053
0.23 -4.32 0.000120053
0.23 -4.28 0.000120053
0.23 -4.24 0.000120053
0.23 -4.2 0.000120053
0.23 -4.16 0.000120053
0.23 -4.12 0.000120053
0.23 -4.08 0.000120053
0.23 -4.04 0.000120053
0.23 -4 0.000120053
0.23 -3.96 0.000120053
0.23 -3.92 0.000120053
0.23 -3.88 0.000120053
0.23 -3.84 0.000120053
0.23 -3.8 0.000120053
0.23 -3.76 0.000120053
0.23 -3.72 0.000120053
0.23 -3.68 0.000120053
0.23 -3.64 0.000120053
0.23 -3.6 0.000120053
0.23 -3.56 0.000120053
0.23 -3.52 0.000120053
0.23 -3.48 0.000120053
0.23 -3.44 0.000120053
0.23 -3.4 0.000120053
0.23 -3.36 0.000120053
0.23 -3.32 0.000120053
0.23 -3.28 0.000120053
0.23 -3.24 0.000120053
0.23 -3.2 0.000120053
0.23 -3.16 0.000120053
0.23 -3.12 0.000120053
0.23 -3.08 0.000120053
0.23 -3.04 0.000120053
0.23 -3 0.000120053
0.23 -2.96 0.000104781
0.23 -2.92 0.000119757
0.23 -2.88 0.000121436
0.23 -2.84 0.000135594
0.23 -2.8 0.000137586
0.23 -2.76 0.000147998
0.23 -2.72 0.000170353
0.23 -2.68 0.000170716
0.23 -2.64 0.000187317
0.23 -2.6 0.000213876
0.23 -2.56 0.00023624
0.23 -2.52 0.000279389
0.23 -2.48 0.000335837
0.23 -2.44 0.000436569
0.23 -2.4 0.000491689
0.23 -2.36 0.000596488
0.23 -2.32 0.000711808
0.23 -2.28 0.000729943
0.23 -2.24 0.000833187
0.23 -2.2 0.000932872
0.23 -2.16 0.000992411
0.23 -2.12 0.001101
0.23 -2.08 0.00105254
0.23 -2.04 0.00115507
0.23 -2 0.00129916
0.23 -1.96 0.00124731
0.23 -1.92 0.00137746
0.23 -1.88 0.00138693
0.23 -1.84 0.00132292
0.23 -1.8 0.00146997
0.23 -1.76 0.00164189
0.23 -1.72 0.00158017
0.23 -1.68 0.00170959
0.23 -1.64 0.00180353
0.23 -1.6 0.0017579
0.23 -1.56 0.00189681
0.23 -1.52 0.00187592
0.23 -1.48 0.0018913
0.23 -1.44 0.00199539
0.23 -1.4 0.00209924
0.23 -1.36 0.00207766
0.23 -1.32 0.00218728
0.23 -1.28 0.00222465
0.23 -1.24 0.00226036
0.23 -1.2 0.0024461
0.23 -1.16 0.00234679
0.23 -1.12 0.00247817
0.23 -1.08 0.00254004
0.23 -1.04 0.00262332
0.23 -1 0.00272653
0.23 -0.96 0.00273299
0.23 -0.92 0.0028169
0.23 -0.88 0.00290453
0.23 -0.84 0.00289764
0.23 -0.8 0.00300621
0.23 -0.76 0.00307877
0.23 -0.72 0.00318083
0.23 -0.68 0.00329334
0.23 -0.64 0.00337291
0.23 -0.6 0.00347863
0.23 -0.56 0.00363435
0.23 -0.52 0.00372116
0.23 -0.48 0.00377752
0.23 -0.44 0.00387912
0.23 -0.4 0.00378629
0.23 -0.36 0.00368252
0.23 -0.32 0.00340939
0.23 -0.28 0.00330314
0.23 -0.24 0.00315534
0.23 -0.2 0.00302129
0.23 -0.16 0.00286001
0.23 -0.12 0.00262995
0.23 -0.08 0.0022463
0.23 -0.04 0.00166862
0.23 0 0.0011411
0.23 0.04 0.00080237
0.23 0.08 0.000596451
0.23 0.12 0.000465309
0.23 0.16 0.000376627
0.23 0.2 0.000313452
0.23 0.24 0.000266524
0.23 0.28 0.000230464
0.23 0.32 0.00020201
0.23 0.36 0.000179038
0.23 0.4 0.00016017
0.23 0.44 0.000144413
0.23 0.48 0.000131091
0.23 0.52 0.000119697
0.23 0.56 0.000109861
0.23 0.6 0.000101287
0.23 0.64 9.37712e-05
0.23 0.68 8.71255e-05
0.23 0.72 8.12174e-05
0.23 0.76 7.59409e-05
0.23 0.8 7.11916e-05
0.23 0.84 6.69094e-05
0.23 0.88 6.30302e-05
0.23 0.92 5.95115e-05
0.23 0.96 5.62904e-05
0.23 1 0
0.23 1.04 0
0.23 1.08 0
0.23 1.12 0
0.23 1.16 0
0.23 1.2 0
0.23 1.24 0
0.23 1.28 0
0.23 1.32 0
0.23 1.36 0
0.23 1.4 0
0.23 1.44 0
0.23 1.48 0
0.23 1.52 0
0.23 1.56 0
0.23 1.6 0
0.23 1.64 0
0.23 1.68 0
0.23 1.72 0
0.23 1.76 0
0.23 1.8 0
0.23 1.84 0
0.23 1.88 0
0.23 1.92 0
0.23 1.96 0
0.23 2 0
0.23 2.04 0
0.23 2.08 0
0.23 2.12 0
0.23 2.16 0
0.23 2.2 0
0.23 2.24 0
0.23 2.28 0
0.23 2.32 0
0.23 2.36 0
0.23 2.4 0
0.23 2.44 0
0.23 2.48 0
0.23 2.52 0
0.23 2.56 0
0.23 2.6 0
0.23 2.64 0
0.23 2.68 0
0.23 2.72 0
0.23 2.76 0
0.23 2.8 0
0.23 2.84 0
0.23 2.88 0
0.23 2.92 0
0.23 2.96 0
0.23 3 0
0.235 -5 0.000119259
0.235 -4.96 0.000119259
0.235 -4.92 0.000119259
0.235 -4.88 0.000119259
0.235 -4.84 0.000119259
0.235 -4.8 0.000119259
0.235 -4.76 0.000119259
0.235 -4.72 0.000119259
0.235 -4.68 0.000119259
0.235 -4.64 0.000119259
0.235 -4.6 0.000119259
0.235 -4.56 0.000119259
0.235 -4.52 0.000119259
0.235 -4.48 0.000119259
0.235 -4.44 0.000119259
0.235 -4.4 0.000119259
0.235 -4.36 0.000119259
0.235 -4.32 0.000119259
0.235 -4.28 0.000119259
0.235 -4.24 0.000119259
0.235 -4.2 0.000119259
0.235 -4.16 0.000119259
0.235 -4.12 0.000119259
0.235 -4.08 0.000119259
0.235 -4.04 0.000119259
0.235 -4 0.000119259
0.235 -3.96 0.000119259
0.235 -3.92 0.000119259
0.235 -3.88 0.000119259
0.235 -3.84 0.000119259
0.235 -3.8 0.000119259
0.235 -3.76 0.000119259
0.235 -3.72 0.000119259
0.235 -3.68 0.000119259
0.235 -3.64 0.000119259
0.235 -3.6 0.000119259
0.235 -3.56 0.000119259
0.235 -3.52 0.000119259
0.235 -3.48 0.000119259
0.235 -3.44 0.000119259
0.235 -3.4 0.000119259
0.235 -3.36 0.000119259
0.235 -3.32 0.000119259
0.235 -3.28 0.000119259
0.235 -3.24 0.000119259
0.235 -3.2 0.000119259
0.235 -3.16 0.000119259
0.235 -3.12 0.000119259
0.235 -3.08 0.000119259
0.235 -3.04 0.000119259
0.235 -3 0.000119259
0.235 -2.96 0.00010557
0.235 -2.92 0.000115429
0.235 -2.88 0.000120642
0.235 -2.84 0.000134722
0.235 -2.8 0.000133747
0.235 -2.76 0.000152889
0.235 -2.72 0.00017239
0.235 -2.68 0.000171195
0.235 -2.64 0.000183555
0.235 -2.6 0.000212102
0.235 -2.56 0.00024355
0.235 -2.52 0.000274724
0.235 -2.48 0.000329897
0.235 -2.44 0.000431735
0.235 -2.4 0.000490739
0.235 -2.36 0.000593896
0.235 -2.32 0.00071853
0.235 -2.28 0.000739131
0.235 -2.24 0.000837069
0.235 -2.2 0.000935442
0.235 -2.16 0.000990636
0.235 -2.12 0.00111505
0.235 -2.08 0.00106317
0.235 -2.04 0.0011619
0.235 -2 0.00129425
0.235 -1.96 0.00124784
0.235 -1.92 0.00138835
0.235 -1.88 0.00141977
0.235 -1.84 0.00133622
0.235 -1.8 0.00148757
0.235 -1.76 0.00164987
0.235 -1.72 0.00159321
0.235 -1.68 0.00171948
0.235 -1.64 0.00180622
0.235 -1.6 0.00176611
0.235 -1.56 0.00193046
0.235 -1.52 0.0018997
0.235 -1.48 0.00189216
0.235 -1.44 0.00201264
0.235 -1.4 0.00213329
0.235 -1.36 0.00209419
0.235 -1.32 0.00217979
0.235 -1.28 0.00223712
0.235 -1.24 0.00225651
0.235 -1.2 0.00247024
0.235 -1.16 0.00237098
0.235 -1.12 0.00249146
0.235 -1.08 0.00251966
0.235 -1.04 0.00264376
0.235 -1 0.00271415
0.235 -0.96 0.00271942
0.235 -0.92 0.00283956
0.235 -0.88 0.00288334
0.235 -0.84 0.00291466
0.235 -0.8 0.00301635
0.235 -0.76 0.0030909
0.235 -0.72 0.00317733
0.235 -0.68 0.00332316
0.235 -0.64 0.00339402
0.235 -0.6 0.00350733
0.235 -0.56 0.00363142
0.235 -0.52 0.0036922
0.235 -0.48 0.0037671
0.235 -0.44 0.00381582
0.235 -0.4 0.00373502
0.235 -0.36 0.00358257
0.235 -0.32 0.00337988
0.235 -0.28 0.00325237
0.235 -0.24 0.00307721
0.235 -0.2 0.00295869
0.235 -0.16 0.00280883
0.235 -0.12 0.00258782
0.235 -0.08 0.00221926
0.235 -0.04 0.00165905
0.235 0 0.00113734
0.235 0.04 0.00079868
0.235 0.08 0.000592845
0.235 0.12 0.000462038
0.235 0.16 0.00037376
0.235 0.2 0.000310967
0.235 0.24 0.000264373
0.235 0.28 0.000228596
0.235 0.32 0.00020038
0.235 0.36 0.000177607
0.235 0.4 0.000158908
0.235 0.44 0.000143293
0.235 0.48 0.000130092
0.235 0.52 0.000118802
0.235 0.56 0.000109054
0.235 0.6 0.000100557
0.235 0.64 9.31081e-05
0.235 0.68 8.65213e-05
0.235 0.72 8.06649e-05
0.235 0.76 7.54338e-05
0.235 0.8 7.07251e-05
0.235 0.84 6.6479e-05
0.235 0.88 6.26321e-05
0.235 0.92 5.91422e-05
0.235 0.96 5.59471e-05
0.235 1 0
0.235 1.04 0
0.235 1.08 0
0.235 1.12 0
0.235 1.16 0
0.235 1.2 0
0.235 1.24 0
0.235 1.28 0
0.235 1.32 0
0.235 1.36 0
0.235 1.4 0
0.235 1.44 0
0.235 1.48 0
0.235 1.52 0
0.235 1.56 0
0.235 1.6 0
0.235 1.64 0
0.235 1.68 0
0.235 1.72 0
0.235 1.76 0
0.235 1.8 0
0.235 1.84 0
0.235 1.88 0
0.235 1.92 0
0.235 1.96 0
0.235 2 0
0.235 2.04 0
0.235 2.08 0
0.235 2.12 0
0.235 2.16 0
0.235 2.2 0
0.235 2.24 0
0.235 2.28 0
0.235 2.32 0
0.235 2.36 0
0.235 2.4 0
0.235 2.44 0
0.235 2.48 0
0.235 2.52 0
0.235 2.56 0
0.235 2.6 0
0.235 2.64 0
0.235 2.68 0
0.235 2.72 0
0.235 2.76 0
0.235 2.8 0
0.235 2.84 0
0.235 2.88 0
0.235 2.92 0
0.235 2.96 0
0.235 3 0
0.24 -5 0.000119876
0.24 -4.96 0.000119876
0.24 -4.92 0.000119876
0.24 -4.88 0.000119876
0.24 -4.84 0.000119876
0.24 -4.8 0.000119876
0.24 -4.76 0.000119876
0.24 -4.72 0.000119876
0.24 -4.68 0.000119876
0.24 -4.64 0.000119876
0.24 -4.6 0.000119876
0.24 -4.56 0.000119876
0.24 -4.52 0.000119876
0.24 -4.48 0.000119876
0.24 -4.44 0.000119876
0.24 -4.4 0.000119876
0.24 -4.36 0.000119876
0.24 -4.32 0.000119876
0.24 -4.28 0.000119876
0.24 -4.24 0.000119876
0.24 -4.2 0.000119876
0.24 -4.16 0.000119876
0.24 -4.12 0.000119876
0.24 -4.08 0.000119876
0.24 -4.04 0.000119876
0.24 -4 0.000119876
0.24 -3.96 0.000119876
0.24 -3.92 0.000119876
0.24 -3.88 0.000119876
0.24 -3.84 0.000119876
0.24 -3.8 0.000119876
0.24 -3.76 0.000119876
0.24 -3.72 0.000119876
0.24 -3.68 0.000119876
0.24 -3.64 0.000119876
0.24 -3.6 0.000119876
0.24 -3.56 0.000119876
0.24 -3.52 0.000119876
0.24 -3.48 0.000119876
0.24 -3.44 0.000119876
0.24 -3.4 0.000119876
0.24 -3.36 0.000119876
0.24 -3.32 0.000119876
0.24 -3.28 0.000119876
0.24 -3.24 0.000119876
0.24 -3.2 0.000119876
0.24 -3.16 0.000119876
0.24 -3.12 0.000119876
0.24 -3.08 0.000119876
0.24 -3.04 0.000119876
0.24 -3 0.000119876
0.24 -2.96 0.000108115
0.24 -2.92 0.000113075
0.24 -2.88 0.000119943
0.24 -2.84 0.000134751
0.24 -2.8 0.000133465
0.24 -2.76 0.00015799
0.24 -2.72 0.000165655
0.24 -2.68 0.000173428
0.24 -2.64 0.000181677
0.24 -2.6 0.000214854
0.24 -2.56 0.000246774
0.24 -2.52 0.000267554
0.24 -2.48 0.000327775
0.24 -2.44 0.000429438
0.24 -2.4 0.000490429
0.24 -2.36 0.000590451
0.24 -2.32 0.000719143
0.24 -2.28 0.000745453
0.24 -2.24 0.000843389
0.24 -2.2 0.000934255
0.24 -2.16 0.000988229
0.24 -2.12 0.00112073
0.24 -2.08 0.00107469
0.24 -2.04 0.00117942
0.24 -2 0.00130051
0.24 -1.96 0.00125937
0.24 -1.92 0.00140076
0.24 -1.88 0.00144198
0.24 -1.84 0.00136021
0.24 -1.8 0.00150299
0.24 -1.76 0.00164356
0.24 -1.72 0.00160418
0.24 -1.68 0.00172287
0.24 -1.64 0.00182073
0.24 -1.6 0.00176828
0.24 -1.56 0.00193285
0.24 -1.52 0.00192726
0.24 -1.48 0.00189948
0.24 -1.44 0.00203179
0.24 -1.4 0.00217012
0.24 -1.36 0.00212492
0.24 -1.32 0.00219504
0.24 -1.28 0.00224918
0.24 -1.24 0.00227972
0.24 -1.2 0.0024496
0.24 -1.16 0.0024073
0.24 -1.12 0.00249192
0.24 -1.08 0.00252448
0.24 -1.04 0.00266223
0.24 -1 0.00269484
0.24 -0.96 0.00273556
0.24 -0.92 0.00284788
0.24 -0.88 0.00286247
0.24 -0.84 0.00292389
0.24 -0.8 0.00302591
0.24 -0.76 0.00311799
0.24 -0.72 0.00316722
0.24 -0.68 0.00329829
0.24 -0.64 0.00338221
0.24 -0.6 0.00352069
0.24 -0.56 0.00357597
0.24 -0.52 0.00369439
0.24 -0.48 0.0038155
0.24 -0.44 0.00377023
0.24 -0.4 0.00367832
0.24 -0.36 0.00348024
0.24 -0.32 0.00337579
0.24 -0.28 0.00318639
0.24 -0.24 0.00300775
0.24 -0.2 0.00289735
0.24 -0.16 0.00274946
0.24 -0.12 0.0025461
0.24 -0.08 0.00219167
0.24 -0.04 0.00164924
0.24 0 0.0011333
0.24 0.04 0.000794857
0.24 0.08 0.000589159
0.24 0.12 0.000458714
0.24 0.16 0.000370854
0.24 0.2 0.000308453
0.24 0.24 0.000262199
0.24 0.28 0.00022671
0.24 0.32 0.000198735
0.24 0.36 0.000176165
0.24 0.4 0.000157635
0.24 0.44 0.000142164
0.24 0.48 0.000129084
0.24 0.52 0.000117898
0.24 0.56 0.000108241
0.24 0.6 9.98217e-05
0.24 0.64 9.24393e-05
0.24 0.68 8.59119e-05
0.24 0.72 8.01076e-05
0.24 0.76 7.49222e-05
0.24 0.8 7.02545e-05
0.24 0.84 6.60448e-05
0.24 0.88 6.22303e-05
0.24 0.92 5.87695e-05
0.24 0.96 5.56006e-05
0.24 1 0
0.24 1.04 0
0.24 1.08 0
0.24 1.12 0
0.24 1.16 0
0.24 1.2 0
0.24 1.24 0
0.24 1.28 0
0.24 1.32 0
0.24 1.36 0
0.24 1.4 0
0.24 1.44 0
0.24 1.48 0
0.24 1.52 0
0.24 1.56 0
0.24 1.6 0
0.24 1.64 0
0.24 1.68 0
0.24 1.72 0
0.24 1.76 0
0.24 1.8 0
0.24 1.84 0
0.24 1.88 0
0.24 1.92 0
0.24 1.96 0
0.24 2 0
0.24 2.04 0
0.24 2.08 0
0.24 2.12 0
0.24 2.16 0
0.24 2.2 0
0.24 2.24 0
0.24 2.28 0
0.24 2.32 0
0.24 2.36 0
0.24 2.4 0
0.24 2.44 0
0.24 2.48 0
0.24 2.52 0
0.24 2.56 0
0.24 2.6 0
0.24 2.64 0
0.24 2.68 0
0.24 2.72 0
0.24 2.76 0
0.24 2.8 0
0.24 2.84 0
0.24 2.88 0
0.24 2.92 0
0.24 2.96 0
0.24 3 0
0.245 -5 0.000119586
0.245 -4.96 0.000119586
0.245 -4.92 0.000119586
0.245 -4.88 0.000119586
0.245 -4.84 0.000119586
0.245 -4.8 0.000119586
0.245 -4.76 0.000119586
0.245 -4.72 0.000119586
0.245 -4.68 0.000119586
0.245 -4.64 0.000119586
0.245 -4.6 0.000119586
0.245 -4.56 0.000119586
0.245 -4.52 0.000119586
0.245 -4.48 0.000119586
0.245 -4.44 0.000119586
0.245 -4.4 0.000119586
0.245 -4.36 0.000119586
0.245 -4.32 0.000119586
0.245 -4.28 0.000119586
0.245 -4.24 0.000119586
0.245 -4.2 0.000119586
0.245 -4.16 0.000119586
0.245 -4.12 0.000119586
0.245 -4.08 0.000119586
0.245 -4.04 0.000119586
0.245 -4 0.000119586
0.245 -3.96 0.000119586
0.245 -3.92 0.000119586
0.245 -3.88 0.000119586
0.245 -3.84 0.000119586
0.245 -3.8 0.000119586
0.245 -3.76 0.000119586
0.245 -3.72 0.000119586
0.245 -3.68 0.000119586
0.245 -3.64 0.000119586
0.245 -3.6 0.000119586
0.245 -3.56 0.000119586
0.245 -3.52 0.000119586
0.245 -3.48 0.000119586
0.245 -3.44 0.000119586
0.245 -3.4 0.000119586
0.245 -3.36 0.000119586
0.245 -3.32 0.000119586
0.245 -3.28 0.000119586
0.245 -3.24 0.000119586
0.245 -3.2 0.000119586
0.245 -3.16 0.000119586
0.245 -3.12 0.000119586
0.245 -3.08 0.000119586
0.245 -3.04 0.000119586
0.245 -3 0.000119586
0.245 -2.96 0.000110937
0.245 -2.92 0.000116421
0.245 -2.88 0.000120313
0.245 -2.84 0.000135649
0.245 -2.8 0.000137717
0.245 -2.76 0.000158882
0.245 -2.72 0.000155585
0.245 -2.68 0.000178576
0.245 -2.64 0.000181463
0.245 -2.6 0.00021751
0.245 -2.56 0.000247278
0.245 -2.52 0.000264135
0.245 -2.48 0.000330442
0.245 -2.44 0.000430063
0.245 -2.4 0.000487435
0.245 -2.36 0.000587932
0.245 -2.32 0.000716833
0.245 -2.28 0.000748088
0.245 -2.24 0.000848288
0.245 -2.2 0.000929355
0.245 -2.16 0.000982383
0.245 -2.12 0.00111761
0.245 -2.08 0.00108939
0.245 -2.04 0.00119112
0.245 -2 0.00129864
0.245 -1.96 0.00127448
0.245 -1.92 0.00140642
0.245 -1.88 0.00145114
0.245 -1.84 0.00139075
0.245 -1.8 0.00150819
0.245 -1.76 0.00164906
0.245 -1.72 0.00160335
0.245 -1.68 0.00172003
0.245 -1.64 0.00183801
0.245 -1.6 0.00178297
0.245 -1.56 0.001911
0.245 -1.52 0.00194441
0.245 -1.48 0.00191215
0.245 -1.44 0.00203452
0.245 -1.4 0.0021959
0.245 -1.36 0.00214817
0.245 -1.32 0.00223405
0.245 -1.28 0.00226718
0.245 -1.24 0.00231969
0.245 -1.2 0.00245084
0.245 -1.16 0.00244262
0.245 -1.12 0.0024893
0.245 -1.08 0.00254069
0.245 -1.04 0.00267351
0.245 -1 0.00269797
0.245 -0.96 0.00276878
0.245 -0.92 0.00284716
0.245 -0.88 0.00285808
0.245 -0.84 0.00293649
0.245 -0.8 0.00303522
0.245 -0.76 0.00313283
0.245 -0.72 0.00317225
0.245 -0.68 0.0032741
0.245 -0.64 0.00336896
0.245 -0.6 0.00348598
0.245 -0.56 0.00354655
0.245 -0.52 0.00371022
0.245 -0.48 0.00383905
0.245 -0.44 0.00375476
0.245 -0.4 0.00361891
0.245 -0.36 0.00341686
0.245 -0.32 0.00332372
0.245 -0.28 0.00310005
0.245 -0.24 0.00295986
0.245 -0.2 0.00284482
0.245 -0.16 0.00269062
0.245 -0.12 0.0025021
0.245 -0.08 0.00216317
0.245 -0.04 0.0016393
0.245 0 0.00112896
0.245 0.04 0.000790898
0.245 0.08 0.000585393
0.245 0.12 0.000455337
0.245 0.16 0.000367912
0.245 0.2 0.000305913
0.245 0.24 0.000260005
0.245 0.28 0.000224808
0.245 0.32 0.000197077
0.245 0.36 0.00017471
0.245 0.4 0.000156352
0.245 0.44 0.000141025
0.245 0.48 0.000128068
0.245 0.52 0.000116988
0.245 0.56 0.000107421
0.245 0.6 9.90804e-05
0.245 0.64 9.17653e-05
0.245 0.68 8.52977e-05
0.245 0.72 7.95459e-05
0.245 0.76 7.44064e-05
0.245 0.8 6.978e-05
0.245 0.84 6.56069e-05
0.245 0.88 6.18253e-05
0.245 0.92 5.83935e-05
0.245 0.96 5.52511e-05
0.245 1 0
0.245 1.04 0
0.245 1.08 0
0.245 1.12 0
0.245 1.16 0
0.245 1.2 0
0.245 1.24 0
0.245 1.28 0
0.245 1.32 0
0.245 1.36 0
0.245 1.4 0
0.245 1.44 0
0.245 1.48 0
0.245 1.52 0
0.245 1.56 0
0.245 1.6 0
0.245 1.64 0
0.245 1.68 0
0.245 1.72 0
0.245 1.76 0
0.245 1.8 0
0.245 1.84 0
0.245 1.88 0
0.245 1.92 0
0.245 1.96 0
0.245 2 0
0.245 2.04 0
0.245 2.08 0
0.245 2.12 0
0.245 2.16 0
0.245 2.2 0
0.245 2.24 0
0.245 2.28 0
0.245 2.32 0
0.245 2.36 0
0.245 2.4 0
0.245 2.44 0
0.245 2.48 0
0.245 2.52 0
0.245 2.56 0
0.245 2.6 0
0.245 2.64 0
0.245 2.68 0
0.245 2.72 0
0.245 2.76 0
0.245 2.8 0
0.245 2.84 0
0.245 2.88 0
0.245 2.92 0
0.245 2.96 0
0.245 3 0
0.25 -5 0.000117641
0.25 -4.96 0.000117641
0.25 -4.92 0.000117641
0.25 -4.88 0.000117641
0.25 -4.84 0.000117641
0.25 -4.8 0.000117641
0.25 -4.76 0.000117641
0.25 -4.72 0.000117641
0.25 -4.68 0.000117641
0.25 -4.64 0.000117641
0.25 -4.6 0.000117641
0.25 -4.56 0.000117641
0.25 -4.52 0.000117641
0.25 -4.48 0.000117641
0.25 -4.44 0.000117641
0.25 -4.4 0.000117641
0.25 -4.36 0.000117641
0.25 -4.32 0.000117641
0.25 -4.28 0.000117641
0.25 -4.24 0.000117641
0.25 -4.2 0.000117641
0.25 -4.16 0.000117641
0.25 -4.12 0.000117641
0.25 -4.08 0.000117641
0.25 -4.04 0.000117641
0.25 -4 0.000117641
0.25 -3.96 0.000117641
0.25 -3.92 0.000117641
0.25 -3.88 0.000117641
0.25 -3.84 0.000117641
0.25 -3.8 0.000117641
0.25 -3.76 0.000117641
0.25 -3.72 0.000117641
0.25 -3.68 0.000117641
0.25 -3.64 0.000117641
0.25 -3.6 0.000117641
0.25 -3.56 0.000117641
0.25 -3.52 0.000117641
0.25 -3.48 0.000117641
0.25 -3.44 0.000117641
0.25 -3.4 0.000117641
0.25 -3.36 0.000117641
0.25 -3.32 0.000117641
0.25 -3.28 0.000117641
0.25 -3.24 0.000117641
0.25 -3.2 0.000117641
0.25 -3.16 0.000117641
0.25 -3.12 0.000117641
0.25 -3.08 0.000117641
0.25 -3.04 0.000117641
0.25 -3 0.000117641
0.25 -2.96 0.000112485
0.25 -2.92 0.000123339
0.25 -2.88 0.000121948
0.25 -2.84 0.000136511
0.25 -2.8 0.000140816
0.25 -2.76 0.000155436
0.25 -2.72 0.000152549
0.25 -2.68 0.000178388
0.25 -2.64 0.00018266
0.25 -2.6 0.000215219
0.25 -2.56 0.000248301
0.25 -2.52 0.000266658
0.25 -2.48 0.000331918
0.25 -2.44 0.000431858
0.25 -2.4 0.000484328
0.25 -2.36 0.000587417
0.25 -2.32 0.000716099
0.25 -2.28 0.000750353
0.25 -2.24 0.000848924
0.25 -2.2 0.000927307
0.25 -2.16 0.000973823
0.25 -2.12 0.00111411
0.25 -2.08 0.00110365
0.25 -2.04 0.00120078
0.25 -2 0.00128906
0.25 -1.96 0.00127899
0.25 -1.92 0.00140751
0.25 -1.88 0.00146764
0.25 -1.84 0.00141891
0.25 -1.8 0.00151574
0.25 -1.76 0.00166776
0.25 -1.72 0.00159898
0.25 -1.68 0.00172545
0.25 -1.64 0.00184912
0.25 -1.6 0.00181103
0.25 -1.56 0.00191622
0.25 -1.52 0.00195587
0.25 -1.48 0.00192359
0.25 -1.44 0.0020358
0.25 -1.4 0.00220529
0.25 -1.36 0.00215253
0.25 -1.32 0.0022688
0.25 -1.28 0.0022933
0.25 -1.24 0.00234394
0.25 -1.2 0.00249588
0.25 -1.16 0.00248029
0.25 -1.12 0.0025104
0.25 -1.08 0.00254954
0.25 -1.04 0.00266797
0.25 -1 0.00271426
0.25 -0.96 0.00276282
0.25 -0.92 0.00286022
0.25 -0.88 0.00286943
0.25 -0.84 0.00297041
0.25 -0.8 0.00304409
0.25 -0.76 0.00312634
0.25 -0.72 0.0031786
0.25 -0.68 0.00328934
0.25 -0.64 0.00338058
0.25 -0.6 0.00343316
0.25 -0.56 0.00357104
0.25 -0.52 0.0037031
0.25 -0.48 0.00378317
0.25 -0.44 0.00373128
0.25 -0.4 0.00356685
0.25 -0.36 0.0033886
0.25 -0.32 0.00321862
0.25 -0.28 0.00301198
0.25 -0.24 0.00292519
0.25 -0.2 0.00279328
0.25 -0.16 0.00264274
0.25 -0.12 0.00245652
0.25 -0.08 0.00213424
0.25 -0.04 0.00162865
0.25 0 0.0011243
0.25 0.04 0.000786801
0.25 0.08 0.000581548
0.25 0.12 0.00045191
0.25 0.16 0.000364935
0.25 0.2 0.000303346
0.25 0.24 0.000257791
0.25 0.28 0.00022289
0.25 0.32 0.000195405
0.25 0.36 0.000173245
0.25 0.4 0.000155059
0.25 0.44 0.000139879
0.25 0.48 0.000127046
0.25 0.52 0.000116072
0.25 0.56 0.000106596
0.25 0.6 9.83338e-05
0.25 0.64 9.10864e-05
0.25 0.68 8.4679e-05
0.25 0.72 7.898e-05
0.25 0.76 7.38868e-05
0.25 0.8 6.9302e-05
0.25 0.84 6.51658e-05
0.25 0.88 6.14171e-05
0.25 0.92 5.80146e-05
0.25 0.96 5.48989e-05
0.25 1 0
0.25 1.04 0
0.25 1.08 0
0.25 1.12 0
0.25 1.16 0
0.25 1.2 0
0.25 1.24 0
0.25 1.28 0
0.25 1.32 0
0.25 1.36 0
0.25 1.4 0
0.25 1.44 0
0.25 1.48 0
0.25 1.52 0
0.25 1.56 0
0.25 1.6 0
0.25 1.64 0
0.25 1.68 0
0.25 1.72 0
0.25 1.76 0
0.25 1.8 0
0.25 1.84 0
0.25 1.88 0
0.25 1.92 0
0.25 1.96 0
0.25 2 0
0.25 2.04 0
0.25 2.08 0
0.25 2.12 0
0.25 2.16 0
0.25 2.2 0
0.25 2.24 0
0.25 2.28 0
0.25 2.32 0
0.25 2.36 0
0.25 2.4 0
0.25 2.44 0
0.25 2.48 0
0.25 2.52 0
0.25 2.56 0
0.25 2.6 0
0.25 2.64 0
0.25 2.68 0
0.25 2.72 0
0.25 2.76 0
0.25 2.8 0
0.25 2.84 0
0.25 2.88 0
0.25 2.92 0
0.25 2.96 0
0.25 3 0
0.255 -5 0.000116366
0.255 -4.96 0.000116366
0.255 -4.92 0.000116366
0.255 -4.88 0.000116366
0.255 -4.84 0.000116366
0.255 -4.8 0.000116366
0.255 -4.76 0.000116366
0.255 -4.72 0.000116366
0.255 -4.68 0.000116366
0.255 -4.64 0.000116366
0.255 -4.6 0.000116366
0.255 -4.56 0.000116366
0.255 -4.52 0.000116366
0.255 -4.48 0.000116366
0.255 -4.44 0.000116366
0.255 -4.4 0.000116366
0.255 -4.36 0.000116366
0.255 -4.32 0.000116366
0.255 -4.28 0.000116366
0.255 -4.24 0.000116366
0.255 -4.2 0.000116366
0.255 -4.16 0.000116366
0.255 -4.12 0.000116366
0.255 -4.08 0.000116366
0.255 -4.04 0.000116366
0.255 -4 0.000116366
0.255 -3.96 0.000116366
0.255 -3.92 0.000116366
0.255 -3.88 0.000116366
0.255 -3.84 0.000116366
0.255 -3.8 0.000116366
0.255 -3.76 0.000116366
0.255 -3.72 0.000116366
0.255 -3.68 0.000116366
0.255 -3.64 0.000116366
0.255 -3.6 0.000116366
0.255 -3.56 0.000116366
0.255 -3.52 0.000116366
0.255 -3.48 0.000116366
0.255 -3.44 0.000116366
0.255 -3.4 0.000116366
0.255 -3.36 0.000116366
0.255 -3.32 0.000116366
0.255 -3.28 0.000116366
0.255 -3.24 0.000116366
0.255 -3.2 0.000116366
0.255 -3.16 0.000116366
0.255 -3.12 0.000116366
0.255 -3.08 0.000116366
0.255 -3.04 0.000116366
0.255 -3 0.000116366
0.255 -2.96 0.000112831
0.255 -2.92 0.000127338
0.255 -2.88 0.000123968
0.255 -2.84 0.00013664
0.255 -2.8 0.000139724
0.255 -2.76 0.000151673
0.255 -2.72 0.000157576
0.255 -2.68 0.000167529
0.255 -2.64 0.000184789
0.255 -2.6 0.000210944
0.255 -2.56 0.000247032
0.255 -2.52 0.00027391
0.255 -2.48 0.000326824
0.255 -2.44 0.00043231
0.255 -2.4 0.000486213
0.255 -2.36 0.000588846
0.255 -2.32 0.000716564
0.255 -2.28 0.000754661
0.255 -2.24 0.000848193
0.255 -2.2 0.000934792
0.255 -2.16 0.000968325
0.255 -2.12 0.00111395
0.255 -2.08 0.00111345
0.255 -2.04 0.00122343
0.255 -2 0.00129853
0.255 -1.96 0.00126598
0.255 -1.92 0.00140811
0.255 -1.88 0.00149754
0.255 -1.84 0.00144215
0.255 -1.8 0.0015344
0.255 -1.76 0.00167566
0.255 -1.72 0.00160105
0.255 -1.68 0.00174585
0.255 -1.64 0.0018629
0.255 -1.6 0.00182878
0.255 -1.56 0.00196264
0.255 -1.52 0.0019758
0.255 -1.48 0.00193092
0.255 -1.44 0.00204838
0.255 -1.4 0.00220964
0.255 -1.36 0.00215852
0.255 -1.32 0.00227864
0.255 -1.28 0.00231709
0.255 -1.24 0.00234505
0.255 -1.2 0.00253086
0.255 -1.16 0.00252252
0.255 -1.12 0.00254645
0.255 -1.08 0.00256022
0.255 -1.04 0.00264979
0.255 -1 0.0027211
0.255 -0.96 0.00272568
0.255 -0.92 0.00288372
0.255 -0.88 0.00288862
0.255 -0.84 0.00301764
0.255 -0.8 0.00305448
0.255 -0.76 0.00311839
0.255 -0.72 0.00316973
0.255 -0.68 0.00329744
0.255 -0.64 0.00338766
0.255 -0.6 0.0034266
0.255 -0.56 0.00359426
0.255 -0.52 0.00367757
0.255 -0.48 0.0037012
0.255 -0.44 0.00366583
0.255 -0.4 0.00352271
0.255 -0.36 0.00335594
0.255 -0.32 0.00312091
0.255 -0.28 0.00295426
0.255 -0.24 0.00288333
0.255 -0.2 0.00273422
0.255 -0.16 0.00260265
0.255 -0.12 0.00241208
0.255 -0.08 0.00210554
0.255 -0.04 0.00161707
0.255 0 0.00111934
0.255 0.04 0.000782564
0.255 0.08 0.000577625
0.255 0.12 0.000448432
0.255 0.16 0.000361923
0.255 0.2 0.000300755
0.255 0.24 0.000255558
0.255 0.28 0.000220957
0.255 0.32 0.000193722
0.255 0.36 0.00017177
0.255 0.4 0.000153758
0.255 0.44 0.000138725
0.255 0.48 0.000126017
0.255 0.52 0.000115149
0.255 0.56 0.000105765
0.255 0.6 9.75824e-05
0.255 0.64 9.0403e-05
0.255 0.68 8.40562e-05
0.255 0.72 7.84104e-05
0.255 0.76 7.33637e-05
0.255 0.8 6.88207e-05
0.255 0.84 6.47215e-05
0.255 0.88 6.1006e-05
0.255 0.92 5.7633e-05
0.255 0.96 5.45441e-05
0.255 1 0
0.255 1.04 0
0.255 1.08 0
0.255 1.12 0
0.255 1.16 0
0.255 1.2 0
0.255 1.24 0
0.255 1.28 0
0.255 1.32 0
0.255 1.36 0
0.255 1.4 0
0.255 1.44 0
0.255 1.48 0
0.255 1.52 0
0.255 1.56 0
0.255 1.6 0
0.255 1.64 0
0.255 1.68 0
0.255 1.72 0
0.255 1.76 0
0.255 1.8 0
0.255 1.84 0
0.255 1.88 0
0.255 1.92 0
0.255 1.96 0
0.255 2 0
0.255 2.04 0
0.255 2.08 0
0.255 2.12 0
0.255 2.16 0
0.255 2.2 0
0.255 2.24 0
0.255 2.28 0
0.255 2.32 0
0.255 2.36 0
0.255 2.4 0
0.255 2.44 0
0.255 2.48 0
0.255 2.52 0
0.255 2.56 0
0.255 2.6 0
0.255 2.64 0
0.255 2.68 0
0.255 2.72 0
0.255 2.76 0
0.255 2.8 0
0.255 2.84 0
0.255 2.88 0
0.255 2.92 0
0.255 2.96 0
0.255 3 0
0.26 -5 0.000117976
0.26 -4.96 0.000117976
0.26 -4.92 0.000117976
0.26 -4.88 0.000117976
0.26 -4.84 0.000117976
0.26 -4.8 0.000117976
0.26 -4.76 0.000117976
0.26 -4.72 0.000117976
0.26 -4.68 0.000117976
0.26 -4.64 0.000117976
0.26 -4.6 0.000117976
0.26 -4.56 0.000117976
0.26 -4.52 0.000117976
0.26 -4.48 0.000117976
0.26 -4.44 0.000117976
0.26 -4.4 0.000117976
0.26 -4.36 0.000117976
0.26 -4.32 0.000117976
0.26 -4.28 0.000117976
0.26 -4.24 0.000117976
0.26 -4.2 0.000117976
0.26 -4.16 0.000117976
0.26 -4.12 0.000117976
0.26 -4.08 0.000117976
0.26 -4.04 0.000117976
0.26 -4 0.000117976
0.26 -3.96 0.000117976
0.26 -3.92 0.000117976
0.26 -3.88 0.000117976
0.26 -3.84 0.000117976
0.26 -3.8 0.000117976
0.26 -3.76 0.000117976
0.26 -3.72 0.000117976
0.26 -3.68 0.000117976
0.26 -3.64 0.000117976
0.26 -3.6 0.000117976
0.26 -3.56 0.000117976
0.26 -3.52 0.000117976
0.26 -3.48 0.000117976
0.26 -3.44 0.000117976
0.26 -3.4 0.000117976
0.26 -3.36 0.000117976
0.26 -3.32 0.000117976
0.26 -3.28 0.000117976
0.26 -3.24 0.000117976
0.26 -3.2 0.000117976
0.26 -3.16 0.000117976
0.26 -3.12 0.000117976
0.26 -3.08 0.000117976
0.26 -3.04 0.000117976
0.26 -3 0.000117976
0.26 -2.96 0.000113373
0.26 -2.92 0.000125496
0.26 -2.88 0.000124932
0.26 -2.84 0.000135728
0.26 -2.8 0.000138653
0.26 -2.76 0.000151177
0.26 -2.72 0.000162387
0.26 -2.68 0.000156767
0.26 -2.64 0.000185884
0.26 -2.6 0.000210849
0.26 -2.56 0.000240122
0.26 -2.52 0.000281364
0.26 -2.48 0.000316672
0.26 -2.44 0.000429955
0.26 -2.4 0.000492797
0.26 -2.36 0.000590892
0.26 -2.32 0.000714405
0.26 -2.28 0.000759468
0.26 -2.24 0.000850738
0.26 -2.2 0.000949129
0.26 -2.16 0.000970424
0.26 -2.12 0.00111217
0.26 -2.08 0.0011218
0.26 -2.04 0.00125511
0.26 -2 0.0013323
0.26 -1.96 0.00124653
0.26 -1.92 0.00141332
0.26 -1.88 0.00152038
0.26 -1.84 0.00146339
0.26 -1.8 0.00155382
0.26 -1.76 0.00166435
0.26 -1.72 0.00160665
0.26 -1.68 0.00177171
0.26 -1.64 0.00189068
0.26 -1.6 0.00182339
0.26 -1.56 0.00200389
0.26 -1.52 0.00199903
0.26 -1.48 0.00194163
0.26 -1.44 0.0020547
0.26 -1.4 0.00222179
0.26 -1.36 0.00218635
0.26 -1.32 0.00227088
0.26 -1.28 0.00232982
0.26 -1.24 0.00234484
0.26 -1.2 0.00252769
0.26 -1.16 0.00255528
0.26 -1.12 0.00256655
0.26 -1.08 0.00257997
0.26 -1.04 0.00264257
0.26 -1 0.00272608
0.26 -0.96 0.00272056
0.26 -0.92 0.00288718
0.26 -0.88 0.00290845
0.26 -0.84 0.00304885
0.26 -0.8 0.00306656
0.26 -0.76 0.00312977
0.26 -0.72 0.0031681
0.26 -0.68 0.00325602
0.26 -0.64 0.00336552
0.26 -0.6 0.00347979
0.26 -0.56 0.0035754
0.26 -0.52 0.00366056
0.26 -0.48 0.00366795
0.26 -0.44 0.00357928
0.26 -0.4 0.00347035
0.26 -0.36 0.00328803
0.26 -0.32 0.00306893
0.26 -0.28 0.00293609
0.26 -0.24 0.00282229
0.26 -0.2 0.00267404
0.26 -0.16 0.00255781
0.26 -0.12 0.00237011
0.26 -0.08 0.00207697
0.26 -0.04 0.00160495
0.26 0 0.00111406
0.26 0.04 0.000778186
0.26 0.08 0.000573623
0.26 0.12 0.000444906
0.26 0.16 0.000358879
0.26 0.2 0.000298141
0.26 0.24 0.000253308
0.26 0.28 0.00021901
0.26 0.32 0.000192028
0.26 0.36 0.000170285
0.26 0.4 0.00015245
0.26 0.44 0.000137564
0.26 0.48 0.000124981
0.26 0.52 0.000114221
0.26 0.56 0.000104929
0.26 0.6 9.68266e-05
0.26 0.64 8.97156e-05
0.26 0.68 8.34296e-05
0.26 0.72 7.78372e-05
0.26 0.76 7.28372e-05
0.26 0.8 6.83364e-05
0.26 0.84 6.42744e-05
0.26 0.88 6.05923e-05
0.26 0.92 5.72488e-05
0.26 0.96 5.41868e-05
0.26 1 0
0.26 1.04 0
0.26 1.08 0
0.26 1.12 0
0.26 1.16 0
0.26 1.2 0
0.26 1.24 0
0.26 1.28 0
0.26 1.32 0
0.26 1.36 0
0.26 1.4 0
0.26 1.44 0
0.26 1.48 0
0.26 1.52 0
0.26 1.56 0
0.26 1.6 0
0.26 1.64 0
0.26 1.68 0
0.26 1.72 0
0.26 1.76 0
0.26 1.8 0
0.26 1.84 0
0.26 1.88 0
0.26 1.92 0
0.26 1.96 0
0.26 2 0
0.26 2.04 0
0.26 2.08 0
0.26 2.12 0
0.26 2.16 0
0.26 2.2 0
0.26 2.24 0
0.26 2.28 0
0.26 2.32 0
0.26 2.36 0
0.26 2.4 0
0.26 2.44 0
0.26 2.48 0
0.26 2.52 0
0.26 2.56 0
0.26 2.6 0
0.26 2.64 0
0.26 2.68 0
0.26 2.72 0
0.26 2.76 0
0.26 2.8 0
0.26 2.84 0
0.26 2.88 0
0.26 2.92 0
0.26 2.96 0
0.26 3 0
0.265 -5 0.000121302
0.265 -4.96 0.000121302
0.265 -4.92 0.000121302
0.265 -4.88 0.000121302
0.265 -4.84 0.000121302
0.265 -4.8 0.000121302
0.265 -4.76 0.000121302
0.265 -4.72 0.000121302
0.265 -4.68 0.000121302
0.265 -4.64 0.000121302
0.265 -4.6 0.000121302
0.265 -4.56 0.000121302
0.265 -4.52 0.000121302
0.265 -4.48 0.000121302
0.265 -4.44 0.000121302
0.265 -4.4 0.000121302
0.265 -4.36 0.000121302
0.265 -4.32 0.000121302
0.265 -4.28 0.000121302
0.265 -4.24 0.000121302
0.265 -4.2 0.000121302
0.265 -4.16 0.000121302
0.265 -4.12 0.000121302
0.265 -4.08 0.000121302
0.265 -4.04 0.000121302
0.265 -4 0.000121302
0.265 -3.96 0.000121302
0.265 -3.92 0.000121302
0.265 -3.88 0.000121302
0.265 -3.84 0.000121302
0.265 -3.8 0.000121302
0.265 -3.76 0.000121302
0.265 -3.72 0.000121302
0.265 -3.68 0.000121302
0.265 -3.64 0.000121302
0.265 -3.6 0.000121302
0.265 -3.56 0.000121302
0.265 -3.52 0.000121302
0.265 -3.48 0.000121302
0.265 -3.44 0.000121302
0.265 -3.4 0.000121302
0.265 -3.36 0.000121302
0.265 -3.32 0.000121302
0.265 -3.28 0.000121302
0.265 -3.24 0.000121302
0.265 -3.2 0.000121302
0.265 -3.16 0.000121302
0.265 -3.12 0.000121302
0.265 -3.08 0.000121302
0.265 -3.04 0.000121302
0.265 -3 0.000121302
0.265 -2.96 0.00011514
0.265 -2.92 0.00012288
0.265 -2.88 0.000124404
0.265 -2.84 0.000133588
0.265 -2.8 0.000141687
0.265 -2.76 0.000153431
0.265 -2.72 0.000162419
0.265 -2.68 0.00015921
0.265 -2.64 0.000184279
0.265 -2.6 0.000213955
0.265 -2.56 0.000232521
0.265 -2.52 0.000281708
0.265 -2.48 0.000307255
0.265 -2.44 0.000424907
0.265 -2.4 0.00049847
0.265 -2.36 0.000591218
0.265 -2.32 0.000708569
0.265 -2.28 0.000762545
0.265 -2.24 0.000855354
0.265 -2.2 0.000960148
0.265 -2.16 0.000978234
0.265 -2.12 0.00110593
0.265 -2.08 0.00113616
0.265 -2.04 0.0012747
0.265 -2 0.00135467
0.265 -1.96 0.00124112
0.265 -1.92 0.00143053
0.265 -1.88 0.00152147
0.265 -1.84 0.00148227
0.265 -1.8 0.00156495
0.265 -1.76 0.00165579
0.265 -1.72 0.00161025
0.265 -1.68 0.00179248
0.265 -1.64 0.00192506
0.265 -1.6 0.00181643
0.265 -1.56 0.00200789
0.265 -1.52 0.00200747
0.265 -1.48 0.00196395
0.265 -1.44 0.00204548
0.265 -1.4 0.00223928
0.265 -1.36 0.00222186
0.265 -1.32 0.00226381
0.265 -1.28 0.00233916
0.265 -1.24 0.0023533
0.265 -1.2 0.0025327
0.265 -1.16 0.00256594
0.265 -1.12 0.00257088
0.265 -1.08 0.0025883
0.265 -1.04 0.00266206
0.265 -1 0.00275408
0.265 -0.96 0.0027574
0.265 -0.92 0.00286273
0.265 -0.88 0.00292415
0.265 -0.84 0.00304616
0.265 -0.8 0.00307322
0.265 -0.76 0.00315388
0.265 -0.72 0.00319972
0.265 -0.68 0.00321133
0.265 -0.64 0.00334621
0.265 -0.6 0.00353701
0.265 -0.56 0.0035443
0.265 -0.52 0.00365269
0.265 -0.48 0.0036732
0.265 -0.44 0.00352274
0.265 -0.4 0.00339693
0.265 -0.36 0.00319196
0.265 -0.32 0.00303715
0.265 -0.28 0.00292305
0.265 -0.24 0.00274979
0.265 -0.2 0.00262487
0.265 -0.16 0.00250404
0.265 -0.12 0.00232942
0.265 -0.08 0.00204779
0.265 -0.04 0.00159251
0.265 0 0.00110845
0.265 0.04 0.000773666
0.265 0.08 0.000569544
0.265 0.12 0.000441332
0.265 0.16 0.000355803
0.265 0.2 0.000295505
0.265 0.24 0.000251041
0.265 0.28 0.000217052
0.265 0.32 0.000190324
0.265 0.36 0.000168793
0.265 0.4 0.000151134
0.265 0.44 0.000136398
0.265 0.48 0.000123941
0.265 0.52 0.000113289
0.265 0.56 0.000104089
0.265 0.6 9.60667e-05
0.265 0.64 8.90245e-05
0.265 0.68 8.27996e-05
0.265 0.72 7.72609e-05
0.265 0.76 7.23078e-05
0.265 0.8 6.78493e-05
0.265 0.84 6.38247e-05
0.265 0.88 6.01761e-05
0.265 0.92 5.68622e-05
0.265 0.96 5.38274e-05
0.265 1 0
0.265 1.04 0
0.265 1.08 0
0.265 1.12 0
0.265 1.16 0
0.265 1.2 0
0.265 1.24 0
0.265 1.28 0
0.265 1.32 0
0.265 1.36 0
0.265 1.4 0
0.265 1.44 0
0.265 1.48 0
0.265 1.52 0
0.265 1.56 0
0.265 1.6 0
0.265 1.64 0
0.265 1.68 0
0.265 1.72 0
0.265 1.76 0
0.265 1.8 0
0.265 1.84 0
0.265 1.88 0
0.265 1.92 0
0.265 1.96 0
0.265 2 0
0.265 2.04 0
0.265 2.08 0
0.265 2.12 0
0.265 2.16 0
0.265 2.2 0
0.265 2.24 0
0.265 2.28 0
0.265 2.32 0
0.265 2.36 0
0.265 2.4 0
0.265 2.44 0
0.265 2.48 0
0.265 2.52 0
0.265 2.56 0
0.265 2.6 0
0.265 2.64 0
0.265 2.68 0
0.265 2.72 0
0.265 2.76 0
0.265 2.8 0
0.265 2.84 0
0.265 2.88 0
0.265 2.92 0
0.265 2.96 0
0.265 3 0
0.27 -5 0.000123198
0.27 -4.96 0.000123198
0.27 -4.92 0.000123198
0.27 -4.88 0.000123198
0.27 -4.84 0.000123198
0.27 -4.8 0.000123198
0.27 -4.76 0.000123198
0.27 -4.72 0.000123198
0.27 -4.68 0.000123198
0.27 -4.64 0.000123198
0.27 -4.6 0.000123198
0.27 -4.56 0.000123198
0.27 -4.52 0.000123198
0.27 -4.48 0.000123198
0.27 -4.44 0.000123198
0.27 -4.4 0.000123198
0.27 -4.36 0.000123198
0.27 -4.32 0.000123198
0.27 -4.28 0.000123198
0.27 -4.24 0.000123198
0.27 -4.2 0.000123198
0.27 -4.16 0.000123198
0.27 -4.12 0.000123198
0.27 -4.08 0.000123198
0.27 -4.04 0.000123198
0.27 -4 0.000123198
0.27 -3.96 0.000123198
0.27 -3.92 0.000123198
0.27 -3.88 0.000123198
0.27 -3.84 0.000123198
0.27 -3.8 0.000123198
0.27 -3.76 0.000123198
0.27 -3.72 0.000123198
0.27 -3.68 0.000123198
0.27 -3.64 0.000123198
0.27 -3.6 0.000123198
0.27 -3.56 0.000123198
0.27 -3.52 0.000123198
0.27 -3.48 0.000123198
0.27 -3.44 0.000123198
0.27 -3.4 0.000123198
0.27 -3.36 0.000123198
0.27 -3.32 0.000123198
0.27 -3.28 0.000123198
0.27 -3.24 0.000123198
0.27 -3.2 0.000123198
0.27 -3.16 0.000123198
0.27 -3.12 0.000123198
0.27 -3.08 0.000123198
0.27 -3.04 0.000123198
0.27 -3 0.000123198
0.27 -2.96 0.000117833
0.27 -2.92 0.000125499
0.27 -2.88 0.000123595
0.27 -2.84 0.000131137
0.27 -2.8 0.000146069
0.27 -2.76 0.000155099
0.27 -2.72 0.000161614
0.27 -2.68 0.000169534
0.27 -2.64 0.000181563
0.27 -2.6 0.000212726
0.27 -2.56 0.000231443
0.27 -2.52 0.000272093
0.27 -2.48 0.000302485
0.27 -2.44 0.000418141
0.27 -2.4 0.000499316
0.27 -2.36 0.000588031
0.27 -2.32 0.000702611
0.27 -2.28 0.000764783
0.27 -2.24 0.000856708
0.27 -2.2 0.000962563
0.27 -2.16 0.000986787
0.27 -2.12 0.00110162
0.27 -2.08 0.00115766
0.27 -2.04 0.00127538
0.27 -2 0.00134141
0.27 -1.96 0.00125607
0.27 -1.92 0.00145992
0.27 -1.88 0.00151582
0.27 -1.84 0.00149534
0.27 -1.8 0.00157683
0.27 -1.76 0.00166658
0.27 -1.72 0.00161701
0.27 -1.68 0.00180881
0.27 -1.64 0.00194933
0.27 -1.6 0.00183624
0.27 -1.56 0.00200575
0.27 -1.52 0.00200398
0.27 -1.48 0.0019925
0.27 -1.44 0.00205267
0.27 -1.4 0.00224997
0.27 -1.36 0.00223607
0.27 -1.32 0.00226555
0.27 -1.28 0.00235759
0.27 -1.24 0.00235476
0.27 -1.2 0.00257438
0.27 -1.16 0.00256251
0.27 -1.12 0.00258516
0.27 -1.08 0.00257196
0.27 -1.04 0.00269206
0.27 -1 0.00280179
0.27 -0.96 0.00278025
0.27 -0.92 0.00284441
0.27 -0.88 0.00293412
0.27 -0.84 0.0030192
0.27 -0.8 0.00306831
0.27 -0.76 0.00316794
0.27 -0.72 0.00323735
0.27 -0.68 0.00322353
0.27 -0.64 0.00336005
0.27 -0.6 0.00354535
0.27 -0.56 0.00353539
0.27 -0.52 0.00363742
0.27 -0.48 0.00365752
0.27 -0.44 0.00350981
0.27 -0.4 0.00331489
0.27 -0.36 0.00310477
0.27 -0.32 0.0029856
0.27 -0.28 0.00287065
0.27 -0.24 0.00268523
0.27 -0.2 0.00258559
0.27 -0.16 0.00245084
0.27 -0.12 0.00228859
0.27 -0.08 0.0020178
0.27 -0.04 0.00157929
0.27 0 0.00110252
0.27 0.04 0.000769003
0.27 0.08 0.000565388
0.27 0.12 0.000437712
0.27 0.16 0.000352697
0.27 0.2 0.000292848
0.27 0.24 0.00024876
0.27 0.28 0.000215081
0.27 0.32 0.00018861
0.27 0.36 0.000167293
0.27 0.4 0.000149812
0.27 0.44 0.000135225
0.27 0.48 0.000122895
0.27 0.52 0.000112352
0.27 0.56 0.000103245
0.27 0.6 9.53033e-05
0.27 0.64 8.833e-05
0.27 0.68 8.21665e-05
0.27 0.72 7.66818e-05
0.27 0.76 7.17758e-05
0.27 0.8 6.73596e-05
0.27 0.84 6.33726e-05
0.27 0.88 5.97578e-05
0.27 0.92 5.64735e-05
0.27 0.96 5.34659e-05
0.27 1 0
0.27 1.04 0
0.27 1.08 0
0.27 1.12 0
0.27 1.16 0
0.27 1.2 0
0.27 1.24 0
0.27 1.28 0
0.27 1.32 0
0.27 1.36 0
0.27 1.4 0
0.27 1.44 0
0.27 1.48 0
0.27 1.52 0
0.27 1.56 0
0.27 1.6 0
0.27 1.64 0
0.27 1.68 0
0.27 1.72 0
0.27 1.76 0
0.27 1.8 0
0.27 1.84 0
0.27 1.88 0
0.27 1.92 0
0.27 1.96 0
0.27 2 0
0.27 2.04 0
0.27 2.08 0
0.27 2.12 0
0.27 2.16 0
0.27 2.2 0
0.27 2.24 0
0.27 2.28 0
0.27 2.32 0
0.27 2.36 0
0.27 2.4 0
0.27 2.44 0
0.27 2.48 0
0.27 2.52 0
0.27 2.56 0
0.27 2.6 0
0.27 2.64 0
0.27 2.68 0
0.27 2.72 0
0.27 2.76 0
0.27 2.8 0
0.27 2.84 0
0.27 2.88 0
0.27 2.92 0
0.27 2.96 0
0.27 3 0
0.275 -5 0.00012265
0.275 -4.96 0.00012265
0.275 -4.92 0.00012265
0.275 -4.88 0.00012265
0.275 -4.84 0.00012265
0.275 -4.8 0.00012265
0.275 -4.76 0.00012265
0.275 -4.72 0.00012265
0.275 -4.68 0.00012265
0.275 -4.64 0.00012265
0.275 -4.6 0.00012265
0.275 -4.56 0.00012265
0.275 -4.52 0.00012265
0.275 -4.48 0.00012265
0.275 -4.44 0.00012265
0.275 -4.4 0.00012265
0.275 -4.36 0.00012265
0.275 -4.32 0.00012265
0.275 -4.28 0.00012265
0.275 -4.24 0.00012265
0.275 -4.2 0.00012265
0.275 -4.16 0.00012265
0.275 -4.12 0.00012265
0.275 -4.08 0.00012265
0.275 -4.04 0.00012265
0.275 -4 0.00012265
0.275 -3.96 0.00012265
0.275 -3.92 0.00012265
0.275 -3.88 0.00012265
0.275 -3.84 0.00012265
0.275 -3.8 0.00012265
0.275 -3.76 0.00012265
0.275 -3.72 0.00012265
0.275 -3.68 0.00012265
0.275 -3.64 0.00012265
0.275 -3.6 0.00012265
0.275 -3.56 0.00012265
0.275 -3.52 0.00012265
0.275 -3.48 0.00012265
0.275 -3.44 0.00012265
0.275 -3.4 0.00012265
0.275 -3.36 0.00012265
0.275 -3.32 0.00012265
0.275 -3.28 0.00012265
0.275 -3.24 0.00012265
0.275 -3.2 0.00012265
0.275 -3.16 0.00012265
0.275 -3.12 0.00012265
0.275 -3.08 0.00012265
0.275 -3.04 0.00012265
0.275 -3 0.00012265
0.275 -2.96 0.000120354
0.275 -2.92 0.000130891
0.275 -2.88 0.00012372
0.275 -2.84 0.000130722
0.275 -2.8 0.000146849
0.275 -2.76 0.000154408
0.275 -2.72 0.00016338
0.275 -2.68 0.000172504
0.275 -2.64 0.000181405
0.275 -2.6 0.000205177
0.275 -2.56 0.000234192
0.275 -2.52 0.000260971
0.275 -2.48 0.000302538
0.275 -2.44 0.000410875
0.275 -2.4 0.000496128
0.275 -2.36 0.000582024
0.275 -2.32 0.000700178
0.275 -2.28 0.000768441
0.275 -2.24 0.000854388
0.275 -2.2 0.000962119
0.275 -2.16 0.000994634
0.275 -2.12 0.00110725
0.275 -2.08 0.00117772
0.275 -2.04 0.00127259
0.275 -2 0.00132187
0.275 -1.96 0.0012748
0.275 -1.92 0.00148972
0.275 -1.88 0.00152543
0.275 -1.84 0.00150435
0.275 -1.8 0.0015987
0.275 -1.76 0.00168286
0.275 -1.72 0.0016343
0.275 -1.68 0.00182511
0.275 -1.64 0.00196109
0.275 -1.6 0.00187965
0.275 -1.56 0.00203266
0.275 -1.52 0.00201286
0.275 -1.48 0.00201278
0.275 -1.44 0.00210415
0.275 -1.4 0.00224988
0.275 -1.36 0.00222765
0.275 -1.32 0.00227675
0.275 -1.28 0.00238247
0.275 -1.24 0.00234237
0.275 -1.2 0.00260024
0.275 -1.16 0.00255964
0.275 -1.12 0.00260879
0.275 -1.08 0.00255773
0.275 -1.04 0.00270514
0.275 -1 0.00283642
0.275 -0.96 0.00277146
0.275 -0.92 0.00286263
0.275 -0.88 0.00294011
0.275 -0.84 0.00299166
0.275 -0.8 0.00305917
0.275 -0.76 0.00316585
0.275 -0.72 0.00323145
0.275 -0.68 0.00326318
0.275 -0.64 0.00337657
0.275 -0.6 0.00351059
0.275 -0.56 0.00352991
0.275 -0.52 0.00361697
0.275 -0.48 0.00361099
0.275 -0.44 0.00349844
0.275 -0.4 0.00325054
0.275 -0.36 0.00306002
0.275 -0.32 0.00291556
0.275 -0.28 0.00277858
0.275 -0.24 0.0026403
0.275 -0.2 0.00254324
0.275 -0.16 0.00240727
0.275 -0.12 0.0022481
0.275 -0.08 0.00198768
0.275 -0.04 0.00156483
0.275 0 0.00109627
0.275 0.04 0.000764196
0.275 0.08 0.000561156
0.275 0.12 0.000434046
0.275 0.16 0.000349563
0.275 0.2 0.000290171
0.275 0.24 0.000246465
0.275 0.28 0.0002131
0.275 0.32 0.000186889
0.275 0.36 0.000165786
0.275 0.4 0.000148484
0.275 0.44 0.000134048
0.275 0.48 0.000121846
0.275 0.52 0.000111411
0.275 0.56 0.000102397
0.275 0.6 9.45367e-05
0.275 0.64 8.76327e-05
0.275 0.68 8.15307e-05
0.275 0.72 7.61e-05
0.275 0.76 7.12413e-05
0.275 0.8 6.68678e-05
0.275 0.84 6.29183e-05
0.275 0.88 5.93374e-05
0.275 0.92 5.60829e-05
0.275 0.96 5.31026e-05
0.275 1 0
0.275 1.04 0
0.275 1.08 0
0.275 1.12 0
0.275 1.16 0
0.275 1.2 0
0.275 1.24 0
0.275 1.28 0
0.275 1.32 0
0.275 1.36 0
0.275 1.4 0
0.275 1.44 0
0.275 1.48 0
0.275 1.52 0
0.275 1.56 0
0.275 1.6 0
0.275 1.64 0
0.275 1.68 0
0.275 1.72 0
0.275 1.76 0
0.275 1.8 0
0.275 1.84 0
0.275 1.88 0
0.275 1.92 0
0.275 1.96 0
0.275 2 0
0.275 2.04 0
0.275 2.08 0
0.275 2.12 0
0.275 2.16 0
0.275 2.2 0
0.275 2.24 0
0.275 2.28 0
0.275 2.32 0
0.275 2.36 0
0.275 2.4 0
0.275 2.44 0
0.275 2.48 0
0.275 2.52 0
0.275 2.56 0
0.275 2.6 0
0.275 2.64 0
0.275 2.68 0
0.275 2.72 0
0.275 2.76 0
0.275 2.8 0
0.275 2.84 0
0.275 2.88 0
0.275 2.92 0
0.275 2.96 0
0.275 3 0
0.28 -5 0.000121803
0.28 -4.96 0.000121803
0.28 -4.92 0.000121803
0.28 -4.88 0.000121803
0.28 -4.84 0.000121803
0.28 -4.8 0.000121803
0.28 -4.76 0.000121803
0.28 -4.72 0.000121803
0.28 -4.68 0.000121803
0.28 -4.64 0.000121803
0.28 -4.6 0.000121803
0.28 -4.56 0.000121803
0.28 -4.52 0.000121803
0.28 -4.48 0.000121803
0.28 -4.44 0.000121803
0.28 -4.4 0.000121803
0.28 -4.36 0.000121803
0.28 -4.32 0.000121803
0.28 -4.28 0.000121803
0.28 -4.24 0.000121803
0.28 -4.2 0.000121803
0.28 -4.16 0.000121803
0.28 -4.12 0.000121803
0.28 -4.08 0.000121803
0.28 -4.04 0.000121803
0.28 -4 0.000121803
0.28 -3.96 0.000121803
0.28 -3.92 0.000121803
0.28 -3.88 0.000121803
0.28 -3.84 0.000121803
0.28 -3.8 0.000121803
0.28 -3.76 0.000121803
0.28 -3.72 0.000121803
0.28 -3.68 0.000121803
0.28 -3.64 0.000121803
0.28 -3.6 0.000121803
0.28 -3.56 0.000121803
0.28 -3.52 0.000121803
0.28 -3.48 0.000121803
0.28 -3.44 0.000121803
0.28 -3.4 0.000121803
0.28 -3.36 0.000121803
0.28 -3.32 0.000121803
0.28 -3.28 0.000121803
0.28 -3.24 0.000121803
0.28 -3.2 0.000121803
0.28 -3.16 0.000121803
0.28 -3.12 0.000121803
0.28 -3.08 0.000121803
0.28 -3.04 0.000121803
0.28 -3 0.000121803
0.28 -2.96 0.000121728
0.28 -2.92 0.000131199
0.28 -2.88 0.000124465
0.28 -2.84 0.000133485
0.28 -2.8 0.000144491
0.28 -2.76 0.000153332
0.28 -2.72 0.000165138
0.28 -2.68 0.000167069
0.28 -2.64 0.000184835
0.28 -2.6 0.000199819
0.28 -2.56 0.000231847
0.28 -2.52 0.000260247
0.28 -2.48 0.000305672
0.28 -2.44 0.000404393
0.28 -2.4 0.000490956
0.28 -2.36 0.000576037
0.28 -2.32 0.000701041
0.28 -2.28 0.00077318
0.28 -2.24 0.000854224
0.28 -2.2 0.000967119
0.28 -2.16 0.00100439
0.28 -2.12 0.00112296
0.28 -2.08 0.0011876
0.28 -2.04 0.00127644
0.28 -2 0.0013358
0.28 -1.96 0.00127898
0.28 -1.92 0.0015112
0.28 -1.88 0.00154633
0.28 -1.84 0.00151666
0.28 -1.8 0.00162149
0.28 -1.76 0.00168873
0.28 -1.72 0.00165634
0.28 -1.68 0.00184012
0.28 -1.64 0.00197153
0.28 -1.6 0.00191851
0.28 -1.56 0.00206394
0.28 -1.52 0.00204302
0.28 -1.48 0.00202068
0.28 -1.44 0.00217077
0.28 -1.4 0.00224725
0.28 -1.36 0.00222315
0.28 -1.32 0.00230119
0.28 -1.28 0.00240142
0.28 -1.24 0.00233823
0.28 -1.2 0.00256492
0.28 -1.16 0.00255592
0.28 -1.12 0.00261443
0.28 -1.08 0.00257772
0.28 -1.04 0.00270084
0.28 -1 0.00283957
0.28 -0.96 0.00278381
0.28 -0.92 0.00290345
0.28 -0.88 0.00294465
0.28 -0.84 0.00298107
0.28 -0.8 0.00306012
0.28 -0.76 0.00316397
0.28 -0.72 0.00318985
0.28 -0.68 0.00326275
0.28 -0.64 0.00336043
0.28 -0.6 0.0034706
0.28 -0.56 0.0035036
0.28 -0.52 0.00360171
0.28 -0.48 0.00356854
0.28 -0.44 0.00344839
0.28 -0.4 0.00320998
0.28 -0.36 0.00305438
0.28 -0.32 0.00285729
0.28 -0.28 0.00269201
0.28 -0.24 0.00260716
0.28 -0.2 0.00249179
0.28 -0.16 0.00236997
0.28 -0.12 0.0022093
0.28 -0.08 0.00195808
0.28 -0.04 0.00154943
0.28 0 0.00108968
0.28 0.04 0.000759245
0.28 0.08 0.000556849
0.28 0.12 0.000430337
0.28 0.16 0.000346401
0.28 0.2 0.000287477
0.28 0.24 0.000244157
0.28 0.28 0.00021111
0.28 0.32 0.00018516
0.28 0.36 0.000164273
0.28 0.4 0.000147151
0.28 0.44 0.000132867
0.28 0.48 0.000120792
0.28 0.52 0.000110467
0.28 0.56 0.000101547
0.28 0.6 9.37672e-05
0.28 0.64 8.69327e-05
0.28 0.68 8.08925e-05
0.28 0.72 7.5516e-05
0.28 0.76 7.07046e-05
0.28 0.8 6.63739e-05
0.28 0.84 6.24622e-05
0.28 0.88 5.89152e-05
0.28 0.92 5.56906e-05
0.28 0.96 5.27376e-05
0.28 1 0
0.28 1.04 0
0.28 1.08 0
0.28 1.12 0
0.28 1.16 0
0.28 1.2 0
0.28 1.24 0
0.28 1.28 0
0.28 1.32 0
0.28 1.36 0
0.28 1.4 0
0.28 1.44 0
0.28 1.48 0
0.28 1.52 0
0.28 1.56 0
0.28 1.6 0
0.28 1.64 0
0.28 1.68 0
0.28 1.72 0
0.28 1.76 0
0.28 1.8 0
0.28 1.84 0
0.28 1.88 0
0.28 1.92 0
0.28 1.96 0
0.28 2 0
0.28 2.04 0
0.28 2.08 0
0.28 2.12 0
0.28 2.16 0
0.28 2.2 0
0.28 2.24 0
0.28 2.28 0
0.28 2.32 0
0.28 2.36 0
0.28 2.4 0
0.28 2.44 0
0.28 2.48 0
0.28 2.52 0
0.28 2.56 0
0.28 2.6 0
0.28 2.64 0
0.28 2.68 0
0.28 2.72 0
0.28 2.76 0
0.28 2.8 0
0.28 2.84 0
0.28 2.88 0
0.28 2.92 0
0.28 2.96 0
0.28 3 0
0.285 -5 0.000122712
0.285 -4.96 0.000122712
0.285 -4.92 0.000122712
0.285 -4.88 0.000122712
0.285 -4.84 0.000122712
0.285 -4.8 0.000122712
0.285 -4.76 0.000122712
0.285 -4.72 0.000122712
0.285 -4.68 0.000122712
0.285 -4.64 0.000122712
0.285 -4.6 0.000122712
0.285 -4.56 0.000122712
0.285 -4.52 0.000122712
0.285 -4.48 0.000122712
0.285 -4.44 0.000122712
0.285 -4.4 0.000122712
0.285 -4.36 0.000122712
0.285 -4.32 0.000122712
0.285 -4.28 0.000122712
0.285 -4.24 0.000122712
0.285 -4.2 0.000122712
0.285 -4.16 0.000122712
0.285 -4.12 0.000122712
0.285 -4.08 0.000122712
0.285 -4.04 0.000122712
0.285 -4 0.000122712
0.285 -3.96 0.000122712
0.285 -3.92 0.000122712
0.285 -3.88 0.000122712
0.285 -3.84 0.000122712
0.285 -3.8 0.000122712
0.285 -3.76 0.000122712
0.285 -3.72 0.000122712
0.285 -3.68 0.000122712
0.285 -3.64 0.000122712
0.285 -3.6 0.000122712
0.285 -3.56 0.000122712
0.285 -3.52 0.000122712
0.285 -3.48 0.000122712
0.285 -3.44 0.000122712
0.285 -3.4 0.000122712
0.285 -3.36 0.000122712
0.285 -3.32 0.000122712
0.285 -3.28 0.000122712
0.285 -3.24 0.000122712
0.285 -3.2 0.000122712
0.285 -3.16 0.000122712
0.285 -3.12 0.000122712
0.285 -3.08 0.000122712
0.285 -3.04 0.000122712
0.285 -3 0.000122712
0.285 -2.96 0.000121424
0.285 -2.92 0.000125059
0.285 -2.88 0.000125058
0.285 -2.84 0.00013708
0.285 -2.8 0.000143416
0.285 -2.76 0.000155189
0.285 -2.72 0.000164961
0.285 -2.68 0.000165069
0.285 -2.64 0.000188612
0.285 -2.6 0.000203947
0.285 -2.56 0.000224008
0.285 -2.52 0.000269565
0.285 -2.48 0.000309197
0.285 -2.44 0.000399583
0.285 -2.4 0.00048449
0.285 -2.36 0.000572084
0.285 -2.32 0.000702712
0.285 -2.28 0.000776574
0.285 -2.24 0.000859366
0.285 -2.2 0.000977443
0.285 -2.16 0.00101764
0.285 -2.12 0.00114259
0.285 -2.08 0.0011878
0.285 -2.04 0.0012774
0.285 -2 0.00137067
0.285 -1.96 0.00127206
0.285 -1.92 0.00153181
0.285 -1.88 0.00155596
0.285 -1.84 0.00153466
0.285 -1.8 0.00163425
0.285 -1.76 0.00169748
0.285 -1.72 0.00167052
0.285 -1.68 0.00185261
0.285 -1.64 0.00198492
0.285 -1.6 0.00193609
0.285 -1.56 0.00206022
0.285 -1.52 0.00207716
0.285 -1.48 0.00202714
0.285 -1.44 0.00220349
0.285 -1.4 0.0022504
0.285 -1.36 0.00223837
0.285 -1.32 0.00234025
0.285 -1.28 0.0024138
0.285 -1.24 0.00236164
0.285 -1.2 0.00251651
0.285 -1.16 0.00254308
0.285 -1.12 0.00260028
0.285 -1.08 0.00262223
0.285 -1.04 0.00270261
0.285 -1 0.00282643
0.285 -0.96 0.00284285
0.285 -0.92 0.00293328
0.285 -0.88 0.00294816
0.285 -0.84 0.00298841
0.285 -0.8 0.00307216
0.285 -0.76 0.00317322
0.285 -0.72 0.00317033
0.285 -0.68 0.00323354
0.285 -0.64 0.00334148
0.285 -0.6 0.00344541
0.285 -0.56 0.00348072
0.285 -0.52 0.00357998
0.285 -0.48 0.00353156
0.285 -0.44 0.00337431
0.285 -0.4 0.0031703
0.285 -0.36 0.00304361
0.285 -0.32 0.00282191
0.285 -0.28 0.00264402
0.285 -0.24 0.002567
0.285 -0.2 0.00243855
0.285 -0.16 0.00233
0.285 -0.12 0.00217196
0.285 -0.08 0.0019288
0.285 -0.04 0.00153391
0.285 0 0.00108277
0.285 0.04 0.000754148
0.285 0.08 0.000552468
0.285 0.12 0.000426586
0.285 0.16 0.000343214
0.285 0.2 0.000284765
0.285 0.24 0.000241837
0.285 0.28 0.000209112
0.285 0.32 0.000183425
0.285 0.36 0.000162755
0.285 0.4 0.000145814
0.285 0.44 0.000131682
0.285 0.48 0.000119735
0.285 0.52 0.000109519
0.285 0.56 0.000100693
0.285 0.6 9.29954e-05
0.285 0.64 8.62305e-05
0.285 0.68 8.02521e-05
0.285 0.72 7.49301e-05
0.285 0.76 7.01661e-05
0.285 0.8 6.58783e-05
0.285 0.84 6.20045e-05
0.285 0.88 5.84914e-05
0.285 0.92 5.52967e-05
0.285 0.96 5.23712e-05
0.285 1 0
0.285 1.04 0
0.285 1.08 0
0.285 1.12 0
0.285 1.16 0
0.285 1.2 0
0.285 1.24 0
0.285 1.28 0
0.285 1.32 0
0.285 1.36 0
0.285 1.4 0
0.285 1.44 0
0.285 1.48 0
0.285 1.52 0
0.285 1.56 0
0.285 1.6 0
0.285 1.64 0
0.285 1.68 0
0.285 1.72 0
0.285 1.76 0
0.285 1.8 0
0.285 1.84 0
0.285 1.88 0
0.285 1.92 0
0.285 1.96 0
0.285 2 0
0.285 2.04 0
0.285 2.08 0
0.285 2.12 0
0.285 2.16 0
0.285 2.2 0
0.285 2.24 0
0.285 2.28 0
0.285 2.32 0
0.285 2.36 0
0.285 2.4 0
0.285 2.44 0
0.285 2.48 0
0.285 2.52 0
0.285 2.56 0
0.285 2.6 0
0.285 2.64 0
0.285 2.68 0
0.285 2.72 0
0.285 2.76 0
0.285 2.8 0
0.285 2.84 0
0.285 2.88 0
0.285 2.92 0
0.285 2.96 0
0.285 3 0
0.29 -5 0.000124689
0.29 -4.96 0.000124689
0.29 -4.92 0.000124689
0.29 -4.88 0.000124689
0.29 -4.84 0.000124689
0.29 -4.8 0.000124689
0.29 -4.76 0.000124689
0.29 -4.72 0.000124689
0.29 -4.68 0.000124689
0.29 -4.64 0.000124689
0.29 -4.6 0.000124689
0.29 -4.56 0.000124689
0.29 -4.52 0.000124689
0.29 -4.48 0.000124689
0.29 -4.44 0.000124689
0.29 -4.4 0.000124689
0.29 -4.36 0.000124689
0.29 -4.32 0.000124689
0.29 -4.28 0.000124689
0.29 -4.24 0.000124689
0.29 -4.2 0.000124689
0.29 -4.16 0.000124689
0.29 -4.12 0.000124689
0.29 -4.08 0.000124689
0.29 -4.04 0.000124689
0.29 -4 0.000124689
0.29 -3.96 0.000124689
0.29 -3.92 0.000124689
0.29 -3.88 0.000124689
0.29 -3.84 0.000124689
0.29 -3.8 0.000124689
0.29 -3.76 0.000124689
0.29 -3.72 0.000124689
0.29 -3.68 0.000124689
0.29 -3.64 0.000124689
0.29 -3.6 0.000124689
0.29 -3.56 0.000124689
0.29 -3.52 0.000124689
0.29 -3.48 0.000124689
0.29 -3.44 0.000124689
0.29 -3.4 0.000124689
0.29 -3.36 0.000124689
0.29 -3.32 0.000124689
0.29 -3.28 0.000124689
0.29 -3.24 0.000124689
0.29 -3.2 0.000124689
0.29 -3.16 0.000124689
0.29 -3.12 0.000124689
0.29 -3.08 0.000124689
0.29 -3.04 0.000124689
0.29 -3 0.000124689
0.29 -2.96 0.000119273
0.29 -2.92 0.000119877
0.29 -2.88 0.000125923
0.29 -2.84 0.000138384
0.29 -2.8 0.000145278
0.29 -2.76 0.000160593
0.29 -2.72 0.000166373
0.29 -2.68 0.000169134
0.29 -2.64 0.000189368
0.29 -2.6 0.000212355
0.29 -2.56 0.000219563
0.29 -2.52 0.000276383
0.29 -2.48 0.000309894
0.29 -2.44 0.000396412
0.29 -2.4 0.00047737
0.29 -2.36 0.000569305
0.29 -2.32 0.000704018
0.29 -2.28 0.000777956
0.29 -2.24 0.000866024
0.29 -2.2 0.000985654
0.29 -2.16 0.00103212
0.29 -2.12 0.00116044
0.29 -2.08 0.00118493
0.29 -2.04 0.00126949
0.29 -2 0.00138263
0.29 -1.96 0.00127197
0.29 -1.92 0.00156083
0.29 -1.88 0.00154713
0.29 -1.84 0.00155137
0.29 -1.8 0.00164615
0.29 -1.76 0.00172894
0.29 -1.72 0.00167772
0.29 -1.68 0.0018688
0.29 -1.64 0.00199423
0.29 -1.6 0.00193861
0.29 -1.56 0.00204433
0.29 -1.52 0.00210347
0.29 -1.48 0.00203973
0.29 -1.44 0.00220664
0.29 -1.4 0.00225951
0.29 -1.36 0.00226147
0.29 -1.32 0.00237988
0.29 -1.28 0.00243136
0.29 -1.24 0.00239697
0.29 -1.2 0.0025215
0.29 -1.16 0.00252959
0.29 -1.12 0.00259863
0.29 -1.08 0.00265971
0.29 -1.04 0.00272025
0.29 -1 0.00281848
0.29 -0.96 0.00289426
0.29 -0.92 0.00294565
0.29 -0.88 0.00294923
0.29 -0.84 0.00299906
0.29 -0.8 0.00308035
0.29 -0.76 0.00318219
0.29 -0.72 0.00319065
0.29 -0.68 0.00324251
0.29 -0.64 0.00336276
0.29 -0.6 0.00343292
0.29 -0.56 0.00349165
0.29 -0.52 0.00353557
0.29 -0.48 0.00346848
0.29 -0.44 0.00332016
0.29 -0.4 0.0031118
0.29 -0.36 0.00298154
0.29 -0.32 0.00278848
0.29 -0.28 0.00261834
0.29 -0.24 0.00251123
0.29 -0.2 0.0023906
0.29 -0.16 0.0022855
0.29 -0.12 0.0021341
0.29 -0.08 0.00189928
0.29 -0.04 0.00151867
0.29 0 0.00107553
0.29 0.04 0.000748908
0.29 0.08 0.000548013
0.29 0.12 0.000422793
0.29 0.16 0.000340002
0.29 0.2 0.000282039
0.29 0.24 0.000239507
0.29 0.28 0.000207105
0.29 0.32 0.000181684
0.29 0.36 0.000161233
0.29 0.4 0.000144473
0.29 0.44 0.000130493
0.29 0.48 0.000118676
0.29 0.52 0.00010857
0.29 0.56 9.98378e-05
0.29 0.6 9.22215e-05
0.29 0.64 8.55265e-05
0.29 0.68 7.961e-05
0.29 0.72 7.43425e-05
0.29 0.76 6.9626e-05
0.29 0.8 6.53812e-05
0.29 0.84 6.15452e-05
0.29 0.88 5.80663e-05
0.29 0.92 5.49015e-05
0.29 0.96 5.20035e-05
0.29 1 0
0.29 1.04 0
0.29 1.08 0
0.29 1.12 0
0.29 1.16 0
0.29 1.2 0
0.29 1.24 0
0.29 1.28 0
0.29 1.32 0
0.29 1.36 0
0.29 1.4 0
0.29 1.44 0
0.29 1.48 0
0.29 1.52 0
0.29 1.56 0
0.29 1.6 0
0.29 1.64 0
0.29 1.68 0
0.29 1.72 0
0.29 1.76 0
0.29 1.8 0
0.29 1.84 0
0.29 1.88 0
0.29 1.92 0
0.29 1.96 0
0.29 2 0
0.29 2.04 0
0.29 2.08 0
0.29 2.12 0
0.29 2.16 0
0.29 2.2 0
0.29 2.24 0
0.29 2.28 0
0.29 2.32 0
0.29 2.36 0
0.29 2.4 0
0.29 2.44 0
0.29 2.48 0
0.29 2.52 0
0.29 2.56 0
0.29 2.6 0
0.29 2.64 0
0.29 2.68 0
0.29 2.72 0
0.29 2.76 0
0.29 2.8 0
0.29 2.84 0
0.29 2.88 0
0.29 2.92 0
0.29 2.96 0
0.29 3 0
0.295 -5 0.000125787
0.295 -4.96 0.000125787
0.295 -4.92 0.000125787
0.295 -4.88 0.000125787
0.295 -4.84 0.000125787
0.295 -4.8 0.000125787
0.295 -4.76 0.000125787
0.295 -4.72 0.000125787
0.295 -4.68 0.000125787
0.295 -4.64 0.000125787
0.295 -4.6 0.000125787
0.295 -4.56 0.000125787
0.295 -4.52 0.000125787
0.295 -4.48 0.000125787
0.295 -4.44 0.000125787
0.295 -4.4 0.000125787
0.295 -4.36 0.000125787
0.295 -4.32 0.000125787
0.295 -4.28 0.000125787
0.295 -4.24 0.000125787
0.295 -4.2 0.000125787
0.295 -4.16 0.000125787
0.295 -4.12 0.000125787
0.295 -4.08 0.000125787
0.295 -4.04 0.000125787
0.295 -4 0.000125787
0.295 -3.96 0.000125787
0.295 -3.92 0.000125787
0.295 -3.88 0.000125787
0.295 -3.84 0.000125787
0.295 -3.8 0.000125787
0.295 -3.76 0.000125787
0.295 -3.72 0.000125787
0.295 -3.68 0.000125787
0.295 -3.64 0.000125787
0.295 -3.6 0.000125787
0.295 -3.56 0.000125787
0.295 -3.52 0.000125787
0.295 -3.48 0.000125787
0.295 -3.44 0.000125787
0.295 -3.4 0.000125787
0.295 -3.36 0.000125787
0.295 -3.32 0.000125787
0.295 -3.28 0.000125787
0.295 -3.24 0.000125787
0.295 -3.2 0.000125787
0.295 -3.16 0.000125787
0.295 -3.12 0.000125787
0.295 -3.08 0.000125787
0.295 -3.04 0.000125787
0.295 -3 0.000125787
0.295 -2.96 0.000115616
0.295 -2.92 0.000120735
0.295 -2.88 0.000127636
0.295 -2.84 0.000138
0.295 -2.8 0.000147969
0.295 -2.76 0.000166526
0.295 -2.72 0.000171696
0.295 -2.68 0.000170031
0.295 -2.64 0.000187848
0.295 -2.6 0.000214487
0.295 -2.56 0.000221982
0.295 -2.52 0.0002735
0.295 -2.48 0.000306604
0.295 -2.44 0.000394336
0.295 -2.4 0.000471166
0.295 -2.36 0.000565622
0.295 -2.32 0.000704996
0.295 -2.28 0.000778883
0.295 -2.24 0.00087066
0.295 -2.2 0.000987197
0.295 -2.16 0.0010443
0.295 -2.12 0.00117361
0.295 -2.08 0.00118326
0.295 -2.04 0.00126827
0.295 -2 0.00136754
0.295 -1.96 0.00128469
0.295 -1.92 0.00158878
0.295 -1.88 0.0015373
0.295 -1.84 0.00156039
0.295 -1.8 0.00167165
0.295 -1.76 0.00177166
0.295 -1.72 0.00169402
0.295 -1.68 0.0018935
0.295 -1.64 0.00199797
0.295 -1.6 0.00193595
0.295 -1.56 0.0020694
0.295 -1.52 0.0021306
0.295 -1.48 0.0020504
0.295 -1.44 0.00222638
0.295 -1.4 0.00227191
0.295 -1.36 0.0022771
0.295 -1.32 0.002396
0.295 -1.28 0.0024573
0.295 -1.24 0.0024154
0.295 -1.2 0.00255465
0.295 -1.16 0.00253308
0.295 -1.12 0.00262396
0.295 -1.08 0.00268598
0.295 -1.04 0.00274076
0.295 -1 0.00282005
0.295 -0.96 0.00289147
0.295 -0.92 0.00295876
0.295 -0.88 0.00294777
0.295 -0.84 0.00299737
0.295 -0.8 0.0030748
0.295 -0.76 0.00317682
0.295 -0.72 0.00320472
0.295 -0.68 0.00329043
0.295 -0.64 0.00339379
0.295 -0.6 0.00342904
0.295 -0.56 0.00351384
0.295 -0.52 0.00348467
0.295 -0.48 0.00338982
0.295 -0.44 0.00329395
0.295 -0.4 0.00304553
0.295 -0.36 0.00287133
0.295 -0.32 0.00273434
0.295 -0.28 0.00258128
0.295 -0.24 0.0024513
0.295 -0.2 0.00234567
0.295 -0.16 0.002241
0.295 -0.12 0.00209452
0.295 -0.08 0.00186955
0.295 -0.04 0.00150326
0.295 0 0.00106798
0.295 0.04 0.000743523
0.295 0.08 0.000543486
0.295 0.12 0.000418961
0.295 0.16 0.000336766
0.295 0.2 0.000279297
0.295 0.24 0.000237168
0.295 0.28 0.000205093
0.295 0.32 0.000179938
0.295 0.36 0.000159707
0.295 0.4 0.00014313
0.295 0.44 0.000129303
0.295 0.48 0.000117614
0.295 0.52 0.000107618
0.295 0.56 9.89805e-05
0.295 0.6 9.14459e-05
0.295 0.64 8.48209e-05
0.295 0.68 7.89665e-05
0.295 0.72 7.37535e-05
0.295 0.76 6.90846e-05
0.295 0.8 6.48828e-05
0.295 0.84 6.10848e-05
0.295 0.88 5.764e-05
0.295 0.92 5.45051e-05
0.295 0.96 5.16348e-05
0.295 1 0
0.295 1.04 0
0.295 1.08 0
0.295 1.12 0
0.295 1.16 0
0.295 1.2 0
0.295 1.24 0
0.295 1.28 0
0.295 1.32 0
0.295 1.36 0
0.295 1.4 0
0.295 1.44 0
0.295 1.48 0
0.295 1.52 0
0.295 1.56 0
0.295 1.6 0
0.295 1.64 0
0.295 1.68 0
0.295 1.72 0
0.295 1.76 0
0.295 1.8 0
0.295 1.84 0
0.295 1.88 0
0.295 1.92 0
0.295 1.96 0
0.295 2 0
0.295 2.04 0
0.295 2.08 0
0.295 2.12 0
0.295 2.16 0
0.295 2.2 0
0.295 2.24 0
0.295 2.28 0
0.295 2.32 0
0.295 2.36 0
0.295 2.4 0
0.295 2.44 0
0.295 2.48 0
0.295 2.52 0
0.295 2.56 0
0.295 2.6 0
0.295 2.64 0
0.295 2.68 0
0.295 2.72 0
0.295 2.76 0
0.295 2.8 0
0.295 2.84 0
0.295 2.88 0
0.295 2.92 0
0.295 2.96 0
0.295 3 0
0.3 -5 0.000125703
0.3 -4.96 0.000125703
0.3 -4.92 0.000125703
0.3 -4.88 0.000125703
0.3 -4.84 0.000125703
0.3 -4.8 0.000125703
0.3 -4.76 0.000125703
0.3 -4.72 0.000125703
0.3 -4.68 0.000125703
0.3 -4.64 0.000125703
0.3 -4.6 0.000125703
0.3 -4.56 0.000125703
0.3 -4.52 0.000125703
0.3 -4.48 0.000125703
0.3 -4.44 0.000125703
0.3 -4.4 0.000125703
0.3 -4.36 0.000125703
0.3 -4.32 0.000125703
0.3 -4.28 0.000125703
0.3 -4.24 0.000125703
0.3 -4.2 0.000125703
0.3 -4.16 0.000125703
0.3 -4.12 0.000125703
0.3 -4.08 0.000125703
0.3 -4.04 0.000125703
0.3 -4 0.000125703
0.3 -3.96 0.000125703
0.3 -3.92 0.000125703
0.3 -3.88 0.000125703
0.3 -3.84 0.000125703
0.3 -3.8 0.000125703
0.3 -3.76 0.000125703
0.3 -3.72 0.000125703
0.3 -3.68 0.000125703
0.3 -3.64 0.000125703
0.3 -3.6 0.000125703
0.3 -3.56 0.000125703
0.3 -3.52 0.000125703
0.3 -3.48 0.000125703
0.3 -3.44 0.000125703
0.3 -3.4 0.000125703
0.3 -3.36 0.000125703
0.3 -3.32 0.000125703
0.3 -3.28 0.000125703
0.3 -3.24 0.000125703
0.3 -3.2 0.000125703
0.3 -3.16 0.000125703
0.3 -3.12 0.000125703
0.3 -3.08 0.000125703
0.3 -3.04 0.000125703
0.3 -3 0.000125703
0.3 -2.96 0.000111587
0.3 -2.92 0.000123335
0.3 -2.88 0.000128908
0.3 -2.84 0.000139261
0.3 -2.8 0.000150037
0.3 -2.76 0.000169542
0.3 -2.72 0.000176259
0.3 -2.68 0.00016603
0.3 -2.64 0.000187379
0.3 -2.6 0.000208997
0.3 -2.56 0.00022428
0.3 -2.52 0.000267487
0.3 -2.48 0.000302674
0.3 -2.44 0.000393189
0.3 -2.4 0.000466929
0.3 -2.36 0.000560761
0.3 -2.32 0.000704278
0.3 -2.28 0.000779456
0.3 -2.24 0.000875824
0.3 -2.2 0.000985469
0.3 -2.16 0.00105266
0.3 -2.12 0.00118133
0.3 -2.08 0.00118364
0.3 -2.04 0.0012882
0.3 -2 0.00136547
0.3 -1.96 0.0012986
0.3 -1.92 0.001598
0.3 -1.88 0.00154403
0.3 -1.84 0.00156505
0.3 -1.8 0.00170241
0.3 -1.76 0.00179822
0.3 -1.72 0.00172808
0.3 -1.68 0.00191808
0.3 -1.64 0.0020066
0.3 -1.6 0.00193092
0.3 -1.56 0.00212518
0.3 -1.52 0.0021618
0.3 -1.48 0.00205096
0.3 -1.44 0.00227367
0.3 -1.4 0.00228852
0.3 -1.36 0.00228829
0.3 -1.32 0.00238048
0.3 -1.28 0.00248083
0.3 -1.24 0.00241709
0.3 -1.2 0.00254983
0.3 -1.16 0.00255187
0.3 -1.12 0.00265254
0.3 -1.08 0.0027173
0.3 -1.04 0.00275852
0.3 -1 0.00282716
0.3 -0.96 0.00287009
0.3 -0.92 0.00297774
0.3 -0.88 0.00294718
0.3 -0.84 0.00298679
0.3 -0.8 0.00306448
0.3 -0.76 0.00316369
0.3 -0.72 0.00318586
0.3 -0.68 0.00330617
0.3 -0.64 0.00337299
0.3 -0.6 0.00342749
0.3 -0.56 0.00350704
0.3 -0.52 0.00345834
0.3 -0.48 0.00334943
0.3 -0.44 0.00325728
0.3 -0.4 0.0029939
0.3 -0.36 0.00276907
0.3 -0.32 0.0026617
0.3 -0.28 0.0025291
0.3 -0.24 0.0024048
0.3 -0.2 0.00230112
0.3 -0.16 0.00219784
0.3 -0.12 0.00205484
0.3 -0.08 0.00184021
0.3 -0.04 0.00148697
0.3 0 0.00106011
0.3 0.04 0.000737995
0.3 0.08 0.000538888
0.3 0.12 0.000415091
0.3 0.16 0.000333509
0.3 0.2 0.000276543
0.3 0.24 0.00023482
0.3 0.28 0.000203075
0.3 0.32 0.000178188
0.3 0.36 0.000158178
0.3 0.4 0.000141784
0.3 0.44 0.00012811
0.3 0.48 0.000116551
0.3 0.52 0.000106665
0.3 0.56 9.81218e-05
0.3 0.6 9.06691e-05
0.3 0.64 8.41141e-05
0.3 0.68 7.83218e-05
0.3 0.72 7.31634e-05
0.3 0.76 6.85421e-05
0.3 0.8 6.43834e-05
0.3 0.84 6.06234e-05
0.3 0.88 5.72127e-05
0.3 0.92 5.41078e-05
0.3 0.96 5.1265e-05
0.3 1 0
0.3 1.04 0
0.3 1.08 0
0.3 1.12 0
0.3 1.16 0
0.3 1.2 0
0.3 1.24 0
0.3 1.28 0
0.3 1.32 0
0.3 1.36 0
0.3 1.4 0
0.3 1.44 0
0.3 1.48 0
0.3 1.52 0
0.3 1.56 0
0.3 1.6 0
0.3 1.64 0
0.3 1.68 0
0.3 1.72 0
0.3 1.76 0
0.3 1.8 0
0.3 1.84 0
0.3 1.88 0
0.3 1.92 0
0.3 1.96 0
0.3 2 0
0.3 2.04 0
0.3 2.08 0
0.3 2.12 0
0.3 2.16 0
0.3 2.2 0
0.3 2.24 0
0.3 2.28 0
0.3 2.32 0
0.3 2.36 0
0.3 2.4 0
0.3 2.44 0
0.3 2.48 0
0.3 2.52 0
0.3 2.56 0
0.3 2.6 0
0.3 2.64 0
0.3 2.68 0
0.3 2.72 0
0.3 2.76 0
0.3 2.8 0
0.3 2.84 0
0.3 2.88 0
0.3 2.92 0
0.3 2.96 0
0.3 3 0
0.305 -5 0.000125612
0.305 -4.96 0.000125612
0.305 -4.92 0.000125612
0.305 -4.88 0.000125612
0.305 -4.84 0.000125612
0.305 -4.8 0.000125612
0.305 -4.76 0.000125612
0.305 -4.72 0.000125612
0.305 -4.68 0.000125612
0.305 -4.64 0.000125612
0.305 -4.6 0.000125612
0.305 -4.56 0.000125612
0.305 -4.52 0.000125612
0.305 -4.48 0.000125612
0.305 -4.44 0.000125612
0.305 -4.4 0.000125612
0.305 -4.36 0.000125612
0.305 -4.32 0.000125612
0.305 -4.28 0.000125612
0.305 -4.24 0.000125612
0.305 -4.2 0.000125612
0.305 -4.16 0.000125612
0.305 -4.12 0.000125612
0.305 -4.08 0.000125612
0.305 -4.04 0.000125612
0.305 -4 0.000125612
0.305 -3.96 0.000125612
0.305 -3.92 0.000125612
0.305 -3.88 0.000125612
0.305 -3.84 0.000125612
0.305 -3.8 0.000125612
0.305 -3.76 0.000125612
0.305 -3.72 0.000125612
0.305 -3.68 0.000125612
0.305 -3.64 0.000125612
0.305 -3.6 0.000125612
0.305 -3.56 0.000125612
0.305 -3.52 0.000125612
0.305 -3.48 0.000125612
0.305 -3.44 0.000125612
0.305 -3.4 0.000125612
0.305 -3.36 0.000125612
0.305 -3.32 0.000125612
0.305 -3.28 0.000125612
0.305 -3.24 0.000125612
0.305 -3.2 0.000125612
0.305 -3.16 0.000125612
0.305 -3.12 0.000125612
0.305 -3.08 0.000125612
0.305 -3.04 0.000125612
0.305 -3 0.000125612
0.305 -2.96 0.00010882
0.305 -2.92 0.000121436
0.305 -2.88 0.000127744
0.305 -2.84 0.000142742
0.305 -2.8 0.000152158
0.305 -2.76 0.000169374
0.305 -2.72 0.000174791
0.305 -2.68 0.000167018
0.305 -2.64 0.000189138
0.305 -2.6 0.000203111
0.305 -2.56 0.00022152
0.305 -2.52 0.000266081
0.305 -2.48 0.000303264
0.305 -2.44 0.000392951
0.305 -2.4 0.000464386
0.305 -2.36 0.000556456
0.305 -2.32 0.00069955
0.305 -2.28 0.000776999
0.305 -2.24 0.000884545
0.305 -2.2 0.000986542
0.305 -2.16 0.00105802
0.305 -2.12 0.00118577
0.305 -2.08 0.00118778
0.305 -2.04 0.00131572
0.305 -2 0.00139432
0.305 -1.96 0.00130595
0.305 -1.92 0.00159162
0.305 -1.88 0.00156555
0.305 -1.84 0.00157309
0.305 -1.8 0.00171634
0.305 -1.76 0.0018092
0.305 -1.72 0.00176699
0.305 -1.68 0.00193041
0.305 -1.64 0.00202637
0.305 -1.6 0.00192847
0.305 -1.56 0.0021476
0.305 -1.52 0.00218266
0.305 -1.48 0.00205203
0.305 -1.44 0.00230906
0.305 -1.4 0.00231011
0.305 -1.36 0.0023064
0.305 -1.32 0.00235802
0.305 -1.28 0.00249692
0.305 -1.24 0.0024276
0.305 -1.2 0.00252467
0.305 -1.16 0.00256667
0.305 -1.12 0.00266584
0.305 -1.08 0.00274679
0.305 -1.04 0.00278588
0.305 -1 0.00283843
0.305 -0.96 0.00288075
0.305 -0.92 0.00298684
0.305 -0.88 0.00295348
0.305 -0.84 0.0029892
0.305 -0.8 0.00306416
0.305 -0.76 0.00315972
0.305 -0.72 0.0031735
0.305 -0.68 0.00326669
0.305 -0.64 0.00331637
0.305 -0.6 0.00341337
0.305 -0.56 0.00348066
0.305 -0.52 0.00345221
0.305 -0.48 0.00335439
0.305 -0.44 0.00318139
0.305 -0.4 0.00295092
0.305 -0.36 0.00272356
0.305 -0.32 0.00259087
0.305 -0.28 0.00248026
0.305 -0.24 0.00237361
0.305 -0.2 0.00226239
0.305 -0.16 0.00215353
0.305 -0.12 0.00201795
0.305 -0.08 0.00181143
0.305 -0.04 0.00146962
0.305 0 0.00105193
0.305 0.04 0.000732324
0.305 0.08 0.000534221
0.305 0.12 0.000411183
0.305 0.16 0.000330231
0.305 0.2 0.000273776
0.305 0.24 0.000232465
0.305 0.28 0.000201052
0.305 0.32 0.000176435
0.305 0.36 0.000156648
0.305 0.4 0.000140436
0.305 0.44 0.000126916
0.305 0.48 0.000115487
0.305 0.52 0.000105711
0.305 0.56 9.72622e-05
0.305 0.6 8.98914e-05
0.305 0.64 8.34065e-05
0.305 0.68 7.76762e-05
0.305 0.72 7.25724e-05
0.305 0.76 6.79988e-05
0.305 0.8 6.38832e-05
0.305 0.84 6.01611e-05
0.305 0.88 5.67847e-05
0.305 0.92 5.37097e-05
0.305 0.96 5.08945e-05
0.305 1 0
0.305 1.04 0
0.305 1.08 0
0.305 1.12 0
0.305 1.16 0
0.305 1.2 0
0.305 1.24 0
0.305 1.28 0
0.305 1.32 0
0.305 1.36 0
0.305 1.4 0
0.305 1.44 0
0.305 1.48 0
0.305 1.52 0
0.305 1.56 0
0.305 1.6 0
0.305 1.64 0
0.305 1.68 0
0.305 1.72 0
0.305 1.76 0
0.305 1.8 0
0.305 1.84 0
0.305 1.88 0
0.305 1.92 0
0.305 1.96 0
0.305 2 0
0.305 2.04 0
0.305 2.08 0
0.305 2.12 0
0.305 2.16 0
0.305 2.2 0
0.305 2.24 0
0.305 2.28 0
0.305 2.32 0
0.305 2.36 0
0.305 2.4 0
0.305 2.44 0
0.305 2.48 0
0.305 2.52 0
0.305 2.56 0
0.305 2.6 0
0.305 2.64 0
0.305 2.68 0
0.305 2.72 0
0.305 2.76 0
0.305 2.8 0
0.305 2.84 0
0.305 2.88 0
0.305 2.92 0
0.305 2.96 0
0.305 3 0
0.31 -5 0.000125635
0.31 -4.96 0.000125635
0.31 -4.92 0.000125635
0.31 -4.88 0.000125635
0.31 -4.84 0.000125635
0.31 -4.8 0.000125635
0.31 -4.76 0.000125635
0.31 -4.72 0.000125635
0.31 -4.68 0.000125635
0.31 -4.64 0.000125635
0.31 -4.6 0.000125635
0.31 -4.56 0.000125635
0.31 -4.52 0.000125635
0.31 -4.48 0.000125635
0.31 -4.44 0.000125635
0.31 -4.4 0.000125635
0.31 -4.36 0.000125635
0.31 -4.32 0.000125635
0.31 -4.28 0.000125635
0.31 -4.24 0.000125635
0.31 -4.2 0.000125635
0.31 -4.16 0.000125635
0.31 -4.12 0.000125635
0.31 -4.08 0.000125635
0.31 -4.04 0.000125635
0.31 -4 0.000125635
0.31 -3.96 0.000125635
0.31 -3.92 0.000125635
0.31 -3.88 0.000125635
0.31 -3.84 0.000125635
0.31 -3.8 0.000125635
0.31 -3.76 0.000125635
0.31 -3.72 0.000125635
0.31 -3.68 0.000125635
0.31 -3.64 0.000125635
0.31 -3.6 0.000125635
0.31 -3.56 0.000125635
0.31 -3.52 0.000125635
0.31 -3.48 0.000125635
0.31 -3.44 0.000125635
0.31 -3.4 0.000125635
0.31 -3.36 0.000125635
0.31 -3.32 0.000125635
0.31 -3.28 0.000125635
0.31 -3.24 0.000125635
0.31 -3.2 0.000125635
0.31 -3.16 0.000125635
0.31 -3.12 0.000125635
0.31 -3.08 0.000125635
0.31 -3.04 0.000125635
0.31 -3 0.000125635
0.31 -2.96 0.000108427
0.31 -2.92 0.000116171
0.31 -2.88 0.000124658
0.31 -2.84 0.000144935
0.31 -2.8 0.000154588
0.31 -2.76 0.000168876
0.31 -2.72 0.000169763
0.31 -2.68 0.00017596
0.31 -2.64 0.000191154
0.31 -2.6 0.000200206
0.31 -2.56 0.00021847
0.31 -2.52 0.000266845
0.31 -2.48 0.00030911
0.31 -2.44 0.000392665
0.31 -2.4 0.000463113
0.31 -2.36 0.000553961
0.31 -2.32 0.000691531
0.31 -2.28 0.000770005
0.31 -2.24 0.000893186
0.31 -2.2 0.000992087
0.31 -2.16 0.00106175
0.31 -2.12 0.00119103
0.31 -2.08 0.00119754
0.31 -2.04 0.00132622
0.31 -2 0.00142503
0.31 -1.96 0.00131613
0.31 -1.92 0.00159275
0.31 -1.88 0.00158944
0.31 -1.84 0.00158671
0.31 -1.8 0.00171176
0.31 -1.76 0.00182931
0.31 -1.72 0.00179309
0.31 -1.68 0.00193666
0.31 -1.64 0.00204732
0.31 -1.6 0.00193657
0.31 -1.56 0.00212571
0.31 -1.52 0.00218919
0.31 -1.48 0.00207221
0.31 -1.44 0.00230822
0.31 -1.4 0.00233066
0.31 -1.36 0.00233322
0.31 -1.32 0.00236722
0.31 -1.28 0.00251564
0.31 -1.24 0.00245598
0.31 -1.2 0.00255414
0.31 -1.16 0.00257284
0.31 -1.12 0.00267651
0.31 -1.08 0.00275004
0.31 -1.04 0.00282314
0.31 -1 0.00284826
0.31 -0.96 0.00290145
0.31 -0.92 0.00297776
0.31 -0.88 0.00297132
0.31 -0.84 0.00301562
0.31 -0.8 0.00307524
0.31 -0.76 0.00316607
0.31 -0.72 0.00320099
0.31 -0.68 0.0032327
0.31 -0.64 0.00329943
0.31 -0.6 0.0033792
0.31 -0.56 0.00347047
0.31 -0.52 0.003429
0.31 -0.48 0.00333909
0.31 -0.44 0.00308561
0.31 -0.4 0.00288526
0.31 -0.36 0.00271706
0.31 -0.32 0.00253585
0.31 -0.28 0.00243553
0.31 -0.24 0.00234156
0.31 -0.2 0.0022332
0.31 -0.16 0.00210988
0.31 -0.12 0.00198449
0.31 -0.08 0.00178267
0.31 -0.04 0.00145164
0.31 0 0.00104344
0.31 0.04 0.000726513
0.31 0.08 0.000529486
0.31 0.12 0.000407241
0.31 0.16 0.000326935
0.31 0.2 0.000270999
0.31 0.24 0.000230104
0.31 0.28 0.000199026
0.31 0.32 0.00017468
0.31 0.36 0.000155115
0.31 0.4 0.000139088
0.31 0.44 0.000125721
0.31 0.48 0.000114422
0.31 0.52 0.000104757
0.31 0.56 9.6402e-05
0.31 0.6 8.9113e-05
0.31 0.64 8.26983e-05
0.31 0.68 7.70301e-05
0.31 0.72 7.19809e-05
0.31 0.76 6.7455e-05
0.31 0.8 6.33824e-05
0.31 0.84 5.96983e-05
0.31 0.88 5.63561e-05
0.31 0.92 5.3311e-05
0.31 0.96 5.05234e-05
0.31 1 0
0.31 1.04 0
0.31 1.08 0
0.31 1.12 0
0.31 1.16 0
0.31 1.2 0
0.31 1.24 0
0.31 1.28 0
0.31 1.32 0
0.31 1.36 0
0.31 1.4 0
0.31 1.44 0
0.31 1.48 0
0.31 1.52 0
0.31 1.56 0
0.31 1.6 0
0.31 1.64 0
0.31 1.68 0
0.31 1.72 0
0.31 1.76 0
0.31 1.8 0
0.31 1.84 0
0.31 1.88 0
0.31 1.92 0
0.31 1.96 0
0.31 2 0
0.31 2.04 0
0.31 2.08 0
0.31 2.12 0
0.31 2.16 0
0.31 2.2 0
0.31 2.24 0
0.31 2.28 0
0.31 2.32 0
0.31 2.36 0
0.31 2.4 0
0.31 2.44 0
0.31 2.48 0
0.31 2.52 0
0.31 2.56 0
0.31 2.6 0
0.31 2.64 0
0.31 2.68 0
0.31 2.72 0
0.31 2.76 0
0.31 2.8 0
0.31 2.84 0
0.31 2.88 0
0.31 2.92 0
0.31 2.96 0
0.31 3 0
0.315 -5 0.000124369
0.315 -4.96 0.000124369
0.315 -4.92 0.000124369
0.315 -4.88 0.000124369
0.315 -4.84 0.000124369
0.315 -4.8 0.000124369
0.315 -4.76 0.000124369
0.315 -4.72 0.000124369
0.315 -4.68 0.000124369
0.315 -4.64 0.000124369
0.315 -4.6 0.000124369
0.315 -4.56 0.000124369
0.315 -4.52 0.000124369
0.315 -4.48 0.000124369
0.315 -4.44 0.000124369
0.315 -4.4 0.000124369
0.315 -4.36 0.000124369
0.315 -4.32 0.000124369
0.315 -4.28 0.000124369
0.315 -4.24 0.000124369
0.315 -4.2 0.000124369
0.315 -4.16 0.000124369
0.315 -4.12 0.000124369
0.315 -4.08 0.000124369
0.315 -4.04 0.000124369
0.315 -4 0.000124369
0.315 -3.96 0.000124369
0.315 -3.92 0.000124369
0.315 -3.88 0.000124369
0.315 -3.84 0.000124369
0.315 -3.8 0.000124369
0.315 -3.76 0.000124369
0.315 -3.72 0.000124369
0.315 -3.68 0.000124369
0.315 -3.64 0.000124369
0.315 -3.6 0.000124369
0.315 -3.56 0.000124369
0.315 -3.52 0.000124369
0.315 -3.48 0.000124369
0.315 -3.44 0.000124369
0.315 -3.4 0.000124369
0.315 -3.36 0.000124369
0.315 -3.32 0.000124369
0.315 -3.28 0.000124369
0.315 -3.24 0.000124369
0.315 -3.2 0.000124369
0.315 -3.16 0.000124369
0.315 -3.12 0.000124369
0.315 -3.08 0.000124369
0.315 -3.04 0.000124369
0.315 -3 0.000124369
0.315 -2.96 0.000110152
0.315 -2.92 0.000113272
0.315 -2.88 0.000122633
0.315 -2.84 0.00014326
0.315 -2.8 0.00015635
0.315 -2.76 0.000170578
0.315 -2.72 0.000167963
0.315 -2.68 0.000182224
0.315 -2.64 0.000191955
0.315 -2.6 0.000197761
0.315 -2.56 0.000220034
0.315 -2.52 0.000264642
0.315 -2.48 0.000314907
0.315 -2.44 0.000390671
0.315 -2.4 0.000463035
0.315 -2.36 0.000552757
0.315 -2.32 0.000685258
0.315 -2.28 0.000761472
0.315 -2.24 0.000895401
0.315 -2.2 0.000998844
0.315 -2.16 0.00106453
0.315 -2.12 0.00119828
0.315 -2.08 0.00121032
0.315 -2.04 0.00132141
0.315 -2 0.00143566
0.315 -1.96 0.00134114
0.315 -1.92 0.00161107
0.315 -1.88 0.00160927
0.315 -1.84 0.001604
0.315 -1.8 0.00170907
0.315 -1.76 0.001862
0.315 -1.72 0.00180879
0.315 -1.68 0.00195763
0.315 -1.64 0.00205671
0.315 -1.6 0.00195251
0.315 -1.56 0.00212457
0.315 -1.52 0.0022014
0.315 -1.48 0.00211068
0.315 -1.44 0.00229509
0.315 -1.4 0.00234059
0.315 -1.36 0.00236216
0.315 -1.32 0.00242021
0.315 -1.28 0.00254293
0.315 -1.24 0.00248192
0.315 -1.2 0.00263178
0.315 -1.16 0.00258773
0.315 -1.12 0.0026948
0.315 -1.08 0.00273244
0.315 -1.04 0.00284475
0.315 -1 0.00284656
0.315 -0.96 0.00288334
0.315 -0.92 0.00296143
0.315 -0.88 0.00299963
0.315 -0.84 0.00304582
0.315 -0.8 0.00308677
0.315 -0.76 0.00316861
0.315 -0.72 0.00322922
0.315 -0.68 0.00324151
0.315 -0.64 0.00333164
0.315 -0.6 0.00334039
0.315 -0.56 0.00346487
0.315 -0.52 0.0033732
0.315 -0.48 0.00326071
0.315 -0.44 0.00300836
0.315 -0.4 0.00278966
0.315 -0.36 0.0026837
0.315 -0.32 0.00249153
0.315 -0.28 0.00237839
0.315 -0.24 0.00229479
0.315 -0.2 0.00220342
0.315 -0.16 0.00207319
0.315 -0.12 0.00195173
0.315 -0.08 0.00175351
0.315 -0.04 0.0014337
0.315 0 0.00103466
0.315 0.04 0.000720562
0.315 0.08 0.000524684
0.315 0.12 0.000403265
0.315 0.16 0.00032362
0.315 0.2 0.000268213
0.315 0.24 0.000227737
0.315 0.28 0.000196996
0.315 0.32 0.000172924
0.315 0.36 0.000153582
0.315 0.4 0.000137738
0.315 0.44 0.000124526
0.315 0.48 0.000113356
0.315 0.52 0.000103802
0.315 0.56 9.55415e-05
0.315 0.6 8.83344e-05
0.315 0.64 8.19899e-05
0.315 0.68 7.63837e-05
0.315 0.72 7.13891e-05
0.315 0.76 6.69108e-05
0.315 0.8 6.28813e-05
0.315 0.84 5.92351e-05
0.315 0.88 5.5927e-05
0.315 0.92 5.29118e-05
0.315 0.96 5.01519e-05
0.315 1 0
0.315 1.04 0
0.315 1.08 0
0.315 1.12 0
0.315 1.16 0
0.315 1.2 0
0.315 1.24 0
0.315 1.28 0
0.315 1.32 0
0.315 1.36 0
0.315 1.4 0
0.315 1.44 0
0.315 1.48 0
0.315 1.52 0
0.315 1.56 0
0.315 1.6 0
0.315 1.64 0
0.315 1.68 0
0.315 1.72 0
0.315 1.76 0
0.315 1.8 0
0.315 1.84 0
0.315 1.88 0
0.315 1.92 0
0.315 1.96 0
0.315 2 0
0.315 2.04 0
0.315 2.08 0
0.315 2.12 0
0.315 2.16 0
0.315 2.2 0
0.315 2.24 0
0.315 2.28 0
0.315 2.32 0
0.315 2.36 0
0.315 2.4 0
0.315 2.44 0
0.315 2.48 0
0.315 2.52 0
0.315 2.56 0
0.315 2.6 0
0.315 2.64 0
0.315 2.68 0
0.315 2.72 0
0.315 2.76 0
0.315 2.8 0
0.315 2.84 0
0.315 2.88 0
0.315 2.92 0
0.315 2.96 0
0.315 3 0
0.32 -5 0.000121489
0.32 -4.96 0.000121489
0.32 -4.92 0.000121489
0.32 -4.88 0.000121489
0.32 -4.84 0.000121489
0.32 -4.8 0.000121489
0.32 -4.76 0.000121489
0.32 -4.72 0.000121489
0.32 -4.68 0.000121489
0.32 -4.64 0.000121489
0.32 -4.6 0.000121489
0.32 -4.56 0.000121489
0.32 -4.52 0.000121489
0.32 -4.48 0.000121489
0.32 -4.44 0.000121489
0.32 -4.4 0.000121489
0.32 -4.36 0.000121489
0.32 -4.32 0.000121489
0.32 -4.28 0.000121489
0.32 -4.24 0.000121489
0.32 -4.2 0.000121489
0.32 -4.16 0.000121489
0.32 -4.12 0.000121489
0.32 -4.08 0.000121489
0.32 -4.04 0.000121489
0.32 -4 0.000121489
0.32 -3.96 0.000121489
0.32 -3.92 0.000121489
0.32 -3.88 0.000121489
0.32 -3.84 0.000121489
0.32 -3.8 0.000121489
0.32 -3.76 0.000121489
0.32 -3.72 0.000121489
0.32 -3.68 0.000121489
0.32 -3.64 0.000121489
0.32 -3.6 0.000121489
0.32 -3.56 0.000121489
0.32 -3.52 0.000121489
0.32 -3.48 0.000121489
0.32 -3.44 0.000121489
0.32 -3.4 0.000121489
0.32 -3.36 0.000121489
0.32 -3.32 0.000121489
0.32 -3.28 0.000121489
0.32 -3.24 0.000121489
0.32 -3.2 0.000121489
0.32 -3.16 0.000121489
0.32 -3.12 0.000121489
0.32 -3.08 0.000121489
0.32 -3.04 0.000121489
0.32 -3 0.000121489
0.32 -2.96 0.000112695
0.32 -2.92 0.000114447
0.32 -2.88 0.00012325
0.32 -2.84 0.000139601
0.32 -2.8 0.000156953
0.32 -2.76 0.000173947
0.32 -2.72 0.000171291
0.32 -2.68 0.000178975
0.32 -2.64 0.000192774
0.32 -2.6 0.000196703
0.32 -2.56 0.00022295
0.32 -2.52 0.00026165
0.32 -2.48 0.000315509
0.32 -2.44 0.000386462
0.32 -2.4 0.000463247
0.32 -2.36 0.000551696
0.32 -2.32 0.000685177
0.32 -2.28 0.000756066
0.32 -2.24 0.000891391
0.32 -2.2 0.00100284
0.32 -2.16 0.00106601
0.32 -2.12 0.00120431
0.32 -2.08 0.0012204
0.32 -2.04 0.00132627
0.32 -2 0.00144724
0.32 -1.96 0.00137724
0.32 -1.92 0.00162872
0.32 -1.88 0.00162635
0.32 -1.84 0.00162626
0.32 -1.8 0.00171674
0.32 -1.76 0.00188361
0.32 -1.72 0.00183268
0.32 -1.68 0.00199673
0.32 -1.64 0.00205867
0.32 -1.6 0.00196345
0.32 -1.56 0.00217748
0.32 -1.52 0.00223078
0.32 -1.48 0.00214523
0.32 -1.44 0.00229644
0.32 -1.4 0.00233825
0.32 -1.36 0.00238747
0.32 -1.32 0.00248776
0.32 -1.28 0.00256572
0.32 -1.24 0.00249029
0.32 -1.2 0.00266395
0.32 -1.16 0.00261813
0.32 -1.12 0.00270621
0.32 -1.08 0.00272855
0.32 -1.04 0.00283378
0.32 -1 0.00283502
0.32 -0.96 0.00284568
0.32 -0.92 0.00294807
0.32 -0.88 0.00303055
0.32 -0.84 0.00305072
0.32 -0.8 0.00309061
0.32 -0.76 0.00316263
0.32 -0.72 0.00320482
0.32 -0.68 0.00324945
0.32 -0.64 0.00333635
0.32 -0.6 0.00331718
0.32 -0.56 0.00341611
0.32 -0.52 0.00331049
0.32 -0.48 0.00316506
0.32 -0.44 0.00296122
0.32 -0.4 0.00270516
0.32 -0.36 0.00259046
0.32 -0.32 0.0024432
0.32 -0.28 0.00231445
0.32 -0.24 0.00223879
0.32 -0.2 0.00215824
0.32 -0.16 0.00204354
0.32 -0.12 0.00191666
0.32 -0.08 0.00172444
0.32 -0.04 0.00141612
0.32 0 0.0010256
0.32 0.04 0.000714473
0.32 0.08 0.000519817
0.32 0.12 0.000399257
0.32 0.16 0.000320289
0.32 0.2 0.000265418
0.32 0.24 0.000225367
0.32 0.28 0.000194965
0.32 0.32 0.000171167
0.32 0.36 0.000152048
0.32 0.4 0.000136389
0.32 0.44 0.000123332
0.32 0.48 0.000112291
0.32 0.52 0.000102847
0.32 0.56 9.46812e-05
0.32 0.6 8.75559e-05
0.32 0.64 8.12816e-05
0.32 0.68 7.57374e-05
0.32 0.72 7.07972e-05
0.32 0.76 6.63665e-05
0.32 0.8 6.238e-05
0.32 0.84 5.87717e-05
0.32 0.88 5.54978e-05
0.32 0.92 5.25124e-05
0.32 0.96 4.97801e-05
0.32 1 0
0.32 1.04 0
0.32 1.08 0
0.32 1.12 0
0.32 1.16 0
0.32 1.2 0
0.32 1.24 0
0.32 1.28 0
0.32 1.32 0
0.32 1.36 0
0.32 1.4 0
0.32 1.44 0
0.32 1.48 0
0.32 1.52 0
0.32 1.56 0
0.32 1.6 0
0.32 1.64 0
0.32 1.68 0
0.32 1.72 0
0.32 1.76 0
0.32 1.8 0
0.32 1.84 0
0.32 1.88 0
0.32 1.92 0
0.32 1.96 0
0.32 2 0
0.32 2.04 0
0.32 2.08 0
0.32 2.12 0
0.32 2.16 0
0.32 2.2 0
0.32 2.24 0
0.32 2.28 0
0.32 2.32 0
0.32 2.36 0
0.32 2.4 0
0.32 2.44 0
0.32 2.48 0
0.32 2.52 0
0.32 2.56 0
0.32 2.6 0
0.32 2.64 0
0.32 2.68 0
0.32 2.72 0
0.32 2.76 0
0.32 2.8 0
0.32 2.84 0
0.32 2.88 0
0.32 2.92 0
0.32 2.96 0
0.32 3 0
0.325 -5 0.000119226
0.325 -4.96 0.000119226
0.325 -4.92 0.000119226
0.325 -4.88 0.000119226
0.325 -4.84 0.000119226
0.325 -4.8 0.000119226
0.325 -4.76 0.000119226
0.325 -4.72 0.000119226
0.325 -4.68 0.000119226
0.325 -4.64 0.000119226
0.325 -4.6 0.000119226
0.325 -4.56 0.000119226
0.325 -4.52 0.000119226
0.325 -4.48 0.000119226
0.325 -4.44 0.000119226
0.325 -4.4 0.000119226
0.325 -4.36 0.000119226
0.325 -4.32 0.000119226
0.325 -4.28 0.000119226
0.325 -4.24 0.000119226
0.325 -4.2 0.000119226
0.325 -4.16 0.000119226
0.325 -4.12 0.000119226
0.325 -4.08 0.000119226
0.325 -4.04 0.000119226
0.325 -4 0.000119226
0.325 -3.96 0.000119226
0.325 -3.92 0.000119226
0.325 -3.88 0.000119226
0.325 -3.84 0.000119226
0.325 -3.8 0.000119226
0.325 -3.76 0.000119226
0.325 -3.72 0.000119226
0.325 -3.68 0.000119226
0.325 -3.64 0.000119226
0.325 -3.6 0.000119226
0.325 -3.56 0.000119226
0.325 -3.52 0.000119226
0.325 -3.48 0.000119226
0.325 -3.44 0.000119226
0.325 -3.4 0.000119226
0.325 -3.36 0.000119226
0.325 -3.32 0.000119226
0.325 -3.28 0.000119226
0.325 -3.24 0.000119226
0.325 -3.2 0.000119226
0.325 -3.16 0.000119226
0.325 -3.12 0.000119226
0.325 -3.08 0.000119226
0.325 -3.04 0.000119226
0.325 -3 0.000119226
0.325 -2.96 0.00011481
0.325 -2.92 0.000116536
0.325 -2.88 0.000124735
0.325 -2.84 0.000137496
0.325 -2.8 0.000156625
0.325 -2.76 0.000176301
0.325 -2.72 0.000175668
0.325 -2.68 0.000174002
0.325 -2.64 0.000195085
0.325 -2.6 0.000201547
0.325 -2.56 0.000223313
0.325 -2.52 0.000261479
0.325 -2.48 0.000312046
0.325 -2.44 0.000381645
0.325 -2.4 0.000461838
0.325 -2.36 0.000549848
0.325 -2.32 0.000689599
0.325 -2.28 0.000754785
0.325 -2.24 0.000888253
0.325 -2.2 0.00100206
0.325 -2.16 0.0010653
0.325 -2.12 0.00120732
0.325 -2.08 0.00122552
0.325 -2.04 0.00134864
0.325 -2 0.00148144
0.325 -1.96 0.00140968
0.325 -1.92 0.00162855
0.325 -1.88 0.00164254
0.325 -1.84 0.00165482
0.325 -1.8 0.00171965
0.325 -1.76 0.00188787
0.325 -1.72 0.00187033
0.325 -1.68 0.00202708
0.325 -1.64 0.0020701
0.325 -1.6 0.00196611
0.325 -1.56 0.00222693
0.325 -1.52 0.00225867
0.325 -1.48 0.00216065
0.325 -1.44 0.00230499
0.325 -1.4 0.00233448
0.325 -1.36 0.00240567
0.325 -1.32 0.00253256
0.325 -1.28 0.00256926
0.325 -1.24 0.0024953
0.325 -1.2 0.00262015
0.325 -1.16 0.00264399
0.325 -1.12 0.00270437
0.325 -1.08 0.00274619
0.325 -1.04 0.00280855
0.325 -1 0.00282901
0.325 -0.96 0.00285005
0.325 -0.92 0.00293702
0.325 -0.88 0.00305283
0.325 -0.84 0.00302998
0.325 -0.8 0.0030877
0.325 -0.76 0.00315929
0.325 -0.72 0.0031482
0.325 -0.68 0.00322194
0.325 -0.64 0.00327622
0.325 -0.6 0.00330651
0.325 -0.56 0.0033247
0.325 -0.52 0.00326663
0.325 -0.48 0.00311414
0.325 -0.44 0.00292791
0.325 -0.4 0.00267458
0.325 -0.36 0.00248192
0.325 -0.32 0.00238693
0.325 -0.28 0.0022757
0.325 -0.24 0.0021902
0.325 -0.2 0.00209937
0.325 -0.16 0.0020113
0.325 -0.12 0.0018798
0.325 -0.08 0.00169626
0.325 -0.04 0.00139865
0.325 0 0.00101626
0.325 0.04 0.00070825
0.325 0.08 0.000514887
0.325 0.12 0.000395218
0.325 0.16 0.000316944
0.325 0.2 0.000262616
0.325 0.24 0.000222993
0.325 0.28 0.000192933
0.325 0.32 0.000169409
0.325 0.36 0.000150515
0.325 0.4 0.000135041
0.325 0.44 0.000122137
0.325 0.48 0.000111227
0.325 0.52 0.000101893
0.325 0.56 9.38215e-05
0.325 0.6 8.67778e-05
0.325 0.64 8.05736e-05
0.325 0.68 7.50913e-05
0.325 0.72 7.02056e-05
0.325 0.76 6.58223e-05
0.325 0.8 6.18788e-05
0.325 0.84 5.83083e-05
0.325 0.88 5.50685e-05
0.325 0.92 5.2113e-05
0.325 0.96 4.94082e-05
0.325 1 0
0.325 1.04 0
0.325 1.08 0
0.325 1.12 0
0.325 1.16 0
0.325 1.2 0
0.325 1.24 0
0.325 1.28 0
0.325 1.32 0
0.325 1.36 0
0.325 1.4 0
0.325 1.44 0
0.325 1.48 0
0.325 1.52 0
0.325 1.56 0
0.325 1.6 0
0.325 1.64 0
0.325 1.68 0
0.325 1.72 0
0.325 1.76 0
0.325 1.8 0
0.325 1.84 0
0.325 1.88 0
0.325 1.92 0
0.325 1.96 0
0.325 2 0
0.325 2.04 0
0.325 2.08 0
0.325 2.12 0
0.325 2.16 0
0.325 2.2 0
0.325 2.24 0
0.325 2.28 0
0.325 2.32 0
0.325 2.36 0
0.325 2.4 0
0.325 2.44 0
0.325 2.48 0
0.325 2.52 0
0.325 2.56 0
0.325 2.6 0
0.325 2.64 0
0.325 2.68 0
0.325 2.72 0
0.325 2.76 0
0.325 2.8 0
0.325 2.84 0
0.325 2.88 0
0.325 2.92 0
0.325 2.96 0
0.325 3 0
0.33 -5 0.000119922
0.33 -4.96 0.000119922
0.33 -4.92 0.000119922
0.33 -4.88 0.000119922
0.33 -4.84 0.000119922
0.33 -4.8 0.000119922
0.33 -4.76 0.000119922
0.33 -4.72 0.000119922
0.33 -4.68 0.000119922
0.33 -4.64 0.000119922
0.33 -4.6 0.000119922
0.33 -4.56 0.000119922
0.33 -4.52 0.000119922
0.33 -4.48 0.000119922
0.33 -4.44 0.000119922
0.33 -4.4 0.000119922
0.33 -4.36 0.000119922
0.33 -4.32 0.000119922
0.33 -4.28 0.000119922
0.33 -4.24 0.000119922
0.33 -4.2 0.000119922
0.33 -4.16 0.000119922
0.33 -4.12 0.000119922
0.33 -4.08 0.000119922
0.33 -4.04 0.000119922
0.33 -4 0.000119922
0.33 -3.96 0.000119922
0.33 -3.92 0.000119922
0.33 -3.88 0.000119922
0.33 -3.84 0.000119922
0.33 -3.8 0.000119922
0.33 -3.76 0.000119922
0.33 -3.72 0.000119922
0.33 -3.68 0.000119922
0.33 -3.64 0.000119922
0.33 -3.6 0.000119922
0.33 -3.56 0.000119922
0.33 -3.52 0.000119922
0.33 -3.48 0.000119922
0.33 -3.44 0.000119922
0.33 -3.4 0.000119922
0.33 -3.36 0.000119922
0.33 -3.32 0.000119922
0.33 -3.28 0.000119922
0.33 -3.24 0.000119922
0.33 -3.2 0.000119922
0.33 -3.16 0.000119922
0.33 -3.12 0.000119922
0.33 -3.08 0.000119922
0.33 -3.04 0.000119922
0.33 -3 0.000119922
0.33 -2.96 0.000115954
0.33 -2.92 0.000117443
0.33 -2.88 0.00012483
0.33 -2.84 0.000138181
0.33 -2.8 0.000155252
0.33 -2.76 0.000175954
0.33 -2.72 0.000177154
0.33 -2.68 0.000176701
0.33 -2.64 0.000198003
0.33 -2.6 0.000209485
0.33 -2.56 0.000224717
0.33 -2.52 0.000260208
0.33 -2.48 0.000309618
0.33 -2.44 0.000378651
0.33 -2.4 0.000457832
0.33 -2.36 0.000545863
0.33 -2.32 0.000692188
0.33 -2.28 0.000754553
0.33 -2.24 0.000891209
0.33 -2.2 0.000996558
0.33 -2.16 0.00106222
0.33 -2.12 0.00121101
0.33 -2.08 0.00122864
0.33 -2.04 0.00136608
0.33 -2 0.00151719
0.33 -1.96 0.00143036
0.33 -1.92 0.0016197
0.33 -1.88 0.00165809
0.33 -1.84 0.00168198
0.33 -1.8 0.00171004
0.33 -1.76 0.00190019
0.33 -1.72 0.00190136
0.33 -1.68 0.00202546
0.33 -1.64 0.00209791
0.33 -1.6 0.00197233
0.33 -1.56 0.00221818
0.33 -1.52 0.00226757
0.33 -1.48 0.0021662
0.33 -1.44 0.00230841
0.33 -1.4 0.00234218
0.33 -1.36 0.00241654
0.33 -1.32 0.00255071
0.33 -1.28 0.00256081
0.33 -1.24 0.00251675
0.33 -1.2 0.00258736
0.33 -1.16 0.00264916
0.33 -1.12 0.00271156
0.33 -1.08 0.00275201
0.33 -1.04 0.00279508
0.33 -1 0.00283411
0.33 -0.96 0.00289635
0.33 -0.92 0.00293202
0.33 -0.88 0.00305667
0.33 -0.84 0.00301096
0.33 -0.8 0.00308068
0.33 -0.76 0.00316217
0.33 -0.72 0.00312315
0.33 -0.68 0.00320348
0.33 -0.64 0.00321507
0.33 -0.6 0.00328912
0.33 -0.56 0.00325332
0.33 -0.52 0.00323767
0.33 -0.48 0.00309316
0.33 -0.44 0.00289212
0.33 -0.4 0.00268144
0.33 -0.36 0.00242901
0.33 -0.32 0.00233781
0.33 -0.28 0.00227137
0.33 -0.24 0.00215476
0.33 -0.2 0.00204684
0.33 -0.16 0.00196954
0.33 -0.12 0.00184475
0.33 -0.08 0.001669
0.33 -0.04 0.00138074
0.33 0 0.00100666
0.33 0.04 0.000701894
0.33 0.08 0.000509895
0.33 0.12 0.000391151
0.33 0.16 0.000313585
0.33 0.2 0.000259808
0.33 0.24 0.000220618
0.33 0.28 0.000190901
0.33 0.32 0.000167653
0.33 0.36 0.000148984
0.33 0.4 0.000133694
0.33 0.44 0.000120944
0.33 0.48 0.000110164
0.33 0.52 0.00010094
0.33 0.56 9.29626e-05
0.33 0.6 8.60005e-05
0.33 0.64 7.98663e-05
0.33 0.68 7.44457e-05
0.33 0.72 6.96143e-05
0.33 0.76 6.52785e-05
0.33 0.8 6.13779e-05
0.33 0.84 5.78451e-05
0.33 0.88 5.46393e-05
0.33 0.92 5.17136e-05
0.33 0.96 4.90363e-05
0.33 1 0
0.33 1.04 0
0.33 1.08 0
0.33 1.12 0
0.33 1.16 0
0.33 1.2 0
0.33 1.24 0
0.33 1.28 0
0.33 1.32 0
0.33 1.36 0
0.33 1.4 0
0.33 1.44 0
0.33 1.48 0
0.33 1.52 0
0.33 1.56 0
0.33 1.6 0
0.33 1.64 0
0.33 1.68 0
0.33 1.72 0
0.33 1.76 0
0.33 1.8 0
0.33 1.84 0
0.33 1.88 0
0.33 1.92 0
0.33 1.96 0
0.33 2 0
0.33 2.04 0
0.33 2.08 0
0.33 2.12 0
0.33 2.16 0
0.33 2.2 0
0.33 2.24 0
0.33 2.28 0
0.33 2.32 0
0.33 2.36 0
0.33 2.4 0
0.33 2.44 0
0.33 2.48 0
0.33 2.52 0
0.33 2.56 0
0.33 2.6 0
0.33 2.64 0
0.33 2.68 0
0.33 2.72 0
0.33 2.76 0
0.33 2.8 0
0.33 2.84 0
0.33 2.88 0
0.33 2.92 0
0.33 2.96 0
0.33 3 0
0.335 -5 0.00012293
0.335 -4.96 0.00012293
0.335 -4.92 0.00012293
0.335 -4.88 0.00012293
0.335 -4.84 0.00012293
0.335 -4.8 0.00012293
0.335 -4.76 0.00012293
0.335 -4.72 0.00012293
0.335 -4.68 0.00012293
0.335 -4.64 0.00012293
0.335 -4.6 0.00012293
0.335 -4.56 0.00012293
0.335 -4.52 0.00012293
0.335 -4.48 0.00012293
0.335 -4.44 0.00012293
0.335 -4.4 0.00012293
0.335 -4.36 0.00012293
0.335 -4.32 0.00012293
0.335 -4.28 0.00012293
0.335 -4.24 0.00012293
0.335 -4.2 0.00012293
0.335 -4.16 0.00012293
0.335 -4.12 0.00012293
0.335 -4.08 0.00012293
0.335 -4.04 0.00012293
0.335 -4 0.00012293
0.335 -3.96 0.00012293
0.335 -3.92 0.00012293
0.335 -3.88 0.00012293
0.335 -3.84 0.00012293
0.335 -3.8 0.00012293
0.335 -3.76 0.00012293
0.335 -3.72 0.00012293
0.335 -3.68 0.00012293
0.335 -3.64 0.00012293
0.335 -3.6 0.00012293
0.335 -3.56 0.00012293
0.335 -3.52 0.00012293
0.335 -3.48 0.00012293
0.335 -3.44 0.00012293
0.335 -3.4 0.00012293
0.335 -3.36 0.00012293
0.335 -3.32 0.00012293
0.335 -3.28 0.00012293
0.335 -3.24 0.00012293
0.335 -3.2 0.00012293
0.335 -3.16 0.00012293
0.335 -3.12 0.00012293
0.335 -3.08 0.00012293
0.335 -3.04 0.00012293
0.335 -3 0.00012293
0.335 -2.96 0.000116155
0.335 -2.92 0.000118425
0.335 -2.88 0.000123905
0.335 -2.84 0.000140749
0.335 -2.8 0.00015319
0.335 -2.76 0.000173893
0.335 -2.72 0.000175031
0.335 -2.68 0.000184864
0.335 -2.64 0.000199838
0.335 -2.6 0.000210791
0.335 -2.56 0.000231304
0.335 -2.52 0.00025297
0.335 -2.48 0.000310171
0.335 -2.44 0.000379016
0.335 -2.4 0.000452395
0.335 -2.36 0.000538489
0.335 -2.32 0.000689365
0.335 -2.28 0.000752828
0.335 -2.24 0.000898177
0.335 -2.2 0.000988734
0.335 -2.16 0.00105823
0.335 -2.12 0.00121989
0.335 -2.08 0.00123283
0.335 -2.04 0.0013619
0.335 -2 0.00152315
0.335 -1.96 0.00144405
0.335 -1.92 0.00162135
0.335 -1.88 0.00167276
0.335 -1.84 0.00169533
0.335 -1.8 0.00170765
0.335 -1.76 0.00193291
0.335 -1.72 0.00190448
0.335 -1.68 0.00200803
0.335 -1.64 0.00213011
0.335 -1.6 0.00199025
0.335 -1.56 0.00219025
0.335 -1.52 0.00226961
0.335 -1.48 0.00217942
0.335 -1.44 0.00231872
0.335 -1.4 0.00236188
0.335 -1.36 0.00242823
0.335 -1.32 0.00256632
0.335 -1.28 0.00256159
0.335 -1.24 0.00254988
0.335 -1.2 0.00263169
0.335 -1.16 0.00264765
0.335 -1.12 0.00273897
0.335 -1.08 0.00272999
0.335 -1.04 0.00279326
0.335 -1 0.0028364
0.335 -0.96 0.00292015
0.335 -0.92 0.00294417
0.335 -0.88 0.00303747
0.335 -0.84 0.0030119
0.335 -0.8 0.00306821
0.335 -0.76 0.00315385
0.335 -0.72 0.00313933
0.335 -0.68 0.00323667
0.335 -0.64 0.00321264
0.335 -0.6 0.00326088
0.335 -0.56 0.00324116
0.335 -0.52 0.00321151
0.335 -0.48 0.00304492
0.335 -0.44 0.0028477
0.335 -0.4 0.0026622
0.335 -0.36 0.00244224
0.335 -0.32 0.00231257
0.335 -0.28 0.002262
0.335 -0.24 0.0021212
0.335 -0.2 0.00201525
0.335 -0.16 0.00192477
0.335 -0.12 0.00181373
0.335 -0.08 0.00164177
0.335 -0.04 0.00136212
0.335 0 0.000996804
0.335 0.04 0.000695409
0.335 0.08 0.000504844
0.335 0.12 0.000387056
0.335 0.16 0.000310214
0.335 0.2 0.000256996
0.335 0.24 0.000218241
0.335 0.28 0.000188869
0.335 0.32 0.000165898
0.335 0.36 0.000147454
0.335 0.4 0.000132349
0.335 0.44 0.000119753
0.335 0.48 0.000109102
0.335 0.52 9.99886e-05
0.335 0.56 9.21049e-05
0.335 0.6 8.52242e-05
0.335 0.64 7.916e-05
0.335 0.68 7.38009e-05
0.335 0.72 6.90238e-05
0.335 0.76 6.47352e-05
0.335 0.8 6.08775e-05
0.335 0.84 5.73823e-05
0.335 0.88 5.42105e-05
0.335 0.92 5.13144e-05
0.335 0.96 4.86646e-05
0.335 1 0
0.335 1.04 0
0.335 1.08 0
0.335 1.12 0
0.335 1.16 0
0.335 1.2 0
0.335 1.24 0
0.335 1.28 0
0.335 1.32 0
0.335 1.36 0
0.335 1.4 0
0.335 1.44 0
0.335 1.48 0
0.335 1.52 0
0.335 1.56 0
0.335 1.6 0
0.335 1.64 0
0.335 1.68 0
0.335 1.72 0
0.335 1.76 0
0.335 1.8 0
0.335 1.84 0
0.335 1.88 0
0.335 1.92 0
0.335 1.96 0
0.335 2 0
0.335 2.04 0
0.335 2.08 0
0.335 2.12 0
0.335 2.16 0
0.335 2.2 0
0.335 2.24 0
0.335 2.28 0
0.335 2.32 0
0.335 2.36 0
0.335 2.4 0
0.335 2.44 0
0.335 2.48 0
0.335 2.52 0
0.335 2.56 0
0.335 2.6 0
0.335 2.64 0
0.335 2.68 0
0.335 2.72 0
0.335 2.76 0
0.335 2.8 0
0.335 2.84 0
0.335 2.88 0
0.335 2.92 0
0.335 2.96 0
0.335 3 0
0.34 -5 0.000125466
0.34 -4.96 0.000125466
0.34 -4.92 0.000125466
0.34 -4.88 0.000125466
0.34 -4.84 0.000125466
0.34 -4.8 0.000125466
0.34 -4.76 0.000125466
0.34 -4.72 0.000125466
0.34 -4.68 0.000125466
0.34 -4.64 0.000125466
0.34 -4.6 0.000125466
0.34 -4.56 0.000125466
0.34 -4.52 0.000125466
0.34 -4.48 0.000125466
0.34 -4.44 0.000125466
0.34 -4.4 0.000125466
0.34 -4.36 0.000125466
0.34 -4.32 0.000125466
0.34 -4.28 0.000125466
0.34 -4.24 0.000125466
0.34 -4.2 0.000125466
0.34 -4.16 0.000125466
0.34 -4.12 0.000125466
0.34 -4.08 0.000125466
0.34 -4.04 0.000125466
0.34 -4 0.000125466
0.34 -3.96 0.000125466
0.34 -3.92 0.000125466
0.34 -3.88 0.000125466
0.34 -3.84 0.000125466
0.34 -3.8 0.000125466
0.34 -3.76 0.000125466
0.34 -3.72 0.000125466
0.34 -3.68 0.000125466
0.34 -3.64 0.000125466
0.34 -3.6 0.000125466
0.34 -3.56 0.000125466
0.34 -3.52 0.000125466
0.34 -3.48 0.000125466
0.34 -3.44 0.000125466
0.34 -3.4 0.000125466
0.34 -3.36 0.000125466
0.34 -3.32 0.000125466
0.34 -3.28 0.000125466
0.34 -3.24 0.000125466
0.34 -3.2 0.000125466
0.34 -3.16 0.000125466
0.34 -3.12 0.000125466
0.34 -3.08 0.000125466
0.34 -3.04 0.000125466
0.34 -3 0.000125466
0.34 -2.96 0.000115912
0.34 -2.92 0.000120932
0.34 -2.88 0.000123773
0.34 -2.84 0.000143893
0.34 -2.8 0.000152367
0.34 -2.76 0.000172332
0.34 -2.72 0.00017069
0.34 -2.68 0.000190819
0.34 -2.64 0.000200624
0.34 -2.6 0.000204297
0.34 -2.56 0.000238776
0.34 -2.52 0.000244704
0.34 -2.48 0.000310871
0.34 -2.44 0.000382762
0.34 -2.4 0.000447257
0.34 -2.36 0.000529031
0.34 -2.32 0.000684524
0.34 -2.28 0.000750184
0.34 -2.24 0.000903625
0.34 -2.2 0.000983665
0.34 -2.16 0.0010559
0.34 -2.12 0.00123335
0.34 -2.08 0.00123819
0.34 -2.04 0.00135293
0.34 -2 0.00150946
0.34 -1.96 0.00146023
0.34 -1.92 0.00163498
0.34 -1.88 0.00168493
0.34 -1.84 0.00169416
0.34 -1.8 0.00173296
0.34 -1.76 0.00196012
0.34 -1.72 0.00188876
0.34 -1.68 0.00201187
0.34 -1.64 0.00215387
0.34 -1.6 0.00201439
0.34 -1.56 0.00221131
0.34 -1.52 0.00228016
0.34 -1.48 0.00220473
0.34 -1.44 0.00234644
0.34 -1.4 0.00238164
0.34 -1.36 0.0024513
0.34 -1.32 0.00258973
0.34 -1.28 0.00257995
0.34 -1.24 0.00257708
0.34 -1.2 0.00269593
0.34 -1.16 0.00265909
0.34 -1.12 0.00275747
0.34 -1.08 0.00271573
0.34 -1.04 0.00279372
0.34 -1 0.00282838
0.34 -0.96 0.00289626
0.34 -0.92 0.0029685
0.34 -0.88 0.00299992
0.34 -0.84 0.00302416
0.34 -0.8 0.00304973
0.34 -0.76 0.00311985
0.34 -0.72 0.00314865
0.34 -0.68 0.0032747
0.34 -0.64 0.00323221
0.34 -0.6 0.00323841
0.34 -0.56 0.00325401
0.34 -0.52 0.00318979
0.34 -0.48 0.00296641
0.34 -0.44 0.00279257
0.34 -0.4 0.00258338
0.34 -0.36 0.00245722
0.34 -0.32 0.00230373
0.34 -0.28 0.00220737
0.34 -0.24 0.00207849
0.34 -0.2 0.00199595
0.34 -0.16 0.0018888
0.34 -0.12 0.00178455
0.34 -0.08 0.001614
0.34 -0.04 0.00134311
0.34 0 0.000986706
0.34 0.04 0.000688797
0.34 0.08 0.000499735
0.34 0.12 0.000382935
0.34 0.16 0.000306832
0.34 0.2 0.00025418
0.34 0.24 0.000215865
0.34 0.28 0.000186839
0.34 0.32 0.000164145
0.34 0.36 0.000145926
0.34 0.4 0.000131006
0.34 0.44 0.000118564
0.34 0.48 0.000108043
0.34 0.52 9.90387e-05
0.34 0.56 9.12488e-05
0.34 0.6 8.44493e-05
0.34 0.64 7.8455e-05
0.34 0.68 7.31572e-05
0.34 0.72 6.84341e-05
0.34 0.76 6.41927e-05
0.34 0.8 6.03777e-05
0.34 0.84 5.692e-05
0.34 0.88 5.37821e-05
0.34 0.92 5.09157e-05
0.34 0.96 4.82933e-05
0.34 1 0
0.34 1.04 0
0.34 1.08 0
0.34 1.12 0
0.34 1.16 0
0.34 1.2 0
0.34 1.24 0
0.34 1.28 0
0.34 1.32 0
0.34 1.36 0
0.34 1.4 0
0.34 1.44 0
0.34 1.48 0
0.34 1.52 0
0.34 1.56 0
0.34 1.6 0
0.34 1.64 0
0.34 1.68 0
0.34 1.72 0
0.34 1.76 0
0.34 1.8 0
0.34 1.84 0
0.34 1.88 0
0.34 1.92 0
0.34 1.96 0
0.34 2 0
0.34 2.04 0
0.34 2.08 0
0.34 2.12 0
0.34 2.16 0
0.34 2.2 0
0.34 2.24 0
0.34 2.28 0
0.34 2.32 0
0.34 2.36 0
0.34 2.4 0
0.34 2.44 0
0.34 2.48 0
0.34 2.52 0
0.34 2.56 0
0.34 2.6 0
0.34 2.64 0
0.34 2.68 0
0.34 2.72 0
0.34 2.76 0
0.34 2.8 0
0.34 2.84 0
0.34 2.88 0
0.34 2.92 0
0.34 2.96 0
0.34 3 0
0.345 -5 0.000126242
0.345 -4.96 0.000126242
0.345 -4.92 0.000126242
0.345 -4.88 0.000126242
0.345 -4.84 0.000126242
0.345 -4.8 0.000126242
0.345 -4.76 0.000126242
0.345 -4.72 0.000126242
0.345 -4.68 0.000126242
0.345 -4.64 0.000126242
0.345 -4.6 0.000126242
0.345 -4.56 0.000126242
0.345 -4.52 0.000126242
0.345 -4.48 0.000126242
0.345 -4.44 0.000126242
0.345 -4.4 0.000126242
0.345 -4.36 0.000126242
0.345 -4.32 0.000126242
0.345 -4.28 0.000126242
0.345 -4.24 0.000126242
0.345 -4.2 0.000126242
0.345 -4.16 0.000126242
0.345 -4.12 0.000126242
0.345 -4.08 0.000126242
0.345 -4.04 0.000126242
0.345 -4 0.000126242
0.345 -3.96 0.000126242
0.345 -3.92 0.000126242
0.345 -3.88 0.000126242
0.345 -3.84 0.000126242
0.345 -3.8 0.000126242
0.345 -3.76 0.000126242
0.345 -3.72 0.000126242
0.345 -3.68 0.000126242
0.345 -3.64 0.000126242
0.345 -3.6 0.000126242
0.345 -3.56 0.000126242
0.345 -3.52 0.000126242
0.345 -3.48 0.000126242
0.345 -3.44 0.000126242
0.345 -3.4 0.000126242
0.345 -3.36 0.000126242
0.345 -3.32 0.000126242
0.345 -3.28 0.000126242
0.345 -3.24 0.000126242
0.345 -3.2 0.000126242
0.345 -3.16 0.000126242
0.345 -3.12 0.000126242
0.345 -3.08 0.000126242
0.345 -3.04 0.000126242
0.345 -3 0.000126242
0.345 -2.96 0.000116168
0.345 -2.92 0.000124473
0.345 -2.88 0.000124697
0.345 -2.84 0.000146013
0.345 -2.8 0.000154251
0.345 -2.76 0.000172011
0.345 -2.72 0.000167321
0.345 -2.68 0.00019232
0.345 -2.64 0.000201054
0.345 -2.6 0.00020139
0.345 -2.56 0.000240527
0.345 -2.52 0.000244561
0.345 -2.48 0.000309401
0.345 -2.44 0.000387953
0.345 -2.4 0.000442703
0.345 -2.36 0.000521715
0.345 -2.32 0.000683693
0.345 -2.28 0.000747827
0.345 -2.24 0.000905061
0.345 -2.2 0.0009858
0.345 -2.16 0.00105748
0.345 -2.12 0.00124803
0.345 -2.08 0.00124463
0.345 -2.04 0.00136445
0.345 -2 0.00151025
0.345 -1.96 0.00148414
0.345 -1.92 0.00165099
0.345 -1.88 0.00169288
0.345 -1.84 0.00169246
0.345 -1.8 0.00177642
0.345 -1.76 0.00196034
0.345 -1.72 0.00188664
0.345 -1.68 0.00204556
0.345 -1.64 0.00217363
0.345 -1.6 0.00204093
0.345 -1.56 0.002269
0.345 -1.52 0.00228802
0.345 -1.48 0.00223624
0.345 -1.44 0.00237339
0.345 -1.4 0.00239231
0.345 -1.36 0.00248178
0.345 -1.32 0.00260457
0.345 -1.28 0.00260549
0.345 -1.24 0.00259633
0.345 -1.2 0.0027001
0.345 -1.16 0.00267449
0.345 -1.12 0.00274186
0.345 -1.08 0.00274355
0.345 -1.04 0.00280828
0.345 -1 0.0028285
0.345 -0.96 0.00287471
0.345 -0.92 0.00297843
0.345 -0.88 0.00296107
0.345 -0.84 0.00303446
0.345 -0.8 0.00303237
0.345 -0.76 0.00307711
0.345 -0.72 0.0031327
0.345 -0.68 0.00325149
0.345 -0.64 0.00321439
0.345 -0.6 0.00322982
0.345 -0.56 0.00324149
0.345 -0.52 0.00317066
0.345 -0.48 0.00290674
0.345 -0.44 0.00273107
0.345 -0.4 0.00248264
0.345 -0.36 0.00241116
0.345 -0.32 0.00228038
0.345 -0.28 0.00212337
0.345 -0.24 0.00203176
0.345 -0.2 0.0019689
0.345 -0.16 0.0018626
0.345 -0.12 0.00175322
0.345 -0.08 0.00158615
0.345 -0.04 0.00132432
0.345 0 0.000976377
0.345 0.04 0.000682063
0.345 0.08 0.000494571
0.345 0.12 0.000378791
0.345 0.16 0.000303441
0.345 0.2 0.000251362
0.345 0.24 0.000213489
0.345 0.28 0.000184812
0.345 0.32 0.000162395
0.345 0.36 0.000144401
0.345 0.4 0.000129666
0.345 0.44 0.000117378
0.345 0.48 0.000106985
0.345 0.52 9.8091e-05
0.345 0.56 9.03945e-05
0.345 0.6 8.36759e-05
0.345 0.64 7.77514e-05
0.345 0.68 7.25148e-05
0.345 0.72 6.78455e-05
0.345 0.76 6.36513e-05
0.345 0.8 5.98788e-05
0.345 0.84 5.64585e-05
0.345 0.88 5.33543e-05
0.345 0.92 5.05174e-05
0.345 0.96 4.79224e-05
0.345 1 0
0.345 1.04 0
0.345 1.08 0
0.345 1.12 0
0.345 1.16 0
0.345 1.2 0
0.345 1.24 0
0.345 1.28 0
0.345 1.32 0
0.345 1.36 0
0.345 1.4 0
0.345 1.44 0
0.345 1.48 0
0.345 1.52 0
0.345 1.56 0
0.345 1.6 0
0.345 1.64 0
0.345 1.68 0
0.345 1.72 0
0.345 1.76 0
0.345 1.8 0
0.345 1.84 0
0.345 1.88 0
0.345 1.92 0
0.345 1.96 0
0.345 2 0
0.345 2.04 0
0.345 2.08 0
0.345 2.12 0
0.345 2.16 0
0.345 2.2 0
0.345 2.24 0
0.345 2.28 0
0.345 2.32 0
0.345 2.36 0
0.345 2.4 0
0.345 2.44 0
0.345 2.48 0
0.345 2.52 0
0.345 2.56 0
0.345 2.6 0
0.345 2.64 0
0.345 2.68 0
0.345 2.72 0
0.345 2.76 0
0.345 2.8 0
0.345 2.84 0
0.345 2.88 0
0.345 2.92 0
0.345 2.96 0
0.345 3 0
0.35 -5 0.000126566
0.35 -4.96 0.000126566
0.35 -4.92 0.000126566
0.35 -4.88 0.000126566
0.35 -4.84 0.000126566
0.35 -4.8 0.000126566
0.35 -4.76 0.000126566
0.35 -4.72 0.000126566
0.35 -4.68 0.000126566
0.35 -4.64 0.000126566
0.35 -4.6 0.000126566
0.35 -4.56 0.000126566
0.35 -4.52 0.000126566
0.35 -4.48 0.000126566
0.35 -4.44 0.000126566
0.35 -4.4 0.000126566
0.35 -4.36 0.000126566
0.35 -4.32 0.000126566
0.35 -4.28 0.000126566
0.35 -4.24 0.000126566
0.35 -4.2 0.000126566
0.35 -4.16 0.000126566
0.35 -4.12 0.000126566
0.35 -4.08 0.000126566
0.35 -4.04 0.000126566
0.35 -4 0.000126566
0.35 -3.96 0.000126566
0.35 -3.92 0.000126566
0.35 -3.88 0.000126566
0.35 -3.84 0.000126566
0.35 -3.8 0.000126566
0.35 -3.76 0.000126566
0.35 -3.72 0.000126566
0.35 -3.68 0.000126566
0.35 -3.64 0.000126566
0.35 -3.6 0.000126566
0.35 -3.56 0.000126566
0.35 -3.52 0.000126566
0.35 -3.48 0.000126566
0.35 -3.44 0.000126566
0.35 -3.4 0.000126566
0.35 -3.36 0.000126566
0.35 -3.32 0.000126566
0.35 -3.28 0.000126566
0.35 -3.24 0.000126566
0.35 -3.2 0.000126566
0.35 -3.16 0.000126566
0.35 -3.12 0.000126566
0.35 -3.08 0.000126566
0.35 -3.04 0.000126566
0.35 -3 0.000126566
0.35 -2.96 0.000117473
0.35 -2.92 0.000127525
0.35 -2.88 0.000125369
0.35 -2.84 0.000145776
0.35 -2.8 0.000157408
0.35 -2.76 0.000171425
0.35 -2.72 0.000168687
0.35 -2.68 0.000191626
0.35 -2.64 0.000200431
0.35 -2.6 0.000208343
0.35 -2.56 0.000238029
0.35 -2.52 0.000252573
0.35 -2.48 0.000307185
0.35 -2.44 0.000390361
0.35 -2.4 0.00043833
0.35 -2.36 0.000519754
0.35 -2.32 0.00068796
0.35 -2.28 0.000745208
0.35 -2.24 0.000904404
0.35 -2.2 0.000993891
0.35 -2.16 0.00106405
0.35 -2.12 0.00126283
0.35 -2.08 0.00125412
0.35 -2.04 0.00139293
0.35 -2 0.00152867
0.35 -1.96 0.00151285
0.35 -1.92 0.00167158
0.35 -1.88 0.00170059
0.35 -1.84 0.00170017
0.35 -1.8 0.00181267
0.35 -1.76 0.00195596
0.35 -1.72 0.001914
0.35 -1.68 0.00208169
0.35 -1.64 0.00220197
0.35 -1.6 0.00207542
0.35 -1.56 0.00229936
0.35 -1.52 0.00228268
0.35 -1.48 0.00226974
0.35 -1.44 0.00238015
0.35 -1.4 0.00239892
0.35 -1.36 0.00250207
0.35 -1.32 0.00260216
0.35 -1.28 0.00262626
0.35 -1.24 0.00261538
0.35 -1.2 0.00267025
0.35 -1.16 0.00267185
0.35 -1.12 0.00271802
0.35 -1.08 0.00279055
0.35 -1.04 0.00285085
0.35 -1 0.00285622
0.35 -0.96 0.00289398
0.35 -0.92 0.00296012
0.35 -0.88 0.00294387
0.35 -0.84 0.00304565
0.35 -0.8 0.00302743
0.35 -0.76 0.00306067
0.35 -0.72 0.00312816
0.35 -0.68 0.00319514
0.35 -0.64 0.00318246
0.35 -0.6 0.00321654
0.35 -0.56 0.00320001
0.35 -0.52 0.00313452
0.35 -0.48 0.00287901
0.35 -0.44 0.00267388
0.35 -0.4 0.0024195
0.35 -0.36 0.00231546
0.35 -0.32 0.00222246
0.35 -0.28 0.00206189
0.35 -0.24 0.00199475
0.35 -0.2 0.00192748
0.35 -0.16 0.00183564
0.35 -0.12 0.00171918
0.35 -0.08 0.00155916
0.35 -0.04 0.00130597
0.35 0 0.000965831
0.35 0.04 0.000675209
0.35 0.08 0.000489354
0.35 0.12 0.000374624
0.35 0.16 0.000300042
0.35 0.2 0.000248542
0.35 0.24 0.000211115
0.35 0.28 0.000182787
0.35 0.32 0.000160648
0.35 0.36 0.00014288
0.35 0.4 0.000128329
0.35 0.44 0.000116194
0.35 0.48 0.000105931
0.35 0.52 9.71457e-05
0.35 0.56 8.95425e-05
0.35 0.6 8.29045e-05
0.35 0.64 7.70496e-05
0.35 0.68 7.1874e-05
0.35 0.72 6.72583e-05
0.35 0.76 6.3111e-05
0.35 0.8 5.93809e-05
0.35 0.84 5.59979e-05
0.35 0.88 5.29274e-05
0.35 0.92 5.01199e-05
0.35 0.96 4.75521e-05
0.35 1 0
0.35 1.04 0
0.35 1.08 0
0.35 1.12 0
0.35 1.16 0
0.35 1.2 0
0.35 1.24 0
0.35 1.28 0
0.35 1.32 0
0.35 1.36 0
0.35 1.4 0
0.35 1.44 0
0.35 1.48 0
0.35 1.52 0
0.35 1.56 0
0.35 1.6 0
0.35 1.64 0
0.35 1.68 0
0.35 1.72 0
0.35 1.76 0
0.35 1.8 0
0.35 1.84 0
0.35 1.88 0
0.35 1.92 0
0.35 1.96 0
0.35 2 0
0.35 2.04 0
0.35 2.08 0
0.35 2.12 0
0.35 2.16 0
0.35 2.2 0
0.35 2.24 0
0.35 2.28 0
0.35 2.32 0
0.35 2.36 0
0.35 2.4 0
0.35 2.44 0
0.35 2.48 0
0.35 2.52 0
0.35 2.56 0
0.35 2.6 0
0.35 2.64 0
0.35 2.68 0
0.35 2.72 0
0.35 2.76 0
0.35 2.8 0
0.35 2.84 0
0.35 2.88 0
0.35 2.92 0
0.35 2.96 0
0.35 3 0
0.355 -5 0.00012755
0.355 -4.96 0.00012755
0.355 -4.92 0.00012755
0.355 -4.88 0.00012755
0.355 -4.84 0.00012755
0.355 -4.8 0.00012755
0.355 -4.76 0.00012755
0.355 -4.72 0.00012755
0.355 -4.68 0.00012755
0.355 -4.64 0.00012755
0.355 -4.6 0.00012755
0.355 -4.56 0.00012755
0.355 -4.52 0.00012755
0.355 -4.48 0.00012755
0.355 -4.44 0.00012755
0.355 -4.4 0.00012755
0.355 -4.36 0.00012755
0.355 -4.32 0.00012755
0.355 -4.28 0.00012755
0.355 -4.24 0.00012755
0.355 -4.2 0.00012755
0.355 -4.16 0.00012755
0.355 -4.12 0.00012755
0.355 -4.08 0.00012755
0.355 -4.04 0.00012755
0.355 -4 0.00012755
0.355 -3.96 0.00012755
0.355 -3.92 0.00012755
0.355 -3.88 0.00012755
0.355 -3.84 0.00012755
0.355 -3.8 0.00012755
0.355 -3.76 0.00012755
0.355 -3.72 0.00012755
0.355 -3.68 0.00012755
0.355 -3.64 0.00012755
0.355 -3.6 0.00012755
0.355 -3.56 0.00012755
0.355 -3.52 0.00012755
0.355 -3.48 0.00012755
0.355 -3.44 0.00012755
0.355 -3.4 0.00012755
0.355 -3.36 0.00012755
0.355 -3.32 0.00012755
0.355 -3.28 0.00012755
0.355 -3.24 0.00012755
0.355 -3.2 0.00012755
0.355 -3.16 0.00012755
0.355 -3.12 0.00012755
0.355 -3.08 0.00012755
0.355 -3.04 0.00012755
0.355 -3 0.00012755
0.355 -2.96 0.000118846
0.355 -2.92 0.000128699
0.355 -2.88 0.000125347
0.355 -2.84 0.000144198
0.355 -2.8 0.000159429
0.355 -2.76 0.000169025
0.355 -2.72 0.000174294
0.355 -2.68 0.000190406
0.355 -2.64 0.000198553
0.355 -2.6 0.000215387
0.355 -2.56 0.00023676
0.355 -2.52 0.000260922
0.355 -2.48 0.000306118
0.355 -2.44 0.000385704
0.355 -2.4 0.000435372
0.355 -2.36 0.000522013
0.355 -2.32 0.000692035
0.355 -2.28 0.000742069
0.355 -2.24 0.000904242
0.355 -2.2 0.00100173
0.355 -2.16 0.0010753
0.355 -2.12 0.00127691
0.355 -2.08 0.00126809
0.355 -2.04 0.0014155
0.355 -2 0.0015376
0.355 -1.96 0.00153657
0.355 -1.92 0.00170347
0.355 -1.88 0.00171774
0.355 -1.84 0.0017096
0.355 -1.8 0.00183436
0.355 -1.76 0.00197964
0.355 -1.72 0.0019504
0.355 -1.68 0.00210065
0.355 -1.64 0.00223769
0.355 -1.6 0.00211487
0.355 -1.56 0.00229791
0.355 -1.52 0.00228825
0.355 -1.48 0.00230017
0.355 -1.44 0.00237978
0.355 -1.4 0.00241328
0.355 -1.36 0.00250573
0.355 -1.32 0.00260265
0.355 -1.28 0.00263841
0.355 -1.24 0.00262667
0.355 -1.2 0.00268364
0.355 -1.16 0.00265504
0.355 -1.12 0.00272693
0.355 -1.08 0.00281095
0.355 -1.04 0.00289998
0.355 -1 0.00289799
0.355 -0.96 0.00292014
0.355 -0.92 0.00293531
0.355 -0.88 0.00295786
0.355 -0.84 0.0030646
0.355 -0.8 0.00303828
0.355 -0.76 0.00308065
0.355 -0.72 0.00315322
0.355 -0.68 0.00318431
0.355 -0.64 0.00319338
0.355 -0.6 0.00317651
0.355 -0.56 0.00315055
0.355 -0.52 0.00307059
0.355 -0.48 0.00283956
0.355 -0.44 0.00261982
0.355 -0.4 0.00240447
0.355 -0.36 0.00223619
0.355 -0.32 0.00214761
0.355 -0.28 0.00204123
0.355 -0.24 0.00196981
0.355 -0.2 0.00188371
0.355 -0.16 0.00180078
0.355 -0.12 0.00168609
0.355 -0.08 0.00153326
0.355 -0.04 0.0012876
0.355 0 0.000955079
0.355 0.04 0.000668241
0.355 0.08 0.000484087
0.355 0.12 0.000370437
0.355 0.16 0.000296636
0.355 0.2 0.000245722
0.355 0.24 0.000208743
0.355 0.28 0.000180766
0.355 0.32 0.000158906
0.355 0.36 0.000141363
0.355 0.4 0.000126996
0.355 0.44 0.000115015
0.355 0.48 0.00010488
0.355 0.52 9.62032e-05
0.355 0.56 8.86929e-05
0.355 0.6 8.21353e-05
0.355 0.64 7.63497e-05
0.355 0.68 7.12348e-05
0.355 0.72 6.66726e-05
0.355 0.76 6.25721e-05
0.355 0.8 5.88842e-05
0.355 0.84 5.55383e-05
0.355 0.88 5.25013e-05
0.355 0.92 4.97233e-05
0.355 0.96 4.71825e-05
0.355 1 0
0.355 1.04 0
0.355 1.08 0
0.355 1.12 0
0.355 1.16 0
0.355 1.2 0
0.355 1.24 0
0.355 1.28 0
0.355 1.32 0
0.355 1.36 0
0.355 1.4 0
0.355 1.44 0
0.355 1.48 0
0.355 1.52 0
0.355 1.56 0
0.355 1.6 0
0.355 1.64 0
0.355 1.68 0
0.355 1.72 0
0.355 1.76 0
0.355 1.8 0
0.355 1.84 0
0.355 1.88 0
0.355 1.92 0
0.355 1.96 0
0.355 2 0
0.355 2.04 0
0.355 2.08 0
0.355 2.12 0
0.355 2.16 0
0.355 2.2 0
0.355 2.24 0
0.355 2.28 0
0.355 2.32 0
0.355 2.36 0
0.355 2.4 0
0.355 2.44 0
0.355 2.48 0
0.355 2.52 0
0.355 2.56 0
0.355 2.6 0
0.355 2.64 0
0.355 2.68 0
0.355 2.72 0
0.355 2.76 0
0.355 2.8 0
0.355 2.84 0
0.355 2.88 0
0.355 2.92 0
0.355 2.96 0
0.355 3 0
0.36 -5 0.000128062
0.36 -4.96 0.000128062
0.36 -4.92 0.000128062
0.36 -4.88 0.000128062
0.36 -4.84 0.000128062
0.36 -4.8 0.000128062
0.36 -4.76 0.000128062
0.36 -4.72 0.000128062
0.36 -4.68 0.000128062
0.36 -4.64 0.000128062
0.36 -4.6 0.000128062
0.36 -4.56 0.000128062
0.36 -4.52 0.000128062
0.36 -4.48 0.000128062
0.36 -4.44 0.000128062
0.36 -4.4 0.000128062
0.36 -4.36 0.000128062
0.36 -4.32 0.000128062
0.36 -4.28 0.000128062
0.36 -4.24 0.000128062
0.36 -4.2 0.000128062
0.36 -4.16 0.000128062
0.36 -4.12 0.000128062
0.36 -4.08 0.000128062
0.36 -4.04 0.000128062
0.36 -4 0.000128062
0.36 -3.96 0.000128062
0.36 -3.92 0.000128062
0.36 -3.88 0.000128062
0.36 -3.84 0.000128062
0.36 -3.8 0.000128062
0.36 -3.76 0.000128062
0.36 -3.72 0.000128062
0.36 -3.68 0.000128062
0.36 -3.64 0.000128062
0.36 -3.6 0.000128062
0.36 -3.56 0.000128062
0.36 -3.52 0.000128062
0.36 -3.48 0.000128062
0.36 -3.44 0.000128062
0.36 -3.4 0.000128062
0.36 -3.36 0.000128062
0.36 -3.32 0.000128062
0.36 -3.28 0.000128062
0.36 -3.24 0.000128062
0.36 -3.2 0.000128062
0.36 -3.16 0.000128062
0.36 -3.12 0.000128062
0.36 -3.08 0.000128062
0.36 -3.04 0.000128062
0.36 -3 0.000128062
0.36 -2.96 0.000118478
0.36 -2.92 0.000127938
0.36 -2.88 0.000125791
0.36 -2.84 0.000143975
0.36 -2.8 0.000160475
0.36 -2.76 0.000165926
0.36 -2.72 0.000177893
0.36 -2.68 0.000189969
0.36 -2.64 0.000198454
0.36 -2.6 0.00021215
0.36 -2.56 0.00023582
0.36 -2.52 0.000265652
0.36 -2.48 0.000305429
0.36 -2.44 0.000374217
0.36 -2.4 0.00043639
0.36 -2.36 0.000525137
0.36 -2.32 0.000690591
0.36 -2.28 0.000741015
0.36 -2.24 0.000904301
0.36 -2.2 0.001006
0.36 -2.16 0.00108896
0.36 -2.12 0.00128581
0.36 -2.08 0.00128494
0.36 -2.04 0.00142816
0.36 -2 0.0015296
0.36 -1.96 0.0015479
0.36 -1.92 0.00173311
0.36 -1.88 0.00174908
0.36 -1.84 0.00170881
0.36 -1.8 0.00185263
0.36 -1.76 0.00202233
0.36 -1.72 0.0019678
0.36 -1.68 0.00211602
0.36 -1.64 0.00226622
0.36 -1.6 0.00214025
0.36 -1.56 0.00232097
0.36 -1.52 0.00233128
0.36 -1.48 0.00231825
0.36 -1.44 0.00239612
0.36 -1.4 0.00243854
0.36 -1.36 0.00250764
0.36 -1.32 0.00262237
0.36 -1.28 0.00264063
0.36 -1.24 0.00261648
0.36 -1.2 0.00273564
0.36 -1.16 0.00264841
0.36 -1.12 0.0027615
0.36 -1.08 0.00280479
0.36 -1.04 0.00291651
0.36 -1 0.00292068
0.36 -0.96 0.00290742
0.36 -0.92 0.00293025
0.36 -0.88 0.00298606
0.36 -0.84 0.0030833
0.36 -0.8 0.00305464
0.36 -0.76 0.00310718
0.36 -0.72 0.00316853
0.36 -0.68 0.00321411
0.36 -0.64 0.00322252
0.36 -0.6 0.00311784
0.36 -0.56 0.0030943
0.36 -0.52 0.00300081
0.36 -0.48 0.00276607
0.36 -0.44 0.00255093
0.36 -0.4 0.00239806
0.36 -0.36 0.00221098
0.36 -0.32 0.00209229
0.36 -0.28 0.00202808
0.36 -0.24 0.00194391
0.36 -0.2 0.00184979
0.36 -0.16 0.00176243
0.36 -0.12 0.00165708
0.36 -0.08 0.00150782
0.36 -0.04 0.00126867
0.36 0 0.000944136
0.36 0.04 0.000661162
0.36 0.08 0.000478771
0.36 0.12 0.000366232
0.36 0.16 0.000293225
0.36 0.2 0.000242903
0.36 0.24 0.000206376
0.36 0.28 0.00017875
0.36 0.32 0.000157168
0.36 0.36 0.000139851
0.36 0.4 0.000125668
0.36 0.44 0.000113839
0.36 0.48 0.000103832
0.36 0.52 9.52638e-05
0.36 0.56 8.78461e-05
0.36 0.6 8.13686e-05
0.36 0.64 7.56522e-05
0.36 0.68 7.05977e-05
0.36 0.72 6.60887e-05
0.36 0.76 6.20348e-05
0.36 0.8 5.83889e-05
0.36 0.84 5.508e-05
0.36 0.88 5.20764e-05
0.36 0.92 4.93276e-05
0.36 0.96 4.68138e-05
0.36 1 0
0.36 1.04 0
0.36 1.08 0
0.36 1.12 0
0.36 1.16 0
0.36 1.2 0
0.36 1.24 0
0.36 1.28 0
0.36 1.32 0
0.36 1.36 0
0.36 1.4 0
0.36 1.44 0
0.36 1.48 0
0.36 1.52 0
0.36 1.56 0
0.36 1.6 0
0.36 1.64 0
0.36 1.68 0
0.36 1.72 0
0.36 1.76 0
0.36 1.8 0
0.36 1.84 0
0.36 1.88 0
0.36 1.92 0
0.36 1.96 0
0.36 2 0
0.36 2.04 0
0.36 2.08 0
0.36 2.12 0
0.36 2.16 0
0.36 2.2 0
0.36 2.24 0
0.36 2.28 0
0.36 2.32 0
0.36 2.36 0
0.36 2.4 0
0.36 2.44 0
0.36 2.48 0
0.36 2.52 0
0.36 2.56 0
0.36 2.6 0
0.36 2.64 0
0.36 2.68 0
0.36 2.72 0
0.36 2.76 0
0.36 2.8 0
0.36 2.84 0
0.36 2.88 0
0.36 2.92 0
0.36 2.96 0
0.36 3 0
0.365 -5 0.000126725
0.365 -4.96 0.000126725
0.365 -4.92 0.000126725
0.365 -4.88 0.000126725
0.365 -4.84 0.000126725
0.365 -4.8 0.000126725
0.365 -4.76 0.000126725
0.365 -4.72 0.000126725
0.365 -4.68 0.000126725
0.365 -4.64 0.000126725
0.365 -4.6 0.000126725
0.365 -4.56 0.000126725
0.365 -4.52 0.000126725
0.365 -4.48 0.000126725
0.365 -4.44 0.000126725
0.365 -4.4 0.000126725
0.365 -4.36 0.000126725
0.365 -4.32 0.000126725
0.365 -4.28 0.000126725
0.365 -4.24 0.000126725
0.365 -4.2 0.000126725
0.365 -4.16 0.000126725
0.365 -4.12 0.000126725
0.365 -4.08 0.000126725
0.365 -4.04 0.000126725
0.365 -4 0.000126725
0.365 -3.96 0.000126725
0.365 -3.92 0.000126725
0.365 -3.88 0.000126725
0.365 -3.84 0.000126725
0.365 -3.8 0.000126725
0.365 -3.76 0.000126725
0.365 -3.72 0.000126725
0.365 -3.68 0.000126725
0.365 -3.64 0.000126725
0.365 -3.6 0.000126725
0.365 -3.56 0.000126725
0.365 -3.52 0.000126725
0.365 -3.48 0.000126725
0.365 -3.44 0.000126725
0.365 -3.4 0.000126725
0.365 -3.36 0.000126725
0.365 -3.32 0.000126725
0.365 -3.28 0.000126725
0.365 -3.24 0.000126725
0.365 -3.2 0.000126725
0.365 -3.16 0.000126725
0.365 -3.12 0.000126725
0.365 -3.08 0.000126725
0.365 -3.04 0.000126725
0.365 -3 0.000126725
0.365 -2.96 0.000116187
0.365 -2.92 0.000127957
0.365 -2.88 0.000127689
0.365 -2.84 0.000145213
0.365 -2.8 0.000162233
0.365 -2.76 0.000165494
0.365 -2.72 0.000175001
0.365 -2.68 0.000191128
0.365 -2.64 0.000203294
0.365 -2.6 0.000204528
0.365 -2.56 0.000230969
0.365 -2.52 0.000267881
0.365 -2.48 0.00030405
0.365 -2.44 0.000361944
0.365 -2.4 0.000441541
0.365 -2.36 0.000527681
0.365 -2.32 0.000684325
0.365 -2.28 0.000745047
0.365 -2.24 0.000902515
0.365 -2.2 0.0010107
0.365 -2.16 0.00110144
0.365 -2.12 0.00128623
0.365 -2.08 0.00130111
0.365 -2.04 0.00144908
0.365 -2 0.0015283
0.365 -1.96 0.0015527
0.365 -1.92 0.00173803
0.365 -1.88 0.00178656
0.365 -1.84 0.00170231
0.365 -1.8 0.00187253
0.365 -1.76 0.00204931
0.365 -1.72 0.00196993
0.365 -1.68 0.00214504
0.365 -1.64 0.00228278
0.365 -1.6 0.00214407
0.365 -1.56 0.00238204
0.365 -1.52 0.00238971
0.365 -1.48 0.0023258
0.365 -1.44 0.00242516
0.365 -1.4 0.00246739
0.365 -1.36 0.00251944
0.365 -1.32 0.00264136
0.365 -1.28 0.00263446
0.365 -1.24 0.0025979
0.365 -1.2 0.00275658
0.365 -1.16 0.00265682
0.365 -1.12 0.00278283
0.365 -1.08 0.00280848
0.365 -1.04 0.00289675
0.365 -1 0.00291644
0.365 -0.96 0.00287189
0.365 -0.92 0.00293641
0.365 -0.88 0.00300065
0.365 -0.84 0.00308628
0.365 -0.8 0.00306316
0.365 -0.76 0.00310566
0.365 -0.72 0.00313921
0.365 -0.68 0.00319973
0.365 -0.64 0.00319222
0.365 -0.6 0.00307435
0.365 -0.56 0.00302948
0.365 -0.52 0.00295265
0.365 -0.48 0.00269776
0.365 -0.44 0.00246651
0.365 -0.4 0.00236727
0.365 -0.36 0.00220806
0.365 -0.32 0.00206849
0.365 -0.28 0.0019919
0.365 -0.24 0.00190637
0.365 -0.2 0.00182264
0.365 -0.16 0.00172813
0.365 -0.12 0.0016306
0.365 -0.08 0.0014822
0.365 -0.04 0.00124927
0.365 0 0.000933015
0.365 0.04 0.000653977
0.365 0.08 0.000473409
0.365 0.12 0.000362009
0.365 0.16 0.000289811
0.365 0.2 0.000240086
0.365 0.24 0.000204013
0.365 0.28 0.000176739
0.365 0.32 0.000155436
0.365 0.36 0.000138344
0.365 0.4 0.000124344
0.365 0.44 0.000112667
0.365 0.48 0.000102788
0.365 0.52 9.43279e-05
0.365 0.56 8.70025e-05
0.365 0.6 8.06046e-05
0.365 0.64 7.49571e-05
0.365 0.68 6.99627e-05
0.365 0.72 6.55067e-05
0.365 0.76 6.14992e-05
0.365 0.8 5.78952e-05
0.365 0.84 5.4623e-05
0.365 0.88 5.16526e-05
0.365 0.92 4.8933e-05
0.365 0.96 4.64461e-05
0.365 1 0
0.365 1.04 0
0.365 1.08 0
0.365 1.12 0
0.365 1.16 0
0.365 1.2 0
0.365 1.24 0
0.365 1.28 0
0.365 1.32 0
0.365 1.36 0
0.365 1.4 0
0.365 1.44 0
0.365 1.48 0
0.365 1.52 0
0.365 1.56 0
0.365 1.6 0
0.365 1.64 0
0.365 1.68 0
0.365 1.72 0
0.365 1.76 0
0.365 1.8 0
0.365 1.84 0
0.365 1.88 0
0.365 1.92 0
0.365 1.96 0
0.365 2 0
0.365 2.04 0
0.365 2.08 0
0.365 2.12 0
0.365 2.16 0
0.365 2.2 0
0.365 2.24 0
0.365 2.28 0
0.365 2.32 0
0.365 2.36 0
0.365 2.4 0
0.365 2.44 0
0.365 2.48 0
0.365 2.52 0
0.365 2.56 0
0.365 2.6 0
0.365 2.64 0
0.365 2.68 0
0.365 2.72 0
0.365 2.76 0
0.365 2.8 0
0.365 2.84 0
0.365 2.88 0
0.365 2.92 0
0.365 2.96 0
0.365 3 0
0.37 -5 0.000124771
0.37 -4.96 0.000124771
0.37 -4.92 0.000124771
0.37 -4.88 0.000124771
0.37 -4.84 0.000124771
0.37 -4.8 0.000124771
0.37 -4.76 0.000124771
0.37 -4.72 0.000124771
0.37 -4.68 0.000124771
0.37 -4.64 0.000124771
0.37 -4.6 0.000124771
0.37 -4.56 0.000124771
0.37 -4.52 0.000124771
0.37 -4.48 0.000124771
0.37 -4.44 0.000124771
0.37 -4.4 0.000124771
0.37 -4.36 0.000124771
0.37 -4.32 0.000124771
0.37 -4.28 0.000124771
0.37 -4.24 0.000124771
0.37 -4.2 0.000124771
0.37 -4.16 0.000124771
0.37 -4.12 0.000124771
0.37 -4.08 0.000124771
0.37 -4.04 0.000124771
0.37 -4 0.000124771
0.37 -3.96 0.000124771
0.37 -3.92 0.000124771
0.37 -3.88 0.000124771
0.37 -3.84 0.000124771
0.37 -3.8 0.000124771
0.37 -3.76 0.000124771
0.37 -3.72 0.000124771
0.37 -3.68 0.000124771
0.37 -3.64 0.000124771
0.37 -3.6 0.000124771
0.37 -3.56 0.000124771
0.37 -3.52 0.000124771
0.37 -3.48 0.000124771
0.37 -3.44 0.000124771
0.37 -3.4 0.000124771
0.37 -3.36 0.000124771
0.37 -3.32 0.000124771
0.37 -3.28 0.000124771
0.37 -3.24 0.000124771
0.37 -3.2 0.000124771
0.37 -3.16 0.000124771
0.37 -3.12 0.000124771
0.37 -3.08 0.000124771
0.37 -3.04 0.000124771
0.37 -3 0.000124771
0.37 -2.96 0.000114172
0.37 -2.92 0.000132337
0.37 -2.88 0.000130577
0.37 -2.84 0.00014455
0.37 -2.8 0.000164258
0.37 -2.76 0.000169456
0.37 -2.72 0.000169736
0.37 -2.68 0.000191384
0.37 -2.64 0.000210389
0.37 -2.6 0.000204929
0.37 -2.56 0.000225287
0.37 -2.52 0.000266086
0.37 -2.48 0.000303386
0.37 -2.44 0.00035546
0.37 -2.4 0.000446436
0.37 -2.36 0.000529901
0.37 -2.32 0.000678008
0.37 -2.28 0.000752843
0.37 -2.24 0.000899418
0.37 -2.2 0.00102023
0.37 -2.16 0.00111039
0.37 -2.12 0.00128342
0.37 -2.08 0.00131411
0.37 -2.04 0.00148273
0.37 -2 0.0015457
0.37 -1.96 0.00156473
0.37 -1.92 0.00172633
0.37 -1.88 0.00181663
0.37 -1.84 0.00170667
0.37 -1.8 0.00189026
0.37 -1.76 0.00205569
0.37 -1.72 0.0019867
0.37 -1.68 0.00217787
0.37 -1.64 0.00230039
0.37 -1.6 0.00215027
0.37 -1.56 0.00242747
0.37 -1.52 0.00241751
0.37 -1.48 0.00234517
0.37 -1.44 0.00244679
0.37 -1.4 0.00249516
0.37 -1.36 0.00253144
0.37 -1.32 0.00263177
0.37 -1.28 0.00263061
0.37 -1.24 0.00260375
0.37 -1.2 0.00273816
0.37 -1.16 0.00266167
0.37 -1.12 0.00278636
0.37 -1.08 0.00282784
0.37 -1.04 0.00287555
0.37 -1 0.00291161
0.37 -0.96 0.00286073
0.37 -0.92 0.0029274
0.37 -0.88 0.00299546
0.37 -0.84 0.00306955
0.37 -0.8 0.00306184
0.37 -0.76 0.00307693
0.37 -0.72 0.00308944
0.37 -0.68 0.00311709
0.37 -0.64 0.00310613
0.37 -0.6 0.00306312
0.37 -0.56 0.00298191
0.37 -0.52 0.00291893
0.37 -0.48 0.00266949
0.37 -0.44 0.00240578
0.37 -0.4 0.00231545
0.37 -0.36 0.0021749
0.37 -0.32 0.00205236
0.37 -0.28 0.00194546
0.37 -0.24 0.0018632
0.37 -0.2 0.00179065
0.37 -0.16 0.00169858
0.37 -0.12 0.00160257
0.37 -0.08 0.00145646
0.37 -0.04 0.00123004
0.37 0 0.00092173
0.37 0.04 0.000646691
0.37 0.08 0.000468003
0.37 0.12 0.000357771
0.37 0.16 0.000286394
0.37 0.2 0.000237272
0.37 0.24 0.000201655
0.37 0.28 0.000174734
0.37 0.32 0.00015371
0.37 0.36 0.000136842
0.37 0.4 0.000123025
0.37 0.44 0.0001115
0.37 0.48 0.000101748
0.37 0.52 9.33958e-05
0.37 0.56 8.61621e-05
0.37 0.6 7.98436e-05
0.37 0.64 7.42647e-05
0.37 0.68 6.93302e-05
0.37 0.72 6.49268e-05
0.37 0.76 6.09655e-05
0.37 0.8 5.74032e-05
0.37 0.84 5.41676e-05
0.37 0.88 5.12303e-05
0.37 0.92 4.85396e-05
0.37 0.96 4.60796e-05
0.37 1 0
0.37 1.04 0
0.37 1.08 0
0.37 1.12 0
0.37 1.16 0
0.37 1.2 0
0.37 1.24 0
0.37 1.28 0
0.37 1.32 0
0.37 1.36 0
0.37 1.4 0
0.37 1.44 0
0.37 1.48 0
0.37 1.52 0
0.37 1.56 0
0.37 1.6 0
0.37 1.64 0
0.37 1.68 0
0.37 1.72 0
0.37 1.76 0
0.37 1.8 0
0.37 1.84 0
0.37 1.88 0
0.37 1.92 0
0.37 1.96 0
0.37 2 0
0.37 2.04 0
0.37 2.08 0
0.37 2.12 0
0.37 2.16 0
0.37 2.2 0
0.37 2.24 0
0.37 2.28 0
0.37 2.32 0
0.37 2.36 0
0.37 2.4 0
0.37 2.44 0
0.37 2.48 0
0.37 2.52 0
0.37 2.56 0
0.37 2.6 0
0.37 2.64 0
0.37 2.68 0
0.37 2.72 0
0.37 2.76 0
0.37 2.8 0
0.37 2.84 0
0.37 2.88 0
0.37 2.92 0
0.37 2.96 0
0.37 3 0
0.375 -5 0.000124971
0.375 -4.96 0.000124971
0.375 -4.92 0.000124971
0.375 -4.88 0.000124971
0.375 -4.84 0.000124971
0.375 -4.8 0.000124971
0.375 -4.76 0.000124971
0.375 -4.72 0.000124971
0.375 -4.68 0.000124971
0.375 -4.64 0.000124971
0.375 -4.6 0.000124971
0.375 -4.56 0.000124971
0.375 -4.52 0.000124971
0.375 -4.48 0.000124971
0.375 -4.44 0.000124971
0.375 -4.4 0.000124971
0.375 -4.36 0.000124971
0.375 -4.32 0.000124971
0.375 -4.28 0.000124971
0.375 -4.24 0.000124971
0.375 -4.2 0.000124971
0.375 -4.16 0.000124971
0.375 -4.12 0.000124971
0.375 -4.08 0.000124971
0.375 -4.04 0.000124971
0.375 -4 0.000124971
0.375 -3.96 0.000124971
0.375 -3.92 0.000124971
0.375 -3.88 0.000124971
0.375 -3.84 0.000124971
0.375 -3.8 0.000124971
0.375 -3.76 0.000124971
0.375 -3.72 0.000124971
0.375 -3.68 0.000124971
0.375 -3.64 0.000124971
0.375 -3.6 0.000124971
0.375 -3.56 0.000124971
0.375 -3.52 0.000124971
0.375 -3.48 0.000124971
0.375 -3.44 0.000124971
0.375 -3.4 0.000124971
0.375 -3.36 0.000124971
0.375 -3.32 0.000124971
0.375 -3.28 0.000124971
0.375 -3.24 0.000124971
0.375 -3.2 0.000124971
0.375 -3.16 0.000124971
0.375 -3.12 0.000124971
0.375 -3.08 0.000124971
0.375 -3.04 0.000124971
0.375 -3 0.000124971
0.375 -2.96 0.000114334
0.375 -2.92 0.000140131
0.375 -2.88 0.000133338
0.375 -2.84 0.000140642
0.375 -2.8 0.000164735
0.375 -2.76 0.000175097
0.375 -2.72 0.000169227
0.375 -2.68 0.000187931
0.375 -2.64 0.000212604
0.375 -2.6 0.000212851
0.375 -2.56 0.000226594
0.375 -2.52 0.000258016
0.375 -2.48 0.000304984
0.375 -2.44 0.000355884
0.375 -2.4 0.000445996
0.375 -2.36 0.000530869
0.375 -2.32 0.000673307
0.375 -2.28 0.000759343
0.375 -2.24 0.000899315
0.375 -2.2 0.00103076
0.375 -2.16 0.00111686
0.375 -2.12 0.00128687
0.375 -2.08 0.00132457
0.375 -2.04 0.00150689
0.375 -2 0.00156352
0.375 -1.96 0.00158495
0.375 -1.92 0.00173553
0.375 -1.88 0.00183386
0.375 -1.84 0.00172808
0.375 -1.8 0.00191206
0.375 -1.76 0.00206914
0.375 -1.72 0.00203028
0.375 -1.68 0.00219574
0.375 -1.64 0.00232849
0.375 -1.6 0.00218417
0.375 -1.56 0.0024301
0.375 -1.52 0.00241343
0.375 -1.48 0.00239227
0.375 -1.44 0.00246116
0.375 -1.4 0.00252703
0.375 -1.36 0.00253465
0.375 -1.32 0.0026066
0.375 -1.28 0.00263986
0.375 -1.24 0.00263839
0.375 -1.2 0.00274611
0.375 -1.16 0.00265891
0.375 -1.12 0.00280274
0.375 -1.08 0.00283045
0.375 -1.04 0.00287516
0.375 -1 0.00292653
0.375 -0.96 0.00287825
0.375 -0.92 0.00290514
0.375 -0.88 0.00299131
0.375 -0.84 0.00304003
0.375 -0.8 0.00305715
0.375 -0.76 0.00305041
0.375 -0.72 0.0030618
0.375 -0.68 0.0030472
0.375 -0.64 0.00305721
0.375 -0.6 0.00305853
0.375 -0.56 0.00297286
0.375 -0.52 0.00287091
0.375 -0.48 0.00265167
0.375 -0.44 0.00240144
0.375 -0.4 0.00225788
0.375 -0.36 0.00210764
0.375 -0.32 0.00201822
0.375 -0.28 0.00191527
0.375 -0.24 0.0018279
0.375 -0.2 0.00175079
0.375 -0.16 0.00167024
0.375 -0.12 0.00157189
0.375 -0.08 0.00143105
0.375 -0.04 0.00121138
0.375 0 0.000910295
0.375 0.04 0.000639309
0.375 0.08 0.000462557
0.375 0.12 0.000353521
0.375 0.16 0.000282976
0.375 0.2 0.000234463
0.375 0.24 0.000199303
0.375 0.28 0.000172736
0.375 0.32 0.00015199
0.375 0.36 0.000135347
0.375 0.4 0.000121712
0.375 0.44 0.000110338
0.375 0.48 0.000100713
0.375 0.52 9.24677e-05
0.375 0.56 8.53254e-05
0.375 0.6 7.90857e-05
0.375 0.64 7.35752e-05
0.375 0.68 6.87003e-05
0.375 0.72 6.43493e-05
0.375 0.76 6.0434e-05
0.375 0.8 5.6913e-05
0.375 0.84 5.37138e-05
0.375 0.88 5.08094e-05
0.375 0.92 4.81477e-05
0.375 0.96 4.57142e-05
0.375 1 0
0.375 1.04 0
0.375 1.08 0
0.375 1.12 0
0.375 1.16 0
0.375 1.2 0
0.375 1.24 0
0.375 1.28 0
0.375 1.32 0
0.375 1.36 0
0.375 1.4 0
0.375 1.44 0
0.375 1.48 0
0.375 1.52 0
0.375 1.56 0
0.375 1.6 0
0.375 1.64 0
0.375 1.68 0
0.375 1.72 0
0.375 1.76 0
0.375 1.8 0
0.375 1.84 0
0.375 1.88 0
0.375 1.92 0
0.375 1.96 0
0.375 2 0
0.375 2.04 0
0.375 2.08 0
0.375 2.12 0
0.375 2.16 0
0.375 2.2 0
0.375 2.24 0
0.375 2.28 0
0.375 2.32 0
0.375 2.36 0
0.375 2.4 0
0.375 2.44 0
0.375 2.48 0
0.375 2.52 0
0.375 2.56 0
0.375 2.6 0
0.375 2.64 0
0.375 2.68 0
0.375 2.72 0
0.375 2.76 0
0.375 2.8 0
0.375 2.84 0
0.375 2.88 0
0.375 2.92 0
0.375 2.96 0
0.375 3 0
0.38 -5 0.000127838
0.38 -4.96 0.000127838
0.38 -4.92 0.000127838
0.38 -4.88 0.000127838
0.38 -4.84 0.000127838
0.38 -4.8 0.000127838
0.38 -4.76 0.000127838
0.38 -4.72 0.000127838
0.38 -4.68 0.000127838
0.38 -4.64 0.000127838
0.38 -4.6 0.000127838
0.38 -4.56 0.000127838
0.38 -4.52 0.000127838
0.38 -4.48 0.000127838
0.38 -4.44 0.000127838
0.38 -4.4 0.000127838
0.38 -4.36 0.000127838
0.38 -4.32 0.000127838
0.38 -4.28 0.000127838
0.38 -4.24 0.000127838
0.38 -4.2 0.000127838
0.38 -4.16 0.000127838
0.38 -4.12 0.000127838
0.38 -4.08 0.000127838
0.38 -4.04 0.000127838
0.38 -4 0.000127838
0.38 -3.96 0.000127838
0.38 -3.92 0.000127838
0.38 -3.88 0.000127838
0.38 -3.84 0.000127838
0.38 -3.8 0.000127838
0.38 -3.76 0.000127838
0.38 -3.72 0.000127838
0.38 -3.68 0.000127838
0.38 -3.64 0.000127838
0.38 -3.6 0.000127838
0.38 -3.56 0.000127838
0.38 -3.52 0.000127838
0.38 -3.48 0.000127838
0.38 -3.44 0.000127838
0.38 -3.4 0.000127838
0.38 -3.36 0.000127838
0.38 -3.32 0.000127838
0.38 -3.28 0.000127838
0.38 -3.24 0.000127838
0.38 -3.2 0.000127838
0.38 -3.16 0.000127838
0.38 -3.12 0.000127838
0.38 -3.08 0.000127838
0.38 -3.04 0.000127838
0.38 -3 0.000127838
0.38 -2.96 0.000115835
0.38 -2.92 0.000145127
0.38 -2.88 0.000135489
0.38 -2.84 0.000137561
0.38 -2.8 0.000164665
0.38 -2.76 0.000177842
0.38 -2.72 0.000173147
0.38 -2.68 0.000184207
0.38 -2.64 0.000207158
0.38 -2.6 0.000217927
0.38 -2.56 0.00023483
0.38 -2.52 0.000249559
0.38 -2.48 0.000307696
0.38 -2.44 0.000359883
0.38 -2.4 0.000440637
0.38 -2.36 0.000529116
0.38 -2.32 0.000666606
0.38 -2.28 0.000761682
0.38 -2.24 0.000904828
0.38 -2.2 0.00103411
0.38 -2.16 0.00112366
0.38 -2.12 0.00129818
0.38 -2.08 0.00133686
0.38 -2.04 0.00150637
0.38 -2 0.00156901
0.38 -1.96 0.00159595
0.38 -1.92 0.00177908
0.38 -1.88 0.00184352
0.38 -1.84 0.00175644
0.38 -1.8 0.00195186
0.38 -1.76 0.00210048
0.38 -1.72 0.00207498
0.38 -1.68 0.00220189
0.38 -1.64 0.00235744
0.38 -1.6 0.00223291
0.38 -1.56 0.00243425
0.38 -1.52 0.00241951
0.38 -1.48 0.00244452
0.38 -1.44 0.00248364
0.38 -1.4 0.00256828
0.38 -1.36 0.00254372
0.38 -1.32 0.00260665
0.38 -1.28 0.00265508
0.38 -1.24 0.00266724
0.38 -1.2 0.00280398
0.38 -1.16 0.00266932
0.38 -1.12 0.00283507
0.38 -1.08 0.00280901
0.38 -1.04 0.00288252
0.38 -1 0.00294732
0.38 -0.96 0.00288888
0.38 -0.92 0.00289849
0.38 -0.88 0.00300151
0.38 -0.84 0.00300342
0.38 -0.8 0.00304756
0.38 -0.76 0.00304203
0.38 -0.72 0.00305803
0.38 -0.68 0.00305062
0.38 -0.64 0.00308119
0.38 -0.6 0.00302269
0.38 -0.56 0.00297334
0.38 -0.52 0.00280529
0.38 -0.48 0.00259599
0.38 -0.44 0.00241755
0.38 -0.4 0.00219809
0.38 -0.36 0.00205018
0.38 -0.32 0.00196943
0.38 -0.28 0.0018969
0.38 -0.24 0.00180211
0.38 -0.2 0.001713
0.38 -0.16 0.00164252
0.38 -0.12 0.00154174
0.38 -0.08 0.00140623
0.38 -0.04 0.00119301
0.38 0 0.000898724
0.38 0.04 0.000631835
0.38 0.08 0.000457073
0.38 0.12 0.000349258
0.38 0.16 0.000279558
0.38 0.2 0.000231658
0.38 0.24 0.000196958
0.38 0.28 0.000170745
0.38 0.32 0.000150278
0.38 0.36 0.000133858
0.38 0.4 0.000120405
0.38 0.44 0.000109182
0.38 0.48 9.96829e-05
0.38 0.52 9.15439e-05
0.38 0.56 8.44926e-05
0.38 0.6 7.83313e-05
0.38 0.64 7.28889e-05
0.38 0.68 6.80731e-05
0.38 0.72 6.37742e-05
0.38 0.76 5.99047e-05
0.38 0.8 5.64249e-05
0.38 0.84 5.32618e-05
0.38 0.88 5.03901e-05
0.38 0.92 4.77572e-05
0.38 0.96 4.53502e-05
0.38 1 0
0.38 1.04 0
0.38 1.08 0
0.38 1.12 0
0.38 1.16 0
0.38 1.2 0
0.38 1.24 0
0.38 1.28 0
0.38 1.32 0
0.38 1.36 0
0.38 1.4 0
0.38 1.44 0
0.38 1.48 0
0.38 1.52 0
0.38 1.56 0
0.38 1.6 0
0.38 1.64 0
0.38 1.68 0
0.38 1.72 0
0.38 1.76 0
0.38 1.8 0
0.38 1.84 0
0.38 1.88 0
0.38 1.92 0
0.38 1.96 0
0.38 2 0
0.38 2.04 0
0.38 2.08 0
0.38 2.12 0
0.38 2.16 0
0.38 2.2 0
0.38 2.24 0
0.38 2.28 0
0.38 2.32 0
0.38 2.36 0
0.38 2.4 0
0.38 2.44 0
0.38 2.48 0
0.38 2.52 0
0.38 2.56 0
0.38 2.6 0
0.38 2.64 0
0.38 2.68 0
0.38 2.72 0
0.38 2.76 0
0.38 2.8 0
0.38 2.84 0
0.38 2.88 0
0.38 2.92 0
0.38 2.96 0
0.38 3 0
0.385 -5 0.000130498
0.385 -4.96 0.000130498
0.385 -4.92 0.000130498
0.385 -4.88 0.000130498
0.385 -4.84 0.000130498
0.385 -4.8 0.000130498
0.385 -4.76 0.000130498
0.385 -4.72 0.000130498
0.385 -4.68 0.000130498
0.385 -4.64 0.000130498
0.385 -4.6 0.000130498
0.385 -4.56 0.000130498
0.385 -4.52 0.000130498
0.385 -4.48 0.000130498
0.385 -4.44 0.000130498
0.385 -4.4 0.000130498
0.385 -4.36 0.000130498
0.385 -4.32 0.000130498
0.385 -4.28 0.000130498
0.385 -4.24 0.000130498
0.385 -4.2 0.000130498
0.385 -4.16 0.000130498
0.385 -4.12 0.000130498
0.385 -4.08 0.000130498
0.385 -4.04 0.000130498
0.385 -4 0.000130498
0.385 -3.96 0.000130498
0.385 -3.92 0.000130498
0.385 -3.88 0.000130498
0.385 -3.84 0.000130498
0.385 -3.8 0.000130498
0.385 -3.76 0.000130498
0.385 -3.72 0.000130498
0.385 -3.68 0.000130498
0.385 -3.64 0.000130498
0.385 -3.6 0.000130498
0.385 -3.56 0.000130498
0.385 -3.52 0.000130498
0.385 -3.48 0.000130498
0.385 -3.44 0.000130498
0.385 -3.4 0.000130498
0.385 -3.36 0.000130498
0.385 -3.32 0.000130498
0.385 -3.28 0.000130498
0.385 -3.24 0.000130498
0.385 -3.2 0.000130498
0.385 -3.16 0.000130498
0.385 -3.12 0.000130498
0.385 -3.08 0.000130498
0.385 -3.04 0.000130498
0.385 -3 0.000130498
0.385 -2.96 0.000116664
0.385 -2.92 0.000143604
0.385 -2.88 0.000137372
0.385 -2.84 0.000139524
0.385 -2.8 0.00016738
0.385 -2.76 0.000176701
0.385 -2.72 0.000174771
0.385 -2.68 0.000186231
0.385 -2.64 0.000199188
0.385 -2.6 0.00021769
0.385 -2.56 0.000241844
0.385 -2.52 0.00025076
0.385 -2.48 0.000310174
0.385 -2.44 0.000365205
0.385 -2.4 0.000436259
0.385 -2.36 0.000525634
0.385 -2.32 0.000655404
0.385 -2.28 0.000762065
0.385 -2.24 0.000911954
0.385 -2.2 0.00102985
0.385 -2.16 0.00113172
0.385 -2.12 0.00131082
0.385 -2.08 0.00135603
0.385 -2.04 0.00149875
0.385 -2 0.00157893
0.385 -1.96 0.0015869
0.385 -1.92 0.0018226
0.385 -1.88 0.00185278
0.385 -1.84 0.00178333
0.385 -1.8 0.00200634
0.385 -1.76 0.00212805
0.385 -1.72 0.00209155
0.385 -1.68 0.00221203
0.385 -1.64 0.00237586
0.385 -1.6 0.00226226
0.385 -1.56 0.00247623
0.385 -1.52 0.00245055
0.385 -1.48 0.00246191
0.385 -1.44 0.00251394
0.385 -1.4 0.00261211
0.385 -1.36 0.00257348
0.385 -1.32 0.00264171
0.385 -1.28 0.00265845
0.385 -1.24 0.00267037
0.385 -1.2 0.00285404
0.385 -1.16 0.00270065
0.385 -1.12 0.00284702
0.385 -1.08 0.00280239
0.385 -1.04 0.0028823
0.385 -1 0.00295037
0.385 -0.96 0.00287909
0.385 -0.92 0.00291685
0.385 -0.88 0.00300623
0.385 -0.84 0.00296613
0.385 -0.8 0.00302206
0.385 -0.76 0.00303499
0.385 -0.72 0.0030549
0.385 -0.68 0.0030783
0.385 -0.64 0.00309517
0.385 -0.6 0.00295796
0.385 -0.56 0.00293602
0.385 -0.52 0.00274907
0.385 -0.48 0.00251057
0.385 -0.44 0.00237894
0.385 -0.4 0.00213984
0.385 -0.36 0.00202878
0.385 -0.32 0.0019265
0.385 -0.28 0.00186539
0.385 -0.24 0.00177384
0.385 -0.2 0.00168712
0.385 -0.16 0.00161629
0.385 -0.12 0.00151507
0.385 -0.08 0.00138197
0.385 -0.04 0.00117454
0.385 0 0.000887032
0.385 0.04 0.000624275
0.385 0.08 0.000451554
0.385 0.12 0.000344987
0.385 0.16 0.000276142
0.385 0.2 0.00022886
0.385 0.24 0.000194621
0.385 0.28 0.000168762
0.385 0.32 0.000148573
0.385 0.36 0.000132376
0.385 0.4 0.000119105
0.385 0.44 0.000108031
0.385 0.48 9.86579e-05
0.385 0.52 9.06248e-05
0.385 0.56 8.36639e-05
0.385 0.6 7.75806e-05
0.385 0.64 7.22059e-05
0.385 0.68 6.74489e-05
0.385 0.72 6.32018e-05
0.385 0.76 5.93778e-05
0.385 0.8 5.59389e-05
0.385 0.84 5.28118e-05
0.385 0.88 4.99726e-05
0.385 0.92 4.73683e-05
0.385 0.96 4.49877e-05
0.385 1 0
0.385 1.04 0
0.385 1.08 0
0.385 1.12 0
0.385 1.16 0
0.385 1.2 0
0.385 1.24 0
0.385 1.28 0
0.385 1.32 0
0.385 1.36 0
0.385 1.4 0
0.385 1.44 0
0.385 1.48 0
0.385 1.52 0
0.385 1.56 0
0.385 1.6 0
0.385 1.64 0
0.385 1.68 0
0.385 1.72 0
0.385 1.76 0
0.385 1.8 0
0.385 1.84 0
0.385 1.88 0
0.385 1.92 0
0.385 1.96 0
0.385 2 0
0.385 2.04 0
0.385 2.08 0
0.385 2.12 0
0.385 2.16 0
0.385 2.2 0
0.385 2.24 0
0.385 2.28 0
0.385 2.32 0
0.385 2.36 0
0.385 2.4 0
0.385 2.44 0
0.385 2.48 0
0.385 2.52 0
0.385 2.56 0
0.385 2.6 0
0.385 2.64 0
0.385 2.68 0
0.385 2.72 0
0.385 2.76 0
0.385 2.8 0
0.385 2.84 0
0.385 2.88 0
0.385 2.92 0
0.385 2.96 0
0.385 3 0
0.39 -5 0.000129898
0.39 -4.96 0.000129898
0.39 -4.92 0.000129898
0.39 -4.88 0.000129898
0.39 -4.84 0.000129898
0.39 -4.8 0.000129898
0.39 -4.76 0.000129898
0.39 -4.72 0.000129898
0.39 -4.68 0.000129898
0.39 -4.64 0.000129898
0.39 -4.6 0.000129898
0.39 -4.56 0.000129898
0.39 -4.52 0.000129898
0.39 -4.48 0.000129898
0.39 -4.44 0.000129898
0.39 -4.4 0.000129898
0.39 -4.36 0.000129898
0.39 -4.32 0.000129898
0.39 -4.28 0.000129898
0.39 -4.24 0.000129898
0.39 -4.2 0.000129898
0.39 -4.16 0.000129898
0.39 -4.12 0.000129898
0.39 -4.08 0.000129898
0.39 -4.04 0.000129898
0.39 -4 0.000129898
0.39 -3.96 0.000129898
0.39 -3.92 0.000129898
0.39 -3.88 0.000129898
0.39 -3.84 0.000129898
0.39 -3.8 0.000129898
0.39 -3.76 0.000129898
0.39 -3.72 0.000129898
0.39 -3.68 0.000129898
0.39 -3.64 0.000129898
0.39 -3.6 0.000129898
0.39 -3.56 0.000129898
0.39 -3.52 0.000129898
0.39 -3.48 0.000129898
0.39 -3.44 0.000129898
0.39 -3.4 0.000129898
0.39 -3.36 0.000129898
0.39 -3.32 0.000129898
0.39 -3.28 0.000129898
0.39 -3.24 0.000129898
0.39 -3.2 0.000129898
0.39 -3.16 0.000129898
0.39 -3.12 0.000129898
0.39 -3.08 0.000129898
0.39 -3.04 0.000129898
0.39 -3 0.000129898
0.39 -2.96 0.000116707
0.39 -2.92 0.000139994
0.39 -2.88 0.000139593
0.39 -2.84 0.000144747
0.39 -2.8 0.000172888
0.39 -2.76 0.000175211
0.39 -2.72 0.000171653
0.39 -2.68 0.00019202
0.39 -2.64 0.000194535
0.39 -2.6 0.000218584
0.39 -2.56 0.000244299
0.39 -2.52 0.000261805
0.39 -2.48 0.000314024
0.39 -2.44 0.000371812
0.39 -2.4 0.000436698
0.39 -2.36 0.00052257
0.39 -2.32 0.000643926
0.39 -2.28 0.000763434
0.39 -2.24 0.000914498
0.39 -2.2 0.00102722
0.39 -2.16 0.00113977
0.39 -2.12 0.00132309
0.39 -2.08 0.00138158
0.39 -2.04 0.00150897
0.39 -2 0.00160917
0.39 -1.96 0.00157517
0.39 -1.92 0.00183387
0.39 -1.88 0.00186375
0.39 -1.84 0.00181324
0.39 -1.8 0.00205285
0.39 -1.76 0.00213759
0.39 -1.72 0.00208783
0.39 -1.68 0.00222703
0.39 -1.64 0.00239089
0.39 -1.6 0.002268
0.39 -1.56 0.00252142
0.39 -1.52 0.00247371
0.39 -1.48 0.00244295
0.39 -1.44 0.00254197
0.39 -1.4 0.00264322
0.39 -1.36 0.00260506
0.39 -1.32 0.00267902
0.39 -1.28 0.00265191
0.39 -1.24 0.00267673
0.39 -1.2 0.00285694
0.39 -1.16 0.00272893
0.39 -1.12 0.00282613
0.39 -1.08 0.002832
0.39 -1.04 0.00288038
0.39 -1 0.00293906
0.39 -0.96 0.00287317
0.39 -0.92 0.00293631
0.39 -0.88 0.00297927
0.39 -0.84 0.00294314
0.39 -0.8 0.00298206
0.39 -0.76 0.00300857
0.39 -0.72 0.00304842
0.39 -0.68 0.00305779
0.39 -0.64 0.00303154
0.39 -0.6 0.00290782
0.39 -0.56 0.00286527
0.39 -0.52 0.00271444
0.39 -0.48 0.00244354
0.39 -0.44 0.0022733
0.39 -0.4 0.00209789
0.39 -0.36 0.00201506
0.39 -0.32 0.00189581
0.39 -0.28 0.00181698
0.39 -0.24 0.00173532
0.39 -0.2 0.00166951
0.39 -0.16 0.00158862
0.39 -0.12 0.00149069
0.39 -0.08 0.00135818
0.39 -0.04 0.00115598
0.39 0 0.000875232
0.39 0.04 0.000616635
0.39 0.08 0.000446003
0.39 0.12 0.000340707
0.39 0.16 0.000272729
0.39 0.2 0.000226068
0.39 0.24 0.000192293
0.39 0.28 0.000166788
0.39 0.32 0.000146877
0.39 0.36 0.000130902
0.39 0.4 0.000117811
0.39 0.44 0.000106887
0.39 0.48 9.76383e-05
0.39 0.52 8.97105e-05
0.39 0.56 8.28395e-05
0.39 0.6 7.68338e-05
0.39 0.64 7.15265e-05
0.39 0.68 6.68279e-05
0.39 0.72 6.26322e-05
0.39 0.76 5.88535e-05
0.39 0.8 5.54552e-05
0.39 0.84 5.23639e-05
0.39 0.88 4.95569e-05
0.39 0.92 4.69812e-05
0.39 0.96 4.46267e-05
0.39 1 0
0.39 1.04 0
0.39 1.08 0
0.39 1.12 0
0.39 1.16 0
0.39 1.2 0
0.39 1.24 0
0.39 1.28 0
0.39 1.32 0
0.39 1.36 0
0.39 1.4 0
0.39 1.44 0
0.39 1.48 0
0.39 1.52 0
0.39 1.56 0
0.39 1.6 0
0.39 1.64 0
0.39 1.68 0
0.39 1.72 0
0.39 1.76 0
0.39 1.8 0
0.39 1.84 0
0.39 1.88 0
0.39 1.92 0
0.39 1.96 0
0.39 2 0
0.39 2.04 0
0.39 2.08 0
0.39 2.12 0
0.39 2.16 0
0.39 2.2 0
0.39 2.24 0
0.39 2.28 0
0.39 2.32 0
0.39 2.36 0
0.39 2.4 0
0.39 2.44 0
0.39 2.48 0
0.39 2.52 0
0.39 2.56 0
0.39 2.6 0
0.39 2.64 0
0.39 2.68 0
0.39 2.72 0
0.39 2.76 0
0.39 2.8 0
0.39 2.84 0
0.39 2.88 0
0.39 2.92 0
0.39 2.96 0
0.39 3 0
0.395 -5 0.000126113
0.395 -4.96 0.000126113
0.395 -4.92 0.000126113
0.395 -4.88 0.000126113
0.395 -4.84 0.000126113
0.395 -4.8 0.000126113
0.395 -4.76 0.000126113
0.395 -4.72 0.000126113
0.395 -4.68 0.000126113
0.395 -4.64 0.000126113
0.395 -4.6 0.000126113
0.395 -4.56 0.000126113
0.395 -4.52 0.000126113
0.395 -4.48 0.000126113
0.395 -4.44 0.000126113
0.395 -4.4 0.000126113
0.395 -4.36 0.000126113
0.395 -4.32 0.000126113
0.395 -4.28 0.000126113
0.395 -4.24 0.000126113
0.395 -4.2 0.000126113
0.395 -4.16 0.000126113
0.395 -4.12 0.000126113
0.395 -4.08 0.000126113
0.395 -4.04 0.000126113
0.395 -4 0.000126113
0.395 -3.96 0.000126113
0.395 -3.92 0.000126113
0.395 -3.88 0.000126113
0.395 -3.84 0.000126113
0.395 -3.8 0.000126113
0.395 -3.76 0.000126113
0.395 -3.72 0.000126113
0.395 -3.68 0.000126113
0.395 -3.64 0.000126113
0.395 -3.6 0.000126113
0.395 -3.56 0.000126113
0.395 -3.52 0.000126113
0.395 -3.48 0.000126113
0.395 -3.44 0.000126113
0.395 -3.4 0.000126113
0.395 -3.36 0.000126113
0.395 -3.32 0.000126113
0.395 -3.28 0.000126113
0.395 -3.24 0.000126113
0.395 -3.2 0.000126113
0.395 -3.16 0.000126113
0.395 -3.12 0.000126113
0.395 -3.08 0.000126113
0.395 -3.04 0.000126113
0.395 -3 0.000126113
0.395 -2.96 0.000117287
0.395 -2.92 0.000140598
0.395 -2.88 0.000142481
0.395 -2.84 0.000148488
0.395 -2.8 0.00017628
0.395 -2.76 0.00017605
0.395 -2.72 0.000168779
0.395 -2.68 0.000193574
0.395 -2.64 0.000193019
0.395 -2.6 0.000221161
0.395 -2.56 0.000246898
0.395 -2.52 0.000272553
0.395 -2.48 0.000320575
0.395 -2.44 0.000377867
0.395 -2.4 0.000438429
0.395 -2.36 0.00051877
0.395 -2.32 0.000638457
0.395 -2.28 0.000764648
0.395 -2.24 0.000912898
0.395 -2.2 0.00103335
0.395 -2.16 0.00114714
0.395 -2.12 0.00134249
0.395 -2.08 0.00140574
0.395 -2.04 0.00153282
0.395 -2 0.00164506
0.395 -1.96 0.00158761
0.395 -1.92 0.00183041
0.395 -1.88 0.0018746
0.395 -1.84 0.00185084
0.395 -1.8 0.00207928
0.395 -1.76 0.00214574
0.395 -1.72 0.00209697
0.395 -1.68 0.00223944
0.395 -1.64 0.00241525
0.395 -1.6 0.00228083
0.395 -1.56 0.00252316
0.395 -1.52 0.00247057
0.395 -1.48 0.00243246
0.395 -1.44 0.00257649
0.395 -1.4 0.00265262
0.395 -1.36 0.00260645
0.395 -1.32 0.00269586
0.395 -1.28 0.00266188
0.395 -1.24 0.00271814
0.395 -1.2 0.00285089
0.395 -1.16 0.00273461
0.395 -1.12 0.00281152
0.395 -1.08 0.00286039
0.395 -1.04 0.00288432
0.395 -1 0.00293727
0.395 -0.96 0.00288857
0.395 -0.92 0.00293985
0.395 -0.88 0.00293161
0.395 -0.84 0.00294574
0.395 -0.8 0.00295239
0.395 -0.76 0.00297294
0.395 -0.72 0.00304241
0.395 -0.68 0.00300457
0.395 -0.64 0.00295131
0.395 -0.6 0.00289759
0.395 -0.56 0.00281024
0.395 -0.52 0.00267679
0.395 -0.48 0.00240704
0.395 -0.44 0.00217792
0.395 -0.4 0.00207628
0.395 -0.36 0.00196853
0.395 -0.32 0.00186523
0.395 -0.28 0.00177209
0.395 -0.24 0.00169454
0.395 -0.2 0.00164598
0.395 -0.16 0.00155594
0.395 -0.12 0.00146518
0.395 -0.08 0.00133486
0.395 -0.04 0.00113769
0.395 0 0.000863338
0.395 0.04 0.000608921
0.395 0.08 0.000440422
0.395 0.12 0.000336422
0.395 0.16 0.00026932
0.395 0.2 0.000223285
0.395 0.24 0.000189974
0.395 0.28 0.000164823
0.395 0.32 0.000145189
0.395 0.36 0.000129436
0.395 0.4 0.000116525
0.395 0.44 0.000105749
0.395 0.48 9.66245e-05
0.395 0.52 8.88014e-05
0.395 0.56 8.20198e-05
0.395 0.6 7.6091e-05
0.395 0.64 7.08508e-05
0.395 0.68 6.62102e-05
0.395 0.72 6.20656e-05
0.395 0.76 5.83319e-05
0.395 0.8 5.49739e-05
0.395 0.84 5.19182e-05
0.395 0.88 4.91433e-05
0.395 0.92 4.65959e-05
0.395 0.96 4.42674e-05
0.395 1 0
0.395 1.04 0
0.395 1.08 0
0.395 1.12 0
0.395 1.16 0
0.395 1.2 0
0.395 1.24 0
0.395 1.28 0
0.395 1.32 0
0.395 1.36 0
0.395 1.4 0
0.395 1.44 0
0.395 1.48 0
0.395 1.52 0
0.395 1.56 0
0.395 1.6 0
0.395 1.64 0
0.395 1.68 0
0.395 1.72 0
0.395 1.76 0
0.395 1.8 0
0.395 1.84 0
0.395 1.88 0
0.395 1.92 0
0.395 1.96 0
0.395 2 0
0.395 2.04 0
0.395 2.08 0
0.395 2.12 0
0.395 2.16 0
0.395 2.2 0
0.395 2.24 0
0.395 2.28 0
0.395 2.32 0
0.395 2.36 0
0.395 2.4 0
0.395 2.44 0
0.395 2.48 0
0.395 2.52 0
0.395 2.56 0
0.395 2.6 0
0.395 2.64 0
0.395 2.68 0
0.395 2.72 0
0.395 2.76 0
0.395 2.8 0
0.395 2.84 0
0.395 2.88 0
0.395 2.92 0
0.395 2.96 0
0.395 3 0
0.4 -5 0.000121951
0.4 -4.96 0.000121951
0.4 -4.92 0.000121951
0.4 -4.88 0.000121951
0.4 -4.84 0.000121951
0.4 -4.8 0.000121951
0.4 -4.76 0.000121951
0.4 -4.72 0.000121951
0.4 -4.68 0.000121951
0.4 -4.64 0.000121951
0.4 -4.6 0.000121951
0.4 -4.56 0.000121951
0.4 -4.52 0.000121951
0.4 -4.48 0.000121951
0.4 -4.44 0.000121951
0.4 -4.4 0.000121951
0.4 -4.36 0.000121951
0.4 -4.32 0.000121951
0.4 -4.28 0.000121951
0.4 -4.24 0.000121951
0.4 -4.2 0.000121951
0.4 -4.16 0.000121951
0.4 -4.12 0.000121951
0.4 -4.08 0.000121951
0.4 -4.04 0.000121951
0.4 -4 0.000121951
0.4 -3.96 0.000121951
0.4 -3.92 0.000121951
0.4 -3.88 0.000121951
0.4 -3.84 0.000121951
0.4 -3.8 0.000121951
0.4 -3.76 0.000121951
0.4 -3.72 0.000121951
0.4 -3.68 0.000121951
0.4 -3.64 0.000121951
0.4 -3.6 0.000121951
0.4 -3.56 0.000121951
0.4 -3.52 0.000121951
0.4 -3.48 0.000121951
0.4 -3.44 0.000121951
0.4 -3.4 0.000121951
0.4 -3.36 0.000121951
0.4 -3.32 0.000121951
0.4 -3.28 0.000121951
0.4 -3.24 0.000121951
0.4 -3.2 0.000121951
0.4 -3.16 0.000121951
0.4 -3.12 0.000121951
0.4 -3.08 0.000121951
0.4 -3.04 0.000121951
0.4 -3 0.000121951
0.4 -2.96 0.000118242
0.4 -2.92 0.000144194
0.4 -2.88 0.000145748
0.4 -2.84 0.000150278
0.4 -2.8 0.00017392
0.4 -2.76 0.00017701
0.4 -2.72 0.000170253
0.4 -2.68 0.000190559
0.4 -2.64 0.00019203
0.4 -2.6 0.000218483
0.4 -2.56 0.000251057
0.4 -2.52 0.000277046
0.4 -2.48 0.000326084
0.4 -2.44 0.000379194
0.4 -2.4 0.000435421
0.4 -2.36 0.000510643
0.4 -2.32 0.000638326
0.4 -2.28 0.000762377
0.4 -2.24 0.000913556
0.4 -2.2 0.00104546
0.4 -2.16 0.00115448
0.4 -2.12 0.00137182
0.4 -2.08 0.00142184
0.4 -2.04 0.00154721
0.4 -2 0.00166541
0.4 -1.96 0.00162449
0.4 -1.92 0.00184625
0.4 -1.88 0.00188363
0.4 -1.84 0.00188798
0.4 -1.8 0.00209722
0.4 -1.76 0.00217
0.4 -1.72 0.00213027
0.4 -1.68 0.00225681
0.4 -1.64 0.00244338
0.4 -1.6 0.00231672
0.4 -1.56 0.00249769
0.4 -1.52 0.00247264
0.4 -1.48 0.00246193
0.4 -1.44 0.00263161
0.4 -1.4 0.00264607
0.4 -1.36 0.00258283
0.4 -1.32 0.00270851
0.4 -1.28 0.00270198
0.4 -1.24 0.00277398
0.4 -1.2 0.00287355
0.4 -1.16 0.00273235
0.4 -1.12 0.00283374
0.4 -1.08 0.00284739
0.4 -1.04 0.0028896
0.4 -1 0.00295274
0.4 -0.96 0.00291085
0.4 -0.92 0.00294179
0.4 -0.88 0.00290207
0.4 -0.84 0.00296076
0.4 -0.8 0.00295497
0.4 -0.76 0.00295779
0.4 -0.72 0.00301694
0.4 -0.68 0.00298157
0.4 -0.64 0.00294465
0.4 -0.6 0.00289736
0.4 -0.56 0.00278836
0.4 -0.52 0.00261182
0.4 -0.48 0.00236633
0.4 -0.44 0.00215694
0.4 -0.4 0.00205097
0.4 -0.36 0.00189747
0.4 -0.32 0.00182703
0.4 -0.28 0.00173998
0.4 -0.24 0.00166419
0.4 -0.2 0.00160808
0.4 -0.16 0.00152207
0.4 -0.12 0.00143769
0.4 -0.08 0.00131186
0.4 -0.04 0.00111965
0.4 0 0.000851364
0.4 0.04 0.000601137
0.4 0.08 0.000434815
0.4 0.12 0.000332133
0.4 0.16 0.000265916
0.4 0.2 0.000220512
0.4 0.24 0.000187665
0.4 0.28 0.000162869
0.4 0.32 0.00014351
0.4 0.36 0.000127978
0.4 0.4 0.000115246
0.4 0.44 0.000104617
0.4 0.48 9.56168e-05
0.4 0.52 8.78977e-05
0.4 0.56 8.12049e-05
0.4 0.6 7.53526e-05
0.4 0.64 7.01789e-05
0.4 0.68 6.5596e-05
0.4 0.72 6.15021e-05
0.4 0.76 5.78131e-05
0.4 0.8 5.44953e-05
0.4 0.84 5.14747e-05
0.4 0.88 4.87317e-05
0.4 0.92 4.62125e-05
0.4 0.96 4.39098e-05
0.4 1 0
0.4 1.04 0
0.4 1.08 0
0.4 1.12 0
0.4 1.16 0
0.4 1.2 0
0.4 1.24 0
0.4 1.28 0
0.4 1.32 0
0.4 1.36 0
0.4 1.4 0
0.4 1.44 0
0.4 1.48 0
0.4 1.52 0
0.4 1.56 0
0.4 1.6 0
0.4 1.64 0
0.4 1.68 0
0.4 1.72 0
0.4 1.76 0
0.4 1.8 0
0.4 1.84 0
0.4 1.88 0
0.4 1.92 0
0.4 1.96 0
0.4 2 0
0.4 2.04 0
0.4 2.08 0
0.4 2.12 0
0.4 2.16 0
0.4 2.2 0
0.4 2.24 0
0.4 2.28 0
0.4 2.32 0
0.4 2.36 0
0.4 2.4 0
0.4 2.44 0
0.4 2.48 0
0.4 2.52 0
0.4 2.56 0
0.4 2.6 0
0.4 2.64 0
0.4 2.68 0
0.4 2.72 0
0.4 2.76 0
0.4 2.8 0
0.4 2.84 0
0.4 2.88 0
0.4 2.92 0
0.4 2.96 0
0.4 3 0
0.405 -5 0.000120145
0.405 -4.96 0.000120145
0.405 -4.92 0.000120145
0.405 -4.88 0.000120145
0.405 -4.84 0.000120145
0.405 -4.8 0.000120145
0.405 -4.76 0.000120145
0.405 -4.72 0.000120145
0.405 -4.68 0.000120145
0.405 -4.64 0.000120145
0.405 -4.6 0.000120145
0.405 -4.56 0.000120145
0.405 -4.52 0.000120145
0.405 -4.48 0.000120145
0.405 -4.44 0.000120145
0.405 -4.4 0.000120145
0.405 -4.36 0.000120145
0.405 -4.32 0.000120145
0.405 -4.28 0.000120145
0.405 -4.24 0.000120145
0.405 -4.2 0.000120145
0.405 -4.16 0.000120145
0.405 -4.12 0.000120145
0.405 -4.08 0.000120145
0.405 -4.04 0.000120145
0.405 -4 0.000120145
0.405 -3.96 0.000120145
0.405 -3.92 0.000120145
0.405 -3.88 0.000120145
0.405 -3.84 0.000120145
0.405 -3.8 0.000120145
0.405 -3.76 0.000120145
0.405 -3.72 0.000120145
0.405 -3.68 0.000120145
0.405 -3.64 0.000120145
0.405 -3.6 0.000120145
0.405 -3.56 0.000120145
0.405 -3.52 0.000120145
0.405 -3.48 0.000120145
0.405 -3.44 0.000120145
0.405 -3.4 0.000120145
0.405 -3.36 0.000120145
0.405 -3.32 0.000120145
0.405 -3.28 0.000120145
0.405 -3.24 0.000120145
0.405 -3.2 0.000120145
0.405 -3.16 0.000120145
0.405 -3.12 0.000120145
0.405 -3.08 0.000120145
0.405 -3.04 0.000120145
0.405 -3 0.000120145
0.405 -2.96 0.000118036
0.405 -2.92 0.000144417
0.405 -2.88 0.000148549
0.405 -2.84 0.000153521
0.405 -2.8 0.0001688
0.405 -2.76 0.00017492
0.405 -2.72 0.000173899
0.405 -2.68 0.000191595
0.405 -2.64 0.000192695
0.405 -2.6 0.000210689
0.405 -2.56 0.000250848
0.405 -2.52 0.000278519
0.405 -2.48 0.000324909
0.405 -2.44 0.000374897
0.405 -2.4 0.000427636
0.405 -2.36 0.00049843
0.405 -2.32 0.000636766
0.405 -2.28 0.000756438
0.405 -2.24 0.000918467
0.405 -2.2 0.0010573
0.405 -2.16 0.0011606
0.405 -2.12 0.00139844
0.405 -2.08 0.00143303
0.405 -2.04 0.00154785
0.405 -2 0.00167859
0.405 -1.96 0.0016595
0.405 -1.92 0.00187291
0.405 -1.88 0.00189243
0.405 -1.84 0.00191318
0.405 -1.8 0.00211708
0.405 -1.76 0.0022009
0.405 -1.72 0.00216444
0.405 -1.68 0.00229026
0.405 -1.64 0.00246061
0.405 -1.6 0.00235297
0.405 -1.56 0.00249205
0.405 -1.52 0.00250974
0.405 -1.48 0.00250893
0.405 -1.44 0.00268652
0.405 -1.4 0.00263882
0.405 -1.36 0.0025728
0.405 -1.32 0.00273432
0.405 -1.28 0.00274799
0.405 -1.24 0.00279752
0.405 -1.2 0.00289435
0.405 -1.16 0.00274403
0.405 -1.12 0.00286515
0.405 -1.08 0.00281507
0.405 -1.04 0.00289736
0.405 -1 0.00296687
0.405 -0.96 0.00291899
0.405 -0.92 0.00295648
0.405 -0.88 0.00290353
0.405 -0.84 0.0029598
0.405 -0.8 0.00297736
0.405 -0.76 0.00296761
0.405 -0.72 0.0029537
0.405 -0.68 0.00298972
0.405 -0.64 0.00297611
0.405 -0.6 0.00286637
0.405 -0.56 0.0027627
0.405 -0.52 0.00253366
0.405 -0.48 0.00230499
0.405 -0.44 0.00217137
0.405 -0.4 0.00199879
0.405 -0.36 0.00184995
0.405 -0.32 0.0017892
0.405 -0.28 0.00170782
0.405 -0.24 0.00164436
0.405 -0.2 0.00156398
0.405 -0.16 0.00149579
0.405 -0.12 0.0014107
0.405 -0.08 0.00128893
0.405 -0.04 0.00110143
0.405 0 0.000839322
0.405 0.04 0.00059329
0.405 0.08 0.000429184
0.405 0.12 0.000327842
0.405 0.16 0.00026252
0.405 0.2 0.000217748
0.405 0.24 0.000185367
0.405 0.28 0.000160924
0.405 0.32 0.000141841
0.405 0.36 0.000126529
0.405 0.4 0.000113975
0.405 0.44 0.000103493
0.405 0.48 9.46153e-05
0.405 0.52 8.69995e-05
0.405 0.56 8.0395e-05
0.405 0.6 7.46186e-05
0.405 0.64 6.95112e-05
0.405 0.68 6.49855e-05
0.405 0.72 6.09419e-05
0.405 0.76 5.72974e-05
0.405 0.8 5.40193e-05
0.405 0.84 5.10337e-05
0.405 0.88 4.83223e-05
0.405 0.92 4.58312e-05
0.405 0.96 4.35541e-05
0.405 1 0
0.405 1.04 0
0.405 1.08 0
0.405 1.12 0
0.405 1.16 0
0.405 1.2 0
0.405 1.24 0
0.405 1.28 0
0.405 1.32 0
0.405 1.36 0
0.405 1.4 0
0.405 1.44 0
0.405 1.48 0
0.405 1.52 0
0.405 1.56 0
0.405 1.6 0
0.405 1.64 0
0.405 1.68 0
0.405 1.72 0
0.405 1.76 0
0.405 1.8 0
0.405 1.84 0
0.405 1.88 0
0.405 1.92 0
0.405 1.96 0
0.405 2 0
0.405 2.04 0
0.405 2.08 0
0.405 2.12 0
0.405 2.16 0
0.405 2.2 0
0.405 2.24 0
0.405 2.28 0
0.405 2.32 0
0.405 2.36 0
0.405 2.4 0
0.405 2.44 0
0.405 2.48 0
0.405 2.52 0
0.405 2.56 0
0.405 2.6 0
0.405 2.64 0
0.405 2.68 0
0.405 2.72 0
0.405 2.76 0
0.405 2.8 0
0.405 2.84 0
0.405 2.88 0
0.405 2.92 0
0.405 2.96 0
0.405 3 0
0.41 -5 0.000121478
0.41 -4.96 0.000121478
0.41 -4.92 0.000121478
0.41 -4.88 0.000121478
0.41 -4.84 0.000121478
0.41 -4.8 0.000121478
0.41 -4.76 0.000121478
0.41 -4.72 0.000121478
0.41 -4.68 0.000121478
0.41 -4.64 0.000121478
0.41 -4.6 0.000121478
0.41 -4.56 0.000121478
0.41 -4.52 0.000121478
0.41 -4.48 0.000121478
0.41 -4.44 0.000121478
0.41 -4.4 0.000121478
0.41 -4.36 0.000121478
0.41 -4.32 0.000121478
0.41 -4.28 0.000121478
0.41 -4.24 0.000121478
0.41 -4.2 0.000121478
0.41 -4.16 0.000121478
0.41 -4.12 0.000121478
0.41 -4.08 0.000121478
0.41 -4.04 0.000121478
0.41 -4 0.000121478
0.41 -3.96 0.000121478
0.41 -3.92 0.000121478
0.41 -3.88 0.000121478
0.41 -3.84 0.000121478
0.41 -3.8 0.000121478
0.41 -3.76 0.000121478
0.41 -3.72 0.000121478
0.41 -3.68 0.000121478
0.41 -3.64 0.000121478
0.41 -3.6 0.000121478
0.41 -3.56 0.000121478
0.41 -3.52 0.000121478
0.41 -3.48 0.000121478
0.41 -3.44 0.000121478
0.41 -3.4 0.000121478
0.41 -3.36 0.000121478
0.41 -3.32 0.000121478
0.41 -3.28 0.000121478
0.41 -3.24 0.000121478
0.41 -3.2 0.000121478
0.41 -3.16 0.000121478
0.41 -3.12 0.000121478
0.41 -3.08 0.000121478
0.41 -3.04 0.000121478
0.41 -3 0.000121478
0.41 -2.96 0.000116988
0.41 -2.92 0.000140033
0.41 -2.88 0.000150073
0.41 -2.84 0.000158815
0.41 -2.8 0.000167108
0.41 -2.76 0.000172098
0.41 -2.72 0.000176202
0.41 -2.68 0.000199023
0.41 -2.64 0.000197374
0.41 -2.6 0.000207646
0.41 -2.56 0.000244406
0.41 -2.52 0.000278801
0.41 -2.48 0.000317363
0.41 -2.44 0.000370052
0.41 -2.4 0.000420731
0.41 -2.36 0.000487452
0.41 -2.32 0.000631511
0.41 -2.28 0.00075028
0.41 -2.24 0.00092156
0.41 -2.2 0.00106735
0.41 -2.16 0.00116156
0.41 -2.12 0.0014068
0.41 -2.08 0.00144806
0.41 -2.04 0.00155241
0.41 -2 0.00170815
0.41 -1.96 0.0016769
0.41 -1.92 0.00187622
0.41 -1.88 0.00190683
0.41 -1.84 0.00192752
0.41 -1.8 0.00213097
0.41 -1.76 0.00222196
0.41 -1.72 0.00218114
0.41 -1.68 0.00232573
0.41 -1.64 0.00247069
0.41 -1.6 0.00236709
0.41 -1.56 0.00251021
0.41 -1.52 0.00256083
0.41 -1.48 0.0025351
0.41 -1.44 0.00269939
0.41 -1.4 0.00264435
0.41 -1.36 0.00259112
0.41 -1.32 0.00275851
0.41 -1.28 0.00276801
0.41 -1.24 0.00278252
0.41 -1.2 0.00287681
0.41 -1.16 0.00276399
0.41 -1.12 0.00286323
0.41 -1.08 0.00281317
0.41 -1.04 0.00291811
0.41 -1 0.00296328
0.41 -0.96 0.00291057
0.41 -0.92 0.00296797
0.41 -0.88 0.00290728
0.41 -0.84 0.0029353
0.41 -0.8 0.00298566
0.41 -0.76 0.00296734
0.41 -0.72 0.00288142
0.41 -0.68 0.00297175
0.41 -0.64 0.00293357
0.41 -0.6 0.00281536
0.41 -0.56 0.00270669
0.41 -0.52 0.00247605
0.41 -0.48 0.00225363
0.41 -0.44 0.00213695
0.41 -0.4 0.00193647
0.41 -0.36 0.00184648
0.41 -0.32 0.00176055
0.41 -0.28 0.00167056
0.41 -0.24 0.00162331
0.41 -0.2 0.00153047
0.41 -0.16 0.00147841
0.41 -0.12 0.0013862
0.41 -0.08 0.00126602
0.41 -0.04 0.00108288
0.41 0 0.000827225
0.41 0.04 0.000585385
0.41 0.08 0.000423533
0.41 0.12 0.00032355
0.41 0.16 0.000259131
0.41 0.2 0.000214995
0.41 0.24 0.00018308
0.41 0.28 0.000158991
0.41 0.32 0.000140183
0.41 0.36 0.000125089
0.41 0.4 0.000112713
0.41 0.44 0.000102376
0.41 0.48 9.36205e-05
0.41 0.52 8.61073e-05
0.41 0.56 7.95903e-05
0.41 0.6 7.38893e-05
0.41 0.64 6.88476e-05
0.41 0.68 6.43787e-05
0.41 0.72 6.03851e-05
0.41 0.76 5.67847e-05
0.41 0.8 5.3546e-05
0.41 0.84 5.05953e-05
0.41 0.88 4.79152e-05
0.41 0.92 4.5452e-05
0.41 0.96 4.32004e-05
0.41 1 0
0.41 1.04 0
0.41 1.08 0
0.41 1.12 0
0.41 1.16 0
0.41 1.2 0
0.41 1.24 0
0.41 1.28 0
0.41 1.32 0
0.41 1.36 0
0.41 1.4 0
0.41 1.44 0
0.41 1.48 0
0.41 1.52 0
0.41 1.56 0
0.41 1.6 0
0.41 1.64 0
0.41 1.68 0
0.41 1.72 0
0.41 1.76 0
0.41 1.8 0
0.41 1.84 0
0.41 1.88 0
0.41 1.92 0
0.41 1.96 0
0.41 2 0
0.41 2.04 0
0.41 2.08 0
0.41 2.12 0
0.41 2.16 0
0.41 2.2 0
0.41 2.24 0
0.41 2.28 0
0.41 2.32 0
0.41 2.36 0
0.41 2.4 0
0.41 2.44 0
0.41 2.48 0
0.41 2.52 0
0.41 2.56 0
0.41 2.6 0
0.41 2.64 0
0.41 2.68 0
0.41 2.72 0
0.41 2.76 0
0.41 2.8 0
0.41 2.84 0
0.41 2.88 0
0.41 2.92 0
0.41 2.96 0
0.41 3 0
0.415 -5 0.000124753
0.415 -4.96 0.000124753
0.415 -4.92 0.000124753
0.415 -4.88 0.000124753
0.415 -4.84 0.000124753
0.415 -4.8 0.000124753
0.415 -4.76 0.000124753
0.415 -4.72 0.000124753
0.415 -4.68 0.000124753
0.415 -4.64 0.000124753
0.415 -4.6 0.000124753
0.415 -4.56 0.000124753
0.415 -4.52 0.000124753
0.415 -4.48 0.000124753
0.415 -4.44 0.000124753
0.415 -4.4 0.000124753
0.415 -4.36 0.000124753
0.415 -4.32 0.000124753
0.415 -4.28 0.000124753
0.415 -4.24 0.000124753
0.415 -4.2 0.000124753
0.415 -4.16 0.000124753
0.415 -4.12 0.000124753
0.415 -4.08 0.000124753
0.415 -4.04 0.000124753
0.415 -4 0.000124753
0.415 -3.96 0.000124753
0.415 -3.92 0.000124753
0.415 -3.88 0.000124753
0.415 -3.84 0.000124753
0.415 -3.8 0.000124753
0.415 -3.76 0.000124753
0.415 -3.72 0.000124753
0.415 -3.68 0.000124753
0.415 -3.64 0.000124753
0.415 -3.6 0.000124753
0.415 -3.56 0.000124753
0.415 -3.52 0.000124753
0.415 -3.48 0.000124753
0.415 -3.44 0.000124753
0.415 -3.4 0.000124753
0.415 -3.36 0.000124753
0.415 -3.32 0.000124753
0.415 -3.28 0.000124753
0.415 -3.24 0.000124753
0.415 -3.2 0.000124753
0.415 -3.16 0.000124753
0.415 -3.12 0.000124753
0.415 -3.08 0.000124753
0.415 -3.04 0.000124753
0.415 -3 0.000124753
0.415 -2.96 0.000117636
0.415 -2.92 0.000136396
0.415 -2.88 0.000150155
0.415 -2.84 0.000162582
0.415 -2.8 0.00017062
0.415 -2.76 0.000174535
0.415 -2.72 0.000177478
0.415 -2.68 0.000203562
0.415 -2.64 0.000203565
0.415 -2.6 0.000212689
0.415 -2.56 0.000239714
0.415 -2.52 0.000274497
0.415 -2.48 0.00030995
0.415 -2.44 0.000369621
0.415 -2.4 0.000417565
0.415 -2.36 0.000481277
0.415 -2.32 0.000628481
0.415 -2.28 0.00074603
0.415 -2.24 0.000918648
0.415 -2.2 0.00107615
0.415 -2.16 0.00115577
0.415 -2.12 0.00139848
0.415 -2.08 0.00146867
0.415 -2.04 0.00156808
0.415 -2 0.00175251
0.415 -1.96 0.00169049
0.415 -1.92 0.00186228
0.415 -1.88 0.00193225
0.415 -1.84 0.00194081
0.415 -1.8 0.00213456
0.415 -1.76 0.00223936
0.415 -1.72 0.0021965
0.415 -1.68 0.00233754
0.415 -1.64 0.00249119
0.415 -1.6 0.00237234
0.415 -1.56 0.00252205
0.415 -1.52 0.00258848
0.415 -1.48 0.00254109
0.415 -1.44 0.00267143
0.415 -1.4 0.00266563
0.415 -1.36 0.0026108
0.415 -1.32 0.00276411
0.415 -1.28 0.00276602
0.415 -1.24 0.00276388
0.415 -1.2 0.00285236
0.415 -1.16 0.00277644
0.415 -1.12 0.00283643
0.415 -1.08 0.00283986
0.415 -1.04 0.0029439
0.415 -1 0.00294825
0.415 -0.96 0.0028942
0.415 -0.92 0.00295437
0.415 -0.88 0.00289147
0.415 -0.84 0.00291177
0.415 -0.8 0.0029673
0.415 -0.76 0.0029255
0.415 -0.72 0.0028512
0.415 -0.68 0.00290817
0.415 -0.64 0.00281135
0.415 -0.6 0.00278741
0.415 -0.56 0.00264614
0.415 -0.52 0.00244677
0.415 -0.48 0.0022363
0.415 -0.44 0.00204633
0.415 -0.4 0.00190412
0.415 -0.36 0.00185067
0.415 -0.32 0.00173642
0.415 -0.28 0.00164586
0.415 -0.24 0.00159375
0.415 -0.2 0.00151419
0.415 -0.16 0.00145973
0.415 -0.12 0.00136314
0.415 -0.08 0.00124346
0.415 -0.04 0.00106453
0.415 0 0.000815085
0.415 0.04 0.000577429
0.415 0.08 0.000417864
0.415 0.12 0.000319261
0.415 0.16 0.000255753
0.415 0.2 0.000212254
0.415 0.24 0.000180806
0.415 0.28 0.000157069
0.415 0.32 0.000138534
0.415 0.36 0.000123659
0.415 0.4 0.000111458
0.415 0.44 0.000101267
0.415 0.48 9.26324e-05
0.415 0.52 8.5221e-05
0.415 0.56 7.8791e-05
0.415 0.6 7.31649e-05
0.415 0.64 6.81885e-05
0.415 0.68 6.37759e-05
0.415 0.72 5.98319e-05
0.415 0.76 5.62753e-05
0.415 0.8 5.30758e-05
0.415 0.84 5.01595e-05
0.415 0.88 4.75106e-05
0.415 0.92 4.5075e-05
0.415 0.96 4.28487e-05
0.415 1 0
0.415 1.04 0
0.415 1.08 0
0.415 1.12 0
0.415 1.16 0
0.415 1.2 0
0.415 1.24 0
0.415 1.28 0
0.415 1.32 0
0.415 1.36 0
0.415 1.4 0
0.415 1.44 0
0.415 1.48 0
0.415 1.52 0
0.415 1.56 0
0.415 1.6 0
0.415 1.64 0
0.415 1.68 0
0.415 1.72 0
0.415 1.76 0
0.415 1.8 0
0.415 1.84 0
0.415 1.88 0
0.415 1.92 0
0.415 1.96 0
0.415 2 0
0.415 2.04 0
0.415 2.08 0
0.415 2.12 0
0.415 2.16 0
0.415 2.2 0
0.415 2.24 0
0.415 2.28 0
0.415 2.32 0
0.415 2.36 0
0.415 2.4 0
0.415 2.44 0
0.415 2.48 0
0.415 2.52 0
0.415 2.56 0
0.415 2.6 0
0.415 2.64 0
0.415 2.68 0
0.415 2.72 0
0.415 2.76 0
0.415 2.8 0
0.415 2.84 0
0.415 2.88 0
0.415 2.92 0
0.415 2.96 0
0.415 3 0
0.42 -5 0.000127642
0.42 -4.96 0.000127642
0.42 -4.92 0.000127642
0.42 -4.88 0.000127642
0.42 -4.84 0.000127642
0.42 -4.8 0.000127642
0.42 -4.76 0.000127642
0.42 -4.72 0.000127642
0.42 -4.68 0.000127642
0.42 -4.64 0.000127642
0.42 -4.6 0.000127642
0.42 -4.56 0.000127642
0.42 -4.52 0.000127642
0.42 -4.48 0.000127642
0.42 -4.44 0.000127642
0.42 -4.4 0.000127642
0.42 -4.36 0.000127642
0.42 -4.32 0.000127642
0.42 -4.28 0.000127642
0.42 -4.24 0.000127642
0.42 -4.2 0.000127642
0.42 -4.16 0.000127642
0.42 -4.12 0.000127642
0.42 -4.08 0.000127642
0.42 -4.04 0.000127642
0.42 -4 0.000127642
0.42 -3.96 0.000127642
0.42 -3.92 0.000127642
0.42 -3.88 0.000127642
0.42 -3.84 0.000127642
0.42 -3.8 0.000127642
0.42 -3.76 0.000127642
0.42 -3.72 0.000127642
0.42 -3.68 0.000127642
0.42 -3.64 0.000127642
0.42 -3.6 0.000127642
0.42 -3.56 0.000127642
0.42 -3.52 0.000127642
0.42 -3.48 0.000127642
0.42 -3.44 0.000127642
0.42 -3.4 0.000127642
0.42 -3.36 0.000127642
0.42 -3.32 0.000127642
0.42 -3.28 0.000127642
0.42 -3.24 0.000127642
0.42 -3.2 0.000127642
0.42 -3.16 0.000127642
0.42 -3.12 0.000127642
0.42 -3.08 0.000127642
0.42 -3.04 0.000127642
0.42 -3 0.000127642
0.42 -2.96 0.000120714
0.42 -2.92 0.000136526
0.42 -2.88 0.000149326
0.42 -2.84 0.000162631
0.42 -2.8 0.000174778
0.42 -2.76 0.00018257
0.42 -2.72 0.000179287
0.42 -2.68 0.000199614
0.42 -2.64 0.000206246
0.42 -2.6 0.00021573
0.42 -2.56 0.000242928
0.42 -2.52 0.000267425
0.42 -2.48 0.000307069
0.42 -2.44 0.000372013
0.42 -2.4 0.000414773
0.42 -2.36 0.000477775
0.42 -2.32 0.000631358
0.42 -2.28 0.00074157
0.42 -2.24 0.000915214
0.42 -2.2 0.00108116
0.42 -2.16 0.0011486
0.42 -2.12 0.00139103
0.42 -2.08 0.00148662
0.42 -2.04 0.00158172
0.42 -2 0.0017863
0.42 -1.96 0.0017187
0.42 -1.92 0.00187539
0.42 -1.88 0.00196463
0.42 -1.84 0.00195595
0.42 -1.8 0.00214646
0.42 -1.76 0.00227191
0.42 -1.72 0.00223346
0.42 -1.68 0.00233099
0.42 -1.64 0.00252129
0.42 -1.6 0.00239305
0.42 -1.56 0.00252507
0.42 -1.52 0.00259527
0.42 -1.48 0.00255494
0.42 -1.44 0.002658
0.42 -1.4 0.00269342
0.42 -1.36 0.00261366
0.42 -1.32 0.00276925
0.42 -1.28 0.00277376
0.42 -1.24 0.0027587
0.42 -1.2 0.00286803
0.42 -1.16 0.00278776
0.42 -1.12 0.00282929
0.42 -1.08 0.00284699
0.42 -1.04 0.00294607
0.42 -1 0.00293469
0.42 -0.96 0.00287608
0.42 -0.92 0.00292486
0.42 -0.88 0.00287558
0.42 -0.84 0.00291116
0.42 -0.8 0.00294101
0.42 -0.76 0.00285947
0.42 -0.72 0.00286787
0.42 -0.68 0.00284098
0.42 -0.64 0.00273057
0.42 -0.6 0.00278253
0.42 -0.56 0.00261261
0.42 -0.52 0.00242221
0.42 -0.48 0.00222642
0.42 -0.44 0.00197536
0.42 -0.4 0.00190781
0.42 -0.36 0.00182058
0.42 -0.32 0.00170634
0.42 -0.28 0.00164374
0.42 -0.24 0.00156058
0.42 -0.2 0.0015041
0.42 -0.16 0.0014307
0.42 -0.12 0.0013394
0.42 -0.08 0.00122164
0.42 -0.04 0.00104706
0.42 0 0.000802912
0.42 0.04 0.000569427
0.42 0.08 0.000412181
0.42 0.12 0.000314974
0.42 0.16 0.000252384
0.42 0.2 0.000209526
0.42 0.24 0.000178544
0.42 0.28 0.000155159
0.42 0.32 0.000136897
0.42 0.36 0.000122238
0.42 0.4 0.000110213
0.42 0.44 0.000100165
0.42 0.48 9.16513e-05
0.42 0.52 8.43411e-05
0.42 0.56 7.79974e-05
0.42 0.6 7.24454e-05
0.42 0.64 6.75339e-05
0.42 0.68 6.31772e-05
0.42 0.72 5.92823e-05
0.42 0.76 5.57693e-05
0.42 0.8 5.26085e-05
0.42 0.84 4.97264e-05
0.42 0.88 4.71084e-05
0.42 0.92 4.47004e-05
0.42 0.96 4.24991e-05
0.42 1 0
0.42 1.04 0
0.42 1.08 0
0.42 1.12 0
0.42 1.16 0
0.42 1.2 0
0.42 1.24 0
0.42 1.28 0
0.42 1.32 0
0.42 1.36 0
0.42 1.4 0
0.42 1.44 0
0.42 1.48 0
0.42 1.52 0
0.42 1.56 0
0.42 1.6 0
0.42 1.64 0
0.42 1.68 0
0.42 1.72 0
0.42 1.76 0
0.42 1.8 0
0.42 1.84 0
0.42 1.88 0
0.42 1.92 0
0.42 1.96 0
0.42 2 0
0.42 2.04 0
0.42 2.08 0
0.42 2.12 0
0.42 2.16 0
0.42 2.2 0
0.42 2.24 0
0.42 2.28 0
0.42 2.32 0
0.42 2.36 0
0.42 2.4 0
0.42 2.44 0
0.42 2.48 0
0.42 2.52 0
0.42 2.56 0
0.42 2.6 0
0.42 2.64 0
0.42 2.68 0
0.42 2.72 0
0.42 2.76 0
0.42 2.8 0
0.42 2.84 0
0.42 2.88 0
0.42 2.92 0
0.42 2.96 0
0.42 3 0
0.425 -5 0.000128145
0.425 -4.96 0.000128145
0.425 -4.92 0.000128145
0.425 -4.88 0.000128145
0.425 -4.84 0.000128145
0.425 -4.8 0.000128145
0.425 -4.76 0.000128145
0.425 -4.72 0.000128145
0.425 -4.68 0.000128145
0.425 -4.64 0.000128145
0.425 -4.6 0.000128145
0.425 -4.56 0.000128145
0.425 -4.52 0.000128145
0.425 -4.48 0.000128145
0.425 -4.44 0.000128145
0.425 -4.4 0.000128145
0.425 -4.36 0.000128145
0.425 -4.32 0.000128145
0.425 -4.28 0.000128145
0.425 -4.24 0.000128145
0.425 -4.2 0.000128145
0.425 -4.16 0.000128145
0.425 -4.12 0.000128145
0.425 -4.08 0.000128145
0.425 -4.04 0.000128145
0.425 -4 0.000128145
0.425 -3.96 0.000128145
0.425 -3.92 0.000128145
0.425 -3.88 0.000128145
0.425 -3.84 0.000128145
0.425 -3.8 0.000128145
0.425 -3.76 0.000128145
0.425 -3.72 0.000128145
0.425 -3.68 0.000128145
0.425 -3.64 0.000128145
0.425 -3.6 0.000128145
0.425 -3.56 0.000128145
0.425 -3.52 0.000128145
0.425 -3.48 0.000128145
0.425 -3.44 0.000128145
0.425 -3.4 0.000128145
0.425 -3.36 0.000128145
0.425 -3.32 0.000128145
0.425 -3.28 0.000128145
0.425 -3.24 0.000128145
0.425 -3.2 0.000128145
0.425 -3.16 0.000128145
0.425 -3.12 0.000128145
0.425 -3.08 0.000128145
0.425 -3.04 0.000128145
0.425 -3 0.000128145
0.425 -2.96 0.000123282
0.425 -2.92 0.000137394
0.425 -2.88 0.00014847
0.425 -2.84 0.000160669
0.425 -2.8 0.000174213
0.425 -2.76 0.000187652
0.425 -2.72 0.000180767
0.425 -2.68 0.000195151
0.425 -2.64 0.000205467
0.425 -2.6 0.000209404
0.425 -2.56 0.000248962
0.425 -2.52 0.000267052
0.425 -2.48 0.000306553
0.425 -2.44 0.00037221
0.425 -2.4 0.000409395
0.425 -2.36 0.000474358
0.425 -2.32 0.00063336
0.425 -2.28 0.000733596
0.425 -2.24 0.000918406
0.425 -2.2 0.00108082
0.425 -2.16 0.00114819
0.425 -2.12 0.00139706
0.425 -2.08 0.00149408
0.425 -2.04 0.00158803
0.425 -2 0.00179993
0.425 -1.96 0.00175701
0.425 -1.92 0.00192338
0.425 -1.88 0.00199001
0.425 -1.84 0.00196835
0.425 -1.8 0.00218348
0.425 -1.76 0.00232137
0.425 -1.72 0.00228043
0.425 -1.68 0.00233979
0.425 -1.64 0.0025389
0.425 -1.6 0.00242447
0.425 -1.56 0.00254572
0.425 -1.52 0.00261175
0.425 -1.48 0.00258223
0.425 -1.44 0.00269491
0.425 -1.4 0.00271414
0.425 -1.36 0.00262207
0.425 -1.32 0.00280195
0.425 -1.28 0.00280462
0.425 -1.24 0.00275069
0.425 -1.2 0.00290028
0.425 -1.16 0.00281089
0.425 -1.12 0.00285613
0.425 -1.08 0.00281942
0.425 -1.04 0.00291902
0.425 -1 0.00292118
0.425 -0.96 0.00286109
0.425 -0.92 0.00290613
0.425 -0.88 0.00288327
0.425 -0.84 0.00292119
0.425 -0.8 0.00292066
0.425 -0.76 0.0028181
0.425 -0.72 0.00288495
0.425 -0.68 0.00280154
0.425 -0.64 0.00275543
0.425 -0.6 0.00274921
0.425 -0.56 0.00259195
0.425 -0.52 0.00238389
0.425 -0.48 0.0021859
0.425 -0.44 0.00196912
0.425 -0.4 0.00190437
0.425 -0.36 0.00176578
0.425 -0.32 0.00166867
0.425 -0.28 0.00164017
0.425 -0.24 0.00153102
0.425 -0.2 0.00148452
0.425 -0.16 0.00139573
0.425 -0.12 0.00131485
0.425 -0.08 0.00120053
0.425 -0.04 0.00103037
0.425 0 0.000790717
0.425 0.04 0.000561385
0.425 0.08 0.000406488
0.425 0.12 0.000310694
0.425 0.16 0.000249028
0.425 0.2 0.000206812
0.425 0.24 0.000176296
0.425 0.28 0.000153262
0.425 0.32 0.000135271
0.425 0.36 0.000120828
0.425 0.4 0.000108977
0.425 0.44 9.90721e-05
0.425 0.48 9.06775e-05
0.425 0.52 8.34676e-05
0.425 0.56 7.72096e-05
0.425 0.6 7.17312e-05
0.425 0.64 6.6884e-05
0.425 0.68 6.25826e-05
0.425 0.72 5.87365e-05
0.425 0.76 5.52667e-05
0.425 0.8 5.21444e-05
0.425 0.84 4.92963e-05
0.425 0.88 4.67088e-05
0.425 0.92 4.43281e-05
0.425 0.96 4.21517e-05
0.425 1 0
0.425 1.04 0
0.425 1.08 0
0.425 1.12 0
0.425 1.16 0
0.425 1.2 0
0.425 1.24 0
0.425 1.28 0
0.425 1.32 0
0.425 1.36 0
0.425 1.4 0
0.425 1.44 0
0.425 1.48 0
0.425 1.52 0
0.425 1.56 0
0.425 1.6 0
0.425 1.64 0
0.425 1.68 0
0.425 1.72 0
0.425 1.76 0
0.425 1.8 0
0.425 1.84 0
0.425 1.88 0
0.425 1.92 0
0.425 1.96 0
0.425 2 0
0.425 2.04 0
0.425 2.08 0
0.425 2.12 0
0.425 2.16 0
0.425 2.2 0
0.425 2.24 0
0.425 2.28 0
0.425 2.32 0
0.425 2.36 0
0.425 2.4 0
0.425 2.44 0
0.425 2.48 0
0.425 2.52 0
0.425 2.56 0
0.425 2.6 0
0.425 2.64 0
0.425 2.68 0
0.425 2.72 0
0.425 2.76 0
0.425 2.8 0
0.425 2.84 0
0.425 2.88 0
0.425 2.92 0
0.425 2.96 0
0.425 3 0
0.43 -5 0.000126331
0.43 -4.96 0.000126331
0.43 -4.92 0.000126331
0.43 -4.88 0.000126331
0.43 -4.84 0.000126331
0.43 -4.8 0.000126331
0.43 -4.76 0.000126331
0.43 -4.72 0.000126331
0.43 -4.68 0.000126331
0.43 -4.64 0.000126331
0.43 -4.6 0.000126331
0.43 -4.56 0.000126331
0.43 -4.52 0.000126331
0.43 -4.48 0.000126331
0.43 -4.44 0.000126331
0.43 -4.4 0.000126331
0.43 -4.36 0.000126331
0.43 -4.32 0.000126331
0.43 -4.28 0.000126331
0.43 -4.24 0.000126331
0.43 -4.2 0.000126331
0.43 -4.16 0.000126331
0.43 -4.12 0.000126331
0.43 -4.08 0.000126331
0.43 -4.04 0.000126331
0.43 -4 0.000126331
0.43 -3.96 0.000126331
0.43 -3.92 0.000126331
0.43 -3.88 0.000126331
0.43 -3.84 0.000126331
0.43 -3.8 0.000126331
0.43 -3.76 0.000126331
0.43 -3.72 0.000126331
0.43 -3.68 0.000126331
0.43 -3.64 0.000126331
0.43 -3.6 0.000126331
0.43 -3.56 0.000126331
0.43 -3.52 0.000126331
0.43 -3.48 0.000126331
0.43 -3.44 0.000126331
0.43 -3.4 0.000126331
0.43 -3.36 0.000126331
0.43 -3.32 0.000126331
0.43 -3.28 0.000126331
0.43 -3.24 0.000126331
0.43 -3.2 0.000126331
0.43 -3.16 0.000126331
0.43 -3.12 0.000126331
0.43 -3.08 0.000126331
0.43 -3.04 0.000126331
0.43 -3 0.000126331
0.43 -2.96 0.000122731
0.43 -2.92 0.00013673
0.43 -2.88 0.000148419
0.43 -2.84 0.00015847
0.43 -2.8 0.000168579
0.43 -2.76 0.000182245
0.43 -2.72 0.000180578
0.43 -2.68 0.000198452
0.43 -2.64 0.000205872
0.43 -2.6 0.000201961
0.43 -2.56 0.00025064
0.43 -2.52 0.000276124
0.43 -2.48 0.000304591
0.43 -2.44 0.000369571
0.43 -2.4 0.000404105
0.43 -2.36 0.000472552
0.43 -2.32 0.000626217
0.43 -2.28 0.000722053
0.43 -2.24 0.00092516
0.43 -2.2 0.00107993
0.43 -2.16 0.00115644
0.43 -2.12 0.00141258
0.43 -2.08 0.00149178
0.43 -2.04 0.00160206
0.43 -2 0.00181152
0.43 -1.96 0.00178762
0.43 -1.92 0.00195734
0.43 -1.88 0.00199906
0.43 -1.84 0.00197844
0.43 -1.8 0.00222988
0.43 -1.76 0.00237018
0.43 -1.72 0.00230456
0.43 -1.68 0.00237567
0.43 -1.64 0.00253589
0.43 -1.6 0.00244467
0.43 -1.56 0.00258594
0.43 -1.52 0.0026465
0.43 -1.48 0.00260308
0.43 -1.44 0.00274731
0.43 -1.4 0.00272311
0.43 -1.36 0.00265635
0.43 -1.32 0.00285267
0.43 -1.28 0.00283882
0.43 -1.24 0.00273692
0.43 -1.2 0.00289221
0.43 -1.16 0.00283169
0.43 -1.12 0.00288612
0.43 -1.08 0.0027986
0.43 -1.04 0.00289675
0.43 -1 0.00290169
0.43 -0.96 0.00285335
0.43 -0.92 0.00290163
0.43 -0.88 0.00289537
0.43 -0.84 0.00291396
0.43 -0.8 0.00289316
0.43 -0.76 0.0028215
0.43 -0.72 0.00287038
0.43 -0.68 0.00277499
0.43 -0.64 0.00279534
0.43 -0.6 0.00266621
0.43 -0.56 0.00255225
0.43 -0.52 0.00234
0.43 -0.48 0.002123
0.43 -0.44 0.00198187
0.43 -0.4 0.0018558
0.43 -0.36 0.00172671
0.43 -0.32 0.00163111
0.43 -0.28 0.00160307
0.43 -0.24 0.00150446
0.43 -0.2 0.00145261
0.43 -0.16 0.00136684
0.43 -0.12 0.00129109
0.43 -0.08 0.0011797
0.43 -0.04 0.00101353
0.43 0 0.00077851
0.43 0.04 0.00055331
0.43 0.08 0.000400786
0.43 0.12 0.00030642
0.43 0.16 0.000245685
0.43 0.2 0.000204112
0.43 0.24 0.000174062
0.43 0.28 0.000151377
0.43 0.32 0.000133657
0.43 0.36 0.000119429
0.43 0.4 0.00010775
0.43 0.44 9.79871e-05
0.43 0.48 8.97112e-05
0.43 0.52 8.26007e-05
0.43 0.56 7.64277e-05
0.43 0.6 7.10223e-05
0.43 0.64 6.62388e-05
0.43 0.68 6.19925e-05
0.43 0.72 5.81946e-05
0.43 0.76 5.47677e-05
0.43 0.8 5.16834e-05
0.43 0.84 4.8869e-05
0.43 0.88 4.63119e-05
0.43 0.92 4.39584e-05
0.43 0.96 4.18066e-05
0.43 1 0
0.43 1.04 0
0.43 1.08 0
0.43 1.12 0
0.43 1.16 0
0.43 1.2 0
0.43 1.24 0
0.43 1.28 0
0.43 1.32 0
0.43 1.36 0
0.43 1.4 0
0.43 1.44 0
0.43 1.48 0
0.43 1.52 0
0.43 1.56 0
0.43 1.6 0
0.43 1.64 0
0.43 1.68 0
0.43 1.72 0
0.43 1.76 0
0.43 1.8 0
0.43 1.84 0
0.43 1.88 0
0.43 1.92 0
0.43 1.96 0
0.43 2 0
0.43 2.04 0
0.43 2.08 0
0.43 2.12 0
0.43 2.16 0
0.43 2.2 0
0.43 2.24 0
0.43 2.28 0
0.43 2.32 0
0.43 2.36 0
0.43 2.4 0
0.43 2.44 0
0.43 2.48 0
0.43 2.52 0
0.43 2.56 0
0.43 2.6 0
0.43 2.64 0
0.43 2.68 0
0.43 2.72 0
0.43 2.76 0
0.43 2.8 0
0.43 2.84 0
0.43 2.88 0
0.43 2.92 0
0.43 2.96 0
0.43 3 0
0.435 -5 0.000124545
0.435 -4.96 0.000124545
0.435 -4.92 0.000124545
0.435 -4.88 0.000124545
0.435 -4.84 0.000124545
0.435 -4.8 0.000124545
0.435 -4.76 0.000124545
0.435 -4.72 0.000124545
0.435 -4.68 0.000124545
0.435 -4.64 0.000124545
0.435 -4.6 0.000124545
0.435 -4.56 0.000124545
0.435 -4.52 0.000124545
0.435 -4.48 0.000124545
0.435 -4.44 0.000124545
0.435 -4.4 0.000124545
0.435 -4.36 0.000124545
0.435 -4.32 0.000124545
0.435 -4.28 0.000124545
0.435 -4.24 0.000124545
0.435 -4.2 0.000124545
0.435 -4.16 0.000124545
0.435 -4.12 0.000124545
0.435 -4.08 0.000124545
0.435 -4.04 0.000124545
0.435 -4 0.000124545
0.435 -3.96 0.000124545
0.435 -3.92 0.000124545
0.435 -3.88 0.000124545
0.435 -3.84 0.000124545
0.435 -3.8 0.000124545
0.435 -3.76 0.000124545
0.435 -3.72 0.000124545
0.435 -3.68 0.000124545
0.435 -3.64 0.000124545
0.435 -3.6 0.000124545
0.435 -3.56 0.000124545
0.435 -3.52 0.000124545
0.435 -3.48 0.000124545
0.435 -3.44 0.000124545
0.435 -3.4 0.000124545
0.435 -3.36 0.000124545
0.435 -3.32 0.000124545
0.435 -3.28 0.000124545
0.435 -3.24 0.000124545
0.435 -3.2 0.000124545
0.435 -3.16 0.000124545
0.435 -3.12 0.000124545
0.435 -3.08 0.000124545
0.435 -3.04 0.000124545
0.435 -3 0.000124545
0.435 -2.96 0.000120718
0.435 -2.92 0.000136952
0.435 -2.88 0.000149392
0.435 -2.84 0.000155702
0.435 -2.8 0.000162501
0.435 -2.76 0.000170902
0.435 -2.72 0.000179456
0.435 -2.68 0.00020414
0.435 -2.64 0.000208555
0.435 -2.6 0.000204796
0.435 -2.56 0.000249979
0.435 -2.52 0.000284145
0.435 -2.48 0.000301169
0.435 -2.44 0.000368259
0.435 -2.4 0.00040226
0.435 -2.36 0.000473401
0.435 -2.32 0.000613839
0.435 -2.28 0.000710196
0.435 -2.24 0.000925599
0.435 -2.2 0.00108397
0.435 -2.16 0.00116709
0.435 -2.12 0.00142723
0.435 -2.08 0.00148528
0.435 -2.04 0.00163028
0.435 -2 0.00183486
0.435 -1.96 0.00180587
0.435 -1.92 0.00195039
0.435 -1.88 0.00199993
0.435 -1.84 0.00199281
0.435 -1.8 0.00225694
0.435 -1.76 0.00240503
0.435 -1.72 0.00230306
0.435 -1.68 0.00241274
0.435 -1.64 0.00253259
0.435 -1.6 0.00245495
0.435 -1.56 0.00261501
0.435 -1.52 0.0026816
0.435 -1.48 0.00261337
0.435 -1.44 0.00276104
0.435 -1.4 0.002729
0.435 -1.36 0.00269259
0.435 -1.32 0.00288564
0.435 -1.28 0.00285578
0.435 -1.24 0.00274466
0.435 -1.2 0.0028539
0.435 -1.16 0.00282636
0.435 -1.12 0.0028917
0.435 -1.08 0.00281629
0.435 -1.04 0.00290214
0.435 -1 0.00288571
0.435 -0.96 0.00285074
0.435 -0.92 0.0028912
0.435 -0.88 0.00287402
0.435 -0.84 0.00288638
0.435 -0.8 0.00284629
0.435 -0.76 0.00283963
0.435 -0.72 0.0028391
0.435 -0.68 0.00274709
0.435 -0.64 0.00274886
0.435 -0.6 0.00258729
0.435 -0.56 0.00249652
0.435 -0.52 0.0023055
0.435 -0.48 0.00207506
0.435 -0.44 0.00195312
0.435 -0.4 0.0017789
0.435 -0.36 0.00171013
0.435 -0.32 0.00160213
0.435 -0.28 0.00153763
0.435 -0.24 0.00147707
0.435 -0.2 0.00141844
0.435 -0.16 0.00134757
0.435 -0.12 0.00126867
0.435 -0.08 0.00115884
0.435 -0.04 0.00099591
0.435 0 0.000766302
0.435 0.04 0.000545206
0.435 0.08 0.000395079
0.435 0.12 0.000302156
0.435 0.16 0.000242356
0.435 0.2 0.000201427
0.435 0.24 0.000171843
0.435 0.28 0.000149507
0.435 0.32 0.000132056
0.435 0.36 0.00011804
0.435 0.4 0.000106533
0.435 0.44 9.69107e-05
0.435 0.48 8.87525e-05
0.435 0.52 8.17407e-05
0.435 0.56 7.5652e-05
0.435 0.6 7.03188e-05
0.435 0.64 6.55987e-05
0.435 0.68 6.14067e-05
0.435 0.72 5.76568e-05
0.435 0.76 5.42723e-05
0.435 0.8 5.12259e-05
0.435 0.84 4.84448e-05
0.435 0.88 4.59177e-05
0.435 0.92 4.35912e-05
0.435 0.96 4.14639e-05
0.435 1 0
0.435 1.04 0
0.435 1.08 0
0.435 1.12 0
0.435 1.16 0
0.435 1.2 0
0.435 1.24 0
0.435 1.28 0
0.435 1.32 0
0.435 1.36 0
0.435 1.4 0
0.435 1.44 0
0.435 1.48 0
0.435 1.52 0
0.435 1.56 0
0.435 1.6 0
0.435 1.64 0
0.435 1.68 0
0.435 1.72 0
0.435 1.76 0
0.435 1.8 0
0.435 1.84 0
0.435 1.88 0
0.435 1.92 0
0.435 1.96 0
0.435 2 0
0.435 2.04 0
0.435 2.08 0
0.435 2.12 0
0.435 2.16 0
0.435 2.2 0
0.435 2.24 0
0.435 2.28 0
0.435 2.32 0
0.435 2.36 0
0.435 2.4 0
0.435 2.44 0
0.435 2.48 0
0.435 2.52 0
0.435 2.56 0
0.435 2.6 0
0.435 2.64 0
0.435 2.68 0
0.435 2.72 0
0.435 2.76 0
0.435 2.8 0
0.435 2.84 0
0.435 2.88 0
0.435 2.92 0
0.435 2.96 0
0.435 3 0
0.44 -5 0.000124959
0.44 -4.96 0.000124959
0.44 -4.92 0.000124959
0.44 -4.88 0.000124959
0.44 -4.84 0.000124959
0.44 -4.8 0.000124959
0.44 -4.76 0.000124959
0.44 -4.72 0.000124959
0.44 -4.68 0.000124959
0.44 -4.64 0.000124959
0.44 -4.6 0.000124959
0.44 -4.56 0.000124959
0.44 -4.52 0.000124959
0.44 -4.48 0.000124959
0.44 -4.44 0.000124959
0.44 -4.4 0.000124959
0.44 -4.36 0.000124959
0.44 -4.32 0.000124959
0.44 -4.28 0.000124959
0.44 -4.24 0.000124959
0.44 -4.2 0.000124959
0.44 -4.16 0.000124959
0.44 -4.12 0.000124959
0.44 -4.08 0.000124959
0.44 -4.04 0.000124959
0.44 -4 0.000124959
0.44 -3.96 0.000124959
0.44 -3.92 0.000124959
0.44 -3.88 0.000124959
0.44 -3.84 0.000124959
0.44 -3.8 0.000124959
0.44 -3.76 0.000124959
0.44 -3.72 0.000124959
0.44 -3.68 0.000124959
0.44 -3.64 0.000124959
0.44 -3.6 0.000124959
0.44 -3.56 0.000124959
0.44 -3.52 0.000124959
0.44 -3.48 0.000124959
0.44 -3.44 0.000124959
0.44 -3.4 0.000124959
0.44 -3.36 0.000124959
0.44 -3.32 0.000124959
0.44 -3.28 0.000124959
0.44 -3.24 0.000124959
0.44 -3.2 0.000124959
0.44 -3.16 0.000124959
0.44 -3.12 0.000124959
0.44 -3.08 0.000124959
0.44 -3.04 0.000124959
0.44 -3 0.000124959
0.44 -2.96 0.000120818
0.44 -2.92 0.000139195
0.44 -2.88 0.000150549
0.44 -2.84 0.000152849
0.44 -2.8 0.000160446
0.44 -2.76 0.000166541
0.44 -2.72 0.000178298
0.44 -2.68 0.000202367
0.44 -2.64 0.00020938
0.44 -2.6 0.000214384
0.44 -2.56 0.000252227
0.44 -2.52 0.000282857
0.44 -2.48 0.000298721
0.44 -2.44 0.000370434
0.44 -2.4 0.000401733
0.44 -2.36 0.000472595
0.44 -2.32 0.000608428
0.44 -2.28 0.000701131
0.44 -2.24 0.000917094
0.44 -2.2 0.00109053
0.44 -2.16 0.00117429
0.44 -2.12 0.00143745
0.44 -2.08 0.00147856
0.44 -2.04 0.00165089
0.44 -2 0.00185897
0.44 -1.96 0.00182329
0.44 -1.92 0.0019487
0.44 -1.88 0.00200845
0.44 -1.84 0.00201201
0.44 -1.8 0.00226616
0.44 -1.76 0.00242934
0.44 -1.72 0.00231193
0.44 -1.68 0.00243304
0.44 -1.64 0.00254628
0.44 -1.6 0.00247842
0.44 -1.56 0.00261975
0.44 -1.52 0.00270763
0.44 -1.48 0.00263278
0.44 -1.44 0.00273791
0.44 -1.4 0.00274239
0.44 -1.36 0.00269806
0.44 -1.32 0.00289082
0.44 -1.28 0.00285954
0.44 -1.24 0.00278395
0.44 -1.2 0.00285101
0.44 -1.16 0.00280483
0.44 -1.12 0.00288074
0.44 -1.08 0.00285054
0.44 -1.04 0.00290788
0.44 -1 0.00288857
0.44 -0.96 0.00284848
0.44 -0.92 0.00286782
0.44 -0.88 0.00282116
0.44 -0.84 0.00286148
0.44 -0.8 0.00279801
0.44 -0.76 0.00283675
0.44 -0.72 0.00281359
0.44 -0.68 0.00273272
0.44 -0.64 0.00265813
0.44 -0.6 0.00256915
0.44 -0.56 0.00244938
0.44 -0.52 0.00227709
0.44 -0.48 0.00204666
0.44 -0.44 0.00189388
0.44 -0.4 0.0017216
0.44 -0.36 0.00168065
0.44 -0.32 0.00158672
0.44 -0.28 0.00148412
0.44 -0.24 0.00145134
0.44 -0.2 0.0013897
0.44 -0.16 0.00132945
0.44 -0.12 0.00124644
0.44 -0.08 0.00113814
0.44 -0.04 0.000977896
0.44 0 0.000754101
0.44 0.04 0.00053708
0.44 0.08 0.00038937
0.44 0.12 0.000297903
0.44 0.16 0.000239043
0.44 0.2 0.000198759
0.44 0.24 0.000169639
0.44 0.28 0.00014765
0.44 0.32 0.000130466
0.44 0.36 0.000116662
0.44 0.4 0.000105326
0.44 0.44 9.58432e-05
0.44 0.48 8.78017e-05
0.44 0.52 8.08877e-05
0.44 0.56 7.48825e-05
0.44 0.6 6.9621e-05
0.44 0.64 6.49636e-05
0.44 0.68 6.08256e-05
0.44 0.72 5.7123e-05
0.44 0.76 5.37808e-05
0.44 0.8 5.07717e-05
0.44 0.84 4.80237e-05
0.44 0.88 4.55264e-05
0.44 0.92 4.32267e-05
0.44 0.96 4.11235e-05
0.44 1 0
0.44 1.04 0
0.44 1.08 0
0.44 1.12 0
0.44 1.16 0
0.44 1.2 0
0.44 1.24 0
0.44 1.28 0
0.44 1.32 0
0.44 1.36 0
0.44 1.4 0
0.44 1.44 0
0.44 1.48 0
0.44 1.52 0
0.44 1.56 0
0.44 1.6 0
0.44 1.64 0
0.44 1.68 0
0.44 1.72 0
0.44 1.76 0
0.44 1.8 0
0.44 1.84 0
0.44 1.88 0
0.44 1.92 0
0.44 1.96 0
0.44 2 0
0.44 2.04 0
0.44 2.08 0
0.44 2.12 0
0.44 2.16 0
0.44 2.2 0
0.44 2.24 0
0.44 2.28 0
0.44 2.32 0
0.44 2.36 0
0.44 2.4 0
0.44 2.44 0
0.44 2.48 0
0.44 2.52 0
0.44 2.56 0
0.44 2.6 0
0.44 2.64 0
0.44 2.68 0
0.44 2.72 0
0.44 2.76 0
0.44 2.8 0
0.44 2.84 0
0.44 2.88 0
0.44 2.92 0
0.44 2.96 0
0.44 3 0
0.445 -5 0.000126963
0.445 -4.96 0.000126963
0.445 -4.92 0.000126963
0.445 -4.88 0.000126963
0.445 -4.84 0.000126963
0.445 -4.8 0.000126963
0.445 -4.76 0.000126963
0.445 -4.72 0.000126963
0.445 -4.68 0.000126963
0.445 -4.64 0.000126963
0.445 -4.6 0.000126963
0.445 -4.56 0.000126963
0.445 -4.52 0.000126963
0.445 -4.48 0.000126963
0.445 -4.44 0.000126963
0.445 -4.4 0.000126963
0.445 -4.36 0.000126963
0.445 -4.32 0.000126963
0.445 -4.28 0.000126963
0.445 -4.24 0.000126963
0.445 -4.2 0.000126963
0.445 -4.16 0.000126963
0.445 -4.12 0.000126963
0.445 -4.08 0.000126963
0.445 -4.04 0.000126963
0.445 -4 0.000126963
0.445 -3.96 0.000126963
0.445 -3.92 0.000126963
0.445 -3.88 0.000126963
0.445 -3.84 0.000126963
0.445 -3.8 0.000126963
0.445 -3.76 0.000126963
0.445 -3.72 0.000126963
0.445 -3.68 0.000126963
0.445 -3.64 0.000126963
0.445 -3.6 0.000126963
0.445 -3.56 0.000126963
0.445 -3.52 0.000126963
0.445 -3.48 0.000126963
0.445 -3.44 0.000126963
0.445 -3.4 0.000126963
0.445 -3.36 0.000126963
0.445 -3.32 0.000126963
0.445 -3.28 0.000126963
0.445 -3.24 0.000126963
0.445 -3.2 0.000126963
0.445 -3.16 0.000126963
0.445 -3.12 0.000126963
0.445 -3.08 0.000126963
0.445 -3.04 0.000126963
0.445 -3 0.000126963
0.445 -2.96 0.00012363
0.445 -2.92 0.000139407
0.445 -2.88 0.000150513
0.445 -2.84 0.000152263
0.445 -2.8 0.00016232
0.445 -2.76 0.000174967
0.445 -2.72 0.000176526
0.445 -2.68 0.000194926
0.445 -2.64 0.00020679
0.445 -2.6 0.00021768
0.445 -2.56 0.000254816
0.445 -2.52 0.000278946
0.445 -2.48 0.000298548
0.445 -2.44 0.000373472
0.445 -2.4 0.000398795
0.445 -2.36 0.000465951
0.445 -2.32 0.000613509
0.445 -2.28 0.000695663
0.445 -2.24 0.000907786
0.445 -2.2 0.00109288
0.445 -2.16 0.00118005
0.445 -2.12 0.00144507
0.445 -2.08 0.00147453
0.445 -2.04 0.00164415
0.445 -2 0.00187103
0.445 -1.96 0.00185036
0.445 -1.92 0.00200303
0.445 -1.88 0.002027
0.445 -1.84 0.00202922
0.445 -1.8 0.0022855
0.445 -1.76 0.0024534
0.445 -1.72 0.00235377
0.445 -1.68 0.0024546
0.445 -1.64 0.00256675
0.445 -1.6 0.00251944
0.445 -1.56 0.00262603
0.445 -1.52 0.00273292
0.445 -1.48 0.00266704
0.445 -1.44 0.00272269
0.445 -1.4 0.00276245
0.445 -1.36 0.00268758
0.445 -1.32 0.00289247
0.445 -1.28 0.00286461
0.445 -1.24 0.00282195
0.445 -1.2 0.00289841
0.445 -1.16 0.00279914
0.445 -1.12 0.00287502
0.445 -1.08 0.00286929
0.445 -1.04 0.00287999
0.445 -1 0.00290396
0.445 -0.96 0.00284775
0.445 -0.92 0.00284852
0.445 -0.88 0.0027754
0.445 -0.84 0.00285121
0.445 -0.8 0.00277482
0.445 -0.76 0.00281399
0.445 -0.72 0.00279129
0.445 -0.68 0.00273707
0.445 -0.64 0.00262991
0.445 -0.6 0.00258821
0.445 -0.56 0.00240845
0.445 -0.52 0.00223853
0.445 -0.48 0.0020055
0.445 -0.44 0.00185476
0.445 -0.4 0.00170214
0.445 -0.36 0.00162221
0.445 -0.32 0.00158294
0.445 -0.28 0.00146948
0.445 -0.24 0.00143305
0.445 -0.2 0.00136391
0.445 -0.16 0.00130503
0.445 -0.12 0.00122373
0.445 -0.08 0.00111797
0.445 -0.04 0.000960411
0.445 0 0.000741917
0.445 0.04 0.000528938
0.445 0.08 0.000383663
0.445 0.12 0.000293663
0.445 0.16 0.000235746
0.445 0.2 0.000196107
0.445 0.24 0.000167451
0.445 0.28 0.000145808
0.445 0.32 0.00012889
0.445 0.36 0.000115296
0.445 0.4 0.000104129
0.445 0.44 9.47846e-05
0.445 0.48 8.68588e-05
0.445 0.52 8.00418e-05
0.445 0.56 7.41194e-05
0.445 0.6 6.89289e-05
0.445 0.64 6.43337e-05
0.445 0.68 6.02491e-05
0.445 0.72 5.65935e-05
0.445 0.76 5.32931e-05
0.445 0.8 5.0321e-05
0.445 0.84 4.76058e-05
0.445 0.88 4.5138e-05
0.445 0.92 4.28648e-05
0.445 0.96 4.07857e-05
0.445 1 0
0.445 1.04 0
0.445 1.08 0
0.445 1.12 0
0.445 1.16 0
0.445 1.2 0
0.445 1.24 0
0.445 1.28 0
0.445 1.32 0
0.445 1.36 0
0.445 1.4 0
0.445 1.44 0
0.445 1.48 0
0.445 1.52 0
0.445 1.56 0
0.445 1.6 0
0.445 1.64 0
0.445 1.68 0
0.445 1.72 0
0.445 1.76 0
0.445 1.8 0
0.445 1.84 0
0.445 1.88 0
0.445 1.92 0
0.445 1.96 0
0.445 2 0
0.445 2.04 0
0.445 2.08 0
0.445 2.12 0
0.445 2.16 0
0.445 2.2 0
0.445 2.24 0
0.445 2.28 0
0.445 2.32 0
0.445 2.36 0
0.445 2.4 0
0.445 2.44 0
0.445 2.48 0
0.445 2.52 0
0.445 2.56 0
0.445 2.6 0
0.445 2.64 0
0.445 2.68 0
0.445 2.72 0
0.445 2.76 0
0.445 2.8 0
0.445 2.84 0
0.445 2.88 0
0.445 2.92 0
0.445 2.96 0
0.445 3 0
0.45 -5 0.000127962
0.45 -4.96 0.000127962
0.45 -4.92 0.000127962
0.45 -4.88 0.000127962
0.45 -4.84 0.000127962
0.45 -4.8 0.000127962
0.45 -4.76 0.000127962
0.45 -4.72 0.000127962
0.45 -4.68 0.000127962
0.45 -4.64 0.000127962
0.45 -4.6 0.000127962
0.45 -4.56 0.000127962
0.45 -4.52 0.000127962
0.45 -4.48 0.000127962
0.45 -4.44 0.000127962
0.45 -4.4 0.000127962
0.45 -4.36 0.000127962
0.45 -4.32 0.000127962
0.45 -4.28 0.000127962
0.45 -4.24 0.000127962
0.45 -4.2 0.000127962
0.45 -4.16 0.000127962
0.45 -4.12 0.000127962
0.45 -4.08 0.000127962
0.45 -4.04 0.000127962
0.45 -4 0.000127962
0.45 -3.96 0.000127962
0.45 -3.92 0.000127962
0.45 -3.88 0.000127962
0.45 -3.84 0.000127962
0.45 -3.8 0.000127962
0.45 -3.76 0.000127962
0.45 -3.72 0.000127962
0.45 -3.68 0.000127962
0.45 -3.64 0.000127962
0.45 -3.6 0.000127962
0.45 -3.56 0.000127962
0.45 -3.52 0.000127962
0.45 -3.48 0.000127962
0.45 -3.44 0.000127962
0.45 -3.4 0.000127962
0.45 -3.36 0.000127962
0.45 -3.32 0.000127962
0.45 -3.28 0.000127962
0.45 -3.24 0.000127962
0.45 -3.2 0.000127962
0.45 -3.16 0.000127962
0.45 -3.12 0.000127962
0.45 -3.08 0.000127962
0.45 -3.04 0.000127962
0.45 -3 0.000127962
0.45 -2.96 0.000126728
0.45 -2.92 0.000135114
0.45 -2.88 0.000148758
0.45 -2.84 0.000154362
0.45 -2.8 0.000164347
0.45 -2.76 0.00018732
0.45 -2.72 0.000174677
0.45 -2.68 0.000191038
0.45 -2.64 0.000205242
0.45 -2.6 0.000212157
0.45 -2.56 0.00025198
0.45 -2.52 0.000282244
0.45 -2.48 0.000300465
0.45 -2.44 0.000374677
0.45 -2.4 0.000395446
0.45 -2.36 0.00045721
0.45 -2.32 0.000619721
0.45 -2.28 0.000693324
0.45 -2.24 0.000904857
0.45 -2.2 0.00109031
0.45 -2.16 0.00119022
0.45 -2.12 0.00144966
0.45 -2.08 0.00147725
0.45 -2.04 0.00162739
0.45 -2 0.00188038
0.45 -1.96 0.0018882
0.45 -1.92 0.00208594
0.45 -1.88 0.00204369
0.45 -1.84 0.00204433
0.45 -1.8 0.00232406
0.45 -1.76 0.00248155
0.45 -1.72 0.00240331
0.45 -1.68 0.00249487
0.45 -1.64 0.00257827
0.45 -1.6 0.00255338
0.45 -1.56 0.00265853
0.45 -1.52 0.00276183
0.45 -1.48 0.00269497
0.45 -1.44 0.00273187
0.45 -1.4 0.00278041
0.45 -1.36 0.00270347
0.45 -1.32 0.00290638
0.45 -1.28 0.00287422
0.45 -1.24 0.0028301
0.45 -1.2 0.00293846
0.45 -1.16 0.00280961
0.45 -1.12 0.00287904
0.45 -1.08 0.00287871
0.45 -1.04 0.00283641
0.45 -1 0.00290635
0.45 -0.96 0.00284901
0.45 -0.92 0.00284496
0.45 -0.88 0.00275433
0.45 -0.84 0.00284003
0.45 -0.8 0.0027719
0.45 -0.76 0.00279112
0.45 -0.72 0.00276646
0.45 -0.68 0.00273309
0.45 -0.64 0.00265904
0.45 -0.6 0.00257607
0.45 -0.56 0.0023511
0.45 -0.52 0.0021831
0.45 -0.48 0.0019416
0.45 -0.44 0.00183905
0.45 -0.4 0.00169487
0.45 -0.36 0.00157211
0.45 -0.32 0.00157504
0.45 -0.28 0.00147848
0.45 -0.24 0.00141944
0.45 -0.2 0.00133819
0.45 -0.16 0.00127787
0.45 -0.12 0.00120159
0.45 -0.08 0.00109838
0.45 -0.04 0.000943779
0.45 0 0.000729758
0.45 0.04 0.000520786
0.45 0.08 0.00037796
0.45 0.12 0.000289437
0.45 0.16 0.000232467
0.45 0.2 0.000193473
0.45 0.24 0.000165279
0.45 0.28 0.00014398
0.45 0.32 0.000127326
0.45 0.36 0.000113941
0.45 0.4 0.000102942
0.45 0.44 9.37353e-05
0.45 0.48 8.59242e-05
0.45 0.52 7.92032e-05
0.45 0.56 7.33629e-05
0.45 0.6 6.82427e-05
0.45 0.64 6.3709e-05
0.45 0.68 5.96775e-05
0.45 0.72 5.60684e-05
0.45 0.76 5.28094e-05
0.45 0.8 4.98739e-05
0.45 0.84 4.71912e-05
0.45 0.88 4.47526e-05
0.45 0.92 4.25058e-05
0.45 0.96 4.04504e-05
0.45 1 0
0.45 1.04 0
0.45 1.08 0
0.45 1.12 0
0.45 1.16 0
0.45 1.2 0
0.45 1.24 0
0.45 1.28 0
0.45 1.32 0
0.45 1.36 0
0.45 1.4 0
0.45 1.44 0
0.45 1.48 0
0.45 1.52 0
0.45 1.56 0
0.45 1.6 0
0.45 1.64 0
0.45 1.68 0
0.45 1.72 0
0.45 1.76 0
0.45 1.8 0
0.45 1.84 0
0.45 1.88 0
0.45 1.92 0
0.45 1.96 0
0.45 2 0
0.45 2.04 0
0.45 2.08 0
0.45 2.12 0
0.45 2.16 0
0.45 2.2 0
0.45 2.24 0
0.45 2.28 0
0.45 2.32 0
0.45 2.36 0
0.45 2.4 0
0.45 2.44 0
0.45 2.48 0
0.45 2.52 0
0.45 2.56 0
0.45 2.6 0
0.45 2.64 0
0.45 2.68 0
0.45 2.72 0
0.45 2.76 0
0.45 2.8 0
0.45 2.84 0
0.45 2.88 0
0.45 2.92 0
0.45 2.96 0
0.45 3 0
0.455 -5 0.000126875
0.455 -4.96 0.000126875
0.455 -4.92 0.000126875
0.455 -4.88 0.000126875
0.455 -4.84 0.000126875
0.455 -4.8 0.000126875
0.455 -4.76 0.000126875
0.455 -4.72 0.000126875
0.455 -4.68 0.000126875
0.455 -4.64 0.000126875
0.455 -4.6 0.000126875
0.455 -4.56 0.000126875
0.455 -4.52 0.000126875
0.455 -4.48 0.000126875
0.455 -4.44 0.000126875
0.455 -4.4 0.000126875
0.455 -4.36 0.000126875
0.455 -4.32 0.000126875
0.455 -4.28 0.000126875
0.455 -4.24 0.000126875
0.455 -4.2 0.000126875
0.455 -4.16 0.000126875
0.455 -4.12 0.000126875
0.455 -4.08 0.000126875
0.455 -4.04 0.000126875
0.455 -4 0.000126875
0.455 -3.96 0.000126875
0.455 -3.92 0.000126875
0.455 -3.88 0.000126875
0.455 -3.84 0.000126875
0.455 -3.8 0.000126875
0.455 -3.76 0.000126875
0.455 -3.72 0.000126875
0.455 -3.68 0.000126875
0.455 -3.64 0.000126875
0.455 -3.6 0.000126875
0.455 -3.56 0.000126875
0.455 -3.52 0.000126875
0.455 -3.48 0.000126875
0.455 -3.44 0.000126875
0.455 -3.4 0.000126875
0.455 -3.36 0.000126875
0.455 -3.32 0.000126875
0.455 -3.28 0.000126875
0.455 -3.24 0.000126875
0.455 -3.2 0.000126875
0.455 -3.16 0.000126875
0.455 -3.12 0.000126875
0.455 -3.08 0.000126875
0.455 -3.04 0.000126875
0.455 -3 0.000126875
0.455 -2.96 0.000128532
0.455 -2.92 0.000131209
0.455 -2.88 0.000146229
0.455 -2.84 0.00015614
0.455 -2.8 0.000163772
0.455 -2.76 0.000190517
0.455 -2.72 0.000175515
0.455 -2.68 0.000191538
0.455 -2.64 0.000207911
0.455 -2.6 0.000209174
0.455 -2.56 0.000246237
0.455 -2.52 0.000289443
0.455 -2.48 0.000303354
0.455 -2.44 0.000374503
0.455 -2.4 0.000396768
0.455 -2.36 0.000454169
0.455 -2.32 0.00061934
0.455 -2.28 0.000694015
0.455 -2.24 0.00090533
0.455 -2.2 0.00108757
0.455 -2.16 0.00120467
0.455 -2.12 0.00144978
0.455 -2.08 0.0014894
0.455 -2.04 0.00163516
0.455 -2 0.00190226
0.455 -1.96 0.00193181
0.455 -1.92 0.00213112
0.455 -1.88 0.00205459
0.455 -1.84 0.00206732
0.455 -1.8 0.0023602
0.455 -1.76 0.00251023
0.455 -1.72 0.00242578
0.455 -1.68 0.00253658
0.455 -1.64 0.0025864
0.455 -1.6 0.00256437
0.455 -1.56 0.00270628
0.455 -1.52 0.00278847
0.455 -1.48 0.00270496
0.455 -1.44 0.00273859
0.455 -1.4 0.00279415
0.455 -1.36 0.00274853
0.455 -1.32 0.00291997
0.455 -1.28 0.00288338
0.455 -1.24 0.00282506
0.455 -1.2 0.00293677
0.455 -1.16 0.00280418
0.455 -1.12 0.00287933
0.455 -1.08 0.00289671
0.455 -1.04 0.00282297
0.455 -1 0.00288544
0.455 -0.96 0.0028413
0.455 -0.92 0.00284571
0.455 -0.88 0.00273924
0.455 -0.84 0.00281265
0.455 -0.8 0.00276003
0.455 -0.76 0.00276672
0.455 -0.72 0.00274817
0.455 -0.68 0.00270253
0.455 -0.64 0.00264098
0.455 -0.6 0.00251786
0.455 -0.56 0.00228481
0.455 -0.52 0.00212095
0.455 -0.48 0.00189024
0.455 -0.44 0.00180111
0.455 -0.4 0.0016736
0.455 -0.36 0.00156891
0.455 -0.32 0.00153895
0.455 -0.28 0.00147767
0.455 -0.24 0.00139861
0.455 -0.2 0.0013182
0.455 -0.16 0.00125586
0.455 -0.12 0.0011812
0.455 -0.08 0.00107904
0.455 -0.04 0.000927486
0.455 0 0.000717633
0.455 0.04 0.000512628
0.455 0.08 0.000372265
0.455 0.12 0.000285228
0.455 0.16 0.000229207
0.455 0.2 0.000190858
0.455 0.24 0.000163125
0.455 0.28 0.000142168
0.455 0.32 0.000125777
0.455 0.36 0.000112598
0.455 0.4 0.000101766
0.455 0.44 9.26953e-05
0.455 0.48 8.4998e-05
0.455 0.52 7.83721e-05
0.455 0.56 7.26131e-05
0.455 0.6 6.75625e-05
0.455 0.64 6.30898e-05
0.455 0.68 5.91107e-05
0.455 0.72 5.55476e-05
0.455 0.76 5.23297e-05
0.455 0.8 4.94305e-05
0.455 0.84 4.67799e-05
0.455 0.88 4.43702e-05
0.455 0.92 4.21496e-05
0.455 0.96 4.01178e-05
0.455 1 0
0.455 1.04 0
0.455 1.08 0
0.455 1.12 0
0.455 1.16 0
0.455 1.2 0
0.455 1.24 0
0.455 1.28 0
0.455 1.32 0
0.455 1.36 0
0.455 1.4 0
0.455 1.44 0
0.455 1.48 0
0.455 1.52 0
0.455 1.56 0
0.455 1.6 0
0.455 1.64 0
0.455 1.68 0
0.455 1.72 0
0.455 1.76 0
0.455 1.8 0
0.455 1.84 0
0.455 1.88 0
0.455 1.92 0
0.455 1.96 0
0.455 2 0
0.455 2.04 0
0.455 2.08 0
0.455 2.12 0
0.455 2.16 0
0.455 2.2 0
0.455 2.24 0
0.455 2.28 0
0.455 2.32 0
0.455 2.36 0
0.455 2.4 0
0.455 2.44 0
0.455 2.48 0
0.455 2.52 0
0.455 2.56 0
0.455 2.6 0
0.455 2.64 0
0.455 2.68 0
0.455 2.72 0
0.455 2.76 0
0.455 2.8 0
0.455 2.84 0
0.455 2.88 0
0.455 2.92 0
0.455 2.96 0
0.455 3 0
0.46 -5 0.000125635
0.46 -4.96 0.000125635
0.46 -4.92 0.000125635
0.46 -4.88 0.000125635
0.46 -4.84 0.000125635
0.46 -4.8 0.000125635
0.46 -4.76 0.000125635
0.46 -4.72 0.000125635
0.46 -4.68 0.000125635
0.46 -4.64 0.000125635
0.46 -4.6 0.000125635
0.46 -4.56 0.000125635
0.46 -4.52 0.000125635
0.46 -4.48 0.000125635
0.46 -4.44 0.000125635
0.46 -4.4 0.000125635
0.46 -4.36 0.000125635
0.46 -4.32 0.000125635
0.46 -4.28 0.000125635
0.46 -4.24 0.000125635
0.46 -4.2 0.000125635
0.46 -4.16 0.000125635
0.46 -4.12 0.000125635
0.46 -4.08 0.000125635
0.46 -4.04 0.000125635
0.46 -4 0.000125635
0.46 -3.96 0.000125635
0.46 -3.92 0.000125635
0.46 -3.88 0.000125635
0.46 -3.84 0.000125635
0.46 -3.8 0.000125635
0.46 -3.76 0.000125635
0.46 -3.72 0.000125635
0.46 -3.68 0.000125635
0.46 -3.64 0.000125635
0.46 -3.6 0.000125635
0.46 -3.56 0.000125635
0.46 -3.52 0.000125635
0.46 -3.48 0.000125635
0.46 -3.44 0.000125635
0.46 -3.4 0.000125635
0.46 -3.36 0.000125635
0.46 -3.32 0.000125635
0.46 -3.28 0.000125635
0.46 -3.24 0.000125635
0.46 -3.2 0.000125635
0.46 -3.16 0.000125635
0.46 -3.12 0.000125635
0.46 -3.08 0.000125635
0.46 -3.04 0.000125635
0.46 -3 0.000125635
0.46 -2.96 0.000129502
0.46 -2.92 0.000133272
0.46 -2.88 0.000144377
0.46 -2.84 0.00015553
0.46 -2.8 0.000161583
0.46 -2.76 0.000182464
0.46 -2.72 0.000179645
0.46 -2.68 0.000189229
0.46 -2.64 0.000211319
0.46 -2.6 0.000216514
0.46 -2.56 0.000244949
0.46 -2.52 0.000290409
0.46 -2.48 0.000304668
0.46 -2.44 0.000373276
0.46 -2.4 0.000402163
0.46 -2.36 0.000458156
0.46 -2.32 0.000615995
0.46 -2.28 0.000697596
0.46 -2.24 0.000901528
0.46 -2.2 0.00108518
0.46 -2.16 0.00121579
0.46 -2.12 0.00144927
0.46 -2.08 0.00150982
0.46 -2.04 0.00167244
0.46 -2 0.00193061
0.46 -1.96 0.00196999
0.46 -1.92 0.00213365
0.46 -1.88 0.00207403
0.46 -1.84 0.00210177
0.46 -1.8 0.00238049
0.46 -1.76 0.00253432
0.46 -1.72 0.00243065
0.46 -1.68 0.00255773
0.46 -1.64 0.00260444
0.46 -1.6 0.00256969
0.46 -1.56 0.0027414
0.46 -1.52 0.00281032
0.46 -1.48 0.00271559
0.46 -1.44 0.00272666
0.46 -1.4 0.00281064
0.46 -1.36 0.00278115
0.46 -1.32 0.00292066
0.46 -1.28 0.00289035
0.46 -1.24 0.00283424
0.46 -1.2 0.00293029
0.46 -1.16 0.0027785
0.46 -1.12 0.00286277
0.46 -1.08 0.00290922
0.46 -1.04 0.00284483
0.46 -1 0.00285895
0.46 -0.96 0.002816
0.46 -0.92 0.00283627
0.46 -0.88 0.00272222
0.46 -0.84 0.00277916
0.46 -0.8 0.00272806
0.46 -0.76 0.0027263
0.46 -0.72 0.0027332
0.46 -0.68 0.00266258
0.46 -0.64 0.00254451
0.46 -0.6 0.0024606
0.46 -0.56 0.00224789
0.46 -0.52 0.00206716
0.46 -0.48 0.00187744
0.46 -0.44 0.00172574
0.46 -0.4 0.00164428
0.46 -0.36 0.00158889
0.46 -0.32 0.00147038
0.46 -0.28 0.00145241
0.46 -0.24 0.00136444
0.46 -0.2 0.0013087
0.46 -0.16 0.00123917
0.46 -0.12 0.00116194
0.46 -0.08 0.00105971
0.46 -0.04 0.00091104
0.46 0 0.00070555
0.46 0.04 0.000504471
0.46 0.08 0.000366581
0.46 0.12 0.000281036
0.46 0.16 0.000225966
0.46 0.2 0.000188262
0.46 0.24 0.000160987
0.46 0.28 0.000140371
0.46 0.32 0.000124241
0.46 0.36 0.000111268
0.46 0.4 0.0001006
0.46 0.44 9.16649e-05
0.46 0.48 8.40802e-05
0.46 0.52 7.75486e-05
0.46 0.56 7.187e-05
0.46 0.6 6.68884e-05
0.46 0.64 6.24761e-05
0.46 0.68 5.85488e-05
0.46 0.72 5.50314e-05
0.46 0.76 5.18541e-05
0.46 0.8 4.89908e-05
0.46 0.84 4.6372e-05
0.46 0.88 4.3991e-05
0.46 0.92 4.17963e-05
0.46 0.96 3.97878e-05
0.46 1 0
0.46 1.04 0
0.46 1.08 0
0.46 1.12 0
0.46 1.16 0
0.46 1.2 0
0.46 1.24 0
0.46 1.28 0
0.46 1.32 0
0.46 1.36 0
0.46 1.4 0
0.46 1.44 0
0.46 1.48 0
0.46 1.52 0
0.46 1.56 0
0.46 1.6 0
0.46 1.64 0
0.46 1.68 0
0.46 1.72 0
0.46 1.76 0
0.46 1.8 0
0.46 1.84 0
0.46 1.88 0
0.46 1.92 0
0.46 1.96 0
0.46 2 0
0.46 2.04 0
0.46 2.08 0
0.46 2.12 0
0.46 2.16 0
0.46 2.2 0
0.46 2.24 0
0.46 2.28 0
0.46 2.32 0
0.46 2.36 0
0.46 2.4 0
0.46 2.44 0
0.46 2.48 0
0.46 2.52 0
0.46 2.56 0
0.46 2.6 0
0.46 2.64 0
0.46 2.68 0
0.46 2.72 0
0.46 2.76 0
0.46 2.8 0
0.46 2.84 0
0.46 2.88 0
0.46 2.92 0
0.46 2.96 0
0.46 3 0
0.465 -5 0.000126437
0.465 -4.96 0.000126437
0.465 -4.92 0.000126437
0.465 -4.88 0.000126437
0.465 -4.84 0.000126437
0.465 -4.8 0.000126437
0.465 -4.76 0.000126437
0.465 -4.72 0.000126437
0.465 -4.68 0.000126437
0.465 -4.64 0.000126437
0.465 -4.6 0.000126437
0.465 -4.56 0.000126437
0.465 -4.52 0.000126437
0.465 -4.48 0.000126437
0.465 -4.44 0.000126437
0.465 -4.4 0.000126437
0.465 -4.36 0.000126437
0.465 -4.32 0.000126437
0.465 -4.28 0.000126437
0.465 -4.24 0.000126437
0.465 -4.2 0.000126437
0.465 -4.16 0.000126437
0.465 -4.12 0.000126437
0.465 -4.08 0.000126437
0.465 -4.04 0.000126437
0.465 -4 0.000126437
0.465 -3.96 0.000126437
0.465 -3.92 0.000126437
0.465 -3.88 0.000126437
0.465 -3.84 0.000126437
0.465 -3.8 0.000126437
0.465 -3.76 0.000126437
0.465 -3.72 0.000126437
0.465 -3.68 0.000126437
0.465 -3.64 0.000126437
0.465 -3.6 0.000126437
0.465 -3.56 0.000126437
0.465 -3.52 0.000126437
0.465 -3.48 0.000126437
0.465 -3.44 0.000126437
0.465 -3.4 0.000126437
0.465 -3.36 0.000126437
0.465 -3.32 0.000126437
0.465 -3.28 0.000126437
0.465 -3.24 0.000126437
0.465 -3.2 0.000126437
0.465 -3.16 0.000126437
0.465 -3.12 0.000126437
0.465 -3.08 0.000126437
0.465 -3.04 0.000126437
0.465 -3 0.000126437
0.465 -2.96 0.00012985
0.465 -2.92 0.000138453
0.465 -2.88 0.000143974
0.465 -2.84 0.000154311
0.465 -2.8 0.000160423
0.465 -2.76 0.000173119
0.465 -2.72 0.000182768
0.465 -2.68 0.000183491
0.465 -2.64 0.000211429
0.465 -2.6 0.00022739
0.465 -2.56 0.000247697
0.465 -2.52 0.000284803
0.465 -2.48 0.000302443
0.465 -2.44 0.000368656
0.465 -2.4 0.000405894
0.465 -2.36 0.000463405
0.465 -2.32 0.00061545
0.465 -2.28 0.000702303
0.465 -2.24 0.000891853
0.465 -2.2 0.00107851
0.465 -2.16 0.00121799
0.465 -2.12 0.00145516
0.465 -2.08 0.00153577
0.465 -2.04 0.00171289
0.465 -2 0.0019478
0.465 -1.96 0.00198735
0.465 -1.92 0.00214995
0.465 -1.88 0.00211433
0.465 -1.84 0.00213649
0.465 -1.8 0.0024015
0.465 -1.76 0.00255495
0.465 -1.72 0.0024575
0.465 -1.68 0.00257144
0.465 -1.64 0.00262925
0.465 -1.6 0.00259293
0.465 -1.56 0.00275379
0.465 -1.52 0.00282986
0.465 -1.48 0.00274337
0.465 -1.44 0.00271905
0.465 -1.4 0.00283199
0.465 -1.36 0.00277912
0.465 -1.32 0.00291613
0.465 -1.28 0.00289399
0.465 -1.24 0.00284871
0.465 -1.2 0.00295396
0.465 -1.16 0.0027728
0.465 -1.12 0.00283047
0.465 -1.08 0.00289364
0.465 -1.04 0.00286349
0.465 -1 0.00284321
0.465 -0.96 0.00278831
0.465 -0.92 0.00281833
0.465 -0.88 0.00272521
0.465 -0.84 0.00275822
0.465 -0.8 0.00269326
0.465 -0.76 0.00268107
0.465 -0.72 0.00269215
0.465 -0.68 0.0026254
0.465 -0.64 0.00245895
0.465 -0.6 0.00242775
0.465 -0.56 0.00225005
0.465 -0.52 0.00202909
0.465 -0.48 0.00187491
0.465 -0.44 0.00165839
0.465 -0.4 0.00162453
0.465 -0.36 0.00157083
0.465 -0.32 0.00140432
0.465 -0.28 0.00141121
0.465 -0.24 0.00132675
0.465 -0.2 0.0012994
0.465 -0.16 0.0012206
0.465 -0.12 0.00114212
0.465 -0.08 0.00104057
0.465 -0.04 0.000894657
0.465 0 0.000693516
0.465 0.04 0.00049632
0.465 0.08 0.00036091
0.465 0.12 0.000276865
0.465 0.16 0.000222747
0.465 0.2 0.000185685
0.465 0.24 0.000158868
0.465 0.28 0.00013859
0.465 0.32 0.000122719
0.465 0.36 0.00010995
0.465 0.4 9.9446e-05
0.465 0.44 9.06443e-05
0.465 0.48 8.31711e-05
0.465 0.52 7.67328e-05
0.465 0.56 7.11339e-05
0.465 0.6 6.62205e-05
0.465 0.64 6.1868e-05
0.465 0.68 5.79921e-05
0.465 0.72 5.45197e-05
0.465 0.76 5.13827e-05
0.465 0.8 4.85548e-05
0.465 0.84 4.59676e-05
0.465 0.88 4.36149e-05
0.465 0.92 4.1446e-05
0.465 0.96 3.94605e-05
0.465 1 0
0.465 1.04 0
0.465 1.08 0
0.465 1.12 0
0.465 1.16 0
0.465 1.2 0
0.465 1.24 0
0.465 1.28 0
0.465 1.32 0
0.465 1.36 0
0.465 1.4 0
0.465 1.44 0
0.465 1.48 0
0.465 1.52 0
0.465 1.56 0
0.465 1.6 0
0.465 1.64 0
0.465 1.68 0
0.465 1.72 0
0.465 1.76 0
0.465 1.8 0
0.465 1.84 0
0.465 1.88 0
0.465 1.92 0
0.465 1.96 0
0.465 2 0
0.465 2.04 0
0.465 2.08 0
0.465 2.12 0
0.465 2.16 0
0.465 2.2 0
0.465 2.24 0
0.465 2.28 0
0.465 2.32 0
0.465 2.36 0
0.465 2.4 0
0.465 2.44 0
0.465 2.48 0
0.465 2.52 0
0.465 2.56 0
0.465 2.6 0
0.465 2.64 0
0.465 2.68 0
0.465 2.72 0
0.465 2.76 0
0.465 2.8 0
0.465 2.84 0
0.465 2.88 0
0.465 2.92 0
0.465 2.96 0
0.465 3 0
0.47 -5 0.000128414
0.47 -4.96 0.000128414
0.47 -4.92 0.000128414
0.47 -4.88 0.000128414
0.47 -4.84 0.000128414
0.47 -4.8 0.000128414
0.47 -4.76 0.000128414
0.47 -4.72 0.000128414
0.47 -4.68 0.000128414
0.47 -4.64 0.000128414
0.47 -4.6 0.000128414
0.47 -4.56 0.000128414
0.47 -4.52 0.000128414
0.47 -4.48 0.000128414
0.47 -4.44 0.000128414
0.47 -4.4 0.000128414
0.47 -4.36 0.000128414
0.47 -4.32 0.000128414
0.47 -4.28 0.000128414
0.47 -4.24 0.000128414
0.47 -4.2 0.000128414
0.47 -4.16 0.000128414
0.47 -4.12 0.000128414
0.47 -4.08 0.000128414
0.47 -4.04 0.000128414
0.47 -4 0.000128414
0.47 -3.96 0.000128414
0.47 -3.92 0.000128414
0.47 -3.88 0.000128414
0.47 -3.84 0.000128414
0.47 -3.8 0.000128414
0.47 -3.76 0.000128414
0.47 -3.72 0.000128414
0.47 -3.68 0.000128414
0.47 -3.64 0.000128414
0.47 -3.6 0.000128414
0.47 -3.56 0.000128414
0.47 -3.52 0.000128414
0.47 -3.48 0.000128414
0.47 -3.44 0.000128414
0.47 -3.4 0.000128414
0.47 -3.36 0.000128414
0.47 -3.32 0.000128414
0.47 -3.28 0.000128414
0.47 -3.24 0.000128414
0.47 -3.2 0.000128414
0.47 -3.16 0.000128414
0.47 -3.12 0.000128414
0.47 -3.08 0.000128414
0.47 -3.04 0.000128414
0.47 -3 0.000128414
0.47 -2.96 0.000128933
0.47 -2.92 0.000139163
0.47 -2.88 0.000145073
0.47 -2.84 0.000154714
0.47 -2.8 0.00016139
0.47 -2.76 0.000171427
0.47 -2.72 0.000180752
0.47 -2.68 0.0001826
0.47 -2.64 0.000210605
0.47 -2.6 0.000231195
0.47 -2.56 0.000247648
0.47 -2.52 0.000280783
0.47 -2.48 0.00029936
0.47 -2.44 0.000359498
0.47 -2.4 0.000406524
0.47 -2.36 0.00046635
0.47 -2.32 0.000615065
0.47 -2.28 0.000704877
0.47 -2.24 0.000882452
0.47 -2.2 0.00106727
0.47 -2.16 0.00121526
0.47 -2.12 0.00146907
0.47 -2.08 0.0015653
0.47 -2.04 0.00174095
0.47 -2 0.00195615
0.47 -1.96 0.00198151
0.47 -1.92 0.00220176
0.47 -1.88 0.00216571
0.47 -1.84 0.00216283
0.47 -1.8 0.00243789
0.47 -1.76 0.00258072
0.47 -1.72 0.00251526
0.47 -1.68 0.00260357
0.47 -1.64 0.00265185
0.47 -1.6 0.00263061
0.47 -1.56 0.00275608
0.47 -1.52 0.00284653
0.47 -1.48 0.00277457
0.47 -1.44 0.00274118
0.47 -1.4 0.00284805
0.47 -1.36 0.00276799
0.47 -1.32 0.00291502
0.47 -1.28 0.00288957
0.47 -1.24 0.00284622
0.47 -1.2 0.00298188
0.47 -1.16 0.00280816
0.47 -1.12 0.00280013
0.47 -1.08 0.00286683
0.47 -1.04 0.0028569
0.47 -1 0.0028309
0.47 -0.96 0.00278178
0.47 -0.92 0.00279931
0.47 -0.88 0.00275262
0.47 -0.84 0.00274752
0.47 -0.8 0.00266808
0.47 -0.76 0.00266147
0.47 -0.72 0.00261327
0.47 -0.68 0.0025691
0.47 -0.64 0.00244752
0.47 -0.6 0.0023862
0.47 -0.56 0.00224825
0.47 -0.52 0.00200294
0.47 -0.48 0.00183958
0.47 -0.44 0.00164111
0.47 -0.4 0.00160965
0.47 -0.36 0.00149995
0.47 -0.32 0.00138635
0.47 -0.28 0.00136608
0.47 -0.24 0.00130076
0.47 -0.2 0.00127255
0.47 -0.16 0.00119667
0.47 -0.12 0.00112128
0.47 -0.08 0.00102198
0.47 -0.04 0.000878835
0.47 0 0.000681538
0.47 0.04 0.00048818
0.47 0.08 0.000355256
0.47 0.12 0.000272715
0.47 0.16 0.00021955
0.47 0.2 0.000183129
0.47 0.24 0.000156767
0.47 0.28 0.000136825
0.47 0.32 0.000121211
0.47 0.36 0.000108644
0.47 0.4 9.83027e-05
0.47 0.44 8.96335e-05
0.47 0.48 8.22707e-05
0.47 0.52 7.59249e-05
0.47 0.56 7.04048e-05
0.47 0.6 6.55589e-05
0.47 0.64 6.12655e-05
0.47 0.68 5.74404e-05
0.47 0.72 5.40127e-05
0.47 0.76 5.09156e-05
0.47 0.8 4.81228e-05
0.47 0.84 4.55668e-05
0.47 0.88 4.32421e-05
0.47 0.92 4.10987e-05
0.47 0.96 3.91361e-05
0.47 1 0
0.47 1.04 0
0.47 1.08 0
0.47 1.12 0
0.47 1.16 0
0.47 1.2 0
0.47 1.24 0
0.47 1.28 0
0.47 1.32 0
0.47 1.36 0
0.47 1.4 0
0.47 1.44 0
0.47 1.48 0
0.47 1.52 0
0.47 1.56 0
0.47 1.6 0
0.47 1.64 0
0.47 1.68 0
0.47 1.72 0
0.47 1.76 0
0.47 1.8 0
0.47 1.84 0
0.47 1.88 0
0.47 1.92 0
0.47 1.96 0
0.47 2 0
0.47 2.04 0
0.47 2.08 0
0.47 2.12 0
0.47 2.16 0
0.47 2.2 0
0.47 2.24 0
0.47 2.28 0
0.47 2.32 0
0.47 2.36 0
0.47 2.4 0
0.47 2.44 0
0.47 2.48 0
0.47 2.52 0
0.47 2.56 0
0.47 2.6 0
0.47 2.64 0
0.47 2.68 0
0.47 2.72 0
0.47 2.76 0
0.47 2.8 0
0.47 2.84 0
0.47 2.88 0
0.47 2.92 0
0.47 2.96 0
0.47 3 0
0.475 -5 0.000128484
0.475 -4.96 0.000128484
0.475 -4.92 0.000128484
0.475 -4.88 0.000128484
0.475 -4.84 0.000128484
0.475 -4.8 0.000128484
0.475 -4.76 0.000128484
0.475 -4.72 0.000128484
0.475 -4.68 0.000128484
0.475 -4.64 0.000128484
0.475 -4.6 0.000128484
0.475 -4.56 0.000128484
0.475 -4.52 0.000128484
0.475 -4.48 0.000128484
0.475 -4.44 0.000128484
0.475 -4.4 0.000128484
0.475 -4.36 0.000128484
0.475 -4.32 0.000128484
0.475 -4.28 0.000128484
0.475 -4.24 0.000128484
0.475 -4.2 0.000128484
0.475 -4.16 0.000128484
0.475 -4.12 0.000128484
0.475 -4.08 0.000128484
0.475 -4.04 0.000128484
0.475 -4 0.000128484
0.475 -3.96 0.000128484
0.475 -3.92 0.000128484
0.475 -3.88 0.000128484
0.475 -3.84 0.000128484
0.475 -3.8 0.000128484
0.475 -3.76 0.000128484
0.475 -3.72 0.000128484
0.475 -3.68 0.000128484
0.475 -3.64 0.000128484
0.475 -3.6 0.000128484
0.475 -3.56 0.000128484
0.475 -3.52 0.000128484
0.475 -3.48 0.000128484
0.475 -3.44 0.000128484
0.475 -3.4 0.000128484
0.475 -3.36 0.000128484
0.475 -3.32 0.000128484
0.475 -3.28 0.000128484
0.475 -3.24 0.000128484
0.475 -3.2 0.000128484
0.475 -3.16 0.000128484
0.475 -3.12 0.000128484
0.475 -3.08 0.000128484
0.475 -3.04 0.000128484
0.475 -3 0.000128484
0.475 -2.96 0.00012733
0.475 -2.92 0.000133994
0.475 -2.88 0.000147311
0.475 -2.84 0.000156193
0.475 -2.8 0.000163712
0.475 -2.76 0.000175538
0.475 -2.72 0.000175433
0.475 -2.68 0.00018953
0.475 -2.64 0.000213045
0.475 -2.6 0.000228337
0.475 -2.56 0.000244904
0.475 -2.52 0.000280758
0.475 -2.48 0.000301224
0.475 -2.44 0.000349569
0.475 -2.4 0.000408785
0.475 -2.36 0.00046887
0.475 -2.32 0.000609927
0.475 -2.28 0.000703141
0.475 -2.24 0.000879431
0.475 -2.2 0.00105798
0.475 -2.16 0.00121643
0.475 -2.12 0.00148522
0.475 -2.08 0.00159581
0.475 -2.04 0.00176795
0.475 -2 0.00197728
0.475 -1.96 0.00197608
0.475 -1.92 0.00224474
0.475 -1.88 0.00220911
0.475 -1.84 0.0021901
0.475 -1.8 0.00247469
0.475 -1.76 0.00261777
0.475 -1.72 0.00256883
0.475 -1.68 0.00264731
0.475 -1.64 0.00267987
0.475 -1.6 0.0026623
0.475 -1.56 0.00276659
0.475 -1.52 0.00286238
0.475 -1.48 0.00278922
0.475 -1.44 0.0027863
0.475 -1.4 0.0028499
0.475 -1.36 0.002774
0.475 -1.32 0.00291037
0.475 -1.28 0.00287778
0.475 -1.24 0.0028383
0.475 -1.2 0.00298079
0.475 -1.16 0.00284617
0.475 -1.12 0.00279276
0.475 -1.08 0.0028659
0.475 -1.04 0.00284073
0.475 -1 0.00281298
0.475 -0.96 0.00278965
0.475 -0.92 0.00277762
0.475 -0.88 0.0027632
0.475 -0.84 0.0027287
0.475 -0.8 0.00264331
0.475 -0.76 0.00266613
0.475 -0.72 0.00253779
0.475 -0.68 0.00248488
0.475 -0.64 0.00245538
0.475 -0.6 0.00231574
0.475 -0.56 0.0022016
0.475 -0.52 0.00197681
0.475 -0.48 0.00177789
0.475 -0.44 0.00165537
0.475 -0.4 0.00157814
0.475 -0.36 0.00143121
0.475 -0.32 0.00141617
0.475 -0.28 0.00132386
0.475 -0.24 0.00128853
0.475 -0.2 0.0012279
0.475 -0.16 0.00117241
0.475 -0.12 0.00110056
0.475 -0.08 0.00100401
0.475 -0.04 0.000863517
0.475 0 0.000669623
0.475 0.04 0.000480057
0.475 0.08 0.000349622
0.475 0.12 0.000268589
0.475 0.16 0.000216376
0.475 0.2 0.000180594
0.475 0.24 0.000154685
0.475 0.28 0.000135077
0.475 0.32 0.000119718
0.475 0.36 0.000107352
0.475 0.4 9.71708e-05
0.475 0.44 8.86327e-05
0.475 0.48 8.13793e-05
0.475 0.52 7.51249e-05
0.475 0.56 6.96829e-05
0.475 0.6 6.49038e-05
0.475 0.64 6.06688e-05
0.475 0.68 5.6894e-05
0.475 0.72 5.35104e-05
0.475 0.76 5.04528e-05
0.475 0.8 4.76947e-05
0.475 0.84 4.51696e-05
0.475 0.88 4.28726e-05
0.475 0.92 4.07544e-05
0.475 0.96 3.88144e-05
0.475 1 0
0.475 1.04 0
0.475 1.08 0
0.475 1.12 0
0.475 1.16 0
0.475 1.2 0
0.475 1.24 0
0.475 1.28 0
0.475 1.32 0
0.475 1.36 0
0.475 1.4 0
0.475 1.44 0
0.475 1.48 0
0.475 1.52 0
0.475 1.56 0
0.475 1.6 0
0.475 1.64 0
0.475 1.68 0
0.475 1.72 0
0.475 1.76 0
0.475 1.8 0
0.475 1.84 0
0.475 1.88 0
0.475 1.92 0
0.475 1.96 0
0.475 2 0
0.475 2.04 0
0.475 2.08 0
0.475 2.12 0
0.475 2.16 0
0.475 2.2 0
0.475 2.24 0
0.475 2.28 0
0.475 2.32 0
0.475 2.36 0
0.475 2.4 0
0.475 2.44 0
0.475 2.48 0
0.475 2.52 0
0.475 2.56 0
0.475 2.6 0
0.475 2.64 0
0.475 2.68 0
0.475 2.72 0
0.475 2.76 0
0.475 2.8 0
0.475 2.84 0
0.475 2.88 0
0.475 2.92 0
0.475 2.96 0
0.475 3 0
0.48 -5 0.000125492
0.48 -4.96 0.000125492
0.48 -4.92 0.000125492
0.48 -4.88 0.000125492
0.48 -4.84 0.000125492
0.48 -4.8 0.000125492
0.48 -4.76 0.000125492
0.48 -4.72 0.000125492
0.48 -4.68 0.000125492
0.48 -4.64 0.000125492
0.48 -4.6 0.000125492
0.48 -4.56 0.000125492
0.48 -4.52 0.000125492
0.48 -4.48 0.000125492
0.48 -4.44 0.000125492
0.48 -4.4 0.000125492
0.48 -4.36 0.000125492
0.48 -4.32 0.000125492
0.48 -4.28 0.000125492
0.48 -4.24 0.000125492
0.48 -4.2 0.000125492
0.48 -4.16 0.000125492
0.48 -4.12 0.000125492
0.48 -4.08 0.000125492
0.48 -4.04 0.000125492
0.48 -4 0.000125492
0.48 -3.96 0.000125492
0.48 -3.92 0.000125492
0.48 -3.88 0.000125492
0.48 -3.84 0.000125492
0.48 -3.8 0.000125492
0.48 -3.76 0.000125492
0.48 -3.72 0.000125492
0.48 -3.68 0.000125492
0.48 -3.64 0.000125492
0.48 -3.6 0.000125492
0.48 -3.56 0.000125492
0.48 -3.52 0.000125492
0.48 -3.48 0.000125492
0.48 -3.44 0.000125492
0.48 -3.4 0.000125492
0.48 -3.36 0.000125492
0.48 -3.32 0.000125492
0.48 -3.28 0.000125492
0.48 -3.24 0.000125492
0.48 -3.2 0.000125492
0.48 -3.16 0.000125492
0.48 -3.12 0.000125492
0.48 -3.08 0.000125492
0.48 -3.04 0.000125492
0.48 -3 0.000125492
0.48 -2.96 0.000126964
0.48 -2.92 0.000129037
0.48 -2.88 0.000149615
0.48 -2.84 0.000157806
0.48 -2.8 0.000165869
0.48 -2.76 0.000177462
0.48 -2.72 0.000171859
0.48 -2.68 0.000195797
0.48 -2.64 0.000216466
0.48 -2.6 0.000227906
0.48 -2.56 0.000247489
0.48 -2.52 0.000280026
0.48 -2.48 0.000309106
0.48 -2.44 0.000343758
0.48 -2.4 0.000414484
0.48 -2.36 0.000471519
0.48 -2.32 0.000603448
0.48 -2.28 0.000698071
0.48 -2.24 0.000881946
0.48 -2.2 0.00105478
0.48 -2.16 0.00122423
0.48 -2.12 0.00149742
0.48 -2.08 0.00162371
0.48 -2.04 0.00180242
0.48 -2 0.00201726
0.48 -1.96 0.00199974
0.48 -1.92 0.00224896
0.48 -1.88 0.00224234
0.48 -1.84 0.00223041
0.48 -1.8 0.00249244
0.48 -1.76 0.00265983
0.48 -1.72 0.00259262
0.48 -1.68 0.00267526
0.48 -1.64 0.00272627
0.48 -1.6 0.00268206
0.48 -1.56 0.00279609
0.48 -1.52 0.00288701
0.48 -1.48 0.00279252
0.48 -1.44 0.00283273
0.48 -1.4 0.00284505
0.48 -1.36 0.00278595
0.48 -1.32 0.00289582
0.48 -1.28 0.00286916
0.48 -1.24 0.00285214
0.48 -1.2 0.00296968
0.48 -1.16 0.00284409
0.48 -1.12 0.00280845
0.48 -1.08 0.00288741
0.48 -1.04 0.0028271
0.48 -1 0.00280304
0.48 -0.96 0.00277887
0.48 -0.92 0.00275052
0.48 -0.88 0.00272263
0.48 -0.84 0.00269532
0.48 -0.8 0.00261339
0.48 -0.76 0.0026531
0.48 -0.72 0.00251628
0.48 -0.68 0.0024194
0.48 -0.64 0.00241452
0.48 -0.6 0.00225498
0.48 -0.56 0.00212488
0.48 -0.52 0.00193978
0.48 -0.48 0.00173343
0.48 -0.44 0.00165311
0.48 -0.4 0.00152645
0.48 -0.36 0.00141695
0.48 -0.32 0.00143699
0.48 -0.28 0.00129258
0.48 -0.24 0.00127701
0.48 -0.2 0.00118957
0.48 -0.16 0.00115323
0.48 -0.12 0.00108103
0.48 -0.08 0.000986378
0.48 -0.04 0.00084811
0.48 0 0.000657777
0.48 0.04 0.000471955
0.48 0.08 0.000344011
0.48 0.12 0.000264487
0.48 0.16 0.000213226
0.48 0.2 0.000178081
0.48 0.24 0.000152622
0.48 0.28 0.000133346
0.48 0.32 0.00011824
0.48 0.36 0.000106072
0.48 0.4 9.60503e-05
0.48 0.44 8.76421e-05
0.48 0.48 8.04969e-05
0.48 0.52 7.43329e-05
0.48 0.56 6.89682e-05
0.48 0.6 6.42551e-05
0.48 0.64 6.00779e-05
0.48 0.68 5.63529e-05
0.48 0.72 5.30129e-05
0.48 0.76 4.99944e-05
0.48 0.8 4.72706e-05
0.48 0.84 4.47761e-05
0.48 0.88 4.25064e-05
0.48 0.92 4.04133e-05
0.48 0.96 3.84957e-05
0.48 1 0
0.48 1.04 0
0.48 1.08 0
0.48 1.12 0
0.48 1.16 0
0.48 1.2 0
0.48 1.24 0
0.48 1.28 0
0.48 1.32 0
0.48 1.36 0
0.48 1.4 0
0.48 1.44 0
0.48 1.48 0
0.48 1.52 0
0.48 1.56 0
0.48 1.6 0
0.48 1.64 0
0.48 1.68 0
0.48 1.72 0
0.48 1.76 0
0.48 1.8 0
0.48 1.84 0
0.48 1.88 0
0.48 1.92 0
0.48 1.96 0
0.48 2 0
0.48 2.04 0
0.48 2.08 0
0.48 2.12 0
0.48 2.16 0
0.48 2.2 0
0.48 2.24 0
0.48 2.28 0
0.48 2.32 0
0.48 2.36 0
0.48 2.4 0
0.48 2.44 0
0.48 2.48 0
0.48 2.52 0
0.48 2.56 0
0.48 2.6 0
0.48 2.64 0
0.48 2.68 0
0.48 2.72 0
0.48 2.76 0
0.48 2.8 0
0.48 2.84 0
0.48 2.88 0
0.48 2.92 0
0.48 2.96 0
0.48 3 0
0.485 -5 0.000122174
0.485 -4.96 0.000122174
0.485 -4.92 0.000122174
0.485 -4.88 0.000122174
0.485 -4.84 0.000122174
0.485 -4.8 0.000122174
0.485 -4.76 0.000122174
0.485 -4.72 0.000122174
0.485 -4.68 0.000122174
0.485 -4.64 0.000122174
0.485 -4.6 0.000122174
0.485 -4.56 0.000122174
0.485 -4.52 0.000122174
0.485 -4.48 0.000122174
0.485 -4.44 0.000122174
0.485 -4.4 0.000122174
0.485 -4.36 0.000122174
0.485 -4.32 0.000122174
0.485 -4.28 0.000122174
0.485 -4.24 0.000122174
0.485 -4.2 0.000122174
0.485 -4.16 0.000122174
0.485 -4.12 0.000122174
0.485 -4.08 0.000122174
0.485 -4.04 0.000122174
0.485 -4 0.000122174
0.485 -3.96 0.000122174
0.485 -3.92 0.000122174
0.485 -3.88 0.000122174
0.485 -3.84 0.000122174
0.485 -3.8 0.000122174
0.485 -3.76 0.000122174
0.485 -3.72 0.000122174
0.485 -3.68 0.000122174
0.485 -3.64 0.000122174
0.485 -3.6 0.000122174
0.485 -3.56 0.000122174
0.485 -3.52 0.000122174
0.485 -3.48 0.000122174
0.485 -3.44 0.000122174
0.485 -3.4 0.000122174
0.485 -3.36 0.000122174
0.485 -3.32 0.000122174
0.485 -3.28 0.000122174
0.485 -3.24 0.000122174
0.485 -3.2 0.000122174
0.485 -3.16 0.000122174
0.485 -3.12 0.000122174
0.485 -3.08 0.000122174
0.485 -3.04 0.000122174
0.485 -3 0.000122174
0.485 -2.96 0.000128199
0.485 -2.92 0.000129158
0.485 -2.88 0.000150253
0.485 -2.84 0.000160688
0.485 -2.8 0.000165793
0.485 -2.76 0.000173978
0.485 -2.72 0.000171221
0.485 -2.68 0.000193909
0.485 -2.64 0.000214892
0.485 -2.6 0.000233999
0.485 -2.56 0.000257225
0.485 -2.52 0.000277966
0.485 -2.48 0.000316571
0.485 -2.44 0.000342085
0.485 -2.4 0.000418715
0.485 -2.36 0.000470566
0.485 -2.32 0.00060252
0.485 -2.28 0.000692602
0.485 -2.24 0.000883457
0.485 -2.2 0.00105436
0.485 -2.16 0.00123246
0.485 -2.12 0.00150403
0.485 -2.08 0.00164783
0.485 -2.04 0.00183218
0.485 -2 0.00205411
0.485 -1.96 0.00205007
0.485 -1.92 0.00225069
0.485 -1.88 0.00227806
0.485 -1.84 0.00227615
0.485 -1.8 0.00250061
0.485 -1.76 0.0026941
0.485 -1.72 0.00260675
0.485 -1.68 0.00268685
0.485 -1.64 0.0027832
0.485 -1.6 0.00270052
0.485 -1.56 0.00284209
0.485 -1.52 0.00291975
0.485 -1.48 0.00280006
0.485 -1.44 0.00287208
0.485 -1.4 0.00285055
0.485 -1.36 0.00278557
0.485 -1.32 0.00287972
0.485 -1.28 0.00286957
0.485 -1.24 0.00287763
0.485 -1.2 0.00297723
0.485 -1.16 0.00281836
0.485 -1.12 0.00282072
0.485 -1.08 0.00288901
0.485 -1.04 0.00280347
0.485 -1 0.00281499
0.485 -0.96 0.00274138
0.485 -0.92 0.002725
0.485 -0.88 0.00265904
0.485 -0.84 0.00265808
0.485 -0.8 0.00259323
0.485 -0.76 0.00260119
0.485 -0.72 0.00254048
0.485 -0.68 0.00242047
0.485 -0.64 0.00235537
0.485 -0.6 0.00223995
0.485 -0.56 0.00206418
0.485 -0.52 0.00189462
0.485 -0.48 0.00171716
0.485 -0.44 0.0016203
0.485 -0.4 0.00147938
0.485 -0.36 0.00144008
0.485 -0.32 0.0013978
0.485 -0.28 0.00128107
0.485 -0.24 0.00125544
0.485 -0.2 0.00117876
0.485 -0.16 0.00113699
0.485 -0.12 0.00106241
0.485 -0.08 0.000968817
0.485 -0.04 0.000832316
0.485 0 0.000646005
0.485 0.04 0.00046388
0.485 0.08 0.000338425
0.485 0.12 0.000260412
0.485 0.16 0.000210101
0.485 0.2 0.00017559
0.485 0.24 0.000150578
0.485 0.28 0.000131632
0.485 0.32 0.000116777
0.485 0.36 0.000104805
0.485 0.4 9.49415e-05
0.485 0.44 8.66618e-05
0.485 0.48 7.96236e-05
0.485 0.52 7.35491e-05
0.485 0.56 6.82607e-05
0.485 0.6 6.3613e-05
0.485 0.64 5.94929e-05
0.485 0.68 5.58171e-05
0.485 0.72 5.25203e-05
0.485 0.76 4.95404e-05
0.485 0.8 4.68505e-05
0.485 0.84 4.43862e-05
0.485 0.88 4.21436e-05
0.485 0.92 4.00753e-05
0.485 0.96 3.81798e-05
0.485 1 0
0.485 1.04 0
0.485 1.08 0
0.485 1.12 0
0.485 1.16 0
0.485 1.2 0
0.485 1.24 0
0.485 1.28 0
0.485 1.32 0
0.485 1.36 0
0.485 1.4 0
0.485 1.44 0
0.485 1.48 0
0.485 1.52 0
0.485 1.56 0
0.485 1.6 0
0.485 1.64 0
0.485 1.68 0
0.485 1.72 0
0.485 1.76 0
0.485 1.8 0
0.485 1.84 0
0.485 1.88 0
0.485 1.92 0
0.485 1.96 0
0.485 2 0
0.485 2.04 0
0.485 2.08 0
0.485 2.12 0
0.485 2.16 0
0.485 2.2 0
0.485 2.24 0
0.485 2.28 0
0.485 2.32 0
0.485 2.36 0
0.485 2.4 0
0.485 2.44 0
0.485 2.48 0
0.485 2.52 0
0.485 2.56 0
0.485 2.6 0
0.485 2.64 0
0.485 2.68 0
0.485 2.72 0
0.485 2.76 0
0.485 2.8 0
0.485 2.84 0
0.485 2.88 0
0.485 2.92 0
0.485 2.96 0
0.485 3 0
0.49 -5 0.000122193
0.49 -4.96 0.000122193
0.49 -4.92 0.000122193
0.49 -4.88 0.000122193
0.49 -4.84 0.000122193
0.49 -4.8 0.000122193
0.49 -4.76 0.000122193
0.49 -4.72 0.000122193
0.49 -4.68 0.000122193
0.49 -4.64 0.000122193
0.49 -4.6 0.000122193
0.49 -4.56 0.000122193
0.49 -4.52 0.000122193
0.49 -4.48 0.000122193
0.49 -4.44 0.000122193
0.49 -4.4 0.000122193
0.49 -4.36 0.000122193
0.49 -4.32 0.000122193
0.49 -4.28 0.000122193
0.49 -4.24 0.000122193
0.49 -4.2 0.000122193
0.49 -4.16 0.000122193
0.49 -4.12 0.000122193
0.49 -4.08 0.000122193
0.49 -4.04 0.000122193
0.49 -4 0.000122193
0.49 -3.96 0.000122193
0.49 -3.92 0.000122193
0.49 -3.88 0.000122193
0.49 -3.84 0.000122193
0.49 -3.8 0.000122193
0.49 -3.76 0.000122193
0.49 -3.72 0.000122193
0.49 -3.68 0.000122193
0.49 -3.64 0.000122193
0.49 -3.6 0.000122193
0.49 -3.56 0.000122193
0.49 -3.52 0.000122193
0.49 -3.48 0.000122193
0.49 -3.44 0.000122193
0.49 -3.4 0.000122193
0.49 -3.36 0.000122193
0.49 -3.32 0.000122193
0.49 -3.28 0.000122193
0.49 -3.24 0.000122193
0.49 -3.2 0.000122193
0.49 -3.16 0.000122193
0.49 -3.12 0.000122193
0.49 -3.08 0.000122193
0.49 -3.04 0.000122193
0.49 -3 0.000122193
0.49 -2.96 0.000128912
0.49 -2.92 0.000133449
0.49 -2.88 0.000148264
0.49 -2.84 0.000165245
0.49 -2.8 0.000162129
0.49 -2.76 0.000169351
0.49 -2.72 0.000170325
0.49 -2.68 0.000188183
0.49 -2.64 0.000208767
0.49 -2.6 0.000241331
0.49 -2.56 0.000265087
0.49 -2.52 0.000279293
0.49 -2.48 0.000317773
0.49 -2.44 0.000340909
0.49 -2.4 0.000418128
0.49 -2.36 0.000464792
0.49 -2.32 0.000605107
0.49 -2.28 0.000688684
0.49 -2.24 0.000879392
0.49 -2.2 0.00105251
0.49 -2.16 0.00123435
0.49 -2.12 0.00150549
0.49 -2.08 0.00166992
0.49 -2.04 0.00184883
0.49 -2 0.00207136
0.49 -1.96 0.00209398
0.49 -1.92 0.0022888
0.49 -1.88 0.0023188
0.49 -1.84 0.00230962
0.49 -1.8 0.0025208
0.49 -1.76 0.00271691
0.49 -1.72 0.00264087
0.49 -1.68 0.00270687
0.49 -1.64 0.0028299
0.49 -1.6 0.00272083
0.49 -1.56 0.00288881
0.49 -1.52 0.00293872
0.49 -1.48 0.00280915
0.49 -1.44 0.00290467
0.49 -1.4 0.00287225
0.49 -1.36 0.00278556
0.49 -1.32 0.00286981
0.49 -1.28 0.00287012
0.49 -1.24 0.00287739
0.49 -1.2 0.00298249
0.49 -1.16 0.00281281
0.49 -1.12 0.00280691
0.49 -1.08 0.00285493
0.49 -1.04 0.00276477
0.49 -1 0.00282871
0.49 -0.96 0.0027118
0.49 -0.92 0.00270821
0.49 -0.88 0.00262794
0.49 -0.84 0.00262404
0.49 -0.8 0.00259176
0.49 -0.76 0.00254852
0.49 -0.72 0.00255166
0.49 -0.68 0.00245886
0.49 -0.64 0.00233885
0.49 -0.6 0.0022392
0.49 -0.56 0.00203681
0.49 -0.52 0.00185945
0.49 -0.48 0.00169187
0.49 -0.44 0.00158057
0.49 -0.4 0.00145972
0.49 -0.36 0.00144254
0.49 -0.32 0.00131705
0.49 -0.28 0.00128729
0.49 -0.24 0.00122837
0.49 -0.2 0.00118545
0.49 -0.16 0.00111801
0.49 -0.12 0.00104394
0.49 -0.08 0.000951332
0.49 -0.04 0.000816533
0.49 0 0.000634312
0.49 0.04 0.000455836
0.49 0.08 0.000332867
0.49 0.12 0.000256365
0.49 0.16 0.000207001
0.49 0.2 0.000173122
0.49 0.24 0.000148555
0.49 0.28 0.000129935
0.49 0.32 0.000115329
0.49 0.36 0.000103552
0.49 0.4 9.38444e-05
0.49 0.44 8.56918e-05
0.49 0.48 7.87596e-05
0.49 0.52 7.27736e-05
0.49 0.56 6.75607e-05
0.49 0.6 6.29775e-05
0.49 0.64 5.89139e-05
0.49 0.68 5.52868e-05
0.49 0.72 5.20325e-05
0.49 0.76 4.9091e-05
0.49 0.8 4.64345e-05
0.49 0.84 4.40001e-05
0.49 0.88 4.17843e-05
0.49 0.92 3.97406e-05
0.49 0.96 3.78669e-05
0.49 1 0
0.49 1.04 0
0.49 1.08 0
0.49 1.12 0
0.49 1.16 0
0.49 1.2 0
0.49 1.24 0
0.49 1.28 0
0.49 1.32 0
0.49 1.36 0
0.49 1.4 0
0.49 1.44 0
0.49 1.48 0
0.49 1.52 0
0.49 1.56 0
0.49 1.6 0
0.49 1.64 0
0.49 1.68 0
0.49 1.72 0
0.49 1.76 0
0.49 1.8 0
0.49 1.84 0
0.49 1.88 0
0.49 1.92 0
0.49 1.96 0
0.49 2 0
0.49 2.04 0
0.49 2.08 0
0.49 2.12 0
0.49 2.16 0
0.49 2.2 0
0.49 2.24 0
0.49 2.28 0
0.49 2.32 0
0.49 2.36 0
0.49 2.4 0
0.49 2.44 0
0.49 2.48 0
0.49 2.52 0
0.49 2.56 0
0.49 2.6 0
0.49 2.64 0
0.49 2.68 0
0.49 2.72 0
0.49 2.76 0
0.49 2.8 0
0.49 2.84 0
0.49 2.88 0
0.49 2.92 0
0.49 2.96 0
0.49 3 0
0.495 -5 0.00012587
0.495 -4.96 0.00012587
0.495 -4.92 0.00012587
0.495 -4.88 0.00012587
0.495 -4.84 0.00012587
0.495 -4.8 0.00012587
0.495 -4.76 0.00012587
0.495 -4.72 0.00012587
0.495 -4.68 0.00012587
0.495 -4.64 0.00012587
0.495 -4.6 0.00012587
0.495 -4.56 0.00012587
0.495 -4.52 0.00012587
0.495 -4.48 0.00012587
0.495 -4.44 0.00012587
0.495 -4.4 0.00012587
0.495 -4.36 0.00012587
0.495 -4.32 0.00012587
0.495 -4.28 0.00012587
0.495 -4.24 0.00012587
0.495 -4.2 0.00012587
0.495 -4.16 0.00012587
0.495 -4.12 0.00012587
0.495 -4.08 0.00012587
0.495 -4.04 0.00012587
0.495 -4 0.00012587
0.495 -3.96 0.00012587
0.495 -3.92 0.00012587
0.495 -3.88 0.00012587
0.495 -3.84 0.00012587
0.495 -3.8 0.00012587
0.495 -3.76 0.00012587
0.495 -3.72 0.00012587
0.495 -3.68 0.00012587
0.495 -3.64 0.00012587
0.495 -3.6 0.00012587
0.495 -3.56 0.00012587
0.495 -3.52 0.00012587
0.495 -3.48 0.00012587
0.495 -3.44 0.00012587
0.495 -3.4 0.00012587
0.495 -3.36 0.00012587
0.495 -3.32 0.00012587
0.495 -3.28 0.00012587
0.495 -3.24 0.00012587
0.495 -3.2 0.00012587
0.495 -3.16 0.00012587
0.495 -3.12 0.00012587
0.495 -3.08 0.00012587
0.495 -3.04 0.00012587
0.495 -3 0.00012587
0.495 -2.96 0.000127554
0.495 -2.92 0.000138991
0.495 -2.88 0.000144744
0.495 -2.84 0.000168519
0.495 -2.8 0.000157386
0.495 -2.76 0.000168251
0.495 -2.72 0.000167573
0.495 -2.68 0.00018762
0.495 -2.64 0.0002057
0.495 -2.6 0.000244194
0.495 -2.56 0.000264592
0.495 -2.52 0.000283864
0.495 -2.48 0.000314855
0.495 -2.44 0.000338962
0.495 -2.4 0.000415822
0.495 -2.36 0.00045944
0.495 -2.32 0.000602192
0.495 -2.28 0.00068641
0.495 -2.24 0.000872874
0.495 -2.2 0.00104955
0.495 -2.16 0.00123051
0.495 -2.12 0.00150155
0.495 -2.08 0.00169044
0.495 -2.04 0.00186642
0.495 -2 0.00208546
0.495 -1.96 0.00210927
0.495 -1.92 0.00233663
0.495 -1.88 0.00235277
0.495 -1.84 0.00233262
0.495 -1.8 0.0025507
0.495 -1.76 0.00273601
0.495 -1.72 0.00268433
0.495 -1.68 0.00274007
0.495 -1.64 0.00286206
0.495 -1.6 0.00273322
0.495 -1.56 0.00291892
0.495 -1.52 0.00292955
0.495 -1.48 0.00281032
0.495 -1.44 0.00292581
0.495 -1.4 0.00289873
0.495 -1.36 0.00280677
0.495 -1.32 0.00286008
0.495 -1.28 0.00286325
0.495 -1.24 0.00284747
0.495 -1.2 0.00295475
0.495 -1.16 0.00282626
0.495 -1.12 0.0027786
0.495 -1.08 0.00281804
0.495 -1.04 0.0027309
0.495 -1 0.00280963
0.495 -0.96 0.00271562
0.495 -0.92 0.00269493
0.495 -0.88 0.00263543
0.495 -0.84 0.00258941
0.495 -0.8 0.00258794
0.495 -0.76 0.00253891
0.495 -0.72 0.00251336
0.495 -0.68 0.00245855
0.495 -0.64 0.00233962
0.495 -0.6 0.002201
0.495 -0.56 0.00202085
0.495 -0.52 0.00184786
0.495 -0.48 0.00163687
0.495 -0.44 0.00155012
0.495 -0.4 0.0014583
0.495 -0.36 0.00140269
0.495 -0.32 0.00126304
0.495 -0.28 0.00129427
0.495 -0.24 0.00120692
0.495 -0.2 0.00117861
0.495 -0.16 0.00109615
0.495 -0.12 0.00102573
0.495 -0.08 0.00093408
0.495 -0.04 0.000801306
0.495 0 0.000622703
0.495 0.04 0.000447827
0.495 0.08 0.00032734
0.495 0.12 0.000252347
0.495 0.16 0.000203929
0.495 0.2 0.000170678
0.495 0.24 0.000146552
0.495 0.28 0.000128256
0.495 0.32 0.000113896
0.495 0.36 0.000102312
0.495 0.4 9.27592e-05
0.495 0.44 8.47324e-05
0.495 0.48 7.79048e-05
0.495 0.52 7.20064e-05
0.495 0.56 6.68681e-05
0.495 0.6 6.23487e-05
0.495 0.64 5.83409e-05
0.495 0.68 5.47619e-05
0.495 0.72 5.15498e-05
0.495 0.76 4.86461e-05
0.495 0.8 4.60226e-05
0.495 0.84 4.36179e-05
0.495 0.88 4.14285e-05
0.495 0.92 3.94091e-05
0.495 0.96 3.7557e-05
0.495 1 0
0.495 1.04 0
0.495 1.08 0
0.495 1.12 0
0.495 1.16 0
0.495 1.2 0
0.495 1.24 0
0.495 1.28 0
0.495 1.32 0
0.495 1.36 0
0.495 1.4 0
0.495 1.44 0
0.495 1.48 0
0.495 1.52 0
0.495 1.56 0
0.495 1.6 0
0.495 1.64 0
0.495 1.68 0
0.495 1.72 0
0.495 1.76 0
0.495 1.8 0
0.495 1.84 0
0.495 1.88 0
0.495 1.92 0
0.495 1.96 0
0.495 2 0
0.495 2.04 0
0.495 2.08 0
0.495 2.12 0
0.495 2.16 0
0.495 2.2 0
0.495 2.24 0
0.495 2.28 0
0.495 2.32 0
0.495 2.36 0
0.495 2.4 0
0.495 2.44 0
0.495 2.48 0
0.495 2.52 0
0.495 2.56 0
0.495 2.6 0
0.495 2.64 0
0.495 2.68 0
0.495 2.72 0
0.495 2.76 0
0.495 2.8 0
0.495 2.84 0
0.495 2.88 0
0.495 2.92 0
0.495 2.96 0
0.495 3 0
0.5 -5 0.000129934
0.5 -4.96 0.000129934
0.5 -4.92 0.000129934
0.5 -4.88 0.000129934
0.5 -4.84 0.000129934
0.5 -4.8 0.000129934
0.5 -4.76 0.000129934
0.5 -4.72 0.000129934
0.5 -4.68 0.000129934
0.5 -4.64 0.000129934
0.5 -4.6 0.000129934
0.5 -4.56 0.000129934
0.5 -4.52 0.000129934
0.5 -4.48 0.000129934
0.5 -4.44 0.000129934
0.5 -4.4 0.000129934
0.5 -4.36 0.000129934
0.5 -4.32 0.000129934
0.5 -4.28 0.000129934
0.5 -4.24 0.000129934
0.5 -4.2 0.000129934
0.5 -4.16 0.000129934
0.5 -4.12 0.000129934
0.5 -4.08 0.000129934
0.5 -4.04 0.000129934
0.5 -4 0.000129934
0.5 -3.96 0.000129934
0.5 -3.92 0.000129934
0.5 -3.88 0.000129934
0.5 -3.84 0.000129934
0.5 -3.8 0.000129934
0.5 -3.76 0.000129934
0.5 -3.72 0.000129934
0.5 -3.68 0.000129934
0.5 -3.64 0.000129934
0.5 -3.6 0.000129934
0.5 -3.56 0.000129934
0.5 -3.52 0.000129934
0.5 -3.48 0.000129934
0.5 -3.44 0.000129934
0.5 -3.4 0.000129934
0.5 -3.36 0.000129934
0.5 -3.32 0.000129934
0.5 -3.28 0.000129934
0.5 -3.24 0.000129934
0.5 -3.2 0.000129934
0.5 -3.16 0.000129934
0.5 -3.12 0.000129934
0.5 -3.08 0.000129934
0.5 -3.04 0.000129934
0.5 -3 0.000129934
0.5 -2.96 0.000125335
0.5 -2.92 0.000143696
0.5 -2.88 0.000141941
0.5 -2.84 0.000167669
0.5 -2.8 0.000157375
0.5 -2.76 0.000169987
0.5 -2.72 0.000165775
0.5 -2.68 0.000193491
0.5 -2.64 0.000209967
0.5 -2.6 0.000243252
0.5 -2.56 0.000260726
0.5 -2.52 0.000285605
0.5 -2.48 0.00031341
0.5 -2.44 0.000338302
0.5 -2.4 0.000413768
0.5 -2.36 0.000459212
0.5 -2.32 0.000591695
0.5 -2.28 0.000685668
0.5 -2.24 0.000871114
0.5 -2.2 0.00104676
0.5 -2.16 0.00122678
0.5 -2.12 0.00149381
0.5 -2.08 0.00170791
0.5 -2.04 0.00189754
0.5 -2 0.00212088
0.5 -1.96 0.00211016
0.5 -1.92 0.00234543
0.5 -1.88 0.00237801
0.5 -1.84 0.00236709
0.5 -1.8 0.0025729
0.5 -1.76 0.0027576
0.5 -1.72 0.00270076
0.5 -1.68 0.00276425
0.5 -1.64 0.00289201
0.5 -1.6 0.00273641
0.5 -1.56 0.00292971
0.5 -1.52 0.00291381
0.5 -1.48 0.00281344
0.5 -1.44 0.00293373
0.5 -1.4 0.00291664
0.5 -1.36 0.00283578
0.5 -1.32 0.00284637
0.5 -1.28 0.00285924
0.5 -1.24 0.00282422
0.5 -1.2 0.00292069
0.5 -1.16 0.002819
0.5 -1.12 0.00276607
0.5 -1.08 0.00280408
0.5 -1.04 0.00271408
0.5 -1 0.00276122
0.5 -0.96 0.00272739
0.5 -0.92 0.00267701
0.5 -0.88 0.00263514
0.5 -0.84 0.00255618
0.5 -0.8 0.00255643
0.5 -0.76 0.00255325
0.5 -0.72 0.00244704
0.5 -0.68 0.00240193
0.5 -0.64 0.00228971
0.5 -0.6 0.00213921
0.5 -0.56 0.00199453
0.5 -0.52 0.0018467
0.5 -0.48 0.00158963
0.5 -0.44 0.00152101
0.5 -0.4 0.00144482
0.5 -0.36 0.0013545
0.5 -0.32 0.00127118
0.5 -0.28 0.00128233
0.5 -0.24 0.00119157
0.5 -0.2 0.00114466
0.5 -0.16 0.00107671
0.5 -0.12 0.00100836
0.5 -0.08 0.000917157
0.5 -0.04 0.000786688
0.5 0 0.00061118
0.5 0.04 0.00043986
0.5 0.08 0.000321848
0.5 0.12 0.000248361
0.5 0.16 0.000200884
0.5 0.2 0.000168258
0.5 0.24 0.00014457
0.5 0.28 0.000126595
0.5 0.32 0.000112479
0.5 0.36 0.000101086
0.5 0.4 9.16859e-05
0.5 0.44 8.37836e-05
0.5 0.48 7.70595e-05
0.5 0.52 7.12476e-05
0.5 0.56 6.61831e-05
0.5 0.6 6.17268e-05
0.5 0.64 5.7774e-05
0.5 0.68 5.42425e-05
0.5 0.72 5.10721e-05
0.5 0.76 4.82057e-05
0.5 0.8 4.56149e-05
0.5 0.84 4.32395e-05
0.5 0.88 4.10762e-05
0.5 0.92 3.90809e-05
0.5 0.96 3.72502e-05
0.5 1 0
0.5 1.04 0
0.5 1.08 0
0.5 1.12 0
0.5 1.16 0
0.5 1.2 0
0.5 1.24 0
0.5 1.28 0
0.5 1.32 0
0.5 1.36 0
0.5 1.4 0
0.5 1.44 0
0.5 1.48 0
0.5 1.52 0
0.5 1.56 0
0.5 1.6 0
0.5 1.64 0
0.5 1.68 0
0.5 1.72 0
0.5 1.76 0
0.5 1.8 0
0.5 1.84 0
0.5 1.88 0
0.5 1.92 0
0.5 1.96 0
0.5 2 0
0.5 2.04 0
0.5 2.08 0
0.5 2.12 0
0.5 2.16 0
0.5 2.2 0
0.5 2.24 0
0.5 2.28 0
0.5 2.32 0
0.5 2.36 0
0.5 2.4 0
0.5 2.44 0
0.5 2.48 0
0.5 2.52 0
0.5 2.56 0
0.5 2.6 0
0.5 2.64 0
0.5 2.68 0
0.5 2.72 0
0.5 2.76 0
0.5 2.8 0
0.5 2.84 0
0.5 2.88 0
0.5 2.92 0
0.5 2.96 0
0.5 3 0
0.505 -5 0.00013146
0.505 -4.96 0.00013146
0.505 -4.92 0.00013146
0.505 -4.88 0.00013146
0.505 -4.84 0.00013146
0.505 -4.8 0.00013146
0.505 -4.76 0.00013146
0.505 -4.72 0.00013146
0.505 -4.68 0.00013146
0.505 -4.64 0.00013146
0.505 -4.6 0.00013146
0.505 -4.56 0.00013146
0.505 -4.52 0.00013146
0.505 -4.48 0.00013146
0.505 -4.44 0.00013146
0.505 -4.4 0.00013146
0.505 -4.36 0.00013146
0.505 -4.32 0.00013146
0.505 -4.28 0.00013146
0.505 -4.24 0.00013146
0.505 -4.2 0.00013146
0.505 -4.16 0.00013146
0.505 -4.12 0.00013146
0.505 -4.08 0.00013146
0.505 -4.04 0.00013146
0.505 -4 0.00013146
0.505 -3.96 0.00013146
0.505 -3.92 0.00013146
0.505 -3.88 0.00013146
0.505 -3.84 0.00013146
0.505 -3.8 0.00013146
0.505 -3.76 0.00013146
0.505 -3.72 0.00013146
0.505 -3.68 0.00013146
0.505 -3.64 0.00013146
0.505 -3.6 0.00013146
0.505 -3.56 0.00013146
0.505 -3.52 0.00013146
0.505 -3.48 0.00013146
0.505 -3.44 0.00013146
0.505 -3.4 0.00013146
0.505 -3.36 0.00013146
0.505 -3.32 0.00013146
0.505 -3.28 0.00013146
0.505 -3.24 0.00013146
0.505 -3.2 0.00013146
0.505 -3.16 0.00013146
0.505 -3.12 0.00013146
0.505 -3.08 0.00013146
0.505 -3.04 0.00013146
0.505 -3 0.00013146
0.505 -2.96 0.000124075
0.505 -2.92 0.000145302
0.505 -2.88 0.00014106
0.505 -2.84 0.000164115
0.505 -2.8 0.000164085
0.505 -2.76 0.000171299
0.505 -2.72 0.000168087
0.505 -2.68 0.000199657
0.505 -2.64 0.00021677
0.505 -2.6 0.0002413
0.505 -2.56 0.000260429
0.505 -2.52 0.000283334
0.505 -2.48 0.00031372
0.505 -2.44 0.000339358
0.505 -2.4 0.000407758
0.505 -2.36 0.000461468
0.505 -2.32 0.000581663
0.505 -2.28 0.000687075
0.505 -2.24 0.000875739
0.505 -2.2 0.00104382
0.505 -2.16 0.00122632
0.505 -2.12 0.00148804
0.505 -2.08 0.0017241
0.505 -2.04 0.00192903
0.505 -2 0.00216979
0.505 -1.96 0.00212221
0.505 -1.92 0.0023254
0.505 -1.88 0.00241065
0.505 -1.84 0.00242246
0.505 -1.8 0.00259119
0.505 -1.76 0.00277994
0.505 -1.72 0.00268342
0.505 -1.68 0.00277345
0.505 -1.64 0.00292315
0.505 -1.6 0.00274772
0.505 -1.56 0.00293406
0.505 -1.52 0.00292237
0.505 -1.48 0.00283372
0.505 -1.44 0.00293725
0.505 -1.4 0.00292497
0.505 -1.36 0.00283887
0.505 -1.32 0.00283924
0.505 -1.28 0.00287161
0.505 -1.24 0.0028247
0.505 -1.2 0.00292714
0.505 -1.16 0.00278205
0.505 -1.12 0.00277738
0.505 -1.08 0.00279361
0.505 -1.04 0.00269951
0.505 -1 0.00272633
0.505 -0.96 0.0027098
0.505 -0.92 0.00265896
0.505 -0.88 0.00259813
0.505 -0.84 0.00253724
0.505 -0.8 0.00250607
0.505 -0.76 0.00253569
0.505 -0.72 0.00239463
0.505 -0.68 0.0023497
0.505 -0.64 0.00220499
0.505 -0.6 0.00211268
0.505 -0.56 0.00195929
0.505 -0.52 0.00182434
0.505 -0.48 0.00159349
0.505 -0.44 0.001488
0.505 -0.4 0.00140593
0.505 -0.36 0.00133299
0.505 -0.32 0.00130349
0.505 -0.28 0.00124422
0.505 -0.24 0.00117153
0.505 -0.2 0.00110384
0.505 -0.16 0.00106121
0.505 -0.12 0.000991682
0.505 -0.08 0.000900595
0.505 -0.04 0.000772398
0.505 0 0.000599749
0.505 0.04 0.000431937
0.505 0.08 0.000316391
0.505 0.12 0.000244407
0.505 0.16 0.000197867
0.505 0.2 0.000165862
0.505 0.24 0.000142609
0.505 0.28 0.000124953
0.505 0.32 0.000111078
0.505 0.36 9.98741e-05
0.505 0.4 9.06248e-05
0.505 0.44 8.28455e-05
0.505 0.48 7.62237e-05
0.505 0.52 7.04972e-05
0.505 0.56 6.55057e-05
0.505 0.6 6.11117e-05
0.505 0.64 5.72133e-05
0.505 0.68 5.37288e-05
0.505 0.72 5.05995e-05
0.505 0.76 4.77701e-05
0.505 0.8 4.52115e-05
0.505 0.84 4.2865e-05
0.505 0.88 4.07275e-05
0.505 0.92 3.8756e-05
0.505 0.96 3.69464e-05
0.505 1 0
0.505 1.04 0
0.505 1.08 0
0.505 1.12 0
0.505 1.16 0
0.505 1.2 0
0.505 1.24 0
0.505 1.28 0
0.505 1.32 0
0.505 1.36 0
0.505 1.4 0
0.505 1.44 0
0.505 1.48 0
0.505 1.52 0
0.505 1.56 0
0.505 1.6 0
0.505 1.64 0
0.505 1.68 0
0.505 1.72 0
0.505 1.76 0
0.505 1.8 0
0.505 1.84 0
0.505 1.88 0
0.505 1.92 0
0.505 1.96 0
0.505 2 0
0.505 2.04 0
0.505 2.08 0
0.505 2.12 0
0.505 2.16 0
0.505 2.2 0
0.505 2.24 0
0.505 2.28 0
0.505 2.32 0
0.505 2.36 0
0.505 2.4 0
0.505 2.44 0
0.505 2.48 0
0.505 2.52 0
0.505 2.56 0
0.505 2.6 0
0.505 2.64 0
0.505 2.68 0
0.505 2.72 0
0.505 2.76 0
0.505 2.8 0
0.505 2.84 0
0.505 2.88 0
0.505 2.92 0
0.505 2.96 0
0.505 3 0
0.51 -5 0.000130963
0.51 -4.96 0.000130963
0.51 -4.92 0.000130963
0.51 -4.88 0.000130963
0.51 -4.84 0.000130963
0.51 -4.8 0.000130963
0.51 -4.76 0.000130963
0.51 -4.72 0.000130963
0.51 -4.68 0.000130963
0.51 -4.64 0.000130963
0.51 -4.6 0.000130963
0.51 -4.56 0.000130963
0.51 -4.52 0.000130963
0.51 -4.48 0.000130963
0.51 -4.44 0.000130963
0.51 -4.4 0.000130963
0.51 -4.36 0.000130963
0.51 -4.32 0.000130963
0.51 -4.28 0.000130963
0.51 -4.24 0.000130963
0.51 -4.2 0.000130963
0.51 -4.16 0.000130963
0.51 -4.12 0.000130963
0.51 -4.08 0.000130963
0.51 -4.04 0.000130963
0.51 -4 0.000130963
0.51 -3.96 0.000130963
0.51 -3.92 0.000130963
0.51 -3.88 0.000130963
0.51 -3.84 0.000130963
0.51 -3.8 0.000130963
0.51 -3.76 0.000130963
0.51 -3.72 0.000130963
0.51 -3.68 0.000130963
0.51 -3.64 0.000130963
0.51 -3.6 0.000130963
0.51 -3.56 0.000130963
0.51 -3.52 0.000130963
0.51 -3.48 0.000130963
0.51 -3.44 0.000130963
0.51 -3.4 0.000130963
0.51 -3.36 0.000130963
0.51 -3.32 0.000130963
0.51 -3.28 0.000130963
0.51 -3.24 0.000130963
0.51 -3.2 0.000130963
0.51 -3.16 0.000130963
0.51 -3.12 0.000130963
0.51 -3.08 0.000130963
0.51 -3.04 0.000130963
0.51 -3 0.000130963
0.51 -2.96 0.00012347
0.51 -2.92 0.000143095
0.51 -2.88 0.000141545
0.51 -2.84 0.000161163
0.51 -2.8 0.000171055
0.51 -2.76 0.000172064
0.51 -2.72 0.000173509
0.51 -2.68 0.000201509
0.51 -2.64 0.000219364
0.51 -2.6 0.000238042
0.51 -2.56 0.00026234
0.51 -2.52 0.000283351
0.51 -2.48 0.000311667
0.51 -2.44 0.000339193
0.51 -2.4 0.000396178
0.51 -2.36 0.000460647
0.51 -2.32 0.000578382
0.51 -2.28 0.000690779
0.51 -2.24 0.000880016
0.51 -2.2 0.00104285
0.51 -2.16 0.00122679
0.51 -2.12 0.00149022
0.51 -2.08 0.00174387
0.51 -2.04 0.00194348
0.51 -2 0.00220194
0.51 -1.96 0.00214697
0.51 -1.92 0.00233002
0.51 -1.88 0.00245795
0.51 -1.84 0.0024804
0.51 -1.8 0.00262718
0.51 -1.76 0.00280074
0.51 -1.72 0.00266734
0.51 -1.68 0.00279164
0.51 -1.64 0.002947
0.51 -1.6 0.00278206
0.51 -1.56 0.00294429
0.51 -1.52 0.00294998
0.51 -1.48 0.00286048
0.51 -1.44 0.00294167
0.51 -1.4 0.002931
0.51 -1.36 0.00281179
0.51 -1.32 0.00284661
0.51 -1.28 0.0028926
0.51 -1.24 0.00282353
0.51 -1.2 0.00295588
0.51 -1.16 0.00275115
0.51 -1.12 0.00279228
0.51 -1.08 0.00276283
0.51 -1.04 0.00267854
0.51 -1 0.00272818
0.51 -0.96 0.00267261
0.51 -0.92 0.00265094
0.51 -0.88 0.00254804
0.51 -0.84 0.00253504
0.51 -0.8 0.00246767
0.51 -0.76 0.00247777
0.51 -0.72 0.0023726
0.51 -0.68 0.00234353
0.51 -0.64 0.00216685
0.51 -0.6 0.00212622
0.51 -0.56 0.00192346
0.51 -0.52 0.00176743
0.51 -0.48 0.00162722
0.51 -0.44 0.00146227
0.51 -0.4 0.00136152
0.51 -0.36 0.00132967
0.51 -0.32 0.00130039
0.51 -0.28 0.00119043
0.51 -0.24 0.00114254
0.51 -0.2 0.00108305
0.51 -0.16 0.00104403
0.51 -0.12 0.00097469
0.51 -0.08 0.000884438
0.51 -0.04 0.000758324
0.51 0 0.000588412
0.51 0.04 0.000424064
0.51 0.08 0.000310974
0.51 0.12 0.000240487
0.51 0.16 0.00019488
0.51 0.2 0.000163491
0.51 0.24 0.000140669
0.51 0.28 0.000123328
0.51 0.32 0.000109693
0.51 0.36 9.86756e-05
0.51 0.4 8.95758e-05
0.51 0.44 8.19181e-05
0.51 0.48 7.53974e-05
0.51 0.52 6.97555e-05
0.51 0.56 6.48359e-05
0.51 0.6 6.05034e-05
0.51 0.64 5.66587e-05
0.51 0.68 5.32206e-05
0.51 0.72 5.0132e-05
0.51 0.76 4.7339e-05
0.51 0.8 4.48123e-05
0.51 0.84 4.24944e-05
0.51 0.88 4.03824e-05
0.51 0.92 3.84344e-05
0.51 0.96 3.66457e-05
0.51 1 0
0.51 1.04 0
0.51 1.08 0
0.51 1.12 0
0.51 1.16 0
0.51 1.2 0
0.51 1.24 0
0.51 1.28 0
0.51 1.32 0
0.51 1.36 0
0.51 1.4 0
0.51 1.44 0
0.51 1.48 0
0.51 1.52 0
0.51 1.56 0
0.51 1.6 0
0.51 1.64 0
0.51 1.68 0
0.51 1.72 0
0.51 1.76 0
0.51 1.8 0
0.51 1.84 0
0.51 1.88 0
0.51 1.92 0
0.51 1.96 0
0.51 2 0
0.51 2.04 0
0.51 2.08 0
0.51 2.12 0
0.51 2.16 0
0.51 2.2 0
0.51 2.24 0
0.51 2.28 0
0.51 2.32 0
0.51 2.36 0
0.51 2.4 0
0.51 2.44 0
0.51 2.48 0
0.51 2.52 0
0.51 2.56 0
0.51 2.6 0
0.51 2.64 0
0.51 2.68 0
0.51 2.72 0
0.51 2.76 0
0.51 2.8 0
0.51 2.84 0
0.51 2.88 0
0.51 2.92 0
0.51 2.96 0
0.51 3 0
0.515 -5 0.000130982
0.515 -4.96 0.000130982
0.515 -4.92 0.000130982
0.515 -4.88 0.000130982
0.515 -4.84 0.000130982
0.515 -4.8 0.000130982
0.515 -4.76 0.000130982
0.515 -4.72 0.000130982
0.515 -4.68 0.000130982
0.515 -4.64 0.000130982
0.515 -4.6 0.000130982
0.515 -4.56 0.000130982
0.515 -4.52 0.000130982
0.515 -4.48 0.000130982
0.515 -4.44 0.000130982
0.515 -4.4 0.000130982
0.515 -4.36 0.000130982
0.515 -4.32 0.000130982
0.515 -4.28 0.000130982
0.515 -4.24 0.000130982
0.515 -4.2 0.000130982
0.515 -4.16 0.000130982
0.515 -4.12 0.000130982
0.515 -4.08 0.000130982
0.515 -4.04 0.000130982
0.515 -4 0.000130982
0.515 -3.96 0.000130982
0.515 -3.92 0.000130982
0.515 -3.88 0.000130982
0.515 -3.84 0.000130982
0.515 -3.8 0.000130982
0.515 -3.76 0.000130982
0.515 -3.72 0.000130982
0.515 -3.68 0.000130982
0.515 -3.64 0.000130982
0.515 -3.6 0.000130982
0.515 -3.56 0.000130982
0.515 -3.52 0.000130982
0.515 -3.48 0.000130982
0.515 -3.44 0.000130982
0.515 -3.4 0.000130982
0.515 -3.36 0.000130982
0.515 -3.32 0.000130982
0.515 -3.28 0.000130982
0.515 -3.24 0.000130982
0.515 -3.2 0.000130982
0.515 -3.16 0.000130982
0.515 -3.12 0.000130982
0.515 -3.08 0.000130982
0.515 -3.04 0.000130982
0.515 -3 0.000130982
0.515 -2.96 0.000122142
0.515 -2.92 0.00014135
0.515 -2.88 0.000142322
0.515 -2.84 0.000159353
0.515 -2.8 0.000170382
0.515 -2.76 0.000174955
0.515 -2.72 0.0001777
0.515 -2.68 0.000199229
0.515 -2.64 0.000217466
0.515 -2.6 0.000233579
0.515 -2.56 0.000262378
0.515 -2.52 0.000288477
0.515 -2.48 0.000306722
0.515 -2.44 0.000335996
0.515 -2.4 0.000386959
0.515 -2.36 0.000456349
0.515 -2.32 0.000579408
0.515 -2.28 0.000695503
0.515 -2.24 0.000878142
0.515 -2.2 0.00104821
0.515 -2.16 0.0012247
0.515 -2.12 0.00150087
0.515 -2.08 0.00176681
0.515 -2.04 0.00195109
0.515 -2 0.00221186
0.515 -1.96 0.00216748
0.515 -1.92 0.00237279
0.515 -1.88 0.00250086
0.515 -1.84 0.00252153
0.515 -1.8 0.00268127
0.515 -1.76 0.00282193
0.515 -1.72 0.00268211
0.515 -1.68 0.00283035
0.515 -1.64 0.00296472
0.515 -1.6 0.00283067
0.515 -1.56 0.00296006
0.515 -1.52 0.0029674
0.515 -1.48 0.00286987
0.515 -1.44 0.00294037
0.515 -1.4 0.00293833
0.515 -1.36 0.00278608
0.515 -1.32 0.00285835
0.515 -1.28 0.00290147
0.515 -1.24 0.00280355
0.515 -1.2 0.00294535
0.515 -1.16 0.00274756
0.515 -1.12 0.00279551
0.515 -1.08 0.002728
0.515 -1.04 0.0026724
0.515 -1 0.00274003
0.515 -0.96 0.00265414
0.515 -0.92 0.00264955
0.515 -0.88 0.00251961
0.515 -0.84 0.00253044
0.515 -0.8 0.002448
0.515 -0.76 0.00242867
0.515 -0.72 0.00236831
0.515 -0.68 0.00234219
0.515 -0.64 0.00218218
0.515 -0.6 0.00211529
0.515 -0.56 0.00188624
0.515 -0.52 0.0017012
0.515 -0.48 0.0016258
0.515 -0.44 0.00144862
0.515 -0.4 0.00133855
0.515 -0.36 0.00131288
0.515 -0.32 0.00125348
0.515 -0.28 0.00114478
0.515 -0.24 0.00111691
0.515 -0.2 0.00108169
0.515 -0.16 0.0010212
0.515 -0.12 0.000956802
0.515 -0.08 0.000868663
0.515 -0.04 0.000744497
0.515 0 0.000577174
0.515 0.04 0.000416243
0.515 0.08 0.000305598
0.515 0.12 0.000236602
0.515 0.16 0.000191922
0.515 0.2 0.000161145
0.515 0.24 0.000138751
0.515 0.28 0.000121723
0.515 0.32 0.000108323
0.515 0.36 9.74912e-05
0.515 0.4 8.85391e-05
0.515 0.44 8.10016e-05
0.515 0.48 7.45807e-05
0.515 0.52 6.90223e-05
0.515 0.56 6.41738e-05
0.515 0.6 5.99021e-05
0.515 0.64 5.61104e-05
0.515 0.68 5.27181e-05
0.515 0.72 4.96696e-05
0.515 0.76 4.69128e-05
0.515 0.8 4.44174e-05
0.515 0.84 4.21278e-05
0.515 0.88 4.0041e-05
0.515 0.92 3.81162e-05
0.515 0.96 3.63482e-05
0.515 1 0
0.515 1.04 0
0.515 1.08 0
0.515 1.12 0
0.515 1.16 0
0.515 1.2 0
0.515 1.24 0
0.515 1.28 0
0.515 1.32 0
0.515 1.36 0
0.515 1.4 0
0.515 1.44 0
0.515 1.48 0
0.515 1.52 0
0.515 1.56 0
0.515 1.6 0
0.515 1.64 0
0.515 1.68 0
0.515 1.72 0
0.515 1.76 0
0.515 1.8 0
0.515 1.84 0
0.515 1.88 0
0.515 1.92 0
0.515 1.96 0
0.515 2 0
0.515 2.04 0
0.515 2.08 0
0.515 2.12 0
0.515 2.16 0
0.515 2.2 0
0.515 2.24 0
0.515 2.28 0
0.515 2.32 0
0.515 2.36 0
0.515 2.4 0
0.515 2.44 0
0.515 2.48 0
0.515 2.52 0
0.515 2.56 0
0.515 2.6 0
0.515 2.64 0
0.515 2.68 0
0.515 2.72 0
0.515 2.76 0
0.515 2.8 0
0.515 2.84 0
0.515 2.88 0
0.515 2.92 0
0.515 2.96 0
0.515 3 0
0.52 -5 0.000132411
0.52 -4.96 0.000132411
0.52 -4.92 0.000132411
0.52 -4.88 0.000132411
0.52 -4.84 0.000132411
0.52 -4.8 0.000132411
0.52 -4.76 0.000132411
0.52 -4.72 0.000132411
0.52 -4.68 0.000132411
0.52 -4.64 0.000132411
0.52 -4.6 0.000132411
0.52 -4.56 0.000132411
0.52 -4.52 0.000132411
0.52 -4.48 0.000132411
0.52 -4.44 0.000132411
0.52 -4.4 0.000132411
0.52 -4.36 0.000132411
0.52 -4.32 0.000132411
0.52 -4.28 0.000132411
0.52 -4.24 0.000132411
0.52 -4.2 0.000132411
0.52 -4.16 0.000132411
0.52 -4.12 0.000132411
0.52 -4.08 0.000132411
0.52 -4.04 0.000132411
0.52 -4 0.000132411
0.52 -3.96 0.000132411
0.52 -3.92 0.000132411
0.52 -3.88 0.000132411
0.52 -3.84 0.000132411
0.52 -3.8 0.000132411
0.52 -3.76 0.000132411
0.52 -3.72 0.000132411
0.52 -3.68 0.000132411
0.52 -3.64 0.000132411
0.52 -3.6 0.000132411
0.52 -3.56 0.000132411
0.52 -3.52 0.000132411
0.52 -3.48 0.000132411
0.52 -3.44 0.000132411
0.52 -3.4 0.000132411
0.52 -3.36 0.000132411
0.52 -3.32 0.000132411
0.52 -3.28 0.000132411
0.52 -3.24 0.000132411
0.52 -3.2 0.000132411
0.52 -3.16 0.000132411
0.52 -3.12 0.000132411
0.52 -3.08 0.000132411
0.52 -3.04 0.000132411
0.52 -3 0.000132411
0.52 -2.96 0.000120341
0.52 -2.92 0.000145498
0.52 -2.88 0.000142945
0.52 -2.84 0.000157382
0.52 -2.8 0.000163372
0.52 -2.76 0.000179956
0.52 -2.72 0.000177576
0.52 -2.68 0.000194812
0.52 -2.64 0.000215101
0.52 -2.6 0.000232454
0.52 -2.56 0.000262364
0.52 -2.52 0.000292735
0.52 -2.48 0.000303444
0.52 -2.44 0.000332025
0.52 -2.4 0.00038742
0.52 -2.36 0.000452808
0.52 -2.32 0.000580786
0.52 -2.28 0.000699363
0.52 -2.24 0.000873575
0.52 -2.2 0.00105821
0.52 -2.16 0.00121975
0.52 -2.12 0.0015153
0.52 -2.08 0.00178561
0.52 -2.04 0.00197452
0.52 -2 0.0022282
0.52 -1.96 0.00218008
0.52 -1.92 0.00241246
0.52 -1.88 0.0025217
0.52 -1.84 0.00255221
0.52 -1.8 0.00272754
0.52 -1.76 0.00284537
0.52 -1.72 0.00271532
0.52 -1.68 0.00286475
0.52 -1.64 0.00298829
0.52 -1.6 0.00287143
0.52 -1.56 0.00297317
0.52 -1.52 0.00297312
0.52 -1.48 0.00286566
0.52 -1.44 0.00293222
0.52 -1.4 0.00294479
0.52 -1.36 0.00278496
0.52 -1.32 0.00286555
0.52 -1.28 0.00289518
0.52 -1.24 0.00278785
0.52 -1.2 0.00289259
0.52 -1.16 0.00275007
0.52 -1.12 0.00279295
0.52 -1.08 0.00271554
0.52 -1.04 0.00269543
0.52 -1 0.00272907
0.52 -0.96 0.00265452
0.52 -0.92 0.00263881
0.52 -0.88 0.00251474
0.52 -0.84 0.00250726
0.52 -0.8 0.00242289
0.52 -0.76 0.00241584
0.52 -0.72 0.00235857
0.52 -0.68 0.00228737
0.52 -0.64 0.00216363
0.52 -0.6 0.0020449
0.52 -0.56 0.00184621
0.52 -0.52 0.00166239
0.52 -0.48 0.00156683
0.52 -0.44 0.00143105
0.52 -0.4 0.00133587
0.52 -0.36 0.00127306
0.52 -0.32 0.00120561
0.52 -0.28 0.0011308
0.52 -0.24 0.00110857
0.52 -0.2 0.00107532
0.52 -0.16 0.000998467
0.52 -0.12 0.000938748
0.52 -0.08 0.000853072
0.52 -0.04 0.000730684
0.52 0 0.000566036
0.52 0.04 0.00040848
0.52 0.08 0.000300266
0.52 0.12 0.000232754
0.52 0.16 0.000188996
0.52 0.2 0.000158826
0.52 0.24 0.000136854
0.52 0.28 0.000120136
0.52 0.32 0.00010697
0.52 0.36 9.63209e-05
0.52 0.4 8.75148e-05
0.52 0.44 8.00961e-05
0.52 0.48 7.37737e-05
0.52 0.52 6.82977e-05
0.52 0.56 6.35195e-05
0.52 0.6 5.93078e-05
0.52 0.64 5.55683e-05
0.52 0.68 5.22214e-05
0.52 0.72 4.92125e-05
0.52 0.76 4.64912e-05
0.52 0.8 4.40268e-05
0.52 0.84 4.17651e-05
0.52 0.88 3.97032e-05
0.52 0.92 3.78015e-05
0.52 0.96 3.60538e-05
0.52 1 0
0.52 1.04 0
0.52 1.08 0
0.52 1.12 0
0.52 1.16 0
0.52 1.2 0
0.52 1.24 0
0.52 1.28 0
0.52 1.32 0
0.52 1.36 0
0.52 1.4 0
0.52 1.44 0
0.52 1.48 0
0.52 1.52 0
0.52 1.56 0
0.52 1.6 0
0.52 1.64 0
0.52 1.68 0
0.52 1.72 0
0.52 1.76 0
0.52 1.8 0
0.52 1.84 0
0.52 1.88 0
0.52 1.92 0
0.52 1.96 0
0.52 2 0
0.52 2.04 0
0.52 2.08 0
0.52 2.12 0
0.52 2.16 0
0.52 2.2 0
0.52 2.24 0
0.52 2.28 0
0.52 2.32 0
0.52 2.36 0
0.52 2.4 0
0.52 2.44 0
0.52 2.48 0
0.52 2.52 0
0.52 2.56 0
0.52 2.6 0
0.52 2.64 0
0.52 2.68 0
0.52 2.72 0
0.52 2.76 0
0.52 2.8 0
0.52 2.84 0
0.52 2.88 0
0.52 2.92 0
0.52 2.96 0
0.52 3 0
0.525 -5 0.000133487
0.525 -4.96 0.000133487
0.525 -4.92 0.000133487
0.525 -4.88 0.000133487
0.525 -4.84 0.000133487
0.525 -4.8 0.000133487
0.525 -4.76 0.000133487
0.525 -4.72 0.000133487
0.525 -4.68 0.000133487
0.525 -4.64 0.000133487
0.525 -4.6 0.000133487
0.525 -4.56 0.000133487
0.525 -4.52 0.000133487
0.525 -4.48 0.000133487
0.525 -4.44 0.000133487
0.525 -4.4 0.000133487
0.525 -4.36 0.000133487
0.525 -4.32 0.000133487
0.525 -4.28 0.000133487
0.525 -4.24 0.000133487
0.525 -4.2 0.000133487
0.525 -4.16 0.000133487
0.525 -4.12 0.000133487
0.525 -4.08 0.000133487
0.525 -4.04 0.000133487
0.525 -4 0.000133487
0.525 -3.96 0.000133487
0.525 -3.92 0.000133487
0.525 -3.88 0.000133487
0.525 -3.84 0.000133487
0.525 -3.8 0.000133487
0.525 -3.76 0.000133487
0.525 -3.72 0.000133487
0.525 -3.68 0.000133487
0.525 -3.64 0.000133487
0.525 -3.6 0.000133487
0.525 -3.56 0.000133487
0.525 -3.52 0.000133487
0.525 -3.48 0.000133487
0.525 -3.44 0.000133487
0.525 -3.4 0.000133487
0.525 -3.36 0.000133487
0.525 -3.32 0.000133487
0.525 -3.28 0.000133487
0.525 -3.24 0.000133487
0.525 -3.2 0.000133487
0.525 -3.16 0.000133487
0.525 -3.12 0.000133487
0.525 -3.08 0.000133487
0.525 -3.04 0.000133487
0.525 -3 0.000133487
0.525 -2.96 0.00011977
0.525 -2.92 0.000153459
0.525 -2.88 0.000143558
0.525 -2.84 0.000155751
0.525 -2.8 0.000158974
0.525 -2.76 0.000182599
0.525 -2.72 0.00017461
0.525 -2.68 0.000190964
0.525 -2.64 0.000213299
0.525 -2.6 0.000237452
0.525 -2.56 0.000265358
0.525 -2.52 0.000290651
0.525 -2.48 0.00030483
0.525 -2.44 0.000330209
0.525 -2.4 0.000392476
0.525 -2.36 0.000452705
0.525 -2.32 0.000583205
0.525 -2.28 0.000700769
0.525 -2.24 0.000873139
0.525 -2.2 0.00106366
0.525 -2.16 0.00121405
0.525 -2.12 0.00152893
0.525 -2.08 0.00179773
0.525 -2.04 0.00200987
0.525 -2 0.00226855
0.525 -1.96 0.0022017
0.525 -1.92 0.00242286
0.525 -1.88 0.00253575
0.525 -1.84 0.00259063
0.525 -1.8 0.00275373
0.525 -1.76 0.00287191
0.525 -1.72 0.00273439
0.525 -1.68 0.00287224
0.525 -1.64 0.00301831
0.525 -1.6 0.00289565
0.525 -1.56 0.00297954
0.525 -1.52 0.00299604
0.525 -1.48 0.0028769
0.525 -1.44 0.00293111
0.525 -1.4 0.00294929
0.525 -1.36 0.0027989
0.525 -1.32 0.00288052
0.525 -1.28 0.00289175
0.525 -1.24 0.00279615
0.525 -1.2 0.00286088
0.525 -1.16 0.00274002
0.525 -1.12 0.00278946
0.525 -1.08 0.00271265
0.525 -1.04 0.0027183
0.525 -1 0.00270286
0.525 -0.96 0.00263275
0.525 -0.92 0.00261094
0.525 -0.88 0.00251441
0.525 -0.84 0.0024769
0.525 -0.8 0.00237979
0.525 -0.76 0.00240375
0.525 -0.72 0.00232417
0.525 -0.68 0.00219364
0.525 -0.64 0.00207493
0.525 -0.6 0.0019668
0.525 -0.56 0.00181058
0.525 -0.52 0.00165493
0.525 -0.48 0.00149897
0.525 -0.44 0.00139696
0.525 -0.4 0.00132669
0.525 -0.36 0.00123092
0.525 -0.32 0.00118757
0.525 -0.28 0.00115005
0.525 -0.24 0.00111114
0.525 -0.2 0.0010494
0.525 -0.16 0.000984912
0.525 -0.12 0.000921863
0.525 -0.08 0.000837445
0.525 -0.04 0.000716522
0.525 0 0.000555003
0.525 0.04 0.000400778
0.525 0.08 0.000294981
0.525 0.12 0.000228943
0.525 0.16 0.000186101
0.525 0.2 0.000156533
0.525 0.24 0.00013498
0.525 0.28 0.000118567
0.525 0.32 0.000105634
0.525 0.36 9.51648e-05
0.525 0.4 8.65029e-05
0.525 0.44 7.92015e-05
0.525 0.48 7.29764e-05
0.525 0.52 6.75819e-05
0.525 0.56 6.28729e-05
0.525 0.6 5.87205e-05
0.525 0.64 5.50326e-05
0.525 0.68 5.17303e-05
0.525 0.72 4.87606e-05
0.525 0.76 4.60745e-05
0.525 0.8 4.36406e-05
0.525 0.84 4.14066e-05
0.525 0.88 3.93692e-05
0.525 0.92 3.74902e-05
0.525 0.96 3.57626e-05
0.525 1 0
0.525 1.04 0
0.525 1.08 0
0.525 1.12 0
0.525 1.16 0
0.525 1.2 0
0.525 1.24 0
0.525 1.28 0
0.525 1.32 0
0.525 1.36 0
0.525 1.4 0
0.525 1.44 0
0.525 1.48 0
0.525 1.52 0
0.525 1.56 0
0.525 1.6 0
0.525 1.64 0
0.525 1.68 0
0.525 1.72 0
0.525 1.76 0
0.525 1.8 0
0.525 1.84 0
0.525 1.88 0
0.525 1.92 0
0.525 1.96 0
0.525 2 0
0.525 2.04 0
0.525 2.08 0
0.525 2.12 0
0.525 2.16 0
0.525 2.2 0
0.525 2.24 0
0.525 2.28 0
0.525 2.32 0
0.525 2.36 0
0.525 2.4 0
0.525 2.44 0
0.525 2.48 0
0.525 2.52 0
0.525 2.56 0
0.525 2.6 0
0.525 2.64 0
0.525 2.68 0
0.525 2.72 0
0.525 2.76 0
0.525 2.8 0
0.525 2.84 0
0.525 2.88 0
0.525 2.92 0
0.525 2.96 0
0.525 3 0
0.53 -5 0.000132445
0.53 -4.96 0.000132445
0.53 -4.92 0.000132445
0.53 -4.88 0.000132445
0.53 -4.84 0.000132445
0.53 -4.8 0.000132445
0.53 -4.76 0.000132445
0.53 -4.72 0.000132445
0.53 -4.68 0.000132445
0.53 -4.64 0.000132445
0.53 -4.6 0.000132445
0.53 -4.56 0.000132445
0.53 -4.52 0.000132445
0.53 -4.48 0.000132445
0.53 -4.44 0.000132445
0.53 -4.4 0.000132445
0.53 -4.36 0.000132445
0.53 -4.32 0.000132445
0.53 -4.28 0.000132445
0.53 -4.24 0.000132445
0.53 -4.2 0.000132445
0.53 -4.16 0.000132445
0.53 -4.12 0.000132445
0.53 -4.08 0.000132445
0.53 -4.04 0.000132445
0.53 -4 0.000132445
0.53 -3.96 0.000132445
0.53 -3.92 0.000132445
0.53 -3.88 0.000132445
0.53 -3.84 0.000132445
0.53 -3.8 0.000132445
0.53 -3.76 0.000132445
0.53 -3.72 0.000132445
0.53 -3.68 0.000132445
0.53 -3.64 0.000132445
0.53 -3.6 0.000132445
0.53 -3.56 0.000132445
0.53 -3.52 0.000132445
0.53 -3.48 0.000132445
0.53 -3.44 0.000132445
0.53 -3.4 0.000132445
0.53 -3.36 0.000132445
0.53 -3.32 0.000132445
0.53 -3.28 0.000132445
0.53 -3.24 0.000132445
0.53 -3.2 0.000132445
0.53 -3.16 0.000132445
0.53 -3.12 0.000132445
0.53 -3.08 0.000132445
0.53 -3.04 0.000132445
0.53 -3 0.000132445
0.53 -2.96 0.000121093
0.53 -2.92 0.000156379
0.53 -2.88 0.000144514
0.53 -2.84 0.000155786
0.53 -2.8 0.000161582
0.53 -2.76 0.000179368
0.53 -2.72 0.000173398
0.53 -2.68 0.000191076
0.53 -2.64 0.000209466
0.53 -2.6 0.000242077
0.53 -2.56 0.000267871
0.53 -2.52 0.000285078
0.53 -2.48 0.000308705
0.53 -2.44 0.000330481
0.53 -2.4 0.000392251
0.53 -2.36 0.000455567
0.53 -2.32 0.0005865
0.53 -2.28 0.000698548
0.53 -2.24 0.000875388
0.53 -2.2 0.0010597
0.53 -2.16 0.00120921
0.53 -2.12 0.00154069
0.53 -2.08 0.00181191
0.53 -2.04 0.00203105
0.53 -2 0.0023122
0.53 -1.96 0.0022452
0.53 -1.92 0.00242905
0.53 -1.88 0.00257044
0.53 -1.84 0.00263774
0.53 -1.8 0.00277751
0.53 -1.76 0.00290464
0.53 -1.72 0.00273059
0.53 -1.68 0.00286913
0.53 -1.64 0.00304265
0.53 -1.6 0.00291469
0.53 -1.56 0.00298445
0.53 -1.52 0.00304413
0.53 -1.48 0.00291246
0.53 -1.44 0.00294346
0.53 -1.4 0.00295416
0.53 -1.36 0.00281039
0.53 -1.32 0.00291581
0.53 -1.28 0.00290006
0.53 -1.24 0.00280465
0.53 -1.2 0.00287485
0.53 -1.16 0.00273422
0.53 -1.12 0.00277392
0.53 -1.08 0.00268788
0.53 -1.04 0.00270175
0.53 -1 0.00268777
0.53 -0.96 0.00257548
0.53 -0.92 0.00257518
0.53 -0.88 0.00250893
0.53 -0.84 0.00246085
0.53 -0.8 0.00234063
0.53 -0.76 0.00235558
0.53 -0.72 0.002265
0.53 -0.68 0.00212749
0.53 -0.64 0.0020006
0.53 -0.6 0.00194246
0.53 -0.56 0.00178617
0.53 -0.52 0.00164611
0.53 -0.48 0.00147329
0.53 -0.44 0.00136113
0.53 -0.4 0.00129636
0.53 -0.36 0.00120893
0.53 -0.32 0.00118253
0.53 -0.28 0.00117117
0.53 -0.24 0.00110117
0.53 -0.2 0.00101675
0.53 -0.16 0.000979298
0.53 -0.12 0.000906737
0.53 -0.08 0.000821847
0.53 -0.04 0.000702136
0.53 0 0.000544078
0.53 0.04 0.00039314
0.53 0.08 0.000289743
0.53 0.12 0.000225172
0.53 0.16 0.000183237
0.53 0.2 0.000154266
0.53 0.24 0.000133129
0.53 0.28 0.000117018
0.53 0.32 0.000104314
0.53 0.36 9.40229e-05
0.53 0.4 8.55035e-05
0.53 0.44 7.83179e-05
0.53 0.48 7.21889e-05
0.53 0.52 6.68748e-05
0.53 0.56 6.22342e-05
0.53 0.6 5.81403e-05
0.53 0.64 5.45031e-05
0.53 0.68 5.12451e-05
0.53 0.72 4.83139e-05
0.53 0.76 4.56625e-05
0.53 0.8 4.32589e-05
0.53 0.84 4.1052e-05
0.53 0.88 3.90388e-05
0.53 0.92 3.71823e-05
0.53 0.96 3.54745e-05
0.53 1 0
0.53 1.04 0
0.53 1.08 0
0.53 1.12 0
0.53 1.16 0
0.53 1.2 0
0.53 1.24 0
0.53 1.28 0
0.53 1.32 0
0.53 1.36 0
0.53 1.4 0
0.53 1.44 0
0.53 1.48 0
0.53 1.52 0
0.53 1.56 0
0.53 1.6 0
0.53 1.64 0
0.53 1.68 0
0.53 1.72 0
0.53 1.76 0
0.53 1.8 0
0.53 1.84 0
0.53 1.88 0
0.53 1.92 0
0.53 1.96 0
0.53 2 0
0.53 2.04 0
0.53 2.08 0
0.53 2.12 0
0.53 2.16 0
0.53 2.2 0
0.53 2.24 0
0.53 2.28 0
0.53 2.32 0
0.53 2.36 0
0.53 2.4 0
0.53 2.44 0
0.53 2.48 0
0.53 2.52 0
0.53 2.56 0
0.53 2.6 0
0.53 2.64 0
0.53 2.68 0
0.53 2.72 0
0.53 2.76 0
0.53 2.8 0
0.53 2.84 0
0.53 2.88 0
0.53 2.92 0
0.53 2.96 0
0.53 3 0
0.535 -5 0.00012995
0.535 -4.96 0.00012995
0.535 -4.92 0.00012995
0.535 -4.88 0.00012995
0.535 -4.84 0.00012995
0.535 -4.8 0.00012995
0.535 -4.76 0.00012995
0.535 -4.72 0.00012995
0.535 -4.68 0.00012995
0.535 -4.64 0.00012995
0.535 -4.6 0.00012995
0.535 -4.56 0.00012995
0.535 -4.52 0.00012995
0.535 -4.48 0.00012995
0.535 -4.44 0.00012995
0.535 -4.4 0.00012995
0.535 -4.36 0.00012995
0.535 -4.32 0.00012995
0.535 -4.28 0.00012995
0.535 -4.24 0.00012995
0.535 -4.2 0.00012995
0.535 -4.16 0.00012995
0.535 -4.12 0.00012995
0.535 -4.08 0.00012995
0.535 -4.04 0.00012995
0.535 -4 0.00012995
0.535 -3.96 0.00012995
0.535 -3.92 0.00012995
0.535 -3.88 0.00012995
0.535 -3.84 0.00012995
0.535 -3.8 0.00012995
0.535 -3.76 0.00012995
0.535 -3.72 0.00012995
0.535 -3.68 0.00012995
0.535 -3.64 0.00012995
0.535 -3.6 0.00012995
0.535 -3.56 0.00012995
0.535 -3.52 0.00012995
0.535 -3.48 0.00012995
0.535 -3.44 0.00012995
0.535 -3.4 0.00012995
0.535 -3.36 0.00012995
0.535 -3.32 0.00012995
0.535 -3.28 0.00012995
0.535 -3.24 0.00012995
0.535 -3.2 0.00012995
0.535 -3.16 0.00012995
0.535 -3.12 0.00012995
0.535 -3.08 0.00012995
0.535 -3.04 0.00012995
0.535 -3 0.00012995
0.535 -2.96 0.000123109
0.535 -2.92 0.000150212
0.535 -2.88 0.000146112
0.535 -2.84 0.000156423
0.535 -2.8 0.000166242
0.535 -2.76 0.000172972
0.535 -2.72 0.000176282
0.535 -2.68 0.000195555
0.535 -2.64 0.000203144
0.535 -2.6 0.000237728
0.535 -2.56 0.000265231
0.535 -2.52 0.000281796
0.535 -2.48 0.000311516
0.535 -2.44 0.000331723
0.535 -2.4 0.000387169
0.535 -2.36 0.000460363
0.535 -2.32 0.000584831
0.535 -2.28 0.000692906
0.535 -2.24 0.000871909
0.535 -2.2 0.00105325
0.535 -2.16 0.00120588
0.535 -2.12 0.00155181
0.535 -2.08 0.00183546
0.535 -2.04 0.00203302
0.535 -2 0.00233588
0.535 -1.96 0.00230244
0.535 -1.92 0.00245975
0.535 -1.88 0.00261924
0.535 -1.84 0.00267942
0.535 -1.8 0.002811
0.535 -1.76 0.00294384
0.535 -1.72 0.00272726
0.535 -1.68 0.00288435
0.535 -1.64 0.00306078
0.535 -1.6 0.00294077
0.535 -1.56 0.00299652
0.535 -1.52 0.00308861
0.535 -1.48 0.00294698
0.535 -1.44 0.00295333
0.535 -1.4 0.00295969
0.535 -1.36 0.00281953
0.535 -1.32 0.00295417
0.535 -1.28 0.00290537
0.535 -1.24 0.00278382
0.535 -1.2 0.0028814
0.535 -1.16 0.00274998
0.535 -1.12 0.00273965
0.535 -1.08 0.00264835
0.535 -1.04 0.0026535
0.535 -1 0.0026822
0.535 -0.96 0.00252495
0.535 -0.92 0.00254405
0.535 -0.88 0.00249761
0.535 -0.84 0.00245484
0.535 -0.8 0.00232787
0.535 -0.76 0.00229586
0.535 -0.72 0.00220722
0.535 -0.68 0.00211562
0.535 -0.64 0.00201455
0.535 -0.6 0.00195264
0.535 -0.56 0.00176922
0.535 -0.52 0.00161047
0.535 -0.48 0.00147736
0.535 -0.44 0.00134702
0.535 -0.4 0.00126349
0.535 -0.36 0.00120916
0.535 -0.32 0.00116046
0.535 -0.28 0.00115361
0.535 -0.24 0.00106688
0.535 -0.2 0.000997853
0.535 -0.16 0.000969138
0.535 -0.12 0.000892676
0.535 -0.08 0.000806656
0.535 -0.04 0.000688209
0.535 0 0.000533264
0.535 0.04 0.000385571
0.535 0.08 0.000284557
0.535 0.12 0.00022144
0.535 0.16 0.000180407
0.535 0.2 0.000152026
0.535 0.24 0.0001313
0.535 0.28 0.000115489
0.535 0.32 0.00010301
0.535 0.36 9.28954e-05
0.535 0.4 8.45166e-05
0.535 0.44 7.74455e-05
0.535 0.48 7.14112e-05
0.535 0.52 6.61765e-05
0.535 0.56 6.16034e-05
0.535 0.6 5.75672e-05
0.535 0.64 5.39801e-05
0.535 0.68 5.07656e-05
0.535 0.72 4.78726e-05
0.535 0.76 4.52554e-05
0.535 0.8 4.28815e-05
0.535 0.84 4.07016e-05
0.535 0.88 3.87123e-05
0.535 0.92 3.68779e-05
0.535 0.96 3.51898e-05
0.535 1 0
0.535 1.04 0
0.535 1.08 0
0.535 1.12 0
0.535 1.16 0
0.535 1.2 0
0.535 1.24 0
0.535 1.28 0
0.535 1.32 0
0.535 1.36 0
0.535 1.4 0
0.535 1.44 0
0.535 1.48 0
0.535 1.52 0
0.535 1.56 0
0.535 1.6 0
0.535 1.64 0
0.535 1.68 0
0.535 1.72 0
0.535 1.76 0
0.535 1.8 0
0.535 1.84 0
0.535 1.88 0
0.535 1.92 0
0.535 1.96 0
0.535 2 0
0.535 2.04 0
0.535 2.08 0
0.535 2.12 0
0.535 2.16 0
0.535 2.2 0
0.535 2.24 0
0.535 2.28 0
0.535 2.32 0
0.535 2.36 0
0.535 2.4 0
0.535 2.44 0
0.535 2.48 0
0.535 2.52 0
0.535 2.56 0
0.535 2.6 0
0.535 2.64 0
0.535 2.68 0
0.535 2.72 0
0.535 2.76 0
0.535 2.8 0
0.535 2.84 0
0.535 2.88 0
0.535 2.92 0
0.535 2.96 0
0.535 3 0
0.54 -5 0.000128129
0.54 -4.96 0.000128129
0.54 -4.92 0.000128129
0.54 -4.88 0.000128129
0.54 -4.84 0.000128129
0.54 -4.8 0.000128129
0.54 -4.76 0.000128129
0.54 -4.72 0.000128129
0.54 -4.68 0.000128129
0.54 -4.64 0.000128129
0.54 -4.6 0.000128129
0.54 -4.56 0.000128129
0.54 -4.52 0.000128129
0.54 -4.48 0.000128129
0.54 -4.44 0.000128129
0.54 -4.4 0.000128129
0.54 -4.36 0.000128129
0.54 -4.32 0.000128129
0.54 -4.28 0.000128129
0.54 -4.24 0.000128129
0.54 -4.2 0.000128129
0.54 -4.16 0.000128129
0.54 -4.12 0.000128129
0.54 -4.08 0.000128129
0.54 -4.04 0.000128129
0.54 -4 0.000128129
0.54 -3.96 0.000128129
0.54 -3.92 0.000128129
0.54 -3.88 0.000128129
0.54 -3.84 0.000128129
0.54 -3.8 0.000128129
0.54 -3.76 0.000128129
0.54 -3.72 0.000128129
0.54 -3.68 0.000128129
0.54 -3.64 0.000128129
0.54 -3.6 0.000128129
0.54 -3.56 0.000128129
0.54 -3.52 0.000128129
0.54 -3.48 0.000128129
0.54 -3.44 0.000128129
0.54 -3.4 0.000128129
0.54 -3.36 0.000128129
0.54 -3.32 0.000128129
0.54 -3.28 0.000128129
0.54 -3.24 0.000128129
0.54 -3.2 0.000128129
0.54 -3.16 0.000128129
0.54 -3.12 0.000128129
0.54 -3.08 0.000128129
0.54 -3.04 0.000128129
0.54 -3 0.000128129
0.54 -2.96 0.000124525
0.54 -2.92 0.00014113
0.54 -2.88 0.000148001
0.54 -2.84 0.000155894
0.54 -2.8 0.000167424
0.54 -2.76 0.000169812
0.54 -2.72 0.000179914
0.54 -2.68 0.000199633
0.54 -2.64 0.000198358
0.54 -2.6 0.000228116
0.54 -2.56 0.000260879
0.54 -2.52 0.000281784
0.54 -2.48 0.000312149
0.54 -2.44 0.000334913
0.54 -2.4 0.000385061
0.54 -2.36 0.000465389
0.54 -2.32 0.000573932
0.54 -2.28 0.000686688
0.54 -2.24 0.000860351
0.54 -2.2 0.00105277
0.54 -2.16 0.00120543
0.54 -2.12 0.0015635
0.54 -2.08 0.00186088
0.54 -2.04 0.00204226
0.54 -2 0.00235406
0.54 -1.96 0.00235573
0.54 -1.92 0.00250353
0.54 -1.88 0.00264657
0.54 -1.84 0.00271136
0.54 -1.8 0.00283727
0.54 -1.76 0.00298079
0.54 -1.72 0.0027493
0.54 -1.68 0.00291447
0.54 -1.64 0.00308603
0.54 -1.6 0.00297067
0.54 -1.56 0.00301698
0.54 -1.52 0.00311149
0.54 -1.48 0.00295972
0.54 -1.44 0.00294801
0.54 -1.4 0.00296175
0.54 -1.36 0.00283347
0.54 -1.32 0.00296533
0.54 -1.28 0.00289352
0.54 -1.24 0.00274984
0.54 -1.2 0.00284393
0.54 -1.16 0.0027695
0.54 -1.12 0.00270212
0.54 -1.08 0.00263299
0.54 -1.04 0.00261626
0.54 -1 0.00266251
0.54 -0.96 0.0025172
0.54 -0.92 0.00252022
0.54 -0.88 0.00247501
0.54 -0.84 0.00243154
0.54 -0.8 0.00232714
0.54 -0.76 0.00227265
0.54 -0.72 0.00217776
0.54 -0.68 0.00211999
0.54 -0.64 0.00205719
0.54 -0.6 0.00193318
0.54 -0.56 0.00175173
0.54 -0.52 0.00156374
0.54 -0.48 0.00146129
0.54 -0.44 0.00135062
0.54 -0.4 0.00125156
0.54 -0.36 0.00121634
0.54 -0.32 0.0011247
0.54 -0.28 0.00109261
0.54 -0.24 0.00102563
0.54 -0.2 0.000993737
0.54 -0.16 0.000946017
0.54 -0.12 0.000878284
0.54 -0.08 0.000792164
0.54 -0.04 0.000675153
0.54 0 0.000522563
0.54 0.04 0.000378073
0.54 0.08 0.000279423
0.54 0.12 0.00021775
0.54 0.16 0.00017761
0.54 0.2 0.000149814
0.54 0.24 0.000129494
0.54 0.28 0.000113978
0.54 0.32 0.000101723
0.54 0.36 9.17823e-05
0.54 0.4 8.35424e-05
0.54 0.44 7.65841e-05
0.54 0.48 7.06434e-05
0.54 0.52 6.54869e-05
0.54 0.56 6.09804e-05
0.54 0.6 5.70011e-05
0.54 0.64 5.34634e-05
0.54 0.68 5.0292e-05
0.54 0.72 4.74365e-05
0.54 0.76 4.48531e-05
0.54 0.8 4.25085e-05
0.54 0.84 4.03552e-05
0.54 0.88 3.83895e-05
0.54 0.92 3.6577e-05
0.54 0.96 3.49082e-05
0.54 1 0
0.54 1.04 0
0.54 1.08 0
0.54 1.12 0
0.54 1.16 0
0.54 1.2 0
0.54 1.24 0
0.54 1.28 0
0.54 1.32 0
0.54 1.36 0
0.54 1.4 0
0.54 1.44 0
0.54 1.48 0
0.54 1.52 0
0.54 1.56 0
0.54 1.6 0
0.54 1.64 0
0.54 1.68 0
0.54 1.72 0
0.54 1.76 0
0.54 1.8 0
0.54 1.84 0
0.54 1.88 0
0.54 1.92 0
0.54 1.96 0
0.54 2 0
0.54 2.04 0
0.54 2.08 0
0.54 2.12 0
0.54 2.16 0
0.54 2.2 0
0.54 2.24 0
0.54 2.28 0
0.54 2.32 0
0.54 2.36 0
0.54 2.4 0
0.54 2.44 0
0.54 2.48 0
0.54 2.52 0
0.54 2.56 0
0.54 2.6 0
0.54 2.64 0
0.54 2.68 0
0.54 2.72 0
0.54 2.76 0
0.54 2.8 0
0.54 2.84 0
0.54 2.88 0
0.54 2.92 0
0.54 2.96 0
0.54 3 0
0.545 -5 0.000127854
0.545 -4.96 0.000127854
0.545 -4.92 0.000127854
0.545 -4.88 0.000127854
0.545 -4.84 0.000127854
0.545 -4.8 0.000127854
0.545 -4.76 0.000127854
0.545 -4.72 0.000127854
0.545 -4.68 0.000127854
0.545 -4.64 0.000127854
0.545 -4.6 0.000127854
0.545 -4.56 0.000127854
0.545 -4.52 0.000127854
0.545 -4.48 0.000127854
0.545 -4.44 0.000127854
0.545 -4.4 0.000127854
0.545 -4.36 0.000127854
0.545 -4.32 0.000127854
0.545 -4.28 0.000127854
0.545 -4.24 0.000127854
0.545 -4.2 0.000127854
0.545 -4.16 0.000127854
0.545 -4.12 0.000127854
0.545 -4.08 0.000127854
0.545 -4.04 0.000127854
0.545 -4 0.000127854
0.545 -3.96 0.000127854
0.545 -3.92 0.000127854
0.545 -3.88 0.000127854
0.545 -3.84 0.000127854
0.545 -3.8 0.000127854
0.545 -3.76 0.000127854
0.545 -3.72 0.000127854
0.545 -3.68 0.000127854
0.545 -3.64 0.000127854
0.545 -3.6 0.000127854
0.545 -3.56 0.000127854
0.545 -3.52 0.000127854
0.545 -3.48 0.000127854
0.545 -3.44 0.000127854
0.545 -3.4 0.000127854
0.545 -3.36 0.000127854
0.545 -3.32 0.000127854
0.545 -3.28 0.000127854
0.545 -3.24 0.000127854
0.545 -3.2 0.000127854
0.545 -3.16 0.000127854
0.545 -3.12 0.000127854
0.545 -3.08 0.000127854
0.545 -3.04 0.000127854
0.545 -3 0.000127854
0.545 -2.96 0.000125533
0.545 -2.92 0.000136604
0.545 -2.88 0.000148851
0.545 -2.84 0.000155624
0.545 -2.8 0.000166381
0.545 -2.76 0.000172576
0.545 -2.72 0.000179238
0.545 -2.68 0.000199197
0.545 -2.64 0.000199222
0.545 -2.6 0.000226454
0.545 -2.56 0.00026157
0.545 -2.52 0.000282678
0.545 -2.48 0.00031127
0.545 -2.44 0.00034122
0.545 -2.4 0.000386647
0.545 -2.36 0.000466835
0.545 -2.32 0.000559294
0.545 -2.28 0.000683374
0.545 -2.24 0.000848789
0.545 -2.2 0.00105619
0.545 -2.16 0.00120987
0.545 -2.12 0.00157635
0.545 -2.08 0.00187519
0.545 -2.04 0.00207549
0.545 -2 0.00239691
0.545 -1.96 0.00239601
0.545 -1.92 0.00253577
0.545 -1.88 0.00264344
0.545 -1.84 0.00274224
0.545 -1.8 0.0028416
0.545 -1.76 0.00300901
0.545 -1.72 0.00279592
0.545 -1.68 0.00293247
0.545 -1.64 0.00311802
0.545 -1.6 0.00299213
0.545 -1.56 0.00303766
0.545 -1.52 0.00313365
0.545 -1.48 0.00296018
0.545 -1.44 0.00294127
0.545 -1.4 0.00295821
0.545 -1.36 0.00284867
0.545 -1.32 0.00294823
0.545 -1.28 0.00287423
0.545 -1.24 0.00273931
0.545 -1.2 0.00280679
0.545 -1.16 0.0027683
0.545 -1.12 0.00267983
0.545 -1.08 0.00264879
0.545 -1.04 0.00260546
0.545 -1 0.00262484
0.545 -0.96 0.00252781
0.545 -0.92 0.00249992
0.545 -0.88 0.00243742
0.545 -0.84 0.00238153
0.545 -0.8 0.00230503
0.545 -0.76 0.00228207
0.545 -0.72 0.00216621
0.545 -0.68 0.00210106
0.545 -0.64 0.00202534
0.545 -0.6 0.00187519
0.545 -0.56 0.00173151
0.545 -0.52 0.00153977
0.545 -0.48 0.00140989
0.545 -0.44 0.00134292
0.545 -0.4 0.00124952
0.545 -0.36 0.00121127
0.545 -0.32 0.00110402
0.545 -0.28 0.00103169
0.545 -0.24 0.00100449
0.545 -0.2 0.000987474
0.545 -0.16 0.000917276
0.545 -0.12 0.000862507
0.545 -0.08 0.000778183
0.545 -0.04 0.000662545
0.545 0 0.000511978
0.545 0.04 0.00037065
0.545 0.08 0.000274344
0.545 0.12 0.000214103
0.545 0.16 0.000174846
0.545 0.2 0.000147629
0.545 0.24 0.000127711
0.545 0.28 0.000112487
0.545 0.32 0.000100452
0.545 0.36 9.06836e-05
0.545 0.4 8.25808e-05
0.545 0.44 7.57339e-05
0.545 0.48 6.98854e-05
0.545 0.52 6.48062e-05
0.545 0.56 6.03653e-05
0.545 0.6 5.64422e-05
0.545 0.64 5.29532e-05
0.545 0.68 4.98242e-05
0.545 0.72 4.70058e-05
0.545 0.76 4.44557e-05
0.545 0.8 4.21401e-05
0.545 0.84 4.0013e-05
0.545 0.88 3.80705e-05
0.545 0.92 3.62797e-05
0.545 0.96 3.463e-05
0.545 1 0
0.545 1.04 0
0.545 1.08 0
0.545 1.12 0
0.545 1.16 0
0.545 1.2 0
0.545 1.24 0
0.545 1.28 0
0.545 1.32 0
0.545 1.36 0
0.545 1.4 0
0.545 1.44 0
0.545 1.48 0
0.545 1.52 0
0.545 1.56 0
0.545 1.6 0
0.545 1.64 0
0.545 1.68 0
0.545 1.72 0
0.545 1.76 0
0.545 1.8 0
0.545 1.84 0
0.545 1.88 0
0.545 1.92 0
0.545 1.96 0
0.545 2 0
0.545 2.04 0
0.545 2.08 0
0.545 2.12 0
0.545 2.16 0
0.545 2.2 0
0.545 2.24 0
0.545 2.28 0
0.545 2.32 0
0.545 2.36 0
0.545 2.4 0
0.545 2.44 0
0.545 2.48 0
0.545 2.52 0
0.545 2.56 0
0.545 2.6 0
0.545 2.64 0
0.545 2.68 0
0.545 2.72 0
0.545 2.76 0
0.545 2.8 0
0.545 2.84 0
0.545 2.88 0
0.545 2.92 0
0.545 2.96 0
0.545 3 0
0.55 -5 0.000128061
0.55 -4.96 0.000128061
0.55 -4.92 0.000128061
0.55 -4.88 0.000128061
0.55 -4.84 0.000128061
0.55 -4.8 0.000128061
0.55 -4.76 0.000128061
0.55 -4.72 0.000128061
0.55 -4.68 0.000128061
0.55 -4.64 0.000128061
0.55 -4.6 0.000128061
0.55 -4.56 0.000128061
0.55 -4.52 0.000128061
0.55 -4.48 0.000128061
0.55 -4.44 0.000128061
0.55 -4.4 0.000128061
0.55 -4.36 0.000128061
0.55 -4.32 0.000128061
0.55 -4.28 0.000128061
0.55 -4.24 0.000128061
0.55 -4.2 0.000128061
0.55 -4.16 0.000128061
0.55 -4.12 0.000128061
0.55 -4.08 0.000128061
0.55 -4.04 0.000128061
0.55 -4 0.000128061
0.55 -3.96 0.000128061
0.55 -3.92 0.000128061
0.55 -3.88 0.000128061
0.55 -3.84 0.000128061
0.55 -3.8 0.000128061
0.55 -3.76 0.000128061
0.55 -3.72 0.000128061
0.55 -3.68 0.000128061
0.55 -3.64 0.000128061
0.55 -3.6 0.000128061
0.55 -3.56 0.000128061
0.55 -3.52 0.000128061
0.55 -3.48 0.000128061
0.55 -3.44 0.000128061
0.55 -3.4 0.000128061
0.55 -3.36 0.000128061
0.55 -3.32 0.000128061
0.55 -3.28 0.000128061
0.55 -3.24 0.000128061
0.55 -3.2 0.000128061
0.55 -3.16 0.000128061
0.55 -3.12 0.000128061
0.55 -3.08 0.000128061
0.55 -3.04 0.000128061
0.55 -3 0.000128061
0.55 -2.96 0.000127277
0.55 -2.92 0.000136563
0.55 -2.88 0.00014754
0.55 -2.84 0.00015829
0.55 -2.8 0.000166531
0.55 -2.76 0.000177512
0.55 -2.72 0.000174631
0.55 -2.68 0.000197005
0.55 -2.64 0.000205335
0.55 -2.6 0.000235075
0.55 -2.56 0.000265762
0.55 -2.52 0.000283312
0.55 -2.48 0.000310077
0.55 -2.44 0.000348362
0.55 -2.4 0.000385948
0.55 -2.36 0.000462025
0.55 -2.32 0.000550771
0.55 -2.28 0.000682512
0.55 -2.24 0.000844369
0.55 -2.2 0.00105591
0.55 -2.16 0.00121952
0.55 -2.12 0.00159051
0.55 -2.08 0.00187912
0.55 -2.04 0.00211285
0.55 -2 0.00246123
0.55 -1.96 0.00242616
0.55 -1.92 0.00256102
0.55 -1.88 0.00264688
0.55 -1.84 0.00277269
0.55 -1.8 0.00284393
0.55 -1.76 0.00303907
0.55 -1.72 0.00284487
0.55 -1.68 0.00293154
0.55 -1.64 0.00313728
0.55 -1.6 0.00300036
0.55 -1.56 0.00305304
0.55 -1.52 0.00317541
0.55 -1.48 0.00296401
0.55 -1.44 0.00294949
0.55 -1.4 0.00295546
0.55 -1.36 0.00285839
0.55 -1.32 0.00293055
0.55 -1.28 0.00286736
0.55 -1.24 0.00274969
0.55 -1.2 0.00281789
0.55 -1.16 0.00275529
0.55 -1.12 0.00266942
0.55 -1.08 0.00265629
0.55 -1.04 0.00259568
0.55 -1 0.00258906
0.55 -0.96 0.00251059
0.55 -0.92 0.00248073
0.55 -0.88 0.00239496
0.55 -0.84 0.00233126
0.55 -0.8 0.00225606
0.55 -0.76 0.00227505
0.55 -0.72 0.00213392
0.55 -0.68 0.0020636
0.55 -0.64 0.00193395
0.55 -0.6 0.00183115
0.55 -0.56 0.00171002
0.55 -0.52 0.00154037
0.55 -0.48 0.0013572
0.55 -0.44 0.00130963
0.55 -0.4 0.00122303
0.55 -0.36 0.00118281
0.55 -0.32 0.00110767
0.55 -0.28 0.00101672
0.55 -0.24 0.00100691
0.55 -0.2 0.000968255
0.55 -0.16 0.000897527
0.55 -0.12 0.000845542
0.55 -0.08 0.000764176
0.55 -0.04 0.000649716
0.55 0 0.000501513
0.55 0.04 0.000363304
0.55 0.08 0.000269321
0.55 0.12 0.000210498
0.55 0.16 0.000172117
0.55 0.2 0.000145473
0.55 0.24 0.000125951
0.55 0.28 0.000111016
0.55 0.32 9.91988e-05
0.55 0.36 8.95995e-05
0.55 0.4 8.16318e-05
0.55 0.44 7.48949e-05
0.55 0.48 6.91373e-05
0.55 0.52 6.41344e-05
0.55 0.56 5.97582e-05
0.55 0.6 5.58905e-05
0.55 0.64 5.24494e-05
0.55 0.68 4.93623e-05
0.55 0.72 4.65805e-05
0.55 0.76 4.40632e-05
0.55 0.8 4.17761e-05
0.55 0.84 3.96749e-05
0.55 0.88 3.77554e-05
0.55 0.92 3.59858e-05
0.55 0.96 3.4355e-05
0.55 1 0
0.55 1.04 0
0.55 1.08 0
0.55 1.12 0
0.55 1.16 0
0.55 1.2 0
0.55 1.24 0
0.55 1.28 0
0.55 1.32 0
0.55 1.36 0
0.55 1.4 0
0.55 1.44 0
0.55 1.48 0
0.55 1.52 0
0.55 1.56 0
0.55 1.6 0
0.55 1.64 0
0.55 1.68 0
0.55 1.72 0
0.55 1.76 0
0.55 1.8 0
0.55 1.84 0
0.55 1.88 0
0.55 1.92 0
0.55 1.96 0
0.55 2 0
0.55 2.04 0
0.55 2.08 0
0.55 2.12 0
0.55 2.16 0
0.55 2.2 0
0.55 2.24 0
0.55 2.28 0
0.55 2.32 0
0.55 2.36 0
0.55 2.4 0
0.55 2.44 0
0.55 2.48 0
0.55 2.52 0
0.55 2.56 0
0.55 2.6 0
0.55 2.64 0
0.55 2.68 0
0.55 2.72 0
0.55 2.76 0
0.55 2.8 0
0.55 2.84 0
0.55 2.88 0
0.55 2.92 0
0.55 2.96 0
0.55 3 0
0.555 -5 0.000127704
0.555 -4.96 0.000127704
0.555 -4.92 0.000127704
0.555 -4.88 0.000127704
0.555 -4.84 0.000127704
0.555 -4.8 0.000127704
0.555 -4.76 0.000127704
0.555 -4.72 0.000127704
0.555 -4.68 0.000127704
0.555 -4.64 0.000127704
0.555 -4.6 0.000127704
0.555 -4.56 0.000127704
0.555 -4.52 0.000127704
0.555 -4.48 0.000127704
0.555 -4.44 0.000127704
0.555 -4.4 0.000127704
0.555 -4.36 0.000127704
0.555 -4.32 0.000127704
0.555 -4.28 0.000127704
0.555 -4.24 0.000127704
0.555 -4.2 0.000127704
0.555 -4.16 0.000127704
0.555 -4.12 0.000127704
0.555 -4.08 0.000127704
0.555 -4.04 0.000127704
0.555 -4 0.000127704
0.555 -3.96 0.000127704
0.555 -3.92 0.000127704
0.555 -3.88 0.000127704
0.555 -3.84 0.000127704
0.555 -3.8 0.000127704
0.555 -3.76 0.000127704
0.555 -3.72 0.000127704
0.555 -3.68 0.000127704
0.555 -3.64 0.000127704
0.555 -3.6 0.000127704
0.555 -3.56 0.000127704
0.555 -3.52 0.000127704
0.555 -3.48 0.000127704
0.555 -3.44 0.000127704
0.555 -3.4 0.000127704
0.555 -3.36 0.000127704
0.555 -3.32 0.000127704
0.555 -3.28 0.000127704
0.555 -3.24 0.000127704
0.555 -3.2 0.000127704
0.555 -3.16 0.000127704
0.555 -3.12 0.000127704
0.555 -3.08 0.000127704
0.555 -3.04 0.000127704
0.555 -3 0.000127704
0.555 -2.96 0.000130195
0.555 -2.92 0.000137221
0.555 -2.88 0.000144903
0.555 -2.84 0.000162507
0.555 -2.8 0.000167125
0.555 -2.76 0.000179504
0.555 -2.72 0.000171427
0.555 -2.68 0.000198244
0.555 -2.64 0.000212537
0.555 -2.6 0.000238563
0.555 -2.56 0.000265792
0.555 -2.52 0.000283241
0.555 -2.48 0.000310443
0.555 -2.44 0.000352288
0.555 -2.4 0.000383582
0.555 -2.36 0.000454109
0.555 -2.32 0.000550864
0.555 -2.28 0.000679412
0.555 -2.24 0.000843687
0.555 -2.2 0.00105101
0.555 -2.16 0.0012311
0.555 -2.12 0.00160548
0.555 -2.08 0.00188619
0.555 -2.04 0.00212822
0.555 -2 0.00251408
0.555 -1.96 0.00245464
0.555 -1.92 0.00260062
0.555 -1.88 0.00268742
0.555 -1.84 0.00279112
0.555 -1.8 0.00287443
0.555 -1.76 0.0030852
0.555 -1.72 0.00287887
0.555 -1.68 0.00293294
0.555 -1.64 0.00313774
0.555 -1.6 0.00300272
0.555 -1.56 0.00306947
0.555 -1.52 0.0032187
0.555 -1.48 0.00296879
0.555 -1.44 0.00296138
0.555 -1.4 0.00296352
0.555 -1.36 0.00286579
0.555 -1.32 0.00292613
0.555 -1.28 0.00287566
0.555 -1.24 0.00274698
0.555 -1.2 0.00284418
0.555 -1.16 0.00275322
0.555 -1.12 0.00265572
0.555 -1.08 0.00263035
0.555 -1.04 0.00257169
0.555 -1 0.00256388
0.555 -0.96 0.00246647
0.555 -0.92 0.00246095
0.555 -0.88 0.0023623
0.555 -0.84 0.0023088
0.555 -0.8 0.00221059
0.555 -0.76 0.00223086
0.555 -0.72 0.00207034
0.555 -0.68 0.00202936
0.555 -0.64 0.00188923
0.555 -0.6 0.00182567
0.555 -0.56 0.00168519
0.555 -0.52 0.00152794
0.555 -0.48 0.00133349
0.555 -0.44 0.00127096
0.555 -0.4 0.00116846
0.555 -0.36 0.00113751
0.555 -0.32 0.00111134
0.555 -0.28 0.00104193
0.555 -0.24 0.00100923
0.555 -0.2 0.000943734
0.555 -0.16 0.00089063
0.555 -0.12 0.000828988
0.555 -0.08 0.000749817
0.555 -0.04 0.000636672
0.555 0 0.000491167
0.555 0.04 0.000356039
0.555 0.08 0.000264356
0.555 0.12 0.000206938
0.555 0.16 0.000169423
0.555 0.2 0.000143344
0.555 0.24 0.000124214
0.555 0.28 0.000109565
0.555 0.32 9.7962e-05
0.555 0.36 8.85299e-05
0.555 0.4 8.06955e-05
0.555 0.44 7.40671e-05
0.555 0.48 6.83991e-05
0.555 0.52 6.34714e-05
0.555 0.56 5.9159e-05
0.555 0.6 5.53459e-05
0.555 0.64 5.1952e-05
0.555 0.68 4.89063e-05
0.555 0.72 4.61605e-05
0.555 0.76 4.36756e-05
0.555 0.8 4.14166e-05
0.555 0.84 3.9341e-05
0.555 0.88 3.7444e-05
0.555 0.92 3.56956e-05
0.555 0.96 3.40833e-05
0.555 1 0
0.555 1.04 0
0.555 1.08 0
0.555 1.12 0
0.555 1.16 0
0.555 1.2 0
0.555 1.24 0
0.555 1.28 0
0.555 1.32 0
0.555 1.36 0
0.555 1.4 0
0.555 1.44 0
0.555 1.48 0
0.555 1.52 0
0.555 1.56 0
0.555 1.6 0
0.555 1.64 0
0.555 1.68 0
0.555 1.72 0
0.555 1.76 0
0.555 1.8 0
0.555 1.84 0
0.555 1.88 0
0.555 1.92 0
0.555 1.96 0
0.555 2 0
0.555 2.04 0
0.555 2.08 0
0.555 2.12 0
0.555 2.16 0
0.555 2.2 0
0.555 2.24 0
0.555 2.28 0
0.555 2.32 0
0.555 2.36 0
0.555 2.4 0
0.555 2.44 0
0.555 2.48 0
0.555 2.52 0
0.555 2.56 0
0.555 2.6 0
0.555 2.64 0
0.555 2.68 0
0.555 2.72 0
0.555 2.76 0
0.555 2.8 0
0.555 2.84 0
0.555 2.88 0
0.555 2.92 0
0.555 2.96 0
0.555 3 0
0.56 -5 0.000127342
0.56 -4.96 0.000127342
0.56 -4.92 0.000127342
0.56 -4.88 0.000127342
0.56 -4.84 0.000127342
0.56 -4.8 0.000127342
0.56 -4.76 0.000127342
0.56 -4.72 0.000127342
0.56 -4.68 0.000127342
0.56 -4.64 0.000127342
0.56 -4.6 0.000127342
0.56 -4.56 0.000127342
0.56 -4.52 0.000127342
0.56 -4.48 0.000127342
0.56 -4.44 0.000127342
0.56 -4.4 0.000127342
0.56 -4.36 0.000127342
0.56 -4.32 0.000127342
0.56 -4.28 0.000127342
0.56 -4.24 0.000127342
0.56 -4.2 0.000127342
0.56 -4.16 0.000127342
0.56 -4.12 0.000127342
0.56 -4.08 0.000127342
0.56 -4.04 0.000127342
0.56 -4 0.000127342
0.56 -3.96 0.000127342
0.56 -3.92 0.000127342
0.56 -3.88 0.000127342
0.56 -3.84 0.000127342
0.56 -3.8 0.000127342
0.56 -3.76 0.000127342
0.56 -3.72 0.000127342
0.56 -3.68 0.000127342
0.56 -3.64 0.000127342
0.56 -3.6 0.000127342
0.56 -3.56 0.000127342
0.56 -3.52 0.000127342
0.56 -3.48 0.000127342
0.56 -3.44 0.000127342
0.56 -3.4 0.000127342
0.56 -3.36 0.000127342
0.56 -3.32 0.000127342
0.56 -3.28 0.000127342
0.56 -3.24 0.000127342
0.56 -3.2 0.000127342
0.56 -3.16 0.000127342
0.56 -3.12 0.000127342
0.56 -3.08 0.000127342
0.56 -3.04 0.000127342
0.56 -3 0.000127342
0.56 -2.96 0.000133131
0.56 -2.92 0.000138327
0.56 -2.88 0.000143321
0.56 -2.84 0.000163868
0.56 -2.8 0.000166411
0.56 -2.76 0.000177989
0.56 -2.72 0.000171401
0.56 -2.68 0.000201917
0.56 -2.64 0.000216968
0.56 -2.6 0.00022516
0.56 -2.56 0.000260533
0.56 -2.52 0.000281464
0.56 -2.48 0.000313385
0.56 -2.44 0.0003522
0.56 -2.4 0.000386401
0.56 -2.36 0.000449721
0.56 -2.32 0.000553733
0.56 -2.28 0.000671309
0.56 -2.24 0.00083878
0.56 -2.2 0.00104639
0.56 -2.16 0.00123957
0.56 -2.12 0.00161987
0.56 -2.08 0.00190373
0.56 -2.04 0.0021277
0.56 -2 0.00254094
0.56 -1.96 0.00249025
0.56 -1.92 0.00265438
0.56 -1.88 0.00274416
0.56 -1.84 0.00279661
0.56 -1.8 0.00293077
0.56 -1.76 0.00313824
0.56 -1.72 0.00290441
0.56 -1.68 0.00295151
0.56 -1.64 0.0031409
0.56 -1.6 0.00300973
0.56 -1.56 0.00309372
0.56 -1.52 0.00323428
0.56 -1.48 0.00296894
0.56 -1.44 0.00295904
0.56 -1.4 0.00298441
0.56 -1.36 0.00287532
0.56 -1.32 0.00292035
0.56 -1.28 0.00288414
0.56 -1.24 0.00272534
0.56 -1.2 0.00282675
0.56 -1.16 0.00275603
0.56 -1.12 0.00263723
0.56 -1.08 0.00259739
0.56 -1.04 0.0025541
0.56 -1 0.00253833
0.56 -0.96 0.00243598
0.56 -0.92 0.00243778
0.56 -0.88 0.00234191
0.56 -0.84 0.00230528
0.56 -0.8 0.0021945
0.56 -0.76 0.00218022
0.56 -0.72 0.00201573
0.56 -0.68 0.00199819
0.56 -0.64 0.00191766
0.56 -0.6 0.00181956
0.56 -0.56 0.00165324
0.56 -0.52 0.00147529
0.56 -0.48 0.00132959
0.56 -0.44 0.00125277
0.56 -0.4 0.00113074
0.56 -0.36 0.00109824
0.56 -0.32 0.0010914
0.56 -0.28 0.00105764
0.56 -0.24 0.000991675
0.56 -0.2 0.000926605
0.56 -0.16 0.000885813
0.56 -0.12 0.000814642
0.56 -0.08 0.000735361
0.56 -0.04 0.000623934
0.56 0 0.000480944
0.56 0.04 0.000348858
0.56 0.08 0.000259452
0.56 0.12 0.000203423
0.56 0.16 0.000166764
0.56 0.2 0.000141244
0.56 0.24 0.000122501
0.56 0.28 0.000108133
0.56 0.32 9.67421e-05
0.56 0.36 8.74749e-05
0.56 0.4 7.9772e-05
0.56 0.44 7.32505e-05
0.56 0.48 6.76708e-05
0.56 0.52 6.28173e-05
0.56 0.56 5.85677e-05
0.56 0.6 5.48085e-05
0.56 0.64 5.14611e-05
0.56 0.68 4.84561e-05
0.56 0.72 4.5746e-05
0.56 0.76 4.32929e-05
0.56 0.8 4.10616e-05
0.56 0.84 3.90113e-05
0.56 0.88 3.71366e-05
0.56 0.92 3.54088e-05
0.56 0.96 3.38149e-05
0.56 1 0
0.56 1.04 0
0.56 1.08 0
0.56 1.12 0
0.56 1.16 0
0.56 1.2 0
0.56 1.24 0
0.56 1.28 0
0.56 1.32 0
0.56 1.36 0
0.56 1.4 0
0.56 1.44 0
0.56 1.48 0
0.56 1.52 0
0.56 1.56 0
0.56 1.6 0
0.56 1.64 0
0.56 1.68 0
0.56 1.72 0
0.56 1.76 0
0.56 1.8 0
0.56 1.84 0
0.56 1.88 0
0.56 1.92 0
0.56 1.96 0
0.56 2 0
0.56 2.04 0
0.56 2.08 0
0.56 2.12 0
0.56 2.16 0
0.56 2.2 0
0.56 2.24 0
0.56 2.28 0
0.56 2.32 0
0.56 2.36 0
0.56 2.4 0
0.56 2.44 0
0.56 2.48 0
0.56 2.52 0
0.56 2.56 0
0.56 2.6 0
0.56 2.64 0
0.56 2.68 0
0.56 2.72 0
0.56 2.76 0
0.56 2.8 0
0.56 2.84 0
0.56 2.88 0
0.56 2.92 0
0.56 2.96 0
0.56 3 0
0.565 -5 0.000128251
0.565 -4.96 0.000128251
0.565 -4.92 0.000128251
0.565 -4.88 0.000128251
0.565 -4.84 0.000128251
0.565 -4.8 0.000128251
0.565 -4.76 0.000128251
0.565 -4.72 0.000128251
0.565 -4.68 0.000128251
0.565 -4.64 0.000128251
0.565 -4.6 0.000128251
0.565 -4.56 0.000128251
0.565 -4.52 0.000128251
0.565 -4.48 0.000128251
0.565 -4.44 0.000128251
0.565 -4.4 0.000128251
0.565 -4.36 0.000128251
0.565 -4.32 0.000128251
0.565 -4.28 0.000128251
0.565 -4.24 0.000128251
0.565 -4.2 0.000128251
0.565 -4.16 0.000128251
0.565 -4.12 0.000128251
0.565 -4.08 0.000128251
0.565 -4.04 0.000128251
0.565 -4 0.000128251
0.565 -3.96 0.000128251
0.565 -3.92 0.000128251
0.565 -3.88 0.000128251
0.565 -3.84 0.000128251
0.565 -3.8 0.000128251
0.565 -3.76 0.000128251
0.565 -3.72 0.000128251
0.565 -3.68 0.000128251
0.565 -3.64 0.000128251
0.565 -3.6 0.000128251
0.565 -3.56 0.000128251
0.565 -3.52 0.000128251
0.565 -3.48 0.000128251
0.565 -3.44 0.000128251
0.565 -3.4 0.000128251
0.565 -3.36 0.000128251
0.565 -3.32 0.000128251
0.565 -3.28 0.000128251
0.565 -3.24 0.000128251
0.565 -3.2 0.000128251
0.565 -3.16 0.000128251
0.565 -3.12 0.000128251
0.565 -3.08 0.000128251
0.565 -3.04 0.000128251
0.565 -3 0.000128251
0.565 -2.96 0.000134255
0.565 -2.92 0.000141106
0.565 -2.88 0.000144033
0.565 -2.84 0.000161481
0.565 -2.8 0.000166801
0.565 -2.76 0.000176578
0.565 -2.72 0.000169961
0.565 -2.68 0.000202671
0.565 -2.64 0.000217713
0.565 -2.6 0.000206304
0.565 -2.56 0.000256758
0.565 -2.52 0.000278636
0.565 -2.48 0.000316946
0.565 -2.44 0.000350888
0.565 -2.4 0.00039312
0.565 -2.36 0.000451311
0.565 -2.32 0.000554513
0.565 -2.28 0.000661616
0.565 -2.24 0.000828069
0.565 -2.2 0.00104284
0.565 -2.16 0.00124268
0.565 -2.12 0.00163183
0.565 -2.08 0.0019255
0.565 -2.04 0.0021378
0.565 -2 0.00255983
0.565 -1.96 0.00253655
0.565 -1.92 0.00270122
0.565 -1.88 0.00277972
0.565 -1.84 0.00280886
0.565 -1.8 0.00298568
0.565 -1.76 0.00317352
0.565 -1.72 0.00294189
0.565 -1.68 0.00297704
0.565 -1.64 0.00316238
0.565 -1.6 0.00302591
0.565 -1.56 0.00311751
0.565 -1.52 0.00322554
0.565 -1.48 0.00297225
0.565 -1.44 0.00295467
0.565 -1.4 0.00300925
0.565 -1.36 0.00288018
0.565 -1.32 0.00290459
0.565 -1.28 0.00288119
0.565 -1.24 0.00271485
0.565 -1.2 0.0027796
0.565 -1.16 0.00273958
0.565 -1.12 0.00262457
0.565 -1.08 0.00259091
0.565 -1.04 0.00255781
0.565 -1 0.00251029
0.565 -0.96 0.00243396
0.565 -0.92 0.002412
0.565 -0.88 0.00232635
0.565 -0.84 0.00228689
0.565 -0.8 0.00219825
0.565 -0.76 0.00215175
0.565 -0.72 0.00200881
0.565 -0.68 0.00195765
0.565 -0.64 0.00192694
0.565 -0.6 0.00177979
0.565 -0.56 0.00161524
0.565 -0.52 0.00140674
0.565 -0.48 0.00132412
0.565 -0.44 0.00125081
0.565 -0.4 0.00114683
0.565 -0.36 0.00108353
0.565 -0.32 0.00105542
0.565 -0.28 0.00103164
0.565 -0.24 0.000962196
0.565 -0.2 0.000917133
0.565 -0.16 0.000872099
0.565 -0.12 0.000802539
0.565 -0.08 0.000721388
0.565 -0.04 0.000611601
0.565 0 0.000470845
0.565 0.04 0.000341763
0.565 0.08 0.000254609
0.565 0.12 0.000199953
0.565 0.16 0.000164141
0.565 0.2 0.000139173
0.565 0.24 0.000120812
0.565 0.28 0.000106721
0.565 0.32 9.55391e-05
0.565 0.36 8.64345e-05
0.565 0.4 7.88612e-05
0.565 0.44 7.24451e-05
0.565 0.48 6.69525e-05
0.565 0.52 6.2172e-05
0.565 0.56 5.79844e-05
0.565 0.6 5.42783e-05
0.565 0.64 5.09767e-05
0.565 0.68 4.80119e-05
0.565 0.72 4.53368e-05
0.565 0.76 4.29152e-05
0.565 0.8 4.07111e-05
0.565 0.84 3.86857e-05
0.565 0.88 3.6833e-05
0.565 0.92 3.51257e-05
0.565 0.96 3.35498e-05
0.565 1 0
0.565 1.04 0
0.565 1.08 0
0.565 1.12 0
0.565 1.16 0
0.565 1.2 0
0.565 1.24 0
0.565 1.28 0
0.565 1.32 0
0.565 1.36 0
0.565 1.4 0
0.565 1.44 0
0.565 1.48 0
0.565 1.52 0
0.565 1.56 0
0.565 1.6 0
0.565 1.64 0
0.565 1.68 0
0.565 1.72 0
0.565 1.76 0
0.565 1.8 0
0.565 1.84 0
0.565 1.88 0
0.565 1.92 0
0.565 1.96 0
0.565 2 0
0.565 2.04 0
0.565 2.08 0
0.565 2.12 0
0.565 2.16 0
0.565 2.2 0
0.565 2.24 0
0.565 2.28 0
0.565 2.32 0
0.565 2.36 0
0.565 2.4 0
0.565 2.44 0
0.565 2.48 0
0.565 2.52 0
0.565 2.56 0
0.565 2.6 0
0.565 2.64 0
0.565 2.68 0
0.565 2.72 0
0.565 2.76 0
0.565 2.8 0
0.565 2.84 0
0.565 2.88 0
0.565 2.92 0
0.565 2.96 0
0.565 3 0
0.57 -5 0.000130441
0.57 -4.96 0.000130441
0.57 -4.92 0.000130441
0.57 -4.88 0.000130441
0.57 -4.84 0.000130441
0.57 -4.8 0.000130441
0.57 -4.76 0.000130441
0.57 -4.72 0.000130441
0.57 -4.68 0.000130441
0.57 -4.64 0.000130441
0.57 -4.6 0.000130441
0.57 -4.56 0.000130441
0.57 -4.52 0.000130441
0.57 -4.48 0.000130441
0.57 -4.44 0.000130441
0.57 -4.4 0.000130441
0.57 -4.36 0.000130441
0.57 -4.32 0.000130441
0.57 -4.28 0.000130441
0.57 -4.24 0.000130441
0.57 -4.2 0.000130441
0.57 -4.16 0.000130441
0.57 -4.12 0.000130441
0.57 -4.08 0.000130441
0.57 -4.04 0.000130441
0.57 -4 0.000130441
0.57 -3.96 0.000130441
0.57 -3.92 0.000130441
0.57 -3.88 0.000130441
0.57 -3.84 0.000130441
0.57 -3.8 0.000130441
0.57 -3.76 0.000130441
0.57 -3.72 0.000130441
0.57 -3.68 0.000130441
0.57 -3.64 0.000130441
0.57 -3.6 0.000130441
0.57 -3.56 0.000130441
0.57 -3.52 0.000130441
0.57 -3.48 0.000130441
0.57 -3.44 0.000130441
0.57 -3.4 0.000130441
0.57 -3.36 0.000130441
0.57 -3.32 0.000130441
0.57 -3.28 0.000130441
0.57 -3.24 0.000130441
0.57 -3.2 0.000130441
0.57 -3.16 0.000130441
0.57 -3.12 0.000130441
0.57 -3.08 0.000130441
0.57 -3.04 0.000130441
0.57 -3 0.000130441
0.57 -2.96 0.000133187
0.57 -2.92 0.000143077
0.57 -2.88 0.000145696
0.57 -2.84 0.000159115
0.57 -2.8 0.000171062
0.57 -2.76 0.000178011
0.57 -2.72 0.000165176
0.57 -2.68 0.000199864
0.57 -2.64 0.000216558
0.57 -2.6 0.000202836
0.57 -2.56 0.000257667
0.57 -2.52 0.000277397
0.57 -2.48 0.000318573
0.57 -2.44 0.000349934
0.57 -2.4 0.000393855
0.57 -2.36 0.000454783
0.57 -2.32 0.00055405
0.57 -2.28 0.000655268
0.57 -2.24 0.000816173
0.57 -2.2 0.00103687
0.57 -2.16 0.00124362
0.57 -2.12 0.00163967
0.57 -2.08 0.00194426
0.57 -2.04 0.00216617
0.57 -2 0.00258549
0.57 -1.96 0.0025885
0.57 -1.92 0.00273206
0.57 -1.88 0.00280045
0.57 -1.84 0.00284405
0.57 -1.8 0.0030277
0.57 -1.76 0.00318908
0.57 -1.72 0.00299704
0.57 -1.68 0.00299567
0.57 -1.64 0.00318603
0.57 -1.6 0.00304855
0.57 -1.56 0.0031282
0.57 -1.52 0.00321827
0.57 -1.48 0.00298304
0.57 -1.44 0.00297232
0.57 -1.4 0.00302896
0.57 -1.36 0.00287387
0.57 -1.32 0.00289689
0.57 -1.28 0.0028684
0.57 -1.24 0.00272656
0.57 -1.2 0.00276191
0.57 -1.16 0.00270562
0.57 -1.12 0.00261953
0.57 -1.08 0.00260151
0.57 -1.04 0.00255745
0.57 -1 0.00249335
0.57 -0.96 0.00243145
0.57 -0.92 0.00239012
0.57 -0.88 0.00231104
0.57 -0.84 0.00224024
0.57 -0.8 0.00219405
0.57 -0.76 0.00213497
0.57 -0.72 0.00203177
0.57 -0.68 0.00191096
0.57 -0.64 0.0018588
0.57 -0.6 0.00173418
0.57 -0.56 0.00157711
0.57 -0.52 0.00137178
0.57 -0.48 0.00131958
0.57 -0.44 0.00123841
0.57 -0.4 0.00118726
0.57 -0.36 0.00108594
0.57 -0.32 0.00102824
0.57 -0.28 0.000984225
0.57 -0.24 0.000942079
0.57 -0.2 0.000905181
0.57 -0.16 0.000850899
0.57 -0.12 0.000790426
0.57 -0.08 0.000708194
0.57 -0.04 0.00059917
0.57 0 0.00046087
0.57 0.04 0.000334757
0.57 0.08 0.00024983
0.57 0.12 0.000196531
0.57 0.16 0.000161554
0.57 0.2 0.000137131
0.57 0.24 0.000119146
0.57 0.28 0.000105328
0.57 0.32 9.4353e-05
0.57 0.36 8.54087e-05
0.57 0.4 7.79631e-05
0.57 0.44 7.1651e-05
0.57 0.48 6.62441e-05
0.57 0.52 6.15357e-05
0.57 0.56 5.74091e-05
0.57 0.6 5.37553e-05
0.57 0.64 5.04988e-05
0.57 0.68 4.75736e-05
0.57 0.72 4.4933e-05
0.57 0.76 4.25424e-05
0.57 0.8 4.03651e-05
0.57 0.84 3.83643e-05
0.57 0.88 3.65333e-05
0.57 0.92 3.48461e-05
0.57 0.96 3.32881e-05
0.57 1 0
0.57 1.04 0
0.57 1.08 0
0.57 1.12 0
0.57 1.16 0
0.57 1.2 0
0.57 1.24 0
0.57 1.28 0
0.57 1.32 0
0.57 1.36 0
0.57 1.4 0
0.57 1.44 0
0.57 1.48 0
0.57 1.52 0
0.57 1.56 0
0.57 1.6 0
0.57 1.64 0
0.57 1.68 0
0.57 1.72 0
0.57 1.76 0
0.57 1.8 0
0.57 1.84 0
0.57 1.88 0
0.57 1.92 0
0.57 1.96 0
0.57 2 0
0.57 2.04 0
0.57 2.08 0
0.57 2.12 0
0.57 2.16 0
0.57 2.2 0
0.57 2.24 0
0.57 2.28 0
0.57 2.32 0
0.57 2.36 0
0.57 2.4 0
0.57 2.44 0
0.57 2.48 0
0.57 2.52 0
0.57 2.56 0
0.57 2.6 0
0.57 2.64 0
0.57 2.68 0
0.57 2.72 0
0.57 2.76 0
0.57 2.8 0
0.57 2.84 0
0.57 2.88 0
0.57 2.92 0
0.57 2.96 0
0.57 3 0
0.575 -5 0.000132262
0.575 -4.96 0.000132262
0.575 -4.92 0.000132262
0.575 -4.88 0.000132262
0.575 -4.84 0.000132262
0.575 -4.8 0.000132262
0.575 -4.76 0.000132262
0.575 -4.72 0.000132262
0.575 -4.68 0.000132262
0.575 -4.64 0.000132262
0.575 -4.6 0.000132262
0.575 -4.56 0.000132262
0.575 -4.52 0.000132262
0.575 -4.48 0.000132262
0.575 -4.44 0.000132262
0.575 -4.4 0.000132262
0.575 -4.36 0.000132262
0.575 -4.32 0.000132262
0.575 -4.28 0.000132262
0.575 -4.24 0.000132262
0.575 -4.2 0.000132262
0.575 -4.16 0.000132262
0.575 -4.12 0.000132262
0.575 -4.08 0.000132262
0.575 -4.04 0.000132262
0.575 -4 0.000132262
0.575 -3.96 0.000132262
0.575 -3.92 0.000132262
0.575 -3.88 0.000132262
0.575 -3.84 0.000132262
0.575 -3.8 0.000132262
0.575 -3.76 0.000132262
0.575 -3.72 0.000132262
0.575 -3.68 0.000132262
0.575 -3.64 0.000132262
0.575 -3.6 0.000132262
0.575 -3.56 0.000132262
0.575 -3.52 0.000132262
0.575 -3.48 0.000132262
0.575 -3.44 0.000132262
0.575 -3.4 0.000132262
0.575 -3.36 0.000132262
0.575 -3.32 0.000132262
0.575 -3.28 0.000132262
0.575 -3.24 0.000132262
0.575 -3.2 0.000132262
0.575 -3.16 0.000132262
0.575 -3.12 0.000132262
0.575 -3.08 0.000132262
0.575 -3.04 0.000132262
0.575 -3 0.000132262
0.575 -2.96 0.00013186
0.575 -2.92 0.000141285
0.575 -2.88 0.000146287
0.575 -2.84 0.000159023
0.575 -2.8 0.000176141
0.575 -2.76 0.000181335
0.575 -2.72 0.000163979
0.575 -2.68 0.00019799
0.575 -2.64 0.00021612
0.575 -2.6 0.000216316
0.575 -2.56 0.000259231
0.575 -2.52 0.000278432
0.575 -2.48 0.000319589
0.575 -2.44 0.000347853
0.575 -2.4 0.000386816
0.575 -2.36 0.00045543
0.575 -2.32 0.000554067
0.575 -2.28 0.000651815
0.575 -2.24 0.000805887
0.575 -2.2 0.00102945
0.575 -2.16 0.00124738
0.575 -2.12 0.00164228
0.575 -2.08 0.00196053
0.575 -2.04 0.00219626
0.575 -2 0.00261053
0.575 -1.96 0.00264022
0.575 -1.92 0.00276032
0.575 -1.88 0.00284437
0.575 -1.84 0.00289247
0.575 -1.8 0.00306796
0.575 -1.76 0.00321164
0.575 -1.72 0.00304982
0.575 -1.68 0.00301235
0.575 -1.64 0.00319068
0.575 -1.6 0.00307106
0.575 -1.56 0.0031327
0.575 -1.52 0.00322113
0.575 -1.48 0.00298803
0.575 -1.44 0.00300118
0.575 -1.4 0.00304386
0.575 -1.36 0.00286741
0.575 -1.32 0.00291116
0.575 -1.28 0.00285256
0.575 -1.24 0.00273245
0.575 -1.2 0.00277508
0.575 -1.16 0.00268037
0.575 -1.12 0.0026131
0.575 -1.08 0.00259962
0.575 -1.04 0.00252293
0.575 -1 0.00248724
0.575 -0.96 0.00240534
0.575 -0.92 0.00237604
0.575 -0.88 0.00229532
0.575 -0.84 0.00218925
0.575 -0.8 0.00217257
0.575 -0.76 0.00211077
0.575 -0.72 0.00203381
0.575 -0.68 0.00187349
0.575 -0.64 0.00178407
0.575 -0.6 0.00172098
0.575 -0.56 0.00154463
0.575 -0.52 0.00138253
0.575 -0.48 0.0013277
0.575 -0.44 0.00120545
0.575 -0.4 0.00118497
0.575 -0.36 0.00107984
0.575 -0.32 0.00101849
0.575 -0.28 0.000954294
0.575 -0.24 0.000935863
0.575 -0.2 0.000885983
0.575 -0.16 0.000831306
0.575 -0.12 0.000776015
0.575 -0.08 0.000695515
0.575 -0.04 0.00058647
0.575 0 0.000451022
0.575 0.04 0.000327843
0.575 0.08 0.000245115
0.575 0.12 0.000193156
0.575 0.16 0.000159003
0.575 0.2 0.000135117
0.575 0.24 0.000117504
0.575 0.28 0.000103956
0.575 0.32 9.31839e-05
0.575 0.36 8.43975e-05
0.575 0.4 7.70777e-05
0.575 0.44 7.0868e-05
0.575 0.48 6.55456e-05
0.575 0.52 6.09082e-05
0.575 0.56 5.68417e-05
0.575 0.6 5.32394e-05
0.575 0.64 5.00273e-05
0.575 0.68 4.71412e-05
0.575 0.72 4.45347e-05
0.575 0.76 4.21745e-05
0.575 0.8 4.00237e-05
0.575 0.84 3.80472e-05
0.575 0.88 3.62374e-05
0.575 0.92 3.45701e-05
0.575 0.96 3.30296e-05
0.575 1 0
0.575 1.04 0
0.575 1.08 0
0.575 1.12 0
0.575 1.16 0
0.575 1.2 0
0.575 1.24 0
0.575 1.28 0
0.575 1.32 0
0.575 1.36 0
0.575 1.4 0
0.575 1.44 0
0.575 1.48 0
0.575 1.52 0
0.575 1.56 0
0.575 1.6 0
0.575 1.64 0
0.575 1.68 0
0.575 1.72 0
0.575 1.76 0
0.575 1.8 0
0.575 1.84 0
0.575 1.88 0
0.575 1.92 0
0.575 1.96 0
0.575 2 0
0.575 2.04 0
0.575 2.08 0
0.575 2.12 0
0.575 2.16 0
0.575 2.2 0
0.575 2.24 0
0.575 2.28 0
0.575 2.32 0
0.575 2.36 0
0.575 2.4 0
0.575 2.44 0
0.575 2.48 0
0.575 2.52 0
0.575 2.56 0
0.575 2.6 0
0.575 2.64 0
0.575 2.68 0
0.575 2.72 0
0.575 2.76 0
0.575 2.8 0
0.575 2.84 0
0.575 2.88 0
0.575 2.92 0
0.575 2.96 0
0.575 3 0
0.58 -5 0.000132076
0.58 -4.96 0.000132076
0.58 -4.92 0.000132076
0.58 -4.88 0.000132076
0.58 -4.84 0.000132076
0.58 -4.8 0.000132076
0.58 -4.76 0.000132076
0.58 -4.72 0.000132076
0.58 -4.68 0.000132076
0.58 -4.64 0.000132076
0.58 -4.6 0.000132076
0.58 -4.56 0.000132076
0.58 -4.52 0.000132076
0.58 -4.48 0.000132076
0.58 -4.44 0.000132076
0.58 -4.4 0.000132076
0.58 -4.36 0.000132076
0.58 -4.32 0.000132076
0.58 -4.28 0.000132076
0.58 -4.24 0.000132076
0.58 -4.2 0.000132076
0.58 -4.16 0.000132076
0.58 -4.12 0.000132076
0.58 -4.08 0.000132076
0.58 -4.04 0.000132076
0.58 -4 0.000132076
0.58 -3.96 0.000132076
0.58 -3.92 0.000132076
0.58 -3.88 0.000132076
0.58 -3.84 0.000132076
0.58 -3.8 0.000132076
0.58 -3.76 0.000132076
0.58 -3.72 0.000132076
0.58 -3.68 0.000132076
0.58 -3.64 0.000132076
0.58 -3.6 0.000132076
0.58 -3.56 0.000132076
0.58 -3.52 0.000132076
0.58 -3.48 0.000132076
0.58 -3.44 0.000132076
0.58 -3.4 0.000132076
0.58 -3.36 0.000132076
0.58 -3.32 0.000132076
0.58 -3.28 0.000132076
0.58 -3.24 0.000132076
0.58 -3.2 0.000132076
0.58 -3.16 0.000132076
0.58 -3.12 0.000132076
0.58 -3.08 0.000132076
0.58 -3.04 0.000132076
0.58 -3 0.000132076
0.58 -2.96 0.000132424
0.58 -2.92 0.000138443
0.58 -2.88 0.000145599
0.58 -2.84 0.000159051
0.58 -2.8 0.00017673
0.58 -2.76 0.000183965
0.58 -2.72 0.000172535
0.58 -2.68 0.000198538
0.58 -2.64 0.000217771
0.58 -2.6 0.000227971
0.58 -2.56 0.000259491
0.58 -2.52 0.000279547
0.58 -2.48 0.000323391
0.58 -2.44 0.000343991
0.58 -2.4 0.000382016
0.58 -2.36 0.000453391
0.58 -2.32 0.000552666
0.58 -2.28 0.00064701
0.58 -2.24 0.000796105
0.58 -2.2 0.00102648
0.58 -2.16 0.0012537
0.58 -2.12 0.00163955
0.58 -2.08 0.00197603
0.58 -2.04 0.0022172
0.58 -2 0.00263086
0.58 -1.96 0.00269615
0.58 -1.92 0.00279928
0.58 -1.88 0.00291595
0.58 -1.84 0.00293299
0.58 -1.8 0.00311145
0.58 -1.76 0.00325638
0.58 -1.72 0.00307917
0.58 -1.68 0.00304159
0.58 -1.64 0.0031852
0.58 -1.6 0.00308681
0.58 -1.56 0.00315063
0.58 -1.52 0.00322239
0.58 -1.48 0.00297948
0.58 -1.44 0.00300538
0.58 -1.4 0.00305795
0.58 -1.36 0.00287715
0.58 -1.32 0.00292722
0.58 -1.28 0.00283924
0.58 -1.24 0.0027143
0.58 -1.2 0.0027636
0.58 -1.16 0.00267034
0.58 -1.12 0.00260287
0.58 -1.08 0.00258394
0.58 -1.04 0.0024698
0.58 -1 0.0024709
0.58 -0.96 0.00237004
0.58 -0.92 0.00236275
0.58 -0.88 0.00227714
0.58 -0.84 0.00216363
0.58 -0.8 0.0021494
0.58 -0.76 0.00208541
0.58 -0.72 0.00199838
0.58 -0.68 0.00185057
0.58 -0.64 0.00178761
0.58 -0.6 0.00172082
0.58 -0.56 0.00152113
0.58 -0.52 0.0013983
0.58 -0.48 0.001333
0.58 -0.44 0.00117252
0.58 -0.4 0.00112242
0.58 -0.36 0.00105379
0.58 -0.32 0.00101247
0.58 -0.28 0.000949244
0.58 -0.24 0.000927887
0.58 -0.2 0.000866544
0.58 -0.16 0.000817452
0.58 -0.12 0.000759856
0.58 -0.08 0.00068284
0.58 -0.04 0.000574191
0.58 0 0.0004413
0.58 0.04 0.000321021
0.58 0.08 0.000240466
0.58 0.12 0.000189829
0.58 0.16 0.000156489
0.58 0.2 0.000133133
0.58 0.24 0.000115886
0.58 0.28 0.000102604
0.58 0.32 9.20317e-05
0.58 0.36 8.34009e-05
0.58 0.4 7.62051e-05
0.58 0.44 7.00963e-05
0.58 0.48 6.4857e-05
0.58 0.52 6.02896e-05
0.58 0.56 5.62822e-05
0.58 0.6 5.27307e-05
0.58 0.64 4.95624e-05
0.58 0.68 4.67147e-05
0.58 0.72 4.41418e-05
0.58 0.76 4.18116e-05
0.58 0.8 3.96869e-05
0.58 0.84 3.77342e-05
0.58 0.88 3.59455e-05
0.58 0.92 3.42977e-05
0.58 0.96 3.27746e-05
0.58 1 0
0.58 1.04 0
0.58 1.08 0
0.58 1.12 0
0.58 1.16 0
0.58 1.2 0
0.58 1.24 0
0.58 1.28 0
0.58 1.32 0
0.58 1.36 0
0.58 1.4 0
0.58 1.44 0
0.58 1.48 0
0.58 1.52 0
0.58 1.56 0
0.58 1.6 0
0.58 1.64 0
0.58 1.68 0
0.58 1.72 0
0.58 1.76 0
0.58 1.8 0
0.58 1.84 0
0.58 1.88 0
0.58 1.92 0
0.58 1.96 0
0.58 2 0
0.58 2.04 0
0.58 2.08 0
0.58 2.12 0
0.58 2.16 0
0.58 2.2 0
0.58 2.24 0
0.58 2.28 0
0.58 2.32 0
0.58 2.36 0
0.58 2.4 0
0.58 2.44 0
0.58 2.48 0
0.58 2.52 0
0.58 2.56 0
0.58 2.6 0
0.58 2.64 0
0.58 2.68 0
0.58 2.72 0
0.58 2.76 0
0.58 2.8 0
0.58 2.84 0
0.58 2.88 0
0.58 2.92 0
0.58 2.96 0
0.58 3 0
0.585 -5 0.000129999
0.585 -4.96 0.000129999
0.585 -4.92 0.000129999
0.585 -4.88 0.000129999
0.585 -4.84 0.000129999
0.585 -4.8 0.000129999
0.585 -4.76 0.000129999
0.585 -4.72 0.000129999
0.585 -4.68 0.000129999
0.585 -4.64 0.000129999
0.585 -4.6 0.000129999
0.585 -4.56 0.000129999
0.585 -4.52 0.000129999
0.585 -4.48 0.000129999
0.585 -4.44 0.000129999
0.585 -4.4 0.000129999
0.585 -4.36 0.000129999
0.585 -4.32 0.000129999
0.585 -4.28 0.000129999
0.585 -4.24 0.000129999
0.585 -4.2 0.000129999
0.585 -4.16 0.000129999
0.585 -4.12 0.000129999
0.585 -4.08 0.000129999
0.585 -4.04 0.000129999
0.585 -4 0.000129999
0.585 -3.96 0.000129999
0.585 -3.92 0.000129999
0.585 -3.88 0.000129999
0.585 -3.84 0.000129999
0.585 -3.8 0.000129999
0.585 -3.76 0.000129999
0.585 -3.72 0.000129999
0.585 -3.68 0.000129999
0.585 -3.64 0.000129999
0.585 -3.6 0.000129999
0.585 -3.56 0.000129999
0.585 -3.52 0.000129999
0.585 -3.48 0.000129999
0.585 -3.44 0.000129999
0.585 -3.4 0.000129999
0.585 -3.36 0.000129999
0.585 -3.32 0.000129999
0.585 -3.28 0.000129999
0.585 -3.24 0.000129999
0.585 -3.2 0.000129999
0.585 -3.16 0.000129999
0.585 -3.12 0.000129999
0.585 -3.08 0.000129999
0.585 -3.04 0.000129999
0.585 -3 0.000129999
0.585 -2.96 0.000134408
0.585 -2.92 0.000139829
0.585 -2.88 0.000144812
0.585 -2.84 0.000157606
0.585 -2.8 0.000173372
0.585 -2.76 0.000184952
0.585 -2.72 0.00018428
0.585 -2.68 0.000198634
0.585 -2.64 0.000220588
0.585 -2.6 0.000226195
0.585 -2.56 0.000262058
0.585 -2.52 0.000279923
0.585 -2.48 0.000328649
0.585 -2.44 0.000341043
0.585 -2.4 0.00038399
0.585 -2.36 0.000451956
0.585 -2.32 0.000546835
0.585 -2.28 0.000640236
0.585 -2.24 0.000786699
0.585 -2.2 0.00102946
0.585 -2.16 0.0012558
0.585 -2.12 0.0016328
0.585 -2.08 0.00198833
0.585 -2.04 0.00223839
0.585 -2 0.00266042
0.585 -1.96 0.00276431
0.585 -1.92 0.0028445
0.585 -1.88 0.00297475
0.585 -1.84 0.00296116
0.585 -1.8 0.00314986
0.585 -1.76 0.00330685
0.585 -1.72 0.00309139
0.585 -1.68 0.00308446
0.585 -1.64 0.00319395
0.585 -1.6 0.00309357
0.585 -1.56 0.00318139
0.585 -1.52 0.00321672
0.585 -1.48 0.00297612
0.585 -1.44 0.00298062
0.585 -1.4 0.00306723
0.585 -1.36 0.00289711
0.585 -1.32 0.00291522
0.585 -1.28 0.00283275
0.585 -1.24 0.00269464
0.585 -1.2 0.00271387
0.585 -1.16 0.00265329
0.585 -1.12 0.00259637
0.585 -1.08 0.00257326
0.585 -1.04 0.00244174
0.585 -1 0.00243884
0.585 -0.96 0.00234573
0.585 -0.92 0.00233857
0.585 -0.88 0.00225593
0.585 -0.84 0.00216249
0.585 -0.8 0.00213664
0.585 -0.76 0.00207137
0.585 -0.72 0.0019578
0.585 -0.68 0.00183475
0.585 -0.64 0.00183051
0.585 -0.6 0.00168633
0.585 -0.56 0.0015068
0.585 -0.52 0.00137942
0.585 -0.48 0.00130195
0.585 -0.44 0.00116032
0.585 -0.4 0.00105758
0.585 -0.36 0.00102485
0.585 -0.32 0.000997418
0.585 -0.28 0.000946345
0.585 -0.24 0.000907395
0.585 -0.2 0.000855083
0.585 -0.16 0.000805862
0.585 -0.12 0.000745039
0.585 -0.08 0.000669949
0.585 -0.04 0.000562993
0.585 0 0.000431705
0.585 0.04 0.000314296
0.585 0.08 0.000235885
0.585 0.12 0.000186551
0.585 0.16 0.000154013
0.585 0.2 0.000131179
0.585 0.24 0.000114292
0.585 0.28 0.000101272
0.585 0.32 9.08966e-05
0.585 0.36 8.2419e-05
0.585 0.4 7.53452e-05
0.585 0.44 6.93359e-05
0.585 0.48 6.41784e-05
0.585 0.52 5.96799e-05
0.585 0.56 5.57307e-05
0.585 0.6 5.22292e-05
0.585 0.64 4.91039e-05
0.585 0.68 4.62941e-05
0.585 0.72 4.37543e-05
0.585 0.76 4.14536e-05
0.585 0.8 3.93546e-05
0.585 0.84 3.74255e-05
0.585 0.88 3.56574e-05
0.585 0.92 3.40289e-05
0.585 0.96 3.25228e-05
0.585 1 0
0.585 1.04 0
0.585 1.08 0
0.585 1.12 0
0.585 1.16 0
0.585 1.2 0
0.585 1.24 0
0.585 1.28 0
0.585 1.32 0
0.585 1.36 0
0.585 1.4 0
0.585 1.44 0
0.585 1.48 0
0.585 1.52 0
0.585 1.56 0
0.585 1.6 0
0.585 1.64 0
0.585 1.68 0
0.585 1.72 0
0.585 1.76 0
0.585 1.8 0
0.585 1.84 0
0.585 1.88 0
0.585 1.92 0
0.585 1.96 0
0.585 2 0
0.585 2.04 0
0.585 2.08 0
0.585 2.12 0
0.585 2.16 0
0.585 2.2 0
0.585 2.24 0
0.585 2.28 0
0.585 2.32 0
0.585 2.36 0
0.585 2.4 0
0.585 2.44 0
0.585 2.48 0
0.585 2.52 0
0.585 2.56 0
0.585 2.6 0
0.585 2.64 0
0.585 2.68 0
0.585 2.72 0
0.585 2.76 0
0.585 2.8 0
0.585 2.84 0
0.585 2.88 0
0.585 2.92 0
0.585 2.96 0
0.585 3 0
0.59 -5 0.000127776
0.59 -4.96 0.000127776
0.59 -4.92 0.000127776
0.59 -4.88 0.000127776
0.59 -4.84 0.000127776
0.59 -4.8 0.000127776
0.59 -4.76 0.000127776
0.59 -4.72 0.000127776
0.59 -4.68 0.000127776
0.59 -4.64 0.000127776
0.59 -4.6 0.000127776
0.59 -4.56 0.000127776
0.59 -4.52 0.000127776
0.59 -4.48 0.000127776
0.59 -4.44 0.000127776
0.59 -4.4 0.000127776
0.59 -4.36 0.000127776
0.59 -4.32 0.000127776
0.59 -4.28 0.000127776
0.59 -4.24 0.000127776
0.59 -4.2 0.000127776
0.59 -4.16 0.000127776
0.59 -4.12 0.000127776
0.59 -4.08 0.000127776
0.59 -4.04 0.000127776
0.59 -4 0.000127776
0.59 -3.96 0.000127776
0.59 -3.92 0.000127776
0.59 -3.88 0.000127776
0.59 -3.84 0.000127776
0.59 -3.8 0.000127776
0.59 -3.76 0.000127776
0.59 -3.72 0.000127776
0.59 -3.68 0.000127776
0.59 -3.64 0.000127776
0.59 -3.6 0.000127776
0.59 -3.56 0.000127776
0.59 -3.52 0.000127776
0.59 -3.48 0.000127776
0.59 -3.44 0.000127776
0.59 -3.4 0.000127776
0.59 -3.36 0.000127776
0.59 -3.32 0.000127776
0.59 -3.28 0.000127776
0.59 -3.24 0.000127776
0.59 -3.2 0.000127776
0.59 -3.16 0.000127776
0.59 -3.12 0.000127776
0.59 -3.08 0.000127776
0.59 -3.04 0.000127776
0.59 -3 0.000127776
0.59 -2.96 0.000135201
0.59 -2.92 0.000145163
0.59 -2.88 0.000144202
0.59 -2.84 0.000157414
0.59 -2.8 0.000171276
0.59 -2.76 0.000185348
0.59 -2.72 0.000186917
0.59 -2.68 0.000197931
0.59 -2.64 0.000222298
0.59 -2.6 0.000220719
0.59 -2.56 0.000266949
0.59 -2.52 0.000280937
0.59 -2.48 0.000329173
0.59 -2.44 0.000341365
0.59 -2.4 0.000384604
0.59 -2.36 0.000452725
0.59 -2.32 0.000536882
0.59 -2.28 0.000635728
0.59 -2.24 0.000780032
0.59 -2.2 0.00103261
0.59 -2.16 0.00124871
0.59 -2.12 0.00162487
0.59 -2.08 0.00199693
0.59 -2.04 0.00227037
0.59 -2 0.00270526
0.59 -1.96 0.00283581
0.59 -1.92 0.00288331
0.59 -1.88 0.00299887
0.59 -1.84 0.00298879
0.59 -1.8 0.00318439
0.59 -1.76 0.00334754
0.59 -1.72 0.00310929
0.59 -1.68 0.0031241
0.59 -1.64 0.00322021
0.59 -1.6 0.00309616
0.59 -1.56 0.00320072
0.59 -1.52 0.00321075
0.59 -1.48 0.00299769
0.59 -1.44 0.00296192
0.59 -1.4 0.00306218
0.59 -1.36 0.00290196
0.59 -1.32 0.00287857
0.59 -1.28 0.00283261
0.59 -1.24 0.00269672
0.59 -1.2 0.00267652
0.59 -1.16 0.00261965
0.59 -1.12 0.00259559
0.59 -1.08 0.00256666
0.59 -1.04 0.00245037
0.59 -1 0.00241681
0.59 -0.96 0.00232458
0.59 -0.92 0.00230178
0.59 -0.88 0.00223513
0.59 -0.84 0.00215801
0.59 -0.8 0.00212106
0.59 -0.76 0.00205793
0.59 -0.72 0.00194226
0.59 -0.68 0.00181892
0.59 -0.64 0.00181023
0.59 -0.6 0.00162165
0.59 -0.56 0.0014963
0.59 -0.52 0.00133822
0.59 -0.48 0.00123232
0.59 -0.44 0.00115822
0.59 -0.4 0.00104788
0.59 -0.36 0.00101405
0.59 -0.32 0.000976963
0.59 -0.28 0.000932458
0.59 -0.24 0.000883705
0.59 -0.2 0.000849375
0.59 -0.16 0.00079344
0.59 -0.12 0.000733463
0.59 -0.08 0.000657042
0.59 -0.04 0.000552447
0.59 0 0.000422239
0.59 0.04 0.000307668
0.59 0.08 0.000231371
0.59 0.12 0.000183322
0.59 0.16 0.000151573
0.59 0.2 0.000129253
0.59 0.24 0.000112722
0.59 0.28 9.99593e-05
0.59 0.32 8.97784e-05
0.59 0.36 8.14517e-05
0.59 0.4 7.4498e-05
0.59 0.44 6.85866e-05
0.59 0.48 6.35096e-05
0.59 0.52 5.9079e-05
0.59 0.56 5.51871e-05
0.59 0.6 5.17349e-05
0.59 0.64 4.86519e-05
0.59 0.68 4.58795e-05
0.59 0.72 4.33722e-05
0.59 0.76 4.11006e-05
0.59 0.8 3.90268e-05
0.59 0.84 3.71209e-05
0.59 0.88 3.53733e-05
0.59 0.92 3.37637e-05
0.59 0.96 3.22745e-05
0.59 1 0
0.59 1.04 0
0.59 1.08 0
0.59 1.12 0
0.59 1.16 0
0.59 1.2 0
0.59 1.24 0
0.59 1.28 0
0.59 1.32 0
0.59 1.36 0
0.59 1.4 0
0.59 1.44 0
0.59 1.48 0
0.59 1.52 0
0.59 1.56 0
0.59 1.6 0
0.59 1.64 0
0.59 1.68 0
0.59 1.72 0
0.59 1.76 0
0.59 1.8 0
0.59 1.84 0
0.59 1.88 0
0.59 1.92 0
0.59 1.96 0
0.59 2 0
0.59 2.04 0
0.59 2.08 0
0.59 2.12 0
0.59 2.16 0
0.59 2.2 0
0.59 2.24 0
0.59 2.28 0
0.59 2.32 0
0.59 2.36 0
0.59 2.4 0
0.59 2.44 0
0.59 2.48 0
0.59 2.52 0
0.59 2.56 0
0.59 2.6 0
0.59 2.64 0
0.59 2.68 0
0.59 2.72 0
0.59 2.76 0
0.59 2.8 0
0.59 2.84 0
0.59 2.88 0
0.59 2.92 0
0.59 2.96 0
0.59 3 0
0.595 -5 0.000126991
0.595 -4.96 0.000126991
0.595 -4.92 0.000126991
0.595 -4.88 0.000126991
0.595 -4.84 0.000126991
0.595 -4.8 0.000126991
0.595 -4.76 0.000126991
0.595 -4.72 0.000126991
0.595 -4.68 0.000126991
0.595 -4.64 0.000126991
0.595 -4.6 0.000126991
0.595 -4.56 0.000126991
0.595 -4.52 0.000126991
0.595 -4.48 0.000126991
0.595 -4.44 0.000126991
0.595 -4.4 0.000126991
0.595 -4.36 0.000126991
0.595 -4.32 0.000126991
0.595 -4.28 0.000126991
0.595 -4.24 0.000126991
0.595 -4.2 0.000126991
0.595 -4.16 0.000126991
0.595 -4.12 0.000126991
0.595 -4.08 0.000126991
0.595 -4.04 0.000126991
0.595 -4 0.000126991
0.595 -3.96 0.000126991
0.595 -3.92 0.000126991
0.595 -3.88 0.000126991
0.595 -3.84 0.000126991
0.595 -3.8 0.000126991
0.595 -3.76 0.000126991
0.595 -3.72 0.000126991
0.595 -3.68 0.000126991
0.595 -3.64 0.000126991
0.595 -3.6 0.000126991
0.595 -3.56 0.000126991
0.595 -3.52 0.000126991
0.595 -3.48 0.000126991
0.595 -3.44 0.000126991
0.595 -3.4 0.000126991
0.595 -3.36 0.000126991
0.595 -3.32 0.000126991
0.595 -3.28 0.000126991
0.595 -3.24 0.000126991
0.595 -3.2 0.000126991
0.595 -3.16 0.000126991
0.595 -3.12 0.000126991
0.595 -3.08 0.000126991
0.595 -3.04 0.000126991
0.595 -3 0.000126991
0.595 -2.96 0.000133578
0.595 -2.92 0.000148908
0.595 -2.88 0.000142815
0.595 -2.84 0.000161434
0.595 -2.8 0.0001721
0.595 -2.76 0.000186057
0.595 -2.72 0.000180538
0.595 -2.68 0.000199092
0.595 -2.64 0.000221479
0.595 -2.6 0.000224278
0.595 -2.56 0.000267096
0.595 -2.52 0.00028148
0.595 -2.48 0.000322826
0.595 -2.44 0.000343034
0.595 -2.4 0.000379408
0.595 -2.36 0.000454437
0.595 -2.32 0.000526348
0.595 -2.28 0.000635788
0.595 -2.24 0.000776657
0.595 -2.2 0.0010306
0.595 -2.16 0.0012375
0.595 -2.12 0.00161919
0.595 -2.08 0.00200622
0.595 -2.04 0.00230768
0.595 -2 0.00274868
0.595 -1.96 0.00288482
0.595 -1.92 0.00291376
0.595 -1.88 0.00302053
0.595 -1.84 0.00302098
0.595 -1.8 0.00322813
0.595 -1.76 0.00338803
0.595 -1.72 0.00313701
0.595 -1.68 0.00314359
0.595 -1.64 0.00324761
0.595 -1.6 0.00310284
0.595 -1.56 0.00319795
0.595 -1.52 0.0032056
0.595 -1.48 0.0030315
0.595 -1.44 0.00296801
0.595 -1.4 0.00304316
0.595 -1.36 0.00288107
0.595 -1.32 0.0028486
0.595 -1.28 0.00283067
0.595 -1.24 0.00270519
0.595 -1.2 0.00267725
0.595 -1.16 0.00259122
0.595 -1.12 0.00259152
0.595 -1.08 0.00254913
0.595 -1.04 0.00246331
0.595 -1 0.00242071
0.595 -0.96 0.00229133
0.595 -0.92 0.00226465
0.595 -0.88 0.00221388
0.595 -0.84 0.00213042
0.595 -0.8 0.00208009
0.595 -0.76 0.00202634
0.595 -0.72 0.00194282
0.595 -0.68 0.00179964
0.595 -0.64 0.00172004
0.595 -0.6 0.00158099
0.595 -0.56 0.00148013
0.595 -0.52 0.0013184
0.595 -0.48 0.00116829
0.595 -0.44 0.00113786
0.595 -0.4 0.00107591
0.595 -0.36 0.00101719
0.595 -0.32 0.000960655
0.595 -0.28 0.00091758
0.595 -0.24 0.00087061
0.595 -0.2 0.000839627
0.595 -0.16 0.000781748
0.595 -0.12 0.000723257
0.595 -0.08 0.000644407
0.595 -0.04 0.00054146
0.595 0 0.000412903
0.595 0.04 0.00030114
0.595 0.08 0.000226928
0.595 0.12 0.000180143
0.595 0.16 0.000149171
0.595 0.2 0.000127358
0.595 0.24 0.000111176
0.595 0.28 9.8667e-05
0.595 0.32 8.86771e-05
0.595 0.36 8.04989e-05
0.595 0.4 7.36636e-05
0.595 0.44 6.78485e-05
0.595 0.48 6.28507e-05
0.595 0.52 5.84869e-05
0.595 0.56 5.46515e-05
0.595 0.6 5.12478e-05
0.595 0.64 4.82064e-05
0.595 0.68 4.54708e-05
0.595 0.72 4.29956e-05
0.595 0.76 4.07525e-05
0.595 0.8 3.87036e-05
0.595 0.84 3.68206e-05
0.595 0.88 3.50931e-05
0.595 0.92 3.35022e-05
0.595 0.96 3.20295e-05
0.595 1 0
0.595 1.04 0
0.595 1.08 0
0.595 1.12 0
0.595 1.16 0
0.595 1.2 0
0.595 1.24 0
0.595 1.28 0
0.595 1.32 0
0.595 1.36 0
0.595 1.4 0
0.595 1.44 0
0.595 1.48 0
0.595 1.52 0
0.595 1.56 0
0.595 1.6 0
0.595 1.64 0
0.595 1.68 0
0.595 1.72 0
0.595 1.76 0
0.595 1.8 0
0.595 1.84 0
0.595 1.88 0
0.595 1.92 0
0.595 1.96 0
0.595 2 0
0.595 2.04 0
0.595 2.08 0
0.595 2.12 0
0.595 2.16 0
0.595 2.2 0
0.595 2.24 0
0.595 2.28 0
0.595 2.32 0
0.595 2.36 0
0.595 2.4 0
0.595 2.44 0
0.595 2.48 0
0.595 2.52 0
0.595 2.56 0
0.595 2.6 0
0.595 2.64 0
0.595 2.68 0
0.595 2.72 0
0.595 2.76 0
0.595 2.8 0
0.595 2.84 0
0.595 2.88 0
0.595 2.92 0
0.595 2.96 0
0.595 3 0
0.6 -5 0.000127613
0.6 -4.96 0.000127613
0.6 -4.92 0.000127613
0.6 -4.88 0.000127613
0.6 -4.84 0.000127613
0.6 -4.8 0.000127613
0.6 -4.76 0.000127613
0.6 -4.72 0.000127613
0.6 -4.68 0.000127613
0.6 -4.64 0.000127613
0.6 -4.6 0.000127613
0.6 -4.56 0.000127613
0.6 -4.52 0.000127613
0.6 -4.48 0.000127613
0.6 -4.44 0.000127613
0.6 -4.4 0.000127613
0.6 -4.36 0.000127613
0.6 -4.32 0.000127613
0.6 -4.28 0.000127613
0.6 -4.24 0.000127613
0.6 -4.2 0.000127613
0.6 -4.16 0.000127613
0.6 -4.12 0.000127613
0.6 -4.08 0.000127613
0.6 -4.04 0.000127613
0.6 -4 0.000127613
0.6 -3.96 0.000127613
0.6 -3.92 0.000127613
0.6 -3.88 0.000127613
0.6 -3.84 0.000127613
0.6 -3.8 0.000127613
0.6 -3.76 0.000127613
0.6 -3.72 0.000127613
0.6 -3.68 0.000127613
0.6 -3.64 0.000127613
0.6 -3.6 0.000127613
0.6 -3.56 0.000127613
0.6 -3.52 0.000127613
0.6 -3.48 0.000127613
0.6 -3.44 0.000127613
0.6 -3.4 0.000127613
0.6 -3.36 0.000127613
0.6 -3.32 0.000127613
0.6 -3.28 0.000127613
0.6 -3.24 0.000127613
0.6 -3.2 0.000127613
0.6 -3.16 0.000127613
0.6 -3.12 0.000127613
0.6 -3.08 0.000127613
0.6 -3.04 0.000127613
0.6 -3 0.000127613
0.6 -2.96 0.000131327
0.6 -2.92 0.000148062
0.6 -2.88 0.000140529
0.6 -2.84 0.00016779
0.6 -2.8 0.000172882
0.6 -2.76 0.000186279
0.6 -2.72 0.000178176
0.6 -2.68 0.000200875
0.6 -2.64 0.00021877
0.6 -2.6 0.00023287
0.6 -2.56 0.00025962
0.6 -2.52 0.000278069
0.6 -2.48 0.000316067
0.6 -2.44 0.00034242
0.6 -2.4 0.00037716
0.6 -2.36 0.000455769
0.6 -2.32 0.000518463
0.6 -2.28 0.000637003
0.6 -2.24 0.000773461
0.6 -2.2 0.00102394
0.6 -2.16 0.00123285
0.6 -2.12 0.00161818
0.6 -2.08 0.00201727
0.6 -2.04 0.00233898
0.6 -2 0.0027809
0.6 -1.96 0.00289988
0.6 -1.92 0.00294829
0.6 -1.88 0.00307453
0.6 -1.84 0.00305012
0.6 -1.8 0.00327858
0.6 -1.76 0.0034347
0.6 -1.72 0.00315638
0.6 -1.68 0.00314502
0.6 -1.64 0.00326943
0.6 -1.6 0.0031177
0.6 -1.56 0.00319232
0.6 -1.52 0.00319429
0.6 -1.48 0.00304934
0.6 -1.44 0.00297588
0.6 -1.4 0.00302439
0.6 -1.36 0.00285245
0.6 -1.32 0.00284033
0.6 -1.28 0.00282117
0.6 -1.24 0.00269545
0.6 -1.2 0.00267635
0.6 -1.16 0.00258441
0.6 -1.12 0.00257717
0.6 -1.08 0.00252805
0.6 -1.04 0.00245274
0.6 -1 0.00242507
0.6 -0.96 0.00225738
0.6 -0.92 0.00224038
0.6 -0.88 0.00218417
0.6 -0.84 0.00209024
0.6 -0.8 0.00201566
0.6 -0.76 0.00198061
0.6 -0.72 0.00193313
0.6 -0.68 0.00177397
0.6 -0.64 0.00165521
0.6 -0.6 0.0015868
0.6 -0.56 0.00145374
0.6 -0.52 0.0013326
0.6 -0.48 0.00115178
0.6 -0.44 0.00109451
0.6 -0.4 0.00107886
0.6 -0.36 0.00101191
0.6 -0.32 0.000948945
0.6 -0.28 0.000908876
0.6 -0.24 0.00086568
0.6 -0.2 0.000821143
0.6 -0.16 0.000771907
0.6 -0.12 0.000711052
0.6 -0.08 0.000632097
0.6 -0.04 0.000529685
0.6 0 0.000403699
0.6 0.04 0.000294713
0.6 0.08 0.000222554
0.6 0.12 0.000177014
0.6 0.16 0.000146807
0.6 0.2 0.000125492
0.6 0.24 0.000109654
0.6 0.28 9.73947e-05
0.6 0.32 8.75928e-05
0.6 0.36 7.95608e-05
0.6 0.4 7.28417e-05
0.6 0.44 6.71215e-05
0.6 0.48 6.22017e-05
0.6 0.52 5.79037e-05
0.6 0.56 5.41237e-05
0.6 0.6 5.07678e-05
0.6 0.64 4.77673e-05
0.6 0.68 4.50679e-05
0.6 0.72 4.26244e-05
0.6 0.76 4.04094e-05
0.6 0.8 3.8385e-05
0.6 0.84 3.65245e-05
0.6 0.88 3.48168e-05
0.6 0.92 3.32442e-05
0.6 0.96 3.17878e-05
0.6 1 0
0.6 1.04 0
0.6 1.08 0
0.6 1.12 0
0.6 1.16 0
0.6 1.2 0
0.6 1.24 0
0.6 1.28 0
0.6 1.32 0
0.6 1.36 0
0.6 1.4 0
0.6 1.44 0
0.6 1.48 0
0.6 1.52 0
0.6 1.56 0
0.6 1.6 0
0.6 1.64 0
0.6 1.68 0
0.6 1.72 0
0.6 1.76 0
0.6 1.8 0
0.6 1.84 0
0.6 1.88 0
0.6 1.92 0
0.6 1.96 0
0.6 2 0
0.6 2.04 0
0.6 2.08 0
0.6 2.12 0
0.6 2.16 0
0.6 2.2 0
0.6 2.24 0
0.6 2.28 0
0.6 2.32 0
0.6 2.36 0
0.6 2.4 0
0.6 2.44 0
0.6 2.48 0
0.6 2.52 0
0.6 2.56 0
0.6 2.6 0
0.6 2.64 0
0.6 2.68 0
0.6 2.72 0
0.6 2.76 0
0.6 2.8 0
0.6 2.84 0
0.6 2.88 0
0.6 2.92 0
0.6 2.96 0
0.6 3 0
0.605 -5 0.000128456
0.605 -4.96 0.000128456
0.605 -4.92 0.000128456
0.605 -4.88 0.000128456
0.605 -4.84 0.000128456
0.605 -4.8 0.000128456
0.605 -4.76 0.000128456
0.605 -4.72 0.000128456
0.605 -4.68 0.000128456
0.605 -4.64 0.000128456
0.605 -4.6 0.000128456
0.605 -4.56 0.000128456
0.605 -4.52 0.000128456
0.605 -4.48 0.000128456
0.605 -4.44 0.000128456
0.605 -4.4 0.000128456
0.605 -4.36 0.000128456
0.605 -4.32 0.000128456
0.605 -4.28 0.000128456
0.605 -4.24 0.000128456
0.605 -4.2 0.000128456
0.605 -4.16 0.000128456
0.605 -4.12 0.000128456
0.605 -4.08 0.000128456
0.605 -4.04 0.000128456
0.605 -4 0.000128456
0.605 -3.96 0.000128456
0.605 -3.92 0.000128456
0.605 -3.88 0.000128456
0.605 -3.84 0.000128456
0.605 -3.8 0.000128456
0.605 -3.76 0.000128456
0.605 -3.72 0.000128456
0.605 -3.68 0.000128456
0.605 -3.64 0.000128456
0.605 -3.6 0.000128456
0.605 -3.56 0.000128456
0.605 -3.52 0.000128456
0.605 -3.48 0.000128456
0.605 -3.44 0.000128456
0.605 -3.4 0.000128456
0.605 -3.36 0.000128456
0.605 -3.32 0.000128456
0.605 -3.28 0.000128456
0.605 -3.24 0.000128456
0.605 -3.2 0.000128456
0.605 -3.16 0.000128456
0.605 -3.12 0.000128456
0.605 -3.08 0.000128456
0.605 -3.04 0.000128456
0.605 -3 0.000128456
0.605 -2.96 0.000130731
0.605 -2.92 0.0001449
0.605 -2.88 0.000138966
0.605 -2.84 0.000171749
0.605 -2.8 0.000172708
0.605 -2.76 0.000184325
0.605 -2.72 0.000185673
0.605 -2.68 0.000199209
0.605 -2.64 0.000215991
0.605 -2.6 0.000234415
0.605 -2.56 0.000252728
0.605 -2.52 0.00027195
0.605 -2.48 0.000315977
0.605 -2.44 0.000339383
0.605 -2.4 0.000384018
0.605 -2.36 0.00045753
0.605 -2.32 0.000513735
0.605 -2.28 0.000634915
0.605 -2.24 0.000767939
0.605 -2.2 0.00101548
0.605 -2.16 0.00123772
0.605 -2.12 0.00162221
0.605 -2.08 0.00202468
0.605 -2.04 0.0023636
0.605 -2 0.00281965
0.605 -1.96 0.0029056
0.605 -1.92 0.00299827
0.605 -1.88 0.0031421
0.605 -1.84 0.00307309
0.605 -1.8 0.00331274
0.605 -1.76 0.00346713
0.605 -1.72 0.00316211
0.605 -1.68 0.00314926
0.605 -1.64 0.00329206
0.605 -1.6 0.00313786
0.605 -1.56 0.00319927
0.605 -1.52 0.00317604
0.605 -1.48 0.00304909
0.605 -1.44 0.0029646
0.605 -1.4 0.00301687
0.605 -1.36 0.00283538
0.605 -1.32 0.00283694
0.605 -1.28 0.00281261
0.605 -1.24 0.00267654
0.605 -1.2 0.00264532
0.605 -1.16 0.00258119
0.605 -1.12 0.00255568
0.605 -1.08 0.00252384
0.605 -1.04 0.00242653
0.605 -1 0.00240046
0.605 -0.96 0.002246
0.605 -0.92 0.00222793
0.605 -0.88 0.00214622
0.605 -0.84 0.00206356
0.605 -0.8 0.00195912
0.605 -0.76 0.00193953
0.605 -0.72 0.0019051
0.605 -0.68 0.0017455
0.605 -0.64 0.00166254
0.605 -0.6 0.00159669
0.605 -0.56 0.00142502
0.605 -0.52 0.00134538
0.605 -0.48 0.00117409
0.605 -0.44 0.00105832
0.605 -0.4 0.00103597
0.605 -0.36 0.000988491
0.605 -0.32 0.000935997
0.605 -0.28 0.000896044
0.605 -0.24 0.000855357
0.605 -0.2 0.000799875
0.605 -0.16 0.000760364
0.605 -0.12 0.000696405
0.605 -0.08 0.000620018
0.605 -0.04 0.000517912
0.605 0 0.000394627
0.605 0.04 0.000288389
0.605 0.08 0.000218252
0.605 0.12 0.000173935
0.605 0.16 0.000144481
0.605 0.2 0.000123655
0.605 0.24 0.000108156
0.605 0.28 9.61423e-05
0.605 0.32 8.65254e-05
0.605 0.36 7.86372e-05
0.605 0.4 7.20326e-05
0.605 0.44 6.64057e-05
0.605 0.48 6.15625e-05
0.605 0.52 5.73293e-05
0.605 0.56 5.36038e-05
0.605 0.6 5.02949e-05
0.605 0.64 4.73348e-05
0.605 0.68 4.4671e-05
0.605 0.72 4.22586e-05
0.605 0.76 4.00712e-05
0.605 0.8 3.80709e-05
0.605 0.84 3.62327e-05
0.605 0.88 3.45444e-05
0.605 0.92 3.29898e-05
0.605 0.96 3.15495e-05
0.605 1 0
0.605 1.04 0
0.605 1.08 0
0.605 1.12 0
0.605 1.16 0
0.605 1.2 0
0.605 1.24 0
0.605 1.28 0
0.605 1.32 0
0.605 1.36 0
0.605 1.4 0
0.605 1.44 0
0.605 1.48 0
0.605 1.52 0
0.605 1.56 0
0.605 1.6 0
0.605 1.64 0
0.605 1.68 0
0.605 1.72 0
0.605 1.76 0
0.605 1.8 0
0.605 1.84 0
0.605 1.88 0
0.605 1.92 0
0.605 1.96 0
0.605 2 0
0.605 2.04 0
0.605 2.08 0
0.605 2.12 0
0.605 2.16 0
0.605 2.2 0
0.605 2.24 0
0.605 2.28 0
0.605 2.32 0
0.605 2.36 0
0.605 2.4 0
0.605 2.44 0
0.605 2.48 0
0.605 2.52 0
0.605 2.56 0
0.605 2.6 0
0.605 2.64 0
0.605 2.68 0
0.605 2.72 0
0.605 2.76 0
0.605 2.8 0
0.605 2.84 0
0.605 2.88 0
0.605 2.92 0
0.605 2.96 0
0.605 3 0
0.61 -5 0.00012877
0.61 -4.96 0.00012877
0.61 -4.92 0.00012877
0.61 -4.88 0.00012877
0.61 -4.84 0.00012877
0.61 -4.8 0.00012877
0.61 -4.76 0.00012877
0.61 -4.72 0.00012877
0.61 -4.68 0.00012877
0.61 -4.64 0.00012877
0.61 -4.6 0.00012877
0.61 -4.56 0.00012877
0.61 -4.52 0.00012877
0.61 -4.48 0.00012877
0.61 -4.44 0.00012877
0.61 -4.4 0.00012877
0.61 -4.36 0.00012877
0.61 -4.32 0.00012877
0.61 -4.28 0.00012877
0.61 -4.24 0.00012877
0.61 -4.2 0.00012877
0.61 -4.16 0.00012877
0.61 -4.12 0.00012877
0.61 -4.08 0.00012877
0.61 -4.04 0.00012877
0.61 -4 0.00012877
0.61 -3.96 0.00012877
0.61 -3.92 0.00012877
0.61 -3.88 0.00012877
0.61 -3.84 0.00012877
0.61 -3.8 0.00012877
0.61 -3.76 0.00012877
0.61 -3.72 0.00012877
0.61 -3.68 0.00012877
0.61 -3.64 0.00012877
0.61 -3.6 0.00012877
0.61 -3.56 0.00012877
0.61 -3.52 0.00012877
0.61 -3.48 0.00012877
0.61 -3.44 0.00012877
0.61 -3.4 0.00012877
0.61 -3.36 0.00012877
0.61 -3.32 0.00012877
0.61 -3.28 0.00012877
0.61 -3.24 0.00012877
0.61 -3.2 0.00012877
0.61 -3.16 0.00012877
0.61 -3.12 0.00012877
0.61 -3.08 0.00012877
0.61 -3.04 0.00012877
0.61 -3 0.00012877
0.61 -2.96 0.000131794
0.61 -2.92 0.000142434
0.61 -2.88 0.000139558
0.61 -2.84 0.000171218
0.61 -2.8 0.000173947
0.61 -2.76 0.000179748
0.61 -2.72 0.000191962
0.61 -2.68 0.000196123
0.61 -2.64 0.000214496
0.61 -2.6 0.00022902
0.61 -2.56 0.000254193
0.61 -2.52 0.000269765
0.61 -2.48 0.000321079
0.61 -2.44 0.000336885
0.61 -2.4 0.000391326
0.61 -2.36 0.000461462
0.61 -2.32 0.000510778
0.61 -2.28 0.000629009
0.61 -2.24 0.000761881
0.61 -2.2 0.00100684
0.61 -2.16 0.00124306
0.61 -2.12 0.00163033
0.61 -2.08 0.00202687
0.61 -2.04 0.00238818
0.61 -2 0.00287827
0.61 -1.96 0.00293803
0.61 -1.92 0.0030571
0.61 -1.88 0.00318119
0.61 -1.84 0.00309922
0.61 -1.8 0.00332118
0.61 -1.76 0.00347219
0.61 -1.72 0.00317695
0.61 -1.68 0.00317398
0.61 -1.64 0.00331416
0.61 -1.6 0.00315856
0.61 -1.56 0.00320587
0.61 -1.52 0.00315991
0.61 -1.48 0.00305267
0.61 -1.44 0.00294839
0.61 -1.4 0.00301367
0.61 -1.36 0.00282559
0.61 -1.32 0.00282147
0.61 -1.28 0.00281785
0.61 -1.24 0.00267115
0.61 -1.2 0.00262009
0.61 -1.16 0.00255771
0.61 -1.12 0.00253278
0.61 -1.08 0.00252494
0.61 -1.04 0.002403
0.61 -1 0.00236282
0.61 -0.96 0.00225196
0.61 -0.92 0.00221262
0.61 -0.88 0.00211715
0.61 -0.84 0.00206051
0.61 -0.8 0.00193602
0.61 -0.76 0.00190715
0.61 -0.72 0.00186799
0.61 -0.68 0.00172726
0.61 -0.64 0.00167444
0.61 -0.6 0.00156925
0.61 -0.56 0.00140786
0.61 -0.52 0.00132404
0.61 -0.48 0.00119286
0.61 -0.44 0.00105731
0.61 -0.4 0.000989226
0.61 -0.36 0.000959762
0.61 -0.32 0.000921868
0.61 -0.28 0.000873182
0.61 -0.24 0.000836022
0.61 -0.2 0.000784532
0.61 -0.16 0.00074361
0.61 -0.12 0.000682379
0.61 -0.08 0.00060818
0.61 -0.04 0.000506906
0.61 0 0.000385689
0.61 0.04 0.00028217
0.61 0.08 0.000214022
0.61 0.12 0.000170908
0.61 0.16 0.000142193
0.61 0.2 0.000121849
0.61 0.24 0.000106682
0.61 0.28 9.49099e-05
0.61 0.32 8.54749e-05
0.61 0.36 7.77281e-05
0.61 0.4 7.1236e-05
0.61 0.44 6.5701e-05
0.61 0.48 6.09332e-05
0.61 0.52 5.67636e-05
0.61 0.56 5.30918e-05
0.61 0.6 4.98291e-05
0.61 0.64 4.69086e-05
0.61 0.68 4.428e-05
0.61 0.72 4.18982e-05
0.61 0.76 3.9738e-05
0.61 0.8 3.77614e-05
0.61 0.84 3.5945e-05
0.61 0.88 3.42759e-05
0.61 0.92 3.2739e-05
0.61 0.96 3.13145e-05
0.61 1 0
0.61 1.04 0
0.61 1.08 0
0.61 1.12 0
0.61 1.16 0
0.61 1.2 0
0.61 1.24 0
0.61 1.28 0
0.61 1.32 0
0.61 1.36 0
0.61 1.4 0
0.61 1.44 0
0.61 1.48 0
0.61 1.52 0
0.61 1.56 0
0.61 1.6 0
0.61 1.64 0
0.61 1.68 0
0.61 1.72 0
0.61 1.76 0
0.61 1.8 0
0.61 1.84 0
0.61 1.88 0
0.61 1.92 0
0.61 1.96 0
0.61 2 0
0.61 2.04 0
0.61 2.08 0
0.61 2.12 0
0.61 2.16 0
0.61 2.2 0
0.61 2.24 0
0.61 2.28 0
0.61 2.32 0
0.61 2.36 0
0.61 2.4 0
0.61 2.44 0
0.61 2.48 0
0.61 2.52 0
0.61 2.56 0
0.61 2.6 0
0.61 2.64 0
0.61 2.68 0
0.61 2.72 0
0.61 2.76 0
0.61 2.8 0
0.61 2.84 0
0.61 2.88 0
0.61 2.92 0
0.61 2.96 0
0.61 3 0
0.615 -5 0.000128808
0.615 -4.96 0.000128808
0.615 -4.92 0.000128808
0.615 -4.88 0.000128808
0.615 -4.84 0.000128808
0.615 -4.8 0.000128808
0.615 -4.76 0.000128808
0.615 -4.72 0.000128808
0.615 -4.68 0.000128808
0.615 -4.64 0.000128808
0.615 -4.6 0.000128808
0.615 -4.56 0.000128808
0.615 -4.52 0.000128808
0.615 -4.48 0.000128808
0.615 -4.44 0.000128808
0.615 -4.4 0.000128808
0.615 -4.36 0.000128808
0.615 -4.32 0.000128808
0.615 -4.28 0.000128808
0.615 -4.24 0.000128808
0.615 -4.2 0.000128808
0.615 -4.16 0.000128808
0.615 -4.12 0.000128808
0.615 -4.08 0.000128808
0.615 -4.04 0.000128808
0.615 -4 0.000128808
0.615 -3.96 0.000128808
0.615 -3.92 0.000128808
0.615 -3.88 0.000128808
0.615 -3.84 0.000128808
0.615 -3.8 0.000128808
0.615 -3.76 0.000128808
0.615 -3.72 0.000128808
0.615 -3.68 0.000128808
0.615 -3.64 0.000128808
0.615 -3.6 0.000128808
0.615 -3.56 0.000128808
0.615 -3.52 0.000128808
0.615 -3.48 0.000128808
0.615 -3.44 0.000128808
0.615 -3.4 0.000128808
0.615 -3.36 0.000128808
0.615 -3.32 0.000128808
0.615 -3.28 0.000128808
0.615 -3.24 0.000128808
0.615 -3.2 0.000128808
0.615 -3.16 0.000128808
0.615 -3.12 0.000128808
0.615 -3.08 0.000128808
0.615 -3.04 0.000128808
0.615 -3 0.000128808
0.615 -2.96 0.000132935
0.615 -2.92 0.000141528
0.615 -2.88 0.000141601
0.615 -2.84 0.000168068
0.615 -2.8 0.000175947
0.615 -2.76 0.000174463
0.615 -2.72 0.000186324
0.615 -2.68 0.000197849
0.615 -2.64 0.000214434
0.615 -2.6 0.000228124
0.615 -2.56 0.000259347
0.615 -2.52 0.000273311
0.615 -2.48 0.000324215
0.615 -2.44 0.000336033
0.615 -2.4 0.000390303
0.615 -2.36 0.000467393
0.615 -2.32 0.000509082
0.615 -2.28 0.000621082
0.615 -2.24 0.000758596
0.615 -2.2 0.000999092
0.615 -2.16 0.00123954
0.615 -2.12 0.00164191
0.615 -2.08 0.00203129
0.615 -2.04 0.00241289
0.615 -2 0.00293563
0.615 -1.96 0.00300214
0.615 -1.92 0.00310537
0.615 -1.88 0.00319485
0.615 -1.84 0.00313516
0.615 -1.8 0.00332526
0.615 -1.76 0.00347666
0.615 -1.72 0.00321728
0.615 -1.68 0.00321244
0.615 -1.64 0.00332689
0.615 -1.6 0.00317833
0.615 -1.56 0.00319913
0.615 -1.52 0.0031559
0.615 -1.48 0.00306683
0.615 -1.44 0.00294627
0.615 -1.4 0.0029999
0.615 -1.36 0.00281033
0.615 -1.32 0.00280258
0.615 -1.28 0.00283103
0.615 -1.24 0.0026709
0.615 -1.2 0.00263527
0.615 -1.16 0.00252271
0.615 -1.12 0.00251037
0.615 -1.08 0.0024949
0.615 -1.04 0.00238205
0.615 -1 0.00235032
0.615 -0.96 0.00224391
0.615 -0.92 0.00218371
0.615 -0.88 0.00210919
0.615 -0.84 0.00206389
0.615 -0.8 0.0019357
0.615 -0.76 0.00187395
0.615 -0.72 0.00182785
0.615 -0.68 0.00172532
0.615 -0.64 0.00162414
0.615 -0.6 0.0015231
0.615 -0.56 0.00140651
0.615 -0.52 0.00128322
0.615 -0.48 0.00118556
0.615 -0.44 0.00108109
0.615 -0.4 0.000975921
0.615 -0.36 0.000939749
0.615 -0.32 0.000912991
0.615 -0.28 0.000855093
0.615 -0.24 0.000818342
0.615 -0.2 0.00077633
0.615 -0.16 0.000724636
0.615 -0.12 0.000671276
0.615 -0.08 0.000596666
0.615 -0.04 0.000496423
0.615 0 0.000376888
0.615 0.04 0.000276057
0.615 0.08 0.000209864
0.615 0.12 0.000167932
0.615 0.16 0.000139943
0.615 0.2 0.000120072
0.615 0.24 0.000105232
0.615 0.28 9.36975e-05
0.615 0.32 8.44412e-05
0.615 0.36 7.68334e-05
0.615 0.4 7.0452e-05
0.615 0.44 6.50073e-05
0.615 0.48 6.03136e-05
0.615 0.52 5.62068e-05
0.615 0.56 5.25876e-05
0.615 0.6 4.93704e-05
0.615 0.64 4.6489e-05
0.615 0.68 4.38949e-05
0.615 0.72 4.15432e-05
0.615 0.76 3.94096e-05
0.615 0.8 3.74564e-05
0.615 0.84 3.56616e-05
0.615 0.88 3.40113e-05
0.615 0.92 3.24919e-05
0.615 0.96 3.10829e-05
0.615 1 0
0.615 1.04 0
0.615 1.08 0
0.615 1.12 0
0.615 1.16 0
0.615 1.2 0
0.615 1.24 0
0.615 1.28 0
0.615 1.32 0
0.615 1.36 0
0.615 1.4 0
0.615 1.44 0
0.615 1.48 0
0.615 1.52 0
0.615 1.56 0
0.615 1.6 0
0.615 1.64 0
0.615 1.68 0
0.615 1.72 0
0.615 1.76 0
0.615 1.8 0
0.615 1.84 0
0.615 1.88 0
0.615 1.92 0
0.615 1.96 0
0.615 2 0
0.615 2.04 0
0.615 2.08 0
0.615 2.12 0
0.615 2.16 0
0.615 2.2 0
0.615 2.24 0
0.615 2.28 0
0.615 2.32 0
0.615 2.36 0
0.615 2.4 0
0.615 2.44 0
0.615 2.48 0
0.615 2.52 0
0.615 2.56 0
0.615 2.6 0
0.615 2.64 0
0.615 2.68 0
0.615 2.72 0
0.615 2.76 0
0.615 2.8 0
0.615 2.84 0
0.615 2.88 0
0.615 2.92 0
0.615 2.96 0
0.615 3 0
0.62 -5 0.000128736
0.62 -4.96 0.000128736
0.62 -4.92 0.000128736
0.62 -4.88 0.000128736
0.62 -4.84 0.000128736
0.62 -4.8 0.000128736
0.62 -4.76 0.000128736
0.62 -4.72 0.000128736
0.62 -4.68 0.000128736
0.62 -4.64 0.000128736
0.62 -4.6 0.000128736
0.62 -4.56 0.000128736
0.62 -4.52 0.000128736
0.62 -4.48 0.000128736
0.62 -4.44 0.000128736
0.62 -4.4 0.000128736
0.62 -4.36 0.000128736
0.62 -4.32 0.000128736
0.62 -4.28 0.000128736
0.62 -4.24 0.000128736
0.62 -4.2 0.000128736
0.62 -4.16 0.000128736
0.62 -4.12 0.000128736
0.62 -4.08 0.000128736
0.62 -4.04 0.000128736
0.62 -4 0.000128736
0.62 -3.96 0.000128736
0.62 -3.92 0.000128736
0.62 -3.88 0.000128736
0.62 -3.84 0.000128736
0.62 -3.8 0.000128736
0.62 -3.76 0.000128736
0.62 -3.72 0.000128736
0.62 -3.68 0.000128736
0.62 -3.64 0.000128736
0.62 -3.6 0.000128736
0.62 -3.56 0.000128736
0.62 -3.52 0.000128736
0.62 -3.48 0.000128736
0.62 -3.44 0.000128736
0.62 -3.4 0.000128736
0.62 -3.36 0.000128736
0.62 -3.32 0.000128736
0.62 -3.28 0.000128736
0.62 -3.24 0.000128736
0.62 -3.2 0.000128736
0.62 -3.16 0.000128736
0.62 -3.12 0.000128736
0.62 -3.08 0.000128736
0.62 -3.04 0.000128736
0.62 -3 0.000128736
0.62 -2.96 0.000133165
0.62 -2.92 0.000142092
0.62 -2.88 0.000143261
0.62 -2.84 0.000165224
0.62 -2.8 0.000174071
0.62 -2.76 0.000171597
0.62 -2.72 0.00017598
0.62 -2.68 0.000202311
0.62 -2.64 0.000214891
0.62 -2.6 0.000235973
0.62 -2.56 0.000258756
0.62 -2.52 0.000275162
0.62 -2.48 0.000322055
0.62 -2.44 0.000334877
0.62 -2.4 0.00038699
0.62 -2.36 0.000472579
0.62 -2.32 0.000510305
0.62 -2.28 0.000612076
0.62 -2.24 0.00075745
0.62 -2.2 0.000992648
0.62 -2.16 0.00122981
0.62 -2.12 0.00165658
0.62 -2.08 0.00204272
0.62 -2.04 0.00243087
0.62 -2 0.00296677
0.62 -1.96 0.00306886
0.62 -1.92 0.00313762
0.62 -1.88 0.00322737
0.62 -1.84 0.00317298
0.62 -1.8 0.00334625
0.62 -1.76 0.0035094
0.62 -1.72 0.00326361
0.62 -1.68 0.00324118
0.62 -1.64 0.00333443
0.62 -1.6 0.00319719
0.62 -1.56 0.00319504
0.62 -1.52 0.00317015
0.62 -1.48 0.0030745
0.62 -1.44 0.00295117
0.62 -1.4 0.00297351
0.62 -1.36 0.00279369
0.62 -1.32 0.00279778
0.62 -1.28 0.00282749
0.62 -1.24 0.00265056
0.62 -1.2 0.00265818
0.62 -1.16 0.00250238
0.62 -1.12 0.00248992
0.62 -1.08 0.00243383
0.62 -1.04 0.00235744
0.62 -1 0.00236135
0.62 -0.96 0.00220794
0.62 -0.92 0.0021497
0.62 -0.88 0.00210658
0.62 -0.84 0.00204958
0.62 -0.8 0.00192814
0.62 -0.76 0.00184146
0.62 -0.72 0.00178632
0.62 -0.68 0.00172443
0.62 -0.64 0.00155108
0.62 -0.6 0.00150075
0.62 -0.56 0.00140859
0.62 -0.52 0.00126029
0.62 -0.48 0.00116429
0.62 -0.44 0.00109416
0.62 -0.4 0.000978638
0.62 -0.36 0.000926464
0.62 -0.32 0.000910292
0.62 -0.28 0.000853792
0.62 -0.24 0.000809935
0.62 -0.2 0.000769183
0.62 -0.16 0.000710545
0.62 -0.12 0.000661396
0.62 -0.08 0.000585379
0.62 -0.04 0.00048575
0.62 0 0.000368224
0.62 0.04 0.00027005
0.62 0.08 0.00020578
0.62 0.12 0.000165007
0.62 0.16 0.000137731
0.62 0.2 0.000118325
0.62 0.24 0.000103806
0.62 0.28 9.25049e-05
0.62 0.32 8.34244e-05
0.62 0.36 7.59532e-05
0.62 0.4 6.96806e-05
0.62 0.44 6.43247e-05
0.62 0.48 5.97037e-05
0.62 0.52 5.56586e-05
0.62 0.56 5.20913e-05
0.62 0.6 4.89188e-05
0.62 0.64 4.60757e-05
0.62 0.68 4.35156e-05
0.62 0.72 4.11935e-05
0.62 0.76 3.90863e-05
0.62 0.8 3.71559e-05
0.62 0.84 3.53823e-05
0.62 0.88 3.37506e-05
0.62 0.92 3.22483e-05
0.62 0.96 3.08547e-05
0.62 1 0
0.62 1.04 0
0.62 1.08 0
0.62 1.12 0
0.62 1.16 0
0.62 1.2 0
0.62 1.24 0
0.62 1.28 0
0.62 1.32 0
0.62 1.36 0
0.62 1.4 0
0.62 1.44 0
0.62 1.48 0
0.62 1.52 0
0.62 1.56 0
0.62 1.6 0
0.62 1.64 0
0.62 1.68 0
0.62 1.72 0
0.62 1.76 0
0.62 1.8 0
0.62 1.84 0
0.62 1.88 0
0.62 1.92 0
0.62 1.96 0
0.62 2 0
0.62 2.04 0
0.62 2.08 0
0.62 2.12 0
0.62 2.16 0
0.62 2.2 0
0.62 2.24 0
0.62 2.28 0
0.62 2.32 0
0.62 2.36 0
0.62 2.4 0
0.62 2.44 0
0.62 2.48 0
0.62 2.52 0
0.62 2.56 0
0.62 2.6 0
0.62 2.64 0
0.62 2.68 0
0.62 2.72 0
0.62 2.76 0
0.62 2.8 0
0.62 2.84 0
0.62 2.88 0
0.62 2.92 0
0.62 2.96 0
0.62 3 0
0.625 -5 0.000127842
0.625 -4.96 0.000127842
0.625 -4.92 0.000127842
0.625 -4.88 0.000127842
0.625 -4.84 0.000127842
0.625 -4.8 0.000127842
0.625 -4.76 0.000127842
0.625 -4.72 0.000127842
0.625 -4.68 0.000127842
0.625 -4.64 0.000127842
0.625 -4.6 0.000127842
0.625 -4.56 0.000127842
0.625 -4.52 0.000127842
0.625 -4.48 0.000127842
0.625 -4.44 0.000127842
0.625 -4.4 0.000127842
0.625 -4.36 0.000127842
0.625 -4.32 0.000127842
0.625 -4.28 0.000127842
0.625 -4.24 0.000127842
0.625 -4.2 0.000127842
0.625 -4.16 0.000127842
0.625 -4.12 0.000127842
0.625 -4.08 0.000127842
0.625 -4.04 0.000127842
0.625 -4 0.000127842
0.625 -3.96 0.000127842
0.625 -3.92 0.000127842
0.625 -3.88 0.000127842
0.625 -3.84 0.000127842
0.625 -3.8 0.000127842
0.625 -3.76 0.000127842
0.625 -3.72 0.000127842
0.625 -3.68 0.000127842
0.625 -3.64 0.000127842
0.625 -3.6 0.000127842
0.625 -3.56 0.000127842
0.625 -3.52 0.000127842
0.625 -3.48 0.000127842
0.625 -3.44 0.000127842
0.625 -3.4 0.000127842
0.625 -3.36 0.000127842
0.625 -3.32 0.000127842
0.625 -3.28 0.000127842
0.625 -3.24 0.000127842
0.625 -3.2 0.000127842
0.625 -3.16 0.000127842
0.625 -3.12 0.000127842
0.625 -3.08 0.000127842
0.625 -3.04 0.000127842
0.625 -3 0.000127842
0.625 -2.96 0.000132422
0.625 -2.92 0.000143123
0.625 -2.88 0.000143931
0.625 -2.84 0.000164178
0.625 -2.8 0.000167533
0.625 -2.76 0.000172947
0.625 -2.72 0.000175492
0.625 -2.68 0.000200036
0.625 -2.64 0.000214362
0.625 -2.6 0.00024374
0.625 -2.56 0.000252982
0.625 -2.52 0.000270402
0.625 -2.48 0.000317137
0.625 -2.44 0.000332596
0.625 -2.4 0.000389783
0.625 -2.36 0.00047462
0.625 -2.32 0.000515834
0.625 -2.28 0.000603482
0.625 -2.24 0.0007534
0.625 -2.2 0.000985291
0.625 -2.16 0.00122426
0.625 -2.12 0.00167223
0.625 -2.08 0.0020548
0.625 -2.04 0.00244075
0.625 -2 0.00298574
0.625 -1.96 0.00311417
0.625 -1.92 0.00317462
0.625 -1.88 0.00329479
0.625 -1.84 0.00320181
0.625 -1.8 0.00337696
0.625 -1.76 0.0035508
0.625 -1.72 0.00328787
0.625 -1.68 0.00325153
0.625 -1.64 0.00335058
0.625 -1.6 0.00321313
0.625 -1.56 0.00321234
0.625 -1.52 0.00320049
0.625 -1.48 0.00306733
0.625 -1.44 0.00295244
0.625 -1.4 0.00294718
0.625 -1.36 0.00278815
0.625 -1.32 0.00280575
0.625 -1.28 0.00279389
0.625 -1.24 0.00261782
0.625 -1.2 0.00264218
0.625 -1.16 0.00249756
0.625 -1.12 0.00247369
0.625 -1.08 0.00239008
0.625 -1.04 0.00233645
0.625 -1 0.00235465
0.625 -0.96 0.00216393
0.625 -0.92 0.0021304
0.625 -0.88 0.00208344
0.625 -0.84 0.00201367
0.625 -0.8 0.00190477
0.625 -0.76 0.00182232
0.625 -0.72 0.00175246
0.625 -0.68 0.00170498
0.625 -0.64 0.00153366
0.625 -0.6 0.00150063
0.625 -0.56 0.0013957
0.625 -0.52 0.0012597
0.625 -0.48 0.00114222
0.625 -0.44 0.00107926
0.625 -0.4 0.000961469
0.625 -0.36 0.000912091
0.625 -0.32 0.000903424
0.625 -0.28 0.00085272
0.625 -0.24 0.000804143
0.625 -0.2 0.000758439
0.625 -0.16 0.000703926
0.625 -0.12 0.00064947
0.625 -0.08 0.000574047
0.625 -0.04 0.000474815
0.625 0 0.000359701
0.625 0.04 0.000264152
0.625 0.08 0.000201769
0.625 0.12 0.000162134
0.625 0.16 0.000135558
0.625 0.2 0.000116608
0.625 0.24 0.000102405
0.625 0.28 9.13322e-05
0.625 0.32 8.24242e-05
0.625 0.36 7.50874e-05
0.625 0.4 6.89216e-05
0.625 0.44 6.3653e-05
0.625 0.48 5.91036e-05
0.625 0.52 5.51191e-05
0.625 0.56 5.16027e-05
0.625 0.6 4.84742e-05
0.625 0.64 4.56689e-05
0.625 0.68 4.31422e-05
0.625 0.72 4.08493e-05
0.625 0.76 3.87678e-05
0.625 0.8 3.686e-05
0.625 0.84 3.51073e-05
0.625 0.88 3.34938e-05
0.625 0.92 3.20083e-05
0.625 0.96 3.06298e-05
0.625 1 0
0.625 1.04 0
0.625 1.08 0
0.625 1.12 0
0.625 1.16 0
0.625 1.2 0
0.625 1.24 0
0.625 1.28 0
0.625 1.32 0
0.625 1.36 0
0.625 1.4 0
0.625 1.44 0
0.625 1.48 0
0.625 1.52 0
0.625 1.56 0
0.625 1.6 0
0.625 1.64 0
0.625 1.68 0
0.625 1.72 0
0.625 1.76 0
0.625 1.8 0
0.625 1.84 0
0.625 1.88 0
0.625 1.92 0
0.625 1.96 0
0.625 2 0
0.625 2.04 0
0.625 2.08 0
0.625 2.12 0
0.625 2.16 0
0.625 2.2 0
0.625 2.24 0
0.625 2.28 0
0.625 2.32 0
0.625 2.36 0
0.625 2.4 0
0.625 2.44 0
0.625 2.48 0
0.625 2.52 0
0.625 2.56 0
0.625 2.6 0
0.625 2.64 0
0.625 2.68 0
0.625 2.72 0
0.625 2.76 0
0.625 2.8 0
0.625 2.84 0
0.625 2.88 0
0.625 2.92 0
0.625 2.96 0
0.625 3 0
0.63 -5 0.000125597
0.63 -4.96 0.000125597
0.63 -4.92 0.000125597
0.63 -4.88 0.000125597
0.63 -4.84 0.000125597
0.63 -4.8 0.000125597
0.63 -4.76 0.000125597
0.63 -4.72 0.000125597
0.63 -4.68 0.000125597
0.63 -4.64 0.000125597
0.63 -4.6 0.000125597
0.63 -4.56 0.000125597
0.63 -4.52 0.000125597
0.63 -4.48 0.000125597
0.63 -4.44 0.000125597
0.63 -4.4 0.000125597
0.63 -4.36 0.000125597
0.63 -4.32 0.000125597
0.63 -4.28 0.000125597
0.63 -4.24 0.000125597
0.63 -4.2 0.000125597
0.63 -4.16 0.000125597
0.63 -4.12 0.000125597
0.63 -4.08 0.000125597
0.63 -4.04 0.000125597
0.63 -4 0.000125597
0.63 -3.96 0.000125597
0.63 -3.92 0.000125597
0.63 -3.88 0.000125597
0.63 -3.84 0.000125597
0.63 -3.8 0.000125597
0.63 -3.76 0.000125597
0.63 -3.72 0.000125597
0.63 -3.68 0.000125597
0.63 -3.64 0.000125597
0.63 -3.6 0.000125597
0.63 -3.56 0.000125597
0.63 -3.52 0.000125597
0.63 -3.48 0.000125597
0.63 -3.44 0.000125597
0.63 -3.4 0.000125597
0.63 -3.36 0.000125597
0.63 -3.32 0.000125597
0.63 -3.28 0.000125597
0.63 -3.24 0.000125597
0.63 -3.2 0.000125597
0.63 -3.16 0.000125597
0.63 -3.12 0.000125597
0.63 -3.08 0.000125597
0.63 -3.04 0.000125597
0.63 -3 0.000125597
0.63 -2.96 0.00013084
0.63 -2.92 0.000142334
0.63 -2.88 0.000144435
0.63 -2.84 0.000164339
0.63 -2.8 0.000162403
0.63 -2.76 0.000177324
0.63 -2.72 0.000184312
0.63 -2.68 0.000191147
0.63 -2.64 0.000211915
0.63 -2.6 0.000243861
0.63 -2.56 0.000250384
0.63 -2.52 0.000266792
0.63 -2.48 0.00031207
0.63 -2.44 0.000331615
0.63 -2.4 0.000393111
0.63 -2.36 0.000474265
0.63 -2.32 0.000523652
0.63 -2.28 0.000599104
0.63 -2.24 0.000742791
0.63 -2.2 0.000974902
0.63 -2.16 0.00122692
0.63 -2.12 0.00168473
0.63 -2.08 0.00206179
0.63 -2.04 0.00245199
0.63 -2 0.0030245
0.63 -1.96 0.00314457
0.63 -1.92 0.00323588
0.63 -1.88 0.00336068
0.63 -1.84 0.00322453
0.63 -1.8 0.00340114
0.63 -1.76 0.00356304
0.63 -1.72 0.00329721
0.63 -1.68 0.00326274
0.63 -1.64 0.00337272
0.63 -1.6 0.00322412
0.63 -1.56 0.00323667
0.63 -1.52 0.00322914
0.63 -1.48 0.0030602
0.63 -1.44 0.00295909
0.63 -1.4 0.00293073
0.63 -1.36 0.00279018
0.63 -1.32 0.00281066
0.63 -1.28 0.00274713
0.63 -1.24 0.0026077
0.63 -1.2 0.00260592
0.63 -1.16 0.00248268
0.63 -1.12 0.00246044
0.63 -1.08 0.00239091
0.63 -1.04 0.00232578
0.63 -1 0.00231181
0.63 -0.96 0.00213147
0.63 -0.92 0.00213023
0.63 -0.88 0.00204199
0.63 -0.84 0.0019746
0.63 -0.8 0.0018839
0.63 -0.76 0.00181625
0.63 -0.72 0.00173657
0.63 -0.68 0.00167065
0.63 -0.64 0.00156599
0.63 -0.6 0.00148328
0.63 -0.56 0.00136212
0.63 -0.52 0.00124854
0.63 -0.48 0.00111369
0.63 -0.44 0.00105185
0.63 -0.4 0.000928228
0.63 -0.36 0.000899246
0.63 -0.32 0.000881093
0.63 -0.28 0.000828233
0.63 -0.24 0.000790962
0.63 -0.2 0.000745586
0.63 -0.16 0.000699655
0.63 -0.12 0.000635484
0.63 -0.08 0.000562587
0.63 -0.04 0.000464197
0.63 0 0.000351319
0.63 0.04 0.000258364
0.63 0.08 0.000197833
0.63 0.12 0.000159313
0.63 0.16 0.000133423
0.63 0.2 0.000114921
0.63 0.24 0.000101027
0.63 0.28 9.01793e-05
0.63 0.32 8.14408e-05
0.63 0.36 7.4236e-05
0.63 0.4 6.81751e-05
0.63 0.44 6.29923e-05
0.63 0.48 5.85132e-05
0.63 0.52 5.45883e-05
0.63 0.56 5.1122e-05
0.63 0.6 4.80367e-05
0.63 0.64 4.52684e-05
0.63 0.68 4.27747e-05
0.63 0.72 4.05104e-05
0.63 0.76 3.84542e-05
0.63 0.8 3.65686e-05
0.63 0.84 3.48365e-05
0.63 0.88 3.3241e-05
0.63 0.92 3.17719e-05
0.63 0.96 3.04083e-05
0.63 1 0
0.63 1.04 0
0.63 1.08 0
0.63 1.12 0
0.63 1.16 0
0.63 1.2 0
0.63 1.24 0
0.63 1.28 0
0.63 1.32 0
0.63 1.36 0
0.63 1.4 0
0.63 1.44 0
0.63 1.48 0
0.63 1.52 0
0.63 1.56 0
0.63 1.6 0
0.63 1.64 0
0.63 1.68 0
0.63 1.72 0
0.63 1.76 0
0.63 1.8 0
0.63 1.84 0
0.63 1.88 0
0.63 1.92 0
0.63 1.96 0
0.63 2 0
0.63 2.04 0
0.63 2.08 0
0.63 2.12 0
0.63 2.16 0
0.63 2.2 0
0.63 2.24 0
0.63 2.28 0
0.63 2.32 0
0.63 2.36 0
0.63 2.4 0
0.63 2.44 0
0.63 2.48 0
0.63 2.52 0
0.63 2.56 0
0.63 2.6 0
0.63 2.64 0
0.63 2.68 0
0.63 2.72 0
0.63 2.76 0
0.63 2.8 0
0.63 2.84 0
0.63 2.88 0
0.63 2.92 0
0.63 2.96 0
0.63 3 0
0.635 -5 0.000123118
0.635 -4.96 0.000123118
0.635 -4.92 0.000123118
0.635 -4.88 0.000123118
0.635 -4.84 0.000123118
0.635 -4.8 0.000123118
0.635 -4.76 0.000123118
0.635 -4.72 0.000123118
0.635 -4.68 0.000123118
0.635 -4.64 0.000123118
0.635 -4.6 0.000123118
0.635 -4.56 0.000123118
0.635 -4.52 0.000123118
0.635 -4.48 0.000123118
0.635 -4.44 0.000123118
0.635 -4.4 0.000123118
0.635 -4.36 0.000123118
0.635 -4.32 0.000123118
0.635 -4.28 0.000123118
0.635 -4.24 0.000123118
0.635 -4.2 0.000123118
0.635 -4.16 0.000123118
0.635 -4.12 0.000123118
0.635 -4.08 0.000123118
0.635 -4.04 0.000123118
0.635 -4 0.000123118
0.635 -3.96 0.000123118
0.635 -3.92 0.000123118
0.635 -3.88 0.000123118
0.635 -3.84 0.000123118
0.635 -3.8 0.000123118
0.635 -3.76 0.000123118
0.635 -3.72 0.000123118
0.635 -3.68 0.000123118
0.635 -3.64 0.000123118
0.635 -3.6 0.000123118
0.635 -3.56 0.000123118
0.635 -3.52 0.000123118
0.635 -3.48 0.000123118
0.635 -3.44 0.000123118
0.635 -3.4 0.000123118
0.635 -3.36 0.000123118
0.635 -3.32 0.000123118
0.635 -3.28 0.000123118
0.635 -3.24 0.000123118
0.635 -3.2 0.000123118
0.635 -3.16 0.000123118
0.635 -3.12 0.000123118
0.635 -3.08 0.000123118
0.635 -3.04 0.000123118
0.635 -3 0.000123118
0.635 -2.96 0.000129055
0.635 -2.92 0.000139561
0.635 -2.88 0.000145126
0.635 -2.84 0.000163524
0.635 -2.8 0.000163206
0.635 -2.76 0.000181284
0.635 -2.72 0.000188125
0.635 -2.68 0.000188399
0.635 -2.64 0.000208841
0.635 -2.6 0.000240483
0.635 -2.56 0.000253221
0.635 -2.52 0.000274639
0.635 -2.48 0.000306942
0.635 -2.44 0.000333852
0.635 -2.4 0.000388301
0.635 -2.36 0.000473798
0.635 -2.32 0.000529798
0.635 -2.28 0.000601332
0.635 -2.24 0.000728549
0.635 -2.2 0.000964687
0.635 -2.16 0.00123182
0.635 -2.12 0.00169152
0.635 -2.08 0.00207097
0.635 -2.04 0.00247519
0.635 -2 0.00308089
0.635 -1.96 0.00317784
0.635 -1.92 0.00330743
0.635 -1.88 0.00339306
0.635 -1.84 0.00325489
0.635 -1.8 0.00342275
0.635 -1.76 0.0035571
0.635 -1.72 0.00332314
0.635 -1.68 0.00329502
0.635 -1.64 0.00338244
0.635 -1.6 0.0032325
0.635 -1.56 0.00324199
0.635 -1.52 0.00323462
0.635 -1.48 0.00306488
0.635 -1.44 0.00297359
0.635 -1.4 0.00292078
0.635 -1.36 0.0027865
0.635 -1.32 0.00280682
0.635 -1.28 0.00271363
0.635 -1.24 0.00262574
0.635 -1.2 0.00259777
0.635 -1.16 0.00244612
0.635 -1.12 0.00244699
0.635 -1.08 0.00240123
0.635 -1.04 0.00231305
0.635 -1 0.00226065
0.635 -0.96 0.00210343
0.635 -0.92 0.00212595
0.635 -0.88 0.00201078
0.635 -0.84 0.00195011
0.635 -0.8 0.00187479
0.635 -0.76 0.00180714
0.635 -0.72 0.00173088
0.635 -0.68 0.0016433
0.635 -0.64 0.00157362
0.635 -0.6 0.00143526
0.635 -0.56 0.00132309
0.635 -0.52 0.00120841
0.635 -0.48 0.00107748
0.635 -0.44 0.00103079
0.635 -0.4 0.000913262
0.635 -0.36 0.000895886
0.635 -0.32 0.000846039
0.635 -0.28 0.000790958
0.635 -0.24 0.000771754
0.635 -0.2 0.000733524
0.635 -0.16 0.000690838
0.635 -0.12 0.00062297
0.635 -0.08 0.000551291
0.635 -0.04 0.000454159
0.635 0 0.000343079
0.635 0.04 0.000252685
0.635 0.08 0.000193972
0.635 0.12 0.000156544
0.635 0.16 0.000131326
0.635 0.2 0.000113263
0.635 0.24 9.96727e-05
0.635 0.28 8.9046e-05
0.635 0.32 8.04741e-05
0.635 0.36 7.33988e-05
0.635 0.4 6.7441e-05
0.635 0.44 6.23426e-05
0.635 0.48 5.79324e-05
0.635 0.52 5.40661e-05
0.635 0.56 5.06489e-05
0.635 0.6 4.76062e-05
0.635 0.64 4.48744e-05
0.635 0.68 4.2413e-05
0.635 0.72 4.01769e-05
0.635 0.76 3.81455e-05
0.635 0.8 3.62818e-05
0.635 0.84 3.45698e-05
0.635 0.88 3.2992e-05
0.635 0.92 3.15391e-05
0.635 0.96 3.01901e-05
0.635 1 0
0.635 1.04 0
0.635 1.08 0
0.635 1.12 0
0.635 1.16 0
0.635 1.2 0
0.635 1.24 0
0.635 1.28 0
0.635 1.32 0
0.635 1.36 0
0.635 1.4 0
0.635 1.44 0
0.635 1.48 0
0.635 1.52 0
0.635 1.56 0
0.635 1.6 0
0.635 1.64 0
0.635 1.68 0
0.635 1.72 0
0.635 1.76 0
0.635 1.8 0
0.635 1.84 0
0.635 1.88 0
0.635 1.92 0
0.635 1.96 0
0.635 2 0
0.635 2.04 0
0.635 2.08 0
0.635 2.12 0
0.635 2.16 0
0.635 2.2 0
0.635 2.24 0
0.635 2.28 0
0.635 2.32 0
0.635 2.36 0
0.635 2.4 0
0.635 2.44 0
0.635 2.48 0
0.635 2.52 0
0.635 2.56 0
0.635 2.6 0
0.635 2.64 0
0.635 2.68 0
0.635 2.72 0
0.635 2.76 0
0.635 2.8 0
0.635 2.84 0
0.635 2.88 0
0.635 2.92 0
0.635 2.96 0
0.635 3 0
0.64 -5 0.000122515
0.64 -4.96 0.000122515
0.64 -4.92 0.000122515
0.64 -4.88 0.000122515
0.64 -4.84 0.000122515
0.64 -4.8 0.000122515
0.64 -4.76 0.000122515
0.64 -4.72 0.000122515
0.64 -4.68 0.000122515
0.64 -4.64 0.000122515
0.64 -4.6 0.000122515
0.64 -4.56 0.000122515
0.64 -4.52 0.000122515
0.64 -4.48 0.000122515
0.64 -4.44 0.000122515
0.64 -4.4 0.000122515
0.64 -4.36 0.000122515
0.64 -4.32 0.000122515
0.64 -4.28 0.000122515
0.64 -4.24 0.000122515
0.64 -4.2 0.000122515
0.64 -4.16 0.000122515
0.64 -4.12 0.000122515
0.64 -4.08 0.000122515
0.64 -4.04 0.000122515
0.64 -4 0.000122515
0.64 -3.96 0.000122515
0.64 -3.92 0.000122515
0.64 -3.88 0.000122515
0.64 -3.84 0.000122515
0.64 -3.8 0.000122515
0.64 -3.76 0.000122515
0.64 -3.72 0.000122515
0.64 -3.68 0.000122515
0.64 -3.64 0.000122515
0.64 -3.6 0.000122515
0.64 -3.56 0.000122515
0.64 -3.52 0.000122515
0.64 -3.48 0.000122515
0.64 -3.44 0.000122515
0.64 -3.4 0.000122515
0.64 -3.36 0.000122515
0.64 -3.32 0.000122515
0.64 -3.28 0.000122515
0.64 -3.24 0.000122515
0.64 -3.2 0.000122515
0.64 -3.16 0.000122515
0.64 -3.12 0.000122515
0.64 -3.08 0.000122515
0.64 -3.04 0.000122515
0.64 -3 0.000122515
0.64 -2.96 0.000128311
0.64 -2.92 0.000138969
0.64 -2.88 0.000145243
0.64 -2.84 0.000160137
0.64 -2.8 0.000166307
0.64 -2.76 0.000181662
0.64 -2.72 0.000181442
0.64 -2.68 0.000196825
0.64 -2.64 0.000208452
0.64 -2.6 0.000240997
0.64 -2.56 0.000255827
0.64 -2.52 0.000289877
0.64 -2.48 0.000302473
0.64 -2.44 0.000337238
0.64 -2.4 0.0003812
0.64 -2.36 0.000473145
0.64 -2.32 0.000532953
0.64 -2.28 0.00060672
0.64 -2.24 0.000717785
0.64 -2.2 0.00096078
0.64 -2.16 0.00123338
0.64 -2.12 0.00169435
0.64 -2.08 0.00209231
0.64 -2.04 0.00251152
0.64 -2 0.00312469
0.64 -1.96 0.00321485
0.64 -1.92 0.00335801
0.64 -1.88 0.00341025
0.64 -1.84 0.00330058
0.64 -1.8 0.00345386
0.64 -1.76 0.00357802
0.64 -1.72 0.00337185
0.64 -1.68 0.00333946
0.64 -1.64 0.00337764
0.64 -1.6 0.00324293
0.64 -1.56 0.00323437
0.64 -1.52 0.00322184
0.64 -1.48 0.00307207
0.64 -1.44 0.00297141
0.64 -1.4 0.00290988
0.64 -1.36 0.00278118
0.64 -1.32 0.00280333
0.64 -1.28 0.00269831
0.64 -1.24 0.00263627
0.64 -1.2 0.00260772
0.64 -1.16 0.00240761
0.64 -1.12 0.00243406
0.64 -1.08 0.00238069
0.64 -1.04 0.00228538
0.64 -1 0.00222596
0.64 -0.96 0.00206901
0.64 -0.92 0.00209157
0.64 -0.88 0.00200148
0.64 -0.84 0.00193908
0.64 -0.8 0.00185889
0.64 -0.76 0.00178658
0.64 -0.72 0.00171172
0.64 -0.68 0.00163098
0.64 -0.64 0.00153191
0.64 -0.6 0.00138888
0.64 -0.56 0.00130144
0.64 -0.52 0.00116498
0.64 -0.48 0.00105524
0.64 -0.44 0.00101198
0.64 -0.4 0.000925843
0.64 -0.36 0.000898595
0.64 -0.32 0.000816668
0.64 -0.28 0.0007778
0.64 -0.24 0.00075607
0.64 -0.2 0.000721055
0.64 -0.16 0.000675777
0.64 -0.12 0.000614095
0.64 -0.08 0.000540452
0.64 -0.04 0.000444269
0.64 0 0.000334983
0.64 0.04 0.000247118
0.64 0.08 0.000190185
0.64 0.12 0.000153827
0.64 0.16 0.000129267
0.64 0.2 0.000111635
0.64 0.24 9.83425e-05
0.64 0.28 8.79325e-05
0.64 0.32 7.95239e-05
0.64 0.36 7.25758e-05
0.64 0.4 6.67193e-05
0.64 0.44 6.17036e-05
0.64 0.48 5.73612e-05
0.64 0.52 5.35524e-05
0.64 0.56 5.01835e-05
0.64 0.6 4.71826e-05
0.64 0.64 4.44867e-05
0.64 0.68 4.2057e-05
0.64 0.72 3.98487e-05
0.64 0.76 3.78417e-05
0.64 0.8 3.59994e-05
0.64 0.84 3.43074e-05
0.64 0.88 3.27469e-05
0.64 0.92 3.13099e-05
0.64 0.96 2.99752e-05
0.64 1 0
0.64 1.04 0
0.64 1.08 0
0.64 1.12 0
0.64 1.16 0
0.64 1.2 0
0.64 1.24 0
0.64 1.28 0
0.64 1.32 0
0.64 1.36 0
0.64 1.4 0
0.64 1.44 0
0.64 1.48 0
0.64 1.52 0
0.64 1.56 0
0.64 1.6 0
0.64 1.64 0
0.64 1.68 0
0.64 1.72 0
0.64 1.76 0
0.64 1.8 0
0.64 1.84 0
0.64 1.88 0
0.64 1.92 0
0.64 1.96 0
0.64 2 0
0.64 2.04 0
0.64 2.08 0
0.64 2.12 0
0.64 2.16 0
0.64 2.2 0
0.64 2.24 0
0.64 2.28 0
0.64 2.32 0
0.64 2.36 0
0.64 2.4 0
0.64 2.44 0
0.64 2.48 0
0.64 2.52 0
0.64 2.56 0
0.64 2.6 0
0.64 2.64 0
0.64 2.68 0
0.64 2.72 0
0.64 2.76 0
0.64 2.8 0
0.64 2.84 0
0.64 2.88 0
0.64 2.92 0
0.64 2.96 0
0.64 3 0
0.645 -5 0.000124597
0.645 -4.96 0.000124597
0.645 -4.92 0.000124597
0.645 -4.88 0.000124597
0.645 -4.84 0.000124597
0.645 -4.8 0.000124597
0.645 -4.76 0.000124597
0.645 -4.72 0.000124597
0.645 -4.68 0.000124597
0.645 -4.64 0.000124597
0.645 -4.6 0.000124597
0.645 -4.56 0.000124597
0.645 -4.52 0.000124597
0.645 -4.48 0.000124597
0.645 -4.44 0.000124597
0.645 -4.4 0.000124597
0.645 -4.36 0.000124597
0.645 -4.32 0.000124597
0.645 -4.28 0.000124597
0.645 -4.24 0.000124597
0.645 -4.2 0.000124597
0.645 -4.16 0.000124597
0.645 -4.12 0.000124597
0.645 -4.08 0.000124597
0.645 -4.04 0.000124597
0.645 -4 0.000124597
0.645 -3.96 0.000124597
0.645 -3.92 0.000124597
0.645 -3.88 0.000124597
0.645 -3.84 0.000124597
0.645 -3.8 0.000124597
0.645 -3.76 0.000124597
0.645 -3.72 0.000124597
0.645 -3.68 0.000124597
0.645 -3.64 0.000124597
0.645 -3.6 0.000124597
0.645 -3.56 0.000124597
0.645 -3.52 0.000124597
0.645 -3.48 0.000124597
0.645 -3.44 0.000124597
0.645 -3.4 0.000124597
0.645 -3.36 0.000124597
0.645 -3.32 0.000124597
0.645 -3.28 0.000124597
0.645 -3.24 0.000124597
0.645 -3.2 0.000124597
0.645 -3.16 0.000124597
0.645 -3.12 0.000124597
0.645 -3.08 0.000124597
0.645 -3.04 0.000124597
0.645 -3 0.000124597
0.645 -2.96 0.000128859
0.645 -2.92 0.000143314
0.645 -2.88 0.000144568
0.645 -2.84 0.000155567
0.645 -2.8 0.000165849
0.645 -2.76 0.000177982
0.645 -2.72 0.000175087
0.645 -2.68 0.00020386
0.645 -2.64 0.000212639
0.645 -2.6 0.00024433
0.645 -2.56 0.000255685
0.645 -2.52 0.000297171
0.645 -2.48 0.000300887
0.645 -2.44 0.000338195
0.645 -2.4 0.00038247
0.645 -2.36 0.000470119
0.645 -2.32 0.000534552
0.645 -2.28 0.0006089
0.645 -2.24 0.000713892
0.645 -2.2 0.000963751
0.645 -2.16 0.0012342
0.645 -2.12 0.00169678
0.645 -2.08 0.00212173
0.645 -2.04 0.00255388
0.645 -2 0.00315034
0.645 -1.96 0.00324542
0.645 -1.92 0.00338508
0.645 -1.88 0.00344674
0.645 -1.84 0.00335577
0.645 -1.8 0.00348725
0.645 -1.76 0.00362648
0.645 -1.72 0.00341464
0.645 -1.68 0.00336914
0.645 -1.64 0.00338072
0.645 -1.6 0.00325527
0.645 -1.56 0.00324051
0.645 -1.52 0.00322114
0.645 -1.48 0.00307034
0.645 -1.44 0.00293923
0.645 -1.4 0.00289807
0.645 -1.36 0.00279154
0.645 -1.32 0.00280438
0.645 -1.28 0.00268707
0.645 -1.24 0.00261692
0.645 -1.2 0.00258334
0.645 -1.16 0.0023889
0.645 -1.12 0.00242187
0.645 -1.08 0.00234577
0.645 -1.04 0.00225527
0.645 -1 0.0021949
0.645 -0.96 0.00204314
0.645 -0.92 0.00203338
0.645 -0.88 0.00199159
0.645 -0.84 0.00192875
0.645 -0.8 0.00182
0.645 -0.76 0.00176163
0.645 -0.72 0.00166873
0.645 -0.68 0.00161899
0.645 -0.64 0.00149518
0.645 -0.6 0.00137363
0.645 -0.56 0.00130283
0.645 -0.52 0.00115236
0.645 -0.48 0.00106449
0.645 -0.44 0.000981653
0.645 -0.4 0.000937042
0.645 -0.36 0.00089252
0.645 -0.32 0.000810929
0.645 -0.28 0.000797361
0.645 -0.24 0.00074793
0.645 -0.2 0.000705788
0.645 -0.16 0.000658417
0.645 -0.12 0.000606336
0.645 -0.08 0.000529936
0.645 -0.04 0.000434109
0.645 0 0.000327032
0.645 0.04 0.000241661
0.645 0.08 0.000186473
0.645 0.12 0.000151161
0.645 0.16 0.000127247
0.645 0.2 0.000110036
0.645 0.24 9.7036e-05
0.645 0.28 8.68385e-05
0.645 0.32 7.85902e-05
0.645 0.36 7.17669e-05
0.645 0.4 6.60098e-05
0.645 0.44 6.10755e-05
0.645 0.48 5.67996e-05
0.645 0.52 5.30474e-05
0.645 0.56 4.97259e-05
0.645 0.6 4.6766e-05
0.645 0.64 4.41053e-05
0.645 0.68 4.17069e-05
0.645 0.72 3.95259e-05
0.645 0.76 3.75428e-05
0.645 0.8 3.57215e-05
0.645 0.84 3.4049e-05
0.645 0.88 3.25056e-05
0.645 0.92 3.10843e-05
0.645 0.96 2.97637e-05
0.645 1 0
0.645 1.04 0
0.645 1.08 0
0.645 1.12 0
0.645 1.16 0
0.645 1.2 0
0.645 1.24 0
0.645 1.28 0
0.645 1.32 0
0.645 1.36 0
0.645 1.4 0
0.645 1.44 0
0.645 1.48 0
0.645 1.52 0
0.645 1.56 0
0.645 1.6 0
0.645 1.64 0
0.645 1.68 0
0.645 1.72 0
0.645 1.76 0
0.645 1.8 0
0.645 1.84 0
0.645 1.88 0
0.645 1.92 0
0.645 1.96 0
0.645 2 0
0.645 2.04 0
0.645 2.08 0
0.645 2.12 0
0.645 2.16 0
0.645 2.2 0
0.645 2.24 0
0.645 2.28 0
0.645 2.32 0
0.645 2.36 0
0.645 2.4 0
0.645 2.44 0
0.645 2.48 0
0.645 2.52 0
0.645 2.56 0
0.645 2.6 0
0.645 2.64 0
0.645 2.68 0
0.645 2.72 0
0.645 2.76 0
0.645 2.8 0
0.645 2.84 0
0.645 2.88 0
0.645 2.92 0
0.645 2.96 0
0.645 3 0
0.65 -5 0.000128018
0.65 -4.96 0.000128018
0.65 -4.92 0.000128018
0.65 -4.88 0.000128018
0.65 -4.84 0.000128018
0.65 -4.8 0.000128018
0.65 -4.76 0.000128018
0.65 -4.72 0.000128018
0.65 -4.68 0.000128018
0.65 -4.64 0.000128018
0.65 -4.6 0.000128018
0.65 -4.56 0.000128018
0.65 -4.52 0.000128018
0.65 -4.48 0.000128018
0.65 -4.44 0.000128018
0.65 -4.4 0.000128018
0.65 -4.36 0.000128018
0.65 -4.32 0.000128018
0.65 -4.28 0.000128018
0.65 -4.24 0.000128018
0.65 -4.2 0.000128018
0.65 -4.16 0.000128018
0.65 -4.12 0.000128018
0.65 -4.08 0.000128018
0.65 -4.04 0.000128018
0.65 -4 0.000128018
0.65 -3.96 0.000128018
0.65 -3.92 0.000128018
0.65 -3.88 0.000128018
0.65 -3.84 0.000128018
0.65 -3.8 0.000128018
0.65 -3.76 0.000128018
0.65 -3.72 0.000128018
0.65 -3.68 0.000128018
0.65 -3.64 0.000128018
0.65 -3.6 0.000128018
0.65 -3.56 0.000128018
0.65 -3.52 0.000128018
0.65 -3.48 0.000128018
0.65 -3.44 0.000128018
0.65 -3.4 0.000128018
0.65 -3.36 0.000128018
0.65 -3.32 0.000128018
0.65 -3.28 0.000128018
0.65 -3.24 0.000128018
0.65 -3.2 0.000128018
0.65 -3.16 0.000128018
0.65 -3.12 0.000128018
0.65 -3.08 0.000128018
0.65 -3.04 0.000128018
0.65 -3 0.000128018
0.65 -2.96 0.000129106
0.65 -2.92 0.00014807
0.65 -2.88 0.000144405
0.65 -2.84 0.000152858
0.65 -2.8 0.000162327
0.65 -2.76 0.000172996
0.65 -2.72 0.000177654
0.65 -2.68 0.000199222
0.65 -2.64 0.000218629
0.65 -2.6 0.000244332
0.65 -2.56 0.000256452
0.65 -2.52 0.000290266
0.65 -2.48 0.000302287
0.65 -2.44 0.000336125
0.65 -2.4 0.000388093
0.65 -2.36 0.000464834
0.65 -2.32 0.000533913
0.65 -2.28 0.000605792
0.65 -2.24 0.000713052
0.65 -2.2 0.000967576
0.65 -2.16 0.00123917
0.65 -2.12 0.00169963
0.65 -2.08 0.00214714
0.65 -2.04 0.00259527
0.65 -2 0.003184
0.65 -1.96 0.00327391
0.65 -1.92 0.00341852
0.65 -1.88 0.0034991
0.65 -1.84 0.0034089
0.65 -1.8 0.00350682
0.65 -1.76 0.00365239
0.65 -1.72 0.0034324
0.65 -1.68 0.00337461
0.65 -1.64 0.00340356
0.65 -1.6 0.00326296
0.65 -1.56 0.00325976
0.65 -1.52 0.00324138
0.65 -1.48 0.00306368
0.65 -1.44 0.0029084
0.65 -1.4 0.00289101
0.65 -1.36 0.00281389
0.65 -1.32 0.00279981
0.65 -1.28 0.00267423
0.65 -1.24 0.0025876
0.65 -1.2 0.00252418
0.65 -1.16 0.00238546
0.65 -1.12 0.00240212
0.65 -1.08 0.00233517
0.65 -1.04 0.00224296
0.65 -1 0.00215241
0.65 -0.96 0.0020474
0.65 -0.92 0.00198612
0.65 -0.88 0.00196175
0.65 -0.84 0.00191256
0.65 -0.8 0.00177506
0.65 -0.76 0.00173569
0.65 -0.72 0.00162295
0.65 -0.68 0.00159509
0.65 -0.64 0.00150155
0.65 -0.6 0.00137878
0.65 -0.56 0.00130724
0.65 -0.52 0.00116686
0.65 -0.48 0.00108604
0.65 -0.44 0.00094419
0.65 -0.4 0.000925181
0.65 -0.36 0.000869629
0.65 -0.32 0.000826631
0.65 -0.28 0.000810877
0.65 -0.24 0.000742518
0.65 -0.2 0.000690532
0.65 -0.16 0.000643864
0.65 -0.12 0.000595575
0.65 -0.08 0.000519364
0.65 -0.04 0.000423911
0.65 0 0.000319225
0.65 0.04 0.000236317
0.65 0.08 0.000182837
0.65 0.12 0.000148548
0.65 0.16 0.000125265
0.65 0.2 0.000108467
0.65 0.24 9.57531e-05
0.65 0.28 8.5764e-05
0.65 0.32 7.7673e-05
0.65 0.36 7.09722e-05
0.65 0.4 6.53126e-05
0.65 0.44 6.04581e-05
0.65 0.48 5.62475e-05
0.65 0.52 5.25508e-05
0.65 0.56 4.92758e-05
0.65 0.6 4.63563e-05
0.65 0.64 4.37302e-05
0.65 0.68 4.13625e-05
0.65 0.72 3.92083e-05
0.65 0.76 3.72487e-05
0.65 0.8 3.54481e-05
0.65 0.84 3.37949e-05
0.65 0.88 3.22682e-05
0.65 0.92 3.08622e-05
0.65 0.96 2.95555e-05
0.65 1 0
0.65 1.04 0
0.65 1.08 0
0.65 1.12 0
0.65 1.16 0
0.65 1.2 0
0.65 1.24 0
0.65 1.28 0
0.65 1.32 0
0.65 1.36 0
0.65 1.4 0
0.65 1.44 0
0.65 1.48 0
0.65 1.52 0
0.65 1.56 0
0.65 1.6 0
0.65 1.64 0
0.65 1.68 0
0.65 1.72 0
0.65 1.76 0
0.65 1.8 0
0.65 1.84 0
0.65 1.88 0
0.65 1.92 0
0.65 1.96 0
0.65 2 0
0.65 2.04 0
0.65 2.08 0
0.65 2.12 0
0.65 2.16 0
0.65 2.2 0
0.65 2.24 0
0.65 2.28 0
0.65 2.32 0
0.65 2.36 0
0.65 2.4 0
0.65 2.44 0
0.65 2.48 0
0.65 2.52 0
0.65 2.56 0
0.65 2.6 0
0.65 2.64 0
0.65 2.68 0
0.65 2.72 0
0.65 2.76 0
0.65 2.8 0
0.65 2.84 0
0.65 2.88 0
0.65 2.92 0
0.65 2.96 0
0.65 3 0
0.655 -5 0.000130968
0.655 -4.96 0.000130968
0.655 -4.92 0.000130968
0.655 -4.88 0.000130968
0.655 -4.84 0.000130968
0.655 -4.8 0.000130968
0.655 -4.76 0.000130968
0.655 -4.72 0.000130968
0.655 -4.68 0.000130968
0.655 -4.64 0.000130968
0.655 -4.6 0.000130968
0.655 -4.56 0.000130968
0.655 -4.52 0.000130968
0.655 -4.48 0.000130968
0.655 -4.44 0.000130968
0.655 -4.4 0.000130968
0.655 -4.36 0.000130968
0.655 -4.32 0.000130968
0.655 -4.28 0.000130968
0.655 -4.24 0.000130968
0.655 -4.2 0.000130968
0.655 -4.16 0.000130968
0.655 -4.12 0.000130968
0.655 -4.08 0.000130968
0.655 -4.04 0.000130968
0.655 -4 0.000130968
0.655 -3.96 0.000130968
0.655 -3.92 0.000130968
0.655 -3.88 0.000130968
0.655 -3.84 0.000130968
0.655 -3.8 0.000130968
0.655 -3.76 0.000130968
0.655 -3.72 0.000130968
0.655 -3.68 0.000130968
0.655 -3.64 0.000130968
0.655 -3.6 0.000130968
0.655 -3.56 0.000130968
0.655 -3.52 0.000130968
0.655 -3.48 0.000130968
0.655 -3.44 0.000130968
0.655 -3.4 0.000130968
0.655 -3.36 0.000130968
0.655 -3.32 0.000130968
0.655 -3.28 0.000130968
0.655 -3.24 0.000130968
0.655 -3.2 0.000130968
0.655 -3.16 0.000130968
0.655 -3.12 0.000130968
0.655 -3.08 0.000130968
0.655 -3.04 0.000130968
0.655 -3 0.000130968
0.655 -2.96 0.000127876
0.655 -2.92 0.000147184
0.655 -2.88 0.00014589
0.655 -2.84 0.000152506
0.655 -2.8 0.000160395
0.655 -2.76 0.00017069
0.655 -2.72 0.000182077
0.655 -2.68 0.000191527
0.655 -2.64 0.000221039
0.655 -2.6 0.000240645
0.655 -2.56 0.000258955
0.655 -2.52 0.000280105
0.655 -2.48 0.000303834
0.655 -2.44 0.000333233
0.655 -2.4 0.000387326
0.655 -2.36 0.000460772
0.655 -2.32 0.000527732
0.655 -2.28 0.000600986
0.655 -2.24 0.000710092
0.655 -2.2 0.000968304
0.655 -2.16 0.00124626
0.655 -2.12 0.00170135
0.655 -2.08 0.00216689
0.655 -2.04 0.00263189
0.655 -2 0.00323548
0.655 -1.96 0.0033202
0.655 -1.92 0.00347338
0.655 -1.88 0.00353675
0.655 -1.84 0.00345323
0.655 -1.8 0.00351802
0.655 -1.76 0.00363881
0.655 -1.72 0.00344162
0.655 -1.68 0.00337147
0.655 -1.64 0.00342575
0.655 -1.6 0.0032608
0.655 -1.56 0.00326219
0.655 -1.52 0.00324936
0.655 -1.48 0.00305735
0.655 -1.44 0.00291228
0.655 -1.4 0.00289056
0.655 -1.36 0.00281916
0.655 -1.32 0.00278137
0.655 -1.28 0.00267003
0.655 -1.24 0.00256891
0.655 -1.2 0.00248866
0.655 -1.16 0.0023787
0.655 -1.12 0.00236773
0.655 -1.08 0.00234203
0.655 -1.04 0.00224016
0.655 -1 0.00211838
0.655 -0.96 0.00206992
0.655 -0.92 0.00197079
0.655 -0.88 0.00192791
0.655 -0.84 0.0018935
0.655 -0.8 0.00175393
0.655 -0.76 0.00170188
0.655 -0.72 0.00160512
0.655 -0.68 0.00156528
0.655 -0.64 0.00151405
0.655 -0.6 0.00137744
0.655 -0.56 0.00129175
0.655 -0.52 0.0011765
0.655 -0.48 0.00108358
0.655 -0.44 0.000920553
0.655 -0.4 0.000905729
0.655 -0.36 0.000839437
0.655 -0.32 0.000839042
0.655 -0.28 0.000784846
0.655 -0.24 0.000734746
0.655 -0.2 0.000681342
0.655 -0.16 0.000634484
0.655 -0.12 0.000581575
0.655 -0.08 0.000508698
0.655 -0.04 0.000414181
0.655 0 0.000311565
0.655 0.04 0.000231085
0.655 0.08 0.000179275
0.655 0.12 0.000145987
0.655 0.16 0.00012332
0.655 0.2 0.000106927
0.655 0.24 9.44938e-05
0.655 0.28 8.47089e-05
0.655 0.32 7.67721e-05
0.655 0.36 7.01915e-05
0.655 0.4 6.46275e-05
0.655 0.44 5.98514e-05
0.655 0.48 5.57049e-05
0.655 0.52 5.20627e-05
0.655 0.56 4.88334e-05
0.655 0.6 4.59534e-05
0.655 0.64 4.33614e-05
0.655 0.68 4.10239e-05
0.655 0.72 3.8896e-05
0.655 0.76 3.69594e-05
0.655 0.8 3.51792e-05
0.655 0.84 3.35449e-05
0.655 0.88 3.20347e-05
0.655 0.92 3.06437e-05
0.655 0.96 2.93506e-05
0.655 1 0
0.655 1.04 0
0.655 1.08 0
0.655 1.12 0
0.655 1.16 0
0.655 1.2 0
0.655 1.24 0
0.655 1.28 0
0.655 1.32 0
0.655 1.36 0
0.655 1.4 0
0.655 1.44 0
0.655 1.48 0
0.655 1.52 0
0.655 1.56 0
0.655 1.6 0
0.655 1.64 0
0.655 1.68 0
0.655 1.72 0
0.655 1.76 0
0.655 1.8 0
0.655 1.84 0
0.655 1.88 0
0.655 1.92 0
0.655 1.96 0
0.655 2 0
0.655 2.04 0
0.655 2.08 0
0.655 2.12 0
0.655 2.16 0
0.655 2.2 0
0.655 2.24 0
0.655 2.28 0
0.655 2.32 0
0.655 2.36 0
0.655 2.4 0
0.655 2.44 0
0.655 2.48 0
0.655 2.52 0
0.655 2.56 0
0.655 2.6 0
0.655 2.64 0
0.655 2.68 0
0.655 2.72 0
0.655 2.76 0
0.655 2.8 0
0.655 2.84 0
0.655 2.88 0
0.655 2.92 0
0.655 2.96 0
0.655 3 0
0.66 -5 0.000132885
0.66 -4.96 0.000132885
0.66 -4.92 0.000132885
0.66 -4.88 0.000132885
0.66 -4.84 0.000132885
0.66 -4.8 0.000132885
0.66 -4.76 0.000132885
0.66 -4.72 0.000132885
0.66 -4.68 0.000132885
0.66 -4.64 0.000132885
0.66 -4.6 0.000132885
0.66 -4.56 0.000132885
0.66 -4.52 0.000132885
0.66 -4.48 0.000132885
0.66 -4.44 0.000132885
0.66 -4.4 0.000132885
0.66 -4.36 0.000132885
0.66 -4.32 0.000132885
0.66 -4.28 0.000132885
0.66 -4.24 0.000132885
0.66 -4.2 0.000132885
0.66 -4.16 0.000132885
0.66 -4.12 0.000132885
0.66 -4.08 0.000132885
0.66 -4.04 0.000132885
0.66 -4 0.000132885
0.66 -3.96 0.000132885
0.66 -3.92 0.000132885
0.66 -3.88 0.000132885
0.66 -3.84 0.000132885
0.66 -3.8 0.000132885
0.66 -3.76 0.000132885
0.66 -3.72 0.000132885
0.66 -3.68 0.000132885
0.66 -3.64 0.000132885
0.66 -3.6 0.000132885
0.66 -3.56 0.000132885
0.66 -3.52 0.000132885
0.66 -3.48 0.000132885
0.66 -3.44 0.000132885
0.66 -3.4 0.000132885
0.66 -3.36 0.000132885
0.66 -3.32 0.000132885
0.66 -3.28 0.000132885
0.66 -3.24 0.000132885
0.66 -3.2 0.000132885
0.66 -3.16 0.000132885
0.66 -3.12 0.000132885
0.66 -3.08 0.000132885
0.66 -3.04 0.000132885
0.66 -3 0.000132885
0.66 -2.96 0.000126633
0.66 -2.92 0.000142972
0.66 -2.88 0.000148148
0.66 -2.84 0.000151904
0.66 -2.8 0.000161068
0.66 -2.76 0.00017289
0.66 -2.72 0.000178351
0.66 -2.68 0.000192586
0.66 -2.64 0.000217969
0.66 -2.6 0.000238725
0.66 -2.56 0.000258558
0.66 -2.52 0.000279449
0.66 -2.48 0.000303931
0.66 -2.44 0.000331042
0.66 -2.4 0.000383808
0.66 -2.36 0.000459973
0.66 -2.32 0.000516808
0.66 -2.28 0.000598118
0.66 -2.24 0.000705528
0.66 -2.2 0.000968459
0.66 -2.16 0.00124848
0.66 -2.12 0.00170197
0.66 -2.08 0.00218815
0.66 -2.04 0.0026608
0.66 -2 0.00328275
0.66 -1.96 0.00339176
0.66 -1.92 0.0035281
0.66 -1.88 0.00355281
0.66 -1.84 0.0034906
0.66 -1.8 0.00354197
0.66 -1.76 0.00363486
0.66 -1.72 0.00346354
0.66 -1.68 0.00337408
0.66 -1.64 0.00342471
0.66 -1.6 0.003252
0.66 -1.56 0.00323501
0.66 -1.52 0.00322213
0.66 -1.48 0.00304361
0.66 -1.44 0.00293036
0.66 -1.4 0.00289082
0.66 -1.36 0.0027941
0.66 -1.32 0.00275787
0.66 -1.28 0.00267895
0.66 -1.24 0.00254761
0.66 -1.2 0.00249692
0.66 -1.16 0.00236401
0.66 -1.12 0.00233021
0.66 -1.08 0.00232949
0.66 -1.04 0.00221974
0.66 -1 0.00211729
0.66 -0.96 0.00207257
0.66 -0.92 0.00197156
0.66 -0.88 0.00191499
0.66 -0.84 0.00187366
0.66 -0.8 0.00175804
0.66 -0.76 0.00166283
0.66 -0.72 0.00161836
0.66 -0.68 0.00153799
0.66 -0.64 0.00148515
0.66 -0.6 0.00136468
0.66 -0.56 0.00126
0.66 -0.52 0.00116555
0.66 -0.48 0.00105314
0.66 -0.44 0.000920692
0.66 -0.4 0.00090205
0.66 -0.36 0.000818225
0.66 -0.32 0.000823015
0.66 -0.28 0.000740897
0.66 -0.24 0.000723968
0.66 -0.2 0.000677917
0.66 -0.16 0.000628826
0.66 -0.12 0.000568396
0.66 -0.08 0.000498323
0.66 -0.04 0.000404966
0.66 0 0.000304052
0.66 0.04 0.000225966
0.66 0.08 0.000175789
0.66 0.12 0.000143477
0.66 0.16 0.000121414
0.66 0.2 0.000105416
0.66 0.24 9.32579e-05
0.66 0.28 8.36731e-05
0.66 0.32 7.58875e-05
0.66 0.36 6.94247e-05
0.66 0.4 6.39546e-05
0.66 0.44 5.92554e-05
0.66 0.48 5.51717e-05
0.66 0.52 5.1583e-05
0.66 0.56 4.83985e-05
0.66 0.6 4.55574e-05
0.66 0.64 4.29989e-05
0.66 0.68 4.06909e-05
0.66 0.72 3.85889e-05
0.66 0.76 3.6675e-05
0.66 0.8 3.49148e-05
0.66 0.84 3.3299e-05
0.66 0.88 3.1805e-05
0.66 0.92 3.04287e-05
0.66 0.96 2.91491e-05
0.66 1 0
0.66 1.04 0
0.66 1.08 0
0.66 1.12 0
0.66 1.16 0
0.66 1.2 0
0.66 1.24 0
0.66 1.28 0
0.66 1.32 0
0.66 1.36 0
0.66 1.4 0
0.66 1.44 0
0.66 1.48 0
0.66 1.52 0
0.66 1.56 0
0.66 1.6 0
0.66 1.64 0
0.66 1.68 0
0.66 1.72 0
0.66 1.76 0
0.66 1.8 0
0.66 1.84 0
0.66 1.88 0
0.66 1.92 0
0.66 1.96 0
0.66 2 0
0.66 2.04 0
0.66 2.08 0
0.66 2.12 0
0.66 2.16 0
0.66 2.2 0
0.66 2.24 0
0.66 2.28 0
0.66 2.32 0
0.66 2.36 0
0.66 2.4 0
0.66 2.44 0
0.66 2.48 0
0.66 2.52 0
0.66 2.56 0
0.66 2.6 0
0.66 2.64 0
0.66 2.68 0
0.66 2.72 0
0.66 2.76 0
0.66 2.8 0
0.66 2.84 0
0.66 2.88 0
0.66 2.92 0
0.66 2.96 0
0.66 3 0
0.665 -5 0.000134
0.665 -4.96 0.000134
0.665 -4.92 0.000134
0.665 -4.88 0.000134
0.665 -4.84 0.000134
0.665 -4.8 0.000134
0.665 -4.76 0.000134
0.665 -4.72 0.000134
0.665 -4.68 0.000134
0.665 -4.64 0.000134
0.665 -4.6 0.000134
0.665 -4.56 0.000134
0.665 -4.52 0.000134
0.665 -4.48 0.000134
0.665 -4.44 0.000134
0.665 -4.4 0.000134
0.665 -4.36 0.000134
0.665 -4.32 0.000134
0.665 -4.28 0.000134
0.665 -4.24 0.000134
0.665 -4.2 0.000134
0.665 -4.16 0.000134
0.665 -4.12 0.000134
0.665 -4.08 0.000134
0.665 -4.04 0.000134
0.665 -4 0.000134
0.665 -3.96 0.000134
0.665 -3.92 0.000134
0.665 -3.88 0.000134
0.665 -3.84 0.000134
0.665 -3.8 0.000134
0.665 -3.76 0.000134
0.665 -3.72 0.000134
0.665 -3.68 0.000134
0.665 -3.64 0.000134
0.665 -3.6 0.000134
0.665 -3.56 0.000134
0.665 -3.52 0.000134
0.665 -3.48 0.000134
0.665 -3.44 0.000134
0.665 -3.4 0.000134
0.665 -3.36 0.000134
0.665 -3.32 0.000134
0.665 -3.28 0.000134
0.665 -3.24 0.000134
0.665 -3.2 0.000134
0.665 -3.16 0.000134
0.665 -3.12 0.000134
0.665 -3.08 0.000134
0.665 -3.04 0.000134
0.665 -3 0.000134
0.665 -2.96 0.000127567
0.665 -2.92 0.000143042
0.665 -2.88 0.00014937
0.665 -2.84 0.000149832
0.665 -2.8 0.000161486
0.665 -2.76 0.000177459
0.665 -2.72 0.000169997
0.665 -2.68 0.000197196
0.665 -2.64 0.000213394
0.665 -2.6 0.000240213
0.665 -2.56 0.000254207
0.665 -2.52 0.000286959
0.665 -2.48 0.000304003
0.665 -2.44 0.000329542
0.665 -2.4 0.000389128
0.665 -2.36 0.000460131
0.665 -2.32 0.0005086
0.665 -2.28 0.000597111
0.665 -2.24 0.000703647
0.665 -2.2 0.000970922
0.665 -2.16 0.00124321
0.665 -2.12 0.00170299
0.665 -2.08 0.00220942
0.665 -2.04 0.00268092
0.665 -2 0.00331419
0.665 -1.96 0.00346856
0.665 -1.92 0.00356417
0.665 -1.88 0.00357162
0.665 -1.84 0.00352819
0.665 -1.8 0.00358113
0.665 -1.76 0.00367691
0.665 -1.72 0.00349085
0.665 -1.68 0.00338097
0.665 -1.64 0.00341146
0.665 -1.6 0.00324479
0.665 -1.56 0.00319979
0.665 -1.52 0.003193
0.665 -1.48 0.00301754
0.665 -1.44 0.00291779
0.665 -1.4 0.00288305
0.665 -1.36 0.002763
0.665 -1.32 0.00274396
0.665 -1.28 0.0026871
0.665 -1.24 0.00250948
0.665 -1.2 0.00249538
0.665 -1.16 0.00235246
0.665 -1.12 0.00231003
0.665 -1.08 0.0022968
0.665 -1.04 0.00218008
0.665 -1 0.0021331
0.665 -0.96 0.00204124
0.665 -0.92 0.00196367
0.665 -0.88 0.00191449
0.665 -0.84 0.00185092
0.665 -0.8 0.00176089
0.665 -0.76 0.00163732
0.665 -0.72 0.00163247
0.665 -0.68 0.00151121
0.665 -0.64 0.00143163
0.665 -0.6 0.00135267
0.665 -0.56 0.00123774
0.665 -0.52 0.00114628
0.665 -0.48 0.00102672
0.665 -0.44 0.000931633
0.665 -0.4 0.000907178
0.665 -0.36 0.000812018
0.665 -0.32 0.000780686
0.665 -0.28 0.00072579
0.665 -0.24 0.000710272
0.665 -0.2 0.000671219
0.665 -0.16 0.000622822
0.665 -0.12 0.000559155
0.665 -0.08 0.000488429
0.665 -0.04 0.000395856
0.665 0 0.000296686
0.665 0.04 0.000220959
0.665 0.08 0.000172378
0.665 0.12 0.000141019
0.665 0.16 0.000119545
0.665 0.2 0.000103935
0.665 0.24 9.20454e-05
0.665 0.28 8.26565e-05
0.665 0.32 7.5019e-05
0.665 0.36 6.86718e-05
0.665 0.4 6.32937e-05
0.665 0.44 5.867e-05
0.665 0.48 5.46479e-05
0.665 0.52 5.11117e-05
0.665 0.56 4.79712e-05
0.665 0.6 4.51683e-05
0.665 0.64 4.26426e-05
0.665 0.68 4.03637e-05
0.665 0.72 3.82871e-05
0.665 0.76 3.63953e-05
0.665 0.8 3.46548e-05
0.665 0.84 3.30572e-05
0.665 0.88 3.15792e-05
0.665 0.92 3.02173e-05
0.665 0.96 2.89508e-05
0.665 1 0
0.665 1.04 0
0.665 1.08 0
0.665 1.12 0
0.665 1.16 0
0.665 1.2 0
0.665 1.24 0
0.665 1.28 0
0.665 1.32 0
0.665 1.36 0
0.665 1.4 0
0.665 1.44 0
0.665 1.48 0
0.665 1.52 0
0.665 1.56 0
0.665 1.6 0
0.665 1.64 0
0.665 1.68 0
0.665 1.72 0
0.665 1.76 0
0.665 1.8 0
0.665 1.84 0
0.665 1.88 0
0.665 1.92 0
0.665 1.96 0
0.665 2 0
0.665 2.04 0
0.665 2.08 0
0.665 2.12 0
0.665 2.16 0
0.665 2.2 0
0.665 2.24 0
0.665 2.28 0
0.665 2.32 0
0.665 2.36 0
0.665 2.4 0
0.665 2.44 0
0.665 2.48 0
0.665 2.52 0
0.665 2.56 0
0.665 2.6 0
0.665 2.64 0
0.665 2.68 0
0.665 2.72 0
0.665 2.76 0
0.665 2.8 0
0.665 2.84 0
0.665 2.88 0
0.665 2.92 0
0.665 2.96 0
0.665 3 0
0.67 -5 0.000134054
0.67 -4.96 0.000134054
0.67 -4.92 0.000134054
0.67 -4.88 0.000134054
0.67 -4.84 0.000134054
0.67 -4.8 0.000134054
0.67 -4.76 0.000134054
0.67 -4.72 0.000134054
0.67 -4.68 0.000134054
0.67 -4.64 0.000134054
0.67 -4.6 0.000134054
0.67 -4.56 0.000134054
0.67 -4.52 0.000134054
0.67 -4.48 0.000134054
0.67 -4.44 0.000134054
0.67 -4.4 0.000134054
0.67 -4.36 0.000134054
0.67 -4.32 0.000134054
0.67 -4.28 0.000134054
0.67 -4.24 0.000134054
0.67 -4.2 0.000134054
0.67 -4.16 0.000134054
0.67 -4.12 0.000134054
0.67 -4.08 0.000134054
0.67 -4.04 0.000134054
0.67 -4 0.000134054
0.67 -3.96 0.000134054
0.67 -3.92 0.000134054
0.67 -3.88 0.000134054
0.67 -3.84 0.000134054
0.67 -3.8 0.000134054
0.67 -3.76 0.000134054
0.67 -3.72 0.000134054
0.67 -3.68 0.000134054
0.67 -3.64 0.000134054
0.67 -3.6 0.000134054
0.67 -3.56 0.000134054
0.67 -3.52 0.000134054
0.67 -3.48 0.000134054
0.67 -3.44 0.000134054
0.67 -3.4 0.000134054
0.67 -3.36 0.000134054
0.67 -3.32 0.000134054
0.67 -3.28 0.000134054
0.67 -3.24 0.000134054
0.67 -3.2 0.000134054
0.67 -3.16 0.000134054
0.67 -3.12 0.000134054
0.67 -3.08 0.000134054
0.67 -3.04 0.000134054
0.67 -3 0.000134054
0.67 -2.96 0.000130079
0.67 -2.92 0.000148036
0.67 -2.88 0.000149283
0.67 -2.84 0.000148689
0.67 -2.8 0.000160946
0.67 -2.76 0.000180467
0.67 -2.72 0.000167438
0.67 -2.68 0.000194066
0.67 -2.64 0.000212125
0.67 -2.6 0.000240554
0.67 -2.56 0.000251608
0.67 -2.52 0.000292255
0.67 -2.48 0.00030479
0.67 -2.44 0.00032924
0.67 -2.4 0.00039927
0.67 -2.36 0.000458811
0.67 -2.32 0.000508548
0.67 -2.28 0.00059661
0.67 -2.24 0.0007053
0.67 -2.2 0.000973753
0.67 -2.16 0.00123533
0.67 -2.12 0.00170353
0.67 -2.08 0.0022209
0.67 -2.04 0.00269785
0.67 -2 0.00334872
0.67 -1.96 0.0035245
0.67 -1.92 0.00359885
0.67 -1.88 0.00360781
0.67 -1.84 0.00357188
0.67 -1.8 0.00361587
0.67 -1.76 0.00372872
0.67 -1.72 0.00350449
0.67 -1.68 0.00339029
0.67 -1.64 0.00341534
0.67 -1.6 0.00324273
0.67 -1.56 0.00317864
0.67 -1.52 0.00320411
0.67 -1.48 0.00299412
0.67 -1.44 0.00287575
0.67 -1.4 0.00286446
0.67 -1.36 0.0027509
0.67 -1.32 0.0027391
0.67 -1.28 0.00267993
0.67 -1.24 0.00247631
0.67 -1.2 0.00244666
0.67 -1.16 0.00234998
0.67 -1.12 0.00230578
0.67 -1.08 0.00227576
0.67 -1.04 0.00214944
0.67 -1 0.00213048
0.67 -0.96 0.00200345
0.67 -0.92 0.00194791
0.67 -0.88 0.00189697
0.67 -0.84 0.00182652
0.67 -0.8 0.00174598
0.67 -0.76 0.00163388
0.67 -0.72 0.00161862
0.67 -0.68 0.00148678
0.67 -0.64 0.00140457
0.67 -0.6 0.00134302
0.67 -0.56 0.001237
0.67 -0.52 0.00113115
0.67 -0.48 0.0010219
0.67 -0.44 0.000936242
0.67 -0.4 0.000895745
0.67 -0.36 0.000813389
0.67 -0.32 0.000743386
0.67 -0.28 0.000743149
0.67 -0.24 0.000693387
0.67 -0.2 0.000654981
0.67 -0.16 0.000612858
0.67 -0.12 0.000552099
0.67 -0.08 0.00047863
0.67 -0.04 0.000386576
0.67 0 0.000289469
0.67 0.04 0.000216065
0.67 0.08 0.000169041
0.67 0.12 0.000138613
0.67 0.16 0.000117714
0.67 0.2 0.000102482
0.67 0.24 9.0856e-05
0.67 0.28 8.16591e-05
0.67 0.32 7.41667e-05
0.67 0.36 6.79328e-05
0.67 0.4 6.26448e-05
0.67 0.44 5.80951e-05
0.67 0.48 5.41334e-05
0.67 0.52 5.06488e-05
0.67 0.56 4.75514e-05
0.67 0.6 4.47859e-05
0.67 0.64 4.22926e-05
0.67 0.68 4.00422e-05
0.67 0.72 3.79905e-05
0.67 0.76 3.61204e-05
0.67 0.8 3.43992e-05
0.67 0.84 3.28195e-05
0.67 0.88 3.13572e-05
0.67 0.92 3.00094e-05
0.67 0.96 2.87558e-05
0.67 1 0
0.67 1.04 0
0.67 1.08 0
0.67 1.12 0
0.67 1.16 0
0.67 1.2 0
0.67 1.24 0
0.67 1.28 0
0.67 1.32 0
0.67 1.36 0
0.67 1.4 0
0.67 1.44 0
0.67 1.48 0
0.67 1.52 0
0.67 1.56 0
0.67 1.6 0
0.67 1.64 0
0.67 1.68 0
0.67 1.72 0
0.67 1.76 0
0.67 1.8 0
0.67 1.84 0
0.67 1.88 0
0.67 1.92 0
0.67 1.96 0
0.67 2 0
0.67 2.04 0
0.67 2.08 0
0.67 2.12 0
0.67 2.16 0
0.67 2.2 0
0.67 2.24 0
0.67 2.28 0
0.67 2.32 0
0.67 2.36 0
0.67 2.4 0
0.67 2.44 0
0.67 2.48 0
0.67 2.52 0
0.67 2.56 0
0.67 2.6 0
0.67 2.64 0
0.67 2.68 0
0.67 2.72 0
0.67 2.76 0
0.67 2.8 0
0.67 2.84 0
0.67 2.88 0
0.67 2.92 0
0.67 2.96 0
0.67 3 0
0.675 -5 0.000132585
0.675 -4.96 0.000132585
0.675 -4.92 0.000132585
0.675 -4.88 0.000132585
0.675 -4.84 0.000132585
0.675 -4.8 0.000132585
0.675 -4.76 0.000132585
0.675 -4.72 0.000132585
0.675 -4.68 0.000132585
0.675 -4.64 0.000132585
0.675 -4.6 0.000132585
0.675 -4.56 0.000132585
0.675 -4.52 0.000132585
0.675 -4.48 0.000132585
0.675 -4.44 0.000132585
0.675 -4.4 0.000132585
0.675 -4.36 0.000132585
0.675 -4.32 0.000132585
0.675 -4.28 0.000132585
0.675 -4.24 0.000132585
0.675 -4.2 0.000132585
0.675 -4.16 0.000132585
0.675 -4.12 0.000132585
0.675 -4.08 0.000132585
0.675 -4.04 0.000132585
0.675 -4 0.000132585
0.675 -3.96 0.000132585
0.675 -3.92 0.000132585
0.675 -3.88 0.000132585
0.675 -3.84 0.000132585
0.675 -3.8 0.000132585
0.675 -3.76 0.000132585
0.675 -3.72 0.000132585
0.675 -3.68 0.000132585
0.675 -3.64 0.000132585
0.675 -3.6 0.000132585
0.675 -3.56 0.000132585
0.675 -3.52 0.000132585
0.675 -3.48 0.000132585
0.675 -3.44 0.000132585
0.675 -3.4 0.000132585
0.675 -3.36 0.000132585
0.675 -3.32 0.000132585
0.675 -3.28 0.000132585
0.675 -3.24 0.000132585
0.675 -3.2 0.000132585
0.675 -3.16 0.000132585
0.675 -3.12 0.000132585
0.675 -3.08 0.000132585
0.675 -3.04 0.000132585
0.675 -3 0.000132585
0.675 -2.96 0.000131327
0.675 -2.92 0.000150677
0.675 -2.88 0.000149173
0.675 -2.84 0.000150612
0.675 -2.8 0.000161792
0.675 -2.76 0.000180497
0.675 -2.72 0.000171027
0.675 -2.68 0.000187072
0.675 -2.64 0.000213962
0.675 -2.6 0.000237588
0.675 -2.56 0.000253577
0.675 -2.52 0.000291725
0.675 -2.48 0.000304421
0.675 -2.44 0.000331237
0.675 -2.4 0.000398555
0.675 -2.36 0.000457815
0.675 -2.32 0.000512378
0.675 -2.28 0.000596856
0.675 -2.24 0.000707345
0.675 -2.2 0.00097379
0.675 -2.16 0.00123037
0.675 -2.12 0.00170105
0.675 -2.08 0.00222387
0.675 -2.04 0.00272122
0.675 -2 0.00339707
0.675 -1.96 0.00355695
0.675 -1.92 0.00365363
0.675 -1.88 0.00364788
0.675 -1.84 0.00362072
0.675 -1.8 0.00363722
0.675 -1.76 0.00374221
0.675 -1.72 0.00350743
0.675 -1.68 0.0034095
0.675 -1.64 0.00344156
0.675 -1.6 0.00324149
0.675 -1.56 0.00317004
0.675 -1.52 0.00323357
0.675 -1.48 0.00299212
0.675 -1.44 0.00284553
0.675 -1.4 0.00284358
0.675 -1.36 0.00274659
0.675 -1.32 0.00272943
0.675 -1.28 0.00266133
0.675 -1.24 0.00247586
0.675 -1.2 0.00239464
0.675 -1.16 0.00234814
0.675 -1.12 0.00229273
0.675 -1.08 0.00226694
0.675 -1.04 0.00214126
0.675 -1 0.00210874
0.675 -0.96 0.00198596
0.675 -0.92 0.00193972
0.675 -0.88 0.00186032
0.675 -0.84 0.00180579
0.675 -0.8 0.0017215
0.675 -0.76 0.00163418
0.675 -0.72 0.00158072
0.675 -0.68 0.00147963
0.675 -0.64 0.00141318
0.675 -0.6 0.00132608
0.675 -0.56 0.00123948
0.675 -0.52 0.0011183
0.675 -0.48 0.0010148
0.675 -0.44 0.000932652
0.675 -0.4 0.000864046
0.675 -0.36 0.000811926
0.675 -0.32 0.000739727
0.675 -0.28 0.000748947
0.675 -0.24 0.000677406
0.675 -0.2 0.000636078
0.675 -0.16 0.000599029
0.675 -0.12 0.000543031
0.675 -0.08 0.000468495
0.675 -0.04 0.000377262
0.675 0 0.0002824
0.675 0.04 0.000211284
0.675 0.08 0.000165779
0.675 0.12 0.000136258
0.675 0.16 0.00011592
0.675 0.2 0.000101059
0.675 0.24 8.96897e-05
0.675 0.28 8.06806e-05
0.675 0.32 7.33304e-05
0.675 0.36 6.72074e-05
0.675 0.4 6.20078e-05
0.675 0.44 5.75306e-05
0.675 0.48 5.36282e-05
0.675 0.52 5.01941e-05
0.675 0.56 4.7139e-05
0.675 0.6 4.44103e-05
0.675 0.64 4.19487e-05
0.675 0.68 3.97263e-05
0.675 0.72 3.76991e-05
0.675 0.76 3.58503e-05
0.675 0.8 3.4148e-05
0.675 0.84 3.2586e-05
0.675 0.88 3.11389e-05
0.675 0.92 2.9805e-05
0.675 0.96 2.85641e-05
0.675 1 0
0.675 1.04 0
0.675 1.08 0
0.675 1.12 0
0.675 1.16 0
0.675 1.2 0
0.675 1.24 0
0.675 1.28 0
0.675 1.32 0
0.675 1.36 0
0.675 1.4 0
0.675 1.44 0
0.675 1.48 0
0.675 1.52 0
0.675 1.56 0
0.675 1.6 0
0.675 1.64 0
0.675 1.68 0
0.675 1.72 0
0.675 1.76 0
0.675 1.8 0
0.675 1.84 0
0.675 1.88 0
0.675 1.92 0
0.675 1.96 0
0.675 2 0
0.675 2.04 0
0.675 2.08 0
0.675 2.12 0
0.675 2.16 0
0.675 2.2 0
0.675 2.24 0
0.675 2.28 0
0.675 2.32 0
0.675 2.36 0
0.675 2.4 0
0.675 2.44 0
0.675 2.48 0
0.675 2.52 0
0.675 2.56 0
0.675 2.6 0
0.675 2.64 0
0.675 2.68 0
0.675 2.72 0
0.675 2.76 0
0.675 2.8 0
0.675 2.84 0
0.675 2.88 0
0.675 2.92 0
0.675 2.96 0
0.675 3 0
0.68 -5 0.000130296
0.68 -4.96 0.000130296
0.68 -4.92 0.000130296
0.68 -4.88 0.000130296
0.68 -4.84 0.000130296
0.68 -4.8 0.000130296
0.68 -4.76 0.000130296
0.68 -4.72 0.000130296
0.68 -4.68 0.000130296
0.68 -4.64 0.000130296
0.68 -4.6 0.000130296
0.68 -4.56 0.000130296
0.68 -4.52 0.000130296
0.68 -4.48 0.000130296
0.68 -4.44 0.000130296
0.68 -4.4 0.000130296
0.68 -4.36 0.000130296
0.68 -4.32 0.000130296
0.68 -4.28 0.000130296
0.68 -4.24 0.000130296
0.68 -4.2 0.000130296
0.68 -4.16 0.000130296
0.68 -4.12 0.000130296
0.68 -4.08 0.000130296
0.68 -4.04 0.000130296
0.68 -4 0.000130296
0.68 -3.96 0.000130296
0.68 -3.92 0.000130296
0.68 -3.88 0.000130296
0.68 -3.84 0.000130296
0.68 -3.8 0.000130296
0.68 -3.76 0.000130296
0.68 -3.72 0.000130296
0.68 -3.68 0.000130296
0.68 -3.64 0.000130296
0.68 -3.6 0.000130296
0.68 -3.56 0.000130296
0.68 -3.52 0.000130296
0.68 -3.48 0.000130296
0.68 -3.44 0.000130296
0.68 -3.4 0.000130296
0.68 -3.36 0.000130296
0.68 -3.32 0.000130296
0.68 -3.28 0.000130296
0.68 -3.24 0.000130296
0.68 -3.2 0.000130296
0.68 -3.16 0.000130296
0.68 -3.12 0.000130296
0.68 -3.08 0.000130296
0.68 -3.04 0.000130296
0.68 -3 0.000130296
0.68 -2.96 0.000130098
0.68 -2.92 0.000147919
0.68 -2.88 0.000149596
0.68 -2.84 0.000154192
0.68 -2.8 0.000164316
0.68 -2.76 0.000179893
0.68 -2.72 0.000172095
0.68 -2.68 0.000187993
0.68 -2.64 0.000214984
0.68 -2.6 0.000235995
0.68 -2.56 0.00025497
0.68 -2.52 0.000291429
0.68 -2.48 0.000302333
0.68 -2.44 0.000334708
0.68 -2.4 0.000386259
0.68 -2.36 0.000460078
0.68 -2.32 0.000512549
0.68 -2.28 0.00059834
0.68 -2.24 0.000709069
0.68 -2.2 0.000970654
0.68 -2.16 0.0012281
0.68 -2.12 0.00169743
0.68 -2.08 0.00223308
0.68 -2.04 0.0027529
0.68 -2 0.00343819
0.68 -1.96 0.00358617
0.68 -1.92 0.00371344
0.68 -1.88 0.00367935
0.68 -1.84 0.00366904
0.68 -1.8 0.00365841
0.68 -1.76 0.00373629
0.68 -1.72 0.00351848
0.68 -1.68 0.00343798
0.68 -1.64 0.00346519
0.68 -1.6 0.00323633
0.68 -1.56 0.00316512
0.68 -1.52 0.00322436
0.68 -1.48 0.00300823
0.68 -1.44 0.00283993
0.68 -1.4 0.00283339
0.68 -1.36 0.00272684
0.68 -1.32 0.00270936
0.68 -1.28 0.00264445
0.68 -1.24 0.00249481
0.68 -1.2 0.00239395
0.68 -1.16 0.00233697
0.68 -1.12 0.0022616
0.68 -1.08 0.0022359
0.68 -1.04 0.00213521
0.68 -1 0.00209596
0.68 -0.96 0.0019777
0.68 -0.92 0.0019371
0.68 -0.88 0.0018337
0.68 -0.84 0.00178733
0.68 -0.8 0.00169777
0.68 -0.76 0.00161952
0.68 -0.72 0.00154431
0.68 -0.68 0.00149488
0.68 -0.64 0.00141996
0.68 -0.6 0.001303
0.68 -0.56 0.0012253
0.68 -0.52 0.00110757
0.68 -0.48 0.000980956
0.68 -0.44 0.000928478
0.68 -0.4 0.000835783
0.68 -0.36 0.000803859
0.68 -0.32 0.000762401
0.68 -0.28 0.000717801
0.68 -0.24 0.000669803
0.68 -0.2 0.000626821
0.68 -0.16 0.000585153
0.68 -0.12 0.000530679
0.68 -0.08 0.000458265
0.68 -0.04 0.000368161
0.68 0 0.000275482
0.68 0.04 0.000206615
0.68 0.08 0.000162591
0.68 0.12 0.000133953
0.68 0.16 0.000114164
0.68 0.2 9.96636e-05
0.68 0.24 8.85463e-05
0.68 0.28 7.97211e-05
0.68 0.32 7.251e-05
0.68 0.36 6.64957e-05
0.68 0.4 6.13826e-05
0.68 0.44 5.69766e-05
0.68 0.48 5.31322e-05
0.68 0.52 4.97477e-05
0.68 0.56 4.6734e-05
0.68 0.6 4.40414e-05
0.68 0.64 4.16109e-05
0.68 0.68 3.9416e-05
0.68 0.72 3.74129e-05
0.68 0.76 3.5585e-05
0.68 0.8 3.39012e-05
0.68 0.84 3.23564e-05
0.68 0.88 3.09245e-05
0.68 0.92 2.96041e-05
0.68 0.96 2.83757e-05
0.68 1 0
0.68 1.04 0
0.68 1.08 0
0.68 1.12 0
0.68 1.16 0
0.68 1.2 0
0.68 1.24 0
0.68 1.28 0
0.68 1.32 0
0.68 1.36 0
0.68 1.4 0
0.68 1.44 0
0.68 1.48 0
0.68 1.52 0
0.68 1.56 0
0.68 1.6 0
0.68 1.64 0
0.68 1.68 0
0.68 1.72 0
0.68 1.76 0
0.68 1.8 0
0.68 1.84 0
0.68 1.88 0
0.68 1.92 0
0.68 1.96 0
0.68 2 0
0.68 2.04 0
0.68 2.08 0
0.68 2.12 0
0.68 2.16 0
0.68 2.2 0
0.68 2.24 0
0.68 2.28 0
0.68 2.32 0
0.68 2.36 0
0.68 2.4 0
0.68 2.44 0
0.68 2.48 0
0.68 2.52 0
0.68 2.56 0
0.68 2.6 0
0.68 2.64 0
0.68 2.68 0
0.68 2.72 0
0.68 2.76 0
0.68 2.8 0
0.68 2.84 0
0.68 2.88 0
0.68 2.92 0
0.68 2.96 0
0.68 3 0
0.685 -5 0.000129101
0.685 -4.96 0.000129101
0.685 -4.92 0.000129101
0.685 -4.88 0.000129101
0.685 -4.84 0.000129101
0.685 -4.8 0.000129101
0.685 -4.76 0.000129101
0.685 -4.72 0.000129101
0.685 -4.68 0.000129101
0.685 -4.64 0.000129101
0.685 -4.6 0.000129101
0.685 -4.56 0.000129101
0.685 -4.52 0.000129101
0.685 -4.48 0.000129101
0.685 -4.44 0.000129101
0.685 -4.4 0.000129101
0.685 -4.36 0.000129101
0.685 -4.32 0.000129101
0.685 -4.28 0.000129101
0.685 -4.24 0.000129101
0.685 -4.2 0.000129101
0.685 -4.16 0.000129101
0.685 -4.12 0.000129101
0.685 -4.08 0.000129101
0.685 -4.04 0.000129101
0.685 -4 0.000129101
0.685 -3.96 0.000129101
0.685 -3.92 0.000129101
0.685 -3.88 0.000129101
0.685 -3.84 0.000129101
0.685 -3.8 0.000129101
0.685 -3.76 0.000129101
0.685 -3.72 0.000129101
0.685 -3.68 0.000129101
0.685 -3.64 0.000129101
0.685 -3.6 0.000129101
0.685 -3.56 0.000129101
0.685 -3.52 0.000129101
0.685 -3.48 0.000129101
0.685 -3.44 0.000129101
0.685 -3.4 0.000129101
0.685 -3.36 0.000129101
0.685 -3.32 0.000129101
0.685 -3.28 0.000129101
0.685 -3.24 0.000129101
0.685 -3.2 0.000129101
0.685 -3.16 0.000129101
0.685 -3.12 0.000129101
0.685 -3.08 0.000129101
0.685 -3.04 0.000129101
0.685 -3 0.000129101
0.685 -2.96 0.000127977
0.685 -2.92 0.000145423
0.685 -2.88 0.000149625
0.685 -2.84 0.000157243
0.685 -2.8 0.000165415
0.685 -2.76 0.000181008
0.685 -2.72 0.000168253
0.685 -2.68 0.000194899
0.685 -2.64 0.000213493
0.685 -2.6 0.000239569
0.685 -2.56 0.00025199
0.685 -2.52 0.000295081
0.685 -2.48 0.000301605
0.685 -2.44 0.000336539
0.685 -2.4 0.000377952
0.685 -2.36 0.000464286
0.685 -2.32 0.000509568
0.685 -2.28 0.000599864
0.685 -2.24 0.00071367
0.685 -2.2 0.000964294
0.685 -2.16 0.00122411
0.685 -2.12 0.00169941
0.685 -2.08 0.00225386
0.685 -2.04 0.00278349
0.685 -2 0.00345743
0.685 -1.96 0.0036285
0.685 -1.92 0.00374988
0.685 -1.88 0.00371304
0.685 -1.84 0.00371365
0.685 -1.8 0.00368812
0.685 -1.76 0.00376114
0.685 -1.72 0.00354041
0.685 -1.68 0.00345663
0.685 -1.64 0.00346635
0.685 -1.6 0.00323026
0.685 -1.56 0.00316468
0.685 -1.52 0.00317826
0.685 -1.48 0.00302249
0.685 -1.44 0.00283194
0.685 -1.4 0.00283535
0.685 -1.36 0.00269965
0.685 -1.32 0.0026885
0.685 -1.28 0.00263173
0.685 -1.24 0.00249767
0.685 -1.2 0.00242083
0.685 -1.16 0.00231799
0.685 -1.12 0.00223677
0.685 -1.08 0.00217972
0.685 -1.04 0.00211461
0.685 -1 0.00209428
0.685 -0.96 0.00195253
0.685 -0.92 0.00192464
0.685 -0.88 0.00182785
0.685 -0.84 0.00176081
0.685 -0.8 0.00167413
0.685 -0.76 0.00160032
0.685 -0.72 0.00152059
0.685 -0.68 0.00150825
0.685 -0.64 0.00139899
0.685 -0.6 0.00128751
0.685 -0.56 0.00120359
0.685 -0.52 0.00110603
0.685 -0.48 0.000940913
0.685 -0.44 0.00092405
0.685 -0.4 0.00082758
0.685 -0.36 0.000791836
0.685 -0.32 0.000774163
0.685 -0.28 0.000679824
0.685 -0.24 0.000671103
0.685 -0.2 0.000627484
0.685 -0.16 0.000574796
0.685 -0.12 0.000518075
0.685 -0.08 0.000448611
0.685 -0.04 0.000359348
0.685 0 0.000268715
0.685 0.04 0.000202058
0.685 0.08 0.000159477
0.685 0.12 0.0001317
0.685 0.16 0.000112445
0.685 0.2 9.8297e-05
0.685 0.24 8.74258e-05
0.685 0.28 7.87803e-05
0.685 0.32 7.17054e-05
0.685 0.36 6.57975e-05
0.685 0.4 6.07693e-05
0.685 0.44 5.64329e-05
0.685 0.48 5.26454e-05
0.685 0.52 4.93095e-05
0.685 0.56 4.63365e-05
0.685 0.6 4.36791e-05
0.685 0.64 4.12793e-05
0.685 0.68 3.91113e-05
0.685 0.72 3.71318e-05
0.685 0.76 3.53243e-05
0.685 0.8 3.36589e-05
0.685 0.84 3.2131e-05
0.685 0.88 3.07138e-05
0.685 0.92 2.94067e-05
0.685 0.96 2.81906e-05
0.685 1 0
0.685 1.04 0
0.685 1.08 0
0.685 1.12 0
0.685 1.16 0
0.685 1.2 0
0.685 1.24 0
0.685 1.28 0
0.685 1.32 0
0.685 1.36 0
0.685 1.4 0
0.685 1.44 0
0.685 1.48 0
0.685 1.52 0
0.685 1.56 0
0.685 1.6 0
0.685 1.64 0
0.685 1.68 0
0.685 1.72 0
0.685 1.76 0
0.685 1.8 0
0.685 1.84 0
0.685 1.88 0
0.685 1.92 0
0.685 1.96 0
0.685 2 0
0.685 2.04 0
0.685 2.08 0
0.685 2.12 0
0.685 2.16 0
0.685 2.2 0
0.685 2.24 0
0.685 2.28 0
0.685 2.32 0
0.685 2.36 0
0.685 2.4 0
0.685 2.44 0
0.685 2.48 0
0.685 2.52 0
0.685 2.56 0
0.685 2.6 0
0.685 2.64 0
0.685 2.68 0
0.685 2.72 0
0.685 2.76 0
0.685 2.8 0
0.685 2.84 0
0.685 2.88 0
0.685 2.92 0
0.685 2.96 0
0.685 3 0
0.69 -5 0.00013036
0.69 -4.96 0.00013036
0.69 -4.92 0.00013036
0.69 -4.88 0.00013036
0.69 -4.84 0.00013036
0.69 -4.8 0.00013036
0.69 -4.76 0.00013036
0.69 -4.72 0.00013036
0.69 -4.68 0.00013036
0.69 -4.64 0.00013036
0.69 -4.6 0.00013036
0.69 -4.56 0.00013036
0.69 -4.52 0.00013036
0.69 -4.48 0.00013036
0.69 -4.44 0.00013036
0.69 -4.4 0.00013036
0.69 -4.36 0.00013036
0.69 -4.32 0.00013036
0.69 -4.28 0.00013036
0.69 -4.24 0.00013036
0.69 -4.2 0.00013036
0.69 -4.16 0.00013036
0.69 -4.12 0.00013036
0.69 -4.08 0.00013036
0.69 -4.04 0.00013036
0.69 -4 0.00013036
0.69 -3.96 0.00013036
0.69 -3.92 0.00013036
0.69 -3.88 0.00013036
0.69 -3.84 0.00013036
0.69 -3.8 0.00013036
0.69 -3.76 0.00013036
0.69 -3.72 0.00013036
0.69 -3.68 0.00013036
0.69 -3.64 0.00013036
0.69 -3.6 0.00013036
0.69 -3.56 0.00013036
0.69 -3.52 0.00013036
0.69 -3.48 0.00013036
0.69 -3.44 0.00013036
0.69 -3.4 0.00013036
0.69 -3.36 0.00013036
0.69 -3.32 0.00013036
0.69 -3.28 0.00013036
0.69 -3.24 0.00013036
0.69 -3.2 0.00013036
0.69 -3.16 0.00013036
0.69 -3.12 0.00013036
0.69 -3.08 0.00013036
0.69 -3.04 0.00013036
0.69 -3 0.00013036
0.69 -2.96 0.00012652
0.69 -2.92 0.000147221
0.69 -2.88 0.000148765
0.69 -2.84 0.000160111
0.69 -2.8 0.000163422
0.69 -2.76 0.000182378
0.69 -2.72 0.000166285
0.69 -2.68 0.000196147
0.69 -2.64 0.000211704
0.69 -2.6 0.000244208
0.69 -2.56 0.000249198
0.69 -2.52 0.000296942
0.69 -2.48 0.000304012
0.69 -2.44 0.000334567
0.69 -2.4 0.000378508
0.69 -2.36 0.000466474
0.69 -2.32 0.000509974
0.69 -2.28 0.000600054
0.69 -2.24 0.000721405
0.69 -2.2 0.00095335
0.69 -2.16 0.00121613
0.69 -2.12 0.00170953
0.69 -2.08 0.00227219
0.69 -2.04 0.00280637
0.69 -2 0.00347771
0.69 -1.96 0.0036801
0.69 -1.92 0.00377119
0.69 -1.88 0.00376314
0.69 -1.84 0.00375525
0.69 -1.8 0.00371615
0.69 -1.76 0.00381184
0.69 -1.72 0.00355714
0.69 -1.68 0.00345233
0.69 -1.64 0.00345305
0.69 -1.6 0.00323178
0.69 -1.56 0.00317219
0.69 -1.52 0.00315761
0.69 -1.48 0.00302432
0.69 -1.44 0.00281399
0.69 -1.4 0.00283525
0.69 -1.36 0.00269049
0.69 -1.32 0.00267386
0.69 -1.28 0.00261596
0.69 -1.24 0.00247967
0.69 -1.2 0.00241322
0.69 -1.16 0.00230049
0.69 -1.12 0.00223816
0.69 -1.08 0.00214218
0.69 -1.04 0.00209362
0.69 -1 0.00207293
0.69 -0.96 0.00191138
0.69 -0.92 0.00190401
0.69 -0.88 0.00181339
0.69 -0.84 0.00172323
0.69 -0.8 0.00165375
0.69 -0.76 0.00159787
0.69 -0.72 0.00149715
0.69 -0.68 0.00149069
0.69 -0.64 0.00136326
0.69 -0.6 0.00128257
0.69 -0.56 0.00119554
0.69 -0.52 0.00110841
0.69 -0.48 0.00093536
0.69 -0.44 0.000911538
0.69 -0.4 0.000827756
0.69 -0.36 0.000778458
0.69 -0.32 0.000750008
0.69 -0.28 0.000673834
0.69 -0.24 0.000670422
0.69 -0.2 0.000624175
0.69 -0.16 0.00056774
0.69 -0.12 0.000508591
0.69 -0.08 0.000439661
0.69 -0.04 0.000350802
0.69 0 0.000262101
0.69 0.04 0.000197612
0.69 0.08 0.000156436
0.69 0.12 0.000129496
0.69 0.16 0.000110762
0.69 0.2 9.69587e-05
0.69 0.24 8.63279e-05
0.69 0.28 7.78582e-05
0.69 0.32 7.09166e-05
0.69 0.36 6.51128e-05
0.69 0.4 6.01676e-05
0.69 0.44 5.58995e-05
0.69 0.48 5.21677e-05
0.69 0.52 4.88795e-05
0.69 0.56 4.59463e-05
0.69 0.6 4.33235e-05
0.69 0.64 4.09538e-05
0.69 0.68 3.88121e-05
0.69 0.72 3.68558e-05
0.69 0.76 3.50684e-05
0.69 0.8 3.34208e-05
0.69 0.84 3.19096e-05
0.69 0.88 3.05069e-05
0.69 0.92 2.92128e-05
0.69 0.96 2.80087e-05
0.69 1 0
0.69 1.04 0
0.69 1.08 0
0.69 1.12 0
0.69 1.16 0
0.69 1.2 0
0.69 1.24 0
0.69 1.28 0
0.69 1.32 0
0.69 1.36 0
0.69 1.4 0
0.69 1.44 0
0.69 1.48 0
0.69 1.52 0
0.69 1.56 0
0.69 1.6 0
0.69 1.64 0
0.69 1.68 0
0.69 1.72 0
0.69 1.76 0
0.69 1.8 0
0.69 1.84 0
0.69 1.88 0
0.69 1.92 0
0.69 1.96 0
0.69 2 0
0.69 2.04 0
0.69 2.08 0
0.69 2.12 0
0.69 2.16 0
0.69 2.2 0
0.69 2.24 0
0.69 2.28 0
0.69 2.32 0
0.69 2.36 0
0.69 2.4 0
0.69 2.44 0
0.69 2.48 0
0.69 2.52 0
0.69 2.56 0
0.69 2.6 0
0.69 2.64 0
0.69 2.68 0
0.69 2.72 0
0.69 2.76 0
0.69 2.8 0
0.69 2.84 0
0.69 2.88 0
0.69 2.92 0
0.69 2.96 0
0.69 3 0
0.695 -5 0.000133385
0.695 -4.96 0.000133385
0.695 -4.92 0.000133385
0.695 -4.88 0.000133385
0.695 -4.84 0.000133385
0.695 -4.8 0.000133385
0.695 -4.76 0.000133385
0.695 -4.72 0.000133385
0.695 -4.68 0.000133385
0.695 -4.64 0.000133385
0.695 -4.6 0.000133385
0.695 -4.56 0.000133385
0.695 -4.52 0.000133385
0.695 -4.48 0.000133385
0.695 -4.44 0.000133385
0.695 -4.4 0.000133385
0.695 -4.36 0.000133385
0.695 -4.32 0.000133385
0.695 -4.28 0.000133385
0.695 -4.24 0.000133385
0.695 -4.2 0.000133385
0.695 -4.16 0.000133385
0.695 -4.12 0.000133385
0.695 -4.08 0.000133385
0.695 -4.04 0.000133385
0.695 -4 0.000133385
0.695 -3.96 0.000133385
0.695 -3.92 0.000133385
0.695 -3.88 0.000133385
0.695 -3.84 0.000133385
0.695 -3.8 0.000133385
0.695 -3.76 0.000133385
0.695 -3.72 0.000133385
0.695 -3.68 0.000133385
0.695 -3.64 0.000133385
0.695 -3.6 0.000133385
0.695 -3.56 0.000133385
0.695 -3.52 0.000133385
0.695 -3.48 0.000133385
0.695 -3.44 0.000133385
0.695 -3.4 0.000133385
0.695 -3.36 0.000133385
0.695 -3.32 0.000133385
0.695 -3.28 0.000133385
0.695 -3.24 0.000133385
0.695 -3.2 0.000133385
0.695 -3.16 0.000133385
0.695 -3.12 0.000133385
0.695 -3.08 0.000133385
0.695 -3.04 0.000133385
0.695 -3 0.000133385
0.695 -2.96 0.000125471
0.695 -2.92 0.000149119
0.695 -2.88 0.000148025
0.695 -2.84 0.000163463
0.695 -2.8 0.000160879
0.695 -2.76 0.0001805
0.695 -2.72 0.000169608
0.695 -2.68 0.000191519
0.695 -2.64 0.000211543
0.695 -2.6 0.000243877
0.695 -2.56 0.000251274
0.695 -2.52 0.000290597
0.695 -2.48 0.000305448
0.695 -2.44 0.000329795
0.695 -2.4 0.000375302
0.695 -2.36 0.000465889
0.695 -2.32 0.000514372
0.695 -2.28 0.000599297
0.695 -2.24 0.000726293
0.695 -2.2 0.000939505
0.695 -2.16 0.00120689
0.695 -2.12 0.00172062
0.695 -2.08 0.00227632
0.695 -2.04 0.00282932
0.695 -2 0.00352469
0.695 -1.96 0.003729
0.695 -1.92 0.00381293
0.695 -1.88 0.00382389
0.695 -1.84 0.00379199
0.695 -1.8 0.00373616
0.695 -1.76 0.00383919
0.695 -1.72 0.0035619
0.695 -1.68 0.00344129
0.695 -1.64 0.00344489
0.695 -1.6 0.00324478
0.695 -1.56 0.00318637
0.695 -1.52 0.00318327
0.695 -1.48 0.00301922
0.695 -1.44 0.0028145
0.695 -1.4 0.00282225
0.695 -1.36 0.00269449
0.695 -1.32 0.00265824
0.695 -1.28 0.00259574
0.695 -1.24 0.00246452
0.695 -1.2 0.00237214
0.695 -1.16 0.00228998
0.695 -1.12 0.00224521
0.695 -1.08 0.00214434
0.695 -1.04 0.00208866
0.695 -1 0.00202378
0.695 -0.96 0.00187802
0.695 -0.92 0.00189146
0.695 -0.88 0.00176663
0.695 -0.84 0.00168912
0.695 -0.8 0.00164805
0.695 -0.76 0.00160514
0.695 -0.72 0.00146687
0.695 -0.68 0.00144665
0.695 -0.64 0.00133729
0.695 -0.6 0.00127225
0.695 -0.56 0.00119643
0.695 -0.52 0.00109589
0.695 -0.48 0.000963264
0.695 -0.44 0.000888538
0.695 -0.4 0.000816839
0.695 -0.36 0.000762765
0.695 -0.32 0.000706547
0.695 -0.28 0.000690696
0.695 -0.24 0.000657366
0.695 -0.2 0.000607362
0.695 -0.16 0.000561003
0.695 -0.12 0.000501938
0.695 -0.08 0.000430704
0.695 -0.04 0.000342487
0.695 0 0.000255639
0.695 0.04 0.000193277
0.695 0.08 0.000153468
0.695 0.12 0.000127343
0.695 0.16 0.000109115
0.695 0.2 9.56485e-05
0.695 0.24 8.52525e-05
0.695 0.28 7.69546e-05
0.695 0.32 7.01433e-05
0.695 0.36 6.44415e-05
0.695 0.4 5.95776e-05
0.695 0.44 5.53763e-05
0.695 0.48 5.16991e-05
0.695 0.52 4.84575e-05
0.695 0.56 4.55633e-05
0.695 0.6 4.29746e-05
0.695 0.64 4.06343e-05
0.695 0.68 3.85185e-05
0.695 0.72 3.65849e-05
0.695 0.76 3.48171e-05
0.695 0.8 3.31871e-05
0.695 0.84 3.16922e-05
0.695 0.88 3.03038e-05
0.695 0.92 2.90224e-05
0.695 0.96 2.783e-05
0.695 1 0
0.695 1.04 0
0.695 1.08 0
0.695 1.12 0
0.695 1.16 0
0.695 1.2 0
0.695 1.24 0
0.695 1.28 0
0.695 1.32 0
0.695 1.36 0
0.695 1.4 0
0.695 1.44 0
0.695 1.48 0
0.695 1.52 0
0.695 1.56 0
0.695 1.6 0
0.695 1.64 0
0.695 1.68 0
0.695 1.72 0
0.695 1.76 0
0.695 1.8 0
0.695 1.84 0
0.695 1.88 0
0.695 1.92 0
0.695 1.96 0
0.695 2 0
0.695 2.04 0
0.695 2.08 0
0.695 2.12 0
0.695 2.16 0
0.695 2.2 0
0.695 2.24 0
0.695 2.28 0
0.695 2.32 0
0.695 2.36 0
0.695 2.4 0
0.695 2.44 0
0.695 2.48 0
0.695 2.52 0
0.695 2.56 0
0.695 2.6 0
0.695 2.64 0
0.695 2.68 0
0.695 2.72 0
0.695 2.76 0
0.695 2.8 0
0.695 2.84 0
0.695 2.88 0
0.695 2.92 0
0.695 2.96 0
0.695 3 0
0.7 -5 0.000135933
0.7 -4.96 0.000135933
0.7 -4.92 0.000135933
0.7 -4.88 0.000135933
0.7 -4.84 0.000135933
0.7 -4.8 0.000135933
0.7 -4.76 0.000135933
0.7 -4.72 0.000135933
0.7 -4.68 0.000135933
0.7 -4.64 0.000135933
0.7 -4.6 0.000135933
0.7 -4.56 0.000135933
0.7 -4.52 0.000135933
0.7 -4.48 0.000135933
0.7 -4.44 0.000135933
0.7 -4.4 0.000135933
0.7 -4.36 0.000135933
0.7 -4.32 0.000135933
0.7 -4.28 0.000135933
0.7 -4.24 0.000135933
0.7 -4.2 0.000135933
0.7 -4.16 0.000135933
0.7 -4.12 0.000135933
0.7 -4.08 0.000135933
0.7 -4.04 0.000135933
0.7 -4 0.000135933
0.7 -3.96 0.000135933
0.7 -3.92 0.000135933
0.7 -3.88 0.000135933
0.7 -3.84 0.000135933
0.7 -3.8 0.000135933
0.7 -3.76 0.000135933
0.7 -3.72 0.000135933
0.7 -3.68 0.000135933
0.7 -3.64 0.000135933
0.7 -3.6 0.000135933
0.7 -3.56 0.000135933
0.7 -3.52 0.000135933
0.7 -3.48 0.000135933
0.7 -3.44 0.000135933
0.7 -3.4 0.000135933
0.7 -3.36 0.000135933
0.7 -3.32 0.000135933
0.7 -3.28 0.000135933
0.7 -3.24 0.000135933
0.7 -3.2 0.000135933
0.7 -3.16 0.000135933
0.7 -3.12 0.000135933
0.7 -3.08 0.000135933
0.7 -3.04 0.000135933
0.7 -3 0.000135933
0.7 -2.96 0.000124364
0.7 -2.92 0.00014665
0.7 -2.88 0.000148139
0.7 -2.84 0.000165226
0.7 -2.8 0.000161072
0.7 -2.76 0.000175108
0.7 -2.72 0.00017336
0.7 -2.68 0.000190955
0.7 -2.64 0.000211914
0.7 -2.6 0.00024013
0.7 -2.56 0.000254388
0.7 -2.52 0.000280015
0.7 -2.48 0.000300552
0.7 -2.44 0.00032454
0.7 -2.4 0.000362991
0.7 -2.36 0.000465354
0.7 -2.32 0.000515717
0.7 -2.28 0.0005982
0.7 -2.24 0.000723112
0.7 -2.2 0.000928803
0.7 -2.16 0.00120116
0.7 -2.12 0.00172419
0.7 -2.08 0.00227434
0.7 -2.04 0.00286296
0.7 -2 0.0035861
0.7 -1.96 0.00377469
0.7 -1.92 0.00388283
0.7 -1.88 0.00388174
0.7 -1.84 0.00381852
0.7 -1.8 0.00376094
0.7 -1.76 0.00383582
0.7 -1.72 0.0035676
0.7 -1.68 0.00344721
0.7 -1.64 0.00344803
0.7 -1.6 0.00326312
0.7 -1.56 0.00320484
0.7 -1.52 0.00319745
0.7 -1.48 0.00301359
0.7 -1.44 0.00284004
0.7 -1.4 0.00280637
0.7 -1.36 0.00268066
0.7 -1.32 0.00263549
0.7 -1.28 0.00257611
0.7 -1.24 0.002458
0.7 -1.2 0.00235652
0.7 -1.16 0.00228412
0.7 -1.12 0.00222629
0.7 -1.08 0.0021509
0.7 -1.04 0.00208762
0.7 -1 0.0019833
0.7 -0.96 0.0018628
0.7 -0.92 0.00188347
0.7 -0.88 0.00171231
0.7 -0.84 0.0016732
0.7 -0.8 0.00165504
0.7 -0.76 0.0015927
0.7 -0.72 0.00144853
0.7 -0.68 0.00140708
0.7 -0.64 0.00133074
0.7 -0.6 0.00124552
0.7 -0.56 0.00118056
0.7 -0.52 0.00106786
0.7 -0.48 0.00097866
0.7 -0.44 0.000863521
0.7 -0.4 0.000795765
0.7 -0.36 0.000744343
0.7 -0.32 0.000682159
0.7 -0.28 0.000691916
0.7 -0.24 0.000635733
0.7 -0.2 0.000585794
0.7 -0.16 0.000552452
0.7 -0.12 0.000494831
0.7 -0.08 0.000421125
0.7 -0.04 0.000334247
0.7 0 0.000249331
0.7 0.04 0.000189053
0.7 0.08 0.000150573
0.7 0.12 0.000125239
0.7 0.16 0.000107505
0.7 0.2 9.43661e-05
0.7 0.24 8.41994e-05
0.7 0.28 7.60694e-05
0.7 0.32 6.93856e-05
0.7 0.36 6.37835e-05
0.7 0.4 5.89992e-05
0.7 0.44 5.48633e-05
0.7 0.48 5.12396e-05
0.7 0.52 4.80436e-05
0.7 0.56 4.51877e-05
0.7 0.6 4.26322e-05
0.7 0.64 4.03209e-05
0.7 0.68 3.82304e-05
0.7 0.72 3.6319e-05
0.7 0.76 3.45705e-05
0.7 0.8 3.29578e-05
0.7 0.84 3.14788e-05
0.7 0.88 3.01043e-05
0.7 0.92 2.88354e-05
0.7 0.96 2.76546e-05
0.7 1 0
0.7 1.04 0
0.7 1.08 0
0.7 1.12 0
0.7 1.16 0
0.7 1.2 0
0.7 1.24 0
0.7 1.28 0
0.7 1.32 0
0.7 1.36 0
0.7 1.4 0
0.7 1.44 0
0.7 1.48 0
0.7 1.52 0
0.7 1.56 0
0.7 1.6 0
0.7 1.64 0
0.7 1.68 0
0.7 1.72 0
0.7 1.76 0
0.7 1.8 0
0.7 1.84 0
0.7 1.88 0
0.7 1.92 0
0.7 1.96 0
0.7 2 0
0.7 2.04 0
0.7 2.08 0
0.7 2.12 0
0.7 2.16 0
0.7 2.2 0
0.7 2.24 0
0.7 2.28 0
0.7 2.32 0
0.7 2.36 0
0.7 2.4 0
0.7 2.44 0
0.7 2.48 0
0.7 2.52 0
0.7 2.56 0
0.7 2.6 0
0.7 2.64 0
0.7 2.68 0
0.7 2.72 0
0.7 2.76 0
0.7 2.8 0
0.7 2.84 0
0.7 2.88 0
0.7 2.92 0
0.7 2.96 0
0.7 3 0
0.705 -5 0.000136081
0.705 -4.96 0.000136081
0.705 -4.92 0.000136081
0.705 -4.88 0.000136081
0.705 -4.84 0.000136081
0.705 -4.8 0.000136081
0.705 -4.76 0.000136081
0.705 -4.72 0.000136081
0.705 -4.68 0.000136081
0.705 -4.64 0.000136081
0.705 -4.6 0.000136081
0.705 -4.56 0.000136081
0.705 -4.52 0.000136081
0.705 -4.48 0.000136081
0.705 -4.44 0.000136081
0.705 -4.4 0.000136081
0.705 -4.36 0.000136081
0.705 -4.32 0.000136081
0.705 -4.28 0.000136081
0.705 -4.24 0.000136081
0.705 -4.2 0.000136081
0.705 -4.16 0.000136081
0.705 -4.12 0.000136081
0.705 -4.08 0.000136081
0.705 -4.04 0.000136081
0.705 -4 0.000136081
0.705 -3.96 0.000136081
0.705 -3.92 0.000136081
0.705 -3.88 0.000136081
0.705 -3.84 0.000136081
0.705 -3.8 0.000136081
0.705 -3.76 0.000136081
0.705 -3.72 0.000136081
0.705 -3.68 0.000136081
0.705 -3.64 0.000136081
0.705 -3.6 0.000136081
0.705 -3.56 0.000136081
0.705 -3.52 0.000136081
0.705 -3.48 0.000136081
0.705 -3.44 0.000136081
0.705 -3.4 0.000136081
0.705 -3.36 0.000136081
0.705 -3.32 0.000136081
0.705 -3.28 0.000136081
0.705 -3.24 0.000136081
0.705 -3.2 0.000136081
0.705 -3.16 0.000136081
0.705 -3.12 0.000136081
0.705 -3.08 0.000136081
0.705 -3.04 0.000136081
0.705 -3 0.000136081
0.705 -2.96 0.000123756
0.705 -2.92 0.000142489
0.705 -2.88 0.000148111
0.705 -2.84 0.000163222
0.705 -2.8 0.000164049
0.705 -2.76 0.000170272
0.705 -2.72 0.000174261
0.705 -2.68 0.000194878
0.705 -2.64 0.000211355
0.705 -2.6 0.000239195
0.705 -2.56 0.000253094
0.705 -2.52 0.000275336
0.705 -2.48 0.000290694
0.705 -2.44 0.000319677
0.705 -2.4 0.000353808
0.705 -2.36 0.000466145
0.705 -2.32 0.000511001
0.705 -2.28 0.0005956
0.705 -2.24 0.000714138
0.705 -2.2 0.000924176
0.705 -2.16 0.00120057
0.705 -2.12 0.0017213
0.705 -2.08 0.00227858
0.705 -2.04 0.00290236
0.705 -2 0.00363621
0.705 -1.96 0.00382783
0.705 -1.92 0.00395006
0.705 -1.88 0.00393785
0.705 -1.84 0.00383608
0.705 -1.8 0.00380038
0.705 -1.76 0.00384769
0.705 -1.72 0.0035847
0.705 -1.68 0.00346312
0.705 -1.64 0.00345381
0.705 -1.6 0.00327652
0.705 -1.56 0.00322209
0.705 -1.52 0.00315835
0.705 -1.48 0.0030074
0.705 -1.44 0.00285168
0.705 -1.4 0.00280501
0.705 -1.36 0.00264613
0.705 -1.32 0.00261591
0.705 -1.28 0.00255634
0.705 -1.24 0.00244326
0.705 -1.2 0.0023825
0.705 -1.16 0.00227693
0.705 -1.12 0.00219123
0.705 -1.08 0.00213153
0.705 -1.04 0.0020708
0.705 -1 0.00197835
0.705 -0.96 0.00185538
0.705 -0.92 0.00185698
0.705 -0.88 0.00169254
0.705 -0.84 0.00166867
0.705 -0.8 0.00165357
0.705 -0.76 0.00155421
0.705 -0.72 0.00146248
0.705 -0.68 0.0013872
0.705 -0.64 0.00133837
0.705 -0.6 0.00121648
0.705 -0.56 0.00114488
0.705 -0.52 0.001051
0.705 -0.48 0.000954999
0.705 -0.44 0.000845979
0.705 -0.4 0.00078189
0.705 -0.36 0.000729435
0.705 -0.32 0.000691689
0.705 -0.28 0.000669262
0.705 -0.24 0.000618921
0.705 -0.2 0.000575143
0.705 -0.16 0.000542161
0.705 -0.12 0.0004849
0.705 -0.08 0.000411278
0.705 -0.04 0.000325827
0.705 0 0.000243178
0.705 0.04 0.000184938
0.705 0.08 0.000147749
0.705 0.12 0.000123185
0.705 0.16 0.000105931
0.705 0.2 9.31115e-05
0.705 0.24 8.31686e-05
0.705 0.28 7.52025e-05
0.705 0.32 6.86433e-05
0.705 0.36 6.31387e-05
0.705 0.4 5.84322e-05
0.705 0.44 5.43603e-05
0.705 0.48 5.0789e-05
0.705 0.52 4.76378e-05
0.705 0.56 4.48193e-05
0.705 0.6 4.22964e-05
0.705 0.64 4.00134e-05
0.705 0.68 3.79477e-05
0.705 0.72 3.60582e-05
0.705 0.76 3.43286e-05
0.705 0.8 3.27327e-05
0.705 0.84 3.12693e-05
0.705 0.88 2.99086e-05
0.705 0.92 2.86519e-05
0.705 0.96 2.74824e-05
0.705 1 0
0.705 1.04 0
0.705 1.08 0
0.705 1.12 0
0.705 1.16 0
0.705 1.2 0
0.705 1.24 0
0.705 1.28 0
0.705 1.32 0
0.705 1.36 0
0.705 1.4 0
0.705 1.44 0
0.705 1.48 0
0.705 1.52 0
0.705 1.56 0
0.705 1.6 0
0.705 1.64 0
0.705 1.68 0
0.705 1.72 0
0.705 1.76 0
0.705 1.8 0
0.705 1.84 0
0.705 1.88 0
0.705 1.92 0
0.705 1.96 0
0.705 2 0
0.705 2.04 0
0.705 2.08 0
0.705 2.12 0
0.705 2.16 0
0.705 2.2 0
0.705 2.24 0
0.705 2.28 0
0.705 2.32 0
0.705 2.36 0
0.705 2.4 0
0.705 2.44 0
0.705 2.48 0
0.705 2.52 0
0.705 2.56 0
0.705 2.6 0
0.705 2.64 0
0.705 2.68 0
0.705 2.72 0
0.705 2.76 0
0.705 2.8 0
0.705 2.84 0
0.705 2.88 0
0.705 2.92 0
0.705 2.96 0
0.705 3 0
0.71 -5 0.000133829
0.71 -4.96 0.000133829
0.71 -4.92 0.000133829
0.71 -4.88 0.000133829
0.71 -4.84 0.000133829
0.71 -4.8 0.000133829
0.71 -4.76 0.000133829
0.71 -4.72 0.000133829
0.71 -4.68 0.000133829
0.71 -4.64 0.000133829
0.71 -4.6 0.000133829
0.71 -4.56 0.000133829
0.71 -4.52 0.000133829
0.71 -4.48 0.000133829
0.71 -4.44 0.000133829
0.71 -4.4 0.000133829
0.71 -4.36 0.000133829
0.71 -4.32 0.000133829
0.71 -4.28 0.000133829
0.71 -4.24 0.000133829
0.71 -4.2 0.000133829
0.71 -4.16 0.000133829
0.71 -4.12 0.000133829
0.71 -4.08 0.000133829
0.71 -4.04 0.000133829
0.71 -4 0.000133829
0.71 -3.96 0.000133829
0.71 -3.92 0.000133829
0.71 -3.88 0.000133829
0.71 -3.84 0.000133829
0.71 -3.8 0.000133829
0.71 -3.76 0.000133829
0.71 -3.72 0.000133829
0.71 -3.68 0.000133829
0.71 -3.64 0.000133829
0.71 -3.6 0.000133829
0.71 -3.56 0.000133829
0.71 -3.52 0.000133829
0.71 -3.48 0.000133829
0.71 -3.44 0.000133829
0.71 -3.4 0.000133829
0.71 -3.36 0.000133829
0.71 -3.32 0.000133829
0.71 -3.28 0.000133829
0.71 -3.24 0.000133829
0.71 -3.2 0.000133829
0.71 -3.16 0.000133829
0.71 -3.12 0.000133829
0.71 -3.08 0.000133829
0.71 -3.04 0.000133829
0.71 -3 0.000133829
0.71 -2.96 0.000123866
0.71 -2.92 0.000140934
0.71 -2.88 0.000146979
0.71 -2.84 0.000159209
0.71 -2.8 0.000167187
0.71 -2.76 0.000169226
0.71 -2.72 0.000175817
0.71 -2.68 0.000194411
0.71 -2.64 0.00021083
0.71 -2.6 0.000241052
0.71 -2.56 0.000250175
0.71 -2.52 0.000278406
0.71 -2.48 0.000283151
0.71 -2.44 0.000314755
0.71 -2.4 0.000355411
0.71 -2.36 0.000466311
0.71 -2.32 0.000506819
0.71 -2.28 0.000590731
0.71 -2.24 0.000705415
0.71 -2.2 0.000920634
0.71 -2.16 0.00120207
0.71 -2.12 0.00171948
0.71 -2.08 0.00228511
0.71 -2.04 0.0029337
0.71 -2 0.00367948
0.71 -1.96 0.0038931
0.71 -1.92 0.00399353
0.71 -1.88 0.00400106
0.71 -1.84 0.00385738
0.71 -1.8 0.00384242
0.71 -1.76 0.00389246
0.71 -1.72 0.00360551
0.71 -1.68 0.00346121
0.71 -1.64 0.00345507
0.71 -1.6 0.00328015
0.71 -1.56 0.00322718
0.71 -1.52 0.00311003
0.71 -1.48 0.00300073
0.71 -1.44 0.00282624
0.71 -1.4 0.0028157
0.71 -1.36 0.00262732
0.71 -1.32 0.00261211
0.71 -1.28 0.00253129
0.71 -1.24 0.00242046
0.71 -1.2 0.00239509
0.71 -1.16 0.00226304
0.71 -1.12 0.00217997
0.71 -1.08 0.00210806
0.71 -1.04 0.00204279
0.71 -1 0.00198246
0.71 -0.96 0.00184876
0.71 -0.92 0.00181383
0.71 -0.88 0.00170701
0.71 -0.84 0.00165737
0.71 -0.8 0.00163277
0.71 -0.76 0.00151955
0.71 -0.72 0.00149404
0.71 -0.68 0.00137358
0.71 -0.64 0.00134349
0.71 -0.6 0.00120818
0.71 -0.56 0.0011196
0.71 -0.52 0.00105626
0.71 -0.48 0.000921262
0.71 -0.44 0.000837476
0.71 -0.4 0.000783035
0.71 -0.36 0.000727868
0.71 -0.32 0.000711243
0.71 -0.28 0.000651173
0.71 -0.24 0.000612608
0.71 -0.2 0.000576729
0.71 -0.16 0.000530982
0.71 -0.12 0.000473062
0.71 -0.08 0.000402037
0.71 -0.04 0.000317198
0.71 0 0.000237179
0.71 0.04 0.000180931
0.71 0.08 0.000144996
0.71 0.12 0.000121179
0.71 0.16 0.000104393
0.71 0.2 9.18843e-05
0.71 0.24 8.21597e-05
0.71 0.28 7.43538e-05
0.71 0.32 6.79163e-05
0.71 0.36 6.2507e-05
0.71 0.4 5.78767e-05
0.71 0.44 5.38674e-05
0.71 0.48 5.03473e-05
0.71 0.52 4.72398e-05
0.71 0.56 4.4458e-05
0.71 0.6 4.1967e-05
0.71 0.64 3.97119e-05
0.71 0.68 3.76706e-05
0.71 0.72 3.58024e-05
0.71 0.76 3.40912e-05
0.71 0.8 3.25119e-05
0.71 0.84 3.10639e-05
0.71 0.88 2.97166e-05
0.71 0.92 2.84718e-05
0.71 0.96 2.73134e-05
0.71 1 0
0.71 1.04 0
0.71 1.08 0
0.71 1.12 0
0.71 1.16 0
0.71 1.2 0
0.71 1.24 0
0.71 1.28 0
0.71 1.32 0
0.71 1.36 0
0.71 1.4 0
0.71 1.44 0
0.71 1.48 0
0.71 1.52 0
0.71 1.56 0
0.71 1.6 0
0.71 1.64 0
0.71 1.68 0
0.71 1.72 0
0.71 1.76 0
0.71 1.8 0
0.71 1.84 0
0.71 1.88 0
0.71 1.92 0
0.71 1.96 0
0.71 2 0
0.71 2.04 0
0.71 2.08 0
0.71 2.12 0
0.71 2.16 0
0.71 2.2 0
0.71 2.24 0
0.71 2.28 0
0.71 2.32 0
0.71 2.36 0
0.71 2.4 0
0.71 2.44 0
0.71 2.48 0
0.71 2.52 0
0.71 2.56 0
0.71 2.6 0
0.71 2.64 0
0.71 2.68 0
0.71 2.72 0
0.71 2.76 0
0.71 2.8 0
0.71 2.84 0
0.71 2.88 0
0.71 2.92 0
0.71 2.96 0
0.71 3 0
0.715 -5 0.000131172
0.715 -4.96 0.000131172
0.715 -4.92 0.000131172
0.715 -4.88 0.000131172
0.715 -4.84 0.000131172
0.715 -4.8 0.000131172
0.715 -4.76 0.000131172
0.715 -4.72 0.000131172
0.715 -4.68 0.000131172
0.715 -4.64 0.000131172
0.715 -4.6 0.000131172
0.715 -4.56 0.000131172
0.715 -4.52 0.000131172
0.715 -4.48 0.000131172
0.715 -4.44 0.000131172
0.715 -4.4 0.000131172
0.715 -4.36 0.000131172
0.715 -4.32 0.000131172
0.715 -4.28 0.000131172
0.715 -4.24 0.000131172
0.715 -4.2 0.000131172
0.715 -4.16 0.000131172
0.715 -4.12 0.000131172
0.715 -4.08 0.000131172
0.715 -4.04 0.000131172
0.715 -4 0.000131172
0.715 -3.96 0.000131172
0.715 -3.92 0.000131172
0.715 -3.88 0.000131172
0.715 -3.84 0.000131172
0.715 -3.8 0.000131172
0.715 -3.76 0.000131172
0.715 -3.72 0.000131172
0.715 -3.68 0.000131172
0.715 -3.64 0.000131172
0.715 -3.6 0.000131172
0.715 -3.56 0.000131172
0.715 -3.52 0.000131172
0.715 -3.48 0.000131172
0.715 -3.44 0.000131172
0.715 -3.4 0.000131172
0.715 -3.36 0.000131172
0.715 -3.32 0.000131172
0.715 -3.28 0.000131172
0.715 -3.24 0.000131172
0.715 -3.2 0.000131172
0.715 -3.16 0.000131172
0.715 -3.12 0.000131172
0.715 -3.08 0.000131172
0.715 -3.04 0.000131172
0.715 -3 0.000131172
0.715 -2.96 0.000123788
0.715 -2.92 0.000140939
0.715 -2.88 0.000146021
0.715 -2.84 0.000156863
0.715 -2.8 0.000168197
0.715 -2.76 0.000170063
0.715 -2.72 0.000179955
0.715 -2.68 0.00019023
0.715 -2.64 0.000211951
0.715 -2.6 0.000238658
0.715 -2.56 0.000251008
0.715 -2.52 0.000279669
0.715 -2.48 0.000282485
0.715 -2.44 0.000309834
0.715 -2.4 0.000358313
0.715 -2.36 0.000464467
0.715 -2.32 0.0005093
0.715 -2.28 0.00058653
0.715 -2.24 0.000699479
0.715 -2.2 0.000913092
0.715 -2.16 0.00120192
0.715 -2.12 0.00172104
0.715 -2.08 0.00228427
0.715 -2.04 0.00295768
0.715 -2 0.00373548
0.715 -1.96 0.00396006
0.715 -1.92 0.00402938
0.715 -1.88 0.00406718
0.715 -1.84 0.00389301
0.715 -1.8 0.00387235
0.715 -1.76 0.00392675
0.715 -1.72 0.00361885
0.715 -1.68 0.00344185
0.715 -1.64 0.00345547
0.715 -1.6 0.00327737
0.715 -1.56 0.00321872
0.715 -1.52 0.0031093
0.715 -1.48 0.00299466
0.715 -1.44 0.00279784
0.715 -1.4 0.00281842
0.715 -1.36 0.00264266
0.715 -1.32 0.00261636
0.715 -1.28 0.0025053
0.715 -1.24 0.00240935
0.715 -1.2 0.00235713
0.715 -1.16 0.00223901
0.715 -1.12 0.00220076
0.715 -1.08 0.00210634
0.715 -1.04 0.00201861
0.715 -1 0.00195596
0.715 -0.96 0.00184506
0.715 -0.92 0.00179012
0.715 -0.88 0.00171532
0.715 -0.84 0.00163971
0.715 -0.8 0.00160835
0.715 -0.76 0.00151171
0.715 -0.72 0.00150222
0.715 -0.68 0.00135419
0.715 -0.64 0.00132377
0.715 -0.6 0.00122031
0.715 -0.56 0.00112345
0.715 -0.52 0.00105193
0.715 -0.48 0.000916099
0.715 -0.44 0.000835637
0.715 -0.4 0.000787412
0.715 -0.36 0.000739544
0.715 -0.32 0.000709898
0.715 -0.28 0.00065185
0.715 -0.24 0.000608981
0.715 -0.2 0.000576597
0.715 -0.16 0.0005197
0.715 -0.12 0.000462141
0.715 -0.08 0.000393616
0.715 -0.04 0.000308733
0.715 0 0.000231334
0.715 0.04 0.000177033
0.715 0.08 0.000142314
0.715 0.12 0.000119222
0.715 0.16 0.00010289
0.715 0.2 9.06844e-05
0.715 0.24 8.11727e-05
0.715 0.28 7.35231e-05
0.715 0.32 6.72045e-05
0.715 0.36 6.18883e-05
0.715 0.4 5.73325e-05
0.715 0.44 5.33845e-05
0.715 0.48 4.99144e-05
0.715 0.52 4.68498e-05
0.715 0.56 4.4104e-05
0.715 0.6 4.16442e-05
0.715 0.64 3.94164e-05
0.715 0.68 3.73988e-05
0.715 0.72 3.55516e-05
0.715 0.76 3.38585e-05
0.715 0.8 3.22954e-05
0.715 0.84 3.08624e-05
0.715 0.88 2.95283e-05
0.715 0.92 2.82951e-05
0.715 0.96 2.71475e-05
0.715 1 0
0.715 1.04 0
0.715 1.08 0
0.715 1.12 0
0.715 1.16 0
0.715 1.2 0
0.715 1.24 0
0.715 1.28 0
0.715 1.32 0
0.715 1.36 0
0.715 1.4 0
0.715 1.44 0
0.715 1.48 0
0.715 1.52 0
0.715 1.56 0
0.715 1.6 0
0.715 1.64 0
0.715 1.68 0
0.715 1.72 0
0.715 1.76 0
0.715 1.8 0
0.715 1.84 0
0.715 1.88 0
0.715 1.92 0
0.715 1.96 0
0.715 2 0
0.715 2.04 0
0.715 2.08 0
0.715 2.12 0
0.715 2.16 0
0.715 2.2 0
0.715 2.24 0
0.715 2.28 0
0.715 2.32 0
0.715 2.36 0
0.715 2.4 0
0.715 2.44 0
0.715 2.48 0
0.715 2.52 0
0.715 2.56 0
0.715 2.6 0
0.715 2.64 0
0.715 2.68 0
0.715 2.72 0
0.715 2.76 0
0.715 2.8 0
0.715 2.84 0
0.715 2.88 0
0.715 2.92 0
0.715 2.96 0
0.715 3 0
0.72 -5 0.000130426
0.72 -4.96 0.000130426
0.72 -4.92 0.000130426
0.72 -4.88 0.000130426
0.72 -4.84 0.000130426
0.72 -4.8 0.000130426
0.72 -4.76 0.000130426
0.72 -4.72 0.000130426
0.72 -4.68 0.000130426
0.72 -4.64 0.000130426
0.72 -4.6 0.000130426
0.72 -4.56 0.000130426
0.72 -4.52 0.000130426
0.72 -4.48 0.000130426
0.72 -4.44 0.000130426
0.72 -4.4 0.000130426
0.72 -4.36 0.000130426
0.72 -4.32 0.000130426
0.72 -4.28 0.000130426
0.72 -4.24 0.000130426
0.72 -4.2 0.000130426
0.72 -4.16 0.000130426
0.72 -4.12 0.000130426
0.72 -4.08 0.000130426
0.72 -4.04 0.000130426
0.72 -4 0.000130426
0.72 -3.96 0.000130426
0.72 -3.92 0.000130426
0.72 -3.88 0.000130426
0.72 -3.84 0.000130426
0.72 -3.8 0.000130426
0.72 -3.76 0.000130426
0.72 -3.72 0.000130426
0.72 -3.68 0.000130426
0.72 -3.64 0.000130426
0.72 -3.6 0.000130426
0.72 -3.56 0.000130426
0.72 -3.52 0.000130426
0.72 -3.48 0.000130426
0.72 -3.44 0.000130426
0.72 -3.4 0.000130426
0.72 -3.36 0.000130426
0.72 -3.32 0.000130426
0.72 -3.28 0.000130426
0.72 -3.24 0.000130426
0.72 -3.2 0.000130426
0.72 -3.16 0.000130426
0.72 -3.12 0.000130426
0.72 -3.08 0.000130426
0.72 -3.04 0.000130426
0.72 -3 0.000130426
0.72 -2.96 0.000123234
0.72 -2.92 0.000139889
0.72 -2.88 0.000147247
0.72 -2.84 0.000156942
0.72 -2.8 0.000166876
0.72 -2.76 0.000168595
0.72 -2.72 0.000182035
0.72 -2.68 0.000192394
0.72 -2.64 0.000214176
0.72 -2.6 0.00022922
0.72 -2.56 0.000252497
0.72 -2.52 0.000272645
0.72 -2.48 0.000286515
0.72 -2.44 0.000306021
0.72 -2.4 0.000355195
0.72 -2.36 0.000461851
0.72 -2.32 0.000514611
0.72 -2.28 0.000587529
0.72 -2.24 0.000695501
0.72 -2.2 0.000905565
0.72 -2.16 0.00120088
0.72 -2.12 0.00172129
0.72 -2.08 0.00228208
0.72 -2.04 0.00298967
0.72 -2 0.00379689
0.72 -1.96 0.00401437
0.72 -1.92 0.00407995
0.72 -1.88 0.00412343
0.72 -1.84 0.00393629
0.72 -1.8 0.0038958
0.72 -1.76 0.00391852
0.72 -1.72 0.003628
0.72 -1.68 0.00344225
0.72 -1.64 0.00346357
0.72 -1.6 0.00327518
0.72 -1.56 0.00321311
0.72 -1.52 0.00313359
0.72 -1.48 0.00298457
0.72 -1.44 0.00280292
0.72 -1.4 0.00280596
0.72 -1.36 0.00265975
0.72 -1.32 0.00260922
0.72 -1.28 0.00248919
0.72 -1.24 0.00240552
0.72 -1.2 0.00230811
0.72 -1.16 0.00220554
0.72 -1.12 0.00221548
0.72 -1.08 0.00210521
0.72 -1.04 0.00199506
0.72 -1 0.00190762
0.72 -0.96 0.00183726
0.72 -0.92 0.00179973
0.72 -0.88 0.00169554
0.72 -0.84 0.00163536
0.72 -0.8 0.00159354
0.72 -0.76 0.00151338
0.72 -0.72 0.00146911
0.72 -0.68 0.00133721
0.72 -0.64 0.00127658
0.72 -0.6 0.00122585
0.72 -0.56 0.00113337
0.72 -0.52 0.00101207
0.72 -0.48 0.000932051
0.72 -0.44 0.000841462
0.72 -0.4 0.000780138
0.72 -0.36 0.00074723
0.72 -0.32 0.000686305
0.72 -0.28 0.000649813
0.72 -0.24 0.000599573
0.72 -0.2 0.000565591
0.72 -0.16 0.000509674
0.72 -0.12 0.000453836
0.72 -0.08 0.000385326
0.72 -0.04 0.000300848
0.72 0 0.000225644
0.72 0.04 0.000173241
0.72 0.08 0.000139701
0.72 0.12 0.000117312
0.72 0.16 0.000101422
0.72 0.2 8.95115e-05
0.72 0.24 8.02074e-05
0.72 0.28 7.27102e-05
0.72 0.32 6.65077e-05
0.72 0.36 6.12826e-05
0.72 0.4 5.67995e-05
0.72 0.44 5.29114e-05
0.72 0.48 4.94904e-05
0.72 0.52 4.64677e-05
0.72 0.56 4.3757e-05
0.72 0.6 4.13278e-05
0.72 0.64 3.91267e-05
0.72 0.68 3.71324e-05
0.72 0.72 3.53057e-05
0.72 0.76 3.36303e-05
0.72 0.8 3.20831e-05
0.72 0.84 3.06648e-05
0.72 0.88 2.93436e-05
0.72 0.92 2.81219e-05
0.72 0.96 2.69849e-05
0.72 1 0
0.72 1.04 0
0.72 1.08 0
0.72 1.12 0
0.72 1.16 0
0.72 1.2 0
0.72 1.24 0
0.72 1.28 0
0.72 1.32 0
0.72 1.36 0
0.72 1.4 0
0.72 1.44 0
0.72 1.48 0
0.72 1.52 0
0.72 1.56 0
0.72 1.6 0
0.72 1.64 0
0.72 1.68 0
0.72 1.72 0
0.72 1.76 0
0.72 1.8 0
0.72 1.84 0
0.72 1.88 0
0.72 1.92 0
0.72 1.96 0
0.72 2 0
0.72 2.04 0
0.72 2.08 0
0.72 2.12 0
0.72 2.16 0
0.72 2.2 0
0.72 2.24 0
0.72 2.28 0
0.72 2.32 0
0.72 2.36 0
0.72 2.4 0
0.72 2.44 0
0.72 2.48 0
0.72 2.52 0
0.72 2.56 0
0.72 2.6 0
0.72 2.64 0
0.72 2.68 0
0.72 2.72 0
0.72 2.76 0
0.72 2.8 0
0.72 2.84 0
0.72 2.88 0
0.72 2.92 0
0.72 2.96 0
0.72 3 0
0.725 -5 0.000132043
0.725 -4.96 0.000132043
0.725 -4.92 0.000132043
0.725 -4.88 0.000132043
0.725 -4.84 0.000132043
0.725 -4.8 0.000132043
0.725 -4.76 0.000132043
0.725 -4.72 0.000132043
0.725 -4.68 0.000132043
0.725 -4.64 0.000132043
0.725 -4.6 0.000132043
0.725 -4.56 0.000132043
0.725 -4.52 0.000132043
0.725 -4.48 0.000132043
0.725 -4.44 0.000132043
0.725 -4.4 0.000132043
0.725 -4.36 0.000132043
0.725 -4.32 0.000132043
0.725 -4.28 0.000132043
0.725 -4.24 0.000132043
0.725 -4.2 0.000132043
0.725 -4.16 0.000132043
0.725 -4.12 0.000132043
0.725 -4.08 0.000132043
0.725 -4.04 0.000132043
0.725 -4 0.000132043
0.725 -3.96 0.000132043
0.725 -3.92 0.000132043
0.725 -3.88 0.000132043
0.725 -3.84 0.000132043
0.725 -3.8 0.000132043
0.725 -3.76 0.000132043
0.725 -3.72 0.000132043
0.725 -3.68 0.000132043
0.725 -3.64 0.000132043
0.725 -3.6 0.000132043
0.725 -3.56 0.000132043
0.725 -3.52 0.000132043
0.725 -3.48 0.000132043
0.725 -3.44 0.000132043
0.725 -3.4 0.000132043
0.725 -3.36 0.000132043
0.725 -3.32 0.000132043
0.725 -3.28 0.000132043
0.725 -3.24 0.000132043
0.725 -3.2 0.000132043
0.725 -3.16 0.000132043
0.725 -3.12 0.000132043
0.725 -3.08 0.000132043
0.725 -3.04 0.000132043
0.725 -3 0.000132043
0.725 -2.96 0.000123545
0.725 -2.92 0.000139122
0.725 -2.88 0.000150018
0.725 -2.84 0.000157742
0.725 -2.8 0.000164863
0.725 -2.76 0.000164456
0.725 -2.72 0.000179178
0.725 -2.68 0.000200562
0.725 -2.64 0.000215807
0.725 -2.6 0.00021966
0.725 -2.56 0.000247683
0.725 -2.52 0.000265128
0.725 -2.48 0.000291054
0.725 -2.44 0.00030456
0.725 -2.4 0.000354141
0.725 -2.36 0.000459826
0.725 -2.32 0.000514833
0.725 -2.28 0.000593852
0.725 -2.24 0.000693585
0.725 -2.2 0.000906158
0.725 -2.16 0.00120343
0.725 -2.12 0.0017181
0.725 -2.08 0.00229276
0.725 -2.04 0.00303307
0.725 -2 0.00383975
0.725 -1.96 0.00405487
0.725 -1.92 0.00414274
0.725 -1.88 0.00416966
0.725 -1.84 0.00397099
0.725 -1.8 0.00392425
0.725 -1.76 0.00390063
0.725 -1.72 0.00364316
0.725 -1.68 0.00348054
0.725 -1.64 0.00348065
0.725 -1.6 0.00327879
0.725 -1.56 0.00321739
0.725 -1.52 0.00312455
0.725 -1.48 0.00296387
0.725 -1.44 0.00281869
0.725 -1.4 0.00279308
0.725 -1.36 0.00264403
0.725 -1.32 0.00258897
0.725 -1.28 0.00248022
0.725 -1.24 0.00237643
0.725 -1.2 0.00229919
0.725 -1.16 0.0021698
0.725 -1.12 0.00219599
0.725 -1.08 0.00207711
0.725 -1.04 0.00196362
0.725 -1 0.00188113
0.725 -0.96 0.00181209
0.725 -0.92 0.00180167
0.725 -0.88 0.00166859
0.725 -0.84 0.00164868
0.725 -0.8 0.00157453
0.725 -0.76 0.00149465
0.725 -0.72 0.00142249
0.725 -0.68 0.0013311
0.725 -0.64 0.00123513
0.725 -0.6 0.00120268
0.725 -0.56 0.0011192
0.725 -0.52 0.000971394
0.725 -0.48 0.000934079
0.725 -0.44 0.000855725
0.725 -0.4 0.000761963
0.725 -0.36 0.000731555
0.725 -0.32 0.000665219
0.725 -0.28 0.000629092
0.725 -0.24 0.000586967
0.725 -0.2 0.000550523
0.725 -0.16 0.000502302
0.725 -0.12 0.000447231
0.725 -0.08 0.00037657
0.725 -0.04 0.000293518
0.725 0 0.000220107
0.725 0.04 0.000169554
0.725 0.08 0.000137157
0.725 0.12 0.00011545
0.725 0.16 9.99882e-05
0.725 0.2 8.83654e-05
0.725 0.24 7.92636e-05
0.725 0.28 7.19151e-05
0.725 0.32 6.5826e-05
0.725 0.36 6.06897e-05
0.725 0.4 5.62778e-05
0.725 0.44 5.24482e-05
0.725 0.48 4.90752e-05
0.725 0.52 4.60934e-05
0.725 0.56 4.34171e-05
0.725 0.6 4.10177e-05
0.725 0.64 3.8843e-05
0.725 0.68 3.68713e-05
0.725 0.72 3.50648e-05
0.725 0.76 3.34066e-05
0.725 0.8 3.18751e-05
0.725 0.84 3.04711e-05
0.725 0.88 2.91626e-05
0.725 0.92 2.7952e-05
0.725 0.96 2.68255e-05
0.725 1 0
0.725 1.04 0
0.725 1.08 0
0.725 1.12 0
0.725 1.16 0
0.725 1.2 0
0.725 1.24 0
0.725 1.28 0
0.725 1.32 0
0.725 1.36 0
0.725 1.4 0
0.725 1.44 0
0.725 1.48 0
0.725 1.52 0
0.725 1.56 0
0.725 1.6 0
0.725 1.64 0
0.725 1.68 0
0.725 1.72 0
0.725 1.76 0
0.725 1.8 0
0.725 1.84 0
0.725 1.88 0
0.725 1.92 0
0.725 1.96 0
0.725 2 0
0.725 2.04 0
0.725 2.08 0
0.725 2.12 0
0.725 2.16 0
0.725 2.2 0
0.725 2.24 0
0.725 2.28 0
0.725 2.32 0
0.725 2.36 0
0.725 2.4 0
0.725 2.44 0
0.725 2.48 0
0.725 2.52 0
0.725 2.56 0
0.725 2.6 0
0.725 2.64 0
0.725 2.68 0
0.725 2.72 0
0.725 2.76 0
0.725 2.8 0
0.725 2.84 0
0.725 2.88 0
0.725 2.92 0
0.725 2.96 0
0.725 3 0
0.73 -5 0.000134144
0.73 -4.96 0.000134144
0.73 -4.92 0.000134144
0.73 -4.88 0.000134144
0.73 -4.84 0.000134144
0.73 -4.8 0.000134144
0.73 -4.76 0.000134144
0.73 -4.72 0.000134144
0.73 -4.68 0.000134144
0.73 -4.64 0.000134144
0.73 -4.6 0.000134144
0.73 -4.56 0.000134144
0.73 -4.52 0.000134144
0.73 -4.48 0.000134144
0.73 -4.44 0.000134144
0.73 -4.4 0.000134144
0.73 -4.36 0.000134144
0.73 -4.32 0.000134144
0.73 -4.28 0.000134144
0.73 -4.24 0.000134144
0.73 -4.2 0.000134144
0.73 -4.16 0.000134144
0.73 -4.12 0.000134144
0.73 -4.08 0.000134144
0.73 -4.04 0.000134144
0.73 -4 0.000134144
0.73 -3.96 0.000134144
0.73 -3.92 0.000134144
0.73 -3.88 0.000134144
0.73 -3.84 0.000134144
0.73 -3.8 0.000134144
0.73 -3.76 0.000134144
0.73 -3.72 0.000134144
0.73 -3.68 0.000134144
0.73 -3.64 0.000134144
0.73 -3.6 0.000134144
0.73 -3.56 0.000134144
0.73 -3.52 0.000134144
0.73 -3.48 0.000134144
0.73 -3.44 0.000134144
0.73 -3.4 0.000134144
0.73 -3.36 0.000134144
0.73 -3.32 0.000134144
0.73 -3.28 0.000134144
0.73 -3.24 0.000134144
0.73 -3.2 0.000134144
0.73 -3.16 0.000134144
0.73 -3.12 0.000134144
0.73 -3.08 0.000134144
0.73 -3.04 0.000134144
0.73 -3 0.000134144
0.73 -2.96 0.000125639
0.73 -2.92 0.000140491
0.73 -2.88 0.000151311
0.73 -2.84 0.000159069
0.73 -2.8 0.000163836
0.73 -2.76 0.000161753
0.73 -2.72 0.000175881
0.73 -2.68 0.000202923
0.73 -2.64 0.000216473
0.73 -2.6 0.000217509
0.73 -2.56 0.000239116
0.73 -2.52 0.000268782
0.73 -2.48 0.00029463
0.73 -2.44 0.000305953
0.73 -2.4 0.00036101
0.73 -2.36 0.000458172
0.73 -2.32 0.000509308
0.73 -2.28 0.00060009
0.73 -2.24 0.000694247
0.73 -2.2 0.000914537
0.73 -2.16 0.00121134
0.73 -2.12 0.00171584
0.73 -2.08 0.00231429
0.73 -2.04 0.00307044
0.73 -2 0.00386641
0.73 -1.96 0.0040957
0.73 -1.92 0.00420441
0.73 -1.88 0.00421769
0.73 -1.84 0.00399353
0.73 -1.8 0.00395145
0.73 -1.76 0.00391561
0.73 -1.72 0.00366317
0.73 -1.68 0.00351868
0.73 -1.64 0.00349619
0.73 -1.6 0.00328791
0.73 -1.56 0.00320787
0.73 -1.52 0.0030878
0.73 -1.48 0.00293664
0.73 -1.44 0.00279936
0.73 -1.4 0.00278968
0.73 -1.36 0.00261116
0.73 -1.32 0.00257343
0.73 -1.28 0.00246169
0.73 -1.24 0.00231675
0.73 -1.2 0.00231359
0.73 -1.16 0.00214211
0.73 -1.12 0.00216067
0.73 -1.08 0.00204294
0.73 -1.04 0.0019372
0.73 -1 0.00189091
0.73 -0.96 0.00177682
0.73 -0.92 0.00175823
0.73 -0.88 0.00165747
0.73 -0.84 0.00165379
0.73 -0.8 0.00153769
0.73 -0.76 0.00145751
0.73 -0.72 0.00139796
0.73 -0.68 0.00132762
0.73 -0.64 0.0012331
0.73 -0.6 0.00116036
0.73 -0.56 0.00108932
0.73 -0.52 0.000984346
0.73 -0.48 0.000917145
0.73 -0.44 0.000869302
0.73 -0.4 0.000747751
0.73 -0.36 0.000696115
0.73 -0.32 0.000662789
0.73 -0.28 0.000610408
0.73 -0.24 0.000579163
0.73 -0.2 0.000541209
0.73 -0.16 0.000496859
0.73 -0.12 0.000439979
0.73 -0.08 0.00036762
0.73 -0.04 0.000286331
0.73 0 0.000214723
0.73 0.04 0.000165972
0.73 0.08 0.000134682
0.73 0.12 0.000113635
0.73 0.16 9.85892e-05
0.73 0.2 8.72458e-05
0.73 0.24 7.83411e-05
0.73 0.28 7.11376e-05
0.73 0.32 6.51591e-05
0.73 0.36 6.01096e-05
0.73 0.4 5.57672e-05
0.73 0.44 5.19948e-05
0.73 0.48 4.86686e-05
0.73 0.52 4.57269e-05
0.73 0.56 4.30842e-05
0.73 0.6 4.07141e-05
0.73 0.64 3.8565e-05
0.73 0.68 3.66156e-05
0.73 0.72 3.48287e-05
0.73 0.76 3.31875e-05
0.73 0.8 3.16712e-05
0.73 0.84 3.02813e-05
0.73 0.88 2.89851e-05
0.73 0.92 2.77855e-05
0.73 0.96 2.66692e-05
0.73 1 0
0.73 1.04 0
0.73 1.08 0
0.73 1.12 0
0.73 1.16 0
0.73 1.2 0
0.73 1.24 0
0.73 1.28 0
0.73 1.32 0
0.73 1.36 0
0.73 1.4 0
0.73 1.44 0
0.73 1.48 0
0.73 1.52 0
0.73 1.56 0
0.73 1.6 0
0.73 1.64 0
0.73 1.68 0
0.73 1.72 0
0.73 1.76 0
0.73 1.8 0
0.73 1.84 0
0.73 1.88 0
0.73 1.92 0
0.73 1.96 0
0.73 2 0
0.73 2.04 0
0.73 2.08 0
0.73 2.12 0
0.73 2.16 0
0.73 2.2 0
0.73 2.24 0
0.73 2.28 0
0.73 2.32 0
0.73 2.36 0
0.73 2.4 0
0.73 2.44 0
0.73 2.48 0
0.73 2.52 0
0.73 2.56 0
0.73 2.6 0
0.73 2.64 0
0.73 2.68 0
0.73 2.72 0
0.73 2.76 0
0.73 2.8 0
0.73 2.84 0
0.73 2.88 0
0.73 2.92 0
0.73 2.96 0
0.73 3 0
0.735 -5 0.00013455
0.735 -4.96 0.00013455
0.735 -4.92 0.00013455
0.735 -4.88 0.00013455
0.735 -4.84 0.00013455
0.735 -4.8 0.00013455
0.735 -4.76 0.00013455
0.735 -4.72 0.00013455
0.735 -4.68 0.00013455
0.735 -4.64 0.00013455
0.735 -4.6 0.00013455
0.735 -4.56 0.00013455
0.735 -4.52 0.00013455
0.735 -4.48 0.00013455
0.735 -4.44 0.00013455
0.735 -4.4 0.00013455
0.735 -4.36 0.00013455
0.735 -4.32 0.00013455
0.735 -4.28 0.00013455
0.735 -4.24 0.00013455
0.735 -4.2 0.00013455
0.735 -4.16 0.00013455
0.735 -4.12 0.00013455
0.735 -4.08 0.00013455
0.735 -4.04 0.00013455
0.735 -4 0.00013455
0.735 -3.96 0.00013455
0.735 -3.92 0.00013455
0.735 -3.88 0.00013455
0.735 -3.84 0.00013455
0.735 -3.8 0.00013455
0.735 -3.76 0.00013455
0.735 -3.72 0.00013455
0.735 -3.68 0.00013455
0.735 -3.64 0.00013455
0.735 -3.6 0.00013455
0.735 -3.56 0.00013455
0.735 -3.52 0.00013455
0.735 -3.48 0.00013455
0.735 -3.44 0.00013455
0.735 -3.4 0.00013455
0.735 -3.36 0.00013455
0.735 -3.32 0.00013455
0.735 -3.28 0.00013455
0.735 -3.24 0.00013455
0.735 -3.2 0.00013455
0.735 -3.16 0.00013455
0.735 -3.12 0.00013455
0.735 -3.08 0.00013455
0.735 -3.04 0.00013455
0.735 -3 0.00013455
0.735 -2.96 0.00012822
0.735 -2.92 0.000141959
0.735 -2.88 0.000149785
0.735 -2.84 0.000161921
0.735 -2.8 0.000163372
0.735 -2.76 0.000163393
0.735 -2.72 0.000175539
0.735 -2.68 0.000197146
0.735 -2.64 0.000216577
0.735 -2.6 0.000221192
0.735 -2.56 0.000236746
0.735 -2.52 0.000280869
0.735 -2.48 0.000297268
0.735 -2.44 0.000309405
0.735 -2.4 0.00036602
0.735 -2.36 0.000456595
0.735 -2.32 0.00050455
0.735 -2.28 0.000601415
0.735 -2.24 0.000695657
0.735 -2.2 0.000921166
0.735 -2.16 0.00122048
0.735 -2.12 0.00171782
0.735 -2.08 0.00233014
0.735 -2.04 0.00309018
0.735 -2 0.00390117
0.735 -1.96 0.00415065
0.735 -1.92 0.00426395
0.735 -1.88 0.00426983
0.735 -1.84 0.00401719
0.735 -1.8 0.00396548
0.735 -1.76 0.00394651
0.735 -1.72 0.00367624
0.735 -1.68 0.00351093
0.735 -1.64 0.00349785
0.735 -1.6 0.00329514
0.735 -1.56 0.0031658
0.735 -1.52 0.00307643
0.735 -1.48 0.00291655
0.735 -1.44 0.0027499
0.735 -1.4 0.0027842
0.735 -1.36 0.00259791
0.735 -1.32 0.00257015
0.735 -1.28 0.00243026
0.735 -1.24 0.00226849
0.735 -1.2 0.00229988
0.735 -1.16 0.00212725
0.735 -1.12 0.00213597
0.735 -1.08 0.0020359
0.735 -1.04 0.00193232
0.735 -1 0.00190684
0.735 -0.96 0.00175713
0.735 -0.92 0.00169934
0.735 -0.88 0.00165235
0.735 -0.84 0.00163006
0.735 -0.8 0.00150266
0.735 -0.76 0.00142885
0.735 -0.72 0.00139221
0.735 -0.68 0.00131833
0.735 -0.64 0.00125458
0.735 -0.6 0.00112959
0.735 -0.56 0.00107399
0.735 -0.52 0.0010348
0.735 -0.48 0.000908398
0.735 -0.44 0.000865532
0.735 -0.4 0.000748498
0.735 -0.36 0.000669575
0.735 -0.32 0.000667431
0.735 -0.28 0.000617116
0.735 -0.24 0.000576928
0.735 -0.2 0.000535172
0.735 -0.16 0.00049025
0.735 -0.12 0.000430742
0.735 -0.08 0.00035909
0.735 -0.04 0.000279007
0.735 0 0.00020949
0.735 0.04 0.000162493
0.735 0.08 0.000132273
0.735 0.12 0.000111866
0.735 0.16 9.72243e-05
0.735 0.2 8.61526e-05
0.735 0.24 7.74397e-05
0.735 0.28 7.03776e-05
0.735 0.32 6.45069e-05
0.735 0.36 5.95421e-05
0.735 0.4 5.52676e-05
0.735 0.44 5.1551e-05
0.735 0.48 4.82707e-05
0.735 0.52 4.53681e-05
0.735 0.56 4.27583e-05
0.735 0.6 4.04168e-05
0.735 0.64 3.82928e-05
0.735 0.68 3.63652e-05
0.735 0.72 3.45975e-05
0.735 0.76 3.29729e-05
0.735 0.8 3.14716e-05
0.735 0.84 3.00954e-05
0.735 0.88 2.88114e-05
0.735 0.92 2.76224e-05
0.735 0.96 2.6516e-05
0.735 1 0
0.735 1.04 0
0.735 1.08 0
0.735 1.12 0
0.735 1.16 0
0.735 1.2 0
0.735 1.24 0
0.735 1.28 0
0.735 1.32 0
0.735 1.36 0
0.735 1.4 0
0.735 1.44 0
0.735 1.48 0
0.735 1.52 0
0.735 1.56 0
0.735 1.6 0
0.735 1.64 0
0.735 1.68 0
0.735 1.72 0
0.735 1.76 0
0.735 1.8 0
0.735 1.84 0
0.735 1.88 0
0.735 1.92 0
0.735 1.96 0
0.735 2 0
0.735 2.04 0
0.735 2.08 0
0.735 2.12 0
0.735 2.16 0
0.735 2.2 0
0.735 2.24 0
0.735 2.28 0
0.735 2.32 0
0.735 2.36 0
0.735 2.4 0
0.735 2.44 0
0.735 2.48 0
0.735 2.52 0
0.735 2.56 0
0.735 2.6 0
0.735 2.64 0
0.735 2.68 0
0.735 2.72 0
0.735 2.76 0
0.735 2.8 0
0.735 2.84 0
0.735 2.88 0
0.735 2.92 0
0.735 2.96 0
0.735 3 0
0.74 -5 0.000133051
0.74 -4.96 0.000133051
0.74 -4.92 0.000133051
0.74 -4.88 0.000133051
0.74 -4.84 0.000133051
0.74 -4.8 0.000133051
0.74 -4.76 0.000133051
0.74 -4.72 0.000133051
0.74 -4.68 0.000133051
0.74 -4.64 0.000133051
0.74 -4.6 0.000133051
0.74 -4.56 0.000133051
0.74 -4.52 0.000133051
0.74 -4.48 0.000133051
0.74 -4.44 0.000133051
0.74 -4.4 0.000133051
0.74 -4.36 0.000133051
0.74 -4.32 0.000133051
0.74 -4.28 0.000133051
0.74 -4.24 0.000133051
0.74 -4.2 0.000133051
0.74 -4.16 0.000133051
0.74 -4.12 0.000133051
0.74 -4.08 0.000133051
0.74 -4.04 0.000133051
0.74 -4 0.000133051
0.74 -3.96 0.000133051
0.74 -3.92 0.000133051
0.74 -3.88 0.000133051
0.74 -3.84 0.000133051
0.74 -3.8 0.000133051
0.74 -3.76 0.000133051
0.74 -3.72 0.000133051
0.74 -3.68 0.000133051
0.74 -3.64 0.000133051
0.74 -3.6 0.000133051
0.74 -3.56 0.000133051
0.74 -3.52 0.000133051
0.74 -3.48 0.000133051
0.74 -3.44 0.000133051
0.74 -3.4 0.000133051
0.74 -3.36 0.000133051
0.74 -3.32 0.000133051
0.74 -3.28 0.000133051
0.74 -3.24 0.000133051
0.74 -3.2 0.000133051
0.74 -3.16 0.000133051
0.74 -3.12 0.000133051
0.74 -3.08 0.000133051
0.74 -3.04 0.000133051
0.74 -3 0.000133051
0.74 -2.96 0.000129452
0.74 -2.92 0.000141471
0.74 -2.88 0.000147618
0.74 -2.84 0.000164912
0.74 -2.8 0.000161473
0.74 -2.76 0.000167162
0.74 -2.72 0.000173676
0.74 -2.68 0.000194155
0.74 -2.64 0.000215398
0.74 -2.6 0.000223515
0.74 -2.56 0.000242354
0.74 -2.52 0.000285884
0.74 -2.48 0.000298265
0.74 -2.44 0.000312784
0.74 -2.4 0.00036125
0.74 -2.36 0.000455308
0.74 -2.32 0.000505113
0.74 -2.28 0.000598457
0.74 -2.24 0.000696139
0.74 -2.2 0.000919592
0.74 -2.16 0.00122601
0.74 -2.12 0.00172103
0.74 -2.08 0.0023349
0.74 -2.04 0.00310461
0.74 -2 0.00394748
0.74 -1.96 0.00421696
0.74 -1.92 0.00432499
0.74 -1.88 0.00431489
0.74 -1.84 0.00405186
0.74 -1.8 0.00397403
0.74 -1.76 0.00394968
0.74 -1.72 0.00367753
0.74 -1.68 0.00347306
0.74 -1.64 0.00348653
0.74 -1.6 0.00329094
0.74 -1.56 0.00311986
0.74 -1.52 0.00309291
0.74 -1.48 0.00290958
0.74 -1.44 0.00271699
0.74 -1.4 0.00276531
0.74 -1.36 0.00260154
0.74 -1.32 0.00256473
0.74 -1.28 0.00240707
0.74 -1.24 0.00226168
0.74 -1.2 0.00225737
0.74 -1.16 0.00212019
0.74 -1.12 0.00211158
0.74 -1.08 0.00203939
0.74 -1.04 0.00193487
0.74 -1 0.0019026
0.74 -0.96 0.00175847
0.74 -0.92 0.00168321
0.74 -0.88 0.00163414
0.74 -0.84 0.00159702
0.74 -0.8 0.00149654
0.74 -0.76 0.00141779
0.74 -0.72 0.00137266
0.74 -0.68 0.00131041
0.74 -0.64 0.00125051
0.74 -0.6 0.00112891
0.74 -0.56 0.00107524
0.74 -0.52 0.00104321
0.74 -0.48 0.000914649
0.74 -0.44 0.000838015
0.74 -0.4 0.000757328
0.74 -0.36 0.000674498
0.74 -0.32 0.00065849
0.74 -0.28 0.000631737
0.74 -0.24 0.000572998
0.74 -0.2 0.000523958
0.74 -0.16 0.000480273
0.74 -0.12 0.000420528
0.74 -0.08 0.000350989
0.74 -0.04 0.000271667
0.74 0 0.000204407
0.74 0.04 0.000159115
0.74 0.08 0.000129931
0.74 0.12 0.000110144
0.74 0.16 9.5893e-05
0.74 0.2 8.50854e-05
0.74 0.24 7.65593e-05
0.74 0.28 6.96349e-05
0.74 0.32 6.38694e-05
0.74 0.36 5.89872e-05
0.74 0.4 5.47789e-05
0.74 0.44 5.11169e-05
0.74 0.48 4.78813e-05
0.74 0.52 4.50169e-05
0.74 0.56 4.24394e-05
0.74 0.6 4.01257e-05
0.74 0.64 3.80265e-05
0.74 0.68 3.612e-05
0.74 0.72 3.43712e-05
0.74 0.76 3.27628e-05
0.74 0.8 3.12761e-05
0.74 0.84 2.99134e-05
0.74 0.88 2.86411e-05
0.74 0.92 2.74626e-05
0.74 0.96 2.6366e-05
0.74 1 0
0.74 1.04 0
0.74 1.08 0
0.74 1.12 0
0.74 1.16 0
0.74 1.2 0
0.74 1.24 0
0.74 1.28 0
0.74 1.32 0
0.74 1.36 0
0.74 1.4 0
0.74 1.44 0
0.74 1.48 0
0.74 1.52 0
0.74 1.56 0
0.74 1.6 0
0.74 1.64 0
0.74 1.68 0
0.74 1.72 0
0.74 1.76 0
0.74 1.8 0
0.74 1.84 0
0.74 1.88 0
0.74 1.92 0
0.74 1.96 0
0.74 2 0
0.74 2.04 0
0.74 2.08 0
0.74 2.12 0
0.74 2.16 0
0.74 2.2 0
0.74 2.24 0
0.74 2.28 0
0.74 2.32 0
0.74 2.36 0
0.74 2.4 0
0.74 2.44 0
0.74 2.48 0
0.74 2.52 0
0.74 2.56 0
0.74 2.6 0
0.74 2.64 0
0.74 2.68 0
0.74 2.72 0
0.74 2.76 0
0.74 2.8 0
0.74 2.84 0
0.74 2.88 0
0.74 2.92 0
0.74 2.96 0
0.74 3 0
0.745 -5 0.000131148
0.745 -4.96 0.000131148
0.745 -4.92 0.000131148
0.745 -4.88 0.000131148
0.745 -4.84 0.000131148
0.745 -4.8 0.000131148
0.745 -4.76 0.000131148
0.745 -4.72 0.000131148
0.745 -4.68 0.000131148
0.745 -4.64 0.000131148
0.745 -4.6 0.000131148
0.745 -4.56 0.000131148
0.745 -4.52 0.000131148
0.745 -4.48 0.000131148
0.745 -4.44 0.000131148
0.745 -4.4 0.000131148
0.745 -4.36 0.000131148
0.745 -4.32 0.000131148
0.745 -4.28 0.000131148
0.745 -4.24 0.000131148
0.745 -4.2 0.000131148
0.745 -4.16 0.000131148
0.745 -4.12 0.000131148
0.745 -4.08 0.000131148
0.745 -4.04 0.000131148
0.745 -4 0.000131148
0.745 -3.96 0.000131148
0.745 -3.92 0.000131148
0.745 -3.88 0.000131148
0.745 -3.84 0.000131148
0.745 -3.8 0.000131148
0.745 -3.76 0.000131148
0.745 -3.72 0.000131148
0.745 -3.68 0.000131148
0.745 -3.64 0.000131148
0.745 -3.6 0.000131148
0.745 -3.56 0.000131148
0.745 -3.52 0.000131148
0.745 -3.48 0.000131148
0.745 -3.44 0.000131148
0.745 -3.4 0.000131148
0.745 -3.36 0.000131148
0.745 -3.32 0.000131148
0.745 -3.28 0.000131148
0.745 -3.24 0.000131148
0.745 -3.2 0.000131148
0.745 -3.16 0.000131148
0.745 -3.12 0.000131148
0.745 -3.08 0.000131148
0.745 -3.04 0.000131148
0.745 -3 0.000131148
0.745 -2.96 0.000129372
0.745 -2.92 0.000140872
0.745 -2.88 0.000147172
0.745 -2.84 0.000165049
0.745 -2.8 0.000158043
0.745 -2.76 0.000168864
0.745 -2.72 0.000166779
0.745 -2.68 0.000197525
0.745 -2.64 0.000212211
0.745 -2.6 0.0002216
0.745 -2.56 0.000246879
0.745 -2.52 0.000276489
0.745 -2.48 0.00029737
0.745 -2.44 0.000314004
0.745 -2.4 0.000355744
0.745 -2.36 0.000453493
0.745 -2.32 0.000509613
0.745 -2.28 0.000594431
0.745 -2.24 0.000697984
0.745 -2.2 0.000913632
0.745 -2.16 0.00122828
0.745 -2.12 0.00172151
0.745 -2.08 0.00233954
0.745 -2.04 0.00312742
0.745 -2 0.00398641
0.745 -1.96 0.00427649
0.745 -1.92 0.00438136
0.745 -1.88 0.00434858
0.745 -1.84 0.00408932
0.745 -1.8 0.00399421
0.745 -1.76 0.00393104
0.745 -1.72 0.00367625
0.745 -1.68 0.00346379
0.745 -1.64 0.00347635
0.745 -1.6 0.00327497
0.745 -1.56 0.00311251
0.745 -1.52 0.00308538
0.745 -1.48 0.0029056
0.745 -1.44 0.00271712
0.745 -1.4 0.00274268
0.745 -1.36 0.00258802
0.745 -1.32 0.00254702
0.745 -1.28 0.00240826
0.745 -1.24 0.0022695
0.745 -1.2 0.00223304
0.745 -1.16 0.00211257
0.745 -1.12 0.00206462
0.745 -1.08 0.00201642
0.745 -1.04 0.00191838
0.745 -1 0.00188637
0.745 -0.96 0.00175541
0.745 -0.92 0.00170744
0.745 -0.88 0.00161077
0.745 -0.84 0.00159007
0.745 -0.8 0.00150592
0.745 -0.76 0.00140753
0.745 -0.72 0.00132865
0.745 -0.68 0.00130933
0.745 -0.64 0.00120976
0.745 -0.6 0.0011474
0.745 -0.56 0.00106646
0.745 -0.52 0.000980902
0.745 -0.48 0.000907306
0.745 -0.44 0.00080251
0.745 -0.4 0.00075518
0.745 -0.36 0.000698027
0.745 -0.32 0.000634879
0.745 -0.28 0.000618534
0.745 -0.24 0.000562442
0.745 -0.2 0.00050955
0.745 -0.16 0.00046842
0.745 -0.12 0.000411494
0.745 -0.08 0.00034278
0.745 -0.04 0.000264574
0.745 0 0.000199474
0.745 0.04 0.000155838
0.745 0.08 0.000127654
0.745 0.12 0.000108466
0.745 0.16 9.45951e-05
0.745 0.2 8.40441e-05
0.745 0.24 7.56997e-05
0.745 0.28 6.89094e-05
0.745 0.32 6.32464e-05
0.745 0.36 5.84448e-05
0.745 0.4 5.43012e-05
0.745 0.44 5.06923e-05
0.745 0.48 4.75005e-05
0.745 0.52 4.46734e-05
0.745 0.56 4.21274e-05
0.745 0.6 3.9841e-05
0.745 0.64 3.77658e-05
0.745 0.68 3.58801e-05
0.745 0.72 3.41496e-05
0.745 0.76 3.25571e-05
0.745 0.8 3.10847e-05
0.745 0.84 2.97351e-05
0.745 0.88 2.84745e-05
0.745 0.92 2.73062e-05
0.745 0.96 2.62191e-05
0.745 1 0
0.745 1.04 0
0.745 1.08 0
0.745 1.12 0
0.745 1.16 0
0.745 1.2 0
0.745 1.24 0
0.745 1.28 0
0.745 1.32 0
0.745 1.36 0
0.745 1.4 0
0.745 1.44 0
0.745 1.48 0
0.745 1.52 0
0.745 1.56 0
0.745 1.6 0
0.745 1.64 0
0.745 1.68 0
0.745 1.72 0
0.745 1.76 0
0.745 1.8 0
0.745 1.84 0
0.745 1.88 0
0.745 1.92 0
0.745 1.96 0
0.745 2 0
0.745 2.04 0
0.745 2.08 0
0.745 2.12 0
0.745 2.16 0
0.745 2.2 0
0.745 2.24 0
0.745 2.28 0
0.745 2.32 0
0.745 2.36 0
0.745 2.4 0
0.745 2.44 0
0.745 2.48 0
0.745 2.52 0
0.745 2.56 0
0.745 2.6 0
0.745 2.64 0
0.745 2.68 0
0.745 2.72 0
0.745 2.76 0
0.745 2.8 0
0.745 2.84 0
0.745 2.88 0
0.745 2.92 0
0.745 2.96 0
0.745 3 0
0.75 -5 0.000129874
0.75 -4.96 0.000129874
0.75 -4.92 0.000129874
0.75 -4.88 0.000129874
0.75 -4.84 0.000129874
0.75 -4.8 0.000129874
0.75 -4.76 0.000129874
0.75 -4.72 0.000129874
0.75 -4.68 0.000129874
0.75 -4.64 0.000129874
0.75 -4.6 0.000129874
0.75 -4.56 0.000129874
0.75 -4.52 0.000129874
0.75 -4.48 0.000129874
0.75 -4.44 0.000129874
0.75 -4.4 0.000129874
0.75 -4.36 0.000129874
0.75 -4.32 0.000129874
0.75 -4.28 0.000129874
0.75 -4.24 0.000129874
0.75 -4.2 0.000129874
0.75 -4.16 0.000129874
0.75 -4.12 0.000129874
0.75 -4.08 0.000129874
0.75 -4.04 0.000129874
0.75 -4 0.000129874
0.75 -3.96 0.000129874
0.75 -3.92 0.000129874
0.75 -3.88 0.000129874
0.75 -3.84 0.000129874
0.75 -3.8 0.000129874
0.75 -3.76 0.000129874
0.75 -3.72 0.000129874
0.75 -3.68 0.000129874
0.75 -3.64 0.000129874
0.75 -3.6 0.000129874
0.75 -3.56 0.000129874
0.75 -3.52 0.000129874
0.75 -3.48 0.000129874
0.75 -3.44 0.000129874
0.75 -3.4 0.000129874
0.75 -3.36 0.000129874
0.75 -3.32 0.000129874
0.75 -3.28 0.000129874
0.75 -3.24 0.000129874
0.75 -3.2 0.000129874
0.75 -3.16 0.000129874
0.75 -3.12 0.000129874
0.75 -3.08 0.000129874
0.75 -3.04 0.000129874
0.75 -3 0.000129874
0.75 -2.96 0.000129228
0.75 -2.92 0.000141565
0.75 -2.88 0.00014751
0.75 -2.84 0.000162181
0.75 -2.8 0.000156077
0.75 -2.76 0.000167776
0.75 -2.72 0.000161131
0.75 -2.68 0.000197483
0.75 -2.64 0.000208756
0.75 -2.6 0.000219089
0.75 -2.56 0.000245456
0.75 -2.52 0.000263662
0.75 -2.48 0.000295637
0.75 -2.44 0.000312994
0.75 -2.4 0.000358664
0.75 -2.36 0.000449906
0.75 -2.32 0.000514617
0.75 -2.28 0.000589976
0.75 -2.24 0.000703915
0.75 -2.2 0.000910389
0.75 -2.16 0.0012302
0.75 -2.12 0.00171975
0.75 -2.08 0.00234871
0.75 -2.04 0.00314977
0.75 -2 0.00401725
0.75 -1.96 0.00431477
0.75 -1.92 0.00442678
0.75 -1.88 0.00438185
0.75 -1.84 0.00411494
0.75 -1.8 0.00402308
0.75 -1.76 0.00393615
0.75 -1.72 0.00368223
0.75 -1.68 0.00349885
0.75 -1.64 0.00347622
0.75 -1.6 0.00326054
0.75 -1.56 0.00313327
0.75 -1.52 0.00304312
0.75 -1.48 0.00289169
0.75 -1.44 0.00271946
0.75 -1.4 0.00272967
0.75 -1.36 0.00255159
0.75 -1.32 0.00252897
0.75 -1.28 0.00241864
0.75 -1.24 0.00225388
0.75 -1.2 0.00224072
0.75 -1.16 0.00210168
0.75 -1.12 0.00200871
0.75 -1.08 0.00197909
0.75 -1.04 0.00189079
0.75 -1 0.00187391
0.75 -0.96 0.00173376
0.75 -0.92 0.00171289
0.75 -0.88 0.00160427
0.75 -0.84 0.00160778
0.75 -0.8 0.00149199
0.75 -0.76 0.00139079
0.75 -0.72 0.00129014
0.75 -0.68 0.00130166
0.75 -0.64 0.00117821
0.75 -0.6 0.0011591
0.75 -0.56 0.00104048
0.75 -0.52 0.000922002
0.75 -0.48 0.00087299
0.75 -0.44 0.000783369
0.75 -0.4 0.000732874
0.75 -0.36 0.000704837
0.75 -0.32 0.0006161
0.75 -0.28 0.000580184
0.75 -0.24 0.000548147
0.75 -0.2 0.000502897
0.75 -0.16 0.000458205
0.75 -0.12 0.000404378
0.75 -0.08 0.0003343
0.75 -0.04 0.000257799
0.75 0 0.00019469
0.75 0.04 0.00015266
0.75 0.08 0.000125442
0.75 0.12 0.000106833
0.75 0.16 9.33303e-05
0.75 0.2 8.30283e-05
0.75 0.24 7.48607e-05
0.75 0.28 6.82009e-05
0.75 0.32 6.26378e-05
0.75 0.36 5.79147e-05
0.75 0.4 5.38343e-05
0.75 0.44 5.02772e-05
0.75 0.48 4.71282e-05
0.75 0.52 4.43375e-05
0.75 0.56 4.18222e-05
0.75 0.6 3.95624e-05
0.75 0.64 3.75108e-05
0.75 0.68 3.56453e-05
0.75 0.72 3.39329e-05
0.75 0.76 3.23558e-05
0.75 0.8 3.08975e-05
0.75 0.84 2.95607e-05
0.75 0.88 2.83114e-05
0.75 0.92 2.71531e-05
0.75 0.96 2.60753e-05
0.75 1 0
0.75 1.04 0
0.75 1.08 0
0.75 1.12 0
0.75 1.16 0
0.75 1.2 0
0.75 1.24 0
0.75 1.28 0
0.75 1.32 0
0.75 1.36 0
0.75 1.4 0
0.75 1.44 0
0.75 1.48 0
0.75 1.52 0
0.75 1.56 0
0.75 1.6 0
0.75 1.64 0
0.75 1.68 0
0.75 1.72 0
0.75 1.76 0
0.75 1.8 0
0.75 1.84 0
0.75 1.88 0
0.75 1.92 0
0.75 1.96 0
0.75 2 0
0.75 2.04 0
0.75 2.08 0
0.75 2.12 0
0.75 2.16 0
0.75 2.2 0
0.75 2.24 0
0.75 2.28 0
0.75 2.32 0
0.75 2.36 0
0.75 2.4 0
0.75 2.44 0
0.75 2.48 0
0.75 2.52 0
0.75 2.56 0
0.75 2.6 0
0.75 2.64 0
0.75 2.68 0
0.75 2.72 0
0.75 2.76 0
0.75 2.8 0
0.75 2.84 0
0.75 2.88 0
0.75 2.92 0
0.75 2.96 0
0.75 3 0
0.755 -5 0.000128914
0.755 -4.96 0.000128914
0.755 -4.92 0.000128914
0.755 -4.88 0.000128914
0.755 -4.84 0.000128914
0.755 -4.8 0.000128914
0.755 -4.76 0.000128914
0.755 -4.72 0.000128914
0.755 -4.68 0.000128914
0.755 -4.64 0.000128914
0.755 -4.6 0.000128914
0.755 -4.56 0.000128914
0.755 -4.52 0.000128914
0.755 -4.48 0.000128914
0.755 -4.44 0.000128914
0.755 -4.4 0.000128914
0.755 -4.36 0.000128914
0.755 -4.32 0.000128914
0.755 -4.28 0.000128914
0.755 -4.24 0.000128914
0.755 -4.2 0.000128914
0.755 -4.16 0.000128914
0.755 -4.12 0.000128914
0.755 -4.08 0.000128914
0.755 -4.04 0.000128914
0.755 -4 0.000128914
0.755 -3.96 0.000128914
0.755 -3.92 0.000128914
0.755 -3.88 0.000128914
0.755 -3.84 0.000128914
0.755 -3.8 0.000128914
0.755 -3.76 0.000128914
0.755 -3.72 0.000128914
0.755 -3.68 0.000128914
0.755 -3.64 0.000128914
0.755 -3.6 0.000128914
0.755 -3.56 0.000128914
0.755 -3.52 0.000128914
0.755 -3.48 0.000128914
0.755 -3.44 0.000128914
0.755 -3.4 0.000128914
0.755 -3.36 0.000128914
0.755 -3.32 0.000128914
0.755 -3.28 0.000128914
0.755 -3.24 0.000128914
0.755 -3.2 0.000128914
0.755 -3.16 0.000128914
0.755 -3.12 0.000128914
0.755 -3.08 0.000128914
0.755 -3.04 0.000128914
0.755 -3 0.000128914
0.755 -2.96 0.00012937
0.755 -2.92 0.000141264
0.755 -2.88 0.000146035
0.755 -2.84 0.00015922
0.755 -2.8 0.000157614
0.755 -2.76 0.000166869
0.755 -2.72 0.000163806
0.755 -2.68 0.000190617
0.755 -2.64 0.000207953
0.755 -2.6 0.000220053
0.755 -2.56 0.000244367
0.755 -2.52 0.000261435
0.755 -2.48 0.000293315
0.755 -2.44 0.000311574
0.755 -2.4 0.000362075
0.755 -2.36 0.000445837
0.755 -2.32 0.000517944
0.755 -2.28 0.000583941
0.755 -2.24 0.000710821
0.755 -2.2 0.00091091
0.755 -2.16 0.00123025
0.755 -2.12 0.00171731
0.755 -2.08 0.00235171
0.755 -2.04 0.00315913
0.755 -2 0.00406185
0.755 -1.96 0.00433881
0.755 -1.92 0.00446823
0.755 -1.88 0.00442207
0.755 -1.84 0.00412746
0.755 -1.8 0.00404291
0.755 -1.76 0.00397206
0.755 -1.72 0.00369159
0.755 -1.68 0.00352688
0.755 -1.64 0.0034775
0.755 -1.6 0.0032611
0.755 -1.56 0.00313534
0.755 -1.52 0.00301901
0.755 -1.48 0.00286874
0.755 -1.44 0.00270171
0.755 -1.4 0.00271948
0.755 -1.36 0.00252398
0.755 -1.32 0.00252169
0.755 -1.28 0.00241265
0.755 -1.24 0.00222585
0.755 -1.2 0.00223959
0.755 -1.16 0.00209009
0.755 -1.12 0.00198181
0.755 -1.08 0.00196813
0.755 -1.04 0.001885
0.755 -1 0.00185909
0.755 -0.96 0.00171545
0.755 -0.92 0.00167568
0.755 -0.88 0.00161183
0.755 -0.84 0.00161118
0.755 -0.8 0.00145235
0.755 -0.76 0.00138509
0.755 -0.72 0.00128701
0.755 -0.68 0.00127649
0.755 -0.64 0.0011906
0.755 -0.6 0.00114927
0.755 -0.56 0.00102302
0.755 -0.52 0.000941697
0.755 -0.48 0.000844474
0.755 -0.44 0.000787002
0.755 -0.4 0.00070603
0.755 -0.36 0.000680713
0.755 -0.32 0.000616286
0.755 -0.28 0.000557109
0.755 -0.24 0.000535659
0.755 -0.2 0.000505708
0.755 -0.16 0.000451159
0.755 -0.12 0.000397516
0.755 -0.08 0.000326087
0.755 -0.04 0.000251258
0.755 0 0.000190052
0.755 0.04 0.000149579
0.755 0.08 0.000123293
0.755 0.12 0.000105245
0.755 0.16 9.2098e-05
0.755 0.2 8.20379e-05
0.755 0.24 7.4042e-05
0.755 0.28 6.75093e-05
0.755 0.32 6.20435e-05
0.755 0.36 5.73969e-05
0.755 0.4 5.33781e-05
0.755 0.44 4.98716e-05
0.755 0.48 4.67644e-05
0.755 0.52 4.40091e-05
0.755 0.56 4.15239e-05
0.755 0.6 3.92901e-05
0.755 0.64 3.72615e-05
0.755 0.68 3.54158e-05
0.755 0.72 3.37209e-05
0.755 0.76 3.2159e-05
0.755 0.8 3.07144e-05
0.755 0.84 2.93901e-05
0.755 0.88 2.81519e-05
0.755 0.92 2.70032e-05
0.755 0.96 2.59346e-05
0.755 1 0
0.755 1.04 0
0.755 1.08 0
0.755 1.12 0
0.755 1.16 0
0.755 1.2 0
0.755 1.24 0
0.755 1.28 0
0.755 1.32 0
0.755 1.36 0
0.755 1.4 0
0.755 1.44 0
0.755 1.48 0
0.755 1.52 0
0.755 1.56 0
0.755 1.6 0
0.755 1.64 0
0.755 1.68 0
0.755 1.72 0
0.755 1.76 0
0.755 1.8 0
0.755 1.84 0
0.755 1.88 0
0.755 1.92 0
0.755 1.96 0
0.755 2 0
0.755 2.04 0
0.755 2.08 0
0.755 2.12 0
0.755 2.16 0
0.755 2.2 0
0.755 2.24 0
0.755 2.28 0
0.755 2.32 0
0.755 2.36 0
0.755 2.4 0
0.755 2.44 0
0.755 2.48 0
0.755 2.52 0
0.755 2.56 0
0.755 2.6 0
0.755 2.64 0
0.755 2.68 0
0.755 2.72 0
0.755 2.76 0
0.755 2.8 0
0.755 2.84 0
0.755 2.88 0
0.755 2.92 0
0.755 2.96 0
0.755 3 0
0.76 -5 0.000127956
0.76 -4.96 0.000127956
0.76 -4.92 0.000127956
0.76 -4.88 0.000127956
0.76 -4.84 0.000127956
0.76 -4.8 0.000127956
0.76 -4.76 0.000127956
0.76 -4.72 0.000127956
0.76 -4.68 0.000127956
0.76 -4.64 0.000127956
0.76 -4.6 0.000127956
0.76 -4.56 0.000127956
0.76 -4.52 0.000127956
0.76 -4.48 0.000127956
0.76 -4.44 0.000127956
0.76 -4.4 0.000127956
0.76 -4.36 0.000127956
0.76 -4.32 0.000127956
0.76 -4.28 0.000127956
0.76 -4.24 0.000127956
0.76 -4.2 0.000127956
0.76 -4.16 0.000127956
0.76 -4.12 0.000127956
0.76 -4.08 0.000127956
0.76 -4.04 0.000127956
0.76 -4 0.000127956
0.76 -3.96 0.000127956
0.76 -3.92 0.000127956
0.76 -3.88 0.000127956
0.76 -3.84 0.000127956
0.76 -3.8 0.000127956
0.76 -3.76 0.000127956
0.76 -3.72 0.000127956
0.76 -3.68 0.000127956
0.76 -3.64 0.000127956
0.76 -3.6 0.000127956
0.76 -3.56 0.000127956
0.76 -3.52 0.000127956
0.76 -3.48 0.000127956
0.76 -3.44 0.000127956
0.76 -3.4 0.000127956
0.76 -3.36 0.000127956
0.76 -3.32 0.000127956
0.76 -3.28 0.000127956
0.76 -3.24 0.000127956
0.76 -3.2 0.000127956
0.76 -3.16 0.000127956
0.76 -3.12 0.000127956
0.76 -3.08 0.000127956
0.76 -3.04 0.000127956
0.76 -3 0.000127956
0.76 -2.96 0.00012929
0.76 -2.92 0.000139587
0.76 -2.88 0.000142619
0.76 -2.84 0.000157844
0.76 -2.8 0.000160508
0.76 -2.76 0.000168053
0.76 -2.72 0.000170101
0.76 -2.68 0.000187453
0.76 -2.64 0.000209829
0.76 -2.6 0.000224272
0.76 -2.56 0.000248403
0.76 -2.52 0.00026895
0.76 -2.48 0.000289358
0.76 -2.44 0.000311161
0.76 -2.4 0.00035631
0.76 -2.36 0.000444663
0.76 -2.32 0.000518395
0.76 -2.28 0.000577763
0.76 -2.24 0.000712457
0.76 -2.2 0.000911099
0.76 -2.16 0.00122324
0.76 -2.12 0.00171326
0.76 -2.08 0.00234375
0.76 -2.04 0.00316826
0.76 -2 0.00412358
0.76 -1.96 0.00437243
0.76 -1.92 0.00451555
0.76 -1.88 0.00446069
0.76 -1.84 0.0041395
0.76 -1.8 0.00405351
0.76 -1.76 0.00399323
0.76 -1.72 0.00369238
0.76 -1.68 0.00350727
0.76 -1.64 0.00346689
0.76 -1.6 0.00327306
0.76 -1.56 0.00311671
0.76 -1.52 0.00303809
0.76 -1.48 0.00285039
0.76 -1.44 0.00268146
0.76 -1.4 0.00269823
0.76 -1.36 0.00251967
0.76 -1.32 0.00251256
0.76 -1.28 0.00239107
0.76 -1.24 0.00222139
0.76 -1.2 0.00220544
0.76 -1.16 0.00207837
0.76 -1.12 0.0019902
0.76 -1.08 0.00197674
0.76 -1.04 0.00190202
0.76 -1 0.00182903
0.76 -0.96 0.00171938
0.76 -0.92 0.00163828
0.76 -0.88 0.00160525
0.76 -0.84 0.00157963
0.76 -0.8 0.00142858
0.76 -0.76 0.00140026
0.76 -0.72 0.00130689
0.76 -0.68 0.00125243
0.76 -0.64 0.00121807
0.76 -0.6 0.00112518
0.76 -0.56 0.00102794
0.76 -0.52 0.00100603
0.76 -0.48 0.000854796
0.76 -0.44 0.000795695
0.76 -0.4 0.000700568
0.76 -0.36 0.000651071
0.76 -0.32 0.000625583
0.76 -0.28 0.000567157
0.76 -0.24 0.000527399
0.76 -0.2 0.000504954
0.76 -0.16 0.000445627
0.76 -0.12 0.00038892
0.76 -0.08 0.000318583
0.76 -0.04 0.00024491
0.76 0 0.00018556
0.76 0.04 0.000146594
0.76 0.08 0.000121207
0.76 0.12 0.0001037
0.76 0.16 9.0898e-05
0.76 0.2 8.10725e-05
0.76 0.24 7.32436e-05
0.76 0.28 6.68344e-05
0.76 0.32 6.14634e-05
0.76 0.36 5.68914e-05
0.76 0.4 5.29325e-05
0.76 0.44 4.94754e-05
0.76 0.48 4.64088e-05
0.76 0.52 4.36882e-05
0.76 0.56 4.12324e-05
0.76 0.6 3.90239e-05
0.76 0.64 3.70179e-05
0.76 0.68 3.51913e-05
0.76 0.72 3.35136e-05
0.76 0.76 3.19665e-05
0.76 0.8 3.05353e-05
0.76 0.84 2.92232e-05
0.76 0.88 2.79959e-05
0.76 0.92 2.68567e-05
0.76 0.96 2.5797e-05
0.76 1 0
0.76 1.04 0
0.76 1.08 0
0.76 1.12 0
0.76 1.16 0
0.76 1.2 0
0.76 1.24 0
0.76 1.28 0
0.76 1.32 0
0.76 1.36 0
0.76 1.4 0
0.76 1.44 0
0.76 1.48 0
0.76 1.52 0
0.76 1.56 0
0.76 1.6 0
0.76 1.64 0
0.76 1.68 0
0.76 1.72 0
0.76 1.76 0
0.76 1.8 0
0.76 1.84 0
0.76 1.88 0
0.76 1.92 0
0.76 1.96 0
0.76 2 0
0.76 2.04 0
0.76 2.08 0
0.76 2.12 0
0.76 2.16 0
0.76 2.2 0
0.76 2.24 0
0.76 2.28 0
0.76 2.32 0
0.76 2.36 0
0.76 2.4 0
0.76 2.44 0
0.76 2.48 0
0.76 2.52 0
0.76 2.56 0
0.76 2.6 0
0.76 2.64 0
0.76 2.68 0
0.76 2.72 0
0.76 2.76 0
0.76 2.8 0
0.76 2.84 0
0.76 2.88 0
0.76 2.92 0
0.76 2.96 0
0.76 3 0
0.765 -5 0.000127666
0.765 -4.96 0.000127666
0.765 -4.92 0.000127666
0.765 -4.88 0.000127666
0.765 -4.84 0.000127666
0.765 -4.8 0.000127666
0.765 -4.76 0.000127666
0.765 -4.72 0.000127666
0.765 -4.68 0.000127666
0.765 -4.64 0.000127666
0.765 -4.6 0.000127666
0.765 -4.56 0.000127666
0.765 -4.52 0.000127666
0.765 -4.48 0.000127666
0.765 -4.44 0.000127666
0.765 -4.4 0.000127666
0.765 -4.36 0.000127666
0.765 -4.32 0.000127666
0.765 -4.28 0.000127666
0.765 -4.24 0.000127666
0.765 -4.2 0.000127666
0.765 -4.16 0.000127666
0.765 -4.12 0.000127666
0.765 -4.08 0.000127666
0.765 -4.04 0.000127666
0.765 -4 0.000127666
0.765 -3.96 0.000127666
0.765 -3.92 0.000127666
0.765 -3.88 0.000127666
0.765 -3.84 0.000127666
0.765 -3.8 0.000127666
0.765 -3.76 0.000127666
0.765 -3.72 0.000127666
0.765 -3.68 0.000127666
0.765 -3.64 0.000127666
0.765 -3.6 0.000127666
0.765 -3.56 0.000127666
0.765 -3.52 0.000127666
0.765 -3.48 0.000127666
0.765 -3.44 0.000127666
0.765 -3.4 0.000127666
0.765 -3.36 0.000127666
0.765 -3.32 0.000127666
0.765 -3.28 0.000127666
0.765 -3.24 0.000127666
0.765 -3.2 0.000127666
0.765 -3.16 0.000127666
0.765 -3.12 0.000127666
0.765 -3.08 0.000127666
0.765 -3.04 0.000127666
0.765 -3 0.000127666
0.765 -2.96 0.000129029
0.765 -2.92 0.000140971
0.765 -2.88 0.000139885
0.765 -2.84 0.000157395
0.765 -2.8 0.000161846
0.765 -2.76 0.000169584
0.765 -2.72 0.00017032
0.765 -2.68 0.000193164
0.765 -2.64 0.000210939
0.765 -2.6 0.000228161
0.765 -2.56 0.000251508
0.765 -2.52 0.000274484
0.765 -2.48 0.000284712
0.765 -2.44 0.000311745
0.765 -2.4 0.000348755
0.765 -2.36 0.000447282
0.765 -2.32 0.00051593
0.765 -2.28 0.000575059
0.765 -2.24 0.000708413
0.765 -2.2 0.000908914
0.765 -2.16 0.00120883
0.765 -2.12 0.001708
0.765 -2.08 0.00233883
0.765 -2.04 0.00319875
0.765 -2 0.00417846
0.765 -1.96 0.00443093
0.765 -1.92 0.00456635
0.765 -1.88 0.00448957
0.765 -1.84 0.00416187
0.765 -1.8 0.00407349
0.765 -1.76 0.00397541
0.765 -1.72 0.00368352
0.765 -1.68 0.00347139
0.765 -1.64 0.00344605
0.765 -1.6 0.0032797
0.765 -1.56 0.00312522
0.765 -1.52 0.00305476
0.765 -1.48 0.00284804
0.765 -1.44 0.00267986
0.765 -1.4 0.00267048
0.765 -1.36 0.00251151
0.765 -1.32 0.00248544
0.765 -1.28 0.00237484
0.765 -1.24 0.00223847
0.765 -1.2 0.0021731
0.765 -1.16 0.00206386
0.765 -1.12 0.00199887
0.765 -1.08 0.0019611
0.765 -1.04 0.00190381
0.765 -1 0.0017908
0.765 -0.96 0.00172299
0.765 -0.92 0.00163323
0.765 -0.88 0.0015695
0.765 -0.84 0.00153937
0.765 -0.8 0.00144175
0.765 -0.76 0.00141342
0.765 -0.72 0.0013107
0.765 -0.68 0.00125613
0.765 -0.64 0.0012136
0.765 -0.6 0.00110477
0.765 -0.56 0.00103122
0.765 -0.52 0.00102134
0.765 -0.48 0.000884807
0.765 -0.44 0.000791438
0.765 -0.4 0.000719877
0.765 -0.36 0.000647485
0.765 -0.32 0.000621989
0.765 -0.28 0.000579835
0.765 -0.24 0.000523251
0.765 -0.2 0.00049082
0.765 -0.16 0.000439219
0.765 -0.12 0.000379006
0.765 -0.08 0.000311411
0.765 -0.04 0.000238721
0.765 0 0.000181213
0.765 0.04 0.000143704
0.765 0.08 0.000119183
0.765 0.12 0.000102198
0.765 0.16 8.973e-05
0.765 0.2 8.01319e-05
0.765 0.24 7.24652e-05
0.765 0.28 6.61762e-05
0.765 0.32 6.08974e-05
0.765 0.36 5.63979e-05
0.765 0.4 5.24975e-05
0.765 0.44 4.90884e-05
0.765 0.48 4.60617e-05
0.765 0.52 4.33748e-05
0.765 0.56 4.09476e-05
0.765 0.6 3.87639e-05
0.765 0.64 3.67798e-05
0.765 0.68 3.4972e-05
0.765 0.72 3.3311e-05
0.765 0.76 3.17784e-05
0.765 0.8 3.03603e-05
0.765 0.84 2.90601e-05
0.765 0.88 2.78434e-05
0.765 0.92 2.67135e-05
0.765 0.96 2.56625e-05
0.765 1 0
0.765 1.04 0
0.765 1.08 0
0.765 1.12 0
0.765 1.16 0
0.765 1.2 0
0.765 1.24 0
0.765 1.28 0
0.765 1.32 0
0.765 1.36 0
0.765 1.4 0
0.765 1.44 0
0.765 1.48 0
0.765 1.52 0
0.765 1.56 0
0.765 1.6 0
0.765 1.64 0
0.765 1.68 0
0.765 1.72 0
0.765 1.76 0
0.765 1.8 0
0.765 1.84 0
0.765 1.88 0
0.765 1.92 0
0.765 1.96 0
0.765 2 0
0.765 2.04 0
0.765 2.08 0
0.765 2.12 0
0.765 2.16 0
0.765 2.2 0
0.765 2.24 0
0.765 2.28 0
0.765 2.32 0
0.765 2.36 0
0.765 2.4 0
0.765 2.44 0
0.765 2.48 0
0.765 2.52 0
0.765 2.56 0
0.765 2.6 0
0.765 2.64 0
0.765 2.68 0
0.765 2.72 0
0.765 2.76 0
0.765 2.8 0
0.765 2.84 0
0.765 2.88 0
0.765 2.92 0
0.765 2.96 0
0.765 3 0
0.77 -5 0.000128509
0.77 -4.96 0.000128509
0.77 -4.92 0.000128509
0.77 -4.88 0.000128509
0.77 -4.84 0.000128509
0.77 -4.8 0.000128509
0.77 -4.76 0.000128509
0.77 -4.72 0.000128509
0.77 -4.68 0.000128509
0.77 -4.64 0.000128509
0.77 -4.6 0.000128509
0.77 -4.56 0.000128509
0.77 -4.52 0.000128509
0.77 -4.48 0.000128509
0.77 -4.44 0.000128509
0.77 -4.4 0.000128509
0.77 -4.36 0.000128509
0.77 -4.32 0.000128509
0.77 -4.28 0.000128509
0.77 -4.24 0.000128509
0.77 -4.2 0.000128509
0.77 -4.16 0.000128509
0.77 -4.12 0.000128509
0.77 -4.08 0.000128509
0.77 -4.04 0.000128509
0.77 -4 0.000128509
0.77 -3.96 0.000128509
0.77 -3.92 0.000128509
0.77 -3.88 0.000128509
0.77 -3.84 0.000128509
0.77 -3.8 0.000128509
0.77 -3.76 0.000128509
0.77 -3.72 0.000128509
0.77 -3.68 0.000128509
0.77 -3.64 0.000128509
0.77 -3.6 0.000128509
0.77 -3.56 0.000128509
0.77 -3.52 0.000128509
0.77 -3.48 0.000128509
0.77 -3.44 0.000128509
0.77 -3.4 0.000128509
0.77 -3.36 0.000128509
0.77 -3.32 0.000128509
0.77 -3.28 0.000128509
0.77 -3.24 0.000128509
0.77 -3.2 0.000128509
0.77 -3.16 0.000128509
0.77 -3.12 0.000128509
0.77 -3.08 0.000128509
0.77 -3.04 0.000128509
0.77 -3 0.000128509
0.77 -2.96 0.000128948
0.77 -2.92 0.000146477
0.77 -2.88 0.000139409
0.77 -2.84 0.00015795
0.77 -2.8 0.000162532
0.77 -2.76 0.00016915
0.77 -2.72 0.000165594
0.77 -2.68 0.000197693
0.77 -2.64 0.000208687
0.77 -2.6 0.000228477
0.77 -2.56 0.000247498
0.77 -2.52 0.000272164
0.77 -2.48 0.000282977
0.77 -2.44 0.000313278
0.77 -2.4 0.00034981
0.77 -2.36 0.000450536
0.77 -2.32 0.000512387
0.77 -2.28 0.000576547
0.77 -2.24 0.000704936
0.77 -2.2 0.000906671
0.77 -2.16 0.00119443
0.77 -2.12 0.00170606
0.77 -2.08 0.00234958
0.77 -2.04 0.00324286
0.77 -2 0.00421702
0.77 -1.96 0.00450299
0.77 -1.92 0.0046125
0.77 -1.88 0.00451738
0.77 -1.84 0.00419462
0.77 -1.8 0.0041063
0.77 -1.76 0.00395452
0.77 -1.72 0.00368005
0.77 -1.68 0.00347253
0.77 -1.64 0.00342864
0.77 -1.6 0.00327267
0.77 -1.56 0.00317142
0.77 -1.52 0.0030341
0.77 -1.48 0.00285931
0.77 -1.44 0.00268661
0.77 -1.4 0.00264982
0.77 -1.36 0.00247698
0.77 -1.32 0.00245052
0.77 -1.28 0.00236819
0.77 -1.24 0.002243
0.77 -1.2 0.00217787
0.77 -1.16 0.00204734
0.77 -1.12 0.00198279
0.77 -1.08 0.00192293
0.77 -1.04 0.00187212
0.77 -1 0.00176338
0.77 -0.96 0.00169534
0.77 -0.92 0.00163264
0.77 -0.88 0.00152208
0.77 -0.84 0.00152202
0.77 -0.8 0.0014584
0.77 -0.76 0.00139749
0.77 -0.72 0.00128343
0.77 -0.68 0.00127815
0.77 -0.64 0.001183
0.77 -0.6 0.00109701
0.77 -0.56 0.00101083
0.77 -0.52 0.000969871
0.77 -0.48 0.00089006
0.77 -0.44 0.000778677
0.77 -0.4 0.000735479
0.77 -0.36 0.000664962
0.77 -0.32 0.000598677
0.77 -0.28 0.000566018
0.77 -0.24 0.000522155
0.77 -0.2 0.000471594
0.77 -0.16 0.000431148
0.77 -0.12 0.000370253
0.77 -0.08 0.000303833
0.77 -0.04 0.000232532
0.77 0 0.000177008
0.77 0.04 0.000140906
0.77 0.08 0.00011722
0.77 0.12 0.000100739
0.77 0.16 8.85935e-05
0.77 0.2 7.92159e-05
0.77 0.24 7.17066e-05
0.77 0.28 6.55344e-05
0.77 0.32 6.03453e-05
0.77 0.36 5.59164e-05
0.77 0.4 5.20731e-05
0.77 0.44 4.87107e-05
0.77 0.48 4.57227e-05
0.77 0.52 4.30687e-05
0.77 0.56 4.06695e-05
0.77 0.6 3.85099e-05
0.77 0.64 3.65473e-05
0.77 0.68 3.47577e-05
0.77 0.72 3.31131e-05
0.77 0.76 3.15947e-05
0.77 0.8 3.01893e-05
0.77 0.84 2.89008e-05
0.77 0.88 2.76944e-05
0.77 0.92 2.65735e-05
0.77 0.96 2.5531e-05
0.77 1 0
0.77 1.04 0
0.77 1.08 0
0.77 1.12 0
0.77 1.16 0
0.77 1.2 0
0.77 1.24 0
0.77 1.28 0
0.77 1.32 0
0.77 1.36 0
0.77 1.4 0
0.77 1.44 0
0.77 1.48 0
0.77 1.52 0
0.77 1.56 0
0.77 1.6 0
0.77 1.64 0
0.77 1.68 0
0.77 1.72 0
0.77 1.76 0
0.77 1.8 0
0.77 1.84 0
0.77 1.88 0
0.77 1.92 0
0.77 1.96 0
0.77 2 0
0.77 2.04 0
0.77 2.08 0
0.77 2.12 0
0.77 2.16 0
0.77 2.2 0
0.77 2.24 0
0.77 2.28 0
0.77 2.32 0
0.77 2.36 0
0.77 2.4 0
0.77 2.44 0
0.77 2.48 0
0.77 2.52 0
0.77 2.56 0
0.77 2.6 0
0.77 2.64 0
0.77 2.68 0
0.77 2.72 0
0.77 2.76 0
0.77 2.8 0
0.77 2.84 0
0.77 2.88 0
0.77 2.92 0
0.77 2.96 0
0.77 3 0
0.775 -5 0.000129495
0.775 -4.96 0.000129495
0.775 -4.92 0.000129495
0.775 -4.88 0.000129495
0.775 -4.84 0.000129495
0.775 -4.8 0.000129495
0.775 -4.76 0.000129495
0.775 -4.72 0.000129495
0.775 -4.68 0.000129495
0.775 -4.64 0.000129495
0.775 -4.6 0.000129495
0.775 -4.56 0.000129495
0.775 -4.52 0.000129495
0.775 -4.48 0.000129495
0.775 -4.44 0.000129495
0.775 -4.4 0.000129495
0.775 -4.36 0.000129495
0.775 -4.32 0.000129495
0.775 -4.28 0.000129495
0.775 -4.24 0.000129495
0.775 -4.2 0.000129495
0.775 -4.16 0.000129495
0.775 -4.12 0.000129495
0.775 -4.08 0.000129495
0.775 -4.04 0.000129495
0.775 -4 0.000129495
0.775 -3.96 0.000129495
0.775 -3.92 0.000129495
0.775 -3.88 0.000129495
0.775 -3.84 0.000129495
0.775 -3.8 0.000129495
0.775 -3.76 0.000129495
0.775 -3.72 0.000129495
0.775 -3.68 0.000129495
0.775 -3.64 0.000129495
0.775 -3.6 0.000129495
0.775 -3.56 0.000129495
0.775 -3.52 0.000129495
0.775 -3.48 0.000129495
0.775 -3.44 0.000129495
0.775 -3.4 0.000129495
0.775 -3.36 0.000129495
0.775 -3.32 0.000129495
0.775 -3.28 0.000129495
0.775 -3.24 0.000129495
0.775 -3.2 0.000129495
0.775 -3.16 0.000129495
0.775 -3.12 0.000129495
0.775 -3.08 0.000129495
0.775 -3.04 0.000129495
0.775 -3 0.000129495
0.775 -2.96 0.000128648
0.775 -2.92 0.000149195
0.775 -2.88 0.000139783
0.775 -2.84 0.000160479
0.775 -2.8 0.0001649
0.775 -2.76 0.00016785
0.775 -2.72 0.000165473
0.775 -2.68 0.000193772
0.775 -2.64 0.000204568
0.775 -2.6 0.000225613
0.775 -2.56 0.000241954
0.775 -2.52 0.000266567
0.775 -2.48 0.000285227
0.775 -2.44 0.000316075
0.775 -2.4 0.000352503
0.775 -2.36 0.00045143
0.775 -2.32 0.000509581
0.775 -2.28 0.000578711
0.775 -2.24 0.000705713
0.775 -2.2 0.000906772
0.775 -2.16 0.00118689
0.775 -2.12 0.00170947
0.775 -2.08 0.00236756
0.775 -2.04 0.00327182
0.775 -2 0.00425909
0.775 -1.96 0.00456362
0.775 -1.92 0.00465381
0.775 -1.88 0.00455604
0.775 -1.84 0.0042319
0.775 -1.8 0.00413091
0.775 -1.76 0.00396715
0.775 -1.72 0.00369372
0.775 -1.68 0.00350483
0.775 -1.64 0.00342114
0.775 -1.6 0.00325956
0.775 -1.56 0.00319985
0.775 -1.52 0.00301158
0.775 -1.48 0.00287019
0.775 -1.44 0.00267972
0.775 -1.4 0.00263249
0.775 -1.36 0.00243631
0.775 -1.32 0.00242939
0.775 -1.28 0.00235323
0.775 -1.24 0.00222757
0.775 -1.2 0.00219264
0.775 -1.16 0.002035
0.775 -1.12 0.00195814
0.775 -1.08 0.00191071
0.775 -1.04 0.00183431
0.775 -1 0.0017515
0.775 -0.96 0.00165041
0.775 -0.92 0.0016065
0.775 -0.88 0.00148919
0.775 -0.84 0.00151834
0.775 -0.8 0.00144214
0.775 -0.76 0.00136075
0.775 -0.72 0.00125042
0.775 -0.68 0.00127949
0.775 -0.64 0.00116964
0.775 -0.6 0.00109339
0.775 -0.56 0.000987616
0.775 -0.52 0.000926442
0.775 -0.48 0.000866528
0.775 -0.44 0.000774873
0.775 -0.4 0.000720667
0.775 -0.36 0.000668128
0.775 -0.32 0.000573877
0.775 -0.28 0.000543963
0.775 -0.24 0.000520357
0.775 -0.2 0.000462363
0.775 -0.16 0.000422098
0.775 -0.12 0.000363935
0.775 -0.08 0.000295794
0.775 -0.04 0.000226185
0.775 0 0.000172945
0.775 0.04 0.000138199
0.775 0.08 0.000115316
0.775 0.12 9.93213e-05
0.775 0.16 8.74881e-05
0.775 0.2 7.83242e-05
0.775 0.24 7.09677e-05
0.775 0.28 6.49089e-05
0.775 0.32 5.98071e-05
0.775 0.36 5.54469e-05
0.775 0.4 5.16591e-05
0.775 0.44 4.83422e-05
0.775 0.48 4.5392e-05
0.775 0.52 4.277e-05
0.775 0.56 4.03981e-05
0.775 0.6 3.8262e-05
0.775 0.64 3.63203e-05
0.775 0.68 3.45486e-05
0.775 0.72 3.29199e-05
0.775 0.76 3.14152e-05
0.775 0.8 3.00224e-05
0.775 0.84 2.87451e-05
0.775 0.88 2.75488e-05
0.775 0.92 2.64368e-05
0.775 0.96 2.54026e-05
0.775 1 0
0.775 1.04 0
0.775 1.08 0
0.775 1.12 0
0.775 1.16 0
0.775 1.2 0
0.775 1.24 0
0.775 1.28 0
0.775 1.32 0
0.775 1.36 0
0.775 1.4 0
0.775 1.44 0
0.775 1.48 0
0.775 1.52 0
0.775 1.56 0
0.775 1.6 0
0.775 1.64 0
0.775 1.68 0
0.775 1.72 0
0.775 1.76 0
0.775 1.8 0
0.775 1.84 0
0.775 1.88 0
0.775 1.92 0
0.775 1.96 0
0.775 2 0
0.775 2.04 0
0.775 2.08 0
0.775 2.12 0
0.775 2.16 0
0.775 2.2 0
0.775 2.24 0
0.775 2.28 0
0.775 2.32 0
0.775 2.36 0
0.775 2.4 0
0.775 2.44 0
0.775 2.48 0
0.775 2.52 0
0.775 2.56 0
0.775 2.6 0
0.775 2.64 0
0.775 2.68 0
0.775 2.72 0
0.775 2.76 0
0.775 2.8 0
0.775 2.84 0
0.775 2.88 0
0.775 2.92 0
0.775 2.96 0
0.775 3 0
0.78 -5 0.00012927
0.78 -4.96 0.00012927
0.78 -4.92 0.00012927
0.78 -4.88 0.00012927
0.78 -4.84 0.00012927
0.78 -4.8 0.00012927
0.78 -4.76 0.00012927
0.78 -4.72 0.00012927
0.78 -4.68 0.00012927
0.78 -4.64 0.00012927
0.78 -4.6 0.00012927
0.78 -4.56 0.00012927
0.78 -4.52 0.00012927
0.78 -4.48 0.00012927
0.78 -4.44 0.00012927
0.78 -4.4 0.00012927
0.78 -4.36 0.00012927
0.78 -4.32 0.00012927
0.78 -4.28 0.00012927
0.78 -4.24 0.00012927
0.78 -4.2 0.00012927
0.78 -4.16 0.00012927
0.78 -4.12 0.00012927
0.78 -4.08 0.00012927
0.78 -4.04 0.00012927
0.78 -4 0.00012927
0.78 -3.96 0.00012927
0.78 -3.92 0.00012927
0.78 -3.88 0.00012927
0.78 -3.84 0.00012927
0.78 -3.8 0.00012927
0.78 -3.76 0.00012927
0.78 -3.72 0.00012927
0.78 -3.68 0.00012927
0.78 -3.64 0.00012927
0.78 -3.6 0.00012927
0.78 -3.56 0.00012927
0.78 -3.52 0.00012927
0.78 -3.48 0.00012927
0.78 -3.44 0.00012927
0.78 -3.4 0.00012927
0.78 -3.36 0.00012927
0.78 -3.32 0.00012927
0.78 -3.28 0.00012927
0.78 -3.24 0.00012927
0.78 -3.2 0.00012927
0.78 -3.16 0.00012927
0.78 -3.12 0.00012927
0.78 -3.08 0.00012927
0.78 -3.04 0.00012927
0.78 -3 0.00012927
0.78 -2.96 0.000127747
0.78 -2.92 0.000145007
0.78 -2.88 0.000139192
0.78 -2.84 0.000163453
0.78 -2.8 0.000167521
0.78 -2.76 0.000169049
0.78 -2.72 0.000171227
0.78 -2.68 0.000189119
0.78 -2.64 0.000202198
0.78 -2.6 0.000223636
0.78 -2.56 0.000243953
0.78 -2.52 0.000263223
0.78 -2.48 0.0002872
0.78 -2.44 0.000318844
0.78 -2.4 0.000345464
0.78 -2.36 0.000450413
0.78 -2.32 0.000507117
0.78 -2.28 0.000578521
0.78 -2.24 0.000707045
0.78 -2.2 0.000908045
0.78 -2.16 0.00118475
0.78 -2.12 0.00171198
0.78 -2.08 0.00237695
0.78 -2.04 0.0032817
0.78 -2 0.00431337
0.78 -1.96 0.00460395
0.78 -1.92 0.00469568
0.78 -1.88 0.00459952
0.78 -1.84 0.00426898
0.78 -1.8 0.00413519
0.78 -1.76 0.00399243
0.78 -1.72 0.00371367
0.78 -1.68 0.00351912
0.78 -1.64 0.00341821
0.78 -1.6 0.00324734
0.78 -1.56 0.00317545
0.78 -1.52 0.00302573
0.78 -1.48 0.00286788
0.78 -1.44 0.00265856
0.78 -1.4 0.00260548
0.78 -1.36 0.00242001
0.78 -1.32 0.00241949
0.78 -1.28 0.0023231
0.78 -1.24 0.00221844
0.78 -1.2 0.00216703
0.78 -1.16 0.00203063
0.78 -1.12 0.0019508
0.78 -1.08 0.00192988
0.78 -1.04 0.0018135
0.78 -1 0.00174391
0.78 -0.96 0.00162916
0.78 -0.92 0.001582
0.78 -0.88 0.00147763
0.78 -0.84 0.00149816
0.78 -0.8 0.00140742
0.78 -0.76 0.00133436
0.78 -0.72 0.00124005
0.78 -0.68 0.00124708
0.78 -0.64 0.00118055
0.78 -0.6 0.00107882
0.78 -0.56 0.000996523
0.78 -0.52 0.000938072
0.78 -0.48 0.000851489
0.78 -0.44 0.000782701
0.78 -0.4 0.00068744
0.78 -0.36 0.000639444
0.78 -0.32 0.000571188
0.78 -0.28 0.000547814
0.78 -0.24 0.000512133
0.78 -0.2 0.000464139
0.78 -0.16 0.000413153
0.78 -0.12 0.000358276
0.78 -0.08 0.000288034
0.78 -0.04 0.000219828
0.78 0 0.000169021
0.78 0.04 0.000135582
0.78 0.08 0.000113471
0.78 0.12 9.79452e-05
0.78 0.16 8.64136e-05
0.78 0.2 7.74566e-05
0.78 0.24 7.02482e-05
0.78 0.28 6.42996e-05
0.78 0.32 5.92826e-05
0.78 0.36 5.49892e-05
0.78 0.4 5.12554e-05
0.78 0.44 4.79828e-05
0.78 0.48 4.50695e-05
0.78 0.52 4.24786e-05
0.78 0.56 4.01334e-05
0.78 0.6 3.80201e-05
0.78 0.64 3.60988e-05
0.78 0.68 3.43444e-05
0.78 0.72 3.27312e-05
0.78 0.76 3.12401e-05
0.78 0.8 2.98594e-05
0.78 0.84 2.85932e-05
0.78 0.88 2.74067e-05
0.78 0.92 2.63033e-05
0.78 0.96 2.52771e-05
0.78 1 0
0.78 1.04 0
0.78 1.08 0
0.78 1.12 0
0.78 1.16 0
0.78 1.2 0
0.78 1.24 0
0.78 1.28 0
0.78 1.32 0
0.78 1.36 0
0.78 1.4 0
0.78 1.44 0
0.78 1.48 0
0.78 1.52 0
0.78 1.56 0
0.78 1.6 0
0.78 1.64 0
0.78 1.68 0
0.78 1.72 0
0.78 1.76 0
0.78 1.8 0
0.78 1.84 0
0.78 1.88 0
0.78 1.92 0
0.78 1.96 0
0.78 2 0
0.78 2.04 0
0.78 2.08 0
0.78 2.12 0
0.78 2.16 0
0.78 2.2 0
0.78 2.24 0
0.78 2.28 0
0.78 2.32 0
0.78 2.36 0
0.78 2.4 0
0.78 2.44 0
0.78 2.48 0
0.78 2.52 0
0.78 2.56 0
0.78 2.6 0
0.78 2.64 0
0.78 2.68 0
0.78 2.72 0
0.78 2.76 0
0.78 2.8 0
0.78 2.84 0
0.78 2.88 0
0.78 2.92 0
0.78 2.96 0
0.78 3 0
0.785 -5 0.000128077
0.785 -4.96 0.000128077
0.785 -4.92 0.000128077
0.785 -4.88 0.000128077
0.785 -4.84 0.000128077
0.785 -4.8 0.000128077
0.785 -4.76 0.000128077
0.785 -4.72 0.000128077
0.785 -4.68 0.000128077
0.785 -4.64 0.000128077
0.785 -4.6 0.000128077
0.785 -4.56 0.000128077
0.785 -4.52 0.000128077
0.785 -4.48 0.000128077
0.785 -4.44 0.000128077
0.785 -4.4 0.000128077
0.785 -4.36 0.000128077
0.785 -4.32 0.000128077
0.785 -4.28 0.000128077
0.785 -4.24 0.000128077
0.785 -4.2 0.000128077
0.785 -4.16 0.000128077
0.785 -4.12 0.000128077
0.785 -4.08 0.000128077
0.785 -4.04 0.000128077
0.785 -4 0.000128077
0.785 -3.96 0.000128077
0.785 -3.92 0.000128077
0.785 -3.88 0.000128077
0.785 -3.84 0.000128077
0.785 -3.8 0.000128077
0.785 -3.76 0.000128077
0.785 -3.72 0.000128077
0.785 -3.68 0.000128077
0.785 -3.64 0.000128077
0.785 -3.6 0.000128077
0.785 -3.56 0.000128077
0.785 -3.52 0.000128077
0.785 -3.48 0.000128077
0.785 -3.44 0.000128077
0.785 -3.4 0.000128077
0.785 -3.36 0.000128077
0.785 -3.32 0.000128077
0.785 -3.28 0.000128077
0.785 -3.24 0.000128077
0.785 -3.2 0.000128077
0.785 -3.16 0.000128077
0.785 -3.12 0.000128077
0.785 -3.08 0.000128077
0.785 -3.04 0.000128077
0.785 -3 0.000128077
0.785 -2.96 0.000127336
0.785 -2.92 0.000141351
0.785 -2.88 0.000138087
0.785 -2.84 0.00016341
0.785 -2.8 0.000167023
0.785 -2.76 0.000173452
0.785 -2.72 0.00017387
0.785 -2.68 0.000191243
0.785 -2.64 0.000203385
0.785 -2.6 0.000225323
0.785 -2.56 0.000251336
0.785 -2.52 0.000262636
0.785 -2.48 0.000285051
0.785 -2.44 0.00031859
0.785 -2.4 0.000335855
0.785 -2.36 0.00044911
0.785 -2.32 0.000504212
0.785 -2.28 0.00057668
0.785 -2.24 0.000704553
0.785 -2.2 0.000907188
0.785 -2.16 0.00118225
0.785 -2.12 0.00170625
0.785 -2.08 0.00237773
0.785 -2.04 0.00329889
0.785 -2 0.00435788
0.785 -1.96 0.00464066
0.785 -1.92 0.00474088
0.785 -1.88 0.00463229
0.785 -1.84 0.00430423
0.785 -1.8 0.00413523
0.785 -1.76 0.00399076
0.785 -1.72 0.00371817
0.785 -1.68 0.003505
0.785 -1.64 0.00341631
0.785 -1.6 0.00323015
0.785 -1.56 0.00313861
0.785 -1.52 0.0030465
0.785 -1.48 0.00285209
0.785 -1.44 0.00263888
0.785 -1.4 0.00257655
0.785 -1.36 0.00242173
0.785 -1.32 0.00240208
0.785 -1.28 0.00229506
0.785 -1.24 0.00222316
0.785 -1.2 0.00210868
0.785 -1.16 0.0020296
0.785 -1.12 0.0019583
0.785 -1.08 0.00192566
0.785 -1.04 0.00179195
0.785 -1 0.00173325
0.785 -0.96 0.00163623
0.785 -0.92 0.00159554
0.785 -0.88 0.00147688
0.785 -0.84 0.00146168
0.785 -0.8 0.00139156
0.785 -0.76 0.00132694
0.785 -0.72 0.00124754
0.785 -0.68 0.00121367
0.785 -0.64 0.00117504
0.785 -0.6 0.00105185
0.785 -0.56 0.00103028
0.785 -0.52 0.000958541
0.785 -0.48 0.000860343
0.785 -0.44 0.000784809
0.785 -0.4 0.000673929
0.785 -0.36 0.000604086
0.785 -0.32 0.000592137
0.785 -0.28 0.000568797
0.785 -0.24 0.000496728
0.785 -0.2 0.000464291
0.785 -0.16 0.000405325
0.785 -0.12 0.000350728
0.785 -0.08 0.000281072
0.785 -0.04 0.000213905
0.785 0 0.000165235
0.785 0.04 0.000133052
0.785 0.08 0.000111684
0.785 0.12 9.66099e-05
0.785 0.16 8.53695e-05
0.785 0.2 7.66127e-05
0.785 0.24 6.9548e-05
0.785 0.28 6.37063e-05
0.785 0.32 5.87717e-05
0.785 0.36 5.45432e-05
0.785 0.4 5.0862e-05
0.785 0.44 4.76325e-05
0.785 0.48 4.47551e-05
0.785 0.52 4.21945e-05
0.785 0.56 3.98752e-05
0.785 0.6 3.77842e-05
0.785 0.64 3.58828e-05
0.785 0.68 3.41452e-05
0.785 0.72 3.25472e-05
0.785 0.76 3.10692e-05
0.785 0.8 2.97005e-05
0.785 0.84 2.84449e-05
0.785 0.88 2.7268e-05
0.785 0.92 2.61731e-05
0.785 0.96 2.51547e-05
0.785 1 0
0.785 1.04 0
0.785 1.08 0
0.785 1.12 0
0.785 1.16 0
0.785 1.2 0
0.785 1.24 0
0.785 1.28 0
0.785 1.32 0
0.785 1.36 0
0.785 1.4 0
0.785 1.44 0
0.785 1.48 0
0.785 1.52 0
0.785 1.56 0
0.785 1.6 0
0.785 1.64 0
0.785 1.68 0
0.785 1.72 0
0.785 1.76 0
0.785 1.8 0
0.785 1.84 0
0.785 1.88 0
0.785 1.92 0
0.785 1.96 0
0.785 2 0
0.785 2.04 0
0.785 2.08 0
0.785 2.12 0
0.785 2.16 0
0.785 2.2 0
0.785 2.24 0
0.785 2.28 0
0.785 2.32 0
0.785 2.36 0
0.785 2.4 0
0.785 2.44 0
0.785 2.48 0
0.785 2.52 0
0.785 2.56 0
0.785 2.6 0
0.785 2.64 0
0.785 2.68 0
0.785 2.72 0
0.785 2.76 0
0.785 2.8 0
0.785 2.84 0
0.785 2.88 0
0.785 2.92 0
0.785 2.96 0
0.785 3 0
0.79 -5 0.000127455
0.79 -4.96 0.000127455
0.79 -4.92 0.000127455
0.79 -4.88 0.000127455
0.79 -4.84 0.000127455
0.79 -4.8 0.000127455
0.79 -4.76 0.000127455
0.79 -4.72 0.000127455
0.79 -4.68 0.000127455
0.79 -4.64 0.000127455
0.79 -4.6 0.000127455
0.79 -4.56 0.000127455
0.79 -4.52 0.000127455
0.79 -4.48 0.000127455
0.79 -4.44 0.000127455
0.79 -4.4 0.000127455
0.79 -4.36 0.000127455
0.79 -4.32 0.000127455
0.79 -4.28 0.000127455
0.79 -4.24 0.000127455
0.79 -4.2 0.000127455
0.79 -4.16 0.000127455
0.79 -4.12 0.000127455
0.79 -4.08 0.000127455
0.79 -4.04 0.000127455
0.79 -4 0.000127455
0.79 -3.96 0.000127455
0.79 -3.92 0.000127455
0.79 -3.88 0.000127455
0.79 -3.84 0.000127455
0.79 -3.8 0.000127455
0.79 -3.76 0.000127455
0.79 -3.72 0.000127455
0.79 -3.68 0.000127455
0.79 -3.64 0.000127455
0.79 -3.6 0.000127455
0.79 -3.56 0.000127455
0.79 -3.52 0.000127455
0.79 -3.48 0.000127455
0.79 -3.44 0.000127455
0.79 -3.4 0.000127455
0.79 -3.36 0.000127455
0.79 -3.32 0.000127455
0.79 -3.28 0.000127455
0.79 -3.24 0.000127455
0.79 -3.2 0.000127455
0.79 -3.16 0.000127455
0.79 -3.12 0.000127455
0.79 -3.08 0.000127455
0.79 -3.04 0.000127455
0.79 -3 0.000127455
0.79 -2.96 0.000128833
0.79 -2.92 0.000146046
0.79 -2.88 0.00013792
0.79 -2.84 0.000160045
0.79 -2.8 0.000164282
0.79 -2.76 0.000177253
0.79 -2.72 0.000169949
0.79 -2.68 0.000194735
0.79 -2.64 0.000207046
0.79 -2.6 0.00022747
0.79 -2.56 0.000254392
0.79 -2.52 0.000263565
0.79 -2.48 0.000281137
0.79 -2.44 0.000314563
0.79 -2.4 0.000338347
0.79 -2.36 0.000447432
0.79 -2.32 0.000502341
0.79 -2.28 0.000575054
0.79 -2.24 0.000700248
0.79 -2.2 0.000902534
0.79 -2.16 0.00117806
0.79 -2.12 0.0016942
0.79 -2.08 0.0023805
0.79 -2.04 0.00333317
0.79 -2 0.00438086
0.79 -1.96 0.00469273
0.79 -1.92 0.00479159
0.79 -1.88 0.00465475
0.79 -1.84 0.0043388
0.79 -1.8 0.00414873
0.79 -1.76 0.00397296
0.79 -1.72 0.00370555
0.79 -1.68 0.00350261
0.79 -1.64 0.00341886
0.79 -1.6 0.0032028
0.79 -1.56 0.00313325
0.79 -1.52 0.00302845
0.79 -1.48 0.00283286
0.79 -1.44 0.00262793
0.79 -1.4 0.00256815
0.79 -1.36 0.00241253
0.79 -1.32 0.00238186
0.79 -1.28 0.00228235
0.79 -1.24 0.00221605
0.79 -1.2 0.00207655
0.79 -1.16 0.00202461
0.79 -1.12 0.00196085
0.79 -1.08 0.00187871
0.79 -1.04 0.00175147
0.79 -1 0.00172334
0.79 -0.96 0.00163482
0.79 -0.92 0.00162131
0.79 -0.88 0.00147739
0.79 -0.84 0.00144001
0.79 -0.8 0.0013957
0.79 -0.76 0.00131682
0.79 -0.72 0.00124728
0.79 -0.68 0.00120887
0.79 -0.64 0.00113355
0.79 -0.6 0.00103043
0.79 -0.56 0.00104413
0.79 -0.52 0.000933436
0.79 -0.48 0.00086266
0.79 -0.44 0.000769585
0.79 -0.4 0.000693906
0.79 -0.36 0.000597295
0.79 -0.32 0.000612137
0.79 -0.28 0.000564419
0.79 -0.24 0.000482374
0.79 -0.2 0.000455954
0.79 -0.16 0.000399065
0.79 -0.12 0.000341342
0.79 -0.08 0.0002745
0.79 -0.04 0.000208709
0.79 0 0.000161583
0.79 0.04 0.000130609
0.79 0.08 0.000109954
0.79 0.12 9.53147e-05
0.79 0.16 8.43555e-05
0.79 0.2 7.57924e-05
0.79 0.24 6.88668e-05
0.79 0.28 6.3129e-05
0.79 0.32 5.82743e-05
0.79 0.36 5.41089e-05
0.79 0.4 5.04788e-05
0.79 0.44 4.72912e-05
0.79 0.48 4.44487e-05
0.79 0.52 4.19176e-05
0.79 0.56 3.96237e-05
0.79 0.6 3.75543e-05
0.79 0.64 3.56722e-05
0.79 0.68 3.3951e-05
0.79 0.72 3.23677e-05
0.79 0.76 3.09026e-05
0.79 0.8 2.95454e-05
0.79 0.84 2.83003e-05
0.79 0.88 2.71328e-05
0.79 0.92 2.60461e-05
0.79 0.96 2.50354e-05
0.79 1 0
0.79 1.04 0
0.79 1.08 0
0.79 1.12 0
0.79 1.16 0
0.79 1.2 0
0.79 1.24 0
0.79 1.28 0
0.79 1.32 0
0.79 1.36 0
0.79 1.4 0
0.79 1.44 0
0.79 1.48 0
0.79 1.52 0
0.79 1.56 0
0.79 1.6 0
0.79 1.64 0
0.79 1.68 0
0.79 1.72 0
0.79 1.76 0
0.79 1.8 0
0.79 1.84 0
0.79 1.88 0
0.79 1.92 0
0.79 1.96 0
0.79 2 0
0.79 2.04 0
0.79 2.08 0
0.79 2.12 0
0.79 2.16 0
0.79 2.2 0
0.79 2.24 0
0.79 2.28 0
0.79 2.32 0
0.79 2.36 0
0.79 2.4 0
0.79 2.44 0
0.79 2.48 0
0.79 2.52 0
0.79 2.56 0
0.79 2.6 0
0.79 2.64 0
0.79 2.68 0
0.79 2.72 0
0.79 2.76 0
0.79 2.8 0
0.79 2.84 0
0.79 2.88 0
0.79 2.92 0
0.79 2.96 0
0.79 3 0
0.795 -5 0.000127922
0.795 -4.96 0.000127922
0.795 -4.92 0.000127922
0.795 -4.88 0.000127922
0.795 -4.84 0.000127922
0.795 -4.8 0.000127922
0.795 -4.76 0.000127922
0.795 -4.72 0.000127922
0.795 -4.68 0.000127922
0.795 -4.64 0.000127922
0.795 -4.6 0.000127922
0.795 -4.56 0.000127922
0.795 -4.52 0.000127922
0.795 -4.48 0.000127922
0.795 -4.44 0.000127922
0.795 -4.4 0.000127922
0.795 -4.36 0.000127922
0.795 -4.32 0.000127922
0.795 -4.28 0.000127922
0.795 -4.24 0.000127922
0.795 -4.2 0.000127922
0.795 -4.16 0.000127922
0.795 -4.12 0.000127922
0.795 -4.08 0.000127922
0.795 -4.04 0.000127922
0.795 -4 0.000127922
0.795 -3.96 0.000127922
0.795 -3.92 0.000127922
0.795 -3.88 0.000127922
0.795 -3.84 0.000127922
0.795 -3.8 0.000127922
0.795 -3.76 0.000127922
0.795 -3.72 0.000127922
0.795 -3.68 0.000127922
0.795 -3.64 0.000127922
0.795 -3.6 0.000127922
0.795 -3.56 0.000127922
0.795 -3.52 0.000127922
0.795 -3.48 0.000127922
0.795 -3.44 0.000127922
0.795 -3.4 0.000127922
0.795 -3.36 0.000127922
0.795 -3.32 0.000127922
0.795 -3.28 0.000127922
0.795 -3.24 0.000127922
0.795 -3.2 0.000127922
0.795 -3.16 0.000127922
0.795 -3.12 0.000127922
0.795 -3.08 0.000127922
0.795 -3.04 0.000127922
0.795 -3 0.000127922
0.795 -2.96 0.000131379
0.795 -2.92 0.000153107
0.795 -2.88 0.000138513
0.795 -2.84 0.000156828
0.795 -2.8 0.000163615
0.795 -2.76 0.000176396
0.795 -2.72 0.000167001
0.795 -2.68 0.000193919
0.795 -2.64 0.000210934
0.795 -2.6 0.000224658
0.795 -2.56 0.000251268
0.795 -2.52 0.000265421
0.795 -2.48 0.000279895
0.795 -2.44 0.000310606
0.795 -2.4 0.000348948
0.795 -2.36 0.000444886
0.795 -2.32 0.000503189
0.795 -2.28 0.000573971
0.795 -2.24 0.000699451
0.795 -2.2 0.000895656
0.795 -2.16 0.0011754
0.795 -2.12 0.00168387
0.795 -2.08 0.00238625
0.795 -2.04 0.00335952
0.795 -2 0.00440773
0.795 -1.96 0.00475668
0.795 -1.92 0.00485066
0.795 -1.88 0.00468393
0.795 -1.84 0.00437476
0.795 -1.8 0.00416965
0.795 -1.76 0.00398307
0.795 -1.72 0.00369908
0.795 -1.68 0.00352873
0.795 -1.64 0.00342508
0.795 -1.6 0.00317593
0.795 -1.56 0.00313432
0.795 -1.52 0.00299199
0.795 -1.48 0.00281724
0.795 -1.44 0.00262044
0.795 -1.4 0.00257913
0.795 -1.36 0.00238834
0.795 -1.32 0.00238491
0.795 -1.28 0.00227582
0.795 -1.24 0.00218665
0.795 -1.2 0.00209354
0.795 -1.16 0.00201461
0.795 -1.12 0.00195312
0.795 -1.08 0.0018447
0.795 -1.04 0.00171642
0.795 -1 0.00171759
0.795 -0.96 0.00160593
0.795 -0.92 0.00160682
0.795 -0.88 0.00147702
0.795 -0.84 0.0014461
0.795 -0.8 0.00138976
0.795 -0.76 0.0012909
0.795 -0.72 0.00123042
0.795 -0.68 0.00121665
0.795 -0.64 0.00109504
0.795 -0.6 0.00103243
0.795 -0.56 0.00101565
0.795 -0.52 0.000891003
0.795 -0.48 0.00083529
0.795 -0.44 0.000749943
0.795 -0.4 0.000716817
0.795 -0.36 0.000619119
0.795 -0.32 0.000605684
0.795 -0.28 0.000524027
0.795 -0.24 0.000478244
0.795 -0.2 0.000445828
0.795 -0.16 0.00039349
0.795 -0.12 0.000332572
0.795 -0.08 0.000267575
0.795 -0.04 0.000204029
0.795 0 0.000158063
0.795 0.04 0.00012825
0.795 0.08 0.00010828
0.795 0.12 9.40591e-05
0.795 0.16 8.33711e-05
0.795 0.2 7.49953e-05
0.795 0.24 6.82046e-05
0.795 0.28 6.25674e-05
0.795 0.32 5.77903e-05
0.795 0.36 5.36862e-05
0.795 0.4 5.01058e-05
0.795 0.44 4.69588e-05
0.795 0.48 4.41504e-05
0.795 0.52 4.16478e-05
0.795 0.56 3.93786e-05
0.795 0.6 3.73303e-05
0.795 0.64 3.5467e-05
0.795 0.68 3.37617e-05
0.795 0.72 3.21928e-05
0.795 0.76 3.07402e-05
0.795 0.8 2.93943e-05
0.795 0.84 2.81593e-05
0.795 0.88 2.70009e-05
0.795 0.92 2.59222e-05
0.795 0.96 2.4919e-05
0.795 1 0
0.795 1.04 0
0.795 1.08 0
0.795 1.12 0
0.795 1.16 0
0.795 1.2 0
0.795 1.24 0
0.795 1.28 0
0.795 1.32 0
0.795 1.36 0
0.795 1.4 0
0.795 1.44 0
0.795 1.48 0
0.795 1.52 0
0.795 1.56 0
0.795 1.6 0
0.795 1.64 0
0.795 1.68 0
0.795 1.72 0
0.795 1.76 0
0.795 1.8 0
0.795 1.84 0
0.795 1.88 0
0.795 1.92 0
0.795 1.96 0
0.795 2 0
0.795 2.04 0
0.795 2.08 0
0.795 2.12 0
0.795 2.16 0
0.795 2.2 0
0.795 2.24 0
0.795 2.28 0
0.795 2.32 0
0.795 2.36 0
0.795 2.4 0
0.795 2.44 0
0.795 2.48 0
0.795 2.52 0
0.795 2.56 0
0.795 2.6 0
0.795 2.64 0
0.795 2.68 0
0.795 2.72 0
0.795 2.76 0
0.795 2.8 0
0.795 2.84 0
0.795 2.88 0
0.795 2.92 0
0.795 2.96 0
0.795 3 0
0.8 -5 0.000128081
0.8 -4.96 0.000128081
0.8 -4.92 0.000128081
0.8 -4.88 0.000128081
0.8 -4.84 0.000128081
0.8 -4.8 0.000128081
0.8 -4.76 0.000128081
0.8 -4.72 0.000128081
0.8 -4.68 0.000128081
0.8 -4.64 0.000128081
0.8 -4.6 0.000128081
0.8 -4.56 0.000128081
0.8 -4.52 0.000128081
0.8 -4.48 0.000128081
0.8 -4.44 0.000128081
0.8 -4.4 0.000128081
0.8 -4.36 0.000128081
0.8 -4.32 0.000128081
0.8 -4.28 0.000128081
0.8 -4.24 0.000128081
0.8 -4.2 0.000128081
0.8 -4.16 0.000128081
0.8 -4.12 0.000128081
0.8 -4.08 0.000128081
0.8 -4.04 0.000128081
0.8 -4 0.000128081
0.8 -3.96 0.000128081
0.8 -3.92 0.000128081
0.8 -3.88 0.000128081
0.8 -3.84 0.000128081
0.8 -3.8 0.000128081
0.8 -3.76 0.000128081
0.8 -3.72 0.000128081
0.8 -3.68 0.000128081
0.8 -3.64 0.000128081
0.8 -3.6 0.000128081
0.8 -3.56 0.000128081
0.8 -3.52 0.000128081
0.8 -3.48 0.000128081
0.8 -3.44 0.000128081
0.8 -3.4 0.000128081
0.8 -3.36 0.000128081
0.8 -3.32 0.000128081
0.8 -3.28 0.000128081
0.8 -3.24 0.000128081
0.8 -3.2 0.000128081
0.8 -3.16 0.000128081
0.8 -3.12 0.000128081
0.8 -3.08 0.000128081
0.8 -3.04 0.000128081
0.8 -3 0.000128081
0.8 -2.96 0.000132233
0.8 -2.92 0.000151093
0.8 -2.88 0.000138524
0.8 -2.84 0.000155339
0.8 -2.8 0.000165631
0.8 -2.76 0.000171734
0.8 -2.72 0.000169566
0.8 -2.68 0.000194298
0.8 -2.64 0.000213284
0.8 -2.6 0.000217927
0.8 -2.56 0.000249382
0.8 -2.52 0.000266621
0.8 -2.48 0.000280538
0.8 -2.44 0.000310805
0.8 -2.4 0.00035167
0.8 -2.36 0.000442406
0.8 -2.32 0.000505269
0.8 -2.28 0.000573972
0.8 -2.24 0.000703374
0.8 -2.2 0.00089001
0.8 -2.16 0.00117485
0.8 -2.12 0.00167796
0.8 -2.08 0.00238769
0.8 -2.04 0.003363
0.8 -2 0.00446082
0.8 -1.96 0.00481232
0.8 -1.92 0.00491303
0.8 -1.88 0.00472804
0.8 -1.84 0.00441072
0.8 -1.8 0.00418539
0.8 -1.76 0.00402318
0.8 -1.72 0.00371367
0.8 -1.68 0.00354595
0.8 -1.64 0.00342607
0.8 -1.6 0.00316416
0.8 -1.56 0.00310063
0.8 -1.52 0.00298548
0.8 -1.48 0.00280238
0.8 -1.44 0.00261135
0.8 -1.4 0.00258045
0.8 -1.36 0.00237238
0.8 -1.32 0.00241091
0.8 -1.28 0.00226583
0.8 -1.24 0.00216224
0.8 -1.2 0.00211335
0.8 -1.16 0.00200378
0.8 -1.12 0.00194467
0.8 -1.08 0.00185924
0.8 -1.04 0.00171945
0.8 -1 0.00171193
0.8 -0.96 0.00157344
0.8 -0.92 0.00156048
0.8 -0.88 0.00147515
0.8 -0.84 0.00145461
0.8 -0.8 0.00136501
0.8 -0.76 0.00126611
0.8 -0.72 0.00121386
0.8 -0.68 0.00120478
0.8 -0.64 0.00110177
0.8 -0.6 0.00105199
0.8 -0.56 0.000971819
0.8 -0.52 0.000893829
0.8 -0.48 0.000804994
0.8 -0.44 0.000746332
0.8 -0.4 0.000708412
0.8 -0.36 0.000637552
0.8 -0.32 0.000573738
0.8 -0.28 0.000488797
0.8 -0.24 0.000482651
0.8 -0.2 0.000440102
0.8 -0.16 0.000386852
0.8 -0.12 0.000325907
0.8 -0.08 0.000260291
0.8 -0.04 0.000199354
0.8 0 0.000154673
0.8 0.04 0.000125973
0.8 0.08 0.00010666
0.8 0.12 9.28425e-05
0.8 0.16 8.24161e-05
0.8 0.2 7.42213e-05
0.8 0.24 6.75611e-05
0.8 0.28 6.20214e-05
0.8 0.32 5.73196e-05
0.8 0.36 5.32749e-05
0.8 0.4 4.97428e-05
0.8 0.44 4.66353e-05
0.8 0.48 4.386e-05
0.8 0.52 4.13852e-05
0.8 0.56 3.914e-05
0.8 0.6 3.71122e-05
0.8 0.64 3.52672e-05
0.8 0.68 3.35773e-05
0.8 0.72 3.20224e-05
0.8 0.76 3.0582e-05
0.8 0.8 2.92472e-05
0.8 0.84 2.8022e-05
0.8 0.88 2.68724e-05
0.8 0.92 2.58016e-05
0.8 0.96 2.48055e-05
0.8 1 0
0.8 1.04 0
0.8 1.08 0
0.8 1.12 0
0.8 1.16 0
0.8 1.2 0
0.8 1.24 0
0.8 1.28 0
0.8 1.32 0
0.8 1.36 0
0.8 1.4 0
0.8 1.44 0
0.8 1.48 0
0.8 1.52 0
0.8 1.56 0
0.8 1.6 0
0.8 1.64 0
0.8 1.68 0
0.8 1.72 0
0.8 1.76 0
0.8 1.8 0
0.8 1.84 0
0.8 1.88 0
0.8 1.92 0
0.8 1.96 0
0.8 2 0
0.8 2.04 0
0.8 2.08 0
0.8 2.12 0
0.8 2.16 0
0.8 2.2 0
0.8 2.24 0
0.8 2.28 0
0.8 2.32 0
0.8 2.36 0
0.8 2.4 0
0.8 2.44 0
0.8 2.48 0
0.8 2.52 0
0.8 2.56 0
0.8 2.6 0
0.8 2.64 0
0.8 2.68 0
0.8 2.72 0
0.8 2.76 0
0.8 2.8 0
0.8 2.84 0
0.8 2.88 0
0.8 2.92 0
0.8 2.96 0
0.8 3 0
0.805 -5 0.000126534
0.805 -4.96 0.000126534
0.805 -4.92 0.000126534
0.805 -4.88 0.000126534
0.805 -4.84 0.000126534
0.805 -4.8 0.000126534
0.805 -4.76 0.000126534
0.805 -4.72 0.000126534
0.805 -4.68 0.000126534
0.805 -4.64 0.000126534
0.805 -4.6 0.000126534
0.805 -4.56 0.000126534
0.805 -4.52 0.000126534
0.805 -4.48 0.000126534
0.805 -4.44 0.000126534
0.805 -4.4 0.000126534
0.805 -4.36 0.000126534
0.805 -4.32 0.000126534
0.805 -4.28 0.000126534
0.805 -4.24 0.000126534
0.805 -4.2 0.000126534
0.805 -4.16 0.000126534
0.805 -4.12 0.000126534
0.805 -4.08 0.000126534
0.805 -4.04 0.000126534
0.805 -4 0.000126534
0.805 -3.96 0.000126534
0.805 -3.92 0.000126534
0.805 -3.88 0.000126534
0.805 -3.84 0.000126534
0.805 -3.8 0.000126534
0.805 -3.76 0.000126534
0.805 -3.72 0.000126534
0.805 -3.68 0.000126534
0.805 -3.64 0.000126534
0.805 -3.6 0.000126534
0.805 -3.56 0.000126534
0.805 -3.52 0.000126534
0.805 -3.48 0.000126534
0.805 -3.44 0.000126534
0.805 -3.4 0.000126534
0.805 -3.36 0.000126534
0.805 -3.32 0.000126534
0.805 -3.28 0.000126534
0.805 -3.24 0.000126534
0.805 -3.2 0.000126534
0.805 -3.16 0.000126534
0.805 -3.12 0.000126534
0.805 -3.08 0.000126534
0.805 -3.04 0.000126534
0.805 -3 0.000126534
0.805 -2.96 0.000130269
0.805 -2.92 0.000141838
0.805 -2.88 0.000137893
0.805 -2.84 0.000153305
0.805 -2.8 0.000166224
0.805 -2.76 0.000168351
0.805 -2.72 0.000171412
0.805 -2.68 0.000199954
0.805 -2.64 0.000213347
0.805 -2.6 0.000214669
0.805 -2.56 0.000252118
0.805 -2.52 0.000266112
0.805 -2.48 0.000279441
0.805 -2.44 0.000313837
0.805 -2.4 0.000346163
0.805 -2.36 0.000440635
0.805 -2.32 0.000506047
0.805 -2.28 0.000577266
0.805 -2.24 0.000708243
0.805 -2.2 0.000888855
0.805 -2.16 0.00117258
0.805 -2.12 0.00167291
0.805 -2.08 0.00238699
0.805 -2.04 0.0033696
0.805 -2 0.00452064
0.805 -1.96 0.00484906
0.805 -1.92 0.00496639
0.805 -1.88 0.00477607
0.805 -1.84 0.0044408
0.805 -1.8 0.00420091
0.805 -1.76 0.00404685
0.805 -1.72 0.00373223
0.805 -1.68 0.00352797
0.805 -1.64 0.00341798
0.805 -1.6 0.00316454
0.805 -1.56 0.00305438
0.805 -1.52 0.0029966
0.805 -1.48 0.00278327
0.805 -1.44 0.00260027
0.805 -1.4 0.00255797
0.805 -1.36 0.00237398
0.805 -1.32 0.00242189
0.805 -1.28 0.00226097
0.805 -1.24 0.00216245
0.805 -1.2 0.00209176
0.805 -1.16 0.00199452
0.805 -1.12 0.00193741
0.805 -1.08 0.00187285
0.805 -1.04 0.0017472
0.805 -1 0.00170205
0.805 -0.96 0.00156001
0.805 -0.92 0.00154053
0.805 -0.88 0.00146999
0.805 -0.84 0.00143915
0.805 -0.8 0.00134478
0.805 -0.76 0.00126247
0.805 -0.72 0.0012132
0.805 -0.68 0.00117645
0.805 -0.64 0.00113623
0.805 -0.6 0.00106418
0.805 -0.56 0.000950168
0.805 -0.52 0.000934755
0.805 -0.48 0.000810198
0.805 -0.44 0.000758002
0.805 -0.4 0.000676868
0.805 -0.36 0.000632258
0.805 -0.32 0.000542578
0.805 -0.28 0.000493793
0.805 -0.24 0.000484129
0.805 -0.2 0.000433298
0.805 -0.16 0.000378458
0.805 -0.12 0.000320148
0.805 -0.08 0.000253403
0.805 -0.04 0.000194398
0.805 0 0.000151408
0.805 0.04 0.000123778
0.805 0.08 0.000105095
0.805 0.12 9.16644e-05
0.805 0.16 8.14901e-05
0.805 0.2 7.347e-05
0.805 0.24 6.69361e-05
0.805 0.28 6.14908e-05
0.805 0.32 5.68621e-05
0.805 0.36 5.2875e-05
0.805 0.4 4.93898e-05
0.805 0.44 4.63206e-05
0.805 0.48 4.35775e-05
0.805 0.52 4.11297e-05
0.805 0.56 3.89079e-05
0.805 0.6 3.68999e-05
0.805 0.64 3.50727e-05
0.805 0.68 3.33978e-05
0.805 0.72 3.18565e-05
0.805 0.76 3.0428e-05
0.805 0.8 2.91039e-05
0.805 0.84 2.78882e-05
0.805 0.88 2.67473e-05
0.805 0.92 2.56841e-05
0.805 0.96 2.46951e-05
0.805 1 0
0.805 1.04 0
0.805 1.08 0
0.805 1.12 0
0.805 1.16 0
0.805 1.2 0
0.805 1.24 0
0.805 1.28 0
0.805 1.32 0
0.805 1.36 0
0.805 1.4 0
0.805 1.44 0
0.805 1.48 0
0.805 1.52 0
0.805 1.56 0
0.805 1.6 0
0.805 1.64 0
0.805 1.68 0
0.805 1.72 0
0.805 1.76 0
0.805 1.8 0
0.805 1.84 0
0.805 1.88 0
0.805 1.92 0
0.805 1.96 0
0.805 2 0
0.805 2.04 0
0.805 2.08 0
0.805 2.12 0
0.805 2.16 0
0.805 2.2 0
0.805 2.24 0
0.805 2.28 0
0.805 2.32 0
0.805 2.36 0
0.805 2.4 0
0.805 2.44 0
0.805 2.48 0
0.805 2.52 0
0.805 2.56 0
0.805 2.6 0
0.805 2.64 0
0.805 2.68 0
0.805 2.72 0
0.805 2.76 0
0.805 2.8 0
0.805 2.84 0
0.805 2.88 0
0.805 2.92 0
0.805 2.96 0
0.805 3 0
0.81 -5 0.000123915
0.81 -4.96 0.000123915
0.81 -4.92 0.000123915
0.81 -4.88 0.000123915
0.81 -4.84 0.000123915
0.81 -4.8 0.000123915
0.81 -4.76 0.000123915
0.81 -4.72 0.000123915
0.81 -4.68 0.000123915
0.81 -4.64 0.000123915
0.81 -4.6 0.000123915
0.81 -4.56 0.000123915
0.81 -4.52 0.000123915
0.81 -4.48 0.000123915
0.81 -4.44 0.000123915
0.81 -4.4 0.000123915
0.81 -4.36 0.000123915
0.81 -4.32 0.000123915
0.81 -4.28 0.000123915
0.81 -4.24 0.000123915
0.81 -4.2 0.000123915
0.81 -4.16 0.000123915
0.81 -4.12 0.000123915
0.81 -4.08 0.000123915
0.81 -4.04 0.000123915
0.81 -4 0.000123915
0.81 -3.96 0.000123915
0.81 -3.92 0.000123915
0.81 -3.88 0.000123915
0.81 -3.84 0.000123915
0.81 -3.8 0.000123915
0.81 -3.76 0.000123915
0.81 -3.72 0.000123915
0.81 -3.68 0.000123915
0.81 -3.64 0.000123915
0.81 -3.6 0.000123915
0.81 -3.56 0.000123915
0.81 -3.52 0.000123915
0.81 -3.48 0.000123915
0.81 -3.44 0.000123915
0.81 -3.4 0.000123915
0.81 -3.36 0.000123915
0.81 -3.32 0.000123915
0.81 -3.28 0.000123915
0.81 -3.24 0.000123915
0.81 -3.2 0.000123915
0.81 -3.16 0.000123915
0.81 -3.12 0.000123915
0.81 -3.08 0.000123915
0.81 -3.04 0.000123915
0.81 -3 0.000123915
0.81 -2.96 0.000127581
0.81 -2.92 0.000137988
0.81 -2.88 0.000137858
0.81 -2.84 0.000150172
0.81 -2.8 0.00016375
0.81 -2.76 0.000169598
0.81 -2.72 0.000167698
0.81 -2.68 0.000202191
0.81 -2.64 0.000211461
0.81 -2.6 0.000218202
0.81 -2.56 0.000254087
0.81 -2.52 0.000266945
0.81 -2.48 0.000278143
0.81 -2.44 0.00031471
0.81 -2.4 0.000346402
0.81 -2.36 0.000438366
0.81 -2.32 0.000506391
0.81 -2.28 0.000584277
0.81 -2.24 0.000710576
0.81 -2.2 0.00089394
0.81 -2.16 0.00116682
0.81 -2.12 0.0016683
0.81 -2.08 0.00239504
0.81 -2.04 0.00340568
0.81 -2 0.00455841
0.81 -1.96 0.00487779
0.81 -1.92 0.00500866
0.81 -1.88 0.0048171
0.81 -1.84 0.00446255
0.81 -1.8 0.00422532
0.81 -1.76 0.00403445
0.81 -1.72 0.00373042
0.81 -1.68 0.00350677
0.81 -1.64 0.00340848
0.81 -1.6 0.00316149
0.81 -1.56 0.00304393
0.81 -1.52 0.0029743
0.81 -1.48 0.00276143
0.81 -1.44 0.0025877
0.81 -1.4 0.00253386
0.81 -1.36 0.00237421
0.81 -1.32 0.00239484
0.81 -1.28 0.00226728
0.81 -1.24 0.00216519
0.81 -1.2 0.00205189
0.81 -1.16 0.00198623
0.81 -1.12 0.00192214
0.81 -1.08 0.00183687
0.81 -1.04 0.00175897
0.81 -1 0.00169043
0.81 -0.96 0.00155462
0.81 -0.92 0.00156003
0.81 -0.88 0.0014621
0.81 -0.84 0.0014064
0.81 -0.8 0.00134328
0.81 -0.76 0.00127455
0.81 -0.72 0.00122176
0.81 -0.68 0.00116058
0.81 -0.64 0.00114501
0.81 -0.6 0.00105558
0.81 -0.56 0.000955305
0.81 -0.52 0.000945393
0.81 -0.48 0.000840874
0.81 -0.44 0.000764428
0.81 -0.4 0.000660788
0.81 -0.36 0.000616644
0.81 -0.32 0.000535047
0.81 -0.28 0.00051991
0.81 -0.24 0.000475382
0.81 -0.2 0.000418679
0.81 -0.16 0.000369527
0.81 -0.12 0.000313472
0.81 -0.08 0.00024735
0.81 -0.04 0.000189307
0.81 0 0.000148267
0.81 0.04 0.000121662
0.81 0.08 0.000103582
0.81 0.12 9.0524e-05
0.81 0.16 8.05926e-05
0.81 0.2 7.27413e-05
0.81 0.24 6.63295e-05
0.81 0.28 6.09756e-05
0.81 0.32 5.64177e-05
0.81 0.36 5.24864e-05
0.81 0.4 4.90468e-05
0.81 0.44 4.60146e-05
0.81 0.48 4.33029e-05
0.81 0.52 4.08813e-05
0.81 0.56 3.86822e-05
0.81 0.6 3.66935e-05
0.81 0.64 3.48835e-05
0.81 0.68 3.32232e-05
0.81 0.72 3.16951e-05
0.81 0.76 3.02782e-05
0.81 0.8 2.89645e-05
0.81 0.84 2.77581e-05
0.81 0.88 2.66256e-05
0.81 0.92 2.55697e-05
0.81 0.96 2.45876e-05
0.81 1 0
0.81 1.04 0
0.81 1.08 0
0.81 1.12 0
0.81 1.16 0
0.81 1.2 0
0.81 1.24 0
0.81 1.28 0
0.81 1.32 0
0.81 1.36 0
0.81 1.4 0
0.81 1.44 0
0.81 1.48 0
0.81 1.52 0
0.81 1.56 0
0.81 1.6 0
0.81 1.64 0
0.81 1.68 0
0.81 1.72 0
0.81 1.76 0
0.81 1.8 0
0.81 1.84 0
0.81 1.88 0
0.81 1.92 0
0.81 1.96 0
0.81 2 0
0.81 2.04 0
0.81 2.08 0
0.81 2.12 0
0.81 2.16 0
0.81 2.2 0
0.81 2.24 0
0.81 2.28 0
0.81 2.32 0
0.81 2.36 0
0.81 2.4 0
0.81 2.44 0
0.81 2.48 0
0.81 2.52 0
0.81 2.56 0
0.81 2.6 0
0.81 2.64 0
0.81 2.68 0
0.81 2.72 0
0.81 2.76 0
0.81 2.8 0
0.81 2.84 0
0.81 2.88 0
0.81 2.92 0
0.81 2.96 0
0.81 3 0
0.815 -5 0.000122288
0.815 -4.96 0.000122288
0.815 -4.92 0.000122288
0.815 -4.88 0.000122288
0.815 -4.84 0.000122288
0.815 -4.8 0.000122288
0.815 -4.76 0.000122288
0.815 -4.72 0.000122288
0.815 -4.68 0.000122288
0.815 -4.64 0.000122288
0.815 -4.6 0.000122288
0.815 -4.56 0.000122288
0.815 -4.52 0.000122288
0.815 -4.48 0.000122288
0.815 -4.44 0.000122288
0.815 -4.4 0.000122288
0.815 -4.36 0.000122288
0.815 -4.32 0.000122288
0.815 -4.28 0.000122288
0.815 -4.24 0.000122288
0.815 -4.2 0.000122288
0.815 -4.16 0.000122288
0.815 -4.12 0.000122288
0.815 -4.08 0.000122288
0.815 -4.04 0.000122288
0.815 -4 0.000122288
0.815 -3.96 0.000122288
0.815 -3.92 0.000122288
0.815 -3.88 0.000122288
0.815 -3.84 0.000122288
0.815 -3.8 0.000122288
0.815 -3.76 0.000122288
0.815 -3.72 0.000122288
0.815 -3.68 0.000122288
0.815 -3.64 0.000122288
0.815 -3.6 0.000122288
0.815 -3.56 0.000122288
0.815 -3.52 0.000122288
0.815 -3.48 0.000122288
0.815 -3.44 0.000122288
0.815 -3.4 0.000122288
0.815 -3.36 0.000122288
0.815 -3.32 0.000122288
0.815 -3.28 0.000122288
0.815 -3.24 0.000122288
0.815 -3.2 0.000122288
0.815 -3.16 0.000122288
0.815 -3.12 0.000122288
0.815 -3.08 0.000122288
0.815 -3.04 0.000122288
0.815 -3 0.000122288
0.815 -2.96 0.000126857
0.815 -2.92 0.00014286
0.815 -2.88 0.000138577
0.815 -2.84 0.000149823
0.815 -2.8 0.000161823
0.815 -2.76 0.000173167
0.815 -2.72 0.000164472
0.815 -2.68 0.000193442
0.815 -2.64 0.000208707
0.815 -2.6 0.000222941
0.815 -2.56 0.000251195
0.815 -2.52 0.000272529
0.815 -2.48 0.000281934
0.815 -2.44 0.000311738
0.815 -2.4 0.000354383
0.815 -2.36 0.000435137
0.815 -2.32 0.00050891
0.815 -2.28 0.000590686
0.815 -2.24 0.00071072
0.815 -2.2 0.000904421
0.815 -2.16 0.00116165
0.815 -2.12 0.00166867
0.815 -2.08 0.00241255
0.815 -2.04 0.00345294
0.815 -2 0.0045836
0.815 -1.96 0.00491608
0.815 -1.92 0.00505354
0.815 -1.88 0.00485549
0.815 -1.84 0.00448397
0.815 -1.8 0.00424802
0.815 -1.76 0.00402508
0.815 -1.72 0.00371485
0.815 -1.68 0.00351792
0.815 -1.64 0.0034035
0.815 -1.6 0.00315099
0.815 -1.56 0.00305954
0.815 -1.52 0.00292248
0.815 -1.48 0.00274089
0.815 -1.44 0.0025752
0.815 -1.4 0.00253165
0.815 -1.36 0.00235795
0.815 -1.32 0.00235515
0.815 -1.28 0.00226709
0.815 -1.24 0.00214347
0.815 -1.2 0.00204508
0.815 -1.16 0.00197933
0.815 -1.12 0.00189631
0.815 -1.08 0.00179332
0.815 -1.04 0.00174543
0.815 -1 0.00168294
0.815 -0.96 0.00154145
0.815 -0.92 0.0015669
0.815 -0.88 0.00145558
0.815 -0.84 0.00137958
0.815 -0.8 0.00134616
0.815 -0.76 0.00128372
0.815 -0.72 0.00122205
0.815 -0.68 0.00116021
0.815 -0.64 0.00111106
0.815 -0.6 0.00104031
0.815 -0.56 0.000964035
0.815 -0.52 0.000900776
0.815 -0.48 0.000850111
0.815 -0.44 0.000754322
0.815 -0.4 0.000677735
0.815 -0.36 0.000611806
0.815 -0.32 0.000546982
0.815 -0.28 0.000526421
0.815 -0.24 0.000461446
0.815 -0.2 0.00040264
0.815 -0.16 0.000361481
0.815 -0.12 0.000305874
0.815 -0.08 0.000241593
0.815 -0.04 0.000184412
0.815 0 0.000145247
0.815 0.04 0.000119624
0.815 0.08 0.000102122
0.815 0.12 8.9421e-05
0.815 0.16 7.97234e-05
0.815 0.2 7.20349e-05
0.815 0.24 6.5741e-05
0.815 0.28 6.04756e-05
0.815 0.32 5.59862e-05
0.815 0.36 5.2109e-05
0.815 0.4 4.87136e-05
0.815 0.44 4.57174e-05
0.815 0.48 4.30361e-05
0.815 0.52 4.06398e-05
0.815 0.56 3.84629e-05
0.815 0.6 3.64929e-05
0.815 0.64 3.46996e-05
0.815 0.68 3.30534e-05
0.815 0.72 3.15381e-05
0.815 0.76 3.01325e-05
0.815 0.8 2.88289e-05
0.815 0.84 2.76315e-05
0.815 0.88 2.65072e-05
0.815 0.92 2.54585e-05
0.815 0.96 2.4483e-05
0.815 1 0
0.815 1.04 0
0.815 1.08 0
0.815 1.12 0
0.815 1.16 0
0.815 1.2 0
0.815 1.24 0
0.815 1.28 0
0.815 1.32 0
0.815 1.36 0
0.815 1.4 0
0.815 1.44 0
0.815 1.48 0
0.815 1.52 0
0.815 1.56 0
0.815 1.6 0
0.815 1.64 0
0.815 1.68 0
0.815 1.72 0
0.815 1.76 0
0.815 1.8 0
0.815 1.84 0
0.815 1.88 0
0.815 1.92 0
0.815 1.96 0
0.815 2 0
0.815 2.04 0
0.815 2.08 0
0.815 2.12 0
0.815 2.16 0
0.815 2.2 0
0.815 2.24 0
0.815 2.28 0
0.815 2.32 0
0.815 2.36 0
0.815 2.4 0
0.815 2.44 0
0.815 2.48 0
0.815 2.52 0
0.815 2.56 0
0.815 2.6 0
0.815 2.64 0
0.815 2.68 0
0.815 2.72 0
0.815 2.76 0
0.815 2.8 0
0.815 2.84 0
0.815 2.88 0
0.815 2.92 0
0.815 2.96 0
0.815 3 0
0.82 -5 0.000122837
0.82 -4.96 0.000122837
0.82 -4.92 0.000122837
0.82 -4.88 0.000122837
0.82 -4.84 0.000122837
0.82 -4.8 0.000122837
0.82 -4.76 0.000122837
0.82 -4.72 0.000122837
0.82 -4.68 0.000122837
0.82 -4.64 0.000122837
0.82 -4.6 0.000122837
0.82 -4.56 0.000122837
0.82 -4.52 0.000122837
0.82 -4.48 0.000122837
0.82 -4.44 0.000122837
0.82 -4.4 0.000122837
0.82 -4.36 0.000122837
0.82 -4.32 0.000122837
0.82 -4.28 0.000122837
0.82 -4.24 0.000122837
0.82 -4.2 0.000122837
0.82 -4.16 0.000122837
0.82 -4.12 0.000122837
0.82 -4.08 0.000122837
0.82 -4.04 0.000122837
0.82 -4 0.000122837
0.82 -3.96 0.000122837
0.82 -3.92 0.000122837
0.82 -3.88 0.000122837
0.82 -3.84 0.000122837
0.82 -3.8 0.000122837
0.82 -3.76 0.000122837
0.82 -3.72 0.000122837
0.82 -3.68 0.000122837
0.82 -3.64 0.000122837
0.82 -3.6 0.000122837
0.82 -3.56 0.000122837
0.82 -3.52 0.000122837
0.82 -3.48 0.000122837
0.82 -3.44 0.000122837
0.82 -3.4 0.000122837
0.82 -3.36 0.000122837
0.82 -3.32 0.000122837
0.82 -3.28 0.000122837
0.82 -3.24 0.000122837
0.82 -3.2 0.000122837
0.82 -3.16 0.000122837
0.82 -3.12 0.000122837
0.82 -3.08 0.000122837
0.82 -3.04 0.000122837
0.82 -3 0.000122837
0.82 -2.96 0.000128284
0.82 -2.92 0.000146071
0.82 -2.88 0.000138754
0.82 -2.84 0.000154297
0.82 -2.8 0.000162998
0.82 -2.76 0.000173953
0.82 -2.72 0.000168007
0.82 -2.68 0.0001821
0.82 -2.64 0.000206108
0.82 -2.6 0.000223039
0.82 -2.56 0.000246712
0.82 -2.52 0.000278765
0.82 -2.48 0.000289868
0.82 -2.44 0.000308348
0.82 -2.4 0.000357619
0.82 -2.36 0.000433677
0.82 -2.32 0.00051242
0.82 -2.28 0.000591394
0.82 -2.24 0.000711588
0.82 -2.2 0.000916156
0.82 -2.16 0.0011617
0.82 -2.12 0.00167417
0.82 -2.08 0.00242706
0.82 -2.04 0.00347714
0.82 -2 0.00462454
0.82 -1.96 0.00496859
0.82 -1.92 0.00510909
0.82 -1.88 0.00489842
0.82 -1.84 0.00451588
0.82 -1.8 0.00425162
0.82 -1.76 0.0040506
0.82 -1.72 0.00371438
0.82 -1.68 0.00353768
0.82 -1.64 0.0033977
0.82 -1.6 0.00314378
0.82 -1.56 0.00305529
0.82 -1.52 0.00289491
0.82 -1.48 0.00272179
0.82 -1.44 0.00256575
0.82 -1.4 0.00254231
0.82 -1.36 0.00233648
0.82 -1.32 0.00233441
0.82 -1.28 0.00224117
0.82 -1.24 0.00210981
0.82 -1.2 0.00207012
0.82 -1.16 0.00197501
0.82 -1.12 0.00187044
0.82 -1.08 0.00180557
0.82 -1.04 0.00173061
0.82 -1 0.0016816
0.82 -0.96 0.00152967
0.82 -0.92 0.00153163
0.82 -0.88 0.0014528
0.82 -0.84 0.00136685
0.82 -0.8 0.00133859
0.82 -0.76 0.0012838
0.82 -0.72 0.00120834
0.82 -0.68 0.00114825
0.82 -0.64 0.00106924
0.82 -0.6 0.0010375
0.82 -0.56 0.000957156
0.82 -0.52 0.000854864
0.82 -0.48 0.000820298
0.82 -0.44 0.000739571
0.82 -0.4 0.000704829
0.82 -0.36 0.000615312
0.82 -0.32 0.000555479
0.82 -0.28 0.000509981
0.82 -0.24 0.000451364
0.82 -0.2 0.000398079
0.82 -0.16 0.000354259
0.82 -0.12 0.000298503
0.82 -0.08 0.000235333
0.82 -0.04 0.000179897
0.82 0 0.000142344
0.82 0.04 0.000117661
0.82 0.08 0.000100713
0.82 0.12 8.83547e-05
0.82 0.16 7.88821e-05
0.82 0.2 7.13505e-05
0.82 0.24 6.51706e-05
0.82 0.28 5.99907e-05
0.82 0.32 5.55676e-05
0.82 0.36 5.17428e-05
0.82 0.4 4.83902e-05
0.82 0.44 4.54289e-05
0.82 0.48 4.2777e-05
0.82 0.52 4.04053e-05
0.82 0.56 3.825e-05
0.82 0.6 3.62981e-05
0.82 0.64 3.4521e-05
0.82 0.68 3.28884e-05
0.82 0.72 3.13855e-05
0.82 0.76 2.99909e-05
0.82 0.8 2.86972e-05
0.82 0.84 2.75085e-05
0.82 0.88 2.63921e-05
0.82 0.92 2.53505e-05
0.82 0.96 2.43814e-05
0.82 1 0
0.82 1.04 0
0.82 1.08 0
0.82 1.12 0
0.82 1.16 0
0.82 1.2 0
0.82 1.24 0
0.82 1.28 0
0.82 1.32 0
0.82 1.36 0
0.82 1.4 0
0.82 1.44 0
0.82 1.48 0
0.82 1.52 0
0.82 1.56 0
0.82 1.6 0
0.82 1.64 0
0.82 1.68 0
0.82 1.72 0
0.82 1.76 0
0.82 1.8 0
0.82 1.84 0
0.82 1.88 0
0.82 1.92 0
0.82 1.96 0
0.82 2 0
0.82 2.04 0
0.82 2.08 0
0.82 2.12 0
0.82 2.16 0
0.82 2.2 0
0.82 2.24 0
0.82 2.28 0
0.82 2.32 0
0.82 2.36 0
0.82 2.4 0
0.82 2.44 0
0.82 2.48 0
0.82 2.52 0
0.82 2.56 0
0.82 2.6 0
0.82 2.64 0
0.82 2.68 0
0.82 2.72 0
0.82 2.76 0
0.82 2.8 0
0.82 2.84 0
0.82 2.88 0
0.82 2.92 0
0.82 2.96 0
0.82 3 0
0.825 -5 0.000124731
0.825 -4.96 0.000124731
0.825 -4.92 0.000124731
0.825 -4.88 0.000124731
0.825 -4.84 0.000124731
0.825 -4.8 0.000124731
0.825 -4.76 0.000124731
0.825 -4.72 0.000124731
0.825 -4.68 0.000124731
0.825 -4.64 0.000124731
0.825 -4.6 0.000124731
0.825 -4.56 0.000124731
0.825 -4.52 0.000124731
0.825 -4.48 0.000124731
0.825 -4.44 0.000124731
0.825 -4.4 0.000124731
0.825 -4.36 0.000124731
0.825 -4.32 0.000124731
0.825 -4.28 0.000124731
0.825 -4.24 0.000124731
0.825 -4.2 0.000124731
0.825 -4.16 0.000124731
0.825 -4.12 0.000124731
0.825 -4.08 0.000124731
0.825 -4.04 0.000124731
0.825 -4 0.000124731
0.825 -3.96 0.000124731
0.825 -3.92 0.000124731
0.825 -3.88 0.000124731
0.825 -3.84 0.000124731
0.825 -3.8 0.000124731
0.825 -3.76 0.000124731
0.825 -3.72 0.000124731
0.825 -3.68 0.000124731
0.825 -3.64 0.000124731
0.825 -3.6 0.000124731
0.825 -3.56 0.000124731
0.825 -3.52 0.000124731
0.825 -3.48 0.000124731
0.825 -3.44 0.000124731
0.825 -3.4 0.000124731
0.825 -3.36 0.000124731
0.825 -3.32 0.000124731
0.825 -3.28 0.000124731
0.825 -3.24 0.000124731
0.825 -3.2 0.000124731
0.825 -3.16 0.000124731
0.825 -3.12 0.000124731
0.825 -3.08 0.000124731
0.825 -3.04 0.000124731
0.825 -3 0.000124731
0.825 -2.96 0.000129914
0.825 -2.92 0.000141224
0.825 -2.88 0.000138093
0.825 -2.84 0.000158814
0.825 -2.8 0.000164828
0.825 -2.76 0.000170063
0.825 -2.72 0.000173318
0.825 -2.68 0.000180652
0.825 -2.64 0.00020421
0.825 -2.6 0.000220329
0.825 -2.56 0.00024451
0.825 -2.52 0.000276678
0.825 -2.48 0.000293483
0.825 -2.44 0.000307512
0.825 -2.4 0.000353063
0.825 -2.36 0.000436817
0.825 -2.32 0.000512745
0.825 -2.28 0.000586647
0.825 -2.24 0.000715477
0.825 -2.2 0.000923569
0.825 -2.16 0.00116619
0.825 -2.12 0.00167774
0.825 -2.08 0.00243172
0.825 -2.04 0.00348317
0.825 -2 0.00467952
0.825 -1.96 0.00502469
0.825 -1.92 0.00516323
0.825 -1.88 0.0049406
0.825 -1.84 0.00455661
0.825 -1.8 0.00424149
0.825 -1.76 0.00408137
0.825 -1.72 0.00373482
0.825 -1.68 0.00352366
0.825 -1.64 0.00338596
0.825 -1.6 0.00314338
0.825 -1.56 0.00303494
0.825 -1.52 0.00289839
0.825 -1.48 0.00270471
0.825 -1.44 0.00255907
0.825 -1.4 0.00254241
0.825 -1.36 0.0023271
0.825 -1.32 0.00232317
0.825 -1.28 0.00219997
0.825 -1.24 0.00209408
0.825 -1.2 0.00207418
0.825 -1.16 0.00197093
0.825 -1.12 0.00185426
0.825 -1.08 0.00184479
0.825 -1.04 0.00172466
0.825 -1 0.00168176
0.825 -0.96 0.00153129
0.825 -0.92 0.00149418
0.825 -0.88 0.00144851
0.825 -0.84 0.00136336
0.825 -0.8 0.00132549
0.825 -0.76 0.00127866
0.825 -0.72 0.00118976
0.825 -0.68 0.00111971
0.825 -0.64 0.00105216
0.825 -0.6 0.00104169
0.825 -0.56 0.000934967
0.825 -0.52 0.000858251
0.825 -0.48 0.000786616
0.825 -0.44 0.000735529
0.825 -0.4 0.000712468
0.825 -0.36 0.000609602
0.825 -0.32 0.000547422
0.825 -0.28 0.000499923
0.825 -0.24 0.000446194
0.825 -0.2 0.000405283
0.825 -0.16 0.000347382
0.825 -0.12 0.00029154
0.825 -0.08 0.000228648
0.825 -0.04 0.000175751
0.825 0 0.000139557
0.825 0.04 0.000115773
0.825 0.08 9.93533e-05
0.825 0.12 8.73246e-05
0.825 0.16 7.80684e-05
0.825 0.2 7.06879e-05
0.825 0.24 6.46179e-05
0.825 0.28 5.95208e-05
0.825 0.32 5.51618e-05
0.825 0.36 5.13876e-05
0.825 0.4 4.80765e-05
0.825 0.44 4.51489e-05
0.825 0.48 4.25257e-05
0.825 0.52 4.01778e-05
0.825 0.56 3.80433e-05
0.825 0.6 3.6109e-05
0.825 0.64 3.43476e-05
0.825 0.68 3.27282e-05
0.825 0.72 3.12374e-05
0.825 0.76 2.98535e-05
0.825 0.8 2.85693e-05
0.825 0.84 2.73891e-05
0.825 0.88 2.62803e-05
0.825 0.92 2.52455e-05
0.825 0.96 2.42827e-05
0.825 1 0
0.825 1.04 0
0.825 1.08 0
0.825 1.12 0
0.825 1.16 0
0.825 1.2 0
0.825 1.24 0
0.825 1.28 0
0.825 1.32 0
0.825 1.36 0
0.825 1.4 0
0.825 1.44 0
0.825 1.48 0
0.825 1.52 0
0.825 1.56 0
0.825 1.6 0
0.825 1.64 0
0.825 1.68 0
0.825 1.72 0
0.825 1.76 0
0.825 1.8 0
0.825 1.84 0
0.825 1.88 0
0.825 1.92 0
0.825 1.96 0
0.825 2 0
0.825 2.04 0
0.825 2.08 0
0.825 2.12 0
0.825 2.16 0
0.825 2.2 0
0.825 2.24 0
0.825 2.28 0
0.825 2.32 0
0.825 2.36 0
0.825 2.4 0
0.825 2.44 0
0.825 2.48 0
0.825 2.52 0
0.825 2.56 0
0.825 2.6 0
0.825 2.64 0
0.825 2.68 0
0.825 2.72 0
0.825 2.76 0
0.825 2.8 0
0.825 2.84 0
0.825 2.88 0
0.825 2.92 0
0.825 2.96 0
0.825 3 0
0.83 -5 0.000126153
0.83 -4.96 0.000126153
0.83 -4.92 0.000126153
0.83 -4.88 0.000126153
0.83 -4.84 0.000126153
0.83 -4.8 0.000126153
0.83 -4.76 0.000126153
0.83 -4.72 0.000126153
0.83 -4.68 0.000126153
0.83 -4.64 0.000126153
0.83 -4.6 0.000126153
0.83 -4.56 0.000126153
0.83 -4.52 0.000126153
0.83 -4.48 0.000126153
0.83 -4.44 0.000126153
0.83 -4.4 0.000126153
0.83 -4.36 0.000126153
0.83 -4.32 0.000126153
0.83 -4.28 0.000126153
0.83 -4.24 0.000126153
0.83 -4.2 0.000126153
0.83 -4.16 0.000126153
0.83 -4.12 0.000126153
0.83 -4.08 0.000126153
0.83 -4.04 0.000126153
0.83 -4 0.000126153
0.83 -3.96 0.000126153
0.83 -3.92 0.000126153
0.83 -3.88 0.000126153
0.83 -3.84 0.000126153
0.83 -3.8 0.000126153
0.83 -3.76 0.000126153
0.83 -3.72 0.000126153
0.83 -3.68 0.000126153
0.83 -3.64 0.000126153
0.83 -3.6 0.000126153
0.83 -3.56 0.000126153
0.83 -3.52 0.000126153
0.83 -3.48 0.000126153
0.83 -3.44 0.000126153
0.83 -3.4 0.000126153
0.83 -3.36 0.000126153
0.83 -3.32 0.000126153
0.83 -3.28 0.000126153
0.83 -3.24 0.000126153
0.83 -3.2 0.000126153
0.83 -3.16 0.000126153
0.83 -3.12 0.000126153
0.83 -3.08 0.000126153
0.83 -3.04 0.000126153
0.83 -3 0.000126153
0.83 -2.96 0.0001302
0.83 -2.92 0.000135329
0.83 -2.88 0.00013814
0.83 -2.84 0.000157605
0.83 -2.8 0.000164841
0.83 -2.76 0.000164773
0.83 -2.72 0.000172647
0.83 -2.68 0.000187406
0.83 -2.64 0.000203459
0.83 -2.6 0.000219317
0.83 -2.56 0.000243783
0.83 -2.52 0.000265187
0.83 -2.48 0.000288486
0.83 -2.44 0.000307933
0.83 -2.4 0.000351517
0.83 -2.36 0.000442818
0.83 -2.32 0.000509508
0.83 -2.28 0.000581182
0.83 -2.24 0.000721825
0.83 -2.2 0.00092425
0.83 -2.16 0.001171
0.83 -2.12 0.0016752
0.83 -2.08 0.00243356
0.83 -2.04 0.00350278
0.83 -2 0.00472493
0.83 -1.96 0.00507144
0.83 -1.92 0.00520254
0.83 -1.88 0.00497327
0.83 -1.84 0.0045908
0.83 -1.8 0.0042398
0.83 -1.76 0.00407592
0.83 -1.72 0.00374673
0.83 -1.68 0.00349179
0.83 -1.64 0.00337353
0.83 -1.6 0.00313778
0.83 -1.56 0.00304297
0.83 -1.52 0.00288047
0.83 -1.48 0.00269585
0.83 -1.44 0.002552
0.83 -1.4 0.00252841
0.83 -1.36 0.0023279
0.83 -1.32 0.00229818
0.83 -1.28 0.00216884
0.83 -1.24 0.0020955
0.83 -1.2 0.00203253
0.83 -1.16 0.00196174
0.83 -1.12 0.00184584
0.83 -1.08 0.00183177
0.83 -1.04 0.00171473
0.83 -1 0.00167602
0.83 -0.96 0.00153452
0.83 -0.92 0.00149512
0.83 -0.88 0.00143236
0.83 -0.84 0.00136989
0.83 -0.8 0.00131393
0.83 -0.76 0.00126696
0.83 -0.72 0.00117648
0.83 -0.68 0.00111075
0.83 -0.64 0.0010517
0.83 -0.6 0.00103045
0.83 -0.56 0.000912365
0.83 -0.52 0.000890248
0.83 -0.48 0.000787661
0.83 -0.44 0.000739268
0.83 -0.4 0.000698618
0.83 -0.36 0.000592327
0.83 -0.32 0.00053314
0.83 -0.28 0.00050441
0.83 -0.24 0.000440354
0.83 -0.2 0.000409634
0.83 -0.16 0.000341763
0.83 -0.12 0.000284275
0.83 -0.08 0.000222458
0.83 -0.04 0.000171896
0.83 0 0.000136882
0.83 0.04 0.000113958
0.83 0.08 9.80433e-05
0.83 0.12 8.63301e-05
0.83 0.16 7.72818e-05
0.83 0.2 7.00469e-05
0.83 0.24 6.40829e-05
0.83 0.28 5.90656e-05
0.83 0.32 5.47686e-05
0.83 0.36 5.10434e-05
0.83 0.4 4.77725e-05
0.83 0.44 4.48774e-05
0.83 0.48 4.2282e-05
0.83 0.52 3.99571e-05
0.83 0.56 3.78429e-05
0.83 0.6 3.59256e-05
0.83 0.64 3.41794e-05
0.83 0.68 3.25728e-05
0.83 0.72 3.10936e-05
0.83 0.76 2.97201e-05
0.83 0.8 2.84453e-05
0.83 0.84 2.72731e-05
0.83 0.88 2.61719e-05
0.83 0.92 2.51437e-05
0.83 0.96 2.41869e-05
0.83 1 0
0.83 1.04 0
0.83 1.08 0
0.83 1.12 0
0.83 1.16 0
0.83 1.2 0
0.83 1.24 0
0.83 1.28 0
0.83 1.32 0
0.83 1.36 0
0.83 1.4 0
0.83 1.44 0
0.83 1.48 0
0.83 1.52 0
0.83 1.56 0
0.83 1.6 0
0.83 1.64 0
0.83 1.68 0
0.83 1.72 0
0.83 1.76 0
0.83 1.8 0
0.83 1.84 0
0.83 1.88 0
0.83 1.92 0
0.83 1.96 0
0.83 2 0
0.83 2.04 0
0.83 2.08 0
0.83 2.12 0
0.83 2.16 0
0.83 2.2 0
0.83 2.24 0
0.83 2.28 0
0.83 2.32 0
0.83 2.36 0
0.83 2.4 0
0.83 2.44 0
0.83 2.48 0
0.83 2.52 0
0.83 2.56 0
0.83 2.6 0
0.83 2.64 0
0.83 2.68 0
0.83 2.72 0
0.83 2.76 0
0.83 2.8 0
0.83 2.84 0
0.83 2.88 0
0.83 2.92 0
0.83 2.96 0
0.83 3 0
0.835 -5 0.000126034
0.835 -4.96 0.000126034
0.835 -4.92 0.000126034
0.835 -4.88 0.000126034
0.835 -4.84 0.000126034
0.835 -4.8 0.000126034
0.835 -4.76 0.000126034
0.835 -4.72 0.000126034
0.835 -4.68 0.000126034
0.835 -4.64 0.000126034
0.835 -4.6 0.000126034
0.835 -4.56 0.000126034
0.835 -4.52 0.000126034
0.835 -4.48 0.000126034
0.835 -4.44 0.000126034
0.835 -4.4 0.000126034
0.835 -4.36 0.000126034
0.835 -4.32 0.000126034
0.835 -4.28 0.000126034
0.835 -4.24 0.000126034
0.835 -4.2 0.000126034
0.835 -4.16 0.000126034
0.835 -4.12 0.000126034
0.835 -4.08 0.000126034
0.835 -4.04 0.000126034
0.835 -4 0.000126034
0.835 -3.96 0.000126034
0.835 -3.92 0.000126034
0.835 -3.88 0.000126034
0.835 -3.84 0.000126034
0.835 -3.8 0.000126034
0.835 -3.76 0.000126034
0.835 -3.72 0.000126034
0.835 -3.68 0.000126034
0.835 -3.64 0.000126034
0.835 -3.6 0.000126034
0.835 -3.56 0.000126034
0.835 -3.52 0.000126034
0.835 -3.48 0.000126034
0.835 -3.44 0.000126034
0.835 -3.4 0.000126034
0.835 -3.36 0.000126034
0.835 -3.32 0.000126034
0.835 -3.28 0.000126034
0.835 -3.24 0.000126034
0.835 -3.2 0.000126034
0.835 -3.16 0.000126034
0.835 -3.12 0.000126034
0.835 -3.08 0.000126034
0.835 -3.04 0.000126034
0.835 -3 0.000126034
0.835 -2.96 0.000129298
0.835 -2.92 0.000135811
0.835 -2.88 0.000139636
0.835 -2.84 0.000152022
0.835 -2.8 0.000164352
0.835 -2.76 0.00016258
0.835 -2.72 0.000168579
0.835 -2.68 0.00019214
0.835 -2.64 0.00020448
0.835 -2.6 0.000219447
0.835 -2.56 0.00024368
0.835 -2.52 0.000254937
0.835 -2.48 0.000281513
0.835 -2.44 0.000307399
0.835 -2.4 0.00035565
0.835 -2.36 0.000446583
0.835 -2.32 0.000507319
0.835 -2.28 0.000577885
0.835 -2.24 0.000727497
0.835 -2.2 0.000921303
0.835 -2.16 0.00117453
0.835 -2.12 0.00167132
0.835 -2.08 0.0024389
0.835 -2.04 0.00353802
0.835 -2 0.00476037
0.835 -1.96 0.00510685
0.835 -1.92 0.00523349
0.835 -1.88 0.005001
0.835 -1.84 0.0046064
0.835 -1.8 0.00425255
0.835 -1.76 0.00405147
0.835 -1.72 0.00372719
0.835 -1.68 0.00349452
0.835 -1.64 0.00336388
0.835 -1.6 0.00311942
0.835 -1.56 0.00307723
0.835 -1.52 0.00282794
0.835 -1.48 0.00269835
0.835 -1.44 0.0025474
0.835 -1.4 0.00251235
0.835 -1.36 0.00232652
0.835 -1.32 0.00227286
0.835 -1.28 0.0021513
0.835 -1.24 0.00208867
0.835 -1.2 0.00198688
0.835 -1.16 0.00194435
0.835 -1.12 0.00183696
0.835 -1.08 0.00176731
0.835 -1.04 0.00170005
0.835 -1 0.00166212
0.835 -0.96 0.00152421
0.835 -0.92 0.00151198
0.835 -0.88 0.00140187
0.835 -0.84 0.00138771
0.835 -0.8 0.00129879
0.835 -0.76 0.00124877
0.835 -0.72 0.00117023
0.835 -0.68 0.00114392
0.835 -0.64 0.00104411
0.835 -0.6 0.000999607
0.835 -0.56 0.000907057
0.835 -0.52 0.000900334
0.835 -0.48 0.000816726
0.835 -0.44 0.000737495
0.835 -0.4 0.000680529
0.835 -0.36 0.000580805
0.835 -0.32 0.000530209
0.835 -0.28 0.000497741
0.835 -0.24 0.000432558
0.835 -0.2 0.00040049
0.835 -0.16 0.000338502
0.835 -0.12 0.000277029
0.835 -0.08 0.000217307
0.835 -0.04 0.000168232
0.835 0 0.000134318
0.835 0.04 0.000112214
0.835 0.08 9.67817e-05
0.835 0.12 8.53706e-05
0.835 0.16 7.65221e-05
0.835 0.2 6.94272e-05
0.835 0.24 6.35654e-05
0.835 0.28 5.86252e-05
0.835 0.32 5.4388e-05
0.835 0.36 5.07101e-05
0.835 0.4 4.74781e-05
0.835 0.44 4.46145e-05
0.835 0.48 4.2046e-05
0.835 0.52 3.97433e-05
0.835 0.56 3.76488e-05
0.835 0.6 3.57479e-05
0.835 0.64 3.40163e-05
0.835 0.68 3.24221e-05
0.835 0.72 3.09542e-05
0.835 0.76 2.95908e-05
0.835 0.8 2.8325e-05
0.835 0.84 2.71607e-05
0.835 0.88 2.60667e-05
0.835 0.92 2.50449e-05
0.835 0.96 2.40941e-05
0.835 1 0
0.835 1.04 0
0.835 1.08 0
0.835 1.12 0
0.835 1.16 0
0.835 1.2 0
0.835 1.24 0
0.835 1.28 0
0.835 1.32 0
0.835 1.36 0
0.835 1.4 0
0.835 1.44 0
0.835 1.48 0
0.835 1.52 0
0.835 1.56 0
0.835 1.6 0
0.835 1.64 0
0.835 1.68 0
0.835 1.72 0
0.835 1.76 0
0.835 1.8 0
0.835 1.84 0
0.835 1.88 0
0.835 1.92 0
0.835 1.96 0
0.835 2 0
0.835 2.04 0
0.835 2.08 0
0.835 2.12 0
0.835 2.16 0
0.835 2.2 0
0.835 2.24 0
0.835 2.28 0
0.835 2.32 0
0.835 2.36 0
0.835 2.4 0
0.835 2.44 0
0.835 2.48 0
0.835 2.52 0
0.835 2.56 0
0.835 2.6 0
0.835 2.64 0
0.835 2.68 0
0.835 2.72 0
0.835 2.76 0
0.835 2.8 0
0.835 2.84 0
0.835 2.88 0
0.835 2.92 0
0.835 2.96 0
0.835 3 0
0.84 -5 0.000124793
0.84 -4.96 0.000124793
0.84 -4.92 0.000124793
0.84 -4.88 0.000124793
0.84 -4.84 0.000124793
0.84 -4.8 0.000124793
0.84 -4.76 0.000124793
0.84 -4.72 0.000124793
0.84 -4.68 0.000124793
0.84 -4.64 0.000124793
0.84 -4.6 0.000124793
0.84 -4.56 0.000124793
0.84 -4.52 0.000124793
0.84 -4.48 0.000124793
0.84 -4.44 0.000124793
0.84 -4.4 0.000124793
0.84 -4.36 0.000124793
0.84 -4.32 0.000124793
0.84 -4.28 0.000124793
0.84 -4.24 0.000124793
0.84 -4.2 0.000124793
0.84 -4.16 0.000124793
0.84 -4.12 0.000124793
0.84 -4.08 0.000124793
0.84 -4.04 0.000124793
0.84 -4 0.000124793
0.84 -3.96 0.000124793
0.84 -3.92 0.000124793
0.84 -3.88 0.000124793
0.84 -3.84 0.000124793
0.84 -3.8 0.000124793
0.84 -3.76 0.000124793
0.84 -3.72 0.000124793
0.84 -3.68 0.000124793
0.84 -3.64 0.000124793
0.84 -3.6 0.000124793
0.84 -3.56 0.000124793
0.84 -3.52 0.000124793
0.84 -3.48 0.000124793
0.84 -3.44 0.000124793
0.84 -3.4 0.000124793
0.84 -3.36 0.000124793
0.84 -3.32 0.000124793
0.84 -3.28 0.000124793
0.84 -3.24 0.000124793
0.84 -3.2 0.000124793
0.84 -3.16 0.000124793
0.84 -3.12 0.000124793
0.84 -3.08 0.000124793
0.84 -3.04 0.000124793
0.84 -3 0.000124793
0.84 -2.96 0.000128348
0.84 -2.92 0.000138932
0.84 -2.88 0.000140877
0.84 -2.84 0.000148161
0.84 -2.8 0.000164013
0.84 -2.76 0.000164453
0.84 -2.72 0.000168474
0.84 -2.68 0.000192526
0.84 -2.64 0.000207517
0.84 -2.6 0.000217961
0.84 -2.56 0.000245955
0.84 -2.52 0.000255635
0.84 -2.48 0.000280754
0.84 -2.44 0.00030671
0.84 -2.4 0.000354857
0.84 -2.36 0.000445403
0.84 -2.32 0.000508546
0.84 -2.28 0.000575486
0.84 -2.24 0.000729947
0.84 -2.2 0.000919235
0.84 -2.16 0.00117805
0.84 -2.12 0.00167082
0.84 -2.08 0.00244272
0.84 -2.04 0.00355987
0.84 -2 0.00480609
0.84 -1.96 0.00514248
0.84 -1.92 0.0052697
0.84 -1.88 0.00503576
0.84 -1.84 0.00460775
0.84 -1.8 0.00426385
0.84 -1.76 0.00405453
0.84 -1.72 0.00369273
0.84 -1.68 0.00353146
0.84 -1.64 0.00334669
0.84 -1.6 0.00309797
0.84 -1.56 0.00308423
0.84 -1.52 0.00279844
0.84 -1.48 0.00270292
0.84 -1.44 0.00255389
0.84 -1.4 0.00249689
0.84 -1.36 0.00232181
0.84 -1.32 0.00227745
0.84 -1.28 0.00213282
0.84 -1.24 0.00206738
0.84 -1.2 0.0019859
0.84 -1.16 0.00191927
0.84 -1.12 0.00182321
0.84 -1.08 0.00172898
0.84 -1.04 0.00169595
0.84 -1 0.00164666
0.84 -0.96 0.00150941
0.84 -0.92 0.00150553
0.84 -0.88 0.00137186
0.84 -0.84 0.00140189
0.84 -0.8 0.00127838
0.84 -0.76 0.00123877
0.84 -0.72 0.00116672
0.84 -0.68 0.00118317
0.84 -0.64 0.00102924
0.84 -0.6 0.000973174
0.84 -0.56 0.000923159
0.84 -0.52 0.000880772
0.84 -0.48 0.000836864
0.84 -0.44 0.00072855
0.84 -0.4 0.00066702
0.84 -0.36 0.000586085
0.84 -0.32 0.000540091
0.84 -0.28 0.000468
0.84 -0.24 0.000428605
0.84 -0.2 0.00038401
0.84 -0.16 0.000335865
0.84 -0.12 0.000271223
0.84 -0.08 0.000212606
0.84 -0.04 0.000164614
0.84 0 0.000131862
0.84 0.04 0.000110539
0.84 0.08 9.55675e-05
0.84 0.12 8.44458e-05
0.84 0.16 7.5789e-05
0.84 0.2 6.88286e-05
0.84 0.24 6.30653e-05
0.84 0.28 5.81993e-05
0.84 0.32 5.40199e-05
0.84 0.36 5.03876e-05
0.84 0.4 4.71932e-05
0.84 0.44 4.436e-05
0.84 0.48 4.18176e-05
0.84 0.52 3.95364e-05
0.84 0.56 3.74609e-05
0.84 0.6 3.55758e-05
0.84 0.64 3.38584e-05
0.84 0.68 3.22761e-05
0.84 0.72 3.08192e-05
0.84 0.76 2.94656e-05
0.84 0.8 2.82085e-05
0.84 0.84 2.70518e-05
0.84 0.88 2.59648e-05
0.84 0.92 2.49493e-05
0.84 0.96 2.40041e-05
0.84 1 0
0.84 1.04 0
0.84 1.08 0
0.84 1.12 0
0.84 1.16 0
0.84 1.2 0
0.84 1.24 0
0.84 1.28 0
0.84 1.32 0
0.84 1.36 0
0.84 1.4 0
0.84 1.44 0
0.84 1.48 0
0.84 1.52 0
0.84 1.56 0
0.84 1.6 0
0.84 1.64 0
0.84 1.68 0
0.84 1.72 0
0.84 1.76 0
0.84 1.8 0
0.84 1.84 0
0.84 1.88 0
0.84 1.92 0
0.84 1.96 0
0.84 2 0
0.84 2.04 0
0.84 2.08 0
0.84 2.12 0
0.84 2.16 0
0.84 2.2 0
0.84 2.24 0
0.84 2.28 0
0.84 2.32 0
0.84 2.36 0
0.84 2.4 0
0.84 2.44 0
0.84 2.48 0
0.84 2.52 0
0.84 2.56 0
0.84 2.6 0
0.84 2.64 0
0.84 2.68 0
0.84 2.72 0
0.84 2.76 0
0.84 2.8 0
0.84 2.84 0
0.84 2.88 0
0.84 2.92 0
0.84 2.96 0
0.84 3 0
0.845 -5 0.000123716
0.845 -4.96 0.000123716
0.845 -4.92 0.000123716
0.845 -4.88 0.000123716
0.845 -4.84 0.000123716
0.845 -4.8 0.000123716
0.845 -4.76 0.000123716
0.845 -4.72 0.000123716
0.845 -4.68 0.000123716
0.845 -4.64 0.000123716
0.845 -4.6 0.000123716
0.845 -4.56 0.000123716
0.845 -4.52 0.000123716
0.845 -4.48 0.000123716
0.845 -4.44 0.000123716
0.845 -4.4 0.000123716
0.845 -4.36 0.000123716
0.845 -4.32 0.000123716
0.845 -4.28 0.000123716
0.845 -4.24 0.000123716
0.845 -4.2 0.000123716
0.845 -4.16 0.000123716
0.845 -4.12 0.000123716
0.845 -4.08 0.000123716
0.845 -4.04 0.000123716
0.845 -4 0.000123716
0.845 -3.96 0.000123716
0.845 -3.92 0.000123716
0.845 -3.88 0.000123716
0.845 -3.84 0.000123716
0.845 -3.8 0.000123716
0.845 -3.76 0.000123716
0.845 -3.72 0.000123716
0.845 -3.68 0.000123716
0.845 -3.64 0.000123716
0.845 -3.6 0.000123716
0.845 -3.56 0.000123716
0.845 -3.52 0.000123716
0.845 -3.48 0.000123716
0.845 -3.44 0.000123716
0.845 -3.4 0.000123716
0.845 -3.36 0.000123716
0.845 -3.32 0.000123716
0.845 -3.28 0.000123716
0.845 -3.24 0.000123716
0.845 -3.2 0.000123716
0.845 -3.16 0.000123716
0.845 -3.12 0.000123716
0.845 -3.08 0.000123716
0.845 -3.04 0.000123716
0.845 -3 0.000123716
0.845 -2.96 0.000128187
0.845 -2.92 0.000137983
0.845 -2.88 0.000140268
0.845 -2.84 0.000148161
0.845 -2.8 0.000160709
0.845 -2.76 0.000167426
0.845 -2.72 0.000171002
0.845 -2.68 0.000192843
0.845 -2.64 0.000211606
0.845 -2.6 0.000216316
0.845 -2.56 0.000248974
0.845 -2.52 0.000264668
0.845 -2.48 0.000284768
0.845 -2.44 0.000307544
0.845 -2.4 0.000346678
0.845 -2.36 0.000441314
0.845 -2.32 0.00050944
0.845 -2.28 0.000572417
0.845 -2.24 0.000730064
0.845 -2.2 0.000917945
0.845 -2.16 0.0011813
0.845 -2.12 0.00167015
0.845 -2.08 0.00243947
0.845 -2.04 0.00356251
0.845 -2 0.00486002
0.845 -1.96 0.0051927
0.845 -1.92 0.00530893
0.845 -1.88 0.00507731
0.845 -1.84 0.00460909
0.845 -1.8 0.00426389
0.845 -1.76 0.00407974
0.845 -1.72 0.00367504
0.845 -1.68 0.00354342
0.845 -1.64 0.00331333
0.845 -1.6 0.00308337
0.845 -1.56 0.00304901
0.845 -1.52 0.00282174
0.845 -1.48 0.0026976
0.845 -1.44 0.00256957
0.845 -1.4 0.00247566
0.845 -1.36 0.00232141
0.845 -1.32 0.00229987
0.845 -1.28 0.00211504
0.845 -1.24 0.00205046
0.845 -1.2 0.00201513
0.845 -1.16 0.00188807
0.845 -1.12 0.00180719
0.845 -1.08 0.00174207
0.845 -1.04 0.00169914
0.845 -1 0.00163694
0.845 -0.96 0.00150502
0.845 -0.92 0.00148883
0.845 -0.88 0.00136309
0.845 -0.84 0.00139286
0.845 -0.8 0.00126443
0.845 -0.76 0.00125063
0.845 -0.72 0.00116091
0.845 -0.68 0.00117693
0.845 -0.64 0.00102614
0.845 -0.6 0.00097141
0.845 -0.56 0.000941332
0.845 -0.52 0.000862436
0.845 -0.48 0.000829496
0.845 -0.44 0.000723027
0.845 -0.4 0.000654083
0.845 -0.36 0.000597932
0.845 -0.32 0.000547114
0.845 -0.28 0.000444516
0.845 -0.24 0.000431633
0.845 -0.2 0.000372767
0.845 -0.16 0.000329784
0.845 -0.12 0.000266968
0.845 -0.08 0.000207391
0.845 -0.04 0.000160948
0.845 0 0.000129511
0.845 0.04 0.000108933
0.845 0.08 9.44e-05
0.845 0.12 8.3555e-05
0.845 0.16 7.5082e-05
0.845 0.2 6.8251e-05
0.845 0.24 6.25823e-05
0.845 0.28 5.77878e-05
0.845 0.32 5.36642e-05
0.845 0.36 5.00759e-05
0.845 0.4 4.69178e-05
0.845 0.44 4.41139e-05
0.845 0.48 4.15967e-05
0.845 0.52 3.93362e-05
0.845 0.56 3.72791e-05
0.845 0.6 3.54094e-05
0.845 0.64 3.37056e-05
0.845 0.68 3.21348e-05
0.845 0.72 3.06884e-05
0.845 0.76 2.93443e-05
0.845 0.8 2.80957e-05
0.845 0.84 2.69464e-05
0.845 0.88 2.58661e-05
0.845 0.92 2.48567e-05
0.845 0.96 2.39169e-05
0.845 1 0
0.845 1.04 0
0.845 1.08 0
0.845 1.12 0
0.845 1.16 0
0.845 1.2 0
0.845 1.24 0
0.845 1.28 0
0.845 1.32 0
0.845 1.36 0
0.845 1.4 0
0.845 1.44 0
0.845 1.48 0
0.845 1.52 0
0.845 1.56 0
0.845 1.6 0
0.845 1.64 0
0.845 1.68 0
0.845 1.72 0
0.845 1.76 0
0.845 1.8 0
0.845 1.84 0
0.845 1.88 0
0.845 1.92 0
0.845 1.96 0
0.845 2 0
0.845 2.04 0
0.845 2.08 0
0.845 2.12 0
0.845 2.16 0
0.845 2.2 0
0.845 2.24 0
0.845 2.28 0
0.845 2.32 0
0.845 2.36 0
0.845 2.4 0
0.845 2.44 0
0.845 2.48 0
0.845 2.52 0
0.845 2.56 0
0.845 2.6 0
0.845 2.64 0
0.845 2.68 0
0.845 2.72 0
0.845 2.76 0
0.845 2.8 0
0.845 2.84 0
0.845 2.88 0
0.845 2.92 0
0.845 2.96 0
0.845 3 0
0.85 -5 0.000123692
0.85 -4.96 0.000123692
0.85 -4.92 0.000123692
0.85 -4.88 0.000123692
0.85 -4.84 0.000123692
0.85 -4.8 0.000123692
0.85 -4.76 0.000123692
0.85 -4.72 0.000123692
0.85 -4.68 0.000123692
0.85 -4.64 0.000123692
0.85 -4.6 0.000123692
0.85 -4.56 0.000123692
0.85 -4.52 0.000123692
0.85 -4.48 0.000123692
0.85 -4.44 0.000123692
0.85 -4.4 0.000123692
0.85 -4.36 0.000123692
0.85 -4.32 0.000123692
0.85 -4.28 0.000123692
0.85 -4.24 0.000123692
0.85 -4.2 0.000123692
0.85 -4.16 0.000123692
0.85 -4.12 0.000123692
0.85 -4.08 0.000123692
0.85 -4.04 0.000123692
0.85 -4 0.000123692
0.85 -3.96 0.000123692
0.85 -3.92 0.000123692
0.85 -3.88 0.000123692
0.85 -3.84 0.000123692
0.85 -3.8 0.000123692
0.85 -3.76 0.000123692
0.85 -3.72 0.000123692
0.85 -3.68 0.000123692
0.85 -3.64 0.000123692
0.85 -3.6 0.000123692
0.85 -3.56 0.000123692
0.85 -3.52 0.000123692
0.85 -3.48 0.000123692
0.85 -3.44 0.000123692
0.85 -3.4 0.000123692
0.85 -3.36 0.000123692
0.85 -3.32 0.000123692
0.85 -3.28 0.000123692
0.85 -3.24 0.000123692
0.85 -3.2 0.000123692
0.85 -3.16 0.000123692
0.85 -3.12 0.000123692
0.85 -3.08 0.000123692
0.85 -3.04 0.000123692
0.85 -3 0.000123692
0.85 -2.96 0.00012851
0.85 -2.92 0.000134809
0.85 -2.88 0.000138949
0.85 -2.84 0.000148749
0.85 -2.8 0.000153577
0.85 -2.76 0.000168097
0.85 -2.72 0.000169268
0.85 -2.68 0.00019248
0.85 -2.64 0.000214536
0.85 -2.6 0.000217653
0.85 -2.56 0.000246235
0.85 -2.52 0.000272411
0.85 -2.48 0.000286119
0.85 -2.44 0.000308618
0.85 -2.4 0.000342837
0.85 -2.36 0.000437894
0.85 -2.32 0.00050638
0.85 -2.28 0.000569533
0.85 -2.24 0.000730469
0.85 -2.2 0.000913234
0.85 -2.16 0.00118185
0.85 -2.12 0.00166475
0.85 -2.08 0.00243429
0.85 -2.04 0.00357518
0.85 -2 0.0048972
0.85 -1.96 0.00525871
0.85 -1.92 0.00534064
0.85 -1.88 0.00511243
0.85 -1.84 0.0046201
0.85 -1.8 0.00426185
0.85 -1.76 0.00407644
0.85 -1.72 0.00367885
0.85 -1.68 0.00350513
0.85 -1.64 0.00327761
0.85 -1.6 0.00306957
0.85 -1.56 0.0030194
0.85 -1.52 0.00284303
0.85 -1.48 0.00268409
0.85 -1.44 0.0025741
0.85 -1.4 0.00245047
0.85 -1.36 0.00232387
0.85 -1.32 0.00229562
0.85 -1.28 0.00211485
0.85 -1.24 0.0020461
0.85 -1.2 0.00201675
0.85 -1.16 0.00185476
0.85 -1.12 0.00179522
0.85 -1.08 0.00174741
0.85 -1.04 0.00168809
0.85 -1 0.00162908
0.85 -0.96 0.00150256
0.85 -0.92 0.00149901
0.85 -0.88 0.00137736
0.85 -0.84 0.00136549
0.85 -0.8 0.00126254
0.85 -0.76 0.00127039
0.85 -0.72 0.00115012
0.85 -0.68 0.00113157
0.85 -0.64 0.00104078
0.85 -0.6 0.000983703
0.85 -0.56 0.000937361
0.85 -0.52 0.000860426
0.85 -0.48 0.00080981
0.85 -0.44 0.000724129
0.85 -0.4 0.00064135
0.85 -0.36 0.00060157
0.85 -0.32 0.000538786
0.85 -0.28 0.000456759
0.85 -0.24 0.000435016
0.85 -0.2 0.00036937
0.85 -0.16 0.000318852
0.85 -0.12 0.000262031
0.85 -0.08 0.000201596
0.85 -0.04 0.000157326
0.85 0 0.000127264
0.85 0.04 0.000107393
0.85 0.08 9.32783e-05
0.85 0.12 8.26978e-05
0.85 0.16 7.44009e-05
0.85 0.2 6.7694e-05
0.85 0.24 6.21162e-05
0.85 0.28 5.73907e-05
0.85 0.32 5.33207e-05
0.85 0.36 4.97749e-05
0.85 0.4 4.66518e-05
0.85 0.44 4.38761e-05
0.85 0.48 4.13832e-05
0.85 0.52 3.91427e-05
0.85 0.56 3.71035e-05
0.85 0.6 3.52486e-05
0.85 0.64 3.35579e-05
0.85 0.68 3.19982e-05
0.85 0.72 3.0562e-05
0.85 0.76 2.92271e-05
0.85 0.8 2.79867e-05
0.85 0.84 2.68444e-05
0.85 0.88 2.57707e-05
0.85 0.92 2.47672e-05
0.85 0.96 2.38327e-05
0.85 1 0
0.85 1.04 0
0.85 1.08 0
0.85 1.12 0
0.85 1.16 0
0.85 1.2 0
0.85 1.24 0
0.85 1.28 0
0.85 1.32 0
0.85 1.36 0
0.85 1.4 0
0.85 1.44 0
0.85 1.48 0
0.85 1.52 0
0.85 1.56 0
0.85 1.6 0
0.85 1.64 0
0.85 1.68 0
0.85 1.72 0
0.85 1.76 0
0.85 1.8 0
0.85 1.84 0
0.85 1.88 0
0.85 1.92 0
0.85 1.96 0
0.85 2 0
0.85 2.04 0
0.85 2.08 0
0.85 2.12 0
0.85 2.16 0
0.85 2.2 0
0.85 2.24 0
0.85 2.28 0
0.85 2.32 0
0.85 2.36 0
0.85 2.4 0
0.85 2.44 0
0.85 2.48 0
0.85 2.52 0
0.85 2.56 0
0.85 2.6 0
0.85 2.64 0
0.85 2.68 0
0.85 2.72 0
0.85 2.76 0
0.85 2.8 0
0.85 2.84 0
0.85 2.88 0
0.85 2.92 0
0.85 2.96 0
0.85 3 0
0.855 -5 0.000124509
0.855 -4.96 0.000124509
0.855 -4.92 0.000124509
0.855 -4.88 0.000124509
0.855 -4.84 0.000124509
0.855 -4.8 0.000124509
0.855 -4.76 0.000124509
0.855 -4.72 0.000124509
0.855 -4.68 0.000124509
0.855 -4.64 0.000124509
0.855 -4.6 0.000124509
0.855 -4.56 0.000124509
0.855 -4.52 0.000124509
0.855 -4.48 0.000124509
0.855 -4.44 0.000124509
0.855 -4.4 0.000124509
0.855 -4.36 0.000124509
0.855 -4.32 0.000124509
0.855 -4.28 0.000124509
0.855 -4.24 0.000124509
0.855 -4.2 0.000124509
0.855 -4.16 0.000124509
0.855 -4.12 0.000124509
0.855 -4.08 0.000124509
0.855 -4.04 0.000124509
0.855 -4 0.000124509
0.855 -3.96 0.000124509
0.855 -3.92 0.000124509
0.855 -3.88 0.000124509
0.855 -3.84 0.000124509
0.855 -3.8 0.000124509
0.855 -3.76 0.000124509
0.855 -3.72 0.000124509
0.855 -3.68 0.000124509
0.855 -3.64 0.000124509
0.855 -3.6 0.000124509
0.855 -3.56 0.000124509
0.855 -3.52 0.000124509
0.855 -3.48 0.000124509
0.855 -3.44 0.000124509
0.855 -3.4 0.000124509
0.855 -3.36 0.000124509
0.855 -3.32 0.000124509
0.855 -3.28 0.000124509
0.855 -3.24 0.000124509
0.855 -3.2 0.000124509
0.855 -3.16 0.000124509
0.855 -3.12 0.000124509
0.855 -3.08 0.000124509
0.855 -3.04 0.000124509
0.855 -3 0.000124509
0.855 -2.96 0.000127973
0.855 -2.92 0.00013544
0.855 -2.88 0.000138755
0.855 -2.84 0.000147677
0.855 -2.8 0.000148616
0.855 -2.76 0.000165711
0.855 -2.72 0.000164194
0.855 -2.68 0.000187965
0.855 -2.64 0.000214061
0.855 -2.6 0.000221038
0.855 -2.56 0.000236379
0.855 -2.52 0.000274104
0.855 -2.48 0.000282585
0.855 -2.44 0.000307294
0.855 -2.4 0.000347397
0.855 -2.36 0.000436855
0.855 -2.32 0.000502326
0.855 -2.28 0.000568071
0.855 -2.24 0.000731248
0.855 -2.2 0.000903359
0.855 -2.16 0.00117982
0.855 -2.12 0.00165943
0.855 -2.08 0.00243539
0.855 -2.04 0.00360957
0.855 -2 0.00491487
0.855 -1.96 0.00532442
0.855 -1.92 0.00536921
0.855 -1.88 0.00513482
0.855 -1.84 0.00464159
0.855 -1.8 0.00426645
0.855 -1.76 0.00403483
0.855 -1.72 0.00368417
0.855 -1.68 0.00346612
0.855 -1.64 0.00326304
0.855 -1.6 0.00304872
0.855 -1.56 0.0030217
0.855 -1.52 0.00281332
0.855 -1.48 0.00267271
0.855 -1.44 0.00254979
0.855 -1.4 0.00242886
0.855 -1.36 0.00231825
0.855 -1.32 0.00225953
0.855 -1.28 0.00212674
0.855 -1.24 0.00204021
0.855 -1.2 0.00196984
0.855 -1.16 0.00182894
0.855 -1.12 0.00179144
0.855 -1.08 0.0017148
0.855 -1.04 0.00166682
0.855 -1 0.00161202
0.855 -0.96 0.0014862
0.855 -0.92 0.00152604
0.855 -0.88 0.00139198
0.855 -0.84 0.00134732
0.855 -0.8 0.00125939
0.855 -0.76 0.00126849
0.855 -0.72 0.00113579
0.855 -0.68 0.00110335
0.855 -0.64 0.00105705
0.855 -0.6 0.000986535
0.855 -0.56 0.000915306
0.855 -0.52 0.000861961
0.855 -0.48 0.000798851
0.855 -0.44 0.000721749
0.855 -0.4 0.000636975
0.855 -0.36 0.000597008
0.855 -0.32 0.00052032
0.855 -0.28 0.000487216
0.855 -0.24 0.000429331
0.855 -0.2 0.000367009
0.855 -0.16 0.000307409
0.855 -0.12 0.000254484
0.855 -0.08 0.000196141
0.855 -0.04 0.000153946
0.855 0 0.000125119
0.855 0.04 0.000105918
0.855 0.08 9.22016e-05
0.855 0.12 8.18737e-05
0.855 0.16 7.37454e-05
0.855 0.2 6.71574e-05
0.855 0.24 6.16671e-05
0.855 0.28 5.70078e-05
0.855 0.32 5.29895e-05
0.855 0.36 4.94844e-05
0.855 0.4 4.63951e-05
0.855 0.44 4.36466e-05
0.855 0.48 4.11773e-05
0.855 0.52 3.89559e-05
0.855 0.56 3.6934e-05
0.855 0.6 3.50933e-05
0.855 0.64 3.34153e-05
0.855 0.68 3.18662e-05
0.855 0.72 3.04399e-05
0.855 0.76 2.91139e-05
0.855 0.8 2.78813e-05
0.855 0.84 2.67459e-05
0.855 0.88 2.56785e-05
0.855 0.92 2.46807e-05
0.855 0.96 2.37513e-05
0.855 1 0
0.855 1.04 0
0.855 1.08 0
0.855 1.12 0
0.855 1.16 0
0.855 1.2 0
0.855 1.24 0
0.855 1.28 0
0.855 1.32 0
0.855 1.36 0
0.855 1.4 0
0.855 1.44 0
0.855 1.48 0
0.855 1.52 0
0.855 1.56 0
0.855 1.6 0
0.855 1.64 0
0.855 1.68 0
0.855 1.72 0
0.855 1.76 0
0.855 1.8 0
0.855 1.84 0
0.855 1.88 0
0.855 1.92 0
0.855 1.96 0
0.855 2 0
0.855 2.04 0
0.855 2.08 0
0.855 2.12 0
0.855 2.16 0
0.855 2.2 0
0.855 2.24 0
0.855 2.28 0
0.855 2.32 0
0.855 2.36 0
0.855 2.4 0
0.855 2.44 0
0.855 2.48 0
0.855 2.52 0
0.855 2.56 0
0.855 2.6 0
0.855 2.64 0
0.855 2.68 0
0.855 2.72 0
0.855 2.76 0
0.855 2.8 0
0.855 2.84 0
0.855 2.88 0
0.855 2.92 0
0.855 2.96 0
0.855 3 0
0.86 -5 0.000125451
0.86 -4.96 0.000125451
0.86 -4.92 0.000125451
0.86 -4.88 0.000125451
0.86 -4.84 0.000125451
0.86 -4.8 0.000125451
0.86 -4.76 0.000125451
0.86 -4.72 0.000125451
0.86 -4.68 0.000125451
0.86 -4.64 0.000125451
0.86 -4.6 0.000125451
0.86 -4.56 0.000125451
0.86 -4.52 0.000125451
0.86 -4.48 0.000125451
0.86 -4.44 0.000125451
0.86 -4.4 0.000125451
0.86 -4.36 0.000125451
0.86 -4.32 0.000125451
0.86 -4.28 0.000125451
0.86 -4.24 0.000125451
0.86 -4.2 0.000125451
0.86 -4.16 0.000125451
0.86 -4.12 0.000125451
0.86 -4.08 0.000125451
0.86 -4.04 0.000125451
0.86 -4 0.000125451
0.86 -3.96 0.000125451
0.86 -3.92 0.000125451
0.86 -3.88 0.000125451
0.86 -3.84 0.000125451
0.86 -3.8 0.000125451
0.86 -3.76 0.000125451
0.86 -3.72 0.000125451
0.86 -3.68 0.000125451
0.86 -3.64 0.000125451
0.86 -3.6 0.000125451
0.86 -3.56 0.000125451
0.86 -3.52 0.000125451
0.86 -3.48 0.000125451
0.86 -3.44 0.000125451
0.86 -3.4 0.000125451
0.86 -3.36 0.000125451
0.86 -3.32 0.000125451
0.86 -3.28 0.000125451
0.86 -3.24 0.000125451
0.86 -3.2 0.000125451
0.86 -3.16 0.000125451
0.86 -3.12 0.000125451
0.86 -3.08 0.000125451
0.86 -3.04 0.000125451
0.86 -3 0.000125451
0.86 -2.96 0.000125634
0.86 -2.92 0.000139544
0.86 -2.88 0.000138756
0.86 -2.84 0.00014675
0.86 -2.8 0.000151454
0.86 -2.76 0.000162181
0.86 -2.72 0.000163204
0.86 -2.68 0.000182683
0.86 -2.64 0.000209919
0.86 -2.6 0.000223963
0.86 -2.56 0.000228369
0.86 -2.52 0.000271499
0.86 -2.48 0.000278386
0.86 -2.44 0.000303971
0.86 -2.4 0.000348571
0.86 -2.36 0.000437887
0.86 -2.32 0.000503098
0.86 -2.28 0.000567541
0.86 -2.24 0.000729845
0.86 -2.2 0.000892019
0.86 -2.16 0.00117965
0.86 -2.12 0.00166244
0.86 -2.08 0.00244242
0.86 -2.04 0.00363708
0.86 -2 0.00493986
0.86 -1.96 0.00537291
0.86 -1.92 0.00541008
0.86 -1.88 0.00515437
0.86 -1.84 0.00466998
0.86 -1.8 0.00427255
0.86 -1.76 0.0040052
0.86 -1.72 0.0036817
0.86 -1.68 0.00347378
0.86 -1.64 0.00327104
0.86 -1.6 0.0030302
0.86 -1.56 0.00301828
0.86 -1.52 0.00277189
0.86 -1.48 0.00266375
0.86 -1.44 0.00250843
0.86 -1.4 0.00241027
0.86 -1.36 0.00230072
0.86 -1.32 0.00223824
0.86 -1.28 0.00211849
0.86 -1.24 0.00202578
0.86 -1.2 0.00191739
0.86 -1.16 0.00182032
0.86 -1.12 0.00179299
0.86 -1.08 0.00169772
0.86 -1.04 0.00166825
0.86 -1 0.00158538
0.86 -0.96 0.00146506
0.86 -0.92 0.00152533
0.86 -0.88 0.00138603
0.86 -0.84 0.00135274
0.86 -0.8 0.00124447
0.86 -0.76 0.00124157
0.86 -0.72 0.0011228
0.86 -0.68 0.0011173
0.86 -0.64 0.00105821
0.86 -0.6 0.000978787
0.86 -0.56 0.000905293
0.86 -0.52 0.000859891
0.86 -0.48 0.000798164
0.86 -0.44 0.000710898
0.86 -0.4 0.000644737
0.86 -0.36 0.00059155
0.86 -0.32 0.000506801
0.86 -0.28 0.000493007
0.86 -0.24 0.0004142
0.86 -0.2 0.000361819
0.86 -0.16 0.000301357
0.86 -0.12 0.000245638
0.86 -0.08 0.000191717
0.86 -0.04 0.000150848
0.86 0 0.000123072
0.86 0.04 0.000104506
0.86 0.08 9.1169e-05
0.86 0.12 8.10821e-05
0.86 0.16 7.31151e-05
0.86 0.2 6.66411e-05
0.86 0.24 6.12346e-05
0.86 0.28 5.66389e-05
0.86 0.32 5.26703e-05
0.86 0.36 4.92045e-05
0.86 0.4 4.61477e-05
0.86 0.44 4.34254e-05
0.86 0.48 4.09787e-05
0.86 0.52 3.87759e-05
0.86 0.56 3.67706e-05
0.86 0.6 3.49436e-05
0.86 0.64 3.32777e-05
0.86 0.68 3.17389e-05
0.86 0.72 3.03221e-05
0.86 0.76 2.90047e-05
0.86 0.8 2.77797e-05
0.86 0.84 2.66508e-05
0.86 0.88 2.55895e-05
0.86 0.92 2.45972e-05
0.86 0.96 2.36728e-05
0.86 1 0
0.86 1.04 0
0.86 1.08 0
0.86 1.12 0
0.86 1.16 0
0.86 1.2 0
0.86 1.24 0
0.86 1.28 0
0.86 1.32 0
0.86 1.36 0
0.86 1.4 0
0.86 1.44 0
0.86 1.48 0
0.86 1.52 0
0.86 1.56 0
0.86 1.6 0
0.86 1.64 0
0.86 1.68 0
0.86 1.72 0
0.86 1.76 0
0.86 1.8 0
0.86 1.84 0
0.86 1.88 0
0.86 1.92 0
0.86 1.96 0
0.86 2 0
0.86 2.04 0
0.86 2.08 0
0.86 2.12 0
0.86 2.16 0
0.86 2.2 0
0.86 2.24 0
0.86 2.28 0
0.86 2.32 0
0.86 2.36 0
0.86 2.4 0
0.86 2.44 0
0.86 2.48 0
0.86 2.52 0
0.86 2.56 0
0.86 2.6 0
0.86 2.64 0
0.86 2.68 0
0.86 2.72 0
0.86 2.76 0
0.86 2.8 0
0.86 2.84 0
0.86 2.88 0
0.86 2.92 0
0.86 2.96 0
0.86 3 0
0.865 -5 0.000126424
0.865 -4.96 0.000126424
0.865 -4.92 0.000126424
0.865 -4.88 0.000126424
0.865 -4.84 0.000126424
0.865 -4.8 0.000126424
0.865 -4.76 0.000126424
0.865 -4.72 0.000126424
0.865 -4.68 0.000126424
0.865 -4.64 0.000126424
0.865 -4.6 0.000126424
0.865 -4.56 0.000126424
0.865 -4.52 0.000126424
0.865 -4.48 0.000126424
0.865 -4.44 0.000126424
0.865 -4.4 0.000126424
0.865 -4.36 0.000126424
0.865 -4.32 0.000126424
0.865 -4.28 0.000126424
0.865 -4.24 0.000126424
0.865 -4.2 0.000126424
0.865 -4.16 0.000126424
0.865 -4.12 0.000126424
0.865 -4.08 0.000126424
0.865 -4.04 0.000126424
0.865 -4 0.000126424
0.865 -3.96 0.000126424
0.865 -3.92 0.000126424
0.865 -3.88 0.000126424
0.865 -3.84 0.000126424
0.865 -3.8 0.000126424
0.865 -3.76 0.000126424
0.865 -3.72 0.000126424
0.865 -3.68 0.000126424
0.865 -3.64 0.000126424
0.865 -3.6 0.000126424
0.865 -3.56 0.000126424
0.865 -3.52 0.000126424
0.865 -3.48 0.000126424
0.865 -3.44 0.000126424
0.865 -3.4 0.000126424
0.865 -3.36 0.000126424
0.865 -3.32 0.000126424
0.865 -3.28 0.000126424
0.865 -3.24 0.000126424
0.865 -3.2 0.000126424
0.865 -3.16 0.000126424
0.865 -3.12 0.000126424
0.865 -3.08 0.000126424
0.865 -3.04 0.000126424
0.865 -3 0.000126424
0.865 -2.96 0.000122533
0.865 -2.92 0.000141498
0.865 -2.88 0.00013649
0.865 -2.84 0.000147849
0.865 -2.8 0.000158542
0.865 -2.76 0.00015999
0.865 -2.72 0.000166559
0.865 -2.68 0.00018365
0.865 -2.64 0.000204846
0.865 -2.6 0.000227261
0.865 -2.56 0.000230016
0.865 -2.52 0.000266781
0.865 -2.48 0.000276032
0.865 -2.44 0.000301629
0.865 -2.4 0.000340946
0.865 -2.36 0.000439705
0.865 -2.32 0.000509073
0.865 -2.28 0.000567018
0.865 -2.24 0.000725622
0.865 -2.2 0.000883715
0.865 -2.16 0.00118438
0.865 -2.12 0.0016716
0.865 -2.08 0.00244996
0.865 -2.04 0.00363828
0.865 -2 0.00498244
0.865 -1.96 0.00540578
0.865 -1.92 0.00546496
0.865 -1.88 0.0051827
0.865 -1.84 0.00469996
0.865 -1.8 0.00427522
0.865 -1.76 0.00401551
0.865 -1.72 0.00368261
0.865 -1.68 0.00350435
0.865 -1.64 0.0032797
0.865 -1.6 0.0030279
0.865 -1.56 0.00298058
0.865 -1.52 0.00277532
0.865 -1.48 0.00264776
0.865 -1.44 0.00248391
0.865 -1.4 0.00239214
0.865 -1.36 0.00228005
0.865 -1.32 0.00225536
0.865 -1.28 0.00207735
0.865 -1.24 0.00201808
0.865 -1.2 0.00190427
0.865 -1.16 0.00182751
0.865 -1.12 0.00179285
0.865 -1.08 0.00173383
0.865 -1.04 0.00169838
0.865 -1 0.00156372
0.865 -0.96 0.00146216
0.865 -0.92 0.00149147
0.865 -0.88 0.00136498
0.865 -0.84 0.00136524
0.865 -0.8 0.00122949
0.865 -0.76 0.00121981
0.865 -0.72 0.00111487
0.865 -0.68 0.00113304
0.865 -0.64 0.00104474
0.865 -0.6 0.000980664
0.865 -0.56 0.000919452
0.865 -0.52 0.000862817
0.865 -0.48 0.000796873
0.865 -0.44 0.000703845
0.865 -0.4 0.000657218
0.865 -0.36 0.000582839
0.865 -0.32 0.00050577
0.865 -0.28 0.00046551
0.865 -0.24 0.000398868
0.865 -0.2 0.00035627
0.865 -0.16 0.000300913
0.865 -0.12 0.000238843
0.865 -0.08 0.000187902
0.865 -0.04 0.000147835
0.865 0 0.000121121
0.865 0.04 0.000103157
0.865 0.08 9.01799e-05
0.865 0.12 8.03226e-05
0.865 0.16 7.25099e-05
0.865 0.2 6.61449e-05
0.865 0.24 6.08187e-05
0.865 0.28 5.62841e-05
0.865 0.32 5.23632e-05
0.865 0.36 4.8935e-05
0.865 0.4 4.59095e-05
0.865 0.44 4.32124e-05
0.865 0.48 4.07875e-05
0.865 0.52 3.86024e-05
0.865 0.56 3.66132e-05
0.865 0.6 3.47994e-05
0.865 0.64 3.31452e-05
0.865 0.68 3.16162e-05
0.865 0.72 3.02085e-05
0.865 0.76 2.88995e-05
0.865 0.8 2.76818e-05
0.865 0.84 2.65592e-05
0.865 0.88 2.55038e-05
0.865 0.92 2.45168e-05
0.865 0.96 2.35971e-05
0.865 1 0
0.865 1.04 0
0.865 1.08 0
0.865 1.12 0
0.865 1.16 0
0.865 1.2 0
0.865 1.24 0
0.865 1.28 0
0.865 1.32 0
0.865 1.36 0
0.865 1.4 0
0.865 1.44 0
0.865 1.48 0
0.865 1.52 0
0.865 1.56 0
0.865 1.6 0
0.865 1.64 0
0.865 1.68 0
0.865 1.72 0
0.865 1.76 0
0.865 1.8 0
0.865 1.84 0
0.865 1.88 0
0.865 1.92 0
0.865 1.96 0
0.865 2 0
0.865 2.04 0
0.865 2.08 0
0.865 2.12 0
0.865 2.16 0
0.865 2.2 0
0.865 2.24 0
0.865 2.28 0
0.865 2.32 0
0.865 2.36 0
0.865 2.4 0
0.865 2.44 0
0.865 2.48 0
0.865 2.52 0
0.865 2.56 0
0.865 2.6 0
0.865 2.64 0
0.865 2.68 0
0.865 2.72 0
0.865 2.76 0
0.865 2.8 0
0.865 2.84 0
0.865 2.88 0
0.865 2.92 0
0.865 2.96 0
0.865 3 0
0.87 -5 0.000127987
0.87 -4.96 0.000127987
0.87 -4.92 0.000127987
0.87 -4.88 0.000127987
0.87 -4.84 0.000127987
0.87 -4.8 0.000127987
0.87 -4.76 0.000127987
0.87 -4.72 0.000127987
0.87 -4.68 0.000127987
0.87 -4.64 0.000127987
0.87 -4.6 0.000127987
0.87 -4.56 0.000127987
0.87 -4.52 0.000127987
0.87 -4.48 0.000127987
0.87 -4.44 0.000127987
0.87 -4.4 0.000127987
0.87 -4.36 0.000127987
0.87 -4.32 0.000127987
0.87 -4.28 0.000127987
0.87 -4.24 0.000127987
0.87 -4.2 0.000127987
0.87 -4.16 0.000127987
0.87 -4.12 0.000127987
0.87 -4.08 0.000127987
0.87 -4.04 0.000127987
0.87 -4 0.000127987
0.87 -3.96 0.000127987
0.87 -3.92 0.000127987
0.87 -3.88 0.000127987
0.87 -3.84 0.000127987
0.87 -3.8 0.000127987
0.87 -3.76 0.000127987
0.87 -3.72 0.000127987
0.87 -3.68 0.000127987
0.87 -3.64 0.000127987
0.87 -3.6 0.000127987
0.87 -3.56 0.000127987
0.87 -3.52 0.000127987
0.87 -3.48 0.000127987
0.87 -3.44 0.000127987
0.87 -3.4 0.000127987
0.87 -3.36 0.000127987
0.87 -3.32 0.000127987
0.87 -3.28 0.000127987
0.87 -3.24 0.000127987
0.87 -3.2 0.000127987
0.87 -3.16 0.000127987
0.87 -3.12 0.000127987
0.87 -3.08 0.000127987
0.87 -3.04 0.000127987
0.87 -3 0.000127987
0.87 -2.96 0.000121092
0.87 -2.92 0.000139067
0.87 -2.88 0.000132205
0.87 -2.84 0.000149922
0.87 -2.8 0.000161493
0.87 -2.76 0.00016029
0.87 -2.72 0.000166563
0.87 -2.68 0.000190438
0.87 -2.64 0.000202626
0.87 -2.6 0.000231444
0.87 -2.56 0.000236641
0.87 -2.52 0.000261112
0.87 -2.48 0.00027349
0.87 -2.44 0.000301069
0.87 -2.4 0.000336953
0.87 -2.36 0.000440618
0.87 -2.32 0.000514366
0.87 -2.28 0.000566758
0.87 -2.24 0.000721586
0.87 -2.2 0.000879013
0.87 -2.16 0.00118981
0.87 -2.12 0.00167536
0.87 -2.08 0.00245619
0.87 -2.04 0.00363705
0.87 -2 0.00501893
0.87 -1.96 0.00543946
0.87 -1.92 0.00551835
0.87 -1.88 0.00521853
0.87 -1.84 0.00472509
0.87 -1.8 0.00428121
0.87 -1.76 0.00402773
0.87 -1.72 0.00369262
0.87 -1.68 0.00350797
0.87 -1.64 0.00327528
0.87 -1.6 0.0030346
0.87 -1.56 0.00294562
0.87 -1.52 0.00279718
0.87 -1.48 0.0026251
0.87 -1.44 0.00249342
0.87 -1.4 0.00238349
0.87 -1.36 0.00226465
0.87 -1.32 0.00227117
0.87 -1.28 0.00203338
0.87 -1.24 0.00202883
0.87 -1.2 0.00191638
0.87 -1.16 0.00183813
0.87 -1.12 0.00178895
0.87 -1.08 0.00176897
0.87 -1.04 0.00171676
0.87 -1 0.00155674
0.87 -0.96 0.00147957
0.87 -0.92 0.00146482
0.87 -0.88 0.00134884
0.87 -0.84 0.00136255
0.87 -0.8 0.0012296
0.87 -0.76 0.00122343
0.87 -0.72 0.00111151
0.87 -0.68 0.00110757
0.87 -0.64 0.00102921
0.87 -0.6 0.000998667
0.87 -0.56 0.000930709
0.87 -0.52 0.000869895
0.87 -0.48 0.00079155
0.87 -0.44 0.000713344
0.87 -0.4 0.000665173
0.87 -0.36 0.000565466
0.87 -0.32 0.000511722
0.87 -0.28 0.000439696
0.87 -0.24 0.000391402
0.87 -0.2 0.000351184
0.87 -0.16 0.000299638
0.87 -0.12 0.000235336
0.87 -0.08 0.000183767
0.87 -0.04 0.000144755
0.87 0 0.000119264
0.87 0.04 0.000101869
0.87 0.08 8.92334e-05
0.87 0.12 7.95948e-05
0.87 0.16 7.19292e-05
0.87 0.2 6.56684e-05
0.87 0.24 6.04192e-05
0.87 0.28 5.59432e-05
0.87 0.32 5.2068e-05
0.87 0.36 4.8676e-05
0.87 0.4 4.56805e-05
0.87 0.44 4.30075e-05
0.87 0.48 4.06037e-05
0.87 0.52 3.84356e-05
0.87 0.56 3.64618e-05
0.87 0.6 3.46607e-05
0.87 0.64 3.30177e-05
0.87 0.68 3.14981e-05
0.87 0.72 3.00992e-05
0.87 0.76 2.87982e-05
0.87 0.8 2.75876e-05
0.87 0.84 2.6471e-05
0.87 0.88 2.54212e-05
0.87 0.92 2.44394e-05
0.87 0.96 2.35242e-05
0.87 1 0
0.87 1.04 0
0.87 1.08 0
0.87 1.12 0
0.87 1.16 0
0.87 1.2 0
0.87 1.24 0
0.87 1.28 0
0.87 1.32 0
0.87 1.36 0
0.87 1.4 0
0.87 1.44 0
0.87 1.48 0
0.87 1.52 0
0.87 1.56 0
0.87 1.6 0
0.87 1.64 0
0.87 1.68 0
0.87 1.72 0
0.87 1.76 0
0.87 1.8 0
0.87 1.84 0
0.87 1.88 0
0.87 1.92 0
0.87 1.96 0
0.87 2 0
0.87 2.04 0
0.87 2.08 0
0.87 2.12 0
0.87 2.16 0
0.87 2.2 0
0.87 2.24 0
0.87 2.28 0
0.87 2.32 0
0.87 2.36 0
0.87 2.4 0
0.87 2.44 0
0.87 2.48 0
0.87 2.52 0
0.87 2.56 0
0.87 2.6 0
0.87 2.64 0
0.87 2.68 0
0.87 2.72 0
0.87 2.76 0
0.87 2.8 0
0.87 2.84 0
0.87 2.88 0
0.87 2.92 0
0.87 2.96 0
0.87 3 0
0.875 -5 0.000130069
0.875 -4.96 0.000130069
0.875 -4.92 0.000130069
0.875 -4.88 0.000130069
0.875 -4.84 0.000130069
0.875 -4.8 0.000130069
0.875 -4.76 0.000130069
0.875 -4.72 0.000130069
0.875 -4.68 0.000130069
0.875 -4.64 0.000130069
0.875 -4.6 0.000130069
0.875 -4.56 0.000130069
0.875 -4.52 0.000130069
0.875 -4.48 0.000130069
0.875 -4.44 0.000130069
0.875 -4.4 0.000130069
0.875 -4.36 0.000130069
0.875 -4.32 0.000130069
0.875 -4.28 0.000130069
0.875 -4.24 0.000130069
0.875 -4.2 0.000130069
0.875 -4.16 0.000130069
0.875 -4.12 0.000130069
0.875 -4.08 0.000130069
0.875 -4.04 0.000130069
0.875 -4 0.000130069
0.875 -3.96 0.000130069
0.875 -3.92 0.000130069
0.875 -3.88 0.000130069
0.875 -3.84 0.000130069
0.875 -3.8 0.000130069
0.875 -3.76 0.000130069
0.875 -3.72 0.000130069
0.875 -3.68 0.000130069
0.875 -3.64 0.000130069
0.875 -3.6 0.000130069
0.875 -3.56 0.000130069
0.875 -3.52 0.000130069
0.875 -3.48 0.000130069
0.875 -3.44 0.000130069
0.875 -3.4 0.000130069
0.875 -3.36 0.000130069
0.875 -3.32 0.000130069
0.875 -3.28 0.000130069
0.875 -3.24 0.000130069
0.875 -3.2 0.000130069
0.875 -3.16 0.000130069
0.875 -3.12 0.000130069
0.875 -3.08 0.000130069
0.875 -3.04 0.000130069
0.875 -3 0.000130069
0.875 -2.96 0.000122434
0.875 -2.92 0.000135463
0.875 -2.88 0.000128984
0.875 -2.84 0.000151154
0.875 -2.8 0.000158155
0.875 -2.76 0.000162365
0.875 -2.72 0.00016165
0.875 -2.68 0.000195653
0.875 -2.64 0.000204336
0.875 -2.6 0.000231776
0.875 -2.56 0.000238877
0.875 -2.52 0.000257174
0.875 -2.48 0.000269804
0.875 -2.44 0.000299754
0.875 -2.4 0.000345095
0.875 -2.36 0.000439704
0.875 -2.32 0.000513902
0.875 -2.28 0.000567491
0.875 -2.24 0.000720043
0.875 -2.2 0.000876229
0.875 -2.16 0.00118789
0.875 -2.12 0.00166847
0.875 -2.08 0.00246121
0.875 -2.04 0.00365814
0.875 -2 0.00503477
0.875 -1.96 0.00548223
0.875 -1.92 0.00555954
0.875 -1.88 0.00525314
0.875 -1.84 0.00474189
0.875 -1.8 0.00429548
0.875 -1.76 0.00400787
0.875 -1.72 0.00369845
0.875 -1.68 0.00348564
0.875 -1.64 0.00326689
0.875 -1.6 0.00302864
0.875 -1.56 0.00295546
0.875 -1.52 0.00277592
0.875 -1.48 0.00260943
0.875 -1.44 0.00251592
0.875 -1.4 0.00239337
0.875 -1.36 0.00225313
0.875 -1.32 0.00224684
0.875 -1.28 0.00201849
0.875 -1.24 0.00204389
0.875 -1.2 0.00190712
0.875 -1.16 0.00184221
0.875 -1.12 0.00178666
0.875 -1.08 0.00174072
0.875 -1.04 0.00169678
0.875 -1 0.00155553
0.875 -0.96 0.00149975
0.875 -0.92 0.00146213
0.875 -0.88 0.00134206
0.875 -0.84 0.00134522
0.875 -0.8 0.00123822
0.875 -0.76 0.00123343
0.875 -0.72 0.00111086
0.875 -0.68 0.00105907
0.875 -0.64 0.00102145
0.875 -0.6 0.00101101
0.875 -0.56 0.000913472
0.875 -0.52 0.000865
0.875 -0.48 0.000787915
0.875 -0.44 0.000730546
0.875 -0.4 0.000666298
0.875 -0.36 0.000551603
0.875 -0.32 0.000515353
0.875 -0.28 0.000442249
0.875 -0.24 0.000391168
0.875 -0.2 0.000342963
0.875 -0.16 0.000291842
0.875 -0.12 0.000232632
0.875 -0.08 0.000179112
0.875 -0.04 0.000141767
0.875 0 0.000117497
0.875 0.04 0.000100641
0.875 0.08 8.83289e-05
0.875 0.12 7.88983e-05
0.875 0.16 7.1373e-05
0.875 0.2 6.52117e-05
0.875 0.24 6.0036e-05
0.875 0.28 5.5616e-05
0.875 0.32 5.17846e-05
0.875 0.36 4.84273e-05
0.875 0.4 4.54607e-05
0.875 0.44 4.28107e-05
0.875 0.48 4.04271e-05
0.875 0.52 3.82754e-05
0.875 0.56 3.63165e-05
0.875 0.6 3.45275e-05
0.875 0.64 3.28951e-05
0.875 0.68 3.13846e-05
0.875 0.72 2.99941e-05
0.875 0.76 2.87009e-05
0.875 0.8 2.74971e-05
0.875 0.84 2.63863e-05
0.875 0.88 2.53419e-05
0.875 0.92 2.4365e-05
0.875 0.96 2.34542e-05
0.875 1 0
0.875 1.04 0
0.875 1.08 0
0.875 1.12 0
0.875 1.16 0
0.875 1.2 0
0.875 1.24 0
0.875 1.28 0
0.875 1.32 0
0.875 1.36 0
0.875 1.4 0
0.875 1.44 0
0.875 1.48 0
0.875 1.52 0
0.875 1.56 0
0.875 1.6 0
0.875 1.64 0
0.875 1.68 0
0.875 1.72 0
0.875 1.76 0
0.875 1.8 0
0.875 1.84 0
0.875 1.88 0
0.875 1.92 0
0.875 1.96 0
0.875 2 0
0.875 2.04 0
0.875 2.08 0
0.875 2.12 0
0.875 2.16 0
0.875 2.2 0
0.875 2.24 0
0.875 2.28 0
0.875 2.32 0
0.875 2.36 0
0.875 2.4 0
0.875 2.44 0
0.875 2.48 0
0.875 2.52 0
0.875 2.56 0
0.875 2.6 0
0.875 2.64 0
0.875 2.68 0
0.875 2.72 0
0.875 2.76 0
0.875 2.8 0
0.875 2.84 0
0.875 2.88 0
0.875 2.92 0
0.875 2.96 0
0.875 3 0
0.88 -5 0.000131344
0.88 -4.96 0.000131344
0.88 -4.92 0.000131344
0.88 -4.88 0.000131344
0.88 -4.84 0.000131344
0.88 -4.8 0.000131344
0.88 -4.76 0.000131344
0.88 -4.72 0.000131344
0.88 -4.68 0.000131344
0.88 -4.64 0.000131344
0.88 -4.6 0.000131344
0.88 -4.56 0.000131344
0.88 -4.52 0.000131344
0.88 -4.48 0.000131344
0.88 -4.44 0.000131344
0.88 -4.4 0.000131344
0.88 -4.36 0.000131344
0.88 -4.32 0.000131344
0.88 -4.28 0.000131344
0.88 -4.24 0.000131344
0.88 -4.2 0.000131344
0.88 -4.16 0.000131344
0.88 -4.12 0.000131344
0.88 -4.08 0.000131344
0.88 -4.04 0.000131344
0.88 -4 0.000131344
0.88 -3.96 0.000131344
0.88 -3.92 0.000131344
0.88 -3.88 0.000131344
0.88 -3.84 0.000131344
0.88 -3.8 0.000131344
0.88 -3.76 0.000131344
0.88 -3.72 0.000131344
0.88 -3.68 0.000131344
0.88 -3.64 0.000131344
0.88 -3.6 0.000131344
0.88 -3.56 0.000131344
0.88 -3.52 0.000131344
0.88 -3.48 0.000131344
0.88 -3.44 0.000131344
0.88 -3.4 0.000131344
0.88 -3.36 0.000131344
0.88 -3.32 0.000131344
0.88 -3.28 0.000131344
0.88 -3.24 0.000131344
0.88 -3.2 0.000131344
0.88 -3.16 0.000131344
0.88 -3.12 0.000131344
0.88 -3.08 0.000131344
0.88 -3.04 0.000131344
0.88 -3 0.000131344
0.88 -2.96 0.000125008
0.88 -2.92 0.000134488
0.88 -2.88 0.000128376
0.88 -2.84 0.000151273
0.88 -2.8 0.000153527
0.88 -2.76 0.000164377
0.88 -2.72 0.000160205
0.88 -2.68 0.000194812
0.88 -2.64 0.000207288
0.88 -2.6 0.000224589
0.88 -2.56 0.00023714
0.88 -2.52 0.000257133
0.88 -2.48 0.000267957
0.88 -2.44 0.000296249
0.88 -2.4 0.00035398
0.88 -2.36 0.000438123
0.88 -2.32 0.00050863
0.88 -2.28 0.000569373
0.88 -2.24 0.00071909
0.88 -2.2 0.000875124
0.88 -2.16 0.00117647
0.88 -2.12 0.00165868
0.88 -2.08 0.00246229
0.88 -2.04 0.00368365
0.88 -2 0.00505128
0.88 -1.96 0.00552375
0.88 -1.92 0.00559342
0.88 -1.88 0.00528363
0.88 -1.84 0.00475276
0.88 -1.8 0.00430898
0.88 -1.76 0.00398735
0.88 -1.72 0.00368921
0.88 -1.68 0.00347545
0.88 -1.64 0.0032649
0.88 -1.6 0.00300599
0.88 -1.56 0.00298559
0.88 -1.52 0.00272659
0.88 -1.48 0.00260751
0.88 -1.44 0.0025178
0.88 -1.4 0.0024101
0.88 -1.36 0.00224111
0.88 -1.32 0.00220757
0.88 -1.28 0.00202468
0.88 -1.24 0.00204173
0.88 -1.2 0.00187017
0.88 -1.16 0.00183964
0.88 -1.12 0.00178945
0.88 -1.08 0.00167963
0.88 -1.04 0.00166779
0.88 -1 0.00154846
0.88 -0.96 0.00151301
0.88 -0.92 0.00145242
0.88 -0.88 0.00133026
0.88 -0.84 0.00132957
0.88 -0.8 0.00123922
0.88 -0.76 0.0012221
0.88 -0.72 0.00111331
0.88 -0.68 0.0010388
0.88 -0.64 0.00102036
0.88 -0.6 0.000996408
0.88 -0.56 0.000886719
0.88 -0.52 0.00084396
0.88 -0.48 0.000786711
0.88 -0.44 0.000732843
0.88 -0.4 0.000661926
0.88 -0.36 0.000564648
0.88 -0.32 0.000513298
0.88 -0.28 0.000457215
0.88 -0.24 0.000392712
0.88 -0.2 0.000331456
0.88 -0.16 0.000279674
0.88 -0.12 0.000227624
0.88 -0.08 0.000174688
0.88 -0.04 0.000139182
0.88 0 0.000115819
0.88 0.04 9.94703e-05
0.88 0.08 8.74656e-05
0.88 0.12 7.82325e-05
0.88 0.16 7.08409e-05
0.88 0.2 6.47744e-05
0.88 0.24 5.96689e-05
0.88 0.28 5.53025e-05
0.88 0.32 5.15131e-05
0.88 0.36 4.81888e-05
0.88 0.4 4.52499e-05
0.88 0.44 4.2622e-05
0.88 0.48 4.02578e-05
0.88 0.52 3.81217e-05
0.88 0.56 3.61771e-05
0.88 0.6 3.43997e-05
0.88 0.64 3.27775e-05
0.88 0.68 3.12756e-05
0.88 0.72 2.98932e-05
0.88 0.76 2.86074e-05
0.88 0.8 2.74101e-05
0.88 0.84 2.63049e-05
0.88 0.88 2.52657e-05
0.88 0.92 2.42936e-05
0.88 0.96 2.33869e-05
0.88 1 0
0.88 1.04 0
0.88 1.08 0
0.88 1.12 0
0.88 1.16 0
0.88 1.2 0
0.88 1.24 0
0.88 1.28 0
0.88 1.32 0
0.88 1.36 0
0.88 1.4 0
0.88 1.44 0
0.88 1.48 0
0.88 1.52 0
0.88 1.56 0
0.88 1.6 0
0.88 1.64 0
0.88 1.68 0
0.88 1.72 0
0.88 1.76 0
0.88 1.8 0
0.88 1.84 0
0.88 1.88 0
0.88 1.92 0
0.88 1.96 0
0.88 2 0
0.88 2.04 0
0.88 2.08 0
0.88 2.12 0
0.88 2.16 0
0.88 2.2 0
0.88 2.24 0
0.88 2.28 0
0.88 2.32 0
0.88 2.36 0
0.88 2.4 0
0.88 2.44 0
0.88 2.48 0
0.88 2.52 0
0.88 2.56 0
0.88 2.6 0
0.88 2.64 0
0.88 2.68 0
0.88 2.72 0
0.88 2.76 0
0.88 2.8 0
0.88 2.84 0
0.88 2.88 0
0.88 2.92 0
0.88 2.96 0
0.88 3 0
0.885 -5 0.000130668
0.885 -4.96 0.000130668
0.885 -4.92 0.000130668
0.885 -4.88 0.000130668
0.885 -4.84 0.000130668
0.885 -4.8 0.000130668
0.885 -4.76 0.000130668
0.885 -4.72 0.000130668
0.885 -4.68 0.000130668
0.885 -4.64 0.000130668
0.885 -4.6 0.000130668
0.885 -4.56 0.000130668
0.885 -4.52 0.000130668
0.885 -4.48 0.000130668
0.885 -4.44 0.000130668
0.885 -4.4 0.000130668
0.885 -4.36 0.000130668
0.885 -4.32 0.000130668
0.885 -4.28 0.000130668
0.885 -4.24 0.000130668
0.885 -4.2 0.000130668
0.885 -4.16 0.000130668
0.885 -4.12 0.000130668
0.885 -4.08 0.000130668
0.885 -4.04 0.000130668
0.885 -4 0.000130668
0.885 -3.96 0.000130668
0.885 -3.92 0.000130668
0.885 -3.88 0.000130668
0.885 -3.84 0.000130668
0.885 -3.8 0.000130668
0.885 -3.76 0.000130668
0.885 -3.72 0.000130668
0.885 -3.68 0.000130668
0.885 -3.64 0.000130668
0.885 -3.6 0.000130668
0.885 -3.56 0.000130668
0.885 -3.52 0.000130668
0.885 -3.48 0.000130668
0.885 -3.44 0.000130668
0.885 -3.4 0.000130668
0.885 -3.36 0.000130668
0.885 -3.32 0.000130668
0.885 -3.28 0.000130668
0.885 -3.24 0.000130668
0.885 -3.2 0.000130668
0.885 -3.16 0.000130668
0.885 -3.12 0.000130668
0.885 -3.08 0.000130668
0.885 -3.04 0.000130668
0.885 -3 0.000130668
0.885 -2.96 0.000126566
0.885 -2.92 0.000137311
0.885 -2.88 0.000128673
0.885 -2.84 0.000150664
0.885 -2.8 0.000151266
0.885 -2.76 0.000164793
0.885 -2.72 0.000166623
0.885 -2.68 0.000189584
0.885 -2.64 0.000208498
0.885 -2.6 0.000215948
0.885 -2.56 0.000238828
0.885 -2.52 0.000258777
0.885 -2.48 0.000270394
0.885 -2.44 0.000293138
0.885 -2.4 0.000351435
0.885 -2.36 0.000437981
0.885 -2.32 0.000503579
0.885 -2.28 0.000572163
0.885 -2.24 0.000715657
0.885 -2.2 0.000876157
0.885 -2.16 0.00116315
0.885 -2.12 0.00165524
0.885 -2.08 0.00245833
0.885 -2.04 0.0036871
0.885 -2 0.0050883
0.885 -1.96 0.00555175
0.885 -1.92 0.00562809
0.885 -1.88 0.005313
0.885 -1.84 0.00476118
0.885 -1.8 0.00431128
0.885 -1.76 0.00400705
0.885 -1.72 0.00367513
0.885 -1.68 0.00348548
0.885 -1.64 0.00326358
0.885 -1.6 0.00298669
0.885 -1.56 0.00298516
0.885 -1.52 0.00271756
0.885 -1.48 0.00260963
0.885 -1.44 0.002494
0.885 -1.4 0.00241244
0.885 -1.36 0.00223014
0.885 -1.32 0.00219881
0.885 -1.28 0.00202516
0.885 -1.24 0.00202242
0.885 -1.2 0.00184966
0.885 -1.16 0.0018327
0.885 -1.12 0.00179183
0.885 -1.08 0.0016586
0.885 -1.04 0.00166407
0.885 -1 0.00154118
0.885 -0.96 0.00151825
0.885 -0.92 0.00141699
0.885 -0.88 0.00130602
0.885 -0.84 0.00132296
0.885 -0.8 0.00123371
0.885 -0.76 0.00119569
0.885 -0.72 0.00111965
0.885 -0.68 0.00105896
0.885 -0.64 0.00101638
0.885 -0.6 0.000963662
0.885 -0.56 0.000888749
0.885 -0.52 0.000824788
0.885 -0.48 0.000780159
0.885 -0.44 0.000713557
0.885 -0.4 0.000652301
0.885 -0.36 0.000603165
0.885 -0.32 0.000508602
0.885 -0.28 0.0004556
0.885 -0.24 0.000392983
0.885 -0.2 0.000323784
0.885 -0.16 0.000270875
0.885 -0.12 0.000220339
0.885 -0.08 0.000171159
0.885 -0.04 0.000137033
0.885 0 0.000114227
0.885 0.04 9.83571e-05
0.885 0.08 8.66429e-05
0.885 0.12 7.75971e-05
0.885 0.16 7.03326e-05
0.885 0.2 6.43564e-05
0.885 0.24 5.93178e-05
0.885 0.28 5.50025e-05
0.885 0.32 5.12532e-05
0.885 0.36 4.79606e-05
0.885 0.4 4.50481e-05
0.885 0.44 4.24413e-05
0.885 0.48 4.00957e-05
0.885 0.52 3.79745e-05
0.885 0.56 3.60436e-05
0.885 0.6 3.42774e-05
0.885 0.64 3.26649e-05
0.885 0.68 3.11713e-05
0.885 0.72 2.97966e-05
0.885 0.76 2.85179e-05
0.885 0.8 2.73269e-05
0.885 0.84 2.62269e-05
0.885 0.88 2.51927e-05
0.885 0.92 2.42251e-05
0.885 0.96 2.33225e-05
0.885 1 0
0.885 1.04 0
0.885 1.08 0
0.885 1.12 0
0.885 1.16 0
0.885 1.2 0
0.885 1.24 0
0.885 1.28 0
0.885 1.32 0
0.885 1.36 0
0.885 1.4 0
0.885 1.44 0
0.885 1.48 0
0.885 1.52 0
0.885 1.56 0
0.885 1.6 0
0.885 1.64 0
0.885 1.68 0
0.885 1.72 0
0.885 1.76 0
0.885 1.8 0
0.885 1.84 0
0.885 1.88 0
0.885 1.92 0
0.885 1.96 0
0.885 2 0
0.885 2.04 0
0.885 2.08 0
0.885 2.12 0
0.885 2.16 0
0.885 2.2 0
0.885 2.24 0
0.885 2.28 0
0.885 2.32 0
0.885 2.36 0
0.885 2.4 0
0.885 2.44 0
0.885 2.48 0
0.885 2.52 0
0.885 2.56 0
0.885 2.6 0
0.885 2.64 0
0.885 2.68 0
0.885 2.72 0
0.885 2.76 0
0.885 2.8 0
0.885 2.84 0
0.885 2.88 0
0.885 2.92 0
0.885 2.96 0
0.885 3 0
0.89 -5 0.000128907
0.89 -4.96 0.000128907
0.89 -4.92 0.000128907
0.89 -4.88 0.000128907
0.89 -4.84 0.000128907
0.89 -4.8 0.000128907
0.89 -4.76 0.000128907
0.89 -4.72 0.000128907
0.89 -4.68 0.000128907
0.89 -4.64 0.000128907
0.89 -4.6 0.000128907
0.89 -4.56 0.000128907
0.89 -4.52 0.000128907
0.89 -4.48 0.000128907
0.89 -4.44 0.000128907
0.89 -4.4 0.000128907
0.89 -4.36 0.000128907
0.89 -4.32 0.000128907
0.89 -4.28 0.000128907
0.89 -4.24 0.000128907
0.89 -4.2 0.000128907
0.89 -4.16 0.000128907
0.89 -4.12 0.000128907
0.89 -4.08 0.000128907
0.89 -4.04 0.000128907
0.89 -4 0.000128907
0.89 -3.96 0.000128907
0.89 -3.92 0.000128907
0.89 -3.88 0.000128907
0.89 -3.84 0.000128907
0.89 -3.8 0.000128907
0.89 -3.76 0.000128907
0.89 -3.72 0.000128907
0.89 -3.68 0.000128907
0.89 -3.64 0.000128907
0.89 -3.6 0.000128907
0.89 -3.56 0.000128907
0.89 -3.52 0.000128907
0.89 -3.48 0.000128907
0.89 -3.44 0.000128907
0.89 -3.4 0.000128907
0.89 -3.36 0.000128907
0.89 -3.32 0.000128907
0.89 -3.28 0.000128907
0.89 -3.24 0.000128907
0.89 -3.2 0.000128907
0.89 -3.16 0.000128907
0.89 -3.12 0.000128907
0.89 -3.08 0.000128907
0.89 -3.04 0.000128907
0.89 -3 0.000128907
0.89 -2.96 0.00012679
0.89 -2.92 0.00014216
0.89 -2.88 0.000128326
0.89 -2.84 0.000149537
0.89 -2.8 0.000150607
0.89 -2.76 0.000163533
0.89 -2.72 0.000173119
0.89 -2.68 0.000183673
0.89 -2.64 0.000208056
0.89 -2.6 0.000215683
0.89 -2.56 0.000243777
0.89 -2.52 0.000258669
0.89 -2.48 0.000275454
0.89 -2.44 0.000293763
0.89 -2.4 0.000344635
0.89 -2.36 0.000439318
0.89 -2.32 0.000502405
0.89 -2.28 0.000575171
0.89 -2.24 0.000710109
0.89 -2.2 0.000877879
0.89 -2.16 0.00115738
0.89 -2.12 0.00165756
0.89 -2.08 0.00245463
0.89 -2.04 0.00368445
0.89 -2 0.00512893
0.89 -1.96 0.00557055
0.89 -1.92 0.0056642
0.89 -1.88 0.00534062
0.89 -1.84 0.00476618
0.89 -1.8 0.00430646
0.89 -1.76 0.00404198
0.89 -1.72 0.00367181
0.89 -1.68 0.00348955
0.89 -1.64 0.00325597
0.89 -1.6 0.0029844
0.89 -1.56 0.00295866
0.89 -1.52 0.00275181
0.89 -1.48 0.0026064
0.89 -1.44 0.00247098
0.89 -1.4 0.00240014
0.89 -1.36 0.00222499
0.89 -1.32 0.00220968
0.89 -1.28 0.00201775
0.89 -1.24 0.00200425
0.89 -1.2 0.00187162
0.89 -1.16 0.00181982
0.89 -1.12 0.00178643
0.89 -1.08 0.00168138
0.89 -1.04 0.00166574
0.89 -1 0.00154516
0.89 -0.96 0.00150616
0.89 -0.92 0.00138617
0.89 -0.88 0.00128187
0.89 -0.84 0.00131881
0.89 -0.8 0.00123348
0.89 -0.76 0.00118365
0.89 -0.72 0.00112755
0.89 -0.68 0.00108446
0.89 -0.64 0.00100276
0.89 -0.6 0.000939576
0.89 -0.56 0.000918658
0.89 -0.52 0.00082158
0.89 -0.48 0.000766189
0.89 -0.44 0.000691704
0.89 -0.4 0.000639927
0.89 -0.36 0.000627863
0.89 -0.32 0.000505807
0.89 -0.28 0.000438491
0.89 -0.24 0.000391715
0.89 -0.2 0.000325153
0.89 -0.16 0.000269454
0.89 -0.12 0.000213637
0.89 -0.08 0.000168232
0.89 -0.04 0.000134995
0.89 0 0.000112718
0.89 0.04 9.72998e-05
0.89 0.08 8.58601e-05
0.89 0.12 7.69917e-05
0.89 0.16 6.98479e-05
0.89 0.2 6.39575e-05
0.89 0.24 5.89826e-05
0.89 0.28 5.47161e-05
0.89 0.32 5.10049e-05
0.89 0.36 4.77425e-05
0.89 0.4 4.48553e-05
0.89 0.44 4.22686e-05
0.89 0.48 3.99407e-05
0.89 0.52 3.78338e-05
0.89 0.56 3.5916e-05
0.89 0.6 3.41604e-05
0.89 0.64 3.25571e-05
0.89 0.68 3.10714e-05
0.89 0.72 2.97041e-05
0.89 0.76 2.84323e-05
0.89 0.8 2.72472e-05
0.89 0.84 2.61523e-05
0.89 0.88 2.51229e-05
0.89 0.92 2.41597e-05
0.89 0.96 2.32609e-05
0.89 1 0
0.89 1.04 0
0.89 1.08 0
0.89 1.12 0
0.89 1.16 0
0.89 1.2 0
0.89 1.24 0
0.89 1.28 0
0.89 1.32 0
0.89 1.36 0
0.89 1.4 0
0.89 1.44 0
0.89 1.48 0
0.89 1.52 0
0.89 1.56 0
0.89 1.6 0
0.89 1.64 0
0.89 1.68 0
0.89 1.72 0
0.89 1.76 0
0.89 1.8 0
0.89 1.84 0
0.89 1.88 0
0.89 1.92 0
0.89 1.96 0
0.89 2 0
0.89 2.04 0
0.89 2.08 0
0.89 2.12 0
0.89 2.16 0
0.89 2.2 0
0.89 2.24 0
0.89 2.28 0
0.89 2.32 0
0.89 2.36 0
0.89 2.4 0
0.89 2.44 0
0.89 2.48 0
0.89 2.52 0
0.89 2.56 0
0.89 2.6 0
0.89 2.64 0
0.89 2.68 0
0.89 2.72 0
0.89 2.76 0
0.89 2.8 0
0.89 2.84 0
0.89 2.88 0
0.89 2.92 0
0.89 2.96 0
0.89 3 0
0.895 -5 0.000128349
0.895 -4.96 0.000128349
0.895 -4.92 0.000128349
0.895 -4.88 0.000128349
0.895 -4.84 0.000128349
0.895 -4.8 0.000128349
0.895 -4.76 0.000128349
0.895 -4.72 0.000128349
0.895 -4.68 0.000128349
0.895 -4.64 0.000128349
0.895 -4.6 0.000128349
0.895 -4.56 0.000128349
0.895 -4.52 0.000128349
0.895 -4.48 0.000128349
0.895 -4.44 0.000128349
0.895 -4.4 0.000128349
0.895 -4.36 0.000128349
0.895 -4.32 0.000128349
0.895 -4.28 0.000128349
0.895 -4.24 0.000128349
0.895 -4.2 0.000128349
0.895 -4.16 0.000128349
0.895 -4.12 0.000128349
0.895 -4.08 0.000128349
0.895 -4.04 0.000128349
0.895 -4 0.000128349
0.895 -3.96 0.000128349
0.895 -3.92 0.000128349
0.895 -3.88 0.000128349
0.895 -3.84 0.000128349
0.895 -3.8 0.000128349
0.895 -3.76 0.000128349
0.895 -3.72 0.000128349
0.895 -3.68 0.000128349
0.895 -3.64 0.000128349
0.895 -3.6 0.000128349
0.895 -3.56 0.000128349
0.895 -3.52 0.000128349
0.895 -3.48 0.000128349
0.895 -3.44 0.000128349
0.895 -3.4 0.000128349
0.895 -3.36 0.000128349
0.895 -3.32 0.000128349
0.895 -3.28 0.000128349
0.895 -3.24 0.000128349
0.895 -3.2 0.000128349
0.895 -3.16 0.000128349
0.895 -3.12 0.000128349
0.895 -3.08 0.000128349
0.895 -3.04 0.000128349
0.895 -3 0.000128349
0.895 -2.96 0.000126951
0.895 -2.92 0.000144764
0.895 -2.88 0.000128238
0.895 -2.84 0.000148834
0.895 -2.8 0.000151061
0.895 -2.76 0.000161897
0.895 -2.72 0.000171077
0.895 -2.68 0.0001805
0.895 -2.64 0.000207618
0.895 -2.6 0.000223692
0.895 -2.56 0.000243666
0.895 -2.52 0.000258211
0.895 -2.48 0.000279859
0.895 -2.44 0.000297704
0.895 -2.4 0.00034618
0.895 -2.36 0.000439675
0.895 -2.32 0.000504118
0.895 -2.28 0.000576896
0.895 -2.24 0.000705305
0.895 -2.2 0.000878191
0.895 -2.16 0.00116028
0.895 -2.12 0.00165946
0.895 -2.08 0.00245587
0.895 -2.04 0.00370859
0.895 -2 0.00514838
0.895 -1.96 0.00559513
0.895 -1.92 0.00569931
0.895 -1.88 0.00536099
0.895 -1.84 0.00476632
0.895 -1.8 0.00430527
0.895 -1.76 0.00404139
0.895 -1.72 0.00367577
0.895 -1.68 0.00348159
0.895 -1.64 0.00325046
0.895 -1.6 0.00298717
0.895 -1.56 0.00295425
0.895 -1.52 0.00276232
0.895 -1.48 0.002601
0.895 -1.44 0.00246893
0.895 -1.4 0.00239292
0.895 -1.36 0.00222606
0.895 -1.32 0.00219385
0.895 -1.28 0.00201909
0.895 -1.24 0.00199731
0.895 -1.2 0.00190085
0.895 -1.16 0.00180197
0.895 -1.12 0.0017734
0.895 -1.08 0.00169406
0.895 -1.04 0.00163514
0.895 -1 0.00155225
0.895 -0.96 0.00147167
0.895 -0.92 0.00138921
0.895 -0.88 0.00127186
0.895 -0.84 0.00131051
0.895 -0.8 0.00123463
0.895 -0.76 0.00119334
0.895 -0.72 0.00113185
0.895 -0.68 0.00108993
0.895 -0.64 0.000986901
0.895 -0.6 0.000935279
0.895 -0.56 0.000934846
0.895 -0.52 0.000827353
0.895 -0.48 0.000756342
0.895 -0.44 0.000687346
0.895 -0.4 0.000632034
0.895 -0.36 0.000604369
0.895 -0.32 0.000507575
0.895 -0.28 0.000430155
0.895 -0.24 0.000387471
0.895 -0.2 0.000329939
0.895 -0.16 0.000270625
0.895 -0.12 0.000209585
0.895 -0.08 0.000165063
0.895 -0.04 0.000132797
0.895 0 0.000111291
0.895 0.04 9.62973e-05
0.895 0.08 8.51165e-05
0.895 0.12 7.6416e-05
0.895 0.16 6.93865e-05
0.895 0.2 6.35775e-05
0.895 0.24 5.86632e-05
0.895 0.28 5.4443e-05
0.895 0.32 5.07682e-05
0.895 0.36 4.75346e-05
0.895 0.4 4.46714e-05
0.895 0.44 4.21039e-05
0.895 0.48 3.9793e-05
0.895 0.52 3.76996e-05
0.895 0.56 3.57943e-05
0.895 0.6 3.40488e-05
0.895 0.64 3.24543e-05
0.895 0.68 3.09761e-05
0.895 0.72 2.96158e-05
0.895 0.76 2.83506e-05
0.895 0.8 2.71712e-05
0.895 0.84 2.60811e-05
0.895 0.88 2.50562e-05
0.895 0.92 2.40972e-05
0.895 0.96 2.3202e-05
0.895 1 0
0.895 1.04 0
0.895 1.08 0
0.895 1.12 0
0.895 1.16 0
0.895 1.2 0
0.895 1.24 0
0.895 1.28 0
0.895 1.32 0
0.895 1.36 0
0.895 1.4 0
0.895 1.44 0
0.895 1.48 0
0.895 1.52 0
0.895 1.56 0
0.895 1.6 0
0.895 1.64 0
0.895 1.68 0
0.895 1.72 0
0.895 1.76 0
0.895 1.8 0
0.895 1.84 0
0.895 1.88 0
0.895 1.92 0
0.895 1.96 0
0.895 2 0
0.895 2.04 0
0.895 2.08 0
0.895 2.12 0
0.895 2.16 0
0.895 2.2 0
0.895 2.24 0
0.895 2.28 0
0.895 2.32 0
0.895 2.36 0
0.895 2.4 0
0.895 2.44 0
0.895 2.48 0
0.895 2.52 0
0.895 2.56 0
0.895 2.6 0
0.895 2.64 0
0.895 2.68 0
0.895 2.72 0
0.895 2.76 0
0.895 2.8 0
0.895 2.84 0
0.895 2.88 0
0.895 2.92 0
0.895 2.96 0
0.895 3 0
0.9 -5 0.000130053
0.9 -4.96 0.000130053
0.9 -4.92 0.000130053
0.9 -4.88 0.000130053
0.9 -4.84 0.000130053
0.9 -4.8 0.000130053
0.9 -4.76 0.000130053
0.9 -4.72 0.000130053
0.9 -4.68 0.000130053
0.9 -4.64 0.000130053
0.9 -4.6 0.000130053
0.9 -4.56 0.000130053
0.9 -4.52 0.000130053
0.9 -4.48 0.000130053
0.9 -4.44 0.000130053
0.9 -4.4 0.000130053
0.9 -4.36 0.000130053
0.9 -4.32 0.000130053
0.9 -4.28 0.000130053
0.9 -4.24 0.000130053
0.9 -4.2 0.000130053
0.9 -4.16 0.000130053
0.9 -4.12 0.000130053
0.9 -4.08 0.000130053
0.9 -4.04 0.000130053
0.9 -4 0.000130053
0.9 -3.96 0.000130053
0.9 -3.92 0.000130053
0.9 -3.88 0.000130053
0.9 -3.84 0.000130053
0.9 -3.8 0.000130053
0.9 -3.76 0.000130053
0.9 -3.72 0.000130053
0.9 -3.68 0.000130053
0.9 -3.64 0.000130053
0.9 -3.6 0.000130053
0.9 -3.56 0.000130053
0.9 -3.52 0.000130053
0.9 -3.48 0.000130053
0.9 -3.44 0.000130053
0.9 -3.4 0.000130053
0.9 -3.36 0.000130053
0.9 -3.32 0.000130053
0.9 -3.28 0.000130053
0.9 -3.24 0.000130053
0.9 -3.2 0.000130053
0.9 -3.16 0.000130053
0.9 -3.12 0.000130053
0.9 -3.08 0.000130053
0.9 -3.04 0.000130053
0.9 -3 0.000130053
0.9 -2.96 0.000127485
0.9 -2.92 0.000141806
0.9 -2.88 0.000129197
0.9 -2.84 0.000149833
0.9 -2.8 0.000153639
0.9 -2.76 0.000161278
0.9 -2.72 0.000163417
0.9 -2.68 0.000182003
0.9 -2.64 0.000206926
0.9 -2.6 0.000230019
0.9 -2.56 0.000236647
0.9 -2.52 0.000261179
0.9 -2.48 0.000281868
0.9 -2.44 0.000301409
0.9 -2.4 0.000352488
0.9 -2.36 0.00043774
0.9 -2.32 0.000504613
0.9 -2.28 0.000576337
0.9 -2.24 0.000702296
0.9 -2.2 0.000877434
0.9 -2.16 0.00116475
0.9 -2.12 0.00165903
0.9 -2.08 0.00245896
0.9 -2.04 0.00375002
0.9 -2 0.00515604
0.9 -1.96 0.00563134
0.9 -1.92 0.00573297
0.9 -1.88 0.00537269
0.9 -1.84 0.00476654
0.9 -1.8 0.00430883
0.9 -1.76 0.00401664
0.9 -1.72 0.00367032
0.9 -1.68 0.00348684
0.9 -1.64 0.00325783
0.9 -1.6 0.00297875
0.9 -1.56 0.00298501
0.9 -1.52 0.00272992
0.9 -1.48 0.00259682
0.9 -1.44 0.002477
0.9 -1.4 0.00239835
0.9 -1.36 0.00222885
0.9 -1.32 0.00215258
0.9 -1.28 0.00202742
0.9 -1.24 0.00199371
0.9 -1.2 0.00189233
0.9 -1.16 0.0017869
0.9 -1.12 0.00175764
0.9 -1.08 0.00168246
0.9 -1.04 0.00158778
0.9 -1 0.00154089
0.9 -0.96 0.00143588
0.9 -0.92 0.00140458
0.9 -0.88 0.00127305
0.9 -0.84 0.00129803
0.9 -0.8 0.00122177
0.9 -0.76 0.00120048
0.9 -0.72 0.00112668
0.9 -0.68 0.00108738
0.9 -0.64 0.000985082
0.9 -0.6 0.000939062
0.9 -0.56 0.000912824
0.9 -0.52 0.000832125
0.9 -0.48 0.000760536
0.9 -0.44 0.000696759
0.9 -0.4 0.00063337
0.9 -0.36 0.000552938
0.9 -0.32 0.000513575
0.9 -0.28 0.000438299
0.9 -0.24 0.000378477
0.9 -0.2 0.000327954
0.9 -0.16 0.000266586
0.9 -0.12 0.000207152
0.9 -0.08 0.000161368
0.9 -0.04 0.000130577
0.9 0 0.000109943
0.9 0.04 9.53485e-05
0.9 0.08 8.44117e-05
0.9 0.12 7.58695e-05
0.9 0.16 6.89483e-05
0.9 0.2 6.32164e-05
0.9 0.24 5.83594e-05
0.9 0.28 5.41833e-05
0.9 0.32 5.0543e-05
0.9 0.36 4.73366e-05
0.9 0.4 4.44964e-05
0.9 0.44 4.1947e-05
0.9 0.48 3.96523e-05
0.9 0.52 3.75718e-05
0.9 0.56 3.56784e-05
0.9 0.6 3.39425e-05
0.9 0.64 3.23564e-05
0.9 0.68 3.08853e-05
0.9 0.72 2.95317e-05
0.9 0.76 2.82728e-05
0.9 0.8 2.70988e-05
0.9 0.84 2.60132e-05
0.9 0.88 2.49927e-05
0.9 0.92 2.40377e-05
0.9 0.96 2.3146e-05
0.9 1 0
0.9 1.04 0
0.9 1.08 0
0.9 1.12 0
0.9 1.16 0
0.9 1.2 0
0.9 1.24 0
0.9 1.28 0
0.9 1.32 0
0.9 1.36 0
0.9 1.4 0
0.9 1.44 0
0.9 1.48 0
0.9 1.52 0
0.9 1.56 0
0.9 1.6 0
0.9 1.64 0
0.9 1.68 0
0.9 1.72 0
0.9 1.76 0
0.9 1.8 0
0.9 1.84 0
0.9 1.88 0
0.9 1.92 0
0.9 1.96 0
0.9 2 0
0.9 2.04 0
0.9 2.08 0
0.9 2.12 0
0.9 2.16 0
0.9 2.2 0
0.9 2.24 0
0.9 2.28 0
0.9 2.32 0
0.9 2.36 0
0.9 2.4 0
0.9 2.44 0
0.9 2.48 0
0.9 2.52 0
0.9 2.56 0
0.9 2.6 0
0.9 2.64 0
0.9 2.68 0
0.9 2.72 0
0.9 2.76 0
0.9 2.8 0
0.9 2.84 0
0.9 2.88 0
0.9 2.92 0
0.9 2.96 0
0.9 3 0
0.905 -5 0.000132535
0.905 -4.96 0.000132535
0.905 -4.92 0.000132535
0.905 -4.88 0.000132535
0.905 -4.84 0.000132535
0.905 -4.8 0.000132535
0.905 -4.76 0.000132535
0.905 -4.72 0.000132535
0.905 -4.68 0.000132535
0.905 -4.64 0.000132535
0.905 -4.6 0.000132535
0.905 -4.56 0.000132535
0.905 -4.52 0.000132535
0.905 -4.48 0.000132535
0.905 -4.44 0.000132535
0.905 -4.4 0.000132535
0.905 -4.36 0.000132535
0.905 -4.32 0.000132535
0.905 -4.28 0.000132535
0.905 -4.24 0.000132535
0.905 -4.2 0.000132535
0.905 -4.16 0.000132535
0.905 -4.12 0.000132535
0.905 -4.08 0.000132535
0.905 -4.04 0.000132535
0.905 -4 0.000132535
0.905 -3.96 0.000132535
0.905 -3.92 0.000132535
0.905 -3.88 0.000132535
0.905 -3.84 0.000132535
0.905 -3.8 0.000132535
0.905 -3.76 0.000132535
0.905 -3.72 0.000132535
0.905 -3.68 0.000132535
0.905 -3.64 0.000132535
0.905 -3.6 0.000132535
0.905 -3.56 0.000132535
0.905 -3.52 0.000132535
0.905 -3.48 0.000132535
0.905 -3.44 0.000132535
0.905 -3.4 0.000132535
0.905 -3.36 0.000132535
0.905 -3.32 0.000132535
0.905 -3.28 0.000132535
0.905 -3.24 0.000132535
0.905 -3.2 0.000132535
0.905 -3.16 0.000132535
0.905 -3.12 0.000132535
0.905 -3.08 0.000132535
0.905 -3.04 0.000132535
0.905 -3 0.000132535
0.905 -2.96 0.000127277
0.905 -2.92 0.00013603
0.905 -2.88 0.000129699
0.905 -2.84 0.000151981
0.905 -2.8 0.000156648
0.905 -2.76 0.000162007
0.905 -2.72 0.000159409
0.905 -2.68 0.000185575
0.905 -2.64 0.000204466
0.905 -2.6 0.000228549
0.905 -2.56 0.000231787
0.905 -2.52 0.000265901
0.905 -2.48 0.000280792
0.905 -2.44 0.000302449
0.905 -2.4 0.000352336
0.905 -2.36 0.000436146
0.905 -2.32 0.00050164
0.905 -2.28 0.000574803
0.905 -2.24 0.000699657
0.905 -2.2 0.000877669
0.905 -2.16 0.00116539
0.905 -2.12 0.0016589
0.905 -2.08 0.00245999
0.905 -2.04 0.00377024
0.905 -2 0.0051788
0.905 -1.96 0.00567092
0.905 -1.92 0.00576542
0.905 -1.88 0.00538274
0.905 -1.84 0.00477414
0.905 -1.8 0.00431109
0.905 -1.76 0.00402113
0.905 -1.72 0.00365216
0.905 -1.68 0.00351488
0.905 -1.64 0.00327207
0.905 -1.6 0.00296483
0.905 -1.56 0.00301207
0.905 -1.52 0.00271544
0.905 -1.48 0.00258734
0.905 -1.44 0.00247563
0.905 -1.4 0.00240148
0.905 -1.36 0.00222949
0.905 -1.32 0.00213749
0.905 -1.28 0.00202293
0.905 -1.24 0.00198247
0.905 -1.2 0.00186067
0.905 -1.16 0.00177874
0.905 -1.12 0.00174107
0.905 -1.08 0.00168194
0.905 -1.04 0.00157324
0.905 -1 0.00150954
0.905 -0.96 0.00142333
0.905 -0.92 0.00139542
0.905 -0.88 0.00127456
0.905 -0.84 0.001283
0.905 -0.8 0.00119753
0.905 -0.76 0.00118659
0.905 -0.72 0.00110763
0.905 -0.68 0.00108946
0.905 -0.64 0.000999986
0.905 -0.6 0.000939181
0.905 -0.56 0.000874851
0.905 -0.52 0.000838791
0.905 -0.48 0.000770337
0.905 -0.44 0.000701227
0.905 -0.4 0.000639065
0.905 -0.36 0.000531783
0.905 -0.32 0.000520148
0.905 -0.28 0.000444365
0.905 -0.24 0.000367827
0.905 -0.2 0.000317864
0.905 -0.16 0.000256353
0.905 -0.12 0.000203754
0.905 -0.08 0.00015778
0.905 -0.04 0.000128646
0.905 0 0.000108672
0.905 0.04 9.44525e-05
0.905 0.08 8.37449e-05
0.905 0.12 7.53518e-05
0.905 0.16 6.85329e-05
0.905 0.2 6.28738e-05
0.905 0.24 5.80711e-05
0.905 0.28 5.39367e-05
0.905 0.32 5.03292e-05
0.905 0.36 4.71487e-05
0.905 0.4 4.43302e-05
0.905 0.44 4.17981e-05
0.905 0.48 3.95187e-05
0.905 0.52 3.74504e-05
0.905 0.56 3.55684e-05
0.905 0.6 3.38416e-05
0.905 0.64 3.22633e-05
0.905 0.68 3.0799e-05
0.905 0.72 2.94518e-05
0.905 0.76 2.81988e-05
0.905 0.8 2.703e-05
0.905 0.84 2.59487e-05
0.905 0.88 2.49323e-05
0.905 0.92 2.39811e-05
0.905 0.96 2.30927e-05
0.905 1 0
0.905 1.04 0
0.905 1.08 0
0.905 1.12 0
0.905 1.16 0
0.905 1.2 0
0.905 1.24 0
0.905 1.28 0
0.905 1.32 0
0.905 1.36 0
0.905 1.4 0
0.905 1.44 0
0.905 1.48 0
0.905 1.52 0
0.905 1.56 0
0.905 1.6 0
0.905 1.64 0
0.905 1.68 0
0.905 1.72 0
0.905 1.76 0
0.905 1.8 0
0.905 1.84 0
0.905 1.88 0
0.905 1.92 0
0.905 1.96 0
0.905 2 0
0.905 2.04 0
0.905 2.08 0
0.905 2.12 0
0.905 2.16 0
0.905 2.2 0
0.905 2.24 0
0.905 2.28 0
0.905 2.32 0
0.905 2.36 0
0.905 2.4 0
0.905 2.44 0
0.905 2.48 0
0.905 2.52 0
0.905 2.56 0
0.905 2.6 0
0.905 2.64 0
0.905 2.68 0
0.905 2.72 0
0.905 2.76 0
0.905 2.8 0
0.905 2.84 0
0.905 2.88 0
0.905 2.92 0
0.905 2.96 0
0.905 3 0
0.91 -5 0.00013355
0.91 -4.96 0.00013355
0.91 -4.92 0.00013355
0.91 -4.88 0.00013355
0.91 -4.84 0.00013355
0.91 -4.8 0.00013355
0.91 -4.76 0.00013355
0.91 -4.72 0.00013355
0.91 -4.68 0.00013355
0.91 -4.64 0.00013355
0.91 -4.6 0.00013355
0.91 -4.56 0.00013355
0.91 -4.52 0.00013355
0.91 -4.48 0.00013355
0.91 -4.44 0.00013355
0.91 -4.4 0.00013355
0.91 -4.36 0.00013355
0.91 -4.32 0.00013355
0.91 -4.28 0.00013355
0.91 -4.24 0.00013355
0.91 -4.2 0.00013355
0.91 -4.16 0.00013355
0.91 -4.12 0.00013355
0.91 -4.08 0.00013355
0.91 -4.04 0.00013355
0.91 -4 0.00013355
0.91 -3.96 0.00013355
0.91 -3.92 0.00013355
0.91 -3.88 0.00013355
0.91 -3.84 0.00013355
0.91 -3.8 0.00013355
0.91 -3.76 0.00013355
0.91 -3.72 0.00013355
0.91 -3.68 0.00013355
0.91 -3.64 0.00013355
0.91 -3.6 0.00013355
0.91 -3.56 0.00013355
0.91 -3.52 0.00013355
0.91 -3.48 0.00013355
0.91 -3.44 0.00013355
0.91 -3.4 0.00013355
0.91 -3.36 0.00013355
0.91 -3.32 0.00013355
0.91 -3.28 0.00013355
0.91 -3.24 0.00013355
0.91 -3.2 0.00013355
0.91 -3.16 0.00013355
0.91 -3.12 0.00013355
0.91 -3.08 0.00013355
0.91 -3.04 0.00013355
0.91 -3 0.00013355
0.91 -2.96 0.000125492
0.91 -2.92 0.000134571
0.91 -2.88 0.000128502
0.91 -2.84 0.000152863
0.91 -2.8 0.000156195
0.91 -2.76 0.000163503
0.91 -2.72 0.000162067
0.91 -2.68 0.000185592
0.91 -2.64 0.000201134
0.91 -2.6 0.000223431
0.91 -2.56 0.000235252
0.91 -2.52 0.000266463
0.91 -2.48 0.000276312
0.91 -2.44 0.000301313
0.91 -2.4 0.000347436
0.91 -2.36 0.000438824
0.91 -2.32 0.000497894
0.91 -2.28 0.000574654
0.91 -2.24 0.000696784
0.91 -2.2 0.000879469
0.91 -2.16 0.00116471
0.91 -2.12 0.00166018
0.91 -2.08 0.0024636
0.91 -2.04 0.00376753
0.91 -2 0.00521679
0.91 -1.96 0.00570453
0.91 -1.92 0.00579697
0.91 -1.88 0.00539907
0.91 -1.84 0.00478835
0.91 -1.8 0.00431138
0.91 -1.76 0.0040547
0.91 -1.72 0.00363727
0.91 -1.68 0.00354147
0.91 -1.64 0.00327897
0.91 -1.6 0.00296287
0.91 -1.56 0.00300598
0.91 -1.52 0.00274977
0.91 -1.48 0.00257016
0.91 -1.44 0.00246862
0.91 -1.4 0.00239053
0.91 -1.36 0.00222782
0.91 -1.32 0.00216606
0.91 -1.28 0.00200346
0.91 -1.24 0.00196423
0.91 -1.2 0.00185717
0.91 -1.16 0.00177006
0.91 -1.12 0.00172409
0.91 -1.08 0.00169717
0.91 -1.04 0.00159524
0.91 -1 0.00148343
0.91 -0.96 0.00142326
0.91 -0.92 0.00136828
0.91 -0.88 0.00127617
0.91 -0.84 0.00126753
0.91 -0.8 0.00118412
0.91 -0.76 0.0011637
0.91 -0.72 0.00107821
0.91 -0.68 0.00108059
0.91 -0.64 0.00101118
0.91 -0.6 0.00093708
0.91 -0.56 0.000854265
0.91 -0.52 0.000848453
0.91 -0.48 0.000770286
0.91 -0.44 0.000695318
0.91 -0.4 0.000640285
0.91 -0.36 0.000565092
0.91 -0.32 0.000522005
0.91 -0.28 0.000434741
0.91 -0.24 0.000363053
0.91 -0.2 0.00030827
0.91 -0.16 0.00024717
0.91 -0.12 0.000198343
0.91 -0.08 0.000155017
0.91 -0.04 0.000127013
0.91 0 0.000107477
0.91 0.04 9.36082e-05
0.91 0.08 8.31157e-05
0.91 0.12 7.48628e-05
0.91 0.16 6.81401e-05
0.91 0.2 6.25498e-05
0.91 0.24 5.77983e-05
0.91 0.28 5.37033e-05
0.91 0.32 5.01268e-05
0.91 0.36 4.69707e-05
0.91 0.4 4.41728e-05
0.91 0.44 4.1657e-05
0.91 0.48 3.93921e-05
0.91 0.52 3.73354e-05
0.91 0.56 3.54641e-05
0.91 0.6 3.37459e-05
0.91 0.64 3.21752e-05
0.91 0.68 3.07172e-05
0.91 0.72 2.9376e-05
0.91 0.76 2.81287e-05
0.91 0.8 2.69648e-05
0.91 0.84 2.58876e-05
0.91 0.88 2.4875e-05
0.91 0.92 2.39275e-05
0.91 0.96 2.30422e-05
0.91 1 0
0.91 1.04 0
0.91 1.08 0
0.91 1.12 0
0.91 1.16 0
0.91 1.2 0
0.91 1.24 0
0.91 1.28 0
0.91 1.32 0
0.91 1.36 0
0.91 1.4 0
0.91 1.44 0
0.91 1.48 0
0.91 1.52 0
0.91 1.56 0
0.91 1.6 0
0.91 1.64 0
0.91 1.68 0
0.91 1.72 0
0.91 1.76 0
0.91 1.8 0
0.91 1.84 0
0.91 1.88 0
0.91 1.92 0
0.91 1.96 0
0.91 2 0
0.91 2.04 0
0.91 2.08 0
0.91 2.12 0
0.91 2.16 0
0.91 2.2 0
0.91 2.24 0
0.91 2.28 0
0.91 2.32 0
0.91 2.36 0
0.91 2.4 0
0.91 2.44 0
0.91 2.48 0
0.91 2.52 0
0.91 2.56 0
0.91 2.6 0
0.91 2.64 0
0.91 2.68 0
0.91 2.72 0
0.91 2.76 0
0.91 2.8 0
0.91 2.84 0
0.91 2.88 0
0.91 2.92 0
0.91 2.96 0
0.91 3 0
0.915 -5 0.000132575
0.915 -4.96 0.000132575
0.915 -4.92 0.000132575
0.915 -4.88 0.000132575
0.915 -4.84 0.000132575
0.915 -4.8 0.000132575
0.915 -4.76 0.000132575
0.915 -4.72 0.000132575
0.915 -4.68 0.000132575
0.915 -4.64 0.000132575
0.915 -4.6 0.000132575
0.915 -4.56 0.000132575
0.915 -4.52 0.000132575
0.915 -4.48 0.000132575
0.915 -4.44 0.000132575
0.915 -4.4 0.000132575
0.915 -4.36 0.000132575
0.915 -4.32 0.000132575
0.915 -4.28 0.000132575
0.915 -4.24 0.000132575
0.915 -4.2 0.000132575
0.915 -4.16 0.000132575
0.915 -4.12 0.000132575
0.915 -4.08 0.000132575
0.915 -4.04 0.000132575
0.915 -4 0.000132575
0.915 -3.96 0.000132575
0.915 -3.92 0.000132575
0.915 -3.88 0.000132575
0.915 -3.84 0.000132575
0.915 -3.8 0.000132575
0.915 -3.76 0.000132575
0.915 -3.72 0.000132575
0.915 -3.68 0.000132575
0.915 -3.64 0.000132575
0.915 -3.6 0.000132575
0.915 -3.56 0.000132575
0.915 -3.52 0.000132575
0.915 -3.48 0.000132575
0.915 -3.44 0.000132575
0.915 -3.4 0.000132575
0.915 -3.36 0.000132575
0.915 -3.32 0.000132575
0.915 -3.28 0.000132575
0.915 -3.24 0.000132575
0.915 -3.2 0.000132575
0.915 -3.16 0.000132575
0.915 -3.12 0.000132575
0.915 -3.08 0.000132575
0.915 -3.04 0.000132575
0.915 -3 0.000132575
0.915 -2.96 0.000123009
0.915 -2.92 0.000139807
0.915 -2.88 0.000127269
0.915 -2.84 0.000150986
0.915 -2.8 0.000152458
0.915 -2.76 0.000165313
0.915 -2.72 0.000166658
0.915 -2.68 0.000180982
0.915 -2.64 0.00020007
0.915 -2.6 0.000221497
0.915 -2.56 0.000241299
0.915 -2.52 0.000262588
0.915 -2.48 0.000270042
0.915 -2.44 0.000299395
0.915 -2.4 0.000347589
0.915 -2.36 0.000445723
0.915 -2.32 0.000497702
0.915 -2.28 0.000576138
0.915 -2.24 0.000695501
0.915 -2.2 0.000881783
0.915 -2.16 0.00116779
0.915 -2.12 0.00166183
0.915 -2.08 0.00247556
0.915 -2.04 0.00377961
0.915 -2 0.00524673
0.915 -1.96 0.00573136
0.915 -1.92 0.0058279
0.915 -1.88 0.00542181
0.915 -1.84 0.00480151
0.915 -1.8 0.00431273
0.915 -1.76 0.00406128
0.915 -1.72 0.00363807
0.915 -1.68 0.00354833
0.915 -1.64 0.00327665
0.915 -1.6 0.00297386
0.915 -1.56 0.00298309
0.915 -1.52 0.00277787
0.915 -1.48 0.00255809
0.915 -1.44 0.00247319
0.915 -1.4 0.00237197
0.915 -1.36 0.00222578
0.915 -1.32 0.00219028
0.915 -1.28 0.00199023
0.915 -1.24 0.0019488
0.915 -1.2 0.00188617
0.915 -1.16 0.00175443
0.915 -1.12 0.00171098
0.915 -1.08 0.00168703
0.915 -1.04 0.00160687
0.915 -1 0.00147928
0.915 -0.96 0.00141011
0.915 -0.92 0.00135739
0.915 -0.88 0.00128643
0.915 -0.84 0.0012581
0.915 -0.8 0.0011899
0.915 -0.76 0.00115258
0.915 -0.72 0.00105616
0.915 -0.68 0.00104705
0.915 -0.64 0.000999404
0.915 -0.6 0.000934924
0.915 -0.56 0.000856996
0.915 -0.52 0.000848085
0.915 -0.48 0.000763529
0.915 -0.44 0.000694021
0.915 -0.4 0.000635776
0.915 -0.36 0.000609908
0.915 -0.32 0.000516153
0.915 -0.28 0.000421858
0.915 -0.24 0.000367142
0.915 -0.2 0.000305161
0.915 -0.16 0.000245208
0.915 -0.12 0.000192406
0.915 -0.08 0.000152983
0.915 -0.04 0.000125365
0.915 0 0.000106356
0.915 0.04 9.28147e-05
0.915 0.08 8.25236e-05
0.915 0.12 7.4402e-05
0.915 0.16 6.77698e-05
0.915 0.2 6.2244e-05
0.915 0.24 5.75408e-05
0.915 0.28 5.3483e-05
0.915 0.32 4.99356e-05
0.915 0.36 4.68026e-05
0.915 0.4 4.40241e-05
0.915 0.44 4.15237e-05
0.915 0.48 3.92726e-05
0.915 0.52 3.72267e-05
0.915 0.56 3.53657e-05
0.915 0.6 3.36556e-05
0.915 0.64 3.20918e-05
0.915 0.68 3.06399e-05
0.915 0.72 2.93043e-05
0.915 0.76 2.80624e-05
0.915 0.8 2.69031e-05
0.915 0.84 2.58298e-05
0.915 0.88 2.48209e-05
0.915 0.92 2.38768e-05
0.915 0.96 2.29945e-05
0.915 1 0
0.915 1.04 0
0.915 1.08 0
0.915 1.12 0
0.915 1.16 0
0.915 1.2 0
0.915 1.24 0
0.915 1.28 0
0.915 1.32 0
0.915 1.36 0
0.915 1.4 0
0.915 1.44 0
0.915 1.48 0
0.915 1.52 0
0.915 1.56 0
0.915 1.6 0
0.915 1.64 0
0.915 1.68 0
0.915 1.72 0
0.915 1.76 0
0.915 1.8 0
0.915 1.84 0
0.915 1.88 0
0.915 1.92 0
0.915 1.96 0
0.915 2 0
0.915 2.04 0
0.915 2.08 0
0.915 2.12 0
0.915 2.16 0
0.915 2.2 0
0.915 2.24 0
0.915 2.28 0
0.915 2.32 0
0.915 2.36 0
0.915 2.4 0
0.915 2.44 0
0.915 2.48 0
0.915 2.52 0
0.915 2.56 0
0.915 2.6 0
0.915 2.64 0
0.915 2.68 0
0.915 2.72 0
0.915 2.76 0
0.915 2.8 0
0.915 2.84 0
0.915 2.88 0
0.915 2.92 0
0.915 2.96 0
0.915 3 0
0.92 -5 0.000130831
0.92 -4.96 0.000130831
0.92 -4.92 0.000130831
0.92 -4.88 0.000130831
0.92 -4.84 0.000130831
0.92 -4.8 0.000130831
0.92 -4.76 0.000130831
0.92 -4.72 0.000130831
0.92 -4.68 0.000130831
0.92 -4.64 0.000130831
0.92 -4.6 0.000130831
0.92 -4.56 0.000130831
0.92 -4.52 0.000130831
0.92 -4.48 0.000130831
0.92 -4.44 0.000130831
0.92 -4.4 0.000130831
0.92 -4.36 0.000130831
0.92 -4.32 0.000130831
0.92 -4.28 0.000130831
0.92 -4.24 0.000130831
0.92 -4.2 0.000130831
0.92 -4.16 0.000130831
0.92 -4.12 0.000130831
0.92 -4.08 0.000130831
0.92 -4.04 0.000130831
0.92 -4 0.000130831
0.92 -3.96 0.000130831
0.92 -3.92 0.000130831
0.92 -3.88 0.000130831
0.92 -3.84 0.000130831
0.92 -3.8 0.000130831
0.92 -3.76 0.000130831
0.92 -3.72 0.000130831
0.92 -3.68 0.000130831
0.92 -3.64 0.000130831
0.92 -3.6 0.000130831
0.92 -3.56 0.000130831
0.92 -3.52 0.000130831
0.92 -3.48 0.000130831
0.92 -3.44 0.000130831
0.92 -3.4 0.000130831
0.92 -3.36 0.000130831
0.92 -3.32 0.000130831
0.92 -3.28 0.000130831
0.92 -3.24 0.000130831
0.92 -3.2 0.000130831
0.92 -3.16 0.000130831
0.92 -3.12 0.000130831
0.92 -3.08 0.000130831
0.92 -3.04 0.000130831
0.92 -3 0.000130831
0.92 -2.96 0.000121419
0.92 -2.92 0.000145408
0.92 -2.88 0.000128085
0.92 -2.84 0.000147186
0.92 -2.8 0.000150466
0.92 -2.76 0.000167425
0.92 -2.72 0.000168495
0.92 -2.68 0.000176956
0.92 -2.64 0.000202189
0.92 -2.6 0.000224729
0.92 -2.56 0.000242506
0.92 -2.52 0.00026128
0.92 -2.48 0.000265691
0.92 -2.44 0.000297233
0.92 -2.4 0.00035175
0.92 -2.36 0.000451934
0.92 -2.32 0.000501116
0.92 -2.28 0.000577519
0.92 -2.24 0.000697868
0.92 -2.2 0.000884334
0.92 -2.16 0.0011735
0.92 -2.12 0.00166485
0.92 -2.08 0.00248945
0.92 -2.04 0.00381683
0.92 -2 0.00526254
0.92 -1.96 0.00575485
0.92 -1.92 0.00585489
0.92 -1.88 0.00544489
0.92 -1.84 0.00481113
0.92 -1.8 0.00431214
0.92 -1.76 0.00402692
0.92 -1.72 0.00364614
0.92 -1.68 0.00354711
0.92 -1.64 0.0032732
0.92 -1.6 0.00298075
0.92 -1.56 0.00297142
0.92 -1.52 0.00275643
0.92 -1.48 0.00256114
0.92 -1.44 0.00248516
0.92 -1.4 0.00235352
0.92 -1.36 0.00222451
0.92 -1.32 0.00217087
0.92 -1.28 0.00199321
0.92 -1.24 0.00194363
0.92 -1.2 0.0018939
0.92 -1.16 0.00174078
0.92 -1.12 0.00170613
0.92 -1.08 0.00164078
0.92 -1.04 0.00158923
0.92 -1 0.00148087
0.92 -0.96 0.00139666
0.92 -0.92 0.00136592
0.92 -0.88 0.00130488
0.92 -0.84 0.00126195
0.92 -0.8 0.00119514
0.92 -0.76 0.00115333
0.92 -0.72 0.0010632
0.92 -0.68 0.00101165
0.92 -0.64 0.000974362
0.92 -0.6 0.000926358
0.92 -0.56 0.000870856
0.92 -0.52 0.000830109
0.92 -0.48 0.000769253
0.92 -0.44 0.000709099
0.92 -0.4 0.000632273
0.92 -0.36 0.000611389
0.92 -0.32 0.000504355
0.92 -0.28 0.000424314
0.92 -0.24 0.000372709
0.92 -0.2 0.000304405
0.92 -0.16 0.000247254
0.92 -0.12 0.000188122
0.92 -0.08 0.000150899
0.92 -0.04 0.000123555
0.92 0 0.000105309
0.92 0.04 9.20711e-05
0.92 0.08 8.19679e-05
0.92 0.12 7.39691e-05
0.92 0.16 6.74218e-05
0.92 0.2 6.19565e-05
0.92 0.24 5.72986e-05
0.92 0.28 5.32756e-05
0.92 0.32 4.97557e-05
0.92 0.36 4.66443e-05
0.92 0.4 4.38842e-05
0.92 0.44 4.13982e-05
0.92 0.48 3.916e-05
0.92 0.52 3.71244e-05
0.92 0.56 3.5273e-05
0.92 0.6 3.35705e-05
0.92 0.64 3.20133e-05
0.92 0.68 3.0567e-05
0.92 0.72 2.92368e-05
0.92 0.76 2.79999e-05
0.92 0.8 2.6845e-05
0.92 0.84 2.57753e-05
0.92 0.88 2.47699e-05
0.92 0.92 2.38291e-05
0.92 0.96 2.29495e-05
0.92 1 0
0.92 1.04 0
0.92 1.08 0
0.92 1.12 0
0.92 1.16 0
0.92 1.2 0
0.92 1.24 0
0.92 1.28 0
0.92 1.32 0
0.92 1.36 0
0.92 1.4 0
0.92 1.44 0
0.92 1.48 0
0.92 1.52 0
0.92 1.56 0
0.92 1.6 0
0.92 1.64 0
0.92 1.68 0
0.92 1.72 0
0.92 1.76 0
0.92 1.8 0
0.92 1.84 0
0.92 1.88 0
0.92 1.92 0
0.92 1.96 0
0.92 2 0
0.92 2.04 0
0.92 2.08 0
0.92 2.12 0
0.92 2.16 0
0.92 2.2 0
0.92 2.24 0
0.92 2.28 0
0.92 2.32 0
0.92 2.36 0
0.92 2.4 0
0.92 2.44 0
0.92 2.48 0
0.92 2.52 0
0.92 2.56 0
0.92 2.6 0
0.92 2.64 0
0.92 2.68 0
0.92 2.72 0
0.92 2.76 0
0.92 2.8 0
0.92 2.84 0
0.92 2.88 0
0.92 2.92 0
0.92 2.96 0
0.92 3 0
0.925 -5 0.000129271
0.925 -4.96 0.000129271
0.925 -4.92 0.000129271
0.925 -4.88 0.000129271
0.925 -4.84 0.000129271
0.925 -4.8 0.000129271
0.925 -4.76 0.000129271
0.925 -4.72 0.000129271
0.925 -4.68 0.000129271
0.925 -4.64 0.000129271
0.925 -4.6 0.000129271
0.925 -4.56 0.000129271
0.925 -4.52 0.000129271
0.925 -4.48 0.000129271
0.925 -4.44 0.000129271
0.925 -4.4 0.000129271
0.925 -4.36 0.000129271
0.925 -4.32 0.000129271
0.925 -4.28 0.000129271
0.925 -4.24 0.000129271
0.925 -4.2 0.000129271
0.925 -4.16 0.000129271
0.925 -4.12 0.000129271
0.925 -4.08 0.000129271
0.925 -4.04 0.000129271
0.925 -4 0.000129271
0.925 -3.96 0.000129271
0.925 -3.92 0.000129271
0.925 -3.88 0.000129271
0.925 -3.84 0.000129271
0.925 -3.8 0.000129271
0.925 -3.76 0.000129271
0.925 -3.72 0.000129271
0.925 -3.68 0.000129271
0.925 -3.64 0.000129271
0.925 -3.6 0.000129271
0.925 -3.56 0.000129271
0.925 -3.52 0.000129271
0.925 -3.48 0.000129271
0.925 -3.44 0.000129271
0.925 -3.4 0.000129271
0.925 -3.36 0.000129271
0.925 -3.32 0.000129271
0.925 -3.28 0.000129271
0.925 -3.24 0.000129271
0.925 -3.2 0.000129271
0.925 -3.16 0.000129271
0.925 -3.12 0.000129271
0.925 -3.08 0.000129271
0.925 -3.04 0.000129271
0.925 -3 0.000129271
0.925 -2.96 0.000121304
0.925 -2.92 0.000144349
0.925 -2.88 0.0001299
0.925 -2.84 0.000143257
0.925 -2.8 0.000152914
0.925 -2.76 0.000169434
0.925 -2.72 0.000167028
0.925 -2.68 0.00017716
0.925 -2.64 0.000204729
0.925 -2.6 0.000230528
0.925 -2.56 0.000241165
0.925 -2.52 0.000265657
0.925 -2.48 0.000265836
0.925 -2.44 0.000295226
0.925 -2.4 0.00035072
0.925 -2.36 0.000452864
0.925 -2.32 0.000504127
0.925 -2.28 0.000578402
0.925 -2.24 0.000703771
0.925 -2.2 0.000887383
0.925 -2.16 0.00117522
0.925 -2.12 0.00167147
0.925 -2.08 0.00249215
0.925 -2.04 0.00384243
0.925 -2 0.0052819
0.925 -1.96 0.00577592
0.925 -1.92 0.00587365
0.925 -1.88 0.00546469
0.925 -1.84 0.00482274
0.925 -1.8 0.00430505
0.925 -1.76 0.00400573
0.925 -1.72 0.00364427
0.925 -1.68 0.00354951
0.925 -1.64 0.0032693
0.925 -1.6 0.0029739
0.925 -1.56 0.00297102
0.925 -1.52 0.00273192
0.925 -1.48 0.00256767
0.925 -1.44 0.00248027
0.925 -1.4 0.00233295
0.925 -1.36 0.00222194
0.925 -1.32 0.00213514
0.925 -1.28 0.00199723
0.925 -1.24 0.00194664
0.925 -1.2 0.00185404
0.925 -1.16 0.00174142
0.925 -1.12 0.00170653
0.925 -1.08 0.0016032
0.925 -1.04 0.00157872
0.925 -1 0.0014644
0.925 -0.96 0.00141923
0.925 -0.92 0.00136484
0.925 -0.88 0.00131739
0.925 -0.84 0.00127755
0.925 -0.8 0.0011815
0.925 -0.76 0.00115103
0.925 -0.72 0.00109929
0.925 -0.68 0.00100833
0.925 -0.64 0.000962325
0.925 -0.6 0.000910128
0.925 -0.56 0.000888223
0.925 -0.52 0.000810525
0.925 -0.48 0.000789898
0.925 -0.44 0.000728605
0.925 -0.4 0.00063357
0.925 -0.36 0.00057408
0.925 -0.32 0.000491811
0.925 -0.28 0.00043876
0.925 -0.24 0.000369671
0.925 -0.2 0.000299585
0.925 -0.16 0.000244652
0.925 -0.12 0.000186031
0.925 -0.08 0.000148279
0.925 -0.04 0.000121856
0.925 0 0.000104334
0.925 0.04 9.13767e-05
0.925 0.08 8.14483e-05
0.925 0.12 7.35639e-05
0.925 0.16 6.70958e-05
0.925 0.2 6.16871e-05
0.925 0.24 5.70715e-05
0.925 0.28 5.30812e-05
0.925 0.32 4.9587e-05
0.925 0.36 4.64959e-05
0.925 0.4 4.37529e-05
0.925 0.44 4.12804e-05
0.925 0.48 3.90544e-05
0.925 0.52 3.70284e-05
0.925 0.56 3.5186e-05
0.925 0.6 3.34907e-05
0.925 0.64 3.19396e-05
0.925 0.68 3.04986e-05
0.925 0.72 2.91734e-05
0.925 0.76 2.79413e-05
0.925 0.8 2.67905e-05
0.925 0.84 2.57242e-05
0.925 0.88 2.4722e-05
0.925 0.92 2.37843e-05
0.925 0.96 2.29073e-05
0.925 1 0
0.925 1.04 0
0.925 1.08 0
0.925 1.12 0
0.925 1.16 0
0.925 1.2 0
0.925 1.24 0
0.925 1.28 0
0.925 1.32 0
0.925 1.36 0
0.925 1.4 0
0.925 1.44 0
0.925 1.48 0
0.925 1.52 0
0.925 1.56 0
0.925 1.6 0
0.925 1.64 0
0.925 1.68 0
0.925 1.72 0
0.925 1.76 0
0.925 1.8 0
0.925 1.84 0
0.925 1.88 0
0.925 1.92 0
0.925 1.96 0
0.925 2 0
0.925 2.04 0
0.925 2.08 0
0.925 2.12 0
0.925 2.16 0
0.925 2.2 0
0.925 2.24 0
0.925 2.28 0
0.925 2.32 0
0.925 2.36 0
0.925 2.4 0
0.925 2.44 0
0.925 2.48 0
0.925 2.52 0
0.925 2.56 0
0.925 2.6 0
0.925 2.64 0
0.925 2.68 0
0.925 2.72 0
0.925 2.76 0
0.925 2.8 0
0.925 2.84 0
0.925 2.88 0
0.925 2.92 0
0.925 2.96 0
0.925 3 0
0.93 -5 0.000127539
0.93 -4.96 0.000127539
0.93 -4.92 0.000127539
0.93 -4.88 0.000127539
0.93 -4.84 0.000127539
0.93 -4.8 0.000127539
0.93 -4.76 0.000127539
0.93 -4.72 0.000127539
0.93 -4.68 0.000127539
0.93 -4.64 0.000127539
0.93 -4.6 0.000127539
0.93 -4.56 0.000127539
0.93 -4.52 0.000127539
0.93 -4.48 0.000127539
0.93 -4.44 0.000127539
0.93 -4.4 0.000127539
0.93 -4.36 0.000127539
0.93 -4.32 0.000127539
0.93 -4.28 0.000127539
0.93 -4.24 0.000127539
0.93 -4.2 0.000127539
0.93 -4.16 0.000127539
0.93 -4.12 0.000127539
0.93 -4.08 0.000127539
0.93 -4.04 0.000127539
0.93 -4 0.000127539
0.93 -3.96 0.000127539
0.93 -3.92 0.000127539
0.93 -3.88 0.000127539
0.93 -3.84 0.000127539
0.93 -3.8 0.000127539
0.93 -3.76 0.000127539
0.93 -3.72 0.000127539
0.93 -3.68 0.000127539
0.93 -3.64 0.000127539
0.93 -3.6 0.000127539
0.93 -3.56 0.000127539
0.93 -3.52 0.000127539
0.93 -3.48 0.000127539
0.93 -3.44 0.000127539
0.93 -3.4 0.000127539
0.93 -3.36 0.000127539
0.93 -3.32 0.000127539
0.93 -3.28 0.000127539
0.93 -3.24 0.000127539
0.93 -3.2 0.000127539
0.93 -3.16 0.000127539
0.93 -3.12 0.000127539
0.93 -3.08 0.000127539
0.93 -3.04 0.000127539
0.93 -3 0.000127539
0.93 -2.96 0.0001221
0.93 -2.92 0.000137589
0.93 -2.88 0.000130257
0.93 -2.84 0.000140877
0.93 -2.8 0.000156788
0.93 -2.76 0.000169994
0.93 -2.72 0.000164249
0.93 -2.68 0.000179795
0.93 -2.64 0.000205444
0.93 -2.6 0.000233814
0.93 -2.56 0.000243396
0.93 -2.52 0.000268862
0.93 -2.48 0.000269371
0.93 -2.44 0.000294431
0.93 -2.4 0.000345154
0.93 -2.36 0.000449086
0.93 -2.32 0.000504982
0.93 -2.28 0.000580273
0.93 -2.24 0.000711245
0.93 -2.2 0.00088934
0.93 -2.16 0.0011699
0.93 -2.12 0.00168003
0.93 -2.08 0.00248223
0.93 -2.04 0.00383561
0.93 -2 0.00531267
0.93 -1.96 0.00579355
0.93 -1.92 0.00588959
0.93 -1.88 0.00548287
0.93 -1.84 0.00483822
0.93 -1.8 0.00429782
0.93 -1.76 0.00402515
0.93 -1.72 0.00362888
0.93 -1.68 0.00354358
0.93 -1.64 0.00325904
0.93 -1.6 0.00296307
0.93 -1.56 0.00296361
0.93 -1.52 0.0027598
0.93 -1.48 0.00256034
0.93 -1.44 0.0024546
0.93 -1.4 0.00231388
0.93 -1.36 0.00221313
0.93 -1.32 0.00212804
0.93 -1.28 0.00199148
0.93 -1.24 0.00194865
0.93 -1.2 0.00181529
0.93 -1.16 0.00174906
0.93 -1.12 0.00170373
0.93 -1.08 0.00160168
0.93 -1.04 0.00159877
0.93 -1 0.00143546
0.93 -0.96 0.00146627
0.93 -0.92 0.00134713
0.93 -0.88 0.00131307
0.93 -0.84 0.00129411
0.93 -0.8 0.00115871
0.93 -0.76 0.00114055
0.93 -0.72 0.00113428
0.93 -0.68 0.00103243
0.93 -0.64 0.000968728
0.93 -0.6 0.00090109
0.93 -0.56 0.000901312
0.93 -0.52 0.000808226
0.93 -0.48 0.000799254
0.93 -0.44 0.000729424
0.93 -0.4 0.000635497
0.93 -0.36 0.000550823
0.93 -0.32 0.000484744
0.93 -0.28 0.000445702
0.93 -0.24 0.000358253
0.93 -0.2 0.000292351
0.93 -0.16 0.000234887
0.93 -0.12 0.00018466
0.93 -0.08 0.000145522
0.93 -0.04 0.000120587
0.93 0 0.000103428
0.93 0.04 9.07306e-05
0.93 0.08 8.09644e-05
0.93 0.12 7.31862e-05
0.93 0.16 6.67917e-05
0.93 0.2 6.14356e-05
0.93 0.24 5.68594e-05
0.93 0.28 5.28996e-05
0.93 0.32 4.94294e-05
0.93 0.36 4.63572e-05
0.93 0.4 4.36302e-05
0.93 0.44 4.11704e-05
0.93 0.48 3.89558e-05
0.93 0.52 3.69387e-05
0.93 0.56 3.51047e-05
0.93 0.6 3.34161e-05
0.93 0.64 3.18707e-05
0.93 0.68 3.04347e-05
0.93 0.72 2.91142e-05
0.93 0.76 2.78865e-05
0.93 0.8 2.67395e-05
0.93 0.84 2.56764e-05
0.93 0.88 2.46773e-05
0.93 0.92 2.37424e-05
0.93 0.96 2.28678e-05
0.93 1 0
0.93 1.04 0
0.93 1.08 0
0.93 1.12 0
0.93 1.16 0
0.93 1.2 0
0.93 1.24 0
0.93 1.28 0
0.93 1.32 0
0.93 1.36 0
0.93 1.4 0
0.93 1.44 0
0.93 1.48 0
0.93 1.52 0
0.93 1.56 0
0.93 1.6 0
0.93 1.64 0
0.93 1.68 0
0.93 1.72 0
0.93 1.76 0
0.93 1.8 0
0.93 1.84 0
0.93 1.88 0
0.93 1.92 0
0.93 1.96 0
0.93 2 0
0.93 2.04 0
0.93 2.08 0
0.93 2.12 0
0.93 2.16 0
0.93 2.2 0
0.93 2.24 0
0.93 2.28 0
0.93 2.32 0
0.93 2.36 0
0.93 2.4 0
0.93 2.44 0
0.93 2.48 0
0.93 2.52 0
0.93 2.56 0
0.93 2.6 0
0.93 2.64 0
0.93 2.68 0
0.93 2.72 0
0.93 2.76 0
0.93 2.8 0
0.93 2.84 0
0.93 2.88 0
0.93 2.92 0
0.93 2.96 0
0.93 3 0
0.935 -5 0.000125071
0.935 -4.96 0.000125071
0.935 -4.92 0.000125071
0.935 -4.88 0.000125071
0.935 -4.84 0.000125071
0.935 -4.8 0.000125071
0.935 -4.76 0.000125071
0.935 -4.72 0.000125071
0.935 -4.68 0.000125071
0.935 -4.64 0.000125071
0.935 -4.6 0.000125071
0.935 -4.56 0.000125071
0.935 -4.52 0.000125071
0.935 -4.48 0.000125071
0.935 -4.44 0.000125071
0.935 -4.4 0.000125071
0.935 -4.36 0.000125071
0.935 -4.32 0.000125071
0.935 -4.28 0.000125071
0.935 -4.24 0.000125071
0.935 -4.2 0.000125071
0.935 -4.16 0.000125071
0.935 -4.12 0.000125071
0.935 -4.08 0.000125071
0.935 -4.04 0.000125071
0.935 -4 0.000125071
0.935 -3.96 0.000125071
0.935 -3.92 0.000125071
0.935 -3.88 0.000125071
0.935 -3.84 0.000125071
0.935 -3.8 0.000125071
0.935 -3.76 0.000125071
0.935 -3.72 0.000125071
0.935 -3.68 0.000125071
0.935 -3.64 0.000125071
0.935 -3.6 0.000125071
0.935 -3.56 0.000125071
0.935 -3.52 0.000125071
0.935 -3.48 0.000125071
0.935 -3.44 0.000125071
0.935 -3.4 0.000125071
0.935 -3.36 0.000125071
0.935 -3.32 0.000125071
0.935 -3.28 0.000125071
0.935 -3.24 0.000125071
0.935 -3.2 0.000125071
0.935 -3.16 0.000125071
0.935 -3.12 0.000125071
0.935 -3.08 0.000125071
0.935 -3.04 0.000125071
0.935 -3 0.000125071
0.935 -2.96 0.000123257
0.935 -2.92 0.000131796
0.935 -2.88 0.000129431
0.935 -2.84 0.000141597
0.935 -2.8 0.000158918
0.935 -2.76 0.000167868
0.935 -2.72 0.000163184
0.935 -2.68 0.000183181
0.935 -2.64 0.000205425
0.935 -2.6 0.00022962
0.935 -2.56 0.000247847
0.935 -2.52 0.00026432
0.935 -2.48 0.000272778
0.935 -2.44 0.000295445
0.935 -2.4 0.000344774
0.935 -2.36 0.000444795
0.935 -2.32 0.000506344
0.935 -2.28 0.000583084
0.935 -2.24 0.000718339
0.935 -2.2 0.000887753
0.935 -2.16 0.00116254
0.935 -2.12 0.00168472
0.935 -2.08 0.0024718
0.935 -2.04 0.00382729
0.935 -2 0.00534054
0.935 -1.96 0.00580748
0.935 -1.92 0.00591506
0.935 -1.88 0.00550026
0.935 -1.84 0.00485004
0.935 -1.8 0.00430316
0.935 -1.76 0.00403702
0.935 -1.72 0.0036122
0.935 -1.68 0.00352034
0.935 -1.64 0.0032454
0.935 -1.6 0.00296059
0.935 -1.56 0.00294348
0.935 -1.52 0.00280604
0.935 -1.48 0.002544
0.935 -1.44 0.00243696
0.935 -1.4 0.00231238
0.935 -1.36 0.00219546
0.935 -1.32 0.0021427
0.935 -1.28 0.00198831
0.935 -1.24 0.00194253
0.935 -1.2 0.00182765
0.935 -1.16 0.00174278
0.935 -1.12 0.00169212
0.935 -1.08 0.0016062
0.935 -1.04 0.00161701
0.935 -1 0.00142154
0.935 -0.96 0.00147749
0.935 -0.92 0.00134206
0.935 -0.88 0.00130034
0.935 -0.84 0.00130191
0.935 -0.8 0.00114891
0.935 -0.76 0.00113065
0.935 -0.72 0.00113748
0.935 -0.68 0.001046
0.935 -0.64 0.000973489
0.935 -0.6 0.000912372
0.935 -0.56 0.000895594
0.935 -0.52 0.000816329
0.935 -0.48 0.000777479
0.935 -0.44 0.00070727
0.935 -0.4 0.000634583
0.935 -0.36 0.000566127
0.935 -0.32 0.000488474
0.935 -0.28 0.000437957
0.935 -0.24 0.000349544
0.935 -0.2 0.000289546
0.935 -0.16 0.000225335
0.935 -0.12 0.00018218
0.935 -0.08 0.000143392
0.935 -0.04 0.000119649
0.935 0 0.000102592
0.935 0.04 9.01322e-05
0.935 0.08 8.05156e-05
0.935 0.12 7.28355e-05
0.935 0.16 6.65093e-05
0.935 0.2 6.12019e-05
0.935 0.24 5.66624e-05
0.935 0.28 5.27308e-05
0.935 0.32 4.92828e-05
0.935 0.36 4.62283e-05
0.935 0.4 4.35162e-05
0.935 0.44 4.10681e-05
0.935 0.48 3.8864e-05
0.935 0.52 3.68552e-05
0.935 0.56 3.50291e-05
0.935 0.6 3.33468e-05
0.935 0.64 3.18066e-05
0.935 0.68 3.03752e-05
0.935 0.72 2.9059e-05
0.935 0.76 2.78356e-05
0.935 0.8 2.66921e-05
0.935 0.84 2.56319e-05
0.935 0.88 2.46356e-05
0.935 0.92 2.37034e-05
0.935 0.96 2.28311e-05
0.935 1 0
0.935 1.04 0
0.935 1.08 0
0.935 1.12 0
0.935 1.16 0
0.935 1.2 0
0.935 1.24 0
0.935 1.28 0
0.935 1.32 0
0.935 1.36 0
0.935 1.4 0
0.935 1.44 0
0.935 1.48 0
0.935 1.52 0
0.935 1.56 0
0.935 1.6 0
0.935 1.64 0
0.935 1.68 0
0.935 1.72 0
0.935 1.76 0
0.935 1.8 0
0.935 1.84 0
0.935 1.88 0
0.935 1.92 0
0.935 1.96 0
0.935 2 0
0.935 2.04 0
0.935 2.08 0
0.935 2.12 0
0.935 2.16 0
0.935 2.2 0
0.935 2.24 0
0.935 2.28 0
0.935 2.32 0
0.935 2.36 0
0.935 2.4 0
0.935 2.44 0
0.935 2.48 0
0.935 2.52 0
0.935 2.56 0
0.935 2.6 0
0.935 2.64 0
0.935 2.68 0
0.935 2.72 0
0.935 2.76 0
0.935 2.8 0
0.935 2.84 0
0.935 2.88 0
0.935 2.92 0
0.935 2.96 0
0.935 3 0
0.94 -5 0.000122395
0.94 -4.96 0.000122395
0.94 -4.92 0.000122395
0.94 -4.88 0.000122395
0.94 -4.84 0.000122395
0.94 -4.8 0.000122395
0.94 -4.76 0.000122395
0.94 -4.72 0.000122395
0.94 -4.68 0.000122395
0.94 -4.64 0.000122395
0.94 -4.6 0.000122395
0.94 -4.56 0.000122395
0.94 -4.52 0.000122395
0.94 -4.48 0.000122395
0.94 -4.44 0.000122395
0.94 -4.4 0.000122395
0.94 -4.36 0.000122395
0.94 -4.32 0.000122395
0.94 -4.28 0.000122395
0.94 -4.24 0.000122395
0.94 -4.2 0.000122395
0.94 -4.16 0.000122395
0.94 -4.12 0.000122395
0.94 -4.08 0.000122395
0.94 -4.04 0.000122395
0.94 -4 0.000122395
0.94 -3.96 0.000122395
0.94 -3.92 0.000122395
0.94 -3.88 0.000122395
0.94 -3.84 0.000122395
0.94 -3.8 0.000122395
0.94 -3.76 0.000122395
0.94 -3.72 0.000122395
0.94 -3.68 0.000122395
0.94 -3.64 0.000122395
0.94 -3.6 0.000122395
0.94 -3.56 0.000122395
0.94 -3.52 0.000122395
0.94 -3.48 0.000122395
0.94 -3.44 0.000122395
0.94 -3.4 0.000122395
0.94 -3.36 0.000122395
0.94 -3.32 0.000122395
0.94 -3.28 0.000122395
0.94 -3.24 0.000122395
0.94 -3.2 0.000122395
0.94 -3.16 0.000122395
0.94 -3.12 0.000122395
0.94 -3.08 0.000122395
0.94 -3.04 0.000122395
0.94 -3 0.000122395
0.94 -2.96 0.000124797
0.94 -2.92 0.000131198
0.94 -2.88 0.000129791
0.94 -2.84 0.00014548
0.94 -2.8 0.000160397
0.94 -2.76 0.000163518
0.94 -2.72 0.000166247
0.94 -2.68 0.00018803
0.94 -2.64 0.000206008
0.94 -2.6 0.000219495
0.94 -2.56 0.000248362
0.94 -2.52 0.000256631
0.94 -2.48 0.000273149
0.94 -2.44 0.000297345
0.94 -2.4 0.000350609
0.94 -2.36 0.00044231
0.94 -2.32 0.00050964
0.94 -2.28 0.000584221
0.94 -2.24 0.000724143
0.94 -2.2 0.000883443
0.94 -2.16 0.00115957
0.94 -2.12 0.00168194
0.94 -2.08 0.00246853
0.94 -2.04 0.00384608
0.94 -2 0.00535546
0.94 -1.96 0.00581832
0.94 -1.92 0.00594761
0.94 -1.88 0.00551258
0.94 -1.84 0.00485281
0.94 -1.8 0.00432154
0.94 -1.76 0.00400363
0.94 -1.72 0.00360518
0.94 -1.68 0.00349946
0.94 -1.64 0.00323977
0.94 -1.6 0.00296407
0.94 -1.56 0.00292363
0.94 -1.52 0.00280332
0.94 -1.48 0.00253862
0.94 -1.44 0.00244691
0.94 -1.4 0.00233237
0.94 -1.36 0.00217475
0.94 -1.32 0.00214102
0.94 -1.28 0.00199835
0.94 -1.24 0.00193079
0.94 -1.2 0.00185975
0.94 -1.16 0.00171989
0.94 -1.12 0.00167139
0.94 -1.08 0.00159159
0.94 -1.04 0.00160153
0.94 -1 0.00143308
0.94 -0.96 0.00143477
0.94 -0.92 0.00136606
0.94 -0.88 0.00129912
0.94 -0.84 0.00129937
0.94 -0.8 0.00115672
0.94 -0.76 0.00112709
0.94 -0.72 0.00111205
0.94 -0.68 0.00103143
0.94 -0.64 0.000966384
0.94 -0.6 0.000931855
0.94 -0.56 0.00087081
0.94 -0.52 0.000814762
0.94 -0.48 0.000744012
0.94 -0.44 0.00068384
0.94 -0.4 0.000636236
0.94 -0.36 0.000584782
0.94 -0.32 0.000503194
0.94 -0.28 0.00042816
0.94 -0.24 0.000351443
0.94 -0.2 0.000291836
0.94 -0.16 0.000223573
0.94 -0.12 0.000178187
0.94 -0.08 0.000142069
0.94 -0.04 0.000118653
0.94 0 0.000101823
0.94 0.04 8.95808e-05
0.94 0.08 8.01016e-05
0.94 0.12 7.25118e-05
0.94 0.16 6.62484e-05
0.94 0.2 6.0986e-05
0.94 0.24 5.64802e-05
0.94 0.28 5.25747e-05
0.94 0.32 4.91474e-05
0.94 0.36 4.6109e-05
0.94 0.4 4.34107e-05
0.94 0.44 4.09734e-05
0.94 0.48 3.87792e-05
0.94 0.52 3.6778e-05
0.94 0.56 3.49592e-05
0.94 0.6 3.32826e-05
0.94 0.64 3.17474e-05
0.94 0.68 3.03201e-05
0.94 0.72 2.9008e-05
0.94 0.76 2.77884e-05
0.94 0.8 2.66482e-05
0.94 0.84 2.55907e-05
0.94 0.88 2.4597e-05
0.94 0.92 2.36673e-05
0.94 0.96 2.27971e-05
0.94 1 0
0.94 1.04 0
0.94 1.08 0
0.94 1.12 0
0.94 1.16 0
0.94 1.2 0
0.94 1.24 0
0.94 1.28 0
0.94 1.32 0
0.94 1.36 0
0.94 1.4 0
0.94 1.44 0
0.94 1.48 0
0.94 1.52 0
0.94 1.56 0
0.94 1.6 0
0.94 1.64 0
0.94 1.68 0
0.94 1.72 0
0.94 1.76 0
0.94 1.8 0
0.94 1.84 0
0.94 1.88 0
0.94 1.92 0
0.94 1.96 0
0.94 2 0
0.94 2.04 0
0.94 2.08 0
0.94 2.12 0
0.94 2.16 0
0.94 2.2 0
0.94 2.24 0
0.94 2.28 0
0.94 2.32 0
0.94 2.36 0
0.94 2.4 0
0.94 2.44 0
0.94 2.48 0
0.94 2.52 0
0.94 2.56 0
0.94 2.6 0
0.94 2.64 0
0.94 2.68 0
0.94 2.72 0
0.94 2.76 0
0.94 2.8 0
0.94 2.84 0
0.94 2.88 0
0.94 2.92 0
0.94 2.96 0
0.94 3 0
0.945 -5 0.000120715
0.945 -4.96 0.000120715
0.945 -4.92 0.000120715
0.945 -4.88 0.000120715
0.945 -4.84 0.000120715
0.945 -4.8 0.000120715
0.945 -4.76 0.000120715
0.945 -4.72 0.000120715
0.945 -4.68 0.000120715
0.945 -4.64 0.000120715
0.945 -4.6 0.000120715
0.945 -4.56 0.000120715
0.945 -4.52 0.000120715
0.945 -4.48 0.000120715
0.945 -4.44 0.000120715
0.945 -4.4 0.000120715
0.945 -4.36 0.000120715
0.945 -4.32 0.000120715
0.945 -4.28 0.000120715
0.945 -4.24 0.000120715
0.945 -4.2 0.000120715
0.945 -4.16 0.000120715
0.945 -4.12 0.000120715
0.945 -4.08 0.000120715
0.945 -4.04 0.000120715
0.945 -4 0.000120715
0.945 -3.96 0.000120715
0.945 -3.92 0.000120715
0.945 -3.88 0.000120715
0.945 -3.84 0.000120715
0.945 -3.8 0.000120715
0.945 -3.76 0.000120715
0.945 -3.72 0.000120715
0.945 -3.68 0.000120715
0.945 -3.64 0.000120715
0.945 -3.6 0.000120715
0.945 -3.56 0.000120715
0.945 -3.52 0.000120715
0.945 -3.48 0.000120715
0.945 -3.44 0.000120715
0.945 -3.4 0.000120715
0.945 -3.36 0.000120715
0.945 -3.32 0.000120715
0.945 -3.28 0.000120715
0.945 -3.24 0.000120715
0.945 -3.2 0.000120715
0.945 -3.16 0.000120715
0.945 -3.12 0.000120715
0.945 -3.08 0.000120715
0.945 -3.04 0.000120715
0.945 -3 0.000120715
0.945 -2.96 0.000126725
0.945 -2.92 0.000134584
0.945 -2.88 0.000131647
0.945 -2.84 0.00014959
0.945 -2.8 0.000163122
0.945 -2.76 0.000159097
0.945 -2.72 0.000171794
0.945 -2.68 0.000192194
0.945 -2.64 0.000205758
0.945 -2.6 0.000213365
0.945 -2.56 0.000244278
0.945 -2.52 0.000254945
0.945 -2.48 0.000270281
0.945 -2.44 0.000298914
0.945 -2.4 0.000353125
0.945 -2.36 0.000440209
0.945 -2.32 0.000511717
0.945 -2.28 0.000582491
0.945 -2.24 0.000728347
0.945 -2.2 0.000880954
0.945 -2.16 0.0011607
0.945 -2.12 0.00167412
0.945 -2.08 0.00246714
0.945 -2.04 0.00386983
0.945 -2 0.00536645
0.945 -1.96 0.00582803
0.945 -1.92 0.00596589
0.945 -1.88 0.00551635
0.945 -1.84 0.00485341
0.945 -1.8 0.00433855
0.945 -1.76 0.00396814
0.945 -1.72 0.00360649
0.945 -1.68 0.00350322
0.945 -1.64 0.00324501
0.945 -1.6 0.00296261
0.945 -1.56 0.00291743
0.945 -1.52 0.0027632
0.945 -1.48 0.00254808
0.945 -1.44 0.00246341
0.945 -1.4 0.00235142
0.945 -1.36 0.00216262
0.945 -1.32 0.00211877
0.945 -1.28 0.00200841
0.945 -1.24 0.0019229
0.945 -1.2 0.00184433
0.945 -1.16 0.00170413
0.945 -1.12 0.00164538
0.945 -1.08 0.00158609
0.945 -1.04 0.0015754
0.945 -1 0.00145207
0.945 -0.96 0.00139783
0.945 -0.92 0.00139398
0.945 -0.88 0.00131524
0.945 -0.84 0.00129035
0.945 -0.8 0.0011698
0.945 -0.76 0.00112575
0.945 -0.72 0.00108639
0.945 -0.68 0.00101195
0.945 -0.64 0.000963394
0.945 -0.6 0.000933221
0.945 -0.56 0.000853959
0.945 -0.52 0.000804192
0.945 -0.48 0.000734415
0.945 -0.44 0.000680551
0.945 -0.4 0.000647755
0.945 -0.36 0.000569631
0.945 -0.32 0.000519055
0.945 -0.28 0.00042645
0.945 -0.24 0.00035835
0.945 -0.2 0.000291363
0.945 -0.16 0.00022699
0.945 -0.12 0.000173886
0.945 -0.08 0.000140934
0.945 -0.04 0.000117482
0.945 0 0.000101121
0.945 0.04 8.90757e-05
0.945 0.08 7.97221e-05
0.945 0.12 7.22148e-05
0.945 0.16 6.6009e-05
0.945 0.2 6.07877e-05
0.945 0.24 5.63128e-05
0.945 0.28 5.24314e-05
0.945 0.32 4.90229e-05
0.945 0.36 4.59995e-05
0.945 0.4 4.33138e-05
0.945 0.44 4.08864e-05
0.945 0.48 3.87012e-05
0.945 0.52 3.67071e-05
0.945 0.56 3.4895e-05
0.945 0.6 3.32236e-05
0.945 0.64 3.16928e-05
0.945 0.68 3.02695e-05
0.945 0.72 2.8961e-05
0.945 0.76 2.7745e-05
0.945 0.8 2.66079e-05
0.945 0.84 2.55529e-05
0.945 0.88 2.45616e-05
0.945 0.92 2.36341e-05
0.945 0.96 2.27658e-05
0.945 1 0
0.945 1.04 0
0.945 1.08 0
0.945 1.12 0
0.945 1.16 0
0.945 1.2 0
0.945 1.24 0
0.945 1.28 0
0.945 1.32 0
0.945 1.36 0
0.945 1.4 0
0.945 1.44 0
0.945 1.48 0
0.945 1.52 0
0.945 1.56 0
0.945 1.6 0
0.945 1.64 0
0.945 1.68 0
0.945 1.72 0
0.945 1.76 0
0.945 1.8 0
0.945 1.84 0
0.945 1.88 0
0.945 1.92 0
0.945 1.96 0
0.945 2 0
0.945 2.04 0
0.945 2.08 0
0.945 2.12 0
0.945 2.16 0
0.945 2.2 0
0.945 2.24 0
0.945 2.28 0
0.945 2.32 0
0.945 2.36 0
0.945 2.4 0
0.945 2.44 0
0.945 2.48 0
0.945 2.52 0
0.945 2.56 0
0.945 2.6 0
0.945 2.64 0
0.945 2.68 0
0.945 2.72 0
0.945 2.76 0
0.945 2.8 0
0.945 2.84 0
0.945 2.88 0
0.945 2.92 0
0.945 2.96 0
0.945 3 0
0.95 -5 0.000120483
0.95 -4.96 0.000120483
0.95 -4.92 0.000120483
0.95 -4.88 0.000120483
0.95 -4.84 0.000120483
0.95 -4.8 0.000120483
0.95 -4.76 0.000120483
0.95 -4.72 0.000120483
0.95 -4.68 0.000120483
0.95 -4.64 0.000120483
0.95 -4.6 0.000120483
0.95 -4.56 0.000120483
0.95 -4.52 0.000120483
0.95 -4.48 0.000120483
0.95 -4.44 0.000120483
0.95 -4.4 0.000120483
0.95 -4.36 0.000120483
0.95 -4.32 0.000120483
0.95 -4.28 0.000120483
0.95 -4.24 0.000120483
0.95 -4.2 0.000120483
0.95 -4.16 0.000120483
0.95 -4.12 0.000120483
0.95 -4.08 0.000120483
0.95 -4.04 0.000120483
0.95 -4 0.000120483
0.95 -3.96 0.000120483
0.95 -3.92 0.000120483
0.95 -3.88 0.000120483
0.95 -3.84 0.000120483
0.95 -3.8 0.000120483
0.95 -3.76 0.000120483
0.95 -3.72 0.000120483
0.95 -3.68 0.000120483
0.95 -3.64 0.000120483
0.95 -3.6 0.000120483
0.95 -3.56 0.000120483
0.95 -3.52 0.000120483
0.95 -3.48 0.000120483
0.95 -3.44 0.000120483
0.95 -3.4 0.000120483
0.95 -3.36 0.000120483
0.95 -3.32 0.000120483
0.95 -3.28 0.000120483
0.95 -3.24 0.000120483
0.95 -3.2 0.000120483
0.95 -3.16 0.000120483
0.95 -3.12 0.000120483
0.95 -3.08 0.000120483
0.95 -3.04 0.000120483
0.95 -3 0.000120483
0.95 -2.96 0.000128419
0.95 -2.92 0.000138129
0.95 -2.88 0.000132814
0.95 -2.84 0.000150421
0.95 -2.8 0.000165987
0.95 -2.76 0.000156626
0.95 -2.72 0.000174235
0.95 -2.68 0.000191265
0.95 -2.64 0.000203236
0.95 -2.6 0.000217857
0.95 -2.56 0.000240047
0.95 -2.52 0.000258732
0.95 -2.48 0.000267197
0.95 -2.44 0.000300339
0.95 -2.4 0.000349391
0.95 -2.36 0.000437098
0.95 -2.32 0.000510355
0.95 -2.28 0.000580689
0.95 -2.24 0.000730555
0.95 -2.2 0.000883394
0.95 -2.16 0.00116044
0.95 -2.12 0.00166692
0.95 -2.08 0.00246264
0.95 -2.04 0.00386754
0.95 -2 0.0053811
0.95 -1.96 0.00584091
0.95 -1.92 0.00596166
0.95 -1.88 0.00551683
0.95 -1.84 0.0048611
0.95 -1.8 0.00434406
0.95 -1.76 0.00398184
0.95 -1.72 0.00360977
0.95 -1.68 0.00352068
0.95 -1.64 0.00325193
0.95 -1.6 0.00295277
0.95 -1.56 0.00292356
0.95 -1.52 0.00275125
0.95 -1.48 0.00255557
0.95 -1.44 0.00245672
0.95 -1.4 0.00234951
0.95 -1.36 0.00216491
0.95 -1.32 0.0021047
0.95 -1.28 0.00200301
0.95 -1.24 0.00192414
0.95 -1.2 0.00178644
0.95 -1.16 0.00171328
0.95 -1.12 0.00162382
0.95 -1.08 0.00161679
0.95 -1.04 0.00157421
0.95 -1 0.00146102
0.95 -0.96 0.00141314
0.95 -0.92 0.00139658
0.95 -0.88 0.00132882
0.95 -0.84 0.00127891
0.95 -0.8 0.0011805
0.95 -0.76 0.00112381
0.95 -0.72 0.00107496
0.95 -0.68 0.00101238
0.95 -0.64 0.000976275
0.95 -0.6 0.000911324
0.95 -0.56 0.000867151
0.95 -0.52 0.000803903
0.95 -0.48 0.000751164
0.95 -0.44 0.000693144
0.95 -0.4 0.000664254
0.95 -0.36 0.00054034
0.95 -0.32 0.000520581
0.95 -0.28 0.000425477
0.95 -0.24 0.000358659
0.95 -0.2 0.000282587
0.95 -0.16 0.000226142
0.95 -0.12 0.000170763
0.95 -0.08 0.000139343
0.95 -0.04 0.000116418
0.95 0 0.000100483
0.95 0.04 8.86163e-05
0.95 0.08 7.93768e-05
0.95 0.12 7.19442e-05
0.95 0.16 6.57908e-05
0.95 0.2 6.0607e-05
0.95 0.24 5.61603e-05
0.95 0.28 5.23006e-05
0.95 0.32 4.89093e-05
0.95 0.36 4.58995e-05
0.95 0.4 4.32254e-05
0.95 0.44 4.08071e-05
0.95 0.48 3.86301e-05
0.95 0.52 3.66424e-05
0.95 0.56 3.48364e-05
0.95 0.6 3.31698e-05
0.95 0.64 3.16431e-05
0.95 0.68 3.02233e-05
0.95 0.72 2.89182e-05
0.95 0.76 2.77054e-05
0.95 0.8 2.65711e-05
0.95 0.84 2.55183e-05
0.95 0.88 2.45292e-05
0.95 0.92 2.36039e-05
0.95 0.96 2.27373e-05
0.95 1 0
0.95 1.04 0
0.95 1.08 0
0.95 1.12 0
0.95 1.16 0
0.95 1.2 0
0.95 1.24 0
0.95 1.28 0
0.95 1.32 0
0.95 1.36 0
0.95 1.4 0
0.95 1.44 0
0.95 1.48 0
0.95 1.52 0
0.95 1.56 0
0.95 1.6 0
0.95 1.64 0
0.95 1.68 0
0.95 1.72 0
0.95 1.76 0
0.95 1.8 0
0.95 1.84 0
0.95 1.88 0
0.95 1.92 0
0.95 1.96 0
0.95 2 0
0.95 2.04 0
0.95 2.08 0
0.95 2.12 0
0.95 2.16 0
0.95 2.2 0
0.95 2.24 0
0.95 2.28 0
0.95 2.32 0
0.95 2.36 0
0.95 2.4 0
0.95 2.44 0
0.95 2.48 0
0.95 2.52 0
0.95 2.56 0
0.95 2.6 0
0.95 2.64 0
0.95 2.68 0
0.95 2.72 0
0.95 2.76 0
0.95 2.8 0
0.95 2.84 0
0.95 2.88 0
0.95 2.92 0
0.95 2.96 0
0.95 3 0
0.955 -5 0.000120884
0.955 -4.96 0.000120884
0.955 -4.92 0.000120884
0.955 -4.88 0.000120884
0.955 -4.84 0.000120884
0.955 -4.8 0.000120884
0.955 -4.76 0.000120884
0.955 -4.72 0.000120884
0.955 -4.68 0.000120884
0.955 -4.64 0.000120884
0.955 -4.6 0.000120884
0.955 -4.56 0.000120884
0.955 -4.52 0.000120884
0.955 -4.48 0.000120884
0.955 -4.44 0.000120884
0.955 -4.4 0.000120884
0.955 -4.36 0.000120884
0.955 -4.32 0.000120884
0.955 -4.28 0.000120884
0.955 -4.24 0.000120884
0.955 -4.2 0.000120884
0.955 -4.16 0.000120884
0.955 -4.12 0.000120884
0.955 -4.08 0.000120884
0.955 -4.04 0.000120884
0.955 -4 0.000120884
0.955 -3.96 0.000120884
0.955 -3.92 0.000120884
0.955 -3.88 0.000120884
0.955 -3.84 0.000120884
0.955 -3.8 0.000120884
0.955 -3.76 0.000120884
0.955 -3.72 0.000120884
0.955 -3.68 0.000120884
0.955 -3.64 0.000120884
0.955 -3.6 0.000120884
0.955 -3.56 0.000120884
0.955 -3.52 0.000120884
0.955 -3.48 0.000120884
0.955 -3.44 0.000120884
0.955 -3.4 0.000120884
0.955 -3.36 0.000120884
0.955 -3.32 0.000120884
0.955 -3.28 0.000120884
0.955 -3.24 0.000120884
0.955 -3.2 0.000120884
0.955 -3.16 0.000120884
0.955 -3.12 0.000120884
0.955 -3.08 0.000120884
0.955 -3.04 0.000120884
0.955 -3 0.000120884
0.955 -2.96 0.00012895
0.955 -2.92 0.000138792
0.955 -2.88 0.000132339
0.955 -2.84 0.000148437
0.955 -2.8 0.000167265
0.955 -2.76 0.000156508
0.955 -2.72 0.000170649
0.955 -2.68 0.000186799
0.955 -2.64 0.000200389
0.955 -2.6 0.000225403
0.955 -2.56 0.000236848
0.955 -2.52 0.000258948
0.955 -2.48 0.000267891
0.955 -2.44 0.000302277
0.955 -2.4 0.000348298
0.955 -2.36 0.000434646
0.955 -2.32 0.000508966
0.955 -2.28 0.000582007
0.955 -2.24 0.000730832
0.955 -2.2 0.000888624
0.955 -2.16 0.0011562
0.955 -2.12 0.00166515
0.955 -2.08 0.002461
0.955 -2.04 0.00385578
0.955 -2 0.00539153
0.955 -1.96 0.00585969
0.955 -1.92 0.00595915
0.955 -1.88 0.0055237
0.955 -1.84 0.00487282
0.955 -1.8 0.00434381
0.955 -1.76 0.00401309
0.955 -1.72 0.00361459
0.955 -1.68 0.00352352
0.955 -1.64 0.00325372
0.955 -1.6 0.00294085
0.955 -1.56 0.00292923
0.955 -1.52 0.00277414
0.955 -1.48 0.00255094
0.955 -1.44 0.00243326
0.955 -1.4 0.00233808
0.955 -1.36 0.00217483
0.955 -1.32 0.00210587
0.955 -1.28 0.00199159
0.955 -1.24 0.00192955
0.955 -1.2 0.0017594
0.955 -1.16 0.00173341
0.955 -1.12 0.00161844
0.955 -1.08 0.00165178
0.955 -1.04 0.00158412
0.955 -1 0.00146497
0.955 -0.96 0.00143984
0.955 -0.92 0.00138022
0.955 -0.88 0.00131713
0.955 -0.84 0.00126619
0.955 -0.8 0.00119093
0.955 -0.76 0.00112624
0.955 -0.72 0.00106698
0.955 -0.68 0.00102525
0.955 -0.64 0.000988544
0.955 -0.6 0.000890585
0.955 -0.56 0.000892626
0.955 -0.52 0.000817537
0.955 -0.48 0.000762623
0.955 -0.44 0.000700523
0.955 -0.4 0.00066858
0.955 -0.36 0.000544072
0.955 -0.32 0.00050302
0.955 -0.28 0.000416789
0.955 -0.24 0.000349958
0.955 -0.2 0.000271183
0.955 -0.16 0.000217696
0.955 -0.12 0.000169268
0.955 -0.08 0.000137418
0.955 -0.04 0.00011566
0.955 0 9.99096e-05
0.955 0.04 8.82023e-05
0.955 0.08 7.90652e-05
0.955 0.12 7.17e-05
0.955 0.16 6.55938e-05
0.955 0.2 6.04437e-05
0.955 0.24 5.60224e-05
0.955 0.28 5.21825e-05
0.955 0.32 4.88067e-05
0.955 0.36 4.58092e-05
0.955 0.4 4.31455e-05
0.955 0.44 4.07353e-05
0.955 0.48 3.85658e-05
0.955 0.52 3.65838e-05
0.955 0.56 3.47834e-05
0.955 0.6 3.31212e-05
0.955 0.64 3.15981e-05
0.955 0.68 3.01815e-05
0.955 0.72 2.88794e-05
0.955 0.76 2.76696e-05
0.955 0.8 2.65378e-05
0.955 0.84 2.54871e-05
0.955 0.88 2.44999e-05
0.955 0.92 2.35765e-05
0.955 0.96 2.27115e-05
0.955 1 0
0.955 1.04 0
0.955 1.08 0
0.955 1.12 0
0.955 1.16 0
0.955 1.2 0
0.955 1.24 0
0.955 1.28 0
0.955 1.32 0
0.955 1.36 0
0.955 1.4 0
0.955 1.44 0
0.955 1.48 0
0.955 1.52 0
0.955 1.56 0
0.955 1.6 0
0.955 1.64 0
0.955 1.68 0
0.955 1.72 0
0.955 1.76 0
0.955 1.8 0
0.955 1.84 0
0.955 1.88 0
0.955 1.92 0
0.955 1.96 0
0.955 2 0
0.955 2.04 0
0.955 2.08 0
0.955 2.12 0
0.955 2.16 0
0.955 2.2 0
0.955 2.24 0
0.955 2.28 0
0.955 2.32 0
0.955 2.36 0
0.955 2.4 0
0.955 2.44 0
0.955 2.48 0
0.955 2.52 0
0.955 2.56 0
0.955 2.6 0
0.955 2.64 0
0.955 2.68 0
0.955 2.72 0
0.955 2.76 0
0.955 2.8 0
0.955 2.84 0
0.955 2.88 0
0.955 2.92 0
0.955 2.96 0
0.955 3 0
0.96 -5 0.000120705
0.96 -4.96 0.000120705
0.96 -4.92 0.000120705
0.96 -4.88 0.000120705
0.96 -4.84 0.000120705
0.96 -4.8 0.000120705
0.96 -4.76 0.000120705
0.96 -4.72 0.000120705
0.96 -4.68 0.000120705
0.96 -4.64 0.000120705
0.96 -4.6 0.000120705
0.96 -4.56 0.000120705
0.96 -4.52 0.000120705
0.96 -4.48 0.000120705
0.96 -4.44 0.000120705
0.96 -4.4 0.000120705
0.96 -4.36 0.000120705
0.96 -4.32 0.000120705
0.96 -4.28 0.000120705
0.96 -4.24 0.000120705
0.96 -4.2 0.000120705
0.96 -4.16 0.000120705
0.96 -4.12 0.000120705
0.96 -4.08 0.000120705
0.96 -4.04 0.000120705
0.96 -4 0.000120705
0.96 -3.96 0.000120705
0.96 -3.92 0.000120705
0.96 -3.88 0.000120705
0.96 -3.84 0.000120705
0.96 -3.8 0.000120705
0.96 -3.76 0.000120705
0.96 -3.72 0.000120705
0.96 -3.68 0.000120705
0.96 -3.64 0.000120705
0.96 -3.6 0.000120705
0.96 -3.56 0.000120705
0.96 -3.52 0.000120705
0.96 -3.48 0.000120705
0.96 -3.44 0.000120705
0.96 -3.4 0.000120705
0.96 -3.36 0.000120705
0.96 -3.32 0.000120705
0.96 -3.28 0.000120705
0.96 -3.24 0.000120705
0.96 -3.2 0.000120705
0.96 -3.16 0.000120705
0.96 -3.12 0.000120705
0.96 -3.08 0.000120705
0.96 -3.04 0.000120705
0.96 -3 0.000120705
0.96 -2.96 0.000128006
0.96 -2.92 0.000136722
0.96 -2.88 0.00013165
0.96 -2.84 0.000147679
0.96 -2.8 0.000167585
0.96 -2.76 0.000157892
0.96 -2.72 0.000165339
0.96 -2.68 0.000185425
0.96 -2.64 0.000199761
0.96 -2.6 0.000223967
0.96 -2.56 0.000232537
0.96 -2.52 0.000253179
0.96 -2.48 0.000272579
0.96 -2.44 0.000303482
0.96 -2.4 0.000354981
0.96 -2.36 0.00043502
0.96 -2.32 0.000511129
0.96 -2.28 0.000585565
0.96 -2.24 0.000730933
0.96 -2.2 0.000892063
0.96 -2.16 0.00115163
0.96 -2.12 0.00167142
0.96 -2.08 0.00246848
0.96 -2.04 0.00386797
0.96 -2 0.00539284
0.96 -1.96 0.00587889
0.96 -1.92 0.00598041
0.96 -1.88 0.00553806
0.96 -1.84 0.00487794
0.96 -1.8 0.00434661
0.96 -1.76 0.00399978
0.96 -1.72 0.00362509
0.96 -1.68 0.00350876
0.96 -1.64 0.0032522
0.96 -1.6 0.00293233
0.96 -1.56 0.0029263
0.96 -1.52 0.00277501
0.96 -1.48 0.00254343
0.96 -1.44 0.0024212
0.96 -1.4 0.0023402
0.96 -1.36 0.00218097
0.96 -1.32 0.00209926
0.96 -1.28 0.00199208
0.96 -1.24 0.00193088
0.96 -1.2 0.00178796
0.96 -1.16 0.00173919
0.96 -1.12 0.00162947
0.96 -1.08 0.00164772
0.96 -1.04 0.00157033
0.96 -1 0.00147625
0.96 -0.96 0.00141966
0.96 -0.92 0.00136784
0.96 -0.88 0.00128755
0.96 -0.84 0.00124959
0.96 -0.8 0.00119977
0.96 -0.76 0.00113611
0.96 -0.72 0.00105598
0.96 -0.68 0.00103051
0.96 -0.64 0.000981993
0.96 -0.6 0.000892371
0.96 -0.56 0.000894916
0.96 -0.52 0.00082542
0.96 -0.48 0.00075243
0.96 -0.44 0.000694678
0.96 -0.4 0.000649332
0.96 -0.36 0.00058211
0.96 -0.32 0.000482528
0.96 -0.28 0.000410831
0.96 -0.24 0.000341645
0.96 -0.2 0.000268109
0.96 -0.16 0.000209284
0.96 -0.12 0.00016867
0.96 -0.08 0.000135879
0.96 -0.04 0.000114967
0.96 0 9.93983e-05
0.96 0.04 8.78331e-05
0.96 0.08 7.87872e-05
0.96 0.12 7.1482e-05
0.96 0.16 6.54178e-05
0.96 0.2 6.02979e-05
0.96 0.24 5.58992e-05
0.96 0.28 5.20769e-05
0.96 0.32 4.8715e-05
0.96 0.36 4.57284e-05
0.96 0.4 4.3074e-05
0.96 0.44 4.06712e-05
0.96 0.48 3.85083e-05
0.96 0.52 3.65315e-05
0.96 0.56 3.4736e-05
0.96 0.6 3.30777e-05
0.96 0.64 3.15579e-05
0.96 0.68 3.01441e-05
0.96 0.72 2.88448e-05
0.96 0.76 2.76376e-05
0.96 0.8 2.6508e-05
0.96 0.84 2.54591e-05
0.96 0.88 2.44738e-05
0.96 0.92 2.3552e-05
0.96 0.96 2.26884e-05
0.96 1 0
0.96 1.04 0
0.96 1.08 0
0.96 1.12 0
0.96 1.16 0
0.96 1.2 0
0.96 1.24 0
0.96 1.28 0
0.96 1.32 0
0.96 1.36 0
0.96 1.4 0
0.96 1.44 0
0.96 1.48 0
0.96 1.52 0
0.96 1.56 0
0.96 1.6 0
0.96 1.64 0
0.96 1.68 0
0.96 1.72 0
0.96 1.76 0
0.96 1.8 0
0.96 1.84 0
0.96 1.88 0
0.96 1.92 0
0.96 1.96 0
0.96 2 0
0.96 2.04 0
0.96 2.08 0
0.96 2.12 0
0.96 2.16 0
0.96 2.2 0
0.96 2.24 0
0.96 2.28 0
0.96 2.32 0
0.96 2.36 0
0.96 2.4 0
0.96 2.44 0
0.96 2.48 0
0.96 2.52 0
0.96 2.56 0
0.96 2.6 0
0.96 2.64 0
0.96 2.68 0
0.96 2.72 0
0.96 2.76 0
0.96 2.8 0
0.96 2.84 0
0.96 2.88 0
0.96 2.92 0
0.96 2.96 0
0.96 3 0
0.965 -5 0.0001194
0.965 -4.96 0.0001194
0.965 -4.92 0.0001194
0.965 -4.88 0.0001194
0.965 -4.84 0.0001194
0.965 -4.8 0.0001194
0.965 -4.76 0.0001194
0.965 -4.72 0.0001194
0.965 -4.68 0.0001194
0.965 -4.64 0.0001194
0.965 -4.6 0.0001194
0.965 -4.56 0.0001194
0.965 -4.52 0.0001194
0.965 -4.48 0.0001194
0.965 -4.44 0.0001194
0.965 -4.4 0.0001194
0.965 -4.36 0.0001194
0.965 -4.32 0.0001194
0.965 -4.28 0.0001194
0.965 -4.24 0.0001194
0.965 -4.2 0.0001194
0.965 -4.16 0.0001194
0.965 -4.12 0.0001194
0.965 -4.08 0.0001194
0.965 -4.04 0.0001194
0.965 -4 0.0001194
0.965 -3.96 0.0001194
0.965 -3.92 0.0001194
0.965 -3.88 0.0001194
0.965 -3.84 0.0001194
0.965 -3.8 0.0001194
0.965 -3.76 0.0001194
0.965 -3.72 0.0001194
0.965 -3.68 0.0001194
0.965 -3.64 0.0001194
0.965 -3.6 0.0001194
0.965 -3.56 0.0001194
0.965 -3.52 0.0001194
0.965 -3.48 0.0001194
0.965 -3.44 0.0001194
0.965 -3.4 0.0001194
0.965 -3.36 0.0001194
0.965 -3.32 0.0001194
0.965 -3.28 0.0001194
0.965 -3.24 0.0001194
0.965 -3.2 0.0001194
0.965 -3.16 0.0001194
0.965 -3.12 0.0001194
0.965 -3.08 0.0001194
0.965 -3.04 0.0001194
0.965 -3 0.0001194
0.965 -2.96 0.000126405
0.965 -2.92 0.000135554
0.965 -2.88 0.000131618
0.965 -2.84 0.000150131
0.965 -2.8 0.000167984
0.965 -2.76 0.00015982
0.965 -2.72 0.000164638
0.965 -2.68 0.000187811
0.965 -2.64 0.000199968
0.965 -2.6 0.000215065
0.965 -2.56 0.000228813
0.965 -2.52 0.000250284
0.965 -2.48 0.000276134
0.965 -2.44 0.000301358
0.965 -2.4 0.000362102
0.965 -2.36 0.000437033
0.965 -2.32 0.000513869
0.965 -2.28 0.000587652
0.965 -2.24 0.000733417
0.965 -2.2 0.000891806
0.965 -2.16 0.00115163
0.965 -2.12 0.00168449
0.965 -2.08 0.00247928
0.965 -2.04 0.00389142
0.965 -2 0.00539748
0.965 -1.96 0.0058879
0.965 -1.92 0.00600734
0.965 -1.88 0.00555049
0.965 -1.84 0.00487584
0.965 -1.8 0.00434896
0.965 -1.76 0.00395646
0.965 -1.72 0.00364105
0.965 -1.68 0.00350017
0.965 -1.64 0.00324922
0.965 -1.6 0.00292605
0.965 -1.56 0.00292073
0.965 -1.52 0.00273614
0.965 -1.48 0.00254274
0.965 -1.44 0.00242331
0.965 -1.4 0.00235322
0.965 -1.36 0.00218046
0.965 -1.32 0.00207901
0.965 -1.28 0.00199906
0.965 -1.24 0.00192683
0.965 -1.2 0.00180647
0.965 -1.16 0.00172854
0.965 -1.12 0.00164254
0.965 -1.08 0.00162258
0.965 -1.04 0.00154254
0.965 -1 0.0014913
0.965 -0.96 0.00137769
0.965 -0.92 0.00136171
0.965 -0.88 0.00127336
0.965 -0.84 0.00122695
0.965 -0.8 0.00119981
0.965 -0.76 0.00114546
0.965 -0.72 0.00105616
0.965 -0.68 0.00102841
0.965 -0.64 0.000969281
0.965 -0.6 0.000908517
0.965 -0.56 0.000871047
0.965 -0.52 0.000816418
0.965 -0.48 0.000742317
0.965 -0.44 0.000689981
0.965 -0.4 0.000616293
0.965 -0.36 0.000603965
0.965 -0.32 0.000481322
0.965 -0.28 0.000423691
0.965 -0.24 0.000342364
0.965 -0.2 0.000275921
0.965 -0.16 0.00020928
0.965 -0.12 0.000167891
0.965 -0.08 0.000135142
0.965 -0.04 0.000114033
0.965 0 9.89486e-05
0.965 0.04 8.75083e-05
0.965 0.08 7.85424e-05
0.965 0.12 7.12899e-05
0.965 0.16 6.52628e-05
0.965 0.2 6.01693e-05
0.965 0.24 5.57906e-05
0.965 0.28 5.19838e-05
0.965 0.32 4.86341e-05
0.965 0.36 4.56572e-05
0.965 0.4 4.3011e-05
0.965 0.44 4.06146e-05
0.965 0.48 3.84576e-05
0.965 0.52 3.64854e-05
0.965 0.56 3.46943e-05
0.965 0.6 3.30393e-05
0.965 0.64 3.15224e-05
0.965 0.68 3.01111e-05
0.965 0.72 2.88142e-05
0.965 0.76 2.76094e-05
0.965 0.8 2.64817e-05
0.965 0.84 2.54344e-05
0.965 0.88 2.44507e-05
0.965 0.92 2.35304e-05
0.965 0.96 2.2668e-05
0.965 1 0
0.965 1.04 0
0.965 1.08 0
0.965 1.12 0
0.965 1.16 0
0.965 1.2 0
0.965 1.24 0
0.965 1.28 0
0.965 1.32 0
0.965 1.36 0
0.965 1.4 0
0.965 1.44 0
0.965 1.48 0
0.965 1.52 0
0.965 1.56 0
0.965 1.6 0
0.965 1.64 0
0.965 1.68 0
0.965 1.72 0
0.965 1.76 0
0.965 1.8 0
0.965 1.84 0
0.965 1.88 0
0.965 1.92 0
0.965 1.96 0
0.965 2 0
0.965 2.04 0
0.965 2.08 0
0.965 2.12 0
0.965 2.16 0
0.965 2.2 0
0.965 2.24 0
0.965 2.28 0
0.965 2.32 0
0.965 2.36 0
0.965 2.4 0
0.965 2.44 0
0.965 2.48 0
0.965 2.52 0
0.965 2.56 0
0.965 2.6 0
0.965 2.64 0
0.965 2.68 0
0.965 2.72 0
0.965 2.76 0
0.965 2.8 0
0.965 2.84 0
0.965 2.88 0
0.965 2.92 0
0.965 2.96 0
0.965 3 0
0.97 -5 0.000117302
0.97 -4.96 0.000117302
0.97 -4.92 0.000117302
0.97 -4.88 0.000117302
0.97 -4.84 0.000117302
0.97 -4.8 0.000117302
0.97 -4.76 0.000117302
0.97 -4.72 0.000117302
0.97 -4.68 0.000117302
0.97 -4.64 0.000117302
0.97 -4.6 0.000117302
0.97 -4.56 0.000117302
0.97 -4.52 0.000117302
0.97 -4.48 0.000117302
0.97 -4.44 0.000117302
0.97 -4.4 0.000117302
0.97 -4.36 0.000117302
0.97 -4.32 0.000117302
0.97 -4.28 0.000117302
0.97 -4.24 0.000117302
0.97 -4.2 0.000117302
0.97 -4.16 0.000117302
0.97 -4.12 0.000117302
0.97 -4.08 0.000117302
0.97 -4.04 0.000117302
0.97 -4 0.000117302
0.97 -3.96 0.000117302
0.97 -3.92 0.000117302
0.97 -3.88 0.000117302
0.97 -3.84 0.000117302
0.97 -3.8 0.000117302
0.97 -3.76 0.000117302
0.97 -3.72 0.000117302
0.97 -3.68 0.000117302
0.97 -3.64 0.000117302
0.97 -3.6 0.000117302
0.97 -3.56 0.000117302
0.97 -3.52 0.000117302
0.97 -3.48 0.000117302
0.97 -3.44 0.000117302
0.97 -3.4 0.000117302
0.97 -3.36 0.000117302
0.97 -3.32 0.000117302
0.97 -3.28 0.000117302
0.97 -3.24 0.000117302
0.97 -3.2 0.000117302
0.97 -3.16 0.000117302
0.97 -3.12 0.000117302
0.97 -3.08 0.000117302
0.97 -3.04 0.000117302
0.97 -3 0.000117302
0.97 -2.96 0.000125564
0.97 -2.92 0.000138061
0.97 -2.88 0.000131371
0.97 -2.84 0.00015314
0.97 -2.8 0.000167809
0.97 -2.76 0.000161516
0.97 -2.72 0.000168899
0.97 -2.68 0.000188372
0.97 -2.64 0.000197847
0.97 -2.6 0.000210607
0.97 -2.56 0.000230184
0.97 -2.52 0.000256324
0.97 -2.48 0.000273992
0.97 -2.44 0.000295755
0.97 -2.4 0.00036243
0.97 -2.36 0.000437561
0.97 -2.32 0.000512312
0.97 -2.28 0.000586384
0.97 -2.24 0.000738084
0.97 -2.2 0.00088939
0.97 -2.16 0.00115674
0.97 -2.12 0.00169688
0.97 -2.08 0.00248387
0.97 -2.04 0.00388666
0.97 -2 0.00541495
0.97 -1.96 0.00588452
0.97 -1.92 0.00600855
0.97 -1.88 0.00555541
0.97 -1.84 0.00487836
0.97 -1.8 0.00434132
0.97 -1.76 0.0039488
0.97 -1.72 0.00365602
0.97 -1.68 0.00350896
0.97 -1.64 0.00324459
0.97 -1.6 0.00291855
0.97 -1.56 0.00292151
0.97 -1.52 0.00270506
0.97 -1.48 0.00254445
0.97 -1.44 0.00241627
0.97 -1.4 0.00235539
0.97 -1.36 0.0021799
0.97 -1.32 0.00207062
0.97 -1.28 0.00199264
0.97 -1.24 0.00192273
0.97 -1.2 0.00176729
0.97 -1.16 0.00171994
0.97 -1.12 0.00164916
0.97 -1.08 0.0016239
0.97 -1.04 0.0015381
0.97 -1 0.0014959
0.97 -0.96 0.0013826
0.97 -0.92 0.00135108
0.97 -0.88 0.00128961
0.97 -0.84 0.00120523
0.97 -0.8 0.00119099
0.97 -0.76 0.00114273
0.97 -0.72 0.00107476
0.97 -0.68 0.00103156
0.97 -0.64 0.000973772
0.97 -0.6 0.000917913
0.97 -0.56 0.000851429
0.97 -0.52 0.00080585
0.97 -0.48 0.000753099
0.97 -0.44 0.00070003
0.97 -0.4 0.000593575
0.97 -0.36 0.000579517
0.97 -0.32 0.000500636
0.97 -0.28 0.000446325
0.97 -0.24 0.000349634
0.97 -0.2 0.000284834
0.97 -0.16 0.000215262
0.97 -0.12 0.000166338
0.97 -0.08 0.000134811
0.97 -0.04 0.000113063
0.97 0 9.85597e-05
0.97 0.04 8.72276e-05
0.97 0.08 7.83308e-05
0.97 0.12 7.11237e-05
0.97 0.16 6.51286e-05
0.97 0.2 6.0058e-05
0.97 0.24 5.56966e-05
0.97 0.28 5.19031e-05
0.97 0.32 4.85641e-05
0.97 0.36 4.55955e-05
0.97 0.4 4.29565e-05
0.97 0.44 4.05656e-05
0.97 0.48 3.84137e-05
0.97 0.52 3.64454e-05
0.97 0.56 3.46581e-05
0.97 0.6 3.30061e-05
0.97 0.64 3.14916e-05
0.97 0.68 3.00825e-05
0.97 0.72 2.87877e-05
0.97 0.76 2.75849e-05
0.97 0.8 2.6459e-05
0.97 0.84 2.54131e-05
0.97 0.88 2.44306e-05
0.97 0.92 2.35117e-05
0.97 0.96 2.26504e-05
0.97 1 0
0.97 1.04 0
0.97 1.08 0
0.97 1.12 0
0.97 1.16 0
0.97 1.2 0
0.97 1.24 0
0.97 1.28 0
0.97 1.32 0
0.97 1.36 0
0.97 1.4 0
0.97 1.44 0
0.97 1.48 0
0.97 1.52 0
0.97 1.56 0
0.97 1.6 0
0.97 1.64 0
0.97 1.68 0
0.97 1.72 0
0.97 1.76 0
0.97 1.8 0
0.97 1.84 0
0.97 1.88 0
0.97 1.92 0
0.97 1.96 0
0.97 2 0
0.97 2.04 0
0.97 2.08 0
0.97 2.12 0
0.97 2.16 0
0.97 2.2 0
0.97 2.24 0
0.97 2.28 0
0.97 2.32 0
0.97 2.36 0
0.97 2.4 0
0.97 2.44 0
0.97 2.48 0
0.97 2.52 0
0.97 2.56 0
0.97 2.6 0
0.97 2.64 0
0.97 2.68 0
0.97 2.72 0
0.97 2.76 0
0.97 2.8 0
0.97 2.84 0
0.97 2.88 0
0.97 2.92 0
0.97 2.96 0
0.97 3 0
0.975 -5 0.000115131
0.975 -4.96 0.000115131
0.975 -4.92 0.000115131
0.975 -4.88 0.000115131
0.975 -4.84 0.000115131
0.975 -4.8 0.000115131
0.975 -4.76 0.000115131
0.975 -4.72 0.000115131
0.975 -4.68 0.000115131
0.975 -4.64 0.000115131
0.975 -4.6 0.000115131
0.975 -4.56 0.000115131
0.975 -4.52 0.000115131
0.975 -4.48 0.000115131
0.975 -4.44 0.000115131
0.975 -4.4 0.000115131
0.975 -4.36 0.000115131
0.975 -4.32 0.000115131
0.975 -4.28 0.000115131
0.975 -4.24 0.000115131
0.975 -4.2 0.000115131
0.975 -4.16 0.000115131
0.975 -4.12 0.000115131
0.975 -4.08 0.000115131
0.975 -4.04 0.000115131
0.975 -4 0.000115131
0.975 -3.96 0.000115131
0.975 -3.92 0.000115131
0.975 -3.88 0.000115131
0.975 -3.84 0.000115131
0.975 -3.8 0.000115131
0.975 -3.76 0.000115131
0.975 -3.72 0.000115131
0.975 -3.68 0.000115131
0.975 -3.64 0.000115131
0.975 -3.6 0.000115131
0.975 -3.56 0.000115131
0.975 -3.52 0.000115131
0.975 -3.48 0.000115131
0.975 -3.44 0.000115131
0.975 -3.4 0.000115131
0.975 -3.36 0.000115131
0.975 -3.32 0.000115131
0.975 -3.28 0.000115131
0.975 -3.24 0.000115131
0.975 -3.2 0.000115131
0.975 -3.16 0.000115131
0.975 -3.12 0.000115131
0.975 -3.08 0.000115131
0.975 -3.04 0.000115131
0.975 -3 0.000115131
0.975 -2.96 0.000126237
0.975 -2.92 0.000141291
0.975 -2.88 0.000130832
0.975 -2.84 0.000153651
0.975 -2.8 0.000166726
0.975 -2.76 0.00016213
0.975 -2.72 0.000172877
0.975 -2.68 0.000187625
0.975 -2.64 0.000194231
0.975 -2.6 0.000213119
0.975 -2.56 0.000235292
0.975 -2.52 0.000263808
0.975 -2.48 0.000268697
0.975 -2.44 0.000290598
0.975 -2.4 0.000360374
0.975 -2.36 0.000436208
0.975 -2.32 0.000508524
0.975 -2.28 0.000583317
0.975 -2.24 0.000740458
0.975 -2.2 0.000886715
0.975 -2.16 0.00116356
0.975 -2.12 0.0016982
0.975 -2.08 0.00248402
0.975 -2.04 0.00385827
0.975 -2 0.00543109
0.975 -1.96 0.00588074
0.975 -1.92 0.00599254
0.975 -1.88 0.00556066
0.975 -1.84 0.00489314
0.975 -1.8 0.00432519
0.975 -1.76 0.00397964
0.975 -1.72 0.00366469
0.975 -1.68 0.00351729
0.975 -1.64 0.00324368
0.975 -1.6 0.00290935
0.975 -1.56 0.00292371
0.975 -1.52 0.00270722
0.975 -1.48 0.00254165
0.975 -1.44 0.00239288
0.975 -1.4 0.00234311
0.975 -1.36 0.00218423
0.975 -1.32 0.0020876
0.975 -1.28 0.00197287
0.975 -1.24 0.00192139
0.975 -1.2 0.00172764
0.975 -1.16 0.00172161
0.975 -1.12 0.00166176
0.975 -1.08 0.00164639
0.975 -1.04 0.00155335
0.975 -1 0.00148658
0.975 -0.96 0.00143078
0.975 -0.92 0.00134247
0.975 -0.88 0.00130872
0.975 -0.84 0.0011999
0.975 -0.8 0.00118399
0.975 -0.76 0.00112718
0.975 -0.72 0.0010889
0.975 -0.68 0.00103696
0.975 -0.64 0.000988615
0.975 -0.6 0.000917205
0.975 -0.56 0.000852813
0.975 -0.52 0.000810973
0.975 -0.48 0.000767911
0.975 -0.44 0.000716447
0.975 -0.4 0.000597071
0.975 -0.36 0.000542082
0.975 -0.32 0.000517125
0.975 -0.28 0.000447304
0.975 -0.24 0.000354208
0.975 -0.2 0.000283662
0.975 -0.16 0.000216944
0.975 -0.12 0.00016417
0.975 -0.08 0.000134176
0.975 -0.04 0.000112615
0.975 0 9.82312e-05
0.975 0.04 8.69905e-05
0.975 0.08 7.8152e-05
0.975 0.12 7.09833e-05
0.975 0.16 6.50152e-05
0.975 0.2 5.99639e-05
0.975 0.24 5.56171e-05
0.975 0.28 5.1835e-05
0.975 0.32 4.85049e-05
0.975 0.36 4.55433e-05
0.975 0.4 4.29103e-05
0.975 0.44 4.05242e-05
0.975 0.48 3.83765e-05
0.975 0.52 3.64116e-05
0.975 0.56 3.46275e-05
0.975 0.6 3.2978e-05
0.975 0.64 3.14656e-05
0.975 0.68 3.00584e-05
0.975 0.72 2.87653e-05
0.975 0.76 2.75642e-05
0.975 0.8 2.64397e-05
0.975 0.84 2.5395e-05
0.975 0.88 2.44137e-05
0.975 0.92 2.34959e-05
0.975 0.96 2.26355e-05
0.975 1 0
0.975 1.04 0
0.975 1.08 0
0.975 1.12 0
0.975 1.16 0
0.975 1.2 0
0.975 1.24 0
0.975 1.28 0
0.975 1.32 0
0.975 1.36 0
0.975 1.4 0
0.975 1.44 0
0.975 1.48 0
0.975 1.52 0
0.975 1.56 0
0.975 1.6 0
0.975 1.64 0
0.975 1.68 0
0.975 1.72 0
0.975 1.76 0
0.975 1.8 0
0.975 1.84 0
0.975 1.88 0
0.975 1.92 0
0.975 1.96 0
0.975 2 0
0.975 2.04 0
0.975 2.08 0
0.975 2.12 0
0.975 2.16 0
0.975 2.2 0
0.975 2.24 0
0.975 2.28 0
0.975 2.32 0
0.975 2.36 0
0.975 2.4 0
0.975 2.44 0
0.975 2.48 0
0.975 2.52 0
0.975 2.56 0
0.975 2.6 0
0.975 2.64 0
0.975 2.68 0
0.975 2.72 0
0.975 2.76 0
0.975 2.8 0
0.975 2.84 0
0.975 2.88 0
0.975 2.92 0
0.975 2.96 0
0.975 3 0
0.98 -5 0.000113463
0.98 -4.96 0.000113463
0.98 -4.92 0.000113463
0.98 -4.88 0.000113463
0.98 -4.84 0.000113463
0.98 -4.8 0.000113463
0.98 -4.76 0.000113463
0.98 -4.72 0.000113463
0.98 -4.68 0.000113463
0.98 -4.64 0.000113463
0.98 -4.6 0.000113463
0.98 -4.56 0.000113463
0.98 -4.52 0.000113463
0.98 -4.48 0.000113463
0.98 -4.44 0.000113463
0.98 -4.4 0.000113463
0.98 -4.36 0.000113463
0.98 -4.32 0.000113463
0.98 -4.28 0.000113463
0.98 -4.24 0.000113463
0.98 -4.2 0.000113463
0.98 -4.16 0.000113463
0.98 -4.12 0.000113463
0.98 -4.08 0.000113463
0.98 -4.04 0.000113463
0.98 -4 0.000113463
0.98 -3.96 0.000113463
0.98 -3.92 0.000113463
0.98 -3.88 0.000113463
0.98 -3.84 0.000113463
0.98 -3.8 0.000113463
0.98 -3.76 0.000113463
0.98 -3.72 0.000113463
0.98 -3.68 0.000113463
0.98 -3.64 0.000113463
0.98 -3.6 0.000113463
0.98 -3.56 0.000113463
0.98 -3.52 0.000113463
0.98 -3.48 0.000113463
0.98 -3.44 0.000113463
0.98 -3.4 0.000113463
0.98 -3.36 0.000113463
0.98 -3.32 0.000113463
0.98 -3.28 0.000113463
0.98 -3.24 0.000113463
0.98 -3.2 0.000113463
0.98 -3.16 0.000113463
0.98 -3.12 0.000113463
0.98 -3.08 0.000113463
0.98 -3.04 0.000113463
0.98 -3 0.000113463
0.98 -2.96 0.000127685
0.98 -2.92 0.000139882
0.98 -2.88 0.000131637
0.98 -2.84 0.000152364
0.98 -2.8 0.00016603
0.98 -2.76 0.000161175
0.98 -2.72 0.000172725
0.98 -2.68 0.000192378
0.98 -2.64 0.000193273
0.98 -2.6 0.00021319
0.98 -2.56 0.000237101
0.98 -2.52 0.000261849
0.98 -2.48 0.000266844
0.98 -2.44 0.000290028
0.98 -2.4 0.000363339
0.98 -2.36 0.000435801
0.98 -2.32 0.000508474
0.98 -2.28 0.000581245
0.98 -2.24 0.000736252
0.98 -2.2 0.000884295
0.98 -2.16 0.00116867
0.98 -2.12 0.00168518
0.98 -2.08 0.0024882
0.98 -2.04 0.00385179
0.98 -2 0.00542695
0.98 -1.96 0.00588965
0.98 -1.92 0.00599554
0.98 -1.88 0.00557535
0.98 -1.84 0.00491335
0.98 -1.8 0.00431431
0.98 -1.76 0.00398701
0.98 -1.72 0.00366813
0.98 -1.68 0.00350702
0.98 -1.64 0.00325339
0.98 -1.6 0.00290079
0.98 -1.56 0.0029141
0.98 -1.52 0.00270759
0.98 -1.48 0.0025368
0.98 -1.44 0.00237131
0.98 -1.4 0.00233411
0.98 -1.36 0.0021897
0.98 -1.32 0.00210758
0.98 -1.28 0.00195955
0.98 -1.24 0.00191856
0.98 -1.2 0.00176595
0.98 -1.16 0.00172308
0.98 -1.12 0.00169265
0.98 -1.08 0.00164433
0.98 -1.04 0.00154953
0.98 -1 0.001474
0.98 -0.96 0.00145002
0.98 -0.92 0.00135169
0.98 -0.88 0.00129669
0.98 -0.84 0.00121734
0.98 -0.8 0.00118541
0.98 -0.76 0.00111094
0.98 -0.72 0.00107465
0.98 -0.68 0.0010304
0.98 -0.64 0.000987043
0.98 -0.6 0.000918848
0.98 -0.56 0.000859503
0.98 -0.52 0.000825069
0.98 -0.48 0.000758837
0.98 -0.44 0.000720028
0.98 -0.4 0.000620833
0.98 -0.36 0.000538921
0.98 -0.32 0.000511678
0.98 -0.28 0.000415842
0.98 -0.24 0.000351518
0.98 -0.2 0.000272489
0.98 -0.16 0.000209785
0.98 -0.12 0.000162112
0.98 -0.08 0.000133092
0.98 -0.04 0.00011281
0.98 0 9.79626e-05
0.98 0.04 8.67969e-05
0.98 0.08 7.80059e-05
0.98 0.12 7.08685e-05
0.98 0.16 6.49225e-05
0.98 0.2 5.9887e-05
0.98 0.24 5.55521e-05
0.98 0.28 5.17792e-05
0.98 0.32 4.84565e-05
0.98 0.36 4.55007e-05
0.98 0.4 4.28726e-05
0.98 0.44 4.04903e-05
0.98 0.48 3.83462e-05
0.98 0.52 3.6384e-05
0.98 0.56 3.46025e-05
0.98 0.6 3.2955e-05
0.98 0.64 3.14444e-05
0.98 0.68 3.00386e-05
0.98 0.72 2.8747e-05
0.98 0.76 2.75473e-05
0.98 0.8 2.6424e-05
0.98 0.84 2.53802e-05
0.98 0.88 2.43999e-05
0.98 0.92 2.34829e-05
0.98 0.96 2.26233e-05
0.98 1 0
0.98 1.04 0
0.98 1.08 0
0.98 1.12 0
0.98 1.16 0
0.98 1.2 0
0.98 1.24 0
0.98 1.28 0
0.98 1.32 0
0.98 1.36 0
0.98 1.4 0
0.98 1.44 0
0.98 1.48 0
0.98 1.52 0
0.98 1.56 0
0.98 1.6 0
0.98 1.64 0
0.98 1.68 0
0.98 1.72 0
0.98 1.76 0
0.98 1.8 0
0.98 1.84 0
0.98 1.88 0
0.98 1.92 0
0.98 1.96 0
0.98 2 0
0.98 2.04 0
0.98 2.08 0
0.98 2.12 0
0.98 2.16 0
0.98 2.2 0
0.98 2.24 0
0.98 2.28 0
0.98 2.32 0
0.98 2.36 0
0.98 2.4 0
0.98 2.44 0
0.98 2.48 0
0.98 2.52 0
0.98 2.56 0
0.98 2.6 0
0.98 2.64 0
0.98 2.68 0
0.98 2.72 0
0.98 2.76 0
0.98 2.8 0
0.98 2.84 0
0.98 2.88 0
0.98 2.92 0
0.98 2.96 0
0.98 3 0
0.985 -5 0.000112502
0.985 -4.96 0.000112502
0.985 -4.92 0.000112502
0.985 -4.88 0.000112502
0.985 -4.84 0.000112502
0.985 -4.8 0.000112502
0.985 -4.76 0.000112502
0.985 -4.72 0.000112502
0.985 -4.68 0.000112502
0.985 -4.64 0.000112502
0.985 -4.6 0.000112502
0.985 -4.56 0.000112502
0.985 -4.52 0.000112502
0.985 -4.48 0.000112502
0.985 -4.44 0.000112502
0.985 -4.4 0.000112502
0.985 -4.36 0.000112502
0.985 -4.32 0.000112502
0.985 -4.28 0.000112502
0.985 -4.24 0.000112502
0.985 -4.2 0.000112502
0.985 -4.16 0.000112502
0.985 -4.12 0.000112502
0.985 -4.08 0.000112502
0.985 -4.04 0.000112502
0.985 -4 0.000112502
0.985 -3.96 0.000112502
0.985 -3.92 0.000112502
0.985 -3.88 0.000112502
0.985 -3.84 0.000112502
0.985 -3.8 0.000112502
0.985 -3.76 0.000112502
0.985 -3.72 0.000112502
0.985 -3.68 0.000112502
0.985 -3.64 0.000112502
0.985 -3.6 0.000112502
0.985 -3.56 0.000112502
0.985 -3.52 0.000112502
0.985 -3.48 0.000112502
0.985 -3.44 0.000112502
0.985 -3.4 0.000112502
0.985 -3.36 0.000112502
0.985 -3.32 0.000112502
0.985 -3.28 0.000112502
0.985 -3.24 0.000112502
0.985 -3.2 0.000112502
0.985 -3.16 0.000112502
0.985 -3.12 0.000112502
0.985 -3.08 0.000112502
0.985 -3.04 0.000112502
0.985 -3 0.000112502
0.985 -2.96 0.000128277
0.985 -2.92 0.000134582
0.985 -2.88 0.000134274
0.985 -2.84 0.000151901
0.985 -2.8 0.000165904
0.985 -2.76 0.00015929
0.985 -2.72 0.00016937
0.985 -2.68 0.000200266
0.985 -2.64 0.000195905
0.985 -2.6 0.000208173
0.985 -2.56 0.000233498
0.985 -2.52 0.000252154
0.985 -2.48 0.000269951
0.985 -2.44 0.000293667
0.985 -2.4 0.000368372
0.985 -2.36 0.000438017
0.985 -2.32 0.000511163
0.985 -2.28 0.000581974
0.985 -2.24 0.00072706
0.985 -2.2 0.000882288
0.985 -2.16 0.00117076
0.985 -2.12 0.00166685
0.985 -2.08 0.00249504
0.985 -2.04 0.00387844
0.985 -2 0.00541046
0.985 -1.96 0.00590944
0.985 -1.92 0.00601936
0.985 -1.88 0.00559328
0.985 -1.84 0.00492745
0.985 -1.8 0.00431887
0.985 -1.76 0.00395678
0.985 -1.72 0.00367052
0.985 -1.68 0.00348664
0.985 -1.64 0.00326729
0.985 -1.6 0.00289514
0.985 -1.56 0.00289386
0.985 -1.52 0.00268272
0.985 -1.48 0.00253325
0.985 -1.44 0.00235863
0.985 -1.4 0.00233373
0.985 -1.36 0.00218946
0.985 -1.32 0.00210696
0.985 -1.28 0.00195808
0.985 -1.24 0.00190853
0.985 -1.2 0.00185166
0.985 -1.16 0.00171746
0.985 -1.12 0.00172489
0.985 -1.08 0.0016186
0.985 -1.04 0.00152644
0.985 -1 0.00146651
0.985 -0.96 0.00141654
0.985 -0.92 0.0013702
0.985 -0.88 0.00126203
0.985 -0.84 0.00124104
0.985 -0.8 0.00118748
0.985 -0.76 0.00110689
0.985 -0.72 0.001048
0.985 -0.68 0.00101482
0.985 -0.64 0.000969385
0.985 -0.6 0.00092522
0.985 -0.56 0.000856154
0.985 -0.52 0.000828907
0.985 -0.48 0.000734744
0.985 -0.44 0.00070669
0.985 -0.4 0.000645494
0.985 -0.36 0.000564138
0.985 -0.32 0.000493825
0.985 -0.28 0.000385844
0.985 -0.24 0.000345426
0.985 -0.2 0.000262218
0.985 -0.16 0.00020105
0.985 -0.12 0.000160987
0.985 -0.08 0.000132144
0.985 -0.04 0.00011301
0.985 0 9.77537e-05
0.985 0.04 8.66466e-05
0.985 0.08 7.78925e-05
0.985 0.12 7.07794e-05
0.985 0.16 6.48504e-05
0.985 0.2 5.98272e-05
0.985 0.24 5.55015e-05
0.985 0.28 5.17359e-05
0.985 0.32 4.84188e-05
0.985 0.36 4.54675e-05
0.985 0.4 4.28433e-05
0.985 0.44 4.0464e-05
0.985 0.48 3.83226e-05
0.985 0.52 3.63625e-05
0.985 0.56 3.4583e-05
0.985 0.6 3.29372e-05
0.985 0.64 3.14278e-05
0.985 0.68 3.00232e-05
0.985 0.72 2.87327e-05
0.985 0.76 2.75341e-05
0.985 0.8 2.64117e-05
0.985 0.84 2.53687e-05
0.985 0.88 2.43891e-05
0.985 0.92 2.34729e-05
0.985 0.96 2.26138e-05
0.985 1 0
0.985 1.04 0
0.985 1.08 0
0.985 1.12 0
0.985 1.16 0
0.985 1.2 0
0.985 1.24 0
0.985 1.28 0
0.985 1.32 0
0.985 1.36 0
0.985 1.4 0
0.985 1.44 0
0.985 1.48 0
0.985 1.52 0
0.985 1.56 0
0.985 1.6 0
0.985 1.64 0
0.985 1.68 0
0.985 1.72 0
0.985 1.76 0
0.985 1.8 0
0.985 1.84 0
0.985 1.88 0
0.985 1.92 0
0.985 1.96 0
0.985 2 0
0.985 2.04 0
0.985 2.08 0
0.985 2.12 0
0.985 2.16 0
0.985 2.2 0
0.985 2.24 0
0.985 2.28 0
0.985 2.32 0
0.985 2.36 0
0.985 2.4 0
0.985 2.44 0
0.985 2.48 0
0.985 2.52 0
0.985 2.56 0
0.985 2.6 0
0.985 2.64 0
0.985 2.68 0
0.985 2.72 0
0.985 2.76 0
0.985 2.8 0
0.985 2.84 0
0.985 2.88 0
0.985 2.92 0
0.985 2.96 0
0.985 3 0
0.99 -5 0.000112123
0.99 -4.96 0.000112123
0.99 -4.92 0.000112123
0.99 -4.88 0.000112123
0.99 -4.84 0.000112123
0.99 -4.8 0.000112123
0.99 -4.76 0.000112123
0.99 -4.72 0.000112123
0.99 -4.68 0.000112123
0.99 -4.64 0.000112123
0.99 -4.6 0.000112123
0.99 -4.56 0.000112123
0.99 -4.52 0.000112123
0.99 -4.48 0.000112123
0.99 -4.44 0.000112123
0.99 -4.4 0.000112123
0.99 -4.36 0.000112123
0.99 -4.32 0.000112123
0.99 -4.28 0.000112123
0.99 -4.24 0.000112123
0.99 -4.2 0.000112123
0.99 -4.16 0.000112123
0.99 -4.12 0.000112123
0.99 -4.08 0.000112123
0.99 -4.04 0.000112123
0.99 -4 0.000112123
0.99 -3.96 0.000112123
0.99 -3.92 0.000112123
0.99 -3.88 0.000112123
0.99 -3.84 0.000112123
0.99 -3.8 0.000112123
0.99 -3.76 0.000112123
0.99 -3.72 0.000112123
0.99 -3.68 0.000112123
0.99 -3.64 0.000112123
0.99 -3.6 0.000112123
0.99 -3.56 0.000112123
0.99 -3.52 0.000112123
0.99 -3.48 0.000112123
0.99 -3.44 0.000112123
0.99 -3.4 0.000112123
0.99 -3.36 0.000112123
0.99 -3.32 0.000112123
0.99 -3.28 0.000112123
0.99 -3.24 0.000112123
0.99 -3.2 0.000112123
0.99 -3.16 0.000112123
0.99 -3.12 0.000112123
0.99 -3.08 0.000112123
0.99 -3.04 0.000112123
0.99 -3 0.000112123
0.99 -2.96 0.00012713
0.99 -2.92 0.000132091
0.99 -2.88 0.000136731
0.99 -2.84 0.00015295
0.99 -2.8 0.000164345
0.99 -2.76 0.000157799
0.99 -2.72 0.000165664
0.99 -2.68 0.00019868
0.99 -2.64 0.000198328
0.99 -2.6 0.000207928
0.99 -2.56 0.000230368
0.99 -2.52 0.000246276
0.99 -2.48 0.000273009
0.99 -2.44 0.000297499
0.99 -2.4 0.00036648
0.99 -2.36 0.000441144
0.99 -2.32 0.000509148
0.99 -2.28 0.000585498
0.99 -2.24 0.000719005
0.99 -2.2 0.000881255
0.99 -2.16 0.0011703
0.99 -2.12 0.00165583
0.99 -2.08 0.00249408
0.99 -2.04 0.00389708
0.99 -2 0.00540771
0.99 -1.96 0.00592667
0.99 -1.92 0.0060256
0.99 -1.88 0.00559936
0.99 -1.84 0.00493222
0.99 -1.8 0.00433498
0.99 -1.76 0.00394924
0.99 -1.72 0.0036737
0.99 -1.68 0.00347759
0.99 -1.64 0.00326911
0.99 -1.6 0.00289295
0.99 -1.56 0.00288042
0.99 -1.52 0.00266407
0.99 -1.48 0.00252723
0.99 -1.44 0.00233857
0.99 -1.4 0.00232602
0.99 -1.36 0.0021824
0.99 -1.32 0.00209259
0.99 -1.28 0.00195171
0.99 -1.24 0.0018919
0.99 -1.2 0.00188004
0.99 -1.16 0.00171282
0.99 -1.12 0.00172762
0.99 -1.08 0.00162262
0.99 -1.04 0.00152984
0.99 -1 0.00146182
0.99 -0.96 0.0013879
0.99 -0.92 0.00137004
0.99 -0.88 0.00124397
0.99 -0.84 0.00124715
0.99 -0.8 0.00117927
0.99 -0.76 0.00111673
0.99 -0.72 0.00104741
0.99 -0.68 0.00101036
0.99 -0.64 0.000965578
0.99 -0.6 0.000924354
0.99 -0.56 0.000850903
0.99 -0.52 0.000817115
0.99 -0.48 0.000731061
0.99 -0.44 0.000690621
0.99 -0.4 0.000657214
0.99 -0.36 0.000572997
0.99 -0.32 0.000487515
0.99 -0.28 0.000397755
0.99 -0.24 0.00034182
0.99 -0.2 0.000261997
0.99 -0.16 0.000200262
0.99 -0.12 0.000161099
0.99 -0.08 0.000131912
0.99 -0.04 0.000112552
0.99 0 9.76045e-05
0.99 0.04 8.65393e-05
0.99 0.08 7.78115e-05
0.99 0.12 7.07157e-05
0.99 0.16 6.4799e-05
0.99 0.2 5.97845e-05
0.99 0.24 5.54655e-05
0.99 0.28 5.1705e-05
0.99 0.32 4.83919e-05
0.99 0.36 4.54438e-05
0.99 0.4 4.28223e-05
0.99 0.44 4.04452e-05
0.99 0.48 3.83057e-05
0.99 0.52 3.63471e-05
0.99 0.56 3.45691e-05
0.99 0.6 3.29244e-05
0.99 0.64 3.1416e-05
0.99 0.68 3.00123e-05
0.99 0.72 2.87225e-05
0.99 0.76 2.75247e-05
0.99 0.8 2.6403e-05
0.99 0.84 2.53605e-05
0.99 0.88 2.43814e-05
0.99 0.92 2.34657e-05
0.99 0.96 2.2607e-05
0.99 1 0
0.99 1.04 0
0.99 1.08 0
0.99 1.12 0
0.99 1.16 0
0.99 1.2 0
0.99 1.24 0
0.99 1.28 0
0.99 1.32 0
0.99 1.36 0
0.99 1.4 0
0.99 1.44 0
0.99 1.48 0
0.99 1.52 0
0.99 1.56 0
0.99 1.6 0
0.99 1.64 0
0.99 1.68 0
0.99 1.72 0
0.99 1.76 0
0.99 1.8 0
0.99 1.84 0
0.99 1.88 0
0.99 1.92 0
0.99 1.96 0
0.99 2 0
0.99 2.04 0
0.99 2.08 0
0.99 2.12 0
0.99 2.16 0
0.99 2.2 0
0.99 2.24 0
0.99 2.28 0
0.99 2.32 0
0.99 2.36 0
0.99 2.4 0
0.99 2.44 0
0.99 2.48 0
0.99 2.52 0
0.99 2.56 0
0.99 2.6 0
0.99 2.64 0
0.99 2.68 0
0.99 2.72 0
0.99 2.76 0
0.99 2.8 0
0.99 2.84 0
0.99 2.88 0
0.99 2.92 0
0.99 2.96 0
0.99 3 0
0.995 -5 0.000112054
0.995 -4.96 0.000112054
0.995 -4.92 0.000112054
0.995 -4.88 0.000112054
0.995 -4.84 0.000112054
0.995 -4.8 0.000112054
0.995 -4.76 0.000112054
0.995 -4.72 0.000112054
0.995 -4.68 0.000112054
0.995 -4.64 0.000112054
0.995 -4.6 0.000112054
0.995 -4.56 0.000112054
0.995 -4.52 0.000112054
0.995 -4.48 0.000112054
0.995 -4.44 0.000112054
0.995 -4.4 0.000112054
0.995 -4.36 0.000112054
0.995 -4.32 0.000112054
0.995 -4.28 0.000112054
0.995 -4.24 0.000112054
0.995 -4.2 0.000112054
0.995 -4.16 0.000112054
0.995 -4.12 0.000112054
0.995 -4.08 0.000112054
0.995 -4.04 0.000112054
0.995 -4 0.000112054
0.995 -3.96 0.000112054
0.995 -3.92 0.000112054
0.995 -3.88 0.000112054
0.995 -3.84 0.000112054
0.995 -3.8 0.000112054
0.995 -3.76 0.000112054
0.995 -3.72 0.000112054
0.995 -3.68 0.000112054
0.995 -3.64 0.000112054
0.995 -3.6 0.000112054
0.995 -3.56 0.000112054
0.995 -3.52 0.000112054
0.995 -3.48 0.000112054
0.995 -3.44 0.000112054
0.995 -3.4 0.000112054
0.995 -3.36 0.000112054
0.995 -3.32 0.000112054
0.995 -3.28 0.000112054
0.995 -3.24 0.000112054
0.995 -3.2 0.000112054
0.995 -3.16 0.000112054
0.995 -3.12 0.000112054
0.995 -3.08 0.000112054
0.995 -3.04 0.000112054
0.995 -3 0.000112054
0.995 -2.96 0.000125133
0.995 -2.92 0.00013486
0.995 -2.88 0.000137441
0.995 -2.84 0.000154219
0.995 -2.8 0.000161018
0.995 -2.76 0.000157307
0.995 -2.72 0.000163242
0.995 -2.68 0.000185728
0.995 -2.64 0.000198073
0.995 -2.6 0.000216357
0.995 -2.56 0.000231581
0.995 -2.52 0.000248601
0.995 -2.48 0.000272708
0.995 -2.44 0.000298988
0.995 -2.4 0.000357601
0.995 -2.36 0.000442967
0.995 -2.32 0.000501315
0.995 -2.28 0.000589765
0.995 -2.24 0.000715611
0.995 -2.2 0.000881271
0.995 -2.16 0.00116876
0.995 -2.12 0.0016549
0.995 -2.08 0.00248403
0.995 -2.04 0.00388437
0.995 -2 0.00542388
0.995 -1.96 0.0059336
0.995 -1.92 0.00600097
0.995 -1.88 0.00559181
0.995 -1.84 0.00493224
0.995 -1.8 0.00435073
0.995 -1.76 0.0039903
0.995 -1.72 0.00367654
0.995 -1.68 0.00348395
0.995 -1.64 0.00325679
0.995 -1.6 0.00289303
0.995 -1.56 0.00288188
0.995 -1.52 0.00267586
0.995 -1.48 0.0025174
0.995 -1.44 0.0023073
0.995 -1.4 0.00230593
0.995 -1.36 0.0021739
0.995 -1.32 0.00208293
0.995 -1.28 0.0019339
0.995 -1.24 0.00187611
0.995 -1.2 0.00182802
0.995 -1.16 0.00171556
0.995 -1.12 0.00170174
0.995 -1.08 0.00166954
0.995 -1.04 0.00157114
0.995 -1 0.00145656
0.995 -0.96 0.00140164
0.995 -0.92 0.00134726
0.995 -0.88 0.00125514
0.995 -0.84 0.00123427
0.995 -0.8 0.00116362
0.995 -0.76 0.00113089
0.995 -0.72 0.00107658
0.995 -0.68 0.00102239
0.995 -0.64 0.000985196
0.995 -0.6 0.000913019
0.995 -0.56 0.00085402
0.995 -0.52 0.000801336
0.995 -0.48 0.000754466
0.995 -0.44 0.000683356
0.995 -0.4 0.000657257
0.995 -0.36 0.000551946
0.995 -0.32 0.000497716
0.995 -0.28 0.000442773
0.995 -0.24 0.000341881
0.995 -0.2 0.00026929
0.995 -0.16 0.000206784
0.995 -0.12 0.000161879
0.995 -0.08 0.000132259
0.995 -0.04 0.000111633
0.995 0 9.7515e-05
0.995 0.04 8.6475e-05
0.995 0.08 7.7763e-05
0.995 0.12 7.06775e-05
0.995 0.16 6.47681e-05
0.995 0.2 5.97589e-05
0.995 0.24 5.54438e-05
0.995 0.28 5.16864e-05
0.995 0.32 4.83758e-05
0.995 0.36 4.54296e-05
0.995 0.4 4.28097e-05
0.995 0.44 4.04339e-05
0.995 0.48 3.82956e-05
0.995 0.52 3.63379e-05
0.995 0.56 3.45608e-05
0.995 0.6 3.29167e-05
0.995 0.64 3.14089e-05
0.995 0.68 3.00057e-05
0.995 0.72 2.87164e-05
0.995 0.76 2.75191e-05
0.995 0.8 2.63977e-05
0.995 0.84 2.53556e-05
0.995 0.88 2.43768e-05
0.995 0.92 2.34614e-05
0.995 0.96 2.26029e-05
0.995 1 0
0.995 1.04 0
0.995 1.08 0
0.995 1.12 0
0.995 1.16 0
0.995 1.2 0
0.995 1.24 0
0.995 1.28 0
0.995 1.32 0
0.995 1.36 0
0.995 1.4 0
0.995 1.44 0
0.995 1.48 0
0.995 1.52 0
0.995 1.56 0
0.995 1.6 0
0.995 1.64 0
0.995 1.68 0
0.995 1.72 0
0.995 1.76 0
0.995 1.8 0
0.995 1.84 0
0.995 1.88 0
0.995 1.92 0
0.995 1.96 0
0.995 2 0
0.995 2.04 0
0.995 2.08 0
0.995 2.12 0
0.995 2.16 0
0.995 2.2 0
0.995 2.24 0
0.995 2.28 0
0.995 2.32 0
0.995 2.36 0
0.995 2.4 0
0.995 2.44 0
0.995 2.48 0
0.995 2.52 0
0.995 2.56 0
0.995 2.6 0
0.995 2.64 0
0.995 2.68 0
0.995 2.72 0
0.995 2.76 0
0.995 2.8 0
0.995 2.84 0
0.995 2.88 0
0.995 2.92 0
0.995 2.96 0
0.995 3 0
1 -5 0.000112061
1 -4.96 0.000112061
1 -4.92 0.000112061
1 -4.88 0.000112061
1 -4.84 0.000112061
1 -4.8 0.000112061
1 -4.76 0.000112061
1 -4.72 0.000112061
1 -4.68 0.000112061
1 -4.64 0.000112061
1 -4.6 0.000112061
1 -4.56 0.000112061
1 -4.52 0.000112061
1 -4.48 0.000112061
1 -4.44 0.000112061
1 -4.4 0.000112061
1 -4.36 0.000112061
1 -4.32 0.000112061
1 -4.28 0.000112061
1 -4.24 0.000112061
1 -4.2 0.000112061
1 -4.16 0.000112061
1 -4.12 0.000112061
1 -4.08 0.000112061
1 -4.04 0.000112061
1 -4 0.000112061
1 -3.96 0.000112061
1 -3.92 0.000112061
1 -3.88 0.000112061
1 -3.84 0.000112061
1 -3.8 0.000112061
1 -3.76 0.000112061
1 -3.72 0.000112061
1 -3.68 0.000112061
1 -3.64 0.000112061
1 -3.6 0.000112061
1 -3.56 0.000112061
1 -3.52 0.000112061
1 -3.48 0.000112061
1 -3.44 0.000112061
1 -3.4 0.000112061
1 -3.36 0.000112061
1 -3.32 0.000112061
1 -3.28 0.000112061
1 -3.24 0.000112061
1 -3.2 0.000112061
1 -3.16 0.000112061
1 -3.12 0.000112061
1 -3.08 0.000112061
1 -3.04 0.000112061
1 -3 0.000112061
1 -2.96 0.00012415
1 -2.92 0.000137218
1 -2.88 0.000137333
1 -2.84 0.000154705
1 -2.8 0.000159152
1 -2.76 0.000157296
1 -2.72 0.000162436
1 -2.68 0.000177671
1 -2.64 0.000197305
1 -2.6 0.00022205
1 -2.56 0.000233193
1 -2.52 0.000251357
1 -2.48 0.000271742
1 -2.44 0.000299094
1 -2.4 0.000352396
1 -2.36 0.000443395
1 -2.32 0.000496658
1 -2.28 0.000591698
1 -2.24 0.000715114
1 -2.2 0.000881475
1 -2.16 0.00116796
1 -2.12 0.00165636
1 -2.08 0.00247779
1 -2.04 0.00387132
1 -2 0.00543479
1 -1.96 0.00593446
1 -1.92 0.00598337
1 -1.88 0.00558591
1 -1.84 0.00493185
1 -1.8 0.00435694
1 -1.76 0.00401954
1 -1.72 0.00367763
1 -1.68 0.00348964
1 -1.64 0.00324857
1 -1.6 0.00289339
1 -1.56 0.00288576
1 -1.52 0.00268871
1 -1.48 0.00251206
1 -1.44 0.00229073
1 -1.4 0.0022942
1 -1.36 0.00217023
1 -1.32 0.00208095
1 -1.28 0.00192327
1 -1.24 0.00186965
1 -1.2 0.00178907
1 -1.16 0.00171865
1 -1.12 0.00168513
1 -1.08 0.00169935
1 -1.04 0.00159745
1 -1 0.00145376
1 -0.96 0.00141818
1 -0.92 0.00133271
1 -0.88 0.0012661
1 -0.84 0.00122513
1 -0.8 0.00115552
1 -0.76 0.00113734
1 -0.72 0.00109513
1 -0.68 0.00103111
1 -0.64 0.000998907
1 -0.6 0.000905777
1 -0.56 0.000857844
1 -0.52 0.000794527
1 -0.48 0.000770193
1 -0.44 0.00068239
1 -0.4 0.000655481
1 -0.36 0.000536404
1 -0.32 0.000505441
1 -0.28 0.000468093
1 -0.24 0.000342565
1 -0.2 0.000273639
1 -0.16 0.000210895
1 -0.12 0.00016231
1 -0.08 0.000132502
1 -0.04 0.000111155
1 0 9.74852e-05
1 0.04 8.64536e-05
1 0.08 7.77468e-05
1 0.12 7.06648e-05
1 0.16 6.47579e-05
1 0.2 5.97504e-05
1 0.24 5.54366e-05
1 0.28 5.16802e-05
1 0.32 4.83704e-05
1 0.36 4.54249e-05
1 0.4 4.28056e-05
1 0.44 4.04301e-05
1 0.48 3.82922e-05
1 0.52 3.63348e-05
1 0.56 3.4558e-05
1 0.6 3.29142e-05
1 0.64 3.14066e-05
1 0.68 3.00035e-05
1 0.72 2.87144e-05
1 0.76 2.75172e-05
1 0.8 2.6396e-05
1 0.84 2.53539e-05
1 0.88 2.43753e-05
1 0.92 2.34599e-05
1 0.96 2.26016e-05
1 1 0
1 1.04 0
1 1.08 0
1 1.12 0
1 1.16 0
1 1.2 0
1 1.24 0
1 1.28 0
1 1.32 0
1 1.36 0
1 1.4 0
1 1.44 0
1 1.48 0
1 1.52 0
1 1.56 0
1 1.6 0
1 1.64 0
1 1.68 0
1 1.72 0
1 1.76 0
1 1.8 0
1 1.84 0
1 1.88 0
1 1.92 0
1 1.96 0
1 2 0
1 2.04 0
1 2.08 0
1 2.12 0
1 2.16 0
1 2.2 0
1 2.24 0
1 2.28 0
1 2.32 0
1 2.36 0
1 2.4 0
1 2.44 0
1 2.48 0
1 2.52 0
1 2.56 0
1 2.6 0
1 2.64 0
1 2.68 0
1 2.72 0
1 2.76 0
1 2.8 0
1 2.84 0
1 2.88 0
1 2.92 0
1 2.96 0
1 3 0
  
