# dynamical spin structure factor of two-orbital Hubbard-Kanamori model
# t00=0.5 t11/t00=0.8 U=16 Jh=U/4 L=60 n=2.33
# k, omega, S(k,omega)

0 0 -0.00451257
0 0.004 -0.00921815
0 0.008 -0.0135059
0 0.012 -0.0172299
0 0.016 -0.0172299
0 0.02 -0.0070474
0 0.024 0.0024544
0 0.028 0.00423339
0 0.032 0.0286799
0 0.036 0.0368893
0 0.04 0.0540866
0 0.044 0.0569595
0 0.048 0.0593352
0 0.052 0.0570481
0 0.056 -0.00198502
0 0.06 0.0224466
0 0.064 0.0379237
0 0.068 0.0204563
0 0.072 -0.0102403
0 0.076 0.00182786
0 0.08 0.0145848
0 0.084 0.0178263
0 0.088 0.000140772
0 0.092 0.00866857
0 0.096 -0.0496733
0 0.1 0.00376206
0 0.104 -0.00136984
0 0.108 -0.0995834
0 0.112 -0.0147505
0 0.116 -0.0888648
0 0.12 0.00105238
0 0.124 0.028453
0 0.128 -0.100315
0 0.132 -0.136259
0 0.136 -0.0736634
0 0.14 -0.0507167
0 0.144 -0.112263
0 0.148 0.0145568
0 0.152 -0.135988
0 0.156 -0.0777439
0 0.16 0.00814854
0 0.164 -0.102769
0 0.168 -0.0971356
0 0.172 -0.0242154
0 0.176 -0.017958
0 0.18 0.000823397
0 0.184 -0.0388619
0 0.188 0.11689
0 0.192 0.0797189
0 0.196 0.0598686
0 0.2 0.0805748
0 0.204 0.101728
0 0.208 0.128906
0 0.212 0.0308303
0 0.216 0.12474
0 0.22 0.119739
0 0.224 0.0779185
0 0.228 0.126395
0 0.232 0.0850542
0 0.236 0.0385264
0 0.24 -0.0240685
0 0.244 0.0873686
0 0.248 0.0808294
0 0.252 0.028699
0 0.256 0.0736686
0 0.26 -0.0491003
0 0.264 -0.0436289
0 0.268 0.00812315
0 0.272 0.0225353
0 0.276 0.0127391
0 0.28 0.0358161
0 0.284 -0.00564635
0 0.288 -0.0661562
0 0.292 0.0462572
0 0.296 0.011783
0 0.3 -0.0453409
0 0.304 -0.0870348
0 0.308 -0.106312
0 0.312 -0.0502873
0 0.316 -0.0848985
0 0.32 -0.0488654
0 0.324 -0.00224072
0 0.328 -0.033696
0 0.332 -0.0362116
0 0.336 -0.0723931
0 0.34 -0.0187314
0 0.344 0.00400721
0 0.348 -0.020589
0 0.352 -0.0740495
0 0.356 0.0294514
0 0.36 -0.06212
0 0.364 0.00943765
0 0.368 0.0830582
0 0.372 -0.00768697
0 0.376 0.0133638
0 0.38 -0.00533956
0 0.384 -0.0650667
0 0.388 -0.0265064
0 0.392 0.0187672
0 0.396 0.0348458
0 0.4 0.0126535
0 0.404 0.00138521
0 0.408 0.0186285
0 0.412 0.0016869
0 0.416 -0.0119406
0 0.42 -0.00955454
0 0.424 -0.0238921
0 0.428 0.0197627
0 0.432 -0.00296301
0 0.436 -0.0181949
0 0.44 0.0164518
0 0.444 -0.0028562
0 0.448 -0.023661
0 0.452 -0.0120773
0 0.456 0.0217863
0 0.46 0.0234765
0 0.464 -0.0139001
0 0.468 -0.0326885
0 0.472 0.0206023
0 0.476 -0.0425638
0 0.48 0.00343976
0 0.484 -0.0441234
0 0.488 0.00813572
0 0.492 -0.0461188
0 0.496 -0.0468312
0 0.5 -0.033529
0 0.504 -0.00222706
0 0.508 -0.0157759
0 0.512 -0.0305726
0 0.516 -0.0131398
0 0.52 -0.0338365
0 0.524 -0.0132608
0 0.528 0.00159233
0 0.532 -0.00883098
0 0.536 0.018145
0 0.54 0.00192382
0 0.544 -0.0177694
0 0.548 -0.0329731
0 0.552 -0.0455823
0 0.556 4.755e-05
0 0.56 -0.0226406
0 0.564 -0.00501411
0 0.568 -0.00629357
0 0.572 -0.0213749
0 0.576 0.000250455
0 0.58 0.0127231
0 0.584 -0.00119974
0 0.588 -0.00876323
0 0.592 0.00304132
0 0.596 -0.00349482
0 0.6 0.0181866
0 0.604 0.024876
0 0.608 0.0183766
0 0.612 0.0251747
0 0.616 0.00232086
0 0.62 0.0195025
0 0.624 0.000376784
0 0.628 0.0227024
0 0.632 -0.00749262
0 0.636 0.0127269
0 0.64 -0.00860593
0 0.644 0.0310407
0 0.648 0.0051176
0 0.652 0.0104985
0 0.656 0.00666199
0 0.66 0.00535266
0 0.664 0.0145863
0 0.668 0.0216569
0 0.672 -0.00451885
0 0.676 -0.00695132
0 0.68 0.00941217
0 0.684 0.00556011
0 0.688 0.00916505
0 0.692 0.0112888
0 0.696 -0.000472626
0 0.7 -0.0015737
0 0.704 0.0121872
0 0.708 0.00802993
0 0.712 -0.0045247
0 0.716 0.00840901
0 0.72 0.0145737
0 0.724 0.0110375
0 0.728 0.00358042
0 0.732 0.00924295
0 0.736 0.0120763
0 0.74 -0.00450434
0 0.744 -0.000251127
0 0.748 -0.0118145
0 0.752 -0.0083095
0 0.756 0.000537332
0 0.76 -0.00707158
0 0.764 -0.0102837
0 0.768 -0.00812229
0 0.772 -0.00652421
0 0.776 0.000201838
0 0.78 -0.00535864
0 0.784 -0.00310914
0 0.788 -0.00829077
0 0.792 -0.0123429
0 0.796 -0.00769571
0 0.8 -0.0028412
0.0166667 0 0.0774293
0.0166667 0.004 0.0716892
0.0166667 0.008 0.0625961
0.0166667 0.012 0.052572
0.0166667 0.016 0.052572
0.0166667 0.02 0.0467482
0.0166667 0.024 0.0470972
0.0166667 0.028 0.0420576
0.0166667 0.032 0.059576
0.0166667 0.036 0.0627547
0.0166667 0.04 0.0735578
0.0166667 0.044 0.0684631
0.0166667 0.048 0.0714338
0.0166667 0.052 0.0670796
0.0166667 0.056 0.0114778
0.0166667 0.06 0.0354948
0.0166667 0.064 0.0486597
0.0166667 0.068 0.0219934
0.0166667 0.072 -0.002197
0.0166667 0.076 0.0199237
0.0166667 0.08 0.014925
0.0166667 0.084 0.0198518
0.0166667 0.088 0.00993106
0.0166667 0.092 0.0230241
0.0166667 0.096 -0.024123
0.0166667 0.1 0.0129972
0.0166667 0.104 0.00995745
0.0166667 0.108 -0.0534169
0.0166667 0.112 0.017215
0.0166667 0.116 -0.05255
0.0166667 0.12 0.0166655
0.0166667 0.124 0.0225573
0.0166667 0.128 -0.0454328
0.0166667 0.132 -0.0887511
0.0166667 0.136 -0.043943
0.0166667 0.14 -0.0301348
0.0166667 0.144 -0.0617197
0.0166667 0.148 0.0195449
0.0166667 0.152 -0.0787343
0.0166667 0.156 -0.0480991
0.0166667 0.16 0.0104865
0.0166667 0.164 -0.0566808
0.0166667 0.168 -0.0571228
0.0166667 0.172 -0.0133234
0.0166667 0.176 0.00150529
0.0166667 0.18 0.0127701
0.0166667 0.184 -0.0217358
0.0166667 0.188 0.0697994
0.0166667 0.192 0.0350324
0.0166667 0.196 0.0582371
0.0166667 0.2 0.0625511
0.0166667 0.204 0.0759905
0.0166667 0.208 0.0645677
0.0166667 0.212 0.0093404
0.0166667 0.216 0.0555518
0.0166667 0.22 0.0830161
0.0166667 0.224 0.0507655
0.0166667 0.228 0.0770797
0.0166667 0.232 0.0536098
0.0166667 0.236 0.0299763
0.0166667 0.24 -0.0290936
0.0166667 0.244 0.0630652
0.0166667 0.248 0.0331024
0.0166667 0.252 -0.00661895
0.0166667 0.256 0.0572178
0.0166667 0.26 -0.021009
0.0166667 0.264 -0.0408104
0.0166667 0.268 -0.0133325
0.0166667 0.272 0.014273
0.0166667 0.276 -1.80896e-05
0.0166667 0.28 0.0178936
0.0166667 0.284 -0.0138757
0.0166667 0.288 -0.0575833
0.0166667 0.292 0.0154702
0.0166667 0.296 -0.0122981
0.0166667 0.3 -0.0299855
0.0166667 0.304 -0.0799911
0.0166667 0.308 -0.0855783
0.0166667 0.312 -0.0480785
0.0166667 0.316 -0.058005
0.0166667 0.32 -0.0303546
0.0166667 0.324 -0.012493
0.0166667 0.328 -0.0215167
0.0166667 0.332 -0.0309144
0.0166667 0.336 -0.0616899
0.0166667 0.34 -0.00373833
0.0166667 0.344 -0.0171835
0.0166667 0.348 -0.0133663
0.0166667 0.352 -0.0399853
0.0166667 0.356 0.0206957
0.0166667 0.36 -0.0148241
0.0166667 0.364 0.00483088
0.0166667 0.368 0.0484376
0.0166667 0.372 0.00597402
0.0166667 0.376 0.0142433
0.0166667 0.38 0.0195422
0.0166667 0.384 -0.0126573
0.0166667 0.388 -0.00392493
0.0166667 0.392 0.0328307
0.0166667 0.396 0.0402547
0.0166667 0.4 0.0214677
0.0166667 0.404 0.0285901
0.0166667 0.408 0.0210904
0.0166667 0.412 0.015318
0.0166667 0.416 0.0140127
0.0166667 0.42 0.0186827
0.0166667 0.424 0.0122846
0.0166667 0.428 0.0265218
0.0166667 0.432 0.00715954
0.0166667 0.436 0.00425996
0.0166667 0.44 0.0221631
0.0166667 0.444 0.00605355
0.0166667 0.448 0.00637468
0.0166667 0.452 0.00618078
0.0166667 0.456 0.0230414
0.0166667 0.46 0.0260152
0.0166667 0.464 -0.00799988
0.0166667 0.468 -0.00911533
0.0166667 0.472 0.0053995
0.0166667 0.476 -0.011361
0.0166667 0.48 -0.00609685
0.0166667 0.484 -0.0130508
0.0166667 0.488 0.00936477
0.0166667 0.492 -0.0131397
0.0166667 0.496 -0.0249855
0.0166667 0.5 -0.0154104
0.0166667 0.504 0.00355195
0.0166667 0.508 -0.00828919
0.0166667 0.512 -0.0171805
0.0166667 0.516 -0.00876155
0.0166667 0.52 -0.0180546
0.0166667 0.524 -0.00310253
0.0166667 0.528 -0.000454304
0.0166667 0.532 -0.0100143
0.0166667 0.536 0.0049578
0.0166667 0.54 -0.00638485
0.0166667 0.544 -0.0175403
0.0166667 0.548 -0.0180171
0.0166667 0.552 -0.0250424
0.0166667 0.556 -0.0111289
0.0166667 0.56 -0.0223871
0.0166667 0.564 -0.00696565
0.0166667 0.568 -0.0084024
0.0166667 0.572 -0.0161511
0.0166667 0.576 -0.00496173
0.0166667 0.58 0.00560053
0.0166667 0.584 -0.00384228
0.0166667 0.588 -0.00378403
0.0166667 0.592 0.00856714
0.0166667 0.596 -0.00492787
0.0166667 0.6 0.00776182
0.0166667 0.604 0.018613
0.0166667 0.608 0.0125571
0.0166667 0.612 0.0168531
0.0166667 0.616 0.0062641
0.0166667 0.62 0.0092419
0.0166667 0.624 -0.00111043
0.0166667 0.628 0.0135913
0.0166667 0.632 -0.00715487
0.0166667 0.636 0.00660724
0.0166667 0.64 -0.00475345
0.0166667 0.644 0.0150329
0.0166667 0.648 0.00198913
0.0166667 0.652 0.0054158
0.0166667 0.656 0.00403369
0.0166667 0.66 0.00092992
0.0166667 0.664 0.00796294
0.0166667 0.668 0.0138654
0.0166667 0.672 -0.00174516
0.0166667 0.676 -0.00418889
0.0166667 0.68 0.00494947
0.0166667 0.684 0.00345952
0.0166667 0.688 0.00620051
0.0166667 0.692 0.0098657
0.0166667 0.696 -0.00317703
0.0166667 0.7 0.00215171
0.0166667 0.704 0.0107604
0.0166667 0.708 0.00342529
0.0166667 0.712 -0.000466148
0.0166667 0.716 0.00426898
0.0166667 0.72 0.00927282
0.0166667 0.724 0.00768356
0.0166667 0.728 0.00385065
0.0166667 0.732 0.00752398
0.0166667 0.736 0.0104279
0.0166667 0.74 0.00115839
0.0166667 0.744 0.00153111
0.0166667 0.748 -0.00967527
0.0166667 0.752 -0.00885855
0.0166667 0.756 0.00107139
0.0166667 0.76 -0.0102561
0.0166667 0.764 -0.00943955
0.0166667 0.768 -0.00745101
0.0166667 0.772 -0.00537478
0.0166667 0.776 -9.67484e-05
0.0166667 0.78 -0.00242356
0.0166667 0.784 -0.000934114
0.0166667 0.788 -0.00270689
0.0166667 0.792 -0.00980294
0.0166667 0.796 -0.0043078
0.0166667 0.8 -0.00516799
0.0333333 0 0.255288
0.0333333 0.004 0.248192
0.0333333 0.008 0.229868
0.0333333 0.012 0.207051
0.0333333 0.016 0.207051
0.0333333 0.02 0.167781
0.0333333 0.024 0.148205
0.0333333 0.028 0.128244
0.0333333 0.032 0.129952
0.0333333 0.036 0.122014
0.0333333 0.04 0.117669
0.0333333 0.044 0.0942095
0.0333333 0.048 0.0974971
0.0333333 0.052 0.0866386
0.0333333 0.056 0.0400099
0.0333333 0.06 0.0614528
0.0333333 0.064 0.0680097
0.0333333 0.068 0.0224524
0.0333333 0.072 0.0146883
0.0333333 0.076 0.0523656
0.0333333 0.08 0.0110168
0.0333333 0.084 0.0167112
0.0333333 0.088 0.0291281
0.0333333 0.092 0.0528273
0.0333333 0.096 0.0261924
0.0333333 0.1 0.0394298
0.0333333 0.104 0.0400857
0.0333333 0.108 0.0440536
0.0333333 0.112 0.0773067
0.0333333 0.116 0.0333155
0.0333333 0.12 0.0537224
0.0333333 0.124 0.0230748
0.0333333 0.128 0.0680638
0.0333333 0.132 0.017343
0.0333333 0.136 0.0195277
0.0333333 0.14 0.00901572
0.0333333 0.144 0.0464504
0.0333333 0.148 0.0279458
0.0333333 0.152 0.0387333
0.0333333 0.156 0.0114903
0.0333333 0.16 0.00720048
0.0333333 0.164 0.032863
0.0333333 0.168 0.0235553
0.0333333 0.172 -0.00102919
0.0333333 0.176 0.0309438
0.0333333 0.18 0.036416
0.0333333 0.184 0.00328652
0.0333333 0.188 -0.0301305
0.0333333 0.192 -0.0598852
0.0333333 0.196 0.0465647
0.0333333 0.2 0.0183833
0.0333333 0.204 0.00841068
0.0333333 0.208 -0.060519
0.0333333 0.212 -0.0336018
0.0333333 0.216 -0.0733181
0.0333333 0.22 -0.00522968
0.0333333 0.224 -0.0135669
0.0333333 0.228 -0.0187164
0.0333333 0.232 -0.00823283
0.0333333 0.236 0.0113865
0.0333333 0.24 -0.0237343
0.0333333 0.244 0.0159842
0.0333333 0.248 -0.055625
0.0333333 0.252 -0.0654552
0.0333333 0.256 0.0171814
0.0333333 0.26 0.0403265
0.0333333 0.264 -0.025104
0.0333333 0.268 -0.0533377
0.0333333 0.272 0.0142317
0.0333333 0.276 -0.00768187
0.0333333 0.28 0.00288584
0.0333333 0.284 -0.0117426
0.0333333 0.288 -0.0334295
0.0333333 0.292 -0.0268842
0.0333333 0.296 -0.0501396
0.0333333 0.3 0.00256373
0.0333333 0.304 -0.0537388
0.0333333 0.308 -0.019269
0.0333333 0.312 -0.0311062
0.0333333 0.316 0.0041339
0.0333333 0.32 0.0121645
0.0333333 0.324 -0.0114996
0.0333333 0.328 0.015196
0.0333333 0.332 -0.00342599
0.0333333 0.336 -0.0148502
0.0333333 0.34 0.0364383
0.0333333 0.344 -0.0515642
0.0333333 0.348 0.00546305
0.0333333 0.352 0.0269958
0.0333333 0.356 0.013501
0.0333333 0.36 0.0589862
0.0333333 0.364 0.000861979
0.0333333 0.368 -0.0151999
0.0333333 0.372 0.0303768
0.0333333 0.376 0.0179644
0.0333333 0.38 0.0537163
0.0333333 0.384 0.0769672
0.0333333 0.388 0.025963
0.0333333 0.392 0.0479495
0.0333333 0.396 0.0390072
0.0333333 0.4 0.0315316
0.0333333 0.404 0.0659027
0.0333333 0.408 0.0213187
0.0333333 0.412 0.0318771
0.0333333 0.416 0.0466762
0.0333333 0.42 0.0560653
0.0333333 0.424 0.065404
0.0333333 0.428 0.0334426
0.0333333 0.432 0.0140039
0.0333333 0.436 0.0369071
0.0333333 0.44 0.0247016
0.0333333 0.444 0.0158328
0.0333333 0.448 0.0467358
0.0333333 0.452 0.0281908
0.0333333 0.456 0.0107
0.0333333 0.46 0.0197171
0.0333333 0.464 -0.00218683
0.0333333 0.468 0.0262956
0.0333333 0.472 -0.0180066
0.0333333 0.476 0.0347121
0.0333333 0.48 -0.0223054
0.0333333 0.484 0.0402728
0.0333333 0.488 0.0069397
0.0333333 0.492 0.0353715
0.0333333 0.496 0.00988511
0.0333333 0.5 0.0115539
0.0333333 0.504 0.0105949
0.0333333 0.508 0.0015383
0.0333333 0.512 0.00318741
0.0333333 0.516 0.00133218
0.0333333 0.52 0.00482738
0.0333333 0.524 0.0109353
0.0333333 0.528 -0.0046517
0.0333333 0.532 -0.00988682
0.0333333 0.536 -0.014128
0.0333333 0.54 -0.0150856
0.0333333 0.544 -0.012508
0.0333333 0.548 0.00472885
0.0333333 0.552 0.00702243
0.0333333 0.556 -0.0261053
0.0333333 0.56 -0.0167039
0.0333333 0.564 -0.00762043
0.0333333 0.568 -0.00756484
0.0333333 0.572 -0.00489381
0.0333333 0.576 -0.00680719
0.0333333 0.58 -0.00398189
0.0333333 0.584 -0.00364119
0.0333333 0.588 0.00830709
0.0333333 0.592 0.0193646
0.0333333 0.596 -0.00473247
0.0333333 0.6 -0.00816515
0.0333333 0.604 0.00840237
0.0333333 0.608 0.00710776
0.0333333 0.612 0.00341171
0.0333333 0.616 0.0116125
0.0333333 0.62 -0.00639564
0.0333333 0.624 -0.000657946
0.0333333 0.628 0.000327866
0.0333333 0.632 -0.00517984
0.0333333 0.636 -0.00347588
0.0333333 0.64 0.00191044
0.0333333 0.644 -0.00877361
0.0333333 0.648 -0.000543345
0.0333333 0.652 -0.0022332
0.0333333 0.656 -0.000793044
0.0333333 0.66 -0.00432052
0.0333333 0.664 -0.00247237
0.0333333 0.668 0.000335614
0.0333333 0.672 0.00425243
0.0333333 0.676 0.00167241
0.0333333 0.68 -0.00341377
0.0333333 0.684 -0.00303136
0.0333333 0.688 -0.000231418
0.0333333 0.692 0.00728987
0.0333333 0.696 -0.00568681
0.0333333 0.7 0.00743534
0.0333333 0.704 0.0079937
0.0333333 0.708 -0.00447549
0.0333333 0.712 0.00556545
0.0333333 0.716 -0.00241843
0.0333333 0.72 -5.81921e-05
0.0333333 0.724 0.0009535
0.0333333 0.728 0.00333433
0.0333333 0.732 0.00227815
0.0333333 0.736 0.00658274
0.0333333 0.74 0.00838861
0.0333333 0.744 0.00253426
0.0333333 0.748 -0.00509595
0.0333333 0.752 -0.00931235
0.0333333 0.756 0.000208608
0.0333333 0.76 -0.0149338
0.0333333 0.764 -0.00676057
0.0333333 0.768 -0.00748275
0.0333333 0.772 -0.00418152
0.0333333 0.776 -0.0017344
0.0333333 0.78 0.00100918
0.0333333 0.784 0.000781476
0.0333333 0.788 0.00575343
0.0333333 0.792 -0.0054702
0.0333333 0.796 0.00209908
0.0333333 0.8 -0.0078547
0.05 0 0.410056
0.05 0.004 0.403876
0.05 0.008 0.380882
0.05 0.012 0.349454
0.05 0.016 0.349454
0.05 0.02 0.284767
0.05 0.024 0.248309
0.05 0.028 0.215235
0.05 0.032 0.200808
0.05 0.036 0.182535
0.05 0.04 0.162175
0.05 0.044 0.120921
0.05 0.048 0.121675
0.05 0.052 0.100131
0.05 0.056 0.0651755
0.05 0.06 0.0799365
0.05 0.064 0.077324
0.05 0.068 0.0207461
0.05 0.072 0.0309052
0.05 0.076 0.064924
0.05 0.08 0.000692553
0.05 0.084 0.000851442
0.05 0.088 0.0439921
0.05 0.092 0.0771524
0.05 0.096 0.058968
0.05 0.1 0.0745437
0.05 0.104 0.0781498
0.05 0.108 0.114078
0.05 0.112 0.102939
0.05 0.116 0.115163
0.05 0.12 0.0932953
0.05 0.124 0.0528887
0.05 0.128 0.137848
0.05 0.132 0.104685
0.05 0.136 0.0645483
0.05 0.14 0.0255755
0.05 0.144 0.12341
0.05 0.148 0.0282442
0.05 0.152 0.107958
0.05 0.156 0.0459252
0.05 0.16 -0.0136904
0.05 0.164 0.0714809
0.05 0.168 0.0666793
0.05 0.172 -0.0206576
0.05 0.176 0.0196154
0.05 0.18 0.0385471
0.05 0.184 -0.00648498
0.05 0.188 -0.100209
0.05 0.192 -0.126381
0.05 0.196 0.016368
0.05 0.2 -0.0276067
0.05 0.204 -0.0698167
0.05 0.208 -0.117394
0.05 0.212 -0.0557533
0.05 0.216 -0.116215
0.05 0.22 -0.0786937
0.05 0.224 -0.0620129
0.05 0.228 -0.0645122
0.05 0.232 -0.0420079
0.05 0.236 -0.0028568
0.05 0.24 0.0188548
0.05 0.244 -0.00531111
0.05 0.248 -0.0830285
0.05 0.252 -0.068235
0.05 0.256 -0.014016
0.05 0.26 0.0879257
0.05 0.264 0.00764357
0.05 0.268 -0.0569094
0.05 0.272 0.0534374
0.05 0.276 0.028717
0.05 0.28 0.0442105
0.05 0.284 0.0296176
0.05 0.288 -0.00375307
0.05 0.292 -0.00817718
0.05 0.296 -0.0477451
0.05 0.3 0.0265282
0.05 0.304 -0.0137561
0.05 0.308 0.07244
0.05 0.312 0.00471443
0.05 0.316 0.0549353
0.05 0.32 0.0456465
0.05 0.324 0.0344415
0.05 0.328 0.0578239
0.05 0.332 0.045415
0.05 0.336 0.0586025
0.05 0.34 0.0794037
0.05 0.344 -0.0531595
0.05 0.348 0.028781
0.05 0.352 0.0575823
0.05 0.356 0.0296179
0.05 0.36 0.0527789
0.05 0.364 0.00866808
0.05 0.368 -0.0423195
0.05 0.372 0.0344314
0.05 0.376 0.0229877
0.05 0.38 0.0397645
0.05 0.384 0.0903237
0.05 0.388 0.00881506
0.05 0.392 0.0254553
0.05 0.396 0.0119976
0.05 0.4 0.0208336
0.05 0.404 0.0478244
0.05 0.408 0.00888056
0.05 0.412 0.0144618
0.05 0.416 0.0234428
0.05 0.42 0.0357487
0.05 0.424 0.0520166
0.05 0.428 0.0218387
0.05 0.432 -0.00784359
0.05 0.436 0.0287831
0.05 0.44 0.0101517
0.05 0.444 0.00342367
0.05 0.448 0.0258846
0.05 0.452 0.0099364
0.05 0.456 -0.0268483
0.05 0.46 -0.00787489
0.05 0.464 -0.0118217
0.05 0.468 0.022048
0.05 0.472 -0.0141626
0.05 0.476 0.0270037
0.05 0.48 -0.0231292
0.05 0.484 0.049734
0.05 0.488 -0.0037483
0.05 0.492 0.0264328
0.05 0.496 0.0118562
0.05 0.5 0.00943116
0.05 0.504 0.00500493
0.05 0.508 -0.002326
0.05 0.512 0.00406266
0.05 0.516 0.0120208
0.05 0.52 0.00268164
0.05 0.524 0.00476655
0.05 0.528 -0.00564194
0.05 0.532 -0.00316146
0.05 0.536 -0.00786742
0.05 0.54 -0.00232323
0.05 0.544 0.00184703
0.05 0.548 0.00409185
0.05 0.552 0.00739569
0.05 0.556 -0.0181459
0.05 0.56 -0.00108508
0.05 0.564 -0.00135769
0.05 0.568 0.00351692
0.05 0.572 0.00348725
0.05 0.576 0.0103295
0.05 0.58 -0.000658896
0.05 0.584 0.00823405
0.05 0.588 0.0194051
0.05 0.592 0.0248713
0.05 0.596 0.00207039
0.05 0.6 -0.00556887
0.05 0.604 0.00749801
0.05 0.608 0.0167
0.05 0.612 0.00302085
0.05 0.616 0.00863837
0.05 0.62 -0.0052074
0.05 0.624 0.00586165
0.05 0.628 0.00234653
0.05 0.632 -0.00131521
0.05 0.636 -0.00434591
0.05 0.64 0.00367665
0.05 0.644 -0.00625877
0.05 0.648 0.00524926
0.05 0.652 -0.00221453
0.05 0.656 -0.00325466
0.05 0.66 0.000231305
0.05 0.664 -0.00293292
0.05 0.668 -0.00388446
0.05 0.672 0.00837548
0.05 0.676 0.00496884
0.05 0.68 -0.00695517
0.05 0.684 -0.0116023
0.05 0.688 -0.00572989
0.05 0.692 0.00446271
0.05 0.696 -0.00102003
0.05 0.7 0.00619872
0.05 0.704 0.00667013
0.05 0.708 -0.00718832
0.05 0.712 0.00463276
0.05 0.716 -0.00307179
0.05 0.72 -0.00328893
0.05 0.724 -0.00319166
0.05 0.728 0.00124989
0.05 0.732 -0.0043178
0.05 0.736 0.00256659
0.05 0.74 0.00409798
0.05 0.744 -0.00240231
0.05 0.748 -0.00157751
0.05 0.752 -0.00803194
0.05 0.756 -0.00444055
0.05 0.76 -0.0132731
0.05 0.764 -0.00293954
0.05 0.768 -0.00971146
0.05 0.772 -0.00497429
0.05 0.776 -0.00466344
0.05 0.78 -0.00231381
0.05 0.784 -0.00321498
0.05 0.788 0.00533807
0.05 0.792 -0.00381383
0.05 0.796 0.00528368
0.05 0.8 -0.00520046
0.0666667 0 0.500242
0.0666667 0.004 0.496945
0.0666667 0.008 0.476208
0.0666667 0.012 0.443645
0.0666667 0.016 0.443645
0.0666667 0.02 0.369464
0.0666667 0.024 0.325128
0.0666667 0.028 0.284674
0.0666667 0.032 0.25642
0.0666667 0.036 0.230824
0.0666667 0.04 0.198344
0.0666667 0.044 0.146689
0.0666667 0.048 0.141759
0.0666667 0.052 0.108004
0.0666667 0.056 0.0853777
0.0666667 0.06 0.0897165
0.0666667 0.064 0.0790208
0.0666667 0.068 0.0296238
0.0666667 0.072 0.0491443
0.0666667 0.076 0.0565666
0.0666667 0.08 -0.00212305
0.0666667 0.084 -0.00969665
0.0666667 0.088 0.0587613
0.0666667 0.092 0.0928323
0.0666667 0.096 0.0688502
0.0666667 0.1 0.0998397
0.0666667 0.104 0.108027
0.0666667 0.108 0.11899
0.0666667 0.112 0.0787631
0.0666667 0.116 0.144842
0.0666667 0.12 0.120643
0.0666667 0.124 0.0938151
0.0666667 0.128 0.109838
0.0666667 0.132 0.119611
0.0666667 0.136 0.0604453
0.0666667 0.14 0.00754245
0.0666667 0.144 0.115242
0.0666667 0.148 0.0185556
0.0666667 0.152 0.0725134
0.0666667 0.156 0.0333553
0.0666667 0.16 -0.0399722
0.0666667 0.164 0.0191332
0.0666667 0.168 0.0336999
0.0666667 0.172 -0.0693615
0.0666667 0.176 -0.0402292
0.0666667 0.18 -0.00568861
0.0666667 0.184 -0.049515
0.0666667 0.188 -0.0909075
0.0666667 0.192 -0.116773
0.0666667 0.196 -0.0222152
0.0666667 0.2 -0.0489744
0.0666667 0.204 -0.110404
0.0666667 0.208 -0.0535793
0.0666667 0.212 -0.0346995
0.0666667 0.216 -0.0234417
0.0666667 0.22 -0.0606812
0.0666667 0.224 -0.035312
0.0666667 0.228 -0.0250138
0.0666667 0.232 -0.0282101
0.0666667 0.236 -0.00164537
0.0666667 0.24 0.0782428
0.0666667 0.244 0.0165058
0.0666667 0.248 -0.0142743
0.0666667 0.252 -0.00670642
0.0666667 0.256 0.0025909
0.0666667 0.26 0.0914503
0.0666667 0.264 0.0347731
0.0666667 0.268 0.00679596
0.0666667 0.272 0.106162
0.0666667 0.276 0.0815959
0.0666667 0.28 0.114669
0.0666667 0.284 0.0734627
0.0666667 0.288 0.00903676
0.0666667 0.292 0.0518603
0.0666667 0.296 -0.00771268
0.0666667 0.3 0.0278187
0.0666667 0.304 0.0069774
0.0666667 0.308 0.119496
0.0666667 0.312 0.028344
0.0666667 0.316 0.0520417
0.0666667 0.32 0.0385032
0.0666667 0.324 0.0834387
0.0666667 0.328 0.0611441
0.0666667 0.332 0.0685269
0.0666667 0.336 0.0819204
0.0666667 0.34 0.0880067
0.0666667 0.344 -0.0225361
0.0666667 0.348 0.0450176
0.0666667 0.352 0.0208866
0.0666667 0.356 0.0485358
0.0666667 0.36 -0.0255768
0.0666667 0.364 0.0172809
0.0666667 0.368 -0.0233021
0.0666667 0.372 0.00961918
0.0666667 0.376 0.0220097
0.0666667 0.38 -0.00407552
0.0666667 0.384 0.0148135
0.0666667 0.388 -0.0392647
0.0666667 0.392 -0.020349
0.0666667 0.396 -0.0194057
0.0666667 0.4 -0.000367477
0.0666667 0.404 -0.0127098
0.0666667 0.408 -0.0128585
0.0666667 0.412 -0.028686
0.0666667 0.416 -0.0318313
0.0666667 0.42 -0.0212612
0.0666667 0.424 -0.0153642
0.0666667 0.428 -0.00133929
0.0666667 0.432 -0.0303851
0.0666667 0.436 -0.00920239
0.0666667 0.44 -0.00253306
0.0666667 0.444 -0.020246
0.0666667 0.448 -0.0357351
0.0666667 0.452 -0.0289496
0.0666667 0.456 -0.0541711
0.0666667 0.46 -0.0327302
0.0666667 0.464 -0.0255858
0.0666667 0.468 -0.0105608
0.0666667 0.472 0.0169605
0.0666667 0.476 -0.0178724
0.0666667 0.48 -0.00291459
0.0666667 0.484 0.00966883
0.0666667 0.488 -0.0101558
0.0666667 0.492 -0.0234553
0.0666667 0.496 -0.0122944
0.0666667 0.5 -0.00988941
0.0666667 0.504 -0.00689286
0.0666667 0.508 -0.0104469
0.0666667 0.512 -0.00411778
0.0666667 0.516 0.0216155
0.0666667 0.52 -0.0107509
0.0666667 0.524 -0.0148371
0.0666667 0.528 0.00116253
0.0666667 0.532 0.00790083
0.0666667 0.536 0.0199318
0.0666667 0.54 0.0210368
0.0666667 0.544 0.0184746
0.0666667 0.548 -0.0108164
0.0666667 0.552 -0.0153699
0.0666667 0.556 0.00602385
0.0666667 0.56 0.0150569
0.0666667 0.564 0.00521622
0.0666667 0.568 0.0142056
0.0666667 0.572 0.00455561
0.0666667 0.576 0.0297271
0.0666667 0.58 0.00780837
0.0666667 0.584 0.0217331
0.0666667 0.588 0.0203618
0.0666667 0.592 0.0209536
0.0666667 0.596 0.0100493
0.0666667 0.6 0.0135019
0.0666667 0.604 0.0147485
0.0666667 0.608 0.0299707
0.0666667 0.612 0.0147652
0.0666667 0.616 -0.0010086
0.0666667 0.62 0.0080728
0.0666667 0.624 0.0101151
0.0666667 0.628 0.0132284
0.0666667 0.632 0.00122111
0.0666667 0.636 0.00383457
0.0666667 0.64 0.00026783
0.0666667 0.644 0.0130704
0.0666667 0.648 0.0117374
0.0666667 0.652 0.0018171
0.0666667 0.656 -0.00346581
0.0666667 0.66 0.00932038
0.0666667 0.664 0.00373879
0.0666667 0.668 0.00044062
0.0666667 0.672 0.00697191
0.0666667 0.676 0.00171107
0.0666667 0.68 -0.0036468
0.0666667 0.684 -0.0160808
0.0666667 0.688 -0.00812921
0.0666667 0.692 -0.00158971
0.0666667 0.696 0.00608117
0.0666667 0.7 0.00126005
0.0666667 0.704 0.00757924
0.0666667 0.708 -0.00599473
0.0666667 0.712 -0.0016741
0.0666667 0.716 0.00184382
0.0666667 0.72 -0.000569199
0.0666667 0.724 -0.00222966
0.0666667 0.728 0.000457181
0.0666667 0.732 -0.0065343
0.0666667 0.736 -8.76516e-05
0.0666667 0.74 -0.00611822
0.0666667 0.744 -0.00901826
0.0666667 0.748 -0.000571501
0.0666667 0.752 -0.00552676
0.0666667 0.756 -0.00931399
0.0666667 0.76 -0.00498697
0.0666667 0.764 -0.000229251
0.0666667 0.768 -0.0102519
0.0666667 0.772 -0.00455268
0.0666667 0.776 -0.00625769
0.0666667 0.78 -0.00906684
0.0666667 0.784 -0.00742691
0.0666667 0.788 -0.00111639
0.0666667 0.792 -0.00346836
0.0666667 0.796 0.00404406
0.0666667 0.8 0.000499875
0.0833333 0 0.558825
0.0833333 0.004 0.558091
0.0833333 0.008 0.541766
0.0833333 0.012 0.511143
0.0833333 0.016 0.511143
0.0833333 0.02 0.432942
0.0833333 0.024 0.386274
0.0833333 0.028 0.341781
0.0833333 0.032 0.299499
0.0833333 0.036 0.267779
0.0833333 0.04 0.227307
0.0833333 0.044 0.172985
0.0833333 0.048 0.16221
0.0833333 0.052 0.119311
0.0833333 0.056 0.10944
0.0833333 0.06 0.102085
0.0833333 0.064 0.0879057
0.0833333 0.068 0.059891
0.0833333 0.072 0.0750072
0.0833333 0.076 0.052478
0.0833333 0.08 0.0177516
0.0833333 0.084 0.0100973
0.0833333 0.088 0.0847416
0.0833333 0.092 0.106437
0.0833333 0.096 0.0790094
0.0833333 0.1 0.0998088
0.0833333 0.104 0.11397
0.0833333 0.108 0.0857771
0.0833333 0.112 0.0443215
0.0833333 0.116 0.111709
0.0833333 0.12 0.123453
0.0833333 0.124 0.100867
0.0833333 0.128 0.0234409
0.0833333 0.132 0.0695396
0.0833333 0.136 0.0211407
0.0833333 0.14 -0.015707
0.0833333 0.144 0.0417689
0.0833333 0.148 0.0100893
0.0833333 0.152 -0.0227335
0.0833333 0.156 0.00258523
0.0833333 0.16 -0.0440187
0.0833333 0.164 -0.0682024
0.0833333 0.168 -0.0374345
0.0833333 0.172 -0.100132
0.0833333 0.176 -0.0973232
0.0833333 0.18 -0.0657302
0.0833333 0.184 -0.0761216
0.0833333 0.188 -0.0165727
0.0833333 0.192 -0.0436332
0.0833333 0.196 -0.0411836
0.0833333 0.2 -0.0312198
0.0833333 0.204 -0.0760244
0.0833333 0.208 0.060759
0.0833333 0.212 0.0157608
0.0833333 0.216 0.110775
0.0833333 0.22 0.0521348
0.0833333 0.224 0.0588156
0.0833333 0.228 0.0458466
0.0833333 0.232 0.0033746
0.0833333 0.236 0.0168737
0.0833333 0.24 0.0949957
0.0833333 0.244 0.0496108
0.0833333 0.248 0.0778366
0.0833333 0.252 0.0453167
0.0833333 0.256 0.0594321
0.0833333 0.26 0.0550221
0.0833333 0.264 0.0228274
0.0833333 0.268 0.0902381
0.0833333 0.272 0.109017
0.0833333 0.276 0.0812664
0.0833333 0.28 0.124784
0.0833333 0.284 0.0548711
0.0833333 0.288 -0.0135308
0.0833333 0.292 0.0644816
0.0833333 0.296 0.0152411
0.0833333 0.3 0.0094999
0.0833333 0.304 -0.0136041
0.0833333 0.308 0.0672865
0.0833333 0.312 0.00853189
0.0833333 0.316 0.000186224
0.0833333 0.32 -0.00893818
0.0833333 0.324 0.0662745
0.0833333 0.328 0.00721758
0.0833333 0.332 0.0267876
0.0833333 0.336 0.00707715
0.0833333 0.34 0.0483062
0.0833333 0.344 3.28562e-05
0.0833333 0.348 0.0398779
0.0833333 0.352 -0.0417312
0.0833333 0.356 0.0351848
0.0833333 0.36 -0.0639572
0.0833333 0.364 0.0081262
0.0833333 0.368 0.0040337
0.0833333 0.372 -0.0155101
0.0833333 0.376 0.0122899
0.0833333 0.38 -0.0078772
0.0833333 0.384 -0.0517749
0.0833333 0.388 -0.0512888
0.0833333 0.392 -0.0325744
0.0833333 0.396 -0.0188421
0.0833333 0.4 -0.00306109
0.0833333 0.404 -0.0426129
0.0833333 0.408 -0.0285126
0.0833333 0.412 -0.0477041
0.0833333 0.416 -0.0395791
0.0833333 0.42 -0.0355084
0.0833333 0.424 -0.0476328
0.0833333 0.428 -0.0115435
0.0833333 0.432 -0.0105031
0.0833333 0.436 -0.0207475
0.0833333 0.44 0.00709324
0.0833333 0.444 -0.0217851
0.0833333 0.448 -0.0518702
0.0833333 0.452 -0.0319267
0.0833333 0.456 -0.0275666
0.0833333 0.46 -0.0216824
0.0833333 0.464 -0.0146675
0.0833333 0.468 -0.0158172
0.0833333 0.472 0.0416789
0.0833333 0.476 -0.0254064
0.0833333 0.48 0.0218729
0.0833333 0.484 -0.0226935
0.0833333 0.488 0.00245605
0.0833333 0.492 -0.0365753
0.0833333 0.496 -0.0164642
0.0833333 0.5 -0.00682396
0.0833333 0.504 -0.00597193
0.0833333 0.508 -0.00193495
0.0833333 0.512 0.00630644
0.0833333 0.516 0.0298794
0.0833333 0.52 -0.00184777
0.0833333 0.524 -0.0163317
0.0833333 0.528 0.0124819
0.0833333 0.532 0.0139264
0.0833333 0.536 0.0356101
0.0833333 0.54 0.0230576
0.0833333 0.544 0.0238409
0.0833333 0.548 -0.00629006
0.0833333 0.552 -0.0171826
0.0833333 0.556 0.0161009
0.0833333 0.56 0.0160798
0.0833333 0.564 0.00118166
0.0833333 0.568 0.00716137
0.0833333 0.572 0.00261491
0.0833333 0.576 0.0197587
0.0833333 0.58 0.00213988
0.0833333 0.584 0.019774
0.0833333 0.588 0.00990917
0.0833333 0.592 0.0118287
0.0833333 0.596 0.00959846
0.0833333 0.6 0.0226214
0.0833333 0.604 0.0164985
0.0833333 0.608 0.0227729
0.0833333 0.612 0.0199697
0.0833333 0.616 -0.00640843
0.0833333 0.62 0.00899035
0.0833333 0.624 0.0027395
0.0833333 0.628 0.0118516
0.0833333 0.632 -0.000769647
0.0833333 0.636 0.00868852
0.0833333 0.64 -0.00246779
0.0833333 0.644 0.0131686
0.0833333 0.648 0.00592812
0.0833333 0.652 -0.000434458
0.0833333 0.656 -0.00414837
0.0833333 0.66 0.00856597
0.0833333 0.664 0.00315978
0.0833333 0.668 0.00115309
0.0833333 0.672 0.00097178
0.0833333 0.676 -0.00536507
0.0833333 0.68 0.000938172
0.0833333 0.684 -0.0132044
0.0833333 0.688 -0.00702374
0.0833333 0.692 -0.010912
0.0833333 0.696 0.00528863
0.0833333 0.7 0.00161418
0.0833333 0.704 0.008567
0.0833333 0.708 -0.00718007
0.0833333 0.712 -0.00454159
0.0833333 0.716 0.00602975
0.0833333 0.72 0.000501731
0.0833333 0.724 0.0026124
0.0833333 0.728 0.00348168
0.0833333 0.732 -0.00116482
0.0833333 0.736 0.000306456
0.0833333 0.74 -0.00619319
0.0833333 0.744 -0.0085592
0.0833333 0.748 -0.000278289
0.0833333 0.752 -0.00351123
0.0833333 0.756 -0.00926207
0.0833333 0.76 0.00316183
0.0833333 0.764 3.60958e-05
0.0833333 0.768 -0.00524433
0.0833333 0.772 0.000462431
0.0833333 0.776 -0.00486197
0.0833333 0.78 -0.00935712
0.0833333 0.784 -0.00316475
0.0833333 0.788 -0.00211304
0.0833333 0.792 -0.000436832
0.0833333 0.796 0.00166074
0.0833333 0.8 0.00312038
0.1 0 0.602252
0.1 0.004 0.603187
0.1 0.008 0.589337
0.1 0.012 0.56029
0.1 0.016 0.56029
0.1 0.02 0.4755
0.1 0.024 0.427999
0.1 0.028 0.380905
0.1 0.032 0.324455
0.1 0.036 0.28779
0.1 0.04 0.242554
0.1 0.044 0.191591
0.1 0.048 0.178438
0.1 0.052 0.132775
0.1 0.056 0.13582
0.1 0.06 0.118244
0.1 0.064 0.10535
0.1 0.068 0.100654
0.1 0.072 0.101566
0.1 0.076 0.0632673
0.1 0.08 0.0541813
0.1 0.084 0.0557258
0.1 0.088 0.114825
0.1 0.092 0.111796
0.1 0.096 0.095639
0.1 0.1 0.0789801
0.1 0.104 0.0927746
0.1 0.108 0.0617094
0.1 0.112 0.0355857
0.1 0.116 0.0496281
0.1 0.12 0.0924118
0.1 0.124 0.0624565
0.1 0.128 -0.0378273
0.1 0.132 0.0059444
0.1 0.136 -0.0133872
0.1 0.14 -0.00889388
0.1 0.144 -0.0333452
0.1 0.148 0.0155809
0.1 0.152 -0.0835132
0.1 0.156 -0.00369862
0.1 0.16 -0.0139175
0.1 0.164 -0.0985524
0.1 0.168 -0.073121
0.1 0.172 -0.0702347
0.1 0.176 -0.0928442
0.1 0.18 -0.0681225
0.1 0.184 -0.0472783
0.1 0.188 0.0668109
0.1 0.192 0.042876
0.1 0.196 -0.0227238
0.1 0.2 0.0156047
0.1 0.204 0.0200806
0.1 0.208 0.117639
0.1 0.212 0.0601374
0.1 0.216 0.155814
0.1 0.22 0.154305
0.1 0.224 0.125142
0.1 0.228 0.0723423
0.1 0.232 0.0174821
0.1 0.236 0.0391137
0.1 0.24 0.0403695
0.1 0.244 0.0510782
0.1 0.248 0.0944298
0.1 0.252 0.0246319
0.1 0.256 0.086275
0.1 0.26 0.00457061
0.1 0.264 -0.0249899
0.1 0.268 0.0953835
0.1 0.272 0.0461145
0.1 0.276 0.0125526
0.1 0.28 0.04121
0.1 0.284 -0.0206295
0.1 0.288 -0.0580726
0.1 0.292 0.0035211
0.1 0.296 -0.0116719
0.1 0.3 -0.0157026
0.1 0.304 -0.0430566
0.1 0.308 -0.0400855
0.1 0.312 -0.0305147
0.1 0.316 -0.0438205
0.1 0.32 -0.0559148
0.1 0.324 -0.00532582
0.1 0.328 -0.0469858
0.1 0.332 -0.0385153
0.1 0.336 -0.082959
0.1 0.34 -0.00136856
0.1 0.344 -0.00338128
0.1 0.348 0.0130103
0.1 0.352 -0.0599782
0.1 0.356 0.00189929
0.1 0.36 -0.00295665
0.1 0.364 -0.0119689
0.1 0.368 0.0193696
0.1 0.372 -0.00535104
0.1 0.376 0.00514566
0.1 0.38 0.0424847
0.1 0.384 -0.03202
0.1 0.388 -0.00863377
0.1 0.392 0.013358
0.1 0.396 0.00744042
0.1 0.4 0.0138721
0.1 0.404 -0.0144499
0.1 0.408 -0.0293177
0.1 0.412 -0.0161679
0.1 0.416 0.0135768
0.1 0.42 0.00951992
0.1 0.424 -0.00964901
0.1 0.428 -0.00269224
0.1 0.432 0.0329696
0.1 0.436 0.00993459
0.1 0.44 0.018509
0.1 0.444 0.00516131
0.1 0.448 -0.000181758
0.1 0.452 0.00645087
0.1 0.456 0.0333702
0.1 0.46 0.0145066
0.1 0.464 0.023813
0.1 0.468 0.0198108
0.1 0.472 0.037971
0.1 0.476 0.0184623
0.1 0.48 0.0306276
0.1 0.484 -0.0065236
0.1 0.488 0.0247576
0.1 0.492 0.00544761
0.1 0.496 0.0118801
0.1 0.5 0.0181453
0.1 0.504 0.0121962
0.1 0.508 0.0189591
0.1 0.512 0.0291044
0.1 0.516 0.0324822
0.1 0.52 0.0211092
0.1 0.524 0.0118333
0.1 0.528 0.0178895
0.1 0.532 0.00867063
0.1 0.536 0.0220009
0.1 0.54 -0.00210664
0.1 0.544 0.0148111
0.1 0.548 0.0196068
0.1 0.552 0.0104306
0.1 0.556 0.00301861
0.1 0.56 0.000953669
0.1 0.564 -0.01055
0.1 0.568 -0.0150054
0.1 0.572 0.00455327
0.1 0.576 -0.0182533
0.1 0.58 -0.0161215
0.1 0.584 0.00452674
0.1 0.588 -0.00108017
0.1 0.592 0.00349512
0.1 0.596 0.00178584
0.1 0.6 0.00670824
0.1 0.604 0.0058833
0.1 0.608 -0.00391307
0.1 0.612 0.00792527
0.1 0.616 -0.0027847
0.1 0.62 -0.00942712
0.1 0.624 -0.00921418
0.1 0.628 -0.00227392
0.1 0.632 -0.00503162
0.1 0.636 0.00369054
0.1 0.64 -0.00164021
0.1 0.644 -0.0096191
0.1 0.648 -0.00807824
0.1 0.652 -0.00736476
0.1 0.656 -0.00490319
0.1 0.66 -0.00328887
0.1 0.664 -0.00747014
0.1 0.668 -0.00400117
0.1 0.672 -0.00500157
0.1 0.676 -0.00850984
0.1 0.68 0.00183013
0.1 0.684 -0.0077604
0.1 0.688 -0.00180412
0.1 0.692 -0.0160035
0.1 0.696 -0.00241141
0.1 0.7 0.007796
0.1 0.704 0.00709347
0.1 0.708 -0.00931551
0.1 0.712 -0.000914535
0.1 0.716 0.00824367
0.1 0.72 -0.00164683
0.1 0.724 0.00905072
0.1 0.728 0.00794304
0.1 0.732 0.00660232
0.1 0.736 0.00540725
0.1 0.74 0.00520449
0.1 0.744 -0.000301163
0.1 0.748 0.00177845
0.1 0.752 -0.00221165
0.1 0.756 -0.00533401
0.1 0.76 0.00669909
0.1 0.764 -0.000195338
0.1 0.768 0.00177551
0.1 0.772 0.00684677
0.1 0.776 -0.00268326
0.1 0.78 -0.00152472
0.1 0.784 0.00646669
0.1 0.788 0.00318592
0.1 0.792 0.00409893
0.1 0.796 -0.000115478
0.1 0.8 0.00311862
0.116667 0 0.611164
0.116667 0.004 0.61456
0.116667 0.008 0.601934
0.116667 0.012 0.575078
0.116667 0.016 0.575078
0.116667 0.02 0.48406
0.116667 0.024 0.436879
0.116667 0.028 0.389107
0.116667 0.032 0.322717
0.116667 0.036 0.284765
0.116667 0.04 0.237625
0.116667 0.044 0.194987
0.116667 0.048 0.183518
0.116667 0.052 0.14081
0.116667 0.056 0.153916
0.116667 0.06 0.130206
0.116667 0.064 0.119763
0.116667 0.068 0.129801
0.116667 0.072 0.116682
0.116667 0.076 0.075992
0.116667 0.08 0.0855074
0.116667 0.084 0.0952277
0.116667 0.088 0.12656
0.116667 0.092 0.0960003
0.116667 0.096 0.100731
0.116667 0.1 0.0583503
0.116667 0.104 0.0613295
0.116667 0.108 0.0651558
0.116667 0.112 0.0450845
0.116667 0.116 0.0106849
0.116667 0.12 0.0380641
0.116667 0.124 0.0212324
0.116667 0.128 -0.0307074
0.116667 0.132 -0.0225926
0.116667 0.136 -0.0127584
0.116667 0.14 0.0300543
0.116667 0.144 -0.0593225
0.116667 0.148 0.0361687
0.116667 0.152 -0.0583979
0.116667 0.156 0.0276335
0.116667 0.16 0.0331606
0.116667 0.164 -0.0398988
0.116667 0.168 -0.0376803
0.116667 0.172 0.0075337
0.116667 0.176 -0.0207971
0.116667 0.18 0.0112581
0.116667 0.184 0.0187112
0.116667 0.188 0.100889
0.116667 0.192 0.0932183
0.116667 0.196 0.0191574
0.116667 0.2 0.0567266
0.116667 0.204 0.108421
0.116667 0.208 0.0810988
0.116667 0.212 0.0662392
0.116667 0.216 0.0761758
0.116667 0.22 0.13182
0.116667 0.224 0.0824129
0.116667 0.228 0.0334652
0.116667 0.232 0.00745057
0.116667 0.236 0.0389961
0.116667 0.24 -0.0404901
0.116667 0.244 0.0168622
0.116667 0.248 0.0204146
0.116667 0.252 -0.0462054
0.116667 0.256 0.030459
0.116667 0.26 -0.0309754
0.116667 0.264 -0.0547017
0.116667 0.268 -0.00910405
0.116667 0.272 -0.0193739
0.116667 0.276 -0.0532385
0.116667 0.28 -0.0565079
0.116667 0.284 -0.0677045
0.116667 0.288 -0.0782093
0.116667 0.292 -0.0492263
0.116667 0.296 -0.0587714
0.116667 0.3 -0.0289277
0.116667 0.304 -0.0288195
0.116667 0.308 -0.0940975
0.116667 0.312 -0.0292816
0.116667 0.316 -0.0280638
0.116667 0.32 -0.0569975
0.116667 0.324 -0.0456361
0.116667 0.328 -0.0249802
0.116667 0.332 -0.0433774
0.116667 0.336 -0.0634393
0.116667 0.34 -0.00681668
0.116667 0.344 -0.00704132
0.116667 0.348 -0.00690325
0.116667 0.352 -0.0114142
0.116667 0.356 -0.000355477
0.116667 0.36 0.0823659
0.116667 0.364 -0.0144089
0.116667 0.368 0.0311706
0.116667 0.372 0.0380899
0.116667 0.376 0.0138678
0.116667 0.38 0.0773696
0.116667 0.384 0.0395483
0.116667 0.388 0.0286408
0.116667 0.392 0.0733556
0.116667 0.396 0.0144756
0.116667 0.4 0.0177343
0.116667 0.404 0.0193804
0.116667 0.408 -0.0230425
0.116667 0.412 0.0295455
0.116667 0.416 0.0496186
0.116667 0.42 0.0422858
0.116667 0.424 0.0330884
0.116667 0.428 0.00352402
0.116667 0.432 0.0356203
0.116667 0.436 0.0336474
0.116667 0.44 -7.47295e-05
0.116667 0.444 0.0257036
0.116667 0.448 0.0403887
0.116667 0.452 0.0305312
0.116667 0.456 0.058687
0.116667 0.46 0.0302366
0.116667 0.464 0.0503597
0.116667 0.468 0.0464697
0.116667 0.472 0.0193457
0.116667 0.476 0.0435979
0.116667 0.48 0.0180857
0.116667 0.484 0.033393
0.116667 0.488 0.0303087
0.116667 0.492 0.0381783
0.116667 0.496 0.0322766
0.116667 0.5 0.0235094
0.116667 0.504 0.0314117
0.116667 0.508 0.0242361
0.116667 0.512 0.0289959
0.116667 0.516 0.0239148
0.116667 0.52 0.0183165
0.116667 0.524 0.0411847
0.116667 0.528 0.0121269
0.116667 0.532 -0.0034166
0.116667 0.536 -0.00128456
0.116667 0.54 -0.0221371
0.116667 0.544 0.00367125
0.116667 0.548 0.030277
0.116667 0.552 0.0268863
0.116667 0.556 -0.0101365
0.116667 0.56 -0.0130691
0.116667 0.564 -0.0142927
0.116667 0.568 -0.0291161
0.116667 0.572 0.0099594
0.116667 0.576 -0.0447379
0.116667 0.58 -0.0239174
0.116667 0.584 -0.0048955
0.116667 0.588 0.000715341
0.116667 0.592 -0.000626365
0.116667 0.596 -0.00197302
0.116667 0.6 -0.0175361
0.116667 0.604 -0.00814261
0.116667 0.608 -0.0208087
0.116667 0.612 -0.0101785
0.116667 0.616 0.00224631
0.116667 0.62 -0.0254851
0.116667 0.624 -0.0103238
0.116667 0.628 -0.00698814
0.116667 0.632 -0.0056917
0.116667 0.636 -0.00370069
0.116667 0.64 -6.70849e-05
0.116667 0.644 -0.0209184
0.116667 0.648 -0.011605
0.116667 0.652 -0.00717635
0.116667 0.656 -0.00331612
0.116667 0.66 -0.011463
0.116667 0.664 -0.0140815
0.116667 0.668 -0.00391575
0.116667 0.672 -0.00686428
0.116667 0.676 -0.00398957
0.116667 0.68 -7.59416e-05
0.116667 0.684 -0.00607646
0.116667 0.688 0.00635337
0.116667 0.692 -0.0112471
0.116667 0.696 -0.00420304
0.116667 0.7 0.0110047
0.116667 0.704 0.0032207
0.116667 0.708 -0.00529255
0.116667 0.712 0.00448707
0.116667 0.716 0.0118528
0.116667 0.72 -0.000687491
0.116667 0.724 0.0135844
0.116667 0.728 0.00990203
0.116667 0.732 0.00813105
0.116667 0.736 0.0136973
0.116667 0.74 0.0127543
0.116667 0.744 0.00783842
0.116667 0.748 0.0053048
0.116667 0.752 -0.000335474
0.116667 0.756 -0.00294385
0.116667 0.76 0.00731084
0.116667 0.764 0.00189754
0.116667 0.768 0.00385242
0.116667 0.772 0.00862995
0.116667 0.776 -0.00188137
0.116667 0.78 0.00491445
0.116667 0.784 0.00959056
0.116667 0.788 0.00407806
0.116667 0.792 0.00480343
0.116667 0.796 -0.00253989
0.116667 0.8 0.00628866
0.133333 0 0.589198
0.133333 0.004 0.596809
0.133333 0.008 0.586366
0.133333 0.012 0.563242
0.133333 0.016 0.563242
0.133333 0.02 0.470006
0.133333 0.024 0.424171
0.133333 0.028 0.376669
0.133333 0.032 0.307548
0.133333 0.036 0.271916
0.133333 0.04 0.224672
0.133333 0.044 0.193471
0.133333 0.048 0.184396
0.133333 0.052 0.146889
0.133333 0.056 0.16201
0.133333 0.06 0.138413
0.133333 0.064 0.127629
0.133333 0.068 0.140212
0.133333 0.072 0.120872
0.133333 0.076 0.0823505
0.133333 0.08 0.0995454
0.133333 0.084 0.106849
0.133333 0.088 0.110705
0.133333 0.092 0.0647409
0.133333 0.096 0.0849104
0.133333 0.1 0.051593
0.133333 0.104 0.0434126
0.133333 0.108 0.0797164
0.133333 0.112 0.0455123
0.133333 0.116 0.0206052
0.133333 0.12 -0.00428215
0.133333 0.124 0.0225175
0.133333 0.128 0.0166629
0.133333 0.132 -0.00476581
0.133333 0.136 0.0225393
0.133333 0.14 0.0713434
0.133333 0.144 -0.029824
0.133333 0.148 0.0607265
0.133333 0.152 0.0219955
0.133333 0.156 0.0727652
0.133333 0.16 0.0650286
0.133333 0.164 0.0505649
0.133333 0.168 0.0365043
0.133333 0.172 0.0727456
0.133333 0.176 0.0669105
0.133333 0.18 0.0951851
0.133333 0.184 0.0684524
0.133333 0.188 0.0637306
0.133333 0.192 0.089308
0.133333 0.196 0.0547666
0.133333 0.2 0.0576656
0.133333 0.204 0.117942
0.133333 0.208 0.00695278
0.133333 0.212 0.0275317
0.133333 0.216 -0.0449848
0.133333 0.22 0.000570478
0.133333 0.224 -0.0254876
0.133333 0.228 -0.0241081
0.133333 0.232 -0.0106511
0.133333 0.236 0.00597956
0.133333 0.24 -0.0728648
0.133333 0.244 -0.0142062
0.133333 0.248 -0.0642738
0.133333 0.252 -0.0906161
0.133333 0.256 -0.0562596
0.133333 0.26 -0.0317016
0.133333 0.264 -0.0177732
0.133333 0.268 -0.119493
0.133333 0.272 -0.0205683
0.133333 0.276 -0.04194
0.133333 0.28 -0.0669916
0.133333 0.284 -0.028106
0.133333 0.288 -0.0401815
0.133333 0.292 -0.0164044
0.133333 0.296 -0.0728041
0.133333 0.3 -0.012489
0.133333 0.304 0.0214996
0.133333 0.308 -0.0488495
0.133333 0.312 0.0217519
0.133333 0.316 0.0327983
0.133333 0.32 -0.0123244
0.133333 0.324 -0.0158884
0.133333 0.328 0.060955
0.133333 0.332 0.0239002
0.133333 0.336 0.0490606
0.133333 0.34 0.0333529
0.133333 0.344 0.00997472
0.133333 0.348 0.012035
0.133333 0.352 0.0540488
0.133333 0.356 0.0396503
0.133333 0.36 0.0858587
0.133333 0.364 0.00918009
0.133333 0.368 0.0351722
0.133333 0.372 0.0716178
0.133333 0.376 0.032161
0.133333 0.38 0.0413378
0.133333 0.384 0.0737257
0.133333 0.388 0.00756489
0.133333 0.392 0.0867166
0.133333 0.396 -0.016576
0.133333 0.4 -0.00870113
0.133333 0.404 0.008568
0.133333 0.408 -0.0221409
0.133333 0.412 0.0342089
0.133333 0.416 0.0132271
0.133333 0.42 0.0129253
0.133333 0.424 0.0152412
0.133333 0.428 -0.0094355
0.133333 0.432 -0.014047
0.133333 0.436 0.0102359
0.133333 0.44 -0.0312445
0.133333 0.444 0.00945155
0.133333 0.448 0.00464385
0.133333 0.452 0.00796502
0.133333 0.456 0.0210054
0.133333 0.46 0.0102596
0.133333 0.464 0.0282798
0.133333 0.468 0.0265426
0.133333 0.472 0.010502
0.133333 0.476 0.00526251
0.133333 0.48 -0.00231682
0.133333 0.484 0.0480862
0.133333 0.488 0.012143
0.133333 0.492 0.0188645
0.133333 0.496 0.0151662
0.133333 0.5 -0.00407997
0.133333 0.504 0.0371362
0.133333 0.508 0.00409879
0.133333 0.512 2.57431e-06
0.133333 0.516 0.00814256
0.133333 0.52 -0.011439
0.133333 0.524 0.0383826
0.133333 0.528 0.0029946
0.133333 0.532 -0.0112605
0.133333 0.536 -0.00739761
0.133333 0.54 -0.0102301
0.133333 0.544 0.00346294
0.133333 0.548 0.00679716
0.133333 0.552 0.0078526
0.133333 0.556 -0.0043889
0.133333 0.56 -0.0112622
0.133333 0.564 -0.00320552
0.133333 0.568 -0.0209884
0.133333 0.572 0.0109218
0.133333 0.576 -0.0314066
0.133333 0.58 -0.0103412
0.133333 0.584 -0.00117281
0.133333 0.588 0.0151157
0.133333 0.592 0.00092654
0.133333 0.596 0.00371698
0.133333 0.6 -0.0232587
0.133333 0.604 -0.0129564
0.133333 0.608 -0.0100939
0.133333 0.612 -0.016438
0.133333 0.616 -0.000216179
0.133333 0.62 -0.0193662
0.133333 0.624 -0.000675816
0.133333 0.628 0.00749969
0.133333 0.632 -0.00127478
0.133333 0.636 -0.0049075
0.133333 0.64 -0.000860107
0.133333 0.644 -0.00375853
0.133333 0.648 0.00113685
0.133333 0.652 0.00263759
0.133333 0.656 -0.000790608
0.133333 0.66 -0.00653634
0.133333 0.664 -0.0064596
0.133333 0.668 0.00617126
0.133333 0.672 -0.00438761
0.133333 0.676 0.00255395
0.133333 0.68 -0.00137063
0.133333 0.684 -0.00728189
0.133333 0.688 0.0120426
0.133333 0.692 -0.00281265
0.133333 0.696 0.00593303
0.133333 0.7 0.00694795
0.133333 0.704 -0.000589742
0.133333 0.708 0.00366843
0.133333 0.712 0.00828697
0.133333 0.716 0.0155055
0.133333 0.72 0.00555329
0.133333 0.724 0.011556
0.133333 0.728 0.00964838
0.133333 0.732 0.00204485
0.133333 0.736 0.0190928
0.133333 0.74 0.00794792
0.133333 0.744 0.0101987
0.133333 0.748 0.00684137
0.133333 0.752 0.0025466
0.133333 0.756 -0.00354596
0.133333 0.76 0.00717036
0.133333 0.764 0.0054262
0.133333 0.768 0.00053139
0.133333 0.772 0.00549398
0.133333 0.776 -0.00038795
0.133333 0.78 0.0027182
0.133333 0.784 0.00318219
0.133333 0.788 -0.00335104
0.133333 0.792 0.000606946
0.133333 0.796 -0.00594565
0.133333 0.8 0.0127473
0.15 0 0.574383
0.15 0.004 0.586745
0.15 0.008 0.579856
0.15 0.012 0.560283
0.15 0.016 0.560283
0.15 0.02 0.466927
0.15 0.024 0.4218
0.15 0.028 0.372662
0.15 0.032 0.306413
0.15 0.036 0.27235
0.15 0.04 0.225123
0.15 0.044 0.205325
0.15 0.048 0.194921
0.15 0.052 0.162549
0.15 0.056 0.168925
0.15 0.06 0.151165
0.15 0.064 0.136515
0.15 0.068 0.142282
0.15 0.072 0.124907
0.15 0.076 0.0917591
0.15 0.08 0.101265
0.15 0.084 0.0979077
0.15 0.088 0.0824729
0.15 0.092 0.0416095
0.15 0.096 0.0606993
0.15 0.1 0.0514966
0.15 0.104 0.0452768
0.15 0.108 0.0806527
0.15 0.112 0.0308968
0.15 0.116 0.0547949
0.15 0.12 -0.00605217
0.15 0.124 0.0592297
0.15 0.128 0.0485755
0.15 0.132 0.0335446
0.15 0.136 0.0653843
0.15 0.14 0.0880027
0.15 0.144 0.0244481
0.15 0.148 0.0767853
0.15 0.152 0.0872906
0.15 0.156 0.0966784
0.15 0.16 0.0592729
0.15 0.164 0.0916375
0.15 0.168 0.0880889
0.15 0.172 0.0798141
0.15 0.176 0.110727
0.15 0.18 0.0903429
0.15 0.184 0.0735559
0.15 0.188 -0.00634921
0.15 0.192 0.0570085
0.15 0.196 0.0705407
0.15 0.2 0.0196101
0.15 0.204 0.0457941
0.15 0.208 -0.0292351
0.15 0.212 -0.0262573
0.15 0.216 -0.0935165
0.15 0.22 -0.104406
0.15 0.224 -0.0739069
0.15 0.228 -0.0352933
0.15 0.232 -0.0183823
0.15 0.236 -0.0299952
0.15 0.24 -0.03438
0.15 0.244 -0.00730594
0.15 0.248 -0.079961
0.15 0.252 -0.0674721
0.15 0.256 -0.066278
0.15 0.26 0.000251693
0.15 0.264 0.059918
0.15 0.268 -0.0999105
0.15 0.272 0.0284832
0.15 0.276 0.0290544
0.15 0.28 0.00809647
0.15 0.284 0.0516086
0.15 0.288 0.0282945
0.15 0.292 0.0639337
0.15 0.296 -0.0375131
0.15 0.3 0.029442
0.15 0.304 0.0367741
0.15 0.308 0.0297765
0.15 0.312 0.0563399
0.15 0.316 0.0706982
0.15 0.32 0.0282865
0.15 0.324 0.0253172
0.15 0.328 0.106204
0.15 0.332 0.0778917
0.15 0.336 0.103145
0.15 0.34 0.0619826
0.15 0.344 0.025762
0.15 0.348 0.054431
0.15 0.352 0.0726684
0.15 0.356 0.0656863
0.15 0.36 0.0102835
0.15 0.364 0.0288165
0.15 0.368 0.0128946
0.15 0.372 0.0591138
0.15 0.376 0.0377508
0.15 0.38 -0.0244144
0.15 0.384 0.0400105
0.15 0.388 -0.0410046
0.15 0.392 0.0470634
0.15 0.396 -0.0498664
0.15 0.4 -0.0357561
0.15 0.404 -0.0254072
0.15 0.408 -0.0268249
0.15 0.412 -0.00436118
0.15 0.416 -0.045076
0.15 0.42 -0.0316432
0.15 0.424 -0.034664
0.15 0.428 -0.0262549
0.15 0.432 -0.0461959
0.15 0.436 -0.0306659
0.15 0.44 -0.0250956
0.15 0.444 -0.0260666
0.15 0.448 -0.0598319
0.15 0.452 -0.0232861
0.15 0.456 -0.0247561
0.15 0.46 -0.00755069
0.15 0.464 -0.021637
0.15 0.468 -0.0095031
0.15 0.472 0.0162191
0.15 0.476 -0.0429949
0.15 0.48 -0.0112584
0.15 0.484 0.0293943
0.15 0.488 -0.00390725
0.15 0.492 -0.0102987
0.15 0.496 -0.0106773
0.15 0.5 -0.0238568
0.15 0.504 0.0314898
0.15 0.508 -0.0149373
0.15 0.512 -0.0170342
0.15 0.516 -0.000431176
0.15 0.52 -0.0202278
0.15 0.524 0.00775479
0.15 0.528 0.000695539
0.15 0.532 -0.0081944
0.15 0.536 0.00526719
0.15 0.54 0.0172212
0.15 0.544 0.0129261
0.15 0.548 -0.0194734
0.15 0.552 -0.0147466
0.15 0.556 0.00962334
0.15 0.56 0.000957001
0.15 0.564 0.0100454
0.15 0.568 -0.00373937
0.15 0.572 0.00320096
0.15 0.576 0.00356043
0.15 0.58 0.00691415
0.15 0.584 0.00153534
0.15 0.588 0.0260477
0.15 0.592 0.00711398
0.15 0.596 0.0101144
0.15 0.6 -0.00679215
0.15 0.604 -0.00717194
0.15 0.608 0.0103616
0.15 0.612 -0.00730618
0.15 0.616 -0.00829288
0.15 0.62 0.000164911
0.15 0.624 0.00316752
0.15 0.628 0.0222288
0.15 0.632 0.00256102
0.15 0.636 -0.0029542
0.15 0.64 -0.00380493
0.15 0.644 0.0147023
0.15 0.648 0.0120941
0.15 0.652 0.0103556
0.15 0.656 -0.00215238
0.15 0.66 0.00235127
0.15 0.664 0.00664153
0.15 0.668 0.0142749
0.15 0.672 -0.000289048
0.15 0.676 0.00319587
0.15 0.68 -0.00107056
0.15 0.684 -0.00645708
0.15 0.688 0.00961696
0.15 0.692 -0.000801115
0.15 0.696 0.0169052
0.15 0.7 0.00207246
0.15 0.704 -0.00231962
0.15 0.708 0.00648644
0.15 0.712 0.011596
0.15 0.716 0.0133449
0.15 0.72 0.00975968
0.15 0.724 0.0023238
0.15 0.728 0.00990432
0.15 0.732 -0.00420848
0.15 0.736 0.0160472
0.15 0.74 0.000315549
0.15 0.744 0.00832341
0.15 0.748 0.00337294
0.15 0.752 0.00503198
0.15 0.756 -0.0033141
0.15 0.76 0.00464811
0.15 0.764 0.00616391
0.15 0.768 -0.00208436
0.15 0.772 0.00188947
0.15 0.776 0.00407898
0.15 0.78 -0.00340542
0.15 0.784 -0.00255833
0.15 0.788 -0.00912639
0.15 0.792 -0.0032242
0.15 0.796 -0.00822993
0.15 0.8 0.0148159
0.166667 0 0.581822
0.166667 0.004 0.598028
0.166667 0.008 0.595624
0.166667 0.012 0.57824
0.166667 0.016 0.57824
0.166667 0.02 0.485857
0.166667 0.024 0.440657
0.166667 0.028 0.387699
0.166667 0.032 0.326736
0.166667 0.036 0.289542
0.166667 0.04 0.242162
0.166667 0.044 0.231589
0.166667 0.048 0.21452
0.166667 0.052 0.188054
0.166667 0.056 0.178618
0.166667 0.06 0.167918
0.166667 0.064 0.148398
0.166667 0.068 0.143866
0.166667 0.072 0.132673
0.166667 0.076 0.112099
0.166667 0.08 0.099842
0.166667 0.084 0.0865327
0.166667 0.088 0.0620694
0.166667 0.092 0.0392619
0.166667 0.096 0.0425013
0.166667 0.1 0.0451638
0.166667 0.104 0.0518086
0.166667 0.108 0.0600805
0.166667 0.112 0.0186525
0.166667 0.116 0.0652195
0.166667 0.12 0.0210418
0.166667 0.124 0.0867516
0.166667 0.128 0.0422487
0.166667 0.132 0.0571889
0.166667 0.136 0.0844768
0.166667 0.14 0.0803169
0.166667 0.144 0.0644751
0.166667 0.148 0.0806648
0.166667 0.152 0.0963951
0.166667 0.156 0.0832873
0.166667 0.16 0.0246577
0.166667 0.164 0.0625955
0.166667 0.168 0.0871854
0.166667 0.172 0.045008
0.166667 0.176 0.0940396
0.166667 0.18 0.0082897
0.166667 0.184 0.0557503
0.166667 0.188 -0.03766
0.166667 0.192 0.0420038
0.166667 0.196 0.0705668
0.166667 0.2 -0.0174186
0.166667 0.204 -0.0374524
0.166667 0.208 -0.00605298
0.166667 0.212 -0.0482791
0.166667 0.216 -0.030091
0.166667 0.22 -0.0912824
0.166667 0.224 -0.0161451
0.166667 0.228 0.0172972
0.166667 0.232 -0.00743383
0.166667 0.236 -0.0267133
0.166667 0.24 0.0248901
0.166667 0.244 0.0259477
0.166667 0.248 -0.0301912
0.166667 0.252 -0.00884727
0.166667 0.256 0.0182049
0.166667 0.26 0.0335615
0.166667 0.264 0.0915355
0.166667 0.268 0.0433771
0.166667 0.272 0.0560939
0.166667 0.276 0.0689665
0.166667 0.28 0.0687543
0.166667 0.284 0.0806112
0.166667 0.288 0.0555823
0.166667 0.292 0.0884276
0.166667 0.296 0.0127917
0.166667 0.3 0.0624582
0.166667 0.304 -0.0191988
0.166667 0.308 0.0590585
0.166667 0.312 0.0203732
0.166667 0.316 0.0425412
0.166667 0.32 0.020921
0.166667 0.324 0.0188109
0.166667 0.328 0.0454841
0.166667 0.332 0.048826
0.166667 0.336 0.0254764
0.166667 0.34 0.0380905
0.166667 0.344 0.00999755
0.166667 0.348 0.062613
0.166667 0.352 0.0399689
0.166667 0.356 0.0314206
0.166667 0.36 -0.0440045
0.166667 0.364 0.0153039
0.166667 0.368 -0.0227416
0.166667 0.372 0.0141179
0.166667 0.376 0.0231553
0.166667 0.38 -0.0356941
0.166667 0.384 -0.0108407
0.166667 0.388 -0.0463439
0.166667 0.392 0.00279194
0.166667 0.396 -0.044593
0.166667 0.4 -0.0255687
0.166667 0.404 -0.030053
0.166667 0.408 -0.0255086
0.166667 0.412 -0.0333245
0.166667 0.416 -0.041875
0.166667 0.42 -0.0214682
0.166667 0.424 -0.0419012
0.166667 0.428 -0.0200171
0.166667 0.432 -0.00713768
0.166667 0.436 -0.03267
0.166667 0.44 0.0203928
0.166667 0.444 -0.0357156
0.166667 0.448 -0.0575497
0.166667 0.452 -0.0164466
0.166667 0.456 -0.0173402
0.166667 0.46 0.010368
0.166667 0.464 -0.0371208
0.166667 0.468 -0.0105938
0.166667 0.472 0.0238443
0.166667 0.476 -0.0285701
0.166667 0.48 -0.00153365
0.166667 0.484 0.010189
0.166667 0.488 0.0075616
0.166667 0.492 0.00376823
0.166667 0.496 -0.00227237
0.166667 0.5 -0.00401708
0.166667 0.504 0.0219392
0.166667 0.508 -0.00751376
0.166667 0.512 0.00683804
0.166667 0.516 0.00623341
0.166667 0.52 0.0131049
0.166667 0.524 -0.0173048
0.166667 0.528 0.00283534
0.166667 0.532 0.00170258
0.166667 0.536 0.0187043
0.166667 0.54 0.0231563
0.166667 0.544 0.0201621
0.166667 0.548 -0.0106885
0.166667 0.552 -0.00284743
0.166667 0.556 0.0120508
0.166667 0.56 0.00693986
0.166667 0.564 0.0105771
0.166667 0.568 0.00095816
0.166667 0.572 -0.00648839
0.166667 0.576 0.022443
0.166667 0.58 0.0071219
0.166667 0.584 -0.0076403
0.166667 0.588 0.0190211
0.166667 0.592 0.0122535
0.166667 0.596 0.006752
0.166667 0.6 0.0102896
0.166667 0.604 0.000114931
0.166667 0.608 0.0142284
0.166667 0.612 0.00646866
0.166667 0.616 -0.0122855
0.166667 0.62 0.009751
0.166667 0.624 -0.00585149
0.166667 0.628 0.017562
0.166667 0.632 0.000599641
0.166667 0.636 -0.00507396
0.166667 0.64 -0.00723628
0.166667 0.644 0.00681887
0.166667 0.648 0.00430133
0.166667 0.652 0.00802125
0.166667 0.656 -0.00852549
0.166667 0.66 0.00202592
0.166667 0.664 0.0105484
0.166667 0.668 0.00875366
0.166667 0.672 0.00323517
0.166667 0.676 -0.00119533
0.166667 0.68 -0.00013597
0.166667 0.684 -0.00381268
0.166667 0.688 0.000261893
0.166667 0.692 -0.00430678
0.166667 0.696 0.0148015
0.166667 0.7 0.00303542
0.166667 0.704 -0.00209821
0.166667 0.708 -0.00179916
0.166667 0.712 0.0137877
0.166667 0.716 0.00553896
0.166667 0.72 0.00598273
0.166667 0.724 -0.00683073
0.166667 0.728 0.0100361
0.166667 0.732 -0.00407364
0.166667 0.736 0.0062495
0.166667 0.74 0.000680071
0.166667 0.744 0.00500559
0.166667 0.748 -0.00350683
0.166667 0.752 0.00532956
0.166667 0.756 1.2377e-06
0.166667 0.76 -0.00143961
0.166667 0.764 0.00229646
0.166667 0.768 -0.000930977
0.166667 0.772 -0.000353399
0.166667 0.776 0.00797802
0.166667 0.78 -0.00467123
0.166667 0.784 -0.00010041
0.166667 0.788 -0.00478572
0.166667 0.792 -0.00259621
0.166667 0.796 -0.00797628
0.166667 0.8 0.00814817
0.183333 0 0.584511
0.183333 0.004 0.603877
0.183333 0.008 0.606939
0.183333 0.012 0.591863
0.183333 0.016 0.591863
0.183333 0.02 0.504873
0.183333 0.024 0.460878
0.183333 0.028 0.405294
0.183333 0.032 0.349999
0.183333 0.036 0.305715
0.183333 0.04 0.259189
0.183333 0.044 0.255446
0.183333 0.048 0.228689
0.183333 0.052 0.210392
0.183333 0.056 0.186382
0.183333 0.06 0.178511
0.183333 0.064 0.156078
0.183333 0.068 0.142631
0.183333 0.072 0.139061
0.183333 0.076 0.135866
0.183333 0.08 0.10159
0.183333 0.084 0.0824862
0.183333 0.088 0.056456
0.183333 0.092 0.0477858
0.183333 0.096 0.0347409
0.183333 0.1 0.0352741
0.183333 0.104 0.0497877
0.183333 0.108 0.0329058
0.183333 0.112 0.0214236
0.183333 0.116 0.0350785
0.183333 0.12 0.0387197
0.183333 0.124 0.082897
0.183333 0.128 0.0201599
0.183333 0.132 0.0534146
0.183333 0.136 0.0692892
0.183333 0.14 0.0658347
0.183333 0.144 0.0704712
0.183333 0.148 0.077806
0.183333 0.152 0.0638173
0.183333 0.156 0.0476137
0.183333 0.16 0.00111754
0.183333 0.164 0.0153972
0.183333 0.168 0.0540575
0.183333 0.172 0.0238554
0.183333 0.176 0.0484026
0.183333 0.18 -0.0495906
0.183333 0.184 0.0538844
0.183333 0.188 0.00132189
0.183333 0.192 0.0599602
0.183333 0.196 0.0542536
0.183333 0.2 -0.018284
0.183333 0.204 -0.058987
0.183333 0.208 0.0383456
0.183333 0.212 -0.0204184
0.183333 0.216 0.0769568
0.183333 0.22 -0.0113213
0.183333 0.224 0.0600003
0.183333 0.228 0.0771605
0.183333 0.232 0.0128337
0.183333 0.236 0.0118135
0.183333 0.24 0.044975
0.183333 0.244 0.0411814
0.183333 0.248 0.020784
0.183333 0.252 0.0255622
0.183333 0.256 0.0885108
0.183333 0.26 0.0313062
0.183333 0.264 0.0282224
0.183333 0.268 0.148652
0.183333 0.272 0.0324299
0.183333 0.276 0.0273856
0.183333 0.28 0.0436682
0.183333 0.284 0.0388091
0.183333 0.288 0.00792121
0.183333 0.292 0.02946
0.183333 0.296 0.0309246
0.183333 0.3 0.0536598
0.183333 0.304 -0.0825718
0.183333 0.308 0.0400524
0.183333 0.312 -0.0438838
0.183333 0.316 -0.0215706
0.183333 0.32 -0.0206124
0.183333 0.324 -0.00537521
0.183333 0.328 -0.0518283
0.183333 0.332 -0.0243086
0.183333 0.336 -0.07064
0.183333 0.34 -0.0079874
0.183333 0.344 -0.0239618
0.183333 0.348 0.0156321
0.183333 0.352 0.00843713
0.183333 0.356 -0.0264477
0.183333 0.36 -0.0143111
0.183333 0.364 -0.0159087
0.183333 0.368 -0.0279824
0.183333 0.372 -0.0180418
0.183333 0.376 0.00968888
0.183333 0.38 0.0203767
0.183333 0.384 -0.0225714
0.183333 0.388 0.00218814
0.183333 0.392 -0.00523104
0.183333 0.396 -0.00726438
0.183333 0.4 0.0115715
0.183333 0.404 -0.000704476
0.183333 0.408 -0.0111043
0.183333 0.412 -0.0169404
0.183333 0.416 0.0185424
0.183333 0.42 0.0284019
0.183333 0.424 0.0043634
0.183333 0.428 0.00859047
0.183333 0.432 0.0569775
0.183333 0.436 0.0056271
0.183333 0.44 0.0443666
0.183333 0.444 -0.00477131
0.183333 0.448 0.0174217
0.183333 0.452 0.0129835
0.183333 0.456 0.0268572
0.183333 0.46 0.0415303
0.183333 0.464 0.00626861
0.183333 0.468 0.0187725
0.183333 0.472 0.0254622
0.183333 0.476 0.0285897
0.183333 0.48 0.0144411
0.183333 0.484 0.0123382
0.183333 0.488 0.0364424
0.183333 0.492 0.0378754
0.183333 0.496 0.0292451
0.183333 0.5 0.0255966
0.183333 0.504 0.00835536
0.183333 0.508 0.0119998
0.183333 0.512 0.0406114
0.183333 0.516 0.0161667
0.183333 0.52 0.0415258
0.183333 0.524 -0.0192344
0.183333 0.528 -0.000474029
0.183333 0.532 0.0080479
0.183333 0.536 0.0206269
0.183333 0.54 0.000565465
0.183333 0.544 0.0184518
0.183333 0.548 0.0211832
0.183333 0.552 0.0258926
0.183333 0.556 0.00297458
0.183333 0.56 0.000891633
0.183333 0.564 0.00204143
0.183333 0.568 -0.00841986
0.183333 0.572 -0.00848254
0.183333 0.576 0.0151928
0.183333 0.58 -0.00494395
0.183333 0.584 -0.0171997
0.183333 0.588 -0.000678024
0.183333 0.592 0.00967876
0.183333 0.596 -0.0037428
0.183333 0.6 0.00936564
0.183333 0.604 0.000841317
0.183333 0.608 0.00345227
0.183333 0.612 0.0152411
0.183333 0.616 -0.00709289
0.183333 0.62 0.00283393
0.183333 0.624 -0.0129271
0.183333 0.628 0.00181954
0.183333 0.632 -0.00406827
0.183333 0.636 -0.00833767
0.183333 0.64 -0.00980015
0.183333 0.644 -0.0123302
0.183333 0.648 -0.0127082
0.183333 0.652 0.0032439
0.183333 0.656 -0.0147874
0.183333 0.66 -0.00523746
0.183333 0.664 0.00560754
0.183333 0.668 -0.00305796
0.183333 0.672 0.00605636
0.183333 0.676 -0.00194977
0.183333 0.68 0.00138811
0.183333 0.684 -0.00393431
0.183333 0.688 -0.00832409
0.183333 0.692 -0.00373697
0.183333 0.696 0.00185651
0.183333 0.7 0.0068874
0.183333 0.704 -0.00117464
0.183333 0.708 -0.0110003
0.183333 0.712 0.0109102
0.183333 0.716 0.000112792
0.183333 0.72 -0.000523105
0.183333 0.724 -0.00733435
0.183333 0.728 0.00701914
0.183333 0.732 0.000966104
0.183333 0.736 -0.00230408
0.183333 0.74 0.00526611
0.183333 0.744 9.11132e-05
0.183333 0.748 -0.00793074
0.183333 0.752 0.00274783
0.183333 0.756 0.0036624
0.183333 0.76 -0.00697608
0.183333 0.764 -0.0025182
0.183333 0.768 0.000212486
0.183333 0.772 -0.00261559
0.183333 0.776 0.00560798
0.183333 0.78 -0.000958561
0.183333 0.784 0.00456388
0.183333 0.788 0.0038963
0.183333 0.792 0.000318869
0.183333 0.796 -0.00614439
0.183333 0.8 -0.00113746
0.2 0 0.564579
0.2 0.004 0.587529
0.2 0.008 0.596612
0.2 0.012 0.585457
0.2 0.016 0.585457
0.2 0.02 0.509234
0.2 0.024 0.468187
0.2 0.028 0.413489
0.2 0.032 0.362386
0.2 0.036 0.311103
0.2 0.04 0.266683
0.2 0.044 0.266817
0.2 0.048 0.231166
0.2 0.052 0.221856
0.2 0.056 0.191146
0.2 0.06 0.179985
0.2 0.064 0.157726
0.2 0.068 0.138181
0.2 0.072 0.143229
0.2 0.076 0.152028
0.2 0.08 0.11304
0.2 0.084 0.0890692
0.2 0.088 0.0636151
0.2 0.092 0.0553698
0.2 0.096 0.0403039
0.2 0.1 0.0351291
0.2 0.104 0.0443559
0.2 0.108 0.0218279
0.2 0.112 0.0329819
0.2 0.116 -0.0020494
0.2 0.12 0.0281379
0.2 0.124 0.0690369
0.2 0.128 0.0127407
0.2 0.132 0.0400927
0.2 0.136 0.0385721
0.2 0.14 0.0554887
0.2 0.144 0.0517918
0.2 0.148 0.0755478
0.2 0.152 0.0302585
0.2 0.156 0.0228803
0.2 0.16 0.0222156
0.2 0.164 0.00892613
0.2 0.168 0.0270671
0.2 0.172 0.0463236
0.2 0.176 0.0183685
0.2 0.18 -0.0242207
0.2 0.184 0.0783073
0.2 0.188 0.0642299
0.2 0.192 0.079854
0.2 0.196 0.0192767
0.2 0.2 0.00635164
0.2 0.204 -0.0106457
0.2 0.208 0.0556481
0.2 0.212 0.0223837
0.2 0.216 0.118424
0.2 0.22 0.0330865
0.2 0.224 0.0565248
0.2 0.228 0.0662767
0.2 0.232 0.0178836
0.2 0.236 0.0340695
0.2 0.24 0.0200658
0.2 0.244 0.0156405
0.2 0.248 0.0306505
0.2 0.252 0.0118654
0.2 0.256 0.0536071
0.2 0.26 -0.00569142
0.2 0.264 -0.0729287
0.2 0.268 0.0900114
0.2 0.272 0.00452142
0.2 0.276 -0.040651
0.2 0.28 -0.0264534
0.2 0.284 -0.00852313
0.2 0.288 -0.0613943
0.2 0.292 -0.0300635
0.2 0.296 0.00416448
0.2 0.3 0.0136801
0.2 0.304 -0.0644722
0.2 0.308 0.0290595
0.2 0.312 -0.0466563
0.2 0.316 -0.0561738
0.2 0.32 -0.042861
0.2 0.324 0.0147411
0.2 0.328 -0.0649035
0.2 0.332 -0.051702
0.2 0.336 -0.0502842
0.2 0.34 -0.0179006
0.2 0.344 -0.034486
0.2 0.348 -0.0265178
0.2 0.352 0.0143618
0.2 0.356 -0.0343571
0.2 0.36 0.0502821
0.2 0.364 -0.0225086
0.2 0.368 0.0066743
0.2 0.372 -0.0148384
0.2 0.376 0.0178288
0.2 0.38 0.0696073
0.2 0.384 0.00480773
0.2 0.388 0.0420582
0.2 0.392 0.0140974
0.2 0.396 0.0255412
0.2 0.4 0.0276796
0.2 0.404 0.0204045
0.2 0.408 0.00861623
0.2 0.412 0.017226
0.2 0.416 0.0530724
0.2 0.42 0.0399077
0.2 0.424 0.0401851
0.2 0.428 0.0297017
0.2 0.432 0.0596049
0.2 0.436 0.0302015
0.2 0.44 0.00922682
0.2 0.444 0.0321451
0.2 0.448 0.0689362
0.2 0.452 0.016073
0.2 0.456 0.0418725
0.2 0.46 0.0404937
0.2 0.464 0.0556445
0.2 0.468 0.0283117
0.2 0.472 0.0247613
0.2 0.476 0.0438885
0.2 0.48 0.0176273
0.2 0.484 0.022158
0.2 0.488 0.0492437
0.2 0.492 0.0320288
0.2 0.496 0.033153
0.2 0.5 0.0179072
0.2 0.504 -0.00859369
0.2 0.508 0.0100094
0.2 0.512 0.0338904
0.2 0.516 0.0113685
0.2 0.52 0.018584
0.2 0.524 -0.0124793
0.2 0.528 -0.00781817
0.2 0.532 0.0048369
0.2 0.536 0.0130133
0.2 0.54 -0.0196019
0.2 0.544 0.0129351
0.2 0.548 0.0303566
0.2 0.552 0.0239606
0.2 0.556 -0.00301018
0.2 0.56 -0.00657085
0.2 0.564 0.000743571
0.2 0.568 -0.0139025
0.2 0.572 -0.00257557
0.2 0.576 0.00215625
0.2 0.58 -0.00856712
0.2 0.584 -0.0110761
0.2 0.588 -0.012067
0.2 0.592 0.000909187
0.2 0.596 -0.00940312
0.2 0.6 -0.00487441
0.2 0.604 -0.00513791
0.2 0.608 0.000157867
0.2 0.612 0.0177234
0.2 0.616 0.00244763
0.2 0.62 -0.00573615
0.2 0.624 -0.00384864
0.2 0.628 -0.00263083
0.2 0.632 -0.00354844
0.2 0.636 -0.00341322
0.2 0.64 -0.00989513
0.2 0.644 -0.00962474
0.2 0.648 -0.0153593
0.2 0.652 0.00618827
0.2 0.656 -0.0158702
0.2 0.66 -0.00643417
0.2 0.664 0.00475442
0.2 0.668 -0.00458807
0.2 0.672 0.00838852
0.2 0.676 0.00456033
0.2 0.68 0.00372423
0.2 0.684 -0.0067971
0.2 0.688 -0.0104493
0.2 0.692 0.00299444
0.2 0.696 -0.00675363
0.2 0.7 0.0068814
0.2 0.704 -0.000485682
0.2 0.708 -0.00910883
0.2 0.712 0.00311369
0.2 0.716 0.00108087
0.2 0.72 -0.000630613
0.2 0.724 -0.00010879
0.2 0.728 0.00148671
0.2 0.732 0.00559252
0.2 0.736 -0.00359176
0.2 0.74 0.00471724
0.2 0.744 -0.00584596
0.2 0.748 -0.00548628
0.2 0.752 -0.00191989
0.2 0.756 0.0043859
0.2 0.76 -0.00647915
0.2 0.764 -0.00359375
0.2 0.768 -0.00224955
0.2 0.772 -0.00383653
0.2 0.776 -0.00158729
0.2 0.78 0.000294894
0.2 0.784 0.00274751
0.2 0.788 0.00651698
0.2 0.792 0.00162641
0.2 0.796 -0.00367237
0.2 0.8 -0.00433796
0.216667 0 0.541454
0.216667 0.004 0.568822
0.216667 0.008 0.583218
0.216667 0.012 0.577009
0.216667 0.016 0.577009
0.216667 0.02 0.512283
0.216667 0.024 0.473603
0.216667 0.028 0.421721
0.216667 0.032 0.371522
0.216667 0.036 0.31691
0.216667 0.04 0.274455
0.216667 0.044 0.273211
0.216667 0.048 0.231784
0.216667 0.052 0.228282
0.216667 0.056 0.19902
0.216667 0.06 0.180893
0.216667 0.064 0.160931
0.216667 0.068 0.13708
0.216667 0.072 0.150735
0.216667 0.076 0.157741
0.216667 0.08 0.135199
0.216667 0.084 0.105712
0.216667 0.088 0.0815851
0.216667 0.092 0.0632742
0.216667 0.096 0.0600676
0.216667 0.1 0.0456358
0.216667 0.104 0.0461947
0.216667 0.108 0.0334865
0.216667 0.112 0.040068
0.216667 0.116 -0.00436786
0.216667 0.12 0.00754794
0.216667 0.124 0.0700739
0.216667 0.128 0.0231526
0.216667 0.132 0.0417691
0.216667 0.136 0.0228574
0.216667 0.14 0.0482837
0.216667 0.144 0.0334326
0.216667 0.148 0.0766031
0.216667 0.152 0.0209987
0.216667 0.156 0.0313908
0.216667 0.16 0.0710561
0.216667 0.164 0.0459291
0.216667 0.168 0.0244701
0.216667 0.172 0.0861287
0.216667 0.176 0.0244668
0.216667 0.18 0.0372802
0.216667 0.184 0.103818
0.216667 0.188 0.0839328
0.216667 0.192 0.0700147
0.216667 0.196 -0.0116686
0.216667 0.2 0.0179477
0.216667 0.204 0.058942
0.216667 0.208 0.0312661
0.216667 0.212 0.0293291
0.216667 0.216 0.0527809
0.216667 0.22 0.0268489
0.216667 0.224 -0.00920242
0.216667 0.228 -0.0209426
0.216667 0.232 -0.0075011
0.216667 0.236 0.0107494
0.216667 0.24 -0.00917791
0.216667 0.244 -0.0237403
0.216667 0.248 0.0126752
0.216667 0.252 -0.0241494
0.216667 0.256 -0.0349366
0.216667 0.26 -0.0344568
0.216667 0.264 -0.107687
0.216667 0.268 -0.0645248
0.216667 0.272 0.0183013
0.216667 0.276 -0.048857
0.216667 0.28 -0.0511123
0.216667 0.284 -0.00570334
0.216667 0.288 -0.0698587
0.216667 0.292 -0.0121758
0.216667 0.296 -0.0317889
0.216667 0.3 -0.0112521
0.216667 0.304 0.0259354
0.216667 0.308 0.042453
0.216667 0.312 0.0252771
0.216667 0.316 -0.031528
0.216667 0.32 -0.0197759
0.216667 0.324 0.0644259
0.216667 0.328 0.0195976
0.216667 0.332 -0.012629
0.216667 0.336 0.0476573
0.216667 0.34 0.0138135
0.216667 0.344 -0.0135561
0.216667 0.348 0.000894515
0.216667 0.352 0.0324234
0.216667 0.356 0.0138269
0.216667 0.36 0.0615403
0.216667 0.364 0.005617
0.216667 0.368 0.0331834
0.216667 0.372 0.0039402
0.216667 0.376 0.0333913
0.216667 0.38 0.0508218
0.216667 0.384 0.0337545
0.216667 0.388 0.0254957
0.216667 0.392 0.0248014
0.216667 0.396 0.0366844
0.216667 0.4 0.00335917
0.216667 0.404 0.0108694
0.216667 0.408 0.0195238
0.216667 0.412 0.0220545
0.216667 0.416 0.0207137
0.216667 0.42 -0.0110706
0.216667 0.424 0.0214909
0.216667 0.428 0.0234418
0.216667 0.432 -0.00432925
0.216667 0.436 0.00998381
0.216667 0.44 -0.0396913
0.216667 0.444 0.0343907
0.216667 0.448 0.0296486
0.216667 0.452 -0.0108142
0.216667 0.456 0.00798885
0.216667 0.46 0.00713271
0.216667 0.464 0.0445086
0.216667 0.468 -0.000497773
0.216667 0.472 0.0253723
0.216667 0.476 -0.00514046
0.216667 0.48 0.00433068
0.216667 0.484 0.0196131
0.216667 0.488 0.0310048
0.216667 0.492 -0.0107177
0.216667 0.496 -0.00325347
0.216667 0.5 -0.0173347
0.216667 0.504 -0.0160147
0.216667 0.508 -0.0149073
0.216667 0.512 -0.00913604
0.216667 0.516 -0.00467182
0.216667 0.52 -0.0251236
0.216667 0.524 -0.0124077
0.216667 0.528 -0.00577533
0.216667 0.532 -0.00320554
0.216667 0.536 0.0035111
0.216667 0.54 -0.0120412
0.216667 0.544 0.0112875
0.216667 0.548 0.00337734
0.216667 0.552 -0.0103018
0.216667 0.556 -0.00059956
0.216667 0.56 -0.00437029
0.216667 0.564 0.0120664
0.216667 0.568 -0.00434983
0.216667 0.572 0.00339106
0.216667 0.576 -0.0015681
0.216667 0.58 0.00251845
0.216667 0.584 0.00488878
0.216667 0.588 -0.00206066
0.216667 0.592 -0.00279482
0.216667 0.596 -0.00493514
0.216667 0.6 -0.0142982
0.216667 0.604 -0.0119769
0.216667 0.608 0.0103642
0.216667 0.612 0.0154625
0.216667 0.616 0.00837857
0.216667 0.62 -0.00334589
0.216667 0.624 0.0115843
0.216667 0.628 0.0075931
0.216667 0.632 0.00370809
0.216667 0.636 0.00842382
0.216667 0.64 -0.00654188
0.216667 0.644 0.0145092
0.216667 0.648 0.000907816
0.216667 0.652 0.013293
0.216667 0.656 -0.0122586
0.216667 0.66 0.00172348
0.216667 0.664 0.0125109
0.216667 0.668 0.00555239
0.216667 0.672 0.00912615
0.216667 0.676 0.0105499
0.216667 0.68 0.00506721
0.216667 0.684 -0.0066863
0.216667 0.688 -0.00767127
0.216667 0.692 0.00712988
0.216667 0.696 -0.00312874
0.216667 0.7 0.00345836
0.216667 0.704 -0.000741419
0.216667 0.708 0.000934808
0.216667 0.712 -0.00231796
0.216667 0.716 0.00241243
0.216667 0.72 0.00509602
0.216667 0.724 0.00553486
0.216667 0.728 -0.00223549
0.216667 0.732 0.00801584
0.216667 0.736 0.000968827
0.216667 0.74 0.000279411
0.216667 0.744 -0.00927746
0.216667 0.748 0.00160211
0.216667 0.752 -0.00638929
0.216667 0.756 0.00252264
0.216667 0.76 -0.00086409
0.216667 0.764 -0.00110069
0.216667 0.768 -0.00602061
0.216667 0.772 -0.000888109
0.216667 0.776 -0.00536541
0.216667 0.78 -0.0039948
0.216667 0.784 -0.00264743
0.216667 0.788 0.00343344
0.216667 0.792 0.0015499
0.216667 0.796 6.50493e-05
0.216667 0.8 -0.000943546
0.233333 0 0.532477
0.233333 0.004 0.564668
0.233333 0.008 0.583359
0.233333 0.012 0.582326
0.233333 0.016 0.582326
0.233333 0.02 0.526752
0.233333 0.024 0.488812
0.233333 0.028 0.439393
0.233333 0.032 0.387744
0.233333 0.036 0.33482
0.233333 0.04 0.293476
0.233333 0.044 0.28375
0.233333 0.048 0.239769
0.233333 0.052 0.236672
0.233333 0.056 0.211761
0.233333 0.06 0.186862
0.233333 0.064 0.169148
0.233333 0.068 0.142004
0.233333 0.072 0.161435
0.233333 0.076 0.152609
0.233333 0.08 0.15308
0.233333 0.084 0.120385
0.233333 0.088 0.104833
0.233333 0.092 0.0732353
0.233333 0.096 0.0821289
0.233333 0.1 0.0523461
0.233333 0.104 0.0540976
0.233333 0.108 0.0511584
0.233333 0.112 0.037157
0.233333 0.116 0.027666
0.233333 0.12 0.00397209
0.233333 0.124 0.0784074
0.233333 0.128 0.0318611
0.233333 0.132 0.0594959
0.233333 0.136 0.0359267
0.233333 0.14 0.0453213
0.233333 0.144 0.0317092
0.233333 0.148 0.0783432
0.233333 0.152 0.0339117
0.233333 0.156 0.0642498
0.233333 0.16 0.0943526
0.233333 0.164 0.0811302
0.233333 0.168 0.0382184
0.233333 0.172 0.0968494
0.233333 0.176 0.0539988
0.233333 0.18 0.0607227
0.233333 0.184 0.102379
0.233333 0.188 0.0554034
0.233333 0.192 0.0451874
0.233333 0.196 -0.00136176
0.233333 0.2 0.00483838
0.233333 0.204 0.0998108
0.233333 0.208 -0.011045
0.233333 0.212 -0.00540282
0.233333 0.216 -0.051445
0.233333 0.22 0.0296081
0.233333 0.224 -0.0477999
0.233333 0.228 -0.0939821
0.233333 0.232 -0.0441122
0.233333 0.236 -0.0243913
0.233333 0.24 -0.0108016
0.233333 0.244 -0.034801
0.233333 0.248 -0.00431589
0.233333 0.252 -0.0424026
0.233333 0.256 -0.062936
0.233333 0.26 -0.0255866
0.233333 0.264 -0.0482684
0.233333 0.268 -0.137084
0.233333 0.272 0.0442063
0.233333 0.276 0.00366631
0.233333 0.28 -0.00744143
0.233333 0.284 0.0271009
0.233333 0.288 -0.00774262
0.233333 0.292 0.0541602
0.233333 0.296 -0.0299339
0.233333 0.3 0.00442426
0.233333 0.304 0.0841199
0.233333 0.308 0.0423887
0.233333 0.312 0.0850443
0.233333 0.316 0.0241676
0.233333 0.32 0.0177832
0.233333 0.324 0.0685161
0.233333 0.328 0.0900409
0.233333 0.332 0.0328344
0.233333 0.336 0.0749796
0.233333 0.34 0.0364065
0.233333 0.344 0.00186528
0.233333 0.348 0.0668341
0.233333 0.352 0.0194839
0.233333 0.356 0.0487175
0.233333 0.36 0.00362515
0.233333 0.364 0.0297398
0.233333 0.368 0.0164051
0.233333 0.372 0.0123307
0.233333 0.376 0.0242124
0.233333 0.38 -0.00789991
0.233333 0.384 0.0407268
0.233333 0.388 -0.0187562
0.233333 0.392 0.0119158
0.233333 0.396 0.0353223
0.233333 0.4 -0.0254019
0.233333 0.404 -0.00568637
0.233333 0.408 0.0169593
0.233333 0.412 -0.00135243
0.233333 0.416 -0.0236111
0.233333 0.42 -0.0583973
0.233333 0.424 -0.018382
0.233333 0.428 0.00528295
0.233333 0.432 -0.0499644
0.233333 0.436 -0.0212526
0.233333 0.44 -0.0359194
0.233333 0.444 0.00335365
0.233333 0.448 -0.0483295
0.233333 0.452 -0.022089
0.233333 0.456 -0.0244804
0.233333 0.46 -0.01269
0.233333 0.464 -0.0175237
0.233333 0.468 -0.0267266
0.233333 0.472 0.0236135
0.233333 0.476 -0.0450087
0.233333 0.48 -0.00937059
0.233333 0.484 0.00848741
0.233333 0.488 0.000402789
0.233333 0.492 -0.0256057
0.233333 0.496 -0.0325272
0.233333 0.5 -0.0270969
0.233333 0.504 -0.00148901
0.233333 0.508 -0.0271119
0.233333 0.512 -0.0321994
0.233333 0.516 -0.00778831
0.233333 0.52 -0.0231354
0.233333 0.524 -0.00991347
0.233333 0.528 0.00851021
0.233333 0.532 -0.00564605
0.233333 0.536 -0.00033352
0.233333 0.54 0.0101424
0.233333 0.544 0.0130767
0.233333 0.548 -0.0208779
0.233333 0.552 -0.0263855
0.233333 0.556 0.00336951
0.233333 0.56 0.00497145
0.233333 0.564 0.0233144
0.233333 0.568 0.0102005
0.233333 0.572 0.0059481
0.233333 0.576 -0.00244291
0.233333 0.58 0.0136244
0.233333 0.584 0.0104668
0.233333 0.588 0.0187336
0.233333 0.592 0.0067034
0.233333 0.596 0.00268409
0.233333 0.6 -0.0098162
0.233333 0.604 -0.012674
0.233333 0.608 0.0176547
0.233333 0.612 0.00945664
0.233333 0.616 0.00868958
0.233333 0.62 0.00511379
0.233333 0.624 0.0123636
0.233333 0.628 0.0146102
0.233333 0.632 0.0093957
0.233333 0.636 0.0136906
0.233333 0.64 -0.00159516
0.233333 0.644 0.0276759
0.233333 0.648 0.0158458
0.233333 0.652 0.0135395
0.233333 0.656 -0.00727286
0.233333 0.66 0.0082547
0.233333 0.664 0.017622
0.233333 0.668 0.0116777
0.233333 0.672 0.00713727
0.233333 0.676 0.00729367
0.233333 0.68 0.00334015
0.233333 0.684 -0.00134273
0.233333 0.688 -0.0042545
0.233333 0.692 0.00390208
0.233333 0.696 0.00451499
0.233333 0.7 0.00297772
0.233333 0.704 -0.00263019
0.233333 0.708 0.00570665
0.233333 0.712 0.000422282
0.233333 0.716 -0.0010619
0.233333 0.72 0.0074425
0.233333 0.724 0.00482982
0.233333 0.728 -0.00249969
0.233333 0.732 0.00967121
0.233333 0.736 0.00576072
0.233333 0.74 0.000389148
0.233333 0.744 -0.0083905
0.233333 0.748 0.00655158
0.233333 0.752 -0.00770698
0.233333 0.756 0.000484103
0.233333 0.76 0.00293161
0.233333 0.764 0.000820373
0.233333 0.768 -0.00671672
0.233333 0.772 0.00481566
0.233333 0.776 -0.00176946
0.233333 0.78 -0.00820042
0.233333 0.784 -0.00220233
0.233333 0.788 0.00291385
0.233333 0.792 0.00245962
0.233333 0.796 0.00508189
0.233333 0.8 0.00290175
0.25 0 0.522687
0.25 0.004 0.559489
0.25 0.008 0.582767
0.25 0.012 0.587745
0.25 0.016 0.587745
0.25 0.02 0.542237
0.25 0.024 0.505842
0.25 0.028 0.458941
0.25 0.032 0.407558
0.25 0.036 0.360111
0.25 0.04 0.320247
0.25 0.044 0.296364
0.25 0.048 0.251881
0.25 0.052 0.246214
0.25 0.056 0.222454
0.25 0.06 0.193801
0.25 0.064 0.176301
0.25 0.068 0.147394
0.25 0.072 0.167138
0.25 0.076 0.135045
0.25 0.08 0.146347
0.25 0.084 0.114772
0.25 0.088 0.120878
0.25 0.092 0.0770995
0.25 0.096 0.0911417
0.25 0.1 0.049184
0.25 0.104 0.0613081
0.25 0.108 0.0564041
0.25 0.112 0.0290771
0.25 0.116 0.0572619
0.25 0.12 0.0222487
0.25 0.124 0.0732858
0.25 0.128 0.025752
0.25 0.132 0.0719162
0.25 0.136 0.0643213
0.25 0.14 0.0555098
0.25 0.144 0.0428499
0.25 0.148 0.076565
0.25 0.152 0.0549477
0.25 0.156 0.0916673
0.25 0.16 0.0718225
0.25 0.164 0.0801262
0.25 0.168 0.0525125
0.25 0.172 0.0670919
0.25 0.176 0.0791327
0.25 0.18 0.0376729
0.25 0.184 0.07577
0.25 0.188 0.0317802
0.25 0.192 0.0436204
0.25 0.196 0.0475036
0.25 0.2 -0.00341667
0.25 0.204 0.0929445
0.25 0.208 -0.0325403
0.25 0.212 -0.0372303
0.25 0.216 -0.0915259
0.25 0.22 0.0574299
0.25 0.224 -0.0268536
0.25 0.228 -0.0659533
0.25 0.232 -0.0530625
0.25 0.236 -0.0243209
0.25 0.24 0.0100441
0.25 0.244 -0.013774
0.25 0.248 -0.0156279
0.25 0.252 -0.0281143
0.25 0.256 -0.0174984
0.25 0.26 -0.00609421
0.25 0.264 0.0233668
0.25 0.268 -0.0567634
0.25 0.272 0.0191546
0.25 0.276 0.038956
0.25 0.28 0.0391334
0.25 0.284 0.0395536
0.25 0.288 0.0491086
0.25 0.292 0.0794537
0.25 0.296 0.0114021
0.25 0.3 0.0350164
0.25 0.304 0.0433818
0.25 0.308 0.00966514
0.25 0.312 0.0615046
0.25 0.316 0.060938
0.25 0.32 0.0275923
0.25 0.324 0.00937932
0.25 0.328 0.0598438
0.25 0.332 0.0395173
0.25 0.336 -0.00403022
0.25 0.34 0.0187568
0.25 0.344 -0.011515
0.25 0.348 0.0785078
0.25 0.352 -0.0160773
0.25 0.356 0.0272096
0.25 0.36 -0.0551387
0.25 0.364 0.0147393
0.25 0.368 -0.00862514
0.25 0.372 0.0132127
0.25 0.376 -0.00950631
0.25 0.38 -0.0334303
0.25 0.384 0.0307104
0.25 0.388 -0.0313825
0.25 0.392 -0.00502258
0.25 0.396 0.0269463
0.25 0.4 -0.0198706
0.25 0.404 -0.00350483
0.25 0.408 0.00885974
0.25 0.412 -0.0115005
0.25 0.416 -0.0147753
0.25 0.42 -0.0407303
0.25 0.424 -0.0235293
0.25 0.428 0.0034003
0.25 0.432 -0.0198683
0.25 0.436 -0.0162488
0.25 0.44 0.0146329
0.25 0.444 -0.0231372
0.25 0.448 -0.0657234
0.25 0.452 0.00375743
0.25 0.456 -0.0125315
0.25 0.46 0.00560728
0.25 0.464 -0.0532403
0.25 0.468 -0.0108888
0.25 0.472 0.0153211
0.25 0.476 -0.0161957
0.25 0.48 -0.00791648
0.25 0.484 0.00537449
0.25 0.488 -0.0165519
0.25 0.492 0.0122415
0.25 0.496 -0.0158869
0.25 0.5 0.00330254
0.25 0.504 0.0242977
0.25 0.508 -0.0052946
0.25 0.512 -0.0050936
0.25 0.516 0.0113614
0.25 0.52 0.024861
0.25 0.524 0.00817545
0.25 0.528 0.0173096
0.25 0.532 0.00158927
0.25 0.536 0.00670325
0.25 0.54 0.0163816
0.25 0.544 0.0124136
0.25 0.548 -0.00611256
0.25 0.552 0.00168362
0.25 0.556 0.005207
0.25 0.56 0.0107119
0.25 0.564 0.0220003
0.25 0.568 0.0136303
0.25 0.572 0.00939032
0.25 0.576 -0.00772599
0.25 0.58 0.0118933
0.25 0.584 0.00152946
0.25 0.588 0.0275487
0.25 0.592 0.0221043
0.25 0.596 0.0053024
0.25 0.6 0.00178159
0.25 0.604 -0.00361448
0.25 0.608 0.0134099
0.25 0.612 0.00407339
0.25 0.616 0.0082311
0.25 0.62 0.00868204
0.25 0.624 -0.00280106
0.25 0.628 0.00753763
0.25 0.632 0.00569941
0.25 0.636 0.00578569
0.25 0.64 0.00138168
0.25 0.644 0.0143944
0.25 0.648 0.0132438
0.25 0.652 0.00625056
0.25 0.656 -0.00225128
0.25 0.66 0.00548502
0.25 0.664 0.0100698
0.25 0.668 0.00489153
0.25 0.672 0.00359506
0.25 0.676 -0.00169737
0.25 0.68 0.000402579
0.25 0.684 0.00394417
0.25 0.688 -0.00101189
0.25 0.692 0.000493192
0.25 0.696 0.00495215
0.25 0.7 0.00715918
0.25 0.704 -0.0056878
0.25 0.708 9.31564e-05
0.25 0.712 0.0075789
0.25 0.716 -0.00367778
0.25 0.72 0.00228456
0.25 0.724 0.00335888
0.25 0.728 -0.00208267
0.25 0.732 0.010014
0.25 0.736 0.00735693
0.25 0.74 0.005384
0.25 0.744 -0.00610626
0.25 0.748 0.00552765
0.25 0.752 -0.00476205
0.25 0.756 -0.000288483
0.25 0.76 0.000770801
0.25 0.764 -1.58176e-05
0.25 0.768 -0.0037658
0.25 0.772 0.00722994
0.25 0.776 0.00359376
0.25 0.78 -0.00666987
0.25 0.784 0.00449041
0.25 0.788 0.00677094
0.25 0.792 0.00362772
0.25 0.796 0.00914498
0.25 0.8 0.00370592
0.266667 0 0.495152
0.266667 0.004 0.535713
0.266667 0.008 0.564664
0.266667 0.012 0.576745
0.266667 0.016 0.576745
0.266667 0.02 0.545825
0.266667 0.024 0.514
0.266667 0.028 0.471255
0.266667 0.032 0.424734
0.266667 0.036 0.382671
0.266667 0.04 0.345616
0.266667 0.044 0.306625
0.266667 0.048 0.261811
0.266667 0.052 0.255153
0.266667 0.056 0.226841
0.266667 0.06 0.198274
0.266667 0.064 0.178745
0.266667 0.068 0.150361
0.266667 0.072 0.164098
0.266667 0.076 0.112478
0.266667 0.08 0.116416
0.266667 0.084 0.0883712
0.266667 0.088 0.121163
0.266667 0.092 0.0707243
0.266667 0.096 0.0907911
0.266667 0.1 0.0492024
0.266667 0.104 0.0693444
0.266667 0.108 0.0532489
0.266667 0.112 0.0259253
0.266667 0.116 0.060971
0.266667 0.12 0.0462396
0.266667 0.124 0.0592752
0.266667 0.128 0.0128039
0.266667 0.132 0.0666203
0.266667 0.136 0.0843445
0.266667 0.14 0.0801428
0.266667 0.144 0.0539179
0.266667 0.148 0.0693883
0.266667 0.152 0.0723548
0.266667 0.156 0.0937444
0.266667 0.16 0.0455615
0.266667 0.164 0.0544298
0.266667 0.168 0.0581858
0.266667 0.172 0.0298457
0.266667 0.176 0.0817532
0.266667 0.18 0.0122343
0.266667 0.184 0.0537091
0.266667 0.188 0.0438725
0.266667 0.192 0.0678774
0.266667 0.196 0.0796186
0.266667 0.2 0.0174204
0.266667 0.204 0.0461214
0.266667 0.208 -0.0104118
0.266667 0.212 -0.030312
0.266667 0.216 -0.0424109
0.266667 0.22 0.0561215
0.266667 0.224 0.00461119
0.266667 0.228 0.0353899
0.266667 0.232 -0.0215358
0.266667 0.236 0.00739275
0.266667 0.24 0.0309274
0.266667 0.244 0.00182627
0.266667 0.248 -0.0280464
0.266667 0.252 -0.000758648
0.266667 0.256 0.0134535
0.266667 0.26 -0.0181566
0.266667 0.264 0.0186078
0.266667 0.268 0.0694669
0.266667 0.272 -0.0538464
0.266667 0.276 0.0184504
0.266667 0.28 0.0256343
0.266667 0.284 0.0275217
0.266667 0.288 0.0369864
0.266667 0.292 0.0340607
0.266667 0.296 0.0406882
0.266667 0.3 0.041208
0.266667 0.304 -0.0404048
0.266667 0.308 -0.020632
0.266667 0.312 -0.006775
0.266667 0.316 0.0508383
0.266667 0.32 0.0122455
0.266667 0.324 -0.0376782
0.266667 0.328 -0.0206921
0.266667 0.332 0.0285066
0.266667 0.336 -0.0652018
0.266667 0.34 -0.00750105
0.266667 0.344 -0.0264351
0.266667 0.348 0.0174777
0.266667 0.352 -0.021488
0.266667 0.356 -0.00778926
0.266667 0.36 -0.0495217
0.266667 0.364 -0.0218694
0.266667 0.368 0.00778605
0.266667 0.372 0.0231165
0.266667 0.376 -0.0256811
0.266667 0.38 -0.00284539
0.266667 0.384 0.0158038
0.266667 0.388 -0.00385113
0.266667 0.392 -0.000956158
0.266667 0.396 0.00738521
0.266667 0.4 0.0063339
0.266667 0.404 0.00845115
0.266667 0.408 0.00338306
0.266667 0.412 0.00641897
0.266667 0.416 0.0297453
0.266667 0.42 0.014281
0.266667 0.424 0.00656999
0.266667 0.428 0.0209345
0.266667 0.432 0.0399362
0.266667 0.436 0.0189447
0.266667 0.44 0.0460517
0.266667 0.444 -0.0169163
0.266667 0.448 -0.00672317
0.266667 0.452 0.0309377
0.266667 0.456 0.0183175
0.266667 0.46 0.0305756
0.266667 0.464 -0.0196229
0.266667 0.468 0.0276408
0.266667 0.472 0.0041933
0.266667 0.476 0.0389652
0.266667 0.48 0.00465281
0.266667 0.484 0.0128654
0.266667 0.488 -0.0132281
0.266667 0.492 0.0461145
0.266667 0.496 0.0200712
0.266667 0.5 0.0279358
0.266667 0.504 0.0332781
0.266667 0.508 0.0249225
0.266667 0.512 0.034876
0.266667 0.516 0.0277517
0.266667 0.52 0.0488966
0.266667 0.524 0.0285389
0.266667 0.528 0.0060795
0.266667 0.532 0.0104946
0.266667 0.536 0.0204375
0.266667 0.54 0.000246757
0.266667 0.544 0.00883368
0.266667 0.548 0.0303369
0.266667 0.552 0.0330826
0.266667 0.556 0.00740055
0.266667 0.56 0.00879593
0.266667 0.564 0.0122168
0.266667 0.568 0.00502155
0.266667 0.572 0.015414
0.266667 0.576 -0.00893095
0.266667 0.58 0.00274345
0.266667 0.584 -0.00398636
0.266667 0.588 0.0157541
0.266667 0.592 0.0280391
0.266667 0.596 0.00444658
0.266667 0.6 0.00973199
0.266667 0.604 0.0115159
0.266667 0.608 0.0113183
0.266667 0.612 0.00632047
0.266667 0.616 0.0117464
0.266667 0.62 0.00677736
0.266667 0.624 -0.0128748
0.266667 0.628 -0.00304212
0.266667 0.632 -0.00333984
0.266667 0.636 -0.00443086
0.266667 0.64 0.00115428
0.266667 0.644 -0.00372116
0.266667 0.648 0.00179512
0.266667 0.652 0.00173115
0.266667 0.656 0.00247446
0.266667 0.66 0.0010993
0.266667 0.664 -0.00328405
0.266667 0.668 -0.0037459
0.266667 0.672 0.00148304
0.266667 0.676 -0.00439457
0.266667 0.68 0.00112289
0.266667 0.684 0.00400728
0.266667 0.688 0.00317652
0.266667 0.692 0.00403601
0.266667 0.696 -0.000983091
0.266667 0.7 0.0102116
0.266667 0.704 -0.00763059
0.266667 0.708 -0.00682922
0.266667 0.712 0.0103656
0.266667 0.716 0.0022173
0.266667 0.72 -0.00413925
0.266667 0.724 0.00687122
0.266667 0.728 -0.00270174
0.266667 0.732 0.00648489
0.266667 0.736 0.00636939
0.266667 0.74 0.00645626
0.266667 0.744 -0.00536655
0.266667 0.748 0.00117549
0.266667 0.752 -0.000262587
0.266667 0.756 0.000378458
0.266667 0.76 -0.00358916
0.266667 0.764 -0.00162511
0.266667 0.768 6.26723e-05
0.266667 0.772 0.00406299
0.266667 0.776 0.00411967
0.266667 0.78 -0.00146067
0.266667 0.784 0.00790724
0.266667 0.788 0.00837554
0.266667 0.792 0.0021343
0.266667 0.796 0.00995666
0.266667 0.8 0.00311219
0.283333 0 0.461383
0.283333 0.004 0.504297
0.283333 0.008 0.538837
0.283333 0.012 0.557662
0.283333 0.016 0.557662
0.283333 0.02 0.543988
0.283333 0.024 0.518352
0.283333 0.028 0.481436
0.283333 0.032 0.442715
0.283333 0.036 0.401512
0.283333 0.04 0.367278
0.283333 0.044 0.318067
0.283333 0.048 0.270945
0.283333 0.052 0.266213
0.283333 0.056 0.230373
0.283333 0.06 0.203777
0.283333 0.064 0.181693
0.283333 0.068 0.156303
0.283333 0.072 0.158005
0.283333 0.076 0.103545
0.283333 0.08 0.0909181
0.283333 0.084 0.0661553
0.283333 0.088 0.111782
0.283333 0.092 0.0645769
0.283333 0.096 0.0971665
0.283333 0.1 0.0611728
0.283333 0.104 0.0809082
0.283333 0.108 0.0598026
0.283333 0.112 0.034863
0.283333 0.116 0.0522441
0.283333 0.12 0.0588113
0.283333 0.124 0.0608285
0.283333 0.128 0.00968822
0.283333 0.132 0.0576181
0.283333 0.136 0.0845498
0.283333 0.14 0.0997636
0.283333 0.144 0.0596873
0.283333 0.148 0.0586714
0.283333 0.152 0.077359
0.283333 0.156 0.0768807
0.283333 0.16 0.0585709
0.283333 0.164 0.037979
0.283333 0.168 0.0532307
0.283333 0.172 0.0220369
0.283333 0.176 0.0652764
0.283333 0.18 0.0120336
0.283333 0.184 0.0604926
0.283333 0.188 0.0618502
0.283333 0.192 0.0808478
0.283333 0.196 0.0572868
0.283333 0.2 0.048557
0.283333 0.204 -0.0124961
0.283333 0.208 0.037489
0.283333 0.212 -0.00134739
0.283333 0.216 0.0279793
0.283333 0.22 -0.00182417
0.283333 0.224 0.00626183
0.283333 0.228 0.0974347
0.283333 0.232 0.0210435
0.283333 0.236 0.030353
0.283333 0.24 0.0384145
0.283333 0.244 -0.0148992
0.283333 0.248 -0.0316374
0.283333 0.252 0.00978958
0.283333 0.256 -0.00785483
0.283333 0.26 -0.0480682
0.283333 0.264 -0.0491803
0.283333 0.268 0.104103
0.283333 0.272 -0.0957747
0.283333 0.276 -0.0116973
0.283333 0.28 -0.0318684
0.283333 0.284 0.0267568
0.283333 0.288 -0.0175891
0.283333 0.292 -0.0219791
0.283333 0.296 0.0168131
0.283333 0.3 0.0221333
0.283333 0.304 -0.0649121
0.283333 0.308 -0.0113551
0.283333 0.312 -0.0292257
0.283333 0.316 0.00442846
0.283333 0.32 0.00814911
0.283333 0.324 -0.00819436
0.283333 0.328 -0.0403191
0.283333 0.332 0.0319974
0.283333 0.336 -0.0110094
0.283333 0.34 0.00319216
0.283333 0.344 -0.00921707
0.283333 0.348 -0.0245945
0.283333 0.352 0.0238172
0.283333 0.356 0.00222281
0.283333 0.36 0.00958082
0.283333 0.364 -0.0336756
0.283333 0.368 0.0434576
0.283333 0.372 0.0361969
0.283333 0.376 0.00527956
0.283333 0.38 0.0362854
0.283333 0.384 0.00263548
0.283333 0.388 0.016869
0.283333 0.392 0.0231827
0.283333 0.396 -0.0137955
0.283333 0.4 0.0108125
0.283333 0.404 0.00849691
0.283333 0.408 -0.00152125
0.283333 0.412 0.0203341
0.283333 0.416 0.042374
0.283333 0.42 0.0345487
0.283333 0.424 0.0257864
0.283333 0.428 0.0343361
0.283333 0.432 0.0484532
0.283333 0.436 0.0360672
0.283333 0.44 0.026745
0.283333 0.444 0.0123765
0.283333 0.448 0.0483056
0.283333 0.452 0.0226306
0.283333 0.456 0.0153535
0.283333 0.46 0.0223509
0.283333 0.464 0.0352254
0.283333 0.468 0.0386408
0.283333 0.472 -0.000112388
0.283333 0.476 0.0403635
0.283333 0.48 0.0114764
0.283333 0.484 0.0186868
0.283333 0.488 0.00120686
0.283333 0.492 0.0226534
0.283333 0.496 0.0235081
0.283333 0.5 0.0120813
0.283333 0.504 0.0144736
0.283333 0.508 0.0258851
0.283333 0.512 0.0364459
0.283333 0.516 0.0152424
0.283333 0.52 0.0132139
0.283333 0.524 0.0246622
0.283333 0.528 -0.01222
0.283333 0.532 0.0097726
0.283333 0.536 0.0262133
0.283333 0.54 -0.0150923
0.283333 0.544 0.0094085
0.283333 0.548 0.041253
0.283333 0.552 0.0203114
0.283333 0.556 0.00852195
0.283333 0.56 0.00597285
0.283333 0.564 0.00699621
0.283333 0.568 -0.00203077
0.283333 0.572 0.0179622
0.283333 0.576 0.00282066
0.283333 0.58 -0.000814258
0.283333 0.584 0.00612411
0.283333 0.588 -0.000965281
0.283333 0.592 0.0210263
0.283333 0.596 0.00720187
0.283333 0.6 0.0109387
0.283333 0.604 0.0226346
0.283333 0.608 0.0222453
0.283333 0.612 0.0161475
0.283333 0.616 0.0176567
0.283333 0.62 0.00659561
0.283333 0.624 -0.00424256
0.283333 0.628 -0.00259268
0.283333 0.632 -0.00571017
0.283333 0.636 -0.00406236
0.283333 0.64 -0.000176052
0.283333 0.644 -0.00261111
0.283333 0.648 -0.000252949
0.283333 0.652 0.00442571
0.283333 0.656 0.00453626
0.283333 0.66 0.00588775
0.283333 0.664 -0.0074911
0.283333 0.668 -0.000982533
0.283333 0.672 0.0023691
0.283333 0.676 0.00289935
0.283333 0.68 0.00668385
0.283333 0.684 0.000927994
0.283333 0.688 0.00641651
0.283333 0.692 0.00995641
0.283333 0.696 -0.00342645
0.283333 0.7 0.00759256
0.283333 0.704 -0.00629281
0.283333 0.708 -0.00578685
0.283333 0.712 0.00557141
0.283333 0.716 0.0120105
0.283333 0.72 -0.00549531
0.283333 0.724 0.0114334
0.283333 0.728 -0.00244501
0.283333 0.732 0.000308349
0.283333 0.736 0.00487087
0.283333 0.74 -0.000315379
0.283333 0.744 -0.00457884
0.283333 0.748 -0.0020952
0.283333 0.752 0.00134863
0.283333 0.756 0.00197721
0.283333 0.76 -0.00390537
0.283333 0.764 -0.00185771
0.283333 0.768 0.0024249
0.283333 0.772 9.9119e-05
0.283333 0.776 0.00115828
0.283333 0.78 0.00185814
0.283333 0.784 0.00331569
0.283333 0.788 0.00474255
0.283333 0.792 -0.00155476
0.283333 0.796 0.00774508
0.283333 0.8 0.00236095
0.3 0 0.438415
0.3 0.004 0.482284
0.3 0.008 0.520823
0.3 0.012 0.544854
0.3 0.016 0.544854
0.3 0.02 0.547676
0.3 0.024 0.527225
0.3 0.028 0.496931
0.3 0.032 0.465081
0.3 0.036 0.419595
0.3 0.04 0.386236
0.3 0.044 0.335994
0.3 0.048 0.284009
0.3 0.052 0.280123
0.3 0.056 0.239952
0.3 0.06 0.21292
0.3 0.064 0.189146
0.3 0.068 0.16888
0.3 0.072 0.153898
0.3 0.076 0.119318
0.3 0.08 0.0937437
0.3 0.084 0.0707777
0.3 0.088 0.105825
0.3 0.092 0.0676671
0.3 0.096 0.107482
0.3 0.1 0.0708654
0.3 0.104 0.0859306
0.3 0.108 0.0782709
0.3 0.112 0.051815
0.3 0.116 0.0531156
0.3 0.12 0.0546673
0.3 0.124 0.081686
0.3 0.128 0.0231512
0.3 0.132 0.0634578
0.3 0.136 0.0702508
0.3 0.14 0.0898705
0.3 0.144 0.0649293
0.3 0.148 0.0492243
0.3 0.152 0.0642095
0.3 0.156 0.0599066
0.3 0.16 0.0907668
0.3 0.164 0.0439953
0.3 0.168 0.0403892
0.3 0.172 0.0462942
0.3 0.176 0.0470932
0.3 0.18 0.0271843
0.3 0.184 0.0864247
0.3 0.188 0.0484246
0.3 0.192 0.0622401
0.3 0.196 0.0176653
0.3 0.2 0.0550598
0.3 0.204 -0.041197
0.3 0.208 0.0590577
0.3 0.212 0.00885424
0.3 0.216 0.0513058
0.3 0.22 -0.0632568
0.3 0.224 -0.00212687
0.3 0.228 0.0629159
0.3 0.232 0.0405786
0.3 0.236 0.0257649
0.3 0.24 0.0311739
0.3 0.244 -0.043149
0.3 0.248 -0.00921297
0.3 0.252 -0.00416345
0.3 0.256 -0.0166922
0.3 0.26 -0.039809
0.3 0.264 -0.0884733
0.3 0.268 0.0373226
0.3 0.272 -0.051878
0.3 0.276 -0.0121489
0.3 0.28 -0.0669122
0.3 0.284 0.0465291
0.3 0.288 -0.0426446
0.3 0.292 -0.0258505
0.3 0.296 -0.0320892
0.3 0.3 0.00952054
0.3 0.304 -0.0106473
0.3 0.308 0.0248187
0.3 0.312 0.0148326
0.3 0.316 -0.0392594
0.3 0.32 0.0265886
0.3 0.324 0.0623607
0.3 0.328 0.021483
0.3 0.332 0.0375595
0.3 0.336 0.0921841
0.3 0.34 0.0447052
0.3 0.344 0.0239012
0.3 0.348 0.0221725
0.3 0.352 0.0724356
0.3 0.356 0.0404723
0.3 0.36 0.0548376
0.3 0.364 -0.00807651
0.3 0.368 0.0313701
0.3 0.372 0.0278447
0.3 0.376 0.05458
0.3 0.38 0.0349921
0.3 0.384 -0.000394589
0.3 0.388 -0.00313552
0.3 0.392 0.0407534
0.3 0.396 -0.0136404
0.3 0.4 -0.0116328
0.3 0.404 -0.0017466
0.3 0.408 -0.0122959
0.3 0.412 0.00697809
0.3 0.416 0.00594802
0.3 0.42 0.0039054
0.3 0.424 0.0126076
0.3 0.428 0.0265957
0.3 0.432 0.000345296
0.3 0.436 0.0128121
0.3 0.44 -0.00527723
0.3 0.444 0.0341138
0.3 0.448 0.0341429
0.3 0.452 -0.0040248
0.3 0.456 -0.0231186
0.3 0.46 -0.0090138
0.3 0.464 0.0395963
0.3 0.468 0.0106124
0.3 0.472 0.00848205
0.3 0.476 -0.0125032
0.3 0.48 0.00484516
0.3 0.484 0.0154609
0.3 0.488 0.0174341
0.3 0.492 -0.0265723
0.3 0.496 -0.0071452
0.3 0.5 -0.0148959
0.3 0.504 -0.00887409
0.3 0.508 -0.000259635
0.3 0.512 0.00371101
0.3 0.516 -0.0103932
0.3 0.52 -0.0302642
0.3 0.524 -0.00217578
0.3 0.528 -0.0124179
0.3 0.532 -0.000887959
0.3 0.536 0.0156926
0.3 0.54 -0.00982715
0.3 0.544 0.0174988
0.3 0.548 0.0126556
0.3 0.552 -0.0179947
0.3 0.556 0.0044152
0.3 0.56 0.00953153
0.3 0.564 0.0101508
0.3 0.568 0.00182911
0.3 0.572 0.0136683
0.3 0.576 0.0176956
0.3 0.58 0.00347601
0.3 0.584 0.0199263
0.3 0.588 -0.00125533
0.3 0.592 0.0137458
0.3 0.596 0.0143517
0.3 0.6 0.00899584
0.3 0.604 0.0219697
0.3 0.608 0.0324182
0.3 0.612 0.0226011
0.3 0.616 0.0198138
0.3 0.62 0.0095585
0.3 0.624 0.0111709
0.3 0.628 0.00781631
0.3 0.632 0.00254421
0.3 0.636 0.00379154
0.3 0.64 -0.00037903
0.3 0.644 0.0111903
0.3 0.648 0.00881742
0.3 0.652 0.00594242
0.3 0.656 0.00199277
0.3 0.66 0.0158357
0.3 0.664 0.000287525
0.3 0.668 0.00758645
0.3 0.672 0.00469083
0.3 0.676 0.00920662
0.3 0.68 0.0116898
0.3 0.684 0.000349169
0.3 0.688 0.00525707
0.3 0.692 0.00951712
0.3 0.696 0.00201776
0.3 0.7 0.00249234
0.3 0.704 -0.00233668
0.3 0.708 0.000357311
0.3 0.712 -0.00177368
0.3 0.716 0.0134671
0.3 0.72 -0.00399208
0.3 0.724 0.00992569
0.3 0.728 -0.000324741
0.3 0.732 -0.0016849
0.3 0.736 0.00419204
0.3 0.74 -0.00810644
0.3 0.744 -0.000932156
0.3 0.748 -0.00355747
0.3 0.752 -0.00118234
0.3 0.756 0.00323885
0.3 0.76 0.000602523
0.3 0.764 -0.00167395
0.3 0.768 0.00250014
0.3 0.772 -0.000116098
0.3 0.776 0.000173589
0.3 0.78 0.00254644
0.3 0.784 -0.00223335
0.3 0.788 0.00166798
0.3 0.792 -0.00288962
0.3 0.796 0.00461084
0.3 0.8 7.61658e-05
0.316667 0 0.419001
0.316667 0.004 0.463038
0.316667 0.008 0.503931
0.316667 0.012 0.532491
0.316667 0.016 0.532491
0.316667 0.02 0.55159
0.316667 0.024 0.535367
0.316667 0.028 0.512462
0.316667 0.032 0.484807
0.316667 0.036 0.434729
0.316667 0.04 0.400552
0.316667 0.044 0.358323
0.316667 0.048 0.301816
0.316667 0.052 0.292058
0.316667 0.056 0.255834
0.316667 0.06 0.222754
0.316667 0.064 0.197165
0.316667 0.068 0.182799
0.316667 0.072 0.150667
0.316667 0.076 0.148642
0.316667 0.08 0.119803
0.316667 0.084 0.0967162
0.316667 0.088 0.108019
0.316667 0.092 0.0731575
0.316667 0.096 0.0994637
0.316667 0.1 0.0642381
0.316667 0.104 0.0727061
0.316667 0.108 0.0892896
0.316667 0.112 0.0639106
0.316667 0.116 0.063183
0.316667 0.12 0.0412511
0.316667 0.124 0.0947341
0.316667 0.128 0.0459022
0.316667 0.132 0.0794088
0.316667 0.136 0.0534885
0.316667 0.14 0.0524268
0.316667 0.144 0.0731217
0.316667 0.148 0.046496
0.316667 0.152 0.038085
0.316667 0.156 0.0524907
0.316667 0.16 0.0917066
0.316667 0.164 0.0557041
0.316667 0.168 0.0272136
0.316667 0.172 0.0738087
0.316667 0.176 0.0404034
0.316667 0.18 0.0387459
0.316667 0.184 0.0974266
0.316667 0.188 0.0174652
0.316667 0.192 0.0369307
0.316667 0.196 0.0216784
0.316667 0.2 0.0348157
0.316667 0.204 -0.0160907
0.316667 0.208 0.0210578
0.316667 0.212 -0.0091266
0.316667 0.216 0.0317242
0.316667 0.22 -0.067258
0.316667 0.224 0.00889917
0.316667 0.228 -0.00842974
0.316667 0.232 0.0364153
0.316667 0.236 0.0108365
0.316667 0.24 0.0146737
0.316667 0.244 -0.04231
0.316667 0.248 0.031058
0.316667 0.252 -0.0198008
0.316667 0.256 0.0307333
0.316667 0.26 0.0163501
0.316667 0.264 -0.049213
0.316667 0.268 -0.0311613
0.316667 0.272 0.0348997
0.316667 0.276 -0.00979726
0.316667 0.28 -0.0461964
0.316667 0.284 0.0556257
0.316667 0.288 -0.0189484
0.316667 0.292 0.0129749
0.316667 0.296 -0.0406556
0.316667 0.3 0.0180636
0.316667 0.304 0.0460474
0.316667 0.308 0.0485382
0.316667 0.312 0.0612398
0.316667 0.316 -0.041676
0.316667 0.32 0.0361133
0.316667 0.324 0.0902785
0.316667 0.328 0.0759627
0.316667 0.332 0.019898
0.316667 0.336 0.115854
0.316667 0.34 0.0692698
0.316667 0.344 0.0281398
0.316667 0.348 0.0965473
0.316667 0.352 0.0694689
0.316667 0.356 0.0424315
0.316667 0.36 0.0414885
0.316667 0.364 0.0198267
0.316667 0.368 -0.0304216
0.316667 0.372 -0.00426476
0.316667 0.376 0.0666937
0.316667 0.38 0.00257981
0.316667 0.384 0.0157286
0.316667 0.388 -0.041912
0.316667 0.392 0.0283831
0.316667 0.396 0.00950159
0.316667 0.4 -0.0207173
0.316667 0.404 -0.00384006
0.316667 0.408 -0.0263275
0.316667 0.412 -0.00965706
0.316667 0.416 -0.0263554
0.316667 0.42 -0.0252712
0.316667 0.424 -0.0036029
0.316667 0.428 0.00833717
0.316667 0.432 -0.0341025
0.316667 0.436 -0.0181505
0.316667 0.44 -0.00743501
0.316667 0.444 0.0300592
0.316667 0.448 -0.0203573
0.316667 0.452 -0.00728213
0.316667 0.456 -0.0463131
0.316667 0.46 -0.0184919
0.316667 0.464 -0.00503835
0.316667 0.468 -0.0164589
0.316667 0.472 0.0249858
0.316667 0.476 -0.043076
0.316667 0.48 -0.00556984
0.316667 0.484 0.00828321
0.316667 0.488 0.0277081
0.316667 0.492 -0.0315991
0.316667 0.496 -0.0244254
0.316667 0.5 -0.00789654
0.316667 0.504 -0.00726682
0.316667 0.508 -0.0172704
0.316667 0.512 -0.0159253
0.316667 0.516 -0.00780321
0.316667 0.52 -0.0214554
0.316667 0.524 -0.0189537
0.316667 0.528 0.00687807
0.316667 0.532 -0.00896079
0.316667 0.536 0.00139088
0.316667 0.54 0.00881822
0.316667 0.544 0.0243253
0.316667 0.548 -0.0201965
0.316667 0.552 -0.0236725
0.316667 0.556 -0.000339623
0.316667 0.56 0.017351
0.316667 0.564 0.0135518
0.316667 0.568 0.0109958
0.316667 0.572 0.00984782
0.316667 0.576 0.018034
0.316667 0.58 0.00670354
0.316667 0.584 0.0203622
0.316667 0.588 0.0161651
0.316667 0.592 0.0155413
0.316667 0.596 0.0183226
0.316667 0.6 0.00725736
0.316667 0.604 0.012776
0.316667 0.608 0.0231261
0.316667 0.612 0.0160438
0.316667 0.616 0.0152408
0.316667 0.62 0.00972023
0.316667 0.624 0.0147384
0.316667 0.628 0.0166368
0.316667 0.632 0.0105421
0.316667 0.636 0.00670667
0.316667 0.64 0.000794229
0.316667 0.644 0.0151109
0.316667 0.648 0.0149215
0.316667 0.652 -0.000863858
0.316667 0.656 -0.00182881
0.316667 0.66 0.0164603
0.316667 0.664 0.00792121
0.316667 0.668 0.00643144
0.316667 0.672 0.00597512
0.316667 0.676 0.00354411
0.316667 0.68 0.0107954
0.316667 0.684 0.00386469
0.316667 0.688 0.000883364
0.316667 0.692 0.00327268
0.316667 0.696 0.00895039
0.316667 0.7 0.000655859
0.316667 0.704 0.00100502
0.316667 0.708 0.00262408
0.316667 0.712 -0.00511166
0.316667 0.716 0.00488414
0.316667 0.72 -0.00431045
0.316667 0.724 0.00433974
0.316667 0.728 0.001202
0.316667 0.732 0.00562525
0.316667 0.736 0.00466411
0.316667 0.74 -0.00984837
0.316667 0.744 0.00437172
0.316667 0.748 -0.00428273
0.316667 0.752 -0.00422838
0.316667 0.756 0.0030846
0.316667 0.76 0.00527241
0.316667 0.764 -0.00260005
0.316667 0.768 0.000625921
0.316667 0.772 0.00186312
0.316667 0.776 0.00179356
0.316667 0.78 0.00414384
0.316667 0.784 -0.00091261
0.316667 0.788 0.00392863
0.316667 0.792 0.000634232
0.316667 0.796 0.00261226
0.316667 0.8 -0.00327374
0.333333 0 0.388018
0.333333 0.004 0.431838
0.333333 0.008 0.474041
0.333333 0.012 0.507576
0.333333 0.016 0.507576
0.333333 0.02 0.544442
0.333333 0.024 0.533527
0.333333 0.028 0.518866
0.333333 0.032 0.493946
0.333333 0.036 0.445045
0.333333 0.04 0.410578
0.333333 0.044 0.379223
0.333333 0.048 0.323443
0.333333 0.052 0.299784
0.333333 0.056 0.274912
0.333333 0.06 0.231751
0.333333 0.064 0.202456
0.333333 0.068 0.191761
0.333333 0.072 0.1488
0.333333 0.076 0.170575
0.333333 0.08 0.146355
0.333333 0.084 0.123427
0.333333 0.088 0.113488
0.333333 0.092 0.0739473
0.333333 0.096 0.0701199
0.333333 0.1 0.0574555
0.333333 0.104 0.0517605
0.333333 0.108 0.0810089
0.333333 0.112 0.0656339
0.333333 0.116 0.0691902
0.333333 0.12 0.0322957
0.333333 0.124 0.0813538
0.333333 0.128 0.0652572
0.333333 0.132 0.085828
0.333333 0.136 0.0452284
0.333333 0.14 0.0216308
0.333333 0.144 0.0794048
0.333333 0.148 0.0525924
0.333333 0.152 0.0178536
0.333333 0.156 0.052225
0.333333 0.16 0.058629
0.333333 0.164 0.0537218
0.333333 0.168 0.0223633
0.333333 0.172 0.0759345
0.333333 0.176 0.0422954
0.333333 0.18 0.0385536
0.333333 0.184 0.0743323
0.333333 0.188 0.0135475
0.333333 0.192 0.0344343
0.333333 0.196 0.0637854
0.333333 0.2 0.0166104
0.333333 0.204 0.0371331
0.333333 0.208 -0.0398996
0.333333 0.212 -0.0274087
0.333333 0.216 0.0129225
0.333333 0.22 -0.0236951
0.333333 0.224 0.0266112
0.333333 0.228 -0.0345493
0.333333 0.232 0.0293174
0.333333 0.236 0.00524758
0.333333 0.24 0.00102945
0.333333 0.244 -0.00659734
0.333333 0.248 0.0536692
0.333333 0.252 -0.0114488
0.333333 0.256 0.0729531
0.333333 0.26 0.0573897
0.333333 0.264 0.018773
0.333333 0.268 -0.0270256
0.333333 0.272 0.0756355
0.333333 0.276 -0.0204128
0.333333 0.28 -0.000699173
0.333333 0.284 0.0405091
0.333333 0.288 0.0065352
0.333333 0.292 0.0416233
0.333333 0.296 0.00629579
0.333333 0.3 0.0273009
0.333333 0.304 0.037988
0.333333 0.308 0.0463689
0.333333 0.312 0.0600146
0.333333 0.316 0.000726928
0.333333 0.32 0.0141894
0.333333 0.324 0.0538738
0.333333 0.328 0.0541175
0.333333 0.332 -0.00536613
0.333333 0.336 0.0448959
0.333333 0.34 0.0517014
0.333333 0.344 -0.00216529
0.333333 0.348 0.0889308
0.333333 0.352 0.0265528
0.333333 0.356 -0.00213972
0.333333 0.36 -0.00591736
0.333333 0.364 0.0177299
0.333333 0.368 -0.0601485
0.333333 0.372 -0.025641
0.333333 0.376 0.0306182
0.333333 0.38 -0.0146657
0.333333 0.384 0.0430371
0.333333 0.388 -0.0555852
0.333333 0.392 -0.0065871
0.333333 0.396 0.0241588
0.333333 0.4 0.00693955
0.333333 0.404 0.00650234
0.333333 0.408 -0.0313209
0.333333 0.412 0.000276167
0.333333 0.416 -0.0117362
0.333333 0.42 -0.0127106
0.333333 0.424 0.00732975
0.333333 0.428 0.00132716
0.333333 0.432 -0.00997731
0.333333 0.436 -0.015114
0.333333 0.44 0.0094985
0.333333 0.444 0.00684068
0.333333 0.448 -0.0419359
0.333333 0.452 0.016129
0.333333 0.456 -0.0238993
0.333333 0.46 0.00994609
0.333333 0.464 -0.0325367
0.333333 0.468 -0.00771169
0.333333 0.472 0.0353706
0.333333 0.476 -0.0102132
0.333333 0.48 -0.00587287
0.333333 0.484 0.00452135
0.333333 0.488 0.0230769
0.333333 0.492 0.0122607
0.333333 0.496 -0.00384013
0.333333 0.5 0.0221909
0.333333 0.504 0.0169399
0.333333 0.508 -0.00676597
0.333333 0.512 -0.00053912
0.333333 0.516 0.0288228
0.333333 0.52 0.0192592
0.333333 0.524 -0.00556611
0.333333 0.528 0.0204311
0.333333 0.532 -0.00375986
0.333333 0.536 0.00184322
0.333333 0.54 0.0201005
0.333333 0.544 0.0186651
0.333333 0.548 -0.0208549
0.333333 0.552 0.0133246
0.333333 0.556 0.00378182
0.333333 0.56 0.0205681
0.333333 0.564 0.0107297
0.333333 0.568 0.0140359
0.333333 0.572 0.0132765
0.333333 0.576 0.00354927
0.333333 0.58 0.00309632
0.333333 0.584 0.011631
0.333333 0.588 0.0309343
0.333333 0.592 0.0181088
0.333333 0.596 0.0139166
0.333333 0.6 0.0066372
0.333333 0.604 0.00633759
0.333333 0.608 0.0019672
0.333333 0.612 0.00188446
0.333333 0.616 0.00825403
0.333333 0.62 0.005041
0.333333 0.624 0.00718387
0.333333 0.628 0.0183233
0.333333 0.632 0.00659389
0.333333 0.636 0.00217473
0.333333 0.64 0.00285305
0.333333 0.644 0.00406038
0.333333 0.648 0.0106063
0.333333 0.652 -0.00887856
0.333333 0.656 -0.000497072
0.333333 0.66 0.00414084
0.333333 0.664 0.00553598
0.333333 0.668 -0.00440183
0.333333 0.672 0.00603057
0.333333 0.676 -0.00864833
0.333333 0.68 0.00626719
0.333333 0.684 0.00810275
0.333333 0.688 -0.00084591
0.333333 0.692 -0.00110401
0.333333 0.696 0.00948527
0.333333 0.7 0.0022206
0.333333 0.704 0.00118126
0.333333 0.708 -0.000690062
0.333333 0.712 -0.00254973
0.333333 0.716 -0.00163482
0.333333 0.72 -0.00449702
0.333333 0.724 0.00337122
0.333333 0.728 0.00095603
0.333333 0.732 0.0175173
0.333333 0.736 0.00565473
0.333333 0.74 -0.00730503
0.333333 0.744 0.00767354
0.333333 0.748 -0.00234327
0.333333 0.752 -0.00370453
0.333333 0.756 0.00212188
0.333333 0.76 0.00654375
0.333333 0.764 -0.00299503
0.333333 0.768 -0.000986395
0.333333 0.772 0.0027462
0.333333 0.776 0.00242096
0.333333 0.78 0.00693988
0.333333 0.784 0.00454437
0.333333 0.788 0.00746984
0.333333 0.792 0.00549861
0.333333 0.796 0.00328992
0.333333 0.8 -0.0037032
0.35 0 0.350584
0.35 0.004 0.393548
0.35 0.008 0.435886
0.35 0.012 0.473966
0.35 0.016 0.473966
0.35 0.02 0.52795
0.35 0.024 0.52416
0.35 0.028 0.517518
0.35 0.032 0.496082
0.35 0.036 0.45585
0.35 0.04 0.423084
0.35 0.044 0.396475
0.35 0.048 0.348967
0.35 0.052 0.308732
0.35 0.056 0.294655
0.35 0.06 0.24295
0.35 0.064 0.209158
0.35 0.068 0.19665
0.35 0.072 0.15396
0.35 0.076 0.176632
0.35 0.08 0.159884
0.35 0.084 0.143384
0.35 0.088 0.117786
0.35 0.092 0.0800417
0.35 0.096 0.050618
0.35 0.1 0.0771426
0.35 0.104 0.050401
0.35 0.108 0.0687311
0.35 0.112 0.0673929
0.35 0.116 0.0708477
0.35 0.12 0.0363037
0.35 0.124 0.0612568
0.35 0.128 0.0722216
0.35 0.132 0.0777927
0.35 0.136 0.0522307
0.35 0.14 0.0295622
0.35 0.144 0.0772362
0.35 0.148 0.062551
0.35 0.152 0.0212837
0.35 0.156 0.055229
0.35 0.16 0.0372796
0.35 0.164 0.0398453
0.35 0.168 0.0277036
0.35 0.172 0.0491816
0.35 0.176 0.0392005
0.35 0.18 0.0298994
0.35 0.184 0.0356699
0.35 0.188 0.048216
0.35 0.192 0.0467631
0.35 0.196 0.0808863
0.35 0.2 0.0160267
0.35 0.204 0.0657102
0.35 0.208 -0.0492214
0.35 0.212 -0.0237594
0.35 0.216 0.00932738
0.35 0.22 0.0154973
0.35 0.224 0.0223498
0.35 0.228 -0.0158944
0.35 0.232 0.0265343
0.35 0.236 0.0106297
0.35 0.24 0.00128655
0.35 0.244 0.0275191
0.35 0.248 0.0340432
0.35 0.252 0.0162628
0.35 0.256 0.0415882
0.35 0.26 0.034451
0.35 0.264 0.0358383
0.35 0.268 0.0273022
0.35 0.272 0.0390066
0.35 0.276 0.00479847
0.35 0.28 0.0211947
0.35 0.284 0.0329626
0.35 0.288 -0.00152142
0.35 0.292 0.0383601
0.35 0.296 0.0519619
0.35 0.3 0.0180626
0.35 0.304 -0.015868
0.35 0.308 0.0366369
0.35 0.312 0.0364952
0.35 0.316 0.0487131
0.35 0.32 -0.00997608
0.35 0.324 0.00867183
0.35 0.328 -0.0035431
0.35 0.332 -0.00266201
0.35 0.336 -0.0200015
0.35 0.34 0.0162801
0.35 0.344 -0.0239763
0.35 0.348 0.000715639
0.35 0.352 0.00512724
0.35 0.356 -0.0302116
0.35 0.36 -0.0271555
0.35 0.364 -0.00356285
0.35 0.368 -0.00917642
0.35 0.372 -0.00623242
0.35 0.376 -0.00598731
0.35 0.38 0.00327047
0.35 0.384 0.0539854
0.35 0.388 -0.0341446
0.35 0.392 -0.0289736
0.35 0.396 0.00564059
0.35 0.4 0.0395893
0.35 0.404 0.0150068
0.35 0.408 -0.0207963
0.35 0.412 0.0221542
0.35 0.416 0.0243416
0.35 0.42 0.0193708
0.35 0.424 0.03004
0.35 0.428 0.0106774
0.35 0.432 0.0347667
0.35 0.436 0.0176343
0.35 0.44 0.010948
0.35 0.444 -0.0160019
0.35 0.448 -0.00986846
0.35 0.452 0.0311396
0.35 0.456 0.0128605
0.35 0.46 0.0419818
0.35 0.464 -0.00718543
0.35 0.468 0.0223619
0.35 0.472 0.0287025
0.35 0.476 0.0375474
0.35 0.48 0.00607736
0.35 0.484 0.00651344
0.35 0.488 0.00436591
0.35 0.492 0.0394436
0.35 0.496 0.022795
0.35 0.5 0.0270398
0.35 0.504 0.0333934
0.35 0.508 0.0103223
0.35 0.512 0.0221803
0.35 0.516 0.0540975
0.35 0.52 0.0277487
0.35 0.524 0.0162736
0.35 0.528 0.0125202
0.35 0.532 0.00999951
0.35 0.536 0.0141227
0.35 0.54 0.0161914
0.35 0.544 0.00431708
0.35 0.548 0.00423209
0.35 0.552 0.0386907
0.35 0.556 0.013611
0.35 0.56 0.0146635
0.35 0.564 0.00540641
0.35 0.568 0.00796371
0.35 0.572 0.0164519
0.35 0.576 -0.00767276
0.35 0.58 -0.00235187
0.35 0.584 0.0120818
0.35 0.588 0.0260819
0.35 0.592 0.0105107
0.35 0.596 0.00628838
0.35 0.6 0.00769469
0.35 0.604 0.00911551
0.35 0.608 -0.00472257
0.35 0.612 -0.00448114
0.35 0.616 0.00519106
0.35 0.62 0.00153507
0.35 0.624 0.0039364
0.35 0.628 0.0163214
0.35 0.632 -0.00446584
0.35 0.636 -0.000969186
0.35 0.64 0.00550608
0.35 0.644 -0.0064137
0.35 0.648 0.00450057
0.35 0.652 -0.00565512
0.35 0.656 0.0071915
0.35 0.66 -0.00702293
0.35 0.664 -0.0024011
0.35 0.668 -0.00775416
0.35 0.672 0.0067631
0.35 0.676 -0.0111519
0.35 0.68 0.00498504
0.35 0.684 0.00928267
0.35 0.688 0.00272189
0.35 0.692 -0.00112374
0.35 0.696 0.0040002
0.35 0.7 0.00278308
0.35 0.704 -0.00137145
0.35 0.708 -0.00296506
0.35 0.712 0.00335924
0.35 0.716 0.00217187
0.35 0.72 3.24623e-05
0.35 0.724 0.00849783
0.35 0.728 0.00204341
0.35 0.732 0.0222612
0.35 0.736 0.00577724
0.35 0.74 -0.00573784
0.35 0.744 0.00786194
0.35 0.748 0.00502022
0.35 0.752 -0.000292764
0.35 0.756 0.00176296
0.35 0.76 0.00540707
0.35 0.764 0.000193806
0.35 0.768 0.000761726
0.35 0.772 0.00327005
0.35 0.776 0.00191187
0.35 0.78 0.00639561
0.35 0.784 0.00598063
0.35 0.788 0.00628457
0.35 0.792 0.00657716
0.35 0.796 0.00703374
0.35 0.8 0.000519891
0.366667 0 0.321215
0.366667 0.004 0.362302
0.366667 0.008 0.403342
0.366667 0.012 0.443778
0.366667 0.016 0.443778
0.366667 0.02 0.51036
0.366667 0.024 0.514461
0.366667 0.028 0.514607
0.366667 0.032 0.49936
0.366667 0.036 0.471997
0.366667 0.04 0.442449
0.366667 0.044 0.410222
0.366667 0.048 0.375541
0.366667 0.052 0.324163
0.366667 0.056 0.310404
0.366667 0.06 0.256487
0.366667 0.064 0.221465
0.366667 0.068 0.201123
0.366667 0.072 0.167719
0.366667 0.076 0.174309
0.366667 0.08 0.162602
0.366667 0.084 0.161129
0.366667 0.088 0.11952
0.366667 0.092 0.102479
0.366667 0.096 0.0666079
0.366667 0.1 0.11495
0.366667 0.104 0.0785793
0.366667 0.108 0.0740894
0.366667 0.112 0.0792697
0.366667 0.116 0.0791474
0.366667 0.12 0.049434
0.366667 0.124 0.0658293
0.366667 0.128 0.0659354
0.366667 0.132 0.0696697
0.366667 0.136 0.0715181
0.366667 0.14 0.0692624
0.366667 0.144 0.0692456
0.366667 0.148 0.0661003
0.366667 0.152 0.0456909
0.366667 0.156 0.059559
0.366667 0.16 0.0504603
0.366667 0.164 0.0301834
0.366667 0.168 0.0361713
0.366667 0.172 0.0154344
0.366667 0.176 0.0234967
0.366667 0.18 0.0271803
0.366667 0.184 0.0151333
0.366667 0.188 0.0833777
0.366667 0.192 0.0474583
0.366667 0.196 0.0476487
0.366667 0.2 0.0190966
0.366667 0.204 0.0505185
0.366667 0.208 0.00773286
0.366667 0.212 -0.00782473
0.366667 0.216 0.00542793
0.366667 0.22 0.0276006
0.366667 0.224 0.000967993
0.366667 0.228 -0.00574088
0.366667 0.232 0.0196989
0.366667 0.236 0.0197623
0.366667 0.24 0.00988638
0.366667 0.244 0.0287978
0.366667 0.248 -0.0100815
0.366667 0.252 0.0327759
0.366667 0.256 -0.0231574
0.366667 0.26 -0.0158425
0.366667 0.264 -0.0087205
0.366667 0.268 0.0642361
0.366667 0.272 -0.0244903
0.366667 0.276 0.0791233
0.366667 0.28 0.00880236
0.366667 0.284 0.0548737
0.366667 0.288 -0.0202026
0.366667 0.292 0.0280835
0.366667 0.296 0.043725
0.366667 0.3 0.0047701
0.366667 0.304 -0.0468232
0.366667 0.308 0.0354512
0.366667 0.312 0.0365201
0.366667 0.316 0.0577341
0.366667 0.32 0.00836457
0.366667 0.324 0.00320783
0.366667 0.328 -0.0142741
0.366667 0.332 0.0229741
0.366667 0.336 -0.0098091
0.366667 0.34 -0.000537668
0.366667 0.344 -0.00849694
0.366667 0.348 -0.0541904
0.366667 0.352 0.0321576
0.366667 0.356 0.000108444
0.366667 0.36 0.00191334
0.366667 0.364 -0.0128294
0.366667 0.368 0.0575379
0.366667 0.372 0.0368024
0.366667 0.376 0.000795758
0.366667 0.38 0.0287121
0.366667 0.384 0.0312564
0.366667 0.388 -0.00669156
0.366667 0.392 -0.0105761
0.366667 0.396 -0.0269555
0.366667 0.4 0.0355023
0.366667 0.404 0.0124599
0.366667 0.408 -0.00498893
0.366667 0.412 0.0228882
0.366667 0.416 0.0306262
0.366667 0.42 0.0295052
0.366667 0.424 0.0284514
0.366667 0.428 0.0216738
0.366667 0.432 0.0375302
0.366667 0.436 0.0380892
0.366667 0.44 -0.00403652
0.366667 0.444 -0.0223457
0.366667 0.448 0.0285528
0.366667 0.452 0.0205392
0.366667 0.456 0.0162074
0.366667 0.46 0.0410094
0.366667 0.464 0.0328882
0.366667 0.468 0.0346191
0.366667 0.472 0.00938572
0.366667 0.476 0.0379218
0.366667 0.48 0.0193835
0.366667 0.484 0.0137196
0.366667 0.488 -0.00882869
0.366667 0.492 0.0123863
0.366667 0.496 0.0180938
0.366667 0.5 -0.00112695
0.366667 0.504 0.024856
0.366667 0.508 0.00945936
0.366667 0.512 0.0219072
0.366667 0.516 0.0328208
0.366667 0.52 -0.00492477
0.366667 0.524 0.0142479
0.366667 0.528 -0.00136291
0.366667 0.532 0.0177837
0.366667 0.536 0.0168619
0.366667 0.54 0.0065771
0.366667 0.544 -0.000731033
0.366667 0.548 0.0199789
0.366667 0.552 0.01426
0.366667 0.556 0.0139199
0.366667 0.56 0.00521782
0.366667 0.564 0.0044148
0.366667 0.568 -0.000298899
0.366667 0.572 0.00737443
0.366667 0.576 -0.00349558
0.366667 0.58 -0.00133828
0.366667 0.584 0.0249303
0.366667 0.588 0.00873807
0.366667 0.592 0.00104648
0.366667 0.596 0.00414928
0.366667 0.6 0.0105893
0.366667 0.604 0.0157629
0.366667 0.608 0.0115462
0.366667 0.612 0.00337427
0.366667 0.616 0.00645877
0.366667 0.62 0.00335631
0.366667 0.624 0.00998483
0.366667 0.628 0.014299
0.366667 0.632 -0.00624268
0.366667 0.636 0.00176523
0.366667 0.64 0.00766584
0.366667 0.644 -0.0043509
0.366667 0.648 0.00691556
0.366667 0.652 0.00810258
0.366667 0.656 0.0144624
0.366667 0.66 -0.0039086
0.366667 0.664 -0.00560444
0.366667 0.668 0.00379968
0.366667 0.672 0.00891161
0.366667 0.676 0.00113518
0.366667 0.68 0.00844814
0.366667 0.684 0.00620938
0.366667 0.688 0.0068635
0.366667 0.692 -0.00133656
0.366667 0.696 -0.000891579
0.366667 0.7 0.000941523
0.366667 0.704 -0.0042838
0.366667 0.708 -0.000152469
0.366667 0.712 0.00910604
0.366667 0.716 0.00921569
0.366667 0.72 0.00632219
0.366667 0.724 0.0110321
0.366667 0.728 0.00627544
0.366667 0.732 0.0139221
0.366667 0.736 0.00442336
0.366667 0.74 -0.00492324
0.366667 0.744 0.00651867
0.366667 0.748 0.0144458
0.366667 0.752 0.00165791
0.366667 0.756 0.00201415
0.366667 0.76 0.00430277
0.366667 0.764 0.0063559
0.366667 0.768 0.00581116
0.366667 0.772 0.00551333
0.366667 0.776 0.00414614
0.366667 0.78 0.000668209
0.366667 0.784 0.00231937
0.366667 0.788 0.00212116
0.366667 0.792 0.00388829
0.366667 0.796 0.0112308
0.366667 0.8 0.00494169
0.383333 0 0.298294
0.383333 0.004 0.336559
0.383333 0.008 0.375564
0.383333 0.012 0.415951
0.383333 0.016 0.415951
0.383333 0.02 0.490198
0.383333 0.024 0.502059
0.383333 0.028 0.508553
0.383333 0.032 0.503398
0.383333 0.036 0.488584
0.383333 0.04 0.46305
0.383333 0.044 0.419909
0.383333 0.048 0.397061
0.383333 0.052 0.343896
0.383333 0.056 0.316804
0.383333 0.06 0.267388
0.383333 0.064 0.236758
0.383333 0.068 0.205942
0.383333 0.072 0.1828
0.383333 0.076 0.174503
0.383333 0.08 0.16072
0.383333 0.084 0.17311
0.383333 0.088 0.115914
0.383333 0.092 0.130337
0.383333 0.096 0.102832
0.383333 0.1 0.133624
0.383333 0.104 0.114472
0.383333 0.108 0.0946637
0.383333 0.112 0.0924709
0.383333 0.116 0.0948408
0.383333 0.12 0.063009
0.383333 0.124 0.0932263
0.383333 0.128 0.0542036
0.383333 0.132 0.0718078
0.383333 0.136 0.0881283
0.383333 0.14 0.100414
0.383333 0.144 0.0675594
0.383333 0.148 0.0569041
0.383333 0.152 0.0686634
0.383333 0.156 0.0606508
0.383333 0.16 0.0718601
0.383333 0.164 0.0320527
0.383333 0.168 0.0393441
0.383333 0.172 0.0021506
0.383333 0.176 0.00268758
0.383333 0.18 0.0441917
0.383333 0.184 0.0221414
0.383333 0.188 0.0787377
0.383333 0.192 0.0347965
0.383333 0.196 0.011375
0.383333 0.2 0.0120216
0.383333 0.204 0.0215195
0.383333 0.208 0.0548811
0.383333 0.212 -0.000201452
0.383333 0.216 0.00158461
0.383333 0.22 0.0255062
0.383333 0.224 -0.00408582
0.383333 0.228 -0.0153314
0.383333 0.232 0.0105169
0.383333 0.236 0.0257662
0.383333 0.24 0.00928129
0.383333 0.244 0.00735053
0.383333 0.248 -0.0336519
0.383333 0.252 0.0205937
0.383333 0.256 -0.032625
0.383333 0.26 -0.0266226
0.383333 0.264 -0.0518378
0.383333 0.268 0.0535655
0.383333 0.272 -0.0505809
0.383333 0.276 0.108376
0.383333 0.28 -0.0108801
0.383333 0.284 0.0727421
0.383333 0.288 -0.0136271
0.383333 0.292 0.0342566
0.383333 0.296 4.45269e-05
0.383333 0.3 0.0147015
0.383333 0.304 -0.0204345
0.383333 0.308 0.0393201
0.383333 0.312 0.0535809
0.383333 0.316 0.0251064
0.383333 0.32 0.0610579
0.383333 0.324 0.0224977
0.383333 0.328 0.0297809
0.383333 0.332 0.0301339
0.383333 0.336 0.0349581
0.383333 0.34 0.0091652
0.383333 0.344 0.0191454
0.383333 0.348 -0.00832073
0.383333 0.352 0.0655722
0.383333 0.356 0.0440957
0.383333 0.36 0.0436393
0.383333 0.364 -0.00334193
0.383333 0.368 0.0485227
0.383333 0.372 0.0571795
0.383333 0.376 0.0371235
0.383333 0.38 0.0268544
0.383333 0.384 -0.00536517
0.383333 0.388 0.0002849
0.383333 0.392 0.036099
0.383333 0.396 -0.0336051
0.383333 0.4 0.00412303
0.383333 0.404 0.00609354
0.383333 0.408 -0.000217091
0.383333 0.412 0.00819098
0.383333 0.416 0.00239174
0.383333 0.42 0.0171808
0.383333 0.424 0.00150947
0.383333 0.428 0.0201105
0.383333 0.432 -0.00356828
0.383333 0.436 0.0232069
0.383333 0.44 -0.00745545
0.383333 0.444 -0.00827665
0.383333 0.448 0.0281155
0.383333 0.452 0.00714645
0.383333 0.456 -0.0142099
0.383333 0.46 0.015645
0.383333 0.464 0.0373262
0.383333 0.468 0.0185019
0.383333 0.472 -0.00514332
0.383333 0.476 0.00141186
0.383333 0.48 0.0226656
0.383333 0.484 0.0226796
0.383333 0.488 0.00293201
0.383333 0.492 -0.0258151
0.383333 0.496 -0.0066231
0.383333 0.5 -0.0171617
0.383333 0.504 0.00868985
0.383333 0.508 -0.00256037
0.383333 0.512 0.00660763
0.383333 0.516 -0.00738858
0.383333 0.52 -0.0254695
0.383333 0.524 -0.00785936
0.383333 0.528 0.00110323
0.383333 0.532 0.0134802
0.383333 0.536 0.00311965
0.383333 0.54 0.00155867
0.383333 0.544 0.0127093
0.383333 0.548 0.00882913
0.383333 0.552 -0.0252473
0.383333 0.556 0.00136454
0.383333 0.56 0.00159997
0.383333 0.564 0.00766467
0.383333 0.568 -0.00364038
0.383333 0.572 -0.00840986
0.383333 0.576 0.00807766
0.383333 0.58 0.00699786
0.383333 0.584 0.0322252
0.383333 0.588 0.000474514
0.383333 0.592 0.00762499
0.383333 0.596 0.00748662
0.383333 0.6 0.0130215
0.383333 0.604 0.0166686
0.383333 0.608 0.0302895
0.383333 0.612 0.0150827
0.383333 0.616 0.00699415
0.383333 0.62 0.00596849
0.383333 0.624 0.0138662
0.383333 0.628 0.0129679
0.383333 0.632 0.00612556
0.383333 0.636 0.00507062
0.383333 0.64 0.00765748
0.383333 0.644 0.00576037
0.383333 0.648 0.0156585
0.383333 0.652 0.017809
0.383333 0.656 0.0144909
0.383333 0.66 0.00778801
0.383333 0.664 -0.00223731
0.383333 0.668 0.0139885
0.383333 0.672 0.010363
0.383333 0.676 0.0140135
0.383333 0.68 0.0105447
0.383333 0.684 0.000445061
0.383333 0.688 0.00609561
0.383333 0.692 -0.00394784
0.383333 0.696 -0.00139416
0.383333 0.7 9.91984e-05
0.383333 0.704 -0.00567617
0.383333 0.708 0.00365868
0.383333 0.712 0.0123918
0.383333 0.716 0.00927094
0.383333 0.72 0.00622515
0.383333 0.724 0.00558068
0.383333 0.728 0.00910526
0.383333 0.732 0.000218457
0.383333 0.736 0.00328907
0.383333 0.74 -0.00079197
0.383333 0.744 0.00448077
0.383333 0.748 0.0173877
0.383333 0.752 0.000403805
0.383333 0.756 0.00190475
0.383333 0.76 0.00355271
0.383333 0.764 0.0107548
0.383333 0.768 0.00957208
0.383333 0.772 0.00776904
0.383333 0.776 0.00926083
0.383333 0.78 -0.00464633
0.383333 0.784 0.000417318
0.383333 0.788 0.00123634
0.383333 0.792 0.00204267
0.383333 0.796 0.0110449
0.383333 0.8 0.00463987
0.4 0 0.270548
0.4 0.004 0.305412
0.4 0.008 0.342515
0.4 0.012 0.381619
0.4 0.016 0.381619
0.4 0.02 0.460889
0.4 0.024 0.480193
0.4 0.028 0.493979
0.4 0.032 0.502044
0.4 0.036 0.496648
0.4 0.04 0.476824
0.4 0.044 0.427317
0.4 0.048 0.412294
0.4 0.052 0.362923
0.4 0.056 0.317157
0.4 0.06 0.27516
0.4 0.064 0.251639
0.4 0.068 0.212961
0.4 0.072 0.193367
0.4 0.076 0.183306
0.4 0.08 0.159236
0.4 0.084 0.170024
0.4 0.088 0.107154
0.4 0.092 0.144911
0.4 0.096 0.125798
0.4 0.1 0.123276
0.4 0.104 0.130996
0.4 0.108 0.108815
0.4 0.112 0.0917873
0.4 0.116 0.106027
0.4 0.12 0.075538
0.4 0.124 0.111473
0.4 0.128 0.0490006
0.4 0.132 0.0794721
0.4 0.136 0.087567
0.4 0.14 0.0927352
0.4 0.144 0.0812725
0.4 0.148 0.0412701
0.4 0.152 0.071036
0.4 0.156 0.0539612
0.4 0.16 0.0762911
0.4 0.164 0.0354703
0.4 0.168 0.0355081
0.4 0.172 0.0181704
0.4 0.176 -0.00903603
0.4 0.18 0.069881
0.4 0.184 0.0350888
0.4 0.188 0.0383308
0.4 0.192 0.0307996
0.4 0.196 0.0186724
0.4 0.2 0.00311213
0.4 0.204 0.00753488
0.4 0.208 0.0253645
0.4 0.212 -0.0025127
0.4 0.216 0.014979
0.4 0.22 0.019792
0.4 0.224 0.0254707
0.4 0.228 -0.00780734
0.4 0.232 0.0145522
0.4 0.236 0.0240987
0.4 0.24 -0.00139119
0.4 0.244 -0.0057001
0.4 0.248 -0.0104277
0.4 0.252 -0.002635
0.4 0.256 0.0143811
0.4 0.26 0.00450685
0.4 0.264 -0.0382409
0.4 0.268 0.0223002
0.4 0.272 -0.0249504
0.4 0.276 0.0284119
0.4 0.28 -0.0144209
0.4 0.284 0.0484489
0.4 0.288 0.0113305
0.4 0.292 0.0475446
0.4 0.296 -0.0213224
0.4 0.3 0.045818
0.4 0.304 0.0336221
0.4 0.308 0.0382206
0.4 0.312 0.0475702
0.4 0.316 -0.00839431
0.4 0.32 0.0879206
0.4 0.324 0.0252951
0.4 0.328 0.0607035
0.4 0.332 0.00764658
0.4 0.336 0.0426437
0.4 0.34 0.0289587
0.4 0.344 0.0197986
0.4 0.348 0.0701547
0.4 0.352 0.0551649
0.4 0.356 0.0339931
0.4 0.36 0.0482535
0.4 0.364 0.00501563
0.4 0.368 -0.0211809
0.4 0.372 0.0366645
0.4 0.376 0.0552491
0.4 0.38 0.00043851
0.4 0.384 -0.0174827
0.4 0.388 -0.00772757
0.4 0.392 0.0656138
0.4 0.396 -0.0063027
0.4 0.4 -0.00904272
0.4 0.404 0.00480647
0.4 0.408 -0.00885985
0.4 0.412 0.011841
0.4 0.416 -0.0178182
0.4 0.42 0.0125658
0.4 0.424 -0.0138422
0.4 0.428 0.00783704
0.4 0.432 -0.0322459
0.4 0.436 -0.00265353
0.4 0.44 0.00860048
0.4 0.444 0.0158406
0.4 0.448 -0.00186505
0.4 0.452 0.0133674
0.4 0.456 -0.0350296
0.4 0.46 0.00321885
0.4 0.464 0.0112432
0.4 0.468 0.00118149
0.4 0.472 -0.00227082
0.4 0.476 -0.013488
0.4 0.48 0.016367
0.4 0.484 0.0249334
0.4 0.488 0.030128
0.4 0.492 -0.0193566
0.4 0.496 -0.0120825
0.4 0.5 0.00441931
0.4 0.504 0.00961104
0.4 0.508 -0.00330958
0.4 0.512 0.0014224
0.4 0.516 -0.0126322
0.4 0.52 -0.00526308
0.4 0.524 -0.016363
0.4 0.528 0.0163604
0.4 0.532 0.00622284
0.4 0.536 -0.00738117
0.4 0.54 0.00142787
0.4 0.544 0.0300885
0.4 0.548 -0.0118226
0.4 0.552 -0.0234958
0.4 0.556 -0.00651784
0.4 0.56 0.00620047
0.4 0.564 0.00934878
0.4 0.568 -0.00121483
0.4 0.572 -0.0104865
0.4 0.576 0.0125215
0.4 0.58 0.0153482
0.4 0.584 0.0216406
0.4 0.588 0.0101072
0.4 0.592 0.0269548
0.4 0.596 0.00797947
0.4 0.6 0.0115494
0.4 0.604 0.00953578
0.4 0.608 0.0313018
0.4 0.612 0.01713
0.4 0.616 0.00439047
0.4 0.62 0.00434129
0.4 0.624 0.00824505
0.4 0.628 0.0139717
0.4 0.632 0.0174039
0.4 0.636 0.00525808
0.4 0.64 0.00550723
0.4 0.644 0.013665
0.4 0.648 0.0209603
0.4 0.652 0.0139588
0.4 0.656 0.00880573
0.4 0.66 0.0120621
0.4 0.664 0.00165473
0.4 0.668 0.005997
0.4 0.672 0.00873266
0.4 0.676 0.0123702
0.4 0.68 0.00690204
0.4 0.684 -0.00419214
0.4 0.688 0.00211682
0.4 0.692 -0.00545613
0.4 0.696 -9.72603e-05
0.4 0.7 0.00232718
0.4 0.704 -0.00497391
0.4 0.708 0.00338125
0.4 0.712 0.012375
0.4 0.716 0.00496743
0.4 0.72 -0.000661674
0.4 0.724 -0.00109682
0.4 0.728 0.0054133
0.4 0.732 -0.0055581
0.4 0.736 0.00506569
0.4 0.74 0.00666245
0.4 0.744 0.00182431
0.4 0.748 0.0109284
0.4 0.752 -0.000571224
0.4 0.756 0.00166907
0.4 0.76 0.00243644
0.4 0.764 0.0100555
0.4 0.768 0.00806012
0.4 0.772 0.00696073
0.4 0.776 0.0113764
0.4 0.78 -0.00307338
0.4 0.784 0.0043537
0.4 0.788 0.00428451
0.4 0.792 0.00327404
0.4 0.796 0.00487524
0.4 0.8 0.00156152
0.416667 0 0.239173
0.416667 0.004 0.270412
0.416667 0.008 0.305472
0.416667 0.012 0.34277
0.416667 0.016 0.34277
0.416667 0.02 0.424933
0.416667 0.024 0.450926
0.416667 0.028 0.472465
0.416667 0.032 0.493754
0.416667 0.036 0.49355
0.416667 0.04 0.483243
0.416667 0.044 0.437113
0.416667 0.048 0.427325
0.416667 0.052 0.379596
0.416667 0.056 0.324356
0.416667 0.06 0.2875
0.416667 0.064 0.268154
0.416667 0.068 0.228061
0.416667 0.072 0.203564
0.416667 0.076 0.201581
0.416667 0.08 0.165337
0.416667 0.084 0.158632
0.416667 0.088 0.1057
0.416667 0.092 0.149529
0.416667 0.096 0.126597
0.416667 0.1 0.11722
0.416667 0.104 0.125269
0.416667 0.108 0.106633
0.416667 0.112 0.0835688
0.416667 0.116 0.107393
0.416667 0.12 0.0903817
0.416667 0.124 0.103605
0.416667 0.128 0.0577185
0.416667 0.132 0.0868771
0.416667 0.136 0.073323
0.416667 0.14 0.0571659
0.416667 0.144 0.104033
0.416667 0.148 0.0348619
0.416667 0.152 0.0565897
0.416667 0.156 0.0445393
0.416667 0.16 0.0715254
0.416667 0.164 0.0284888
0.416667 0.168 0.0298186
0.416667 0.172 0.0450596
0.416667 0.176 -0.00605871
0.416667 0.18 0.0730646
0.416667 0.184 0.031668
0.416667 0.188 0.00281054
0.416667 0.192 0.0441595
0.416667 0.196 0.0533737
0.416667 0.2 0.0056371
0.416667 0.204 0.00206744
0.416667 0.208 -0.0401442
0.416667 0.212 0.000446692
0.416667 0.216 0.0376551
0.416667 0.22 0.0121176
0.416667 0.224 0.0700722
0.416667 0.228 0.026764
0.416667 0.232 0.0352884
0.416667 0.236 0.0186868
0.416667 0.24 0.00223832
0.416667 0.244 0.000439298
0.416667 0.248 0.0393212
0.416667 0.252 -0.00847811
0.416667 0.256 0.0381395
0.416667 0.26 0.0265133
0.416667 0.264 0.0181132
0.416667 0.268 0.0116818
0.416667 0.272 0.0197594
0.416667 0.276 -0.0560859
0.416667 0.28 -0.00757446
0.416667 0.284 0.0103431
0.416667 0.288 0.0220836
0.416667 0.292 0.0493675
0.416667 0.296 0.000519878
0.416667 0.3 0.0653443
0.416667 0.304 0.0618703
0.416667 0.308 0.0296001
0.416667 0.312 0.0142978
0.416667 0.316 -0.00431981
0.416667 0.32 0.0536826
0.416667 0.324 0.00616015
0.416667 0.328 0.0396643
0.416667 0.332 -0.00398923
0.416667 0.336 0.0104073
0.416667 0.34 0.0443844
0.416667 0.344 -0.0045114
0.416667 0.348 0.0782835
0.416667 0.352 0.0125568
0.416667 0.356 -0.0201634
0.416667 0.36 0.0157526
0.416667 0.364 0.000133124
0.416667 0.368 -0.0510393
0.416667 0.372 0.00400246
0.416667 0.376 0.0369408
0.416667 0.38 -0.0169134
0.416667 0.384 0.00575434
0.416667 0.388 -0.00800334
0.416667 0.392 0.0482239
0.416667 0.396 0.0216933
0.416667 0.4 0.00972548
0.416667 0.404 0.00551449
0.416667 0.408 -0.0165321
0.416667 0.412 0.0345209
0.416667 0.416 -0.00129483
0.416667 0.42 0.0240238
0.416667 0.424 0.0038056
0.416667 0.428 -0.00187977
0.416667 0.432 -0.0121191
0.416667 0.436 -0.00353959
0.416667 0.44 0.0205632
0.416667 0.444 0.0312331
0.416667 0.448 -0.0219276
0.416667 0.452 0.0269338
0.416667 0.456 -0.0183909
0.416667 0.46 0.0173425
0.416667 0.464 -0.00405068
0.416667 0.468 0.00651381
0.416667 0.472 0.0119534
0.416667 0.476 0.0126122
0.416667 0.48 0.0110314
0.416667 0.484 0.0148657
0.416667 0.488 0.0412737
0.416667 0.492 0.0185086
0.416667 0.496 0.0104121
0.416667 0.5 0.0285424
0.416667 0.504 0.0240527
0.416667 0.508 0.00922405
0.416667 0.512 0.00868085
0.416667 0.516 0.0218129
0.416667 0.52 0.0207122
0.416667 0.524 0.00277785
0.416667 0.528 0.0220091
0.416667 0.532 0.00669178
0.416667 0.536 0.00198006
0.416667 0.54 0.00205294
0.416667 0.544 0.0302905
0.416667 0.548 -0.0155048
0.416667 0.552 0.0154502
0.416667 0.556 0.00371944
0.416667 0.56 0.0121823
0.416667 0.564 0.00676507
0.416667 0.568 0.00411188
0.416667 0.572 0.00684339
0.416667 0.576 0.00796984
0.416667 0.58 0.0169152
0.416667 0.584 0.00531132
0.416667 0.588 0.0241883
0.416667 0.592 0.0330263
0.416667 0.596 0.00228702
0.416667 0.6 0.00608545
0.416667 0.604 0.000516351
0.416667 0.608 0.0198452
0.416667 0.612 0.0096254
0.416667 0.616 0.0023406
0.416667 0.62 0.00214583
0.416667 0.624 0.00293514
0.416667 0.628 0.0189183
0.416667 0.632 0.0128474
0.416667 0.636 0.00609916
0.416667 0.64 0.00346346
0.416667 0.644 0.0152778
0.416667 0.648 0.0186309
0.416667 0.652 0.00431667
0.416667 0.656 0.00478823
0.416667 0.66 0.00479702
0.416667 0.664 0.00361003
0.416667 0.668 -0.0104973
0.416667 0.672 0.00500503
0.416667 0.676 0.000628318
0.416667 0.68 0.00195057
0.416667 0.684 -0.00356124
0.416667 0.688 0.00104149
0.416667 0.692 -0.00368332
0.416667 0.696 -0.000743267
0.416667 0.7 0.00482118
0.416667 0.704 -0.00215758
0.416667 0.708 0.000789803
0.416667 0.712 0.00951946
0.416667 0.716 0.00614554
0.416667 0.72 -0.00474127
0.416667 0.724 8.27027e-05
0.416667 0.728 -0.00154698
0.416667 0.732 0.000203296
0.416667 0.736 0.00994066
0.416667 0.74 0.0123333
0.416667 0.744 0.000519114
0.416667 0.748 0.0032557
0.416667 0.752 0.00212136
0.416667 0.756 0.00227529
0.416667 0.76 0.00187287
0.416667 0.764 0.00623402
0.416667 0.768 0.00319791
0.416667 0.772 0.00449325
0.416667 0.776 0.00710725
0.416667 0.78 0.00362659
0.416667 0.784 0.0099842
0.416667 0.788 0.00616614
0.416667 0.792 0.0043592
0.416667 0.796 -0.00189535
0.416667 0.8 0.00146948
0.433333 0 0.214017
0.433333 0.004 0.24183
0.433333 0.008 0.273864
0.433333 0.012 0.308753
0.433333 0.016 0.308753
0.433333 0.02 0.390234
0.433333 0.024 0.421514
0.433333 0.028 0.449122
0.433333 0.032 0.480445
0.433333 0.036 0.481422
0.433333 0.04 0.485411
0.433333 0.044 0.44891
0.433333 0.048 0.445175
0.433333 0.052 0.393081
0.433333 0.056 0.345896
0.433333 0.06 0.30906
0.433333 0.064 0.288143
0.433333 0.068 0.253131
0.433333 0.072 0.219951
0.433333 0.076 0.223662
0.433333 0.08 0.184255
0.433333 0.084 0.160194
0.433333 0.088 0.127925
0.433333 0.092 0.161684
0.433333 0.096 0.121095
0.433333 0.1 0.137179
0.433333 0.104 0.114034
0.433333 0.108 0.101408
0.433333 0.112 0.0908419
0.433333 0.116 0.107195
0.433333 0.12 0.10466
0.433333 0.124 0.0874349
0.433333 0.128 0.0775991
0.433333 0.132 0.0961057
0.433333 0.136 0.0649586
0.433333 0.14 0.0309453
0.433333 0.144 0.117
0.433333 0.148 0.0480165
0.433333 0.152 0.0464333
0.433333 0.156 0.0461768
0.433333 0.16 0.0668193
0.433333 0.164 0.0159863
0.433333 0.168 0.0290309
0.433333 0.172 0.0556151
0.433333 0.176 0.00485598
0.433333 0.18 0.0463798
0.433333 0.184 0.0137384
0.433333 0.188 0.00344001
0.433333 0.192 0.0585784
0.433333 0.196 0.0725124
0.433333 0.2 0.0176231
0.433333 0.204 -0.00551709
0.433333 0.208 -0.0472677
0.433333 0.212 0.0160669
0.433333 0.216 0.0368764
0.433333 0.22 0.01051
0.433333 0.224 0.0889121
0.433333 0.228 0.0502179
0.433333 0.232 0.0531522
0.433333 0.236 0.0214893
0.433333 0.24 0.0342494
0.433333 0.244 0.0117696
0.433333 0.248 0.0698233
0.433333 0.252 0.00719772
0.433333 0.256 0.00514099
0.433333 0.26 0.0207761
0.433333 0.264 0.0571041
0.433333 0.268 0.030003
0.433333 0.272 0.0451381
0.433333 0.276 -0.0121958
0.433333 0.28 -0.00956007
0.433333 0.284 0.0192016
0.433333 0.288 0.0114125
0.433333 0.292 0.0430418
0.433333 0.296 0.0345953
0.433333 0.3 0.0521454
0.433333 0.304 0.042615
0.433333 0.308 0.0181626
0.433333 0.312 -0.00680706
0.433333 0.316 0.0339785
0.433333 0.32 -0.00330262
0.433333 0.324 -0.00413891
0.433333 0.328 0.0088272
0.433333 0.332 0.0250034
0.433333 0.336 -0.00810784
0.433333 0.34 0.0507664
0.433333 0.344 -0.0188166
0.433333 0.348 0.0152751
0.433333 0.352 -0.00473273
0.433333 0.356 -0.0409726
0.433333 0.36 -0.00851955
0.433333 0.364 -0.00791001
0.433333 0.368 -0.00175526
0.433333 0.372 -0.00675134
0.433333 0.376 0.0112323
0.433333 0.38 -0.0053855
0.433333 0.384 0.0346413
0.433333 0.388 0.00744952
0.433333 0.392 0.00611179
0.433333 0.396 0.0212031
0.433333 0.4 0.0248165
0.433333 0.404 0.000862224
0.433333 0.408 -0.0109916
0.433333 0.412 0.0387529
0.433333 0.416 0.0326951
0.433333 0.42 0.0291534
0.433333 0.424 0.0299438
0.433333 0.428 0.000763514
0.433333 0.432 0.0291777
0.433333 0.436 0.0183345
0.433333 0.44 0.0126019
0.433333 0.444 0.0260998
0.433333 0.448 -0.0148295
0.433333 0.452 0.0237558
0.433333 0.456 0.0162345
0.433333 0.46 0.0330596
0.433333 0.464 0.00623244
0.433333 0.468 0.0241689
0.433333 0.472 0.0207994
0.433333 0.476 0.0401059
0.433333 0.48 0.0127001
0.433333 0.484 0.00105899
0.433333 0.488 0.0245158
0.433333 0.492 0.0309974
0.433333 0.496 0.0300657
0.433333 0.5 0.0158776
0.433333 0.504 0.0277322
0.433333 0.508 0.016266
0.433333 0.512 0.0116342
0.433333 0.516 0.0468745
0.433333 0.52 0.0164452
0.433333 0.524 0.023683
0.433333 0.528 0.0103602
0.433333 0.532 0.0122677
0.433333 0.536 0.0186381
0.433333 0.54 0.00255157
0.433333 0.544 0.0139738
0.433333 0.548 0.00242323
0.433333 0.552 0.034946
0.433333 0.556 0.0197964
0.433333 0.56 0.0125426
0.433333 0.564 0.00384085
0.433333 0.568 0.0100209
0.433333 0.572 0.0221138
0.433333 0.576 0.00444546
0.433333 0.58 0.0125416
0.433333 0.584 0.00191397
0.433333 0.588 0.0259329
0.433333 0.592 0.0143976
0.433333 0.596 -0.00156408
0.433333 0.6 0.00101269
0.433333 0.604 -0.00395556
0.433333 0.608 0.0139637
0.433333 0.612 0.00480801
0.433333 0.616 0.00418817
0.433333 0.62 0.00539172
0.433333 0.624 0.00936094
0.433333 0.628 0.0237013
0.433333 0.632 -0.00078956
0.433333 0.636 0.00939844
0.433333 0.64 0.00317702
0.433333 0.644 0.0117306
0.433333 0.648 0.0129537
0.433333 0.652 0.00241024
0.433333 0.656 0.00589684
0.433333 0.66 -0.00198687
0.433333 0.664 0.00762383
0.433333 0.668 -0.0112266
0.433333 0.672 0.00310254
0.433333 0.676 -0.00380217
0.433333 0.68 0.00285312
0.433333 0.684 0.00309823
0.433333 0.688 0.00415103
0.433333 0.692 -0.0013936
0.433333 0.696 -0.00236472
0.433333 0.7 0.00465585
0.433333 0.704 0.00241907
0.433333 0.708 0.00122454
0.433333 0.712 0.00564068
0.433333 0.716 0.0125477
0.433333 0.72 -0.00021598
0.433333 0.724 0.00727003
0.433333 0.728 -0.00311451
0.433333 0.732 0.00837904
0.433333 0.736 0.0144346
0.433333 0.74 0.0126303
0.433333 0.744 0.00317554
0.433333 0.748 0.003806
0.433333 0.752 0.00603336
0.433333 0.756 0.00322156
0.433333 0.76 0.00355022
0.433333 0.764 0.00353116
0.433333 0.768 0.000579754
0.433333 0.772 0.0049099
0.433333 0.776 0.00183859
0.433333 0.78 0.00743395
0.433333 0.784 0.0117647
0.433333 0.788 0.00528557
0.433333 0.792 0.00201406
0.433333 0.796 -0.00185352
0.433333 0.8 0.00468435
0.45 0 0.194732
0.45 0.004 0.219692
0.45 0.008 0.247816
0.45 0.012 0.279813
0.45 0.016 0.279813
0.45 0.02 0.357034
0.45 0.024 0.392105
0.45 0.028 0.422765
0.45 0.032 0.460226
0.45 0.036 0.460487
0.45 0.04 0.481131
0.45 0.044 0.453683
0.45 0.048 0.45863
0.45 0.052 0.400426
0.45 0.056 0.372693
0.45 0.06 0.33351
0.45 0.064 0.307403
0.45 0.068 0.279551
0.45 0.072 0.240981
0.45 0.076 0.23843
0.45 0.08 0.209704
0.45 0.084 0.181191
0.45 0.088 0.169769
0.45 0.092 0.17994
0.45 0.096 0.120135
0.45 0.1 0.158257
0.45 0.104 0.110141
0.45 0.108 0.108993
0.45 0.112 0.116002
0.45 0.116 0.111933
0.45 0.12 0.111657
0.45 0.124 0.0847981
0.45 0.128 0.0992977
0.45 0.132 0.107504
0.45 0.136 0.0754429
0.45 0.14 0.0374784
0.45 0.144 0.107345
0.45 0.148 0.0746906
0.45 0.152 0.0553058
0.45 0.156 0.0663456
0.45 0.16 0.0524473
0.45 0.164 0.0169426
0.45 0.168 0.0365723
0.45 0.172 0.0436611
0.45 0.176 0.0149216
0.45 0.18 0.0240598
0.45 0.184 -0.00047053
0.45 0.188 0.0321401
0.45 0.192 0.0605927
0.45 0.196 0.067567
0.45 0.2 0.0308408
0.45 0.204 0.0010261
0.45 0.208 0.0184948
0.45 0.212 0.032065
0.45 0.216 0.00806113
0.45 0.22 0.0192826
0.45 0.224 0.0575495
0.45 0.228 0.0383196
0.45 0.232 0.0502867
0.45 0.236 0.0366429
0.45 0.24 0.0680505
0.45 0.244 0.0184373
0.45 0.248 0.05844
0.45 0.252 0.0256996
0.45 0.256 -0.0309577
0.45 0.26 0.0162964
0.45 0.264 0.0416455
0.45 0.268 0.0488439
0.45 0.272 0.0377391
0.45 0.276 0.0942181
0.45 0.28 -0.0230293
0.45 0.284 0.0703854
0.45 0.288 0.00126349
0.45 0.292 0.0445457
0.45 0.296 0.047666
0.45 0.3 0.0250571
0.45 0.304 0.00495135
0.45 0.308 0.0106222
0.45 0.312 0.00596053
0.45 0.316 0.0675535
0.45 0.32 -0.0190656
0.45 0.324 0.0112774
0.45 0.328 0.0198228
0.45 0.332 0.0623543
0.45 0.336 0.0127378
0.45 0.34 0.0449691
0.45 0.344 -0.00495521
0.45 0.348 -0.0319531
0.45 0.352 0.02958
0.45 0.356 0.00689039
0.45 0.36 0.0037364
0.45 0.364 -0.00800553
0.45 0.368 0.0518086
0.45 0.372 0.00353475
0.45 0.376 0.011052
0.45 0.38 0.0169672
0.45 0.384 0.0378754
0.45 0.388 0.0236671
0.45 0.392 -0.0105711
0.45 0.396 0.00320516
0.45 0.4 0.00834771
0.45 0.404 -0.00617881
0.45 0.408 0.00203437
0.45 0.412 0.0118365
0.45 0.416 0.046976
0.45 0.42 0.017096
0.45 0.424 0.0312095
0.45 0.428 0.0130512
0.45 0.432 0.0426264
0.45 0.436 0.0272685
0.45 0.44 0.000201278
0.45 0.444 0.00849932
0.45 0.448 0.00349274
0.45 0.452 0.00666453
0.45 0.456 0.0335493
0.45 0.46 0.0257907
0.45 0.464 0.019651
0.45 0.468 0.0287944
0.45 0.472 0.0174601
0.45 0.476 0.0345256
0.45 0.48 0.0149314
0.45 0.484 -0.000339817
0.45 0.488 0.00551816
0.45 0.492 0.0055103
0.45 0.496 0.0238664
0.45 0.5 -0.0138485
0.45 0.504 0.0141199
0.45 0.508 0.00894671
0.45 0.512 0.00635014
0.45 0.516 0.0304436
0.45 0.52 -0.00072624
0.45 0.524 0.0178613
0.45 0.528 -0.00176206
0.45 0.532 0.0121093
0.45 0.536 0.0201368
0.45 0.54 0.00347118
0.45 0.544 0.00276912
0.45 0.548 0.0231596
0.45 0.552 0.00864197
0.45 0.556 0.0212533
0.45 0.56 0.0089583
0.45 0.564 0.00575047
0.45 0.568 0.0148124
0.45 0.572 0.0151979
0.45 0.576 0.00849689
0.45 0.58 0.00856517
0.45 0.584 0.00911846
0.45 0.588 0.015696
0.45 0.592 -0.00550438
0.45 0.596 0.0045299
0.45 0.6 0.000699363
0.45 0.604 -0.00249153
0.45 0.608 0.0178629
0.45 0.612 0.0107564
0.45 0.616 0.00708247
0.45 0.62 0.0106748
0.45 0.624 0.0211478
0.45 0.628 0.0207969
0.45 0.632 -0.00550495
0.45 0.636 0.00967493
0.45 0.64 0.00352226
0.45 0.644 0.00546099
0.45 0.648 0.00955753
0.45 0.652 0.00896192
0.45 0.656 0.00799513
0.45 0.66 0.00177793
0.45 0.664 0.0148756
0.45 0.668 0.00670485
0.45 0.672 0.00530686
0.45 0.676 0.00467775
0.45 0.68 0.00936199
0.45 0.684 0.0117233
0.45 0.688 0.00642687
0.45 0.692 -0.000551396
0.45 0.696 -0.000430892
0.45 0.7 0.00358012
0.45 0.704 0.00711715
0.45 0.708 0.00488785
0.45 0.712 0.00342965
0.45 0.716 0.0138136
0.45 0.72 0.00639403
0.45 0.724 0.0112069
0.45 0.728 0.00258276
0.45 0.732 0.0102879
0.45 0.736 0.0149566
0.45 0.74 0.00945785
0.45 0.744 0.00853496
0.45 0.748 0.0107969
0.45 0.752 0.00603532
0.45 0.756 0.003385
0.45 0.76 0.00673266
0.45 0.764 0.00312481
0.45 0.768 0.00280969
0.45 0.772 0.00904048
0.45 0.776 0.00305471
0.45 0.78 0.00498086
0.45 0.784 0.0101984
0.45 0.788 0.00603022
0.45 0.792 -0.0014713
0.45 0.796 0.00538419
0.45 0.8 0.00563888
0.466667 0 0.173331
0.466667 0.004 0.195859
0.466667 0.008 0.22021
0.466667 0.012 0.249147
0.466667 0.016 0.249147
0.466667 0.02 0.320342
0.466667 0.024 0.357781
0.466667 0.028 0.389055
0.466667 0.032 0.430038
0.466667 0.036 0.431355
0.466667 0.04 0.465267
0.466667 0.044 0.44402
0.466667 0.048 0.458783
0.466667 0.052 0.401267
0.466667 0.056 0.38893
0.466667 0.06 0.352549
0.466667 0.064 0.321706
0.466667 0.068 0.296521
0.466667 0.072 0.260058
0.466667 0.076 0.239708
0.466667 0.08 0.22749
0.466667 0.084 0.202875
0.466667 0.088 0.202434
0.466667 0.092 0.185659
0.466667 0.096 0.123206
0.466667 0.1 0.154382
0.466667 0.104 0.114283
0.466667 0.108 0.12812
0.466667 0.112 0.131108
0.466667 0.116 0.116716
0.466667 0.12 0.114487
0.466667 0.124 0.0922842
0.466667 0.128 0.114882
0.466667 0.132 0.11609
0.466667 0.136 0.096981
0.466667 0.14 0.0674268
0.466667 0.144 0.0834391
0.466667 0.148 0.0971908
0.466667 0.152 0.0763233
0.466667 0.156 0.0960776
0.466667 0.16 0.0318518
0.466667 0.164 0.0409048
0.466667 0.168 0.0497347
0.466667 0.172 0.0307248
0.466667 0.176 0.023206
0.466667 0.18 0.0351402
0.466667 0.184 0.00198708
0.466667 0.188 0.0570164
0.466667 0.192 0.0590494
0.466667 0.196 0.0589554
0.466667 0.2 0.0447291
0.466667 0.204 0.0342136
0.466667 0.208 0.0773123
0.466667 0.212 0.0304274
0.466667 0.216 -0.00950091
0.466667 0.22 0.0255704
0.466667 0.224 -0.000237954
0.466667 0.228 0.0149995
0.466667 0.232 0.0347502
0.466667 0.236 0.0521797
0.466667 0.24 0.0646836
0.466667 0.244 0.0264713
0.466667 0.248 0.0281618
0.466667 0.252 0.0334284
0.466667 0.256 -0.0209406
0.466667 0.26 0.0227598
0.466667 0.264 -0.00462704
0.466667 0.268 0.0416101
0.466667 0.272 0.0149865
0.466667 0.276 0.0870168
0.466667 0.28 -0.0285693
0.466667 0.284 0.0916327
0.466667 0.288 0.00576814
0.466667 0.292 0.0541766
0.466667 0.296 0.0380172
0.466667 0.3 0.0193173
0.466667 0.304 -0.00370148
0.466667 0.308 0.0112178
0.466667 0.312 0.0256511
0.466667 0.316 0.0608032
0.466667 0.32 0.0164361
0.466667 0.324 0.0309733
0.466667 0.328 0.0534535
0.466667 0.332 0.055303
0.466667 0.336 0.0389126
0.466667 0.34 0.0264317
0.466667 0.344 0.021092
0.466667 0.348 -0.0134156
0.466667 0.352 0.0765129
0.466667 0.356 0.0643191
0.466667 0.36 0.027831
0.466667 0.364 -0.00448552
0.466667 0.368 0.0378535
0.466667 0.372 0.0125327
0.466667 0.376 0.0326422
0.466667 0.38 0.0191756
0.466667 0.384 0.0209636
0.466667 0.388 0.0236043
0.466667 0.392 0.0158613
0.466667 0.396 -0.000820234
0.466667 0.4 -0.017898
0.466667 0.404 -0.00340686
0.466667 0.408 0.00699122
0.466667 0.412 -0.0094833
0.466667 0.416 0.0311616
0.466667 0.42 0.00866311
0.466667 0.424 0.0133606
0.466667 0.428 0.0230728
0.466667 0.432 0.0210945
0.466667 0.436 0.00639384
0.466667 0.44 0.0034857
0.466667 0.444 -0.000669445
0.466667 0.448 0.01327
0.466667 0.452 0.0003452
0.466667 0.456 0.0266571
0.466667 0.46 0.00635968
0.466667 0.464 0.0191933
0.466667 0.468 0.0176328
0.466667 0.472 0.0120329
0.466667 0.476 0.0121502
0.466667 0.48 0.0112928
0.466667 0.484 0.0130827
0.466667 0.488 0.0116734
0.466667 0.492 -0.0108323
0.466667 0.496 0.00663678
0.466667 0.5 -0.0123992
0.466667 0.504 0.00573472
0.466667 0.508 0.000134561
0.466667 0.512 0.00531806
0.466667 0.516 -0.0014081
0.466667 0.52 0.00252771
0.466667 0.524 -0.00585696
0.466667 0.528 0.00176502
0.466667 0.532 0.0043581
0.466667 0.536 0.00842408
0.466667 0.54 0.00289869
0.466667 0.544 0.00930615
0.466667 0.548 0.0270324
0.466667 0.552 -0.0241867
0.466667 0.556 0.0100209
0.466667 0.56 0.00864381
0.466667 0.564 0.0125063
0.466667 0.568 0.0164332
0.466667 0.572 -0.00274777
0.466667 0.576 0.0155418
0.466667 0.58 0.00876763
0.466667 0.584 0.00830514
0.466667 0.588 0.0071558
0.466667 0.592 -0.00100615
0.466667 0.596 0.015812
0.466667 0.6 0.0052953
0.466667 0.604 0.00292451
0.466667 0.608 0.0205747
0.466667 0.612 0.0217674
0.466667 0.616 0.00637419
0.466667 0.62 0.00912543
0.466667 0.624 0.0218788
0.466667 0.628 0.0102176
0.466667 0.632 0.00156431
0.466667 0.636 0.00447458
0.466667 0.64 0.0022738
0.466667 0.644 0.00122521
0.466667 0.648 0.0100802
0.466667 0.652 0.0124014
0.466667 0.656 0.00618396
0.466667 0.66 0.01095
0.466667 0.664 0.0190696
0.466667 0.668 0.0189352
0.466667 0.672 0.00921753
0.466667 0.676 0.0125896
0.466667 0.68 0.0146722
0.466667 0.684 0.0170102
0.466667 0.688 0.004963
0.466667 0.692 0.00137284
0.466667 0.696 0.00703423
0.466667 0.7 0.00479393
0.466667 0.704 0.00904716
0.466667 0.708 0.00637177
0.466667 0.712 0.00480423
0.466667 0.716 0.00726555
0.466667 0.72 0.00690456
0.466667 0.724 0.00915633
0.466667 0.728 0.00750843
0.466667 0.732 0.00864592
0.466667 0.736 0.0122097
0.466667 0.74 0.00690519
0.466667 0.744 0.0115668
0.466667 0.748 0.0141289
0.466667 0.752 0.00260763
0.466667 0.756 0.00363972
0.466667 0.76 0.00819288
0.466667 0.764 0.00290419
0.466667 0.768 0.00744713
0.466667 0.772 0.0127379
0.466667 0.776 0.0100396
0.466667 0.78 0.00186333
0.466667 0.784 0.00919062
0.466667 0.788 0.0103672
0.466667 0.792 -0.00122521
0.466667 0.796 0.0119921
0.466667 0.8 0.00260311
0.483333 0 0.150518
0.483333 0.004 0.17038
0.483333 0.008 0.191759
0.483333 0.012 0.217303
0.483333 0.016 0.217303
0.483333 0.02 0.281714
0.483333 0.024 0.319572
0.483333 0.028 0.35038
0.483333 0.032 0.393072
0.483333 0.036 0.399987
0.483333 0.04 0.438104
0.483333 0.044 0.423945
0.483333 0.048 0.445831
0.483333 0.052 0.400552
0.483333 0.056 0.389327
0.483333 0.06 0.366484
0.483333 0.064 0.333546
0.483333 0.068 0.3033
0.483333 0.072 0.274616
0.483333 0.076 0.235501
0.483333 0.08 0.23196
0.483333 0.084 0.208581
0.483333 0.088 0.204477
0.483333 0.092 0.178564
0.483333 0.096 0.134651
0.483333 0.1 0.145068
0.483333 0.104 0.123648
0.483333 0.108 0.14627
0.483333 0.112 0.119545
0.483333 0.116 0.116195
0.483333 0.12 0.125263
0.483333 0.124 0.0969062
0.483333 0.128 0.121416
0.483333 0.132 0.123093
0.483333 0.136 0.113606
0.483333 0.14 0.0972345
0.483333 0.144 0.0680581
0.483333 0.148 0.101665
0.483333 0.152 0.0901221
0.483333 0.156 0.11855
0.483333 0.16 0.0347683
0.483333 0.164 0.0724342
0.483333 0.168 0.0605662
0.483333 0.172 0.0393476
0.483333 0.176 0.0346399
0.483333 0.18 0.0614811
0.483333 0.184 0.0204294
0.483333 0.188 0.0599714
0.483333 0.192 0.0677172
0.483333 0.196 0.0567872
0.483333 0.2 0.0582368
0.483333 0.204 0.0670116
0.483333 0.208 0.0753356
0.483333 0.212 0.00993618
0.483333 0.216 0.0115713
0.483333 0.22 0.0211489
0.483333 0.224 -0.0239031
0.483333 0.228 0.00696403
0.483333 0.232 0.029399
0.483333 0.236 0.0535366
0.483333 0.24 0.0260632
0.483333 0.244 0.0374381
0.483333 0.248 0.0165784
0.483333 0.252 0.0325225
0.483333 0.256 0.0175397
0.483333 0.26 0.0114973
0.483333 0.264 -0.0251667
0.483333 0.268 0.0172102
0.483333 0.272 0.00759741
0.483333 0.276 -0.0269355
0.483333 0.28 -0.00889599
0.483333 0.284 0.0526162
0.483333 0.288 0.0179869
0.483333 0.292 0.0562131
0.483333 0.296 0.0206346
0.483333 0.3 0.0424521
0.483333 0.304 0.0269132
0.483333 0.308 0.0181924
0.483333 0.312 0.0222674
0.483333 0.316 0.0159711
0.483333 0.32 0.054044
0.483333 0.324 0.0283299
0.483333 0.328 0.0529097
0.483333 0.332 0.00694671
0.483333 0.336 0.0308314
0.483333 0.34 0.00663325
0.483333 0.344 0.0363264
0.483333 0.348 0.030263
0.483333 0.352 0.0828368
0.483333 0.356 0.0584967
0.483333 0.36 0.0229479
0.483333 0.364 -0.00459576
0.483333 0.368 -0.00767531
0.483333 0.372 0.0130996
0.483333 0.376 0.0470217
0.483333 0.38 -0.0032096
0.483333 0.384 0.0134052
0.483333 0.388 0.00926614
0.483333 0.392 0.0487524
0.483333 0.396 0.0164772
0.483333 0.4 -0.0179732
0.483333 0.404 0.0148194
0.483333 0.408 -0.000607371
0.483333 0.412 0.00391366
0.483333 0.416 0.00702789
0.483333 0.42 0.0211768
0.483333 0.424 0.00863365
0.483333 0.428 0.0219363
0.483333 0.432 -0.000757339
0.483333 0.436 -0.0165465
0.483333 0.44 0.0160657
0.483333 0.444 0.00954713
0.483333 0.448 0.0123199
0.483333 0.452 0.0151844
0.483333 0.456 0.0164749
0.483333 0.46 0.00447072
0.483333 0.464 0.0145265
0.483333 0.468 0.0125884
0.483333 0.472 0.0165426
0.483333 0.476 0.00770572
0.483333 0.48 0.0104159
0.483333 0.484 0.0256366
0.483333 0.488 0.0330457
0.483333 0.492 0.0142837
0.483333 0.496 0.00502376
0.483333 0.5 0.0217979
0.483333 0.504 0.0206197
0.483333 0.508 0.00321143
0.483333 0.512 0.0121216
0.483333 0.516 -0.00707331
0.483333 0.52 0.0188649
0.483333 0.524 -0.0143581
0.483333 0.528 0.0150372
0.483333 0.532 -0.000343387
0.483333 0.536 0.00477142
0.483333 0.54 -0.000185545
0.483333 0.544 0.0212542
0.483333 0.548 0.0132368
0.483333 0.552 -0.0179501
0.483333 0.556 0.0059604
0.483333 0.56 0.0132454
0.483333 0.564 0.018797
0.483333 0.568 0.0138981
0.483333 0.572 -0.00454923
0.483333 0.576 0.0170951
0.483333 0.58 0.0102448
0.483333 0.584 -0.0056106
0.483333 0.588 0.00858042
0.483333 0.592 0.0177343
0.483333 0.596 0.0200774
0.483333 0.6 0.0114346
0.483333 0.604 0.00912891
0.483333 0.608 0.0162026
0.483333 0.612 0.026233
0.483333 0.616 0.00325105
0.483333 0.62 0.00142853
0.483333 0.624 0.00881447
0.483333 0.628 0.00266198
0.483333 0.632 0.00640609
0.483333 0.636 0.00157394
0.483333 0.64 -0.000677121
0.483333 0.644 0.00455117
0.483333 0.648 0.0125966
0.483333 0.652 0.00675481
0.483333 0.656 0.00201504
0.483333 0.66 0.0141137
0.483333 0.664 0.0153387
0.483333 0.668 0.00942575
0.483333 0.672 0.0104796
0.483333 0.676 0.00832451
0.483333 0.68 0.0151091
0.483333 0.684 0.0171804
0.483333 0.688 0.00388026
0.483333 0.692 0.00608373
0.483333 0.696 0.0162732
0.483333 0.7 0.00754697
0.483333 0.704 0.00653457
0.483333 0.708 0.0030961
0.483333 0.712 0.00914886
0.483333 0.716 0.0040325
0.483333 0.72 0.00408864
0.483333 0.724 0.00763554
0.483333 0.728 0.00534743
0.483333 0.732 0.0109864
0.483333 0.736 0.0106572
0.483333 0.74 0.00654607
0.483333 0.744 0.00974468
0.483333 0.748 0.0095024
0.483333 0.752 0.00225128
0.483333 0.756 0.00557938
0.483333 0.76 0.00617778
0.483333 0.764 0.0016657
0.483333 0.768 0.0110061
0.483333 0.772 0.0129465
0.483333 0.776 0.0152695
0.483333 0.78 0.00420323
0.483333 0.784 0.00911569
0.483333 0.788 0.0133771
0.483333 0.792 0.0029095
0.483333 0.796 0.011179
0.483333 0.8 0.00160467
0.5 0 0.133615
0.5 0.004 0.150282
0.5 0.008 0.169317
0.5 0.012 0.190931
0.5 0.016 0.190931
0.5 0.02 0.247597
0.5 0.024 0.283526
0.5 0.028 0.313825
0.5 0.032 0.355958
0.5 0.036 0.372416
0.5 0.04 0.404824
0.5 0.044 0.402664
0.5 0.048 0.425874
0.5 0.052 0.401062
0.5 0.056 0.381045
0.5 0.06 0.379263
0.5 0.064 0.346566
0.5 0.068 0.307733
0.5 0.072 0.286117
0.5 0.076 0.240643
0.5 0.08 0.232391
0.5 0.084 0.206323
0.5 0.088 0.190748
0.5 0.092 0.181844
0.5 0.096 0.160782
0.5 0.1 0.159048
0.5 0.104 0.136519
0.5 0.108 0.156087
0.5 0.112 0.106568
0.5 0.116 0.114153
0.5 0.12 0.146897
0.5 0.124 0.103967
0.5 0.128 0.119337
0.5 0.132 0.135873
0.5 0.136 0.120733
0.5 0.14 0.117072
0.5 0.144 0.0753099
0.5 0.148 0.0894511
0.5 0.152 0.0877567
0.5 0.156 0.124992
0.5 0.16 0.0699493
0.5 0.164 0.0866199
0.5 0.168 0.0623356
0.5 0.172 0.0658763
0.5 0.176 0.0513135
0.5 0.18 0.0702008
0.5 0.184 0.0454449
0.5 0.188 0.0510829
0.5 0.192 0.0827752
0.5 0.196 0.0594377
0.5 0.2 0.0617978
0.5 0.204 0.0661487
0.5 0.208 0.0492971
0.5 0.212 -0.00742467
0.5 0.216 0.0464311
0.5 0.22 0.0218873
0.5 0.224 0.0185777
0.5 0.228 0.00507001
0.5 0.232 0.0429112
0.5 0.236 0.0366121
0.5 0.24 -0.0048426
0.5 0.244 0.0372162
0.5 0.248 0.029117
0.5 0.252 0.0285581
0.5 0.256 0.0480095
0.5 0.26 -0.0222791
0.5 0.264 0.0080788
0.5 0.268 0.00594176
0.5 0.272 0.0262714
0.5 0.276 -0.0575353
0.5 0.28 0.0274475
0.5 0.284 0.0149253
0.5 0.288 0.0290262
0.5 0.292 0.0444388
0.5 0.296 0.00641604
0.5 0.3 0.0665462
0.5 0.304 0.0532314
0.5 0.308 0.0256083
0.5 0.312 0.0104661
0.5 0.316 -0.0253323
0.5 0.32 0.0543156
0.5 0.324 0.0119406
0.5 0.328 0.016245
0.5 0.332 -0.0240961
0.5 0.336 -0.0002382
0.5 0.34 0.00480183
0.5 0.344 0.0338571
0.5 0.348 0.0406123
0.5 0.352 0.0468291
0.5 0.356 0.00338777
0.5 0.36 -0.0105729
0.5 0.364 -0.00346162
0.5 0.368 -0.00567659
0.5 0.372 0.0159427
0.5 0.376 0.039631
0.5 0.38 -0.0244073
0.5 0.384 0.0260987
0.5 0.388 -0.0014421
0.5 0.392 0.0445635
0.5 0.396 0.0294823
0.5 0.4 0.00513138
0.5 0.404 0.0375332
0.5 0.408 -0.00846134
0.5 0.412 0.0292454
0.5 0.416 -0.00051821
0.5 0.42 0.0364457
0.5 0.424 0.0246089
0.5 0.428 0.0136246
0.5 0.432 0.00150629
0.5 0.436 -0.00775058
0.5 0.44 0.0173945
0.5 0.444 0.0285938
0.5 0.448 0.00923596
0.5 0.452 0.0351799
0.5 0.456 0.0175181
0.5 0.46 0.0267291
0.5 0.464 0.0177091
0.5 0.468 0.0262568
0.5 0.472 0.0288357
0.5 0.476 0.0232945
0.5 0.48 0.0255441
0.5 0.484 0.0259734
0.5 0.488 0.0386673
0.5 0.492 0.0509992
0.5 0.496 0.0200297
0.5 0.5 0.0426266
0.5 0.504 0.0436735
0.5 0.508 0.0142184
0.5 0.512 0.0155416
0.5 0.516 0.0143042
0.5 0.52 0.0189242
0.5 0.524 0.0052343
0.5 0.528 0.0207204
0.5 0.532 0.00534553
0.5 0.536 0.014885
0.5 0.54 -0.00144421
0.5 0.544 0.021809
0.5 0.548 -0.00114345
0.5 0.552 0.0162168
0.5 0.556 0.0151546
0.5 0.56 0.0153765
0.5 0.564 0.0192171
0.5 0.568 0.00843126
0.5 0.572 0.0129544
0.5 0.576 0.0107216
0.5 0.58 0.00792379
0.5 0.584 -0.0149049
0.5 0.588 0.0156567
0.5 0.592 0.0215531
0.5 0.596 0.0144049
0.5 0.6 0.015068
0.5 0.604 0.01184
0.5 0.608 0.0119325
0.5 0.612 0.0205234
0.5 0.616 0.00319026
0.5 0.62 -0.00109256
0.5 0.624 -0.0030959
0.5 0.628 0.00685289
0.5 0.632 0.00299896
0.5 0.636 0.0075962
0.5 0.64 -0.00261945
0.5 0.644 0.0143599
0.5 0.648 0.0139173
0.5 0.652 0.000412981
0.5 0.656 0.00112796
0.5 0.66 0.00916908
0.5 0.664 0.00887532
0.5 0.668 -0.00489535
0.5 0.672 0.00807256
0.5 0.676 -0.000167238
0.5 0.68 0.0135391
0.5 0.684 0.014647
0.5 0.688 0.00792287
0.5 0.692 0.0101249
0.5 0.696 0.0213456
0.5 0.7 0.00906033
0.5 0.704 0.00187635
0.5 0.708 -0.000230029
0.5 0.712 0.013623
0.5 0.716 0.0120242
0.5 0.72 0.00579332
0.5 0.724 0.0112978
0.5 0.728 0.000894193
0.5 0.732 0.0164676
0.5 0.736 0.0131458
0.5 0.74 0.00721498
0.5 0.744 0.00699575
0.5 0.748 0.00335783
0.5 0.752 0.00790901
0.5 0.756 0.00794316
0.5 0.76 0.00308238
0.5 0.764 0.000956499
0.5 0.768 0.012443
0.5 0.772 0.0111501
0.5 0.776 0.0150323
0.5 0.78 0.00990737
0.5 0.784 0.00702153
0.5 0.788 0.0110239
0.5 0.792 0.00605543
0.5 0.796 0.00527184
0.5 0.8 0.00696626
0.516667 0 0.121858
0.516667 0.004 0.135365
0.516667 0.008 0.152253
0.516667 0.012 0.170068
0.516667 0.016 0.170068
0.516667 0.02 0.218455
0.516667 0.024 0.250956
0.516667 0.028 0.281294
0.516667 0.032 0.320255
0.516667 0.036 0.346414
0.516667 0.04 0.368742
0.516667 0.044 0.382103
0.516667 0.048 0.401506
0.516667 0.052 0.397144
0.516667 0.056 0.371951
0.516667 0.06 0.388048
0.516667 0.064 0.357798
0.516667 0.068 0.315086
0.516667 0.072 0.294366
0.516667 0.076 0.259775
0.516667 0.08 0.239792
0.516667 0.084 0.212688
0.516667 0.088 0.193726
0.516667 0.092 0.204352
0.516667 0.096 0.190759
0.516667 0.1 0.179418
0.516667 0.104 0.148573
0.516667 0.108 0.159189
0.516667 0.112 0.124219
0.516667 0.116 0.115391
0.516667 0.12 0.166375
0.516667 0.124 0.126231
0.516667 0.128 0.111403
0.516667 0.132 0.149481
0.516667 0.136 0.124814
0.516667 0.14 0.134634
0.516667 0.144 0.0974218
0.516667 0.148 0.0757339
0.516667 0.152 0.0816756
0.516667 0.156 0.119684
0.516667 0.16 0.099452
0.516667 0.164 0.0795486
0.516667 0.168 0.0565569
0.516667 0.172 0.0870727
0.516667 0.176 0.0689062
0.516667 0.18 0.0668939
0.516667 0.184 0.0654343
0.516667 0.188 0.0478284
0.516667 0.192 0.0912492
0.516667 0.196 0.0710863
0.516667 0.2 0.0534496
0.516667 0.204 0.0457685
0.516667 0.208 0.0481861
0.516667 0.212 0.00400228
0.516667 0.216 0.0583479
0.516667 0.22 0.0398695
0.516667 0.224 0.0820474
0.516667 0.228 -0.0043068
0.516667 0.232 0.0617248
0.516667 0.236 0.0083946
0.516667 0.24 0.00123404
0.516667 0.244 0.0196811
0.516667 0.248 0.037752
0.516667 0.252 0.0257505
0.516667 0.256 0.0657321
0.516667 0.26 -0.0369865
0.516667 0.264 0.0634931
0.516667 0.268 0.0172786
0.516667 0.272 0.0457006
0.516667 0.276 0.0523371
0.516667 0.28 0.0514018
0.516667 0.284 0.0357208
0.516667 0.288 0.0354255
0.516667 0.292 0.0317385
0.516667 0.296 0.00352409
0.516667 0.3 0.0653182
0.516667 0.304 0.0320916
0.516667 0.308 0.0286268
0.516667 0.312 0.0244726
0.516667 0.316 -0.0204356
0.516667 0.32 0.0335108
0.516667 0.324 0.0136159
0.516667 0.328 0.00212304
0.516667 0.332 -0.00150445
0.516667 0.336 -0.00924443
0.516667 0.34 0.0276965
0.516667 0.344 0.0196368
0.516667 0.348 0.0207435
0.516667 0.352 0.0148819
0.516667 0.356 -0.0217138
0.516667 0.36 -0.0300871
0.516667 0.364 0.00661984
0.516667 0.368 0.041214
0.516667 0.372 0.0236824
0.516667 0.376 0.0249169
0.516667 0.38 -0.0221207
0.516667 0.384 0.0387976
0.516667 0.388 0.00410944
0.516667 0.392 0.00999071
0.516667 0.396 0.0167956
0.516667 0.4 0.0209272
0.516667 0.404 0.0467792
0.516667 0.408 -0.00424561
0.516667 0.412 0.0320445
0.516667 0.416 0.0116196
0.516667 0.42 0.0266965
0.516667 0.424 0.0348913
0.516667 0.428 0.0104259
0.516667 0.432 0.0164045
0.516667 0.436 0.024346
0.516667 0.44 0.0062383
0.516667 0.444 0.0386541
0.516667 0.448 0.00948586
0.516667 0.452 0.0413981
0.516667 0.456 0.0221748
0.516667 0.46 0.0481688
0.516667 0.464 0.023794
0.516667 0.468 0.0426799
0.516667 0.472 0.0365628
0.516667 0.476 0.0325662
0.516667 0.48 0.049309
0.516667 0.484 0.0231787
0.516667 0.488 0.0239116
0.516667 0.492 0.0545827
0.516667 0.496 0.0304152
0.516667 0.5 0.0282461
0.516667 0.504 0.0462192
0.516667 0.508 0.0212245
0.516667 0.512 0.012156
0.516667 0.516 0.031361
0.516667 0.52 0.0052168
0.516667 0.524 0.0312136
0.516667 0.528 0.0135572
0.516667 0.532 0.013925
0.516667 0.536 0.0214328
0.516667 0.54 0.00435375
0.516667 0.544 0.0141758
0.516667 0.548 -3.95633e-05
0.516667 0.552 0.0320658
0.516667 0.556 0.0218262
0.516667 0.56 0.00869438
0.516667 0.564 0.0132213
0.516667 0.568 0.00223932
0.516667 0.572 0.0242398
0.516667 0.576 0.00134912
0.516667 0.58 0.00175805
0.516667 0.584 -0.0049674
0.516667 0.588 0.0207272
0.516667 0.592 0.00840069
0.516667 0.596 0.00867435
0.516667 0.6 0.0129801
0.516667 0.604 0.00850059
0.516667 0.608 0.0140669
0.516667 0.612 0.0119536
0.516667 0.616 0.00767349
0.516667 0.62 0.0068458
0.516667 0.624 -0.00207115
0.516667 0.628 0.0170191
0.516667 0.632 0.00332353
0.516667 0.636 0.0157477
0.516667 0.64 -0.000586142
0.516667 0.644 0.0213629
0.516667 0.648 0.0121284
0.516667 0.652 0.0033038
0.516667 0.656 0.00520888
0.516667 0.66 0.00370551
0.516667 0.664 0.00868361
0.516667 0.668 0.000964226
0.516667 0.672 0.00530844
0.516667 0.676 0.00202958
0.516667 0.68 0.0128089
0.516667 0.684 0.0128295
0.516667 0.688 0.0146263
0.516667 0.692 0.0100481
0.516667 0.696 0.0201683
0.516667 0.7 0.0100601
0.516667 0.704 0.000351865
0.516667 0.708 0.00202379
0.516667 0.712 0.0156041
0.516667 0.716 0.0222103
0.516667 0.72 0.010963
0.516667 0.724 0.0163487
0.516667 0.728 0.00290892
0.516667 0.732 0.0171392
0.516667 0.736 0.0173831
0.516667 0.74 0.00788992
0.516667 0.744 0.00921389
0.516667 0.748 0.00277111
0.516667 0.752 0.0137112
0.516667 0.756 0.00801572
0.516667 0.76 0.00296944
0.516667 0.764 0.00240253
0.516667 0.768 0.0125554
0.516667 0.772 0.0095266
0.516667 0.776 0.0130991
0.516667 0.78 0.0121958
0.516667 0.784 0.00295872
0.516667 0.788 0.00730717
0.516667 0.792 0.00555338
0.516667 0.796 0.00232999
0.516667 0.8 0.0132813
0.533333 0 0.108102
0.533333 0.004 0.119285
0.533333 0.008 0.133899
0.533333 0.012 0.149046
0.533333 0.016 0.149046
0.533333 0.02 0.189634
0.533333 0.024 0.218586
0.533333 0.028 0.249502
0.533333 0.032 0.283342
0.533333 0.036 0.315127
0.533333 0.04 0.330852
0.533333 0.044 0.357169
0.533333 0.048 0.371982
0.533333 0.052 0.381472
0.533333 0.056 0.363229
0.533333 0.06 0.385081
0.533333 0.064 0.362265
0.533333 0.068 0.323664
0.533333 0.072 0.29755
0.533333 0.076 0.282315
0.533333 0.08 0.253045
0.533333 0.084 0.227175
0.533333 0.088 0.219011
0.533333 0.092 0.225043
0.533333 0.096 0.20308
0.533333 0.1 0.174223
0.533333 0.104 0.153839
0.533333 0.108 0.159763
0.533333 0.112 0.160067
0.533333 0.116 0.118158
0.533333 0.12 0.171857
0.533333 0.124 0.152514
0.533333 0.128 0.10365
0.533333 0.132 0.145633
0.533333 0.136 0.128993
0.533333 0.14 0.15553
0.533333 0.144 0.115876
0.533333 0.148 0.0777506
0.533333 0.152 0.091117
0.533333 0.156 0.113012
0.533333 0.16 0.0931231
0.533333 0.164 0.0738301
0.533333 0.168 0.0516704
0.533333 0.172 0.0894517
0.533333 0.176 0.0814247
0.533333 0.18 0.0800523
0.533333 0.184 0.0738207
0.533333 0.188 0.0524498
0.533333 0.192 0.0936303
0.533333 0.196 0.0898644
0.533333 0.2 0.0510746
0.533333 0.204 0.0471447
0.533333 0.208 0.057872
0.533333 0.212 0.0449676
0.533333 0.216 0.0535065
0.533333 0.22 0.0559309
0.533333 0.224 0.0933262
0.533333 0.228 -0.00336272
0.533333 0.232 0.0689713
0.533333 0.236 -0.00991069
0.533333 0.24 0.028714
0.533333 0.244 0.00824094
0.533333 0.248 0.0264696
0.533333 0.252 0.0330197
0.533333 0.256 0.0726437
0.533333 0.26 -0.0121743
0.533333 0.264 0.0848796
0.533333 0.268 0.0303799
0.533333 0.272 0.0355718
0.533333 0.276 0.129634
0.533333 0.28 0.0424267
0.533333 0.284 0.0750385
0.533333 0.288 0.0299714
0.533333 0.292 0.0308751
0.533333 0.296 0.0181794
0.533333 0.3 0.0467523
0.533333 0.304 -0.0157031
0.533333 0.308 0.0232247
0.533333 0.312 0.0599463
0.533333 0.316 0.0268839
0.533333 0.32 0.0319401
0.533333 0.324 0.0401192
0.533333 0.328 0.0374549
0.533333 0.332 0.0416646
0.533333 0.336 0.0195318
0.533333 0.34 0.0587018
0.533333 0.344 0.00474751
0.533333 0.348 0.0178547
0.533333 0.352 0.0197677
0.533333 0.356 0.0163087
0.533333 0.36 -0.00493218
0.533333 0.364 0.019133
0.533333 0.368 0.058744
0.533333 0.372 0.0251887
0.533333 0.376 0.0231496
0.533333 0.38 -0.00323437
0.533333 0.384 0.0311805
0.533333 0.388 0.0198448
0.533333 0.392 -0.0064101
0.533333 0.396 -0.00618529
0.533333 0.4 0.0215377
0.533333 0.404 0.0377831
0.533333 0.408 0.00768877
0.533333 0.412 0.020148
0.533333 0.416 0.0260523
0.533333 0.42 0.000688589
0.533333 0.424 0.0238207
0.533333 0.428 0.0170777
0.533333 0.432 0.0249847
0.533333 0.436 0.0406858
0.533333 0.44 0.002658
0.533333 0.444 0.0352834
0.533333 0.448 0.0128721
0.533333 0.452 0.0330371
0.533333 0.456 0.0194903
0.533333 0.46 0.0465458
0.533333 0.464 0.0254159
0.533333 0.468 0.0405854
0.533333 0.472 0.0344089
0.533333 0.476 0.023655
0.533333 0.48 0.0556998
0.533333 0.484 0.0308633
0.533333 0.488 0.0167081
0.533333 0.492 0.0290839
0.533333 0.496 0.0243164
0.533333 0.5 0.010879
0.533333 0.504 0.0260678
0.533333 0.508 0.020683
0.533333 0.512 0.0140926
0.533333 0.516 0.028233
0.533333 0.52 0.00625166
0.533333 0.524 0.0372052
0.533333 0.528 0.00453218
0.533333 0.532 0.0135339
0.533333 0.536 0.0149509
0.533333 0.54 0.0151024
0.533333 0.544 0.0134041
0.533333 0.548 0.0137812
0.533333 0.552 0.0153528
0.533333 0.556 0.0153305
0.533333 0.56 -0.00180062
0.533333 0.564 0.00550821
0.533333 0.568 -0.00209664
0.533333 0.572 0.0132655
0.533333 0.576 -0.00456805
0.533333 0.58 -0.00264805
0.533333 0.584 0.0136931
0.533333 0.588 0.0209766
0.533333 0.592 0.00514694
0.533333 0.596 0.011047
0.533333 0.6 0.00469574
0.533333 0.604 0.00317422
0.533333 0.608 0.0168933
0.533333 0.612 0.00912794
0.533333 0.616 0.012322
0.533333 0.62 0.0158334
0.533333 0.624 0.00632859
0.533333 0.628 0.0191804
0.533333 0.632 0.0152081
0.533333 0.636 0.0147085
0.533333 0.64 0.00535665
0.533333 0.644 0.0186464
0.533333 0.648 0.00899412
0.533333 0.652 0.0118995
0.533333 0.656 0.00987364
0.533333 0.66 0.00318322
0.533333 0.664 0.0148687
0.533333 0.668 0.0217122
0.533333 0.672 0.00528456
0.533333 0.676 0.0131048
0.533333 0.68 0.0115267
0.533333 0.684 0.0131254
0.533333 0.688 0.0169627
0.533333 0.692 0.00846808
0.533333 0.696 0.0162683
0.533333 0.7 0.0133871
0.533333 0.704 0.00512257
0.533333 0.708 0.00842264
0.533333 0.712 0.0144153
0.533333 0.716 0.0210331
0.533333 0.72 0.0113968
0.533333 0.724 0.0174298
0.533333 0.728 0.0110136
0.533333 0.732 0.0116972
0.533333 0.736 0.0190402
0.533333 0.74 0.00919097
0.533333 0.744 0.0167203
0.533333 0.748 0.00657961
0.533333 0.752 0.0132344
0.533333 0.756 0.00671602
0.533333 0.76 0.0069951
0.533333 0.764 0.00544555
0.533333 0.768 0.0122202
0.533333 0.772 0.00743497
0.533333 0.776 0.0129058
0.533333 0.78 0.00957986
0.533333 0.784 0.00158639
0.533333 0.788 0.00823892
0.533333 0.792 0.00448998
0.533333 0.796 0.00608355
0.533333 0.8 0.0128676
0.55 0 0.0925799
0.55 0.004 0.102414
0.55 0.008 0.114442
0.55 0.012 0.128102
0.55 0.016 0.128102
0.55 0.02 0.16138
0.55 0.024 0.186986
0.55 0.028 0.218163
0.55 0.032 0.246091
0.55 0.036 0.277798
0.55 0.04 0.2941
0.55 0.044 0.325908
0.55 0.048 0.339555
0.55 0.052 0.355193
0.55 0.056 0.351604
0.55 0.06 0.367391
0.55 0.064 0.361506
0.55 0.068 0.329304
0.55 0.072 0.295765
0.55 0.076 0.294212
0.55 0.08 0.262566
0.55 0.084 0.237592
0.55 0.088 0.23866
0.55 0.092 0.227364
0.55 0.096 0.195752
0.55 0.1 0.162086
0.55 0.104 0.152695
0.55 0.108 0.162212
0.55 0.112 0.173108
0.55 0.116 0.123405
0.55 0.12 0.167773
0.55 0.124 0.154235
0.55 0.128 0.103983
0.55 0.132 0.122126
0.55 0.136 0.129996
0.55 0.14 0.169981
0.55 0.144 0.121447
0.55 0.148 0.100802
0.55 0.152 0.117244
0.55 0.156 0.113611
0.55 0.16 0.0770668
0.55 0.164 0.0891391
0.55 0.168 0.0546634
0.55 0.172 0.0822409
0.55 0.176 0.0877486
0.55 0.18 0.106573
0.55 0.184 0.0753782
0.55 0.188 0.0565417
0.55 0.192 0.101042
0.55 0.196 0.0957466
0.55 0.2 0.0694786
0.55 0.204 0.0737282
0.55 0.208 0.0489578
0.55 0.212 0.0863595
0.55 0.216 0.0634394
0.55 0.22 0.0513846
0.55 0.224 0.049143
0.55 0.228 0.0286475
0.55 0.232 0.0637327
0.55 0.236 0.0116972
0.55 0.24 0.0480498
0.55 0.244 0.0315427
0.55 0.248 0.0174575
0.55 0.252 0.0545625
0.55 0.256 0.0535338
0.55 0.26 0.0134785
0.55 0.264 0.0572889
0.55 0.268 0.0293098
0.55 0.272 0.00591626
0.55 0.276 0.0658365
0.55 0.28 0.00953109
0.55 0.284 0.0589041
0.55 0.288 0.0107649
0.55 0.292 0.0383962
0.55 0.296 0.0426541
0.55 0.3 0.0394043
0.55 0.304 -0.0264745
0.55 0.308 0.00549393
0.55 0.312 0.0739832
0.55 0.316 0.0663151
0.55 0.32 0.0577199
0.55 0.324 0.0609364
0.55 0.328 0.0713747
0.55 0.332 0.0485617
0.55 0.336 0.0504679
0.55 0.34 0.0730797
0.55 0.344 0.00319317
0.55 0.348 0.0504026
0.55 0.352 0.0444989
0.55 0.356 0.0623343
0.55 0.36 0.0445343
0.55 0.364 0.0179609
0.55 0.368 0.0212752
0.55 0.372 0.017103
0.55 0.376 0.0340113
0.55 0.38 0.00922064
0.55 0.384 0.0115261
0.55 0.388 0.0293679
0.55 0.392 0.0223529
0.55 0.396 -0.00455501
0.55 0.4 0.0261427
0.55 0.404 0.0256391
0.55 0.408 0.012037
0.55 0.412 0.0230525
0.55 0.416 0.0260507
0.55 0.42 -0.00361045
0.55 0.424 0.0111537
0.55 0.428 0.0244368
0.55 0.432 0.0293014
0.55 0.436 0.0257325
0.55 0.44 0.0169503
0.55 0.444 0.0282429
0.55 0.448 0.0170708
0.55 0.452 0.0228402
0.55 0.456 0.0139606
0.55 0.46 0.0301043
0.55 0.464 0.0273912
0.55 0.468 0.0246109
0.55 0.472 0.0305124
0.55 0.476 0.0141323
0.55 0.48 0.0347761
0.55 0.484 0.0441857
0.55 0.488 0.0336405
0.55 0.492 0.0136638
0.55 0.496 0.0121153
0.55 0.5 0.0213709
0.55 0.504 0.0103014
0.55 0.508 0.0175427
0.55 0.512 0.0264315
0.55 0.516 0.0186802
0.55 0.52 0.0254024
0.55 0.524 0.0219206
0.55 0.528 0.00433603
0.55 0.532 0.00528988
0.55 0.536 0.0107665
0.55 0.54 0.0226645
0.55 0.544 0.0211905
0.55 0.548 0.0220809
0.55 0.552 -0.00199346
0.55 0.556 0.00730631
0.55 0.56 -0.00428803
0.55 0.564 0.00187353
0.55 0.568 -0.000952821
0.55 0.572 -0.00354582
0.55 0.576 -0.00416007
0.55 0.58 -0.000754468
0.55 0.584 0.0206588
0.55 0.588 0.0169763
0.55 0.592 0.0228649
0.55 0.596 0.0174019
0.55 0.6 -0.00464746
0.55 0.604 0.00411971
0.55 0.608 0.012012
0.55 0.612 0.0126805
0.55 0.616 0.0137778
0.55 0.62 0.0153595
0.55 0.624 0.0103748
0.55 0.628 0.00969453
0.55 0.632 0.0253923
0.55 0.636 0.00590641
0.55 0.64 0.0114691
0.55 0.644 0.0110065
0.55 0.648 0.00860056
0.55 0.652 0.0142805
0.55 0.656 0.0111461
0.55 0.66 0.00543731
0.55 0.664 0.0185066
0.55 0.668 0.0284869
0.55 0.672 0.00709104
0.55 0.676 0.0166645
0.55 0.68 0.00886987
0.55 0.684 0.0143809
0.55 0.688 0.0123054
0.55 0.692 0.010171
0.55 0.696 0.0145447
0.55 0.7 0.0176839
0.55 0.704 0.0133921
0.55 0.708 0.0122721
0.55 0.712 0.01083
0.55 0.716 0.0107998
0.55 0.72 0.00609771
0.55 0.724 0.0152385
0.55 0.728 0.0162735
0.55 0.732 0.00896105
0.55 0.736 0.0174095
0.55 0.74 0.0120149
0.55 0.744 0.0232233
0.55 0.748 0.00984792
0.55 0.752 0.00907726
0.55 0.756 0.00792651
0.55 0.76 0.0123158
0.55 0.764 0.008813
0.55 0.768 0.0120202
0.55 0.772 0.00433046
0.55 0.776 0.0118109
0.55 0.78 0.00732303
0.55 0.784 0.00586045
0.55 0.788 0.0121047
0.55 0.792 0.00626109
0.55 0.796 0.0121959
0.55 0.8 0.00774223
0.566667 0 0.0818651
0.566667 0.004 0.0907891
0.566667 0.008 0.100222
0.566667 0.012 0.112715
0.566667 0.016 0.112715
0.566667 0.02 0.138699
0.566667 0.024 0.160621
0.566667 0.028 0.190702
0.566667 0.032 0.213028
0.566667 0.036 0.240935
0.566667 0.04 0.262068
0.566667 0.044 0.29242
0.566667 0.048 0.308783
0.566667 0.052 0.326182
0.566667 0.056 0.333241
0.566667 0.06 0.338973
0.566667 0.064 0.359736
0.566667 0.068 0.328597
0.566667 0.072 0.289911
0.566667 0.076 0.290272
0.566667 0.08 0.263265
0.566667 0.084 0.241992
0.566667 0.088 0.233087
0.566667 0.092 0.223349
0.566667 0.096 0.190805
0.566667 0.1 0.186828
0.566667 0.104 0.154358
0.566667 0.108 0.171915
0.566667 0.112 0.156967
0.566667 0.116 0.141466
0.566667 0.12 0.166375
0.566667 0.124 0.12853
0.566667 0.128 0.116784
0.566667 0.132 0.107234
0.566667 0.136 0.129182
0.566667 0.14 0.164561
0.566667 0.144 0.119537
0.566667 0.148 0.132969
0.566667 0.152 0.138244
0.566667 0.156 0.124453
0.566667 0.16 0.0887522
0.566667 0.164 0.11629
0.566667 0.168 0.066845
0.566667 0.172 0.0818284
0.566667 0.176 0.0928039
0.566667 0.18 0.115061
0.566667 0.184 0.0812103
0.566667 0.188 0.058798
0.566667 0.192 0.111321
0.566667 0.196 0.0801743
0.566667 0.2 0.094245
0.566667 0.204 0.0902933
0.566667 0.208 0.0461187
0.566667 0.212 0.0986958
0.566667 0.216 0.0901342
0.566667 0.22 0.0472281
0.566667 0.224 0.0220309
0.566667 0.228 0.0721256
0.566667 0.232 0.0595769
0.566667 0.236 0.0735513
0.566667 0.24 0.054913
0.566667 0.244 0.0788378
0.566667 0.248 0.0380381
0.566667 0.252 0.0722901
0.566667 0.256 0.014458
0.566667 0.26 0.0080391
0.566667 0.264 0.0252623
0.566667 0.268 0.0256577
0.566667 0.272 -0.000267352
0.566667 0.276 -0.00686631
0.566667 0.28 -0.0174361
0.566667 0.284 0.00144483
0.566667 0.288 -0.000510278
0.566667 0.292 0.0440212
0.566667 0.296 0.0564926
0.566667 0.3 0.0524987
0.566667 0.304 0.016913
0.566667 0.308 -0.0173563
0.566667 0.312 0.0459703
0.566667 0.316 0.0604398
0.566667 0.32 0.0806707
0.566667 0.324 0.0536657
0.566667 0.328 0.0520959
0.566667 0.332 0.0115023
0.566667 0.336 0.0453669
0.566667 0.34 0.0633202
0.566667 0.344 0.0214574
0.566667 0.348 0.082712
0.566667 0.352 0.0542898
0.566667 0.356 0.0573605
0.566667 0.36 0.070206
0.566667 0.364 -0.000952672
0.566667 0.368 -0.0111058
0.566667 0.372 0.0116486
0.566667 0.376 0.0397037
0.566667 0.38 0.00602668
0.566667 0.384 0.00559106
0.566667 0.388 0.0243408
0.566667 0.392 0.0666222
0.566667 0.396 0.0285003
0.566667 0.4 0.0391726
0.566667 0.404 0.0274124
0.566667 0.408 0.00348272
0.566667 0.412 0.0389748
0.566667 0.416 0.0144183
0.566667 0.42 0.0259409
0.566667 0.424 0.0171702
0.566667 0.428 0.0236795
0.566667 0.432 0.0376067
0.566667 0.436 0.00573242
0.566667 0.44 0.0337961
0.566667 0.444 0.0260792
0.566667 0.448 0.0191985
0.566667 0.452 0.0221362
0.566667 0.456 0.0165874
0.566667 0.46 0.022795
0.566667 0.464 0.0342193
0.566667 0.468 0.0190914
0.566667 0.472 0.0342218
0.566667 0.476 0.0221653
0.566667 0.48 0.0105766
0.566667 0.484 0.0466893
0.566667 0.488 0.05408
0.566667 0.492 0.0228462
0.566667 0.496 0.00927879
0.566667 0.5 0.0413654
0.566667 0.504 0.0179837
0.566667 0.508 0.0165381
0.566667 0.512 0.0351261
0.566667 0.516 0.0190404
0.566667 0.52 0.0353086
0.566667 0.524 0.00424416
0.566667 0.528 0.0106812
0.566667 0.532 0.00187642
0.566667 0.536 0.0232167
0.566667 0.54 0.0229514
0.566667 0.544 0.0243412
0.566667 0.548 0.0140737
0.566667 0.552 0.00664898
0.566667 0.556 0.0119892
0.566667 0.56 0.00525744
0.566667 0.564 0.00441202
0.566667 0.568 0.00760406
0.566667 0.572 -0.00341009
0.566667 0.576 0.00150346
0.566667 0.58 0.00555687
0.566667 0.584 0.0144843
0.566667 0.588 0.0107336
0.566667 0.592 0.0388122
0.566667 0.596 0.0192915
0.566667 0.6 -0.00612538
0.566667 0.604 0.0132066
0.566667 0.608 0.00272562
0.566667 0.612 0.0165941
0.566667 0.616 0.0138137
0.566667 0.62 0.00886727
0.566667 0.624 0.00858132
0.566667 0.628 0.00128417
0.566667 0.632 0.0187767
0.566667 0.636 0.00129038
0.566667 0.64 0.0137723
0.566667 0.644 0.0087365
0.566667 0.648 0.0117877
0.566667 0.652 0.00749907
0.566667 0.656 0.0108214
0.566667 0.66 0.00675387
0.566667 0.664 0.0145221
0.566667 0.668 0.0118919
0.566667 0.672 0.00788578
0.566667 0.676 0.00713555
0.566667 0.68 0.00866233
0.566667 0.684 0.0145818
0.566667 0.688 0.00506413
0.566667 0.692 0.0144176
0.566667 0.696 0.0159017
0.566667 0.7 0.0181696
0.566667 0.704 0.0188967
0.566667 0.708 0.0104577
0.566667 0.712 0.00646168
0.566667 0.716 0.00647831
0.566667 0.72 0.00352834
0.566667 0.724 0.0135391
0.566667 0.728 0.0142577
0.566667 0.732 0.0141899
0.566667 0.736 0.0158263
0.566667 0.74 0.0155304
0.566667 0.744 0.0227393
0.566667 0.748 0.0121233
0.566667 0.752 0.00828579
0.566667 0.756 0.0117781
0.566667 0.76 0.0152294
0.566667 0.764 0.0123651
0.566667 0.768 0.0121608
0.566667 0.772 0.00318247
0.566667 0.776 0.00679197
0.566667 0.78 0.00887914
0.566667 0.784 0.012107
0.566667 0.788 0.0121905
0.566667 0.792 0.00931695
0.566667 0.796 0.0147379
0.566667 0.8 0.00658556
0.583333 0 0.0759295
0.583333 0.004 0.0837869
0.583333 0.008 0.0914796
0.583333 0.012 0.102537
0.583333 0.016 0.102537
0.583333 0.02 0.122127
0.583333 0.024 0.140094
0.583333 0.028 0.167603
0.583333 0.032 0.185601
0.583333 0.036 0.209838
0.583333 0.04 0.234128
0.583333 0.044 0.26029
0.583333 0.048 0.280574
0.583333 0.052 0.299674
0.583333 0.056 0.306514
0.583333 0.06 0.305625
0.583333 0.064 0.353418
0.583333 0.068 0.318713
0.583333 0.072 0.279358
0.583333 0.076 0.275132
0.583333 0.08 0.257742
0.583333 0.084 0.247477
0.583333 0.088 0.218765
0.583333 0.092 0.226751
0.583333 0.096 0.202416
0.583333 0.1 0.232469
0.583333 0.104 0.167384
0.583333 0.108 0.189898
0.583333 0.112 0.150429
0.583333 0.116 0.175753
0.583333 0.12 0.171532
0.583333 0.124 0.110481
0.583333 0.128 0.138156
0.583333 0.132 0.127289
0.583333 0.136 0.135994
0.583333 0.14 0.143165
0.583333 0.144 0.119467
0.583333 0.148 0.155598
0.583333 0.152 0.133602
0.583333 0.156 0.141088
0.583333 0.16 0.112628
0.583333 0.164 0.130888
0.583333 0.168 0.086818
0.583333 0.172 0.0932476
0.583333 0.176 0.101746
0.583333 0.18 0.099748
0.583333 0.184 0.0942579
0.583333 0.188 0.0672765
0.583333 0.192 0.107986
0.583333 0.196 0.0700883
0.583333 0.2 0.10081
0.583333 0.204 0.0851485
0.583333 0.208 0.0887233
0.583333 0.212 0.0835421
0.583333 0.216 0.106066
0.583333 0.22 0.0729186
0.583333 0.224 0.0560898
0.583333 0.228 0.0868747
0.583333 0.232 0.0674919
0.583333 0.236 0.120601
0.583333 0.24 0.0635534
0.583333 0.244 0.10224
0.583333 0.248 0.0763169
0.583333 0.252 0.0616183
0.583333 0.256 0.00434631
0.583333 0.26 0.00183042
0.583333 0.264 0.0364962
0.583333 0.268 0.0342507
0.583333 0.272 0.0345892
0.583333 0.276 0.0406328
0.583333 0.28 -0.0153161
0.583333 0.284 -0.0105125
0.583333 0.288 0.0220052
0.583333 0.292 0.046092
0.583333 0.296 0.0504996
0.583333 0.3 0.0644555
0.583333 0.304 0.0551227
0.583333 0.308 -0.02049
0.583333 0.312 0.00906156
0.583333 0.316 0.0316022
0.583333 0.32 0.0747762
0.583333 0.324 0.0381378
0.583333 0.328 0.00995074
0.583333 0.332 -0.023231
0.583333 0.336 0.0154374
0.583333 0.34 0.0453239
0.583333 0.344 0.0465356
0.583333 0.348 0.0726016
0.583333 0.352 0.0452832
0.583333 0.356 0.0224635
0.583333 0.36 0.0516288
0.583333 0.364 -0.0203627
0.583333 0.368 0.0113424
0.583333 0.372 0.0174263
0.583333 0.376 0.0308792
0.583333 0.38 -0.00117671
0.583333 0.384 0.0238837
0.583333 0.388 0.0119917
0.583333 0.392 0.0779913
0.583333 0.396 0.0570841
0.583333 0.4 0.0408392
0.583333 0.404 0.040064
0.583333 0.408 -0.00490777
0.583333 0.412 0.0415941
0.583333 0.416 0.00932344
0.583333 0.42 0.0536519
0.583333 0.424 0.0280105
0.583333 0.428 0.021025
0.583333 0.432 0.0401778
0.583333 0.436 0.00833334
0.583333 0.44 0.034932
0.583333 0.444 0.0284993
0.583333 0.448 0.0178118
0.583333 0.452 0.033229
0.583333 0.456 0.0255717
0.583333 0.46 0.0317127
0.583333 0.464 0.0371794
0.583333 0.468 0.0339303
0.583333 0.472 0.0430048
0.583333 0.476 0.0402325
0.583333 0.48 0.0115972
0.583333 0.484 0.0360219
0.583333 0.488 0.051595
0.583333 0.492 0.0340359
0.583333 0.496 0.0183024
0.583333 0.5 0.0373771
0.583333 0.504 0.0368906
0.583333 0.508 0.0194423
0.583333 0.512 0.0293061
0.583333 0.516 0.0290321
0.583333 0.52 0.024671
0.583333 0.524 -0.000481227
0.583333 0.528 0.0142603
0.583333 0.532 0.00958889
0.583333 0.536 0.0393177
0.583333 0.54 0.0200623
0.583333 0.544 0.0172722
0.583333 0.548 0.000935869
0.583333 0.552 0.0262154
0.583333 0.556 0.0229011
0.583333 0.56 0.0175654
0.583333 0.564 0.0103921
0.583333 0.568 0.0185267
0.583333 0.572 0.00960652
0.583333 0.576 0.00976587
0.583333 0.58 0.0107658
0.583333 0.584 0.0114885
0.583333 0.588 0.00756364
0.583333 0.592 0.0332266
0.583333 0.596 0.0163417
0.583333 0.6 0.00390372
0.583333 0.604 0.0218306
0.583333 0.608 0.000801793
0.583333 0.612 0.0162252
0.583333 0.616 0.0149373
0.583333 0.62 0.00768161
0.583333 0.624 0.00754815
0.583333 0.628 0.00710599
0.583333 0.632 0.00422352
0.583333 0.636 0.00527688
0.583333 0.64 0.0123739
0.583333 0.644 0.0138785
0.583333 0.648 0.0140369
0.583333 0.652 0.00158938
0.583333 0.656 0.0129547
0.583333 0.66 0.00801212
0.583333 0.664 0.00876219
0.583333 0.668 -0.00338102
0.583333 0.672 0.00744947
0.583333 0.676 -0.000741128
0.583333 0.68 0.0142535
0.583333 0.684 0.013174
0.583333 0.688 0.00105113
0.583333 0.692 0.0163994
0.583333 0.696 0.0166992
0.583333 0.7 0.0147005
0.583333 0.704 0.0182729
0.583333 0.708 0.00714117
0.583333 0.712 0.00415223
0.583333 0.716 0.0135869
0.583333 0.72 0.00780563
0.583333 0.724 0.0129277
0.583333 0.728 0.0106788
0.583333 0.732 0.0198777
0.583333 0.736 0.0165296
0.583333 0.74 0.0174422
0.583333 0.744 0.0164824
0.583333 0.748 0.0158611
0.583333 0.752 0.0108076
0.583333 0.756 0.0133907
0.583333 0.76 0.0144015
0.583333 0.764 0.0157557
0.583333 0.768 0.0121039
0.583333 0.772 0.00694713
0.583333 0.776 0.00165119
0.583333 0.78 0.0108599
0.583333 0.784 0.0140126
0.583333 0.788 0.00763708
0.583333 0.792 0.0104047
0.583333 0.796 0.0134984
0.583333 0.8 0.0110026
0.6 0 0.0683216
0.6 0.004 0.0747626
0.6 0.008 0.0820349
0.6 0.012 0.0914569
0.6 0.016 0.0914569
0.6 0.02 0.107132
0.6 0.024 0.121629
0.6 0.028 0.145941
0.6 0.032 0.161295
0.6 0.036 0.184545
0.6 0.04 0.206994
0.6 0.044 0.229209
0.6 0.048 0.252291
0.6 0.052 0.275596
0.6 0.056 0.275473
0.6 0.06 0.272743
0.6 0.064 0.332614
0.6 0.068 0.299273
0.6 0.072 0.264765
0.6 0.076 0.257001
0.6 0.08 0.248299
0.6 0.084 0.250564
0.6 0.088 0.219837
0.6 0.092 0.226248
0.6 0.096 0.218063
0.6 0.1 0.232255
0.6 0.104 0.187744
0.6 0.108 0.2066
0.6 0.112 0.175124
0.6 0.116 0.206218
0.6 0.12 0.178365
0.6 0.124 0.12718
0.6 0.128 0.157027
0.6 0.132 0.170052
0.6 0.136 0.154663
0.6 0.14 0.127905
0.6 0.144 0.125067
0.6 0.148 0.161095
0.6 0.152 0.110059
0.6 0.156 0.153555
0.6 0.16 0.108974
0.6 0.164 0.127465
0.6 0.168 0.11123
0.6 0.172 0.109922
0.6 0.176 0.112563
0.6 0.18 0.0893872
0.6 0.184 0.106005
0.6 0.188 0.0872442
0.6 0.192 0.0911194
0.6 0.196 0.0899685
0.6 0.2 0.0945665
0.6 0.204 0.0857807
0.6 0.208 0.153459
0.6 0.212 0.068458
0.6 0.216 0.103331
0.6 0.22 0.112132
0.6 0.224 0.106072
0.6 0.228 0.0675247
0.6 0.232 0.0839406
0.6 0.236 0.101015
0.6 0.24 0.0776417
0.6 0.244 0.0746937
0.6 0.248 0.09248
0.6 0.252 0.0334403
0.6 0.256 0.053267
0.6 0.26 0.0296014
0.6 0.264 0.0804898
0.6 0.268 0.0464588
0.6 0.272 0.0756276
0.6 0.276 0.112467
0.6 0.28 0.0142005
0.6 0.284 0.0496256
0.6 0.288 0.0646498
0.6 0.292 0.048981
0.6 0.296 0.0396439
0.6 0.3 0.0547672
0.6 0.304 0.0359111
0.6 0.308 0.0130275
0.6 0.312 0.00477189
0.6 0.316 0.0284072
0.6 0.32 0.0496059
0.6 0.324 0.043281
0.6 0.328 0.0139082
0.6 0.332 -0.0174309
0.6 0.336 0.00442583
0.6 0.34 0.0391761
0.6 0.344 0.0577331
0.6 0.348 0.0261139
0.6 0.352 0.0417296
0.6 0.356 0.0206205
0.6 0.36 0.0179663
0.6 0.364 -0.0177117
0.6 0.368 0.0574185
0.6 0.372 0.0279399
0.6 0.376 0.0211023
0.6 0.38 0.000374543
0.6 0.384 0.0496946
0.6 0.388 0.0061113
0.6 0.392 0.0485993
0.6 0.396 0.0460089
0.6 0.4 0.0272792
0.6 0.404 0.044342
0.6 0.408 0.00199358
0.6 0.412 0.0288366
0.6 0.416 0.0197094
0.6 0.42 0.042869
0.6 0.424 0.0208293
0.6 0.428 0.0284939
0.6 0.432 0.0239009
0.6 0.436 0.0263573
0.6 0.44 0.0253192
0.6 0.444 0.0332
0.6 0.448 0.0156816
0.6 0.452 0.0486787
0.6 0.456 0.0278768
0.6 0.46 0.0419953
0.6 0.464 0.0281541
0.6 0.468 0.0513745
0.6 0.472 0.0461782
0.6 0.476 0.0461735
0.6 0.48 0.03433
0.6 0.484 0.0276338
0.6 0.488 0.0334452
0.6 0.492 0.0300737
0.6 0.496 0.0300544
0.6 0.5 0.016421
0.6 0.504 0.0444455
0.6 0.508 0.0252577
0.6 0.512 0.0206459
0.6 0.516 0.0396407
0.6 0.52 0.0145292
0.6 0.524 0.00846631
0.6 0.528 0.0125366
0.6 0.532 0.0199821
0.6 0.536 0.0358942
0.6 0.54 0.0190855
0.6 0.544 0.0109138
0.6 0.548 0.000965511
0.6 0.552 0.0278204
0.6 0.556 0.0233599
0.6 0.56 0.0213508
0.6 0.564 0.0153103
0.6 0.568 0.021966
0.6 0.572 0.0146119
0.6 0.576 0.017728
0.6 0.58 0.0126649
0.6 0.584 0.0183364
0.6 0.588 0.0129914
0.6 0.592 0.0193089
0.6 0.596 0.0145268
0.6 0.6 0.0172399
0.6 0.604 0.0218376
0.6 0.608 0.0100855
0.6 0.612 0.012536
0.6 0.616 0.0160756
0.6 0.62 0.0144172
0.6 0.624 0.00942881
0.6 0.628 0.022831
0.6 0.632 0.00311761
0.6 0.636 0.0101421
0.6 0.64 0.0111108
0.6 0.644 0.0184582
0.6 0.648 0.0115838
0.6 0.652 0.00482639
0.6 0.656 0.0169564
0.6 0.66 0.0125184
0.6 0.664 0.00949322
0.6 0.668 0.00512426
0.6 0.672 0.00835366
0.6 0.676 0.00626507
0.6 0.68 0.022172
0.6 0.684 0.0116389
0.6 0.688 0.00254536
0.6 0.692 0.0153862
0.6 0.696 0.0136116
0.6 0.7 0.0132885
0.6 0.704 0.0137878
0.6 0.708 0.00801799
0.6 0.712 0.00663264
0.6 0.716 0.0210174
0.6 0.72 0.012182
0.6 0.724 0.0120537
0.6 0.728 0.0118908
0.6 0.732 0.0169256
0.6 0.736 0.0178758
0.6 0.74 0.0167538
0.6 0.744 0.0117089
0.6 0.748 0.0192586
0.6 0.752 0.0103246
0.6 0.756 0.0103978
0.6 0.76 0.0111269
0.6 0.764 0.0166879
0.6 0.768 0.0112894
0.6 0.772 0.0128097
0.6 0.776 0.00293444
0.6 0.78 0.00902187
0.6 0.784 0.0102531
0.6 0.788 0.00457455
0.6 0.792 0.0102011
0.6 0.796 0.0127547
0.6 0.8 0.0132899
0.616667 0 0.0582476
0.616667 0.004 0.0632035
0.616667 0.008 0.0705648
0.616667 0.012 0.0783155
0.616667 0.016 0.0783155
0.616667 0.02 0.0924856
0.616667 0.024 0.104112
0.616667 0.028 0.125516
0.616667 0.032 0.139186
0.616667 0.036 0.163589
0.616667 0.04 0.180527
0.616667 0.044 0.198722
0.616667 0.048 0.223183
0.616667 0.052 0.252908
0.616667 0.056 0.249124
0.616667 0.06 0.245808
0.616667 0.064 0.293826
0.616667 0.068 0.274456
0.616667 0.072 0.250283
0.616667 0.076 0.241581
0.616667 0.08 0.232657
0.616667 0.084 0.237201
0.616667 0.088 0.228869
0.616667 0.092 0.20764
0.616667 0.096 0.220054
0.616667 0.1 0.175641
0.616667 0.104 0.19909
0.616667 0.108 0.208358
0.616667 0.112 0.198772
0.616667 0.116 0.207094
0.616667 0.12 0.183647
0.616667 0.124 0.157401
0.616667 0.128 0.162618
0.616667 0.132 0.197757
0.616667 0.136 0.17314
0.616667 0.14 0.135871
0.616667 0.144 0.135332
0.616667 0.148 0.157644
0.616667 0.152 0.0960932
0.616667 0.156 0.154098
0.616667 0.16 0.0861079
0.616667 0.164 0.125376
0.616667 0.168 0.1307
0.616667 0.172 0.123664
0.616667 0.176 0.116529
0.616667 0.18 0.0986488
0.616667 0.184 0.110877
0.616667 0.188 0.114592
0.616667 0.192 0.0890034
0.616667 0.196 0.118569
0.616667 0.2 0.10561
0.616667 0.204 0.104239
0.616667 0.208 0.178484
0.616667 0.212 0.0743227
0.616667 0.216 0.105182
0.616667 0.22 0.12518
0.616667 0.224 0.111463
0.616667 0.228 0.0513519
0.616667 0.232 0.0978097
0.616667 0.236 0.0508592
0.616667 0.24 0.0869883
0.616667 0.244 0.0298814
0.616667 0.248 0.0712588
0.616667 0.252 0.0335058
0.616667 0.256 0.11459
0.616667 0.26 0.0604158
0.616667 0.264 0.103782
0.616667 0.268 0.0469337
0.616667 0.272 0.0822542
0.616667 0.276 0.0778957
0.616667 0.28 0.0500659
0.616667 0.284 0.104417
0.616667 0.288 0.0801947
0.616667 0.292 0.0521236
0.616667 0.296 0.0429412
0.616667 0.3 0.0341803
0.616667 0.304 -0.00687201
0.616667 0.308 0.0585966
0.616667 0.312 0.0272006
0.616667 0.316 0.0567278
0.616667 0.32 0.036316
0.616667 0.324 0.0589509
0.616667 0.328 0.0644101
0.616667 0.332 0.0157958
0.616667 0.336 0.0281245
0.616667 0.34 0.0482679
0.616667 0.344 0.0532129
0.616667 0.348 -0.00722668
0.616667 0.352 0.0527293
0.616667 0.356 0.0596662
0.616667 0.36 0.0122608
0.616667 0.364 0.0105217
0.616667 0.368 0.0719584
0.616667 0.372 0.0353341
0.616667 0.376 0.0302673
0.616667 0.38 0.00896101
0.616667 0.384 0.0597325
0.616667 0.388 0.0136175
0.616667 0.392 0.0165206
0.616667 0.396 0.00868619
0.616667 0.4 0.0248103
0.616667 0.404 0.0317781
0.616667 0.408 0.0210357
0.616667 0.412 0.0258834
0.616667 0.416 0.0316347
0.616667 0.42 0.00711411
0.616667 0.424 0.00677481
0.616667 0.428 0.0426005
0.616667 0.432 0.00264032
0.616667 0.436 0.0351845
0.616667 0.44 0.0238248
0.616667 0.444 0.0405678
0.616667 0.448 0.017264
0.616667 0.452 0.0560915
0.616667 0.456 0.0194361
0.616667 0.46 0.0412326
0.616667 0.464 0.0170128
0.616667 0.468 0.0505899
0.616667 0.472 0.0392356
0.616667 0.476 0.0325479
0.616667 0.48 0.0515126
0.616667 0.484 0.0318506
0.616667 0.488 0.0286112
0.616667 0.492 0.022203
0.616667 0.496 0.0350709
0.616667 0.5 0.0129766
0.616667 0.504 0.0386314
0.616667 0.508 0.0286504
0.616667 0.512 0.0255394
0.616667 0.516 0.0437743
0.616667 0.52 0.01944
0.616667 0.524 0.0227061
0.616667 0.528 0.0123367
0.616667 0.532 0.0221309
0.616667 0.536 0.0147356
0.616667 0.54 0.0196477
0.616667 0.544 0.0149871
0.616667 0.548 0.0143923
0.616667 0.552 0.0129212
0.616667 0.556 0.0129462
0.616667 0.56 0.0167262
0.616667 0.564 0.0166047
0.616667 0.568 0.0150935
0.616667 0.572 0.00772158
0.616667 0.576 0.0221239
0.616667 0.58 0.0141881
0.616667 0.584 0.0227565
0.616667 0.588 0.0238439
0.616667 0.592 0.0193
0.616667 0.596 0.015755
0.616667 0.6 0.0208383
0.616667 0.604 0.0167712
0.616667 0.608 0.0210021
0.616667 0.612 0.00929058
0.616667 0.616 0.0154
0.616667 0.62 0.0207723
0.616667 0.624 0.0105864
0.616667 0.628 0.0306548
0.616667 0.632 0.0165729
0.616667 0.636 0.0107913
0.616667 0.64 0.0123654
0.616667 0.644 0.0167016
0.616667 0.648 0.00747571
0.616667 0.652 0.0122267
0.616667 0.656 0.0178854
0.616667 0.66 0.0199378
0.616667 0.664 0.0161445
0.616667 0.668 0.0249599
0.616667 0.672 0.0116627
0.616667 0.676 0.0195052
0.616667 0.68 0.0255598
0.616667 0.684 0.0114228
0.616667 0.688 0.00845718
0.616667 0.692 0.0155772
0.616667 0.696 0.00826243
0.616667 0.7 0.0170643
0.616667 0.704 0.00980713
0.616667 0.708 0.0133321
0.616667 0.712 0.0128305
0.616667 0.716 0.018938
0.616667 0.72 0.0103884
0.616667 0.724 0.0119736
0.616667 0.728 0.0159553
0.616667 0.732 0.00934024
0.616667 0.736 0.018022
0.616667 0.74 0.0155746
0.616667 0.744 0.0134927
0.616667 0.748 0.0169328
0.616667 0.752 0.00635366
0.616667 0.756 0.0068918
0.616667 0.76 0.00767729
0.616667 0.764 0.0131069
0.616667 0.768 0.0104152
0.616667 0.772 0.0143972
0.616667 0.776 0.0101833
0.616667 0.78 0.00559705
0.616667 0.784 0.00569045
0.616667 0.788 0.00607774
0.616667 0.792 0.0116194
0.616667 0.796 0.0142211
0.616667 0.8 0.00927162
0.633333 0 0.0513176
0.633333 0.004 0.0552699
0.633333 0.008 0.0619417
0.633333 0.012 0.0680991
0.633333 0.016 0.0680991
0.633333 0.02 0.0815778
0.633333 0.024 0.0901483
0.633333 0.028 0.109417
0.633333 0.032 0.121023
0.633333 0.036 0.146248
0.633333 0.04 0.157467
0.633333 0.044 0.170632
0.633333 0.048 0.19538
0.633333 0.052 0.23103
0.633333 0.056 0.232516
0.633333 0.06 0.227234
0.633333 0.064 0.246276
0.633333 0.068 0.24958
0.633333 0.072 0.238276
0.633333 0.076 0.228463
0.633333 0.08 0.210088
0.633333 0.084 0.205774
0.633333 0.088 0.21899
0.633333 0.092 0.183124
0.633333 0.096 0.20983
0.633333 0.1 0.136712
0.633333 0.104 0.188647
0.633333 0.108 0.192826
0.633333 0.112 0.184885
0.633333 0.116 0.181893
0.633333 0.12 0.188476
0.633333 0.124 0.159133
0.633333 0.128 0.153318
0.633333 0.132 0.18991
0.633333 0.136 0.172627
0.633333 0.14 0.159193
0.633333 0.144 0.147567
0.633333 0.148 0.154684
0.633333 0.152 0.109564
0.633333 0.156 0.144423
0.633333 0.16 0.0873827
0.633333 0.164 0.138603
0.633333 0.168 0.132464
0.633333 0.172 0.130065
0.633333 0.176 0.109313
0.633333 0.18 0.110113
0.633333 0.184 0.115402
0.633333 0.188 0.138932
0.633333 0.192 0.118723
0.633333 0.196 0.122787
0.633333 0.2 0.141067
0.633333 0.204 0.115109
0.633333 0.208 0.152637
0.633333 0.212 0.0983166
0.633333 0.216 0.123179
0.633333 0.22 0.115987
0.633333 0.224 0.0860589
0.633333 0.228 0.0712211
0.633333 0.232 0.106593
0.633333 0.236 0.0594617
0.633333 0.24 0.0862454
0.633333 0.244 0.0259385
0.633333 0.248 0.0415718
0.633333 0.252 0.0802945
0.633333 0.256 0.115918
0.633333 0.26 0.0469123
0.633333 0.264 0.0821225
0.633333 0.268 0.0426596
0.633333 0.272 0.0618174
0.633333 0.276 0.0136849
0.633333 0.28 0.0710526
0.633333 0.284 0.0841971
0.633333 0.288 0.0518986
0.633333 0.292 0.0519944
0.633333 0.296 0.0590082
0.633333 0.3 0.0313597
0.633333 0.304 -0.000368308
0.633333 0.308 0.0682065
0.633333 0.312 0.0377795
0.633333 0.316 0.0760942
0.633333 0.32 0.0505481
0.633333 0.324 0.0546194
0.633333 0.328 0.0895704
0.633333 0.332 0.0386475
0.633333 0.336 0.0564328
0.633333 0.34 0.0604846
0.633333 0.344 0.0508113
0.633333 0.348 0.00810651
0.633333 0.352 0.058315
0.633333 0.356 0.0846561
0.633333 0.36 0.0413387
0.633333 0.364 0.0419604
0.633333 0.368 0.0563395
0.633333 0.372 0.0409564
0.633333 0.376 0.057181
0.633333 0.38 0.0153356
0.633333 0.384 0.0505875
0.633333 0.388 0.0296304
0.633333 0.392 0.0162528
0.633333 0.396 -0.00719678
0.633333 0.4 0.0457198
0.633333 0.404 0.0176026
0.633333 0.408 0.034117
0.633333 0.412 0.0407034
0.633333 0.416 0.0278175
0.633333 0.42 -0.00692645
0.633333 0.424 0.0164761
0.633333 0.428 0.0455745
0.633333 0.432 0.00611885
0.633333 0.436 0.0297456
0.633333 0.44 0.0337641
0.633333 0.444 0.048129
0.633333 0.448 0.0225636
0.633333 0.452 0.0502597
0.633333 0.456 0.013691
0.633333 0.46 0.0358898
0.633333 0.464 0.0203119
0.633333 0.468 0.0341535
0.633333 0.472 0.0291169
0.633333 0.476 0.015798
0.633333 0.48 0.0494256
0.633333 0.484 0.0414023
0.633333 0.488 0.0446659
0.633333 0.492 0.0245043
0.633333 0.496 0.0305713
0.633333 0.5 0.0324842
0.633333 0.504 0.0356758
0.633333 0.508 0.0243008
0.633333 0.512 0.0390067
0.633333 0.516 0.0374273
0.633333 0.52 0.0248533
0.633333 0.524 0.0322537
0.633333 0.528 0.0185776
0.633333 0.532 0.0168591
0.633333 0.536 0.00175506
0.633333 0.54 0.0193898
0.633333 0.544 0.0236959
0.633333 0.548 0.0240007
0.633333 0.552 0.00822518
0.633333 0.556 0.00814427
0.633333 0.56 0.0134408
0.633333 0.564 0.0149593
0.633333 0.568 0.00783497
0.633333 0.572 0.00524418
0.633333 0.576 0.0205364
0.633333 0.58 0.0180277
0.633333 0.584 0.0161774
0.633333 0.588 0.0284533
0.633333 0.592 0.0295785
0.633333 0.596 0.0161793
0.633333 0.6 0.011532
0.633333 0.604 0.0160403
0.633333 0.608 0.0236291
0.633333 0.612 0.00897433
0.633333 0.616 0.0141736
0.633333 0.62 0.0204261
0.633333 0.624 0.0102822
0.633333 0.628 0.0212695
0.633333 0.632 0.0235426
0.633333 0.636 0.0125534
0.633333 0.64 0.0142296
0.633333 0.644 0.0129244
0.633333 0.648 0.00772096
0.633333 0.652 0.0135119
0.633333 0.656 0.0138917
0.633333 0.66 0.0245284
0.633333 0.664 0.0207037
0.633333 0.668 0.0283191
0.633333 0.672 0.014947
0.633333 0.676 0.0203977
0.633333 0.68 0.0227331
0.633333 0.684 0.0120793
0.633333 0.688 0.0156289
0.633333 0.692 0.0179909
0.633333 0.696 0.0058342
0.633333 0.7 0.0211214
0.633333 0.704 0.00844001
0.633333 0.708 0.0180805
0.633333 0.712 0.0172835
0.633333 0.716 0.0132629
0.633333 0.72 0.0063245
0.633333 0.724 0.0142997
0.633333 0.728 0.0176385
0.633333 0.732 0.00871214
0.633333 0.736 0.018646
0.633333 0.74 0.0167442
0.633333 0.744 0.0188623
0.633333 0.748 0.00834483
0.633333 0.752 0.0064516
0.633333 0.756 0.00662655
0.633333 0.76 0.00595198
0.633333 0.764 0.00701939
0.633333 0.768 0.0107145
0.633333 0.772 0.0103586
0.633333 0.776 0.0158896
0.633333 0.78 0.00643596
0.633333 0.784 0.00526409
0.633333 0.788 0.00797519
0.633333 0.792 0.0140883
0.633333 0.796 0.0144615
0.633333 0.8 0.00481614
0.65 0 0.0485011
0.65 0.004 0.0522413
0.65 0.008 0.0572685
0.65 0.012 0.0622821
0.65 0.016 0.0622821
0.65 0.02 0.0750966
0.65 0.024 0.0800631
0.65 0.028 0.0981886
0.65 0.032 0.106726
0.65 0.036 0.130797
0.65 0.04 0.13811
0.65 0.044 0.146923
0.65 0.048 0.170351
0.65 0.052 0.208008
0.65 0.056 0.219649
0.65 0.06 0.213186
0.65 0.064 0.204205
0.65 0.068 0.226034
0.65 0.072 0.224563
0.65 0.076 0.212155
0.65 0.08 0.187125
0.65 0.084 0.175216
0.65 0.088 0.187671
0.65 0.092 0.172825
0.65 0.096 0.198808
0.65 0.1 0.163273
0.65 0.104 0.163736
0.65 0.108 0.172499
0.65 0.112 0.150705
0.65 0.116 0.162704
0.65 0.12 0.192518
0.65 0.124 0.128658
0.65 0.128 0.138802
0.65 0.132 0.157606
0.65 0.136 0.148309
0.65 0.14 0.173098
0.65 0.144 0.157032
0.65 0.148 0.150073
0.65 0.152 0.137591
0.65 0.156 0.133476
0.65 0.16 0.114901
0.65 0.164 0.154012
0.65 0.168 0.113722
0.65 0.172 0.129519
0.65 0.176 0.100578
0.65 0.18 0.112899
0.65 0.184 0.127244
0.65 0.188 0.14916
0.65 0.192 0.149746
0.65 0.196 0.117783
0.65 0.2 0.170052
0.65 0.204 0.106976
0.65 0.208 0.127105
0.65 0.212 0.12709
0.65 0.216 0.136992
0.65 0.22 0.125527
0.65 0.224 0.0848757
0.65 0.228 0.119898
0.65 0.232 0.117676
0.65 0.236 0.135493
0.65 0.24 0.0812185
0.65 0.244 0.0759347
0.65 0.248 0.0391146
0.65 0.252 0.127829
0.65 0.256 0.0575841
0.65 0.26 0.0133076
0.65 0.264 0.051403
0.65 0.268 0.0526576
0.65 0.272 0.0542332
0.65 0.276 0.0552236
0.65 0.28 0.0702549
0.65 0.284 0.0228857
0.65 0.288 0.0226858
0.65 0.292 0.051671
0.65 0.296 0.0708216
0.65 0.3 0.0554995
0.65 0.304 0.060475
0.65 0.308 0.0330463
0.65 0.312 0.0252438
0.65 0.316 0.0632932
0.65 0.32 0.0748104
0.65 0.324 0.0365724
0.65 0.328 0.0544654
0.65 0.332 0.0407699
0.65 0.336 0.0591462
0.65 0.34 0.066139
0.65 0.344 0.0591114
0.65 0.348 0.0520569
0.65 0.352 0.0462775
0.65 0.356 0.0657848
0.65 0.36 0.0720196
0.65 0.364 0.0492461
0.65 0.368 0.0507065
0.65 0.372 0.0454156
0.65 0.376 0.0779695
0.65 0.38 0.0167334
0.65 0.384 0.0409773
0.65 0.388 0.0430591
0.65 0.392 0.040609
0.65 0.396 0.0182419
0.65 0.4 0.0611511
0.65 0.404 0.0199976
0.65 0.408 0.0320061
0.65 0.412 0.0521527
0.65 0.416 0.0150362
0.65 0.42 0.0191946
0.65 0.424 0.0476341
0.65 0.428 0.0313725
0.65 0.432 0.0360746
0.65 0.436 0.0254608
0.65 0.44 0.0387203
0.65 0.444 0.048392
0.65 0.448 0.0277799
0.65 0.452 0.040931
0.65 0.456 0.0248141
0.65 0.46 0.0394123
0.65 0.464 0.037283
0.65 0.468 0.0225307
0.65 0.472 0.0250485
0.65 0.476 0.0162382
0.65 0.48 0.0400306
0.65 0.484 0.0463417
0.65 0.488 0.0581771
0.65 0.492 0.0317135
0.65 0.496 0.02197
0.65 0.5 0.0440323
0.65 0.504 0.043822
0.65 0.508 0.0165736
0.65 0.512 0.0431811
0.65 0.516 0.0228574
0.65 0.52 0.0175412
0.65 0.524 0.0305302
0.65 0.528 0.0257026
0.65 0.532 0.0138579
0.65 0.536 0.0118252
0.65 0.54 0.0193202
0.65 0.544 0.0262763
0.65 0.548 0.0209146
0.65 0.552 0.0234408
0.65 0.556 0.0177359
0.65 0.56 0.0170689
0.65 0.564 0.0134133
0.65 0.568 0.0106203
0.65 0.572 0.0145196
0.65 0.576 0.0145872
0.65 0.58 0.0219643
0.65 0.584 0.00990785
0.65 0.588 0.0211029
0.65 0.592 0.0308396
0.65 0.596 0.0137782
0.65 0.6 0.000301082
0.65 0.604 0.020576
0.65 0.608 0.0200287
0.65 0.612 0.0120381
0.65 0.616 0.0143345
0.65 0.62 0.0166304
0.65 0.624 0.0119451
0.65 0.628 0.00597561
0.65 0.632 0.0132323
0.65 0.636 0.019031
0.65 0.64 0.0141875
0.65 0.644 0.0139118
0.65 0.648 0.0126271
0.65 0.652 0.00798541
0.65 0.656 0.0098809
0.65 0.66 0.0203411
0.65 0.664 0.0183031
0.65 0.668 0.0129322
0.65 0.672 0.0157844
0.65 0.676 0.00680908
0.65 0.68 0.0182657
0.65 0.684 0.0125805
0.65 0.688 0.0195144
0.65 0.692 0.0174877
0.65 0.696 0.00881565
0.65 0.7 0.0201683
0.65 0.704 0.00943694
0.65 0.708 0.0179918
0.65 0.712 0.0158769
0.65 0.716 0.015008
0.65 0.72 0.00674514
0.65 0.724 0.016774
0.65 0.728 0.017383
0.65 0.732 0.016437
0.65 0.736 0.0219535
0.65 0.74 0.0197034
0.65 0.744 0.0207075
0.65 0.748 0.000741467
0.65 0.752 0.0132632
0.65 0.756 0.00702315
0.65 0.76 0.0068108
0.65 0.764 0.00360749
0.65 0.768 0.0116735
0.65 0.772 0.0065711
0.65 0.776 0.0154705
0.65 0.78 0.0121847
0.65 0.784 0.00882565
0.65 0.788 0.0068677
0.65 0.792 0.0140329
0.65 0.796 0.0103665
0.65 0.8 0.00543761
0.666667 0 0.0445811
0.666667 0.004 0.0485311
0.666667 0.008 0.0520375
0.666667 0.012 0.0566518
0.666667 0.016 0.0566518
0.666667 0.02 0.0693062
0.666667 0.024 0.0709363
0.666667 0.028 0.0887426
0.666667 0.032 0.0938245
0.666667 0.036 0.115278
0.666667 0.04 0.12011
0.666667 0.044 0.128788
0.666667 0.048 0.148572
0.666667 0.052 0.182459
0.666667 0.056 0.200073
0.666667 0.06 0.197639
0.666667 0.064 0.176061
0.666667 0.068 0.202924
0.666667 0.072 0.204312
0.666667 0.076 0.189096
0.666667 0.08 0.172159
0.666667 0.084 0.162765
0.666667 0.088 0.162045
0.666667 0.092 0.171478
0.666667 0.096 0.187668
0.666667 0.1 0.201546
0.666667 0.104 0.147044
0.666667 0.108 0.159421
0.666667 0.112 0.139912
0.666667 0.116 0.167544
0.666667 0.12 0.191485
0.666667 0.124 0.10641
0.666667 0.128 0.131015
0.666667 0.132 0.122952
0.666667 0.136 0.116489
0.666667 0.14 0.162946
0.666667 0.144 0.157792
0.666667 0.148 0.138006
0.666667 0.152 0.152683
0.666667 0.156 0.127851
0.666667 0.16 0.126112
0.666667 0.164 0.149382
0.666667 0.168 0.0891039
0.666667 0.172 0.127873
0.666667 0.176 0.106661
0.666667 0.18 0.120379
0.666667 0.184 0.143699
0.666667 0.188 0.142503
0.666667 0.192 0.138141
0.666667 0.196 0.143817
0.666667 0.2 0.167824
0.666667 0.204 0.110006
0.666667 0.208 0.141342
0.666667 0.212 0.151469
0.666667 0.216 0.131837
0.666667 0.22 0.158617
0.666667 0.224 0.113486
0.666667 0.228 0.161976
0.666667 0.232 0.130819
0.666667 0.236 0.180782
0.666667 0.24 0.0793421
0.666667 0.244 0.135017
0.666667 0.248 0.06641
0.666667 0.252 0.121569
0.666667 0.256 0.0157347
0.666667 0.26 0.0219579
0.666667 0.264 0.0570925
0.666667 0.268 0.0759928
0.666667 0.272 0.0755555
0.666667 0.276 0.140221
0.666667 0.28 0.0561158
0.666667 0.284 0.00205815
0.666667 0.288 0.0366619
0.666667 0.292 0.0583972
0.666667 0.296 0.0680718
0.666667 0.3 0.0859492
0.666667 0.304 0.105495
0.666667 0.308 0.00135167
0.666667 0.312 0.0193949
0.666667 0.316 0.0430529
0.666667 0.32 0.0794416
0.666667 0.324 0.043661
0.666667 0.328 0.0157366
0.666667 0.332 0.045061
0.666667 0.336 0.0443862
0.666667 0.34 0.0676688
0.666667 0.344 0.0642461
0.666667 0.348 0.0751898
0.666667 0.352 0.0392711
0.666667 0.356 0.0419589
0.666667 0.36 0.0772053
0.666667 0.364 0.0305173
0.666667 0.368 0.0663449
0.666667 0.372 0.0433993
0.666667 0.376 0.0752094
0.666667 0.38 0.0176427
0.666667 0.384 0.0485501
0.666667 0.388 0.0464962
0.666667 0.392 0.0572529
0.666667 0.396 0.0505759
0.666667 0.4 0.0456009
0.666667 0.404 0.0347921
0.666667 0.408 0.0263075
0.666667 0.412 0.0476978
0.666667 0.416 0.0166542
0.666667 0.42 0.054048
0.666667 0.424 0.0614807
0.666667 0.428 0.0179289
0.666667 0.432 0.0581981
0.666667 0.436 0.030571
0.666667 0.44 0.0297363
0.666667 0.444 0.0387229
0.666667 0.448 0.0326586
0.666667 0.452 0.0411091
0.666667 0.456 0.047253
0.666667 0.46 0.0525781
0.666667 0.464 0.0511143
0.666667 0.468 0.028817
0.666667 0.472 0.0290082
0.666667 0.476 0.0341514
0.666667 0.48 0.0386589
0.666667 0.484 0.0485742
0.666667 0.488 0.0494109
0.666667 0.492 0.0344997
0.666667 0.496 0.0198669
0.666667 0.5 0.0308794
0.666667 0.504 0.0534144
0.666667 0.508 0.0169566
0.666667 0.512 0.034888
0.666667 0.516 0.0118472
0.666667 0.52 0.0103916
0.666667 0.524 0.0200075
0.666667 0.528 0.0251143
0.666667 0.532 0.0182049
0.666667 0.536 0.0310561
0.666667 0.54 0.0213246
0.666667 0.544 0.0229134
0.666667 0.548 0.0164423
0.666667 0.552 0.0365384
0.666667 0.556 0.0312811
0.666667 0.56 0.021948
0.666667 0.564 0.0154698
0.666667 0.568 0.0192637
0.666667 0.572 0.0221387
0.666667 0.576 0.0105578
0.666667 0.58 0.0218656
0.666667 0.584 0.0172055
0.666667 0.588 0.0113637
0.666667 0.592 0.0206659
0.666667 0.596 0.0112251
0.666667 0.6 -3.52908e-05
0.666667 0.604 0.022474
0.666667 0.608 0.0188867
0.666667 0.612 0.0174979
0.666667 0.616 0.0145262
0.666667 0.62 0.0157792
0.666667 0.624 0.0155687
0.666667 0.628 0.00299576
0.666667 0.632 0.000454776
0.666667 0.636 0.0225072
0.666667 0.64 0.0132347
0.666667 0.644 0.01795
0.666667 0.648 0.0162921
0.666667 0.652 0.00486172
0.666667 0.656 0.0114612
0.666667 0.66 0.00898269
0.666667 0.664 0.0122318
0.666667 0.668 0.00297139
0.666667 0.672 0.0153403
0.666667 0.676 -0.00457087
0.666667 0.68 0.0162769
0.666667 0.684 0.0134884
0.666667 0.688 0.0171529
0.666667 0.692 0.0111926
0.666667 0.696 0.0135674
0.666667 0.7 0.0164915
0.666667 0.704 0.0122415
0.666667 0.708 0.0139095
0.666667 0.712 0.0110747
0.666667 0.716 0.0226465
0.666667 0.72 0.0108083
0.666667 0.724 0.015802
0.666667 0.728 0.0187616
0.666667 0.732 0.0215546
0.666667 0.736 0.0255849
0.666667 0.74 0.0207178
0.666667 0.744 0.0169843
0.666667 0.748 0.00130809
0.666667 0.752 0.0180779
0.666667 0.756 0.00466596
0.666667 0.76 0.00961119
0.666667 0.764 0.00549297
0.666667 0.768 0.0110574
0.666667 0.772 0.00780738
0.666667 0.776 0.0120472
0.666667 0.78 0.016807
0.666667 0.784 0.0124237
0.666667 0.788 0.00576427
0.666667 0.792 0.0107818
0.666667 0.796 0.00473439
0.666667 0.8 0.00704119
0.683333 0 0.0380898
0.683333 0.004 0.0419344
0.683333 0.008 0.0449391
0.683333 0.012 0.0494933
0.683333 0.016 0.0494933
0.683333 0.02 0.0623851
0.683333 0.024 0.0620993
0.683333 0.028 0.0795483
0.683333 0.032 0.0819306
0.683333 0.036 0.10075
0.683333 0.04 0.103558
0.683333 0.044 0.117604
0.683333 0.048 0.131858
0.683333 0.052 0.157318
0.683333 0.056 0.172014
0.683333 0.06 0.179132
0.683333 0.064 0.160646
0.683333 0.068 0.182421
0.683333 0.072 0.180677
0.683333 0.076 0.163894
0.683333 0.08 0.165179
0.683333 0.084 0.16359
0.683333 0.088 0.158142
0.683333 0.092 0.160141
0.683333 0.096 0.169295
0.683333 0.1 0.181716
0.683333 0.104 0.150199
0.683333 0.108 0.151435
0.683333 0.112 0.153712
0.683333 0.116 0.17523
0.683333 0.12 0.180179
0.683333 0.124 0.120752
0.683333 0.128 0.131621
0.683333 0.132 0.102292
0.683333 0.136 0.0990809
0.683333 0.14 0.13918
0.683333 0.144 0.14788
0.683333 0.148 0.123718
0.683333 0.152 0.143749
0.683333 0.156 0.126311
0.683333 0.16 0.110278
0.683333 0.164 0.124591
0.683333 0.168 0.0786834
0.683333 0.172 0.132145
0.683333 0.176 0.131338
0.683333 0.18 0.136117
0.683333 0.184 0.158647
0.683333 0.188 0.132879
0.683333 0.192 0.0945914
0.683333 0.196 0.191177
0.683333 0.2 0.151322
0.683333 0.204 0.143031
0.683333 0.208 0.182137
0.683333 0.212 0.164275
0.683333 0.216 0.128247
0.683333 0.22 0.17222
0.683333 0.224 0.129968
0.683333 0.228 0.169424
0.683333 0.232 0.131219
0.683333 0.236 0.135488
0.683333 0.24 0.0845893
0.683333 0.244 0.158525
0.683333 0.248 0.0981838
0.683333 0.252 0.0756926
0.683333 0.256 0.0430445
0.683333 0.26 0.0684068
0.683333 0.264 0.0949403
0.683333 0.268 0.0915248
0.683333 0.272 0.103021
0.683333 0.276 0.124465
0.683333 0.28 0.0436574
0.683333 0.284 0.0406945
0.683333 0.288 0.075757
0.683333 0.292 0.0723431
0.683333 0.296 0.0556688
0.683333 0.3 0.0992948
0.683333 0.304 0.0897065
0.683333 0.308 0.0145678
0.683333 0.312 0.0405179
0.683333 0.316 0.0454018
0.683333 0.32 0.0611833
0.683333 0.324 0.0810953
0.683333 0.328 0.036443
0.683333 0.332 0.0648252
0.683333 0.336 0.0378385
0.683333 0.34 0.0710386
0.683333 0.344 0.0539084
0.683333 0.348 0.0617431
0.683333 0.352 0.063615
0.683333 0.356 0.0558977
0.683333 0.36 0.0698827
0.683333 0.364 0.0138275
0.683333 0.368 0.0794413
0.683333 0.372 0.0375571
0.683333 0.376 0.0603739
0.683333 0.38 0.0211063
0.683333 0.384 0.0685194
0.683333 0.388 0.0424513
0.683333 0.392 0.0518305
0.683333 0.396 0.0478621
0.683333 0.4 0.0228183
0.683333 0.404 0.0417991
0.683333 0.408 0.0319536
0.683333 0.412 0.0416046
0.683333 0.416 0.037594
0.683333 0.42 0.0598541
0.683333 0.424 0.0389961
0.683333 0.428 0.0245831
0.683333 0.432 0.047898
0.683333 0.436 0.0366757
0.683333 0.44 0.0211999
0.683333 0.444 0.0284231
0.683333 0.448 0.0411664
0.683333 0.452 0.0485557
0.683333 0.456 0.0587954
0.683333 0.46 0.0626144
0.683333 0.464 0.0528792
0.683333 0.468 0.0468915
0.683333 0.472 0.0370551
0.683333 0.476 0.0495517
0.683333 0.48 0.0460009
0.683333 0.484 0.0534573
0.683333 0.488 0.0286832
0.683333 0.492 0.0365061
0.683333 0.496 0.0303357
0.683333 0.5 0.0160284
0.683333 0.504 0.0529676
0.683333 0.508 0.0268124
0.683333 0.512 0.0274046
0.683333 0.516 0.0150455
0.683333 0.52 0.0174439
0.683333 0.524 0.0122365
0.683333 0.528 0.018602
0.683333 0.532 0.0250714
0.683333 0.536 0.0383859
0.683333 0.54 0.0237397
0.683333 0.544 0.0218156
0.683333 0.548 0.022229
0.683333 0.552 0.026668
0.683333 0.556 0.0356196
0.683333 0.56 0.0199133
0.683333 0.564 0.0223901
0.683333 0.568 0.0204935
0.683333 0.572 0.0173566
0.683333 0.576 0.0139143
0.683333 0.58 0.0182612
0.683333 0.584 0.0301102
0.683333 0.588 0.0122854
0.683333 0.592 0.013513
0.683333 0.596 0.0106564
0.683333 0.6 0.0112903
0.683333 0.604 0.0186337
0.683333 0.608 0.0224941
0.683333 0.612 0.022537
0.683333 0.616 0.0123165
0.683333 0.62 0.0184746
0.683333 0.624 0.0164716
0.683333 0.628 0.0151199
0.683333 0.632 0.001481
0.683333 0.636 0.0157732
0.683333 0.64 0.0136491
0.683333 0.644 0.0173512
0.683333 0.648 0.0147855
0.683333 0.652 0.00969326
0.683333 0.656 0.017158
0.683333 0.66 0.000914473
0.683333 0.664 0.0086397
0.683333 0.668 0.011593
0.683333 0.672 0.016389
0.683333 0.676 -0.00138019
0.683333 0.68 0.0167497
0.683333 0.684 0.0157499
0.683333 0.688 0.0108941
0.683333 0.692 0.005158
0.683333 0.696 0.0145574
0.683333 0.7 0.0153041
0.683333 0.704 0.0159509
0.683333 0.708 0.0104616
0.683333 0.712 0.00869405
0.683333 0.716 0.0250855
0.683333 0.72 0.0133883
0.683333 0.724 0.0127417
0.683333 0.728 0.0199238
0.683333 0.732 0.017626
0.683333 0.736 0.024662
0.683333 0.74 0.0181326
0.683333 0.744 0.0131975
0.683333 0.748 0.00889659
0.683333 0.752 0.0135965
0.683333 0.756 0.00269616
0.683333 0.76 0.012387
0.683333 0.764 0.00958617
0.683333 0.768 0.00811556
0.683333 0.772 0.0111306
0.683333 0.776 0.00984667
0.683333 0.78 0.0158157
0.683333 0.784 0.0129706
0.683333 0.788 0.00775742
0.683333 0.792 0.00765725
0.683333 0.796 0.00347576
0.683333 0.8 0.00368778
0.7 0 0.033528
0.7 0.004 0.0366971
0.7 0.008 0.0399623
0.7 0.012 0.0440792
0.7 0.016 0.0440792
0.7 0.02 0.056459
0.7 0.024 0.0561714
0.7 0.028 0.0721175
0.7 0.032 0.0734008
0.7 0.036 0.0900198
0.7 0.04 0.0915245
0.7 0.044 0.113037
0.7 0.048 0.121567
0.7 0.052 0.137465
0.7 0.056 0.144218
0.7 0.06 0.160529
0.7 0.064 0.149703
0.7 0.068 0.168678
0.7 0.072 0.161726
0.7 0.076 0.145547
0.7 0.08 0.157285
0.7 0.084 0.160489
0.7 0.088 0.159452
0.7 0.092 0.140502
0.7 0.096 0.144978
0.7 0.1 0.125426
0.7 0.104 0.15689
0.7 0.108 0.138803
0.7 0.112 0.151286
0.7 0.116 0.15705
0.7 0.12 0.156101
0.7 0.124 0.148735
0.7 0.128 0.13085
0.7 0.132 0.104036
0.7 0.136 0.102001
0.7 0.14 0.124387
0.7 0.144 0.132302
0.7 0.148 0.118534
0.7 0.152 0.124671
0.7 0.156 0.123356
0.7 0.16 0.107597
0.7 0.164 0.102065
0.7 0.168 0.089178
0.7 0.172 0.141226
0.7 0.176 0.159041
0.7 0.18 0.140006
0.7 0.184 0.172112
0.7 0.188 0.140381
0.7 0.192 0.080738
0.7 0.196 0.205068
0.7 0.2 0.152009
0.7 0.204 0.174315
0.7 0.208 0.21619
0.7 0.212 0.159513
0.7 0.216 0.151779
0.7 0.22 0.149376
0.7 0.224 0.12368
0.7 0.228 0.147176
0.7 0.232 0.112542
0.7 0.236 0.0730536
0.7 0.24 0.09854
0.7 0.244 0.151719
0.7 0.248 0.113308
0.7 0.252 0.0557985
0.7 0.256 0.104695
0.7 0.26 0.0892575
0.7 0.264 0.122685
0.7 0.268 0.0871188
0.7 0.272 0.113744
0.7 0.276 0.0541314
0.7 0.28 0.0445185
0.7 0.284 0.0892116
0.7 0.288 0.0877664
0.7 0.292 0.0863565
0.7 0.296 0.0449136
0.7 0.3 0.0944011
0.7 0.304 0.0503905
0.7 0.308 0.0512828
0.7 0.312 0.065517
0.7 0.316 0.0666145
0.7 0.32 0.0535113
0.7 0.324 0.103538
0.7 0.328 0.0919822
0.7 0.332 0.0780484
0.7 0.336 0.0437427
0.7 0.34 0.0749325
0.7 0.344 0.0398984
0.7 0.348 0.0470854
0.7 0.352 0.103079
0.7 0.356 0.0881317
0.7 0.36 0.0786981
0.7 0.364 0.0238021
0.7 0.368 0.0769894
0.7 0.372 0.0420118
0.7 0.376 0.058568
0.7 0.38 0.0259828
0.7 0.384 0.0799473
0.7 0.388 0.0403151
0.7 0.392 0.043239
0.7 0.396 0.0167649
0.7 0.4 0.0315341
0.7 0.404 0.0323557
0.7 0.408 0.0445753
0.7 0.412 0.0459517
0.7 0.416 0.0549096
0.7 0.42 0.0381097
0.7 0.424 0.0103573
0.7 0.428 0.0459223
0.7 0.432 0.0233152
0.7 0.436 0.0358841
0.7 0.44 0.0296622
0.7 0.444 0.0287139
0.7 0.448 0.0524752
0.7 0.452 0.0495328
0.7 0.456 0.0450311
0.7 0.46 0.0591611
0.7 0.464 0.050776
0.7 0.468 0.0613882
0.7 0.472 0.0454446
0.7 0.476 0.0457062
0.7 0.48 0.0540431
0.7 0.484 0.0571597
0.7 0.488 0.020373
0.7 0.492 0.0417812
0.7 0.496 0.0459361
0.7 0.5 0.0251249
0.7 0.504 0.0437256
0.7 0.508 0.0321688
0.7 0.512 0.0279807
0.7 0.516 0.0276314
0.7 0.52 0.0269648
0.7 0.524 0.0160005
0.7 0.528 0.0171351
0.7 0.532 0.0269702
0.7 0.536 0.0314241
0.7 0.54 0.0246053
0.7 0.544 0.0261253
0.7 0.548 0.0309123
0.7 0.552 0.00503383
0.7 0.556 0.0322026
0.7 0.56 0.0124965
0.7 0.564 0.0310392
0.7 0.568 0.012279
0.7 0.572 0.00997385
0.7 0.576 0.0227091
0.7 0.58 0.0166317
0.7 0.584 0.0298681
0.7 0.588 0.0225915
0.7 0.592 0.0147514
0.7 0.596 0.0108678
0.7 0.6 0.0236175
0.7 0.604 0.0155795
0.7 0.608 0.0259823
0.7 0.612 0.0234726
0.7 0.616 0.0090509
0.7 0.62 0.0192628
0.7 0.624 0.013519
0.7 0.628 0.0270828
0.7 0.632 0.0110072
0.7 0.636 0.00683386
0.7 0.64 0.0145664
0.7 0.644 0.0107515
0.7 0.648 0.010937
0.7 0.652 0.0168382
0.7 0.656 0.0197693
0.7 0.66 0.00518729
0.7 0.664 0.00973795
0.7 0.668 0.0234452
0.7 0.672 0.0187399
0.7 0.676 0.0100086
0.7 0.68 0.018461
0.7 0.684 0.0178214
0.7 0.688 0.00674012
0.7 0.692 0.00734662
0.7 0.696 0.0111298
0.7 0.7 0.0162456
0.7 0.704 0.0182794
0.7 0.708 0.0111481
0.7 0.712 0.0104466
0.7 0.716 0.0192694
0.7 0.72 0.0136392
0.7 0.724 0.0125558
0.7 0.728 0.0156318
0.7 0.732 0.0121927
0.7 0.736 0.0191482
0.7 0.74 0.0153723
0.7 0.744 0.0145713
0.7 0.748 0.0158402
0.7 0.752 0.00619615
0.7 0.756 0.00636704
0.7 0.76 0.0131328
0.7 0.764 0.0110056
0.7 0.768 0.00542774
0.7 0.772 0.0111589
0.7 0.776 0.0082379
0.7 0.78 0.0123436
0.7 0.784 0.0107016
0.7 0.788 0.00971677
0.7 0.792 0.00660158
0.7 0.796 0.00762835
0.7 0.8 -0.00111706
0.716667 0 0.032605
0.716667 0.004 0.0350072
0.716667 0.008 0.0384349
0.716667 0.012 0.0417242
0.716667 0.016 0.0417242
0.716667 0.02 0.0524278
0.716667 0.024 0.0537919
0.716667 0.028 0.0667262
0.716667 0.032 0.0687633
0.716667 0.036 0.0827273
0.716667 0.04 0.0847447
0.716667 0.044 0.110132
0.716667 0.048 0.114627
0.716667 0.052 0.123504
0.716667 0.056 0.124872
0.716667 0.06 0.143719
0.716667 0.064 0.13408
0.716667 0.068 0.161103
0.716667 0.072 0.149508
0.716667 0.076 0.136648
0.716667 0.08 0.141392
0.716667 0.084 0.146572
0.716667 0.088 0.145683
0.716667 0.092 0.129589
0.716667 0.096 0.123924
0.716667 0.1 0.102606
0.716667 0.104 0.141794
0.716667 0.108 0.120115
0.716667 0.112 0.117651
0.716667 0.116 0.120918
0.716667 0.12 0.122775
0.716667 0.124 0.14642
0.716667 0.128 0.120867
0.716667 0.132 0.122105
0.716667 0.136 0.110606
0.716667 0.14 0.128271
0.716667 0.144 0.118935
0.716667 0.148 0.121031
0.716667 0.152 0.114083
0.716667 0.156 0.115211
0.716667 0.16 0.134943
0.716667 0.164 0.0979693
0.716667 0.168 0.110114
0.716667 0.172 0.144431
0.716667 0.176 0.171579
0.716667 0.18 0.126818
0.716667 0.184 0.18284
0.716667 0.188 0.165096
0.716667 0.192 0.124295
0.716667 0.196 0.170992
0.716667 0.2 0.171083
0.716667 0.204 0.173349
0.716667 0.208 0.224774
0.716667 0.212 0.144429
0.716667 0.216 0.191074
0.716667 0.22 0.131526
0.716667 0.224 0.130476
0.716667 0.228 0.130255
0.716667 0.232 0.0984124
0.716667 0.236 0.0863103
0.716667 0.24 0.117513
0.716667 0.244 0.14979
0.716667 0.248 0.111517
0.716667 0.252 0.0888796
0.716667 0.256 0.131344
0.716667 0.26 0.0745848
0.716667 0.264 0.119681
0.716667 0.268 0.0716088
0.716667 0.272 0.11421
0.716667 0.276 0.084284
0.716667 0.28 0.0618298
0.716667 0.284 0.110585
0.716667 0.288 0.062988
0.716667 0.292 0.0966355
0.716667 0.296 0.0449071
0.716667 0.3 0.086512
0.716667 0.304 0.0455485
0.716667 0.308 0.063778
0.716667 0.312 0.0642378
0.716667 0.316 0.0894564
0.716667 0.32 0.0866854
0.716667 0.324 0.0841735
0.716667 0.328 0.109672
0.716667 0.332 0.0589224
0.716667 0.336 0.0470539
0.716667 0.34 0.073557
0.716667 0.344 0.044058
0.716667 0.348 0.0644049
0.716667 0.352 0.111788
0.716667 0.356 0.0922179
0.716667 0.36 0.102387
0.716667 0.364 0.0496142
0.716667 0.368 0.0708137
0.716667 0.372 0.0598815
0.716667 0.376 0.0755876
0.716667 0.38 0.0313595
0.716667 0.384 0.07258
0.716667 0.388 0.0461694
0.716667 0.392 0.0566147
0.716667 0.396 0.00173031
0.716667 0.4 0.0630464
0.716667 0.404 0.0183612
0.716667 0.408 0.0466823
0.716667 0.412 0.0511743
0.716667 0.416 0.0509978
0.716667 0.42 0.0196307
0.716667 0.424 0.0119209
0.716667 0.428 0.059286
0.716667 0.432 0.0169852
0.716667 0.436 0.0318764
0.716667 0.44 0.0474664
0.716667 0.444 0.0383175
0.716667 0.448 0.05808
0.716667 0.452 0.041569
0.716667 0.456 0.0169916
0.716667 0.46 0.0462769
0.716667 0.464 0.0533785
0.716667 0.468 0.0626672
0.716667 0.472 0.051503
0.716667 0.476 0.0289225
0.716667 0.48 0.057148
0.716667 0.484 0.0532504
0.716667 0.488 0.0320961
0.716667 0.492 0.0418039
0.716667 0.496 0.0521071
0.716667 0.5 0.0480554
0.716667 0.504 0.0348793
0.716667 0.508 0.0239916
0.716667 0.512 0.0307438
0.716667 0.516 0.035649
0.716667 0.52 0.0219364
0.716667 0.524 0.0262104
0.716667 0.528 0.0252213
0.716667 0.532 0.0222651
0.716667 0.536 0.0230374
0.716667 0.54 0.0266376
0.716667 0.544 0.0316462
0.716667 0.548 0.0283285
0.716667 0.552 -0.000468566
0.716667 0.556 0.031477
0.716667 0.56 0.00984432
0.716667 0.564 0.0355522
0.716667 0.568 0.00856619
0.716667 0.572 0.0133437
0.716667 0.576 0.0286305
0.716667 0.58 0.0200757
0.716667 0.584 0.0157821
0.716667 0.588 0.0285938
0.716667 0.592 0.0161706
0.716667 0.596 0.0109743
0.716667 0.6 0.0271351
0.716667 0.604 0.0179171
0.716667 0.608 0.0273169
0.716667 0.612 0.0196674
0.716667 0.616 0.00860425
0.716667 0.62 0.0136319
0.716667 0.624 0.0121415
0.716667 0.628 0.0254076
0.716667 0.632 0.0147285
0.716667 0.636 0.0101132
0.716667 0.64 0.013464
0.716667 0.644 0.00644947
0.716667 0.648 0.0101186
0.716667 0.652 0.0177844
0.716667 0.656 0.0153787
0.716667 0.66 0.0172586
0.716667 0.664 0.0132324
0.716667 0.668 0.0207107
0.716667 0.672 0.0191613
0.716667 0.676 0.0162216
0.716667 0.68 0.0212466
0.716667 0.684 0.0167141
0.716667 0.688 0.00802981
0.716667 0.692 0.0163119
0.716667 0.696 0.0077706
0.716667 0.7 0.0157381
0.716667 0.704 0.0171205
0.716667 0.708 0.0149558
0.716667 0.712 0.0130086
0.716667 0.716 0.0144359
0.716667 0.72 0.0134186
0.716667 0.724 0.0158767
0.716667 0.728 0.00766373
0.716667 0.732 0.0146265
0.716667 0.736 0.0150812
0.716667 0.74 0.0167058
0.716667 0.744 0.0188169
0.716667 0.748 0.0167259
0.716667 0.752 0.00689153
0.716667 0.756 0.013548
0.716667 0.76 0.0112667
0.716667 0.764 0.00892218
0.716667 0.768 0.00612722
0.716667 0.772 0.00859086
0.716667 0.776 0.00571434
0.716667 0.78 0.0124607
0.716667 0.784 0.00808315
0.716667 0.788 0.0078124
0.716667 0.792 0.00591739
0.716667 0.796 0.0112713
0.716667 0.8 0.000651077
0.733333 0 0.0314751
0.733333 0.004 0.0335497
0.733333 0.008 0.0365518
0.733333 0.012 0.0392989
0.733333 0.016 0.0392989
0.733333 0.02 0.0482108
0.733333 0.024 0.0520612
0.733333 0.028 0.0611313
0.733333 0.032 0.0653127
0.733333 0.036 0.0753651
0.733333 0.04 0.0798036
0.733333 0.044 0.102587
0.733333 0.048 0.105579
0.733333 0.052 0.11148
0.733333 0.056 0.113581
0.733333 0.06 0.128126
0.733333 0.064 0.111328
0.733333 0.068 0.152891
0.733333 0.072 0.13779
0.733333 0.076 0.129231
0.733333 0.08 0.11981
0.733333 0.084 0.129337
0.733333 0.088 0.121435
0.733333 0.092 0.126579
0.733333 0.096 0.110084
0.733333 0.1 0.11784
0.733333 0.104 0.104489
0.733333 0.108 0.103551
0.733333 0.112 0.0882071
0.733333 0.116 0.102294
0.733333 0.12 0.0912069
0.733333 0.124 0.104839
0.733333 0.128 0.106968
0.733333 0.132 0.132037
0.733333 0.136 0.107149
0.733333 0.14 0.137518
0.733333 0.144 0.112435
0.733333 0.148 0.116008
0.733333 0.152 0.11395
0.733333 0.156 0.101771
0.733333 0.16 0.150592
0.733333 0.164 0.104417
0.733333 0.168 0.125713
0.733333 0.172 0.133723
0.733333 0.176 0.167305
0.733333 0.18 0.122792
0.733333 0.184 0.179938
0.733333 0.188 0.183438
0.733333 0.192 0.174074
0.733333 0.196 0.138255
0.733333 0.2 0.185294
0.733333 0.204 0.166753
0.733333 0.208 0.205183
0.733333 0.212 0.14066
0.733333 0.216 0.212005
0.733333 0.22 0.152252
0.733333 0.224 0.165052
0.733333 0.228 0.148153
0.733333 0.232 0.120426
0.733333 0.236 0.147009
0.733333 0.24 0.131868
0.733333 0.244 0.165869
0.733333 0.248 0.10726
0.733333 0.252 0.133639
0.733333 0.256 0.109409
0.733333 0.26 0.0866228
0.733333 0.264 0.110241
0.733333 0.268 0.0598443
0.733333 0.272 0.124979
0.733333 0.276 0.188833
0.733333 0.28 0.0904638
0.733333 0.284 0.115941
0.733333 0.288 0.0440306
0.733333 0.292 0.105434
0.733333 0.296 0.0595085
0.733333 0.3 0.0873414
0.733333 0.304 0.0768202
0.733333 0.308 0.0501765
0.733333 0.312 0.0489016
0.733333 0.316 0.11036
0.733333 0.32 0.140723
0.733333 0.324 0.0598887
0.733333 0.328 0.0776403
0.733333 0.332 0.0229005
0.733333 0.336 0.0433978
0.733333 0.34 0.0666176
0.733333 0.344 0.0703066
0.733333 0.348 0.0956414
0.733333 0.352 0.076358
0.733333 0.356 0.0692489
0.733333 0.36 0.11232
0.733333 0.364 0.0602876
0.733333 0.368 0.0726171
0.733333 0.372 0.0727906
0.733333 0.376 0.0921821
0.733333 0.38 0.0379017
0.733333 0.384 0.0597817
0.733333 0.388 0.0565285
0.733333 0.392 0.089165
0.733333 0.396 0.0257769
0.733333 0.4 0.0752477
0.733333 0.404 0.0139172
0.733333 0.408 0.0355937
0.733333 0.412 0.0486877
0.733333 0.416 0.0392266
0.733333 0.42 0.0220074
0.733333 0.424 0.0375587
0.733333 0.428 0.0536963
0.733333 0.432 0.0308749
0.733333 0.436 0.0311388
0.733333 0.44 0.0523231
0.733333 0.444 0.0463293
0.733333 0.448 0.0531942
0.733333 0.452 0.0386645
0.733333 0.456 0.00117866
0.733333 0.46 0.0382713
0.733333 0.464 0.0564217
0.733333 0.468 0.0533781
0.733333 0.472 0.0519016
0.733333 0.476 0.0203783
0.733333 0.48 0.0542345
0.733333 0.484 0.0456359
0.733333 0.488 0.0494298
0.733333 0.492 0.0316851
0.733333 0.496 0.0454299
0.733333 0.5 0.0562763
0.733333 0.504 0.0324973
0.733333 0.508 0.0142665
0.733333 0.512 0.0319156
0.733333 0.516 0.0357281
0.733333 0.52 0.0101896
0.733333 0.524 0.0308147
0.733333 0.528 0.0339713
0.733333 0.532 0.0159927
0.733333 0.536 0.0217325
0.733333 0.54 0.0325322
0.733333 0.544 0.0342497
0.733333 0.548 0.0171827
0.733333 0.552 0.0165623
0.733333 0.556 0.0367262
0.733333 0.56 0.0175503
0.733333 0.564 0.0329772
0.733333 0.568 0.0195357
0.733333 0.572 0.0219931
0.733333 0.576 0.0257397
0.733333 0.58 0.0245009
0.733333 0.584 0.00684427
0.733333 0.588 0.0230604
0.733333 0.592 0.0150341
0.733333 0.596 0.0125071
0.733333 0.6 0.0216204
0.733333 0.604 0.0207803
0.733333 0.608 0.0296928
0.733333 0.612 0.0156053
0.733333 0.616 0.0116204
0.733333 0.62 0.00459749
0.733333 0.624 0.016038
0.733333 0.628 0.0146272
0.733333 0.632 0.0123363
0.733333 0.636 0.0247821
0.733333 0.64 0.0112403
0.733333 0.644 0.0110447
0.733333 0.648 0.0142255
0.733333 0.652 0.0125809
0.733333 0.656 0.00825463
0.733333 0.66 0.0223819
0.733333 0.664 0.0160835
0.733333 0.668 0.00932631
0.733333 0.672 0.0161019
0.733333 0.676 0.0140939
0.733333 0.68 0.0241376
0.733333 0.684 0.0124476
0.733333 0.688 0.0128422
0.733333 0.692 0.0225362
0.733333 0.696 0.00767841
0.733333 0.7 0.0149431
0.733333 0.704 0.0133724
0.733333 0.708 0.0178777
0.733333 0.712 0.0139864
0.733333 0.716 0.0175671
0.733333 0.72 0.0115134
0.733333 0.724 0.0175852
0.733333 0.728 0.00486588
0.733333 0.732 0.0220535
0.733333 0.736 0.0167439
0.733333 0.74 0.0214607
0.733333 0.744 0.0198528
0.733333 0.748 0.013281
0.733333 0.752 0.0145668
0.733333 0.756 0.0166854
0.733333 0.76 0.00795098
0.733333 0.764 0.00684909
0.733333 0.768 0.00995869
0.733333 0.772 0.00808409
0.733333 0.776 0.00513889
0.733333 0.78 0.016529
0.733333 0.784 0.00732636
0.733333 0.788 0.0051438
0.733333 0.792 0.00475317
0.733333 0.796 0.00892318
0.733333 0.8 0.00825038
0.75 0 0.0281778
0.75 0.004 0.0303627
0.75 0.008 0.0324936
0.75 0.012 0.035303
0.75 0.016 0.035303
0.75 0.02 0.0432642
0.75 0.024 0.0491632
0.75 0.028 0.0545373
0.75 0.032 0.0611511
0.75 0.036 0.0667149
0.75 0.04 0.0738914
0.75 0.044 0.0900259
0.75 0.048 0.0931634
0.75 0.052 0.0988462
0.75 0.056 0.105207
0.75 0.06 0.113129
0.75 0.064 0.0883494
0.75 0.068 0.137609
0.75 0.072 0.120877
0.75 0.076 0.112827
0.75 0.08 0.0992775
0.75 0.084 0.116113
0.75 0.088 0.10138
0.75 0.092 0.113371
0.75 0.096 0.10026
0.75 0.1 0.114872
0.75 0.104 0.0722461
0.75 0.108 0.0936359
0.75 0.112 0.0913426
0.75 0.116 0.113668
0.75 0.12 0.0734078
0.75 0.124 0.0590875
0.75 0.128 0.100745
0.75 0.132 0.112978
0.75 0.136 0.0908681
0.75 0.14 0.129734
0.75 0.144 0.112318
0.75 0.148 0.0961595
0.75 0.152 0.110576
0.75 0.156 0.0859413
0.75 0.16 0.123295
0.75 0.164 0.103162
0.75 0.168 0.126488
0.75 0.172 0.114144
0.75 0.176 0.157631
0.75 0.18 0.14128
0.75 0.184 0.156368
0.75 0.188 0.180681
0.75 0.192 0.168825
0.75 0.196 0.141931
0.75 0.2 0.186623
0.75 0.204 0.194831
0.75 0.208 0.171431
0.75 0.212 0.159795
0.75 0.216 0.205765
0.75 0.22 0.185913
0.75 0.224 0.193122
0.75 0.228 0.187224
0.75 0.232 0.173576
0.75 0.236 0.166046
0.75 0.24 0.135178
0.75 0.244 0.18151
0.75 0.248 0.115598
0.75 0.252 0.149355
0.75 0.256 0.0889176
0.75 0.26 0.144738
0.75 0.264 0.125529
0.75 0.268 0.0610937
0.75 0.272 0.151694
0.75 0.276 0.198718
0.75 0.28 0.120229
0.75 0.284 0.122192
0.75 0.288 0.0610796
0.75 0.292 0.113919
0.75 0.296 0.0847629
0.75 0.3 0.0987668
0.75 0.304 0.103394
0.75 0.308 0.0514735
0.75 0.312 0.0583425
0.75 0.316 0.123819
0.75 0.32 0.160224
0.75 0.324 0.0757752
0.75 0.328 0.0580143
0.75 0.332 0.0167809
0.75 0.336 0.0459461
0.75 0.34 0.0617269
0.75 0.344 0.101544
0.75 0.348 0.0998324
0.75 0.352 0.0407019
0.75 0.356 0.063829
0.75 0.36 0.0986822
0.75 0.364 0.0497119
0.75 0.368 0.0846449
0.75 0.372 0.0687813
0.75 0.376 0.0918744
0.75 0.38 0.0448249
0.75 0.384 0.0601668
0.75 0.388 0.0641707
0.75 0.392 0.109676
0.75 0.396 0.0650503
0.75 0.4 0.0609951
0.75 0.404 0.0198808
0.75 0.408 0.0317118
0.75 0.412 0.0493686
0.75 0.416 0.0419269
0.75 0.42 0.0343953
0.75 0.424 0.0546705
0.75 0.428 0.0398226
0.75 0.432 0.0406003
0.75 0.436 0.0341949
0.75 0.44 0.0393186
0.75 0.444 0.0480894
0.75 0.448 0.0454609
0.75 0.452 0.0485646
0.75 0.456 0.0122344
0.75 0.46 0.044613
0.75 0.464 0.0532282
0.75 0.468 0.0453587
0.75 0.472 0.0459964
0.75 0.476 0.0297777
0.75 0.48 0.0488446
0.75 0.484 0.0436254
0.75 0.488 0.055889
0.75 0.492 0.0259142
0.75 0.496 0.0387575
0.75 0.5 0.0441048
0.75 0.504 0.0375481
0.75 0.508 0.0195598
0.75 0.512 0.0355088
0.75 0.516 0.0368634
0.75 0.52 0.0104116
0.75 0.524 0.0275593
0.75 0.528 0.0338052
0.75 0.532 0.0143143
0.75 0.536 0.025378
0.75 0.54 0.0369358
0.75 0.544 0.0332294
0.75 0.548 0.0137454
0.75 0.552 0.0341224
0.75 0.556 0.0412687
0.75 0.56 0.0288265
0.75 0.564 0.0269581
0.75 0.568 0.0359002
0.75 0.572 0.0210577
0.75 0.576 0.0166783
0.75 0.58 0.023881
0.75 0.584 0.0135368
0.75 0.588 0.0141931
0.75 0.592 0.0178914
0.75 0.596 0.016449
0.75 0.6 0.014121
0.75 0.604 0.0193488
0.75 0.608 0.0331961
0.75 0.612 0.016433
0.75 0.616 0.0146046
0.75 0.62 0.00165123
0.75 0.624 0.0209878
0.75 0.628 0.00979893
0.75 0.632 0.0138074
0.75 0.636 0.0334478
0.75 0.64 0.0118984
0.75 0.644 0.019654
0.75 0.648 0.020482
0.75 0.652 0.00874867
0.75 0.656 0.0055534
0.75 0.66 0.0143274
0.75 0.664 0.0171663
0.75 0.668 0.00671789
0.75 0.672 0.0121972
0.75 0.676 0.0105236
0.75 0.68 0.0248879
0.75 0.684 0.00903912
0.75 0.688 0.0175785
0.75 0.692 0.0206288
0.75 0.696 0.00907739
0.75 0.7 0.0181016
0.75 0.704 0.0104348
0.75 0.708 0.0176635
0.75 0.712 0.0147151
0.75 0.716 0.0234279
0.75 0.72 0.00690593
0.75 0.724 0.0148392
0.75 0.728 0.0103665
0.75 0.732 0.0245786
0.75 0.736 0.0210757
0.75 0.74 0.0251191
0.75 0.744 0.0167493
0.75 0.748 0.0107893
0.75 0.752 0.0182197
0.75 0.756 0.0137779
0.75 0.76 0.00523162
0.75 0.764 0.00778951
0.75 0.768 0.0135552
0.75 0.772 0.00945357
0.75 0.776 0.00954802
0.75 0.78 0.0186536
0.75 0.784 0.00853717
0.75 0.788 0.00727291
0.75 0.792 0.00566308
0.75 0.796 0.00282391
0.75 0.8 0.012651
0.766667 0 0.0256127
0.766667 0.004 0.0280328
0.766667 0.008 0.0293342
0.766667 0.012 0.0323732
0.766667 0.016 0.0323732
0.766667 0.02 0.0399339
0.766667 0.024 0.0463453
0.766667 0.028 0.0489691
0.766667 0.032 0.0572608
0.766667 0.036 0.0596401
0.766667 0.04 0.0680483
0.766667 0.044 0.0784801
0.766667 0.048 0.0814792
0.766667 0.052 0.0872096
0.766667 0.056 0.096919
0.766667 0.06 0.098127
0.766667 0.064 0.0740768
0.766667 0.068 0.114593
0.766667 0.072 0.0996884
0.766667 0.076 0.0849727
0.766667 0.08 0.0822655
0.766667 0.084 0.104753
0.766667 0.088 0.0847571
0.766667 0.092 0.0868223
0.766667 0.096 0.0921559
0.766667 0.1 0.0780034
0.766667 0.104 0.0659905
0.766667 0.108 0.0860272
0.766667 0.112 0.103282
0.766667 0.116 0.126483
0.766667 0.12 0.0707413
0.766667 0.124 0.0455676
0.766667 0.128 0.103635
0.766667 0.132 0.0757333
0.766667 0.136 0.0772257
0.766667 0.14 0.0964242
0.766667 0.144 0.113839
0.766667 0.148 0.0731156
0.766667 0.152 0.0926324
0.766667 0.156 0.0730489
0.766667 0.16 0.0856503
0.766667 0.164 0.0881793
0.766667 0.168 0.11299
0.766667 0.172 0.0974155
0.766667 0.176 0.148193
0.766667 0.18 0.156541
0.766667 0.184 0.126745
0.766667 0.188 0.171983
0.766667 0.192 0.123123
0.766667 0.196 0.157216
0.766667 0.2 0.189073
0.766667 0.204 0.237467
0.766667 0.208 0.153902
0.766667 0.212 0.184998
0.766667 0.216 0.197514
0.766667 0.22 0.196125
0.766667 0.224 0.18738
0.766667 0.228 0.203421
0.766667 0.232 0.214178
0.766667 0.236 0.141956
0.766667 0.24 0.13039
0.766667 0.244 0.183333
0.766667 0.248 0.137567
0.766667 0.252 0.14994
0.766667 0.256 0.108176
0.766667 0.26 0.177965
0.766667 0.264 0.161764
0.766667 0.268 0.0782883
0.766667 0.272 0.179036
0.766667 0.276 0.103927
0.766667 0.28 0.141084
0.766667 0.284 0.120685
0.766667 0.288 0.0964842
0.766667 0.292 0.122443
0.766667 0.296 0.110341
0.766667 0.3 0.118626
0.766667 0.304 0.104665
0.766667 0.308 0.0846569
0.766667 0.312 0.0994105
0.766667 0.316 0.109976
0.766667 0.32 0.126181
0.766667 0.324 0.117484
0.766667 0.328 0.0922104
0.766667 0.332 0.0594875
0.766667 0.336 0.065349
0.766667 0.34 0.0682696
0.766667 0.344 0.118682
0.766667 0.348 0.0785139
0.766667 0.352 0.0544815
0.766667 0.356 0.0950015
0.766667 0.36 0.0870059
0.766667 0.364 0.0458276
0.766667 0.368 0.10831
0.766667 0.372 0.0657114
0.766667 0.376 0.0822506
0.766667 0.38 0.0504096
0.766667 0.384 0.0738345
0.766667 0.388 0.0683816
0.766667 0.392 0.0944947
0.766667 0.396 0.0848159
0.766667 0.4 0.0558214
0.766667 0.404 0.0301664
0.766667 0.408 0.0516503
0.766667 0.412 0.0634154
0.766667 0.416 0.055793
0.766667 0.42 0.0409704
0.766667 0.424 0.0519395
0.766667 0.428 0.0326378
0.766667 0.432 0.0353801
0.766667 0.436 0.0386653
0.766667 0.44 0.0276464
0.766667 0.444 0.0497891
0.766667 0.448 0.0449457
0.766667 0.452 0.0591945
0.766667 0.456 0.0382675
0.766667 0.46 0.058995
0.766667 0.464 0.0487708
0.766667 0.468 0.0490169
0.766667 0.472 0.0402418
0.766667 0.476 0.0446095
0.766667 0.48 0.0480317
0.766667 0.484 0.0471685
0.766667 0.488 0.0497584
0.766667 0.492 0.0387148
0.766667 0.496 0.0432524
0.766667 0.5 0.032478
0.766667 0.504 0.0484053
0.766667 0.508 0.0354385
0.766667 0.512 0.0409415
0.766667 0.516 0.0428975
0.766667 0.52 0.0207523
0.766667 0.524 0.0254536
0.766667 0.528 0.0274445
0.766667 0.532 0.0184932
0.766667 0.536 0.0297205
0.766667 0.54 0.0313052
0.766667 0.544 0.0299577
0.766667 0.548 0.0229565
0.766667 0.552 0.0333853
0.766667 0.556 0.0393894
0.766667 0.56 0.0326101
0.766667 0.564 0.0241779
0.766667 0.568 0.0407777
0.766667 0.572 0.0113081
0.766667 0.576 0.00916686
0.766667 0.58 0.0188507
0.766667 0.584 0.0240385
0.766667 0.588 0.0138987
0.766667 0.592 0.0248438
0.766667 0.596 0.0217665
0.766667 0.6 0.0111603
0.766667 0.604 0.0183818
0.766667 0.608 0.0326936
0.766667 0.612 0.0214572
0.766667 0.616 0.0150833
0.766667 0.62 0.0103153
0.766667 0.624 0.0209406
0.766667 0.628 0.0169348
0.766667 0.632 0.0206474
0.766667 0.636 0.0251276
0.766667 0.64 0.0169403
0.766667 0.644 0.0223399
0.766667 0.648 0.0237374
0.766667 0.652 0.0105792
0.766667 0.656 0.00906165
0.766667 0.66 0.00492527
0.766667 0.664 0.0172015
0.766667 0.668 0.0145928
0.766667 0.672 0.0108178
0.766667 0.676 0.0108725
0.766667 0.68 0.0233193
0.766667 0.684 0.00990025
0.766667 0.688 0.0199026
0.766667 0.692 0.0147842
0.766667 0.696 0.0093412
0.766667 0.7 0.0239304
0.766667 0.704 0.0105095
0.766667 0.708 0.0161492
0.766667 0.712 0.0163223
0.766667 0.716 0.0234183
0.766667 0.72 0.004397
0.766667 0.724 0.0116282
0.766667 0.728 0.0163542
0.766667 0.732 0.0200225
0.766667 0.736 0.0225882
0.766667 0.74 0.0254751
0.766667 0.744 0.0144527
0.766667 0.748 0.0115449
0.766667 0.752 0.0142366
0.766667 0.756 0.0105321
0.766667 0.76 0.00478954
0.766667 0.764 0.0109661
0.766667 0.768 0.0143965
0.766667 0.772 0.00786279
0.766667 0.776 0.0152028
0.766667 0.78 0.0146808
0.766667 0.784 0.00965477
0.766667 0.788 0.0125434
0.766667 0.792 0.00999421
0.766667 0.796 0.000208401
0.766667 0.8 0.00996445
0.783333 0 0.0253609
0.783333 0.004 0.0279318
0.783333 0.008 0.0289158
0.783333 0.012 0.0319065
0.783333 0.016 0.0319065
0.783333 0.02 0.0389014
0.783333 0.024 0.0443303
0.783333 0.028 0.0455522
0.783333 0.032 0.0545952
0.783333 0.036 0.0564274
0.783333 0.04 0.0642619
0.783333 0.044 0.0723907
0.783333 0.048 0.0740107
0.783333 0.052 0.0788343
0.783333 0.056 0.0890732
0.783333 0.06 0.0809275
0.783333 0.064 0.0692866
0.783333 0.068 0.0873501
0.783333 0.072 0.0784291
0.783333 0.076 0.0530212
0.783333 0.08 0.0671771
0.783333 0.084 0.0895259
0.783333 0.088 0.0643102
0.783333 0.092 0.0636381
0.783333 0.096 0.0841911
0.783333 0.1 0.0522811
0.783333 0.104 0.0756962
0.783333 0.108 0.077526
0.783333 0.112 0.0868494
0.783333 0.116 0.111985
0.783333 0.12 0.0719739
0.783333 0.124 0.0639349
0.783333 0.128 0.103548
0.783333 0.132 0.0519783
0.783333 0.136 0.0767918
0.783333 0.14 0.0525984
0.783333 0.144 0.10954
0.783333 0.148 0.0597723
0.783333 0.152 0.0645614
0.783333 0.156 0.06825
0.783333 0.16 0.0786381
0.783333 0.164 0.0688484
0.783333 0.168 0.0949575
0.783333 0.172 0.0884264
0.783333 0.176 0.13327
0.783333 0.18 0.14829
0.783333 0.184 0.116241
0.783333 0.188 0.175217
0.783333 0.192 0.103187
0.783333 0.196 0.157387
0.783333 0.2 0.19732
0.783333 0.204 0.238383
0.783333 0.208 0.169916
0.783333 0.212 0.190504
0.783333 0.216 0.205592
0.783333 0.22 0.19463
0.783333 0.224 0.166333
0.783333 0.228 0.180281
0.783333 0.232 0.21034
0.783333 0.236 0.144298
0.783333 0.24 0.123203
0.783333 0.244 0.183337
0.783333 0.248 0.154028
0.783333 0.252 0.163597
0.783333 0.256 0.142963
0.783333 0.26 0.139594
0.783333 0.264 0.186869
0.783333 0.268 0.102758
0.783333 0.272 0.186206
0.783333 0.276 0.0711237
0.783333 0.28 0.149971
0.783333 0.284 0.104037
0.783333 0.288 0.123847
0.783333 0.292 0.137978
0.783333 0.296 0.1286
0.783333 0.3 0.142385
0.783333 0.304 0.0965136
0.783333 0.308 0.120139
0.783333 0.312 0.134097
0.783333 0.316 0.06811
0.783333 0.32 0.0901482
0.783333 0.324 0.138711
0.783333 0.328 0.144422
0.783333 0.332 0.11272
0.783333 0.336 0.0971891
0.783333 0.34 0.0906131
0.783333 0.344 0.115681
0.783333 0.348 0.077942
0.783333 0.352 0.1118
0.783333 0.356 0.132298
0.783333 0.36 0.099394
0.783333 0.364 0.0681584
0.783333 0.368 0.136529
0.783333 0.372 0.0850749
0.783333 0.376 0.082174
0.783333 0.38 0.0561174
0.783333 0.384 0.0866468
0.783333 0.388 0.0747934
0.783333 0.392 0.0604139
0.783333 0.396 0.0805311
0.783333 0.4 0.074255
0.783333 0.404 0.0426987
0.783333 0.408 0.0829508
0.783333 0.412 0.0802172
0.783333 0.416 0.0592808
0.783333 0.42 0.0417884
0.783333 0.424 0.0458926
0.783333 0.428 0.0354497
0.783333 0.432 0.0304285
0.783333 0.436 0.0432131
0.783333 0.44 0.0333645
0.783333 0.444 0.0561059
0.783333 0.448 0.0493252
0.783333 0.452 0.0582725
0.783333 0.456 0.0550877
0.783333 0.46 0.0656627
0.783333 0.464 0.0524139
0.783333 0.468 0.0622283
0.783333 0.472 0.0434042
0.783333 0.476 0.0484099
0.783333 0.48 0.0538309
0.783333 0.484 0.0478291
0.783333 0.488 0.0422688
0.783333 0.492 0.0583696
0.783333 0.496 0.0528583
0.783333 0.5 0.0367765
0.783333 0.504 0.0596775
0.783333 0.508 0.0426924
0.783333 0.512 0.0404689
0.783333 0.516 0.0468016
0.783333 0.52 0.0253761
0.783333 0.524 0.0288354
0.783333 0.528 0.0240283
0.783333 0.532 0.0238315
0.783333 0.536 0.0334947
0.783333 0.54 0.0179228
0.783333 0.544 0.0279325
0.783333 0.548 0.0313855
0.783333 0.552 0.0221416
0.783333 0.556 0.0335494
0.783333 0.56 0.027351
0.783333 0.564 0.0271716
0.783333 0.568 0.0318518
0.783333 0.572 0.00877932
0.783333 0.576 0.00784135
0.783333 0.58 0.0164035
0.783333 0.584 0.0245758
0.783333 0.588 0.0235117
0.783333 0.592 0.0277616
0.783333 0.596 0.027637
0.783333 0.6 0.0136553
0.783333 0.604 0.0242364
0.783333 0.608 0.027641
0.783333 0.612 0.024608
0.783333 0.616 0.014326
0.783333 0.62 0.0229934
0.783333 0.624 0.0167431
0.783333 0.628 0.0271846
0.783333 0.632 0.0252496
0.783333 0.636 0.00992602
0.783333 0.64 0.0234897
0.783333 0.644 0.0178788
0.783333 0.648 0.0202508
0.783333 0.652 0.0143416
0.783333 0.656 0.0142424
0.783333 0.66 0.00852637
0.783333 0.664 0.0174058
0.783333 0.668 0.0195687
0.783333 0.672 0.0116698
0.783333 0.676 0.0139843
0.783333 0.68 0.0224191
0.783333 0.684 0.0140095
0.783333 0.688 0.0182005
0.783333 0.692 0.0112486
0.783333 0.696 0.0096646
0.783333 0.7 0.0260674
0.783333 0.704 0.0127402
0.783333 0.708 0.0161412
0.783333 0.712 0.0169499
0.783333 0.716 0.0181796
0.783333 0.72 0.0087692
0.783333 0.724 0.0125296
0.783333 0.728 0.0159616
0.783333 0.732 0.0153475
0.783333 0.736 0.0208928
0.783333 0.74 0.0245129
0.783333 0.744 0.01574
0.783333 0.748 0.0131782
0.783333 0.752 0.0107995
0.783333 0.756 0.0107332
0.783333 0.76 0.00678356
0.783333 0.764 0.0134579
0.783333 0.768 0.013024
0.783333 0.772 0.00329574
0.783333 0.776 0.0149571
0.783333 0.78 0.00767157
0.783333 0.784 0.00852994
0.783333 0.788 0.0138691
0.783333 0.792 0.0140513
0.783333 0.796 0.00415803
0.783333 0.8 0.00621699
0.8 0 0.0248607
0.8 0.004 0.0273797
0.8 0.008 0.0286514
0.8 0.012 0.0314261
0.8 0.016 0.0314261
0.8 0.02 0.0375327
0.8 0.024 0.0416697
0.8 0.028 0.0427619
0.8 0.032 0.0521791
0.8 0.036 0.0554915
0.8 0.04 0.0621045
0.8 0.044 0.069347
0.8 0.048 0.0696641
0.8 0.052 0.0737278
0.8 0.056 0.0822499
0.8 0.06 0.0598992
0.8 0.064 0.0662681
0.8 0.068 0.0599957
0.8 0.072 0.0601462
0.8 0.076 0.0276604
0.8 0.08 0.0545613
0.8 0.084 0.0701156
0.8 0.088 0.0477747
0.8 0.092 0.0515747
0.8 0.096 0.0705973
0.8 0.1 0.0590898
0.8 0.104 0.0771036
0.8 0.108 0.0719961
0.8 0.112 0.0497807
0.8 0.116 0.0809925
0.8 0.12 0.0659289
0.8 0.124 0.0832134
0.8 0.128 0.0899336
0.8 0.132 0.0536753
0.8 0.136 0.0801415
0.8 0.14 0.0242558
0.8 0.144 0.0943236
0.8 0.148 0.052107
0.8 0.152 0.0426213
0.8 0.156 0.0709841
0.8 0.16 0.0857695
0.8 0.164 0.0557186
0.8 0.168 0.0851366
0.8 0.172 0.0835083
0.8 0.176 0.110325
0.8 0.18 0.137102
0.8 0.184 0.130171
0.8 0.188 0.179277
0.8 0.192 0.130744
0.8 0.196 0.16119
0.8 0.2 0.195376
0.8 0.204 0.192714
0.8 0.208 0.198453
0.8 0.212 0.174005
0.8 0.216 0.214096
0.8 0.22 0.208393
0.8 0.224 0.156235
0.8 0.228 0.152212
0.8 0.232 0.176751
0.8 0.236 0.177209
0.8 0.24 0.117425
0.8 0.244 0.194553
0.8 0.248 0.143528
0.8 0.252 0.176032
0.8 0.256 0.147494
0.8 0.26 0.0938724
0.8 0.264 0.179404
0.8 0.268 0.114804
0.8 0.272 0.166817
0.8 0.276 0.150899
0.8 0.28 0.1539
0.8 0.284 0.0939735
0.8 0.288 0.146133
0.8 0.292 0.167833
0.8 0.296 0.140395
0.8 0.3 0.161088
0.8 0.304 0.101026
0.8 0.308 0.131462
0.8 0.312 0.132092
0.8 0.316 0.038659
0.8 0.32 0.112207
0.8 0.324 0.132391
0.8 0.328 0.158147
0.8 0.332 0.126337
0.8 0.336 0.126356
0.8 0.34 0.122951
0.8 0.344 0.103025
0.8 0.348 0.120235
0.8 0.352 0.159652
0.8 0.356 0.144198
0.8 0.36 0.123905
0.8 0.364 0.0979222
0.8 0.368 0.147657
0.8 0.372 0.114001
0.8 0.376 0.0967265
0.8 0.38 0.0655376
0.8 0.384 0.0934863
0.8 0.388 0.0851949
0.8 0.392 0.0523571
0.8 0.396 0.0728874
0.8 0.4 0.0872716
0.8 0.404 0.0570133
0.8 0.408 0.0979874
0.8 0.412 0.0851104
0.8 0.416 0.0485742
0.8 0.42 0.0448272
0.8 0.424 0.048538
0.8 0.428 0.0429821
0.8 0.432 0.0393054
0.8 0.436 0.0464817
0.8 0.44 0.0496616
0.8 0.444 0.0623124
0.8 0.448 0.0485377
0.8 0.452 0.0541431
0.8 0.456 0.0525432
0.8 0.46 0.0590797
0.8 0.464 0.0607356
0.8 0.468 0.0719813
0.8 0.472 0.0556944
0.8 0.476 0.0420871
0.8 0.48 0.0580938
0.8 0.484 0.04362
0.8 0.488 0.0443057
0.8 0.492 0.0625839
0.8 0.496 0.0550716
0.8 0.5 0.0489485
0.8 0.504 0.0629412
0.8 0.508 0.0362002
0.8 0.512 0.0345276
0.8 0.516 0.044857
0.8 0.52 0.0230804
0.8 0.524 0.0303497
0.8 0.528 0.0255991
0.8 0.532 0.0254195
0.8 0.536 0.0356351
0.8 0.54 0.0105986
0.8 0.544 0.0306204
0.8 0.548 0.0278249
0.8 0.552 0.0189223
0.8 0.556 0.0301319
0.8 0.56 0.022731
0.8 0.564 0.0322165
0.8 0.568 0.0224387
0.8 0.572 0.0201524
0.8 0.576 0.011073
0.8 0.58 0.0205988
0.8 0.584 0.0194793
0.8 0.588 0.0344591
0.8 0.592 0.0263284
0.8 0.596 0.0331335
0.8 0.6 0.0173974
0.8 0.604 0.0326413
0.8 0.608 0.0259717
0.8 0.612 0.0221276
0.8 0.616 0.0140791
0.8 0.62 0.0261359
0.8 0.624 0.0144992
0.8 0.628 0.0299671
0.8 0.632 0.0248397
0.8 0.636 0.00500306
0.8 0.64 0.0283463
0.8 0.644 0.0150316
0.8 0.648 0.0124305
0.8 0.652 0.0150954
0.8 0.656 0.016641
0.8 0.66 0.0215583
0.8 0.664 0.0182583
0.8 0.668 0.0163252
0.8 0.672 0.0116771
0.8 0.676 0.0163531
0.8 0.68 0.0240692
0.8 0.684 0.0177167
0.8 0.688 0.0127317
0.8 0.692 0.0107911
0.8 0.696 0.012358
0.8 0.7 0.0228346
0.8 0.704 0.0150884
0.8 0.708 0.0171704
0.8 0.712 0.0149776
0.8 0.716 0.0154535
0.8 0.72 0.0154246
0.8 0.724 0.0160244
0.8 0.728 0.0133704
0.8 0.732 0.0149767
0.8 0.736 0.0194303
0.8 0.74 0.0238911
0.8 0.744 0.0173294
0.8 0.748 0.0130758
0.8 0.752 0.0135325
0.8 0.756 0.0113449
0.8 0.76 0.00939917
0.8 0.764 0.0134407
0.8 0.768 0.0112163
0.8 0.772 0.00243265
0.8 0.776 0.00834481
0.8 0.78 0.00391723
0.8 0.784 0.00543408
0.8 0.788 0.00964521
0.8 0.792 0.0134825
0.8 0.796 0.0100886
0.8 0.8 0.00715503
0.816667 0 0.0226817
0.816667 0.004 0.024866
0.816667 0.008 0.0266014
0.816667 0.012 0.0292825
0.816667 0.016 0.0292825
0.816667 0.02 0.0343266
0.816667 0.024 0.0379625
0.816667 0.028 0.0395546
0.816667 0.032 0.0493147
0.816667 0.036 0.0540807
0.816667 0.04 0.0598042
0.816667 0.044 0.0643422
0.816667 0.048 0.0655433
0.816667 0.052 0.0708391
0.816667 0.056 0.0760574
0.816667 0.06 0.0380188
0.816667 0.064 0.0584982
0.816667 0.068 0.0368358
0.816667 0.072 0.0471835
0.816667 0.076 0.015645
0.816667 0.08 0.0475067
0.816667 0.084 0.0520583
0.816667 0.088 0.0473731
0.816667 0.092 0.0408809
0.816667 0.096 0.0482278
0.816667 0.1 0.0623394
0.816667 0.104 0.0625993
0.816667 0.108 0.0706725
0.816667 0.112 0.0311327
0.816667 0.116 0.0657345
0.816667 0.12 0.052584
0.816667 0.124 0.0766843
0.816667 0.128 0.0677697
0.816667 0.132 0.0610171
0.816667 0.136 0.0687009
0.816667 0.14 0.0258727
0.816667 0.144 0.0727592
0.816667 0.148 0.0392042
0.816667 0.152 0.038917
0.816667 0.156 0.0725181
0.816667 0.16 0.0702571
0.816667 0.164 0.0500638
0.816667 0.168 0.0871616
0.816667 0.172 0.0788876
0.816667 0.176 0.0905544
0.816667 0.18 0.141827
0.816667 0.184 0.145913
0.816667 0.188 0.16394
0.816667 0.192 0.158577
0.816667 0.196 0.183113
0.816667 0.2 0.175155
0.816667 0.204 0.154977
0.816667 0.208 0.208688
0.816667 0.212 0.155062
0.816667 0.216 0.197167
0.816667 0.22 0.219071
0.816667 0.224 0.152094
0.816667 0.228 0.154151
0.816667 0.232 0.148184
0.816667 0.236 0.173432
0.816667 0.24 0.120202
0.816667 0.244 0.206685
0.816667 0.248 0.112699
0.816667 0.252 0.155819
0.816667 0.256 0.124453
0.816667 0.26 0.119607
0.816667 0.264 0.1511
0.816667 0.268 0.107521
0.816667 0.272 0.140031
0.816667 0.276 0.206114
0.816667 0.28 0.162287
0.816667 0.284 0.11856
0.816667 0.288 0.172865
0.816667 0.292 0.201514
0.816667 0.296 0.148872
0.816667 0.3 0.166212
0.816667 0.304 0.127343
0.816667 0.308 0.13136
0.816667 0.312 0.112085
0.816667 0.316 0.0585825
0.816667 0.32 0.17974
0.816667 0.324 0.129991
0.816667 0.328 0.131558
0.816667 0.332 0.101773
0.816667 0.336 0.134423
0.816667 0.34 0.147981
0.816667 0.344 0.10184
0.816667 0.348 0.166038
0.816667 0.352 0.161559
0.816667 0.356 0.136408
0.816667 0.36 0.139437
0.816667 0.364 0.107539
0.816667 0.368 0.134198
0.816667 0.372 0.120904
0.816667 0.376 0.114203
0.816667 0.38 0.0779158
0.816667 0.384 0.103043
0.816667 0.388 0.093898
0.816667 0.392 0.0922265
0.816667 0.396 0.0759611
0.816667 0.4 0.0789111
0.816667 0.404 0.0683166
0.816667 0.408 0.0893643
0.816667 0.412 0.0821618
0.816667 0.416 0.0438617
0.816667 0.42 0.0498073
0.816667 0.424 0.0537996
0.816667 0.428 0.0507156
0.816667 0.432 0.0537178
0.816667 0.436 0.0481585
0.816667 0.44 0.0604003
0.816667 0.444 0.0639762
0.816667 0.448 0.043175
0.816667 0.452 0.061963
0.816667 0.456 0.0421058
0.816667 0.46 0.0528342
0.816667 0.464 0.0602304
0.816667 0.468 0.0703879
0.816667 0.472 0.0671922
0.816667 0.476 0.039751
0.816667 0.48 0.0546632
0.816667 0.484 0.0423729
0.816667 0.488 0.0554901
0.816667 0.492 0.0536062
0.816667 0.496 0.0503456
0.816667 0.5 0.0536965
0.816667 0.504 0.0550134
0.816667 0.508 0.0306448
0.816667 0.512 0.0355068
0.816667 0.516 0.0430651
0.816667 0.52 0.0249004
0.816667 0.524 0.024924
0.816667 0.528 0.0273065
0.816667 0.532 0.024631
0.816667 0.536 0.034566
0.816667 0.54 0.0172682
0.816667 0.544 0.0351108
0.816667 0.548 0.0184611
0.816667 0.552 0.0250891
0.816667 0.556 0.031903
0.816667 0.56 0.0272409
0.816667 0.564 0.0343424
0.816667 0.568 0.0226414
0.816667 0.572 0.0327994
0.816667 0.576 0.0147539
0.816667 0.58 0.0270172
0.816667 0.584 0.0203997
0.816667 0.588 0.0385212
0.816667 0.592 0.0295707
0.816667 0.596 0.034403
0.816667 0.6 0.0176496
0.816667 0.604 0.0340409
0.816667 0.608 0.0320561
0.816667 0.612 0.0176186
0.816667 0.616 0.0138549
0.816667 0.62 0.0183858
0.816667 0.624 0.0171561
0.816667 0.628 0.0254466
0.816667 0.632 0.0230599
0.816667 0.636 0.0127299
0.816667 0.64 0.0304594
0.816667 0.644 0.019564
0.816667 0.648 0.00892913
0.816667 0.652 0.0140057
0.816667 0.656 0.016657
0.816667 0.66 0.0272748
0.816667 0.664 0.0193454
0.816667 0.668 0.0142656
0.816667 0.672 0.00967723
0.816667 0.676 0.0161755
0.816667 0.68 0.0260021
0.816667 0.684 0.0188248
0.816667 0.688 0.00827498
0.816667 0.692 0.0112129
0.816667 0.696 0.0155859
0.816667 0.7 0.0196424
0.816667 0.704 0.0163433
0.816667 0.708 0.0163526
0.816667 0.712 0.0121429
0.816667 0.716 0.0184776
0.816667 0.72 0.0154162
0.816667 0.724 0.017714
0.816667 0.728 0.0155769
0.816667 0.732 0.0156824
0.816667 0.736 0.0186214
0.816667 0.74 0.022207
0.816667 0.744 0.0158655
0.816667 0.748 0.0124006
0.816667 0.752 0.0168103
0.816667 0.756 0.00962043
0.816667 0.76 0.0101643
0.816667 0.764 0.0112104
0.816667 0.768 0.00968545
0.816667 0.772 0.00798059
0.816667 0.776 0.0027216
0.816667 0.78 0.00554313
0.816667 0.784 0.00297643
0.816667 0.788 0.0061016
0.816667 0.792 0.00949848
0.816667 0.796 0.0118203
0.816667 0.8 0.0104789
0.833333 0 0.0211772
0.833333 0.004 0.0229273
0.833333 0.008 0.0247627
0.833333 0.012 0.0274773
0.833333 0.016 0.0274773
0.833333 0.02 0.031383
0.833333 0.024 0.03533
0.833333 0.028 0.037258
0.833333 0.032 0.0470571
0.833333 0.036 0.0516769
0.833333 0.04 0.056451
0.833333 0.044 0.0562702
0.833333 0.048 0.0606473
0.833333 0.052 0.0690733
0.833333 0.056 0.0693985
0.833333 0.06 0.0220616
0.833333 0.064 0.0474375
0.833333 0.068 0.0224937
0.833333 0.072 0.0415515
0.833333 0.076 0.0164978
0.833333 0.08 0.0458399
0.833333 0.084 0.0406713
0.833333 0.088 0.0542363
0.833333 0.092 0.0277388
0.833333 0.096 0.0272146
0.833333 0.1 0.0377437
0.833333 0.104 0.0442673
0.833333 0.108 0.064617
0.833333 0.112 0.0422571
0.833333 0.116 0.0728634
0.833333 0.12 0.0389676
0.833333 0.124 0.0468562
0.833333 0.128 0.0528942
0.833333 0.132 0.0538592
0.833333 0.136 0.0382216
0.833333 0.14 0.048947
0.833333 0.144 0.0581365
0.833333 0.148 0.02368
0.833333 0.152 0.049207
0.833333 0.156 0.0626018
0.833333 0.16 0.0435133
0.833333 0.164 0.0468008
0.833333 0.168 0.0901189
0.833333 0.172 0.0734717
0.833333 0.176 0.0877159
0.833333 0.18 0.137184
0.833333 0.184 0.137769
0.833333 0.188 0.138989
0.833333 0.192 0.145752
0.833333 0.196 0.187729
0.833333 0.2 0.155273
0.833333 0.204 0.15733
0.833333 0.208 0.199772
0.833333 0.212 0.145161
0.833333 0.216 0.158078
0.833333 0.22 0.188276
0.833333 0.224 0.141266
0.833333 0.228 0.173184
0.833333 0.232 0.13656
0.833333 0.236 0.122822
0.833333 0.24 0.1376
0.833333 0.244 0.20263
0.833333 0.248 0.096342
0.833333 0.252 0.116804
0.833333 0.256 0.119827
0.833333 0.26 0.184078
0.833333 0.264 0.133332
0.833333 0.268 0.104298
0.833333 0.272 0.138382
0.833333 0.276 0.170582
0.833333 0.28 0.173516
0.833333 0.284 0.172666
0.833333 0.288 0.188229
0.833333 0.292 0.213647
0.833333 0.296 0.152822
0.833333 0.3 0.158624
0.833333 0.304 0.170799
0.833333 0.308 0.143679
0.833333 0.312 0.114585
0.833333 0.316 0.112828
0.833333 0.32 0.222901
0.833333 0.324 0.144154
0.833333 0.328 0.108391
0.833333 0.332 0.0888063
0.833333 0.336 0.112697
0.833333 0.34 0.148273
0.833333 0.344 0.124385
0.833333 0.348 0.167931
0.833333 0.352 0.134636
0.833333 0.356 0.13157
0.833333 0.36 0.149917
0.833333 0.364 0.10313
0.833333 0.368 0.125509
0.833333 0.372 0.105026
0.833333 0.376 0.123526
0.833333 0.38 0.087498
0.833333 0.384 0.11812
0.833333 0.388 0.0975443
0.833333 0.392 0.147427
0.833333 0.396 0.0848314
0.833333 0.4 0.0776058
0.833333 0.404 0.0726291
0.833333 0.408 0.0779097
0.833333 0.412 0.0840971
0.833333 0.416 0.057313
0.833333 0.42 0.0503706
0.833333 0.424 0.0552678
0.833333 0.428 0.056867
0.833333 0.432 0.0572971
0.833333 0.436 0.0510989
0.833333 0.44 0.0610768
0.833333 0.444 0.067257
0.833333 0.448 0.0468057
0.833333 0.452 0.077402
0.833333 0.456 0.038685
0.833333 0.46 0.0617365
0.833333 0.464 0.0493671
0.833333 0.468 0.064887
0.833333 0.472 0.0695383
0.833333 0.476 0.0480093
0.833333 0.48 0.0521792
0.833333 0.484 0.0486841
0.833333 0.488 0.0649215
0.833333 0.492 0.0538407
0.833333 0.496 0.0481219
0.833333 0.5 0.0494776
0.833333 0.504 0.0437485
0.833333 0.508 0.0355691
0.833333 0.512 0.0480767
0.833333 0.516 0.0445635
0.833333 0.52 0.0293768
0.833333 0.524 0.0211865
0.833333 0.528 0.0275579
0.833333 0.532 0.0268947
0.833333 0.536 0.0315232
0.833333 0.54 0.0290871
0.833333 0.544 0.0332933
0.833333 0.548 0.0154076
0.833333 0.552 0.0267453
0.833333 0.556 0.0359682
0.833333 0.56 0.0377331
0.833333 0.564 0.032439
0.833333 0.568 0.0289267
0.833333 0.572 0.0331867
0.833333 0.576 0.0170672
0.833333 0.58 0.0285669
0.833333 0.584 0.0258525
0.833333 0.588 0.0339055
0.833333 0.592 0.0382486
0.833333 0.596 0.0279201
0.833333 0.6 0.0141457
0.833333 0.604 0.0286816
0.833333 0.608 0.0375286
0.833333 0.612 0.017861
0.833333 0.616 0.0132224
0.833333 0.62 0.0136234
0.833333 0.624 0.021641
0.833333 0.628 0.0210823
0.833333 0.632 0.0202308
0.833333 0.636 0.0206361
0.833333 0.64 0.0289217
0.833333 0.644 0.0259742
0.833333 0.648 0.0150805
0.833333 0.652 0.015325
0.833333 0.656 0.017158
0.833333 0.66 0.0197413
0.833333 0.664 0.0204381
0.833333 0.668 0.0195699
0.833333 0.672 0.00829828
0.833333 0.676 0.0141308
0.833333 0.68 0.0253475
0.833333 0.684 0.017877
0.833333 0.688 0.0101986
0.833333 0.692 0.0124624
0.833333 0.696 0.0154264
0.833333 0.7 0.0196867
0.833333 0.704 0.0158211
0.833333 0.708 0.0131537
0.833333 0.712 0.0110689
0.833333 0.716 0.0224544
0.833333 0.72 0.00904263
0.833333 0.724 0.0170031
0.833333 0.728 0.0197901
0.833333 0.732 0.0143163
0.833333 0.736 0.0153914
0.833333 0.74 0.01869
0.833333 0.744 0.0134904
0.833333 0.748 0.0138024
0.833333 0.752 0.01409
0.833333 0.756 0.00855257
0.833333 0.76 0.00858188
0.833333 0.764 0.00828403
0.833333 0.768 0.00855299
0.833333 0.772 0.0129693
0.833333 0.776 0.00316106
0.833333 0.78 0.00937777
0.833333 0.784 0.00307838
0.833333 0.788 0.00766647
0.833333 0.792 0.00704146
0.833333 0.796 0.00858533
0.833333 0.8 0.0112901
0.85 0 0.0218076
0.85 0.004 0.0234338
0.85 0.008 0.0249681
0.85 0.012 0.0276974
0.85 0.016 0.0276974
0.85 0.02 0.0307776
0.85 0.024 0.0351149
0.85 0.028 0.0369359
0.85 0.032 0.0460709
0.85 0.036 0.0491856
0.85 0.04 0.0516286
0.85 0.044 0.0479854
0.85 0.048 0.0553931
0.85 0.052 0.066052
0.85 0.056 0.0605217
0.85 0.06 0.017262
0.85 0.064 0.0390028
0.85 0.068 0.0192426
0.85 0.072 0.041963
0.85 0.076 0.0236257
0.85 0.08 0.0449861
0.85 0.084 0.0364221
0.85 0.088 0.0469425
0.85 0.092 0.0216232
0.85 0.096 0.023043
0.85 0.1 0.015269
0.85 0.104 0.0330288
0.85 0.108 0.0461237
0.85 0.112 0.0552693
0.85 0.116 0.0766777
0.85 0.12 0.0288199
0.85 0.124 0.0195849
0.85 0.128 0.0549479
0.85 0.132 0.035725
0.85 0.136 0.00528009
0.85 0.14 0.0709457
0.85 0.144 0.0589106
0.85 0.148 0.0187298
0.85 0.152 0.0570183
0.85 0.156 0.0406233
0.85 0.16 0.0414135
0.85 0.164 0.0424143
0.85 0.168 0.0815585
0.85 0.172 0.0649479
0.85 0.176 0.100063
0.85 0.18 0.0991295
0.85 0.184 0.102978
0.85 0.188 0.132118
0.85 0.192 0.112387
0.85 0.196 0.146057
0.85 0.2 0.156381
0.85 0.204 0.171418
0.85 0.208 0.183301
0.85 0.212 0.137251
0.85 0.216 0.129184
0.85 0.22 0.129778
0.85 0.224 0.134282
0.85 0.228 0.17696
0.85 0.232 0.131931
0.85 0.236 0.0960294
0.85 0.24 0.157324
0.85 0.244 0.187554
0.85 0.248 0.115857
0.85 0.252 0.108608
0.85 0.256 0.149083
0.85 0.26 0.196305
0.85 0.264 0.1461
0.85 0.268 0.130543
0.85 0.272 0.173232
0.85 0.276 0.150691
0.85 0.28 0.173956
0.85 0.284 0.218881
0.85 0.288 0.17446
0.85 0.292 0.195854
0.85 0.296 0.151702
0.85 0.3 0.149991
0.85 0.304 0.208616
0.85 0.308 0.16673
0.85 0.312 0.147867
0.85 0.316 0.161382
0.85 0.32 0.20915
0.85 0.324 0.158511
0.85 0.328 0.115917
0.85 0.332 0.119773
0.85 0.336 0.0819979
0.85 0.34 0.127507
0.85 0.344 0.154944
0.85 0.348 0.137531
0.85 0.352 0.121619
0.85 0.356 0.137948
0.85 0.36 0.170298
0.85 0.364 0.113156
0.85 0.368 0.150219
0.85 0.372 0.100472
0.85 0.376 0.125355
0.85 0.38 0.0920571
0.85 0.384 0.126721
0.85 0.388 0.102732
0.85 0.392 0.164122
0.85 0.396 0.0898664
0.85 0.4 0.102671
0.85 0.404 0.0745408
0.85 0.408 0.0836592
0.85 0.412 0.0907909
0.85 0.416 0.0748251
0.85 0.42 0.0470388
0.85 0.424 0.0560523
0.85 0.428 0.0614069
0.85 0.432 0.0468897
0.85 0.436 0.0566265
0.85 0.44 0.0569255
0.85 0.444 0.0804355
0.85 0.448 0.0653527
0.85 0.452 0.0824892
0.85 0.456 0.0424849
0.85 0.46 0.0789023
0.85 0.464 0.0458551
0.85 0.468 0.0669454
0.85 0.472 0.0653037
0.85 0.476 0.0591371
0.85 0.48 0.0620849
0.85 0.484 0.0567795
0.85 0.488 0.0633894
0.85 0.492 0.0669876
0.85 0.496 0.0477295
0.85 0.5 0.0470827
0.85 0.504 0.040251
0.85 0.508 0.041722
0.85 0.512 0.0580687
0.85 0.516 0.0433337
0.85 0.52 0.0256079
0.85 0.524 0.0293027
0.85 0.528 0.0292383
0.85 0.532 0.0324957
0.85 0.536 0.0301978
0.85 0.54 0.0328696
0.85 0.544 0.0246787
0.85 0.548 0.019677
0.85 0.552 0.0201719
0.85 0.556 0.0374169
0.85 0.56 0.0439714
0.85 0.564 0.0287762
0.85 0.568 0.0331628
0.85 0.572 0.0242423
0.85 0.576 0.0192052
0.85 0.58 0.0245337
0.85 0.584 0.0252412
0.85 0.588 0.0246273
0.85 0.592 0.041284
0.85 0.596 0.018293
0.85 0.6 0.0116018
0.85 0.604 0.0262995
0.85 0.608 0.0324358
0.85 0.612 0.0247288
0.85 0.616 0.0141136
0.85 0.62 0.0209355
0.85 0.624 0.023737
0.85 0.628 0.0204892
0.85 0.632 0.0144157
0.85 0.636 0.0195354
0.85 0.64 0.0227209
0.85 0.644 0.0257302
0.85 0.648 0.0236766
0.85 0.652 0.0184258
0.85 0.656 0.018468
0.85 0.66 0.0117824
0.85 0.664 0.0221122
0.85 0.668 0.0242769
0.85 0.672 0.010607
0.85 0.676 0.0131753
0.85 0.68 0.0233579
0.85 0.684 0.0167561
0.85 0.688 0.015774
0.85 0.692 0.0149659
0.85 0.696 0.0127437
0.85 0.7 0.0188036
0.85 0.704 0.0129615
0.85 0.708 0.0106926
0.85 0.712 0.0116725
0.85 0.716 0.0221312
0.85 0.72 0.0056204
0.85 0.724 0.0163142
0.85 0.728 0.0177723
0.85 0.732 0.0138191
0.85 0.736 0.00972529
0.85 0.74 0.0164901
0.85 0.744 0.0138767
0.85 0.748 0.0161611
0.85 0.752 0.00891917
0.85 0.756 0.0109913
0.85 0.76 0.00707052
0.85 0.764 0.00641325
0.85 0.768 0.00859541
0.85 0.772 0.0109229
0.85 0.776 0.0062384
0.85 0.78 0.0121772
0.85 0.784 0.00468367
0.85 0.788 0.0109804
0.85 0.792 0.00788024
0.85 0.796 0.00459241
0.85 0.8 0.00947065
0.866667 0 0.0223846
0.866667 0.004 0.0242992
0.866667 0.008 0.0256013
0.866667 0.012 0.0282815
0.866667 0.016 0.0282815
0.866667 0.02 0.0314948
0.866667 0.024 0.0357303
0.866667 0.028 0.0372844
0.866667 0.032 0.0450133
0.866667 0.036 0.046796
0.866667 0.04 0.0447384
0.866667 0.044 0.0421104
0.866667 0.048 0.0498013
0.866667 0.052 0.0587077
0.866667 0.056 0.0483933
0.866667 0.06 0.0239013
0.866667 0.064 0.0362767
0.866667 0.068 0.0242947
0.866667 0.072 0.0432107
0.866667 0.076 0.0289356
0.866667 0.08 0.0420083
0.866667 0.084 0.0358144
0.866667 0.088 0.0250128
0.866667 0.092 0.0235647
0.866667 0.096 0.0360237
0.866667 0.1 0.0232665
0.866667 0.104 0.0283769
0.866667 0.108 0.0232933
0.866667 0.112 0.0487772
0.866667 0.116 0.0594159
0.866667 0.12 0.020847
0.866667 0.124 0.015872
0.866667 0.128 0.0674149
0.866667 0.132 0.0193578
0.866667 0.136 -0.0102769
0.866667 0.14 0.0741578
0.866667 0.144 0.0670492
0.866667 0.148 0.0277347
0.866667 0.152 0.0508379
0.866667 0.156 0.0188159
0.866667 0.16 0.0553387
0.866667 0.164 0.0379518
0.866667 0.168 0.0652059
0.866667 0.172 0.0521473
0.866667 0.176 0.110219
0.866667 0.18 0.0630174
0.866667 0.184 0.0636253
0.866667 0.188 0.142085
0.866667 0.192 0.0998549
0.866667 0.196 0.096023
0.866667 0.2 0.170437
0.866667 0.204 0.164105
0.866667 0.208 0.1505
0.866667 0.212 0.126282
0.866667 0.216 0.133446
0.866667 0.22 0.103019
0.866667 0.224 0.14365
0.866667 0.228 0.166765
0.866667 0.232 0.130678
0.866667 0.236 0.12053
0.866667 0.24 0.15393
0.866667 0.244 0.181392
0.866667 0.248 0.149211
0.866667 0.252 0.145436
0.866667 0.256 0.168669
0.866667 0.26 0.15107
0.866667 0.264 0.17833
0.866667 0.268 0.17178
0.866667 0.272 0.215376
0.866667 0.276 0.204096
0.866667 0.28 0.156679
0.866667 0.284 0.22637
0.866667 0.288 0.152008
0.866667 0.292 0.173963
0.866667 0.296 0.151634
0.866667 0.3 0.155379
0.866667 0.304 0.211277
0.866667 0.308 0.182507
0.866667 0.312 0.180406
0.866667 0.316 0.193114
0.866667 0.32 0.182487
0.866667 0.324 0.169192
0.866667 0.328 0.14181
0.866667 0.332 0.169137
0.866667 0.336 0.0866226
0.866667 0.34 0.115228
0.866667 0.344 0.164956
0.866667 0.348 0.127695
0.866667 0.352 0.141632
0.866667 0.356 0.152033
0.866667 0.36 0.194559
0.866667 0.364 0.142802
0.866667 0.368 0.187579
0.866667 0.372 0.125894
0.866667 0.376 0.127092
0.866667 0.38 0.0977937
0.866667 0.384 0.121773
0.866667 0.388 0.117255
0.866667 0.392 0.132059
0.866667 0.396 0.0907786
0.866667 0.4 0.123042
0.866667 0.404 0.0821136
0.866667 0.408 0.101733
0.866667 0.412 0.0939249
0.866667 0.416 0.0785532
0.866667 0.42 0.0478305
0.866667 0.424 0.0580292
0.866667 0.428 0.0670194
0.866667 0.432 0.033973
0.866667 0.436 0.0599732
0.866667 0.44 0.0501704
0.866667 0.444 0.0979082
0.866667 0.448 0.0836791
0.866667 0.452 0.075151
0.866667 0.456 0.0444578
0.866667 0.46 0.0835584
0.866667 0.464 0.0626103
0.866667 0.468 0.0750493
0.866667 0.472 0.0624744
0.866667 0.476 0.0643391
0.866667 0.48 0.0776793
0.866667 0.484 0.0600326
0.866667 0.488 0.0543862
0.866667 0.492 0.0704524
0.866667 0.496 0.040361
0.866667 0.5 0.0534764
0.866667 0.504 0.04609
0.866667 0.508 0.039556
0.866667 0.512 0.0518869
0.866667 0.516 0.0374469
0.866667 0.52 0.0184199
0.866667 0.524 0.0430977
0.866667 0.528 0.0323406
0.866667 0.532 0.0346369
0.866667 0.536 0.0322176
0.866667 0.54 0.0284228
0.866667 0.544 0.0210776
0.866667 0.548 0.0237465
0.866667 0.552 0.0188422
0.866667 0.556 0.0342859
0.866667 0.56 0.0414599
0.866667 0.564 0.0256829
0.866667 0.568 0.0329309
0.866667 0.572 0.0182463
0.866667 0.576 0.0226915
0.866667 0.58 0.0209012
0.866667 0.584 0.0181826
0.866667 0.588 0.0177387
0.866667 0.592 0.0342267
0.866667 0.596 0.0160872
0.866667 0.6 0.0143103
0.866667 0.604 0.0305386
0.866667 0.608 0.020749
0.866667 0.612 0.0328543
0.866667 0.616 0.0182581
0.866667 0.62 0.0305583
0.866667 0.624 0.022696
0.866667 0.628 0.0209135
0.866667 0.632 0.0105182
0.866667 0.636 0.0129457
0.866667 0.64 0.0143152
0.866667 0.644 0.0196331
0.866667 0.648 0.02238
0.866667 0.652 0.0180378
0.866667 0.656 0.0181002
0.866667 0.66 0.0153701
0.866667 0.664 0.0244188
0.866667 0.668 0.0195685
0.866667 0.672 0.0161023
0.866667 0.676 0.0160037
0.866667 0.68 0.0237923
0.866667 0.684 0.0170098
0.866667 0.688 0.0156785
0.866667 0.692 0.0162144
0.866667 0.696 0.0127627
0.866667 0.7 0.0131266
0.866667 0.704 0.0084909
0.866667 0.708 0.011282
0.866667 0.712 0.01223
0.866667 0.716 0.0181627
0.866667 0.72 0.00906695
0.866667 0.724 0.0159498
0.866667 0.728 0.0097701
0.866667 0.732 0.0179828
0.866667 0.736 0.00665385
0.866667 0.74 0.0187433
0.866667 0.744 0.0155731
0.866667 0.748 0.0150936
0.866667 0.752 0.0087441
0.866667 0.756 0.0136442
0.866667 0.76 0.0081941
0.866667 0.764 0.00663383
0.866667 0.768 0.0100234
0.866667 0.772 0.00598898
0.866667 0.776 0.00630335
0.866667 0.78 0.0139931
0.866667 0.784 0.00521628
0.866667 0.788 0.0108767
0.866667 0.792 0.00930377
0.866667 0.796 0.00353831
0.866667 0.8 0.00766968
0.883333 0 0.0210971
0.883333 0.004 0.0232786
0.883333 0.008 0.0247793
0.883333 0.012 0.0273182
0.883333 0.016 0.0273182
0.883333 0.02 0.0316654
0.883333 0.024 0.0352567
0.883333 0.028 0.036621
0.883333 0.032 0.0424428
0.883333 0.036 0.0442945
0.883333 0.04 0.0364767
0.883333 0.044 0.0392421
0.883333 0.048 0.0439529
0.883333 0.052 0.0470923
0.883333 0.056 0.0351586
0.883333 0.06 0.0377758
0.883333 0.064 0.0372484
0.883333 0.068 0.0311754
0.883333 0.072 0.0410874
0.883333 0.076 0.0285298
0.883333 0.08 0.0386327
0.883333 0.084 0.0358472
0.883333 0.088 0.0114883
0.883333 0.092 0.0205217
0.883333 0.096 0.0485287
0.883333 0.1 0.0388843
0.883333 0.104 0.0269447
0.883333 0.108 0.0128059
0.883333 0.112 0.034198
0.883333 0.116 0.0371601
0.883333 0.12 0.013573
0.883333 0.124 0.0297638
0.883333 0.128 0.073969
0.883333 0.132 0.00708731
0.883333 0.136 -0.00466589
0.883333 0.14 0.0572721
0.883333 0.144 0.0650126
0.883333 0.148 0.0393998
0.883333 0.152 0.0356738
0.883333 0.156 0.0118156
0.883333 0.16 0.0464155
0.883333 0.164 0.0361909
0.883333 0.168 0.0578677
0.883333 0.172 0.0424635
0.883333 0.176 0.103483
0.883333 0.18 0.079165
0.883333 0.184 0.04863
0.883333 0.188 0.13794
0.883333 0.192 0.110499
0.883333 0.196 0.086571
0.883333 0.2 0.170517
0.883333 0.204 0.144998
0.883333 0.208 0.100658
0.883333 0.212 0.120732
0.883333 0.216 0.156292
0.883333 0.22 0.129988
0.883333 0.224 0.154951
0.883333 0.228 0.164105
0.883333 0.232 0.137545
0.883333 0.236 0.135424
0.883333 0.24 0.125247
0.883333 0.244 0.186213
0.883333 0.248 0.158099
0.883333 0.252 0.183913
0.883333 0.256 0.141656
0.883333 0.26 0.128429
0.883333 0.264 0.197218
0.883333 0.268 0.18633
0.883333 0.272 0.224305
0.883333 0.276 0.231414
0.883333 0.28 0.13801
0.883333 0.284 0.199531
0.883333 0.288 0.160877
0.883333 0.292 0.178223
0.883333 0.296 0.158798
0.883333 0.3 0.183375
0.883333 0.304 0.182272
0.883333 0.308 0.183811
0.883333 0.312 0.183479
0.883333 0.316 0.215024
0.883333 0.32 0.193955
0.883333 0.324 0.190582
0.883333 0.328 0.163821
0.883333 0.332 0.189533
0.883333 0.336 0.145778
0.883333 0.34 0.138111
0.883333 0.344 0.155195
0.883333 0.348 0.157999
0.883333 0.352 0.177604
0.883333 0.356 0.171739
0.883333 0.36 0.20617
0.883333 0.364 0.166481
0.883333 0.368 0.194508
0.883333 0.372 0.158124
0.883333 0.376 0.134466
0.883333 0.38 0.111343
0.883333 0.384 0.117793
0.883333 0.388 0.136785
0.883333 0.392 0.0997027
0.883333 0.396 0.0948826
0.883333 0.4 0.109777
0.883333 0.404 0.0948712
0.883333 0.408 0.114011
0.883333 0.412 0.0948724
0.883333 0.416 0.0724229
0.883333 0.42 0.0564512
0.883333 0.424 0.0582577
0.883333 0.428 0.0764935
0.883333 0.432 0.0328544
0.883333 0.436 0.0577936
0.883333 0.44 0.0418077
0.883333 0.444 0.103079
0.883333 0.448 0.0823662
0.883333 0.452 0.0736891
0.883333 0.456 0.0438177
0.883333 0.46 0.0724076
0.883333 0.464 0.084437
0.883333 0.468 0.0777921
0.883333 0.472 0.0632217
0.883333 0.476 0.0643813
0.883333 0.48 0.0812859
0.883333 0.484 0.0602416
0.883333 0.488 0.0498674
0.883333 0.492 0.0543832
0.883333 0.496 0.0313604
0.883333 0.5 0.0633694
0.883333 0.504 0.0531016
0.883333 0.508 0.0366669
0.883333 0.512 0.0379224
0.883333 0.516 0.0368798
0.883333 0.52 0.0245595
0.883333 0.524 0.0460339
0.883333 0.528 0.0337932
0.883333 0.532 0.0298787
0.883333 0.536 0.0360458
0.883333 0.54 0.0255809
0.883333 0.544 0.0302099
0.883333 0.548 0.0248563
0.883333 0.552 0.0308836
0.883333 0.556 0.0296083
0.883333 0.56 0.0358459
0.883333 0.564 0.0244654
0.883333 0.568 0.0292758
0.883333 0.572 0.0200127
0.883333 0.576 0.0269083
0.883333 0.58 0.0224553
0.883333 0.584 0.0156899
0.883333 0.588 0.0190217
0.883333 0.592 0.0267044
0.883333 0.596 0.0238015
0.883333 0.6 0.0206245
0.883333 0.604 0.0335893
0.883333 0.608 0.0150376
0.883333 0.612 0.035211
0.883333 0.616 0.0237249
0.883333 0.62 0.0290193
0.883333 0.624 0.0207492
0.883333 0.628 0.020056
0.883333 0.632 0.0155991
0.883333 0.636 0.00839913
0.883333 0.64 0.00969482
0.883333 0.644 0.0164626
0.883333 0.648 0.0118284
0.883333 0.652 0.0130209
0.883333 0.656 0.015216
0.883333 0.66 0.0243216
0.883333 0.664 0.0255387
0.883333 0.668 0.0104033
0.883333 0.672 0.0210158
0.883333 0.676 0.0203553
0.883333 0.68 0.0274153
0.883333 0.684 0.0185697
0.883333 0.688 0.00796928
0.883333 0.692 0.0140739
0.883333 0.696 0.0163815
0.883333 0.7 0.00640732
0.883333 0.704 0.00479119
0.883333 0.708 0.0129055
0.883333 0.712 0.0124226
0.883333 0.716 0.0148214
0.883333 0.72 0.0126349
0.883333 0.724 0.0145089
0.883333 0.728 0.00465687
0.883333 0.732 0.0245285
0.883333 0.736 0.00940158
0.883333 0.74 0.0228936
0.883333 0.744 0.0139187
0.883333 0.748 0.00970964
0.883333 0.752 0.01275
0.883333 0.756 0.0123317
0.883333 0.76 0.0111178
0.883333 0.764 0.00825913
0.883333 0.768 0.0106043
0.883333 0.772 0.00600905
0.883333 0.776 0.00358762
0.883333 0.78 0.0157258
0.883333 0.784 0.00378393
0.883333 0.788 0.00751833
0.883333 0.792 0.00944086
0.883333 0.796 0.00557356
0.883333 0.8 0.0061361
0.9 0 0.0195571
0.9 0.004 0.0215834
0.9 0.008 0.0235864
0.9 0.012 0.0258264
0.9 0.016 0.0258264
0.9 0.02 0.031421
0.9 0.024 0.034064
0.9 0.028 0.0351353
0.9 0.032 0.0389018
0.9 0.036 0.0421276
0.9 0.04 0.0298368
0.9 0.044 0.038924
0.9 0.048 0.038955
0.9 0.052 0.0360482
0.9 0.056 0.0254453
0.9 0.06 0.0516875
0.9 0.064 0.037696
0.9 0.068 0.0341746
0.9 0.072 0.0362488
0.9 0.076 0.0252065
0.9 0.08 0.0364353
0.9 0.084 0.0364516
0.9 0.088 0.0181512
0.9 0.092 0.00913133
0.9 0.096 0.0457555
0.9 0.1 0.0287901
0.9 0.104 0.0275196
0.9 0.108 0.0188369
0.9 0.112 0.0293269
0.9 0.116 0.0344799
0.9 0.12 0.00670313
0.9 0.124 0.0368701
0.9 0.128 0.0635221
0.9 0.132 -0.00265607
0.9 0.136 0.00910721
0.9 0.14 0.0331659
0.9 0.144 0.0450202
0.9 0.148 0.0430929
0.9 0.152 0.0247834
0.9 0.156 0.0219857
0.9 0.16 0.0174577
0.9 0.164 0.0375967
0.9 0.168 0.0675698
0.9 0.172 0.0474163
0.9 0.176 0.0826188
0.9 0.18 0.126599
0.9 0.184 0.0686808
0.9 0.188 0.109228
0.9 0.192 0.115397
0.9 0.196 0.0955561
0.9 0.2 0.14504
0.9 0.204 0.137031
0.9 0.208 0.0767778
0.9 0.212 0.124377
0.9 0.216 0.161681
0.9 0.22 0.16322
0.9 0.224 0.147542
0.9 0.228 0.160255
0.9 0.232 0.145771
0.9 0.236 0.104461
0.9 0.24 0.103531
0.9 0.244 0.182635
0.9 0.248 0.136064
0.9 0.252 0.181593
0.9 0.256 0.0964485
0.9 0.26 0.159956
0.9 0.264 0.181445
0.9 0.268 0.161441
0.9 0.272 0.195812
0.9 0.276 0.176531
0.9 0.28 0.144782
0.9 0.284 0.168489
0.9 0.288 0.20239
0.9 0.292 0.203601
0.9 0.296 0.171291
0.9 0.3 0.22643
0.9 0.304 0.168761
0.9 0.308 0.176685
0.9 0.312 0.164879
0.9 0.316 0.211457
0.9 0.32 0.230683
0.9 0.324 0.217769
0.9 0.328 0.176018
0.9 0.332 0.172154
0.9 0.336 0.218364
0.9 0.34 0.186283
0.9 0.344 0.161466
0.9 0.348 0.193328
0.9 0.352 0.203619
0.9 0.356 0.192392
0.9 0.36 0.211302
0.9 0.364 0.166705
0.9 0.368 0.173957
0.9 0.372 0.168894
0.9 0.376 0.148121
0.9 0.38 0.129566
0.9 0.384 0.133282
0.9 0.388 0.148634
0.9 0.392 0.114584
0.9 0.396 0.107378
0.9 0.4 0.0930779
0.9 0.404 0.103086
0.9 0.408 0.114743
0.9 0.412 0.102127
0.9 0.416 0.0726806
0.9 0.42 0.0678808
0.9 0.424 0.0591657
0.9 0.428 0.0865792
0.9 0.432 0.050154
0.9 0.436 0.0566548
0.9 0.44 0.0399308
0.9 0.444 0.0902768
0.9 0.448 0.0641458
0.9 0.452 0.0878824
0.9 0.456 0.0489694
0.9 0.46 0.0664291
0.9 0.464 0.0839169
0.9 0.468 0.0720448
0.9 0.472 0.0633463
0.9 0.476 0.0641174
0.9 0.48 0.0713679
0.9 0.484 0.0628069
0.9 0.488 0.0550947
0.9 0.492 0.0419085
0.9 0.496 0.0401698
0.9 0.5 0.0664797
0.9 0.504 0.0555549
0.9 0.508 0.0444657
0.9 0.512 0.0359142
0.9 0.516 0.048287
0.9 0.52 0.0420819
0.9 0.524 0.0341706
0.9 0.528 0.0340443
0.9 0.532 0.0253393
0.9 0.536 0.040194
0.9 0.54 0.0281284
0.9 0.544 0.0415434
0.9 0.548 0.0267302
0.9 0.552 0.0435688
0.9 0.556 0.0282589
0.9 0.56 0.0343657
0.9 0.564 0.0260795
0.9 0.568 0.0220213
0.9 0.572 0.0242458
0.9 0.576 0.0293518
0.9 0.58 0.0275153
0.9 0.584 0.0224663
0.9 0.588 0.0276771
0.9 0.592 0.0260083
0.9 0.596 0.0305375
0.9 0.6 0.024515
0.9 0.604 0.029475
0.9 0.608 0.0183227
0.9 0.612 0.0302314
0.9 0.616 0.0264969
0.9 0.62 0.0202855
0.9 0.624 0.0199739
0.9 0.628 0.0197824
0.9 0.632 0.0252216
0.9 0.636 0.00764446
0.9 0.64 0.0119325
0.9 0.644 0.0204927
0.9 0.648 0.00733007
0.9 0.652 0.00980325
0.9 0.656 0.0129816
0.9 0.66 0.0247401
0.9 0.664 0.0235387
0.9 0.668 0.00821836
0.9 0.672 0.0222033
0.9 0.676 0.0198692
0.9 0.68 0.0307538
0.9 0.684 0.0196055
0.9 0.688 0.0034108
0.9 0.692 0.0116588
0.9 0.696 0.017281
0.9 0.7 0.00487593
0.9 0.704 0.00370265
0.9 0.708 0.01215
0.9 0.712 0.013133
0.9 0.716 0.0145419
0.9 0.72 0.010482
0.9 0.724 0.0131841
0.9 0.728 0.00636892
0.9 0.732 0.0275273
0.9 0.736 0.0142568
0.9 0.74 0.0231127
0.9 0.744 0.00866569
0.9 0.748 0.00521304
0.9 0.752 0.0134509
0.9 0.756 0.00925755
0.9 0.76 0.0122652
0.9 0.764 0.0092438
0.9 0.768 0.0075397
0.9 0.772 0.0099193
0.9 0.776 0.00217336
0.9 0.78 0.0160739
0.9 0.784 0.00191252
0.9 0.788 0.00460794
0.9 0.792 0.00992543
0.9 0.796 0.00862338
0.9 0.8 0.00371099
0.916667 0 0.0197393
0.916667 0.004 0.0213573
0.916667 0.008 0.0238209
0.916667 0.012 0.0257105
0.916667 0.016 0.0257105
0.916667 0.02 0.0317809
0.916667 0.024 0.0334551
0.916667 0.028 0.0338127
0.916667 0.032 0.0359187
0.916667 0.036 0.0406464
0.916667 0.04 0.0278708
0.916667 0.044 0.0399016
0.916667 0.048 0.0359297
0.916667 0.052 0.03112
0.916667 0.056 0.0216841
0.916667 0.06 0.0579025
0.916667 0.064 0.0345718
0.916667 0.068 0.0315824
0.916667 0.072 0.0314692
0.916667 0.076 0.0251193
0.916667 0.08 0.0330405
0.916667 0.084 0.0378112
0.916667 0.088 0.0287999
0.916667 0.092 0.00296516
0.916667 0.096 0.0308473
0.916667 0.1 0.00279625
0.916667 0.104 0.0246612
0.916667 0.108 0.0286041
0.916667 0.112 0.0309826
0.916667 0.116 0.0470469
0.916667 0.12 -0.000451318
0.916667 0.124 0.0251658
0.916667 0.128 0.0400553
0.916667 0.132 -0.00409594
0.916667 0.136 0.0152688
0.916667 0.14 0.0182261
0.916667 0.144 0.0173192
0.916667 0.148 0.0380852
0.916667 0.152 0.0217715
0.916667 0.156 0.0362904
0.916667 0.16 0.0099509
0.916667 0.164 0.0392881
0.916667 0.168 0.082899
0.916667 0.172 0.0659847
0.916667 0.176 0.0638549
0.916667 0.18 0.133981
0.916667 0.184 0.0998753
0.916667 0.188 0.0840211
0.916667 0.192 0.10211
0.916667 0.196 0.072856
0.916667 0.2 0.108034
0.916667 0.204 0.136814
0.916667 0.208 0.111656
0.916667 0.212 0.121834
0.916667 0.216 0.132884
0.916667 0.22 0.152212
0.916667 0.224 0.128586
0.916667 0.228 0.126571
0.916667 0.232 0.140729
0.916667 0.236 0.0805126
0.916667 0.24 0.108768
0.916667 0.244 0.163352
0.916667 0.248 0.110375
0.916667 0.252 0.146619
0.916667 0.256 0.0828951
0.916667 0.26 0.186607
0.916667 0.264 0.14659
0.916667 0.268 0.129498
0.916667 0.272 0.164795
0.916667 0.276 0.139348
0.916667 0.28 0.181647
0.916667 0.284 0.158034
0.916667 0.288 0.230514
0.916667 0.292 0.217334
0.916667 0.296 0.185129
0.916667 0.3 0.258209
0.916667 0.304 0.201993
0.916667 0.308 0.169846
0.916667 0.312 0.156205
0.916667 0.316 0.167296
0.916667 0.32 0.245739
0.916667 0.324 0.226946
0.916667 0.328 0.183866
0.916667 0.332 0.152969
0.916667 0.336 0.242427
0.916667 0.34 0.219862
0.916667 0.344 0.200746
0.916667 0.348 0.201234
0.916667 0.352 0.212229
0.916667 0.356 0.204149
0.916667 0.36 0.230496
0.916667 0.364 0.156148
0.916667 0.368 0.171882
0.916667 0.372 0.164832
0.916667 0.376 0.162575
0.916667 0.38 0.142487
0.916667 0.384 0.161482
0.916667 0.388 0.149388
0.916667 0.392 0.162107
0.916667 0.396 0.125046
0.916667 0.4 0.114972
0.916667 0.404 0.0998085
0.916667 0.408 0.113514
0.916667 0.412 0.115266
0.916667 0.416 0.0826141
0.916667 0.42 0.0773385
0.916667 0.424 0.0671169
0.916667 0.428 0.089357
0.916667 0.432 0.0778931
0.916667 0.436 0.0637474
0.916667 0.44 0.0519809
0.916667 0.444 0.0758175
0.916667 0.448 0.0533485
0.916667 0.452 0.102577
0.916667 0.456 0.060598
0.916667 0.46 0.0780516
0.916667 0.464 0.0605319
0.916667 0.468 0.067668
0.916667 0.472 0.0613641
0.916667 0.476 0.0640268
0.916667 0.48 0.064695
0.916667 0.484 0.0681124
0.916667 0.488 0.062595
0.916667 0.492 0.0529652
0.916667 0.496 0.0679051
0.916667 0.5 0.0601688
0.916667 0.504 0.0568702
0.916667 0.508 0.0568435
0.916667 0.512 0.0497686
0.916667 0.516 0.0608339
0.916667 0.52 0.0488394
0.916667 0.524 0.0222431
0.916667 0.528 0.0356423
0.916667 0.532 0.0293995
0.916667 0.536 0.0441021
0.916667 0.54 0.0304434
0.916667 0.544 0.0402624
0.916667 0.548 0.0306165
0.916667 0.552 0.0406389
0.916667 0.556 0.0312443
0.916667 0.56 0.0366866
0.916667 0.564 0.0303542
0.916667 0.568 0.013533
0.916667 0.572 0.0253247
0.916667 0.576 0.028292
0.916667 0.58 0.0310179
0.916667 0.584 0.0303965
0.916667 0.588 0.035979
0.916667 0.592 0.0270527
0.916667 0.596 0.026877
0.916667 0.6 0.0227201
0.916667 0.604 0.0241137
0.916667 0.608 0.0218946
0.916667 0.612 0.023298
0.916667 0.616 0.0250712
0.916667 0.62 0.0184113
0.916667 0.624 0.0202369
0.916667 0.628 0.0217423
0.916667 0.632 0.027156
0.916667 0.636 0.00898695
0.916667 0.64 0.0170791
0.916667 0.644 0.0259514
0.916667 0.648 0.0171751
0.916667 0.652 0.0138304
0.916667 0.656 0.0150887
0.916667 0.66 0.0162841
0.916667 0.664 0.0196886
0.916667 0.668 0.0140251
0.916667 0.672 0.0199803
0.916667 0.676 0.013137
0.916667 0.68 0.0304239
0.916667 0.684 0.0187141
0.916667 0.688 0.0100111
0.916667 0.692 0.0137231
0.916667 0.696 0.0113014
0.916667 0.7 0.00835856
0.916667 0.704 0.00451071
0.916667 0.708 0.00930886
0.916667 0.712 0.0143084
0.916667 0.716 0.0164155
0.916667 0.72 0.0061799
0.916667 0.724 0.01462
0.916667 0.728 0.00908726
0.916667 0.732 0.0247499
0.916667 0.736 0.0154633
0.916667 0.74 0.018568
0.916667 0.744 0.00511239
0.916667 0.748 0.00588896
0.916667 0.752 0.00842037
0.916667 0.756 0.00896931
0.916667 0.76 0.00990817
0.916667 0.764 0.00839974
0.916667 0.768 0.00193702
0.916667 0.772 0.0105384
0.916667 0.776 0.0026662
0.916667 0.78 0.0131638
0.916667 0.784 0.00128265
0.916667 0.788 0.00406764
0.916667 0.792 0.0120574
0.916667 0.796 0.0104358
0.916667 0.8 0.00126573
0.933333 0 0.0207758
0.933333 0.004 0.0221688
0.933333 0.008 0.0248946
0.933333 0.012 0.0266746
0.933333 0.016 0.0266746
0.933333 0.02 0.0324695
0.933333 0.024 0.0333801
0.933333 0.028 0.0325443
0.933333 0.032 0.0340174
0.933333 0.036 0.0391128
0.933333 0.04 0.0306136
0.933333 0.044 0.0399071
0.933333 0.048 0.0345524
0.933333 0.052 0.0329563
0.933333 0.056 0.0214679
0.933333 0.06 0.0530293
0.933333 0.064 0.0277746
0.933333 0.068 0.0254486
0.933333 0.072 0.0271956
0.933333 0.076 0.03105
0.933333 0.08 0.0261654
0.933333 0.084 0.0371929
0.933333 0.088 0.0252774
0.933333 0.092 0.00719225
0.933333 0.096 0.0161134
0.933333 0.1 -0.00825024
0.933333 0.104 0.00951567
0.933333 0.108 0.03001
0.933333 0.112 0.0272187
0.933333 0.116 0.0469016
0.933333 0.12 -0.00764636
0.933333 0.124 0.00957
0.933333 0.128 0.0188178
0.933333 0.132 0.00650929
0.933333 0.136 0.00801155
0.933333 0.14 0.0205055
0.933333 0.144 -0.00157074
0.933333 0.148 0.0274056
0.933333 0.152 0.0172008
0.933333 0.156 0.0395346
0.933333 0.16 0.0291288
0.933333 0.164 0.0383178
0.933333 0.168 0.0874949
0.933333 0.172 0.0803412
0.933333 0.176 0.0604644
0.933333 0.18 0.0853528
0.933333 0.184 0.100394
0.933333 0.188 0.085183
0.933333 0.192 0.0856735
0.933333 0.196 0.0390497
0.933333 0.2 0.0786553
0.933333 0.204 0.129913
0.933333 0.208 0.155399
0.933333 0.212 0.0977863
0.933333 0.216 0.0900389
0.933333 0.22 0.107294
0.933333 0.224 0.120662
0.933333 0.228 0.0729762
0.933333 0.232 0.124452
0.933333 0.236 0.108684
0.933333 0.24 0.112274
0.933333 0.244 0.149834
0.933333 0.248 0.101602
0.933333 0.252 0.115638
0.933333 0.256 0.0958817
0.933333 0.26 0.163906
0.933333 0.264 0.130415
0.933333 0.268 0.121473
0.933333 0.272 0.160113
0.933333 0.276 0.185726
0.933333 0.28 0.219901
0.933333 0.284 0.168576
0.933333 0.288 0.211062
0.933333 0.292 0.203956
0.933333 0.296 0.202122
0.933333 0.3 0.251932
0.933333 0.304 0.244935
0.933333 0.308 0.173286
0.933333 0.312 0.175762
0.933333 0.316 0.120209
0.933333 0.32 0.232512
0.933333 0.324 0.219738
0.933333 0.328 0.191308
0.933333 0.332 0.164438
0.933333 0.336 0.208209
0.933333 0.34 0.212917
0.933333 0.344 0.235332
0.933333 0.348 0.197145
0.933333 0.352 0.213955
0.933333 0.356 0.205516
0.933333 0.36 0.259444
0.933333 0.364 0.15432
0.933333 0.368 0.204529
0.933333 0.372 0.171784
0.933333 0.376 0.16914
0.933333 0.38 0.145675
0.933333 0.384 0.174858
0.933333 0.388 0.150461
0.933333 0.392 0.184117
0.933333 0.396 0.137972
0.933333 0.4 0.151731
0.933333 0.404 0.0893706
0.933333 0.408 0.117817
0.933333 0.412 0.124878
0.933333 0.416 0.090495
0.933333 0.42 0.0866912
0.933333 0.424 0.0782279
0.933333 0.428 0.0826958
0.933333 0.432 0.0959911
0.933333 0.436 0.0724151
0.933333 0.44 0.0702592
0.933333 0.444 0.080031
0.933333 0.448 0.0671365
0.933333 0.452 0.0993583
0.933333 0.456 0.0660736
0.933333 0.46 0.0887159
0.933333 0.464 0.046682
0.933333 0.468 0.0722168
0.933333 0.472 0.0619624
0.933333 0.476 0.0623877
0.933333 0.48 0.0694155
0.933333 0.484 0.0725653
0.933333 0.488 0.0631623
0.933333 0.492 0.0694737
0.933333 0.496 0.0841959
0.933333 0.5 0.0527071
0.933333 0.504 0.0622614
0.933333 0.508 0.056937
0.933333 0.512 0.0635488
0.933333 0.516 0.0588513
0.933333 0.52 0.0371996
0.933333 0.524 0.0241221
0.933333 0.528 0.0358734
0.933333 0.532 0.03876
0.933333 0.536 0.0460657
0.933333 0.54 0.0292627
0.933333 0.544 0.0303998
0.933333 0.548 0.0327511
0.933333 0.552 0.0262708
0.933333 0.556 0.0343962
0.933333 0.56 0.0368348
0.933333 0.564 0.0347557
0.933333 0.568 0.0117724
0.933333 0.572 0.0230148
0.933333 0.576 0.0249403
0.933333 0.58 0.0304721
0.933333 0.584 0.0320555
0.933333 0.588 0.0367549
0.933333 0.592 0.0250049
0.933333 0.596 0.0191046
0.933333 0.6 0.0183513
0.933333 0.604 0.0264446
0.933333 0.608 0.0209197
0.933333 0.612 0.0212041
0.933333 0.616 0.0216672
0.933333 0.62 0.0240756
0.933333 0.624 0.0197808
0.933333 0.628 0.0235202
0.933333 0.632 0.0200106
0.933333 0.636 0.0130502
0.933333 0.64 0.0192739
0.933333 0.644 0.0254395
0.933333 0.648 0.028396
0.933333 0.652 0.0211827
0.933333 0.656 0.0209605
0.933333 0.66 0.012303
0.933333 0.664 0.0179723
0.933333 0.668 0.0176384
0.933333 0.672 0.0171859
0.933333 0.676 0.00822537
0.933333 0.68 0.026761
0.933333 0.684 0.0172284
0.933333 0.688 0.0188903
0.933333 0.692 0.0189252
0.933333 0.696 0.00415837
0.933333 0.7 0.0114628
0.933333 0.704 0.00514349
0.933333 0.708 0.00804321
0.933333 0.712 0.0150321
0.933333 0.716 0.0182844
0.933333 0.72 0.00549211
0.933333 0.724 0.0175365
0.933333 0.728 0.00772338
0.933333 0.732 0.019392
0.933333 0.736 0.0126465
0.933333 0.74 0.0151336
0.933333 0.744 0.00675224
0.933333 0.748 0.0085176
0.933333 0.752 0.00356349
0.933333 0.756 0.00997743
0.933333 0.76 0.00656542
0.933333 0.764 0.00689784
0.933333 0.768 -0.000968036
0.933333 0.772 0.00724387
0.933333 0.776 0.00164903
0.933333 0.78 0.007983
0.933333 0.784 0.00189381
0.933333 0.788 0.0054148
0.933333 0.792 0.0135756
0.933333 0.796 0.00950362
0.933333 0.8 0.000516212
0.95 0 0.02079
0.95 0.004 0.0222557
0.95 0.008 0.0251058
0.95 0.012 0.0271118
0.95 0.016 0.0271118
0.95 0.02 0.0325075
0.95 0.024 0.0329284
0.95 0.028 0.0306414
0.95 0.032 0.0327497
0.95 0.036 0.0366473
0.95 0.04 0.0350844
0.95 0.044 0.037314
0.95 0.048 0.0334504
0.95 0.052 0.0365315
0.95 0.056 0.0210129
0.95 0.06 0.0415245
0.95 0.064 0.0202446
0.95 0.068 0.0189506
0.95 0.072 0.0222843
0.95 0.076 0.03849
0.95 0.08 0.0186363
0.95 0.084 0.0316614
0.95 0.088 0.0125568
0.95 0.092 0.00768363
0.95 0.096 0.00774694
0.95 0.1 -0.00141164
0.95 0.104 -0.0155276
0.95 0.108 0.0247229
0.95 0.112 0.0192382
0.95 0.116 0.0221287
0.95 0.12 -0.0120928
0.95 0.124 0.00979472
0.95 0.128 0.0123621
0.95 0.132 0.0195536
0.95 0.136 -0.00563691
0.95 0.14 0.0328814
0.95 0.144 -0.00471736
0.95 0.148 0.0144123
0.95 0.152 0.00476406
0.95 0.156 0.0306832
0.95 0.16 0.0324093
0.95 0.164 0.0361463
0.95 0.168 0.0782151
0.95 0.172 0.0759539
0.95 0.176 0.0709227
0.95 0.18 0.0427251
0.95 0.184 0.0590879
0.95 0.188 0.0975196
0.95 0.192 0.0800147
0.95 0.196 0.0566909
0.95 0.2 0.064531
0.95 0.204 0.118302
0.95 0.208 0.131714
0.95 0.212 0.0643444
0.95 0.216 0.0653544
0.95 0.22 0.0748923
0.95 0.224 0.126021
0.95 0.228 0.0478905
0.95 0.232 0.11422
0.95 0.236 0.145222
0.95 0.24 0.0810687
0.95 0.244 0.161685
0.95 0.248 0.104441
0.95 0.252 0.108005
0.95 0.256 0.0932055
0.95 0.26 0.128182
0.95 0.264 0.148822
0.95 0.268 0.13097
0.95 0.272 0.174978
0.95 0.276 0.222605
0.95 0.28 0.226261
0.95 0.284 0.184256
0.95 0.288 0.16715
0.95 0.292 0.184455
0.95 0.296 0.220321
0.95 0.3 0.212905
0.95 0.304 0.240342
0.95 0.308 0.193429
0.95 0.312 0.209635
0.95 0.316 0.128653
0.95 0.32 0.226576
0.95 0.324 0.224436
0.95 0.328 0.198965
0.95 0.332 0.199744
0.95 0.336 0.165745
0.95 0.34 0.181741
0.95 0.344 0.222733
0.95 0.348 0.212698
0.95 0.352 0.218624
0.95 0.356 0.207601
0.95 0.36 0.26979
0.95 0.364 0.162845
0.95 0.368 0.235614
0.95 0.372 0.193976
0.95 0.376 0.166129
0.95 0.38 0.14486
0.95 0.384 0.161331
0.95 0.388 0.161848
0.95 0.392 0.155864
0.95 0.396 0.138608
0.95 0.4 0.146641
0.95 0.404 0.0828512
0.95 0.408 0.125028
0.95 0.412 0.126452
0.95 0.416 0.0890837
0.95 0.42 0.0979338
0.95 0.424 0.081253
0.95 0.428 0.0747692
0.95 0.432 0.0913901
0.95 0.436 0.0706305
0.95 0.44 0.0784251
0.95 0.444 0.101219
0.95 0.448 0.0944545
0.95 0.452 0.0828509
0.95 0.456 0.0581972
0.95 0.46 0.0768721
0.95 0.464 0.0651888
0.95 0.468 0.0801995
0.95 0.472 0.0685499
0.95 0.476 0.0612461
0.95 0.48 0.0746462
0.95 0.484 0.0744618
0.95 0.488 0.058021
0.95 0.492 0.0623075
0.95 0.496 0.0659564
0.95 0.5 0.0532227
0.95 0.504 0.0693339
0.95 0.508 0.0427463
0.95 0.512 0.0637804
0.95 0.516 0.044111
0.95 0.52 0.0265939
0.95 0.524 0.0359423
0.95 0.528 0.0302442
0.95 0.532 0.0425949
0.95 0.536 0.0443683
0.95 0.54 0.0289592
0.95 0.544 0.0293043
0.95 0.548 0.0311825
0.95 0.552 0.0188891
0.95 0.556 0.0340128
0.95 0.56 0.0323097
0.95 0.564 0.0360609
0.95 0.568 0.0217599
0.95 0.572 0.0199862
0.95 0.576 0.0224409
0.95 0.58 0.0274357
0.95 0.584 0.0302372
0.95 0.588 0.0307422
0.95 0.592 0.024507
0.95 0.596 0.0196112
0.95 0.6 0.0164924
0.95 0.604 0.0351545
0.95 0.608 0.0210573
0.95 0.612 0.0249334
0.95 0.616 0.0190873
0.95 0.62 0.0248371
0.95 0.624 0.0180287
0.95 0.628 0.0221644
0.95 0.632 0.0154477
0.95 0.636 0.0201396
0.95 0.64 0.0181352
0.95 0.644 0.0197738
0.95 0.648 0.0242791
0.95 0.652 0.0234208
0.95 0.656 0.0259742
0.95 0.66 0.0196933
0.95 0.664 0.0200084
0.95 0.668 0.0126971
0.95 0.672 0.0161529
0.95 0.676 0.0124317
0.95 0.68 0.0227837
0.95 0.684 0.0176022
0.95 0.688 0.0160591
0.95 0.692 0.0209151
0.95 0.696 0.00417347
0.95 0.7 0.0116562
0.95 0.704 0.00486018
0.95 0.708 0.0100921
0.95 0.712 0.0150714
0.95 0.716 0.0186103
0.95 0.72 0.00750079
0.95 0.724 0.0173084
0.95 0.728 0.00518455
0.95 0.732 0.0155799
0.95 0.736 0.00965612
0.95 0.74 0.0169394
0.95 0.744 0.0103436
0.95 0.748 0.00717202
0.95 0.752 0.00431469
0.95 0.756 0.00745764
0.95 0.76 0.00569529
0.95 0.764 0.00673864
0.95 0.768 0.00203362
0.95 0.772 0.00607531
0.95 0.776 -0.00201116
0.95 0.78 0.00375527
0.95 0.784 0.0028101
0.95 0.788 0.00766286
0.95 0.792 0.0116698
0.95 0.796 0.00603203
0.95 0.8 0.00115629
0.966667 0 0.0198749
0.966667 0.004 0.0215052
0.966667 0.008 0.0244239
0.966667 0.012 0.0266718
0.966667 0.016 0.0266718
0.966667 0.02 0.0319362
0.966667 0.024 0.0320293
0.966667 0.028 0.02834
0.966667 0.032 0.0319034
0.966667 0.036 0.0336682
0.966667 0.04 0.0381156
0.966667 0.044 0.0331653
0.966667 0.048 0.0317003
0.966667 0.052 0.0358083
0.966667 0.056 0.0198714
0.966667 0.06 0.0323012
0.966667 0.064 0.015937
0.966667 0.068 0.0139125
0.966667 0.072 0.0175774
0.966667 0.076 0.0390598
0.966667 0.08 0.0158402
0.966667 0.084 0.0234274
0.966667 0.088 0.00676808
0.966667 0.092 -0.00383084
0.966667 0.096 0.00452741
0.966667 0.1 0.00411637
0.966667 0.104 -0.0312649
0.966667 0.108 0.0207764
0.966667 0.112 0.0163725
0.966667 0.116 -0.00530579
0.966667 0.12 -0.0114894
0.966667 0.124 0.0219913
0.966667 0.128 0.019988
0.966667 0.132 0.022468
0.966667 0.136 -0.0124336
0.966667 0.14 0.0379447
0.966667 0.144 0.00266423
0.966667 0.148 0.00761907
0.966667 0.152 -0.0064788
0.966667 0.156 0.0237702
0.966667 0.16 0.0037619
0.966667 0.164 0.0384176
0.966667 0.168 0.0642703
0.966667 0.172 0.0606031
0.966667 0.176 0.0819569
0.966667 0.18 0.0521384
0.966667 0.184 0.0200925
0.966667 0.188 0.0950583
0.966667 0.192 0.0821929
0.966667 0.196 0.111123
0.966667 0.2 0.0655083
0.966667 0.204 0.108531
0.966667 0.208 0.0625644
0.966667 0.212 0.0538824
0.966667 0.216 0.0682939
0.966667 0.22 0.0735311
0.966667 0.224 0.126255
0.966667 0.228 0.0698285
0.966667 0.232 0.113428
0.966667 0.236 0.130262
0.966667 0.24 0.0424868
0.966667 0.244 0.18378
0.966667 0.248 0.109583
0.966667 0.252 0.119271
0.966667 0.256 0.0768026
0.966667 0.26 0.12659
0.966667 0.264 0.175348
0.966667 0.268 0.136465
0.966667 0.272 0.187058
0.966667 0.276 0.174852
0.966667 0.28 0.197592
0.966667 0.284 0.193521
0.966667 0.288 0.151138
0.966667 0.292 0.186799
0.966667 0.296 0.222531
0.966667 0.3 0.184952
0.966667 0.304 0.198787
0.966667 0.308 0.219495
0.966667 0.312 0.226997
0.966667 0.316 0.183875
0.966667 0.32 0.242744
0.966667 0.324 0.242937
0.966667 0.328 0.206451
0.966667 0.332 0.228356
0.966667 0.336 0.158847
0.966667 0.34 0.164224
0.966667 0.344 0.184848
0.966667 0.348 0.242639
0.966667 0.352 0.224281
0.966667 0.356 0.216024
0.966667 0.36 0.253584
0.966667 0.364 0.173997
0.966667 0.368 0.237309
0.966667 0.372 0.209878
0.966667 0.376 0.165225
0.966667 0.38 0.147662
0.966667 0.384 0.142244
0.966667 0.388 0.177109
0.966667 0.392 0.120129
0.966667 0.396 0.129997
0.966667 0.4 0.10856
0.966667 0.404 0.0877342
0.966667 0.408 0.131671
0.966667 0.412 0.124099
0.966667 0.416 0.0849268
0.966667 0.42 0.105659
0.966667 0.424 0.0779607
0.966667 0.428 0.0747677
0.966667 0.432 0.0758473
0.966667 0.436 0.0628302
0.966667 0.44 0.0733397
0.966667 0.444 0.115372
0.966667 0.448 0.108079
0.966667 0.452 0.0741693
0.966667 0.456 0.0506401
0.966667 0.46 0.0560784
0.966667 0.464 0.0951796
0.966667 0.468 0.0819711
0.966667 0.472 0.0768938
0.966667 0.476 0.0646515
0.966667 0.48 0.0722792
0.966667 0.484 0.0744265
0.966667 0.488 0.0560754
0.966667 0.492 0.0397191
0.966667 0.496 0.0362807
0.966667 0.5 0.060607
0.966667 0.504 0.0701769
0.966667 0.508 0.0328136
0.966667 0.512 0.0547447
0.966667 0.516 0.0347034
0.966667 0.52 0.0326662
0.966667 0.524 0.0434134
0.966667 0.528 0.0237237
0.966667 0.532 0.0382028
0.966667 0.536 0.0411213
0.966667 0.54 0.0328242
0.966667 0.544 0.0406451
0.966667 0.548 0.0293268
0.966667 0.552 0.0251487
0.966667 0.556 0.0321297
0.966667 0.56 0.0276633
0.966667 0.564 0.0337589
0.966667 0.568 0.036182
0.966667 0.572 0.0186283
0.966667 0.576 0.0227103
0.966667 0.58 0.0245101
0.966667 0.584 0.0300517
0.966667 0.588 0.024841
0.966667 0.592 0.0285551
0.966667 0.596 0.0272433
0.966667 0.6 0.0181128
0.966667 0.604 0.0406
0.966667 0.608 0.0268494
0.966667 0.612 0.0284972
0.966667 0.616 0.0180233
0.966667 0.62 0.0181685
0.966667 0.624 0.017424
0.966667 0.628 0.0192661
0.966667 0.632 0.0191679
0.966667 0.636 0.0250334
0.966667 0.64 0.0182686
0.966667 0.644 0.0164286
0.966667 0.648 0.00956508
0.966667 0.652 0.0189077
0.966667 0.656 0.0262955
0.966667 0.66 0.0285329
0.966667 0.664 0.0221411
0.966667 0.668 0.00487868
0.966667 0.672 0.0169581
0.966667 0.676 0.0203152
0.966667 0.68 0.0209819
0.966667 0.684 0.0194971
0.966667 0.688 0.00424079
0.966667 0.692 0.0173904
0.966667 0.696 0.0100495
0.966667 0.7 0.0116023
0.966667 0.704 0.00471568
0.966667 0.708 0.0126881
0.966667 0.712 0.0148233
0.966667 0.716 0.0169531
0.966667 0.72 0.0080265
0.966667 0.724 0.0127941
0.966667 0.728 0.00581185
0.966667 0.732 0.0147967
0.966667 0.736 0.00773974
0.966667 0.74 0.0197743
0.966667 0.744 0.0101166
0.966667 0.748 0.00266019
0.966667 0.752 0.00887335
0.966667 0.756 0.00297802
0.966667 0.76 0.00725526
0.966667 0.764 0.00812236
0.966667 0.768 0.00739601
0.966667 0.772 0.00749618
0.966667 0.776 -0.00446828
0.966667 0.78 0.00204568
0.966667 0.784 0.00374143
0.966667 0.788 0.0091749
0.966667 0.792 0.00739274
0.966667 0.796 0.00247761
0.966667 0.8 0.00191414
0.983333 0 0.0194601
0.983333 0.004 0.0212077
0.983333 0.008 0.0241616
0.983333 0.012 0.0263013
0.983333 0.016 0.0263013
0.983333 0.02 0.0316224
0.983333 0.024 0.0314135
0.983333 0.028 0.0266227
0.983333 0.032 0.031669
0.983333 0.036 0.0314497
0.983333 0.04 0.0386785
0.983333 0.044 0.0301217
0.983333 0.048 0.0294741
0.983333 0.052 0.0291377
0.983333 0.056 0.0202212
0.983333 0.06 0.0306757
0.983333 0.064 0.0164963
0.983333 0.068 0.0104037
0.983333 0.072 0.0155456
0.983333 0.076 0.0290973
0.983333 0.08 0.019248
0.983333 0.084 0.0184137
0.983333 0.088 0.0116513
0.983333 0.092 -0.0146838
0.983333 0.096 0.00465037
0.983333 0.1 0.00220237
0.983333 0.104 -0.0213102
0.983333 0.108 0.0205354
0.983333 0.112 0.0197602
0.983333 0.116 -0.00793657
0.983333 0.12 -0.00750523
0.983333 0.124 0.0255582
0.983333 0.128 0.0312448
0.983333 0.132 0.0153315
0.983333 0.136 -0.00491618
0.983333 0.14 0.0246033
0.983333 0.144 0.0119413
0.983333 0.148 0.0163182
0.983333 0.152 -0.00329098
0.983333 0.156 0.0311275
0.983333 0.16 -0.0183719
0.983333 0.164 0.0484541
0.983333 0.168 0.0541156
0.983333 0.172 0.0538973
0.983333 0.176 0.0825775
0.983333 0.18 0.0866435
0.983333 0.184 0.0354644
0.983333 0.188 0.0775942
0.983333 0.192 0.0842587
0.983333 0.196 0.114501
0.983333 0.2 0.0794295
0.983333 0.204 0.0944929
0.983333 0.208 0.0498598
0.983333 0.212 0.0822421
0.983333 0.216 0.082457
0.983333 0.22 0.0825369
0.983333 0.224 0.11168
0.983333 0.228 0.102324
0.983333 0.232 0.106125
0.983333 0.236 0.0779573
0.983333 0.24 0.0559883
0.983333 0.244 0.184491
0.983333 0.248 0.120081
0.983333 0.252 0.140276
0.983333 0.256 0.094382
0.983333 0.26 0.14693
0.983333 0.264 0.174198
0.983333 0.268 0.134503
0.983333 0.272 0.188868
0.983333 0.276 0.122982
0.983333 0.28 0.159281
0.983333 0.284 0.197309
0.983333 0.288 0.184217
0.983333 0.292 0.212963
0.983333 0.296 0.192628
0.983333 0.3 0.20673
0.983333 0.304 0.186205
0.983333 0.308 0.229362
0.983333 0.312 0.211787
0.983333 0.316 0.214269
0.983333 0.32 0.255269
0.983333 0.324 0.241093
0.983333 0.328 0.212295
0.983333 0.332 0.232888
0.983333 0.336 0.180772
0.983333 0.34 0.178484
0.983333 0.344 0.183248
0.983333 0.348 0.253558
0.983333 0.352 0.224009
0.983333 0.356 0.221702
0.983333 0.36 0.236466
0.983333 0.364 0.186502
0.983333 0.368 0.228511
0.983333 0.372 0.203792
0.983333 0.376 0.179406
0.983333 0.38 0.155032
0.983333 0.384 0.145339
0.983333 0.388 0.182113
0.983333 0.392 0.131306
0.983333 0.396 0.122334
0.983333 0.4 0.106584
0.983333 0.404 0.102375
0.983333 0.408 0.139506
0.983333 0.412 0.122082
0.983333 0.416 0.0869857
0.983333 0.42 0.102766
0.983333 0.424 0.0835876
0.983333 0.428 0.0827831
0.983333 0.432 0.0732862
0.983333 0.436 0.0665711
0.983333 0.44 0.0680085
0.983333 0.444 0.103994
0.983333 0.448 0.0944189
0.983333 0.452 0.0841826
0.983333 0.456 0.0622085
0.983333 0.46 0.0595811
0.983333 0.464 0.0984244
0.983333 0.468 0.0763838
0.983333 0.472 0.0799878
0.983333 0.476 0.0726259
0.983333 0.48 0.0703906
0.983333 0.484 0.0727268
0.983333 0.488 0.0620038
0.983333 0.492 0.037365
0.983333 0.496 0.0381578
0.983333 0.5 0.0660494
0.983333 0.504 0.0614495
0.983333 0.508 0.0429527
0.983333 0.512 0.0488418
0.983333 0.516 0.0425146
0.983333 0.52 0.0457843
0.983333 0.524 0.0397155
0.983333 0.528 0.0274442
0.983333 0.532 0.0337681
0.983333 0.536 0.0409528
0.983333 0.54 0.0372527
0.983333 0.544 0.0495382
0.983333 0.548 0.0309682
0.983333 0.552 0.0337946
0.983333 0.556 0.0335187
0.983333 0.56 0.0282857
0.983333 0.564 0.0304055
0.983333 0.568 0.0422495
0.983333 0.572 0.0200437
0.983333 0.576 0.0249196
0.983333 0.58 0.0227652
0.983333 0.584 0.0304555
0.983333 0.588 0.024024
0.983333 0.592 0.030551
0.983333 0.596 0.0290171
0.983333 0.6 0.0201893
0.983333 0.604 0.0373507
0.983333 0.608 0.033695
0.983333 0.612 0.0259438
0.983333 0.616 0.0176141
0.983333 0.62 0.0165213
0.983333 0.624 0.0208067
0.983333 0.628 0.0190329
0.983333 0.632 0.0229051
0.983333 0.636 0.0213771
0.983333 0.64 0.0225359
0.983333 0.644 0.0200407
0.983333 0.648 0.00413735
0.983333 0.652 0.0139259
0.983333 0.656 0.0223625
0.983333 0.66 0.0258483
0.983333 0.664 0.0198003
0.983333 0.668 0.0031016
0.983333 0.672 0.0182411
0.983333 0.676 0.0198592
0.983333 0.68 0.0216355
0.983333 0.684 0.0199677
0.983333 0.688 -0.000287284
0.983333 0.692 0.0128865
0.983333 0.696 0.012799
0.983333 0.7 0.0139985
0.983333 0.704 0.00565207
0.983333 0.708 0.0122651
0.983333 0.712 0.0143278
0.983333 0.716 0.0139657
0.983333 0.72 0.00676937
0.983333 0.724 0.00820463
0.983333 0.728 0.00828694
0.983333 0.732 0.0161995
0.983333 0.736 0.00449081
0.983333 0.74 0.0167226
0.983333 0.744 0.00466621
0.983333 0.748 0.00146035
0.983333 0.752 0.0119882
0.983333 0.756 0.00359953
0.983333 0.76 0.00835663
0.983333 0.764 0.00943562
0.983333 0.768 0.0089346
0.983333 0.772 0.00455347
0.983333 0.776 -0.00198286
0.983333 0.78 0.00152702
0.983333 0.784 0.00503519
0.983333 0.788 0.00795278
0.983333 0.792 0.00445186
0.983333 0.796 0.00156933
0.983333 0.8 0.00283203
1 0 0.0199266
1 0.004 0.0217543
1 0.008 0.024717
1 0.012 0.026475
1 0.016 0.026475
1 0.02 0.0318521
1 0.024 0.0313742
1 0.028 0.0259157
1 0.032 0.0319247
1 0.036 0.0305339
1 0.04 0.0378632
1 0.044 0.0292734
1 0.048 0.0275947
1 0.052 0.0206951
1 0.056 0.0223806
1 0.06 0.0342075
1 0.064 0.019669
1 0.068 0.00810022
1 0.072 0.0164024
1 0.076 0.0149599
1 0.08 0.0248838
1 0.084 0.0185736
1 0.088 0.0187812
1 0.092 -0.0140505
1 0.096 0.0068184
1 0.1 0.000582964
1 0.104 0.00495346
1 0.108 0.0212292
1 0.112 0.0234178
1 0.116 0.0113556
1 0.12 -0.00385923
1 0.124 0.0148512
1 0.128 0.0380049
1 0.132 0.00735075
1 0.136 0.0103325
1 0.14 0.00149976
1 0.144 0.0181653
1 0.148 0.0355241
1 0.152 0.011619
1 0.156 0.0478643
1 0.16 -0.00880168
1 0.164 0.0614448
1 0.168 0.0492717
1 0.172 0.0606399
1 0.176 0.0748721
1 0.18 0.104179
1 0.184 0.0941973
1 0.188 0.0621006
1 0.192 0.0843518
1 0.196 0.04732
1 0.2 0.0979866
1 0.204 0.0739436
1 0.208 0.117119
1 0.212 0.127426
1 0.216 0.0912057
1 0.22 0.0830545
1 0.224 0.0925634
1 0.228 0.112155
1 0.232 0.0873578
1 0.236 0.0390567
1 0.24 0.119485
1 0.244 0.161551
1 0.248 0.13637
1 0.252 0.161909
1 0.256 0.151666
1 0.26 0.156101
1 0.264 0.146923
1 0.268 0.133584
1 0.272 0.187101
1 0.276 0.145235
1 0.28 0.134418
1 0.284 0.200082
1 0.288 0.236824
1 0.292 0.242171
1 0.296 0.145449
1 0.3 0.261907
1 0.304 0.22182
1 0.308 0.219028
1 0.312 0.179745
1 0.316 0.191543
1 0.32 0.247208
1 0.324 0.209446
1 0.328 0.215192
1 0.332 0.22219
1 0.336 0.201767
1 0.34 0.208043
1 0.344 0.227173
1 0.348 0.237561
1 0.352 0.21805
1 0.356 0.218345
1 0.36 0.236852
1 0.364 0.200007
1 0.368 0.23251
1 0.372 0.185103
1 0.376 0.203433
1 0.38 0.162343
1 0.384 0.168269
1 0.388 0.175384
1 0.392 0.182198
1 0.396 0.120825
1 0.4 0.157608
1 0.404 0.1179
1 0.408 0.148644
1 0.412 0.120882
1 0.416 0.0942715
1 0.42 0.0922272
1 0.424 0.10083
1 0.428 0.0917197
1 0.432 0.0875738
1 0.436 0.0840309
1 0.44 0.0705547
1 0.444 0.0770185
1 0.448 0.0674798
1 0.452 0.102721
1 0.456 0.0883952
1 0.46 0.089092
1 0.464 0.0728215
1 0.468 0.0696549
1 0.472 0.0772971
1 0.476 0.0805851
1 0.48 0.0757372
1 0.484 0.0699874
1 0.488 0.0712214
1 0.492 0.0620337
1 0.496 0.0728439
1 0.5 0.0655481
1 0.504 0.0492371
1 0.508 0.0654465
1 0.512 0.049911
1 0.516 0.0596788
1 0.52 0.0514301
1 0.524 0.0307388
1 0.528 0.0409361
1 0.532 0.0346886
1 0.536 0.0444583
1 0.54 0.0383963
1 0.544 0.0472481
1 0.548 0.0350467
1 0.552 0.0354358
1 0.556 0.0382757
1 0.56 0.0331446
1 0.564 0.028377
1 0.568 0.0379788
1 0.572 0.0230861
1 0.576 0.0270445
1 0.58 0.0219489
1 0.584 0.0289585
1 0.588 0.0268873
1 0.592 0.0262946
1 0.596 0.021183
1 0.6 0.0206326
1 0.604 0.0297372
1 0.608 0.0362213
1 0.612 0.0189045
1 0.616 0.0172459
1 0.62 0.0250234
1 0.624 0.0267276
1 0.628 0.0219584
1 0.632 0.0202765
1 0.636 0.0115434
1 0.64 0.0284701
1 0.644 0.0272776
1 0.648 0.0132778
1 0.652 0.0128811
1 0.656 0.0177214
1 0.66 0.0136315
1 0.664 0.0140183
1 0.668 0.00760175
1 0.672 0.0189949
1 0.676 0.0102097
1 0.68 0.0232746
1 0.684 0.0181404
1 0.688 0.00734766
1 0.692 0.0114054
1 0.696 0.00932133
1 0.7 0.0176971
1 0.704 0.00714391
1 0.708 0.00924413
1 0.712 0.01358
1 0.716 0.0111289
1 0.72 0.00600309
1 0.724 0.0067792
1 0.728 0.00935345
1 0.732 0.018125
1 0.736 -0.000382882
1 0.74 0.00864126
1 0.744 -0.00204145
1 0.748 0.00528743
1 0.752 0.0119687
1 0.756 0.0101754
1 0.76 0.00769708
1 0.764 0.00967965
1 0.768 0.00591893
1 0.772 -0.00407341
1 0.776 0.00361006
1 0.78 0.000799533
1 0.784 0.00650067
1 0.788 0.004542
1 0.792 0.00426608
1 0.796 0.00315158
1 0.8 0.00421173
  
